# https://github.com/mikedh/trimesh
v -0.28791813 -0.08991559 -0.01007044
v -0.28492588 -0.10200668 -0.01007044
v -0.28492588 -0.08991559 -0.03236564
v -0.28850510 -0.08991559 0.02262122
v -0.28492588 -0.10437965 0.02262122
v -0.28529104 -0.08991559 0.05531288
v -0.28492588 -0.09139281 0.05531288
v -0.28492588 -0.08991559 0.05702455
v -0.28788299 -0.05722393 -0.04276214
v -0.28492588 -0.07943483 -0.04276214
v -0.28492588 -0.05722393 -0.05464733
v -0.29223493 -0.05722393 -0.01007044
v -0.29281369 -0.05722393 0.02262122
v -0.28963859 -0.05722393 0.05531288
v -0.28492588 -0.05722393 0.07737597
v -0.28843835 -0.02453223 -0.04276214
v -0.28492588 -0.02453223 -0.05687818
v -0.29278294 -0.02453223 -0.01007044
v -0.29336036 -0.02453223 0.02262122
v -0.29019008 -0.02453223 0.05531288
v -0.28492588 -0.02453223 0.07995250
v -0.28519427 0.00815943 -0.04276214
v -0.28492588 0.00815943 -0.04384159
v -0.28957901 0.00815943 -0.01007044
v -0.29016172 0.00815943 0.02262122
v -0.28696113 0.00815943 0.05531288
v -0.28492588 0.00815943 0.06484725
v -0.28492588 0.00941289 -0.04276214
v -0.28492588 0.02986494 -0.01007044
v -0.28492588 0.03257715 0.02262122
v -0.28492588 0.01765895 0.05531288
v -0.25314644 -0.15529896 -0.07545380
v -0.25223422 -0.15703173 -0.07545380
v -0.25223422 -0.15529896 -0.07770704
v -0.26223878 -0.15529896 -0.04276214
v -0.25223422 -0.17429016 -0.04276214
v -0.26702191 -0.15529896 -0.01007044
v -0.25223422 -0.18337171 -0.01007044
v -0.26766511 -0.15529896 0.02262122
v -0.25223422 -0.18461787 0.02262122
v -0.26419230 -0.15529896 0.05531288
v -0.25223422 -0.17805757 0.05531288
v -0.25647784 -0.15529896 0.08800454
v -0.25223422 -0.16339491 0.08800454
v -0.25223422 -0.15529896 0.09961455
v -0.25308199 -0.12260725 -0.10814546
v -0.25223422 -0.12471149 -0.10814546
v -0.25223422 -0.12260725 -0.10974566
v -0.26631153 -0.12260725 -0.07545380
v -0.27505805 -0.12260725 -0.04276214
v -0.27964124 -0.12260725 -0.01007044
v -0.28025183 -0.12260725 0.02262122
v -0.27691676 -0.12260725 0.05531288
v -0.26949346 -0.12260725 0.08800454
v -0.25223422 -0.13619910 0.12069619
v -0.25769745 -0.12260725 0.12069619
v -0.25223422 -0.12260725 0.13181467
v -0.26212625 -0.08991559 -0.10814546
v -0.25223422 -0.08991559 -0.12679685
v -0.27501327 -0.08991559 -0.07545380
v -0.28349983 -0.08991559 -0.04276214
v -0.27809441 -0.08991559 0.08800454
v -0.26661363 -0.08991559 0.12069619
v -0.25223422 -0.08991559 0.14991486
v -0.26686728 -0.05722393 -0.10814546
v -0.25223422 -0.05722393 -0.13571809
v -0.27955946 -0.05722393 -0.07545380
v -0.28258504 -0.05722393 0.08800454
v -0.27128472 -0.05722393 0.12069619
v -0.25223422 -0.07803084 0.15338795
v -0.25532811 -0.05722393 0.15338795
v -0.25223422 -0.05722393 0.15841565
v -0.26746952 -0.02453223 -0.10814546
v -0.25223422 -0.02453223 -0.13685091
v -0.28013587 -0.02453223 -0.07545380
v -0.28315271 -0.02453223 0.08800454
v -0.27187574 -0.02453223 0.12069619
v -0.25594687 -0.02453223 0.15338795
v -0.25223422 -0.02453223 0.15942048
v -0.26395480 0.00815943 -0.10814546
v -0.25223422 0.00815943 -0.13024091
v -0.27676681 0.00815943 -0.07545380
v -0.27982084 0.00815943 0.08800454
v -0.26840675 0.00815943 0.12069619
v -0.25231514 0.00815943 0.15338795
v -0.25223422 0.00815943 0.15351942
v -0.25619789 0.04085109 -0.10814546
v -0.25223422 0.04085109 -0.11562629
v -0.26930995 0.04085109 -0.07545380
v -0.27796695 0.04085109 -0.04276214
v -0.28249719 0.04085109 -0.01007044
v -0.28309695 0.04085109 0.02262122
v -0.27979386 0.04085109 0.05531288
v -0.27244079 0.04085109 0.08800454
v -0.26074470 0.04085109 0.12069619
v -0.25223422 0.04085109 0.13800255
v -0.25223422 0.00849733 0.15338795
v -0.25223422 0.05167138 -0.10814546
v -0.25223422 0.07354274 -0.08842507
v -0.25748506 0.07354274 -0.07545380
v -0.26646001 0.07354274 -0.04276214
v -0.27117157 0.07354274 -0.01007044
v -0.27179515 0.07354274 0.02262122
v -0.26835500 0.07354274 0.05531288
v -0.26071997 0.07354274 0.08800454
v -0.25223422 0.07354274 0.11117481
v -0.25223422 0.06404180 0.12069619
v -0.25223422 0.08423070 -0.07545380
v -0.25223422 0.10244594 -0.04276214
v -0.25223422 0.10623440 -0.02989108
v -0.25520308 0.10623440 -0.01007044
v -0.25585220 0.10623440 0.02262122
v -0.25224773 0.10623440 0.05531288
v -0.25223422 0.10623440 0.05536950
v -0.25223422 0.09078341 0.08800454
v -0.25223422 0.11106895 -0.01007044
v -0.25223422 0.11212190 0.02262122
v -0.25223422 0.10625646 0.05531288
v -0.22039119 -0.22068227 -0.04276214
v -0.21954251 -0.22167302 -0.04276214
v -0.21954251 -0.22068227 -0.04543067
v -0.22603679 -0.22068227 -0.01007044
v -0.21954251 -0.22831315 -0.01007044
v -0.22687167 -0.22068227 0.02262122
v -0.21954251 -0.22935927 0.02262122
v -0.22292476 -0.22068227 0.05531288
v -0.21954251 -0.22471832 0.05531288
v -0.21954251 -0.22068227 0.06795570
v -0.23436519 -0.18799061 -0.07545380
v -0.21954251 -0.20815689 -0.07545380
v -0.21954251 -0.18799061 -0.10760323
v -0.24434015 -0.18799061 -0.04276214
v -0.24957667 -0.18799061 -0.01007044
v -0.25029578 -0.18799061 0.02262122
v -0.24652966 -0.18799061 0.05531288
v -0.21954251 -0.21358060 0.08800454
v -0.23811523 -0.18799061 0.08800454
v -0.22472537 -0.18799061 0.12069619
v -0.21954251 -0.19515932 0.12069619
v -0.21954251 -0.18799061 0.13000303
v -0.23889840 -0.15529896 -0.10814546
v -0.21954251 -0.18757909 -0.10814546
v -0.21954251 -0.15529896 -0.14024819
v -0.24393871 -0.15529896 0.12069619
v -0.21954251 -0.16613520 0.15338795
v -0.22597750 -0.15529896 0.15338795
v -0.21954251 -0.15529896 0.16259854
v -0.23417605 -0.12260725 -0.14083716
v -0.21954251 -0.15451459 -0.14083716
v -0.21954251 -0.12260725 -0.16053860
v -0.24067300 -0.12260725 0.15338795
v -0.21954251 -0.12260725 0.18358700
v -0.21980952 -0.08991559 -0.17352882
v -0.21954251 -0.09076455 -0.17352882
v -0.21954251 -0.08991559 -0.17383188
v -0.24408928 -0.08991559 -0.14083716
v -0.25037503 -0.08991559 0.15338795
v -0.21954251 -0.11685815 0.18607961
v -0.22800354 -0.08991559 0.18607961
v -0.21954251 -0.08991559 0.19617234
v -0.22533969 -0.05722393 -0.17352882
v -0.21954251 -0.05722393 -0.18010889
v -0.24926665 -0.05722393 -0.14083716
v -0.23341407 -0.05722393 0.18607961
v -0.21954251 -0.05722393 0.20262222
v -0.22604333 -0.02453223 -0.17352882
v -0.21954251 -0.02453223 -0.18090758
v -0.24992355 -0.02453223 -0.14083716
v -0.23409828 -0.02453223 0.18607961
v -0.21954251 -0.02453223 0.20343733
v -0.22194480 0.00815943 -0.17352882
v -0.21954251 0.00815943 -0.17625588
v -0.24608916 0.00815943 -0.14083716
v -0.23007661 0.00815943 0.18607961
v -0.21954251 0.00815943 0.19864327
v -0.21954251 0.01699373 -0.17352882
v -0.21954251 0.04085109 -0.16514895
v -0.23760049 0.04085109 -0.14083716
v -0.24399012 0.04085109 0.15338795
v -0.22120301 0.04085109 0.18607961
v -0.21954251 0.04085109 0.18806053
v -0.22413812 0.07354274 -0.14083716
v -0.21954251 0.07354274 -0.14703063
v -0.24360773 0.07354274 -0.10814546
v -0.24848653 0.07354274 0.12069619
v -0.23074439 0.07354274 0.15338795
v -0.21954251 0.07354274 0.16940447
v -0.21954251 0.04483910 0.18607961
v -0.21954251 0.08178966 -0.14083716
v -0.21954251 0.10623440 -0.11827123
v -0.22563205 0.10623440 -0.10814546
v -0.24044275 0.10623440 -0.07545380
v -0.25020569 0.10623440 -0.04276214
v -0.24394635 0.10623440 0.08800454
v -0.23072530 0.10623440 0.12069619
v -0.21954251 0.10623440 0.14071410
v -0.21954251 0.09357478 0.15338795
v -0.21954251 0.11499118 -0.10814546
v -0.21954251 0.13621605 -0.07545380
v -0.21954251 0.13892616 -0.06924849
v -0.22788849 0.13892616 -0.04276214
v -0.23332222 0.13892616 -0.01007044
v -0.23402557 0.13892616 0.02262122
v -0.23002295 0.13892616 0.05531288
v -0.22116916 0.13892616 0.08800454
v -0.21954251 0.13892616 0.09191684
v -0.21954251 0.12222848 0.12069619
v -0.21954251 0.14898547 -0.04276214
v -0.21954251 0.15549321 -0.01007044
v -0.21954251 0.15630604 0.02262122
v -0.21954251 0.15148648 0.05531288
v -0.21954251 0.14087405 0.08800454
v -0.18815850 -0.25337398 -0.04276214
v -0.18685086 -0.25457149 -0.04276214
v -0.18685086 -0.25337398 -0.04625137
v -0.19495770 -0.25337398 -0.01007044
v -0.18685086 -0.26099487 -0.01007044
v -0.19623212 -0.25337398 0.02262122
v -0.18685086 -0.26245720 0.02262122
v -0.19202564 -0.25337398 0.05531288
v -0.18685086 -0.25852556 0.05531288
v -0.18685086 -0.25337398 0.07263948
v -0.19166812 -0.22068227 -0.10814546
v -0.18685086 -0.22548851 -0.10814546
v -0.18685086 -0.22068227 -0.11503197
v -0.20899854 -0.22068227 -0.07545380
v -0.18685086 -0.24288920 -0.07545380
v -0.21365578 -0.22068227 0.08800454
v -0.18685086 -0.24876839 0.08800454
v -0.19844907 -0.22068227 0.12069619
v -0.18685086 -0.23290999 0.12069619
v -0.18685086 -0.22068227 0.13874711
v -0.19693972 -0.18799061 -0.14083716
v -0.18685086 -0.19980304 -0.14083716
v -0.18685086 -0.18799061 -0.15255330
v -0.21926381 -0.18799061 -0.10814546
v -0.20485742 -0.18799061 0.15338795
v -0.18685086 -0.20956417 0.15338795
v -0.18685086 -0.18799061 0.17564047
v -0.19127464 -0.15529896 -0.17352882
v -0.18685086 -0.16166691 -0.17352882
v -0.18685086 -0.15529896 -0.17785966
v -0.21914145 -0.15529896 -0.14083716
v -0.20080524 -0.15529896 0.18607961
v -0.18685086 -0.17559098 0.18607961
v -0.18685086 -0.15529896 0.20044651
v -0.20848767 -0.12260725 -0.17352882
v -0.18685086 -0.12260725 -0.19471473
v -0.21755404 -0.12260725 0.18607961
v -0.18685086 -0.12260725 0.21767668
v -0.18685086 -0.08991559 -0.20582257
v -0.19763157 -0.08991559 0.21877126
v -0.18685086 -0.11953823 0.21877126
v -0.18685086 -0.08991559 0.22830229
v -0.19283164 -0.05722393 -0.20622048
v -0.18685086 -0.08770346 -0.20622048
v -0.18685086 -0.05722393 -0.21128790
v -0.20388495 -0.05722393 0.21877126
v -0.18685086 -0.05722393 0.23383231
v -0.19364909 -0.02453223 -0.20622048
v -0.18685086 -0.02453223 -0.21198075
v -0.20467505 -0.02453223 0.21877126
v -0.18685086 -0.02453223 0.23453094
v -0.18889227 0.00815943 -0.20622048
v -0.18685086 0.00815943 -0.20795010
v -0.20002612 0.00815943 0.21877126
v -0.18685086 0.00815943 0.23041908
v -0.18685086 0.01463757 -0.20622048
v -0.21241344 0.04085109 -0.17352882
v -0.18685086 0.04085109 -0.19856411
v -0.18976305 0.04085109 0.21877126
v -0.18685086 0.04085109 0.22134522
v -0.19699472 0.07354274 -0.17352882
v -0.18685086 0.07354274 -0.18346540
v -0.20623004 0.07354274 0.18607961
v -0.18685086 0.07354274 0.20601998
v -0.18685086 0.04688324 0.21877126
v -0.18685086 0.08925602 -0.17352882
v -0.20418061 0.10623440 -0.14083716
v -0.18685086 0.10623440 -0.16099261
v -0.21156758 0.10623440 0.15338795
v -0.18685086 0.10623440 0.18386532
v -0.18685086 0.10342853 0.18607961
v -0.18685086 0.12776958 -0.14083716
v -0.20054276 0.13892616 -0.10814546
v -0.18685086 0.13892616 -0.12782464
v -0.21738939 0.13892616 -0.07545380
v -0.20621472 0.13892616 0.12069619
v -0.18685086 0.13892616 0.15058217
v -0.18685086 0.13671417 0.15338795
v -0.18685086 0.15328237 -0.10814546
v -0.18685086 0.17082609 -0.07545380
v -0.19787457 0.17161781 -0.04276214
v -0.18685086 0.17161781 -0.07325675
v -0.20405954 0.17161781 -0.01007044
v -0.20480500 0.17161781 0.02262122
v -0.20013024 0.17161781 0.05531288
v -0.18985509 0.17161781 0.08800454
v -0.18685086 0.17161781 0.09422555
v -0.18685086 0.15891045 0.12069619
v -0.18685086 0.18174110 -0.04276214
v -0.18685086 0.18729337 -0.01007044
v -0.18685086 0.18785785 0.02262122
v -0.18685086 0.18356105 0.05531288
v -0.18685086 0.17430778 0.08800454
v -0.15571772 -0.28606564 -0.01007044
v -0.15415920 -0.28744991 -0.01007044
v -0.15415920 -0.28606564 -0.01546411
v -0.15898916 -0.28606564 0.02262122
v -0.15415920 -0.29093541 0.02262122
v -0.15581630 -0.28606564 0.05531288
v -0.15415920 -0.28792893 0.05531288
v -0.15415920 -0.28606564 0.06077941
v -0.17424728 -0.25337398 -0.07545380
v -0.15415920 -0.26863210 -0.07545380
v -0.15415920 -0.25337398 -0.10661768
v -0.15415920 -0.28007220 -0.04276214
v -0.18165473 -0.25337398 0.08800454
v -0.15415920 -0.27846422 0.08800454
v -0.16392520 -0.25337398 0.12069619
v -0.15415920 -0.26231694 0.12069619
v -0.15415920 -0.25337398 0.13368904
v -0.16556206 -0.22068227 -0.14083716
v -0.15415920 -0.23019248 -0.14083716
v -0.15415920 -0.22068227 -0.15193454
v -0.15415920 -0.25257877 -0.10814546
v -0.17581826 -0.22068227 0.15338795
v -0.15415920 -0.24015532 0.15338795
v -0.15415920 -0.22068227 0.17593741
v -0.16528713 -0.18799061 -0.17352882
v -0.15415920 -0.19890954 -0.17352882
v -0.15415920 -0.18799061 -0.18266647
v -0.17680839 -0.18799061 0.18607961
v -0.15415920 -0.21085029 0.18607961
v -0.15415920 -0.18799061 0.20566565
v -0.15415920 -0.15529896 -0.20445877
v -0.16541359 -0.15529896 0.21877126
v -0.15415920 -0.16905154 0.21877126
v -0.15415920 -0.15529896 0.22712177
v -0.17263896 -0.12260725 -0.20622048
v -0.15415920 -0.15177540 -0.20622048
v -0.15415920 -0.12260725 -0.21936276
v -0.18556927 -0.12260725 0.21877126
v -0.15415920 -0.12260725 0.24209221
v -0.18635913 -0.08991559 -0.20622048
v -0.15415920 -0.08991559 -0.22913812
v -0.15490919 -0.08991559 0.25146292
v -0.15415920 -0.09164693 0.25146292
v -0.15415920 -0.08991559 0.25195092
v -0.15415920 -0.05722393 -0.23424554
v -0.16252646 -0.05722393 0.25146292
v -0.15415920 -0.05722393 0.25690911
v -0.15415920 -0.02453223 -0.23489500
v -0.16348895 -0.02453223 0.25146292
v -0.15415920 -0.02453223 0.25753584
v -0.15415920 0.00815943 -0.23111575
v -0.15782325 0.00815943 0.25146292
v -0.15415920 0.00815943 0.25384706
v -0.17739407 0.04085109 -0.20622048
v -0.15415920 0.04085109 -0.22275207
v -0.15415920 0.04085109 0.24545884
v -0.15415920 0.01789860 0.25146292
v -0.15876893 0.07354274 -0.20622048
v -0.15415920 0.07354274 -0.20949827
v -0.17192410 0.07354274 0.21877126
v -0.15415920 0.07354274 0.23195078
v -0.15415920 0.07954320 -0.20622048
v -0.17398600 0.10623440 -0.17352882
v -0.15415920 0.10623440 -0.18984085
v -0.18471683 0.10623440 0.18607961
v -0.15415920 0.10623440 0.21247129
v -0.15415920 0.09653772 0.21877126
v -0.15415920 0.12697032 -0.17352882
v -0.17618939 0.13892616 -0.14083716
v -0.15415920 0.13892616 -0.16239745
v -0.18471897 0.13892616 0.15338795
v -0.15415920 0.13892616 0.18501261
v -0.15415920 0.13785916 0.18607961
v -0.15415920 0.15846551 -0.14083716
v -0.16591004 0.17161781 -0.10814546
v -0.15415920 0.17161781 -0.12246348
v -0.18594184 0.17161781 -0.07545380
v -0.17202498 0.17161781 0.12069619
v -0.15415920 0.17161781 0.14381854
v -0.15415920 0.16538324 0.15338795
v -0.15415920 0.18098881 -0.10814546
v -0.15415920 0.19670972 -0.07545380
v -0.15745307 0.20430947 -0.04276214
v -0.15415920 0.20430947 -0.05082535
v -0.16437940 0.20430947 -0.01007044
v -0.16487198 0.20430947 0.02262122
v -0.15888996 0.20430947 0.05531288
v -0.15415920 0.20430947 0.06767012
v -0.15415920 0.19878155 0.08800454
v -0.15415920 0.18501884 0.12069619
v -0.15415920 0.20682156 -0.04276214
v -0.15415920 0.21183045 -0.01007044
v -0.15415920 0.21193786 0.02262122
v -0.15415920 0.20759017 0.05531288
v -0.12753941 -0.31875729 0.02262122
v -0.12146749 -0.33015085 0.02262122
v -0.12146749 -0.31875729 0.00290193
v -0.12917718 -0.31875729 0.05531288
v -0.12146749 -0.33858691 0.05531288
v -0.12146749 -0.31875729 0.08738449
v -0.12513551 -0.28606564 -0.07545380
v -0.12146749 -0.28831472 -0.07545380
v -0.12146749 -0.28606564 -0.07988298
v -0.14463438 -0.28606564 -0.04276214
v -0.12146749 -0.30207824 -0.04276214
v -0.12146749 -0.31470535 -0.01007044
v -0.14493080 -0.28606564 0.08800454
v -0.12146749 -0.31850441 0.08800454
v -0.12498613 -0.28606564 0.12069619
v -0.12146749 -0.29047988 0.12069619
v -0.12146749 -0.28606564 0.12470197
v -0.15294913 -0.25337398 -0.10814546
v -0.12146749 -0.27235420 -0.10814546
v -0.12146749 -0.25337398 -0.13837893
v -0.13592826 -0.25337398 0.15338795
v -0.12146749 -0.26461887 0.15338795
v -0.12146749 -0.25337398 0.16568322
v -0.12622303 -0.22068227 -0.17352882
v -0.12146749 -0.22386720 -0.17352882
v -0.12146749 -0.22068227 -0.17667160
v -0.12146749 -0.25169558 -0.14083716
v -0.14194117 -0.22068227 0.18607961
v -0.12146749 -0.23564340 0.18607961
v -0.12146749 -0.22068227 0.20038053
v -0.12146749 -0.18799061 -0.20385859
v -0.13489898 -0.18799061 0.21877126
v -0.12146749 -0.19893814 0.21877126
v -0.12146749 -0.18799061 0.22680516
v -0.15142145 -0.15529896 -0.20622048
v -0.12146749 -0.18442710 -0.20622048
v -0.12146749 -0.15529896 -0.22339584
v -0.12146749 -0.15529896 0.24627481
v -0.12146749 -0.12260725 -0.23745163
v -0.12146749 -0.14364097 0.25146292
v -0.13789916 -0.12260725 0.25146292
v -0.12146749 -0.12260725 0.26008488
v -0.13639487 -0.08991559 -0.23891219
v -0.12146749 -0.11756189 -0.23891219
v -0.12146749 -0.08991559 -0.24646018
v -0.12146749 -0.08991559 0.26910232
v -0.14567187 -0.05722393 -0.23891219
v -0.12146749 -0.05722393 -0.25116015
v -0.12146749 -0.05722393 0.27382372
v -0.14685243 -0.02453223 -0.23891219
v -0.12146749 -0.02453223 -0.25175905
v -0.12146749 -0.02453223 0.27441961
v -0.13998640 0.00815943 -0.23891219
v -0.12146749 0.00815943 -0.24827965
v -0.12146749 0.00815943 0.27090918
v -0.12481689 0.04085109 -0.23891219
v -0.12146749 0.04085109 -0.24060476
v -0.14373581 0.04085109 0.25146292
v -0.12146749 0.04085109 0.26315151
v -0.12146749 0.04555521 -0.23891219
v -0.12146749 0.07354274 -0.22810192
v -0.12146749 0.07354274 0.25084345
v -0.12146749 0.07201306 0.25146292
v -0.12877407 0.10623440 -0.20622048
v -0.12146749 0.10623440 -0.21041111
v -0.14488511 0.10623440 0.21877126
v -0.12146749 0.10623440 0.23277410
v -0.12146749 0.11241465 -0.20622048
v -0.13984977 0.13892616 -0.17352882
v -0.12146749 0.13892616 -0.18575511
v -0.15286577 0.13892616 0.18607961
v -0.12146749 0.13892616 0.20793483
v -0.12146749 0.12576679 0.21877126
v -0.12146749 0.15219542 -0.17352882
v -0.13550518 0.17161781 -0.14083716
v -0.12146749 0.17161781 -0.15204616
v -0.14500599 0.17161781 0.15338795
v -0.12146749 0.17161781 0.17301075
v -0.12146749 0.16082626 0.18607961
v -0.12146749 0.18095320 -0.14083716
v -0.12146749 0.20228663 -0.10814546
v -0.14225649 0.20430947 -0.07545380
v -0.12146749 0.20430947 -0.10389511
v -0.14475707 0.20430947 0.08800454
v -0.12146749 0.20430947 0.12033385
v -0.12146749 0.20415890 0.12069619
v -0.12146749 0.18582240 0.15338795
v -0.12146749 0.21891766 -0.07545380
v -0.12146749 0.22871774 -0.04276214
v -0.12146749 0.23238514 -0.01007044
v -0.12146749 0.23126267 0.02262122
v -0.12146749 0.22617282 0.05531288
v -0.12146749 0.21724093 0.08800454
v -0.09660535 -0.38414066 0.02262122
v -0.08877583 -0.39404945 0.02262122
v -0.08877583 -0.38414066 0.01050450
v -0.10442719 -0.38414066 0.05531288
v -0.08877583 -0.40478897 0.05531288
v -0.09819348 -0.38414066 0.08800454
v -0.08877583 -0.39660039 0.08800454
v -0.08877583 -0.38414066 0.10311437
v -0.09274695 -0.35144900 -0.01007044
v -0.08877583 -0.35758002 -0.01007044
v -0.08877583 -0.35144900 -0.01450024
v -0.11208012 -0.35144900 0.02262122
v -0.11756670 -0.35144900 0.05531288
v -0.11146055 -0.35144900 0.08800454
v -0.08877583 -0.35561781 0.12069619
v -0.09070339 -0.35144900 0.12069619
v -0.08877583 -0.35144900 0.12260141
v -0.09273225 -0.31875729 -0.04276214
v -0.08877583 -0.32192007 -0.04276214
v -0.08877583 -0.31875729 -0.04685681
v -0.11638904 -0.31875729 -0.01007044
v -0.12131463 -0.31875729 0.08800454
v -0.10054749 -0.31875729 0.12069619
v -0.08877583 -0.31875729 0.13183129
v -0.09005890 -0.28606564 -0.10814546
v -0.08877583 -0.28662524 -0.10814546
v -0.08877583 -0.28606564 -0.10905696
v -0.08877583 -0.30394497 -0.07545380
v -0.08877583 -0.28606564 0.15284495
v -0.11802524 -0.25337398 -0.14083716
v -0.08877583 -0.26650695 -0.14083716
v -0.08877583 -0.25337398 -0.15811058
v -0.08877583 -0.28560738 0.15338795
v -0.08887217 -0.25337398 0.18607961
v -0.08877583 -0.25343026 0.18607961
v -0.08877583 -0.25337398 0.18613069
v -0.08877583 -0.24031372 -0.17352882
v -0.08877583 -0.22068227 -0.19290963
v -0.08877583 -0.22068227 0.21708222
v -0.11654744 -0.18799061 -0.20622048
v -0.08877583 -0.20457853 -0.20622048
v -0.08877583 -0.18799061 -0.21825223
v -0.08877583 -0.21868273 0.21877126
v -0.08877583 -0.18799061 0.24130364
v -0.08877583 -0.15529896 -0.23691646
v -0.08877583 -0.17065957 0.25146292
v -0.10939918 -0.15529896 0.25146292
v -0.08877583 -0.15529896 0.25964424
v -0.11790589 -0.12260725 -0.23891219
v -0.08877583 -0.15062611 -0.23891219
v -0.08877583 -0.12260725 -0.25005683
v -0.08877583 -0.12260725 0.27275711
v -0.08877583 -0.08991559 -0.25870523
v -0.08877583 -0.08991559 0.28141707
v -0.08877583 -0.05722393 -0.26322717
v -0.08877583 -0.07023469 0.28415458
v -0.09375694 -0.05722393 0.28415458
v -0.08877583 -0.05722393 0.28591533
v -0.08877583 -0.02453223 -0.26380282
v -0.09535165 -0.02453223 0.28415458
v -0.08877583 -0.02453223 0.28647933
v -0.08877583 0.00815943 -0.26045801
v -0.08877583 0.00815943 0.28314745
v -0.08877583 -0.00156704 0.28415458
v -0.08877583 0.04085109 -0.25306102
v -0.08877583 0.04085109 0.27570659
v -0.09516604 0.07354274 -0.23891219
v -0.08877583 0.07354274 -0.24135466
v -0.12002531 0.07354274 0.25146292
v -0.08877583 0.07354274 0.26386866
v -0.08877583 0.07862000 -0.23891219
v -0.08877583 0.10623440 -0.22446030
v -0.08877583 0.10623440 0.24703531
v -0.08877583 0.09819612 0.25146292
v -0.08877583 0.13313977 -0.20622048
v -0.08877583 0.13892616 -0.20176246
v -0.10010002 0.13892616 0.21877126
v -0.08877583 0.13892616 0.22388633
v -0.08877583 0.16974717 -0.17352882
v -0.08877583 0.17161781 -0.17147218
v -0.10023733 0.17161781 0.18607961
v -0.08877583 0.17161781 0.19210460
v -0.08877583 0.14489090 0.21877126
v -0.08877583 0.19791717 -0.14083716
v -0.11751924 0.20430947 -0.10814546
v -0.08877583 0.20430947 -0.13129831
v -0.12112286 0.20430947 0.12069619
v -0.08877583 0.20430947 0.14612754
v -0.08877583 0.20023648 0.15338795
v -0.08877583 0.17683457 0.18607961
v -0.08877583 0.22293709 -0.10814546
v -0.09429416 0.23700113 -0.07545380
v -0.08877583 0.23700113 -0.08311437
v -0.10791522 0.23700113 -0.04276214
v -0.11291342 0.23700113 -0.01007044
v -0.10945011 0.23700113 0.02262122
v -0.09660769 0.23700113 0.05531288
v -0.08877583 0.23700113 0.06676411
v -0.08877583 0.23084877 0.08800454
v -0.08877583 0.21775242 0.12069619
v -0.08877583 0.24559597 -0.07545380
v -0.08877583 0.26105498 -0.04276214
v -0.08877583 0.25827803 -0.01007044
v -0.08877583 0.25014150 0.02262122
v -0.08877583 0.24094952 0.05531288
v -0.06160202 -0.41683231 0.02262122
v -0.05608418 -0.42001782 0.02262122
v -0.05608418 -0.41683231 0.01736303
v -0.07496496 -0.41683231 0.05531288
v -0.05608418 -0.42802436 0.05531288
v -0.06547279 -0.41683231 0.08800454
v -0.05608418 -0.42235556 0.08800454
v -0.05608418 -0.41683231 0.09771067
v -0.06717888 -0.38414066 -0.01007044
v -0.05608418 -0.39276099 -0.01007044
v -0.05608418 -0.38414066 -0.01725174
v -0.07185383 -0.38414066 0.12069619
v -0.05608418 -0.39760103 0.12069619
v -0.05608418 -0.38414066 0.13085653
v -0.05608418 -0.35144900 -0.03636502
v -0.05608418 -0.35144900 0.14340100
v -0.05608418 -0.34229168 -0.04276214
v -0.05608418 -0.31875729 -0.06794414
v -0.05608418 -0.31875729 0.15063974
v -0.05608418 -0.29623132 -0.10814546
v -0.05608418 -0.28606564 -0.12456743
v -0.05608418 -0.31448231 -0.07545380
v -0.05608418 -0.31282511 0.15338795
v -0.08777840 -0.28606564 0.15338795
v -0.05608418 -0.28606564 0.16732013
v -0.05608418 -0.27604914 -0.14083716
v -0.05608418 -0.25337398 -0.17065597
v -0.05608418 -0.26655063 0.18607961
v -0.05608418 -0.25337398 0.19770394
v -0.05608418 -0.25094310 -0.17352882
v -0.05608418 -0.22068227 -0.20342048
v -0.05608418 -0.23093580 0.21877126
v -0.08375510 -0.22068227 0.21877126
v -0.05608418 -0.22068227 0.22717381
v -0.05608418 -0.21729463 -0.20622048
v -0.05608418 -0.18799061 -0.22749562
v -0.05608418 -0.18799061 0.25066862
v -0.08145269 -0.15529896 -0.23891219
v -0.05608418 -0.16785336 -0.23891219
v -0.05608418 -0.15529896 -0.24544112
v -0.05608418 -0.18663522 0.25146292
v -0.05608418 -0.15529896 0.26818427
v -0.05608418 -0.12260725 -0.25821150
v -0.05608418 -0.12260725 0.28095122
v -0.05608418 -0.08991559 -0.26662913
v -0.05608418 -0.11037619 0.28415458
v -0.07770782 -0.08991559 0.28415458
v -0.05608418 -0.08991559 0.28930478
v -0.05608418 -0.05722393 -0.27101927
v -0.05608418 -0.05722393 0.29366861
v -0.05608418 -0.02453223 -0.27157773
v -0.05608418 -0.02453223 0.29422010
v -0.05608418 0.00815943 -0.26833260
v -0.08470160 0.00815943 0.28415458
v -0.05608418 0.00815943 0.29097397
v -0.05608418 0.04085109 -0.26114088
v -0.05608418 0.04085109 0.28381505
v -0.05608418 0.03935033 0.28415458
v -0.05608418 0.07354274 -0.24972456
v -0.05608418 0.07354274 0.27230577
v -0.05608418 0.09599721 -0.23891219
v -0.05608418 0.10623440 -0.23356272
v -0.07327572 0.10623440 0.25146292
v -0.05608418 0.10623440 0.25605199
v -0.07492213 0.13892616 -0.20622048
v -0.05608418 0.13892616 -0.21175294
v -0.05608418 0.13892616 0.23371659
v -0.05608418 0.11353167 0.25146292
v -0.05608418 0.14597517 -0.20622048
v -0.08358481 0.17161781 -0.17352882
v -0.05608418 0.17161781 -0.18306252
v -0.05608418 0.17161781 0.20353912
v -0.05608418 0.15634977 0.21877126
v -0.05608418 0.18163741 -0.17352882
v -0.07160214 0.20430947 -0.14083716
v -0.05608418 0.20430947 -0.14784598
v -0.07472038 0.20430947 0.15338795
v -0.05608418 0.20430947 0.16128922
v -0.05608418 0.18674780 0.18607961
v -0.05608418 0.21242987 -0.14083716
v -0.06671017 0.23700113 -0.10814546
v -0.05608418 0.23700113 -0.11612269
v -0.06701236 0.23700113 0.08800454
v -0.05608418 0.23700113 0.09554738
v -0.05608418 0.22673930 0.12069619
v -0.05608418 0.20946464 0.15338795
v -0.05737378 0.26969279 -0.10814546
v -0.05608418 0.26969279 -0.10938145
v -0.07783719 0.26969279 -0.07545380
v -0.08393761 0.26969279 -0.04276214
v -0.07854890 0.26969279 -0.01007044
v -0.05942040 0.26969279 0.02262122
v -0.05608418 0.26969279 0.02639536
v -0.05608418 0.25414307 0.05531288
v -0.05608418 0.24044558 0.08800454
v -0.05874115 0.30238445 -0.10814546
v -0.05608418 0.30238445 -0.11095468
v -0.07663075 0.30238445 -0.07545380
v -0.07999719 0.30238445 -0.04276214
v -0.07047051 0.30238445 -0.01007044
v -0.05608418 0.30238445 0.00991777
v -0.05608418 0.27527781 0.02262122
v -0.05608418 0.31383911 -0.10814546
v -0.05608418 0.33507610 -0.10054132
v -0.06949996 0.33507610 -0.07545380
v -0.07233400 0.33507610 -0.04276214
v -0.06085217 0.33507610 -0.01007044
v -0.05608418 0.33507610 -0.00368100
v -0.05608418 0.35741083 -0.07545380
v -0.05608418 0.36177552 -0.04276214
v -0.05608418 0.34257455 -0.01007044
v -0.02339247 -0.42650723 0.02262122
v -0.02339247 -0.41683231 0.00690575
v -0.02339247 -0.43423358 0.05531288
v -0.02339247 -0.42882783 0.08800454
v -0.02339247 -0.41683231 0.10882504
v -0.02339247 -0.40157611 -0.01007044
v -0.02339247 -0.38414066 -0.02431938
v -0.02339247 -0.40679668 0.12069619
v -0.02339247 -0.38414066 0.13768566
v -0.02339247 -0.35144900 -0.04275436
v -0.02339247 -0.35144900 0.14944691
v -0.02708860 -0.31875729 -0.07545380
v -0.02339247 -0.31941754 -0.07545380
v -0.02339247 -0.31875729 -0.07636249
v -0.02339247 -0.35143678 -0.04276214
v -0.02339247 -0.33195805 0.15338795
v -0.04158933 -0.31875729 0.15338795
v -0.02339247 -0.31875729 0.15660410
v -0.02339247 -0.30085566 -0.10814546
v -0.02339247 -0.28606564 -0.13211868
v -0.02339247 -0.28606564 0.17335400
v -0.04102088 -0.25337398 -0.17352882
v -0.02339247 -0.25603907 -0.17352882
v -0.02339247 -0.25337398 -0.17652466
v -0.02339247 -0.28071602 -0.14083716
v -0.02339247 -0.27276820 0.18607961
v -0.02339247 -0.25337398 0.20322164
v -0.03857110 -0.22068227 -0.20622048
v -0.02339247 -0.22330211 -0.20622048
v -0.02339247 -0.22068227 -0.20846536
v -0.02339247 -0.23686387 0.21877126
v -0.02339247 -0.22068227 0.23207395
v -0.02339247 -0.18799061 -0.23207184
v -0.02339247 -0.19367966 0.25146292
v -0.05052207 -0.18799061 0.25146292
v -0.02339247 -0.18799061 0.25513127
v -0.02339247 -0.17591967 -0.23891219
v -0.02339247 -0.15529896 -0.24964364
v -0.02339247 -0.15529896 0.27241347
v -0.02339247 -0.12260725 -0.26225094
v -0.02339247 -0.12488794 0.28415458
v -0.03027955 -0.12260725 0.28415458
v -0.02339247 -0.12260725 0.28498755
v -0.02339247 -0.08991559 -0.27054478
v -0.02339247 -0.08991559 0.29320582
v -0.05117664 -0.05722393 -0.27160384
v -0.02339247 -0.08200057 -0.27160384
v -0.02339247 -0.05722393 -0.27486043
v -0.02339247 -0.05722393 0.29751837
v -0.05586500 -0.02453223 -0.27160384
v -0.02339247 -0.02453223 -0.27541078
v -0.02339247 -0.02453223 0.29806337
v -0.02865176 0.00815943 -0.27160384
v -0.02339247 0.00815943 -0.27221988
v -0.02339247 0.00815943 0.29485619
v -0.02339247 0.01108236 -0.27160384
v -0.02339247 0.04085109 -0.26514074
v -0.05334743 0.04085109 0.28415458
v -0.02339247 0.04085109 0.28778197
v -0.02339247 0.07354274 -0.25388086
v -0.02339247 0.07354274 0.27648360
v -0.02339247 0.05170709 0.28415458
v -0.02339247 0.10461869 -0.23891219
v -0.02339247 0.10623440 -0.23806871
v -0.02339247 0.10623440 0.26043844
v -0.02339247 0.13892616 -0.21659230
v -0.02339247 0.13892616 0.23859162
v -0.02339247 0.12050067 0.25146292
v -0.02339247 0.15221051 -0.20622048
v -0.02339247 0.17161781 -0.18880628
v -0.02339247 0.17161781 0.20920911
v -0.02339247 0.16203179 0.21877126
v -0.02339247 0.18811813 -0.17352882
v -0.02339247 0.20430947 -0.15585782
v -0.02339247 0.20430947 0.16825928
v -0.02339247 0.19167563 0.18607961
v -0.02339247 0.22499411 -0.14083716
v -0.02339247 0.23700113 -0.13130972
v -0.02339247 0.23700113 0.10712836
v -0.02339247 0.23132951 0.12069619
v -0.02339247 0.21405160 0.15338795
v -0.02339247 0.26969279 -0.13007053
v -0.02339247 0.26969279 0.04708124
v -0.02339247 0.26361242 0.05531288
v -0.02339247 0.24627264 0.08800454
v -0.02339247 0.30238445 -0.13312824
v -0.04044547 0.30238445 0.02262122
v -0.02339247 0.30238445 0.03287942
v -0.05011194 0.33507610 -0.10814546
v -0.02339247 0.33507610 -0.12696384
v -0.02339247 0.33507610 0.02238987
v -0.02339247 0.33429574 0.02262122
v -0.02339247 0.36416377 -0.10814546
v -0.04702396 0.36776786 -0.07545380
v -0.02339247 0.36776786 -0.10415778
v -0.05082503 0.36776786 -0.04276214
v -0.03275368 0.36776786 -0.01007044
v -0.02339247 0.36776786 -0.00228470
v -0.02339247 0.38375420 -0.07545380
v -0.02339247 0.38633685 -0.04276214
v -0.02339247 0.37392136 -0.01007044
v 0.00929919 -0.41932645 0.02262122
v 0.00929919 -0.41683231 0.01845571
v 0.00929919 -0.42728143 0.05531288
v 0.00929919 -0.42159153 0.08800454
v 0.00929919 -0.41683231 0.09641214
v 0.00929919 -0.39234288 -0.01007044
v 0.00929919 -0.38414066 -0.01711416
v 0.00929919 -0.39671153 0.12069619
v 0.00929919 -0.38414066 0.13030341
v 0.00929919 -0.35144900 -0.03786807
v 0.00929919 -0.35144900 0.14348369
v -0.00632500 -0.31875729 -0.07545380
v 0.00929919 -0.31875729 -0.07454655
v 0.00929919 -0.34524002 -0.04276214
v 0.00189861 -0.31875729 0.15338795
v 0.00929919 -0.31875729 0.15235466
v 0.00929919 -0.30059309 -0.10814546
v 0.00929919 -0.28606564 -0.13204993
v 0.00929919 -0.31827698 -0.07545380
v 0.00929919 -0.31683871 0.15338795
v 0.00929919 -0.28606564 0.17166353
v 0.00929919 -0.25611178 -0.17352882
v 0.00929919 -0.25337398 -0.17661193
v 0.00929919 -0.28070982 -0.14083716
v 0.00929919 -0.27180610 0.18607961
v 0.00929919 -0.25337398 0.20294513
v 0.00929919 -0.22341243 -0.20622048
v 0.00929919 -0.22068227 -0.20856103
v 0.00929919 -0.23675412 0.21877126
v 0.00929919 -0.22068227 0.23208961
v 0.00929919 -0.18799061 -0.23216613
v 0.00929919 -0.19377399 0.25146292
v 0.00929919 -0.18799061 0.25520078
v 0.00929919 -0.17608686 -0.23891219
v 0.00929919 -0.15529896 -0.24973162
v 0.00929919 -0.15529896 0.27249473
v 0.00929919 -0.12260725 -0.26233587
v 0.00929919 -0.12510960 0.28415458
v 0.00929919 -0.12260725 0.28506880
v 0.00929919 -0.08991559 -0.27062713
v 0.00929919 -0.08991559 0.29328688
v 0.00929919 -0.08261613 -0.27160384
v 0.00929919 -0.05722393 -0.27494150
v 0.00929919 -0.05722393 0.29759905
v 0.00929919 -0.02453223 -0.27549185
v 0.00929919 -0.02453223 0.29814405
v 0.00929919 0.00815943 -0.27230195
v 0.00929919 0.00815943 0.29493783
v 0.00929919 0.01147202 -0.27160384
v 0.00929919 0.04085109 -0.26522615
v 0.00929919 0.04085109 0.28786551
v 0.00929919 0.07354274 -0.25397171
v 0.00929919 0.07354274 0.27657154
v 0.00929919 0.05195677 0.28415458
v 0.00929919 0.10481958 -0.23891219
v 0.00929919 0.10623440 -0.23817389
v 0.00929919 0.10623440 0.26053125
v 0.00929919 0.13892616 -0.21673065
v 0.00929919 0.13892616 0.23869569
v 0.00929919 0.12064857 0.25146292
v 0.00929919 0.15243956 -0.20622048
v 0.00929919 0.17161781 -0.18908770
v 0.00929919 0.17161781 0.20933495
v 0.00929919 0.16215620 0.21877126
v 0.00929919 0.18870409 -0.17352882
v 0.00929919 0.20430947 -0.15687335
v 0.00929919 0.20430947 0.16844623
v 0.00929919 0.19179574 0.18607961
v 0.00929919 0.22876386 -0.14083716
v 0.00929919 0.23700113 -0.13512310
v 0.00929919 0.23700113 0.10792161
v 0.00929919 0.23157824 0.12069619
v 0.00929919 0.21420065 0.15338795
v 0.00929919 0.26969279 -0.13579891
v 0.00929919 0.26969279 0.05130710
v 0.00929919 0.26624910 0.05531288
v 0.00929919 0.24699542 0.08800454
v 0.00929919 0.30238445 -0.13911298
v 0.00929919 0.30238445 0.03866533
v 0.00929919 0.33507610 -0.13368131
v -0.02234138 0.33507610 0.02262122
v 0.00929919 0.33507610 0.02886200
v -0.01271860 0.36776786 -0.10814546
v 0.00929919 0.36776786 -0.11344867
v 0.00929919 0.36776786 0.00659305
v 0.00929919 0.34570400 0.02262122
v 0.00929919 0.37282105 -0.10814546
v 0.00929919 0.39050112 -0.07545380
v 0.00929919 0.39287686 -0.04276214
v 0.00929919 0.38112248 -0.01007044
v 0.01356257 -0.41683231 0.02262122
v 0.02658655 -0.41683231 0.05531288
v 0.01723035 -0.41683231 0.08800454
v 0.02019825 -0.38414066 -0.01007044
v 0.04199085 -0.38414066 0.01122995
v 0.04199085 -0.39293161 0.02262122
v 0.04199085 -0.40317664 0.05531288
v 0.04199085 -0.39501151 0.08800454
v 0.02403436 -0.38414066 0.12069619
v 0.04199085 -0.38414066 0.10154754
v 0.04199085 -0.36046276 -0.01007044
v 0.04199085 -0.35144900 -0.01784601
v 0.04199085 -0.35613641 0.12069619
v 0.04199085 -0.35144900 0.12308492
v 0.04199085 -0.33041934 -0.04276214
v 0.04199085 -0.31875729 -0.06102588
v 0.04199085 -0.31875729 0.13630568
v 0.04199085 -0.29567228 -0.10814546
v 0.04199085 -0.28606564 -0.12431341
v 0.04199085 -0.31216391 -0.07545380
v 0.04199085 -0.29754197 0.15338795
v 0.04199085 -0.28606564 0.16239269
v 0.02802209 -0.25337398 -0.17352882
v 0.04199085 -0.25337398 -0.17094599
v 0.04199085 -0.27607989 -0.14083716
v 0.04199085 -0.26460106 0.18607961
v 0.04199085 -0.25337398 0.19691479
v 0.02576981 -0.22068227 -0.20622048
v 0.04199085 -0.22068227 -0.20372993
v 0.04199085 -0.25119555 -0.17352882
v 0.04199085 -0.23077821 0.21877126
v 0.04199085 -0.22068227 0.22722966
v 0.04199085 -0.21767126 -0.20622048
v 0.04199085 -0.18799061 -0.22778234
v 0.03784853 -0.18799061 0.25146292
v 0.04199085 -0.18799061 0.25089061
v 0.04199085 -0.16836332 -0.23891219
v 0.04199085 -0.15529896 -0.24570813
v 0.04199085 -0.18701638 0.25146292
v 0.04199085 -0.15529896 0.26843176
v 0.04199085 -0.12260725 -0.25846963
v 0.01717965 -0.12260725 0.28415458
v 0.04199085 -0.12260725 0.28120195
v 0.04199085 -0.08991559 -0.26688010
v 0.04199085 -0.11133954 0.28415458
v 0.04199085 -0.08991559 0.28955083
v 0.03902867 -0.05722393 -0.27160384
v 0.04199085 -0.05722393 -0.27126613
v 0.04199085 -0.05722393 0.29391342
v 0.04199085 -0.03746139 -0.27160384
v 0.04199085 -0.02453223 -0.27182354
v 0.04199085 -0.02453223 0.29446510
v 0.04199085 -0.02228252 -0.27160384
v 0.01552268 0.00815943 -0.27160384
v 0.04199085 0.00815943 -0.26858333
v 0.04199085 0.00815943 0.29122174
v 0.04199085 0.04085109 -0.26140059
v 0.04128916 0.04085109 0.28415458
v 0.04199085 0.04085109 0.28407132
v 0.04199085 0.04048272 0.28415458
v 0.04199085 0.07354274 -0.25000021
v 0.04199085 0.07354274 0.27257321
v 0.04199085 0.09659673 -0.23891219
v 0.04199085 0.10623440 -0.23388210
v 0.04199085 0.10623440 0.25633346
v 0.04199085 0.13892616 -0.21216885
v 0.04199085 0.13892616 0.23403301
v 0.04199085 0.11398004 0.25146292
v 0.04199085 0.14658749 -0.20622048
v 0.04199085 0.17161781 -0.18389162
v 0.04199085 0.17161781 0.20392256
v 0.04199085 0.15672577 0.21877126
v 0.04199085 0.18300259 -0.17352882
v 0.04199085 0.20430947 -0.15074896
v 0.04199085 0.20430947 0.16186315
v 0.04199085 0.18710489 0.18607961
v 0.04199085 0.21887870 -0.14083716
v 0.04199085 0.23700113 -0.12746597
v 0.04199085 0.23700113 0.09815599
v 0.04199085 0.22741301 0.12069619
v 0.04199085 0.20988170 0.15338795
v 0.04199085 0.26969279 -0.12825684
v 0.04199085 0.26969279 0.04259921
v 0.04199085 0.25958124 0.05531288
v 0.04199085 0.24207819 0.08800454
v 0.04199085 0.30238445 -0.13199450
v 0.04199085 0.30238445 0.03111504
v 0.04199085 0.33507610 -0.12594698
v 0.03640984 0.33507610 0.02262122
v 0.04199085 0.33507610 0.02117594
v 0.04199085 0.33005470 0.02262122
v 0.04199085 0.36269232 -0.10814546
v 0.02881801 0.36776786 -0.10814546
v 0.04199085 0.36776786 -0.10253920
v 0.04199085 0.36776786 -0.00357530
v 0.04199085 0.38284208 -0.07545380
v 0.04199085 0.38544363 -0.04276214
v 0.04199085 0.37291395 -0.01007044
v 0.04930606 -0.38414066 0.02262122
v 0.05692347 -0.38414066 0.05531288
v 0.05049107 -0.38414066 0.08800454
v 0.04926577 -0.35144900 -0.01007044
v 0.06786417 -0.35144900 0.02262122
v 0.07248245 -0.35144900 0.05531288
v 0.06590167 -0.35144900 0.08800454
v 0.04451591 -0.35144900 0.12069619
v 0.06372491 -0.31875729 -0.04276214
v 0.07468250 -0.31875729 -0.02901194
v 0.07468250 -0.32729093 -0.01007044
v 0.07468250 -0.34085437 0.02262122
v 0.07468250 -0.34669141 0.05531288
v 0.07468250 -0.33231629 0.08800454
v 0.06067317 -0.31875729 0.12069619
v 0.07468250 -0.31875729 0.10148033
v 0.07468250 -0.28628452 -0.10814546
v 0.07468250 -0.28606564 -0.10852304
v 0.07468250 -0.30176888 -0.07545380
v 0.07468250 -0.31442292 -0.04276214
v 0.07468250 -0.30615959 0.12069619
v 0.05987047 -0.28606564 0.15338795
v 0.07468250 -0.28606564 0.14388137
v 0.07468250 -0.26670258 -0.14083716
v 0.07468250 -0.25337398 -0.15858989
v 0.07468250 -0.27971162 0.15338795
v 0.07170104 -0.25337398 0.18607961
v 0.07468250 -0.25337398 0.18481592
v 0.07468250 -0.24078410 -0.17352882
v 0.07468250 -0.22068227 -0.19343740
v 0.07468250 -0.25231424 0.18607961
v 0.07002441 -0.22068227 0.21877126
v 0.07468250 -0.22068227 0.21721465
v 0.07468250 -0.20523625 -0.20622048
v 0.07468250 -0.18799061 -0.21874209
v 0.07468250 -0.21886247 0.21877126
v 0.07468250 -0.18799061 0.24169081
v 0.06896133 -0.15529896 -0.23891219
v 0.07468250 -0.15529896 -0.23738679
v 0.07468250 -0.17138904 0.25146292
v 0.07468250 -0.15529896 0.26006846
v 0.07468250 -0.15172766 -0.23891219
v 0.07468250 -0.12260725 -0.25049818
v 0.07468250 -0.12260725 0.27318782
v 0.07468250 -0.08991559 -0.25913556
v 0.06512961 -0.08991559 0.28415458
v 0.07468250 -0.08991559 0.28184291
v 0.07468250 -0.05722393 -0.26365115
v 0.07468250 -0.07330457 0.28415458
v 0.07468250 -0.05722393 0.28633267
v 0.04296570 -0.02453223 -0.27160384
v 0.07468250 -0.02453223 -0.26422652
v 0.07468250 -0.02453223 0.28689715
v 0.07468250 0.00815943 -0.26088810
v 0.07228624 0.00815943 0.28415458
v 0.07468250 0.00815943 0.28357511
v 0.07468250 0.00256171 0.28415458
v 0.07468250 0.04085109 -0.25350514
v 0.07468250 0.04085109 0.27614665
v 0.07468250 0.07354274 -0.24182385
v 0.07468250 0.07354274 0.26432640
v 0.07468250 0.07960707 -0.23891219
v 0.07468250 0.10623440 -0.22500421
v 0.06063192 0.10623440 0.25146292
v 0.07468250 0.10623440 0.24753725
v 0.07468250 0.09910623 0.25146292
v 0.07468250 0.13408111 -0.20622048
v 0.06281193 0.13892616 -0.20622048
v 0.07468250 0.13892616 -0.20250635
v 0.07468250 0.13892616 0.22442703
v 0.07468250 0.17108828 -0.17352882
v 0.07317630 0.17161781 -0.17352882
v 0.07468250 0.17161781 -0.17295690
v 0.07468250 0.17161781 0.19276255
v 0.07468250 0.14552584 0.21877126
v 0.07468250 0.20113647 -0.14083716
v 0.06606312 0.20430947 -0.14083716
v 0.07468250 0.20430947 -0.13646661
v 0.06256148 0.20430947 0.15338795
v 0.07468250 0.20430947 0.14732629
v 0.07468250 0.20088211 0.15338795
v 0.07468250 0.17741910 0.18607961
v 0.07468250 0.23595314 -0.10814546
v 0.07334215 0.23700113 -0.10814546
v 0.07468250 0.23700113 -0.10686149
v 0.05808642 0.23700113 0.08800454
v 0.07468250 0.23700113 0.07419762
v 0.07468250 0.23245646 0.08800454
v 0.07468250 0.21867657 0.12069619
v 0.07074538 0.26969279 -0.10814546
v 0.07468250 0.26969279 -0.10333077
v 0.06776353 0.26969279 0.02262122
v 0.07468250 0.26969279 0.01527650
v 0.07468250 0.26398975 0.02262122
v 0.07468250 0.24543069 0.05531288
v 0.07463419 0.30238445 -0.10814546
v 0.07468250 0.30238445 -0.10808158
v 0.05504624 0.30238445 0.02262122
v 0.07468250 0.30238445 0.00540814
v 0.06625638 0.33507610 -0.10814546
v 0.07468250 0.33507610 -0.09687407
v 0.07468250 0.33507610 -0.00682354
v 0.07468250 0.35424977 -0.07545380
v 0.06344229 0.36776786 -0.07545380
v 0.07468250 0.35870497 -0.04276214
v 0.06712801 0.36776786 -0.04276214
v 0.07468250 0.33896234 -0.01007044
v 0.04949091 0.36776786 -0.01007044
v 0.08514618 -0.31875729 -0.01007044
v 0.09378084 -0.31875729 0.02262122
v 0.09314484 -0.31875729 0.05531288
v 0.08316907 -0.31875729 0.08800454
v 0.07520784 -0.28606564 -0.10814546
v 0.10737416 -0.28606564 -0.07827028
v 0.10737416 -0.28734206 -0.07545380
v 0.10737416 -0.29836434 -0.04276214
v 0.10737416 -0.30576506 -0.01007044
v 0.10737416 -0.30914501 0.02262122
v 0.10737416 -0.30710007 0.05531288
v 0.10737416 -0.29797331 0.08800454
v 0.10041595 -0.28606564 0.12069619
v 0.10737416 -0.28606564 0.11175676
v 0.10500014 -0.25337398 -0.14083716
v 0.10737416 -0.25337398 -0.13915265
v 0.10737416 -0.27236890 -0.10814546
v 0.10737416 -0.28212660 0.12069619
v 0.10737416 -0.26185844 0.15338795
v 0.10737416 -0.25337398 0.16414064
v 0.10737416 -0.22462217 -0.17352882
v 0.10737416 -0.22068227 -0.17743301
v 0.10737416 -0.25223542 -0.14083716
v 0.10737416 -0.23527833 0.18607961
v 0.10737416 -0.22068227 0.20063738
v 0.10398290 -0.18799061 -0.20622048
v 0.10737416 -0.18799061 -0.20461574
v 0.10737416 -0.19956267 0.21877126
v 0.10737416 -0.18799061 0.22738119
v 0.10737416 -0.18557091 -0.20622048
v 0.10737416 -0.15529896 -0.22408244
v 0.09666138 -0.15529896 0.25146292
v 0.10737416 -0.15529896 0.24692121
v 0.10539400 -0.12260725 -0.23891219
v 0.10737416 -0.12260725 -0.23811211
v 0.10737416 -0.14511604 0.25146292
v 0.10737416 -0.12260725 0.26071257
v 0.10737416 -0.11984348 -0.23891219
v 0.10737416 -0.08991559 -0.24708553
v 0.10737416 -0.08991559 0.26972475
v 0.10737416 -0.05722393 -0.25177776
v 0.08093101 -0.05722393 0.28415458
v 0.10737416 -0.05722393 0.27444090
v 0.10737416 -0.02453223 -0.25237637
v 0.08255007 -0.02453223 0.28415458
v 0.10737416 -0.02453223 0.27503717
v 0.10737416 0.00815943 -0.24890510
v 0.10737416 0.00815943 0.27153477
v 0.10737416 0.04085109 -0.24124801
v 0.10737416 0.04085109 0.26379266
v 0.10737416 0.04734976 -0.23891219
v 0.08241172 0.07354274 -0.23891219
v 0.10737416 0.07354274 -0.22880709
v 0.10737416 0.07354274 0.25153205
v 0.10737416 0.10623440 -0.21119433
v 0.10737416 0.10623440 0.23350653
v 0.10737416 0.07368024 0.25146292
v 0.10737416 0.11361712 -0.20622048
v 0.10737416 0.13892616 -0.18680725
v 0.08738548 0.13892616 0.21877126
v 0.10737416 0.13892616 0.20878633
v 0.10737416 0.12679501 0.21877126
v 0.10737416 0.15361855 -0.17352882
v 0.10737416 0.17161781 -0.15401439
v 0.08759152 0.17161781 0.18607961
v 0.10737416 0.17161781 0.17409884
v 0.10737416 0.16170706 0.18607961
v 0.10737416 0.18336923 -0.14083716
v 0.10737416 0.20430947 -0.11087614
v 0.10737416 0.20430947 0.12225567
v 0.10737416 0.18668469 0.15338795
v 0.10737416 0.20677114 -0.10814546
v 0.10737416 0.22794922 -0.07545380
v 0.09733805 0.23700113 -0.07545380
v 0.10737416 0.23700113 -0.04698308
v 0.10498744 0.23700113 0.02262122
v 0.10737416 0.23700113 0.01108454
v 0.10737416 0.23575120 0.02262122
v 0.10737416 0.22879184 0.05531288
v 0.08919234 0.23700113 0.05531288
v 0.10737416 0.21878675 0.08800454
v 0.10737416 0.20514597 0.12069619
v 0.09075765 0.26969279 -0.07545380
v 0.10737416 0.23969520 -0.04276214
v 0.09588255 0.26969279 -0.04276214
v 0.10737416 0.24143208 -0.01007044
v 0.08912828 0.26969279 -0.01007044
v 0.09212855 0.30238445 -0.07545380
v 0.09525772 0.30238445 -0.04276214
v 0.08539004 0.30238445 -0.01007044
v 0.08576651 0.33507610 -0.07545380
v 0.08850011 0.33507610 -0.04276214
v 0.07703351 0.33507610 -0.01007044
v 0.10965079 -0.28606564 -0.07545380
v 0.12813872 -0.28606564 -0.04276214
v 0.13824186 -0.28606564 -0.01007044
v 0.14006591 -0.28606564 0.01593054
v 0.14006591 -0.28637122 0.02262122
v 0.13534728 -0.28606564 0.05531288
v 0.14006591 -0.28606564 0.02549078
v 0.12258989 -0.28606564 0.08800454
v 0.13978434 -0.25337398 -0.10814546
v 0.14006591 -0.25337398 -0.10778989
v 0.14006591 -0.26858168 -0.07545380
v 0.14006591 -0.27906159 -0.04276214
v 0.14006591 -0.28496179 -0.01007044
v 0.14006591 -0.28300024 0.05531288
v 0.14006591 -0.27444584 0.08800454
v 0.14006591 -0.26020697 0.12069619
v 0.12007838 -0.25337398 0.15338795
v 0.14006591 -0.25337398 0.13203781
v 0.11333719 -0.22068227 -0.17352882
v 0.14006591 -0.22068227 -0.15306474
v 0.14006591 -0.23108985 -0.14083716
v 0.14006591 -0.25319218 -0.10814546
v 0.14006591 -0.23973482 0.15338795
v 0.12836758 -0.22068227 0.18607961
v 0.14006591 -0.22068227 0.17645453
v 0.14006591 -0.20010700 -0.17352882
v 0.14006591 -0.18799061 -0.18369054
v 0.14006591 -0.21149942 0.18607961
v 0.12189995 -0.18799061 0.21877126
v 0.14006591 -0.18799061 0.20653309
v 0.13884940 -0.15529896 -0.20622048
v 0.14006591 -0.15529896 -0.20544633
v 0.14006591 -0.17041109 0.21877126
v 0.14006591 -0.15529896 0.22800439
v 0.14006591 -0.15375098 -0.20622048
v 0.14006591 -0.12260725 -0.22026008
v 0.12518332 -0.12260725 0.25146292
v 0.14006591 -0.12260725 0.24298008
v 0.12370815 -0.08991559 -0.23891219
v 0.14006591 -0.08991559 -0.23001252
v 0.14006591 -0.09461857 0.25146292
v 0.14006591 -0.08991559 0.25279067
v 0.13306636 -0.05722393 -0.23891219
v 0.14006591 -0.05722393 -0.23510668
v 0.14006591 -0.05722393 0.25774380
v 0.13425881 -0.02453223 -0.23891219
v 0.14006591 -0.02453223 -0.23575523
v 0.14006591 -0.02453223 0.25837130
v 0.12733793 0.00815943 -0.23891219
v 0.14006591 0.00815943 -0.23198901
v 0.14006591 0.00815943 0.25469168
v 0.11204563 0.04085109 -0.23891219
v 0.14006591 0.04085109 -0.22365354
v 0.13111092 0.04085109 0.25146292
v 0.14006591 0.04085109 0.24636227
v 0.14006591 0.02134715 0.25146292
v 0.14006591 0.07354274 -0.21044796
v 0.10750736 0.07354274 0.25146292
v 0.14006591 0.07354274 0.23289088
v 0.14006591 0.08130271 -0.20622048
v 0.11614249 0.10623440 -0.20622048
v 0.14006591 0.10623440 -0.19096169
v 0.13227826 0.10623440 0.21877126
v 0.14006591 0.10623440 0.21354048
v 0.14006591 0.09818103 0.21877126
v 0.14006591 0.12854240 -0.17352882
v 0.12756956 0.13892616 -0.17352882
v 0.14006591 0.13892616 -0.16392046
v 0.14006591 0.13892616 0.18628565
v 0.14006591 0.16024440 -0.14083716
v 0.12406458 0.17161781 -0.14083716
v 0.14006591 0.17161781 -0.12521832
v 0.13251553 0.17161781 0.15338795
v 0.14006591 0.17161781 0.14559820
v 0.14006591 0.16652652 0.15338795
v 0.14006591 0.13913287 0.18607961
v 0.14006591 0.18346290 -0.10814546
v 0.11001992 0.20430947 -0.10814546
v 0.14006591 0.19980748 -0.07545380
v 0.13343462 0.20430947 -0.07545380
v 0.14006591 0.20430947 -0.06111497
v 0.13295188 0.20430947 0.08800454
v 0.14006591 0.20430947 0.07319728
v 0.14006591 0.20013517 0.08800454
v 0.14006591 0.18617568 0.12069619
v 0.10890118 0.20430947 0.12069619
v 0.14006591 0.21070836 -0.04276214
v 0.10870449 0.23700113 -0.04276214
v 0.14006591 0.21542585 -0.01007044
v 0.11072466 0.23700113 -0.01007044
v 0.14006591 0.21462821 0.02262122
v 0.14006591 0.20942482 0.05531288
v 0.14046693 -0.28606564 0.02262122
v 0.16088537 -0.25337398 -0.07545380
v 0.17275757 -0.25337398 -0.04771723
v 0.17275757 -0.25497991 -0.04276214
v 0.17275757 -0.26081146 -0.01007044
v 0.17275757 -0.26179767 0.02262122
v 0.17275757 -0.25782331 0.05531288
v 0.16689432 -0.25337398 0.08800454
v 0.17275757 -0.25337398 0.07133446
v 0.14870821 -0.25337398 0.12069619
v 0.15271809 -0.22068227 -0.14083716
v 0.17275757 -0.22068227 -0.11671256
v 0.17275757 -0.22660109 -0.10814546
v 0.17275757 -0.24370054 -0.07545380
v 0.17275757 -0.24846587 0.08800454
v 0.17275757 -0.23313361 0.12069619
v 0.16240561 -0.22068227 0.15338795
v 0.17275757 -0.22068227 0.13979386
v 0.15253993 -0.18799061 -0.17352882
v 0.17275757 -0.18799061 -0.15402823
v 0.17275757 -0.20124842 -0.14083716
v 0.17275757 -0.21050499 0.15338795
v 0.16390560 -0.18799061 0.18607961
v 0.17275757 -0.18799061 0.17695915
v 0.17275757 -0.16354978 -0.17352882
v 0.17275757 -0.15529896 -0.17914707
v 0.17275757 -0.17722169 0.18607961
v 0.15261049 -0.15529896 0.21877126
v 0.17275757 -0.15529896 0.20170017
v 0.15997163 -0.12260725 -0.20622048
v 0.17275757 -0.12260725 -0.19596147
v 0.17275757 -0.12291388 0.21877126
v 0.17275757 -0.12260725 0.21891477
v 0.17275757 -0.09238552 -0.20622048
v 0.17275757 -0.08991559 -0.20698380
v 0.14212361 -0.08991559 0.25146292
v 0.17275757 -0.08991559 0.22944872
v 0.17275757 -0.05722393 -0.21241103
v 0.14979592 -0.05722393 0.25146292
v 0.17275757 -0.05722393 0.23496929
v 0.17275757 -0.02453223 -0.21310322
v 0.15076772 -0.02453223 0.25146292
v 0.17275757 -0.02453223 0.23566839
v 0.17275757 0.00815943 -0.20908608
v 0.14506917 0.00815943 0.25146292
v 0.17275757 0.00815943 0.23157010
v 0.17275757 0.01889837 -0.20622048
v 0.16477323 0.04085109 -0.20622048
v 0.17275757 0.04085109 -0.19981438
v 0.17275757 0.04085109 0.22252258
v 0.14606140 0.07354274 -0.20622048
v 0.17275757 0.07354274 -0.18478288
v 0.15925791 0.07354274 0.21877126
v 0.17275757 0.07354274 0.20734266
v 0.17275757 0.04964233 0.21877126
v 0.17275757 0.09138647 -0.17352882
v 0.16143448 0.10623440 -0.17352882
v 0.17275757 0.10623440 -0.16259281
v 0.17213122 0.10623440 0.18607961
v 0.17275757 0.10623440 0.18543569
v 0.17275757 0.10541805 0.18607961
v 0.17275757 0.12962266 -0.14083716
v 0.16384192 0.13892616 -0.14083716
v 0.17275757 0.13892616 -0.13004174
v 0.17216187 0.13892616 0.15338795
v 0.17275757 0.13892616 0.15261141
v 0.17275757 0.13831327 0.15338795
v 0.14030672 0.13892616 0.18607961
v 0.17275757 0.15515388 -0.10814546
v 0.15413779 0.17161781 -0.10814546
v 0.17275757 0.17161781 -0.07774719
v 0.15950788 0.17161781 0.12069619
v 0.17275757 0.17161781 0.09732932
v 0.17275757 0.16033740 0.12069619
v 0.17275757 0.17278210 -0.07545380
v 0.17275757 0.18389695 -0.04276214
v 0.14725682 0.20430947 -0.04276214
v 0.17275757 0.18936233 -0.01007044
v 0.15357694 0.20430947 -0.01007044
v 0.17275757 0.18969327 0.02262122
v 0.15355631 0.20430947 0.02262122
v 0.17275757 0.18515156 0.05531288
v 0.14714138 0.20430947 0.05531288
v 0.17275757 0.17570570 0.08800454
v 0.17459910 -0.25337398 -0.04276214
v 0.18120595 -0.25337398 -0.01007044
v 0.18222654 -0.25337398 0.02262122
v 0.17770727 -0.25337398 0.05531288
v 0.17878151 -0.22068227 -0.10814546
v 0.19613819 -0.22068227 -0.07545380
v 0.20544923 -0.22068227 -0.04900841
v 0.20544923 -0.22295704 -0.04276214
v 0.20544923 -0.22939054 -0.01007044
v 0.20544923 -0.23030825 0.02262122
v 0.20544923 -0.22569918 0.05531288
v 0.20049228 -0.22068227 0.08800454
v 0.20544923 -0.22068227 0.07136912
v 0.18514231 -0.22068227 0.12069619
v 0.18419056 -0.18799061 -0.14083716
v 0.20544923 -0.18799061 -0.10989265
v 0.20544923 -0.18941508 -0.10814546
v 0.20544923 -0.20975394 -0.07545380
v 0.20544923 -0.21482628 0.08800454
v 0.20544923 -0.19665759 0.12069619
v 0.19196962 -0.18799061 0.15338795
v 0.20544923 -0.18799061 0.13209567
v 0.17853565 -0.15529896 -0.17352882
v 0.20544923 -0.15529896 -0.14215260
v 0.20544923 -0.15692708 -0.14083716
v 0.20544923 -0.16819933 0.15338795
v 0.18803479 -0.15529896 0.18607961
v 0.20544923 -0.15529896 0.16442002
v 0.19582578 -0.12260725 -0.17352882
v 0.20544923 -0.12260725 -0.16230417
v 0.20489640 -0.12260725 0.18607961
v 0.20544923 -0.12260725 0.18539186
v 0.17292094 -0.12260725 0.21877126
v 0.17366483 -0.08991559 -0.20622048
v 0.20544923 -0.08991559 -0.17538052
v 0.20544923 -0.09509974 -0.17352882
v 0.20544923 -0.12102328 0.18607961
v 0.18491860 -0.08991559 0.21877126
v 0.20544923 -0.08991559 0.19775416
v 0.18011461 -0.05722393 -0.20622048
v 0.20544923 -0.05722393 -0.18163925
v 0.19120444 -0.05722393 0.21877126
v 0.20544923 -0.05722393 0.20418934
v 0.18093698 -0.02453223 -0.20622048
v 0.20544923 -0.02453223 -0.18243698
v 0.19200084 -0.02453223 0.21877126
v 0.20544923 -0.02453223 0.20500474
v 0.17616326 0.00815943 -0.20622048
v 0.20544923 0.00815943 -0.17780352
v 0.18733530 0.00815943 0.21877126
v 0.20544923 0.00815943 0.20022939
v 0.20544923 0.02201494 -0.17352882
v 0.19978315 0.04085109 -0.17352882
v 0.20544923 0.04085109 -0.16691820
v 0.17703136 0.04085109 0.21877126
v 0.20544923 0.04085109 0.18968370
v 0.18432624 0.07354274 -0.17352882
v 0.20544923 0.07354274 -0.14888810
v 0.19356710 0.07354274 0.18607961
v 0.20544923 0.07354274 0.17130758
v 0.20544923 0.04810720 0.18607961
v 0.20544923 0.08428952 -0.14083716
v 0.19159009 0.10623440 -0.14083716
v 0.20544923 0.10623440 -0.12062190
v 0.19893366 0.10623440 0.15338795
v 0.20544923 0.10623440 0.14311189
v 0.20544923 0.09596427 0.15338795
v 0.20544923 0.11708172 -0.10814546
v 0.18807957 0.13892616 -0.10814546
v 0.20544923 0.13829599 -0.07545380
v 0.20494710 0.13892616 -0.07545380
v 0.20544923 0.13892616 -0.07401353
v 0.19359460 0.13892616 0.12069619
v 0.20544923 0.13892616 0.09531173
v 0.20544923 0.12416950 0.12069619
v 0.17396482 0.17161781 -0.07545380
v 0.20544923 0.15089737 -0.04276214
v 0.18570879 0.17161781 -0.04276214
v 0.20544923 0.15737312 -0.01007044
v 0.19179881 0.17161781 -0.01007044
v 0.20544923 0.15812025 0.02262122
v 0.19245199 0.17161781 0.02262122
v 0.20544923 0.15323759 0.05531288
v 0.18768399 0.17161781 0.05531288
v 0.20544923 0.14258267 0.08800454
v 0.17730739 0.17161781 0.08800454
v 0.20743885 -0.22068227 -0.04276214
v 0.21304926 -0.22068227 -0.01007044
v 0.21382733 -0.22068227 0.02262122
v 0.20980227 -0.22068227 0.05531288
v 0.20650715 -0.18799061 -0.10814546
v 0.22161718 -0.18799061 -0.07545380
v 0.23159983 -0.18799061 -0.04276214
v 0.23683023 -0.18799061 -0.01007044
v 0.23753316 -0.18799061 0.02262122
v 0.23374106 -0.18799061 0.05531288
v 0.22528792 -0.18799061 0.08800454
v 0.21184134 -0.18799061 0.12069619
v 0.20643134 -0.15529896 -0.14083716
v 0.22620701 -0.15529896 -0.10814546
v 0.23814089 -0.15529896 -0.08106732
v 0.23814089 -0.15960459 -0.07545380
v 0.23814089 -0.17673870 -0.04276214
v 0.23814089 -0.18573389 -0.01007044
v 0.23814089 -0.18694377 0.02262122
v 0.23814089 -0.18041092 0.05531288
v 0.23814089 -0.16585572 0.08800454
v 0.23121514 -0.15529896 0.12069619
v 0.23814089 -0.15529896 0.10321320
v 0.21320461 -0.15529896 0.15338795
v 0.22148895 -0.12260725 -0.14083716
v 0.23814089 -0.12260725 -0.11234463
v 0.23814089 -0.12812266 -0.10814546
v 0.23814089 -0.13949412 0.12069619
v 0.22797883 -0.12260725 0.15338795
v 0.23814089 -0.12260725 0.13454674
v 0.20709015 -0.08991559 -0.17352882
v 0.23142748 -0.08991559 -0.14083716
v 0.23814089 -0.08991559 -0.12933686
v 0.23771438 -0.08991559 0.15338795
v 0.23814089 -0.08991559 0.15259613
v 0.21529496 -0.08991559 0.18607961
v 0.21263736 -0.05722393 -0.17352882
v 0.23661559 -0.05722393 -0.14083716
v 0.23814089 -0.05722393 -0.13822268
v 0.23814089 -0.08720897 0.15338795
v 0.22072587 -0.05722393 0.18607961
v 0.23814089 -0.05722393 0.16064368
v 0.21334430 -0.02453223 -0.17352882
v 0.23727507 -0.02453223 -0.14083716
v 0.23814089 -0.02453223 -0.13935273
v 0.22141448 -0.02453223 0.18607961
v 0.23814089 -0.02453223 0.16164851
v 0.20923731 0.00815943 -0.17352882
v 0.23343667 0.00815943 -0.14083716
v 0.23814089 0.00815943 -0.13277630
v 0.21738445 0.00815943 0.18607961
v 0.23814089 0.00815943 0.15577199
v 0.22493722 0.04085109 -0.14083716
v 0.23814089 0.04085109 -0.11823199
v 0.23133009 0.04085109 0.15338795
v 0.23814089 0.04085109 0.14075773
v 0.23814089 0.01428296 0.15338795
v 0.20848846 0.04085109 0.18607961
v 0.21145837 0.07354274 -0.14083716
v 0.23814089 0.05545440 -0.10814546
v 0.23096908 0.07354274 -0.10814546
v 0.23814089 0.07354274 -0.09184957
v 0.23583848 0.07354274 0.12069619
v 0.23814089 0.07354274 0.11488403
v 0.23814089 0.06774079 0.12069619
v 0.21805844 0.07354274 0.15338795
v 0.21299465 0.10623440 -0.10814546
v 0.23814089 0.08707678 -0.07545380
v 0.22782912 0.10623440 -0.07545380
v 0.23814089 0.10522861 -0.04276214
v 0.23759971 0.10623440 -0.04276214
v 0.23814089 0.10623440 -0.03934443
v 0.23130431 0.10623440 0.08800454
v 0.23814089 0.10623440 0.06126702
v 0.23814089 0.09356103 0.08800454
v 0.21805033 0.10623440 0.12069619
v 0.21532981 0.13892616 -0.04276214
v 0.23814089 0.11338883 -0.01007044
v 0.22074936 0.13892616 -0.01007044
v 0.23814089 0.11442355 0.02262122
v 0.22143185 0.13892616 0.02262122
v 0.23814089 0.10855400 0.05531288
v 0.21740135 0.13892616 0.05531288
v 0.20850918 0.13892616 0.08800454
v 0.24042506 -0.15529896 -0.07545380
v 0.24952614 -0.15529896 -0.04276214
v 0.25430979 -0.15529896 -0.01007044
v 0.25494789 -0.15529896 0.02262122
v 0.25146486 -0.15529896 0.05531288
v 0.24373288 -0.15529896 0.08800454
v 0.24037713 -0.12260725 -0.10814546
v 0.25362319 -0.12260725 -0.07545380
v 0.26237491 -0.12260725 -0.04276214
v 0.26695777 -0.12260725 -0.01007044
v 0.26756617 -0.12260725 0.02262122
v 0.26422770 -0.12260725 0.05531288
v 0.25679696 -0.12260725 0.08800454
v 0.24498405 -0.12260725 0.12069619
v 0.24943973 -0.08991559 -0.10814546
v 0.26233777 -0.08991559 -0.07545380
v 0.27082529 -0.08991559 -0.04276214
v 0.27083255 -0.08991559 -0.04270925
v 0.27083255 -0.10759633 -0.01007044
v 0.27083255 -0.10995025 0.02262122
v 0.27083255 -0.09703450 0.05531288
v 0.26541509 -0.08991559 0.08800454
v 0.27083255 -0.08991559 0.06357077
v 0.25392529 -0.08991559 0.12069619
v 0.25418844 -0.05722393 -0.10814546
v 0.26688807 -0.05722393 -0.07545380
v 0.27083255 -0.05722393 -0.06024037
v 0.27083255 -0.08986236 -0.04276214
v 0.26991107 -0.05722393 0.08800454
v 0.27083255 -0.05722393 0.08384294
v 0.25860583 -0.05722393 0.12069619
v 0.24262970 -0.05722393 0.15338795
v 0.25479254 -0.02453223 -0.10814546
v 0.26746591 -0.02453223 -0.07545380
v 0.27083255 -0.02453223 -0.06246649
v 0.27048061 -0.02453223 0.08800454
v 0.27083255 -0.02453223 0.08641517
v 0.25919962 -0.02453223 0.12069619
v 0.24325185 -0.02453223 0.15338795
v 0.25127610 0.00815943 -0.10814546
v 0.26409766 0.00815943 -0.07545380
v 0.27083255 0.00815943 -0.04949646
v 0.26714987 0.00815943 0.08800454
v 0.27083255 0.00815943 0.07138869
v 0.25572891 0.00815943 0.12069619
v 0.23961548 0.00815943 0.15338795
v 0.24351346 0.04085109 -0.10814546
v 0.25664008 0.04085109 -0.07545380
v 0.27083255 0.01598231 -0.04276214
v 0.26530100 0.04085109 -0.04276214
v 0.27083255 0.03634146 -0.01007044
v 0.26983067 0.04085109 -0.01007044
v 0.27083255 0.03903668 0.02262122
v 0.27042952 0.04085109 0.02262122
v 0.27083255 0.02418206 0.05531288
v 0.26712534 0.04085109 0.05531288
v 0.25976830 0.04085109 0.08800454
v 0.24805975 0.04085109 0.12069619
v 0.24481247 0.07354274 -0.07545380
v 0.25379544 0.07354274 -0.04276214
v 0.25850844 0.07354274 -0.01007044
v 0.25913030 0.07354274 0.02262122
v 0.25568528 0.07354274 0.05531288
v 0.24803989 0.07354274 0.08800454
v 0.24254338 0.10623440 -0.01007044
v 0.24318683 0.10623440 0.02262122
v 0.23957109 0.10623440 0.05531288
v 0.27523399 -0.08991559 -0.01007044
v 0.27582034 -0.08991559 0.02262122
v 0.27260313 -0.08991559 0.05531288
v 0.27520248 -0.05722393 -0.04276214
v 0.27955590 -0.05722393 -0.01007044
v 0.28013432 -0.05722393 0.02262122
v 0.27695741 -0.05722393 0.05531288
v 0.27575952 -0.02453223 -0.04276214
v 0.28010558 -0.02453223 -0.01007044
v 0.28068286 -0.02453223 0.02262122
v 0.27751100 -0.02453223 0.05531288
v 0.27251491 0.00815943 -0.04276214
v 0.27690175 0.00815943 -0.01007044
v 0.27748427 0.00815943 0.02262122
v 0.27428148 0.00815943 0.05531288
vn -0.97993259 -0.18508215 -0.07400489
vn -0.96685531 -0.24413121 -0.07477141
vn -0.97338825 -0.18718664 -0.13219865
vn -0.98189356 -0.18535517 0.03909613
vn -0.96879063 -0.24468678 0.03966237
vn -0.97137165 -0.18370146 0.15063497
vn -0.95830055 -0.24183282 0.15223977
vn -0.96014897 -0.18590475 0.20869447
vn -0.97979041 -0.07300204 -0.18622959
vn -0.97310231 -0.13124737 -0.18933046
vn -0.96658109 -0.07396643 -0.24545866
vn -0.99449486 -0.07359476 -0.07459078
vn -0.99650882 -0.07365309 0.03931138
vn -0.98558805 -0.07330518 0.15245505
vn -0.97446655 -0.07427364 0.21189234
vn -0.98163693 0.04000615 -0.18651663
vn -0.96842311 0.04064698 -0.24597663
vn -0.99639839 0.04021168 -0.07465433
vn -0.99840336 0.04038838 0.03949051
vn -0.98747664 0.04023311 0.15254897
vn -0.97635843 0.04062852 0.21230529
vn -0.97102675 0.15136629 -0.18491968
vn -0.95792458 0.15269230 -0.24303406
vn -0.98539147 0.15323560 -0.07431356
vn -0.98738806 0.15335015 0.03935176
vn -0.97675644 0.15198941 0.15114921
vn -0.96558561 0.15363610 0.20985798
vn -0.95984016 0.20930659 -0.18680903
vn -0.97424016 0.21259396 -0.07523237
vn -0.97622272 0.21308873 0.03977931
vn -0.96555516 0.21061906 0.15278364
vn -0.86799231 -0.40025782 -0.29390990
vn -0.83533802 -0.46150761 -0.29869904
vn -0.84081185 -0.40844076 -0.35526269
vn -0.89366690 -0.40744721 -0.18800598
vn -0.85908169 -0.47485126 -0.19103646
vn -0.90826879 -0.41162208 -0.07493372
vn -0.87277739 -0.48215223 -0.07608458
vn -0.91017069 -0.41242820 0.03863016
vn -0.87482661 -0.48284813 0.03919296
vn -0.89938696 -0.40987368 0.15200876
vn -0.86524838 -0.47691997 0.15457225
vn -0.87693894 -0.40297245 0.26189940
vn -0.84466642 -0.46464618 0.26578669
vn -0.85157614 -0.41215515 0.32395403
vn -0.86757525 -0.29233386 -0.40231095
vn -0.84147301 -0.35312904 -0.40892916
vn -0.83518239 -0.29574880 -0.46368418
vn -0.90506662 -0.29996464 -0.30145584
vn -0.93382053 -0.30287839 -0.19037831
vn -0.94963707 -0.30412891 -0.07546548
vn -0.95198362 -0.30361149 0.03933504
vn -0.94078770 -0.30218461 0.15363254
vn -0.91541927 -0.30087673 0.26735884
vn -0.85342715 -0.35717633 0.37958816
vn -0.87960580 -0.29474073 0.37339193
vn -0.84894552 -0.29812980 0.43636010
vn -0.89296480 -0.18664337 -0.40960727
vn -0.85805291 -0.18928752 -0.47740490
vn -0.93358201 -0.18916027 -0.30437315
vn -0.96310602 -0.18963883 -0.19095526
vn -0.94476324 -0.18792118 0.26852940
vn -0.90586248 -0.18649511 0.38030612
vn -0.87293334 -0.18981478 0.44939707
vn -0.90730569 -0.07366204 -0.41396895
vn -0.87137556 -0.07443538 -0.48493712
vn -0.94923487 -0.07441921 -0.30563858
vn -0.96002613 -0.07396042 0.26996238
vn -0.92124887 -0.07319399 0.38202508
vn -0.86182937 -0.13074699 0.49005649
vn -0.87406033 -0.07228186 0.48041010
vn -0.83673258 -0.07309342 0.54271166
vn -0.90894224 0.03977244 -0.41502068
vn -0.87307516 0.04066664 -0.48588680
vn -0.95143089 0.04034592 -0.30520724
vn -0.96179201 0.04088233 0.27071159
vn -0.92318892 0.04100414 0.38215295
vn -0.87607081 0.04028250 0.48049688
vn -0.83806062 0.04064911 0.54406069
vn -0.89794162 0.15290530 -0.41269943
vn -0.86318275 0.15567956 -0.48029097
vn -0.94010436 0.15446562 -0.30388182
vn -0.95014246 0.15516152 0.27047035
vn -0.91187178 0.15394036 0.38051573
vn -0.86584768 0.14972097 0.47737974
vn -0.82893514 0.15292483 0.53803395
vn -0.87540612 0.26235160 -0.40599971
vn -0.84302835 0.26490315 -0.46811272
vn -0.91462827 0.26801765 -0.30269070
vn -0.94431514 0.26920932 -0.18919637
vn -0.95974627 0.27068266 -0.07495334
vn -0.96163262 0.27140708 0.04001136
vn -0.95007187 0.27119162 0.15433261
vn -0.92520879 0.26868127 0.26795349
vn -0.88855721 0.26374735 0.37537105
vn -0.85645954 0.26871050 0.44076265
vn -0.84322160 0.20994106 0.49487583
vn -0.85119382 0.32386972 -0.41301027
vn -0.85215202 0.38030968 -0.35944608
vn -0.87896194 0.37338352 -0.29666590
vn -0.90553622 0.38047424 -0.18773256
vn -0.92098854 0.38246112 -0.07418620
vn -0.92302214 0.38264713 0.04014096
vn -0.91178281 0.38104700 0.15315117
vn -0.88853984 0.37590691 0.26304173
vn -0.86297054 0.38423644 0.32809175
vn -0.86246713 0.32885208 0.38471647
vn -0.84806895 0.43624775 -0.30077725
vn -0.87239214 0.44963888 -0.19172071
vn -0.85448320 0.50237788 -0.13219278
vn -0.87414316 0.48015341 -0.07298239
vn -0.87617676 0.48036673 0.03952315
vn -0.86633793 0.47661633 0.14931665
vn -0.84876492 0.48584617 0.20869019
vn -0.85664866 0.44110578 0.26754209
vn -0.83692454 0.54220099 -0.07466856
vn -0.83841229 0.54356810 0.03998189
vn -0.83066754 0.53615233 0.15010704
vn -0.77049223 -0.60964887 -0.18619875
vn -0.72125231 -0.66591196 -0.19067345
vn -0.73557931 -0.63075388 -0.24712874
vn -0.78582872 -0.61356826 -0.07750622
vn -0.73437968 -0.67404490 -0.07968664
vn -0.78892597 -0.61338856 0.03674622
vn -0.73916973 -0.67253797 0.03634272
vn -0.78013637 -0.60753358 0.14929902
vn -0.73505540 -0.66109010 0.15051062
vn -0.74623192 -0.63140680 0.21086338
vn -0.79760682 -0.52235247 -0.30161443
vn -0.74735182 -0.58939569 -0.30672132
vn -0.75966522 -0.53532612 -0.36923530
vn -0.82311140 -0.53495266 -0.19056041
vn -0.83780300 -0.54052232 -0.07695290
vn -0.84082493 -0.53991925 0.03873804
vn -0.83091084 -0.53449860 0.15459112
vn -0.75941189 -0.59134794 0.27129541
vn -0.80902322 -0.52352268 0.26721795
vn -0.77671982 -0.50765190 0.37282150
vn -0.73186160 -0.56741077 0.37739054
vn -0.73565446 -0.51766938 0.43684199
vn -0.80803416 -0.41549145 -0.41766930
vn -0.76183452 -0.48634780 -0.42787145
vn -0.76076971 -0.42662603 -0.48910089
vn -0.82272952 -0.41778766 0.38544729
vn -0.73475506 -0.46626354 0.49267973
vn -0.77721194 -0.40285093 0.48337638
vn -0.73080711 -0.40778099 0.54738984
vn -0.79609872 -0.29920756 -0.52602440
vn -0.75588537 -0.36676000 -0.54233238
vn -0.74503730 -0.30355329 -0.59394850
vn -0.81272294 -0.30155982 0.49854097
vn -0.76193797 -0.30610082 0.57074759
vn -0.76472117 -0.18151922 -0.61826556
vn -0.72814998 -0.24296582 -0.64090968
vn -0.71320840 -0.18366951 -0.67646086
vn -0.82087741 -0.18848104 -0.53910591
vn -0.84009871 -0.19079463 0.50777118
vn -0.74714805 -0.24723219 0.61696518
vn -0.78263948 -0.18508906 0.59432103
vn -0.72853662 -0.18782510 0.65875347
vn -0.77820665 -0.07377748 -0.62365960
vn -0.72229335 -0.07409545 -0.68760612
vn -0.83504110 -0.07499954 -0.54505177
vn -0.79595295 -0.07348814 0.60088134
vn -0.73959604 -0.07411121 0.66895832
vn -0.77946427 0.03954913 -0.62519702
vn -0.72362777 0.04047172 -0.68900282
vn -0.83742234 0.04039985 -0.54506117
vn -0.79769435 0.04052441 0.60169884
vn -0.74099589 0.04066541 0.67027712
vn -0.76913875 0.15101273 -0.62098368
vn -0.71580096 0.15314748 -0.68130377
vn -0.82688821 0.15582200 -0.54034747
vn -0.78788396 0.15305152 0.59650155
vn -0.73268819 0.15534042 0.66259895
vn -0.73566715 0.21087283 -0.64368198
vn -0.75272639 0.27082722 -0.60004633
vn -0.80460920 0.26741430 -0.53018264
vn -0.82163767 0.27054282 0.50171518
vn -0.76641740 0.26097419 0.58693853
vn -0.71649998 0.26302519 0.64610025
vn -0.77241461 0.37176144 -0.51494572
vn -0.72506483 0.37561273 -0.57723139
vn -0.82104442 0.38554290 -0.42100205
vn -0.83511714 0.38911974 0.38879969
vn -0.78766041 0.37626910 0.48786540
vn -0.73898698 0.38266654 0.55449487
vn -0.72886784 0.32253795 0.60392131
vn -0.73132878 0.43474125 -0.52550763
vn -0.73487678 0.48823607 -0.47072461
vn -0.77626691 0.48163523 -0.40673970
vn -0.81267650 0.49740711 -0.30355078
vn -0.84011988 0.50747533 -0.19148728
vn -0.82170095 0.50196118 0.26989354
vn -0.78772524 0.48814873 0.37576556
vn -0.74348926 0.50068963 0.44332111
vn -0.74346276 0.44374622 0.50035229
vn -0.73110521 0.54465197 -0.41090072
vn -0.76139999 0.56944132 -0.30984938
vn -0.75158464 0.61104564 -0.24848291
vn -0.78434275 0.59176746 -0.18605837
vn -0.79751182 0.59873029 -0.07414138
vn -0.79889599 0.60012423 0.04020083
vn -0.78878517 0.59538656 0.15275080
vn -0.76705349 0.58601031 0.26119123
vn -0.72976442 0.60303824 0.32216264
vn -0.73930876 0.55447478 0.38207364
vn -0.73232270 0.65444671 -0.18815676
vn -0.74239609 0.66582992 -0.07428703
vn -0.74314576 0.66787966 0.04087945
vn -0.73428911 0.66076997 0.15557167
vn -0.71673647 0.64519910 0.26458827
vn -0.67991651 -0.70661100 -0.19599599
vn -0.63149296 -0.74883987 -0.20113550
vn -0.64113179 -0.72337564 -0.25627662
vn -0.69857399 -0.71030783 -0.08635492
vn -0.65088849 -0.75348486 -0.09276178
vn -0.70760860 -0.70588744 0.03182755
vn -0.66709330 -0.74454275 0.02535000
vn -0.70562434 -0.69247908 0.15022322
vn -0.67540426 -0.72274042 0.14654477
vn -0.67933643 -0.70249225 0.21214773
vn -0.67092163 -0.61809344 -0.40966409
vn -0.61381764 -0.67380798 -0.41135229
vn -0.62100979 -0.62641574 -0.47111587
vn -0.70218541 -0.64169429 -0.30848678
vn -0.63985712 -0.70233402 -0.31194518
vn -0.71976403 -0.63873677 0.27194683
vn -0.66632333 -0.69424547 0.27209638
vn -0.69226993 -0.61237376 0.38178623
vn -0.64254446 -0.66333288 0.38357021
vn -0.64434146 -0.62095801 0.44635774
vn -0.67854145 -0.51756832 -0.52125286
vn -0.62196684 -0.58050598 -0.52551885
vn -0.62129084 -0.52148646 -0.58485004
vn -0.72052055 -0.54328542 -0.43091889
vn -0.69449151 -0.52076891 0.49646881
vn -0.64011424 -0.58234197 0.50113032
vn -0.63874307 -0.52476754 0.56269559
vn -0.66797030 -0.40460493 -0.62458829
vn -0.61750896 -0.46599546 -0.63366468
vn -0.60956454 -0.40463610 -0.68168959
vn -0.71965850 -0.42752089 -0.54709920
vn -0.68501000 -0.40920061 0.60275713
vn -0.63400630 -0.47213415 0.61247479
vn -0.62437824 -0.40890888 0.66554140
vn -0.69753441 -0.30327166 -0.64920878
vn -0.63341073 -0.30282576 -0.71210070
vn -0.71510127 -0.30558697 0.62868654
vn -0.65060407 -0.30587702 0.69509251
vn -0.65061547 -0.19200961 -0.73473248
vn -0.67926665 -0.18793904 0.70941929
vn -0.63717044 -0.24635426 0.73028995
vn -0.61342673 -0.18748512 0.76717468
vn -0.67228255 -0.07397690 -0.73658916
vn -0.62437666 -0.13166138 -0.76994744
vn -0.60937923 -0.07272584 -0.78953651
vn -0.68981233 -0.07407312 0.72018895
vn -0.62259262 -0.07389117 0.77904976
vn -0.67366624 0.04046522 -0.73792707
vn -0.60945003 0.04038603 -0.79179520
vn -0.69114800 0.04066308 0.72156840
vn -0.62374400 0.04059208 0.78057396
vn -0.66618798 0.15299417 -0.72992216
vn -0.60561295 0.14949480 -0.78159085
vn -0.68322529 0.15529686 0.71350269
vn -0.61790675 0.15359550 0.77110290
vn -0.63279650 0.21046751 -0.74516577
vn -0.70492189 0.27041385 -0.65571448
vn -0.63970249 0.27006036 -0.71961665
vn -0.66667548 0.26473047 0.69675073
vn -0.60691080 0.26186343 0.75039112
vn -0.67777954 0.37692205 -0.63130394
vn -0.61581843 0.37697528 -0.69185064
vn -0.69326193 0.38368270 0.61006187
vn -0.63182615 0.38322914 0.67374412
vn -0.62435009 0.32277520 0.71133897
vn -0.62781632 0.43836743 -0.64318012
vn -0.69076167 0.49230719 -0.52960546
vn -0.63276736 0.49594440 -0.59468027
vn -0.70253978 0.50332925 0.50308799
vn -0.64482793 0.50873428 0.57042648
vn -0.64160976 0.44994282 0.62119915
vn -0.63528639 0.55698506 -0.53495686
vn -0.68688034 0.59801155 -0.41301039
vn -0.63478082 0.60624425 -0.47908372
vn -0.71796878 0.62311864 -0.31023217
vn -0.69378467 0.60954893 0.38355305
vn -0.64230080 0.62061016 0.44976961
vn -0.64536376 0.57044096 0.50803812
vn -0.63012794 0.65737904 -0.41326938
vn -0.65425464 0.68966070 -0.31035300
vn -0.68784220 0.70095624 -0.18850320
vn -0.64578947 0.72159957 -0.24949956
vn -0.69705580 0.71323339 -0.07356187
vn -0.69671246 0.71612271 0.04195244
vn -0.68727427 0.70926537 0.15683339
vn -0.66950081 0.69348605 0.26616868
vn -0.62943468 0.70623735 0.32409996
vn -0.63262685 0.67258605 0.38394176
vn -0.63195612 0.75248118 -0.18548189
vn -0.63577385 0.76857403 -0.07131319
vn -0.63342913 0.77253306 0.04427414
vn -0.62445864 0.76505888 0.15727782
vn -0.61154152 0.74583189 0.26410558
vn -0.64401632 -0.75484171 -0.12432606
vn -0.63573366 -0.75750544 -0.14841910
vn -0.59777043 -0.77945385 -0.18740918
vn -0.68041851 -0.73282212 0.00154748
vn -0.70385947 -0.71001732 -0.02138366
vn -0.69802575 -0.70245995 0.13896070
vn -0.75072600 -0.64822266 0.12734938
vn -0.70991436 -0.67103128 0.21386589
vn -0.59087730 -0.74180760 -0.31715218
vn -0.53133549 -0.78228673 -0.32513084
vn -0.53438003 -0.75492800 -0.38016009
vn -0.55838387 -0.79783285 -0.22731077
vn -0.64179179 -0.71322290 0.28180913
vn -0.62641822 -0.72703277 0.28111130
vn -0.61553353 -0.68104862 0.39659962
vn -0.59147981 -0.69224930 0.41345198
vn -0.56243202 -0.68326074 0.46564470
vn -0.57036350 -0.63015614 -0.52686689
vn -0.50744083 -0.68367876 -0.52448752
vn -0.50963381 -0.63006391 -0.58591198
vn -0.53399007 -0.72460658 -0.43566032
vn -0.59430202 -0.62408044 0.50727578
vn -0.54021697 -0.66870522 0.51088056
vn -0.53387183 -0.62325527 0.57143130
vn -0.56887895 -0.52110815 -0.63625705
vn -0.50890809 -0.57995711 -0.63613073
vn -0.50503417 -0.51713610 -0.69102152
vn -0.58541541 -0.52538565 0.61746151
vn -0.52656529 -0.58226992 0.61942775
vn -0.52065674 -0.52096761 0.67639434
vn -0.52952939 -0.42690468 -0.73304230
vn -0.56955075 -0.40743660 0.71386788
vn -0.51544372 -0.46740662 0.71822616
vn -0.50519858 -0.40323594 0.76300404
vn -0.57700487 -0.30257543 -0.75862606
vn -0.52163486 -0.36553821 -0.77089486
vn -0.50948849 -0.29854256 -0.80702777
vn -0.59395672 -0.30617996 0.74395513
vn -0.52308391 -0.30071078 0.79746865
vn -0.59466877 -0.19041351 -0.78109650
vn -0.52077908 -0.18906598 -0.83249217
vn -0.55744831 -0.18529988 0.80926839
vn -0.51522272 -0.24322785 0.82181857
vn -0.49701674 -0.18216484 0.84840458
vn -0.52643913 -0.07434634 -0.84695600
vn -0.56587461 -0.07408692 0.82115593
vn -0.50161633 -0.07251189 0.86204587
vn -0.52776731 0.04103856 -0.84839702
vn -0.56698992 0.04071422 0.82271793
vn -0.50160433 0.04039234 0.86415366
vn -0.52358372 0.15478707 -0.83779535
vn -0.55996655 0.15190923 0.81446980
vn -0.49830710 0.15061236 0.85381845
vn -0.58319387 0.27093860 -0.76581798
vn -0.51316767 0.26657814 -0.81584008
vn -0.52447614 0.27240751 0.80667151
vn -0.50882940 0.21072213 0.83467888
vn -0.56157117 0.37519284 -0.73747417
vn -0.49945139 0.37049052 -0.78312520
vn -0.57616949 0.38254908 0.72227759
vn -0.50920635 0.37751567 0.77342796
vn -0.51004733 0.43269080 -0.74339115
vn -0.57960703 0.49449931 -0.64770836
vn -0.51387179 0.49036010 -0.70390536
vn -0.59188889 0.50893281 0.62502395
vn -0.52541113 0.50513539 0.68467612
vn -0.52068544 0.44524126 0.72845514
vn -0.51999894 0.55510948 -0.64919533
vn -0.58535772 0.60723284 -0.53723796
vn -0.52344909 0.60651730 -0.59844617
vn -0.59222977 0.62463639 0.50901205
vn -0.53091331 0.62501396 0.57226620
vn -0.53091436 0.57212592 0.62514149
vn -0.52426048 0.66244036 -0.53509225
vn -0.58327745 0.69748752 -0.41629145
vn -0.52919969 0.69965818 -0.48002720
vn -0.60790344 0.73018254 -0.31190844
vn -0.57831110 0.71949887 0.38454862
vn -0.52432751 0.72447301 0.44745895
vn -0.52736258 0.68359741 0.50456247
vn -0.53114735 0.73753142 -0.41704903
vn -0.55027688 0.77698031 -0.30577271
vn -0.59702907 0.78087189 -0.18383519
vn -0.56452092 0.78781574 -0.24629756
vn -0.59811644 0.79849699 -0.06825896
vn -0.59068882 0.80536076 0.04980737
vn -0.57669390 0.80049084 0.16321323
vn -0.53246168 0.81710191 0.22097291
vn -0.53023880 0.80114819 0.27750388
vn -0.51265661 0.76944675 0.38096574
vn -0.56847715 0.80234565 -0.18186586
vn -0.55708578 0.82814507 -0.06189652
vn -0.54098279 0.83915791 0.05613938
vn -0.52381282 0.83546325 0.16619651
vn -0.81066647 -0.56744303 -0.14432006
vn -0.88073026 -0.43229285 -0.19348669
vn -0.74938985 -0.60916186 -0.25949313
vn -0.85839565 -0.50654050 0.08107799
vn -0.94101412 -0.33570216 0.04238501
vn -0.85944781 -0.46046193 0.22209069
vn -0.49037412 -0.79606710 -0.35469761
vn -0.43980867 -0.81388938 -0.37967409
vn -0.42506083 -0.81020910 -0.40358953
vn -0.53246584 -0.80840340 -0.25092643
vn -0.50989146 -0.79901455 -0.31872630
vn -0.60930242 -0.74730966 -0.26510155
vn -0.68433213 -0.65391320 0.32262527
vn -0.78783514 -0.52201180 0.32683248
vn -0.62655187 -0.62639433 0.46374874
vn -0.69088094 -0.52187880 0.50032593
vn -0.58017220 -0.59237700 0.55900778
vn -0.47965089 -0.75963788 -0.43918711
vn -0.41182207 -0.79723456 -0.44138377
vn -0.41467023 -0.76163167 -0.49796164
vn -0.50829748 -0.67726471 0.53192685
vn -0.47571646 -0.67580585 0.56301004
vn -0.43780011 -0.67167388 0.59764977
vn -0.45288444 -0.62757341 -0.63328295
vn -0.39240297 -0.67356761 -0.62635979
vn -0.39149884 -0.61833083 -0.68146580
vn -0.41457547 -0.72443698 -0.55074335
vn -0.47520645 -0.61980753 0.62451378
vn -0.41726246 -0.65799637 0.62684354
vn -0.40843161 -0.60987788 0.67914107
vn -0.41211134 -0.54237544 -0.73211551
vn -0.46091579 -0.51603603 0.72198577
vn -0.40096540 -0.56770445 0.71898429
vn -0.39535125 -0.50788445 0.76534356
vn -0.47081025 -0.42390632 -0.77371903
vn -0.41083220 -0.48445128 -0.77234957
vn -0.40053978 -0.41403552 -0.81739982
vn -0.40939784 -0.41902717 0.81043793
vn -0.41015924 -0.30809075 -0.85839938
vn -0.40431377 -0.35990711 0.84083128
vn -0.46051067 -0.30023110 0.83533898
vn -0.39550131 -0.29561752 0.86959128
vn -0.45910790 -0.18839879 -0.86817385
vn -0.40316701 -0.24752056 -0.88101642
vn -0.39485040 -0.18553152 -0.89981733
vn -0.40171751 -0.18683681 0.89650156
vn -0.46644492 -0.07452852 -0.88140492
vn -0.39825309 -0.07308709 -0.91435921
vn -0.40344403 -0.07346605 0.91205025
vn -0.46737290 0.04056292 -0.88312922
vn -0.39819407 0.04023688 -0.91641829
vn -0.40427143 0.04087067 0.91372545
vn -0.46200793 0.15544285 -0.87314729
vn -0.39494725 0.15327862 -0.90582688
vn -0.40166721 0.15473790 0.90261821
vn -0.45081081 0.26468534 -0.85247363
vn -0.38897041 0.26037437 -0.88368954
vn -0.46473768 0.27086692 0.84300059
vn -0.39707992 0.26523136 0.87862384
vn -0.39770293 0.32144674 -0.85936277
vn -0.40434356 0.38265665 -0.83071064
vn -0.41175236 0.39205767 0.82264863
vn -0.40742557 0.33191919 0.85078438
vn -0.45571320 0.48667332 -0.74530166
vn -0.39214854 0.47761439 -0.78619592
vn -0.46564510 0.50050093 0.72984482
vn -0.39744527 0.49050970 0.77552401
vn -0.39794356 0.53888192 -0.74246023
vn -0.46637331 0.60069867 -0.64935125
vn -0.40284996 0.58951313 -0.70013297
vn -0.47224892 0.62296746 0.62361246
vn -0.40549981 0.61384392 0.67732234
vn -0.40369428 0.55824494 0.72484033
vn -0.40611071 0.64928472 -0.64304233
vn -0.47620860 0.69354489 -0.54057456
vn -0.41713475 0.68463569 -0.59772281
vn -0.46708888 0.72754314 0.50250269
vn -0.40507878 0.72239931 0.56040201
vn -0.40687848 0.67641431 0.61393289
vn -0.42661261 0.72686554 -0.53820829
vn -0.45121405 0.77864205 -0.43603031
vn -0.52700673 0.78786107 -0.31865161
vn -0.47470349 0.78904994 -0.38994461
vn -0.47685123 0.83254815 0.28191574
vn -0.41846013 0.84088778 0.34321839
vn -0.41576625 0.81806539 0.39737570
vn -0.39966112 0.77202211 0.49421944
vn -0.52674777 0.78667650 -0.32198894
vn -0.52900743 0.83202915 -0.16696896
vn -0.50359211 0.86330976 -0.03303411
vn -0.46798005 0.87974090 0.08396798
vn -0.43886335 0.87872719 0.18771652
vn -0.41784615 0.86184066 0.28746353
vn -0.80584307 -0.48988312 -0.33261309
vn -0.66464978 -0.65247651 -0.36402620
vn -0.65406354 -0.53032979 -0.53939893
vn -0.87392848 -0.48560648 -0.02086507
vn -0.71907117 -0.69435855 -0.02833454
vn -0.82565442 -0.46162502 0.32434104
vn -0.68210993 -0.64835740 0.33816968
vn -0.69025323 -0.48179715 0.53983514
vn -0.70611461 -0.47809476 -0.52232898
vn -0.62269041 -0.46439553 -0.62975666
vn -0.56797303 -0.52410838 -0.63459991
vn -0.86517180 -0.41932248 -0.27503893
vn -0.94137281 -0.33736245 0.00195417
vn -0.88453628 -0.31012270 0.34845298
vn -0.67811263 -0.35010385 0.64621247
vn -0.74527965 -0.27467610 0.60754529
vn -0.60575366 -0.26461043 0.75036246
vn -0.52370705 -0.70262507 -0.48171458
vn -0.45406494 -0.64985693 -0.60951702
vn -0.41253739 -0.76867752 -0.48882283
vn -0.67400849 -0.62971577 -0.38622611
vn -0.84720991 -0.40292119 0.34625120
vn -0.71343057 -0.36976457 0.59522347
vn -0.56462871 -0.34497746 0.74978995
vn -0.35798582 -0.81716130 -0.45176716
vn -0.30776298 -0.82714545 -0.47022585
vn -0.29676803 -0.81298686 -0.50098014
vn -0.34595279 -0.83504522 -0.42780387
vn -0.46319480 -0.58874998 0.66243795
vn -0.35422791 -0.75944710 -0.54567636
vn -0.29105973 -0.78961022 -0.54018510
vn -0.29075163 -0.74568290 -0.59951689
vn -0.38065489 -0.68535855 0.62079426
vn -0.37390296 -0.66133560 0.65025518
vn -0.32796995 -0.65811885 0.67772804
vn -0.30693422 -0.64761845 0.69741073
vn -0.28934714 -0.70265420 -0.65004255
vn -0.28903746 -0.64135115 -0.71072220
vn -0.30250253 -0.63364335 0.71203112
vn -0.35065592 -0.53730600 -0.76703500
vn -0.28870794 -0.58719048 -0.75621100
vn -0.28443269 -0.52081308 -0.80489240
vn -0.29584632 -0.59204886 0.74963532
vn -0.29091141 -0.52456009 0.80012953
vn -0.29311756 -0.42411183 -0.85686128
vn -0.28731937 -0.46791786 0.83576339
vn -0.34796622 -0.41295509 0.84165765
vn -0.28335007 -0.40492458 0.86933815
vn -0.35118888 -0.30601654 -0.88488431
vn -0.29238777 -0.36538987 -0.88374184
vn -0.28587167 -0.29972767 -0.91018719
vn -0.28825432 -0.30087803 0.90905548
vn -0.28807840 -0.18785022 -0.93900113
vn -0.29071721 -0.18864063 0.93802890
vn -0.28856904 -0.07361719 -0.95462475
vn -0.28879687 -0.13065664 0.94843303
vn -0.34113743 -0.07353227 0.93713300
vn -0.28138910 -0.07235286 0.95686218
vn -0.28868172 0.04080708 -0.95655509
vn -0.34168780 0.04026558 0.93895055
vn -0.28177082 0.03986321 0.95865329
vn -0.28854319 0.15489498 -0.94485468
vn -0.29209859 0.15690991 0.94342869
vn -0.28533072 0.09745065 0.95346198
vn -0.28656708 0.26657177 -0.92022758
vn -0.28859465 0.26929311 0.91880049
vn -0.34195571 0.37532059 -0.86151073
vn -0.28028279 0.36918284 -0.88608442
vn -0.35216878 0.38896966 0.85128124
vn -0.28484238 0.37839136 0.88072970
vn -0.28403511 0.43041214 -0.85677853
vn -0.28836791 0.49144571 -0.82178164
vn -0.29261687 0.50588815 0.81145089
vn -0.29213316 0.44675094 0.84561919
vn -0.29425572 0.56094289 -0.77379367
vn -0.29562021 0.61402497 -0.73183470
vn -0.34386378 0.60463670 0.71845122
vn -0.28131064 0.59080322 0.75618508
vn -0.30276847 0.67623521 -0.67159302
vn -0.31065806 0.71198917 -0.62973248
vn -0.34468472 0.71803891 0.60465905
vn -0.28325081 0.70181870 0.65362030
vn -0.28284650 0.65127238 0.70416060
vn -0.33366247 0.75176299 -0.56878973
vn -0.43719569 0.77248782 -0.46056759
vn -0.37125539 0.74909994 -0.54865172
vn -0.36000282 0.84282318 0.40005882
vn -0.29692963 0.83833162 0.45720114
vn -0.29534743 0.80754189 0.51053500
vn -0.28287130 0.75300280 0.59411329
vn -0.45829440 0.72958523 -0.50761367
vn -0.65517848 0.65212075 -0.38141800
vn -0.64806667 0.58385553 -0.48900133
vn -0.64997887 0.73705963 -0.18512310
vn -0.58478663 0.81118661 -0.00093653
vn -0.49530260 0.85777298 0.13748034
vn -0.42253585 0.87499435 0.23632253
vn -0.34404368 0.89519301 0.28330799
vn -0.31336334 0.89835748 0.30782667
vn -0.29765945 0.86657338 0.40056139
vn -0.81556920 0.45355895 -0.35934825
vn -0.81139420 0.57556958 -0.10177972
vn -0.66258629 0.73485158 0.14481909
vn -0.50275387 0.82951040 0.24320987
vn -0.38829275 0.87715597 0.28253522
vn -0.53509830 -0.75565005 -0.37770731
vn -0.32442696 -0.87557562 -0.35793084
vn -0.34374051 -0.75499412 -0.55841413
vn -0.59764443 -0.80102447 -0.03436481
vn -0.34680828 -0.93737862 -0.03233158
vn -0.55532378 -0.75947652 0.33883761
vn -0.33402255 -0.88851490 0.31459532
vn -0.35985995 -0.76182491 0.53863125
vn -0.52121680 -0.53171694 -0.66754037
vn -0.33555296 -0.65946304 -0.67269064
vn -0.32943199 -0.53712336 -0.77651340
vn -0.55849024 -0.48245945 0.67477517
vn -0.35699342 -0.64936105 0.67148040
vn -0.33671451 -0.45283059 0.82557120
vn -0.30606785 -0.53242457 -0.78920628
vn -0.34682766 -0.27140567 0.89780262
vn -0.27409470 -0.62219085 -0.73331483
vn -0.24352835 -0.79092719 -0.56136274
vn -0.31207951 -0.32671283 0.89211272
vn -0.18377523 -0.84758281 -0.49782531
vn -0.18143712 -0.83684789 -0.51649413
vn -0.19656477 -0.85496891 -0.47999006
vn -0.26420568 -0.42424818 0.86614597
vn -0.35781901 -0.58085185 0.73114751
vn -0.24452552 -0.56929625 0.78492614
vn -0.17617291 -0.81279426 -0.55527344
vn -0.17670437 -0.76699879 -0.61683744
vn -0.20120239 -0.66759384 0.71682359
vn -0.18814535 -0.66216674 0.72535270
vn -0.17529086 -0.72334795 -0.66786291
vn -0.17528012 -0.65923429 -0.73122297
vn -0.17832528 -0.64979137 0.73889868
vn -0.23834134 -0.61579633 0.75099153
vn -0.17436212 -0.60049949 0.78038338
vn -0.17619011 -0.60438073 -0.77696910
vn -0.17424717 -0.53184825 -0.82871911
vn -0.17771330 -0.53493515 0.82599175
vn -0.23296827 -0.42026734 -0.87698412
vn -0.17434054 -0.47096540 -0.86475255
vn -0.17124264 -0.40723471 -0.89712644
vn -0.17605629 -0.48159056 0.85853056
vn -0.17308862 -0.41154222 0.89480351
vn -0.17355328 -0.30212861 -0.93733535
vn -0.17487976 -0.30346311 0.93665747
vn -0.17399561 -0.18828220 -0.96657920
vn -0.17393317 -0.24534207 0.95370568
vn -0.23212646 -0.18782884 0.95437814
vn -0.17192878 -0.18546149 0.96749394
vn -0.17453768 -0.07389835 -0.98187353
vn -0.17346673 -0.07329059 0.98210884
vn -0.17498691 0.04055114 -0.98373532
vn -0.17339504 0.04036556 0.98402479
vn -0.17520252 0.15465564 -0.97230947
vn -0.23342033 0.15575132 0.95982106
vn -0.17271230 0.15356819 0.97292717
vn -0.17494181 0.26889947 -0.94714753
vn -0.17631368 0.27271128 0.94580233
vn -0.17549044 0.21423988 0.96088729
vn -0.17298091 0.37542853 -0.91056632
vn -0.17411876 0.38264374 0.90734030
vn -0.17575129 0.44252005 -0.87936766
vn -0.17552405 0.50096592 -0.84748124
vn -0.23155726 0.50025256 0.83434322
vn -0.16972637 0.48183599 0.85966682
vn -0.23658123 0.60131781 -0.76318164
vn -0.17323353 0.57735277 -0.79790596
vn -0.17349796 0.60297837 0.77866266
vn -0.17348980 0.54530748 0.82008599
vn -0.17938287 0.63519784 -0.75122932
vn -0.25015355 0.69433556 -0.67477502
vn -0.18888009 0.66606561 -0.72158223
vn -0.17526778 0.71931147 0.67221441
vn -0.17497341 0.66963382 0.72178587
vn -0.20039736 0.70801141 -0.67717113
vn -0.31561994 0.71919741 -0.61898235
vn -0.24878363 0.67542553 -0.69419526
vn -0.23516155 0.83178618 0.50282283
vn -0.17501229 0.81393801 0.55396354
vn -0.17441415 0.77500806 0.60740613
vn -0.31188516 0.65826555 -0.68513803
vn -0.59225413 0.48932383 -0.64015407
vn -0.46440838 0.43037976 -0.77401428
vn -0.26996655 0.90313802 0.33385592
vn -0.20095156 0.89978477 0.38730588
vn -0.18560413 0.89081177 0.41473545
vn -0.17574510 0.84859819 0.49899376
vn -0.76771649 0.08804219 -0.63471251
vn -0.60779975 0.04914403 -0.79256818
vn -0.90396947 0.21748699 -0.36815567
vn -0.94672944 0.32196255 -0.00659399
vn -0.84163813 0.45024676 0.29819979
vn -0.64882159 0.57087561 0.50312183
vn -0.53042754 0.62798684 0.56945513
vn -0.32234169 0.85777709 0.40039268
vn -0.22792838 0.89512279 0.38314989
vn -0.80889913 0.07344944 -0.58334156
vn -0.64323620 0.06058948 -0.76326673
vn -0.94769837 0.11312465 -0.29844701
vn -0.98210981 0.16846318 0.08414554
vn -0.88488583 0.23837685 0.40019188
vn -0.69076574 0.30195407 0.65701327
vn -0.59241300 0.38417057 0.70813827
vn -0.76079876 0.18932950 -0.62075727
vn -0.77448335 0.36893594 -0.51386944
vn -0.89860030 0.34888907 -0.26607126
vn -0.92324315 0.36695699 0.11386244
vn -0.82581929 0.36281969 0.43172256
vn -0.66712512 0.38373524 0.63850711
vn -0.76550743 0.57580910 -0.28712759
vn -0.78776960 0.60087868 0.13551336
vn -0.69605902 0.54305434 0.46967417
vn 0.00803941 -0.92683729 -0.37537714
vn 0.01181782 -0.79325536 -0.60877440
vn 0.01070323 -0.99938952 -0.03325706
vn 0.01177479 -0.94388371 0.33006803
vn 0.00970914 -0.81013439 0.58616380
vn 0.00705488 -0.70020423 -0.71390774
vn 0.00356864 -0.56093339 -0.82785325
vn 0.00848629 -0.69725518 0.71677277
vn 0.01078294 -0.46926869 0.88298959
vn -0.01002569 -0.52335388 -0.85205646
vn -0.00342495 -0.28234851 0.95930578
vn -0.13528278 -0.80158918 -0.58236875
vn -0.04949827 -0.77421721 -0.63098148
vn -0.05292518 -0.84223457 -0.53650709
vn -0.02091832 -0.62250688 -0.78233472
vn -0.02775024 -0.21300212 0.97665758
vn -0.17284759 -0.34641738 0.92201882
vn -0.03147328 -0.35899473 0.93280878
vn -0.05620815 -0.86205104 -0.50369500
vn -0.05971471 -0.85009439 -0.52323386
vn -0.05647295 -0.58599140 0.80834701
vn -0.11725565 -0.74595447 -0.65559366
vn -0.05803484 -0.77235982 -0.63252847
vn -0.05922257 -0.72314241 -0.68815532
vn -0.05839032 -0.82554819 -0.56130273
vn -0.05448686 -0.67683462 0.73411584
vn -0.05752807 -0.67505660 0.73551962
vn -0.11698405 -0.65097114 -0.75003421
vn -0.05933244 -0.67693763 -0.73364508
vn -0.05776445 -0.61733363 -0.78457789
vn -0.05845665 -0.66044987 0.74859120
vn -0.05900291 -0.60813616 0.79163695
vn -0.05977202 -0.53801857 -0.84081111
vn -0.05937274 -0.56272993 0.82450585
vn -0.11711991 -0.51477252 0.84928922
vn -0.05823687 -0.50404557 0.86171140
vn -0.06003167 -0.47758122 -0.87653430
vn -0.05882090 -0.41034624 -0.91003081
vn -0.05906277 -0.41339592 0.90863381
vn -0.05923701 -0.30264347 -0.95126122
vn -0.05855051 -0.35142959 0.93438166
vn -0.11607640 -0.29662841 0.94791237
vn -0.05841112 -0.29297541 0.95433409
vn -0.05956731 -0.18889936 -0.98018813
vn -0.05920936 -0.18707661 0.98055933
vn -0.11723433 -0.07405532 -0.99033930
vn -0.05978559 -0.13149161 -0.98951283
vn -0.05926587 -0.07341178 -0.99553918
vn -0.05950079 -0.07358751 0.99551220
vn -0.11752122 0.04043151 -0.99224697
vn -0.05938353 0.04006500 -0.99743090
vn -0.05968293 0.04053898 0.99739387
vn -0.11612534 0.15260296 -0.98144141
vn -0.05872295 0.15135596 -0.98673349
vn -0.05946968 0.15422651 0.98624416
vn -0.05894830 0.20912840 -0.97610983
vn -0.05990347 0.26916888 -0.96122822
vn -0.11741485 0.27076133 0.95545908
vn -0.05891258 0.26389607 0.96275032
vn -0.05968429 0.37894683 -0.92349179
vn -0.06030096 0.38583799 0.92059374
vn -0.05993469 0.32434410 0.94403852
vn -0.06048181 0.44863712 -0.89166512
vn -0.06128248 0.50548160 -0.86065836
vn -0.05945562 0.48543354 0.87224957
vn -0.06162024 0.58054469 -0.81189335
vn -0.05987348 0.61045695 0.78978318
vn -0.06004267 0.55283563 0.83112433
vn -0.06366437 0.64226178 -0.76383680
vn -0.06835673 0.67109053 -0.73821735
vn -0.06026792 0.72908124 0.68176853
vn -0.06010795 0.67896502 0.73170590
vn -0.07822851 0.71022927 -0.69961039
vn -0.10629969 0.66043750 -0.74331870
vn -0.06148901 0.82423238 0.56290327
vn -0.06045324 0.78594094 0.61533913
vn -0.16744758 0.61286064 -0.77224552
vn -0.27402271 0.36038576 -0.89164660
vn -0.07560837 0.91074732 0.40598361
vn -0.06659578 0.90233903 0.42585123
vn -0.06191414 0.86006387 0.50641561
vn -0.36078453 -0.02861377 -0.93221016
vn -0.24371091 0.63903029 0.72955142
vn -0.15006619 0.83096773 0.53569840
vn -0.10007251 0.89201817 0.44078234
vn -0.37138158 0.04170188 -0.92754336
vn -0.54632070 0.30266540 0.78097846
vn -0.33848421 0.32215694 0.88410596
vn -0.64547217 0.37064974 -0.66782067
vn -0.36554760 0.33797691 -0.86726384
vn -0.37702490 0.42148720 0.82474285
vn -0.33770506 0.27183219 0.90114513
vn -0.40768728 0.59800286 -0.69006062
vn -0.64366972 0.70961266 -0.28659932
vn -0.41138701 0.73548337 -0.53835392
vn -0.66799641 0.73111131 0.13876978
vn -0.56942516 0.66485901 0.48344336
vn -0.35400637 0.65057952 0.67188227
vn -0.36877629 0.89162836 -0.26268407
vn -0.37547830 0.91820450 0.12616076
vn -0.34331078 0.81915730 0.45947690
vn 0.33938299 -0.87212774 -0.35243777
vn 0.35591192 -0.75415963 -0.55187857
vn 0.36108510 -0.93205506 -0.02984808
vn 0.34591201 -0.88455171 0.31291078
vn 0.37244452 -0.76070540 0.53161299
vn 0.34563056 -0.66984285 -0.65715300
vn 0.31463003 -0.55740523 -0.76831462
vn 0.36739987 -0.64898976 0.66620539
vn 0.33840082 -0.45981698 0.82100745
vn 0.28845217 -0.55633973 -0.77928265
vn 0.34359198 -0.29757760 0.89072561
vn 0.02937353 -0.85188795 -0.52289972
vn 0.12532067 -0.82937843 -0.54445032
vn 0.23199039 -0.69113289 -0.68448213
vn 0.12217314 -0.33259805 0.93512152
vn 0.26647620 -0.38709869 0.88269193
vn 0.07160010 -0.86772779 -0.49185558
vn 0.06232659 -0.85207715 -0.51969215
vn 0.09833364 -0.87830707 -0.46787518
vn 0.19770901 -0.47907282 0.85521949
vn 0.13893299 -0.61846018 0.77343689
vn 0.05472287 -0.77330172 -0.63167227
vn 0.05454396 -0.72415125 -0.68748085
vn 0.05856667 -0.82678398 -0.55946242
vn 0.08648627 -0.68843237 0.72012568
vn 0.07069662 -0.68294034 0.72704503
vn 0.05385746 -0.67691671 -0.73408660
vn 0.05364538 -0.61746702 -0.78476535
vn 0.06178797 -0.66336884 0.74573724
vn 0.05832752 -0.61022283 0.79007974
vn 0.05492741 -0.53815312 -0.84105541
vn 0.05628746 -0.56376588 0.82401442
vn 0.05440935 -0.50475027 0.86154906
vn 0.05516211 -0.47775395 -0.87676012
vn 0.05455039 -0.40992234 -0.91048775
vn 0.05457679 -0.41356918 0.90883547
vn 0.05525628 -0.30272272 -0.95147554
vn 0.05463586 -0.35199259 0.93440684
vn 0.05362001 -0.29314358 0.95456364
vn 0.05503074 -0.18932460 -0.98037126
vn 0.05454306 -0.18693013 0.98085788
vn 0.05484983 -0.13153536 -0.98979288
vn 0.05436816 -0.07344456 -0.99581625
vn 0.05479540 -0.07376423 0.99576920
vn 0.05444425 0.04006848 -0.99771255
vn 0.05463439 0.04036992 0.99769001
vn 0.05384688 0.15137269 -0.98700903
vn 0.05439697 0.15437821 0.98651322
vn 0.05439581 0.20933130 -0.97633063
vn 0.05438818 0.26862647 -0.96170772
vn 0.05406200 0.26394706 0.96302090
vn 0.05396831 0.37940882 -0.92365381
vn 0.05474864 0.38529801 0.92116667
vn 0.05498279 0.32443179 0.94430975
vn 0.05497002 0.44865177 -0.89201451
vn 0.05482441 0.50458886 -0.86161730
vn 0.05383257 0.48613663 0.87222315
vn 0.05386046 0.58061634 -0.81239382
vn 0.05485568 0.61058775 0.79004649
vn 0.05505446 0.55298926 0.83136748
vn 0.05484346 0.64093478 -0.76563360
vn 0.05561326 0.66851847 -0.74161326
vn 0.05495423 0.72918251 0.68210915
vn 0.05494048 0.67910296 0.73198410
vn 0.05431052 0.70359713 -0.70852060
vn 0.06029345 0.64750375 -0.75967335
vn 0.05495257 0.82408889 0.56378872
vn 0.05467078 0.78597604 0.61583502
vn 0.05006390 0.56742580 -0.82190119
vn 0.04497330 0.30820439 -0.95025652
vn 0.05573806 0.90806656 0.41510046
vn 0.05408214 0.90138988 0.42961773
vn 0.05428263 0.85972929 0.50785720
vn 0.02616534 -0.06055102 -0.99782210
vn 0.05500141 0.59770320 0.79982856
vn 0.04900748 0.81414947 0.57858353
vn 0.04998062 0.87962577 0.47303324
vn 0.01533048 0.03239868 -0.99935744
vn 0.02905068 0.32164166 0.94641571
vn 0.01123949 0.34538165 -0.93839501
vn -0.18790125 0.41436702 0.89050160
vn 0.01690642 0.39600956 0.91809074
vn -0.19814111 0.70408040 -0.68191707
vn 0.01054473 0.62643463 -0.77940263
vn 0.01314238 0.68286927 0.73042237
vn 0.01392302 0.55464240 0.83197233
vn 0.01195552 0.81244153 -0.58292009
vn 0.01163030 0.96175053 -0.27367986
vn 0.01424599 0.99087590 0.13402236
vn 0.01511274 0.87692581 0.48038809
vn 0.53873739 -0.75491785 -0.37398003
vn 0.60111001 -0.79868093 -0.02784833
vn 0.56233743 -0.75583710 0.33539065
vn 0.51026836 -0.58406339 -0.63126552
vn 0.64811134 -0.55549243 -0.52094132
vn 0.66341273 -0.66107889 -0.35051141
vn 0.71995724 -0.69370992 -0.02069109
vn 0.67995325 -0.65235253 0.33481301
vn 0.55847243 -0.49492250 0.66570284
vn 0.68260962 -0.50383247 0.52933632
vn 0.62118818 -0.52683711 -0.58014473
vn 0.51786287 -0.60035476 -0.60941957
vn 0.64107238 -0.38576283 0.66348567
vn 0.57120454 -0.32745712 0.75266009
vn 0.39832727 -0.74844820 -0.53024587
vn 0.30571442 -0.82936543 -0.46764482
vn 0.49218100 -0.44568811 0.74774325
vn 0.19138958 -0.86248057 -0.46850538
vn 0.18267717 -0.84252730 -0.50673148
vn 0.22547162 -0.87974434 -0.41858386
vn 0.36663748 -0.58302651 0.72502210
vn 0.27461835 -0.65791117 0.70124009
vn 0.11337063 -0.75108907 -0.65039396
vn 0.17342914 -0.76886252 -0.61544517
vn 0.17465048 -0.81661090 -0.55013076
vn 0.21632901 -0.70164560 0.67889264
vn 0.19297128 -0.68179761 0.70563029
vn 0.11221909 -0.63200446 -0.76679674
vn 0.17170225 -0.65961337 -0.73172982
vn 0.17236971 -0.72508754 -0.66673589
vn 0.17987350 -0.65923790 0.73010336
vn 0.17191662 -0.60635909 0.77638478
vn 0.17075608 -0.60488619 -0.77778857
vn 0.16943404 -0.53255335 -0.82926415
vn 0.11368439 -0.53067745 0.83991505
vn 0.17324302 -0.53710504 0.82553318
vn 0.16912805 -0.47133623 -0.86558527
vn 0.16607830 -0.40707873 -0.89816753
vn 0.17292171 -0.48334069 0.85818405
vn 0.16993937 -0.41102492 0.89564453
vn 0.16853953 -0.30154450 -0.93843771
vn 0.11185378 -0.30181126 0.94678334
vn 0.17101584 -0.30477635 0.93694448
vn 0.16980344 -0.18898805 -0.96718680
vn 0.16944765 -0.24574723 0.95440861
vn 0.16709081 -0.18546800 0.96833996
vn 0.11231294 -0.07407040 -0.99090836
vn 0.16999996 -0.07435554 -0.98263486
vn 0.16841422 -0.07346406 0.98297491
vn 0.16973939 -0.01687027 -0.98534458
vn 0.16551035 0.03956252 -0.98541419
vn 0.16865918 0.04014177 0.98485670
vn 0.16685360 0.09665894 -0.98123235
vn 0.11139551 0.15358137 -0.98183695
vn 0.16914624 0.15437166 -0.97342639
vn 0.16804674 0.15383608 0.97370157
vn 0.16884671 0.26816029 -0.94846236
vn 0.11212693 0.26740901 0.95703708
vn 0.17057532 0.27164913 0.94715934
vn 0.17027003 0.21419569 0.96183591
vn 0.16734091 0.37676462 -0.91106830
vn 0.16863677 0.38313175 0.90816942
vn 0.17037862 0.44252276 -0.88042304
vn 0.17095119 0.49961778 -0.84921008
vn 0.16577784 0.48253460 0.86004539
vn 0.16759467 0.57592657 -0.80013787
vn 0.16849657 0.60347911 0.77937274
vn 0.16749592 0.54538359 0.82128062
vn 0.17171557 0.63158268 -0.75605362
vn 0.17863919 0.65860119 -0.73098051
vn 0.17004978 0.71962517 0.67321816
vn 0.16985080 0.67005620 0.72261704
vn 0.18719555 0.69181764 -0.69738524
vn 0.21898221 0.63858681 -0.73773551
vn 0.17028725 0.81304055 0.55674708
vn 0.16906757 0.77524795 0.60861052
vn 0.27160429 0.56713691 -0.77755182
vn 0.37501591 0.29115371 -0.88010941
vn 0.18903203 0.89228607 0.40999081
vn 0.17475996 0.88823728 0.42484526
vn 0.16905351 0.84740362 0.50331701
vn 0.39944443 -0.05420823 -0.91515333
vn 0.37084173 0.55415573 0.74524348
vn 0.27966768 0.81111949 0.51368391
vn 0.22203506 0.86941308 0.44138570
vn 0.40263235 0.03123997 -0.91482854
vn 0.37702176 0.28844510 0.88014432
vn 0.39173872 0.33303854 -0.85768648
vn 0.22206427 0.40906661 0.88507173
vn 0.41672738 0.40305671 0.81479051
vn 0.42909286 0.26464995 0.86362013
vn 0.43405279 0.59012547 -0.68069825
vn 0.22331011 0.72181914 -0.65506468
vn 0.43209748 0.72892305 -0.53100184
vn 0.37721736 0.64332058 0.66621745
vn 0.38887591 0.88318796 -0.26221088
vn 0.39420163 0.90970548 0.13054120
vn 0.36404325 0.81337073 0.45376267
vn 0.78349110 -0.53370933 -0.31827041
vn 0.85348189 -0.52088052 -0.01587936
vn 0.80908476 -0.49029886 0.32401987
vn 0.64636082 -0.57211223 -0.50488146
vn 0.81198677 -0.53134325 -0.24156125
vn 0.89742697 -0.44019528 0.02920514
vn 0.84918440 -0.39923946 0.34567863
vn 0.71181887 -0.35635911 0.60524548
vn 0.38652206 -0.84144423 -0.37758747
vn 0.49946958 -0.80085407 -0.33039810
vn 0.64297288 -0.70329183 -0.30325976
vn 0.80529827 -0.57172625 -0.15691971
vn 0.87860162 -0.47371468 0.06044503
vn 0.81800265 -0.45237160 0.35529086
vn 0.63329904 -0.49087860 0.59830639
vn 0.67998528 -0.57083786 0.46017840
vn 0.29941616 -0.84603835 -0.44109985
vn 0.29237482 -0.82288148 -0.48721971
vn 0.33073911 -0.86793134 -0.37054937
vn 0.38646594 -0.87041716 -0.30498859
vn 0.54197319 -0.66172506 0.51805887
vn 0.36057595 -0.69241000 0.62494269
vn 0.41866948 -0.72391115 0.54833249
vn 0.28725427 -0.79532534 -0.53380014
vn 0.28712948 -0.74877352 -0.59740679
vn 0.36296191 -0.74543166 0.55909775
vn 0.25825314 -0.70852115 0.65673670
vn 0.31951571 -0.72752226 0.60714172
vn 0.28516004 -0.70505807 -0.64928951
vn 0.28442163 -0.64300726 -0.71108790
vn 0.30582912 -0.70015647 0.64517398
vn 0.23588634 -0.63710157 0.73379781
vn 0.29515854 -0.64590001 0.70405583
vn 0.28381624 -0.58835906 -0.75715385
vn 0.27992782 -0.52161165 -0.80595391
vn 0.29399999 -0.59760571 0.74594331
vn 0.28685017 -0.52763522 0.79957367
vn 0.22786195 -0.41603708 -0.88033635
vn 0.28874269 -0.42434055 -0.85823235
vn 0.28383539 -0.47013752 0.83570819
vn 0.27807283 -0.40538116 0.87082812
vn 0.28702196 -0.36574875 -0.88535092
vn 0.28054893 -0.29946048 -0.91192967
vn 0.28357354 -0.30134048 0.91037353
vn 0.28257139 -0.18770979 -0.94070104
vn 0.22740166 -0.18802250 0.95547686
vn 0.28680650 -0.19006688 0.93894441
vn 0.28379205 -0.07461827 -0.95597813
vn 0.28054564 -0.13050617 0.95092706
vn 0.27685636 -0.07250627 0.95817190
vn 0.22332377 0.03951351 -0.97394311
vn 0.28376618 0.03988964 -0.95806345
vn 0.27723741 0.03982338 0.95997579
vn 0.28339112 0.15407560 -0.94654645
vn 0.22883397 0.15625564 0.96084296
vn 0.28635770 0.15584149 0.94536379
vn 0.28536182 0.09791995 0.95340459
vn 0.28229952 0.26703277 -0.92141222
vn 0.28368482 0.26923034 0.92034664
vn 0.27647868 0.36984618 -0.88700245
vn 0.28107857 0.37970982 0.88137126
vn 0.28045264 0.43066533 -0.85783080
vn 0.28352502 0.49058659 -0.82397716
vn 0.22643370 0.49277704 0.84017770
vn 0.28845201 0.50597706 0.81288538
vn 0.28684911 0.44721457 0.84718163
vn 0.29021955 0.56040473 -0.77570558
vn 0.23026125 0.59483665 -0.77016175
vn 0.29283280 0.60976378 -0.73650328
vn 0.27709728 0.59110744 0.75750188
vn 0.29846123 0.67187870 -0.67786422
vn 0.24462128 0.68265822 -0.68857692
vn 0.31095587 0.69810651 -0.64494476
vn 0.28067497 0.70102329 0.65558212
vn 0.28028155 0.65234029 0.70419769
vn 0.33201304 0.73073372 -0.59648602
vn 0.31215129 0.66175437 -0.68164707
vn 0.39325038 0.68682984 -0.61124373
vn 0.22991005 0.82735687 0.51246656
vn 0.29242328 0.83682793 0.46282571
vn 0.28935316 0.80779795 0.51355352
vn 0.27782083 0.75335627 0.59604523
vn 0.51979778 0.61530440 -0.59263038
vn 0.56942874 0.33940272 -0.74870335
vn 0.70399556 0.37092475 -0.60564436
vn 0.26233594 0.89465191 0.36163215
vn 0.34314208 0.87817151 0.33326912
vn 0.30818205 0.89155779 0.33188633
vn 0.29254176 0.86279951 0.41230610
vn 0.67758177 -0.01647165 -0.73526297
vn 0.81682647 0.00364952 -0.57687192
vn 0.59975675 0.46539061 0.65092505
vn 0.69805390 0.45587821 0.55217371
vn 0.53990634 0.68007799 0.49597890
vn 0.43447005 0.81207240 0.38958207
vn 0.70919766 0.04816253 -0.70336267
vn 0.83309134 0.05480824 -0.55041336
vn 0.59513403 0.26356227 0.75917746
vn 0.72520169 0.22190720 0.65179729
vn 0.66317094 0.35935890 -0.65655577
vn 0.78274805 0.36384948 -0.50489509
vn 0.68586075 0.36354134 0.63042266
vn 0.77884415 0.55990173 -0.28268682
vn 0.65933681 0.69628252 -0.28366462
vn 0.80387118 0.58033497 0.13039342
vn 0.68117262 0.71966495 0.13448503
vn 0.71707711 0.52339009 0.46028603
vn 0.58441577 0.65617967 0.47737453
vn 0.55142053 -0.80411466 -0.22211488
vn 0.64906731 -0.75685727 -0.07667262
vn 0.71812812 -0.68748034 0.10799441
vn 0.70942972 -0.61796083 0.33887149
vn 0.35032561 -0.83149588 -0.43114564
vn 0.41111775 -0.82877843 -0.37961626
vn 0.42148522 -0.84392447 -0.33187604
vn 0.46056816 -0.85424246 -0.24113647
vn 0.51706824 -0.84253983 -0.15088760
vn 0.57921019 -0.81483268 -0.02373305
vn 0.61189879 -0.77931204 0.13510224
vn 0.59741626 -0.74316772 0.30132300
vn 0.48911758 -0.75049338 0.44443637
vn 0.51334157 -0.77704679 0.36425089
vn 0.34995659 -0.76053762 -0.54691216
vn 0.41047045 -0.76679822 -0.49349216
vn 0.40575988 -0.80677428 -0.42950457
vn 0.47781310 -0.77648941 0.41080267
vn 0.43929530 -0.73318160 0.51909959
vn 0.41994443 -0.70620570 0.57001771
vn 0.38776676 -0.67671564 -0.62585372
vn 0.38738675 -0.62023856 -0.68208184
vn 0.40967159 -0.72852097 -0.54902312
vn 0.40719933 -0.67497786 0.61529959
vn 0.40184114 -0.62162647 0.67238697
vn 0.34618307 -0.53425586 -0.77118607
vn 0.40823031 -0.54325482 -0.73363629
vn 0.39686767 -0.57395951 0.71628663
vn 0.39061898 -0.51222825 0.76487844
vn 0.40550140 -0.48544809 -0.77453778
vn 0.39615577 -0.41480331 -0.81914518
vn 0.34375633 -0.41621266 0.84178299
vn 0.40460589 -0.42107766 0.81178056
vn 0.34696951 -0.30726722 -0.88611456
vn 0.40568407 -0.30813867 -0.86050624
vn 0.39947516 -0.36130625 0.84254222
vn 0.39037117 -0.29556464 0.87192425
vn 0.40234477 -0.24834901 -0.88115916
vn 0.39009237 -0.18523963 -0.90195023
vn 0.39654586 -0.18767493 0.89862645
vn 0.39324598 -0.07368296 -0.91647609
vn 0.33660188 -0.07313510 0.93880266
vn 0.39960887 -0.07415308 0.91368160
vn 0.39425195 0.03966578 -0.91814597
vn 0.33747625 0.04057983 0.94045896
vn 0.39916480 0.04031060 0.91599264
vn 0.39203222 0.15260420 -0.90720598
vn 0.39738347 0.15417405 0.90460861
vn 0.38554400 0.26117581 -0.88495368
vn 0.39344206 0.26653348 0.87986547
vn 0.39160134 0.32144603 -0.86216056
vn 0.33778157 0.37680520 -0.86250881
vn 0.39967847 0.38270462 -0.83294315
vn 0.38345366 0.36984378 0.84627352
vn 0.38794241 0.47672991 -0.78881511
vn 0.39552355 0.48900527 0.77745416
vn 0.38834837 0.42993636 0.81507072
vn 0.39303124 0.53768213 -0.74593859
vn 0.39774580 0.58740512 -0.70480743
vn 0.33977902 0.60827223 0.71732497
vn 0.40020742 0.61555229 0.67891782
vn 0.39877201 0.55915947 0.72685732
vn 0.40293223 0.64368289 -0.65062889
vn 0.41494367 0.67430975 -0.61084214
vn 0.34038663 0.71258221 0.61348474
vn 0.40126043 0.72302141 0.56234341
vn 0.40042922 0.67714540 0.61735772
vn 0.43417675 0.70458617 -0.56129215
vn 0.48474407 0.68728276 -0.54098576
vn 0.39855245 0.80216410 0.44462197
vn 0.39782817 0.77222944 0.49537304
vn 0.56618091 0.64348397 -0.51513838
vn 0.62556554 0.70193805 -0.34051539
vn 0.78881364 0.47994684 -0.38395842
vn 0.74875226 0.60995766 -0.25946428
vn 0.56338582 0.79411120 0.22799961
vn 0.69709395 0.70668373 0.12107076
vn 0.50226796 0.85559533 0.12523385
vn 0.44597810 0.86528894 0.22886367
vn 0.43733576 0.85801808 0.26933699
vn 0.42138472 0.85409760 0.30488066
vn 0.39900217 0.82880577 0.39227320
vn 0.94246784 0.07789060 -0.32509603
vn 0.90251050 0.40057031 -0.15817150
vn 0.97703573 0.21244753 -0.01634719
vn 0.83515148 0.54576845 0.06825540
vn 0.87989134 0.37079978 0.29715105
vn 0.95679645 0.07141537 -0.28185172
vn 0.98973368 0.10713853 0.09459692
vn 0.89891270 0.16400744 0.40627271
vn 0.90671753 0.33418280 -0.25726480
vn 0.93025597 0.34805649 0.11610556
vn 0.83651530 0.34530196 0.42545119
vn 0.46784217 -0.82367852 -0.32043315
vn 0.49478053 -0.84225215 -0.21401760
vn 0.52156250 -0.84734880 -0.09986273
vn 0.55802660 -0.82902278 -0.03643535
vn 0.58704389 -0.80940070 0.01581059
vn 0.56475696 -0.81080338 0.15377729
vn 0.57740152 -0.81198411 0.08537735
vn 0.55757202 -0.78032339 0.28321166
vn 0.47274528 -0.76747038 -0.43301399
vn 0.52397572 -0.76536211 -0.37372488
vn 0.51793403 -0.79600551 -0.31324042
vn 0.53833406 -0.81767711 -0.20396220
vn 0.55429547 -0.82734580 -0.09085960
vn 0.57014720 -0.80829585 0.14693532
vn 0.56293031 -0.78064138 0.27149309
vn 0.54108529 -0.74616860 0.38789062
vn 0.48192895 -0.71326469 0.50891843
vn 0.53055249 -0.72023404 0.44696418
vn 0.44888728 -0.62883851 -0.63487191
vn 0.50576531 -0.63308865 -0.58600359
vn 0.50285878 -0.68815674 -0.52304241
vn 0.52841960 -0.73030740 -0.43292473
vn 0.52469115 -0.68771381 0.50174586
vn 0.46664281 -0.63195495 0.61877090
vn 0.52304471 -0.63727730 0.56595219
vn 0.50485284 -0.58223825 -0.63727720
vn 0.50096613 -0.51875639 -0.69276601
vn 0.51991898 -0.58967141 0.61803875
vn 0.45676320 -0.52351252 0.71923711
vn 0.51510117 -0.52690342 0.67604998
vn 0.46704585 -0.42602273 -0.77483728
vn 0.52564255 -0.42747323 -0.73550428
vn 0.51194113 -0.47074801 0.71854895
vn 0.50132336 -0.40521240 0.76451148
vn 0.52105177 -0.36668334 -0.77074534
vn 0.50552457 -0.29915059 -0.80929218
vn 0.45649995 -0.30090435 0.83729587
vn 0.51749421 -0.30385679 0.79991924
vn 0.45530397 -0.18909096 -0.87002466
vn 0.51750186 -0.18839988 -0.83468396
vn 0.50262319 -0.24245110 0.82981166
vn 0.49249917 -0.18231657 0.85100249
vn 0.46249215 -0.07450608 -0.88348733
vn 0.52302297 -0.07502761 -0.84900991
vn 0.49690562 -0.07337015 0.86469742
vn 0.46341634 0.04057175 -0.88521140
vn 0.52300342 0.04029939 -0.85137734
vn 0.49811256 0.03965577 0.86620511
vn 0.45812324 0.15544018 -0.87519224
vn 0.51858608 0.15555641 -0.84075602
vn 0.49500157 0.15103101 0.85566528
vn 0.44665021 0.26355124 -0.85501130
vn 0.50948639 0.26663039 -0.81812704
vn 0.46099866 0.27222852 0.84461344
vn 0.52035296 0.27252383 0.80929819
vn 0.51436880 0.21161261 0.83105045
vn 0.49581590 0.37031337 -0.78551550
vn 0.44465925 0.37530866 0.81327828
vn 0.50351851 0.37980304 0.77602755
vn 0.50612443 0.43284001 -0.74598096
vn 0.45147524 0.48374629 -0.74977305
vn 0.51098498 0.48963451 -0.70650718
vn 0.46062947 0.50019443 0.73322986
vn 0.52187333 0.50631907 0.68650509
vn 0.51606937 0.44639909 0.73102685
vn 0.51819543 0.55405789 -0.65153154
vn 0.46446946 0.59778656 -0.65339066
vn 0.52358246 0.60207234 -0.60280204
vn 0.49419777 0.58570889 0.64242794
vn 0.52580207 0.65728355 -0.53991714
vn 0.48215990 0.68154344 -0.55047286
vn 0.53711883 0.68677937 -0.48973204
vn 0.46290982 0.72959500 0.50339412
vn 0.51907175 0.72700476 0.44947591
vn 0.52409261 0.68487290 0.50623714
vn 0.49458623 0.64065273 0.58732320
vn 0.54754916 0.71888825 -0.42824011
vn 0.55294518 0.69359490 -0.46171175
vn 0.56902160 0.76206689 -0.30897974
vn 0.57915948 0.74134198 -0.33909639
vn 0.61832643 0.74406192 -0.25306970
vn 0.47780867 0.82957874 0.28896020
vn 0.52536121 0.81890518 0.23106254
vn 0.52900676 0.79984660 0.28354411
vn 0.50865573 0.76896841 0.38724273
vn 0.45411648 0.80134576 0.38938822
vn 0.64571548 0.74245889 -0.17834326
vn 0.76344310 0.62936982 -0.14508021
vn 0.61529297 0.78768398 -0.03112090
vn 0.69655647 0.71675182 0.03280108
vn 0.57562533 0.81460026 0.07128744
vn 0.54227822 0.81925660 0.18642147
vn 0.60292819 -0.79742222 0.02440080
vn 0.58140524 -0.75204308 -0.31048213
vn 0.62846039 -0.73680422 -0.24931323
vn 0.61386721 -0.76594394 -0.19104168
vn 0.62514807 -0.77634753 -0.08046370
vn 0.63252014 -0.77386027 0.03253534
vn 0.63297370 -0.75961342 0.14943809
vn 0.60616982 -0.74651973 0.27434730
vn 0.64075597 -0.73817457 0.21102153
vn 0.58374560 -0.71605984 0.38275236
vn 0.56646299 -0.63402622 -0.52643179
vn 0.61818482 -0.62951701 -0.47069721
vn 0.60894665 -0.67951725 -0.40919468
vn 0.63423391 -0.70922361 -0.30781363
vn 0.64882686 -0.71089941 0.27137747
vn 0.62696593 -0.68084877 0.37862736
vn 0.58382769 -0.63698295 0.50338648
vn 0.63188759 -0.63544767 0.44376156
vn 0.56542411 -0.52344117 -0.63742052
vn 0.61914312 -0.52268839 -0.58605345
vn 0.61951717 -0.58329673 -0.52532218
vn 0.63311707 -0.58998717 0.50107675
vn 0.58030614 -0.53057076 0.61785067
vn 0.63294077 -0.53135222 0.56307264
vn 0.61740065 -0.46760208 -0.63258575
vn 0.60640481 -0.40544346 -0.68402398
vn 0.62950962 -0.47587576 0.61421486
vn 0.56623823 -0.41045451 0.71477365
vn 0.62054033 -0.41184000 0.66732115
vn 0.57376890 -0.30394097 -0.76053214
vn 0.63016245 -0.30373384 -0.71459152
vn 0.61055508 -0.35196056 0.70946900
vn 0.59970983 -0.29229009 0.74492592
vn 0.62389913 -0.24281961 -0.74282468
vn 0.59972502 -0.18178683 -0.77928393
vn 0.55342359 -0.18372733 0.81238328
vn 0.61189357 -0.18617679 0.76871611
vn 0.60495601 -0.07378138 -0.79283323
vn 0.56257916 -0.07423930 0.82340344
vn 0.61955942 -0.07403715 0.78145034
vn 0.60646307 0.03947714 -0.79413103
vn 0.56365675 0.04065015 0.82500826
vn 0.62073821 0.04052186 0.78297002
vn 0.60247913 0.15093859 -0.78373238
vn 0.55727485 0.15394910 0.81593162
vn 0.61461315 0.15388759 0.77367259
vn 0.62486051 0.21113333 -0.75164623
vn 0.57987272 0.27067164 -0.76842989
vn 0.63674705 0.27028031 -0.72215078
vn 0.60374221 0.26182545 0.75295603
vn 0.55821967 0.37439476 -0.74041837
vn 0.61341215 0.37665336 -0.69415977
vn 0.57326202 0.38475632 0.72341774
vn 0.62745463 0.38618848 0.67613545
vn 0.61823476 0.32352860 0.71632048
vn 0.62581311 0.43876055 -0.64486210
vn 0.57710585 0.49478410 -0.64972112
vn 0.63137087 0.49495410 -0.59698515
vn 0.58857694 0.51120574 0.62629536
vn 0.64095368 0.51107556 0.57269551
vn 0.63849758 0.45166647 0.62315186
vn 0.63409404 0.55654738 -0.53682377
vn 0.58491502 0.60467304 -0.54059683
vn 0.63614937 0.60248650 -0.48200000
vn 0.58911545 0.62559094 0.51144791
vn 0.63956835 0.62189014 0.45189045
vn 0.64213864 0.57218330 0.51016100
vn 0.55249132 0.58884859 0.58992430
vn 0.63280063 0.65324190 -0.41573836
vn 0.59191811 0.68580714 -0.42344010
vn 0.63551853 0.68315407 -0.35974536
vn 0.57621727 0.71958950 0.38751080
vn 0.62336285 0.70989900 0.32781423
vn 0.62947603 0.67383884 0.38691233
vn 0.63531451 0.71161736 -0.29996033
vn 0.64671757 0.74010205 -0.18440536
vn 0.63022866 0.75495753 -0.18124836
vn 0.64815785 0.75865174 -0.06587061
vn 0.62051549 0.78205508 -0.05788246
vn 0.64128198 0.76569950 0.04961556
vn 0.60378309 0.79494568 0.05922281
vn 0.62772064 0.76128785 0.16250416
vn 0.58341648 0.79402049 0.17075324
vn 0.61134658 0.74456036 0.26811419
vn 0.66818761 -0.71903429 -0.19108901
vn 0.68077034 -0.72822797 -0.07896694
vn 0.68487780 -0.72774460 0.03647184
vn 0.67954269 -0.71812336 0.15006857
vn 0.66748611 -0.62138384 -0.41029797
vn 0.69742936 -0.64778202 -0.30654646
vn 0.72692729 -0.64121423 -0.24580687
vn 0.71416203 -0.67408136 -0.18864493
vn 0.72596886 -0.68343028 -0.07676114
vn 0.72874206 -0.68372123 0.03821369
vn 0.72277201 -0.67442998 0.15081387
vn 0.70948141 -0.64998268 0.27232087
vn 0.74669199 -0.63084984 0.21090174
vn 0.68202898 -0.62588663 0.37828877
vn 0.67575919 -0.52006918 -0.52237684
vn 0.71840836 -0.51723166 -0.46514605
vn 0.71367539 -0.56922964 -0.40822181
vn 0.74389488 -0.59371146 -0.30680140
vn 0.75427918 -0.59820320 0.27058427
vn 0.72670703 -0.57475205 0.37624057
vn 0.68977331 -0.52620911 0.49730952
vn 0.73306021 -0.52118032 0.43702838
vn 0.66585736 -0.40769386 -0.62483574
vn 0.71338130 -0.40546198 -0.57156601
vn 0.71864764 -0.46319383 -0.51864925
vn 0.73174929 -0.47019149 0.49341964
vn 0.68190543 -0.41118034 0.60492621
vn 0.72864320 -0.40962841 0.54889311
vn 0.69510052 -0.30410111 -0.65142749
vn 0.74288929 -0.30440248 -0.59620016
vn 0.71321446 -0.30851598 0.62939894
vn 0.75845427 -0.30939450 0.57360454
vn 0.65729415 -0.29252520 0.69454547
vn 0.65971121 -0.18569670 -0.72821553
vn 0.71061133 -0.18429974 -0.67901778
vn 0.72915306 -0.24413777 -0.63932196
vn 0.74278440 -0.24792957 0.62193429
vn 0.67660912 -0.18846493 0.71181534
vn 0.72625173 -0.18850706 0.66107754
vn 0.66969918 -0.07425897 -0.73891042
vn 0.71991751 -0.07423612 -0.69007810
vn 0.68721911 -0.07420633 0.72265020
vn 0.73733234 -0.07423141 0.67143929
vn 0.67102574 0.04043517 -0.74033064
vn 0.72130768 0.04043383 -0.69143353
vn 0.68856176 0.04061757 0.72403931
vn 0.73874368 0.04062908 0.67276077
vn 0.66354034 0.15320091 -0.73228662
vn 0.71349514 0.15339811 -0.68366198
vn 0.68066940 0.15532306 0.71593569
vn 0.73046166 0.15534505 0.66505164
vn 0.72899785 0.21122179 -0.65111250
vn 0.70254871 0.27064860 -0.65816005
vn 0.75013369 0.27206634 -0.60272660
vn 0.66351130 0.26277750 0.70050035
vn 0.71464951 0.26258057 0.64832671
vn 0.67560821 0.37721987 -0.63344986
vn 0.72268904 0.37631704 -0.57974653
vn 0.69050293 0.38439811 0.61273469
vn 0.73809094 0.38197308 0.55616394
vn 0.73180426 0.32306635 0.60007554
vn 0.72910930 0.43543686 -0.52800983
vn 0.68902191 0.49261250 -0.53158417
vn 0.73186614 0.49035880 -0.47320207
vn 0.70014590 0.50494489 0.50480331
vn 0.74320156 0.50003536 0.44454029
vn 0.74367640 0.44467787 0.49920637
vn 0.73018278 0.54464868 -0.41254202
vn 0.68735937 0.59569021 -0.41556019
vn 0.76192522 0.56953825 -0.30837663
vn 0.71856204 0.62194481 -0.31121254
vn 0.75591663 0.60536709 -0.24924031
vn 0.69148728 0.61144657 0.38467965
vn 0.72700327 0.60566911 0.32346742
vn 0.73779244 0.55574612 0.38315607
vn 0.67738219 0.67296110 -0.29711398
vn 0.73383791 0.65255344 -0.18882777
vn 0.69366756 0.69527346 -0.18820235
vn 0.74372217 0.66449625 -0.07295251
vn 0.70036834 0.71020235 -0.07139189
vn 0.74352242 0.66738167 0.04214396
vn 0.69822722 0.71451731 0.04408805
vn 0.73391928 0.66094270 0.15657978
vn 0.68751284 0.70863562 0.15862426
vn 0.71567184 0.64578513 0.26603643
vn 0.66825472 0.69447120 0.26673091
vn 0.76613295 -0.61575470 -0.18408272
vn 0.78047437 -0.62057924 -0.07577043
vn 0.78246306 -0.62154019 0.03793884
vn 0.77269771 -0.61670466 0.15037822
vn 0.76000488 -0.50906610 -0.40403502
vn 0.79548941 -0.52547160 -0.30178833
vn 0.82099424 -0.53838291 -0.19003239
vn 0.83546478 -0.54421273 -0.07636170
vn 0.83816039 -0.54401058 0.03923835
vn 0.82791466 -0.53902113 0.15496301
vn 0.80539219 -0.52886620 0.26766391
vn 0.77318331 -0.51300618 0.37284344
vn 0.75954619 -0.40228141 -0.51113525
vn 0.80655431 -0.41729634 -0.41872893
vn 0.83923696 -0.41061304 -0.35648039
vn 0.83358677 -0.46431587 -0.29923882
vn 0.85748689 -0.47789566 -0.19060945
vn 0.87100432 -0.48542167 -0.07561266
vn 0.87289557 -0.48630108 0.03955491
vn 0.86320643 -0.48055366 0.15473473
vn 0.84285733 -0.46819628 0.26529939
vn 0.82092059 -0.42019677 0.38668342
vn 0.85076089 -0.41301692 0.32499682
vn 0.77523870 -0.40534905 0.48445548
vn 0.79461460 -0.30011414 -0.52774913
vn 0.83376865 -0.29669690 -0.46561870
vn 0.83997871 -0.35489668 -0.41046817
vn 0.85141885 -0.35959353 0.38180943
vn 0.81135538 -0.30292506 0.49993885
vn 0.84712326 -0.30029246 0.43841376
vn 0.76340369 -0.18271947 -0.61953887
vn 0.81982664 -0.18876057 -0.54060497
vn 0.85682044 -0.18949178 -0.47953269
vn 0.83903605 -0.19086680 0.50949815
vn 0.87131281 -0.19139730 0.45186399
vn 0.78130564 -0.18575969 0.59586477
vn 0.77698122 -0.07389929 -0.62517123
vn 0.83399837 -0.07511835 -0.54662963
vn 0.87016150 -0.07452756 -0.48709815
vn 0.85333735 -0.13177066 0.50443222
vn 0.79435400 -0.07393887 0.60293844
vn 0.83500309 -0.07418544 0.54522139
vn 0.77824075 0.03953233 -0.62672045
vn 0.83639971 0.04035130 -0.54663269
vn 0.87187688 0.04057357 -0.48804149
vn 0.79592950 0.04051526 0.60403207
vn 0.83658910 0.04064275 0.54632120
vn 0.76777974 0.15070734 -0.62273716
vn 0.82583428 0.15578292 -0.54196810
vn 0.86200706 0.15555977 -0.48243650
vn 0.78624883 0.15334972 0.59857884
vn 0.82825803 0.15147782 0.53948411
vn 0.80344468 0.26796481 -0.53166861
vn 0.84117984 0.26664831 -0.47044145
vn 0.82050912 0.27149817 0.50304426
vn 0.85525040 0.26948718 0.44263237
vn 0.84709995 0.21012125 0.48812984
vn 0.76500744 0.26192287 0.58835366
vn 0.77132315 0.37193248 -0.51645602
vn 0.84884676 0.32514122 -0.41682414
vn 0.82019329 0.38585356 -0.42237423
vn 0.85137439 0.38067577 -0.36089834
vn 0.83415153 0.39029590 0.38969262
vn 0.86131300 0.38662261 0.32964053
vn 0.86167113 0.33013526 0.38540053
vn 0.78641390 0.37712044 0.48921708
vn 0.77573463 0.48187768 -0.40746741
vn 0.84750532 0.43734253 -0.30077608
vn 0.81204238 0.49802622 -0.30423193
vn 0.87188161 0.45084489 -0.19121019
vn 0.83975354 0.50774049 -0.19238916
vn 0.86135654 0.49053855 -0.13204864
vn 0.82086448 0.50274093 0.27098536
vn 0.84231584 0.49628422 0.21025222
vn 0.85507503 0.44291042 0.26958682
vn 0.78666111 0.48890727 0.37700660
vn 0.78516387 0.59058726 -0.18634480
vn 0.83635715 0.54308622 -0.07459272
vn 0.79740871 0.59888953 -0.07396404
vn 0.83767058 0.54469112 0.04024417
vn 0.79824551 0.60095248 0.04074582
vn 0.82828778 0.53898095 0.15309765
vn 0.78806749 0.59609565 0.15368674
vn 0.76630867 0.58671130 0.26180313
vn 0.86700518 -0.40205134 -0.29437517
vn 0.89285656 -0.40925270 -0.18793455
vn 0.90739508 -0.41357887 -0.07474406
vn 0.90918105 -0.41458631 0.03883301
vn 0.89828652 -0.41222604 0.15215458
vn 0.87558861 -0.40557818 0.26239459
vn 0.86676219 -0.29310803 -0.40349844
vn 0.90482819 -0.30048745 -0.30165086
vn 0.93365517 -0.30336132 -0.19042041
vn 0.94932931 -0.30505955 -0.07558133
vn 0.95162482 -0.30472128 0.03943526
vn 0.94040859 -0.30323849 0.15387691
vn 0.91509350 -0.30165243 0.26759989
vn 0.87870480 -0.29605621 0.37447110
vn 0.89241722 -0.18683028 -0.41071395
vn 0.93348644 -0.18939372 -0.30452108
vn 0.96304914 -0.19003404 -0.19084922
vn 0.97304046 -0.18872688 -0.13256857
vn 0.96644466 -0.24559726 -0.07527750
vn 0.96842152 -0.24612889 0.03975327
vn 0.95791896 -0.24319184 0.15247624
vn 0.94452403 -0.18834169 0.26907577
vn 0.95984571 -0.18640075 0.20964488
vn 0.90544696 -0.18705239 0.38102126
vn 0.90679707 -0.07377028 -0.41506268
vn 0.94902803 -0.07463572 -0.30622755
vn 0.96625442 -0.07434097 -0.24662890
vn 0.97316399 -0.13159373 -0.18877217
vn 0.95984267 -0.07402464 0.27059639
vn 0.97423969 -0.07430720 0.21292126
vn 0.92111804 -0.07334051 0.38231234
vn 0.87332332 -0.07257138 0.48170506
vn 0.90846009 0.03970989 -0.41608099
vn 0.95120274 0.04027145 -0.30592738
vn 0.96813421 0.04055373 -0.24712659
vn 0.96162243 0.04086643 0.27131576
vn 0.97612093 0.04063678 0.21339303
vn 0.92307594 0.04099572 0.38242668
vn 0.87539843 0.04027137 0.48172171
vn 0.89745654 0.15290026 -0.41375508
vn 0.93989556 0.15462101 -0.30444816
vn 0.95748908 0.15344598 -0.24427236
vn 0.94997448 0.15528872 0.27098691
vn 0.96529470 0.15406224 0.21088142
vn 0.91172692 0.15402608 0.38082802
vn 0.86511073 0.15037584 0.47850865
vn 0.87474467 0.26273226 -0.40717752
vn 0.91454851 0.26804205 -0.30291002
vn 0.95947178 0.21027487 -0.18761231
vn 0.94419096 0.26953539 -0.18935180
vn 0.97402081 0.21358103 -0.07527691
vn 0.95962441 0.27111388 -0.07495505
vn 0.97601711 0.21403389 0.03975052
vn 0.96149243 0.27190167 0.04002229
vn 0.96524794 0.21160817 0.15335708
vn 0.94991655 0.27161269 0.15454801
vn 0.92512209 0.26877995 0.26815378
vn 0.88792364 0.26442695 0.37639076
vn 0.87844817 0.37422067 -0.29713248
vn 0.90525854 0.38098834 -0.18802889
vn 0.92101639 0.38239833 -0.07416411
vn 0.92302295 0.38263378 0.04024956
vn 0.91172335 0.38111447 0.15333719
vn 0.88797587 0.37664724 0.26388579
vn 0.87391856 0.48052099 -0.07325248
vn 0.87588573 0.48088133 0.03971576
vn 0.86549760 0.47805864 0.14957890
vn 0.97976239 -0.18589696 -0.07421579
vn 0.98174534 -0.18612840 0.03914468
vn 0.97114361 -0.18452053 0.15110351
vn 0.97964537 -0.07330086 -0.18687412
vn 0.99448603 -0.07369675 -0.07460775
vn 0.99649953 -0.07376158 0.03934354
vn 0.98549915 -0.07341540 0.15297584
vn 0.98152887 0.03997038 -0.18709206
vn 0.99639799 0.04018489 -0.07467404
vn 0.99840328 0.04036223 0.03951950
vn 0.98739472 0.04022222 0.15308114
vn 0.97085739 0.15183508 -0.18542392
vn 0.98531748 0.15370419 -0.07432693
vn 0.98731621 0.15380874 0.03936453
vn 0.97660483 0.15240705 0.15170725
f 3//3 2//2 1//1
f 5//5 4//4 1//1
f 5//5 1//1 2//2
f 7//7 6//6 4//4
f 7//7 4//4 5//5
f 8//8 6//6 7//7
f 11//11 10//10 9//9
f 9//9 10//10 3//3
f 1//1 9//9 3//3
f 12//12 9//9 1//1
f 13//13 1//1 4//4
f 12//12 1//1 13//13
f 14//14 4//4 6//6
f 13//13 4//4 14//14
f 6//6 8//8 15//15
f 6//6 15//15 14//14
f 11//11 9//9 16//16
f 11//11 16//16 17//17
f 18//18 9//9 12//12
f 16//16 9//9 18//18
f 19//19 12//12 13//13
f 18//18 12//12 19//19
f 20//20 13//13 14//14
f 19//19 13//13 20//20
f 14//14 15//15 21//21
f 14//14 21//21 20//20
f 17//17 16//16 22//22
f 17//17 22//22 23//23
f 24//24 16//16 18//18
f 22//22 16//16 24//24
f 25//25 18//18 19//19
f 24//24 18//18 25//25
f 26//26 19//19 20//20
f 25//25 19//19 26//26
f 20//20 21//21 27//27
f 20//20 27//27 26//26
f 28//28 23//23 22//22
f 28//28 22//22 24//24
f 28//28 24//24 29//29
f 29//29 24//24 25//25
f 29//29 25//25 30//30
f 30//30 25//25 26//26
f 30//30 26//26 31//31
f 31//31 26//26 27//27
f 34//34 33//33 32//32
f 36//36 35//35 32//32
f 36//36 32//32 33//33
f 38//38 37//37 35//35
f 38//38 35//35 36//36
f 40//40 39//39 37//37
f 40//40 37//37 38//38
f 42//42 41//41 39//39
f 42//42 39//39 40//40
f 44//44 43//43 41//41
f 44//44 41//41 42//42
f 45//45 43//43 44//44
f 48//48 47//47 46//46
f 46//46 47//47 34//34
f 32//32 46//46 34//34
f 49//49 46//46 32//32
f 50//50 32//32 35//35
f 49//49 32//32 50//50
f 51//51 35//35 37//37
f 50//50 35//35 51//51
f 52//52 37//37 39//39
f 51//51 37//37 52//52
f 53//53 39//39 41//41
f 52//52 39//39 53//53
f 54//54 41//41 43//43
f 53//53 41//41 54//54
f 43//43 45//45 55//55
f 56//56 43//43 55//55
f 54//54 43//43 56//56
f 57//57 56//56 55//55
f 48//48 46//46 58//58
f 48//48 58//58 59//59
f 60//60 46//46 49//49
f 58//58 46//46 60//60
f 61//61 49//49 50//50
f 60//60 49//49 61//61
f 3//3 61//61 2//2
f 61//61 51//51 2//2
f 61//61 50//50 51//51
f 2//2 51//51 5//5
f 5//5 51//51 52//52
f 5//5 52//52 7//7
f 7//7 52//52 53//53
f 7//7 53//53 8//8
f 53//53 62//62 8//8
f 53//53 54//54 62//62
f 63//63 54//54 56//56
f 62//62 54//54 63//63
f 56//56 57//57 64//64
f 56//56 64//64 63//63
f 59//59 58//58 65//65
f 59//59 65//65 66//66
f 67//67 58//58 60//60
f 65//65 58//58 67//67
f 11//11 67//67 10//10
f 67//67 61//61 10//10
f 67//67 60//60 61//61
f 10//10 61//61 3//3
f 68//68 15//15 62//62
f 62//62 15//15 8//8
f 69//69 62//62 63//63
f 68//68 62//62 69//69
f 63//63 64//64 70//70
f 71//71 63//63 70//70
f 69//69 63//63 71//71
f 72//72 71//71 70//70
f 66//66 65//65 73//73
f 66//66 73//73 74//74
f 75//75 65//65 67//67
f 73//73 65//65 75//75
f 17//17 75//75 11//11
f 11//11 75//75 67//67
f 76//76 21//21 68//68
f 68//68 21//21 15//15
f 77//77 68//68 69//69
f 76//76 68//68 77//77
f 78//78 69//69 71//71
f 77//77 69//69 78//78
f 71//71 72//72 79//79
f 71//71 79//79 78//78
f 74//74 73//73 80//80
f 74//74 80//80 81//81
f 82//82 73//73 75//75
f 80//80 73//73 82//82
f 23//23 82//82 17//17
f 17//17 82//82 75//75
f 83//83 27//27 76//76
f 76//76 27//27 21//21
f 84//84 76//76 77//77
f 83//83 76//76 84//84
f 85//85 77//77 78//78
f 84//84 77//77 85//85
f 78//78 79//79 86//86
f 78//78 86//86 85//85
f 81//81 80//80 87//87
f 81//81 87//87 88//88
f 89//89 80//80 82//82
f 87//87 80//80 89//89
f 28//28 90//90 23//23
f 90//90 82//82 23//23
f 90//90 89//89 82//82
f 29//29 91//91 28//28
f 28//28 91//91 90//90
f 30//30 92//92 29//29
f 29//29 92//92 91//91
f 31//31 93//93 30//30
f 30//30 93//93 92//92
f 27//27 83//83 31//31
f 83//83 93//93 31//31
f 83//83 94//94 93//93
f 95//95 83//83 84//84
f 94//94 83//83 95//95
f 85//85 97//97 96//96
f 95//95 85//85 96//96
f 84//84 85//85 95//95
f 97//97 85//85 86//86
f 98//98 88//88 87//87
f 100//100 99//99 98//98
f 87//87 100//100 98//98
f 89//89 100//100 87//87
f 101//101 89//89 90//90
f 100//100 89//89 101//101
f 102//102 90//90 91//91
f 101//101 90//90 102//102
f 103//103 91//91 92//92
f 102//102 91//91 103//103
f 104//104 92//92 93//93
f 103//103 92//92 104//104
f 105//105 93//93 94//94
f 104//104 93//93 105//105
f 95//95 107//107 106//106
f 105//105 95//95 106//106
f 94//94 95//95 105//105
f 107//107 95//95 96//96
f 108//108 99//99 100//100
f 108//108 100//100 101//101
f 108//108 101//101 109//109
f 111//111 110//110 109//109
f 101//101 111//111 109//109
f 102//102 111//111 101//101
f 112//112 102//102 103//103
f 111//111 102//102 112//112
f 113//113 103//103 104//104
f 112//112 103//103 113//113
f 105//105 115//115 114//114
f 113//113 105//105 114//114
f 104//104 105//105 113//113
f 115//115 105//105 106//106
f 116//116 110//110 111//111
f 116//116 111//111 112//112
f 116//116 112//112 117//117
f 117//117 112//112 113//113
f 117//117 113//113 118//118
f 118//118 113//113 114//114
f 121//121 120//120 119//119
f 123//123 122//122 119//119
f 123//123 119//119 120//120
f 125//125 124//124 122//122
f 125//125 122//122 123//123
f 127//127 126//126 124//124
f 127//127 124//124 125//125
f 128//128 126//126 127//127
f 131//131 130//130 129//129
f 129//129 130//130 121//121
f 119//119 129//129 121//121
f 132//132 129//129 119//119
f 133//133 119//119 122//122
f 132//132 119//119 133//133
f 134//134 122//122 124//124
f 133//133 122//122 134//134
f 135//135 124//124 126//126
f 134//134 124//124 135//135
f 126//126 128//128 136//136
f 137//137 126//126 136//136
f 135//135 126//126 137//137
f 139//139 138//138 137//137
f 139//139 137//137 136//136
f 140//140 138//138 139//139
f 143//143 142//142 141//141
f 141//141 142//142 131//131
f 141//141 131//131 129//129
f 34//34 141//141 129//129
f 33//33 34//34 129//129
f 33//33 129//129 36//36
f 36//36 129//129 132//132
f 36//36 132//132 38//38
f 38//38 132//132 133//133
f 38//38 133//133 40//40
f 40//40 133//133 134//134
f 40//40 134//134 42//42
f 42//42 134//134 135//135
f 42//42 135//135 44//44
f 44//44 135//135 137//137
f 44//44 137//137 45//45
f 137//137 144//144 45//45
f 137//137 138//138 144//144
f 138//138 140//140 145//145
f 146//146 138//138 145//145
f 144//144 138//138 146//146
f 147//147 146//146 145//145
f 150//150 149//149 148//148
f 148//148 149//149 143//143
f 148//148 143//143 141//141
f 48//48 148//148 141//141
f 47//47 48//48 141//141
f 47//47 141//141 34//34
f 144//144 55//55 45//45
f 55//55 144//144 57//57
f 144//144 151//151 57//57
f 144//144 146//146 151//151
f 146//146 147//147 152//152
f 146//146 152//152 151//151
f 155//155 154//154 153//153
f 153//153 154//154 150//150
f 148//148 153//153 150//150
f 156//156 153//153 148//148
f 59//59 156//156 48//48
f 48//48 156//156 148//148
f 157//157 64//64 151//151
f 151//151 64//64 57//57
f 151//151 152//152 158//158
f 159//159 151//151 158//158
f 157//157 151//151 159//159
f 160//160 159//159 158//158
f 155//155 153//153 161//161
f 155//155 161//161 162//162
f 163//163 153//153 156//156
f 161//161 153//153 163//163
f 66//66 163//163 59//59
f 59//59 163//163 156//156
f 157//157 70//70 64//64
f 70//70 157//157 72//72
f 157//157 164//164 72//72
f 157//157 159//159 164//164
f 159//159 160//160 165//165
f 159//159 165//165 164//164
f 162//162 161//161 166//166
f 162//162 166//166 167//167
f 168//168 161//161 163//163
f 166//166 161//161 168//168
f 74//74 168//168 66//66
f 66//66 168//168 163//163
f 169//169 79//79 164//164
f 164//164 79//79 72//72
f 164//164 165//165 170//170
f 164//164 170//170 169//169
f 167//167 166//166 171//171
f 167//167 171//171 172//172
f 173//173 166//166 168//168
f 171//171 166//166 173//173
f 81//81 173//173 74//74
f 74//74 173//173 168//168
f 174//174 86//86 169//169
f 169//169 86//86 79//79
f 169//169 170//170 175//175
f 169//169 175//175 174//174
f 176//176 172//172 171//171
f 178//178 177//177 176//176
f 171//171 178//178 176//176
f 173//173 178//178 171//171
f 88//88 178//178 81//81
f 81//81 178//178 173//173
f 179//179 96//96 97//97
f 86//86 174//174 97//97
f 174//174 179//179 97//97
f 174//174 180//180 179//179
f 174//174 175//175 181//181
f 174//174 181//181 180//180
f 177//177 178//178 182//182
f 177//177 182//182 183//183
f 98//98 184//184 88//88
f 184//184 178//178 88//88
f 184//184 182//182 178//178
f 99//99 184//184 98//98
f 185//185 106//106 107//107
f 96//96 179//179 107//107
f 179//179 185//185 107//107
f 179//179 186//186 185//185
f 180//180 188//188 187//187
f 186//186 180//180 187//187
f 179//179 180//180 186//186
f 188//188 180//180 181//181
f 189//189 183//183 182//182
f 191//191 190//190 189//189
f 182//182 191//191 189//189
f 184//184 191//191 182//182
f 108//108 192//192 99//99
f 192//192 184//184 99//99
f 192//192 191//191 184//184
f 109//109 193//193 108//108
f 108//108 193//193 192//192
f 110//110 193//193 109//109
f 194//194 114//114 115//115
f 106//106 185//185 115//115
f 185//185 194//194 115//115
f 185//185 195//195 194//194
f 186//186 197//197 196//196
f 195//195 186//186 196//196
f 185//185 186//186 195//195
f 197//197 186//186 187//187
f 198//198 190//190 191//191
f 198//198 191//191 192//192
f 198//198 192//192 199//199
f 201//201 200//200 199//199
f 192//192 201//201 199//199
f 193//193 201//201 192//192
f 116//116 202//202 110//110
f 202//202 193//193 110//110
f 202//202 201//201 193//193
f 117//117 203//203 116//116
f 116//116 203//203 202//202
f 118//118 204//204 117//117
f 117//117 204//204 203//203
f 114//114 194//194 118//118
f 194//194 204//204 118//118
f 194//194 205//205 204//204
f 195//195 207//207 206//206
f 205//205 195//195 206//206
f 194//194 195//195 205//205
f 207//207 195//195 196//196
f 208//208 200//200 201//201
f 208//208 201//201 202//202
f 208//208 202//202 209//209
f 209//209 202//202 203//203
f 209//209 203//203 210//210
f 210//210 203//203 204//204
f 210//210 204//204 211//211
f 211//211 204//204 205//205
f 211//211 205//205 212//212
f 212//212 205//205 206//206
f 215//215 214//214 213//213
f 217//217 216//216 213//213
f 217//217 213//213 214//214
f 219//219 218//218 216//216
f 219//219 216//216 217//217
f 221//221 220//220 218//218
f 221//221 218//218 219//219
f 222//222 220//220 221//221
f 225//225 224//224 223//223
f 227//227 226//226 223//223
f 227//227 223//223 224//224
f 226//226 227//227 215//215
f 226//226 215//215 213//213
f 121//121 226//226 213//213
f 120//120 121//121 213//213
f 120//120 213//213 123//123
f 123//123 213//213 216//216
f 123//123 216//216 125//125
f 125//125 216//216 218//218
f 125//125 218//218 127//127
f 127//127 218//218 220//220
f 229//229 228//228 128//128
f 229//229 128//128 127//127
f 222//222 229//229 127//127
f 220//220 222//222 127//127
f 231//231 230//230 228//228
f 231//231 228//228 229//229
f 232//232 230//230 231//231
f 235//235 234//234 233//233
f 233//233 234//234 225//225
f 223//223 233//233 225//225
f 236//236 233//233 223//223
f 131//131 236//236 130//130
f 236//236 226//226 130//130
f 236//236 223//223 226//226
f 130//130 226//226 121//121
f 228//228 136//136 128//128
f 136//136 228//228 139//139
f 139//139 228//228 230//230
f 238//238 237//237 140//140
f 238//238 140//140 139//139
f 232//232 238//238 139//139
f 230//230 232//232 139//139
f 239//239 237//237 238//238
f 242//242 241//241 240//240
f 240//240 241//241 235//235
f 233//233 240//240 235//235
f 243//243 240//240 233//233
f 143//143 243//243 142//142
f 243//243 236//236 142//142
f 243//243 233//233 236//236
f 142//142 236//236 131//131
f 237//237 145//145 140//140
f 245//245 244//244 147//147
f 245//245 147//147 145//145
f 239//239 245//245 145//145
f 237//237 239//239 145//145
f 246//246 244//244 245//245
f 242//242 240//240 247//247
f 242//242 247//247 248//248
f 150//150 247//247 149//149
f 247//247 243//243 149//149
f 247//247 240//240 243//243
f 149//149 243//243 143//143
f 249//249 152//152 244//244
f 244//244 152//152 147//147
f 244//244 246//246 250//250
f 244//244 250//250 249//249
f 248//248 247//247 154//154
f 155//155 248//248 154//154
f 251//251 248//248 155//155
f 154//154 247//247 150//150
f 249//249 158//158 152//152
f 253//253 252//252 160//160
f 253//253 160//160 158//158
f 250//250 253//253 158//158
f 249//249 250//250 158//158
f 254//254 252//252 253//253
f 257//257 256//256 255//255
f 256//256 251//251 255//255
f 251//251 162//162 255//255
f 251//251 155//155 162//162
f 258//258 165//165 252//252
f 252//252 165//165 160//160
f 252//252 254//254 259//259
f 252//252 259//259 258//258
f 257//257 255//255 260//260
f 257//257 260//260 261//261
f 167//167 260//260 162//162
f 162//162 260//260 255//255
f 262//262 170//170 258//258
f 258//258 170//170 165//165
f 258//258 259//259 263//263
f 258//258 263//263 262//262
f 261//261 260//260 264//264
f 261//261 264//264 265//265
f 172//172 264//264 167//167
f 167//167 264//264 260//260
f 266//266 175//175 262//262
f 262//262 175//175 170//170
f 262//262 263//263 267//267
f 262//262 267//267 266//266
f 268//268 265//265 264//264
f 270//270 268//268 269//269
f 269//269 268//268 176//176
f 268//268 264//264 176//176
f 264//264 172//172 176//176
f 177//177 269//269 176//176
f 271//271 181//181 266//266
f 266//266 181//181 175//175
f 266//266 267//267 272//272
f 266//266 272//272 271//271
f 270//270 269//269 273//273
f 270//270 273//273 274//274
f 183//183 273//273 177//177
f 177//177 273//273 269//269
f 275//275 187//187 188//188
f 276//276 275//275 188//188
f 276//276 188//188 181//181
f 277//277 276//276 181//181
f 271//271 277//277 181//181
f 277//277 271//271 272//272
f 278//278 274//274 273//273
f 280//280 278//278 279//279
f 279//279 278//278 189//189
f 278//278 273//273 189//189
f 273//273 183//183 189//189
f 190//190 279//279 189//189
f 281//281 196//196 197//197
f 282//282 281//281 197//197
f 282//282 197//197 187//187
f 283//283 282//282 187//187
f 275//275 283//283 187//187
f 283//283 275//275 276//276
f 284//284 280//280 279//279
f 286//286 284//284 285//285
f 285//285 284//284 198//198
f 284//284 279//279 198//198
f 279//279 190//190 198//198
f 199//199 287//287 198//198
f 198//198 287//287 285//285
f 200//200 287//287 199//199
f 288//288 206//206 207//207
f 289//289 288//288 207//207
f 289//289 207//207 196//196
f 290//290 289//289 196//196
f 281//281 290//290 196//196
f 290//290 281//281 282//282
f 291//291 286//286 285//285
f 291//291 285//285 287//287
f 291//291 287//287 292//292
f 294//294 292//292 293//293
f 293//293 292//292 208//208
f 292//292 287//287 208//208
f 287//287 200//200 208//208
f 209//209 295//295 208//208
f 208//208 295//295 293//293
f 210//210 296//296 209//209
f 209//209 296//296 295//295
f 211//211 297//297 210//210
f 210//210 297//297 296//296
f 212//212 298//298 211//211
f 211//211 298//298 297//297
f 299//299 298//298 212//212
f 299//299 212//212 206//206
f 300//300 299//299 206//206
f 288//288 300//300 206//206
f 300//300 288//288 289//289
f 301//301 294//294 293//293
f 301//301 293//293 295//295
f 301//301 295//295 302//302
f 302//302 295//295 296//296
f 302//302 296//296 303//303
f 303//303 296//296 297//297
f 303//303 297//297 304//304
f 304//304 297//297 298//298
f 304//304 298//298 305//305
f 305//305 298//298 299//299
f 308//308 307//307 306//306
f 310//310 309//309 306//306
f 310//310 306//306 307//307
f 312//312 311//311 309//309
f 312//312 309//309 310//310
f 313//313 311//311 312//312
f 316//316 315//315 314//314
f 214//214 215//215 314//314
f 315//315 214//214 314//314
f 317//317 214//214 315//315
f 306//306 217//217 308//308
f 217//217 317//317 308//308
f 217//217 214//214 317//317
f 217//217 306//306 219//219
f 219//219 306//306 309//309
f 219//219 309//309 221//221
f 221//221 309//309 311//311
f 319//319 318//318 222//222
f 319//319 222//222 221//221
f 313//313 319//319 221//221
f 311//311 313//313 221//221
f 321//321 320//320 318//318
f 321//321 318//318 319//319
f 322//322 320//320 321//321
f 325//325 324//324 323//323
f 224//224 225//225 323//323
f 324//324 224//224 323//323
f 326//326 224//224 324//324
f 314//314 227//227 316//316
f 227//227 326//326 316//316
f 227//227 224//224 326//326
f 227//227 314//314 215//215
f 318//318 229//229 222//222
f 229//229 318//318 231//231
f 231//231 318//318 320//320
f 328//328 327//327 232//232
f 328//328 232//232 231//231
f 322//322 328//328 231//231
f 320//320 322//322 231//231
f 329//329 327//327 328//328
f 332//332 331//331 330//330
f 330//330 331//331 325//325
f 330//330 325//325 323//323
f 235//235 330//330 323//323
f 234//234 235//235 323//323
f 234//234 323//323 225//225
f 327//327 238//238 232//232
f 334//334 333//333 239//239
f 334//334 239//239 238//238
f 329//329 334//334 238//238
f 327//327 329//329 238//238
f 335//335 333//333 334//334
f 332//332 330//330 241//241
f 242//242 332//332 241//241
f 336//336 332//332 242//242
f 241//241 330//330 235//235
f 333//333 245//245 239//239
f 338//338 337//337 246//246
f 338//338 246//246 245//245
f 335//335 338//338 245//245
f 333//333 335//335 245//245
f 339//339 337//337 338//338
f 342//342 341//341 340//340
f 341//341 336//336 340//340
f 336//336 248//248 340//340
f 336//336 242//242 248//248
f 343//343 250//250 337//337
f 337//337 250//250 246//246
f 337//337 339//339 344//344
f 337//337 344//344 343//343
f 342//342 340//340 345//345
f 342//342 345//345 346//346
f 251//251 345//345 248//248
f 248//248 345//345 340//340
f 343//343 253//253 250//250
f 348//348 347//347 254//254
f 348//348 254//254 253//253
f 344//344 348//348 253//253
f 343//343 344//344 253//253
f 349//349 347//347 348//348
f 346//346 345//345 256//256
f 257//257 346//346 256//256
f 350//350 346//346 257//257
f 256//256 345//345 251//251
f 351//351 259//259 347//347
f 347//347 259//259 254//254
f 347//347 349//349 352//352
f 347//347 352//352 351//351
f 261//261 350//350 257//257
f 261//261 353//353 350//350
f 354//354 263//263 351//351
f 351//351 263//263 259//259
f 351//351 352//352 355//355
f 351//351 355//355 354//354
f 265//265 353//353 261//261
f 265//265 356//356 353//353
f 357//357 267//267 354//354
f 354//354 267//267 263//263
f 354//354 355//355 358//358
f 354//354 358//358 357//357
f 265//265 268//268 359//359
f 360//360 265//265 359//359
f 356//356 265//265 360//360
f 270//270 359//359 268//268
f 362//362 361//361 357//357
f 361//361 267//267 357//357
f 361//361 272//272 267//267
f 362//362 357//357 358//358
f 360//360 359//359 363//363
f 360//360 363//363 364//364
f 274//274 363//363 270//270
f 270//270 363//363 359//359
f 365//365 276//276 277//277
f 366//366 365//365 277//277
f 272//272 366//366 277//277
f 361//361 366//366 272//272
f 367//367 364//364 363//363
f 369//369 367//367 368//368
f 368//368 367//367 278//278
f 367//367 363//363 278//278
f 363//363 274//274 278//278
f 280//280 368//368 278//278
f 370//370 282//282 283//283
f 371//371 370//370 283//283
f 371//371 283//283 276//276
f 372//372 371//371 276//276
f 365//365 372//372 276//276
f 372//372 365//365 366//366
f 373//373 369//369 368//368
f 375//375 373//373 374//374
f 374//374 373//373 284//284
f 373//373 368//368 284//284
f 368//368 280//280 284//284
f 286//286 374//374 284//284
f 376//376 289//289 290//290
f 377//377 376//376 290//290
f 377//377 290//290 282//282
f 378//378 377//377 282//282
f 370//370 378//378 282//282
f 378//378 370//370 371//371
f 379//379 375//375 374//374
f 381//381 379//379 380//380
f 380//380 379//379 291//291
f 379//379 374//374 291//291
f 374//374 286//286 291//291
f 292//292 382//382 291//291
f 291//291 382//382 380//380
f 294//294 382//382 292//292
f 383//383 299//299 300//300
f 384//384 383//383 300//300
f 384//384 300//300 289//289
f 385//385 384//384 289//289
f 376//376 385//385 289//289
f 385//385 376//376 377//377
f 386//386 381//381 380//380
f 386//386 380//380 382//382
f 386//386 382//382 387//387
f 389//389 387//387 388//388
f 388//388 387//387 301//301
f 387//387 382//382 301//301
f 382//382 294//294 301//301
f 302//302 390//390 301//301
f 301//301 390//390 388//388
f 303//303 391//391 302//302
f 302//302 391//391 390//390
f 304//304 392//392 303//303
f 303//303 392//392 391//391
f 392//392 304//304 393//393
f 304//304 394//394 393//393
f 304//304 305//305 394//394
f 305//305 299//299 383//383
f 395//395 305//305 383//383
f 394//394 305//305 395//395
f 395//395 383//383 384//384
f 396//396 389//389 388//388
f 396//396 388//388 390//390
f 396//396 390//390 397//397
f 397//397 390//390 391//391
f 397//397 391//391 398//398
f 398//398 391//391 392//392
f 398//398 392//392 399//399
f 399//399 392//392 393//393
f 402//402 401//401 400//400
f 404//404 403//403 400//400
f 404//404 400//400 401//401
f 405//405 403//403 404//404
f 408//408 407//407 406//406
f 410//410 409//409 406//406
f 410//410 406//406 407//407
f 307//307 308//308 409//409
f 410//410 307//307 409//409
f 411//411 307//307 410//410
f 400//400 310//310 402//402
f 310//310 411//411 402//402
f 310//310 307//307 411//411
f 310//310 400//400 312//312
f 312//312 400//400 403//403
f 413//413 412//412 313//313
f 413//413 313//313 312//312
f 405//405 413//413 312//312
f 403//403 405//405 312//312
f 415//415 414//414 412//412
f 415//415 412//412 413//413
f 416//416 414//414 415//415
f 419//419 418//418 417//417
f 417//417 418//418 408//408
f 417//417 408//408 406//406
f 316//316 417//417 406//406
f 315//315 316//316 406//406
f 315//315 406//406 317//317
f 317//317 406//406 409//409
f 317//317 409//409 308//308
f 412//412 319//319 313//313
f 319//319 412//412 321//321
f 321//321 412//412 414//414
f 421//421 420//420 322//322
f 421//421 322//322 321//321
f 416//416 421//421 321//321
f 414//414 416//416 321//321
f 422//422 420//420 421//421
f 425//425 424//424 423//423
f 324//324 325//325 423//423
f 424//424 324//324 423//423
f 426//426 324//324 424//424
f 417//417 326//326 419//419
f 326//326 426//426 419//419
f 326//326 324//324 426//426
f 326//326 417//417 316//316
f 420//420 328//328 322//322
f 428//428 427//427 329//329
f 428//428 329//329 328//328
f 422//422 428//428 328//328
f 420//420 422//422 328//328
f 429//429 427//427 428//428
f 425//425 423//423 331//331
f 332//332 425//425 331//331
f 430//430 425//425 332//332
f 331//331 423//423 325//325
f 427//427 334//334 329//329
f 432//432 431//431 335//335
f 432//432 335//335 334//334
f 429//429 432//432 334//334
f 427//427 429//429 334//334
f 433//433 431//431 432//432
f 436//436 435//435 434//434
f 435//435 430//430 434//434
f 430//430 336//336 434//434
f 430//430 332//332 336//336
f 431//431 338//338 335//335
f 339//339 338//338 431//431
f 433//433 339//339 431//431
f 437//437 339//339 433//433
f 436//436 434//434 341//341
f 342//342 436//436 341//341
f 438//438 436//436 342//342
f 341//341 434//434 336//336
f 440//440 344//344 439//439
f 344//344 437//437 439//439
f 344//344 339//339 437//437
f 441//441 440//440 439//439
f 444//444 443//443 442//442
f 443//443 438//438 442//442
f 438//438 346//346 442//442
f 438//438 342//342 346//346
f 440//440 348//348 344//344
f 349//349 348//348 440//440
f 441//441 349//349 440//440
f 445//445 349//349 441//441
f 444//444 442//442 446//446
f 444//444 446//446 447//447
f 350//350 446//446 346//346
f 346//346 446//446 442//442
f 445//445 352//352 349//349
f 448//448 352//352 445//445
f 447//447 446//446 449//449
f 447//447 449//449 450//450
f 353//353 449//449 350//350
f 350//350 449//449 446//446
f 448//448 355//355 352//352
f 451//451 355//355 448//448
f 450//450 449//449 452//452
f 450//450 452//452 453//453
f 356//356 452//452 353//353
f 353//353 452//452 449//449
f 451//451 358//358 355//355
f 454//454 358//358 451//451
f 453//453 452//452 455//455
f 453//453 455//455 456//456
f 360//360 455//455 356//356
f 356//356 455//455 452//452
f 457//457 361//361 362//362
f 458//458 457//457 362//362
f 358//358 458//458 362//362
f 454//454 458//458 358//358
f 459//459 456//456 455//455
f 455//455 360//360 459//459
f 360//360 460//460 459//459
f 360//360 364//364 460//460
f 462//462 461//461 457//457
f 461//461 361//361 457//457
f 461//461 366//366 361//361
f 462//462 457//457 458//458
f 364//364 367//367 463//463
f 464//464 364//364 463//463
f 460//460 364//364 464//464
f 369//369 463//463 367//367
f 465//465 371//371 372//372
f 466//466 465//465 372//372
f 366//366 466//466 372//372
f 461//461 466//466 366//366
f 467//467 464//464 463//463
f 469//469 467//467 468//468
f 468//468 467//467 373//373
f 467//467 463//463 373//373
f 463//463 369//369 373//373
f 375//375 468//468 373//373
f 470//470 377//377 378//378
f 471//471 470//470 378//378
f 471//471 378//378 371//371
f 472//472 471//471 371//371
f 465//465 472//472 371//371
f 472//472 465//465 466//466
f 473//473 469//469 468//468
f 475//475 473//473 474//474
f 474//474 473//473 379//379
f 473//473 468//468 379//379
f 468//468 375//375 379//379
f 381//381 474//474 379//379
f 476//476 384//384 385//385
f 477//477 476//476 385//385
f 477//477 385//385 377//377
f 478//478 477//477 377//377
f 470//470 478//478 377//377
f 478//478 470//470 471//471
f 479//479 475//475 474//474
f 479//479 474//474 381//381
f 386//386 479//479 381//381
f 480//480 479//479 386//386
f 482//482 480//480 481//481
f 480//480 387//387 481//481
f 480//480 386//386 387//387
f 389//389 481//481 387//387
f 483//483 393//393 394//394
f 483//483 394//394 484//484
f 394//394 485//485 484//484
f 394//394 395//395 485//485
f 395//395 384//384 476//476
f 486//486 395//395 476//476
f 485//485 395//395 486//486
f 486//486 476//476 477//477
f 487//487 482//482 481//481
f 487//487 481//481 389//389
f 396//396 487//487 389//389
f 488//488 487//487 396//396
f 489//489 396//396 397//397
f 489//489 488//488 396//396
f 490//490 397//397 398//398
f 490//490 489//489 397//397
f 491//491 398//398 399//399
f 491//491 490//490 398//398
f 399//399 393//393 483//483
f 492//492 399//399 483//483
f 491//491 399//399 492//492
f 492//492 483//483 484//484
f 495//495 494//494 493//493
f 497//497 496//496 493//493
f 497//497 493//493 494//494
f 499//499 498//498 496//496
f 499//499 496//496 497//497
f 500//500 498//498 499//499
f 503//503 502//502 501//501
f 501//501 502//502 495//495
f 493//493 501//501 495//495
f 504//504 501//501 493//493
f 505//505 493//493 496//496
f 504//504 493//493 505//505
f 506//506 496//496 498//498
f 505//505 496//496 506//506
f 498//498 500//500 507//507
f 508//508 498//498 507//507
f 506//506 498//498 508//508
f 509//509 508//508 507//507
f 512//512 511//511 510//510
f 510//510 511//511 503//503
f 501//501 510//510 503//503
f 513//513 510//510 501//501
f 402//402 513//513 401//401
f 513//513 504//504 401//401
f 513//513 501//501 504//504
f 401//401 504//504 404//404
f 404//404 504//504 505//505
f 404//404 505//505 405//405
f 505//505 514//514 405//405
f 505//505 506//506 514//514
f 515//515 506//506 508//508
f 514//514 506//506 515//515
f 508//508 509//509 516//516
f 508//508 516//516 515//515
f 519//519 518//518 517//517
f 407//407 408//408 517//517
f 518//518 407//407 517//517
f 520//520 407//407 518//518
f 510//510 410//410 512//512
f 410//410 520//520 512//512
f 410//410 407//407 520//520
f 410//410 510//510 411//411
f 411//411 510//510 513//513
f 411//411 513//513 402//402
f 514//514 413//413 405//405
f 413//413 514//514 415//415
f 415//415 514//514 515//515
f 416//416 415//415 515//515
f 516//516 416//416 515//515
f 521//521 416//416 516//516
f 524//524 523//523 522//522
f 522//522 523//523 519//519
f 522//522 519//519 517//517
f 419//419 522//522 517//517
f 418//418 419//419 517//517
f 418//418 517//517 408//408
f 521//521 525//525 416//416
f 416//416 525//525 421//421
f 527//527 526//526 422//422
f 421//421 527//527 422//422
f 525//525 527//527 421//421
f 528//528 526//526 527//527
f 530//530 529//529 424//424
f 530//530 424//424 425//425
f 522//522 426//426 524//524
f 426//426 529//529 524//524
f 426//426 424//424 529//529
f 426//426 522//522 419//419
f 526//526 428//428 422//422
f 429//429 428//428 526//526
f 528//528 429//429 526//526
f 531//531 429//429 528//528
f 534//534 533//533 532//532
f 533//533 530//530 532//532
f 530//530 430//430 532//532
f 530//530 425//425 430//430
f 531//531 535//535 429//429
f 429//429 535//535 432//432
f 433//433 432//432 535//535
f 433//433 535//535 536//536
f 534//534 532//532 435//435
f 436//436 534//534 435//435
f 537//537 534//534 436//436
f 435//435 532//532 430//430
f 539//539 437//437 538//538
f 437//437 536//536 538//538
f 437//437 433//433 536//536
f 540//540 539//539 538//538
f 543//543 542//542 541//541
f 542//542 537//537 541//541
f 537//537 438//438 541//541
f 537//537 436//436 438//438
f 539//539 439//439 437//437
f 441//441 439//439 539//539
f 540//540 441//441 539//539
f 544//544 441//441 540//540
f 543//543 541//541 443//443
f 444//444 543//543 443//443
f 545//545 543//543 444//444
f 443//443 541//541 438//438
f 544//544 445//445 441//441
f 546//546 445//445 544//544
f 447//447 545//545 444//444
f 447//447 547//547 545//545
f 549//549 448//448 548//548
f 448//448 546//546 548//548
f 448//448 445//445 546//546
f 550//550 549//549 548//548
f 450//450 547//547 447//447
f 450//450 551//551 547//547
f 552//552 451//451 549//549
f 549//549 451//451 448//448
f 549//549 550//550 553//553
f 549//549 553//553 552//552
f 453//453 551//551 450//450
f 453//453 554//554 551//551
f 556//556 555//555 552//552
f 555//555 451//451 552//552
f 555//555 454//454 451//451
f 556//556 552//552 553//553
f 456//456 554//554 453//453
f 456//456 557//557 554//554
f 555//555 458//458 454//454
f 558//558 458//458 555//555
f 456//456 459//459 559//559
f 560//560 456//456 559//559
f 557//557 456//456 560//560
f 460//460 559//559 459//459
f 561//561 461//461 462//462
f 562//562 561//561 462//462
f 458//458 562//562 462//462
f 558//558 562//562 458//458
f 563//563 560//560 559//559
f 559//559 460//460 563//563
f 460//460 564//564 563//563
f 460//460 464//464 564//564
f 566//566 565//565 561//561
f 565//565 461//461 561//561
f 565//565 466//466 461//461
f 566//566 561//561 562//562
f 567//567 564//564 464//464
f 567//567 464//464 467//467
f 467//467 469//469 567//567
f 567//567 469//469 568//568
f 569//569 471//471 472//472
f 570//570 569//569 472//472
f 466//466 570//570 472//472
f 565//565 570//570 466//466
f 571//571 568//568 469//469
f 571//571 469//469 473//473
f 473//473 475//475 571//571
f 571//571 475//475 572//572
f 573//573 477//477 478//478
f 574//574 573//573 478//478
f 574//574 478//478 471//471
f 575//575 574//574 471//471
f 569//569 575//575 471//471
f 575//575 569//569 570//570
f 576//576 572//572 475//475
f 576//576 475//475 479//479
f 578//578 576//576 577//577
f 576//576 480//480 577//577
f 576//576 479//479 480//480
f 482//482 577//577 480//480
f 579//579 484//484 485//485
f 579//579 485//485 580//580
f 485//485 581//581 580//580
f 485//485 486//486 581//581
f 486//486 477//477 573//573
f 582//582 486//486 573//573
f 581//581 486//486 582//582
f 582//582 573//573 574//574
f 583//583 578//578 577//577
f 585//585 583//583 584//584
f 584//584 583//583 487//487
f 583//583 577//577 487//487
f 577//577 482//482 487//487
f 488//488 586//586 487//487
f 487//487 586//586 584//584
f 489//489 587//587 488//488
f 488//488 587//587 586//586
f 490//490 588//588 489//489
f 489//489 588//588 587//587
f 491//491 589//589 490//490
f 490//490 589//589 588//588
f 589//589 491//491 590//590
f 491//491 591//591 590//590
f 491//491 492//492 591//591
f 492//492 484//484 579//579
f 592//592 492//492 579//579
f 591//591 492//492 592//592
f 592//592 579//579 580//580
f 593//593 585//585 584//584
f 593//593 584//584 586//586
f 593//593 586//586 594//594
f 594//594 586//586 587//587
f 594//594 587//587 595//595
f 595//595 587//587 588//588
f 595//595 588//588 596//596
f 596//596 588//588 589//589
f 596//596 589//589 597//597
f 597//597 589//589 590//590
f 600//600 599//599 598//598
f 602//602 601//601 598//598
f 602//602 598//598 599//599
f 604//604 603//603 601//601
f 604//604 601//601 602//602
f 605//605 603//603 604//604
f 608//608 607//607 606//606
f 606//606 607//607 600//600
f 606//606 600//600 598//598
f 495//495 606//606 598//598
f 494//494 495//495 598//598
f 494//494 598//598 497//497
f 497//497 598//598 601//601
f 497//497 601//601 499//499
f 499//499 601//601 603//603
f 610//610 609//609 500//500
f 610//610 500//500 499//499
f 605//605 610//610 499//499
f 603//603 605//605 499//499
f 611//611 609//609 610//610
f 608//608 606//606 502//502
f 503//503 608//608 502//502
f 612//612 608//608 503//503
f 502//502 606//606 495//495
f 609//609 507//507 500//500
f 509//509 507//507 609//609
f 611//611 509//509 609//609
f 613//613 509//509 611//611
f 615//615 614//614 511//511
f 615//615 511//511 512//512
f 503//503 511//511 612//612
f 612//612 511//511 614//614
f 613//613 516//516 509//509
f 616//616 516//516 613//613
f 618//618 617//617 518//518
f 618//618 518//518 519//519
f 518//518 619//619 520//520
f 617//617 619//619 518//518
f 512//512 520//520 615//615
f 615//615 520//520 619//619
f 621//621 521//521 620//620
f 521//521 616//616 620//620
f 521//521 516//516 616//616
f 622//622 621//621 620//620
f 624//624 623//623 523//523
f 624//624 523//523 524//524
f 519//519 523//523 618//618
f 618//618 523//523 623//623
f 621//621 525//525 521//521
f 622//622 625//625 621//621
f 625//625 525//525 621//621
f 625//625 527//527 525//525
f 528//528 527//527 625//625
f 528//528 625//625 626//626
f 628//628 627//627 529//529
f 628//628 529//529 530//530
f 524//524 529//529 624//624
f 624//624 529//529 627//627
f 630//630 531//531 629//629
f 531//531 626//626 629//629
f 531//531 528//528 626//626
f 631//631 630//630 629//629
f 633//633 632//632 533//533
f 633//633 533//533 534//534
f 530//530 533//533 628//628
f 628//628 533//533 632//632
f 630//630 535//535 531//531
f 536//536 535//535 630//630
f 631//631 536//536 630//630
f 634//634 536//536 631//631
f 637//637 636//636 635//635
f 636//636 633//633 635//635
f 633//633 537//537 635//635
f 633//633 534//534 537//537
f 634//634 638//638 536//536
f 536//536 638//638 538//538
f 540//540 538//538 638//638
f 540//540 638//638 639//639
f 637//637 635//635 542//542
f 543//543 637//637 542//542
f 640//640 637//637 543//543
f 542//542 635//635 537//537
f 639//639 544//544 540//540
f 641//641 544//544 639//639
f 545//545 640//640 543//543
f 545//545 642//642 640//640
f 644//644 546//546 643//643
f 546//546 641//641 643//643
f 546//546 544//544 641//641
f 645//645 644//644 643//643
f 547//547 642//642 545//545
f 547//547 646//646 642//642
f 644//644 548//548 546//546
f 550//550 548//548 644//644
f 645//645 550//550 644//644
f 647//647 550//550 645//645
f 551//551 646//646 547//547
f 551//551 648//648 646//646
f 647//647 553//553 550//550
f 649//649 553//553 647//647
f 554//554 648//648 551//551
f 554//554 650//650 648//648
f 651//651 555//555 556//556
f 652//652 651//651 556//556
f 553//553 652//652 556//556
f 649//649 652//652 553//553
f 557//557 650//650 554//554
f 557//557 653//653 650//650
f 655//655 654//654 651//651
f 654//654 555//555 651//651
f 654//654 558//558 555//555
f 655//655 651//651 652//652
f 560//560 653//653 557//557
f 560//560 656//656 653//653
f 654//654 562//562 558//558
f 657//657 562//562 654//654
f 658//658 656//656 560//560
f 658//658 560//560 563//563
f 563//563 564//564 658//658
f 658//658 564//564 659//659
f 660//660 565//565 566//566
f 661//661 660//660 566//566
f 562//562 661//661 566//566
f 657//657 661//661 562//562
f 564//564 567//567 662//662
f 663//663 564//564 662//662
f 659//659 564//564 663//663
f 568//568 662//662 567//567
f 665//665 664//664 660//660
f 664//664 565//565 660//660
f 664//664 570//570 565//565
f 665//665 660//660 661//661
f 666//666 663//663 662//662
f 668//668 666//666 667//667
f 667//667 666//666 571//571
f 666//666 662//662 571//571
f 662//662 568//568 571//571
f 572//572 667//667 571//571
f 670//670 669//669 575//575
f 575//575 669//669 574//574
f 575//575 570//570 664//664
f 575//575 664//664 670//670
f 671//671 668//668 667//667
f 673//673 671//671 672//672
f 672//672 671//671 576//576
f 671//671 667//667 576//576
f 667//667 572//572 576//576
f 578//578 672//672 576//576
f 674//674 580//580 581//581
f 674//674 581//581 675//675
f 581//581 676//676 675//675
f 581//581 582//582 676//676
f 582//582 574//574 669//669
f 582//582 669//669 676//676
f 677//677 673//673 672//672
f 679//679 677//677 678//678
f 678//678 677//677 583//583
f 677//677 672//672 583//583
f 672//672 578//578 583//583
f 585//585 678//678 583//583
f 680//680 590//590 591//591
f 680//680 591//591 681//681
f 591//591 682//682 681//681
f 591//591 592//592 682//682
f 592//592 580//580 674//674
f 683//683 592//592 674//674
f 682//682 592//592 683//683
f 683//683 674//674 675//675
f 679//679 678//678 684//684
f 679//679 684//684 685//685
f 593//593 686//686 585//585
f 686//686 678//678 585//585
f 686//686 684//684 678//678
f 594//594 687//687 593//593
f 593//593 687//687 686//686
f 595//595 688//688 594//594
f 594//594 688//688 687//687
f 596//596 689//689 595//595
f 595//595 689//689 688//688
f 689//689 596//596 690//690
f 596//596 691//691 690//690
f 596//596 597//597 691//691
f 597//597 590//590 680//680
f 692//692 597//597 680//680
f 691//691 597//597 692//692
f 692//692 680//680 681//681
f 685//685 684//684 693//693
f 685//685 693//693 694//694
f 695//695 684//684 686//686
f 693//693 684//684 695//695
f 696//696 686//686 687//687
f 695//695 686//686 696//696
f 697//697 687//687 688//688
f 696//696 687//687 697//697
f 689//689 699//699 698//698
f 697//697 689//689 698//698
f 688//688 689//689 697//697
f 699//699 689//689 690//690
f 700//700 694//694 693//693
f 702//702 701//701 700//700
f 693//693 702//702 700//700
f 695//695 702//702 693//693
f 703//703 695//695 696//696
f 702//702 695//695 703//703
f 704//704 696//696 697//697
f 703//703 696//696 704//704
f 697//697 698//698 705//705
f 697//697 705//705 704//704
f 706//706 701//701 702//702
f 706//706 702//702 703//703
f 706//706 703//703 707//707
f 707//707 703//703 704//704
f 707//707 704//704 708//708
f 708//708 704//704 705//705
f 710//710 709//709 599//599
f 710//710 599//599 600//600
f 599//599 711//711 602//602
f 709//709 711//711 599//599
f 602//602 712//712 604//604
f 711//711 712//712 602//602
f 605//605 604//604 712//712
f 605//605 712//712 713//713
f 715//715 714//714 607//607
f 715//715 607//607 608//608
f 600//600 607//607 710//710
f 710//710 607//607 714//714
f 713//713 716//716 605//605
f 605//605 716//716 610//610
f 611//611 610//610 716//716
f 611//611 716//716 717//717
f 612//612 715//715 608//608
f 612//612 718//718 715//715
f 717//717 613//613 611//611
f 719//719 613//613 717//717
f 722//722 721//721 720//720
f 614//614 615//615 720//720
f 721//721 614//614 720//720
f 723//723 614//614 721//721
f 612//612 614//614 718//718
f 718//718 614//614 723//723
f 725//725 616//616 724//724
f 616//616 719//719 724//724
f 616//616 613//613 719//719
f 726//726 725//725 724//724
f 728//728 727//727 617//617
f 728//728 617//617 618//618
f 720//720 619//619 722//722
f 619//619 727//727 722//722
f 619//619 617//617 727//727
f 619//619 720//720 615//615
f 725//725 620//620 616//616
f 622//622 620//620 725//725
f 726//726 622//622 725//725
f 729//729 622//622 726//726
f 732//732 731//731 730//730
f 623//623 624//624 730//730
f 731//731 623//623 730//730
f 733//733 623//623 731//731
f 618//618 623//623 728//728
f 728//728 623//623 733//733
f 729//729 734//734 622//622
f 622//622 734//734 625//625
f 626//626 625//625 734//734
f 626//626 734//734 735//735
f 738//738 737//737 736//736
f 736//736 737//737 732//732
f 736//736 732//732 730//730
f 628//628 736//736 730//730
f 627//627 628//628 730//730
f 627//627 730//730 624//624
f 735//735 739//739 626//626
f 626//626 739//739 629//629
f 631//631 629//629 739//739
f 631//631 739//739 740//740
f 738//738 736//736 632//632
f 633//633 738//738 632//632
f 741//741 738//738 633//633
f 632//632 736//736 628//628
f 743//743 634//634 742//742
f 634//634 740//740 742//742
f 634//634 631//631 740//740
f 744//744 743//743 742//742
f 746//746 745//745 636//636
f 746//746 636//636 637//637
f 633//633 636//636 741//741
f 741//741 636//636 745//745
f 743//743 638//638 634//634
f 639//639 638//638 743//743
f 744//744 639//639 743//743
f 747//747 639//639 744//744
f 640//640 746//746 637//637
f 640//640 748//748 746//746
f 750//750 641//641 749//749
f 641//641 747//747 749//749
f 641//641 639//639 747//747
f 751//751 750//750 749//749
f 642//642 748//748 640//640
f 642//642 752//752 748//748
f 750//750 643//643 641//641
f 645//645 643//643 750//750
f 751//751 645//645 750//750
f 753//753 645//645 751//751
f 756//756 755//755 754//754
f 755//755 752//752 754//754
f 752//752 646//646 754//754
f 752//752 642//642 646//646
f 753//753 647//647 645//645
f 757//757 647//647 753//753
f 756//756 754//754 758//758
f 756//756 758//758 759//759
f 648//648 758//758 646//646
f 646//646 758//758 754//754
f 757//757 649//649 647//647
f 760//760 649//649 757//757
f 759//759 758//758 761//761
f 759//759 761//761 762//762
f 650//650 761//761 648//648
f 648//648 761//761 758//758
f 760//760 652//652 649//649
f 763//763 652//652 760//760
f 764//764 762//762 761//761
f 761//761 650//650 764//764
f 650//650 765//765 764//764
f 650//650 653//653 765//765
f 766//766 654//654 655//655
f 767//767 766//766 655//655
f 652//652 767//767 655//655
f 763//763 767//767 652//652
f 656//656 765//765 653//653
f 656//656 768//768 765//765
f 770//770 769//769 766//766
f 769//769 654//654 766//766
f 769//769 657//657 654//654
f 770//770 766//766 767//767
f 771//771 768//768 656//656
f 771//771 656//656 658//658
f 658//658 659//659 771//771
f 771//771 659//659 772//772
f 769//769 661//661 657//657
f 773//773 661//661 769//769
f 663//663 772//772 659//659
f 663//663 774//774 772//772
f 776//776 775//775 665//665
f 665//665 775//775 664//664
f 665//665 661//661 773//773
f 665//665 773//773 776//776
f 777//777 774//774 663//663
f 777//777 663//663 666//666
f 666//666 668//668 777//777
f 777//777 668//668 778//778
f 780//780 779//779 670//670
f 670//670 779//779 669//669
f 670//670 664//664 775//775
f 670//670 775//775 780//780
f 781//781 778//778 668//668
f 781//781 668//668 671//671
f 671//671 673//673 781//781
f 781//781 673//673 782//782
f 784//784 783//783 676//676
f 676//676 783//783 675//675
f 676//676 669//669 779//779
f 676//676 779//779 784//784
f 785//785 782//782 673//673
f 785//785 673//673 677//677
f 677//677 679//679 785//785
f 785//785 679//679 786//786
f 788//788 787//787 682//682
f 682//682 787//787 681//681
f 789//789 682//682 683//683
f 789//789 788//788 682//682
f 683//683 675//675 783//783
f 683//683 783//783 789//789
f 685//685 786//786 679//679
f 685//685 790//790 786//786
f 792//792 791//791 691//691
f 691//691 791//791 690//690
f 793//793 691//691 692//692
f 793//793 792//792 691//691
f 692//692 681//681 787//787
f 692//692 787//787 793//793
f 694//694 790//790 685//685
f 694//694 794//794 790//790
f 795//795 698//698 699//699
f 796//796 795//795 699//699
f 690//690 796//796 699//699
f 791//791 796//796 690//690
f 694//694 700//700 797//797
f 798//798 694//694 797//797
f 794//794 694//694 798//798
f 701//701 797//797 700//700
f 800//800 799//799 795//795
f 799//799 698//698 795//795
f 799//799 705//705 698//698
f 800//800 795//795 796//796
f 801//801 798//798 797//797
f 803//803 801//801 802//802
f 802//802 801//801 706//706
f 801//801 797//797 706//706
f 797//797 701//701 706//706
f 707//707 804//804 706//706
f 706//706 804//804 802//802
f 708//708 805//805 707//707
f 707//707 805//805 804//804
f 806//806 805//805 708//708
f 705//705 806//806 708//708
f 799//799 806//806 705//705
f 807//807 803//803 802//802
f 807//807 802//802 804//804
f 807//807 804//804 808//808
f 808//808 804//804 805//805
f 808//808 805//805 809//809
f 809//809 805//805 806//806
f 811//811 810//810 709//709
f 811//811 709//709 710//710
f 709//709 812//812 711//711
f 810//810 812//812 709//709
f 711//711 813//813 712//712
f 812//812 813//813 711//711
f 713//713 712//712 813//813
f 713//713 813//813 814//814
f 816//816 815//815 714//714
f 816//816 714//714 715//715
f 710//710 714//714 811//811
f 811//811 714//714 815//815
f 814//814 817//817 713//713
f 713//713 817//817 716//716
f 717//717 716//716 817//817
f 717//717 817//817 818//818
f 718//718 816//816 715//715
f 718//718 819//819 816//816
f 818//818 719//719 717//717
f 820//820 719//719 818//818
f 722//722 821//821 721//721
f 721//721 821//821 822//822
f 823//823 721//721 822//822
f 723//723 721//721 823//823
f 718//718 723//723 819//819
f 819//819 723//723 823//823
f 724//724 719//719 824//824
f 719//719 825//825 824//824
f 719//719 820//820 825//825
f 824//824 726//726 724//724
f 827//827 826//826 727//727
f 827//827 727//727 728//728
f 722//722 727//727 821//821
f 727//727 828//828 821//821
f 727//727 826//826 828//828
f 821//821 828//828 822//822
f 825//825 829//829 824//824
f 726//726 824//824 829//829
f 830//830 726//726 829//829
f 729//729 726//726 830//830
f 832//832 831//831 731//731
f 832//832 731//731 732//732
f 731//731 833//833 733//733
f 831//831 833//833 731//731
f 728//728 733//733 827//827
f 827//827 733//733 833//833
f 830//830 834//834 729//729
f 729//729 834//834 734//734
f 735//735 734//734 834//834
f 735//735 834//834 835//835
f 837//837 836//836 737//737
f 837//837 737//737 738//738
f 732//732 737//737 832//832
f 832//832 737//737 836//836
f 835//835 838//838 735//735
f 735//735 838//838 739//739
f 740//740 739//739 838//838
f 740//740 838//838 839//839
f 741//741 837//837 738//738
f 741//741 840//840 837//837
f 839//839 841//841 740//740
f 740//740 841//841 742//742
f 744//744 742//742 841//841
f 744//744 841//841 842//842
f 844//844 843//843 745//745
f 844//844 745//745 746//746
f 741//741 745//745 840//840
f 840//840 745//745 843//843
f 842//842 747//747 744//744
f 845//845 747//747 842//842
f 748//748 844//844 746//746
f 748//748 846//846 844//844
f 845//845 847//847 747//747
f 747//747 847//847 749//749
f 751//751 749//749 847//847
f 751//751 847//847 848//848
f 752//752 846//846 748//748
f 752//752 849//849 846//846
f 848//848 753//753 751//751
f 850//850 753//753 848//848
f 852//852 851//851 755//755
f 852//852 755//755 756//756
f 752//752 755//755 849//849
f 849//849 755//755 851//851
f 850//850 757//757 753//753
f 853//853 757//757 850//850
f 759//759 852//852 756//756
f 759//759 854//854 852//852
f 853//853 760//760 757//757
f 855//855 760//760 853//853
f 762//762 854//854 759//759
f 762//762 856//856 854//854
f 855//855 763//763 760//760
f 857//857 763//763 855//855
f 858//858 856//856 762//762
f 858//858 762//762 764//764
f 764//764 765//765 858//858
f 858//858 765//765 859//859
f 857//857 767//767 763//763
f 860//860 767//767 857//857
f 768//768 859//859 765//765
f 768//768 861//861 859//859
f 863//863 862//862 770//770
f 770//770 862//862 769//769
f 770//770 767//767 860//860
f 770//770 860//860 863//863
f 864//864 861//861 768//768
f 864//864 768//768 771//771
f 771//771 772//772 864//864
f 864//864 772//772 865//865
f 862//862 773//773 769//769
f 866//866 773//773 862//862
f 774//774 865//865 772//772
f 774//774 867//867 865//865
f 869//869 868//868 776//776
f 776//776 868//868 775//775
f 776//776 773//773 866//866
f 776//776 866//866 869//869
f 870//870 867//867 774//774
f 870//870 774//774 777//777
f 777//777 778//778 870//870
f 870//870 778//778 871//871
f 873//873 872//872 780//780
f 780//780 872//872 779//779
f 780//780 775//775 868//868
f 780//780 868//868 873//873
f 874//874 871//871 778//778
f 874//874 778//778 781//781
f 781//781 782//782 874//874
f 874//874 782//782 875//875
f 877//877 876//876 784//784
f 784//784 876//876 783//783
f 784//784 779//779 872//872
f 784//784 872//872 877//877
f 878//878 875//875 782//782
f 878//878 782//782 785//785
f 785//785 786//786 878//878
f 878//878 786//786 879//879
f 881//881 880//880 788//788
f 788//788 880//880 787//787
f 882//882 788//788 789//789
f 882//882 881//881 788//788
f 789//789 783//783 876//876
f 789//789 876//876 882//882
f 790//790 879//879 786//786
f 790//790 883//883 879//879
f 885//885 884//884 792//792
f 792//792 884//884 791//791
f 886//886 792//792 793//793
f 886//886 885//885 792//792
f 793//793 787//787 880//880
f 793//793 880//880 886//886
f 794//794 883//883 790//790
f 794//794 887//887 883//883
f 884//884 796//796 791//791
f 888//888 796//796 884//884
f 798//798 887//887 794//794
f 798//798 889//889 887//887
f 890//890 799//799 800//800
f 891//891 890//890 800//800
f 796//796 891//891 800//800
f 888//888 891//891 796//796
f 798//798 801//801 892//892
f 893//893 798//798 892//892
f 889//889 798//798 893//893
f 803//803 892//892 801//801
f 895//895 894//894 890//890
f 894//894 799//799 890//890
f 894//894 806//806 799//799
f 895//895 890//890 891//891
f 896//896 893//893 892//892
f 896//896 892//892 803//803
f 807//807 896//896 803//803
f 897//897 896//896 807//807
f 898//898 807//807 808//808
f 898//898 897//897 807//807
f 899//899 808//808 809//809
f 899//899 898//898 808//808
f 809//809 806//806 894//894
f 809//809 894//894 899//899
f 811//811 900//900 810//810
f 901//901 812//812 810//810
f 901//901 810//810 900//900
f 902//902 813//813 812//812
f 902//902 812//812 901//901
f 902//902 814//814 813//813
f 816//816 903//903 815//815
f 903//903 904//904 815//815
f 815//815 904//904 811//811
f 904//904 905//905 811//811
f 905//905 900//900 811//811
f 900//900 905//905 901//901
f 901//901 905//905 906//906
f 901//901 906//906 902//902
f 902//902 906//906 907//907
f 907//907 909//909 908//908
f 907//907 908//908 817//817
f 902//902 907//907 817//817
f 814//814 902//902 817//817
f 908//908 818//818 817//817
f 911//911 910//910 903//903
f 816//816 911//911 903//903
f 819//819 911//911 816//816
f 903//903 910//910 904//904
f 909//909 912//912 908//908
f 818//818 908//908 912//912
f 913//913 818//818 912//912
f 820//820 818//818 913//913
f 915//915 914//914 823//823
f 915//915 823//823 822//822
f 819//819 823//823 911//911
f 911//911 823//823 914//914
f 913//913 825//825 820//820
f 916//916 825//825 913//913
f 918//918 917//917 826//826
f 918//918 826//826 827//827
f 826//826 919//919 828//828
f 917//917 919//919 826//826
f 822//822 828//828 915//915
f 915//915 828//828 919//919
f 916//916 920//920 825//825
f 825//825 920//920 829//829
f 830//830 829//829 920//920
f 830//830 920//920 921//921
f 832//832 922//922 831//831
f 831//831 922//922 923//923
f 924//924 831//831 923//923
f 833//833 831//831 924//924
f 827//827 833//833 918//918
f 918//918 833//833 924//924
f 921//921 925//925 830//830
f 830//830 925//925 834//834
f 835//835 834//834 925//925
f 835//835 925//925 926//926
f 837//837 927//927 836//836
f 927//927 928//928 836//836
f 836//836 928//928 832//832
f 928//928 929//929 832//832
f 929//929 922//922 832//832
f 922//922 929//929 923//923
f 926//926 930//930 835//835
f 835//835 930//930 838//838
f 839//839 838//838 930//930
f 839//839 930//930 931//931
f 933//933 932//932 927//927
f 837//837 933//933 927//927
f 840//840 933//933 837//837
f 927//927 932//932 928//928
f 841//841 839//839 934//934
f 839//839 935//935 934//934
f 839//839 931//931 935//935
f 934//934 842//842 841//841
f 937//937 936//936 843//843
f 937//937 843//843 844//844
f 840//840 843//843 933//933
f 933//933 843//843 936//936
f 935//935 938//938 934//934
f 842//842 934//934 938//938
f 939//939 842//842 938//938
f 845//845 842//842 939//939
f 846//846 937//937 844//844
f 846//846 940//940 937//937
f 847//847 845//845 941//941
f 845//845 942//942 941//941
f 845//845 939//939 942//942
f 941//941 848//848 847//847
f 849//849 940//940 846//846
f 849//849 943//943 940//940
f 942//942 944//944 941//941
f 848//848 941//941 944//944
f 945//945 848//848 944//944
f 850//850 848//848 945//945
f 852//852 946//946 851//851
f 946//946 947//947 851//851
f 947//947 849//849 851//851
f 947//947 943//943 849//849
f 945//945 853//853 850//850
f 948//948 853//853 945//945
f 950//950 949//949 946//946
f 852//852 950//950 946//946
f 854//854 950//950 852//852
f 946//946 949//949 947//947
f 948//948 855//855 853//853
f 951//951 855//855 948//948
f 856//856 953//953 952//952
f 950//950 856//856 952//952
f 854//854 856//856 950//950
f 953//953 954//954 952//952
f 951//951 857//857 855//855
f 955//955 857//857 951//951
f 858//858 953//953 856//856
f 858//858 859//859 953//953
f 859//859 954//954 953//953
f 859//859 956//956 954//954
f 959//959 958//958 957//957
f 955//955 959//959 957//957
f 860//860 955//955 957//957
f 857//857 955//955 860//860
f 861//861 956//956 859//859
f 861//861 960//960 956//956
f 957//957 958//958 863//863
f 958//958 862//862 863//863
f 958//958 961//961 862//862
f 957//957 863//863 860//860
f 962//962 960//960 861//861
f 962//962 861//861 864//864
f 864//864 865//865 962//962
f 962//962 865//865 963//963
f 961//961 866//866 862//862
f 964//964 866//866 961//961
f 867//867 963//963 865//865
f 867//867 965//965 963//963
f 967//967 966//966 869//869
f 869//869 966//966 868//868
f 869//869 866//866 964//964
f 869//869 964//964 967//967
f 968//968 965//965 867//867
f 968//968 867//867 870//870
f 870//870 871//871 968//968
f 968//968 871//871 969//969
f 971//971 970//970 873//873
f 873//873 970//970 872//872
f 873//873 868//868 966//966
f 873//873 966//966 971//971
f 972//972 969//969 871//871
f 972//972 871//871 874//874
f 874//874 875//875 972//972
f 972//972 875//875 973//973
f 975//975 974//974 877//877
f 877//877 974//974 876//876
f 877//877 872//872 970//970
f 877//877 970//970 975//975
f 976//976 973//973 875//875
f 976//976 875//875 878//878
f 878//878 879//879 976//976
f 976//976 879//879 977//977
f 979//979 978//978 881//881
f 881//881 978//978 880//880
f 980//980 881//881 882//882
f 980//980 979//979 881//881
f 882//882 876//876 974//974
f 882//882 974//974 980//980
f 883//883 977//977 879//879
f 883//883 981//981 977//977
f 983//983 982//982 885//885
f 885//885 982//982 884//884
f 984//984 885//885 886//886
f 984//984 983//983 885//885
f 886//886 880//880 978//978
f 886//886 978//978 984//984
f 887//887 981//981 883//883
f 887//887 985//985 981//981
f 982//982 888//888 884//884
f 986//986 888//888 982//982
f 889//889 985//985 887//887
f 889//889 987//987 985//985
f 990//990 989//989 988//988
f 986//986 990//990 988//988
f 891//891 986//986 988//988
f 888//888 986//986 891//891
f 893//893 992//992 991//991
f 987//987 893//893 991//991
f 889//889 893//893 987//987
f 992//992 993//993 991//991
f 988//988 989//989 895//895
f 989//989 894//894 895//895
f 989//989 994//994 894//894
f 988//988 895//895 891//891
f 896//896 992//992 893//893
f 995//995 993//993 992//992
f 896//896 995//995 992//992
f 897//897 995//995 896//896
f 996//996 897//897 898//898
f 996//996 995//995 897//897
f 997//997 898//898 899//899
f 997//997 996//996 898//898
f 899//899 894//894 994//994
f 899//899 994//994 997//997
f 904//904 998//998 905//905
f 999//999 906//906 905//905
f 999//999 905//905 998//998
f 1000//1000 907//907 906//906
f 1000//1000 906//906 999//999
f 1000//1000 909//909 907//907
f 911//911 1001//1001 910//910
f 998//998 904//904 910//910
f 1001//1001 998//998 910//910
f 1002//1002 998//998 1001//1001
f 998//998 1003//1003 999//999
f 998//998 1002//1002 1003//1003
f 999//999 1004//1004 1000//1000
f 999//999 1003//1003 1004//1004
f 1005//1005 912//912 909//909
f 1000//1000 1005//1005 909//909
f 1004//1004 1005//1005 1000//1000
f 1005//1005 913//913 912//912
f 915//915 1006//1006 914//914
f 1006//1006 1007//1007 914//914
f 914//914 1007//1007 911//911
f 1007//1007 1008//1008 911//911
f 1008//1008 1001//1001 911//911
f 1001//1001 1008//1008 1002//1002
f 1002//1002 1008//1008 1009//1009
f 1002//1002 1009//1009 1003//1003
f 1003//1003 1009//1009 1010//1010
f 1003//1003 1010//1010 1004//1004
f 1004//1004 1010//1010 1011//1011
f 1013//1013 1012//1012 1011//1011
f 1012//1012 1004//1004 1011//1011
f 1012//1012 1005//1005 1004//1004
f 1012//1012 916//916 913//913
f 1012//1012 913//913 1005//1005
f 1015//1015 1014//1014 917//917
f 1015//1015 917//917 918//918
f 917//917 1016//1016 919//919
f 1014//1014 1016//1016 917//917
f 915//915 919//919 1006//1006
f 919//919 1017//1017 1006//1006
f 919//919 1016//1016 1017//1017
f 1006//1006 1017//1017 1007//1007
f 1013//1013 1018//1018 1012//1012
f 1018//1018 1020//1020 1019//1019
f 1018//1018 1019//1019 920//920
f 1012//1012 1018//1018 920//920
f 916//916 1012//1012 920//920
f 1019//1019 921//921 920//920
f 1022//1022 1021//1021 924//924
f 1022//1022 924//924 923//923
f 918//918 924//924 1015//1015
f 1015//1015 924//924 1021//1021
f 1020//1020 1023//1023 1019//1019
f 1023//1023 1025//1025 1024//1024
f 1023//1023 1024//1024 925//925
f 1019//1019 1023//1023 925//925
f 921//921 1019//1019 925//925
f 1024//1024 926//926 925//925
f 1027//1027 1026//1026 929//929
f 1027//1027 929//929 928//928
f 923//923 929//929 1022//1022
f 1022//1022 929//929 1026//1026
f 1025//1025 1028//1028 1024//1024
f 1028//1028 1030//1030 1029//1029
f 1028//1028 1029//1029 930//930
f 1024//1024 1028//1028 930//930
f 926//926 1024//1024 930//930
f 1029//1029 931//931 930//930
f 1032//1032 1031//1031 932//932
f 1032//1032 932//932 933//933
f 928//928 932//932 1027//1027
f 1027//1027 932//932 1031//1031
f 1030//1030 1033//1033 1029//1029
f 931//931 1029//1029 1033//1033
f 1034//1034 931//931 1033//1033
f 935//935 931//931 1034//1034
f 937//937 1035//1035 936//936
f 1035//1035 1036//1036 936//936
f 1036//1036 933//933 936//936
f 1036//1036 1032//1032 933//933
f 1034//1034 1037//1037 935//935
f 935//935 1037//1037 938//938
f 939//939 938//938 1037//1037
f 939//939 1037//1037 1038//1038
f 1040//1040 1039//1039 1035//1035
f 937//937 1040//1040 1035//1035
f 940//940 1040//1040 937//937
f 1035//1035 1039//1039 1036//1036
f 1038//1038 942//942 939//939
f 1041//1041 942//942 1038//1038
f 943//943 1040//1040 940//940
f 943//943 1042//1042 1040//1040
f 944//944 942//942 1043//1043
f 942//942 1044//1044 1043//1043
f 942//942 1041//1041 1044//1044
f 1043//1043 945//945 944//944
f 947//947 1042//1042 943//943
f 947//947 1045//1045 1042//1042
f 1044//1044 1046//1046 1043//1043
f 945//945 1043//1043 1046//1046
f 1047//1047 945//945 1046//1046
f 948//948 945//945 1047//1047
f 950//950 1048//1048 949//949
f 1048//1048 1049//1049 949//949
f 1049//1049 947//947 949//949
f 1049//1049 1045//1045 947//947
f 1047//1047 951//951 948//948
f 1050//1050 951//951 1047//1047
f 952//952 1048//1048 950//950
f 952//952 954//954 1048//1048
f 954//954 1049//1049 1048//1048
f 954//954 1051//1051 1049//1049
f 1054//1054 1053//1053 1052//1052
f 1050//1050 1054//1054 1052//1052
f 955//955 1050//1050 1052//1052
f 951//951 1050//1050 955//955
f 956//956 1051//1051 954//954
f 956//956 1055//1055 1051//1051
f 1052//1052 1053//1053 959//959
f 1053//1053 958//958 959//959
f 1053//1053 1056//1056 958//958
f 1052//1052 959//959 955//955
f 960//960 1055//1055 956//956
f 960//960 1057//1057 1055//1055
f 1056//1056 961//961 958//958
f 1058//1058 961//961 1056//1056
f 1059//1059 1057//1057 960//960
f 1059//1059 960//960 962//962
f 962//962 963//963 1059//1059
f 1059//1059 963//963 1060//1060
f 1063//1063 1062//1062 1061//1061
f 1058//1058 1063//1063 1061//1061
f 964//964 1058//1058 1061//1061
f 961//961 1058//1058 964//964
f 965//965 1065//1065 1064//1064
f 1060//1060 965//965 1064//1064
f 963//963 965//965 1060//1060
f 1065//1065 1066//1066 1064//1064
f 1061//1061 1062//1062 967//967
f 1062//1062 966//966 967//967
f 1062//1062 1067//1067 966//966
f 1061//1061 967//967 964//964
f 968//968 1065//1065 965//965
f 1069//1069 1068//1068 969//969
f 969//969 1068//1068 968//968
f 1068//1068 1066//1066 968//968
f 1066//1066 1065//1065 968//968
f 1069//1069 1070//1070 1068//1068
f 1072//1072 1071//1071 971//971
f 971//971 1071//1071 970//970
f 971//971 966//966 1067//1067
f 971//971 1067//1067 1072//1072
f 972//972 1069//1069 969//969
f 1074//1074 1073//1073 973//973
f 973//973 1073//1073 972//972
f 1073//1073 1070//1070 972//972
f 1070//1070 1069//1069 972//972
f 1074//1074 1075//1075 1073//1073
f 1078//1078 1077//1077 1076//1076
f 974//974 975//975 1076//1076
f 975//975 1078//1078 1076//1076
f 975//975 1079//1079 1078//1078
f 975//975 970//970 1071//1071
f 975//975 1071//1071 1079//1079
f 976//976 1074//1074 973//973
f 1081//1081 1080//1080 977//977
f 977//977 1080//1080 976//976
f 1080//1080 1075//1075 976//976
f 1075//1075 1074//1074 976//976
f 1081//1081 1082//1082 1080//1080
f 1085//1085 1084//1084 1083//1083
f 978//978 979//979 1083//1083
f 979//979 1085//1085 1083//1083
f 979//979 1086//1086 1085//1085
f 980//980 1076//1076 1077//1077
f 1086//1086 980//980 1077//1077
f 979//979 980//980 1086//1086
f 1076//1076 980//980 974//974
f 981//981 1087//1087 1081//1081
f 981//981 1081//1081 977//977
f 1082//1082 1081//1081 1088//1088
f 1088//1088 1081//1081 1087//1087
f 1091//1091 1090//1090 1089//1089
f 982//982 983//983 1089//1089
f 983//983 1091//1091 1089//1089
f 983//983 1092//1092 1091//1091
f 984//984 1083//1083 1084//1084
f 1092//1092 984//984 1084//1084
f 983//983 984//984 1092//1092
f 1083//1083 984//984 978//978
f 985//985 1093//1093 1087//1087
f 985//985 1087//1087 981//981
f 1088//1088 1087//1087 1094//1094
f 1094//1094 1087//1087 1093//1093
f 1089//1089 1090//1090 1095//1095
f 1095//1095 1090//1090 1096//1096
f 1095//1095 986//986 982//982
f 1095//1095 982//982 1089//1089
f 987//987 1097//1097 1093//1093
f 987//987 1093//1093 985//985
f 1094//1094 1093//1093 1098//1098
f 1098//1098 1093//1093 1097//1097
f 1095//1095 1096//1096 990//990
f 1096//1096 989//989 990//990
f 1096//1096 1099//1099 989//989
f 1095//1095 990//990 986//986
f 991//991 1097//1097 987//987
f 1101//1101 1100//1100 993//993
f 993//993 1100//1100 991//991
f 1100//1100 1098//1098 991//991
f 1098//1098 1097//1097 991//991
f 1103//1103 1102//1102 1101//1101
f 1101//1101 1102//1102 1100//1100
f 1105//1105 1104//1104 1103//1103
f 1103//1103 1104//1104 1102//1102
f 1099//1099 1104//1104 1105//1105
f 994//994 1099//1099 1105//1105
f 989//989 1099//1099 994//994
f 995//995 1101//1101 993//993
f 1101//1101 995//995 996//996
f 1101//1101 996//996 1103//1103
f 1103//1103 996//996 997//997
f 1103//1103 997//997 1105//1105
f 1105//1105 997//997 994//994
f 1007//1007 1106//1106 1008//1008
f 1107//1107 1009//1009 1008//1008
f 1107//1107 1008//1008 1106//1106
f 1108//1108 1010//1010 1009//1009
f 1108//1108 1009//1009 1107//1107
f 1109//1109 1011//1011 1010//1010
f 1109//1109 1010//1010 1108//1108
f 1109//1109 1013//1013 1011//1011
f 1015//1015 1110//1110 1014//1014
f 1014//1014 1110//1110 1111//1111
f 1112//1112 1014//1014 1111//1111
f 1016//1016 1014//1014 1112//1112
f 1016//1016 1113//1113 1017//1017
f 1112//1112 1113//1113 1016//1016
f 1007//1007 1017//1017 1106//1106
f 1017//1017 1114//1114 1106//1106
f 1017//1017 1113//1113 1114//1114
f 1106//1106 1114//1114 1107//1107
f 1107//1107 1114//1114 1115//1115
f 1107//1107 1115//1115 1108//1108
f 1108//1108 1115//1115 1116//1116
f 1108//1108 1116//1116 1109//1109
f 1109//1109 1116//1116 1117//1117
f 1117//1117 1119//1119 1118//1118
f 1117//1117 1118//1118 1018//1018
f 1109//1109 1117//1117 1018//1018
f 1013//1013 1109//1109 1018//1018
f 1118//1118 1020//1020 1018//1018
f 1022//1022 1120//1120 1021//1021
f 1120//1120 1121//1121 1021//1021
f 1021//1021 1121//1121 1015//1015
f 1121//1121 1122//1122 1015//1015
f 1122//1122 1110//1110 1015//1015
f 1110//1110 1122//1122 1111//1111
f 1119//1119 1123//1123 1118//1118
f 1118//1118 1123//1123 1020//1020
f 1123//1123 1023//1023 1020//1020
f 1123//1123 1124//1124 1023//1023
f 1025//1025 1023//1023 1124//1124
f 1025//1025 1124//1124 1125//1125
f 1127//1127 1126//1126 1026//1026
f 1127//1127 1026//1026 1027//1027
f 1022//1022 1026//1026 1120//1120
f 1026//1026 1128//1128 1120//1120
f 1026//1026 1126//1126 1128//1128
f 1120//1120 1128//1128 1121//1121
f 1125//1125 1129//1129 1025//1025
f 1025//1025 1129//1129 1028//1028
f 1030//1030 1028//1028 1129//1129
f 1030//1030 1129//1129 1130//1130
f 1032//1032 1131//1131 1031//1031
f 1131//1131 1132//1132 1031//1031
f 1132//1132 1027//1027 1031//1031
f 1132//1132 1127//1127 1027//1027
f 1130//1130 1133//1133 1030//1030
f 1030//1030 1133//1133 1033//1033
f 1034//1034 1033//1033 1133//1133
f 1034//1034 1133//1133 1134//1134
f 1136//1136 1135//1135 1131//1131
f 1032//1032 1136//1136 1131//1131
f 1036//1036 1136//1136 1032//1032
f 1131//1131 1135//1135 1132//1132
f 1037//1037 1034//1034 1137//1137
f 1034//1034 1138//1138 1137//1137
f 1034//1034 1134//1134 1138//1138
f 1137//1137 1038//1038 1037//1037
f 1040//1040 1139//1139 1039//1039
f 1139//1139 1140//1140 1039//1039
f 1140//1140 1036//1036 1039//1039
f 1140//1140 1136//1136 1036//1036
f 1138//1138 1141//1141 1137//1137
f 1038//1038 1137//1137 1141//1141
f 1142//1142 1038//1038 1141//1141
f 1041//1041 1038//1038 1142//1142
f 1144//1144 1143//1143 1139//1139
f 1040//1040 1144//1144 1139//1139
f 1042//1042 1144//1144 1040//1040
f 1139//1139 1143//1143 1140//1140
f 1142//1142 1044//1044 1041//1041
f 1145//1145 1044//1044 1142//1142
f 1045//1045 1144//1144 1042//1042
f 1045//1045 1146//1146 1144//1144
f 1046//1046 1044//1044 1147//1147
f 1044//1044 1148//1148 1147//1147
f 1044//1044 1145//1145 1148//1148
f 1147//1147 1047//1047 1046//1046
f 1049//1049 1146//1146 1045//1045
f 1049//1049 1149//1149 1146//1146
f 1147//1147 1148//1148 1150//1150
f 1150//1150 1148//1148 1151//1151
f 1150//1150 1050//1050 1047//1047
f 1150//1150 1047//1047 1147//1147
f 1051//1051 1149//1149 1049//1049
f 1051//1051 1152//1152 1149//1149
f 1150//1150 1151//1151 1054//1054
f 1151//1151 1053//1053 1054//1054
f 1151//1151 1153//1153 1053//1053
f 1150//1150 1054//1054 1050//1050
f 1055//1055 1152//1152 1051//1051
f 1055//1055 1154//1154 1152//1152
f 1153//1153 1056//1056 1053//1053
f 1155//1155 1056//1056 1153//1153
f 1057//1057 1157//1157 1156//1156
f 1154//1154 1057//1057 1156//1156
f 1055//1055 1057//1057 1154//1154
f 1157//1157 1158//1158 1156//1156
f 1155//1155 1058//1058 1056//1056
f 1159//1159 1058//1058 1155//1155
f 1059//1059 1157//1157 1057//1057
f 1059//1059 1060//1060 1157//1157
f 1060//1060 1158//1158 1157//1157
f 1060//1060 1160//1160 1158//1158
f 1162//1162 1161//1161 1063//1063
f 1063//1063 1161//1161 1062//1062
f 1063//1063 1058//1058 1159//1159
f 1063//1063 1159//1159 1162//1162
f 1163//1163 1160//1160 1060//1060
f 1163//1163 1060//1060 1064//1064
f 1064//1064 1066//1066 1163//1163
f 1163//1163 1066//1066 1164//1164
f 1167//1167 1166//1166 1165//1165
f 1161//1161 1167//1167 1165//1165
f 1067//1067 1161//1161 1165//1165
f 1062//1062 1161//1161 1067//1067
f 1168//1168 1164//1164 1066//1066
f 1168//1168 1066//1066 1068//1068
f 1068//1068 1070//1070 1168//1168
f 1168//1168 1070//1070 1169//1169
f 1172//1172 1171//1171 1170//1170
f 1172//1172 1170//1170 1166//1166
f 1166//1166 1170//1170 1165//1165
f 1170//1170 1071//1071 1165//1165
f 1071//1071 1072//1072 1165//1165
f 1165//1165 1072//1072 1067//1067
f 1173//1173 1169//1169 1070//1070
f 1173//1173 1070//1070 1073//1073
f 1073//1073 1075//1075 1173//1173
f 1173//1173 1075//1075 1174//1174
f 1176//1176 1175//1175 1078//1078
f 1078//1078 1175//1175 1077//1077
f 1079//1079 1170//1170 1171//1171
f 1176//1176 1079//1079 1171//1171
f 1078//1078 1079//1079 1176//1176
f 1170//1170 1079//1079 1071//1071
f 1177//1177 1174//1174 1075//1075
f 1177//1177 1075//1075 1080//1080
f 1179//1179 1178//1178 1082//1082
f 1178//1178 1080//1080 1082//1082
f 1178//1178 1177//1177 1080//1080
f 1179//1179 1180//1180 1178//1178
f 1183//1183 1182//1182 1181//1181
f 1185//1185 1184//1184 1181//1181
f 1181//1181 1184//1184 1183//1183
f 1084//1084 1085//1085 1185//1185
f 1085//1085 1184//1184 1185//1185
f 1085//1085 1186//1186 1184//1184
f 1187//1187 1085//1085 1086//1086
f 1187//1187 1186//1186 1085//1085
f 1086//1086 1077//1077 1175//1175
f 1086//1086 1175//1175 1187//1187
f 1088//1088 1188//1188 1179//1179
f 1088//1088 1179//1179 1082//1082
f 1180//1180 1179//1179 1189//1189
f 1179//1179 1190//1190 1189//1189
f 1179//1179 1188//1188 1190//1190
f 1192//1192 1191//1191 1190//1190
f 1190//1190 1191//1191 1189//1189
f 1191//1191 1192//1192 1182//1182
f 1182//1182 1192//1192 1181//1181
f 1192//1192 1090//1090 1181//1181
f 1090//1090 1091//1091 1181//1181
f 1181//1181 1091//1091 1092//1092
f 1181//1181 1092//1092 1185//1185
f 1185//1185 1092//1092 1084//1084
f 1094//1094 1193//1193 1188//1188
f 1094//1094 1188//1188 1088//1088
f 1188//1188 1194//1194 1190//1190
f 1188//1188 1193//1193 1194//1194
f 1190//1190 1195//1195 1192//1192
f 1190//1190 1194//1194 1195//1195
f 1195//1195 1096//1096 1090//1090
f 1195//1195 1090//1090 1192//1192
f 1098//1098 1196//1196 1193//1193
f 1098//1098 1193//1193 1094//1094
f 1193//1193 1197//1197 1194//1194
f 1193//1193 1196//1196 1197//1197
f 1194//1194 1198//1198 1195//1195
f 1194//1194 1197//1197 1198//1198
f 1198//1198 1099//1099 1096//1096
f 1198//1198 1096//1096 1195//1195
f 1100//1100 1196//1196 1098//1098
f 1196//1196 1100//1100 1102//1102
f 1196//1196 1102//1102 1197//1197
f 1197//1197 1102//1102 1104//1104
f 1197//1197 1104//1104 1198//1198
f 1198//1198 1104//1104 1099//1099
f 1111//1111 1199//1199 1112//1112
f 1200//1200 1113//1113 1112//1112
f 1200//1200 1112//1112 1199//1199
f 1201//1201 1114//1114 1113//1113
f 1201//1201 1113//1113 1200//1200
f 1114//1114 1201//1201 1202//1202
f 1203//1203 1114//1114 1202//1202
f 1115//1115 1114//1114 1203//1203
f 1203//1203 1205//1205 1204//1204
f 1116//1116 1203//1203 1204//1204
f 1115//1115 1203//1203 1116//1116
f 1206//1206 1117//1117 1116//1116
f 1206//1206 1116//1116 1204//1204
f 1206//1206 1119//1119 1117//1117
f 1121//1121 1207//1207 1122//1122
f 1207//1207 1208//1208 1122//1122
f 1122//1122 1208//1208 1111//1111
f 1208//1208 1209//1209 1111//1111
f 1209//1209 1199//1199 1111//1111
f 1199//1199 1209//1209 1200//1200
f 1200//1200 1209//1209 1210//1210
f 1200//1200 1210//1210 1201//1201
f 1201//1201 1210//1210 1211//1211
f 1201//1201 1211//1211 1202//1202
f 1205//1205 1212//1212 1204//1204
f 1204//1204 1212//1212 1206//1206
f 1206//1206 1212//1212 1213//1213
f 1206//1206 1213//1213 1119//1119
f 1213//1213 1123//1123 1119//1119
f 1213//1213 1214//1214 1123//1123
f 1214//1214 1216//1216 1215//1215
f 1124//1124 1214//1214 1215//1215
f 1123//1123 1214//1214 1124//1124
f 1215//1215 1125//1125 1124//1124
f 1127//1127 1217//1217 1126//1126
f 1126//1126 1217//1217 1218//1218
f 1219//1219 1126//1126 1218//1218
f 1128//1128 1126//1126 1219//1219
f 1121//1121 1128//1128 1207//1207
f 1128//1128 1220//1220 1207//1207
f 1128//1128 1219//1219 1220//1220
f 1207//1207 1220//1220 1208//1208
f 1216//1216 1221//1221 1215//1215
f 1221//1221 1223//1223 1222//1222
f 1221//1221 1222//1222 1129//1129
f 1215//1215 1221//1221 1129//1129
f 1125//1125 1215//1215 1129//1129
f 1222//1222 1130//1130 1129//1129
f 1225//1225 1224//1224 1217//1217
f 1127//1127 1225//1225 1217//1217
f 1132//1132 1225//1225 1127//1127
f 1217//1217 1224//1224 1218//1218
f 1223//1223 1226//1226 1222//1222
f 1226//1226 1228//1228 1227//1227
f 1226//1226 1227//1227 1133//1133
f 1222//1222 1226//1226 1133//1133
f 1130//1130 1222//1222 1133//1133
f 1227//1227 1134//1134 1133//1133
f 1136//1136 1229//1229 1135//1135
f 1229//1229 1230//1230 1135//1135
f 1230//1230 1132//1132 1135//1135
f 1230//1230 1225//1225 1132//1132
f 1228//1228 1231//1231 1227//1227
f 1134//1134 1227//1227 1231//1231
f 1232//1232 1134//1134 1231//1231
f 1138//1138 1134//1134 1232//1232
f 1234//1234 1233//1233 1229//1229
f 1136//1136 1234//1234 1229//1229
f 1140//1140 1234//1234 1136//1136
f 1229//1229 1233//1233 1230//1230
f 1141//1141 1138//1138 1235//1235
f 1138//1138 1236//1236 1235//1235
f 1138//1138 1232//1232 1236//1236
f 1235//1235 1142//1142 1141//1141
f 1144//1144 1237//1237 1143//1143
f 1237//1237 1238//1238 1143//1143
f 1238//1238 1140//1140 1143//1143
f 1238//1238 1234//1234 1140//1140
f 1236//1236 1239//1239 1235//1235
f 1142//1142 1235//1235 1239//1239
f 1240//1240 1142//1142 1239//1239
f 1145//1145 1142//1142 1240//1240
f 1146//1146 1241//1241 1237//1237
f 1146//1146 1237//1237 1144//1144
f 1238//1238 1237//1237 1242//1242
f 1242//1242 1237//1237 1241//1241
f 1240//1240 1148//1148 1145//1145
f 1243//1243 1148//1148 1240//1240
f 1149//1149 1244//1244 1241//1241
f 1149//1149 1241//1241 1146//1146
f 1242//1242 1241//1241 1245//1245
f 1245//1245 1241//1241 1244//1244
f 1243//1243 1151//1151 1148//1148
f 1246//1246 1151//1151 1243//1243
f 1152//1152 1247//1247 1244//1244
f 1152//1152 1244//1244 1149//1149
f 1245//1245 1244//1244 1248//1248
f 1248//1248 1244//1244 1247//1247
f 1246//1246 1153//1153 1151//1151
f 1249//1249 1153//1153 1246//1246
f 1154//1154 1250//1250 1247//1247
f 1154//1154 1247//1247 1152//1152
f 1248//1248 1247//1247 1251//1251
f 1251//1251 1247//1247 1250//1250
f 1254//1254 1253//1253 1252//1252
f 1249//1249 1254//1254 1252//1252
f 1155//1155 1249//1249 1252//1252
f 1153//1153 1249//1249 1155//1155
f 1156//1156 1250//1250 1154//1154
f 1156//1156 1158//1158 1250//1250
f 1158//1158 1251//1251 1250//1250
f 1158//1158 1255//1255 1251//1251
f 1252//1252 1253//1253 1256//1256
f 1256//1256 1253//1253 1257//1257
f 1256//1256 1159//1159 1155//1155
f 1256//1256 1155//1155 1252//1252
f 1160//1160 1259//1259 1258//1258
f 1255//1255 1160//1160 1258//1258
f 1158//1158 1160//1160 1255//1255
f 1259//1259 1260//1260 1258//1258
f 1263//1263 1262//1262 1261//1261
f 1263//1263 1261//1261 1257//1257
f 1257//1257 1261//1261 1256//1256
f 1261//1261 1161//1161 1256//1256
f 1161//1161 1162//1162 1256//1256
f 1256//1256 1162//1162 1159//1159
f 1163//1163 1259//1259 1160//1160
f 1265//1265 1264//1264 1164//1164
f 1164//1164 1264//1264 1163//1163
f 1264//1264 1260//1260 1163//1163
f 1260//1260 1259//1259 1163//1163
f 1265//1265 1266//1266 1264//1264
f 1261//1261 1262//1262 1167//1167
f 1262//1262 1166//1166 1167//1167
f 1262//1262 1267//1267 1166//1166
f 1261//1261 1167//1167 1161//1161
f 1168//1168 1265//1265 1164//1164
f 1269//1269 1268//1268 1169//1169
f 1169//1169 1268//1268 1168//1168
f 1268//1268 1266//1266 1168//1168
f 1266//1266 1265//1265 1168//1168
f 1269//1269 1270//1270 1268//1268
f 1273//1273 1272//1272 1271//1271
f 1171//1171 1172//1172 1271//1271
f 1172//1172 1273//1273 1271//1271
f 1172//1172 1274//1274 1273//1273
f 1172//1172 1166//1166 1267//1267
f 1172//1172 1267//1267 1274//1274
f 1173//1173 1269//1269 1169//1169
f 1276//1276 1275//1275 1174//1174
f 1174//1174 1275//1275 1173//1173
f 1275//1275 1270//1270 1173//1173
f 1270//1270 1269//1269 1173//1173
f 1278//1278 1277//1277 1276//1276
f 1276//1276 1277//1277 1275//1275
f 1278//1278 1279//1279 1277//1277
f 1282//1282 1281//1281 1280//1280
f 1284//1284 1283//1283 1280//1280
f 1280//1280 1283//1283 1282//1282
f 1283//1283 1284//1284 1272//1272
f 1272//1272 1284//1284 1271//1271
f 1284//1284 1175//1175 1271//1271
f 1175//1175 1176//1176 1271//1271
f 1271//1271 1176//1176 1171//1171
f 1177//1177 1276//1276 1174//1174
f 1276//1276 1177//1177 1178//1178
f 1276//1276 1178//1178 1278//1278
f 1286//1286 1285//1285 1180//1180
f 1180//1180 1285//1285 1178//1178
f 1285//1285 1279//1279 1178//1178
f 1279//1279 1278//1278 1178//1178
f 1288//1288 1287//1287 1286//1286
f 1286//1286 1287//1287 1285//1285
f 1182//1182 1183//1183 1288//1288
f 1183//1183 1287//1287 1288//1288
f 1183//1183 1289//1289 1287//1287
f 1290//1290 1183//1183 1184//1184
f 1290//1290 1289//1289 1183//1183
f 1186//1186 1280//1280 1281//1281
f 1290//1290 1186//1186 1281//1281
f 1184//1184 1186//1186 1290//1290
f 1280//1280 1186//1186 1187//1187
f 1280//1280 1187//1187 1284//1284
f 1284//1284 1187//1187 1175//1175
f 1189//1189 1286//1286 1180//1180
f 1286//1286 1189//1189 1191//1191
f 1286//1286 1191//1191 1288//1288
f 1288//1288 1191//1191 1182//1182
f 1202//1202 1291//1291 1203//1203
f 1291//1291 1205//1205 1203//1203
f 1208//1208 1292//1292 1209//1209
f 1209//1209 1292//1292 1293//1293
f 1294//1294 1209//1209 1293//1293
f 1210//1210 1209//1209 1294//1294
f 1210//1210 1295//1295 1211//1211
f 1294//1294 1295//1295 1210//1210
f 1202//1202 1211//1211 1291//1291
f 1211//1211 1296//1296 1291//1291
f 1211//1211 1295//1295 1296//1296
f 1291//1291 1296//1296 1205//1205
f 1296//1296 1212//1212 1205//1205
f 1296//1296 1297//1297 1212//1212
f 1297//1297 1299//1299 1298//1298
f 1213//1213 1297//1297 1298//1298
f 1212//1212 1297//1297 1213//1213
f 1300//1300 1214//1214 1213//1213
f 1300//1300 1213//1213 1298//1298
f 1300//1300 1216//1216 1214//1214
f 1218//1218 1301//1301 1219//1219
f 1219//1219 1301//1301 1302//1302
f 1303//1303 1219//1219 1302//1302
f 1220//1220 1219//1219 1303//1303
f 1208//1208 1220//1220 1292//1292
f 1220//1220 1304//1304 1292//1292
f 1220//1220 1303//1303 1304//1304
f 1292//1292 1304//1304 1293//1293
f 1299//1299 1305//1305 1298//1298
f 1298//1298 1305//1305 1300//1300
f 1300//1300 1305//1305 1306//1306
f 1306//1306 1308//1308 1307//1307
f 1306//1306 1307//1307 1221//1221
f 1300//1300 1306//1306 1221//1221
f 1216//1216 1300//1300 1221//1221
f 1307//1307 1223//1223 1221//1221
f 1225//1225 1309//1309 1224//1224
f 1309//1309 1310//1310 1224//1224
f 1224//1224 1310//1310 1218//1218
f 1310//1310 1311//1311 1218//1218
f 1311//1311 1301//1301 1218//1218
f 1301//1301 1311//1311 1302//1302
f 1308//1308 1312//1312 1307//1307
f 1312//1312 1314//1314 1313//1313
f 1312//1312 1313//1313 1226//1226
f 1307//1307 1312//1312 1226//1226
f 1223//1223 1307//1307 1226//1226
f 1313//1313 1228//1228 1226//1226
f 1316//1316 1315//1315 1309//1309
f 1225//1225 1316//1316 1309//1309
f 1230//1230 1316//1316 1225//1225
f 1309//1309 1315//1315 1310//1310
f 1314//1314 1317//1317 1313//1313
f 1317//1317 1319//1319 1318//1318
f 1317//1317 1318//1318 1231//1231
f 1313//1313 1317//1317 1231//1231
f 1228//1228 1313//1313 1231//1231
f 1318//1318 1232//1232 1231//1231
f 1234//1234 1320//1320 1233//1233
f 1320//1320 1321//1321 1233//1233
f 1321//1321 1230//1230 1233//1233
f 1321//1321 1316//1316 1230//1230
f 1319//1319 1322//1322 1318//1318
f 1232//1232 1318//1318 1322//1322
f 1323//1323 1232//1232 1322//1322
f 1236//1236 1232//1232 1323//1323
f 1325//1325 1324//1324 1320//1320
f 1234//1234 1325//1325 1320//1320
f 1238//1238 1325//1325 1234//1234
f 1320//1320 1324//1324 1321//1321
f 1239//1239 1236//1236 1326//1326
f 1236//1236 1327//1327 1326//1326
f 1236//1236 1323//1323 1327//1327
f 1326//1326 1240//1240 1239//1239
f 1242//1242 1325//1325 1238//1238
f 1242//1242 1328//1328 1325//1325
f 1326//1326 1327//1327 1329//1329
f 1329//1329 1327//1327 1330//1330
f 1329//1329 1243//1243 1240//1240
f 1329//1329 1240//1240 1326//1326
f 1245//1245 1328//1328 1242//1242
f 1245//1245 1331//1331 1328//1328
f 1329//1329 1330//1330 1332//1332
f 1332//1332 1330//1330 1333//1333
f 1332//1332 1246//1246 1243//1243
f 1332//1332 1243//1243 1329//1329
f 1248//1248 1331//1331 1245//1245
f 1248//1248 1334//1334 1331//1331
f 1332//1332 1333//1333 1335//1335
f 1335//1335 1333//1333 1336//1336
f 1335//1335 1249//1249 1246//1246
f 1335//1335 1246//1246 1332//1332
f 1251//1251 1338//1338 1337//1337
f 1334//1334 1251//1251 1337//1337
f 1248//1248 1251//1251 1334//1334
f 1338//1338 1339//1339 1337//1337
f 1335//1335 1336//1336 1254//1254
f 1336//1336 1253//1253 1254//1254
f 1336//1336 1340//1340 1253//1253
f 1335//1335 1254//1254 1249//1249
f 1255//1255 1341//1341 1338//1338
f 1255//1255 1338//1338 1251//1251
f 1339//1339 1338//1338 1342//1342
f 1342//1342 1338//1338 1341//1341
f 1345//1345 1344//1344 1343//1343
f 1340//1340 1345//1345 1343//1343
f 1257//1257 1340//1340 1343//1343
f 1253//1253 1340//1340 1257//1257
f 1258//1258 1341//1341 1255//1255
f 1347//1347 1346//1346 1260//1260
f 1260//1260 1346//1346 1258//1258
f 1346//1346 1342//1342 1258//1258
f 1342//1342 1341//1341 1258//1258
f 1347//1347 1348//1348 1346//1346
f 1351//1351 1350//1350 1349//1349
f 1351//1351 1349//1349 1344//1344
f 1344//1344 1349//1349 1343//1343
f 1349//1349 1262//1262 1343//1343
f 1262//1262 1263//1263 1343//1343
f 1343//1343 1263//1263 1257//1257
f 1264//1264 1347//1347 1260//1260
f 1353//1353 1352//1352 1266//1266
f 1266//1266 1352//1352 1264//1264
f 1352//1352 1348//1348 1264//1264
f 1348//1348 1347//1347 1264//1264
f 1353//1353 1354//1354 1352//1352
f 1357//1357 1356//1356 1355//1355
f 1357//1357 1355//1355 1350//1350
f 1355//1355 1349//1349 1350//1350
f 1355//1355 1358//1358 1349//1349
f 1358//1358 1267//1267 1262//1262
f 1358//1358 1262//1262 1349//1349
f 1268//1268 1353//1353 1266//1266
f 1360//1360 1359//1359 1270//1270
f 1270//1270 1359//1359 1268//1268
f 1359//1359 1354//1354 1268//1268
f 1354//1354 1353//1353 1268//1268
f 1360//1360 1361//1361 1359//1359
f 1364//1364 1363//1363 1362//1362
f 1364//1364 1362//1362 1356//1356
f 1356//1356 1362//1362 1355//1355
f 1362//1362 1272//1272 1355//1355
f 1272//1272 1273//1273 1355//1355
f 1355//1355 1273//1273 1274//1274
f 1355//1355 1274//1274 1358//1358
f 1358//1358 1274//1274 1267//1267
f 1275//1275 1360//1360 1270//1270
f 1365//1365 1361//1361 1360//1360
f 1275//1275 1365//1365 1360//1360
f 1277//1277 1365//1365 1275//1275
f 1367//1367 1366//1366 1279//1279
f 1366//1366 1277//1277 1279//1279
f 1366//1366 1365//1365 1277//1277
f 1369//1369 1368//1368 1367//1367
f 1367//1367 1368//1368 1366//1366
f 1371//1371 1370//1370 1369//1369
f 1369//1369 1370//1370 1368//1368
f 1373//1373 1372//1372 1371//1371
f 1371//1371 1372//1372 1370//1370
f 1281//1281 1282//1282 1373//1373
f 1282//1282 1372//1372 1373//1373
f 1282//1282 1374//1374 1372//1372
f 1283//1283 1362//1362 1363//1363
f 1374//1374 1283//1283 1363//1363
f 1282//1282 1283//1283 1374//1374
f 1362//1362 1283//1283 1272//1272
f 1285//1285 1367//1367 1279//1279
f 1367//1367 1285//1285 1287//1287
f 1367//1367 1287//1287 1369//1369
f 1369//1369 1287//1287 1289//1289
f 1369//1369 1289//1289 1371//1371
f 1371//1371 1289//1289 1290//1290
f 1371//1371 1290//1290 1373//1373
f 1373//1373 1290//1290 1281//1281
f 1293//1293 1375//1375 1294//1294
f 1376//1376 1295//1295 1294//1294
f 1376//1376 1294//1294 1375//1375
f 1377//1377 1296//1296 1295//1295
f 1377//1377 1295//1295 1376//1376
f 1378//1378 1297//1297 1296//1296
f 1378//1378 1296//1296 1377//1377
f 1378//1378 1299//1299 1297//1297
f 1302//1302 1379//1379 1303//1303
f 1380//1380 1304//1304 1303//1303
f 1380//1380 1303//1303 1379//1379
f 1380//1380 1381//1381 1304//1304
f 1304//1304 1381//1381 1293//1293
f 1381//1381 1382//1382 1293//1293
f 1382//1382 1375//1375 1293//1293
f 1375//1375 1382//1382 1376//1376
f 1376//1376 1382//1382 1383//1383
f 1376//1376 1383//1383 1377//1377
f 1377//1377 1383//1383 1384//1384
f 1377//1377 1384//1384 1378//1378
f 1378//1378 1384//1384 1385//1385
f 1385//1385 1387//1387 1386//1386
f 1385//1385 1386//1386 1305//1305
f 1378//1378 1385//1385 1305//1305
f 1299//1299 1378//1378 1305//1305
f 1388//1388 1306//1306 1305//1305
f 1388//1388 1305//1305 1386//1386
f 1388//1388 1308//1308 1306//1306
f 1310//1310 1389//1389 1311//1311
f 1389//1389 1390//1390 1311//1311
f 1311//1311 1390//1390 1302//1302
f 1390//1390 1391//1391 1302//1302
f 1391//1391 1379//1379 1302//1302
f 1379//1379 1391//1391 1380//1380
f 1380//1380 1391//1391 1392//1392
f 1380//1380 1392//1392 1381//1381
f 1387//1387 1393//1393 1386//1386
f 1386//1386 1393//1393 1388//1388
f 1388//1388 1393//1393 1394//1394
f 1394//1394 1396//1396 1395//1395
f 1394//1394 1395//1395 1312//1312
f 1388//1388 1394//1394 1312//1312
f 1308//1308 1388//1388 1312//1312
f 1395//1395 1314//1314 1312//1312
f 1316//1316 1397//1397 1315//1315
f 1397//1397 1398//1398 1315//1315
f 1315//1315 1398//1398 1310//1310
f 1398//1398 1399//1399 1310//1310
f 1399//1399 1389//1389 1310//1310
f 1389//1389 1399//1399 1390//1390
f 1396//1396 1400//1400 1395//1395
f 1400//1400 1402//1402 1401//1401
f 1400//1400 1401//1401 1317//1317
f 1395//1395 1400//1400 1317//1317
f 1314//1314 1395//1395 1317//1317
f 1401//1401 1319//1319 1317//1317
f 1321//1321 1403//1403 1397//1397
f 1321//1321 1397//1397 1316//1316
f 1398//1398 1397//1397 1404//1404
f 1404//1404 1397//1397 1403//1403
f 1401//1401 1402//1402 1405//1405
f 1405//1405 1402//1402 1406//1406
f 1407//1407 1322//1322 1319//1319
f 1401//1401 1407//1407 1319//1319
f 1405//1405 1407//1407 1401//1401
f 1407//1407 1323//1323 1322//1322
f 1325//1325 1408//1408 1324//1324
f 1408//1408 1409//1409 1324//1324
f 1324//1324 1409//1409 1321//1321
f 1409//1409 1410//1410 1321//1321
f 1410//1410 1403//1403 1321//1321
f 1403//1403 1410//1410 1404//1404
f 1406//1406 1411//1411 1405//1405
f 1413//1413 1412//1412 1411//1411
f 1412//1412 1405//1405 1411//1411
f 1412//1412 1407//1407 1405//1405
f 1412//1412 1327//1327 1323//1323
f 1412//1412 1323//1323 1407//1407
f 1328//1328 1414//1414 1408//1408
f 1328//1328 1408//1408 1325//1325
f 1409//1409 1408//1408 1415//1415
f 1415//1415 1408//1408 1414//1414
f 1412//1412 1413//1413 1416//1416
f 1416//1416 1413//1413 1417//1417
f 1416//1416 1330//1330 1327//1327
f 1416//1416 1327//1327 1412//1412
f 1331//1331 1418//1418 1414//1414
f 1331//1331 1414//1414 1328//1328
f 1415//1415 1414//1414 1419//1419
f 1419//1419 1414//1414 1418//1418
f 1416//1416 1417//1417 1420//1420
f 1420//1420 1417//1417 1421//1421
f 1420//1420 1333//1333 1330//1330
f 1420//1420 1330//1330 1416//1416
f 1334//1334 1422//1422 1418//1418
f 1334//1334 1418//1418 1331//1331
f 1419//1419 1418//1418 1423//1423
f 1423//1423 1418//1418 1422//1422
f 1420//1420 1421//1421 1424//1424
f 1424//1424 1421//1421 1425//1425
f 1424//1424 1336//1336 1333//1333
f 1424//1424 1333//1333 1420//1420
f 1337//1337 1422//1422 1334//1334
f 1427//1427 1426//1426 1339//1339
f 1339//1339 1426//1426 1337//1337
f 1426//1426 1423//1423 1337//1337
f 1423//1423 1422//1422 1337//1337
f 1427//1427 1428//1428 1426//1426
f 1424//1424 1425//1425 1429//1429
f 1429//1429 1425//1425 1430//1430
f 1429//1429 1340//1340 1336//1336
f 1429//1429 1336//1336 1424//1424
f 1342//1342 1431//1431 1427//1427
f 1342//1342 1427//1427 1339//1339
f 1428//1428 1427//1427 1432//1432
f 1432//1432 1427//1427 1431//1431
f 1435//1435 1434//1434 1433//1433
f 1435//1435 1433//1433 1430//1430
f 1430//1430 1433//1433 1429//1429
f 1433//1433 1344//1344 1429//1429
f 1344//1344 1345//1345 1429//1429
f 1429//1429 1345//1345 1340//1340
f 1346//1346 1431//1431 1342//1342
f 1437//1437 1436//1436 1348//1348
f 1348//1348 1436//1436 1346//1346
f 1436//1436 1432//1432 1346//1346
f 1432//1432 1431//1431 1346//1346
f 1437//1437 1438//1438 1436//1436
f 1441//1441 1440//1440 1439//1439
f 1441//1441 1439//1439 1434//1434
f 1434//1434 1439//1439 1433//1433
f 1439//1439 1350//1350 1433//1433
f 1350//1350 1351//1351 1433//1433
f 1433//1433 1351//1351 1344//1344
f 1352//1352 1437//1437 1348//1348
f 1443//1443 1442//1442 1354//1354
f 1354//1354 1442//1442 1352//1352
f 1442//1442 1438//1438 1352//1352
f 1438//1438 1437//1437 1352//1352
f 1445//1445 1444//1444 1443//1443
f 1443//1443 1444//1444 1442//1442
f 1445//1445 1446//1446 1444//1444
f 1449//1449 1448//1448 1447//1447
f 1449//1449 1447//1447 1440//1440
f 1440//1440 1447//1447 1439//1439
f 1447//1447 1356//1356 1439//1439
f 1356//1356 1357//1357 1439//1439
f 1439//1439 1357//1357 1350//1350
f 1359//1359 1443//1443 1354//1354
f 1443//1443 1359//1359 1361//1361
f 1450//1450 1443//1443 1361//1361
f 1445//1445 1443//1443 1450//1450
f 1446//1446 1445//1445 1451//1451
f 1445//1445 1452//1452 1451//1451
f 1445//1445 1450//1450 1452//1452
f 1454//1454 1453//1453 1452//1452
f 1452//1452 1453//1453 1451//1451
f 1456//1456 1455//1455 1454//1454
f 1454//1454 1455//1455 1453//1453
f 1458//1458 1457//1457 1456//1456
f 1456//1456 1457//1457 1455//1455
f 1460//1460 1459//1459 1458//1458
f 1458//1458 1459//1459 1457//1457
f 1459//1459 1460//1460 1448//1448
f 1448//1448 1460//1460 1447//1447
f 1460//1460 1363//1363 1447//1447
f 1363//1363 1364//1364 1447//1447
f 1447//1447 1364//1364 1356//1356
f 1365//1365 1450//1450 1361//1361
f 1450//1450 1365//1365 1366//1366
f 1450//1450 1366//1366 1452//1452
f 1452//1452 1366//1366 1368//1368
f 1452//1452 1368//1368 1454//1454
f 1454//1454 1368//1368 1370//1370
f 1454//1454 1370//1370 1456//1456
f 1456//1456 1370//1370 1372//1372
f 1456//1456 1372//1372 1458//1458
f 1458//1458 1372//1372 1374//1374
f 1458//1458 1374//1374 1460//1460
f 1460//1460 1374//1374 1363//1363
f 1381//1381 1461//1461 1382//1382
f 1462//1462 1383//1383 1382//1382
f 1462//1462 1382//1382 1461//1461
f 1463//1463 1384//1384 1383//1383
f 1463//1463 1383//1383 1462//1462
f 1464//1464 1385//1385 1384//1384
f 1464//1464 1384//1384 1463//1463
f 1464//1464 1387//1387 1385//1385
f 1390//1390 1465//1465 1391//1391
f 1466//1466 1392//1392 1391//1391
f 1466//1466 1391//1391 1465//1465
f 1461//1461 1381//1381 1392//1392
f 1466//1466 1461//1461 1392//1392
f 1467//1467 1461//1461 1466//1466
f 1461//1461 1468//1468 1462//1462
f 1461//1461 1467//1467 1468//1468
f 1462//1462 1469//1469 1463//1463
f 1462//1462 1468//1468 1469//1469
f 1463//1463 1470//1470 1464//1464
f 1463//1463 1469//1469 1470//1470
f 1471//1471 1393//1393 1387//1387
f 1464//1464 1471//1471 1387//1387
f 1470//1470 1471//1471 1464//1464
f 1472//1472 1394//1394 1393//1393
f 1472//1472 1393//1393 1471//1471
f 1472//1472 1396//1396 1394//1394
f 1398//1398 1473//1473 1399//1399
f 1465//1465 1390//1390 1399//1399
f 1473//1473 1465//1465 1399//1399
f 1474//1474 1465//1465 1473//1473
f 1476//1476 1466//1466 1475//1475
f 1466//1466 1474//1474 1475//1475
f 1466//1466 1465//1465 1474//1474
f 1466//1466 1476//1476 1467//1467
f 1467//1467 1476//1476 1477//1477
f 1467//1467 1477//1477 1468//1468
f 1468//1468 1477//1477 1478//1478
f 1468//1468 1478//1478 1469//1469
f 1469//1469 1478//1478 1479//1479
f 1469//1469 1479//1479 1470//1470
f 1470//1470 1479//1479 1480//1480
f 1470//1470 1480//1480 1471//1471
f 1471//1471 1480//1480 1481//1481
f 1483//1483 1482//1482 1481//1481
f 1482//1482 1471//1471 1481//1481
f 1482//1482 1472//1472 1471//1471
f 1484//1484 1400//1400 1396//1396
f 1472//1472 1484//1484 1396//1396
f 1482//1482 1484//1484 1472//1472
f 1484//1484 1402//1402 1400//1400
f 1404//1404 1485//1485 1473//1473
f 1404//1404 1473//1473 1398//1398
f 1487//1487 1474//1474 1486//1486
f 1474//1474 1485//1485 1486//1486
f 1474//1474 1473//1473 1485//1485
f 1474//1474 1487//1487 1475//1475
f 1483//1483 1488//1488 1482//1482
f 1490//1490 1489//1489 1488//1488
f 1489//1489 1482//1482 1488//1488
f 1489//1489 1484//1484 1482//1482
f 1489//1489 1406//1406 1402//1402
f 1489//1489 1402//1402 1484//1484
f 1409//1409 1491//1491 1410//1410
f 1485//1485 1404//1404 1410//1410
f 1491//1491 1485//1485 1410//1410
f 1492//1492 1485//1485 1491//1491
f 1486//1486 1485//1485 1493//1493
f 1493//1493 1485//1485 1492//1492
f 1489//1489 1490//1490 1494//1494
f 1494//1494 1490//1490 1495//1495
f 1496//1496 1411//1411 1406//1406
f 1489//1489 1496//1496 1406//1406
f 1494//1494 1496//1496 1489//1489
f 1496//1496 1413//1413 1411//1411
f 1415//1415 1497//1497 1491//1491
f 1415//1415 1491//1491 1409//1409
f 1491//1491 1498//1498 1492//1492
f 1491//1491 1497//1497 1498//1498
f 1493//1493 1492//1492 1499//1499
f 1499//1499 1492//1492 1498//1498
f 1495//1495 1500//1500 1494//1494
f 1502//1502 1501//1501 1500//1500
f 1501//1501 1494//1494 1500//1500
f 1501//1501 1496//1496 1494//1494
f 1501//1501 1417//1417 1413//1413
f 1501//1501 1413//1413 1496//1496
f 1419//1419 1503//1503 1497//1497
f 1419//1419 1497//1497 1415//1415
f 1497//1497 1504//1504 1498//1498
f 1497//1497 1503//1503 1504//1504
f 1499//1499 1498//1498 1505//1505
f 1505//1505 1498//1498 1504//1504
f 1501//1501 1502//1502 1506//1506
f 1506//1506 1502//1502 1507//1507
f 1506//1506 1421//1421 1417//1417
f 1506//1506 1417//1417 1501//1501
f 1423//1423 1508//1508 1503//1503
f 1423//1423 1503//1503 1419//1419
f 1503//1503 1509//1509 1504//1504
f 1503//1503 1508//1508 1509//1509
f 1505//1505 1504//1504 1510//1510
f 1510//1510 1504//1504 1509//1509
f 1506//1506 1507//1507 1511//1511
f 1511//1511 1507//1507 1512//1512
f 1511//1511 1425//1425 1421//1421
f 1511//1511 1421//1421 1506//1506
f 1426//1426 1508//1508 1423//1423
f 1508//1508 1426//1426 1428//1428
f 1513//1513 1508//1508 1428//1428
f 1509//1509 1508//1508 1513//1513
f 1510//1510 1509//1509 1514//1514
f 1514//1514 1509//1509 1513//1513
f 1517//1517 1516//1516 1515//1515
f 1517//1517 1515//1515 1512//1512
f 1515//1515 1511//1511 1512//1512
f 1515//1515 1518//1518 1511//1511
f 1518//1518 1430//1430 1425//1425
f 1518//1518 1425//1425 1511//1511
f 1432//1432 1519//1519 1513//1513
f 1432//1432 1513//1513 1428//1428
f 1514//1514 1513//1513 1520//1520
f 1513//1513 1521//1521 1520//1520
f 1513//1513 1519//1519 1521//1521
f 1521//1521 1522//1522 1520//1520
f 1525//1525 1524//1524 1523//1523
f 1525//1525 1523//1523 1516//1516
f 1523//1523 1515//1515 1516//1516
f 1523//1523 1526//1526 1515//1515
f 1526//1526 1434//1434 1435//1435
f 1518//1518 1526//1526 1435//1435
f 1515//1515 1526//1526 1518//1518
f 1518//1518 1435//1435 1430//1430
f 1436//1436 1519//1519 1432//1432
f 1519//1519 1436//1436 1438//1438
f 1527//1527 1519//1519 1438//1438
f 1521//1521 1519//1519 1527//1527
f 1522//1522 1521//1521 1528//1528
f 1521//1521 1529//1529 1528//1528
f 1521//1521 1527//1527 1529//1529
f 1531//1531 1530//1530 1529//1529
f 1529//1529 1530//1530 1528//1528
f 1531//1531 1532//1532 1530//1530
f 1535//1535 1534//1534 1533//1533
f 1535//1535 1533//1533 1524//1524
f 1533//1533 1523//1523 1524//1524
f 1533//1533 1536//1536 1523//1523
f 1536//1536 1440//1440 1441//1441
f 1526//1526 1536//1536 1441//1441
f 1523//1523 1536//1536 1526//1526
f 1526//1526 1441//1441 1434//1434
f 1442//1442 1527//1527 1438//1438
f 1527//1527 1442//1442 1444//1444
f 1527//1527 1444//1444 1529//1529
f 1529//1529 1444//1444 1446//1446
f 1537//1537 1529//1529 1446//1446
f 1531//1531 1529//1529 1537//1537
f 1532//1532 1531//1531 1538//1538
f 1531//1531 1539//1539 1538//1538
f 1531//1531 1537//1537 1539//1539
f 1541//1541 1540//1540 1539//1539
f 1539//1539 1540//1540 1538//1538
f 1543//1543 1542//1542 1541//1541
f 1541//1541 1542//1542 1540//1540
f 1542//1542 1543//1543 1534//1534
f 1543//1543 1533//1533 1534//1534
f 1543//1543 1544//1544 1533//1533
f 1544//1544 1448//1448 1449//1449
f 1536//1536 1544//1544 1449//1449
f 1533//1533 1544//1544 1536//1536
f 1536//1536 1449//1449 1440//1440
f 1451//1451 1537//1537 1446//1446
f 1537//1537 1451//1451 1453//1453
f 1537//1537 1453//1453 1539//1539
f 1539//1539 1453//1453 1455//1455
f 1539//1539 1455//1455 1541//1541
f 1541//1541 1455//1455 1457//1457
f 1541//1541 1457//1457 1543//1543
f 1543//1543 1457//1457 1459//1459
f 1543//1543 1459//1459 1544//1544
f 1544//1544 1459//1459 1448//1448
f 1475//1475 1545//1545 1476//1476
f 1546//1546 1477//1477 1476//1476
f 1546//1546 1476//1476 1545//1545
f 1547//1547 1478//1478 1477//1477
f 1547//1547 1477//1477 1546//1546
f 1548//1548 1479//1479 1478//1478
f 1548//1548 1478//1478 1547//1547
f 1549//1549 1480//1480 1479//1479
f 1549//1549 1479//1479 1548//1548
f 1550//1550 1481//1481 1480//1480
f 1550//1550 1480//1480 1549//1549
f 1550//1550 1483//1483 1481//1481
f 1486//1486 1551//1551 1487//1487
f 1545//1545 1475//1475 1487//1487
f 1551//1551 1545//1545 1487//1487
f 1552//1552 1545//1545 1551//1551
f 1545//1545 1553//1553 1546//1546
f 1545//1545 1552//1552 1553//1553
f 1546//1546 1554//1554 1547//1547
f 1546//1546 1553//1553 1554//1554
f 1547//1547 1555//1555 1548//1548
f 1547//1547 1554//1554 1555//1555
f 1548//1548 1556//1556 1549//1549
f 1548//1548 1555//1555 1556//1556
f 1549//1549 1557//1557 1550//1550
f 1549//1549 1556//1556 1557//1557
f 1558//1558 1488//1488 1483//1483
f 1550//1550 1558//1558 1483//1483
f 1557//1557 1558//1558 1550//1550
f 1558//1558 1490//1490 1488//1488
f 1493//1493 1559//1559 1551//1551
f 1493//1493 1551//1551 1486//1486
f 1551//1551 1560//1560 1552//1552
f 1551//1551 1559//1559 1560//1560
f 1552//1552 1561//1561 1553//1553
f 1552//1552 1560//1560 1561//1561
f 1563//1563 1554//1554 1562//1562
f 1554//1554 1561//1561 1562//1562
f 1554//1554 1553//1553 1561//1561
f 1554//1554 1563//1563 1555//1555
f 1555//1555 1563//1563 1564//1564
f 1555//1555 1564//1564 1556//1556
f 1556//1556 1564//1564 1565//1565
f 1567//1567 1566//1566 1565//1565
f 1566//1566 1556//1556 1565//1565
f 1566//1566 1557//1557 1556//1556
f 1557//1557 1568//1568 1558//1558
f 1557//1557 1566//1566 1568//1568
f 1568//1568 1495//1495 1490//1490
f 1568//1568 1490//1490 1558//1558
f 1499//1499 1569//1569 1559//1559
f 1499//1499 1559//1559 1493//1493
f 1559//1559 1570//1570 1560//1560
f 1559//1559 1569//1569 1570//1570
f 1572//1572 1561//1561 1571//1571
f 1561//1561 1570//1570 1571//1571
f 1561//1561 1560//1560 1570//1570
f 1561//1561 1572//1572 1562//1562
f 1566//1566 1567//1567 1573//1573
f 1573//1573 1567//1567 1574//1574
f 1566//1566 1575//1575 1568//1568
f 1566//1566 1573//1573 1575//1575
f 1576//1576 1500//1500 1495//1495
f 1568//1568 1576//1576 1495//1495
f 1575//1575 1576//1576 1568//1568
f 1576//1576 1502//1502 1500//1500
f 1505//1505 1577//1577 1569//1569
f 1505//1505 1569//1569 1499//1499
f 1569//1569 1578//1578 1570//1570
f 1569//1569 1577//1577 1578//1578
f 1571//1571 1570//1570 1579//1579
f 1579//1579 1570//1570 1578//1578
f 1573//1573 1574//1574 1580//1580
f 1580//1580 1574//1574 1581//1581
f 1573//1573 1582//1582 1575//1575
f 1573//1573 1580//1580 1582//1582
f 1575//1575 1583//1583 1576//1576
f 1575//1575 1582//1582 1583//1583
f 1583//1583 1507//1507 1502//1502
f 1583//1583 1502//1502 1576//1576
f 1510//1510 1584//1584 1577//1577
f 1510//1510 1577//1577 1505//1505
f 1577//1577 1585//1585 1578//1578
f 1577//1577 1584//1584 1585//1585
f 1579//1579 1578//1578 1586//1586
f 1586//1586 1578//1578 1585//1585
f 1580//1580 1581//1581 1587//1587
f 1587//1587 1581//1581 1588//1588
f 1580//1580 1589//1589 1582//1582
f 1580//1580 1587//1587 1589//1589
f 1582//1582 1590//1590 1583//1583
f 1582//1582 1589//1589 1590//1590
f 1590//1590 1512//1512 1507//1507
f 1590//1590 1507//1507 1583//1583
f 1514//1514 1591//1591 1584//1584
f 1514//1514 1584//1584 1510//1510
f 1584//1584 1592//1592 1585//1585
f 1584//1584 1591//1591 1592//1592
f 1586//1586 1585//1585 1593//1593
f 1585//1585 1594//1594 1593//1593
f 1585//1585 1592//1592 1594//1594
f 1596//1596 1595//1595 1594//1594
f 1594//1594 1595//1595 1593//1593
f 1598//1598 1597//1597 1596//1596
f 1596//1596 1597//1597 1595//1595
f 1600//1600 1599//1599 1598//1598
f 1598//1598 1599//1599 1597//1597
f 1599//1599 1600//1600 1588//1588
f 1600//1600 1587//1587 1588//1588
f 1600//1600 1601//1601 1587//1587
f 1587//1587 1602//1602 1589//1589
f 1587//1587 1601//1601 1602//1602
f 1602//1602 1516//1516 1517//1517
f 1590//1590 1602//1602 1517//1517
f 1589//1589 1602//1602 1590//1590
f 1590//1590 1517//1517 1512//1512
f 1520//1520 1591//1591 1514//1514
f 1591//1591 1520//1520 1522//1522
f 1603//1603 1591//1591 1522//1522
f 1592//1592 1591//1591 1603//1603
f 1592//1592 1604//1604 1594//1594
f 1592//1592 1603//1603 1604//1604
f 1594//1594 1605//1605 1596//1596
f 1594//1594 1604//1604 1605//1605
f 1596//1596 1606//1606 1598//1598
f 1596//1596 1605//1605 1606//1606
f 1598//1598 1607//1607 1600//1600
f 1598//1598 1606//1606 1607//1607
f 1600//1600 1608//1608 1601//1601
f 1600//1600 1607//1607 1608//1608
f 1608//1608 1524//1524 1525//1525
f 1602//1602 1608//1608 1525//1525
f 1601//1601 1608//1608 1602//1602
f 1602//1602 1525//1525 1516//1516
f 1528//1528 1603//1603 1522//1522
f 1603//1603 1528//1528 1530//1530
f 1603//1603 1530//1530 1604//1604
f 1604//1604 1530//1530 1532//1532
f 1609//1609 1604//1604 1532//1532
f 1605//1605 1604//1604 1609//1609
f 1605//1605 1610//1610 1606//1606
f 1605//1605 1609//1609 1610//1610
f 1606//1606 1611//1611 1607//1607
f 1606//1606 1610//1610 1611//1611
f 1611//1611 1534//1534 1535//1535
f 1608//1608 1611//1611 1535//1535
f 1607//1607 1611//1611 1608//1608
f 1608//1608 1535//1535 1524//1524
f 1538//1538 1609//1609 1532//1532
f 1609//1609 1538//1538 1540//1540
f 1609//1609 1540//1540 1610//1610
f 1610//1610 1540//1540 1542//1542
f 1610//1610 1542//1542 1611//1611
f 1611//1611 1542//1542 1534//1534
f 1562//1562 1612//1612 1563//1563
f 1613//1613 1564//1564 1563//1563
f 1613//1613 1563//1563 1612//1612
f 1614//1614 1565//1565 1564//1564
f 1614//1614 1564//1564 1613//1613
f 1614//1614 1567//1567 1565//1565
f 1571//1571 1615//1615 1572//1572
f 1612//1612 1562//1562 1572//1572
f 1615//1615 1612//1612 1572//1572
f 1616//1616 1612//1612 1615//1615
f 1612//1612 1617//1617 1613//1613
f 1612//1612 1616//1616 1617//1617
f 1613//1613 1618//1618 1614//1614
f 1613//1613 1617//1617 1618//1618
f 1618//1618 1574//1574 1567//1567
f 1618//1618 1567//1567 1614//1614
f 1579//1579 1619//1619 1615//1615
f 1579//1579 1615//1615 1571//1571
f 1615//1615 1620//1620 1616//1616
f 1615//1615 1619//1619 1620//1620
f 1616//1616 1621//1621 1617//1617
f 1616//1616 1620//1620 1621//1621
f 1617//1617 1622//1622 1618//1618
f 1617//1617 1621//1621 1622//1622
f 1622//1622 1581//1581 1574//1574
f 1622//1622 1574//1574 1618//1618
f 1586//1586 1623//1623 1619//1619
f 1586//1586 1619//1619 1579//1579
f 1619//1619 1624//1624 1620//1620
f 1619//1619 1623//1623 1624//1624
f 1620//1620 1625//1625 1621//1621
f 1620//1620 1624//1624 1625//1625
f 1621//1621 1626//1626 1622//1622
f 1621//1621 1625//1625 1626//1626
f 1626//1626 1588//1588 1581//1581
f 1626//1626 1581//1581 1622//1622
f 1593//1593 1623//1623 1586//1586
f 1623//1623 1593//1593 1595//1595
f 1623//1623 1595//1595 1624//1624
f 1624//1624 1595//1595 1597//1597
f 1624//1624 1597//1597 1625//1625
f 1625//1625 1597//1597 1599//1599
f 1625//1625 1599//1599 1626//1626
f 1626//1626 1599//1599 1588//1588

