# https://github.com/mikedh/trimesh
v -0.33773126 -0.05942057 -0.05942058
v -0.33671643 -0.06371275 -0.05942058
v -0.33671643 -0.05942057 -0.06380312
v -0.34233993 -0.05942057 -0.01980685
v -0.33671643 -0.08318019 -0.01980685
v -0.34233912 -0.05942057 0.01980682
v -0.33671643 -0.08317678 0.01980682
v -0.33772877 -0.05942057 0.05942050
v -0.33671643 -0.06370216 0.05942050
v -0.33671643 -0.05942057 0.06379153
v -0.34254101 -0.01980684 -0.05942058
v -0.33671643 -0.01980684 -0.08454757
v -0.34709721 -0.01980684 -0.01980685
v -0.34709640 -0.01980684 0.01980682
v -0.34253858 -0.01980684 0.05942050
v -0.33671643 -0.01980684 0.08453250
v -0.34274418 0.01980684 -0.05942058
v -0.33671643 0.01980684 -0.08542258
v -0.34729800 0.01980684 -0.01980685
v -0.34729719 0.01980684 0.01980682
v -0.34274163 0.01980684 0.05942050
v -0.33671643 0.01980684 0.08540729
v -0.33834717 0.05942051 -0.05942058
v -0.33671643 0.05942051 -0.06646207
v -0.34294925 0.05942051 -0.01980685
v -0.34294844 0.05942051 0.01980682
v -0.33834469 0.05942051 0.05942050
v -0.33671643 0.05942051 0.06644989
v -0.33671643 0.06662577 -0.05942058
v -0.33671643 0.08693068 -0.01980685
v -0.33671643 0.08692709 0.01980682
v -0.33671643 0.06661478 0.05942050
v -0.29763669 -0.17826166 -0.01980685
v -0.29710275 -0.17909971 -0.01980685
v -0.29710275 -0.17826166 -0.02390425
v -0.29763554 -0.17826166 0.01980682
v -0.29710275 -0.17909797 0.01980682
v -0.29710275 -0.17826166 0.02389393
v -0.30296899 -0.13864792 -0.09903426
v -0.29710275 -0.15001421 -0.09903426
v -0.29710275 -0.13864792 -0.11421432
v -0.31311479 -0.13864792 -0.05942058
v -0.29710275 -0.16963316 -0.05942058
v -0.31809560 -0.13864792 -0.01980685
v -0.31809461 -0.13864792 0.01980682
v -0.29710275 -0.16962714 0.05942050
v -0.31311196 -0.13864792 0.05942050
v -0.30296407 -0.13864792 0.09903418
v -0.29710275 -0.15000455 0.09903418
v -0.29710275 -0.13864792 0.11419972
v -0.30317487 -0.09903425 -0.13864794
v -0.29710275 -0.11454410 -0.13864794
v -0.29710275 -0.09903425 -0.15050565
v -0.31829517 -0.09903425 -0.09903426
v -0.32805681 -0.09903425 -0.05942058
v -0.33283393 -0.09903425 -0.01980685
v -0.33283312 -0.09903425 0.01980682
v -0.32805420 -0.09903425 0.05942050
v -0.31829066 -0.09903425 0.09903418
v -0.29710275 -0.11452715 0.13864785
v -0.30316839 -0.09903425 0.13864785
v -0.29710275 -0.09903425 0.15049185
v -0.31353020 -0.05942057 -0.13864794
v -0.29710275 -0.05942057 -0.17068833
v -0.32826263 -0.05942057 -0.09903426
v -0.32825835 -0.05942057 0.09903418
v -0.31352395 -0.05942057 0.13864785
v -0.29710275 -0.05942057 0.17067320
v -0.29846473 -0.01980684 -0.17826167
v -0.29710275 -0.02981953 -0.17826167
v -0.29710275 -0.01980684 -0.18040322
v -0.31872273 -0.01980684 -0.13864794
v -0.33324448 -0.01980684 -0.09903426
v -0.33324026 -0.01980684 0.09903418
v -0.31871654 -0.01980684 0.13864785
v -0.29710275 -0.02975804 0.17826164
v -0.29845635 -0.01980684 0.17826164
v -0.29710275 -0.01980684 0.18038989
v -0.29869439 0.01980684 -0.17826167
v -0.29710275 0.01980684 -0.18076431
v -0.31894169 0.01980684 -0.13864794
v -0.33345441 0.01980684 -0.09903426
v -0.33345007 0.01980684 0.09903418
v -0.31893550 0.01980684 0.13864785
v -0.29868595 0.01980684 0.17826164
v -0.29710275 0.01980684 0.18075086
v -0.29710275 0.03258660 -0.17826167
v -0.29710275 0.05942051 -0.17198361
v -0.31419575 0.05942051 -0.13864794
v -0.32890180 0.05942051 -0.09903426
v -0.32889746 0.05942051 0.09903418
v -0.31418944 0.05942051 0.13864785
v -0.29710275 0.05942051 0.17196831
v -0.29710275 0.03251926 0.17826164
v -0.30431090 0.09903419 -0.13864794
v -0.29710275 0.09903419 -0.15272228
v -0.31939048 0.09903419 -0.09903426
v -0.32912232 0.09903419 -0.05942058
v -0.33388347 0.09903419 -0.01980685
v -0.33388266 0.09903419 0.01980682
v -0.32911971 0.09903419 0.05942050
v -0.31938602 0.09903419 0.09903418
v -0.30430448 0.09903419 0.13864785
v -0.29710275 0.09903419 0.15270837
v -0.29710275 0.11798556 -0.13864794
v -0.29710275 0.13864787 -0.11832613
v -0.30455970 0.13864787 -0.09903426
v -0.31466825 0.13864787 -0.05942058
v -0.31962939 0.13864787 -0.01980685
v -0.31962858 0.13864787 0.01980682
v -0.31466571 0.13864787 0.05942050
v -0.30455513 0.13864787 0.09903418
v -0.29710275 0.13864787 0.11831228
v -0.29710275 0.11796879 0.13864785
v -0.29710275 0.15341067 -0.09903426
v -0.29710275 0.17337763 -0.05942058
v -0.29710275 0.17826166 -0.03976849
v -0.29970524 0.17826166 -0.01980685
v -0.29970437 0.17826166 0.01980682
v -0.29710275 0.17826166 0.03975562
v -0.29710275 0.17337277 0.05942050
v -0.29710275 0.15340211 0.09903418
v -0.29710275 0.18241714 -0.01980685
v -0.29710275 0.18241575 0.01980682
v -0.26390377 -0.21787533 -0.05942058
v -0.25748902 -0.22539725 -0.05942058
v -0.25748902 -0.21787533 -0.08119803
v -0.26970157 -0.21787533 -0.01980685
v -0.25748902 -0.23219721 -0.01980685
v -0.26969984 -0.21787533 0.01980682
v -0.25748902 -0.23219438 0.01980682
v -0.26389845 -0.21787533 0.05942050
v -0.25748902 -0.22538996 0.05942050
v -0.25748902 -0.21787533 0.08117359
v -0.26396237 -0.17826166 -0.13864794
v -0.25748902 -0.18720045 -0.13864794
v -0.25748902 -0.17826166 -0.14977392
v -0.28114740 -0.17826166 -0.09903426
v -0.25748902 -0.21089939 -0.09903426
v -0.29223400 -0.17826166 -0.05942058
v -0.29223041 -0.17826166 0.05942050
v -0.25748902 -0.21088840 0.09903418
v -0.28114139 -0.17826166 0.09903418
v -0.26395364 -0.17826166 0.13864785
v -0.25748902 -0.18718738 0.13864785
v -0.25748902 -0.17826166 0.14975764
v -0.26415385 -0.13864792 -0.17826167
v -0.25748902 -0.15001317 -0.17826167
v -0.25748902 -0.13864792 -0.18748161
v -0.28691240 -0.13864792 -0.13864794
v -0.28690512 -0.13864792 0.13864785
v -0.25748902 -0.14999564 0.17826164
v -0.26414390 -0.13864792 0.17826164
v -0.25748902 -0.13864792 0.18746706
v -0.28155755 -0.09903425 -0.17826167
v -0.25748902 -0.09903425 -0.21152631
v -0.28154829 -0.09903425 0.17826164
v -0.25748902 -0.09903425 0.21151118
v -0.26463579 -0.05942057 -0.21787535
v -0.25748902 -0.08317823 -0.21787535
v -0.25748902 -0.05942057 -0.22616364
v -0.29286611 -0.05942057 -0.17826167
v -0.29285726 -0.05942057 0.17826164
v -0.25748902 -0.08313970 0.21787532
v -0.26462427 -0.05942057 0.21787532
v -0.25748902 -0.05942057 0.22614973
v -0.27067846 -0.01980684 -0.21787535
v -0.25748902 -0.01980684 -0.23316925
v -0.27066700 -0.01980684 0.21787532
v -0.25748902 -0.01980684 0.23315517
v -0.27093345 0.01980684 -0.21787535
v -0.25748902 0.01980684 -0.23346492
v -0.27092206 0.01980684 0.21787532
v -0.25748902 0.01980684 0.23345066
v -0.26540997 0.05942051 -0.21787535
v -0.25748902 0.05942051 -0.22706144
v -0.29359100 0.05942051 -0.17826167
v -0.29358215 0.05942051 0.17826164
v -0.26539846 0.05942051 0.21787532
v -0.25748902 0.05942051 0.22704742
v -0.25748902 0.08692883 -0.21787535
v -0.25748902 0.09903419 -0.21324186
v -0.28280065 0.09903419 -0.17826167
v -0.28279163 0.09903419 0.17826164
v -0.25748902 0.09903419 0.21322685
v -0.25748902 0.08688891 0.21787532
v -0.26596098 0.13864787 -0.17826167
v -0.25748902 0.13864787 -0.18998043
v -0.28862929 0.13864787 -0.13864794
v -0.28862252 0.13864787 0.13864785
v -0.26595172 0.13864787 0.17826164
v -0.25748902 0.13864787 0.18996681
v -0.25748902 0.15340963 -0.17826167
v -0.25748902 0.17826166 -0.15376483
v -0.26628591 0.17826166 -0.13864794
v -0.28338579 0.17826166 -0.09903426
v -0.29440979 0.17826166 -0.05942058
v -0.29440713 0.17826166 0.05942050
v -0.28338128 0.17826166 0.09903418
v -0.26627938 0.17826166 0.13864785
v -0.25748902 0.17826166 0.15375231
v -0.25748902 0.15339389 0.17826164
v -0.25748902 0.19061877 -0.13864794
v -0.25748902 0.21460343 -0.09903426
v -0.25748902 0.21787533 -0.09082025
v -0.26674199 0.21787533 -0.05942058
v -0.27250728 0.21787533 -0.01980685
v -0.27250670 0.21787533 0.01980682
v -0.26674002 0.21787533 0.05942050
v -0.25748902 0.21787533 0.09080998
v -0.25748902 0.21459891 0.09903418
v -0.25748902 0.19061033 0.13864785
v -0.25748902 0.22887880 -0.05942058
v -0.25748902 0.23573777 -0.01980685
v -0.25748902 0.23573754 0.01980682
v -0.25748902 0.22887752 0.05942050
v -0.22584437 -0.25748901 -0.05942058
v -0.21787534 -0.26474256 -0.05942058
v -0.21787534 -0.25748901 -0.08274160
v -0.23255993 -0.25748901 -0.01980685
v -0.21787534 -0.27088960 -0.01980685
v -0.23255548 -0.25748901 0.01980682
v -0.21787534 -0.27088260 0.01980682
v -0.22583077 -0.25748901 0.05942050
v -0.21787534 -0.26472590 0.05942050
v -0.21787534 -0.25748901 0.08268702
v -0.23204034 -0.21787533 -0.13864794
v -0.21787534 -0.23220202 -0.13864794
v -0.21787534 -0.21787533 -0.15963332
v -0.25170446 -0.21787533 -0.09903426
v -0.21787534 -0.25212218 -0.09903426
v -0.25169486 -0.21787533 0.09903418
v -0.21787534 -0.25210263 0.09903418
v -0.23202628 -0.21787533 0.13864785
v -0.21787534 -0.23218258 0.13864785
v -0.21787534 -0.21787533 0.15960923
v -0.23874624 -0.17826166 -0.17826167
v -0.21787534 -0.20310270 -0.17826167
v -0.21787534 -0.17826166 -0.20314835
v -0.23873352 -0.17826166 0.17826164
v -0.21787534 -0.20308390 0.17826164
v -0.21787534 -0.17826166 0.20313103
v -0.23232426 -0.13864792 -0.21787535
v -0.21787534 -0.15988506 -0.21787535
v -0.21787534 -0.13864792 -0.23232363
v -0.23231032 -0.13864792 0.21787532
v -0.21787534 -0.15986320 0.21787532
v -0.21787534 -0.13864792 0.23230862
v -0.25223522 -0.09903425 -0.21787535
v -0.21787534 -0.09903425 -0.25223349
v -0.25222238 -0.09903425 0.21787532
v -0.21787534 -0.09903425 0.25221854
v -0.22616190 -0.05942057 -0.25748902
v -0.21787534 -0.08317209 -0.25748902
v -0.21787534 -0.05942057 -0.26463359
v -0.22614610 -0.05942057 0.25748900
v -0.21787534 -0.08312639 0.25748900
v -0.21787534 -0.05942057 0.26461951
v -0.23316786 -0.01980684 -0.25748902
v -0.21787534 -0.01980684 -0.27067603
v -0.23315230 -0.01980684 0.25748900
v -0.21787534 -0.01980684 0.27066178
v -0.23346353 0.01980684 -0.25748902
v -0.21787534 0.01980684 -0.27093103
v -0.23344791 0.01980684 0.25748900
v -0.21787534 0.01980684 0.27091677
v -0.22705976 0.05942051 -0.25748902
v -0.21787534 0.05942051 -0.26540783
v -0.22704391 0.05942051 0.25748900
v -0.21787534 0.05942051 0.26539364
v -0.21787534 0.08692258 -0.25748902
v -0.25365506 0.09903419 -0.21787535
v -0.21787534 0.09903419 -0.25365332
v -0.25364244 0.09903419 0.21787532
v -0.21787534 0.09903419 0.25363849
v -0.21787534 0.08687526 0.25748900
v -0.23439448 0.13864787 -0.21787535
v -0.21787534 0.13864787 -0.23439367
v -0.23438158 0.13864787 0.21787532
v -0.21787534 0.13864787 0.23437971
v -0.21787534 0.16345755 -0.21787535
v -0.24137424 0.17826166 -0.17826167
v -0.21787534 0.17826166 -0.20628027
v -0.24136469 0.17826166 0.17826164
v -0.21787534 0.17826166 0.20626711
v -0.21787534 0.16343915 0.21787532
v -0.21787534 0.20671464 -0.17826167
v -0.23529038 0.21787533 -0.13864794
v -0.21787534 0.21787533 -0.16444394
v -0.25482597 0.21787533 -0.09903426
v -0.25482232 0.21787533 0.09903418
v -0.23528511 0.21787533 0.13864785
v -0.21787534 0.21787533 0.16443471
v -0.21787534 0.20670550 0.17826164
v -0.21787534 0.23573800 -0.13864794
v -0.21787534 0.25581256 -0.09903426
v -0.22970610 0.25748901 -0.05942058
v -0.21787534 0.25748901 -0.09402164
v -0.23637845 0.25748901 -0.01980685
v -0.23637909 0.25748901 0.01980682
v -0.22970806 0.25748901 0.05942050
v -0.21787534 0.25748901 0.09403017
v -0.21787534 0.25581522 0.09903418
v -0.21787534 0.23573627 0.13864785
v -0.21787534 0.26837250 -0.05942058
v -0.21787534 0.27455881 -0.01980685
v -0.21787534 0.27456147 0.01980682
v -0.21787534 0.26837793 0.05942050
v -0.18380470 -0.29710274 -0.01980685
v -0.17826167 -0.30163511 -0.01980685
v -0.17826167 -0.29710274 -0.04672395
v -0.18378284 -0.29710274 0.01980682
v -0.17826167 -0.30161237 0.01980682
v -0.17826167 -0.29710274 0.04648247
v -0.18777310 -0.25748901 -0.13864794
v -0.17826167 -0.26475043 -0.13864794
v -0.17826167 -0.25748901 -0.15046434
v -0.21149350 -0.25748901 -0.09903426
v -0.17826167 -0.28310284 -0.09903426
v -0.17826167 -0.29516979 -0.05942058
v -0.17826167 -0.29512496 0.05942050
v -0.21146759 -0.25748901 0.09903418
v -0.17826167 -0.28305084 0.09903418
v -0.18773533 -0.25748901 0.13864785
v -0.17826167 -0.26471138 0.13864785
v -0.17826167 -0.25748901 0.15041376
v -0.20307210 -0.21787533 -0.17826167
v -0.17826167 -0.23892609 -0.17826167
v -0.17826167 -0.21787533 -0.20307112
v -0.20305076 -0.21787533 0.17826164
v -0.17826167 -0.23889780 0.17826164
v -0.17826167 -0.21787533 0.20304680
v -0.20314754 -0.17826166 -0.21787535
v -0.17826167 -0.20310090 -0.21787535
v -0.17826167 -0.17826166 -0.23874347
v -0.20312891 -0.17826166 0.21787532
v -0.17826167 -0.20307788 0.21787532
v -0.17826167 -0.17826166 0.23872632
v -0.18747721 -0.13864792 -0.25748902
v -0.17826167 -0.15000721 -0.25748902
v -0.17826167 -0.13864792 -0.26415004
v -0.18745725 -0.13864792 0.25748900
v -0.17826167 -0.14998176 0.25748900
v -0.17826167 -0.13864792 0.26413509
v -0.21152341 -0.09903425 -0.25748902
v -0.17826167 -0.09903425 -0.28155292
v -0.21150507 -0.09903425 0.25748900
v -0.17826167 -0.09903425 0.28153832
v -0.17826167 -0.05942057 -0.29286113
v -0.17826167 -0.05942057 0.29284642
v -0.18039564 -0.01980684 -0.29710276
v -0.17826167 -0.02978315 -0.29710276
v -0.17826167 -0.01980684 -0.29845976
v -0.17826167 -0.02967983 0.29710267
v -0.18037348 -0.01980684 0.29710267
v -0.17826167 -0.01980684 0.29844545
v -0.18075678 0.01980684 -0.29710276
v -0.17826167 0.01980684 -0.29868936
v -0.18073457 0.01980684 0.29710267
v -0.17826167 0.01980684 0.29867522
v -0.17826167 0.03254714 -0.29710276
v -0.17826167 0.05942051 -0.29358603
v -0.17826167 0.05942051 0.29357137
v -0.17826167 0.03243411 0.29710267
v -0.21323925 0.09903419 -0.25748902
v -0.17826167 0.09903419 -0.28279615
v -0.21322109 0.09903419 0.25748900
v -0.17826167 0.09903419 0.28278172
v -0.18997632 0.13864787 -0.25748902
v -0.17826167 0.13864787 -0.26595711
v -0.18995792 0.13864787 0.25748900
v -0.17826167 0.13864787 0.26594331
v -0.17826167 0.15340373 -0.25748902
v -0.20627957 0.17826166 -0.21787535
v -0.17826167 0.17826166 -0.24137152
v -0.20626563 0.17826166 0.21787532
v -0.17826167 0.17826166 0.24135843
v -0.17826167 0.15338116 0.25748900
v -0.17826167 0.20671302 -0.21787535
v -0.20689588 0.21787533 -0.17826167
v -0.17826167 0.21787533 -0.20689496
v -0.20688796 0.21787533 0.17826164
v -0.17826167 0.21787533 0.20688562
v -0.17826167 0.20670179 0.21787532
v -0.17826167 0.24251552 -0.17826167
v -0.19237182 0.25748901 -0.13864794
v -0.17826167 0.25748901 -0.15617549
v -0.21591214 0.25748901 -0.09903426
v -0.21591567 0.25748901 0.09903418
v -0.19237714 0.25748901 0.13864785
v -0.17826167 0.25748901 0.15618264
v -0.17826167 0.24251564 0.17826164
v -0.17826167 0.26837400 -0.13864794
v -0.17826167 0.28681689 -0.09903426
v -0.18077281 0.29710268 -0.05942058
v -0.17826167 0.29710268 -0.06555871
v -0.18892145 0.29710268 -0.01980685
v -0.18893100 0.29710268 0.01980682
v -0.18080144 0.29710268 0.05942050
v -0.17826167 0.29710268 0.06563446
v -0.17826167 0.28684049 0.09903418
v -0.17826167 0.26838684 0.13864785
v -0.17826167 0.29911384 -0.05942058
v -0.17826167 0.30581848 -0.01980685
v -0.17826167 0.30583166 0.01980682
v -0.17826167 0.29913999 0.05942050
v -0.15562216 -0.29710274 -0.09903426
v -0.13864793 -0.30859942 -0.09903426
v -0.13864793 -0.29710274 -0.12149576
v -0.17518482 -0.29710274 -0.05942058
v -0.13864793 -0.32348862 -0.05942058
v -0.13864793 -0.33174342 -0.01980685
v -0.13864793 -0.33165497 0.01980682
v -0.17510818 -0.29710274 0.05942050
v -0.13864793 -0.32329882 0.05942050
v -0.15548819 -0.29710274 0.09903418
v -0.13864793 -0.30843681 0.09903418
v -0.13864793 -0.29710274 0.12128476
v -0.15046550 -0.25748901 -0.17826167
v -0.13864793 -0.26475263 -0.17826167
v -0.13864793 -0.25748901 -0.18777438
v -0.13864793 -0.28916530 -0.13864794
v -0.13864793 -0.28907789 0.13864785
v -0.15040528 -0.25748901 0.17826164
v -0.13864793 -0.26470248 0.17826164
v -0.13864793 -0.25748901 0.18772356
v -0.15963031 -0.21787533 -0.21787535
v -0.13864793 -0.23220069 -0.21787535
v -0.13864793 -0.21787533 -0.23203716
v -0.15959745 -0.21787533 0.21787532
v -0.13864793 -0.23217008 0.21787532
v -0.13864793 -0.21787533 0.23201359
v -0.14976611 -0.17826166 -0.25748902
v -0.13864793 -0.18719392 -0.25748902
v -0.13864793 -0.17826166 -0.26395711
v -0.14973805 -0.17826166 0.25748900
v -0.13864793 -0.18716950 0.25748900
v -0.13864793 -0.17826166 0.26394037
v -0.13864793 -0.13864792 -0.28690610
v -0.13864793 -0.13864792 0.28689080
v -0.15049396 -0.09903425 -0.29710276
v -0.13864793 -0.11452768 -0.29710276
v -0.13864793 -0.09903425 -0.30316816
v -0.13864793 -0.11449112 0.29710267
v -0.15046642 -0.09903425 0.29710267
v -0.13864793 -0.09903425 0.30315373
v -0.17067837 -0.05942057 -0.29710276
v -0.13864793 -0.05942057 -0.31352320
v -0.17065194 -0.05942057 0.29710267
v -0.13864793 -0.05942057 0.31350883
v -0.13864793 -0.01980684 -0.31871562
v -0.13864793 -0.01980684 0.31870107
v -0.13864793 0.01980684 -0.31893469
v -0.13864793 0.01980684 0.31892020
v -0.17197395 0.05942051 -0.29710276
v -0.13864793 0.05942051 -0.31418887
v -0.17194739 0.05942051 0.29710267
v -0.13864793 0.05942051 0.31417432
v -0.15271094 0.09903419 -0.29710276
v -0.13864793 0.09903419 -0.30430431
v -0.15268393 0.09903419 0.29710267
v -0.13864793 0.09903419 0.30428999
v -0.13864793 0.11796925 -0.29710276
v -0.13864793 0.13864787 -0.28862310
v -0.13864793 0.13864787 0.28860879
v -0.13864793 0.11793315 0.29710267
v -0.15375777 0.17826166 -0.25748902
v -0.13864793 0.17826166 -0.26628094
v -0.15373671 0.17826166 0.25748900
v -0.13864793 0.17826166 0.26626819
v -0.13864793 0.19061287 -0.25748902
v -0.16444156 0.21787533 -0.21787535
v -0.13864793 0.21787533 -0.23528749
v -0.16442941 0.21787533 0.21787532
v -0.13864793 0.21787533 0.23527856
v -0.13864793 0.19059714 0.25748900
v -0.13864793 0.23573742 -0.21787535
v -0.15617670 0.25748901 -0.17826167
v -0.13864793 0.25748901 -0.19237374
v -0.15618520 0.25748901 0.17826164
v -0.13864793 0.25748901 0.19238106
v -0.13864793 0.23573499 0.21787532
v -0.13864793 0.26837735 -0.17826167
v -0.13864793 0.29290451 -0.13864794
v -0.16181709 0.29710268 -0.09903426
v -0.13864793 0.29710268 -0.12968022
v -0.16187575 0.29710268 0.09903418
v -0.13864793 0.29710268 0.12977876
v -0.13864793 0.29294685 0.13864785
v -0.13864793 0.26839402 0.17826164
v -0.13864793 0.31275612 -0.09903426
v -0.13864793 0.32772961 -0.05942058
v -0.13864793 0.33613811 -0.01980685
v -0.13864793 0.33618971 0.01980682
v -0.13864793 0.32784033 0.05942050
v -0.13864793 0.31285088 0.09903418
v -0.10533997 -0.41594383 -0.01980685
v -0.09903426 -0.43435687 -0.01980685
v -0.09903426 -0.41594383 -0.03679826
v -0.10499855 -0.41594383 0.01980682
v -0.09903426 -0.43330443 0.01980682
v -0.09903426 -0.41594383 0.03524796
v -0.11148555 -0.37633009 -0.01980685
v -0.09903426 -0.37633009 -0.05343148
v -0.11119556 -0.37633009 0.01980682
v -0.09903426 -0.37633009 0.05148682
v -0.11927843 -0.33671642 -0.05942058
v -0.09903426 -0.37068322 -0.05942058
v -0.09903426 -0.33671642 -0.08900566
v -0.13201341 -0.33671642 -0.01980685
v -0.13186891 -0.33671642 0.01980682
v -0.09903426 -0.36881217 0.05942050
v -0.11880812 -0.33671642 0.05942050
v -0.09903426 -0.33671642 0.08803742
v -0.12150918 -0.29710274 -0.13864794
v -0.09903426 -0.30862655 -0.13864794
v -0.09903426 -0.29710274 -0.15564913
v -0.09903426 -0.33191112 -0.09903426
v -0.09903426 -0.33146928 0.09903418
v -0.12126309 -0.29710274 0.13864785
v -0.09903426 -0.30839904 0.13864785
v -0.09903426 -0.29710274 0.15544287
v -0.09903426 -0.28311644 -0.17826167
v -0.09903426 -0.25748901 -0.21149652
v -0.09903426 -0.28302290 0.17826164
v -0.09903426 -0.25748901 0.21144130
v -0.09903426 -0.25212380 -0.21787535
v -0.09903426 -0.21787533 -0.25169949
v -0.09903426 -0.25208059 0.21787532
v -0.09903426 -0.21787533 0.25167477
v -0.09903426 -0.21089262 -0.25748902
v -0.09903426 -0.17826166 -0.28114006
v -0.09903426 -0.21086393 0.25748900
v -0.09903426 -0.17826166 0.28112285
v -0.11419535 -0.13864792 -0.29710276
v -0.09903426 -0.14999935 -0.29710276
v -0.09903426 -0.13864792 -0.30296083
v -0.09903426 -0.14996979 0.29710267
v -0.11415734 -0.13864792 0.29710267
v -0.09903426 -0.13864792 0.30294583
v -0.09903426 -0.09903425 -0.31828662
v -0.09903426 -0.09903425 0.31827196
v -0.09903426 -0.05942057 -0.32825378
v -0.09903426 -0.05942057 0.32823935
v -0.09903426 -0.01980684 -0.33323569
v -0.09903426 -0.01980684 0.33322115
v -0.09903426 0.01980684 -0.33344557
v -0.09903426 0.01980684 0.33343102
v -0.09903426 0.05942051 -0.32889307
v -0.09903426 0.05942051 0.32887858
v -0.09903426 0.09903419 -0.31938209
v -0.09903426 0.09903419 0.31936772
v -0.11830837 0.13864787 -0.29710276
v -0.09903426 0.13864787 -0.30455184
v -0.11827320 0.13864787 0.29710267
v -0.09903426 0.13864787 0.30453781
v -0.09903426 0.15339632 -0.29710276
v -0.09903426 0.17826166 -0.28337885
v -0.09903426 0.17826166 0.28336575
v -0.09903426 0.15337017 0.29710267
v -0.09903426 0.21459776 -0.25748902
v -0.09903426 0.21787533 -0.25482157
v -0.09903426 0.21787533 0.25481223
v -0.09903426 0.21458572 0.25748900
v -0.09903426 0.25581580 -0.21787535
v -0.09903426 0.25748901 -0.21591648
v -0.09903426 0.25748901 0.21592432
v -0.09903426 0.25582193 0.21787532
v -0.09903426 0.28683389 -0.17826167
v -0.12968802 0.29710268 -0.13864794
v -0.09903426 0.29710268 -0.16184828
v -0.12979539 0.29710268 0.13864785
v -0.09903426 0.29710268 0.16194272
v -0.09903426 0.28687705 0.17826164
v -0.09903426 0.31278956 -0.13864794
v -0.09903426 0.33617779 -0.09903426
v -0.12546439 0.33671636 -0.05942058
v -0.09903426 0.33671636 -0.09791021
v -0.13787994 0.33671636 -0.01980685
v -0.13795011 0.33671636 0.01980682
v -0.12569914 0.33671636 0.05942050
v -0.09903426 0.33671636 0.09845835
v -0.09903426 0.33643973 0.09903418
v -0.09903426 0.31292353 0.13864785
v -0.09903426 0.37567716 -0.05942058
v -0.09903426 0.37633004 -0.05864090
v -0.11372891 0.37633004 -0.01980685
v -0.11388366 0.37633004 0.01980682
v -0.09920844 0.37633004 0.05942050
v -0.09903426 0.37633004 0.05967226
v -0.10388624 0.41594371 -0.01980685
v -0.09903426 0.41594371 -0.03262485
v -0.10407598 0.41594371 0.01980682
v -0.09903426 0.41594371 0.03342596
v -0.09903426 0.37685565 0.05942050
v -0.09903426 0.42725782 -0.01980685
v -0.09903426 0.42771887 0.01980682
v -0.07215794 -0.45555750 -0.05942058
v -0.05942058 -0.47005611 -0.05942058
v -0.05942058 -0.45555750 -0.07227132
v -0.09148990 -0.45555750 -0.01980685
v -0.05942058 -0.49283642 -0.01980685
v -0.09107807 -0.45555750 0.01980682
v -0.05942058 -0.49233915 0.01980682
v -0.07069923 -0.45555750 0.05942050
v -0.05942058 -0.46836595 0.05942050
v -0.05942058 -0.45555750 0.07057877
v -0.08898280 -0.41594383 -0.05942058
v -0.05942058 -0.41594383 -0.08923057
v -0.08774195 -0.41594383 0.05942050
v -0.05942058 -0.41594383 0.08745709
v -0.09635501 -0.37633009 -0.05942058
v -0.05942058 -0.37633009 -0.09663488
v -0.09531807 -0.37633009 0.05942050
v -0.05942058 -0.37633009 0.09499057
v -0.08906906 -0.33671642 -0.09903426
v -0.05942058 -0.37126789 -0.09903426
v -0.05942058 -0.33671642 -0.11947176
v -0.08795096 -0.33671642 0.09903418
v -0.05942058 -0.36815501 0.09903418
v -0.05942058 -0.33671642 0.11856635
v -0.05942058 -0.32359958 -0.13864794
v -0.05942058 -0.29710274 -0.17524007
v -0.05942058 -0.32315738 0.13864785
v -0.05942058 -0.29710274 0.17501600
v -0.08275120 -0.25748901 -0.21787535
v -0.05942058 -0.26475159 -0.21787535
v -0.05942058 -0.25748901 -0.22584830
v -0.05942058 -0.29520300 -0.17826167
v -0.05942058 -0.29506856 0.17826164
v -0.08260606 -0.25748901 0.21787532
v -0.05942058 -0.26469015 0.21787532
v -0.05942058 -0.25748901 0.22579685
v -0.08118027 -0.21787533 -0.25748902
v -0.05942058 -0.22539216 -0.25748902
v -0.05942058 -0.21787533 -0.26389764
v -0.08110234 -0.21787533 0.25748900
v -0.05942058 -0.22536034 0.25748900
v -0.05942058 -0.21787533 0.26387419
v -0.05942058 -0.17826166 -0.29222486
v -0.05942058 -0.17826166 0.29220742
v -0.05942058 -0.16961638 -0.29710276
v -0.05942058 -0.13864792 -0.31310496
v -0.05942058 -0.16958578 0.29710267
v -0.05942058 -0.13864792 0.31308978
v -0.05942058 -0.09903425 -0.32804663
v -0.05942058 -0.09903425 0.32803179
v -0.06375962 -0.05942057 -0.33671643
v -0.05942058 -0.06366942 -0.33671643
v -0.05942058 -0.05942057 -0.33772103
v -0.05942058 -0.06360862 0.33671635
v -0.06369755 -0.05942057 0.33671635
v -0.05942058 -0.05942057 0.33770648
v -0.08450771 -0.01980684 -0.33671643
v -0.05942058 -0.01980684 -0.34253072
v -0.08444674 -0.01980684 0.33671635
v -0.05942058 -0.01980684 0.34251623
v -0.08538307 0.01980684 -0.33671643
v -0.05942058 0.01980684 -0.34273382
v -0.08532192 0.01980684 0.33671635
v -0.05942058 0.01980684 0.34271939
v -0.06641943 0.05942051 -0.33671643
v -0.05942058 0.05942051 -0.33833700
v -0.06635747 0.05942051 0.33671635
v -0.05942058 0.05942051 0.33832257
v -0.05942058 0.06658122 -0.33671643
v -0.05942058 0.09903419 -0.32911231
v -0.05942058 0.09903419 0.32909783
v -0.05942058 0.06651794 0.33671635
v -0.05942058 0.13864787 -0.31465883
v -0.05942058 0.13864787 0.31464474
v -0.05942058 0.17336155 -0.29710276
v -0.05942058 0.17826166 -0.29440129
v -0.05942058 0.17826166 0.29438796
v -0.05942058 0.17333714 0.29710267
v -0.09080572 0.21787533 -0.25748902
v -0.05942058 0.21787533 -0.26673679
v -0.09077703 0.21787533 0.25748900
v -0.05942058 0.21787533 0.26672797
v -0.05942058 0.22887579 -0.25748902
v -0.09403343 0.25748901 -0.21787535
v -0.05942058 0.25748901 -0.22971165
v -0.09405397 0.25748901 0.21787532
v -0.05942058 0.25748901 0.22971921
v -0.05942058 0.22886989 0.25748900
v -0.05942058 0.26838615 -0.21787535
v -0.06567822 0.29710268 -0.17826167
v -0.05942058 0.29710268 -0.18082499
v -0.06589099 0.29710268 0.17826164
v -0.05942058 0.29710268 0.18091342
v -0.05942058 0.26840674 0.21787532
v -0.05942058 0.29916082 -0.17826167
v -0.05942058 0.32786058 -0.13864794
v -0.09791796 0.33671636 -0.09903426
v -0.05942058 0.33671636 -0.12567959
v -0.09846688 0.33671636 0.09903418
v -0.05942058 0.33671636 0.12616335
v -0.05942058 0.32812564 0.13864785
v -0.05942058 0.29924169 0.17826164
v -0.05942058 0.37626282 -0.09903426
v -0.09868086 0.37633004 -0.05942058
v -0.05942058 0.37633004 -0.09899787
v -0.06057061 0.37633004 0.09903418
v -0.05942058 0.37633004 0.09985146
v -0.08689372 0.41594371 -0.05942058
v -0.05942058 0.41594371 -0.08714120
v -0.08758033 0.41594371 0.05942050
v -0.05942058 0.41594371 0.08812755
v -0.05942058 0.37882805 0.09903418
v -0.06548136 0.45555750 -0.05942058
v -0.05942058 0.45555750 -0.06553979
v -0.08608969 0.45555750 -0.01980685
v -0.08632872 0.45555750 0.01980682
v -0.06630888 0.45555750 0.05942050
v -0.05942058 0.45555750 0.06645198
v -0.05942058 0.46181520 -0.05942058
v -0.05942058 0.48386042 -0.01980685
v -0.05942058 0.48412502 0.01980682
v -0.05942058 0.46268003 0.05942050
v -0.05541105 -0.49517118 -0.01980685
v -0.01980685 -0.51030843 -0.01980685
v -0.01980685 -0.49517118 -0.05610020
v -0.05455697 -0.49517118 0.01980682
v -0.01980685 -0.50993051 0.01980682
v -0.01980685 -0.49517118 0.05377056
v -0.01980685 -0.49328185 -0.05942058
v -0.01980685 -0.45555750 -0.09213676
v -0.01980685 -0.49178936 0.05942050
v -0.01980685 -0.45555750 0.09030103
v -0.03808840 -0.41594383 -0.09903426
v -0.01980685 -0.43626008 -0.09903426
v -0.01980685 -0.41594383 -0.10598862
v -0.01980685 -0.43100235 0.09903418
v -0.03361255 -0.41594383 0.09903418
v -0.01980685 -0.41594383 0.10421080
v -0.05422192 -0.37633009 -0.09903426
v -0.01980685 -0.37633009 -0.11206294
v -0.05045691 -0.37633009 0.09903418
v -0.01980685 -0.37633009 0.11049083
v -0.01980685 -0.33671642 -0.13236461
v -0.01980685 -0.33671642 0.13142744
v -0.04698514 -0.29710274 -0.17826167
v -0.01980685 -0.30170719 -0.17826167
v -0.01980685 -0.29710274 -0.18387152
v -0.01980685 -0.33197892 -0.13864794
v -0.01980685 -0.33136133 0.13864785
v -0.04604620 -0.29710274 0.17826164
v -0.01980685 -0.30150264 0.17826164
v -0.01980685 -0.29710274 0.18367117
v -0.01980685 -0.27090736 -0.21787535
v -0.01980685 -0.25748901 -0.23256509
v -0.01980685 -0.27083059 0.21787532
v -0.01980685 -0.25748901 0.23251271
v -0.01980685 -0.23219316 -0.25748902
v -0.01980685 -0.21787533 -0.26969429
v -0.01980685 -0.23215689 0.25748900
v -0.01980685 -0.21787533 0.26967049
v -0.02382691 -0.17826166 -0.29710276
v -0.01980685 -0.17908380 -0.29710276
v -0.01980685 -0.17826166 -0.29762640
v -0.01980685 -0.17905713 0.29710267
v -0.02369733 -0.17826166 0.29710267
v -0.01980685 -0.17826166 0.29760954
v -0.01980685 -0.13864792 -0.31808421
v -0.01980685 -0.13864792 0.31806902
v -0.01980685 -0.09903425 -0.33282219
v -0.01980685 -0.09903425 0.33280753
v -0.01980685 -0.08313166 -0.33671643
v -0.01980685 -0.05942057 -0.34232819
v -0.01980685 -0.08307121 0.33671635
v -0.01980685 -0.05942057 0.34231365
v -0.01980685 -0.01980684 -0.34708541
v -0.01980685 -0.01980684 0.34707087
v -0.01980685 0.01980684 -0.34728632
v -0.01980685 0.01980684 0.34727172
v -0.01980685 0.05942051 -0.34293768
v -0.01980685 0.05942051 0.34292314
v -0.01980685 0.08688105 -0.33671643
v -0.01980685 0.09903419 -0.33387208
v -0.01980685 0.09903419 0.33385748
v -0.01980685 0.08681857 0.33671635
v -0.01980685 0.13864787 -0.31961846
v -0.01980685 0.13864787 0.31960432
v -0.03969994 0.17826166 -0.29710276
v -0.01980685 0.17826166 -0.29969558
v -0.03960275 0.17826166 0.29710267
v -0.01980685 0.17826166 0.29968260
v -0.01980685 0.18240233 -0.29710276
v -0.01980685 0.21787533 -0.27250103
v -0.01980685 0.21787533 0.27249210
v -0.01980685 0.18238255 0.29710267
v -0.01980685 0.23573650 -0.25748902
v -0.01980685 0.25748901 -0.23638557
v -0.01980685 0.25748901 0.23639329
v -0.01980685 0.23573360 0.25748900
v -0.01980685 0.27458345 -0.21787535
v -0.01980685 0.29710268 -0.18899400
v -0.01980685 0.29710268 0.18908624
v -0.01980685 0.27461388 0.21787532
v -0.01980685 0.30591300 -0.17826167
v -0.01980685 0.33641532 -0.13864794
v -0.01980685 0.33671636 -0.13825081
v -0.02014445 0.33671636 0.13864785
v -0.01980685 0.33671636 0.13873972
v -0.01980685 0.30603552 0.17826164
v -0.05934283 0.37633004 -0.09903426
v -0.01980685 0.37633004 -0.11434888
v -0.01980685 0.37633004 0.11521207
v -0.01980685 0.33683622 0.13864785
v -0.03409743 0.41594371 -0.09903426
v -0.01980685 0.41594371 -0.10458701
v -0.03651243 0.41594371 0.09903418
v -0.01980685 0.41594371 0.10557741
v -0.01980685 0.42889077 -0.09903426
v -0.01980685 0.45555750 -0.08676484
v -0.01980685 0.45555750 0.08778439
v -0.01980685 0.43122021 0.09903418
v -0.01980685 0.48432749 -0.05942058
v -0.03817314 0.49517118 -0.01980685
v -0.01980685 0.49517118 -0.03855292
v -0.03867116 0.49517118 0.01980682
v -0.01980685 0.49517118 0.03952411
v -0.01980685 0.48511735 0.05942050
v -0.01980685 0.50263617 -0.01980685
v -0.01980685 0.50284257 0.01980682
v 0.01980683 -0.51027054 -0.01980685
v 0.01980683 -0.49517118 -0.05601308
v 0.01980683 -0.50989256 0.01980682
v 0.01980683 -0.49517118 0.05368656
v 0.01980683 -0.49323227 -0.05942058
v 0.01980683 -0.45555750 -0.09209534
v 0.01980683 -0.49173903 0.05942050
v 0.01980683 -0.45555750 0.09025973
v 0.01980683 -0.43615306 -0.09903426
v 0.01980683 -0.41594383 -0.10595403
v 0.01980683 -0.43089741 0.09903418
v 0.01980683 -0.41594383 0.10417632
v 0.01980683 -0.37633009 -0.11203292
v 0.01980683 -0.37633009 0.11046086
v 0.01980683 -0.33671642 -0.13234720
v 0.01980683 -0.33671642 0.13141009
v 0.01980683 -0.30170210 -0.17826167
v 0.01980683 -0.29710274 -0.18386597
v 0.01980683 -0.33196752 -0.13864794
v 0.01980683 -0.33135040 0.13864785
v 0.01980683 -0.30149766 0.17826164
v 0.01980683 -0.29710274 0.18366561
v 0.01980683 -0.27090388 -0.21787535
v 0.01980683 -0.25748901 -0.23256156
v 0.01980683 -0.27082718 0.21787532
v 0.01980683 -0.25748901 0.23250912
v 0.01980683 -0.23218987 -0.25748902
v 0.01980683 -0.21787533 -0.26969151
v 0.01980683 -0.23215354 0.25748900
v 0.01980683 -0.21787533 0.26966771
v 0.01980683 -0.17907975 -0.29710276
v 0.01980683 -0.17826166 -0.29762391
v 0.01980683 -0.17905308 0.29710267
v 0.01980683 -0.17826166 0.29760699
v 0.01980683 -0.13864792 -0.31808183
v 0.01980683 -0.13864792 0.31806648
v 0.01980683 -0.09903425 -0.33281988
v 0.01980683 -0.09903425 0.33280510
v 0.01980683 -0.08312229 -0.33671643
v 0.01980683 -0.05942057 -0.34232599
v 0.01980683 -0.08306178 0.33671635
v 0.01980683 -0.05942057 0.34231156
v 0.01980683 -0.01980684 -0.34708327
v 0.01980683 -0.01980684 0.34706879
v 0.01980683 0.01980684 -0.34728412
v 0.01980683 0.01980684 0.34726964
v 0.01980683 0.05942051 -0.34293548
v 0.01980683 0.05942051 0.34292094
v 0.01980683 0.08687144 -0.33671643
v 0.01980683 0.09903419 -0.33386983
v 0.01980683 0.09903419 0.33385516
v 0.01980683 0.08680885 0.33671635
v 0.01980683 0.13864787 -0.31961621
v 0.01980683 0.13864787 0.31960212
v 0.01980683 0.17826166 -0.29969338
v 0.01980683 0.17826166 0.29968051
v 0.01980683 0.18239898 -0.29710276
v 0.01980683 0.21787533 -0.27249953
v 0.01980683 0.21787533 0.27249060
v 0.01980683 0.18237919 0.29710267
v 0.01980683 0.23573615 -0.25748902
v 0.01980683 0.25748901 -0.23638765
v 0.01980683 0.25748901 0.23639549
v 0.01980683 0.23573326 0.25748900
v 0.01980683 0.27459132 -0.21787535
v 0.01980683 0.29710268 -0.18902136
v 0.01980683 0.29710268 0.18911436
v 0.01980683 0.27462198 0.21787532
v 0.01980683 0.30595037 -0.17826167
v 0.01980683 0.33656295 -0.13864794
v 0.01980683 0.33671636 -0.13844685
v 0.01980683 0.33671636 0.13892367
v 0.01980683 0.30607428 0.17826164
v 0.01980683 0.37633004 -0.11477782
v 0.01980683 0.37633004 0.11564153
v 0.01980683 0.33707919 0.13864785
v 0.01980683 0.41594371 -0.10511239
v 0.01980683 0.41594371 0.10610325
v 0.01980683 0.43017697 -0.09903426
v 0.01980683 0.45555750 -0.08742773
v 0.01980683 0.45555750 0.08844896
v 0.01980683 0.43251810 0.09903418
v 0.01980683 0.48505603 -0.05942058
v 0.01980683 0.49517118 -0.03995621
v 0.01980683 0.49517118 0.04095794
v 0.01980683 0.48584196 0.05942050
v 0.01980683 0.50320667 -0.01980685
v 0.01980683 0.50341250 0.01980682
v 0.05517593 -0.49517118 -0.01980685
v 0.05432498 -0.49517118 0.01980682
v 0.05942050 -0.46988662 -0.05942058
v 0.05942050 -0.45555750 -0.07212393
v 0.05942050 -0.49268699 -0.01980685
v 0.05942050 -0.49218898 0.01980682
v 0.05942050 -0.46819576 0.05942050
v 0.05942050 -0.45555750 0.07043299
v 0.03792380 -0.41594383 -0.09903426
v 0.05942050 -0.41594383 -0.08910475
v 0.03346496 -0.41594383 0.09903418
v 0.05942050 -0.41594383 0.08733179
v 0.05401422 -0.37633009 -0.09903426
v 0.05942050 -0.37633009 -0.09652723
v 0.05026275 -0.37633009 0.09903418
v 0.05942050 -0.37633009 0.09488355
v 0.05942050 -0.37106178 -0.09903426
v 0.05942050 -0.33671642 -0.11941507
v 0.05942050 -0.36797030 0.09903418
v 0.05942050 -0.33671642 0.11851035
v 0.04692166 -0.29710274 -0.17826167
v 0.05942050 -0.29710274 -0.17522035
v 0.05942050 -0.32357279 -0.13864794
v 0.05942050 -0.32313153 0.13864785
v 0.04598428 -0.29710274 0.17826164
v 0.05942050 -0.29710274 0.17499633
v 0.05942050 -0.26474152 -0.21787535
v 0.05942050 -0.25748901 -0.22583772
v 0.05942050 -0.29519091 -0.17826167
v 0.05942050 -0.29505659 0.17826164
v 0.05942050 -0.26468009 0.21787532
v 0.05942050 -0.25748901 0.22578621
v 0.05942050 -0.22538192 -0.25748902
v 0.05942050 -0.21787533 -0.26388908
v 0.05942050 -0.22535004 0.25748900
v 0.05942050 -0.21787533 0.26386540
v 0.02380369 -0.17826166 -0.29710276
v 0.05942050 -0.17826166 -0.29221693
v 0.02367400 -0.17826166 0.29710267
v 0.05942050 -0.17826166 0.29219944
v 0.05942050 -0.16960233 -0.29710276
v 0.05942050 -0.13864792 -0.31309773
v 0.05942050 -0.16957161 0.29710267
v 0.05942050 -0.13864792 0.31308237
v 0.05942050 -0.09903425 -0.32803969
v 0.05942050 -0.09903425 0.32802485
v 0.05942050 -0.06364102 -0.33671643
v 0.05942050 -0.05942057 -0.33771426
v 0.05942050 -0.06357993 0.33671635
v 0.05942050 -0.05942057 0.33769965
v 0.05942050 -0.01980684 -0.34252407
v 0.05942050 -0.01980684 0.34250952
v 0.05942050 0.01980684 -0.34272723
v 0.05942050 0.01980684 0.34271257
v 0.05942050 0.05942051 -0.33833040
v 0.05942050 0.05942051 0.33831574
v 0.05942050 0.06655195 -0.33671643
v 0.05942050 0.09903419 -0.32910549
v 0.05942050 0.09903419 0.32909088
v 0.05942050 0.06648820 0.33671635
v 0.05942050 0.13864787 -0.31465194
v 0.05942050 0.13864787 0.31463769
v 0.05942050 0.17334917 -0.29710276
v 0.03966712 0.17826166 -0.29710276
v 0.05942050 0.17826166 -0.29439447
v 0.03956959 0.17826166 0.29710267
v 0.05942050 0.17826166 0.29438113
v 0.05942050 0.17332464 0.29710267
v 0.05942050 0.21787533 -0.26673204
v 0.05942050 0.21787533 0.26672322
v 0.05942050 0.22887278 -0.25748902
v 0.05942050 0.25748901 -0.22971802
v 0.05942050 0.25748901 0.22972569
v 0.05942050 0.22886700 0.25748900
v 0.05942050 0.26840246 -0.21787535
v 0.05942050 0.29710268 -0.18090673
v 0.05942050 0.29710268 0.18099695
v 0.05942050 0.26842363 0.21787532
v 0.05942050 0.29923613 -0.17826167
v 0.05942050 0.32817643 -0.13864794
v 0.05942050 0.33671636 -0.12633554
v 0.02085018 0.33671636 0.13864785
v 0.05942050 0.33671636 0.12682572
v 0.05942050 0.32845144 0.13864785
v 0.05942050 0.29931944 0.17826164
v 0.05942050 0.37633004 -0.10040556
v 0.05942050 0.37633004 0.10126157
v 0.05942050 0.38062864 -0.09903426
v 0.03644427 0.41594371 -0.09903426
v 0.05942050 0.41594371 -0.08904598
v 0.03900290 0.41594371 0.09903418
v 0.05942050 0.41594371 0.09003805
v 0.05942050 0.38349260 0.09903418
v 0.05942050 0.45555750 -0.06784216
v 0.05942050 0.45555750 0.06876962
v 0.05942050 0.46420480 -0.05942058
v 0.05942050 0.48604200 -0.01980685
v 0.04088992 0.49517118 -0.01980685
v 0.05942050 0.48630267 0.01980682
v 0.04141842 0.49517118 0.01980682
v 0.05942050 0.46506616 0.05942050
v 0.07198692 -0.45555750 -0.05942058
v 0.09130528 -0.45555750 -0.01980685
v 0.09089352 -0.45555750 0.01980682
v 0.07052983 -0.45555750 0.05942050
v 0.08880299 -0.41594383 -0.05942058
v 0.09903418 -0.41594383 -0.03633773
v 0.09903418 -0.43382576 -0.01980685
v 0.09903418 -0.43277535 0.01980682
v 0.08756272 -0.41594383 0.05942050
v 0.09903418 -0.41594383 0.03480438
v 0.09618422 -0.37633009 -0.05942058
v 0.09903418 -0.37633009 -0.05303522
v 0.09514792 -0.37633009 0.05942050
v 0.09903418 -0.37633009 0.05110421
v 0.08895085 -0.33671642 -0.09903426
v 0.09903418 -0.33671642 -0.08887018
v 0.09903418 -0.37034735 -0.05942058
v 0.09903418 -0.36849771 0.05942050
v 0.08783461 -0.33671642 0.09903418
v 0.09903418 -0.33671642 0.08790391
v 0.09903418 -0.30859670 -0.13864794
v 0.09903418 -0.29710274 -0.15561494
v 0.09903418 -0.33185455 -0.09903426
v 0.09903418 -0.33141449 0.09903418
v 0.09903418 -0.30836988 0.13864785
v 0.09903418 -0.29710274 0.15540886
v 0.08270820 -0.25748901 -0.21787535
v 0.09903418 -0.25748901 -0.21147627
v 0.09903418 -0.28309799 -0.17826167
v 0.09903418 -0.28300450 0.17826164
v 0.08256288 -0.25748901 0.21787532
v 0.09903418 -0.25748901 0.21142094
v 0.08114051 -0.21787533 -0.25748902
v 0.09903418 -0.21787533 -0.25168370
v 0.09903418 -0.25210696 -0.21787535
v 0.09903418 -0.25206358 0.21787532
v 0.08106218 -0.21787533 0.25748900
v 0.09903418 -0.21787533 0.25165880
v 0.09903418 -0.21087359 -0.25748902
v 0.09903418 -0.17826166 -0.28112641
v 0.09903418 -0.21084472 0.25748900
v 0.09903418 -0.17826166 0.28110909
v 0.09903418 -0.14997534 -0.29710276
v 0.09903418 -0.13864792 -0.30294845
v 0.09903418 -0.14994549 0.29710267
v 0.09903418 -0.13864792 0.30293321
v 0.09903418 -0.09903425 -0.31827470
v 0.09903418 -0.09903425 0.31825992
v 0.06372848 -0.05942057 -0.33671643
v 0.09903418 -0.05942057 -0.32824227
v 0.06366612 -0.05942057 0.33671635
v 0.09903418 -0.05942057 0.32822755
v 0.08446725 -0.01980684 -0.33671643
v 0.09903418 -0.01980684 -0.33322424
v 0.08440570 -0.01980684 0.33671635
v 0.09903418 -0.01980684 0.33320958
v 0.08534215 0.01980684 -0.33671643
v 0.09903418 0.01980684 -0.33343417
v 0.08528060 0.01980684 0.33671635
v 0.09903418 0.01980684 0.33341945
v 0.06638742 0.05942051 -0.33671643
v 0.09903418 0.05942051 -0.32888161
v 0.06632495 0.05942051 0.33671635
v 0.09903418 0.05942051 0.32886689
v 0.09903418 0.09903419 -0.31937041
v 0.09903418 0.09903419 0.31935580
v 0.09903418 0.13864787 -0.30454015
v 0.09903418 0.13864787 0.30452601
v 0.09903418 0.15337388 -0.29710276
v 0.09903418 0.17826166 -0.28336722
v 0.09903418 0.17826166 0.28335407
v 0.09903418 0.15334750 0.29710267
v 0.09903418 0.21458653 -0.25748902
v 0.09078118 0.21787533 -0.25748902
v 0.09903418 0.21787533 -0.25481290
v 0.09075237 0.21787533 0.25748900
v 0.09903418 0.21787533 0.25480356
v 0.09903418 0.21457462 0.25748900
v 0.09903418 0.25582482 -0.21787535
v 0.09406165 0.25748901 -0.21787535
v 0.09903418 0.25748901 -0.21592823
v 0.09408340 0.25748901 0.21787532
v 0.09903418 0.25748901 0.21593659
v 0.09903418 0.25583130 0.21787532
v 0.09903418 0.28690204 -0.17826167
v 0.06589525 0.29710268 -0.17826167
v 0.09903418 0.29710268 -0.16201529
v 0.06611334 0.29710268 0.17826164
v 0.09903418 0.29710268 0.16211302
v 0.09903418 0.28694705 0.17826164
v 0.09903418 0.31305925 -0.13864794
v 0.09903418 0.33671636 -0.09935381
v 0.09903418 0.33671636 0.09979037
v 0.09903418 0.31320063 0.13864785
v 0.09903418 0.33703869 -0.09903426
v 0.06140794 0.37633004 -0.09903426
v 0.09903418 0.37633004 -0.06228009
v 0.06262947 0.37633004 0.09903418
v 0.09903418 0.37633004 0.06303140
v 0.09903418 0.33748945 0.09903418
v 0.09903418 0.38277053 -0.05942058
v 0.08962860 0.41594371 -0.05942058
v 0.09903418 0.41594371 -0.03942655
v 0.09032093 0.41594371 0.05942050
v 0.09903418 0.41594371 0.04037125
v 0.09903418 0.38454613 0.05942050
v 0.06801921 0.45555750 -0.05942058
v 0.09903418 0.43371209 -0.01980685
v 0.08891209 0.45555750 -0.01980685
v 0.09903418 0.43418494 0.01980682
v 0.08915297 0.45555750 0.01980682
v 0.06886195 0.45555750 0.05942050
v 0.10515998 -0.41594383 -0.01980685
v 0.10481868 -0.41594383 0.01980682
v 0.11132246 -0.37633009 -0.01980685
v 0.11103252 -0.37633009 0.01980682
v 0.11916856 -0.33671642 -0.05942058
v 0.13190007 -0.33671642 -0.01980685
v 0.13175568 -0.33671642 0.01980682
v 0.11869894 -0.33671642 0.05942050
v 0.12145426 -0.29710274 -0.13864794
v 0.13864786 -0.29710274 -0.12143248
v 0.13864786 -0.30855777 -0.09903426
v 0.13864786 -0.32342673 -0.05942058
v 0.13864786 -0.33166521 -0.01980685
v 0.13864786 -0.33157722 0.01980682
v 0.13864786 -0.32323791 0.05942050
v 0.13864786 -0.30839585 0.09903418
v 0.12120852 -0.29710274 0.13864785
v 0.13864786 -0.29710274 0.12122182
v 0.13864786 -0.26472920 -0.17826167
v 0.13864786 -0.25748901 -0.18774488
v 0.13864786 -0.28913840 -0.13864794
v 0.13864786 -0.28905105 0.13864785
v 0.13864786 -0.26467899 0.17826164
v 0.13864786 -0.25748901 0.18769383
v 0.13864786 -0.23217697 -0.21787535
v 0.13864786 -0.21787533 -0.23201414
v 0.13864786 -0.23214613 0.21787532
v 0.13864786 -0.21787533 0.23199022
v 0.13864786 -0.18716650 -0.25748902
v 0.13864786 -0.17826166 -0.26393733
v 0.13864786 -0.18714179 0.25748900
v 0.13864786 -0.17826166 0.26392035
v 0.11415842 -0.13864792 -0.29710276
v 0.13864786 -0.13864792 -0.28688736
v 0.11412001 -0.13864792 0.29710267
v 0.13864786 -0.13864792 0.28687183
v 0.13864786 -0.11448342 -0.29710276
v 0.13864786 -0.09903425 -0.30315087
v 0.13864786 -0.11444634 0.29710267
v 0.13864786 -0.09903425 0.30313626
v 0.13864786 -0.05942057 -0.31350631
v 0.13864786 -0.05942057 0.31349182
v 0.13864786 -0.01980684 -0.31869890
v 0.13864786 -0.01980684 0.31868430
v 0.13864786 0.01980684 -0.31891803
v 0.13864786 0.01980684 0.31890331
v 0.13864786 0.05942051 -0.31417209
v 0.13864786 0.05942051 0.31415743
v 0.13864786 0.09903419 -0.30428730
v 0.13864786 0.09903419 0.30427287
v 0.13864786 0.11792540 -0.29710276
v 0.11827225 0.13864787 -0.29710276
v 0.13864786 0.13864787 -0.28860534
v 0.11823662 0.13864787 0.29710267
v 0.13864786 0.13864787 0.28859097
v 0.13864786 0.11788873 0.29710267
v 0.13864786 0.17826166 -0.26626405
v 0.13864786 0.17826166 0.26625107
v 0.13864786 0.19059147 -0.25748902
v 0.13864786 0.21787533 -0.23527488
v 0.13864786 0.21787533 0.23526594
v 0.13864786 0.19057562 0.25748900
v 0.13864786 0.23573499 -0.21787535
v 0.13864786 0.25748901 -0.19239126
v 0.13864786 0.25748901 0.19239910
v 0.13864786 0.23573279 0.21787532
v 0.13864786 0.26841553 -0.17826167
v 0.13864786 0.29302541 -0.13864794
v 0.12996851 0.29710268 -0.13864794
v 0.13864786 0.29710268 -0.12998525
v 0.13008074 0.29710268 0.13864785
v 0.13864786 0.29710268 0.13008860
v 0.13864786 0.29307007 0.13864785
v 0.13864786 0.26843324 0.17826164
v 0.13864786 0.31313514 -0.09903426
v 0.09935547 0.33671636 -0.09903426
v 0.13864786 0.32847342 -0.05942058
v 0.12681080 0.33671636 -0.05942058
v 0.13864786 0.33671636 -0.02189460
v 0.12705202 0.33671636 0.05942050
v 0.13864786 0.33671636 0.02216785
v 0.13864786 0.32859433 0.05942050
v 0.13864786 0.31323719 0.09903418
v 0.09979234 0.33671636 0.09903418
v 0.10106223 0.37633004 -0.05942058
v 0.13864786 0.33746851 -0.01980685
v 0.11611821 0.37633004 -0.01980685
v 0.13864786 0.33756060 0.01980682
v 0.11627359 0.37633004 0.01980682
v 0.10157326 0.37633004 0.05942050
v 0.10662702 0.41594371 -0.01980685
v 0.10681722 0.41594371 0.01980682
v 0.15556887 -0.29710274 -0.09903426
v 0.17512684 -0.29710274 -0.05942058
v 0.17826165 -0.29710274 -0.04648105
v 0.17826165 -0.30159004 -0.01980685
v 0.17826165 -0.30156737 0.01980682
v 0.17505037 -0.29710274 0.05942050
v 0.17826165 -0.29710274 0.04624113
v 0.15543512 -0.29710274 0.09903418
v 0.15042580 -0.25748901 -0.17826167
v 0.17826165 -0.25748901 -0.15041720
v 0.17826165 -0.26472029 -0.13864794
v 0.17826165 -0.28306964 -0.09903426
v 0.17826165 -0.29513358 -0.05942058
v 0.17826165 -0.29508881 0.05942050
v 0.17826165 -0.28301775 0.09903418
v 0.17826165 -0.26468125 0.13864785
v 0.15036529 -0.25748901 0.17826164
v 0.17826165 -0.25748901 0.15036655
v 0.15959107 -0.21787533 -0.21787535
v 0.17826165 -0.21787533 -0.20303624
v 0.17826165 -0.23889554 -0.17826167
v 0.17826165 -0.23886714 0.17826164
v 0.15955786 -0.21787533 0.21787532
v 0.17826165 -0.21787533 0.20301163
v 0.14972930 -0.17826166 -0.25748902
v 0.17826165 -0.17826166 -0.23871460
v 0.17826165 -0.20306631 -0.21787535
v 0.17826165 -0.20304294 0.21787532
v 0.14970095 -0.17826166 0.25748900
v 0.17826165 -0.17826166 0.23869717
v 0.17826165 -0.14996388 -0.25748902
v 0.17826165 -0.13864792 -0.26412464
v 0.17826165 -0.14993791 0.25748900
v 0.17826165 -0.13864792 0.26410952
v 0.15045738 -0.09903425 -0.29710276
v 0.17826165 -0.09903425 -0.28152851
v 0.15042938 -0.09903425 0.29710267
v 0.17826165 -0.09903425 0.28151368
v 0.17063792 -0.05942057 -0.29710276
v 0.17826165 -0.05942057 -0.29283736
v 0.17061096 -0.05942057 0.29710267
v 0.17826165 -0.05942057 0.29282247
v 0.17826165 -0.02961793 -0.29710276
v 0.17826165 -0.01980684 -0.29843720
v 0.17826165 -0.02951270 0.29710267
v 0.17826165 -0.01980684 0.29842277
v 0.17826165 0.01980684 -0.29866698
v 0.17826165 0.01980684 0.29865255
v 0.17826165 0.03236747 -0.29710276
v 0.17193349 0.05942051 -0.29710276
v 0.17826165 0.05942051 -0.29356260
v 0.17190654 0.05942051 0.29710267
v 0.17826165 0.05942051 0.29354754
v 0.17826165 0.03225223 0.29710267
v 0.15267459 0.09903419 -0.29710276
v 0.17826165 0.09903419 -0.28277225
v 0.15264706 0.09903419 0.29710267
v 0.17826165 0.09903419 0.28275753
v 0.17826165 0.13864787 -0.26593316
v 0.17826165 0.13864787 0.26591902
v 0.17826165 0.15336335 -0.25748902
v 0.15372570 0.17826166 -0.25748902
v 0.17826165 0.17826166 -0.24134694
v 0.15370430 0.17826166 0.25748900
v 0.17826165 0.17826166 0.24133367
v 0.17826165 0.15334044 0.25748900
v 0.17826165 0.20669034 -0.21787535
v 0.16441933 0.21787533 -0.21787535
v 0.17826165 0.21787533 -0.20687576
v 0.16440718 0.21787533 0.21787532
v 0.17826165 0.21787533 0.20686653
v 0.17826165 0.20667912 0.21787532
v 0.17826165 0.24251853 -0.17826167
v 0.15620046 0.25748901 -0.17826167
v 0.17826165 0.25748901 -0.15620343
v 0.15620983 0.25748901 0.17826164
v 0.17826165 0.25748901 0.15621133
v 0.17826165 0.24251888 0.17826164
v 0.17826165 0.26842329 -0.13864794
v 0.17826165 0.28694022 -0.09903426
v 0.16208457 0.29710268 -0.09903426
v 0.17826165 0.29710268 -0.06615935
v 0.16214658 0.29710268 0.09903418
v 0.17826165 0.29710268 0.06624048
v 0.17826165 0.28696567 0.09903418
v 0.17826165 0.26843705 0.13864785
v 0.17826165 0.29934200 -0.05942058
v 0.17826165 0.30616140 -0.01980685
v 0.13921257 0.33671636 -0.01980685
v 0.17826165 0.30617575 0.01980682
v 0.13927968 0.33671636 0.01980682
v 0.17826165 0.29937057 0.05942050
v 0.18375297 -0.29710274 -0.01980685
v 0.18373122 -0.29710274 0.01980682
v 0.18773317 -0.25748901 -0.13864794
v 0.21145021 -0.25748901 -0.09903426
v 0.21787532 -0.25748901 -0.08262781
v 0.21787532 -0.26470577 -0.05942058
v 0.21787532 -0.27085171 -0.01980685
v 0.21787532 -0.27084471 0.01980682
v 0.21787532 -0.26468900 0.05942050
v 0.21142418 -0.25748901 0.09903418
v 0.21787532 -0.25748901 0.08257306
v 0.18769522 -0.25748901 0.13864785
v 0.20303234 -0.21787533 -0.17826167
v 0.21787532 -0.21787533 -0.15957964
v 0.21787532 -0.23216465 -0.13864794
v 0.21787532 -0.25208510 -0.09903426
v 0.21787532 -0.25206537 0.09903418
v 0.21787532 -0.23214503 0.13864785
v 0.20301082 -0.21787533 0.17826164
v 0.21787532 -0.21787533 0.15955520
v 0.20310836 -0.17826166 -0.21787535
v 0.21787532 -0.17826166 -0.20310635
v 0.21787532 -0.20306041 -0.17826167
v 0.21787532 -0.20304126 0.17826164
v 0.20308938 -0.17826166 0.21787532
v 0.21787532 -0.17826166 0.20308868
v 0.18744023 -0.13864792 -0.25748902
v 0.21787532 -0.13864792 -0.23228805
v 0.21787532 -0.15983271 -0.21787535
v 0.21787532 -0.15981038 0.21787532
v 0.18741998 -0.13864792 0.25748900
v 0.21787532 -0.13864792 0.23227275
v 0.21148342 -0.09903425 -0.25748902
v 0.21787532 -0.09903425 -0.25219942
v 0.21146468 -0.09903425 0.25748900
v 0.21787532 -0.09903425 0.25218406
v 0.21787532 -0.08306935 -0.25748902
v 0.21787532 -0.05942057 -0.26460264
v 0.21787532 -0.08302250 0.25748900
v 0.21787532 -0.05942057 0.26458827
v 0.18035981 -0.01980684 -0.29710276
v 0.21787532 -0.01980684 -0.27064549
v 0.18033725 -0.01980684 0.29710267
v 0.21787532 -0.01980684 0.27063088
v 0.18072102 0.01980684 -0.29710276
v 0.21787532 0.01980684 -0.27090060
v 0.18069834 0.01980684 0.29710267
v 0.21787532 0.01980684 0.27088600
v 0.21787532 0.05942051 -0.26537723
v 0.21787532 0.05942051 0.26536274
v 0.21787532 0.08681706 -0.25748902
v 0.21319978 0.09903419 -0.25748902
v 0.21787532 0.09903419 -0.25362000
v 0.21318127 0.09903419 0.25748900
v 0.21787532 0.09903419 0.25360482
v 0.21787532 0.08676859 0.25748900
v 0.18994101 0.13864787 -0.25748902
v 0.21787532 0.13864787 -0.23436001
v 0.18992215 0.13864787 0.25748900
v 0.21787532 0.13864787 0.23434592
v 0.21787532 0.16341000 -0.21787535
v 0.20624571 0.17826166 -0.21787535
v 0.21787532 0.17826166 -0.20624446
v 0.20623159 0.17826166 0.21787532
v 0.21787532 0.17826166 0.20623089
v 0.21787532 0.16339126 0.21787532
v 0.21787532 0.20668698 -0.17826167
v 0.20687359 0.21787533 -0.17826167
v 0.21787532 0.21787533 -0.16441443
v 0.20686573 0.21787533 0.17826164
v 0.21787532 0.21787533 0.16440521
v 0.21787532 0.20667773 0.17826164
v 0.21787532 0.23573430 -0.13864794
v 0.19239575 0.25748901 -0.13864794
v 0.21787532 0.25583258 -0.09903426
v 0.21593810 0.25748901 -0.09903426
v 0.21787532 0.25748901 -0.09408868
v 0.21594203 0.25748901 0.09903418
v 0.21787532 0.25748901 0.09409809
v 0.21787532 0.25583558 0.09903418
v 0.21787532 0.23573279 0.13864785
v 0.19240165 0.25748901 0.13864785
v 0.21787532 0.26843300 -0.05942058
v 0.18102217 0.29710268 -0.05942058
v 0.21787532 0.27464593 -0.01980685
v 0.18918077 0.29710268 -0.01980685
v 0.21787532 0.27464882 0.01980682
v 0.18919095 0.29710268 0.01980682
v 0.21787532 0.26843891 0.05942050
v 0.18105272 0.29710268 0.05942050
v 0.22580403 -0.25748901 -0.05942058
v 0.23251896 -0.25748901 -0.01980685
v 0.23251445 -0.25748901 0.01980682
v 0.22579038 -0.25748901 0.05942050
v 0.23200179 -0.21787533 -0.13864794
v 0.25166424 -0.21787533 -0.09903426
v 0.25748900 -0.21787533 -0.08107094
v 0.25748900 -0.22535294 -0.05942058
v 0.25748900 -0.23215290 -0.01980685
v 0.25748900 -0.23215013 0.01980682
v 0.25748900 -0.22534553 0.05942050
v 0.25165441 -0.21787533 0.09903418
v 0.25748900 -0.21787533 0.08104621
v 0.23198745 -0.21787533 0.13864785
v 0.23870770 -0.17826166 -0.17826167
v 0.25748900 -0.17826166 -0.14971052
v 0.25748900 -0.18714937 -0.13864794
v 0.25748900 -0.21084981 -0.09903426
v 0.25748900 -0.21083865 0.09903418
v 0.25748900 -0.18713595 0.13864785
v 0.23869462 -0.17826166 0.17826164
v 0.25748900 -0.17826166 0.14969389
v 0.23228641 -0.13864792 -0.21787535
v 0.25748900 -0.13864792 -0.18743082
v 0.25748900 -0.14995052 -0.17826167
v 0.25748900 -0.14993253 0.17826164
v 0.23227206 -0.13864792 0.21787532
v 0.25748900 -0.13864792 0.18741593
v 0.25219575 -0.09903425 -0.21787535
v 0.25748900 -0.09903425 -0.21147754
v 0.25218256 -0.09903425 0.21787532
v 0.25748900 -0.09903425 0.21146213
v 0.22612474 -0.05942057 -0.25748902
v 0.25748900 -0.05942057 -0.22612129
v 0.25748900 -0.08305663 -0.21787535
v 0.25748900 -0.08301700 0.21787532
v 0.22610854 -0.05942057 0.25748900
v 0.25748900 -0.05942057 0.22610692
v 0.23313007 -0.01980684 -0.25748902
v 0.25748900 -0.01980684 -0.23312749
v 0.23311410 -0.01980684 0.25748900
v 0.25748900 -0.01980684 0.23311294
v 0.23342579 0.01980684 -0.25748902
v 0.25748900 0.01980684 -0.23342309
v 0.23340971 0.01980684 0.25748900
v 0.25748900 0.01980684 0.23340855
v 0.22702278 0.05942051 -0.25748902
v 0.25748900 0.05942051 -0.22701945
v 0.22700647 0.05942051 0.25748900
v 0.25748900 0.05942051 0.22700496
v 0.25748900 0.08680411 -0.21787535
v 0.25361628 0.09903419 -0.21787535
v 0.25748900 0.09903419 -0.21319431
v 0.25360320 0.09903419 0.21787532
v 0.25748900 0.09903419 0.21317884
v 0.25748900 0.08676303 0.21787532
v 0.23435842 0.13864787 -0.21787535
v 0.25748900 0.13864787 -0.18993242
v 0.23434512 0.13864787 0.21787532
v 0.25748900 0.13864787 0.18991856
v 0.25748900 0.15335120 -0.17826167
v 0.24134096 0.17826166 -0.17826167
v 0.25748900 0.17826166 -0.15371086
v 0.24133124 0.17826166 0.17826164
v 0.25748900 0.17826166 0.15369805
v 0.25748900 0.15333523 0.17826164
v 0.25748900 0.19057897 -0.13864794
v 0.23526896 0.21787533 -0.13864794
v 0.25748900 0.21457439 -0.09903426
v 0.25480356 0.21787533 -0.09903426
v 0.25748900 0.21787533 -0.09075066
v 0.25479997 0.21787533 0.09903418
v 0.25748900 0.21787533 0.09074033
v 0.25748900 0.21456976 0.09903418
v 0.25748900 0.19057041 0.13864785
v 0.23526363 0.21787533 0.13864785
v 0.25748900 0.22886630 -0.05942058
v 0.22973043 0.25748901 -0.05942058
v 0.25748900 0.23573349 -0.01980685
v 0.23640336 0.25748901 -0.01980685
v 0.25748900 0.23573326 0.01980682
v 0.23640406 0.25748901 0.01980682
v 0.25748900 0.22886491 0.05942050
v 0.22973263 0.25748901 0.05942050
v 0.26386528 -0.21787533 -0.05942058
v 0.26966285 -0.21787533 -0.01980685
v 0.26966112 -0.21787533 0.01980682
v 0.26385996 -0.21787533 0.05942050
v 0.26392452 -0.17826166 -0.13864794
v 0.28110863 -0.17826166 -0.09903426
v 0.29219458 -0.17826166 -0.05942058
v 0.29710267 -0.17826166 -0.02361293
v 0.29710267 -0.17904012 -0.01980685
v 0.29710267 -0.17903827 0.01980682
v 0.29219111 -0.17826166 0.05942050
v 0.29710267 -0.17826166 0.02360238
v 0.28110238 -0.17826166 0.09903418
v 0.26391561 -0.17826166 0.13864785
v 0.26411611 -0.13864792 -0.17826167
v 0.28687357 -0.13864792 -0.13864794
v 0.29710267 -0.13864792 -0.11411772
v 0.29710267 -0.14994190 -0.09903426
v 0.29710267 -0.16956247 -0.05942058
v 0.29710267 -0.16955628 0.05942050
v 0.29710267 -0.14993178 0.09903418
v 0.28686593 -0.13864792 0.13864785
v 0.29710267 -0.13864792 0.11410277
v 0.26410593 -0.13864792 0.17826164
v 0.28151900 -0.09903425 -0.17826167
v 0.29710267 -0.09903425 -0.15043305
v 0.29710267 -0.11444894 -0.13864794
v 0.29710267 -0.11443153 0.13864785
v 0.28150952 -0.09903425 0.17826164
v 0.29710267 -0.09903425 0.15041873
v 0.26459822 -0.05942057 -0.21787535
v 0.29282710 -0.05942057 -0.17826167
v 0.29710267 -0.05942057 -0.17061764
v 0.29281796 -0.05942057 0.17826164
v 0.29710267 -0.05942057 0.17060193
v 0.26458631 -0.05942057 0.21787532
v 0.27064049 -0.01980684 -0.21787535
v 0.29710267 -0.01980684 -0.18034421
v 0.29710267 -0.02954360 -0.17826167
v 0.29710267 -0.02948002 0.17826164
v 0.27062881 -0.01980684 0.21787532
v 0.29710267 -0.01980684 0.18033042
v 0.27089560 0.01980684 -0.21787535
v 0.29710267 0.01980684 -0.18070548
v 0.27088380 0.01980684 0.21787532
v 0.29710267 0.01980684 0.18069162
v 0.26537270 0.05942051 -0.21787535
v 0.29710267 0.03228648 -0.17826167
v 0.29355229 0.05942051 -0.17826167
v 0.29710267 0.05942051 -0.17191356
v 0.29354315 0.05942051 0.17826164
v 0.29710267 0.05942051 0.17189774
v 0.29710267 0.03221683 0.17826164
v 0.26536078 0.05942051 0.21787532
v 0.28276286 0.09903419 -0.17826167
v 0.29710267 0.09903419 -0.15265119
v 0.28275349 0.09903419 0.17826164
v 0.29710267 0.09903419 0.15263687
v 0.26592503 0.13864787 -0.17826167
v 0.29710267 0.11789127 -0.13864794
v 0.28859236 0.13864787 -0.13864794
v 0.29710267 0.13864787 -0.11823490
v 0.28858530 0.13864787 0.13864785
v 0.29710267 0.13864787 0.11822065
v 0.29710267 0.11787403 0.13864785
v 0.26591566 0.13864787 0.17826164
v 0.26625350 0.17826166 -0.13864794
v 0.29710267 0.15334333 -0.09903426
v 0.28335245 0.17826166 -0.09903426
v 0.29710267 0.17331515 -0.05942058
v 0.29437616 0.17826166 -0.05942058
v 0.29710267 0.17826166 -0.03952067
v 0.29437350 0.17826166 0.05942050
v 0.29710267 0.17826166 0.03950757
v 0.29710267 0.17331018 0.05942050
v 0.29710267 0.15333442 0.09903418
v 0.28334782 0.17826166 0.09903418
v 0.26624679 0.17826166 0.13864785
v 0.26672080 0.21787533 -0.05942058
v 0.29710267 0.18236716 -0.01980685
v 0.27248586 0.21787533 -0.01980685
v 0.29710267 0.18236577 0.01980682
v 0.27248528 0.21787533 0.01980682
v 0.26671883 0.21787533 0.05942050
v 0.29759867 -0.17826166 -0.01980685
v 0.29759739 -0.17826166 0.01980682
v 0.30293090 -0.13864792 -0.09903426
v 0.31307636 -0.13864792 -0.05942058
v 0.31805688 -0.13864792 -0.01980685
v 0.31805607 -0.13864792 0.01980682
v 0.31307347 -0.13864792 0.05942050
v 0.30292581 -0.13864792 0.09903418
v 0.30313684 -0.09903425 -0.13864794
v 0.31825669 -0.09903425 -0.09903426
v 0.32801826 -0.09903425 -0.05942058
v 0.33279527 -0.09903425 -0.01980685
v 0.33279434 -0.09903425 0.01980682
v 0.32801548 -0.09903425 0.05942050
v 0.31825206 -0.09903425 0.09903418
v 0.30313013 -0.09903425 0.13864785
v 0.31349194 -0.05942057 -0.13864794
v 0.32822409 -0.05942057 -0.09903426
v 0.33671635 -0.05942057 -0.06363831
v 0.33671635 -0.06355135 -0.05942058
v 0.33671635 -0.08302070 -0.01980685
v 0.33671635 -0.08301706 0.01980682
v 0.33671635 -0.06354030 0.05942050
v 0.32821957 -0.05942057 0.09903418
v 0.33671635 -0.05942057 0.06362631
v 0.31348546 -0.05942057 0.13864785
v 0.29842694 -0.01980684 -0.17826167
v 0.31868430 -0.01980684 -0.13864794
v 0.33320599 -0.01980684 -0.09903426
v 0.33671635 -0.01980684 -0.08438507
v 0.33320160 -0.01980684 0.09903418
v 0.33671635 -0.01980684 0.08436949
v 0.31867782 -0.01980684 0.13864785
v 0.29841826 -0.01980684 0.17826164
v 0.29865671 0.01980684 -0.17826167
v 0.31890343 0.01980684 -0.13864794
v 0.33341587 0.01980684 -0.09903426
v 0.33671635 0.01980684 -0.08526049
v 0.33341147 0.01980684 0.09903418
v 0.33671635 0.01980684 0.08524473
v 0.31889695 0.01980684 0.13864785
v 0.29864792 0.01980684 0.17826164
v 0.31415778 0.05942051 -0.13864794
v 0.32886354 0.05942051 -0.09903426
v 0.33671635 0.05942051 -0.06629870
v 0.32885903 0.05942051 0.09903418
v 0.33671635 0.05942051 0.06628618
v 0.31415118 0.05942051 0.13864785
v 0.30427345 0.09903419 -0.13864794
v 0.31935268 0.09903419 -0.09903426
v 0.33671635 0.06645905 -0.05942058
v 0.32908429 0.09903419 -0.05942058
v 0.33671635 0.08676697 -0.01980685
v 0.33384568 0.09903419 -0.01980685
v 0.33671635 0.08676327 0.01980682
v 0.33384475 0.09903419 0.01980682
v 0.33671635 0.06644759 0.05942050
v 0.32908175 0.09903419 0.05942050
v 0.31934817 0.09903419 0.09903418
v 0.30426686 0.09903419 0.13864785
v 0.30452347 0.13864787 -0.09903426
v 0.31463179 0.13864787 -0.05942058
v 0.31959287 0.13864787 -0.01980685
v 0.31959194 0.13864787 0.01980682
v 0.31462901 0.13864787 0.05942050
v 0.30451896 0.13864787 0.09903418
v 0.29967253 0.17826166 -0.01980685
v 0.29967172 0.17826166 0.01980682
v 0.33769306 -0.05942057 -0.05942058
v 0.34230150 -0.05942057 -0.01980685
v 0.34230069 -0.05942057 0.01980682
v 0.33769029 -0.05942057 0.05942050
v 0.34250270 -0.01980684 -0.05942058
v 0.34705872 -0.01980684 -0.01980685
v 0.34705791 -0.01980684 0.01980682
v 0.34250015 -0.01980684 0.05942050
v 0.34270575 0.01980684 -0.05942058
v 0.34725957 0.01980684 -0.01980685
v 0.34725888 0.01980684 0.01980682
v 0.34270320 0.01980684 0.05942050
v 0.33830915 0.05942051 -0.05942058
v 0.34291111 0.05942051 -0.01980685
v 0.34291030 0.05942051 0.01980682
v 0.33830649 0.05942051 0.05942050
vn -0.97058533 -0.17264890 -0.16779890
vn -0.95802895 -0.23106281 -0.16967767
vn -0.95828000 -0.17461170 -0.22629670
vn -0.98302755 -0.17441973 -0.05687348
vn -0.97046859 -0.23426475 -0.05753911
vn -0.98300709 -0.17457794 0.05674160
vn -0.97047753 -0.23423306 0.05751728
vn -0.97052406 -0.17276015 0.16803860
vn -0.95799962 -0.23108385 0.16981455
vn -0.95827043 -0.17460861 0.22633962
vn -0.98356210 -0.06189266 -0.16963167
vn -0.97129496 -0.06255454 -0.22950606
vn -0.99642728 -0.06218444 -0.05714699
vn -0.99644401 -0.06203187 0.05702092
vn -0.98353498 -0.06173690 0.16984552
vn -0.97127412 -0.06261940 0.22957657
vn -0.98411200 0.05166922 -0.16986428
vn -0.97185518 0.05241976 -0.22967300
vn -0.99702365 0.05191381 -0.05699820
vn -0.99700522 0.05206804 0.05717968
vn -0.98412269 0.05182058 0.16975616
vn -0.97185474 0.05235994 0.22968848
vn -0.97216255 0.16311524 -0.16820643
vn -0.95993145 0.16477257 -0.22667512
vn -0.98468609 0.16484999 -0.05672548
vn -0.98469841 0.16470642 0.05692835
vn -0.97220479 0.16301584 0.16805859
vn -0.95990238 0.16485855 0.22673571
vn -0.96022658 0.22154096 -0.16995445
vn -0.97276178 0.22456867 -0.05747556
vn -0.97275031 0.22459223 0.05757753
vn -0.96022199 0.22153790 0.16998437
vn -0.86569046 -0.49747641 -0.05565285
vn -0.82874990 -0.55686672 -0.05543511
vn -0.85440035 -0.50701547 -0.11373370
vn -0.86565492 -0.49757609 0.05531360
vn -0.82821604 -0.55751018 0.05692618
vn -0.84555294 -0.52151288 0.11430020
vn -0.87628552 -0.39315050 -0.27848945
vn -0.84383386 -0.45627785 -0.28240917
vn -0.85009274 -0.40071306 -0.34171826
vn -0.90075918 -0.39944141 -0.17052702
vn -0.86603681 -0.46913184 -0.17290330
vn -0.91342079 -0.40298808 -0.05712334
vn -0.91320902 -0.40354851 0.05654981
vn -0.86600278 -0.46916570 0.17298189
vn -0.90020191 -0.40097137 0.16987784
vn -0.87564246 -0.39390609 0.27944280
vn -0.84333704 -0.45651424 0.28350906
vn -0.84928237 -0.40224564 0.34193259
vn -0.87657779 -0.28316506 -0.38913869
vn -0.84943368 -0.34649028 -0.39800366
vn -0.84370765 -0.28805239 -0.45297154
vn -0.91356987 -0.28991526 -0.28520033
vn -0.94063237 -0.29271831 -0.17183347
vn -0.95430044 -0.29321016 -0.05777947
vn -0.95448568 -0.29271046 0.05725103
vn -0.94114054 -0.29122664 0.17158532
vn -0.91358657 -0.28988277 0.28517987
vn -0.85009464 -0.34633560 0.39672504
vn -0.87591085 -0.28395411 0.39006442
vn -0.84413614 -0.28707552 0.45279336
vn -0.90158914 -0.17551775 -0.39538658
vn -0.86676559 -0.17817457 -0.46580170
vn -0.94116699 -0.17680599 -0.28800059
vn -0.94168739 -0.17649352 0.28648717
vn -0.90096212 -0.17483480 0.39711465
vn -0.86684259 -0.17795967 0.46574057
vn -0.86660864 -0.06027775 -0.49533428
vn -0.84639740 -0.11925284 -0.51902813
vn -0.82846697 -0.06192388 -0.55660391
vn -0.91492221 -0.06214873 -0.39881685
vn -0.95540831 -0.06281573 -0.28852928
vn -0.95561153 -0.06231861 0.28796354
vn -0.91469258 -0.06156074 0.39943429
vn -0.85497460 -0.11877239 0.50488767
vn -0.86661082 -0.06064440 0.49528571
vn -0.82892165 -0.06064612 0.55606740
vn -0.86717433 0.05074604 -0.49541248
vn -0.82933105 0.05079004 -0.55644440
vn -0.91531640 0.05143423 -0.39943761
vn -0.95619936 0.05211505 -0.28803958
vn -0.95600531 0.05262396 0.28859067
vn -0.91549624 0.05207388 0.39894230
vn -0.86710921 0.05046474 0.49555516
vn -0.82892054 0.05187393 0.55695586
vn -0.85622262 0.10877110 -0.50502641
vn -0.86843167 0.16777596 -0.46655938
vn -0.90269405 0.16485263 -0.39745070
vn -0.94347988 0.16638820 -0.28663684
vn -0.94295977 0.16672789 0.28814699
vn -0.90326702 0.16552570 0.39586605
vn -0.86829213 0.16805298 0.46671938
vn -0.84724721 0.10920823 0.51985164
vn -0.87853967 0.27455169 -0.39088287
vn -0.84654569 0.27773747 -0.45411705
vn -0.91665720 0.27989682 -0.28530221
vn -0.94416362 0.28124807 -0.17162340
vn -0.95750585 0.28268459 -0.05720108
vn -0.95732291 0.28318109 0.05780418
vn -0.94366107 0.28272446 0.17196122
vn -0.91661670 0.27995373 0.28537648
vn -0.87915186 0.27376991 0.39005390
vn -0.84612039 0.27865659 0.45434655
vn -0.85311520 0.33736725 -0.39796707
vn -0.85284469 0.39350639 -0.34323266
vn -0.87926981 0.38532334 -0.28001879
vn -0.90414447 0.39186024 -0.17020087
vn -0.91748740 0.39372381 -0.05655470
vn -0.91768476 0.39316997 0.05720181
vn -0.90463777 0.39041426 0.17090119
vn -0.87987877 0.38457353 0.27913536
vn -0.85344393 0.39228341 0.34314310
vn -0.85237779 0.33750413 0.39942842
vn -0.84735313 0.44858505 -0.28419031
vn -0.87008821 0.46125795 -0.17374581
vn -0.85048146 0.51336858 -0.11460360
vn -0.87018855 0.48956479 -0.05566150
vn -0.87020889 0.48949678 0.05594098
vn -0.85894651 0.49916452 0.11421763
vn -0.87030393 0.46102661 0.17327877
vn -0.84774127 0.44838321 0.28335003
vn -0.83276052 0.55067241 -0.05718223
vn -0.83305643 0.55030788 0.05637578
vn -0.77629673 -0.60728999 -0.16900371
vn -0.72513846 -0.66681650 -0.17184287
vn -0.74309042 -0.62847022 -0.22987344
vn -0.78860911 -0.61228101 -0.05663602
vn -0.73481965 -0.67579314 -0.05782482
vn -0.78862401 -0.61225387 0.05672185
vn -0.73482211 -0.67578542 0.05788388
vn -0.77625244 -0.60746386 0.16858174
vn -0.72533785 -0.66669811 0.17146030
vn -0.73815295 -0.63395745 0.23071231
vn -0.77228480 -0.50182679 -0.38954597
vn -0.72596925 -0.56374153 -0.39390879
vn -0.73064681 -0.51067983 -0.45316813
vn -0.80662611 -0.51750373 -0.28555948
vn -0.75560933 -0.58745288 -0.28974756
vn -0.83168039 -0.52745592 -0.17348768
vn -0.83164636 -0.52754218 0.17338852
vn -0.75482704 -0.58779351 0.29109266
vn -0.80674177 -0.51722965 0.28572925
vn -0.77226171 -0.50178625 0.38964396
vn -0.72561815 -0.56398419 0.39420824
vn -0.72992483 -0.51129436 0.45363843
vn -0.77206343 -0.39342186 -0.49913656
vn -0.73134486 -0.45662335 -0.50658643
vn -0.72589969 -0.39649739 -0.56201375
vn -0.81907837 -0.40766603 -0.40363230
vn -0.81906030 -0.40788755 0.40344514
vn -0.72936481 -0.45710130 0.50900430
vn -0.77203273 -0.39335590 0.49923601
vn -0.72474715 -0.39806684 0.56239164
vn -0.80682967 -0.29027547 -0.51455422
vn -0.75427042 -0.29565694 -0.58622787
vn -0.80667291 -0.29015597 0.51486730
vn -0.75506893 -0.29425682 0.58590429
vn -0.77456105 -0.17290768 -0.60840621
vn -0.74232073 -0.23429383 -0.62774703
vn -0.72111336 -0.17441587 -0.67050327
vn -0.83233125 -0.17830664 -0.52481562
vn -0.83232563 -0.17858913 0.52472847
vn -0.73961660 -0.23454107 0.63083894
vn -0.77453589 -0.17333145 0.60831765
vn -0.72042968 -0.17577703 0.67088264
vn -0.78715595 -0.06161812 -0.61366824
vn -0.73028500 -0.06249576 -0.68027795
vn -0.78707121 -0.06158373 0.61378039
vn -0.73026780 -0.06249745 0.68029627
vn -0.78761811 0.05156201 -0.61400251
vn -0.73071162 0.05231512 -0.68067883
vn -0.78766670 0.05159369 0.61393750
vn -0.73068906 0.05231204 0.68070328
vn -0.77612035 0.16362225 -0.60898683
vn -0.72167605 0.16599222 -0.67203443
vn -0.83405437 0.16840419 -0.52535068
vn -0.83401453 0.16808416 0.52551639
vn -0.77609933 0.16327646 0.60910641
vn -0.72187583 0.16557359 0.67192312
vn -0.74150308 0.22481760 -0.63216314
vn -0.75746423 0.28424842 -0.58775061
vn -0.80933202 0.28050129 -0.51604333
vn -0.80944985 0.28060563 0.51580172
vn -0.75652097 0.28581969 0.58820330
vn -0.73718277 0.22512586 0.63708705
vn -0.77551729 0.38441879 -0.50079449
vn -0.72825049 0.38860982 -0.56447643
vn -0.82313624 0.39861015 -0.40442141
vn -0.82312517 0.39835063 0.40469954
vn -0.77551185 0.38447010 0.50076352
vn -0.72778700 0.38906222 0.56476249
vn -0.73283335 0.44912586 -0.51111765
vn -0.73535150 0.50184864 -0.45541862
vn -0.77668791 0.49408575 -0.39068551
vn -0.81151991 0.50924510 -0.28653947
vn -0.83703810 0.51883396 -0.17371971
vn -0.83705289 0.51864935 0.17419904
vn -0.81139721 0.50946817 0.28649040
vn -0.77667524 0.49413923 0.39064306
vn -0.73328007 0.50438254 0.45595898
vn -0.73276541 0.44913083 0.51121067
vn -0.73022474 0.55744484 -0.39500263
vn -0.75938660 0.58122815 -0.29241379
vn -0.74922046 0.62053379 -0.23153081
vn -0.78158239 0.60035276 -0.16942707
vn -0.79366352 0.60567184 -0.05709500
vn -0.79359611 0.60576291 0.05706594
vn -0.78159394 0.60025857 0.16970731
vn -0.74697378 0.62314697 0.23177150
vn -0.76043681 0.58071680 0.29069548
vn -0.72969262 0.55742030 0.39601930
vn -0.73002301 0.66138095 -0.17216748
vn -0.73977898 0.67035802 -0.05785481
vn -0.73976295 0.67037190 0.05789900
vn -0.72980139 0.66147144 0.17275841
vn -0.68273980 -0.70979733 -0.17336123
vn -0.63151998 -0.75548681 -0.17441960
vn -0.64731476 -0.72522843 -0.23457904
vn -0.69290801 -0.71864965 -0.05849069
vn -0.64017388 -0.76594503 -0.05920821
vn -0.69278871 -0.71874976 0.05867349
vn -0.64014612 -0.76594379 0.05952366
vn -0.68278292 -0.70957797 0.17408789
vn -0.63120963 -0.75565773 0.17480215
vn -0.64309634 -0.72918674 0.23390980
vn -0.68038770 -0.61703015 -0.39540658
vn -0.62135191 -0.67475215 -0.39828549
vn -0.62834271 -0.62709570 -0.46036553
vn -0.71034189 -0.64085373 -0.29106856
vn -0.64791857 -0.70366179 -0.29165323
vn -0.70997350 -0.64166005 0.29018959
vn -0.64737980 -0.70388140 0.29231894
vn -0.68050154 -0.61591552 0.39694549
vn -0.62234812 -0.67465748 0.39688803
vn -0.63030639 -0.62514678 0.46033178
vn -0.68781309 -0.51475805 -0.51179811
vn -0.63080832 -0.57901031 -0.51655389
vn -0.62976939 -0.51953270 -0.57747406
vn -0.68778846 -0.51455382 0.51203652
vn -0.63133809 -0.57886503 0.51606928
vn -0.63110619 -0.51807027 0.57732848
vn -0.67807053 -0.39766883 -0.61812609
vn -0.62687584 -0.46261742 -0.62690654
vn -0.61753805 -0.39819023 -0.67830031
vn -0.67828492 -0.39952174 0.61669437
vn -0.62735114 -0.46212396 0.62679501
vn -0.61696623 -0.39919233 0.67823164
vn -0.70795213 -0.29565638 -0.64139776
vn -0.64132330 -0.29570218 -0.70800046
vn -0.70760789 -0.29385132 0.64260601
vn -0.64256015 -0.29380305 0.70766957
vn -0.67046274 -0.17440723 -0.72115312
vn -0.62263658 -0.23428611 -0.74661484
vn -0.60825194 -0.17333211 -0.77458735
vn -0.67080413 -0.17578402 0.72050107
vn -0.63578148 -0.23452840 0.73537633
vn -0.60835333 -0.17290323 0.77460358
vn -0.68023789 -0.06249883 -0.73032206
vn -0.61371685 -0.06158538 -0.78712062
vn -0.68021817 -0.06249487 0.73034076
vn -0.61361078 -0.06161420 0.78720105
vn -0.68064359 0.05231114 -0.73074472
vn -0.61387206 0.05159451 -0.78771765
vn -0.68062035 0.05231585 0.73076603
vn -0.61394547 0.05155853 0.78766279
vn -0.67200217 0.16599856 -0.72170462
vn -0.60904030 0.16327879 -0.77615072
vn -0.67197703 0.16598701 0.72173069
vn -0.60893627 0.16361643 0.77616125
vn -0.63755830 0.22487240 -0.73685264
vn -0.70989207 0.28383335 -0.64458659
vn -0.64458328 0.28378626 -0.70991390
vn -0.70986263 0.28378164 0.64464178
vn -0.64372490 0.28484165 0.71027001
vn -0.63087348 0.22422012 0.74278126
vn -0.68102115 0.39023619 -0.61961755
vn -0.61915533 0.39066575 -0.68119523
vn -0.68114684 0.39065139 0.61921763
vn -0.62033471 0.38911852 0.68100780
vn -0.62967196 0.45403164 -0.63037172
vn -0.69136514 0.50654922 -0.51519136
vn -0.63366369 0.51129012 -0.58056244
vn -0.69141069 0.50704037 0.51464679
vn -0.63410455 0.51090878 0.58041677
vn -0.63079341 0.45430642 0.62905115
vn -0.63439200 0.57192612 -0.52004549
vn -0.68505256 0.61062827 -0.39728592
vn -0.63306528 0.62005105 -0.46342750
vn -0.71546346 0.63411534 -0.29327423
vn -0.71506304 0.63558914 0.29105207
vn -0.68511370 0.60977682 0.39848646
vn -0.63375880 0.61963285 0.46303879
vn -0.63520057 0.57194799 0.51903346
vn -0.62690150 0.66956455 -0.39834385
vn -0.65142803 0.69905522 -0.29489545
vn -0.68733513 0.70510618 -0.17434360
vn -0.64482412 0.72706416 -0.23575317
vn -0.69755575 0.71412978 -0.05860571
vn -0.69766547 0.71402839 0.05853513
vn -0.68760372 0.70469909 0.17492949
vn -0.64786186 0.72449894 0.23532170
vn -0.65291440 0.69857968 0.29272720
vn -0.62615363 0.66955845 0.39952862
vn -0.63503934 0.75221135 -0.17579284
vn -0.64464576 0.76217737 -0.05930847
vn -0.64435439 0.76240752 0.05951643
vn -0.63432738 0.75265585 0.17645949
vn -0.61959508 -0.78236099 -0.06334994
vn -0.61401215 -0.78622460 -0.06956980
vn -0.58415568 -0.80129883 -0.12916012
vn -0.61915003 -0.78269964 0.06351787
vn -0.61338113 -0.78664283 0.07040347
vn -0.58292363 -0.80207560 0.12990293
vn -0.57347316 -0.71389785 -0.40184374
vn -0.51748485 -0.75392805 -0.40472451
vn -0.51833023 -0.71933991 -0.46247580
vn -0.59988836 -0.74289711 -0.29704854
vn -0.54137697 -0.78532367 -0.30029603
vn -0.55967737 -0.80785569 -0.18474421
vn -0.55967422 -0.80788475 0.18462664
vn -0.59914945 -0.74393821 0.29593221
vn -0.54116637 -0.78537901 0.30053080
vn -0.57276462 -0.71503267 0.40083535
vn -0.51766648 -0.75428683 0.40382274
vn -0.51762788 -0.72017027 0.46196988
vn -0.57921698 -0.62975701 -0.51760390
vn -0.51585790 -0.68394486 -0.51585855
vn -0.51735137 -0.62992776 -0.57925692
vn -0.57926406 -0.62949685 0.51786762
vn -0.51593600 -0.68407636 0.51560603
vn -0.51853810 -0.62887754 0.57933692
vn -0.57718810 -0.51892887 -0.63052893
vn -0.51652720 -0.57900313 -0.63083676
vn -0.51177606 -0.51475946 -0.68782844
vn -0.57741842 -0.51878777 0.63043416
vn -0.51665012 -0.57878556 0.63093575
vn -0.51217291 -0.51435925 0.68783244
vn -0.56224331 -0.39687444 -0.72551577
vn -0.50657312 -0.45661573 -0.73135884
vn -0.49916944 -0.39334358 -0.77208205
vn -0.56207936 -0.39753567 0.72528076
vn -0.50851004 -0.45708190 0.72972164
vn -0.49907997 -0.39342828 0.77209674
vn -0.58583785 -0.29425295 -0.75512199
vn -0.51479485 -0.29015176 -0.80672066
vn -0.58616622 -0.29565508 0.75431905
vn -0.51449784 -0.29027283 0.80686656
vn -0.52464870 -0.17858896 -0.83237595
vn -0.52476051 -0.17830441 0.83236647
vn -0.55599867 -0.06064945 -0.82896751
vn -0.50480633 -0.11877427 -0.85502236
vn -0.49521535 -0.06064697 -0.86665085
vn -0.51895906 -0.11924730 0.84644053
vn -0.55653154 -0.06192095 0.82851581
vn -0.49529452 -0.06030162 0.86662971
vn -0.55688016 0.05187595 -0.82897127
vn -0.49547682 0.05046501 -0.86715397
vn -0.55638722 0.05078224 0.82936989
vn -0.49539342 0.05077206 0.86718369
vn -0.51978069 0.10920890 -0.84729065
vn -0.52544085 0.16808377 -0.83406220
vn -0.52529303 0.16839599 0.83409233
vn -0.50497089 0.10876725 0.85625585
vn -0.58814156 0.28582594 -0.75656661
vn -0.51572977 0.28060697 -0.80949523
vn -0.58769344 0.28424011 0.75751170
vn -0.51598945 0.28048827 0.80937088
vn -0.56472518 0.38941124 -0.72762927
vn -0.50069574 0.38447453 -0.77555342
vn -0.56442370 0.38858847 0.72830275
vn -0.50074820 0.38439528 0.77555884
vn -0.51150560 0.44910313 -0.73257655
vn -0.58035377 0.51065629 -0.63436556
vn -0.51458048 0.50706374 -0.69144291
vn -0.58052711 0.51124528 0.63373223
vn -0.51486315 0.50674283 0.69146774
vn -0.51021025 0.44861868 0.73377570
vn -0.51928394 0.57196953 -0.63497641
vn -0.58307558 0.62249671 -0.52203516
vn -0.52110892 0.62325303 -0.58309618
vn -0.58310833 0.62317747 0.52118569
vn -0.52167956 0.62286628 0.58299918
vn -0.52049552 0.57211151 0.63385552
vn -0.51912853 0.67859858 -0.51962442
vn -0.57707068 0.71119354 -0.40148870
vn -0.51999505 0.71642411 -0.46512541
vn -0.60436975 0.73868987 -0.29845347
vn -0.60431410 0.73938572 0.29683872
vn -0.57759808 0.70966332 0.40343331
vn -0.52210917 0.71456152 0.46562199
vn -0.52013936 0.67846323 0.51878965
vn -0.52084290 0.75126196 -0.40537407
vn -0.54461728 0.78234255 -0.30221210
vn -0.60708122 0.77295211 -0.18438392
vn -0.56086412 0.78904782 -0.25066906
vn -0.62157609 0.78077807 -0.06347259
vn -0.62211898 0.78034508 0.06347860
vn -0.60858322 0.77126614 0.18648058
vn -0.56520414 0.78573219 0.25133485
vn -0.54545266 0.78213800 0.30123339
vn -0.52036616 0.75109184 0.40630051
vn -0.59205658 0.78038066 -0.20118407
vn -0.61877782 0.78277730 -0.06613399
vn -0.61566949 0.78491757 0.06968135
vn -0.58975979 0.78268334 0.19897280
vn -0.51692950 -0.79161387 -0.32577810
vn -0.49196655 -0.79302087 -0.35928654
vn -0.45203479 -0.80204994 -0.39035939
vn -0.54589212 -0.81391907 -0.19884049
vn -0.55207287 -0.79944326 -0.23686710
vn -0.59702186 -0.79755159 -0.08646596
vn -0.59919233 -0.79616217 0.08422799
vn -0.54297178 -0.81554296 0.20017823
vn -0.55127443 -0.79858803 0.24156504
vn -0.51268732 -0.79720129 0.31878178
vn -0.49375740 -0.79433632 0.35388337
vn -0.44958912 -0.80375570 0.38967474
vn -0.46247198 -0.71901086 -0.51878998
vn -0.40409452 -0.75377664 -0.51819725
vn -0.40139299 -0.71430471 -0.57328217
vn -0.42770591 -0.79652385 -0.42733758
vn -0.42672042 -0.79710500 0.42723915
vn -0.46174891 -0.72120119 0.51638821
vn -0.40430294 -0.75443555 0.51707460
vn -0.40053181 -0.71503950 0.57296840
vn -0.46001846 -0.62637414 -0.62931587
vn -0.39822139 -0.67467599 -0.62147569
vn -0.39658913 -0.61614169 -0.68050457
vn -0.46039783 -0.62628592 0.62912621
vn -0.39654969 -0.67470260 0.62251485
vn -0.39555386 -0.61677715 0.68053148
vn -0.45352362 -0.51134590 -0.72996006
vn -0.39397878 -0.56373633 -0.72593531
vn -0.38957797 -0.50174763 -0.77232009
vn -0.45302812 -0.50927797 0.73171133
vn -0.39321720 -0.56391657 0.72620819
vn -0.38949323 -0.50185084 0.77229577
vn -0.40336820 -0.40787211 -0.81910588
vn -0.40357796 -0.40766651 0.81910490
vn -0.45271846 -0.28706993 -0.84417821
vn -0.39664954 -0.34632651 -0.85013357
vn -0.38999074 -0.28394823 -0.87594556
vn -0.39794669 -0.34648015 0.84946450
vn -0.45291165 -0.28804952 0.84374078
vn -0.38991425 -0.28402167 0.87595580
vn -0.46566148 -0.17795843 -0.86688533
vn -0.39703914 -0.17483379 -0.90099560
vn -0.46573930 -0.17816805 0.86680047
vn -0.39694831 -0.17483729 0.90103494
vn -0.39935781 -0.06156254 -0.91472586
vn -0.39935535 -0.06156178 0.91472698
vn -0.39886655 0.05207193 -0.91552935
vn -0.39886296 0.05207218 0.91553090
vn -0.46664570 0.16805335 -0.86833166
vn -0.39579116 0.16552511 -0.90329995
vn -0.46649464 0.16777102 0.86846741
vn -0.39587794 0.16551691 0.90326342
vn -0.45427333 0.27865498 -0.84616024
vn -0.38998145 0.27376799 -0.87918460
vn -0.45405750 0.27771987 0.84658340
vn -0.39003138 0.27369899 0.87918393
vn -0.39935242 0.33750222 -0.85241416
vn -0.40462527 0.39834918 -0.82316239
vn -0.40437735 0.39857760 0.82317365
vn -0.39791427 0.33733946 0.85315082
vn -0.45592576 0.50409668 -0.73349727
vn -0.39057999 0.49414032 -0.77670626
vn -0.45538557 0.50178439 0.73541581
vn -0.39065842 0.49402209 0.77674202
vn -0.39568142 0.55740986 -0.72988387
vn -0.46317998 0.61926123 -0.63401880
vn -0.39844483 0.60979172 -0.68512464
vn -0.46345033 0.61992772 0.63316934
vn -0.39658670 0.61120561 0.68494284
vn -0.39434549 0.55699971 0.73091926
vn -0.39872628 0.66957951 -0.62664235
vn -0.46517740 0.71550885 -0.52120732
vn -0.40343661 0.70975714 -0.57748049
vn -0.46534644 0.71618021 0.52013325
vn -0.40211396 0.71047689 0.57751793
vn -0.39889849 0.66952827 0.62658750
vn -0.40629626 0.75131437 -0.52004813
vn -0.42966237 0.79420663 -0.42968136
vn -0.51582411 0.79481012 -0.31969104
vn -0.45264177 0.80113485 -0.39153337
vn -0.51664240 0.79416038 0.31998425
vn -0.45403526 0.80014821 0.39193726
vn -0.43032498 0.79383483 0.42970533
vn -0.40578783 0.75083375 0.52113810
vn -0.49689900 0.79186399 -0.35502507
vn -0.54950349 0.79889445 -0.24456812
vn -0.59972646 0.79607127 -0.08123247
vn -0.60069184 0.79478015 0.08656687
vn -0.55513371 0.79657572 0.23936100
vn -0.49856571 0.79063361 0.35543036
vn -0.95778693 -0.23430576 -0.16656831
vn -0.92739269 -0.32865487 -0.17868626
vn -0.89658457 -0.24647392 -0.36794934
vn -0.95508817 -0.23484431 0.18070622
vn -0.92740432 -0.32637772 0.18275343
vn -0.89364282 -0.23822552 0.38033027
vn -0.93421210 -0.31783465 -0.16195333
vn -0.87485073 -0.30892993 -0.37309316
vn -0.93137243 -0.31804565 0.17717888
vn -0.88828400 -0.26704822 0.37368005
vn -0.68066926 -0.64629339 -0.34495539
vn -0.79320839 -0.42171943 -0.43928712
vn -0.58877267 -0.64998076 -0.48049116
vn -0.74790785 -0.65327570 -0.11774853
vn -0.74374517 -0.65814649 0.11698857
vn -0.75224108 -0.44311807 0.48762664
vn -0.67235290 -0.65245805 0.34962846
vn -0.57434365 -0.66481715 0.47764791
vn -0.39072307 -0.80245645 -0.45099793
vn -0.35547343 -0.79192094 -0.49648754
vn -0.31946519 -0.79591032 -0.51426525
vn -0.42657984 -0.79794577 -0.42580768
vn -0.42263127 -0.80111356 0.42379225
vn -0.38911674 -0.80335265 0.45079118
vn -0.35730601 -0.79544926 0.48948226
vn -0.32478836 -0.79301335 0.51540504
vn -0.30071461 -0.78483814 -0.54184852
vn -0.29598027 -0.74360166 -0.59954336
vn -0.29994638 -0.78586392 0.54078653
vn -0.29686417 -0.74322339 0.59957540
vn -0.29161407 -0.70355016 -0.64805741
vn -0.29018226 -0.64150107 -0.71012016
vn -0.29317321 -0.70406564 0.64679290
vn -0.29175687 -0.64055624 0.71032783
vn -0.29102077 -0.58773772 -0.75489820
vn -0.28565557 -0.51718929 -0.80679373
vn -0.28969488 -0.58748037 0.75560816
vn -0.28550803 -0.51752054 0.80663354
vn -0.34185629 -0.40223076 -0.84932013
vn -0.28343474 -0.45649053 -0.84337485
vn -0.27936812 -0.39389010 -0.87567348
vn -0.28235944 -0.45627174 0.84385381
vn -0.34166054 -0.40070362 0.85012040
vn -0.27929722 -0.39396529 0.87566227
vn -0.28510315 -0.28987654 -0.91361249
vn -0.28509889 -0.28988243 0.91361195
vn -0.28640839 -0.17649114 -0.94171180
vn -0.28641814 -0.17650933 0.94170542
vn -0.28788138 -0.06232103 -0.95563612
vn -0.28790875 -0.06228595 0.95563016
vn -0.28850837 0.05262222 -0.95603024
vn -0.28847479 0.05265371 0.95603864
vn -0.28806775 0.16672537 -0.94298442
vn -0.28805317 0.16670470 0.94299253
vn -0.28530119 0.27994870 -0.91664167
vn -0.28529976 0.27994405 0.91664354
vn -0.34306964 0.39227640 -0.85347668
vn -0.27906480 0.38456631 -0.87990431
vn -0.34318472 0.39346640 0.85288243
vn -0.27913812 0.38447180 0.87992235
vn -0.28328064 0.44837386 -0.84776941
vn -0.28642643 0.50945511 -0.81142799
vn -0.28651522 0.50916773 0.81157701
vn -0.28415599 0.44852790 0.84739489
vn -0.29064640 0.58070452 -0.76046494
vn -0.29100660 0.63557929 -0.71509029
vn -0.29344072 0.63380018 0.71567442
vn -0.29240848 0.58112845 0.75946495
vn -0.29384961 0.69894290 -0.65202088
vn -0.29687866 0.73940073 -0.60427612
vn -0.29845894 0.73854033 0.60454978
vn -0.29513628 0.69890775 0.65147719
vn -0.30214547 0.78237675 -0.54460512
vn -0.39198997 0.80062140 -0.45315476
vn -0.32030439 0.79449645 -0.51592682
vn -0.39287935 0.80030644 0.45294085
vn -0.32091276 0.79364940 0.51685165
vn -0.30253938 0.78160725 0.54549063
vn -0.35604012 0.79148838 -0.49677114
vn -0.42786789 0.79720801 -0.42589723
vn -0.66234384 0.67086308 -0.33353167
vn -0.56768582 0.67800074 -0.46695589
vn -0.72611562 0.67890073 -0.10885725
vn -0.72484017 0.67925689 0.11496431
vn -0.66307408 0.67462960 0.32435732
vn -0.57023732 0.67566678 0.46722992
vn -0.43006913 0.79530847 0.42722942
vn -0.35768987 0.78985739 0.49817995
vn -0.74565714 0.47635941 -0.46591539
vn -0.87327403 0.32809992 -0.36019842
vn -0.90505061 0.39249148 -0.16381034
vn -0.90807062 0.38529040 0.16419213
vn -0.81399086 0.38513836 0.43484172
vn -0.72171579 0.39327331 0.56961602
vn -0.93450007 0.31140839 -0.17243677
vn -0.87750355 0.31414810 -0.36235132
vn -0.93595499 0.31122558 0.16470243
vn -0.87604971 0.32456004 0.35664785
vn -0.80598969 0.27635527 0.52345811
vn -0.89933015 0.40084101 -0.17473341
vn -0.89814471 0.40323138 0.17532978
vn -0.72678002 -0.45428141 -0.51518851
vn -0.53735468 -0.65196247 -0.53497186
vn -0.52042023 -0.45691491 -0.72138170
vn -0.85224340 -0.49008918 -0.18301309
vn -0.61456470 -0.76275440 -0.20128575
vn -0.84768141 -0.49132572 0.20008814
vn -0.61309580 -0.75881844 0.21979106
vn -0.71922424 -0.45505031 0.52501972
vn -0.53827387 -0.64542449 0.54193032
vn -0.51835835 -0.45227224 0.72577851
vn -0.80303971 -0.23668922 -0.54690532
vn -0.55611850 -0.23640539 -0.79677142
vn -0.79416525 -0.23763256 0.55931415
vn -0.54840398 -0.23782257 0.80168167
vn -0.79951397 -0.30278947 -0.51874459
vn -0.52654005 -0.30159625 -0.79485551
vn -0.78254623 -0.26639142 0.56272286
vn -0.55313176 -0.26831700 0.78870225
vn -0.48366743 -0.64799545 -0.58836018
vn -0.40696164 -0.41277823 -0.81485971
vn -0.34943559 -0.64597591 -0.67868247
vn -0.47339654 -0.66733066 0.57494826
vn -0.51271978 -0.45022672 0.73103648
vn -0.34463771 -0.65249508 0.67488890
vn -0.24213542 -0.79610571 -0.55460449
vn -0.20047638 -0.81424485 -0.54480688
vn -0.23576119 -0.80209089 0.54869561
vn -0.19842390 -0.81524302 0.54406505
vn -0.23433321 -0.72803390 -0.64424730
vn -0.17479131 -0.75519433 -0.63176698
vn -0.17396767 -0.70933667 -0.68306422
vn -0.18459733 -0.80735046 -0.56045433
vn -0.18458465 -0.80839106 0.55895652
vn -0.23394147 -0.73177914 0.64013333
vn -0.17428243 -0.75594294 0.63101182
vn -0.17263791 -0.71031769 0.68238180
vn -0.23035733 -0.63447361 -0.73782027
vn -0.17185846 -0.66669028 -0.72525081
vn -0.16850998 -0.60736018 -0.77634915
vn -0.23001824 -0.62166277 0.74875030
vn -0.17046864 -0.66662035 0.72564299
vn -0.16895590 -0.60736927 0.77624511
vn -0.17330918 -0.52749973 -0.83168982
vn -0.17344157 -0.52747161 0.83168006
vn -0.17289961 -0.46913597 -0.86603532
vn -0.16980003 -0.40095549 -0.90022366
vn -0.17286373 -0.46912158 0.86605027
vn -0.16980724 -0.40101652 0.90019512
vn -0.17150684 -0.29121918 -0.94115716
vn -0.17148527 -0.29120949 0.94116408
vn -0.22626316 -0.17460710 -0.95828876
vn -0.16973613 -0.23107935 -0.95801460
vn -0.16796338 -0.17276034 -0.97053705
vn -0.16963271 -0.23104805 0.95804047
vn -0.22624286 -0.17460495 0.95829394
vn -0.16790888 -0.17279664 0.97054002
vn -0.22949439 -0.06262062 -0.97129346
vn -0.16976808 -0.06173723 -0.98354833
vn -0.22945265 -0.06255389 0.97130762
vn -0.16975775 -0.06173360 0.98355034
vn -0.22960511 0.05235725 -0.97187459
vn -0.16967926 0.05181881 -0.98413605
vn -0.22962149 0.05241856 0.97186741
vn -0.16967905 0.05182800 0.98413560
vn -0.22665495 0.16485421 -0.95992220
vn -0.16798075 0.16301036 -0.97221916
vn -0.22662804 0.16476303 0.95994421
vn -0.16802404 0.16296368 0.97221950
vn -0.16990629 0.22152837 -0.96023801
vn -0.17188466 0.28271642 -0.94367743
vn -0.17189569 0.28272100 0.94367405
vn -0.16991392 0.22152158 0.96023823
vn -0.17082733 0.39040186 -0.90465707
vn -0.17083116 0.39026613 0.90471491
vn -0.17321039 0.46099923 -0.87033204
vn -0.17413471 0.51861174 -0.83708958
vn -0.17369319 0.51874352 0.83709966
vn -0.17370703 0.46118932 0.87013234
vn -0.23182947 0.62293340 -0.74713390
vn -0.16967335 0.60020587 -0.78164178
vn -0.23154721 0.62035307 0.74936503
vn -0.16942916 0.60016832 0.78172357
vn -0.17260737 0.66136765 -0.72993118
vn -0.23524982 0.72540968 -0.64686809
vn -0.17502626 0.70455701 -0.68772468
vn -0.23596677 0.72660255 0.64526616
vn -0.17422820 0.70481733 0.68766058
vn -0.17195264 0.66095845 0.73045617
vn -0.17603577 0.75228308 -0.63488705
vn -0.25153198 0.78600207 -0.56474101
vn -0.18717601 0.77090518 -0.60882702
vn -0.25186030 0.78771479 0.56220264
vn -0.18555073 0.77117862 0.60897821
vn -0.17653354 0.75162013 0.63553370
vn -0.20318390 0.77958834 -0.59241736
vn -0.24672093 0.79803842 -0.54978493
vn -0.47079067 0.67807429 -0.56442130
vn -0.33688080 0.66859310 -0.66294388
vn -0.47435134 0.67367247 0.56670646
vn -0.33939676 0.66474681 0.66552349
vn -0.24398172 0.79424870 0.55645478
vn -0.19972295 0.78059469 0.59226908
vn -0.51083020 0.47799846 -0.71454180
vn -0.77468732 0.32401722 -0.54302154
vn -0.55124295 0.32240806 -0.76953509
vn -0.58862876 0.40815038 0.69780330
vn -0.44782395 0.38739763 0.80583918
vn -0.78002266 0.31382998 -0.54136438
vn -0.54876415 0.31469095 -0.77448532
vn -0.78516373 0.31330009 0.53419189
vn -0.55324636 0.31273945 0.77208322
vn -0.54500967 0.26716429 0.79472492
vn -0.69545636 0.50888695 -0.50732092
vn -0.51683572 0.50708193 -0.68974543
vn -0.81505547 0.54639165 -0.19271934
vn -0.81774927 0.54558984 0.18335175
vn -0.69955336 0.50749638 0.50306313
vn -0.51665709 0.51099477 0.68698602
vn -0.52646564 0.67654385 -0.51490033
vn -0.58642088 0.78382716 -0.20426828
vn -0.58704712 0.78593535 0.19411674
vn -0.52367878 0.67982301 0.51342109
vn -0.44942563 -0.86866303 -0.20842541
vn -0.19152996 -0.96408395 -0.18400653
vn -0.21699648 -0.87088308 -0.44099341
vn -0.44706986 -0.86548031 0.22599199
vn -0.19092928 -0.96101553 0.19998792
vn -0.21558021 -0.86278335 0.45730741
vn -0.21011500 -0.76506509 -0.60870937
vn -0.19083220 -0.49338033 -0.84862178
vn -0.20916399 -0.75598534 0.62027138
vn -0.19038265 -0.48761684 0.85204710
vn -0.37587290 -0.23789820 -0.89561376
vn -0.17589219 -0.32659441 -0.92865388
vn -0.17386638 -0.23306590 -0.95679191
vn -0.18535118 -0.32916378 0.92590288
vn -0.37080812 -0.24821691 0.89492441
vn -0.17172665 -0.23605999 0.95644427
vn -0.37000143 -0.25917030 -0.89214892
vn -0.17030253 -0.31383341 -0.93408010
vn -0.37367502 -0.31612713 0.87202673
vn -0.16582493 -0.32275375 0.93184339
vn -0.11441813 -0.65399990 -0.74779183
vn -0.11925847 -0.65805666 0.74346408
vn -0.12986040 -0.80074500 -0.58475954
vn -0.07012941 -0.78481367 -0.61575106
vn -0.06327696 -0.78173962 -0.62038632
vn -0.08324185 -0.79383756 -0.60240578
vn -0.08714484 -0.80030165 0.59323102
vn -0.12900151 -0.80230483 0.58280834
vn -0.06973441 -0.78812661 0.61155012
vn -0.06341563 -0.78335730 0.61832823
vn -0.05936043 -0.76552360 -0.64066368
vn -0.05855983 -0.71847438 -0.69308392
vn -0.05920919 -0.76639252 0.63963801
vn -0.05848492 -0.71889380 0.69265520
vn -0.05778822 -0.67564746 -0.73495648
vn -0.05663510 -0.61215546 -0.78870663
vn -0.05780388 -0.67590101 0.73472208
vn -0.05660309 -0.61234161 0.78856442
vn -0.11422149 -0.52146558 -0.84559275
vn -0.05684650 -0.55744280 -0.82826686
vn -0.05523484 -0.49752520 -0.86568920
vn -0.05539392 -0.55688840 0.82873809
vn -0.11370075 -0.50701319 0.85440609
vn -0.05562266 -0.49750342 0.86567689
vn -0.05647225 -0.40353411 -0.91322019
vn -0.05647051 -0.40355370 0.91321164
vn -0.05717371 -0.29270309 -0.95449257
vn -0.05720718 -0.29267296 0.95449980
vn -0.05744135 -0.23422616 -0.97048369
vn -0.05666587 -0.17457303 -0.98301233
vn -0.05750386 -0.23424731 0.97047489
vn -0.05667197 -0.17457436 0.98301174
vn -0.05694512 -0.06203288 -0.99644828
vn -0.05694495 -0.06203233 0.99644832
vn -0.05710401 0.05206556 -0.99700968
vn -0.05710332 0.05206558 0.99700972
vn -0.05685357 0.16470009 -0.98470379
vn -0.05684396 0.16468856 0.98470627
vn -0.05750203 0.22458047 -0.97275749
vn -0.05772923 0.28317000 -0.95733071
vn -0.05769691 0.28318882 0.95732709
vn -0.05743993 0.22454632 0.97276904
vn -0.05712977 0.39315470 -0.91769579
vn -0.05712987 0.39313909 0.91770247
vn -0.11415141 0.49911327 -0.85898510
vn -0.05587576 0.48945824 -0.87023476
vn -0.11457355 0.51326596 0.85054745
vn -0.05563024 0.48947686 0.87024001
vn -0.05630909 0.55025177 -0.83309800
vn -0.05702424 0.60567256 -0.79366806
vn -0.05708268 0.60546168 0.79382474
vn -0.05715457 0.55053697 0.83285197
vn -0.05789822 0.67025873 -0.73986555
vn -0.05861785 0.71378375 -0.69790881
vn -0.05868624 0.71357314 0.69811840
vn -0.05786912 0.67004570 0.74006076
vn -0.05976997 0.76210492 -0.64468880
vn -0.06418942 0.77956047 -0.62302904
vn -0.06401197 0.77893345 0.62383103
vn -0.05950109 0.76124718 0.64572622
vn -0.06670045 0.78122706 -0.62067329
vn -0.08760604 0.79570057 -0.59932111
vn -0.11640660 0.67341579 -0.73004156
vn -0.19835784 0.65348174 0.73049010
vn -0.09759605 0.70625171 0.70120149
vn -0.07174555 0.78160254 0.61963703
vn -0.38183892 0.37921905 -0.84284753
vn -0.16922810 0.38930387 -0.90543048
vn -0.17012818 0.38504215 0.90708266
vn -0.09926453 0.55260308 0.82751217
vn -0.37399107 0.32479323 -0.86870020
vn -0.18034819 0.30968415 -0.93357927
vn -0.37652957 0.31258114 0.87207713
vn -0.18147783 0.30828152 0.93382456
vn -0.19332763 0.40385944 -0.89415993
vn -0.20159030 0.54672807 -0.81268061
vn -0.20211701 0.55072338 0.80984719
vn -0.18558880 0.40179685 0.89672520
vn -0.21301921 0.78654157 -0.57963365
vn -0.42386154 0.88230586 -0.20464056
vn -0.21379271 0.88420020 -0.41531034
vn -0.42505149 0.88381968 0.19543285
vn -0.21494333 0.88793272 0.40666307
vn -0.21375191 0.79090488 0.57339306
vn -0.19186913 0.96403951 -0.18388600
vn -0.19213269 0.96559767 0.17523173
vn 0.19308840 -0.96377595 -0.18399127
vn 0.21868304 -0.87058356 -0.44075162
vn 0.19248389 -0.96070895 0.19997068
vn 0.21725063 -0.86249442 0.45706186
vn 0.21147980 -0.76508934 -0.60820605
vn 0.19283331 -0.49148997 -0.84926611
vn 0.21136295 -0.75526016 0.62040938
vn 0.19194258 -0.48924891 0.85076057
vn 0.18880010 -0.32881463 -0.92532992
vn 0.17553735 -0.23288470 -0.95653090
vn 0.17409631 -0.32631860 0.92908915
vn 0.17304597 -0.23621789 0.95616745
vn 0.16911110 -0.31479906 -0.93397162
vn 0.17089433 -0.32156105 0.93133969
vn 0.12132388 -0.65038051 -0.74985713
vn 0.11374343 -0.66181837 0.74098507
vn 0.07057032 -0.78487448 -0.61562316
vn 0.06388615 -0.78157889 -0.62052638
vn 0.08891845 -0.79593463 -0.59881681
vn 0.08236540 -0.79833417 0.59655553
vn 0.06971763 -0.78813786 0.61153754
vn 0.06310709 -0.78355261 0.61811229
vn 0.05946258 -0.76561465 -0.64054540
vn 0.05865694 -0.71841114 -0.69314125
vn 0.05936942 -0.76630402 0.63972917
vn 0.05863279 -0.71895089 0.69258343
vn 0.05793985 -0.67567231 -0.73492170
vn 0.05672825 -0.61219194 -0.78867163
vn 0.05788644 -0.67587403 0.73474040
vn 0.05673210 -0.61230240 0.78858559
vn 0.05550979 -0.55680920 -0.82878355
vn 0.05572770 -0.49743923 -0.86570701
vn 0.05695373 -0.55756059 0.82818021
vn 0.05534382 -0.49763358 0.86561994
vn 0.05719917 -0.40297399 -0.91342225
vn 0.05720045 -0.40299374 0.91341346
vn 0.05785424 -0.29320300 -0.95429811
vn 0.05782376 -0.29323508 0.95429010
vn 0.05761447 -0.23425513 -0.97046644
vn 0.05694823 -0.17441416 -0.98302421
vn 0.05755346 -0.23421994 0.97047855
vn 0.05694303 -0.17440911 0.98302541
vn 0.05722171 -0.06218526 -0.99642294
vn 0.05722188 -0.06218471 0.99642296
vn 0.05707389 0.05191161 -0.99701944
vn 0.05707458 0.05191231 0.99701936
vn 0.05680015 0.16484197 -0.98468313
vn 0.05681050 0.16484384 0.98468222
vn 0.05755024 0.22455356 -0.97276085
vn 0.05727584 0.28267086 -0.95750544
vn 0.05730632 0.28263462 0.95751431
vn 0.05761195 0.22457088 0.97275320
vn 0.05662649 0.39370518 -0.91749097
vn 0.05662740 0.39368885 0.91749792
vn 0.05572648 0.48951477 -0.87021253
vn 0.05597002 0.48940621 0.87025796
vn 0.05724541 0.55059985 -0.83280416
vn 0.05714088 0.60554977 -0.79375336
vn 0.05708990 0.60553719 0.79376663
vn 0.05639762 0.55016541 0.83314904
vn 0.05787832 0.67019464 -0.73992516
vn 0.05858520 0.71379080 -0.69790434
vn 0.05855582 0.71341809 0.69828780
vn 0.05792255 0.67003743 0.74006407
vn 0.05916627 0.76168689 -0.64523828
vn 0.06310720 0.77962540 -0.62305836
vn 0.06348511 0.77828844 0.62468932
vn 0.05952749 0.76140473 0.64553801
vn 0.06973025 0.78285514 -0.61828433
vn 0.08183898 0.79072526 -0.60667615
vn 0.10416348 0.67402034 -0.73133203
vn 0.09070140 0.70565228 0.70272905
vn 0.06982844 0.78095666 0.62066954
vn 0.15108302 0.38683434 -0.90968847
vn 0.15194361 0.38230198 0.91145945
vn 0.11487555 0.55917484 0.82105244
vn 0.15904661 0.30932286 -0.93756255
vn 0.15920341 0.30830049 0.93787264
vn 0.16063976 0.40173113 -0.90155808
vn 0.17520707 0.54900014 -0.81725231
vn 0.17595731 0.55040796 0.81614343
vn 0.16939460 0.40375220 0.89904929
vn 0.18609417 0.79128636 -0.58243871
vn 0.18696435 0.88885879 -0.41829939
vn 0.18800142 0.89268504 0.40959599
vn 0.18598543 0.79630312 0.57559600
vn 0.16777039 0.96836058 -0.18474543
vn 0.16801501 0.96993395 0.17606559
vn 0.45109134 -0.86783787 -0.20826433
vn 0.44873200 -0.86467308 0.22578765
vn 0.54253408 -0.65128149 -0.53055556
vn 0.52336849 -0.45464109 -0.72068503
vn 0.61607110 -0.76143231 -0.20168599
vn 0.61396478 -0.75824521 0.21934322
vn 0.53514450 -0.64476063 0.54580591
vn 0.51786336 -0.45411385 0.72498149
vn 0.37877275 -0.24605918 -0.89218052
vn 0.55619541 -0.23708965 -0.79651438
vn 0.37007456 -0.23811202 0.89796853
vn 0.55077916 -0.23738312 0.80018221
vn 0.38318706 -0.30718902 -0.87109275
vn 0.53387746 -0.29388893 -0.79284561
vn 0.36448103 -0.26997343 0.89121710
vn 0.55421444 -0.26879728 0.78777813
vn 0.47742588 -0.42009504 -0.77174133
vn 0.34880785 -0.64448366 -0.68042186
vn 0.48051359 -0.44822525 0.75379096
vn 0.34597724 -0.65535432 0.67142420
vn 0.12983732 -0.80061593 -0.58494137
vn 0.19957628 -0.81343755 -0.54634115
vn 0.23886547 -0.79867626 -0.55232194
vn 0.23952522 -0.79977341 0.55044542
vn 0.12932469 -0.80278101 0.58208055
vn 0.19951673 -0.81612165 0.54234540
vn 0.17468087 -0.75524653 -0.63173513
vn 0.17278530 -0.70994732 -0.68272984
vn 0.18524277 -0.80759725 -0.55988552
vn 0.18425378 -0.80816740 0.55938896
vn 0.17463758 -0.75589963 0.63096550
vn 0.17400536 -0.70973814 0.68263746
vn 0.17052046 -0.66631749 -0.72590893
vn 0.16909904 -0.60721579 -0.77633401
vn 0.17143386 -0.66675667 0.72529027
vn 0.16858284 -0.60750460 0.77622032
vn 0.11380944 -0.50698731 -0.85440698
vn 0.17356845 -0.52741832 -0.83168739
vn 0.11433321 -0.52155017 0.84552548
vn 0.17340928 -0.52753842 0.83164441
vn 0.17298216 -0.46910037 -0.86603811
vn 0.17060101 -0.39942284 -0.90075340
vn 0.17299963 -0.46913527 0.86601572
vn 0.17058508 -0.39938974 0.90077109
vn 0.17190593 -0.29271042 -0.94062158
vn 0.17192357 -0.29272618 0.94061345
vn 0.16974529 -0.23104971 -0.95802013
vn 0.16786368 -0.17264253 -0.97057526
vn 0.16983871 -0.23106131 0.95800077
vn 0.16790427 -0.17258807 0.97057793
vn 0.16969940 -0.06189279 -0.98355040
vn 0.16970154 -0.06189756 0.98354973
vn 0.16993203 0.05166657 -0.98410044
vn 0.16992380 0.05165900 0.98410226
vn 0.16827511 0.16310737 -0.97215198
vn 0.16822420 0.16314360 0.97215471
vn 0.17002338 0.22152653 -0.96021771
vn 0.17169636 0.28123409 -0.94415451
vn 0.17168175 0.28121214 0.94416371
vn 0.17000763 0.22151017 0.96022427
vn 0.17027025 0.39183246 -0.90414344
vn 0.17026537 0.39192916 0.90410245
vn 0.17381063 0.46120685 -0.87010235
vn 0.11466969 0.51330344 -0.85051187
vn 0.17378786 0.51876785 -0.83706493
vn 0.11424709 0.49905907 0.85900387
vn 0.17422958 0.51854248 0.83711275
vn 0.17330852 0.46094668 0.87034034
vn 0.16949120 0.60020822 -0.78167949
vn 0.16975389 0.60002973 0.78175951
vn 0.17222215 0.66116784 -0.73020313
vn 0.17440920 0.70469435 -0.68774073
vn 0.17494046 0.70415905 0.68815395
vn 0.17268599 0.66105177 0.73019868
vn 0.17585143 0.75156811 -0.63578428
vn 0.18452517 0.77151505 -0.60886368
vn 0.18692429 0.76928686 0.61094765
vn 0.17663049 0.75160422 0.63552558
vn 0.19851029 0.78051548 -0.59278094
vn 0.22973588 0.79061099 -0.56758760
vn 0.31691013 0.67516426 -0.66612401
vn 0.19400697 0.71405749 0.67266871
vn 0.33361933 0.66027425 0.67285664
vn 0.24201655 0.79150627 0.56120034
vn 0.20031926 0.77904886 0.59410022
vn 0.43381716 0.38477229 -0.81471035
vn 0.43677845 0.37659868 0.81694432
vn 0.52698318 0.26436812 -0.80771172
vn 0.35168452 0.31104364 -0.88293253
vn 0.53355991 0.30916635 -0.78722931
vn 0.35777024 0.32285052 0.87622371
vn 0.53202441 0.31380296 0.78643355
vn 0.47028446 0.24860645 0.84677468
vn 0.49745313 0.51144798 -0.70068634
vn 0.50149579 0.51075929 0.69830288
vn 0.50495244 0.68564141 -0.52432708
vn 0.56814309 0.79699559 -0.20496699
vn 0.39974029 0.89306710 -0.20649177
vn 0.56929296 0.79853967 0.19555028
vn 0.40087199 0.89465143 0.19723200
vn 0.51115742 0.68905072 0.51373846
vn 0.72714146 -0.45593767 -0.51321160
vn 0.85164405 -0.49126715 -0.18264445
vn 0.84903785 -0.48894204 0.20017596
vn 0.71970958 -0.45259240 0.52647720
vn 0.80281250 -0.23613318 -0.54747897
vn 0.89994979 -0.23767378 -0.36551547
vn 0.93030746 -0.32646491 -0.16717864
vn 0.92379158 -0.32925148 0.19545482
vn 0.79523296 -0.23821396 0.55754699
vn 0.89055741 -0.24775376 0.38147814
vn 0.79159056 -0.26078133 -0.55260970
vn 0.89509763 -0.26212055 -0.36068413
vn 0.78286700 -0.26753813 0.56173180
vn 0.86833132 -0.31440638 0.38360052
vn 0.48192510 -0.65751802 -0.57915305
vn 0.58624274 -0.65383319 -0.47835301
vn 0.76444655 -0.43502247 -0.47579084
vn 0.72666314 -0.44777368 0.52101767
vn 0.47328900 -0.66586341 0.57673515
vn 0.57321454 -0.66632534 0.47690212
vn 0.36034959 -0.79287000 -0.49143192
vn 0.32650035 -0.79129715 -0.51695874
vn 0.42708739 -0.79821686 -0.42478960
vn 0.42205669 -0.80137282 0.42387470
vn 0.35274518 -0.79486790 0.49371637
vn 0.31825834 -0.79750374 0.51254211
vn 0.23427177 -0.73132287 -0.64053384
vn 0.29724164 -0.74278021 -0.59993747
vn 0.30064895 -0.78518190 -0.54138672
vn 0.30022612 -0.78553580 0.54110792
vn 0.23380063 -0.72929392 0.64301450
vn 0.29583438 -0.74401648 0.59910058
vn 0.23017682 -0.62151337 -0.74882559
vn 0.29203593 -0.64029333 -0.71045019
vn 0.29351957 -0.70390017 -0.64681591
vn 0.29226866 -0.70391044 0.64737093
vn 0.23070128 -0.63396379 0.73815096
vn 0.29018659 -0.64166492 0.70997034
vn 0.28983850 -0.58740013 -0.75561546
vn 0.28563431 -0.51746662 -0.80662342
vn 0.29109527 -0.58777942 0.75483700
vn 0.28574179 -0.51721992 0.80674357
vn 0.28247461 -0.45624232 -0.84383117
vn 0.27855625 -0.39312717 -0.87627475
vn 0.28352445 -0.45648985 0.84334507
vn 0.27861097 -0.39307624 0.87628020
vn 0.28527262 -0.28991069 -0.91354875
vn 0.28526972 -0.28991619 0.91354791
vn 0.22635668 -0.17460729 -0.95826664
vn 0.28806998 -0.17680303 -0.94114631
vn 0.22634935 -0.17459561 0.95827050
vn 0.28804872 -0.17678585 0.94115605
vn 0.22956862 -0.06255456 -0.97128017
vn 0.28859860 -0.06281551 -0.95538739
vn 0.22959094 -0.06262043 0.97127065
vn 0.28856004 -0.06284881 0.95539684
vn 0.22973648 0.05241738 -0.97184030
vn 0.28810883 0.05211258 -0.95617863
vn 0.22970142 0.05235750 0.97185182
vn 0.28813136 0.05208206 0.95617351
vn 0.22673941 0.16476374 -0.95991778
vn 0.28670588 0.16638149 -0.94346009
vn 0.22674857 0.16484337 0.95990195
vn 0.28671192 0.16639607 0.94345568
vn 0.28537407 0.27988426 -0.91663866
vn 0.28537288 0.27987847 0.91664080
vn 0.28008476 0.38528547 -0.87926539
vn 0.28000522 0.38533585 0.87926865
vn 0.28425614 0.44853176 -0.84735926
vn 0.28660772 0.50916953 -0.81154322
vn 0.28652533 0.50935974 0.81145295
vn 0.28337335 0.44830557 0.84777453
vn 0.29248361 0.58112243 -0.75944062
vn 0.23160213 0.62037882 -0.74932675
vn 0.29335967 0.63393539 -0.71558788
vn 0.23188329 0.62280959 0.74722042
vn 0.29115355 0.63531796 0.71526268
vn 0.29074179 0.58056685 0.76053359
vn 0.29499077 0.69878072 -0.65167933
vn 0.23587958 0.72662400 -0.64527388
vn 0.29864031 0.73817045 -0.60491185
vn 0.23554389 0.72369828 0.64867548
vn 0.29734902 0.73854014 0.60509670
vn 0.29290567 0.69824239 0.65319510
vn 0.30256309 0.78147769 -0.54566308
vn 0.25111591 0.78729596 -0.56312155
vn 0.32074588 0.79282186 -0.51822348
vn 0.25247367 0.78380056 0.56737442
vn 0.32155264 0.79186182 0.51919047
vn 0.30198542 0.78109052 0.54653675
vn 0.36015574 0.78550079 -0.50326568
vn 0.49056265 0.67485174 -0.55129250
vn 0.48381212 0.67793670 0.55346875
vn 0.34863726 0.78516928 0.51182152
vn 0.57626618 0.56619905 -0.58935213
vn 0.57764920 0.40145982 -0.71074005
vn 0.70077072 0.39963982 -0.59093859
vn 0.57837016 0.37283984 0.72558832
vn 0.72141394 0.37081268 0.58485885
vn 0.58764206 0.56095976 0.58309601
vn 0.78549352 0.25866823 -0.56221943
vn 0.77505088 0.30964086 -0.55083452
vn 0.86847603 0.32343260 -0.37568703
vn 0.77995162 0.31354813 0.54162998
vn 0.87778300 0.30908431 0.36601080
vn 0.85433479 0.24590496 0.45786769
vn 0.68834729 0.51040904 -0.51542275
vn 0.89509785 0.40447534 -0.18761539
vn 0.81107081 0.55172720 -0.19432250
vn 0.89903536 0.40290496 0.17147308
vn 0.81217269 0.55341538 0.18468064
vn 0.69225638 0.51364419 0.50690310
vn 0.95776148 -0.23457663 -0.16633326
vn 0.95508523 -0.23478221 0.18080244
vn 0.93383581 -0.31755471 -0.16465022
vn 0.93142168 -0.31992301 0.17350191
vn 0.67773178 -0.64896265 -0.34572695
vn 0.74524150 -0.65739240 -0.11158111
vn 0.74562917 -0.65486889 0.12322286
vn 0.67469083 -0.65068078 0.34843479
vn 0.39082097 -0.80193822 -0.45183412
vn 0.45122715 -0.80260687 -0.39014904
vn 0.49644251 -0.79247526 -0.35429904
vn 0.55375155 -0.79733075 -0.24004772
vn 0.59970728 -0.79607273 -0.08135961
vn 0.59497179 -0.79874164 0.08955646
vn 0.54893864 -0.80135213 0.23769968
vn 0.48896714 -0.79530269 0.35833611
vn 0.38911818 -0.80389829 0.44981616
vn 0.45059581 -0.80324246 0.38957024
vn 0.40491920 -0.75387335 -0.51741223
vn 0.40130214 -0.71424573 -0.57341924
vn 0.42756322 -0.79653418 -0.42746110
vn 0.42700129 -0.79711197 0.42694544
vn 0.40366750 -0.75434716 0.51769963
vn 0.40075117 -0.71506689 0.57278080
vn 0.39718801 -0.67464876 -0.62216617
vn 0.39520636 -0.61717188 -0.68037549
vn 0.39684854 -0.67466261 0.62236774
vn 0.39693286 -0.61590766 0.68051602
vn 0.39288436 -0.56355445 -0.72666929
vn 0.38961388 -0.50179500 -0.77227120
vn 0.39420566 -0.56396463 0.72563476
vn 0.38965316 -0.50177310 0.77226561
vn 0.34177512 -0.40068159 -0.85008472
vn 0.40369334 -0.40764508 -0.81905871
vn 0.34193734 -0.40222317 0.84929110
vn 0.40345516 -0.40787179 0.81906321
vn 0.39805722 -0.34646829 -0.84941755
vn 0.38919208 -0.28315524 -0.87655726
vn 0.39672498 -0.34631116 0.85010463
vn 0.38924877 -0.28308798 0.87655382
vn 0.39544719 -0.17551157 -0.90156376
vn 0.39552254 -0.17550650 0.90153169
vn 0.39888643 -0.06214887 -0.91489187
vn 0.39888449 -0.06214645 0.91489288
vn 0.39950644 0.05143055 -0.91528657
vn 0.39950398 0.05143117 0.91528761
vn 0.39751030 0.16484412 -0.90266936
vn 0.39741021 0.16484526 0.90271322
vn 0.39093673 0.27453224 -0.87852178
vn 0.39086826 0.27458412 0.87853603
vn 0.39801854 0.33733207 -0.85310510
vn 0.34329120 0.39346291 -0.85284119
vn 0.40448417 0.39857019 -0.82312475
vn 0.34315506 0.39222064 0.85346797
vn 0.40471700 0.39829824 0.82314194
vn 0.39943379 0.33745925 0.85239304
vn 0.39075481 0.49400096 -0.77670698
vn 0.39067668 0.49403047 0.77672751
vn 0.39507647 0.55732422 -0.73027686
vn 0.39739053 0.61042503 -0.68517301
vn 0.39810879 0.61000810 0.68512736
vn 0.39525614 0.55697339 0.73044728
vn 0.39849058 0.66927233 -0.62712024
vn 0.40179416 0.71062337 -0.57756028
vn 0.40431961 0.70857815 0.57831017
vn 0.40002584 0.66931692 0.62609440
vn 0.40591282 0.75040077 -0.52166413
vn 0.43051600 0.79317139 -0.43073788
vn 0.39311391 0.79915330 -0.45476967
vn 0.45502859 0.79851349 -0.39411316
vn 0.39816142 0.78867847 0.46845891
vn 0.46753869 0.78900534 0.39859521
vn 0.43078241 0.79277960 0.43119256
vn 0.40701886 0.75014236 0.52117376
vn 0.50093931 0.78727750 -0.35951905
vn 0.55141930 0.67162436 -0.49483076
vn 0.56008497 0.79139082 -0.24495999
vn 0.67024407 0.66006446 -0.33924593
vn 0.67384479 0.71147395 -0.19934399
vn 0.66894074 0.66982852 0.32225462
vn 0.73631852 0.64736018 0.19687520
vn 0.57104526 0.78712789 0.23310296
vn 0.51355506 0.78220808 0.35272045
vn 0.54916700 0.67954933 0.48644456
vn 0.81118565 0.37695001 -0.44708671
vn 0.82345712 0.55450637 -0.12017097
vn 0.91089764 0.37858772 -0.16412446
vn 0.83390644 0.54368204 0.09492040
vn 0.91228547 0.37811705 0.15736174
vn 0.81429820 0.37714159 0.44122860
vn 0.93532902 0.30731033 -0.17527119
vn 0.93676230 0.30676008 0.16844777
vn 0.51411036 -0.79622616 -0.31892700
vn 0.54415727 -0.81484514 -0.19980055
vn 0.58389106 -0.80147337 -0.12927361
vn 0.61385973 -0.78635543 -0.06943608
vn 0.61311594 -0.78682120 0.07071947
vn 0.54450489 -0.81477281 0.19914743
vn 0.58356974 -0.80164355 0.12966871
vn 0.51543220 -0.79270680 0.32549282
vn 0.46215307 -0.72082637 -0.51654997
vn 0.51856793 -0.71923731 -0.46236890
vn 0.51822700 -0.75384068 -0.40393689
vn 0.54178408 -0.78500230 -0.30040205
vn 0.56015677 -0.80764351 -0.18421826
vn 0.55916240 -0.80813593 0.18507761
vn 0.54079462 -0.78572588 0.30029322
vn 0.51700455 -0.75437991 0.40449629
vn 0.46187727 -0.72018721 0.51768694
vn 0.51634802 -0.72115834 0.46186078
vn 0.46057350 -0.62614071 -0.62914217
vn 0.51825055 -0.62929996 -0.57913551
vn 0.51624637 -0.68388331 -0.51555145
vn 0.51556943 -0.68405118 0.51600595
vn 0.46030510 -0.62512836 0.63034416
vn 0.51784731 -0.62946987 0.57931152
vn 0.45314976 -0.50921768 -0.73167797
vn 0.51228146 -0.51428774 -0.68780507
vn 0.51739524 -0.57896147 -0.63016330
vn 0.51605223 -0.57883630 0.63137836
vn 0.45362872 -0.51126654 0.72995034
vn 0.51202718 -0.51452491 0.68781704
vn 0.50796233 -0.45665905 -0.73036757
vn 0.49918767 -0.39340469 -0.77203913
vn 0.50899376 -0.45707456 0.72938892
vn 0.49923480 -0.39334512 0.77203901
vn 0.45301542 -0.28804244 -0.84368749
vn 0.51460155 -0.29026321 -0.80680389
vn 0.45278713 -0.28706084 0.84414447
vn 0.51486587 -0.29014302 0.80667847
vn 0.46584461 -0.17816324 -0.86674486
vn 0.52486920 -0.17830190 -0.83229848
vn 0.46573460 -0.17795443 0.86684688
vn 0.52473338 -0.17857729 0.83232508
vn 0.51906607 -0.11924705 -0.84637495
vn 0.49537449 -0.06027302 -0.86658599
vn 0.50489218 -0.11876403 0.85497309
vn 0.49527084 -0.06061330 0.86662150
vn 0.49545677 0.05074023 -0.86714937
vn 0.49555351 0.05042926 0.86711223
vn 0.50506713 0.10876212 -0.85619974
vn 0.46660100 0.16776741 -0.86841097
vn 0.52540145 0.16839070 -0.83402511
vn 0.46671349 0.16803632 0.86829852
vn 0.52552251 0.16807332 0.83401286
vn 0.51986490 0.10920323 0.84723972
vn 0.45415963 0.27771361 -0.84653068
vn 0.51609030 0.28047925 -0.80930971
vn 0.45434305 0.27862990 0.84613106
vn 0.51580237 0.28057929 0.80945857
vn 0.50084369 0.38437931 -0.77550509
vn 0.50077023 0.38442207 0.77553133
vn 0.51116621 0.44905841 -0.73284081
vn 0.45547967 0.50175432 -0.73537804
vn 0.51524951 0.50645246 -0.69139269
vn 0.45600298 0.50383659 0.73362795
vn 0.51417932 0.50747794 0.69143746
vn 0.50892168 0.44851184 0.73473523
vn 0.52012211 0.57179106 -0.63445093
vn 0.46354386 0.61984025 -0.63318651
vn 0.52216288 0.62227312 -0.58319988
vn 0.46311686 0.61997457 0.63336743
vn 0.52083758 0.62343290 0.58314632
vn 0.51968432 0.57197987 0.63463946
vn 0.51983854 0.67826711 -0.51934730
vn 0.46551112 0.71583121 -0.52046621
vn 0.52167114 0.71488047 -0.46562338
vn 0.46604755 0.71375923 0.52282640
vn 0.52249803 0.71393426 0.46614771
vn 0.51964467 0.67818110 0.51965356
vn 0.52083579 0.75037694 -0.40701907
vn 0.54574602 0.78130950 -0.30284772
vn 0.51843528 0.79221694 -0.32189624
vn 0.56713723 0.78391225 -0.25265976
vn 0.51929611 0.79160377 0.32201711
vn 0.56902662 0.78240909 0.25307059
vn 0.54680144 0.78069454 0.30252969
vn 0.52196840 0.74995333 0.40634837
vn 0.59406813 0.77879972 -0.20138037
vn 0.62189000 0.77986187 -0.07119197
vn 0.70550240 0.70229793 -0.09509981
vn 0.62239066 0.77950226 0.07075375
vn 0.70688526 0.70096391 0.09467217
vn 0.59563952 0.77792073 0.20013222
vn 0.61932270 -0.78261589 -0.06286307
vn 0.61923231 -0.78259970 0.06394574
vn 0.57312086 -0.71473630 -0.40085472
vn 0.59948843 -0.74368598 -0.29587967
vn 0.64422262 -0.72809314 -0.23421699
vn 0.63151282 -0.75544573 -0.17462332
vn 0.64023547 -0.76589383 -0.05920464
vn 0.64000042 -0.76607032 0.05946199
vn 0.63121711 -0.75571165 0.17454185
vn 0.59962489 -0.74310570 0.29705876
vn 0.64024849 -0.73161744 0.23413201
vn 0.57295558 -0.71496494 0.40068321
vn 0.57942790 -0.62936621 -0.51784311
vn 0.62988356 -0.62580493 -0.46001619
vn 0.62175609 -0.67459161 -0.39792653
vn 0.64809596 -0.70355651 -0.29151307
vn 0.64681729 -0.70398253 0.29331893
vn 0.62250809 -0.67464494 0.39665840
vn 0.57931919 -0.62884351 0.51859919
vn 0.62912220 -0.62623655 0.46047045
vn 0.57752957 -0.51872478 -0.63038416
vn 0.63104552 -0.51822504 -0.57725589
vn 0.63161864 -0.57880006 -0.51579877
vn 0.63092664 -0.57874731 0.51670410
vn 0.57731481 -0.51803836 0.63114489
vn 0.63042128 -0.51875391 0.57746289
vn 0.56217770 -0.39750883 -0.72521925
vn 0.61796971 -0.39791917 -0.67806620
vn 0.62814162 -0.46241057 -0.62579116
vn 0.62678195 -0.46209274 0.62738719
vn 0.56237550 -0.39805157 0.72476806
vn 0.61667852 -0.39950507 0.67830915
vn 0.58625421 -0.29563979 -0.75425667
vn 0.64197226 -0.29466519 -0.70784465
vn 0.58589184 -0.29424530 0.75508308
vn 0.64259002 -0.29384042 0.70762693
vn 0.63484348 -0.23399639 -0.73635551
vn 0.60844495 -0.17289745 -0.77453290
vn 0.63082737 -0.23452532 0.73963146
vn 0.60831305 -0.17332211 0.77454160
vn 0.55662998 -0.06192027 -0.82844972
vn 0.61370158 -0.06161367 -0.78713031
vn 0.55605292 -0.06063236 0.82893236
vn 0.61376770 -0.06157830 0.78708152
vn 0.55646994 0.05077571 -0.82931479
vn 0.61403548 0.05155379 -0.78759294
vn 0.55695737 0.05186750 0.82891993
vn 0.61392538 0.05158452 0.78767675
vn 0.60902887 0.16360961 -0.77609003
vn 0.60910546 0.16325915 0.77610372
vn 0.63219540 0.22479632 -0.74148202
vn 0.58778184 0.28422756 -0.75744782
vn 0.64461187 0.28381252 -0.70987745
vn 0.58819206 0.28579147 0.75654037
vn 0.64326612 0.28581594 0.71029427
vn 0.62921252 0.22460271 0.74407340
vn 0.56451493 0.38856778 -0.72824307
vn 0.61965059 0.39019250 -0.68101612
vn 0.56472976 0.38819775 0.72827385
vn 0.61997033 0.38944374 0.68115370
vn 0.63041499 0.45395882 -0.62968114
vn 0.58062325 0.51118613 -0.63369187
vn 0.63442674 0.51054740 -0.58038269
vn 0.58038824 0.51151788 0.63363945
vn 0.63302309 0.51203197 0.58060747
vn 0.62988489 0.45445873 0.62985100
vn 0.63506390 0.57182595 -0.51933508
vn 0.58324325 0.62302007 -0.52122289
vn 0.63417683 0.61901790 -0.46328889
vn 0.58315566 0.62311982 0.52120165
vn 0.63281271 0.62033203 0.46339643
vn 0.63466282 0.57197102 0.51966552
vn 0.62689951 0.66923455 -0.39890115
vn 0.57801744 0.70908857 -0.40384309
vn 0.65233277 0.69859164 -0.29399265
vn 0.60493579 0.73873404 -0.29719473
vn 0.64753656 0.72473691 -0.23548422
vn 0.60504179 0.73843379 0.29772465
vn 0.64883453 0.72348001 0.23577624
vn 0.65334650 0.69811136 0.29288031
vn 0.62621962 0.66923947 0.39995939
vn 0.57802052 0.70953623 0.40305162
vn 0.63599409 0.75128115 -0.17631832
vn 0.61132479 0.76875429 -0.18787986
vn 0.64588381 0.76109057 -0.05979337
vn 0.62564116 0.77746246 -0.06422821
vn 0.64634037 0.76073730 0.05935389
vn 0.62537430 0.77772569 0.06363744
vn 0.63615749 0.75100839 0.17688991
vn 0.61092640 0.76937018 0.18665063
vn 0.68295490 -0.70944557 -0.17395282
vn 0.69287146 -0.71868275 -0.05851711
vn 0.69288206 -0.71866166 0.05865033
vn 0.68252774 -0.71013338 0.17281918
vn 0.68063188 -0.61580233 -0.39689763
vn 0.71009060 -0.64155798 -0.29012875
vn 0.73775251 -0.63456075 -0.23033428
vn 0.72513525 -0.66680214 -0.17191212
vn 0.73486965 -0.67574175 -0.05778999
vn 0.73481883 -0.67578592 0.05791963
vn 0.72570980 -0.66651870 0.17058169
vn 0.71034560 -0.64049047 0.29185799
vn 0.74878079 -0.62159024 0.23011499
vn 0.68053011 -0.61672259 0.39564128
vn 0.68788188 -0.51449165 -0.51197350
vn 0.72971275 -0.51168987 -0.45353365
vn 0.72543862 -0.56395267 -0.39458357
vn 0.75490930 -0.58772312 -0.29102145
vn 0.75561197 -0.58742938 0.28978832
vn 0.72620295 -0.56387184 0.39329102
vn 0.68781998 -0.51432895 0.51222007
vn 0.73170158 -0.50924077 0.45308569
vn 0.67836477 -0.39949542 -0.61662359
vn 0.72507299 -0.39763592 -0.56227647
vn 0.72972047 -0.45708896 -0.50850538
vn 0.72970738 -0.45704991 0.50855925
vn 0.67821214 -0.39917773 0.61699711
vn 0.72526062 -0.39751765 0.56211809
vn 0.70768313 -0.29383793 -0.64252927
vn 0.75513499 -0.29424388 -0.58582565
vn 0.70764720 -0.29379264 0.64258955
vn 0.75429963 -0.29563857 0.58619954
vn 0.67088355 -0.17577731 -0.72042876
vn 0.72083095 -0.17518387 -0.67060670
vn 0.74020497 -0.23485660 -0.63003094
vn 0.73535440 -0.23451038 0.63581349
vn 0.67086012 -0.17576764 0.72045293
vn 0.72047859 -0.17577483 0.67083069
vn 0.68029822 -0.06249546 -0.73026615
vn 0.73033960 -0.06249802 -0.68021913
vn 0.68027397 -0.06249822 0.73028850
vn 0.73031671 -0.06249592 0.68024390
vn 0.68070068 0.05231208 -0.73069147
vn 0.73076115 0.05230843 -0.68062616
vn 0.68068122 0.05230970 0.73070977
vn 0.73074260 0.05231374 0.68064566
vn 0.67205872 0.16597832 -0.72165662
vn 0.72172311 0.16598457 -0.67198577
vn 0.67176311 0.16491737 0.72217490
vn 0.72220980 0.16490995 0.67172741
vn 0.73687158 0.22484914 -0.63754462
vn 0.70993423 0.28376471 -0.64457038
vn 0.75658627 0.28579763 -0.58813004
vn 0.71033590 0.28586024 0.64320046
vn 0.75749082 0.28421896 0.58773058
vn 0.74871483 0.22453048 0.62370840
vn 0.68122396 0.39061956 -0.61915286
vn 0.72765718 0.38936197 -0.56472319
vn 0.68097294 0.38878741 0.62058054
vn 0.72893178 0.38751590 0.56434908
vn 0.73261681 0.44902672 -0.51151502
vn 0.69150297 0.50695402 -0.51460787
vn 0.73355821 0.50398219 -0.45595427
vn 0.69149403 0.50711062 0.51446557
vn 0.73458755 0.50289764 0.45549434
vn 0.73478021 0.44850487 0.50886287
vn 0.72997146 0.55725940 -0.39573176
vn 0.68528951 0.60954050 -0.39854569
vn 0.76055960 0.58055538 -0.29069665
vn 0.71527589 0.63533119 -0.29109221
vn 0.74732070 0.62268421 -0.23189684
vn 0.71577515 0.63410731 0.29253009
vn 0.74438889 0.62641474 0.23127854
vn 0.75952122 0.58101902 0.29247976
vn 0.73039882 0.55697608 0.39534189
vn 0.68508735 0.61081220 0.39694306
vn 0.73022647 0.66102279 -0.17267940
vn 0.68834646 0.70391286 -0.17517372
vn 0.74016925 0.66992115 -0.05792353
vn 0.69853909 0.71316486 -0.05864310
vn 0.74021084 0.66987778 0.05789366
vn 0.69847896 0.71322193 0.05866534
vn 0.73031651 0.66091464 0.17271257
vn 0.68816779 0.70423265 0.17458941
vn 0.77631460 -0.60740408 -0.16851093
vn 0.78866530 -0.61220775 -0.05664553
vn 0.78862369 -0.61225658 0.05669706
vn 0.77628007 -0.60729734 0.16905381
vn 0.77232386 -0.50173210 -0.38959050
vn 0.80679463 -0.51718108 -0.28566791
vn 0.83168332 -0.52750284 -0.17333093
vn 0.84555882 -0.52151315 -0.11425553
vn 0.82822279 -0.55750566 -0.05687222
vn 0.82878707 -0.55680829 0.05546642
vn 0.83168572 -0.52743523 0.17352504
vn 0.85441377 -0.50698488 0.11376928
vn 0.80662922 -0.51748373 0.28558694
vn 0.77228175 -0.50181781 0.38956359
vn 0.77208853 -0.39333102 -0.49916931
vn 0.81910616 -0.40785806 -0.40338184
vn 0.84932580 -0.40221142 -0.34186496
vn 0.84338074 -0.45646919 -0.28345159
vn 0.86604204 -0.46911584 -0.17292054
vn 0.86605076 -0.46909065 0.17294521
vn 0.84384826 -0.45623831 0.28243001
vn 0.81908129 -0.40764833 0.40364426
vn 0.85010720 -0.40067902 0.34172221
vn 0.77207101 -0.39341217 0.49913247
vn 0.80672327 -0.29014114 -0.51479674
vn 0.84418496 -0.28705629 -0.45271453
vn 0.85014149 -0.34630363 -0.39665254
vn 0.84944556 -0.34645990 0.39800474
vn 0.80683835 -0.29026167 0.51454838
vn 0.84371901 -0.28803776 0.45295969
vn 0.77458988 -0.17332389 -0.60825106
vn 0.83237200 -0.17857781 -0.52465877
vn 0.86688693 -0.17795377 -0.46566028
vn 0.83233357 -0.17829892 0.52481456
vn 0.86677941 -0.17815671 0.46578282
vn 0.77456954 -0.17289322 0.60839950
vn 0.78712963 -0.06157952 -0.61370588
vn 0.82897891 -0.06063573 -0.55598316
vn 0.85501824 -0.11876540 -0.50481541
vn 0.84640947 -0.11924421 0.51901043
vn 0.78717212 -0.06160908 0.61364841
vn 0.82848665 -0.06191666 0.55657543
vn 0.78772455 0.05158474 -0.61386403
vn 0.82897157 0.05186877 -0.55688038
vn 0.78763486 0.05155102 0.61398194
vn 0.82935990 0.05076704 0.55640350
vn 0.77615304 0.16326247 -0.60904173
vn 0.84728689 0.10920247 -0.51978817
vn 0.83406162 0.16807194 -0.52544557
vn 0.86833978 0.16803512 -0.46663714
vn 0.83405883 0.16838254 0.52535054
vn 0.86844278 0.16776295 0.46654338
vn 0.85623006 0.10875608 0.50501703
vn 0.77612724 0.16360364 0.60898304
vn 0.80950151 0.28058206 -0.51573348
vn 0.84617039 0.27862939 -0.45427012
vn 0.80934588 0.28046561 0.51604097
vn 0.84656542 0.27769628 0.45410546
vn 0.77556974 0.38442843 -0.50070586
vn 0.85242899 0.33745718 -0.39935881
vn 0.82317767 0.39829761 -0.40464495
vn 0.85350020 0.39221455 -0.34308184
vn 0.82316077 0.39853659 0.40444398
vn 0.85287662 0.39342392 0.34324785
vn 0.85313859 0.33730420 0.39797038
vn 0.77554421 0.38435430 0.50080231
vn 0.77675425 0.49403566 -0.39061694
vn 0.84780259 0.44829606 -0.28330447
vn 0.81148250 0.50934820 -0.28646216
vn 0.87036492 0.46092555 -0.17324130
vn 0.83714511 0.51851146 -0.17416639
vn 0.85903852 0.49901466 -0.11418049
vn 0.83712735 0.51867535 0.17376330
vn 0.85057086 0.51321168 0.11464285
vn 0.87014780 0.46113468 0.17377458
vn 0.84740000 0.44847552 0.28422340
vn 0.81159962 0.50909128 0.28658703
vn 0.77675869 0.49393764 0.39073207
vn 0.78180788 0.59997575 -0.16972197
vn 0.83319310 0.55010552 -0.05633089
vn 0.79383968 0.60544523 -0.05704940
vn 0.83289073 0.55047159 0.05721936
vn 0.79391570 0.60533796 0.05712988
vn 0.78182126 0.60002213 0.16949617
vn 0.86564598 -0.49759713 -0.05526430
vn 0.86570808 -0.49744116 0.05569397
vn 0.87630902 -0.39306292 -0.27853912
vn 0.90079179 -0.39937659 -0.17050654
vn 0.91342367 -0.40298182 -0.05712141
vn 0.91321208 -0.40354183 0.05654806
vn 0.90018793 -0.40100005 0.16988423
vn 0.87564959 -0.39394374 0.27936736
vn 0.87658791 -0.28308236 -0.38917607
vn 0.91357271 -0.28991107 -0.28519549
vn 0.94062974 -0.29271876 -0.17184706
vn 0.95429742 -0.29322702 -0.05774386
vn 0.95449708 -0.29266680 0.05728406
vn 0.94115262 -0.29120152 0.17156172
vn 0.91358946 -0.28987802 0.28517544
vn 0.87593319 -0.28401205 0.38997205
vn 0.90156340 -0.17550632 -0.39545034
vn 0.94118005 -0.17678465 -0.28797102
vn 0.95828235 -0.17460588 -0.22629123
vn 0.95801150 -0.23107005 -0.16976628
vn 0.97048577 -0.23420929 -0.05747509
vn 0.97047191 -0.23424060 0.05758135
vn 0.95803087 -0.23103533 0.16970423
vn 0.94168349 -0.17650737 0.28649144
vn 0.95827912 -0.17460163 0.22630818
vn 0.90100760 -0.17483254 0.39701246
vn 0.86666294 -0.06061529 -0.49519807
vn 0.91492523 -0.06214830 -0.39880999
vn 0.95542107 -0.06284922 -0.28847973
vn 0.97128960 -0.06262066 -0.22951071
vn 0.95560831 -0.06228675 0.28798110
vn 0.97129203 -0.06255356 0.22951872
vn 0.91469505 -0.06156103 0.39942859
vn 0.86659542 -0.06029627 0.49535516
vn 0.86715817 0.05042935 -0.49547310
vn 0.91532026 0.05142929 -0.39942940
vn 0.95619769 0.05208021 -0.28805143
vn 0.97187091 0.05235579 -0.22962101
vn 0.95601644 0.05265177 0.28854871
vn 0.97185188 0.05241617 0.22968774
vn 0.91549863 0.05206905 0.39893744
vn 0.86716504 0.05076444 0.49542685
vn 0.90274501 0.16484570 -0.39733781
vn 0.94347981 0.16639440 -0.28663348
vn 0.95992055 0.16483904 -0.22667296
vn 0.94297126 0.16669953 0.28812579
vn 0.95993148 0.16475173 0.22669014
vn 0.90323712 0.16550808 0.39594163
vn 0.87856880 0.27458380 -0.39079482
vn 0.91666473 0.27987621 -0.28529824
vn 0.96023764 0.22150906 -0.16993356
vn 0.94417919 0.28120604 -0.17160658
vn 0.97276112 0.22455581 -0.05753694
vn 0.95752250 0.28262157 -0.05723377
vn 0.97276803 0.22453096 0.05751704
vn 0.95732603 0.28317638 0.05777553
vn 0.96022969 0.22150388 0.16998523
vn 0.94366381 0.28270859 0.17197230
vn 0.91662422 0.27993063 0.28537498
vn 0.87916388 0.27368016 0.39008979
vn 0.87929469 0.38532744 -0.27993501
vn 0.90412193 0.39191588 -0.17019248
vn 0.91750844 0.39367468 -0.05655533
vn 0.91770578 0.39312043 0.05720515
vn 0.90471315 0.39023889 0.17090270
vn 0.87991581 0.38443745 0.27920604
vn 0.87028606 0.48936374 -0.05590431
vn 0.87025982 0.48943408 0.05569679
vn 0.97058462 -0.17261009 -0.16784296
vn 0.98303077 -0.17440402 -0.05686605
vn 0.98300805 -0.17457044 0.05674793
vn 0.97052901 -0.17279138 0.16797789
vn 0.98356323 -0.06189576 -0.16962394
vn 0.99642738 -0.06218465 -0.05714503
vn 0.99644396 -0.06203280 0.05702076
vn 0.98353794 -0.06173238 0.16983001
vn 0.98411582 0.05165728 -0.16984572
vn 0.99702380 0.05191040 -0.05699877
vn 0.99700542 0.05206389 0.05717985
vn 0.98412340 0.05182596 0.16975042
vn 0.97216735 0.16314169 -0.16815300
vn 0.98468799 0.16483594 -0.05673341
vn 0.98470305 0.16468155 0.05692000
vn 0.97221012 0.16294968 0.16809189
f 3//3 2//2 1//1
f 5//5 4//4 1//1
f 5//5 1//1 2//2
f 7//7 6//6 4//4
f 7//7 4//4 5//5
f 9//9 8//8 6//6
f 9//9 6//6 7//7
f 10//10 8//8 9//9
f 3//3 1//1 11//11
f 3//3 11//11 12//12
f 13//13 1//1 4//4
f 11//11 1//1 13//13
f 14//14 4//4 6//6
f 13//13 4//4 14//14
f 15//15 6//6 8//8
f 14//14 6//6 15//15
f 8//8 10//10 16//16
f 8//8 16//16 15//15
f 12//12 11//11 17//17
f 12//12 17//17 18//18
f 19//19 11//11 13//13
f 17//17 11//11 19//19
f 20//20 13//13 14//14
f 19//19 13//13 20//20
f 21//21 14//14 15//15
f 20//20 14//14 21//21
f 15//15 16//16 22//22
f 15//15 22//22 21//21
f 18//18 17//17 23//23
f 18//18 23//23 24//24
f 25//25 17//17 19//19
f 23//23 17//17 25//25
f 26//26 19//19 20//20
f 25//25 19//19 26//26
f 27//27 20//20 21//21
f 26//26 20//20 27//27
f 21//21 22//22 28//28
f 21//21 28//28 27//27
f 29//29 24//24 23//23
f 29//29 23//23 25//25
f 29//29 25//25 30//30
f 30//30 25//25 26//26
f 30//30 26//26 31//31
f 31//31 26//26 27//27
f 31//31 27//27 32//32
f 32//32 27//27 28//28
f 35//35 34//34 33//33
f 37//37 36//36 33//33
f 37//37 33//33 34//34
f 38//38 36//36 37//37
f 41//41 40//40 39//39
f 43//43 42//42 39//39
f 43//43 39//39 40//40
f 42//42 43//43 35//35
f 33//33 42//42 35//35
f 44//44 42//42 33//33
f 45//45 33//33 36//36
f 44//44 33//33 45//45
f 36//36 38//38 46//46
f 47//47 36//36 46//46
f 45//45 36//36 47//47
f 49//49 48//48 47//47
f 49//49 47//47 46//46
f 50//50 48//48 49//49
f 53//53 52//52 51//51
f 51//51 52//52 41//41
f 39//39 51//51 41//41
f 54//54 51//51 39//39
f 55//55 39//39 42//42
f 54//54 39//39 55//55
f 56//56 42//42 44//44
f 55//55 42//42 56//56
f 57//57 44//44 45//45
f 56//56 44//44 57//57
f 58//58 45//45 47//47
f 57//57 45//45 58//58
f 59//59 47//47 48//48
f 58//58 47//47 59//59
f 48//48 50//50 60//60
f 61//61 48//48 60//60
f 59//59 48//48 61//61
f 62//62 61//61 60//60
f 53//53 51//51 63//63
f 53//53 63//63 64//64
f 65//65 51//51 54//54
f 63//63 51//51 65//65
f 3//3 65//65 2//2
f 65//65 55//55 2//2
f 65//65 54//54 55//55
f 2//2 55//55 5//5
f 5//5 55//55 56//56
f 5//5 56//56 7//7
f 7//7 56//56 57//57
f 7//7 57//57 9//9
f 9//9 57//57 58//58
f 9//9 58//58 10//10
f 58//58 66//66 10//10
f 58//58 59//59 66//66
f 67//67 59//59 61//61
f 66//66 59//59 67//67
f 61//61 62//62 68//68
f 61//61 68//68 67//67
f 71//71 70//70 69//69
f 69//69 70//70 64//64
f 63//63 69//69 64//64
f 72//72 69//69 63//63
f 73//73 63//63 65//65
f 72//72 63//63 73//73
f 12//12 73//73 3//3
f 3//3 73//73 65//65
f 74//74 16//16 66//66
f 66//66 16//16 10//10
f 75//75 66//66 67//67
f 74//74 66//66 75//75
f 67//67 68//68 76//76
f 77//77 67//67 76//76
f 75//75 67//67 77//77
f 78//78 77//77 76//76
f 71//71 69//69 79//79
f 71//71 79//79 80//80
f 81//81 69//69 72//72
f 79//79 69//69 81//81
f 82//82 72//72 73//73
f 81//81 72//72 82//82
f 18//18 82//82 12//12
f 12//12 82//82 73//73
f 83//83 22//22 74//74
f 74//74 22//22 16//16
f 84//84 74//74 75//75
f 83//83 74//74 84//84
f 85//85 75//75 77//77
f 84//84 75//75 85//85
f 77//77 78//78 86//86
f 77//77 86//86 85//85
f 87//87 80//80 79//79
f 89//89 88//88 87//87
f 79//79 89//89 87//87
f 81//81 89//89 79//79
f 90//90 81//81 82//82
f 89//89 81//81 90//90
f 24//24 90//90 18//18
f 18//18 90//90 82//82
f 91//91 28//28 83//83
f 83//83 28//28 22//22
f 92//92 83//83 84//84
f 91//91 83//83 92//92
f 85//85 94//94 93//93
f 92//92 85//85 93//93
f 84//84 85//85 92//92
f 94//94 85//85 86//86
f 88//88 89//89 95//95
f 88//88 95//95 96//96
f 97//97 89//89 90//90
f 95//95 89//89 97//97
f 29//29 98//98 24//24
f 98//98 90//90 24//24
f 98//98 97//97 90//90
f 30//30 99//99 29//29
f 29//29 99//99 98//98
f 31//31 100//100 30//30
f 30//30 100//100 99//99
f 32//32 101//101 31//31
f 31//31 101//101 100//100
f 28//28 91//91 32//32
f 91//91 101//101 32//32
f 91//91 102//102 101//101
f 103//103 91//91 92//92
f 102//102 91//91 103//103
f 92//92 93//93 104//104
f 92//92 104//104 103//103
f 105//105 96//96 95//95
f 107//107 106//106 105//105
f 95//95 107//107 105//105
f 97//97 107//107 95//95
f 108//108 97//97 98//98
f 107//107 97//97 108//108
f 109//109 98//98 99//99
f 108//108 98//98 109//109
f 110//110 99//99 100//100
f 109//109 99//99 110//110
f 111//111 100//100 101//101
f 110//110 100//100 111//111
f 112//112 101//101 102//102
f 111//111 101//101 112//112
f 103//103 114//114 113//113
f 112//112 103//103 113//113
f 102//102 103//103 112//112
f 114//114 103//103 104//104
f 115//115 106//106 107//107
f 115//115 107//107 108//108
f 115//115 108//108 116//116
f 118//118 117//117 116//116
f 108//108 118//118 116//116
f 109//109 118//118 108//108
f 119//119 109//109 110//110
f 118//118 109//109 119//119
f 111//111 121//121 120//120
f 119//119 111//111 120//120
f 110//110 111//111 119//119
f 121//121 111//111 112//112
f 121//121 112//112 122//122
f 122//122 112//112 113//113
f 123//123 117//117 118//118
f 123//123 118//118 119//119
f 123//123 119//119 124//124
f 124//124 119//119 120//120
f 127//127 126//126 125//125
f 129//129 128//128 125//125
f 129//129 125//125 126//126
f 131//131 130//130 128//128
f 131//131 128//128 129//129
f 133//133 132//132 130//130
f 133//133 130//130 131//131
f 134//134 132//132 133//133
f 137//137 136//136 135//135
f 139//139 138//138 135//135
f 139//139 135//135 136//136
f 138//138 139//139 127//127
f 125//125 138//138 127//127
f 140//140 138//138 125//125
f 35//35 140//140 34//34
f 140//140 128//128 34//34
f 140//140 125//125 128//128
f 34//34 128//128 37//37
f 37//37 128//128 130//130
f 37//37 130//130 38//38
f 130//130 141//141 38//38
f 130//130 132//132 141//141
f 132//132 134//134 142//142
f 143//143 132//132 142//142
f 141//141 132//132 143//143
f 145//145 144//144 143//143
f 145//145 143//143 142//142
f 146//146 144//144 145//145
f 149//149 148//148 147//147
f 147//147 148//148 137//137
f 135//135 147//147 137//137
f 150//150 147//147 135//135
f 41//41 150//150 40//40
f 150//150 138//138 40//40
f 150//150 135//135 138//138
f 40//40 138//138 43//43
f 43//43 138//138 140//140
f 43//43 140//140 35//35
f 141//141 46//46 38//38
f 46//46 141//141 49//49
f 49//49 141//141 143//143
f 49//49 143//143 50//50
f 143//143 151//151 50//50
f 143//143 144//144 151//151
f 144//144 146//146 152//152
f 153//153 144//144 152//152
f 151//151 144//144 153//153
f 154//154 153//153 152//152
f 149//149 147//147 155//155
f 149//149 155//155 156//156
f 53//53 155//155 52//52
f 155//155 150//150 52//52
f 155//155 147//147 150//150
f 52//52 150//150 41//41
f 151//151 60//60 50//50
f 60//60 151//151 62//62
f 151//151 157//157 62//62
f 151//151 153//153 157//157
f 153//153 154//154 158//158
f 153//153 158//158 157//157
f 161//161 160//160 159//159
f 159//159 160//160 156//156
f 155//155 159//159 156//156
f 162//162 159//159 155//155
f 64//64 162//162 53//53
f 53//53 162//162 155//155
f 163//163 68//68 157//157
f 157//157 68//68 62//62
f 157//157 158//158 164//164
f 165//165 157//157 164//164
f 163//163 157//157 165//165
f 166//166 165//165 164//164
f 161//161 159//159 167//167
f 161//161 167//167 168//168
f 71//71 167//167 70//70
f 167//167 162//162 70//70
f 167//167 159//159 162//162
f 70//70 162//162 64//64
f 163//163 76//76 68//68
f 76//76 163//163 78//78
f 163//163 169//169 78//78
f 163//163 165//165 169//169
f 165//165 166//166 170//170
f 165//165 170//170 169//169
f 168//168 167//167 171//171
f 168//168 171//171 172//172
f 80//80 171//171 71//71
f 71//71 171//171 167//167
f 173//173 86//86 169//169
f 169//169 86//86 78//78
f 169//169 170//170 174//174
f 169//169 174//174 173//173
f 172//172 171//171 175//175
f 172//172 175//175 176//176
f 87//87 177//177 80//80
f 177//177 171//171 80//80
f 177//177 175//175 171//171
f 88//88 177//177 87//87
f 178//178 93//93 94//94
f 86//86 173//173 94//94
f 173//173 178//178 94//94
f 173//173 179//179 178//178
f 173//173 174//174 180//180
f 173//173 180//180 179//179
f 181//181 176//176 175//175
f 183//183 182//182 181//181
f 175//175 183//183 181//181
f 177//177 183//183 175//175
f 96//96 183//183 88//88
f 88//88 183//183 177//177
f 184//184 104//104 178//178
f 178//178 104//104 93//93
f 179//179 186//186 185//185
f 184//184 179//179 185//185
f 178//178 179//179 184//184
f 186//186 179//179 180//180
f 182//182 183//183 187//187
f 182//182 187//187 188//188
f 105//105 189//189 96//96
f 189//189 183//183 96//96
f 189//189 187//187 183//183
f 106//106 189//189 105//105
f 190//190 113//113 114//114
f 104//104 184//184 114//114
f 184//184 190//190 114//114
f 184//184 191//191 190//190
f 184//184 185//185 192//192
f 184//184 192//192 191//191
f 193//193 188//188 187//187
f 195//195 194//194 193//193
f 187//187 195//195 193//193
f 189//189 195//195 187//187
f 115//115 196//196 106//106
f 196//196 189//189 106//106
f 196//196 195//195 189//189
f 116//116 197//197 115//115
f 115//115 197//197 196//196
f 117//117 197//197 116//116
f 198//198 120//120 121//121
f 122//122 199//199 121//121
f 121//121 199//199 198//198
f 113//113 190//190 122//122
f 190//190 199//199 122//122
f 190//190 200//200 199//199
f 191//191 202//202 201//201
f 200//200 191//191 201//201
f 190//190 191//191 200//200
f 202//202 191//191 192//192
f 203//203 194//194 195//195
f 203//203 195//195 196//196
f 203//203 196//196 204//204
f 206//206 205//205 204//204
f 196//196 206//206 204//204
f 197//197 206//206 196//196
f 123//123 207//207 117//117
f 207//207 197//197 117//117
f 207//207 206//206 197//197
f 124//124 208//208 123//123
f 123//123 208//208 207//207
f 120//120 198//198 124//124
f 198//198 208//208 124//124
f 198//198 209//209 208//208
f 199//199 211//211 210//210
f 209//209 199//199 210//210
f 198//198 199//199 209//209
f 211//211 199//199 200//200
f 211//211 200//200 212//212
f 212//212 200//200 201//201
f 213//213 205//205 206//206
f 213//213 206//206 207//207
f 213//213 207//207 214//214
f 214//214 207//207 208//208
f 214//214 208//208 215//215
f 215//215 208//208 209//209
f 215//215 209//209 216//216
f 216//216 209//209 210//210
f 219//219 218//218 217//217
f 221//221 220//220 217//217
f 221//221 217//217 218//218
f 223//223 222//222 220//220
f 223//223 220//220 221//221
f 225//225 224//224 222//222
f 225//225 222//222 223//223
f 226//226 224//224 225//225
f 229//229 228//228 227//227
f 231//231 230//230 227//227
f 231//231 227//227 228//228
f 230//230 231//231 219//219
f 230//230 219//219 217//217
f 127//127 230//230 217//217
f 126//126 127//127 217//217
f 126//126 217//217 129//129
f 129//129 217//217 220//220
f 129//129 220//220 131//131
f 131//131 220//220 222//222
f 131//131 222//222 133//133
f 133//133 222//222 224//224
f 233//233 232//232 134//134
f 233//233 134//134 133//133
f 226//226 233//233 133//133
f 224//224 226//226 133//133
f 235//235 234//234 232//232
f 235//235 232//232 233//233
f 236//236 234//234 235//235
f 239//239 238//238 237//237
f 237//237 238//238 229//229
f 237//237 229//229 227//227
f 137//137 237//237 227//227
f 136//136 137//137 227//227
f 136//136 227//227 139//139
f 139//139 227//227 230//230
f 139//139 230//230 127//127
f 232//232 142//142 134//134
f 142//142 232//232 145//145
f 145//145 232//232 234//234
f 241//241 240//240 146//146
f 241//241 146//146 145//145
f 236//236 241//241 145//145
f 234//234 236//236 145//145
f 242//242 240//240 241//241
f 245//245 244//244 243//243
f 243//243 244//244 239//239
f 243//243 239//239 237//237
f 149//149 243//243 237//237
f 148//148 149//149 237//237
f 148//148 237//237 137//137
f 240//240 152//152 146//146
f 247//247 246//246 154//154
f 247//247 154//154 152//152
f 242//242 247//247 152//152
f 240//240 242//242 152//152
f 248//248 246//246 247//247
f 245//245 243//243 249//249
f 245//245 249//249 250//250
f 156//156 249//249 149//149
f 149//149 249//249 243//243
f 251//251 158//158 246//246
f 246//246 158//158 154//154
f 246//246 248//248 252//252
f 246//246 252//252 251//251
f 255//255 254//254 253//253
f 253//253 254//254 250//250
f 253//253 250//250 249//249
f 161//161 253//253 249//249
f 160//160 161//161 249//249
f 160//160 249//249 156//156
f 251//251 164//164 158//158
f 257//257 256//256 166//166
f 257//257 166//166 164//164
f 252//252 257//257 164//164
f 251//251 252//252 164//164
f 258//258 256//256 257//257
f 255//255 253//253 259//259
f 255//255 259//259 260//260
f 168//168 259//259 161//161
f 161//161 259//259 253//253
f 261//261 170//170 256//256
f 256//256 170//170 166//166
f 256//256 258//258 262//262
f 256//256 262//262 261//261
f 260//260 259//259 263//263
f 260//260 263//263 264//264
f 172//172 263//263 168//168
f 168//168 263//263 259//259
f 265//265 174//174 261//261
f 261//261 174//174 170//170
f 261//261 262//262 266//266
f 261//261 266//266 265//265
f 264//264 263//263 267//267
f 264//264 267//267 268//268
f 176//176 267//267 172//172
f 172//172 267//267 263//263
f 269//269 180//180 265//265
f 265//265 180//180 174//174
f 265//265 266//266 270//270
f 265//265 270//270 269//269
f 271//271 268//268 267//267
f 273//273 271//271 272//272
f 272//272 271//271 181//181
f 271//271 267//267 181//181
f 267//267 176//176 181//181
f 182//182 272//272 181//181
f 274//274 185//185 186//186
f 275//275 274//274 186//186
f 275//275 186//186 180//180
f 276//276 275//275 180//180
f 269//269 276//276 180//180
f 276//276 269//269 270//270
f 273//273 272//272 277//277
f 273//273 277//277 278//278
f 188//188 277//277 182//182
f 182//182 277//277 272//272
f 279//279 192//192 274//274
f 274//274 192//192 185//185
f 274//274 275//275 280//280
f 274//274 280//280 279//279
f 281//281 278//278 277//277
f 283//283 281//281 282//282
f 282//282 281//281 193//193
f 281//281 277//277 193//193
f 277//277 188//188 193//193
f 194//194 282//282 193//193
f 284//284 201//201 202//202
f 285//285 284//284 202//202
f 285//285 202//202 192//192
f 286//286 285//285 192//192
f 279//279 286//286 192//192
f 286//286 279//279 280//280
f 287//287 283//283 282//282
f 289//289 287//287 288//288
f 288//288 287//287 203//203
f 287//287 282//282 203//203
f 282//282 194//194 203//203
f 204//204 290//290 203//203
f 203//203 290//290 288//288
f 205//205 290//290 204//204
f 291//291 210//210 211//211
f 212//212 292//292 211//211
f 211//211 292//292 291//291
f 293//293 292//292 212//212
f 293//293 212//212 201//201
f 294//294 293//293 201//201
f 284//284 294//294 201//201
f 294//294 284//284 285//285
f 295//295 289//289 288//288
f 295//295 288//288 290//290
f 295//295 290//290 296//296
f 298//298 296//296 297//297
f 297//297 296//296 213//213
f 296//296 290//290 213//213
f 290//290 205//205 213//213
f 214//214 299//299 213//213
f 213//213 299//299 297//297
f 215//215 300//300 214//214
f 214//214 300//300 299//299
f 216//216 301//301 215//215
f 215//215 301//301 300//300
f 302//302 301//301 216//216
f 302//302 216//216 210//210
f 303//303 302//302 210//210
f 291//291 303//303 210//210
f 303//303 291//291 292//292
f 303//303 292//292 304//304
f 304//304 292//292 293//293
f 305//305 298//298 297//297
f 305//305 297//297 299//299
f 305//305 299//299 306//306
f 306//306 299//299 300//300
f 306//306 300//300 307//307
f 307//307 300//300 301//301
f 307//307 301//301 308//308
f 308//308 301//301 302//302
f 311//311 310//310 309//309
f 313//313 312//312 309//309
f 313//313 309//309 310//310
f 314//314 312//312 313//313
f 317//317 316//316 315//315
f 319//319 318//318 315//315
f 319//319 315//315 316//316
f 218//218 219//219 318//318
f 319//319 218//218 318//318
f 320//320 218//218 319//319
f 309//309 221//221 311//311
f 221//221 320//320 311//311
f 221//221 218//218 320//320
f 221//221 309//309 223//223
f 223//223 309//309 312//312
f 314//314 321//321 312//312
f 321//321 223//223 312//312
f 321//321 225//225 223//223
f 323//323 322//322 226//226
f 225//225 323//323 226//226
f 321//321 323//323 225//225
f 325//325 324//324 322//322
f 325//325 322//322 323//323
f 326//326 324//324 325//325
f 329//329 328//328 327//327
f 327//327 328//328 317//317
f 327//327 317//317 315//315
f 229//229 327//327 315//315
f 228//228 229//229 315//315
f 228//228 315//315 231//231
f 231//231 315//315 318//318
f 231//231 318//318 219//219
f 322//322 233//233 226//226
f 233//233 322//322 235//235
f 235//235 322//322 324//324
f 331//331 330//330 236//236
f 331//331 236//236 235//235
f 326//326 331//331 235//235
f 324//324 326//326 235//235
f 332//332 330//330 331//331
f 335//335 334//334 333//333
f 333//333 334//334 329//329
f 333//333 329//329 327//327
f 239//239 333//333 327//327
f 238//238 239//239 327//327
f 238//238 327//327 229//229
f 330//330 241//241 236//236
f 337//337 336//336 242//242
f 337//337 242//242 241//241
f 332//332 337//337 241//241
f 330//330 332//332 241//241
f 338//338 336//336 337//337
f 341//341 340//340 339//339
f 339//339 340//340 335//335
f 339//339 335//335 333//333
f 245//245 339//339 333//333
f 244//244 245//245 333//333
f 244//244 333//333 239//239
f 336//336 247//247 242//242
f 343//343 342//342 248//248
f 343//343 248//248 247//247
f 338//338 343//343 247//247
f 336//336 338//338 247//247
f 344//344 342//342 343//343
f 341//341 339//339 345//345
f 341//341 345//345 346//346
f 250//250 345//345 245//245
f 245//245 345//345 339//339
f 347//347 252//252 342//342
f 342//342 252//252 248//248
f 342//342 344//344 348//348
f 342//342 348//348 347//347
f 346//346 345//345 254//254
f 255//255 346//346 254//254
f 349//349 346//346 255//255
f 254//254 345//345 250//250
f 347//347 257//257 252//252
f 258//258 257//257 347//347
f 348//348 258//258 347//347
f 350//350 258//258 348//348
f 353//353 352//352 351//351
f 352//352 349//349 351//351
f 349//349 260//260 351//351
f 349//349 255//255 260//260
f 355//355 262//262 354//354
f 262//262 350//350 354//354
f 262//262 258//258 350//350
f 356//356 355//355 354//354
f 353//353 351//351 357//357
f 353//353 357//357 358//358
f 264//264 357//357 260//260
f 260//260 357//357 351//351
f 359//359 266//266 355//355
f 355//355 266//266 262//262
f 355//355 356//356 360//360
f 355//355 360//360 359//359
f 361//361 358//358 357//357
f 357//357 264//264 361//361
f 264//264 362//362 361//361
f 264//264 268//268 362//362
f 364//364 363//363 359//359
f 363//363 266//266 359//359
f 363//363 270//270 266//266
f 364//364 359//359 360//360
f 268//268 271//271 365//365
f 366//366 268//268 365//365
f 362//362 268//268 366//366
f 273//273 365//365 271//271
f 367//367 275//275 276//276
f 368//368 367//367 276//276
f 270//270 368//368 276//276
f 363//363 368//368 270//270
f 366//366 365//365 369//369
f 366//366 369//369 370//370
f 278//278 369//369 273//273
f 273//273 369//369 365//365
f 371//371 280//280 367//367
f 367//367 280//280 275//275
f 367//367 368//368 372//372
f 367//367 372//372 371//371
f 373//373 370//370 369//369
f 375//375 373//373 374//374
f 374//374 373//373 281//281
f 373//373 369//369 281//281
f 369//369 278//278 281//281
f 283//283 374//374 281//281
f 376//376 285//285 286//286
f 377//377 376//376 286//286
f 377//377 286//286 280//280
f 378//378 377//377 280//280
f 371//371 378//378 280//280
f 378//378 371//371 372//372
f 379//379 375//375 374//374
f 381//381 379//379 380//380
f 380//380 379//379 287//287
f 379//379 374//374 287//287
f 374//374 283//283 287//287
f 289//289 380//380 287//287
f 382//382 293//293 294//294
f 383//383 382//382 294//294
f 383//383 294//294 285//285
f 384//384 383//383 285//285
f 376//376 384//384 285//285
f 384//384 376//376 377//377
f 385//385 381//381 380//380
f 387//387 385//385 386//386
f 386//386 385//385 295//295
f 385//385 380//380 295//295
f 380//380 289//289 295//295
f 296//296 388//388 295//295
f 295//295 388//388 386//386
f 298//298 388//388 296//296
f 389//389 302//302 303//303
f 304//304 390//390 303//303
f 303//303 390//390 389//389
f 391//391 390//390 304//304
f 391//391 304//304 293//293
f 392//392 391//391 293//293
f 382//382 392//392 293//293
f 392//392 382//382 383//383
f 393//393 387//387 386//386
f 393//393 386//386 388//388
f 393//393 388//388 394//394
f 396//396 394//394 395//395
f 395//395 394//394 305//305
f 394//394 388//388 305//305
f 388//388 298//298 305//305
f 306//306 397//397 305//305
f 305//305 397//397 395//395
f 307//307 398//398 306//306
f 306//306 398//398 397//397
f 308//308 399//399 307//307
f 307//307 399//399 398//398
f 400//400 399//399 308//308
f 400//400 308//308 302//302
f 401//401 400//400 302//302
f 389//389 401//401 302//302
f 401//401 389//389 390//390
f 401//401 390//390 402//402
f 402//402 390//390 391//391
f 403//403 396//396 395//395
f 403//403 395//395 397//397
f 403//403 397//397 404//404
f 404//404 397//397 398//398
f 404//404 398//398 405//405
f 405//405 398//398 399//399
f 405//405 399//399 406//406
f 406//406 399//399 400//400
f 409//409 408//408 407//407
f 411//411 410//410 407//407
f 411//411 407//407 408//408
f 310//310 311//311 410//410
f 411//411 310//310 410//410
f 412//412 310//310 411//411
f 310//310 413//413 313//313
f 412//412 413//413 310//310
f 415//415 414//414 314//314
f 313//313 415//415 314//314
f 413//413 415//415 313//313
f 417//417 416//416 414//414
f 417//417 414//414 415//415
f 418//418 416//416 417//417
f 421//421 420//420 419//419
f 316//316 317//317 419//419
f 420//420 316//316 419//419
f 422//422 316//316 420//420
f 407//407 319//319 409//409
f 319//319 422//422 409//409
f 319//319 316//316 422//422
f 319//319 407//407 320//320
f 320//320 407//407 410//410
f 320//320 410//410 311//311
f 414//414 321//321 314//314
f 321//321 414//414 323//323
f 323//323 414//414 416//416
f 418//418 423//423 416//416
f 423//423 323//323 416//416
f 423//423 325//325 323//323
f 425//425 424//424 326//326
f 325//325 425//425 326//326
f 423//423 425//425 325//325
f 426//426 424//424 425//425
f 429//429 428//428 427//427
f 427//427 428//428 421//421
f 427//427 421//421 419//419
f 329//329 427//427 419//419
f 328//328 329//329 419//419
f 328//328 419//419 317//317
f 424//424 331//331 326//326
f 431//431 430//430 332//332
f 431//431 332//332 331//331
f 426//426 431//431 331//331
f 424//424 426//426 331//331
f 432//432 430//430 431//431
f 435//435 434//434 433//433
f 433//433 434//434 429//429
f 433//433 429//429 427//427
f 335//335 433//433 427//427
f 334//334 335//335 427//427
f 334//334 427//427 329//329
f 430//430 337//337 332//332
f 437//437 436//436 338//338
f 437//437 338//338 337//337
f 432//432 437//437 337//337
f 430//430 432//432 337//337
f 438//438 436//436 437//437
f 435//435 433//433 340//340
f 341//341 435//435 340//340
f 439//439 435//435 341//341
f 340//340 433//433 335//335
f 436//436 343//343 338//338
f 344//344 343//343 436//436
f 438//438 344//344 436//436
f 440//440 344//344 438//438
f 443//443 442//442 441//441
f 442//442 439//439 441//441
f 439//439 346//346 441//441
f 439//439 341//341 346//346
f 445//445 348//348 444//444
f 348//348 440//440 444//444
f 348//348 344//344 440//440
f 446//446 445//445 444//444
f 443//443 441//441 447//447
f 443//443 447//447 448//448
f 349//349 447//447 346//346
f 346//346 447//447 441//441
f 449//449 350//350 445//445
f 445//445 350//350 348//348
f 445//445 446//446 450//450
f 445//445 450//450 449//449
f 448//448 447//447 352//352
f 353//353 448//448 352//352
f 451//451 448//448 353//353
f 352//352 447//447 349//349
f 449//449 354//354 350//350
f 356//356 354//354 449//449
f 450//450 356//356 449//449
f 452//452 356//356 450//450
f 358//358 451//451 353//353
f 358//358 453//453 451//451
f 452//452 360//360 356//356
f 454//454 360//360 452//452
f 358//358 361//361 455//455
f 456//456 358//358 455//455
f 453//453 358//358 456//456
f 362//362 455//455 361//361
f 457//457 363//363 364//364
f 458//458 457//457 364//364
f 360//360 458//458 364//364
f 454//454 458//458 360//360
f 456//456 455//455 459//459
f 456//456 459//459 460//460
f 366//366 459//459 362//362
f 362//362 459//459 455//455
f 461//461 368//368 457//457
f 457//457 368//368 363//363
f 457//457 458//458 462//462
f 457//457 462//462 461//461
f 463//463 460//460 459//459
f 459//459 366//366 463//463
f 366//366 464//464 463//463
f 366//366 370//370 464//464
f 466//466 465//465 461//461
f 465//465 368//368 461//461
f 465//465 372//372 368//368
f 466//466 461//461 462//462
f 370//370 373//373 467//467
f 468//468 370//370 467//467
f 464//464 370//370 468//468
f 375//375 467//467 373//373
f 469//469 377//377 378//378
f 470//470 469//469 378//378
f 372//372 470//470 378//378
f 465//465 470//470 372//372
f 471//471 468//468 467//467
f 473//473 471//471 472//472
f 472//472 471//471 379//379
f 471//471 467//467 379//379
f 467//467 375//375 379//379
f 381//381 472//472 379//379
f 474//474 383//383 384//384
f 475//475 474//474 384//384
f 475//475 384//384 377//377
f 476//476 475//475 377//377
f 469//469 476//476 377//377
f 476//476 469//469 470//470
f 477//477 473//473 472//472
f 479//479 477//477 478//478
f 478//478 477//477 385//385
f 477//477 472//472 385//385
f 472//472 381//381 385//385
f 387//387 478//478 385//385
f 480//480 391//391 392//392
f 481//481 480//480 392//392
f 481//481 392//392 383//383
f 482//482 481//481 383//383
f 474//474 482//482 383//383
f 482//482 474//474 475//475
f 483//483 479//479 478//478
f 483//483 478//478 387//387
f 393//393 483//483 387//387
f 484//484 483//483 393//393
f 486//486 484//484 485//485
f 484//484 394//394 485//485
f 484//484 393//393 394//394
f 396//396 485//485 394//394
f 487//487 400//400 401//401
f 487//487 401//401 488//488
f 401//401 489//489 488//488
f 401//401 402//402 489//489
f 402//402 391//391 480//480
f 490//490 402//402 480//480
f 489//489 402//402 490//490
f 490//490 480//480 481//481
f 491//491 486//486 485//485
f 491//491 485//485 396//396
f 403//403 491//491 396//396
f 492//492 491//491 403//403
f 493//493 403//403 404//404
f 493//493 492//492 403//403
f 494//494 404//404 405//405
f 494//494 493//493 404//404
f 495//495 405//405 406//406
f 495//495 494//494 405//405
f 406//406 400//400 487//487
f 496//496 406//406 487//487
f 495//495 406//406 496//496
f 496//496 487//487 488//488
f 499//499 498//498 497//497
f 501//501 500//500 497//497
f 501//501 497//497 498//498
f 502//502 500//500 501//501
f 499//499 497//497 503//503
f 499//499 503//503 504//504
f 505//505 497//497 500//500
f 503//503 497//497 505//505
f 500//500 502//502 506//506
f 500//500 506//506 505//505
f 509//509 508//508 507//507
f 507//507 508//508 504//504
f 503//503 507//507 504//504
f 510//510 507//507 503//503
f 511//511 503//503 505//505
f 510//510 503//503 511//511
f 505//505 506//506 512//512
f 513//513 505//505 512//512
f 511//511 505//505 513//513
f 514//514 513//513 512//512
f 517//517 516//516 515//515
f 408//408 409//409 515//515
f 516//516 408//408 515//515
f 518//518 408//408 516//516
f 507//507 411//411 509//509
f 411//411 518//518 509//509
f 411//411 408//408 518//518
f 411//411 507//507 412//412
f 412//412 507//507 510//510
f 412//412 510//510 413//413
f 413//413 510//510 511//511
f 413//413 511//511 415//415
f 415//415 511//511 513//513
f 514//514 519//519 513//513
f 519//519 415//415 513//513
f 519//519 417//417 415//415
f 521//521 520//520 418//418
f 417//417 521//521 418//418
f 519//519 521//521 417//417
f 522//522 520//520 521//521
f 524//524 523//523 420//420
f 524//524 420//420 421//421
f 515//515 422//422 517//517
f 422//422 523//523 517//517
f 422//422 420//420 523//523
f 422//422 515//515 409//409
f 520//520 423//423 418//418
f 522//522 525//525 520//520
f 525//525 423//423 520//520
f 525//525 425//425 423//423
f 426//426 425//425 525//525
f 426//426 525//525 526//526
f 528//528 527//527 428//428
f 528//528 428//428 429//429
f 421//421 428//428 524//524
f 524//524 428//428 527//527
f 526//526 529//529 426//426
f 426//426 529//529 431//431
f 432//432 431//431 529//529
f 432//432 529//529 530//530
f 532//532 531//531 434//434
f 532//532 434//434 435//435
f 429//429 434//434 528//528
f 528//528 434//434 531//531
f 530//530 533//533 432//432
f 432//432 533//533 437//437
f 438//438 437//437 533//533
f 438//438 533//533 534//534
f 537//537 536//536 535//535
f 536//536 532//532 535//535
f 532//532 439//439 535//535
f 532//532 435//435 439//439
f 539//539 440//440 538//538
f 440//440 534//534 538//538
f 440//440 438//438 534//534
f 540//540 539//539 538//538
f 537//537 535//535 442//442
f 443//443 537//537 442//442
f 541//541 537//537 443//443
f 442//442 535//535 439//439
f 539//539 444//444 440//440
f 446//446 444//444 539//539
f 540//540 446//446 539//539
f 542//542 446//446 540//540
f 448//448 541//541 443//443
f 448//448 543//543 541//541
f 542//542 450//450 446//446
f 544//544 450//450 542//542
f 451//451 543//543 448//448
f 451//451 545//545 543//543
f 544//544 452//452 450//450
f 546//546 452//452 544//544
f 453//453 545//545 451//451
f 453//453 547//547 545//545
f 546//546 454//454 452//452
f 548//548 454//454 546//546
f 456//456 547//547 453//453
f 456//456 549//549 547//547
f 548//548 458//458 454//454
f 550//550 458//458 548//548
f 460//460 549//549 456//456
f 460//460 551//551 549//549
f 550//550 462//462 458//458
f 552//552 462//462 550//550
f 460//460 463//463 553//553
f 554//554 460//460 553//553
f 551//551 460//460 554//554
f 464//464 553//553 463//463
f 555//555 465//465 466//466
f 556//556 555//555 466//466
f 462//462 556//556 466//466
f 552//552 556//556 462//462
f 557//557 554//554 553//553
f 553//553 464//464 557//557
f 464//464 558//558 557//557
f 464//464 468//468 558//558
f 560//560 559//559 555//555
f 559//559 465//465 555//555
f 559//559 470//470 465//465
f 560//560 555//555 556//556
f 561//561 558//558 468//468
f 561//561 468//468 471//471
f 471//471 473//473 561//561
f 561//561 473//473 562//562
f 564//564 563//563 476//476
f 476//476 563//563 475//475
f 476//476 470//470 559//559
f 476//476 559//559 564//564
f 565//565 562//562 473//473
f 565//565 473//473 477//477
f 477//477 479//479 565//565
f 565//565 479//479 566//566
f 568//568 567//567 482//482
f 482//482 567//567 481//481
f 482//482 475//475 563//563
f 482//482 563//563 568//568
f 569//569 566//566 479//479
f 569//569 479//479 483//483
f 571//571 569//569 570//570
f 569//569 484//484 570//570
f 569//569 483//483 484//484
f 486//486 570//570 484//484
f 572//572 488//488 489//489
f 572//572 489//489 573//573
f 489//489 574//574 573//573
f 489//489 490//490 574//574
f 490//490 481//481 567//567
f 490//490 567//567 574//574
f 575//575 571//571 570//570
f 575//575 570//570 486//486
f 491//491 575//575 486//486
f 576//576 575//575 491//491
f 578//578 576//576 577//577
f 576//576 492//492 577//577
f 576//576 491//491 492//492
f 493//493 579//579 492//492
f 492//492 579//579 577//577
f 494//494 580//580 493//493
f 493//493 580//580 579//579
f 495//495 581//581 494//494
f 494//494 581//581 580//580
f 581//581 495//495 582//582
f 495//495 583//583 582//582
f 495//495 496//496 583//583
f 496//496 488//488 572//572
f 584//584 496//496 572//572
f 583//583 496//496 584//584
f 584//584 572//572 573//573
f 585//585 578//578 577//577
f 587//587 586//586 585//585
f 577//577 587//587 585//585
f 579//579 587//587 577//577
f 588//588 579//579 580//580
f 587//587 579//579 588//588
f 589//589 580//580 581//581
f 588//588 580//580 589//589
f 581//581 582//582 590//590
f 581//581 590//590 589//589
f 586//586 587//587 591//591
f 586//586 591//591 592//592
f 593//593 587//587 588//588
f 591//591 587//587 593//593
f 589//589 595//595 594//594
f 593//593 589//589 594//594
f 588//588 589//589 593//593
f 595//595 589//589 590//590
f 596//596 592//592 591//591
f 596//596 591//591 593//593
f 596//596 593//593 597//597
f 597//597 593//593 594//594
f 600//600 599//599 598//598
f 602//602 601//601 598//598
f 602//602 598//598 599//599
f 604//604 603//603 601//601
f 604//604 601//601 602//602
f 606//606 605//605 603//603
f 606//606 603//603 604//604
f 607//607 605//605 606//606
f 600//600 598//598 608//608
f 600//600 608//608 609//609
f 499//499 608//608 498//498
f 608//608 601//601 498//498
f 608//608 598//598 601//601
f 498//498 601//601 501//501
f 501//501 601//601 603//603
f 501//501 603//603 502//502
f 603//603 610//610 502//502
f 603//603 605//605 610//610
f 605//605 607//607 611//611
f 605//605 611//611 610//610
f 609//609 608//608 612//612
f 609//609 612//612 613//613
f 504//504 612//612 499//499
f 499//499 612//612 608//608
f 614//614 506//506 610//610
f 610//610 506//506 502//502
f 610//610 611//611 615//615
f 610//610 615//615 614//614
f 618//618 617//617 616//616
f 616//616 617//617 613//613
f 616//616 613//613 612//612
f 509//509 616//616 612//612
f 508//508 509//509 612//612
f 508//508 612//612 504//504
f 614//614 512//512 506//506
f 620//620 619//619 514//514
f 620//620 514//514 512//512
f 615//615 620//620 512//512
f 614//614 615//615 512//512
f 621//621 619//619 620//620
f 623//623 622//622 516//516
f 623//623 516//516 517//517
f 616//616 518//518 618//618
f 518//518 622//622 618//618
f 518//518 516//516 622//622
f 518//518 616//616 509//509
f 619//619 519//519 514//514
f 621//621 624//624 619//619
f 624//624 519//519 619//619
f 624//624 521//521 519//519
f 522//522 521//521 624//624
f 522//522 624//624 625//625
f 628//628 627//627 626//626
f 523//523 524//524 626//626
f 627//627 523//523 626//626
f 629//629 523//523 627//627
f 517//517 523//523 623//623
f 623//623 523//523 629//629
f 625//625 630//630 522//522
f 522//522 630//630 525//525
f 632//632 631//631 526//526
f 525//525 632//632 526//526
f 630//630 632//632 525//525
f 633//633 631//631 632//632
f 636//636 635//635 634//634
f 634//634 635//635 628//628
f 634//634 628//628 626//626
f 528//528 634//634 626//626
f 527//527 528//528 626//626
f 527//527 626//626 524//524
f 631//631 529//529 526//526
f 638//638 637//637 530//530
f 638//638 530//530 529//529
f 633//633 638//638 529//529
f 631//631 633//633 529//529
f 639//639 637//637 638//638
f 636//636 634//634 531//531
f 532//532 636//636 531//531
f 640//640 636//636 532//532
f 531//531 634//634 528//528
f 637//637 533//533 530//530
f 534//534 533//533 637//637
f 639//639 534//534 637//637
f 641//641 534//534 639//639
f 643//643 642//642 536//536
f 643//643 536//536 537//537
f 532//532 536//536 640//640
f 640//640 536//536 642//642
f 641//641 644//644 534//534
f 534//534 644//644 538//538
f 540//540 538//538 644//644
f 540//540 644//644 645//645
f 541//541 643//643 537//537
f 541//541 646//646 643//643
f 645//645 542//542 540//540
f 647//647 542//542 645//645
f 650//650 649//649 648//648
f 649//649 646//646 648//648
f 646//646 543//543 648//648
f 646//646 541//541 543//543
f 652//652 544//544 651//651
f 544//544 647//647 651//651
f 544//544 542//542 647//647
f 653//653 652//652 651//651
f 650//650 648//648 654//654
f 650//650 654//654 655//655
f 545//545 654//654 543//543
f 543//543 654//654 648//648
f 656//656 546//546 652//652
f 652//652 546//546 544//544
f 652//652 653//653 657//657
f 652//652 657//657 656//656
f 655//655 654//654 658//658
f 655//655 658//658 659//659
f 547//547 658//658 545//545
f 545//545 658//658 654//654
f 660//660 548//548 656//656
f 656//656 548//548 546//546
f 656//656 657//657 661//661
f 656//656 661//661 660//660
f 659//659 658//658 662//662
f 659//659 662//662 663//663
f 549//549 662//662 547//547
f 547//547 662//662 658//658
f 664//664 550//550 660//660
f 660//660 550//550 548//548
f 660//660 661//661 665//665
f 660//660 665//665 664//664
f 666//666 663//663 662//662
f 662//662 549//549 666//666
f 549//549 667//667 666//666
f 549//549 551//551 667//667
f 669//669 668//668 664//664
f 668//668 550//550 664//664
f 668//668 552//552 550//550
f 669//669 664//664 665//665
f 554//554 667//667 551//551
f 554//554 670//670 667//667
f 668//668 556//556 552//552
f 671//671 556//556 668//668
f 672//672 670//670 554//554
f 672//672 554//554 557//557
f 557//557 558//558 672//672
f 672//672 558//558 673//673
f 675//675 674//674 560//560
f 560//560 674//674 559//559
f 560//560 556//556 671//671
f 560//560 671//671 675//675
f 558//558 561//561 676//676
f 677//677 558//558 676//676
f 673//673 558//558 677//677
f 562//562 676//676 561//561
f 678//678 563//563 564//564
f 679//679 678//678 564//564
f 559//559 679//679 564//564
f 674//674 679//679 559//559
f 680//680 677//677 676//676
f 682//682 680//680 681//681
f 681//681 680//680 565//565
f 680//680 676//676 565//565
f 676//676 562//562 565//565
f 566//566 681//681 565//565
f 683//683 567//567 568//568
f 684//684 683//683 568//568
f 684//684 568//568 563//563
f 685//685 684//684 563//563
f 678//678 685//685 563//563
f 685//685 678//678 679//679
f 686//686 682//682 681//681
f 688//688 686//686 687//687
f 687//687 686//686 569//569
f 686//686 681//681 569//569
f 681//681 566//566 569//569
f 571//571 687//687 569//569
f 689//689 573//573 574//574
f 690//690 689//689 574//574
f 690//690 574//574 567//567
f 691//691 690//690 567//567
f 683//683 691//691 567//567
f 691//691 683//683 684//684
f 692//692 688//688 687//687
f 692//692 687//687 571//571
f 575//575 692//692 571//571
f 693//693 692//692 575//575
f 695//695 693//693 694//694
f 693//693 576//576 694//694
f 693//693 575//575 576//576
f 578//578 694//694 576//576
f 696//696 582//582 583//583
f 696//696 583//583 697//697
f 583//583 698//698 697//697
f 583//583 584//584 698//698
f 584//584 573//573 689//689
f 699//699 584//584 689//689
f 698//698 584//584 699//699
f 699//699 689//689 690//690
f 700//700 695//695 694//694
f 702//702 700//700 701//701
f 701//701 700//700 585//585
f 700//700 694//694 585//585
f 694//694 578//578 585//585
f 586//586 701//701 585//585
f 703//703 590//590 696//696
f 696//696 590//590 582//582
f 696//696 697//697 704//704
f 696//696 704//704 703//703
f 702//702 701//701 705//705
f 702//702 705//705 706//706
f 592//592 705//705 586//586
f 586//586 705//705 701//701
f 707//707 594//594 595//595
f 708//708 707//707 595//595
f 708//708 595//595 590//590
f 709//709 708//708 590//590
f 703//703 709//709 590//590
f 709//709 703//703 704//704
f 706//706 705//705 710//710
f 706//706 710//710 711//711
f 596//596 712//712 592//592
f 712//712 705//705 592//592
f 712//712 710//710 705//705
f 597//597 713//713 596//596
f 596//596 713//713 712//712
f 594//594 707//707 597//597
f 707//707 713//713 597//597
f 707//707 714//714 713//713
f 707//707 708//708 715//715
f 707//707 715//715 714//714
f 716//716 711//711 710//710
f 716//716 710//710 712//712
f 716//716 712//712 717//717
f 717//717 712//712 713//713
f 717//717 713//713 718//718
f 718//718 713//713 714//714
f 718//718 714//714 719//719
f 719//719 714//714 715//715
f 722//722 721//721 720//720
f 724//724 723//723 720//720
f 724//724 720//720 721//721
f 725//725 723//723 724//724
f 727//727 726//726 599//599
f 727//727 599//599 600//600
f 720//720 602//602 722//722
f 602//602 726//726 722//722
f 602//602 599//599 726//726
f 602//602 720//720 604//604
f 604//604 720//720 723//723
f 725//725 728//728 723//723
f 728//728 604//604 723//723
f 728//728 606//606 604//604
f 607//607 606//606 728//728
f 607//607 728//728 729//729
f 732//732 731//731 730//730
f 731//731 727//727 730//730
f 727//727 609//609 730//730
f 727//727 600//600 609//609
f 734//734 611//611 733//733
f 611//611 729//729 733//733
f 611//611 607//607 729//729
f 735//735 734//734 733//733
f 732//732 730//730 736//736
f 732//732 736//736 737//737
f 613//613 736//736 609//609
f 609//609 736//736 730//730
f 738//738 615//615 734//734
f 734//734 615//615 611//611
f 734//734 735//735 739//739
f 734//734 739//739 738//738
f 737//737 736//736 617//617
f 618//618 737//737 617//617
f 740//740 737//737 618//618
f 617//617 736//736 613//613
f 738//738 620//620 615//615
f 621//621 620//620 738//738
f 739//739 621//621 738//738
f 741//741 621//621 739//739
f 744//744 743//743 742//742
f 622//622 623//623 742//742
f 743//743 622//622 742//742
f 745//745 622//622 743//743
f 618//618 622//622 740//740
f 740//740 622//622 745//745
f 741//741 746//746 621//621
f 621//621 746//746 624//624
f 748//748 747//747 625//625
f 624//624 748//748 625//625
f 746//746 748//748 624//624
f 749//749 747//747 748//748
f 751//751 750//750 627//627
f 751//751 627//627 628//628
f 742//742 629//629 744//744
f 629//629 750//750 744//744
f 629//629 627//627 750//750
f 629//629 742//742 623//623
f 747//747 630//630 625//625
f 749//749 752//752 747//747
f 752//752 630//630 747//747
f 752//752 632//632 630//630
f 633//633 632//632 752//752
f 633//633 752//752 753//753
f 755//755 754//754 635//635
f 755//755 635//635 636//636
f 628//628 635//635 751//751
f 751//751 635//635 754//754
f 753//753 756//756 633//633
f 633//633 756//756 638//638
f 639//639 638//638 756//756
f 639//639 756//756 757//757
f 760//760 759//759 758//758
f 759//759 755//755 758//758
f 755//755 640//640 758//758
f 755//755 636//636 640//640
f 762//762 641//641 761//761
f 641//641 757//757 761//761
f 641//641 639//639 757//757
f 763//763 762//762 761//761
f 760//760 758//758 642//642
f 643//643 760//760 642//642
f 764//764 760//760 643//643
f 642//642 758//758 640//640
f 762//762 644//644 641//641
f 645//645 644//644 762//762
f 763//763 645//645 762//762
f 765//765 645//645 763//763
f 646//646 764//764 643//643
f 646//646 766//766 764//764
f 765//765 647//647 645//645
f 767//767 647//647 765//765
f 769//769 768//768 649//649
f 769//769 649//649 650//650
f 646//646 649//649 766//766
f 766//766 649//649 768//768
f 767//767 770//770 647//647
f 647//647 770//770 651//651
f 653//653 651//651 770//770
f 653//653 770//770 771//771
f 655//655 769//769 650//650
f 655//655 772//772 769//769
f 771//771 657//657 653//653
f 773//773 657//657 771//771
f 659//659 772//772 655//655
f 659//659 774//774 772//772
f 773//773 661//661 657//657
f 775//775 661//661 773//773
f 663//663 774//774 659//659
f 663//663 776//776 774//774
f 775//775 665//665 661//661
f 777//777 665//665 775//775
f 778//778 776//776 663//663
f 778//778 663//663 666//666
f 666//666 667//667 778//778
f 778//778 667//667 779//779
f 781//781 780//780 669//669
f 669//669 780//780 668//668
f 669//669 665//665 777//777
f 669//669 777//777 781//781
f 670//670 779//779 667//667
f 670//670 782//782 779//779
f 780//780 671//671 668//668
f 783//783 671//671 780//780
f 670//670 672//672 784//784
f 785//785 670//670 784//784
f 782//782 670//670 785//785
f 673//673 784//784 672//672
f 786//786 674//674 675//675
f 787//787 786//786 675//675
f 671//671 787//787 675//675
f 783//783 787//787 671//671
f 788//788 785//785 784//784
f 784//784 673//673 788//788
f 673//673 789//789 788//788
f 673//673 677//677 789//789
f 791//791 790//790 786//786
f 790//790 674//674 786//786
f 790//790 679//679 674//674
f 791//791 786//786 787//787
f 792//792 789//789 677//677
f 792//792 677//677 680//680
f 680//680 682//682 792//792
f 792//792 682//682 793//793
f 795//795 794//794 685//685
f 685//685 794//794 684//684
f 685//685 679//679 790//790
f 685//685 790//790 795//795
f 796//796 793//793 682//682
f 796//796 682//682 686//686
f 686//686 688//688 796//796
f 796//796 688//688 797//797
f 799//799 798//798 691//691
f 691//691 798//798 690//690
f 691//691 684//684 794//794
f 691//691 794//794 799//799
f 800//800 797//797 688//688
f 800//800 688//688 692//692
f 801//801 692//692 693//693
f 801//801 800//800 692//692
f 693//693 695//695 801//801
f 801//801 695//695 802//802
f 803//803 697//697 698//698
f 803//803 698//698 804//804
f 698//698 805//805 804//804
f 698//698 699//699 805//805
f 699//699 690//690 798//798
f 699//699 798//798 805//805
f 695//695 700//700 806//806
f 807//807 695//695 806//806
f 802//802 695//695 807//807
f 702//702 806//806 700//700
f 809//809 808//808 803//803
f 808//808 697//697 803//803
f 808//808 704//704 697//697
f 809//809 803//803 804//804
f 807//807 806//806 810//810
f 807//807 810//810 811//811
f 706//706 810//810 702//702
f 702//702 810//810 806//806
f 812//812 708//708 709//709
f 813//813 812//812 709//709
f 704//704 813//813 709//709
f 808//808 813//813 704//704
f 814//814 811//811 810//810
f 810//810 706//706 814//814
f 706//706 815//815 814//814
f 706//706 711//711 815//815
f 817//817 816//816 812//812
f 816//816 708//708 812//812
f 816//816 715//715 708//708
f 817//817 812//812 813//813
f 818//818 815//815 711//711
f 818//818 711//711 716//716
f 820//820 818//818 819//819
f 818//818 717//717 819//819
f 818//818 716//716 717//717
f 718//718 821//821 717//717
f 717//717 821//821 819//819
f 821//821 718//718 822//822
f 718//718 823//823 822//822
f 718//718 719//719 823//823
f 719//719 715//715 816//816
f 719//719 816//816 823//823
f 824//824 820//820 819//819
f 824//824 819//819 821//821
f 824//824 821//821 825//825
f 825//825 821//821 822//822
f 827//827 826//826 721//721
f 827//827 721//721 722//722
f 721//721 828//828 724//724
f 826//826 828//828 721//721
f 725//725 724//724 828//828
f 725//725 828//828 829//829
f 831//831 830//830 726//726
f 831//831 726//726 727//727
f 722//722 726//726 827//827
f 827//827 726//726 830//830
f 829//829 832//832 725//725
f 725//725 832//832 728//728
f 729//729 728//728 832//832
f 729//729 832//832 833//833
f 835//835 834//834 731//731
f 835//835 731//731 732//732
f 727//727 731//731 831//831
f 831//831 731//731 834//834
f 833//833 836//836 729//729
f 729//729 836//836 733//733
f 735//735 733//733 836//836
f 735//735 836//836 837//837
f 737//737 835//835 732//732
f 737//737 838//838 835//835
f 837//837 739//739 735//735
f 839//839 739//739 837//837
f 740//740 838//838 737//737
f 740//740 840//840 838//838
f 839//839 741//741 739//739
f 841//841 741//741 839//839
f 843//843 842//842 743//743
f 843//843 743//743 744//744
f 743//743 844//844 745//745
f 842//842 844//844 743//743
f 740//740 745//745 840//840
f 840//840 745//745 844//844
f 841//841 845//845 741//741
f 741//741 845//845 746//746
f 746//746 846//846 748//748
f 845//845 846//846 746//746
f 749//749 748//748 846//846
f 749//749 846//846 847//847
f 849//849 848//848 750//750
f 849//849 750//750 751//751
f 744//744 750//750 843//843
f 843//843 750//750 848//848
f 847//847 850//850 749//749
f 749//749 850//850 752//752
f 753//753 752//752 850//850
f 753//753 850//850 851//851
f 853//853 852//852 754//754
f 853//853 754//754 755//755
f 751//751 754//754 849//849
f 849//849 754//754 852//852
f 851//851 854//854 753//753
f 753//753 854//854 756//756
f 757//757 756//756 854//854
f 757//757 854//854 855//855
f 857//857 856//856 759//759
f 857//857 759//759 760//760
f 755//755 759//759 853//853
f 853//853 759//759 856//856
f 855//855 858//858 757//757
f 757//757 858//858 761//761
f 763//763 761//761 858//858
f 763//763 858//858 859//859
f 764//764 857//857 760//760
f 764//764 860//860 857//857
f 859//859 765//765 763//763
f 861//861 765//765 859//859
f 766//766 860//860 764//764
f 766//766 862//862 860//860
f 861//861 767//767 765//765
f 863//863 767//767 861//861
f 865//865 864//864 768//768
f 865//865 768//768 769//769
f 766//766 768//768 862//862
f 862//862 768//768 864//864
f 863//863 866//866 767//767
f 767//767 866//866 770//770
f 771//771 770//770 866//866
f 771//771 866//866 867//867
f 772//772 865//865 769//769
f 772//772 868//868 865//865
f 867//867 773//773 771//771
f 869//869 773//773 867//867
f 774//774 868//868 772//772
f 774//774 870//870 868//868
f 869//869 775//775 773//773
f 871//871 775//775 869//869
f 776//776 870//870 774//774
f 776//776 872//872 870//870
f 871//871 777//777 775//775
f 873//873 777//777 871//871
f 874//874 872//872 776//776
f 874//874 776//776 778//778
f 778//778 779//779 874//874
f 874//874 779//779 875//875
f 877//877 876//876 781//781
f 781//781 876//876 780//780
f 781//781 777//777 873//873
f 781//781 873//873 877//877
f 782//782 875//875 779//779
f 782//782 878//878 875//875
f 876//876 783//783 780//780
f 879//879 783//783 876//876
f 785//785 878//878 782//782
f 785//785 880//880 878//878
f 879//879 787//787 783//783
f 881//881 787//787 879//879
f 882//882 880//880 785//785
f 882//882 785//785 788//788
f 788//788 789//789 882//882
f 882//882 789//789 883//883
f 885//885 884//884 791//791
f 791//791 884//884 790//790
f 791//791 787//787 881//881
f 791//791 881//881 885//885
f 886//886 883//883 789//789
f 886//886 789//789 792//792
f 792//792 793//793 886//886
f 886//886 793//793 887//887
f 889//889 888//888 795//795
f 795//795 888//888 794//794
f 795//795 790//790 884//884
f 795//795 884//884 889//889
f 890//890 887//887 793//793
f 890//890 793//793 796//796
f 796//796 797//797 890//890
f 890//890 797//797 891//891
f 893//893 892//892 799//799
f 799//799 892//892 798//798
f 799//799 794//794 888//888
f 799//799 888//888 893//893
f 894//894 891//891 797//797
f 894//894 797//797 800//800
f 895//895 800//800 801//801
f 895//895 894//894 800//800
f 801//801 802//802 895//895
f 895//895 802//802 896//896
f 898//898 897//897 805//805
f 805//805 897//897 804//804
f 805//805 798//798 892//892
f 805//805 892//892 898//898
f 807//807 896//896 802//802
f 807//807 899//899 896//896
f 901//901 900//900 809//809
f 809//809 900//900 808//808
f 809//809 804//804 897//897
f 809//809 897//897 901//901
f 811//811 899//899 807//807
f 811//811 902//902 899//899
f 900//900 813//813 808//808
f 903//903 813//813 900//900
f 904//904 902//902 811//811
f 904//904 811//811 814//814
f 814//814 815//815 904//904
f 904//904 815//815 905//905
f 907//907 906//906 817//817
f 817//817 906//906 816//816
f 817//817 813//813 903//903
f 817//817 903//903 907//907
f 908//908 905//905 815//815
f 908//908 815//815 818//818
f 818//818 820//820 908//908
f 908//908 820//820 909//909
f 911//911 910//910 823//823
f 823//823 910//910 822//822
f 823//823 816//816 906//906
f 823//823 906//906 911//911
f 912//912 909//909 820//820
f 912//912 820//820 824//824
f 913//913 824//824 825//825
f 913//913 912//912 824//824
f 825//825 822//822 910//910
f 825//825 910//910 913//913
f 827//827 914//914 826//826
f 915//915 828//828 826//826
f 915//915 826//826 914//914
f 915//915 829//829 828//828
f 917//917 916//916 830//830
f 917//917 830//830 831//831
f 827//827 830//830 914//914
f 830//830 918//918 914//914
f 830//830 916//916 918//918
f 914//914 918//918 915//915
f 915//915 918//918 919//919
f 915//915 919//919 829//829
f 919//919 832//832 829//829
f 919//919 920//920 832//832
f 833//833 832//832 920//920
f 833//833 920//920 921//921
f 835//835 922//922 834//834
f 922//922 923//923 834//834
f 923//923 831//831 834//834
f 923//923 917//917 831//831
f 836//836 833//833 924//924
f 833//833 925//925 924//924
f 833//833 921//921 925//925
f 924//924 837//837 836//836
f 838//838 926//926 922//922
f 838//838 922//922 835//835
f 923//923 922//922 927//927
f 927//927 922//922 926//926
f 924//924 925//925 928//928
f 928//928 925//925 929//929
f 928//928 839//839 837//837
f 928//928 837//837 924//924
f 931//931 930//930 926//926
f 838//838 931//931 926//926
f 840//840 931//931 838//838
f 926//926 930//930 927//927
f 929//929 932//932 928//928
f 839//839 928//928 932//932
f 933//933 839//839 932//932
f 841//841 839//839 933//933
f 843//843 934//934 842//842
f 842//842 934//934 935//935
f 936//936 842//842 935//935
f 844//844 842//842 936//936
f 840//840 844//844 931//931
f 931//931 844//844 936//936
f 933//933 937//937 841//841
f 841//841 937//937 845//845
f 937//937 939//939 938//938
f 846//846 937//937 938//938
f 845//845 937//937 846//846
f 938//938 847//847 846//846
f 941//941 940//940 848//848
f 941//941 848//848 849//849
f 843//843 848//848 934//934
f 848//848 942//942 934//934
f 848//848 940//940 942//942
f 934//934 942//942 935//935
f 939//939 943//943 938//938
f 938//938 943//943 847//847
f 943//943 850//850 847//847
f 943//943 944//944 850//850
f 851//851 850//850 944//944
f 851//851 944//944 945//945
f 947//947 946//946 852//852
f 947//947 852//852 853//853
f 849//849 852//852 941//941
f 941//941 852//852 946//946
f 945//945 948//948 851//851
f 851//851 948//948 854//854
f 855//855 854//854 948//948
f 855//855 948//948 949//949
f 857//857 950//950 856//856
f 950//950 951//951 856//856
f 951//951 853//853 856//856
f 951//951 947//947 853//853
f 858//858 855//855 952//952
f 855//855 953//953 952//952
f 855//855 949//949 953//953
f 952//952 859//859 858//858
f 955//955 954//954 950//950
f 857//857 955//955 950//950
f 860//860 955//955 857//857
f 950//950 954//954 951//951
f 953//953 956//956 952//952
f 859//859 952//952 956//956
f 957//957 859//859 956//956
f 861//861 859//859 957//957
f 862//862 955//955 860//860
f 862//862 958//958 955//955
f 957//957 863//863 861//861
f 959//959 863//863 957//957
f 961//961 960//960 864//864
f 961//961 864//864 865//865
f 862//862 864//864 958//958
f 958//958 864//864 960//960
f 959//959 962//962 863//863
f 863//863 962//962 866//866
f 867//867 866//866 962//962
f 867//867 962//962 963//963
f 868//868 961//961 865//865
f 868//868 964//964 961//961
f 963//963 869//869 867//867
f 965//965 869//869 963//963
f 870//870 964//964 868//868
f 870//870 966//966 964//964
f 965//965 871//871 869//869
f 967//967 871//871 965//965
f 872//872 966//966 870//870
f 872//872 968//968 966//966
f 967//967 873//873 871//871
f 969//969 873//873 967//967
f 970//970 968//968 872//872
f 970//970 872//872 874//874
f 874//874 875//875 970//970
f 970//970 875//875 971//971
f 973//973 972//972 877//877
f 877//877 972//972 876//876
f 877//877 873//873 969//969
f 877//877 969//969 973//973
f 878//878 971//971 875//875
f 878//878 974//974 971//971
f 972//972 879//879 876//876
f 975//975 879//879 972//972
f 880//880 977//977 976//976
f 974//974 880//880 976//976
f 878//878 880//880 974//974
f 977//977 978//978 976//976
f 981//981 980//980 979//979
f 975//975 981//981 979//979
f 881//881 975//975 979//979
f 879//879 975//975 881//881
f 882//882 977//977 880//880
f 882//882 883//883 977//977
f 883//883 978//978 977//977
f 883//883 982//982 978//978
f 979//979 980//980 885//885
f 980//980 884//884 885//885
f 980//980 983//983 884//884
f 979//979 885//885 881//881
f 984//984 982//982 883//883
f 984//984 883//883 886//886
f 886//886 887//887 984//984
f 984//984 887//887 985//985
f 987//987 986//986 889//889
f 889//889 986//986 888//888
f 889//889 884//884 983//983
f 889//889 983//983 987//987
f 988//988 985//985 887//887
f 988//988 887//887 890//890
f 890//890 891//891 988//988
f 988//988 891//891 989//989
f 991//991 990//990 893//893
f 893//893 990//990 892//892
f 893//893 888//888 986//986
f 893//893 986//986 991//991
f 992//992 989//989 891//891
f 992//992 891//891 894//894
f 993//993 894//894 895//895
f 993//993 992//992 894//894
f 895//895 896//896 993//993
f 993//993 896//896 994//994
f 997//997 996//996 995//995
f 897//897 898//898 995//995
f 898//898 997//997 995//995
f 898//898 998//998 997//997
f 898//898 892//892 990//990
f 898//898 990//990 998//998
f 899//899 994//994 896//896
f 899//899 999//999 994//994
f 995//995 996//996 901//901
f 996//996 900//900 901//901
f 996//996 1000//1000 900//900
f 995//995 901//901 897//897
f 902//902 1002//1002 1001//1001
f 999//999 902//902 1001//1001
f 899//899 902//902 999//999
f 1002//1002 1003//1003 1001//1001
f 1006//1006 1005//1005 1004//1004
f 1000//1000 1006//1006 1004//1004
f 903//903 1000//1000 1004//1004
f 900//900 1000//1000 903//903
f 904//904 1002//1002 902//902
f 904//904 905//905 1002//1002
f 905//905 1003//1003 1002//1002
f 905//905 1007//1007 1003//1003
f 1004//1004 1005//1005 907//907
f 1005//1005 906//906 907//907
f 1005//1005 1008//1008 906//906
f 1004//1004 907//907 903//903
f 1009//1009 1007//1007 905//905
f 1009//1009 905//905 908//908
f 1011//1011 1010//1010 909//909
f 1010//1010 908//908 909//909
f 1010//1010 1009//1009 908//908
f 1013//1013 1012//1012 1011//1011
f 1011//1011 1012//1012 1010//1010
f 910//910 911//911 1013//1013
f 911//911 1012//1012 1013//1013
f 911//911 1014//1014 1012//1012
f 911//911 906//906 1008//1008
f 911//911 1008//1008 1014//1014
f 912//912 1011//1011 909//909
f 1011//1011 912//912 913//913
f 1011//1011 913//913 1013//1013
f 1013//1013 913//913 910//910
f 917//917 1015//1015 916//916
f 1016//1016 918//918 916//916
f 1016//1016 916//916 1015//1015
f 1017//1017 919//919 918//918
f 1017//1017 918//918 1016//1016
f 1018//1018 920//920 919//919
f 1018//1018 919//919 1017//1017
f 1018//1018 921//921 920//920
f 923//923 1019//1019 1015//1015
f 923//923 1015//1015 917//917
f 1021//1021 1016//1016 1020//1020
f 1016//1016 1019//1019 1020//1020
f 1016//1016 1015//1015 1019//1019
f 1016//1016 1021//1021 1017//1017
f 1017//1017 1021//1021 1022//1022
f 1024//1024 1023//1023 1022//1022
f 1023//1023 1017//1017 1022//1022
f 1023//1023 1018//1018 1017//1017
f 1023//1023 925//925 921//921
f 1023//1023 921//921 1018//1018
f 927//927 1025//1025 1019//1019
f 927//927 1019//1019 923//923
f 1020//1020 1019//1019 1026//1026
f 1026//1026 1019//1019 1025//1025
f 1023//1023 1024//1024 1027//1027
f 1027//1027 1024//1024 1028//1028
f 1027//1027 929//929 925//925
f 1027//1027 925//925 1023//1023
f 931//931 1029//1029 930//930
f 1029//1029 1030//1030 930//930
f 930//930 1030//1030 927//927
f 1030//1030 1031//1031 927//927
f 1031//1031 1025//1025 927//927
f 1025//1025 1031//1031 1026//1026
f 1028//1028 1032//1032 1027//1027
f 1032//1032 1034//1034 1033//1033
f 1032//1032 1033//1033 932//932
f 1027//1027 1032//1032 932//932
f 929//929 1027//1027 932//932
f 1033//1033 933//933 932//932
f 1036//1036 1035//1035 936//936
f 1036//1036 936//936 935//935
f 931//931 936//936 1029//1029
f 936//936 1037//1037 1029//1029
f 936//936 1035//1035 1037//1037
f 1029//1029 1037//1037 1030//1030
f 1034//1034 1038//1038 1033//1033
f 1033//1033 1038//1038 933//933
f 1038//1038 937//937 933//933
f 1038//1038 1039//1039 937//937
f 939//939 937//937 1039//1039
f 939//939 1039//1039 1040//1040
f 941//941 1041//1041 940//940
f 940//940 1041//1041 1042//1042
f 1043//1043 940//940 1042//1042
f 942//942 940//940 1043//1043
f 935//935 942//942 1036//1036
f 1036//1036 942//942 1043//1043
f 1040//1040 1044//1044 939//939
f 939//939 1044//1044 943//943
f 1044//1044 1046//1046 1045//1045
f 944//944 1044//1044 1045//1045
f 943//943 1044//1044 944//944
f 1045//1045 945//945 944//944
f 947//947 1047//1047 946//946
f 1047//1047 1048//1048 946//946
f 946//946 1048//1048 941//941
f 1048//1048 1049//1049 941//941
f 1049//1049 1041//1041 941//941
f 1041//1041 1049//1049 1042//1042
f 1046//1046 1050//1050 1045//1045
f 1050//1050 1052//1052 1051//1051
f 1050//1050 1051//1051 948//948
f 1045//1045 1050//1050 948//948
f 945//945 1045//1045 948//948
f 1051//1051 949//949 948//948
f 1054//1054 1053//1053 1047//1047
f 947//947 1054//1054 1047//1047
f 951//951 1054//1054 947//947
f 1047//1047 1053//1053 1048//1048
f 1052//1052 1055//1055 1051//1051
f 949//949 1051//1051 1055//1055
f 1056//1056 949//949 1055//1055
f 953//953 949//949 1056//1056
f 1058//1058 1057//1057 954//954
f 1058//1058 954//954 955//955
f 951//951 954//954 1054//1054
f 1054//1054 954//954 1057//1057
f 1056//1056 1059//1059 953//953
f 953//953 1059//1059 956//956
f 957//957 956//956 1059//1059
f 957//957 1059//1059 1060//1060
f 958//958 1058//1058 955//955
f 958//958 1061//1061 1058//1058
f 1060//1060 959//959 957//957
f 1062//1062 959//959 1060//1060
f 961//961 1063//1063 960//960
f 1063//1063 1064//1064 960//960
f 1064//1064 958//958 960//960
f 1064//1064 1061//1061 958//958
f 962//962 959//959 1065//1065
f 959//959 1066//1066 1065//1065
f 959//959 1062//1062 1066//1066
f 1065//1065 963//963 962//962
f 964//964 1067//1067 1063//1063
f 964//964 1063//1063 961//961
f 1064//1064 1063//1063 1068//1068
f 1068//1068 1063//1063 1067//1067
f 1065//1065 1066//1066 1069//1069
f 1069//1069 1066//1066 1070//1070
f 1069//1069 965//965 963//963
f 1069//1069 963//963 1065//1065
f 966//966 1071//1071 1067//1067
f 966//966 1067//1067 964//964
f 1068//1068 1067//1067 1072//1072
f 1072//1072 1067//1067 1071//1071
f 1069//1069 1070//1070 1073//1073
f 1073//1073 1070//1070 1074//1074
f 1073//1073 967//967 965//965
f 1073//1073 965//965 1069//1069
f 968//968 1075//1075 1071//1071
f 968//968 1071//1071 966//966
f 1072//1072 1071//1071 1076//1076
f 1076//1076 1071//1071 1075//1075
f 1073//1073 1074//1074 1077//1077
f 1077//1077 1074//1074 1078//1078
f 1077//1077 969//969 967//967
f 1077//1077 967//967 1073//1073
f 970//970 1075//1075 968//968
f 970//970 971//971 1075//1075
f 971//971 1076//1076 1075//1075
f 971//971 1079//1079 1076//1076
f 1077//1077 1078//1078 973//973
f 1078//1078 972//972 973//973
f 1078//1078 1080//1080 972//972
f 1077//1077 973//973 969//969
f 974//974 1079//1079 971//971
f 974//974 1081//1081 1079//1079
f 1080//1080 975//975 972//972
f 1082//1082 975//975 1080//1080
f 1083//1083 1081//1081 974//974
f 1083//1083 974//974 976//976
f 976//976 978//978 1083//1083
f 1083//1083 978//978 1084//1084
f 1086//1086 1085//1085 981//981
f 981//981 1085//1085 980//980
f 981//981 975//975 1082//1082
f 981//981 1082//1082 1086//1086
f 982//982 1088//1088 1087//1087
f 1084//1084 982//982 1087//1087
f 978//978 982//982 1084//1084
f 1088//1088 1089//1089 1087//1087
f 1092//1092 1091//1091 1090//1090
f 1085//1085 1092//1092 1090//1090
f 983//983 1085//1085 1090//1090
f 980//980 1085//1085 983//983
f 984//984 1088//1088 982//982
f 1094//1094 1093//1093 985//985
f 985//985 1093//1093 984//984
f 1093//1093 1089//1089 984//984
f 1089//1089 1088//1088 984//984
f 1094//1094 1095//1095 1093//1093
f 1098//1098 1097//1097 1096//1096
f 1098//1098 1096//1096 1091//1091
f 1091//1091 1096//1096 1090//1090
f 1096//1096 986//986 1090//1090
f 986//986 987//987 1090//1090
f 1090//1090 987//987 983//983
f 988//988 1094//1094 985//985
f 1100//1100 1099//1099 989//989
f 989//989 1099//1099 988//988
f 1099//1099 1095//1095 988//988
f 1095//1095 1094//1094 988//988
f 1100//1100 1101//1101 1099//1099
f 1104//1104 1103//1103 1102//1102
f 1104//1104 1102//1102 1097//1097
f 1097//1097 1102//1102 1096//1096
f 1102//1102 990//990 1096//1096
f 990//990 991//991 1096//1096
f 1096//1096 991//991 986//986
f 992//992 1100//1100 989//989
f 1105//1105 1101//1101 1100//1100
f 992//992 1105//1105 1100//1100
f 993//993 1105//1105 992//992
f 993//993 994//994 1105//1105
f 1105//1105 994//994 1106//1106
f 1108//1108 1107//1107 997//997
f 997//997 1107//1107 996//996
f 998//998 1102//1102 1103//1103
f 1108//1108 998//998 1103//1103
f 997//997 998//998 1108//1108
f 1102//1102 998//998 990//990
f 999//999 1110//1110 1109//1109
f 1106//1106 999//999 1109//1109
f 994//994 999//999 1106//1106
f 1110//1110 1111//1111 1109//1109
f 1114//1114 1113//1113 1112//1112
f 1107//1107 1114//1114 1112//1112
f 1000//1000 1107//1107 1112//1112
f 996//996 1107//1107 1000//1000
f 1001//1001 1110//1110 999//999
f 1116//1116 1115//1115 1003//1003
f 1003//1003 1115//1115 1001//1001
f 1115//1115 1111//1111 1001//1001
f 1111//1111 1110//1110 1001//1001
f 1116//1116 1117//1117 1115//1115
f 1120//1120 1119//1119 1118//1118
f 1120//1120 1118//1118 1113//1113
f 1113//1113 1118//1118 1112//1112
f 1118//1118 1005//1005 1112//1112
f 1005//1005 1006//1006 1112//1112
f 1112//1112 1006//1006 1000//1000
f 1007//1007 1121//1121 1116//1116
f 1007//1007 1116//1116 1003//1003
f 1117//1117 1116//1116 1122//1122
f 1116//1116 1123//1123 1122//1122
f 1116//1116 1121//1121 1123//1123
f 1125//1125 1124//1124 1123//1123
f 1123//1123 1124//1124 1122//1122
f 1124//1124 1125//1125 1119//1119
f 1125//1125 1118//1118 1119//1119
f 1125//1125 1126//1126 1118//1118
f 1126//1126 1008//1008 1005//1005
f 1126//1126 1005//1005 1118//1118
f 1009//1009 1121//1121 1007//1007
f 1121//1121 1009//1009 1010//1010
f 1121//1121 1010//1010 1123//1123
f 1123//1123 1010//1010 1012//1012
f 1123//1123 1012//1012 1125//1125
f 1125//1125 1012//1012 1014//1014
f 1125//1125 1014//1014 1126//1126
f 1126//1126 1014//1014 1008//1008
f 1020//1020 1127//1127 1021//1021
f 1128//1128 1022//1022 1021//1021
f 1128//1128 1021//1021 1127//1127
f 1128//1128 1024//1024 1022//1022
f 1026//1026 1129//1129 1127//1127
f 1026//1026 1127//1127 1020//1020
f 1127//1127 1130//1130 1128//1128
f 1127//1127 1129//1129 1130//1130
f 1130//1130 1028//1028 1024//1024
f 1130//1130 1024//1024 1128//1128
f 1030//1030 1131//1131 1031//1031
f 1129//1129 1026//1026 1031//1031
f 1131//1131 1129//1129 1031//1031
f 1132//1132 1129//1129 1131//1131
f 1129//1129 1133//1133 1130//1130
f 1129//1129 1132//1132 1133//1133
f 1134//1134 1032//1032 1028//1028
f 1130//1130 1134//1134 1028//1028
f 1133//1133 1134//1134 1130//1130
f 1134//1134 1034//1034 1032//1032
f 1036//1036 1135//1135 1035//1035
f 1035//1035 1135//1135 1136//1136
f 1137//1137 1035//1035 1136//1136
f 1037//1037 1035//1035 1137//1137
f 1030//1030 1037//1037 1131//1131
f 1037//1037 1138//1138 1131//1131
f 1037//1037 1137//1137 1138//1138
f 1131//1131 1138//1138 1132//1132
f 1132//1132 1138//1138 1139//1139
f 1132//1132 1139//1139 1133//1133
f 1133//1133 1139//1139 1140//1140
f 1133//1133 1140//1140 1134//1134
f 1134//1134 1140//1140 1141//1141
f 1134//1134 1141//1141 1034//1034
f 1141//1141 1038//1038 1034//1034
f 1141//1141 1142//1142 1038//1038
f 1142//1142 1144//1144 1143//1143
f 1039//1039 1142//1142 1143//1143
f 1038//1038 1142//1142 1039//1039
f 1143//1143 1040//1040 1039//1039
f 1146//1146 1145//1145 1043//1043
f 1146//1146 1043//1043 1042//1042
f 1036//1036 1043//1043 1135//1135
f 1043//1043 1147//1147 1135//1135
f 1043//1043 1145//1145 1147//1147
f 1135//1135 1147//1147 1136//1136
f 1144//1144 1148//1148 1143//1143
f 1143//1143 1148//1148 1040//1040
f 1148//1148 1044//1044 1040//1040
f 1148//1148 1149//1149 1044//1044
f 1046//1046 1044//1044 1149//1149
f 1046//1046 1149//1149 1150//1150
f 1152//1152 1151//1151 1049//1049
f 1152//1152 1049//1049 1048//1048
f 1042//1042 1049//1049 1146//1146
f 1146//1146 1049//1049 1151//1151
f 1150//1150 1153//1153 1046//1046
f 1046//1046 1153//1153 1050//1050
f 1052//1052 1050//1050 1153//1153
f 1052//1052 1153//1153 1154//1154
f 1156//1156 1155//1155 1053//1053
f 1156//1156 1053//1053 1054//1054
f 1048//1048 1053//1053 1152//1152
f 1152//1152 1053//1053 1155//1155
f 1154//1154 1157//1157 1052//1052
f 1052//1052 1157//1157 1055//1055
f 1056//1056 1055//1055 1157//1157
f 1056//1056 1157//1157 1158//1158
f 1058//1058 1159//1159 1057//1057
f 1159//1159 1160//1160 1057//1057
f 1160//1160 1054//1054 1057//1057
f 1160//1160 1156//1156 1054//1054
f 1059//1059 1056//1056 1161//1161
f 1056//1056 1162//1162 1161//1161
f 1056//1056 1158//1158 1162//1162
f 1161//1161 1060//1060 1059//1059
f 1164//1164 1163//1163 1159//1159
f 1058//1058 1164//1164 1159//1159
f 1061//1061 1164//1164 1058//1058
f 1159//1159 1163//1163 1160//1160
f 1162//1162 1165//1165 1161//1161
f 1060//1060 1161//1161 1165//1165
f 1166//1166 1060//1060 1165//1165
f 1062//1062 1060//1060 1166//1166
f 1064//1064 1164//1164 1061//1061
f 1064//1064 1167//1167 1164//1164
f 1166//1166 1066//1066 1062//1062
f 1168//1168 1066//1066 1166//1166
f 1068//1068 1167//1167 1064//1064
f 1068//1068 1169//1169 1167//1167
f 1168//1168 1070//1070 1066//1066
f 1170//1170 1070//1070 1168//1168
f 1072//1072 1169//1169 1068//1068
f 1072//1072 1171//1171 1169//1169
f 1170//1170 1074//1074 1070//1070
f 1172//1172 1074//1074 1170//1170
f 1076//1076 1171//1171 1072//1072
f 1076//1076 1173//1173 1171//1171
f 1172//1172 1078//1078 1074//1074
f 1174//1174 1078//1078 1172//1172
f 1079//1079 1173//1173 1076//1076
f 1079//1079 1175//1175 1173//1173
f 1174//1174 1080//1080 1078//1078
f 1176//1176 1080//1080 1174//1174
f 1081//1081 1178//1178 1177//1177
f 1175//1175 1081//1081 1177//1177
f 1079//1079 1081//1081 1175//1175
f 1178//1178 1179//1179 1177//1177
f 1182//1182 1181//1181 1180//1180
f 1176//1176 1182//1182 1180//1180
f 1082//1082 1176//1176 1180//1180
f 1080//1080 1176//1176 1082//1082
f 1083//1083 1178//1178 1081//1081
f 1083//1083 1084//1084 1178//1178
f 1084//1084 1179//1179 1178//1178
f 1084//1084 1183//1183 1179//1179
f 1180//1180 1181//1181 1086//1086
f 1181//1181 1085//1085 1086//1086
f 1181//1181 1184//1184 1085//1085
f 1180//1180 1086//1086 1082//1082
f 1185//1185 1183//1183 1084//1084
f 1185//1185 1084//1084 1087//1087
f 1087//1087 1089//1089 1185//1185
f 1185//1185 1089//1089 1186//1186
f 1188//1188 1187//1187 1092//1092
f 1092//1092 1187//1187 1091//1091
f 1092//1092 1085//1085 1184//1184
f 1092//1092 1184//1184 1188//1188
f 1189//1189 1186//1186 1089//1089
f 1189//1189 1089//1089 1093//1093
f 1093//1093 1095//1095 1189//1189
f 1189//1189 1095//1095 1190//1190
f 1192//1192 1191//1191 1098//1098
f 1098//1098 1191//1191 1097//1097
f 1098//1098 1091//1091 1187//1187
f 1098//1098 1187//1187 1192//1192
f 1193//1193 1190//1190 1095//1095
f 1193//1193 1095//1095 1099//1099
f 1195//1195 1194//1194 1101//1101
f 1194//1194 1099//1099 1101//1101
f 1194//1194 1193//1193 1099//1099
f 1195//1195 1196//1196 1194//1194
f 1199//1199 1198//1198 1197//1197
f 1103//1103 1104//1104 1197//1197
f 1104//1104 1199//1199 1197//1197
f 1104//1104 1200//1200 1199//1199
f 1104//1104 1097//1097 1191//1191
f 1104//1104 1191//1191 1200//1200
f 1105//1105 1195//1195 1101//1101
f 1202//1202 1201//1201 1106//1106
f 1106//1106 1201//1201 1105//1105
f 1201//1201 1196//1196 1105//1105
f 1196//1196 1195//1195 1105//1105
f 1204//1204 1203//1203 1202//1202
f 1202//1202 1203//1203 1201//1201
f 1204//1204 1205//1205 1203//1203
f 1208//1208 1207//1207 1206//1206
f 1210//1210 1209//1209 1206//1206
f 1206//1206 1209//1209 1208//1208
f 1209//1209 1210//1210 1198//1198
f 1198//1198 1210//1210 1197//1197
f 1210//1210 1107//1107 1197//1197
f 1107//1107 1108//1108 1197//1197
f 1197//1197 1108//1108 1103//1103
f 1109//1109 1202//1202 1106//1106
f 1202//1202 1109//1109 1111//1111
f 1211//1211 1202//1202 1111//1111
f 1204//1204 1202//1202 1211//1211
f 1205//1205 1204//1204 1212//1212
f 1204//1204 1213//1213 1212//1212
f 1204//1204 1211//1211 1213//1213
f 1215//1215 1214//1214 1213//1213
f 1213//1213 1214//1214 1212//1212
f 1214//1214 1215//1215 1207//1207
f 1215//1215 1206//1206 1207//1207
f 1215//1215 1216//1216 1206//1206
f 1216//1216 1113//1113 1114//1114
f 1210//1210 1216//1216 1114//1114
f 1206//1206 1216//1216 1210//1210
f 1210//1210 1114//1114 1107//1107
f 1115//1115 1211//1211 1111//1111
f 1211//1211 1115//1115 1117//1117
f 1217//1217 1211//1211 1117//1117
f 1213//1213 1211//1211 1217//1217
f 1213//1213 1218//1218 1215//1215
f 1213//1213 1217//1217 1218//1218
f 1218//1218 1119//1119 1120//1120
f 1216//1216 1218//1218 1120//1120
f 1215//1215 1218//1218 1216//1216
f 1216//1216 1120//1120 1113//1113
f 1122//1122 1217//1217 1117//1117
f 1217//1217 1122//1122 1124//1124
f 1217//1217 1124//1124 1218//1218
f 1218//1218 1124//1124 1119//1119
f 1136//1136 1219//1219 1137//1137
f 1220//1220 1138//1138 1137//1137
f 1220//1220 1137//1137 1219//1219
f 1138//1138 1220//1220 1221//1221
f 1222//1222 1138//1138 1221//1221
f 1139//1139 1138//1138 1222//1222
f 1139//1139 1223//1223 1140//1140
f 1222//1222 1223//1223 1139//1139
f 1223//1223 1225//1225 1224//1224
f 1141//1141 1223//1223 1224//1224
f 1140//1140 1223//1223 1141//1141
f 1226//1226 1142//1142 1141//1141
f 1226//1226 1141//1141 1224//1224
f 1226//1226 1144//1144 1142//1142
f 1146//1146 1227//1227 1145//1145
f 1145//1145 1227//1227 1228//1228
f 1229//1229 1145//1145 1228//1228
f 1147//1147 1145//1145 1229//1229
f 1136//1136 1147//1147 1219//1219
f 1147//1147 1230//1230 1219//1219
f 1147//1147 1229//1229 1230//1230
f 1219//1219 1230//1230 1220//1220
f 1220//1220 1230//1230 1231//1231
f 1220//1220 1231//1231 1221//1221
f 1225//1225 1232//1232 1224//1224
f 1224//1224 1232//1232 1226//1226
f 1226//1226 1232//1232 1233//1233
f 1226//1226 1233//1233 1144//1144
f 1233//1233 1148//1148 1144//1144
f 1233//1233 1234//1234 1148//1148
f 1234//1234 1236//1236 1235//1235
f 1149//1149 1234//1234 1235//1235
f 1148//1148 1234//1234 1149//1149
f 1235//1235 1150//1150 1149//1149
f 1152//1152 1237//1237 1151//1151
f 1237//1237 1238//1238 1151//1151
f 1151//1151 1238//1238 1146//1146
f 1238//1238 1239//1239 1146//1146
f 1239//1239 1227//1227 1146//1146
f 1227//1227 1239//1239 1228//1228
f 1236//1236 1240//1240 1235//1235
f 1240//1240 1242//1242 1241//1241
f 1240//1240 1241//1241 1153//1153
f 1235//1235 1240//1240 1153//1153
f 1150//1150 1235//1235 1153//1153
f 1241//1241 1154//1154 1153//1153
f 1156//1156 1243//1243 1155//1155
f 1243//1243 1244//1244 1155//1155
f 1155//1155 1244//1244 1152//1152
f 1244//1244 1245//1245 1152//1152
f 1245//1245 1237//1237 1152//1152
f 1237//1237 1245//1245 1238//1238
f 1242//1242 1246//1246 1241//1241
f 1246//1246 1248//1248 1247//1247
f 1246//1246 1247//1247 1157//1157
f 1241//1241 1246//1246 1157//1157
f 1154//1154 1241//1241 1157//1157
f 1247//1247 1158//1158 1157//1157
f 1250//1250 1249//1249 1243//1243
f 1156//1156 1250//1250 1243//1243
f 1160//1160 1250//1250 1156//1156
f 1243//1243 1249//1249 1244//1244
f 1248//1248 1251//1251 1247//1247
f 1158//1158 1247//1247 1251//1251
f 1252//1252 1158//1158 1251//1251
f 1162//1162 1158//1158 1252//1252
f 1164//1164 1253//1253 1163//1163
f 1253//1253 1254//1254 1163//1163
f 1254//1254 1160//1160 1163//1163
f 1254//1254 1250//1250 1160//1160
f 1165//1165 1162//1162 1255//1255
f 1162//1162 1256//1256 1255//1255
f 1162//1162 1252//1252 1256//1256
f 1255//1255 1166//1166 1165//1165
f 1167//1167 1257//1257 1253//1253
f 1167//1167 1253//1253 1164//1164
f 1254//1254 1253//1253 1258//1258
f 1258//1258 1253//1253 1257//1257
f 1255//1255 1256//1256 1259//1259
f 1259//1259 1256//1256 1260//1260
f 1259//1259 1168//1168 1166//1166
f 1259//1259 1166//1166 1255//1255
f 1262//1262 1261//1261 1257//1257
f 1167//1167 1262//1262 1257//1257
f 1169//1169 1262//1262 1167//1167
f 1257//1257 1261//1261 1258//1258
f 1260//1260 1263//1263 1259//1259
f 1168//1168 1259//1259 1263//1263
f 1264//1264 1168//1168 1263//1263
f 1170//1170 1168//1168 1264//1264
f 1171//1171 1262//1262 1169//1169
f 1171//1171 1265//1265 1262//1262
f 1264//1264 1172//1172 1170//1170
f 1266//1266 1172//1172 1264//1264
f 1173//1173 1268//1268 1267//1267
f 1265//1265 1173//1173 1267//1267
f 1171//1171 1173//1173 1265//1265
f 1268//1268 1269//1269 1267//1267
f 1272//1272 1271//1271 1270//1270
f 1266//1266 1272//1272 1270//1270
f 1174//1174 1266//1266 1270//1270
f 1172//1172 1266//1266 1174//1174
f 1175//1175 1273//1273 1268//1268
f 1175//1175 1268//1268 1173//1173
f 1269//1269 1268//1268 1274//1274
f 1274//1274 1268//1268 1273//1273
f 1270//1270 1271//1271 1275//1275
f 1275//1275 1271//1271 1276//1276
f 1275//1275 1176//1176 1174//1174
f 1275//1275 1174//1174 1270//1270
f 1177//1177 1273//1273 1175//1175
f 1177//1177 1179//1179 1273//1273
f 1179//1179 1274//1274 1273//1273
f 1179//1179 1277//1277 1274//1274
f 1275//1275 1276//1276 1182//1182
f 1276//1276 1181//1181 1182//1182
f 1276//1276 1278//1278 1181//1181
f 1275//1275 1182//1182 1176//1176
f 1183//1183 1280//1280 1279//1279
f 1277//1277 1183//1183 1279//1279
f 1179//1179 1183//1183 1277//1277
f 1280//1280 1281//1281 1279//1279
f 1284//1284 1283//1283 1282//1282
f 1278//1278 1284//1284 1282//1282
f 1184//1184 1278//1278 1282//1282
f 1181//1181 1278//1278 1184//1184
f 1185//1185 1280//1280 1183//1183
f 1286//1286 1285//1285 1186//1186
f 1186//1186 1285//1285 1185//1185
f 1285//1285 1281//1281 1185//1185
f 1281//1281 1280//1280 1185//1185
f 1286//1286 1287//1287 1285//1285
f 1290//1290 1289//1289 1288//1288
f 1290//1290 1288//1288 1283//1283
f 1283//1283 1288//1288 1282//1282
f 1288//1288 1187//1187 1282//1282
f 1187//1187 1188//1188 1282//1282
f 1282//1282 1188//1188 1184//1184
f 1189//1189 1286//1286 1186//1186
f 1292//1292 1291//1291 1190//1190
f 1190//1190 1291//1291 1189//1189
f 1291//1291 1287//1287 1189//1189
f 1287//1287 1286//1286 1189//1189
f 1292//1292 1293//1293 1291//1291
f 1296//1296 1295//1295 1294//1294
f 1296//1296 1294//1294 1289//1289
f 1289//1289 1294//1294 1288//1288
f 1294//1294 1191//1191 1288//1288
f 1191//1191 1192//1192 1288//1288
f 1288//1288 1192//1192 1187//1187
f 1193//1193 1292//1292 1190//1190
f 1297//1297 1293//1293 1292//1292
f 1193//1193 1297//1297 1292//1292
f 1194//1194 1297//1297 1193//1193
f 1299//1299 1298//1298 1196//1196
f 1298//1298 1194//1194 1196//1196
f 1298//1298 1297//1297 1194//1194
f 1299//1299 1300//1300 1298//1298
f 1303//1303 1302//1302 1301//1301
f 1198//1198 1199//1199 1301//1301
f 1199//1199 1303//1303 1301//1301
f 1199//1199 1304//1304 1303//1303
f 1200//1200 1294//1294 1295//1295
f 1304//1304 1200//1200 1295//1295
f 1199//1199 1200//1200 1304//1304
f 1294//1294 1200//1200 1191//1191
f 1201//1201 1299//1299 1196//1196
f 1305//1305 1300//1300 1299//1299
f 1201//1201 1305//1305 1299//1299
f 1203//1203 1305//1305 1201//1201
f 1307//1307 1306//1306 1205//1205
f 1306//1306 1203//1203 1205//1205
f 1306//1306 1305//1305 1203//1203
f 1309//1309 1308//1308 1307//1307
f 1307//1307 1308//1308 1306//1306
f 1207//1207 1208//1208 1309//1309
f 1208//1208 1308//1308 1309//1309
f 1208//1208 1310//1310 1308//1308
f 1209//1209 1301//1301 1302//1302
f 1310//1310 1209//1209 1302//1302
f 1208//1208 1209//1209 1310//1310
f 1301//1301 1209//1209 1198//1198
f 1212//1212 1307//1307 1205//1205
f 1307//1307 1212//1212 1214//1214
f 1307//1307 1214//1214 1309//1309
f 1309//1309 1214//1214 1207//1207
f 1221//1221 1311//1311 1222//1222
f 1312//1312 1223//1223 1222//1222
f 1312//1312 1222//1222 1311//1311
f 1312//1312 1225//1225 1223//1223
f 1228//1228 1313//1313 1229//1229
f 1314//1314 1230//1230 1229//1229
f 1314//1314 1229//1229 1313//1313
f 1230//1230 1314//1314 1315//1315
f 1316//1316 1230//1230 1315//1315
f 1231//1231 1230//1230 1316//1316
f 1221//1221 1231//1231 1311//1311
f 1231//1231 1317//1317 1311//1311
f 1231//1231 1316//1316 1317//1317
f 1311//1311 1317//1317 1312//1312
f 1312//1312 1317//1317 1318//1318
f 1312//1312 1318//1318 1225//1225
f 1318//1318 1232//1232 1225//1225
f 1318//1318 1319//1319 1232//1232
f 1319//1319 1321//1321 1320//1320
f 1233//1233 1319//1319 1320//1320
f 1232//1232 1319//1319 1233//1233
f 1322//1322 1234//1234 1233//1233
f 1322//1322 1233//1233 1320//1320
f 1322//1322 1236//1236 1234//1234
f 1238//1238 1323//1323 1239//1239
f 1323//1323 1324//1324 1239//1239
f 1239//1239 1324//1324 1228//1228
f 1324//1324 1325//1325 1228//1228
f 1325//1325 1313//1313 1228//1228
f 1313//1313 1325//1325 1314//1314
f 1314//1314 1325//1325 1326//1326
f 1314//1314 1326//1326 1315//1315
f 1321//1321 1327//1327 1320//1320
f 1320//1320 1327//1327 1322//1322
f 1322//1322 1327//1327 1328//1328
f 1328//1328 1330//1330 1329//1329
f 1328//1328 1329//1329 1240//1240
f 1322//1322 1328//1328 1240//1240
f 1236//1236 1322//1322 1240//1240
f 1329//1329 1242//1242 1240//1240
f 1244//1244 1331//1331 1245//1245
f 1331//1331 1332//1332 1245//1245
f 1245//1245 1332//1332 1238//1238
f 1332//1332 1333//1333 1238//1238
f 1333//1333 1323//1323 1238//1238
f 1323//1323 1333//1333 1324//1324
f 1330//1330 1334//1334 1329//1329
f 1334//1334 1336//1336 1335//1335
f 1334//1334 1335//1335 1246//1246
f 1329//1329 1334//1334 1246//1246
f 1242//1242 1329//1329 1246//1246
f 1335//1335 1248//1248 1246//1246
f 1250//1250 1337//1337 1249//1249
f 1337//1337 1338//1338 1249//1249
f 1249//1249 1338//1338 1244//1244
f 1338//1338 1339//1339 1244//1244
f 1339//1339 1331//1331 1244//1244
f 1331//1331 1339//1339 1332//1332
f 1336//1336 1340//1340 1335//1335
f 1340//1340 1342//1342 1341//1341
f 1340//1340 1341//1341 1251//1251
f 1335//1335 1340//1340 1251//1251
f 1248//1248 1335//1335 1251//1251
f 1341//1341 1252//1252 1251//1251
f 1254//1254 1343//1343 1337//1337
f 1254//1254 1337//1337 1250//1250
f 1338//1338 1337//1337 1344//1344
f 1344//1344 1337//1337 1343//1343
f 1341//1341 1342//1342 1345//1345
f 1345//1345 1342//1342 1346//1346
f 1345//1345 1256//1256 1252//1252
f 1345//1345 1252//1252 1341//1341
f 1348//1348 1347//1347 1343//1343
f 1254//1254 1348//1348 1343//1343
f 1258//1258 1348//1348 1254//1254
f 1343//1343 1347//1347 1344//1344
f 1346//1346 1349//1349 1345//1345
f 1256//1256 1345//1345 1349//1349
f 1350//1350 1256//1256 1349//1349
f 1260//1260 1256//1256 1350//1350
f 1262//1262 1351//1351 1261//1261
f 1351//1351 1352//1352 1261//1261
f 1352//1352 1258//1258 1261//1261
f 1352//1352 1348//1348 1258//1258
f 1263//1263 1260//1260 1353//1353
f 1260//1260 1354//1354 1353//1353
f 1260//1260 1350//1350 1354//1354
f 1353//1353 1264//1264 1263//1263
f 1265//1265 1355//1355 1351//1351
f 1265//1265 1351//1351 1262//1262
f 1352//1352 1351//1351 1356//1356
f 1356//1356 1351//1351 1355//1355
f 1353//1353 1354//1354 1357//1357
f 1357//1357 1354//1354 1358//1358
f 1357//1357 1266//1266 1264//1264
f 1357//1357 1264//1264 1353//1353
f 1267//1267 1355//1355 1265//1265
f 1267//1267 1269//1269 1355//1355
f 1269//1269 1356//1356 1355//1355
f 1269//1269 1359//1359 1356//1356
f 1357//1357 1358//1358 1272//1272
f 1358//1358 1271//1271 1272//1272
f 1358//1358 1360//1360 1271//1271
f 1357//1357 1272//1272 1266//1266
f 1274//1274 1362//1362 1361//1361
f 1359//1359 1274//1274 1361//1361
f 1269//1269 1274//1274 1359//1359
f 1362//1362 1363//1363 1361//1361
f 1366//1366 1365//1365 1364//1364
f 1360//1360 1366//1366 1364//1364
f 1276//1276 1360//1360 1364//1364
f 1271//1271 1360//1360 1276//1276
f 1277//1277 1367//1367 1362//1362
f 1277//1277 1362//1362 1274//1274
f 1363//1363 1362//1362 1368//1368
f 1368//1368 1362//1362 1367//1367
f 1364//1364 1365//1365 1369//1369
f 1369//1369 1365//1365 1370//1370
f 1369//1369 1278//1278 1276//1276
f 1369//1369 1276//1276 1364//1364
f 1279//1279 1367//1367 1277//1277
f 1372//1372 1371//1371 1281//1281
f 1281//1281 1371//1371 1279//1279
f 1371//1371 1368//1368 1279//1279
f 1368//1368 1367//1367 1279//1279
f 1372//1372 1373//1373 1371//1371
f 1376//1376 1375//1375 1374//1374
f 1376//1376 1374//1374 1370//1370
f 1370//1370 1374//1374 1369//1369
f 1374//1374 1283//1283 1369//1369
f 1283//1283 1284//1284 1369//1369
f 1369//1369 1284//1284 1278//1278
f 1285//1285 1372//1372 1281//1281
f 1378//1378 1377//1377 1287//1287
f 1287//1287 1377//1377 1285//1285
f 1377//1377 1373//1373 1285//1285
f 1373//1373 1372//1372 1285//1285
f 1378//1378 1379//1379 1377//1377
f 1382//1382 1381//1381 1380//1380
f 1382//1382 1380//1380 1375//1375
f 1375//1375 1380//1380 1374//1374
f 1380//1380 1289//1289 1374//1374
f 1289//1289 1290//1290 1374//1374
f 1374//1374 1290//1290 1283//1283
f 1291//1291 1378//1378 1287//1287
f 1384//1384 1383//1383 1293//1293
f 1293//1293 1383//1383 1291//1291
f 1383//1383 1379//1379 1291//1291
f 1379//1379 1378//1378 1291//1291
f 1386//1386 1385//1385 1384//1384
f 1384//1384 1385//1385 1383//1383
f 1386//1386 1387//1387 1385//1385
f 1390//1390 1389//1389 1388//1388
f 1392//1392 1391//1391 1388//1388
f 1388//1388 1391//1391 1390//1390
f 1391//1391 1392//1392 1381//1381
f 1381//1381 1392//1392 1380//1380
f 1392//1392 1295//1295 1380//1380
f 1295//1295 1296//1296 1380//1380
f 1380//1380 1296//1296 1289//1289
f 1297//1297 1384//1384 1293//1293
f 1384//1384 1297//1297 1298//1298
f 1384//1384 1298//1298 1386//1386
f 1394//1394 1393//1393 1300//1300
f 1300//1300 1393//1393 1298//1298
f 1393//1393 1387//1387 1298//1298
f 1387//1387 1386//1386 1298//1298
f 1396//1396 1395//1395 1394//1394
f 1394//1394 1395//1395 1393//1393
f 1398//1398 1397//1397 1396//1396
f 1396//1396 1397//1397 1395//1395
f 1400//1400 1399//1399 1398//1398
f 1398//1398 1399//1399 1397//1397
f 1399//1399 1400//1400 1389//1389
f 1389//1389 1400//1400 1388//1388
f 1400//1400 1302//1302 1388//1388
f 1302//1302 1303//1303 1388//1388
f 1388//1388 1303//1303 1304//1304
f 1388//1388 1304//1304 1392//1392
f 1392//1392 1304//1304 1295//1295
f 1305//1305 1394//1394 1300//1300
f 1394//1394 1305//1305 1306//1306
f 1394//1394 1306//1306 1396//1396
f 1396//1396 1306//1306 1308//1308
f 1396//1396 1308//1308 1398//1398
f 1398//1398 1308//1308 1310//1310
f 1398//1398 1310//1310 1400//1400
f 1400//1400 1310//1310 1302//1302
f 1315//1315 1401//1401 1316//1316
f 1402//1402 1317//1317 1316//1316
f 1402//1402 1316//1316 1401//1401
f 1403//1403 1318//1318 1317//1317
f 1403//1403 1317//1317 1402//1402
f 1404//1404 1319//1319 1318//1318
f 1404//1404 1318//1318 1403//1403
f 1404//1404 1321//1321 1319//1319
f 1324//1324 1405//1405 1325//1325
f 1406//1406 1326//1326 1325//1325
f 1406//1406 1325//1325 1405//1405
f 1406//1406 1407//1407 1326//1326
f 1326//1326 1407//1407 1315//1315
f 1407//1407 1408//1408 1315//1315
f 1408//1408 1401//1401 1315//1315
f 1401//1401 1408//1408 1402//1402
f 1402//1402 1408//1408 1409//1409
f 1402//1402 1409//1409 1403//1403
f 1403//1403 1409//1409 1410//1410
f 1403//1403 1410//1410 1404//1404
f 1404//1404 1410//1410 1411//1411
f 1411//1411 1413//1413 1412//1412
f 1411//1411 1412//1412 1327//1327
f 1404//1404 1411//1411 1327//1327
f 1321//1321 1404//1404 1327//1327
f 1414//1414 1328//1328 1327//1327
f 1414//1414 1327//1327 1412//1412
f 1414//1414 1330//1330 1328//1328
f 1332//1332 1415//1415 1333//1333
f 1415//1415 1416//1416 1333//1333
f 1333//1333 1416//1416 1324//1324
f 1416//1416 1417//1417 1324//1324
f 1417//1417 1405//1405 1324//1324
f 1405//1405 1417//1417 1406//1406
f 1406//1406 1417//1417 1418//1418
f 1406//1406 1418//1418 1407//1407
f 1413//1413 1419//1419 1412//1412
f 1412//1412 1419//1419 1414//1414
f 1414//1414 1419//1419 1420//1420
f 1420//1420 1422//1422 1421//1421
f 1420//1420 1421//1421 1334//1334
f 1414//1414 1420//1420 1334//1334
f 1330//1330 1414//1414 1334//1334
f 1421//1421 1336//1336 1334//1334
f 1338//1338 1423//1423 1339//1339
f 1423//1423 1424//1424 1339//1339
f 1339//1339 1424//1424 1332//1332
f 1424//1424 1425//1425 1332//1332
f 1425//1425 1415//1415 1332//1332
f 1415//1415 1425//1425 1416//1416
f 1422//1422 1426//1426 1421//1421
f 1426//1426 1428//1428 1427//1427
f 1426//1426 1427//1427 1340//1340
f 1421//1421 1426//1426 1340//1340
f 1336//1336 1421//1421 1340//1340
f 1427//1427 1342//1342 1340//1340
f 1344//1344 1429//1429 1423//1423
f 1344//1344 1423//1423 1338//1338
f 1424//1424 1423//1423 1430//1430
f 1430//1430 1423//1423 1429//1429
f 1427//1427 1428//1428 1431//1431
f 1431//1431 1428//1428 1432//1432
f 1431//1431 1346//1346 1342//1342
f 1431//1431 1342//1342 1427//1427
f 1348//1348 1433//1433 1347//1347
f 1433//1433 1434//1434 1347//1347
f 1347//1347 1434//1434 1344//1344
f 1434//1434 1435//1435 1344//1344
f 1435//1435 1429//1429 1344//1344
f 1429//1429 1435//1435 1430//1430
f 1432//1432 1436//1436 1431//1431
f 1436//1436 1438//1438 1437//1437
f 1436//1436 1437//1437 1349//1349
f 1431//1431 1436//1436 1349//1349
f 1346//1346 1431//1431 1349//1349
f 1437//1437 1350//1350 1349//1349
f 1352//1352 1439//1439 1433//1433
f 1352//1352 1433//1433 1348//1348
f 1434//1434 1433//1433 1440//1440
f 1440//1440 1433//1433 1439//1439
f 1437//1437 1438//1438 1441//1441
f 1441//1441 1438//1438 1442//1442
f 1441//1441 1354//1354 1350//1350
f 1441//1441 1350//1350 1437//1437
f 1356//1356 1443//1443 1439//1439
f 1356//1356 1439//1439 1352//1352
f 1440//1440 1439//1439 1444//1444
f 1444//1444 1439//1439 1443//1443
f 1441//1441 1442//1442 1445//1445
f 1445//1445 1442//1442 1446//1446
f 1445//1445 1358//1358 1354//1354
f 1445//1445 1354//1354 1441//1441
f 1359//1359 1447//1447 1443//1443
f 1359//1359 1443//1443 1356//1356
f 1444//1444 1443//1443 1448//1448
f 1448//1448 1443//1443 1447//1447
f 1445//1445 1446//1446 1449//1449
f 1449//1449 1446//1446 1450//1450
f 1449//1449 1360//1360 1358//1358
f 1449//1449 1358//1358 1445//1445
f 1361//1361 1447//1447 1359//1359
f 1452//1452 1451//1451 1363//1363
f 1363//1363 1451//1451 1361//1361
f 1451//1451 1448//1448 1361//1361
f 1448//1448 1447//1447 1361//1361
f 1452//1452 1453//1453 1451//1451
f 1456//1456 1455//1455 1454//1454
f 1456//1456 1454//1454 1450//1450
f 1450//1450 1454//1454 1449//1449
f 1454//1454 1365//1365 1449//1449
f 1365//1365 1366//1366 1449//1449
f 1449//1449 1366//1366 1360//1360
f 1368//1368 1457//1457 1452//1452
f 1368//1368 1452//1452 1363//1363
f 1453//1453 1452//1452 1458//1458
f 1458//1458 1452//1452 1457//1457
f 1454//1454 1455//1455 1459//1459
f 1459//1459 1455//1455 1460//1460
f 1459//1459 1370//1370 1365//1365
f 1459//1459 1365//1365 1454//1454
f 1371//1371 1457//1457 1368//1368
f 1462//1462 1461//1461 1373//1373
f 1373//1373 1461//1461 1371//1371
f 1461//1461 1458//1458 1371//1371
f 1458//1458 1457//1457 1371//1371
f 1462//1462 1463//1463 1461//1461
f 1466//1466 1465//1465 1464//1464
f 1466//1466 1464//1464 1460//1460
f 1460//1460 1464//1464 1459//1459
f 1464//1464 1375//1375 1459//1459
f 1375//1375 1376//1376 1459//1459
f 1459//1459 1376//1376 1370//1370
f 1377//1377 1462//1462 1373//1373
f 1468//1468 1467//1467 1379//1379
f 1379//1379 1467//1467 1377//1377
f 1467//1467 1463//1463 1377//1377
f 1463//1463 1462//1462 1377//1377
f 1470//1470 1469//1469 1468//1468
f 1468//1468 1469//1469 1467//1467
f 1470//1470 1471//1471 1469//1469
f 1474//1474 1473//1473 1472//1472
f 1476//1476 1475//1475 1472//1472
f 1472//1472 1475//1475 1474//1474
f 1475//1475 1476//1476 1465//1465
f 1465//1465 1476//1476 1464//1464
f 1476//1476 1381//1381 1464//1464
f 1381//1381 1382//1382 1464//1464
f 1464//1464 1382//1382 1375//1375
f 1383//1383 1468//1468 1379//1379
f 1468//1468 1383//1383 1385//1385
f 1468//1468 1385//1385 1470//1470
f 1478//1478 1477//1477 1387//1387
f 1387//1387 1477//1477 1385//1385
f 1477//1477 1471//1471 1385//1385
f 1471//1471 1470//1470 1385//1385
f 1480//1480 1479//1479 1478//1478
f 1478//1478 1479//1479 1477//1477
f 1482//1482 1481//1481 1480//1480
f 1480//1480 1481//1481 1479//1479
f 1484//1484 1483//1483 1482//1482
f 1482//1482 1483//1483 1481//1481
f 1483//1483 1484//1484 1473//1473
f 1473//1473 1484//1484 1472//1472
f 1484//1484 1389//1389 1472//1472
f 1389//1389 1390//1390 1472//1472
f 1472//1472 1390//1390 1391//1391
f 1472//1472 1391//1391 1476//1476
f 1476//1476 1391//1391 1381//1381
f 1393//1393 1478//1478 1387//1387
f 1478//1478 1393//1393 1395//1395
f 1478//1478 1395//1395 1480//1480
f 1480//1480 1395//1395 1397//1397
f 1480//1480 1397//1397 1482//1482
f 1482//1482 1397//1397 1399//1399
f 1482//1482 1399//1399 1484//1484
f 1484//1484 1399//1399 1389//1389
f 1407//1407 1485//1485 1408//1408
f 1486//1486 1409//1409 1408//1408
f 1486//1486 1408//1408 1485//1485
f 1487//1487 1410//1410 1409//1409
f 1487//1487 1409//1409 1486//1486
f 1488//1488 1411//1411 1410//1410
f 1488//1488 1410//1410 1487//1487
f 1488//1488 1413//1413 1411//1411
f 1416//1416 1489//1489 1417//1417
f 1490//1490 1418//1418 1417//1417
f 1490//1490 1417//1417 1489//1489
f 1485//1485 1407//1407 1418//1418
f 1490//1490 1485//1485 1418//1418
f 1491//1491 1485//1485 1490//1490
f 1493//1493 1486//1486 1492//1492
f 1486//1486 1491//1491 1492//1492
f 1486//1486 1485//1485 1491//1491
f 1486//1486 1493//1493 1487//1487
f 1487//1487 1493//1493 1494//1494
f 1496//1496 1495//1495 1494//1494
f 1495//1495 1487//1487 1494//1494
f 1495//1495 1488//1488 1487//1487
f 1497//1497 1419//1419 1413//1413
f 1488//1488 1497//1497 1413//1413
f 1495//1495 1497//1497 1488//1488
f 1498//1498 1420//1420 1419//1419
f 1498//1498 1419//1419 1497//1497
f 1498//1498 1422//1422 1420//1420
f 1424//1424 1499//1499 1425//1425
f 1489//1489 1416//1416 1425//1425
f 1499//1499 1489//1489 1425//1425
f 1500//1500 1489//1489 1499//1499
f 1502//1502 1490//1490 1501//1501
f 1490//1490 1500//1500 1501//1501
f 1490//1490 1489//1489 1500//1500
f 1490//1490 1502//1502 1491//1491
f 1491//1491 1502//1502 1503//1503
f 1491//1491 1503//1503 1492//1492
f 1496//1496 1504//1504 1495//1495
f 1495//1495 1504//1504 1497//1497
f 1497//1497 1504//1504 1505//1505
f 1507//1507 1506//1506 1505//1505
f 1506//1506 1497//1497 1505//1505
f 1506//1506 1498//1498 1497//1497
f 1508//1508 1426//1426 1422//1422
f 1498//1498 1508//1508 1422//1422
f 1506//1506 1508//1508 1498//1498
f 1508//1508 1428//1428 1426//1426
f 1430//1430 1509//1509 1499//1499
f 1430//1430 1499//1499 1424//1424
f 1511//1511 1500//1500 1510//1510
f 1500//1500 1509//1509 1510//1510
f 1500//1500 1499//1499 1509//1509
f 1500//1500 1511//1511 1501//1501
f 1507//1507 1512//1512 1506//1506
f 1514//1514 1513//1513 1512//1512
f 1513//1513 1506//1506 1512//1512
f 1513//1513 1508//1508 1506//1506
f 1513//1513 1432//1432 1428//1428
f 1513//1513 1428//1428 1508//1508
f 1434//1434 1515//1515 1435//1435
f 1509//1509 1430//1430 1435//1435
f 1515//1515 1509//1509 1435//1435
f 1516//1516 1509//1509 1515//1515
f 1510//1510 1509//1509 1517//1517
f 1517//1517 1509//1509 1516//1516
f 1513//1513 1514//1514 1518//1518
f 1518//1518 1514//1514 1519//1519
f 1520//1520 1436//1436 1432//1432
f 1513//1513 1520//1520 1432//1432
f 1518//1518 1520//1520 1513//1513
f 1520//1520 1438//1438 1436//1436
f 1440//1440 1521//1521 1515//1515
f 1440//1440 1515//1515 1434//1434
f 1523//1523 1516//1516 1522//1522
f 1516//1516 1521//1521 1522//1522
f 1516//1516 1515//1515 1521//1521
f 1516//1516 1523//1523 1517//1517
f 1519//1519 1524//1524 1518//1518
f 1526//1526 1525//1525 1524//1524
f 1525//1525 1518//1518 1524//1524
f 1525//1525 1520//1520 1518//1518
f 1525//1525 1442//1442 1438//1438
f 1525//1525 1438//1438 1520//1520
f 1444//1444 1527//1527 1521//1521
f 1444//1444 1521//1521 1440//1440
f 1522//1522 1521//1521 1528//1528
f 1528//1528 1521//1521 1527//1527
f 1525//1525 1526//1526 1529//1529
f 1529//1529 1526//1526 1530//1530
f 1529//1529 1446//1446 1442//1442
f 1529//1529 1442//1442 1525//1525
f 1448//1448 1531//1531 1527//1527
f 1448//1448 1527//1527 1444//1444
f 1528//1528 1527//1527 1532//1532
f 1527//1527 1533//1533 1532//1532
f 1527//1527 1531//1531 1533//1533
f 1533//1533 1534//1534 1532//1532
f 1537//1537 1536//1536 1535//1535
f 1537//1537 1535//1535 1530//1530
f 1535//1535 1529//1529 1530//1530
f 1535//1535 1538//1538 1529//1529
f 1538//1538 1450//1450 1446//1446
f 1538//1538 1446//1446 1529//1529
f 1451//1451 1531//1531 1448//1448
f 1531//1531 1451//1451 1453//1453
f 1539//1539 1531//1531 1453//1453
f 1533//1533 1531//1531 1539//1539
f 1534//1534 1533//1533 1540//1540
f 1540//1540 1533//1533 1539//1539
f 1535//1535 1536//1536 1541//1541
f 1541//1541 1536//1536 1542//1542
f 1541//1541 1455//1455 1456//1456
f 1538//1538 1541//1541 1456//1456
f 1535//1535 1541//1541 1538//1538
f 1538//1538 1456//1456 1450//1450
f 1458//1458 1543//1543 1539//1539
f 1458//1458 1539//1539 1453//1453
f 1540//1540 1539//1539 1544//1544
f 1539//1539 1545//1545 1544//1544
f 1539//1539 1543//1543 1545//1545
f 1545//1545 1546//1546 1544//1544
f 1549//1549 1548//1548 1547//1547
f 1549//1549 1547//1547 1542//1542
f 1547//1547 1541//1541 1542//1542
f 1547//1547 1550//1550 1541//1541
f 1550//1550 1460//1460 1455//1455
f 1550//1550 1455//1455 1541//1541
f 1461//1461 1543//1543 1458//1458
f 1543//1543 1461//1461 1463//1463
f 1551//1551 1543//1543 1463//1463
f 1545//1545 1543//1543 1551//1551
f 1546//1546 1545//1545 1552//1552
f 1545//1545 1553//1553 1552//1552
f 1545//1545 1551//1551 1553//1553
f 1555//1555 1554//1554 1553//1553
f 1553//1553 1554//1554 1552//1552
f 1555//1555 1556//1556 1554//1554
f 1559//1559 1558//1558 1557//1557
f 1561//1561 1560//1560 1557//1557
f 1557//1557 1560//1560 1559//1559
f 1560//1560 1561//1561 1548//1548
f 1561//1561 1547//1547 1548//1548
f 1561//1561 1562//1562 1547//1547
f 1562//1562 1465//1465 1466//1466
f 1550//1550 1562//1562 1466//1466
f 1547//1547 1562//1562 1550//1550
f 1550//1550 1466//1466 1460//1460
f 1467//1467 1551//1551 1463//1463
f 1551//1551 1467//1467 1469//1469
f 1551//1551 1469//1469 1553//1553
f 1553//1553 1469//1469 1471//1471
f 1563//1563 1553//1553 1471//1471
f 1555//1555 1553//1553 1563//1563
f 1556//1556 1555//1555 1564//1564
f 1555//1555 1565//1565 1564//1564
f 1555//1555 1563//1563 1565//1565
f 1567//1567 1566//1566 1565//1565
f 1565//1565 1566//1566 1564//1564
f 1566//1566 1567//1567 1558//1558
f 1567//1567 1557//1557 1558//1558
f 1567//1567 1568//1568 1557//1557
f 1568//1568 1473//1473 1474//1474
f 1561//1561 1568//1568 1474//1474
f 1557//1557 1568//1568 1561//1561
f 1561//1561 1474//1474 1475//1475
f 1561//1561 1475//1475 1562//1562
f 1562//1562 1475//1475 1465//1465
f 1477//1477 1563//1563 1471//1471
f 1563//1563 1477//1477 1479//1479
f 1563//1563 1479//1479 1565//1565
f 1565//1565 1479//1479 1481//1481
f 1565//1565 1481//1481 1567//1567
f 1567//1567 1481//1481 1483//1483
f 1567//1567 1483//1483 1568//1568
f 1568//1568 1483//1483 1473//1473
f 1492//1492 1569//1569 1493//1493
f 1570//1570 1494//1494 1493//1493
f 1570//1570 1493//1493 1569//1569
f 1570//1570 1496//1496 1494//1494
f 1501//1501 1571//1571 1502//1502
f 1572//1572 1503//1503 1502//1502
f 1572//1572 1502//1502 1571//1571
f 1569//1569 1492//1492 1503//1503
f 1572//1572 1569//1569 1503//1503
f 1573//1573 1569//1569 1572//1572
f 1569//1569 1574//1574 1570//1570
f 1569//1569 1573//1573 1574//1574
f 1575//1575 1504//1504 1496//1496
f 1570//1570 1575//1575 1496//1496
f 1574//1574 1575//1575 1570//1570
f 1576//1576 1505//1505 1504//1504
f 1576//1576 1504//1504 1575//1575
f 1576//1576 1507//1507 1505//1505
f 1510//1510 1577//1577 1511//1511
f 1571//1571 1501//1501 1511//1511
f 1577//1577 1571//1571 1511//1511
f 1578//1578 1571//1571 1577//1577
f 1571//1571 1579//1579 1572//1572
f 1571//1571 1578//1578 1579//1579
f 1572//1572 1580//1580 1573//1573
f 1572//1572 1579//1579 1580//1580
f 1573//1573 1581//1581 1574//1574
f 1573//1573 1580//1580 1581//1581
f 1574//1574 1582//1582 1575//1575
f 1574//1574 1581//1581 1582//1582
f 1575//1575 1583//1583 1576//1576
f 1575//1575 1582//1582 1583//1583
f 1584//1584 1512//1512 1507//1507
f 1576//1576 1584//1584 1507//1507
f 1583//1583 1584//1584 1576//1576
f 1584//1584 1514//1514 1512//1512
f 1517//1517 1585//1585 1577//1577
f 1517//1517 1577//1577 1510//1510
f 1577//1577 1586//1586 1578//1578
f 1577//1577 1585//1585 1586//1586
f 1588//1588 1579//1579 1587//1587
f 1579//1579 1586//1586 1587//1587
f 1579//1579 1578//1578 1586//1586
f 1579//1579 1588//1588 1580//1580
f 1580//1580 1588//1588 1589//1589
f 1580//1580 1589//1589 1581//1581
f 1581//1581 1589//1589 1590//1590
f 1581//1581 1590//1590 1582//1582
f 1582//1582 1590//1590 1591//1591
f 1593//1593 1592//1592 1591//1591
f 1592//1592 1582//1582 1591//1591
f 1592//1592 1583//1583 1582//1582
f 1583//1583 1594//1594 1584//1584
f 1583//1583 1592//1592 1594//1594
f 1594//1594 1519//1519 1514//1514
f 1594//1594 1514//1514 1584//1584
f 1522//1522 1595//1595 1523//1523
f 1585//1585 1517//1517 1523//1523
f 1595//1595 1585//1585 1523//1523
f 1596//1596 1585//1585 1595//1595
f 1585//1585 1597//1597 1586//1586
f 1585//1585 1596//1596 1597//1597
f 1587//1587 1586//1586 1598//1598
f 1598//1598 1586//1586 1597//1597
f 1592//1592 1593//1593 1599//1599
f 1599//1599 1593//1593 1600//1600
f 1592//1592 1601//1601 1594//1594
f 1592//1592 1599//1599 1601//1601
f 1602//1602 1524//1524 1519//1519
f 1594//1594 1602//1602 1519//1519
f 1601//1601 1602//1602 1594//1594
f 1602//1602 1526//1526 1524//1524
f 1528//1528 1603//1603 1595//1595
f 1528//1528 1595//1595 1522//1522
f 1595//1595 1604//1604 1596//1596
f 1595//1595 1603//1603 1604//1604
f 1596//1596 1605//1605 1597//1597
f 1596//1596 1604//1604 1605//1605
f 1598//1598 1597//1597 1606//1606
f 1606//1606 1597//1597 1605//1605
f 1599//1599 1600//1600 1607//1607
f 1607//1607 1600//1600 1608//1608
f 1599//1599 1609//1609 1601//1601
f 1599//1599 1607//1607 1609//1609
f 1601//1601 1610//1610 1602//1602
f 1601//1601 1609//1609 1610//1610
f 1610//1610 1530//1530 1526//1526
f 1610//1610 1526//1526 1602//1602
f 1532//1532 1603//1603 1528//1528
f 1603//1603 1532//1532 1534//1534
f 1611//1611 1603//1603 1534//1534
f 1604//1604 1603//1603 1611//1611
f 1604//1604 1612//1612 1605//1605
f 1604//1604 1611//1611 1612//1612
f 1606//1606 1605//1605 1613//1613
f 1613//1613 1605//1605 1612//1612
f 1607//1607 1608//1608 1614//1614
f 1614//1614 1608//1608 1615//1615
f 1607//1607 1616//1616 1609//1609
f 1607//1607 1614//1614 1616//1616
f 1616//1616 1536//1536 1537//1537
f 1610//1610 1616//1616 1537//1537
f 1609//1609 1616//1616 1610//1610
f 1610//1610 1537//1537 1530//1530
f 1540//1540 1617//1617 1611//1611
f 1540//1540 1611//1611 1534//1534
f 1611//1611 1618//1618 1612//1612
f 1611//1611 1617//1617 1618//1618
f 1613//1613 1612//1612 1619//1619
f 1612//1612 1620//1620 1619//1619
f 1612//1612 1618//1618 1620//1620
f 1622//1622 1621//1621 1620//1620
f 1620//1620 1621//1621 1619//1619
f 1624//1624 1623//1623 1622//1622
f 1622//1622 1623//1623 1621//1621
f 1626//1626 1625//1625 1624//1624
f 1624//1624 1625//1625 1623//1623
f 1625//1625 1626//1626 1615//1615
f 1626//1626 1614//1614 1615//1615
f 1626//1626 1627//1627 1614//1614
f 1614//1614 1628//1628 1616//1616
f 1614//1614 1627//1627 1628//1628
f 1628//1628 1542//1542 1536//1536
f 1628//1628 1536//1536 1616//1616
f 1544//1544 1617//1617 1540//1540
f 1617//1617 1544//1544 1546//1546
f 1629//1629 1617//1617 1546//1546
f 1618//1618 1617//1617 1629//1629
f 1618//1618 1630//1630 1620//1620
f 1618//1618 1629//1629 1630//1630
f 1620//1620 1631//1631 1622//1622
f 1620//1620 1630//1630 1631//1631
f 1622//1622 1632//1632 1624//1624
f 1622//1622 1631//1631 1632//1632
f 1624//1624 1633//1633 1626//1626
f 1624//1624 1632//1632 1633//1633
f 1626//1626 1634//1634 1627//1627
f 1626//1626 1633//1633 1634//1634
f 1634//1634 1548//1548 1549//1549
f 1628//1628 1634//1634 1549//1549
f 1627//1627 1634//1634 1628//1628
f 1628//1628 1549//1549 1542//1542
f 1552//1552 1629//1629 1546//1546
f 1629//1629 1552//1552 1554//1554
f 1629//1629 1554//1554 1630//1630
f 1630//1630 1554//1554 1556//1556
f 1635//1635 1630//1630 1556//1556
f 1631//1631 1630//1630 1635//1635
f 1631//1631 1636//1636 1632//1632
f 1631//1631 1635//1635 1636//1636
f 1636//1636 1558//1558 1559//1559
f 1633//1633 1636//1636 1559//1559
f 1632//1632 1636//1636 1633//1633
f 1633//1633 1559//1559 1560//1560
f 1633//1633 1560//1560 1634//1634
f 1634//1634 1560//1560 1548//1548
f 1564//1564 1635//1635 1556//1556
f 1635//1635 1564//1564 1566//1566
f 1635//1635 1566//1566 1636//1636
f 1636//1636 1566//1566 1558//1558
f 1587//1587 1637//1637 1588//1588
f 1638//1638 1589//1589 1588//1588
f 1638//1638 1588//1588 1637//1637
f 1639//1639 1590//1590 1589//1589
f 1639//1639 1589//1589 1638//1638
f 1640//1640 1591//1591 1590//1590
f 1640//1640 1590//1590 1639//1639
f 1640//1640 1593//1593 1591//1591
f 1598//1598 1641//1641 1637//1637
f 1598//1598 1637//1637 1587//1587
f 1637//1637 1642//1642 1638//1638
f 1637//1637 1641//1641 1642//1642
f 1638//1638 1643//1643 1639//1639
f 1638//1638 1642//1642 1643//1643
f 1639//1639 1644//1644 1640//1640
f 1639//1639 1643//1643 1644//1644
f 1644//1644 1600//1600 1593//1593
f 1644//1644 1593//1593 1640//1640
f 1606//1606 1645//1645 1641//1641
f 1606//1606 1641//1641 1598//1598
f 1641//1641 1646//1646 1642//1642
f 1641//1641 1645//1645 1646//1646
f 1642//1642 1647//1647 1643//1643
f 1642//1642 1646//1646 1647//1647
f 1643//1643 1648//1648 1644//1644
f 1643//1643 1647//1647 1648//1648
f 1648//1648 1608//1608 1600//1600
f 1648//1648 1600//1600 1644//1644
f 1613//1613 1649//1649 1645//1645
f 1613//1613 1645//1645 1606//1606
f 1645//1645 1650//1650 1646//1646
f 1645//1645 1649//1649 1650//1650
f 1646//1646 1651//1651 1647//1647
f 1646//1646 1650//1650 1651//1651
f 1647//1647 1652//1652 1648//1648
f 1647//1647 1651//1651 1652//1652
f 1652//1652 1615//1615 1608//1608
f 1652//1652 1608//1608 1648//1648
f 1619//1619 1649//1649 1613//1613
f 1649//1649 1619//1619 1621//1621
f 1649//1649 1621//1621 1650//1650
f 1650//1650 1621//1621 1623//1623
f 1650//1650 1623//1623 1651//1651
f 1651//1651 1623//1623 1625//1625
f 1651//1651 1625//1625 1652//1652
f 1652//1652 1625//1625 1615//1615

