# https://github.com/mikedh/trimesh
v -0.23639291 -0.13244165 -0.14179041
v -0.23501662 -0.13826983 -0.14179041
v -0.23501662 -0.13244165 -0.15612666
v -0.23586013 -0.13244165 -0.11420560
v -0.23501662 -0.13600145 -0.11420560
v -0.23501662 -0.13244165 -0.10792238
v -0.23714571 -0.10485683 -0.16937519
v -0.23501662 -0.12214461 -0.16937519
v -0.23501662 -0.10485683 -0.17947863
v -0.23979311 -0.10485683 -0.14179041
v -0.23927806 -0.10485683 -0.11420560
v -0.23501662 -0.10942526 -0.08662082
v -0.23558464 -0.10485683 -0.08662082
v -0.23501662 -0.10485683 -0.08432517
v -0.23738776 -0.07727206 -0.16937519
v -0.23501662 -0.07727206 -0.18061202
v -0.24003956 -0.07727206 -0.14179041
v -0.23953019 -0.07727206 -0.11420560
v -0.23584370 -0.07727206 -0.08662082
v -0.23501662 -0.07727206 -0.08327742
v -0.23501662 -0.05494269 -0.16937519
v -0.23501662 -0.04968728 -0.16361093
v -0.23713072 -0.04968728 -0.14179041
v -0.23661789 -0.04968728 -0.11420560
v -0.23501662 -0.04968728 -0.10223901
v -0.23501662 -0.06946701 -0.08662082
v -0.23501662 -0.04008120 -0.14179041
v -0.23501662 -0.04241167 -0.11420560
v -0.21047240 -0.18761120 -0.19695997
v -0.20743184 -0.19382400 -0.19695997
v -0.20743184 -0.18761120 -0.20560406
v -0.21671159 -0.18761120 -0.16937519
v -0.20743184 -0.20622515 -0.16937519
v -0.21946115 -0.18761120 -0.14179041
v -0.20743184 -0.21142263 -0.14179041
v -0.21880511 -0.18761120 -0.11420560
v -0.20743184 -0.20994165 -0.11420560
v -0.21471523 -0.18761120 -0.08662082
v -0.20743184 -0.20186031 -0.08662082
v -0.20743184 -0.18761120 -0.06033588
v -0.21108256 -0.16002642 -0.22454478
v -0.20743184 -0.16980064 -0.22454478
v -0.20743184 -0.16002642 -0.23213641
v -0.22084566 -0.16002642 -0.19695997
v -0.22697749 -0.16002642 -0.16937519
v -0.22970034 -0.16002642 -0.14179041
v -0.22912342 -0.16002642 -0.11420560
v -0.22522194 -0.16002642 -0.08662082
v -0.20743184 -0.18669952 -0.05903605
v -0.21784578 -0.16002642 -0.05903605
v -0.20743184 -0.16002642 -0.03306487
v -0.21812284 -0.13244165 -0.22454478
v -0.20743184 -0.13244165 -0.24659447
v -0.22771462 -0.13244165 -0.19695997
v -0.23372363 -0.13244165 -0.16937519
v -0.23209517 -0.13244165 -0.08662082
v -0.22492538 -0.13244165 -0.05903605
v -0.20743184 -0.15755235 -0.03145123
v -0.21408638 -0.13244165 -0.03145123
v -0.20743184 -0.13244165 -0.01872802
v -0.20835753 -0.10485683 -0.25212956
v -0.20743184 -0.11175395 -0.25212956
v -0.20743184 -0.10485683 -0.25365344
v -0.22173554 -0.10485683 -0.22454478
v -0.23121992 -0.10485683 -0.19695997
v -0.22853280 -0.10485683 -0.05903605
v -0.21783362 -0.10485683 -0.03145123
v -0.20743184 -0.10485683 -0.01161841
v -0.20861107 -0.07727206 -0.25212956
v -0.20743184 -0.07727206 -0.25407182
v -0.22198053 -0.07727206 -0.22454478
v -0.23146197 -0.07727206 -0.19695997
v -0.22880386 -0.07727206 -0.05903605
v -0.21811608 -0.07727206 -0.03145123
v -0.20743184 -0.07727206 -0.01108676
v -0.20743184 -0.06720426 -0.25212956
v -0.20743184 -0.04968728 -0.24805330
v -0.21884233 -0.04968728 -0.22454478
v -0.22843330 -0.04968728 -0.19695997
v -0.23444928 -0.04968728 -0.16937519
v -0.23288306 -0.04968728 -0.08662082
v -0.22574618 -0.04968728 -0.05903605
v -0.21493952 -0.04968728 -0.03145123
v -0.20743184 -0.04968728 -0.01711181
v -0.21220781 -0.02210246 -0.22454478
v -0.20743184 -0.02210246 -0.23444633
v -0.22200160 -0.02210246 -0.19695997
v -0.22817126 -0.02210246 -0.16937519
v -0.23093512 -0.02210246 -0.14179041
v -0.23040428 -0.02210246 -0.11420560
v -0.22655505 -0.02210246 -0.08662082
v -0.21923412 -0.02210246 -0.05903605
v -0.20819721 -0.02210246 -0.03145123
v -0.20743184 -0.02210246 -0.02998233
v -0.20743184 -0.00910630 -0.22454478
v -0.20743184 0.00548231 -0.20954388
v -0.21193284 0.00548231 -0.19695997
v -0.21829997 0.00548231 -0.16937519
v -0.22116034 0.00548231 -0.14179041
v -0.22060279 0.00548231 -0.11420560
v -0.21660420 0.00548231 -0.08662082
v -0.20903343 0.00548231 -0.05903605
v -0.20743184 0.00548231 -0.05501888
v -0.20743184 -0.02003033 -0.03145123
v -0.20743184 0.01462828 -0.19695997
v -0.20743184 0.02743423 -0.16937519
v -0.20743184 0.03306709 -0.14211372
v -0.20746620 0.03306709 -0.14179041
v -0.20743184 0.03306709 -0.14019467
v -0.20743184 0.03199227 -0.11420560
v -0.20743184 0.02396615 -0.08662082
v -0.20743184 0.00872102 -0.05903605
v -0.20743184 0.03312276 -0.14179041
v -0.18404325 -0.24278079 -0.16937519
v -0.17984703 -0.24814758 -0.16937519
v -0.17984703 -0.24278079 -0.18823438
v -0.18652074 -0.24278079 -0.14179041
v -0.17984703 -0.25101992 -0.14179041
v -0.18531799 -0.24278079 -0.11420560
v -0.17984703 -0.24937998 -0.11420560
v -0.18033505 -0.24278079 -0.08662082
v -0.17984703 -0.24336214 -0.08662082
v -0.17984703 -0.24278079 -0.08507349
v -0.18570800 -0.21519601 -0.22454478
v -0.17984703 -0.22447930 -0.22454478
v -0.17984703 -0.21519601 -0.23584868
v -0.19609294 -0.21519601 -0.19695997
v -0.17984703 -0.23992863 -0.19695997
v -0.20257495 -0.21519601 -0.16937519
v -0.20535859 -0.21519601 -0.14179041
v -0.20451696 -0.21519601 -0.11420560
v -0.19999349 -0.21519601 -0.08662082
v -0.17984703 -0.23168217 -0.05903605
v -0.19162038 -0.21519601 -0.05903605
v -0.17984703 -0.21519601 -0.03284746
v -0.18573149 -0.18761120 -0.25212956
v -0.17984703 -0.19890092 -0.25212956
v -0.17984703 -0.18761120 -0.26086013
v -0.20028936 -0.18761120 -0.22454478
v -0.20704924 -0.18761120 -0.05903605
v -0.17984703 -0.21412293 -0.03145123
v -0.19515834 -0.18761120 -0.03145123
v -0.17984703 -0.18761120 -0.00526450
v -0.19696787 -0.16002642 -0.25212956
v -0.17984703 -0.16002642 -0.27713593
v -0.20673596 -0.16002642 -0.03145123
v -0.17984703 -0.18570676 -0.00386646
v -0.19101252 -0.16002642 -0.00386646
v -0.17984703 -0.16002642 0.01168378
v -0.18585749 -0.13244165 -0.27971433
v -0.17984703 -0.15358401 -0.27971433
v -0.17984703 -0.13244165 -0.28699768
v -0.20451624 -0.13244165 -0.25212956
v -0.19894498 -0.13244165 -0.00386646
v -0.17984703 -0.13244165 0.02243637
v -0.18995091 -0.10485683 -0.27971433
v -0.17984703 -0.10485683 -0.29193921
v -0.20299642 -0.10485683 -0.00386646
v -0.17984703 -0.12600491 0.02371832
v -0.18306684 -0.10485683 0.02371832
v -0.17984703 -0.10485683 0.02747997
v -0.19024493 -0.07727206 -0.27971433
v -0.17984703 -0.07727206 -0.29231988
v -0.20329927 -0.07727206 -0.00386646
v -0.18337585 -0.07727206 0.02371832
v -0.17984703 -0.07727206 0.02783736
v -0.18672183 -0.04968728 -0.27971433
v -0.17984703 -0.04968728 -0.28810243
v -0.20528362 -0.04968728 -0.25212956
v -0.19985971 -0.04968728 -0.00386646
v -0.17984703 -0.04968728 0.02363147
v -0.17984703 -0.05019931 0.02371832
v -0.17984703 -0.02400319 -0.27971433
v -0.17984703 -0.02210246 -0.27899569
v -0.19815528 -0.02210246 -0.25212956
v -0.19255159 -0.02210246 -0.00386646
v -0.17984703 -0.02210246 0.01375043
v -0.18707019 0.00548231 -0.25212956
v -0.17984703 0.00548231 -0.26293500
v -0.20167472 0.00548231 -0.22454478
v -0.19728961 0.00548231 -0.03145123
v -0.18115423 0.00548231 -0.00386646
v -0.17984703 0.00548231 -0.00202289
v -0.17984703 0.01887574 -0.25212956
v -0.17984703 0.03306709 -0.23762087
v -0.18675164 0.03306709 -0.22454478
v -0.19755217 0.03306709 -0.19695997
v -0.20440039 0.03306709 -0.16937519
v -0.20685178 0.03306709 -0.11420560
v -0.20251843 0.03306709 -0.08662082
v -0.19430186 0.03306709 -0.05903605
v -0.18197575 0.03306709 -0.03145123
v -0.17984703 0.03306709 -0.02776708
v -0.17984703 0.00786357 -0.00386646
v -0.17984703 0.04320884 -0.22454478
v -0.17984703 0.05861228 -0.19695997
v -0.17984703 0.06065186 -0.19122955
v -0.18545599 0.06065186 -0.16937519
v -0.18865845 0.06065186 -0.14179041
v -0.18797441 0.06065186 -0.11420560
v -0.18336010 0.06065186 -0.08662082
v -0.17984703 0.06065186 -0.07526049
v -0.17984703 0.05372723 -0.05903605
v -0.17984703 0.03613870 -0.03145123
v -0.17984703 0.06739740 -0.16937519
v -0.17984703 0.07118846 -0.14179041
v -0.17984703 0.07035123 -0.11420560
v -0.17984703 0.06484800 -0.08662082
v -0.15510865 -0.27036556 -0.19695997
v -0.15226225 -0.27347895 -0.19695997
v -0.15226225 -0.27036556 -0.20542464
v -0.16038529 -0.27036556 -0.16937519
v -0.15226225 -0.27862991 -0.16937519
v -0.16199260 -0.27036556 -0.14179041
v -0.15226225 -0.27968797 -0.14179041
v -0.15983410 -0.27036556 -0.11420560
v -0.15226225 -0.27733487 -0.11420560
v -0.15366718 -0.27036556 -0.08662082
v -0.15226225 -0.27163112 -0.08662082
v -0.15226225 -0.27036556 -0.08280261
v -0.16722778 -0.24278079 -0.22454478
v -0.15226225 -0.26219032 -0.22454478
v -0.15226225 -0.24278079 -0.25183002
v -0.17777433 -0.24278079 -0.19695997
v -0.17080229 -0.24278079 -0.05903605
v -0.15226225 -0.26180703 -0.05903605
v -0.15684849 -0.24278079 -0.03145123
v -0.15226225 -0.24754189 -0.03145123
v -0.15226225 -0.24278079 -0.02426110
v -0.17049626 -0.21519601 -0.25212956
v -0.15226225 -0.24253100 -0.25212956
v -0.15226225 -0.21519601 -0.27635409
v -0.17915070 -0.21519601 -0.03145123
v -0.15226225 -0.22667949 -0.00386646
v -0.16137881 -0.21519601 -0.00386646
v -0.15226225 -0.21519601 0.00793952
v -0.16542277 -0.18761120 -0.27971433
v -0.15226225 -0.21063419 -0.27971433
v -0.15226225 -0.18761120 -0.29374189
v -0.17893040 -0.18761120 -0.00386646
v -0.15226225 -0.19526224 0.02371832
v -0.15696897 -0.18761120 0.02371832
v -0.15226225 -0.18761120 0.02889864
v -0.17783955 -0.16002642 -0.27971433
v -0.15226225 -0.16002642 -0.30661221
v -0.17003728 -0.16002642 0.02371832
v -0.15226225 -0.16002642 0.04240414
v -0.16050315 -0.13244165 -0.30729915
v -0.15226225 -0.15790072 -0.30729915
v -0.15226225 -0.13244165 -0.31470826
v -0.17878683 -0.13244165 0.02371832
v -0.15226225 -0.13244165 0.05087433
v -0.16519441 -0.10485683 -0.30729915
v -0.15226225 -0.10485683 -0.31893079
v -0.15631829 -0.10485683 0.05130309
v -0.15226225 -0.12970542 0.05130309
v -0.15226225 -0.10485683 0.05492827
v -0.16559643 -0.07727206 -0.30729915
v -0.15226225 -0.07727206 -0.31934859
v -0.15663656 -0.07727206 0.05130309
v -0.15226225 -0.07727206 0.05520807
v -0.16173415 -0.04968728 -0.30729915
v -0.15226225 -0.04968728 -0.31595867
v -0.17977496 -0.04968728 0.02371832
v -0.15274411 -0.04968728 0.05130309
v -0.15226225 -0.04968728 0.05174088
v -0.15370557 -0.02210246 -0.30729915
v -0.15226225 -0.02210246 -0.30865175
v -0.17929189 -0.02210246 -0.27971433
v -0.17166655 -0.02210246 0.02371832
v -0.15226225 -0.02210246 0.04394986
v -0.15226225 -0.04800573 0.05130309
v -0.15226225 -0.01868986 -0.30729915
v -0.15226225 0.00548231 -0.29635171
v -0.16719717 0.00548231 -0.27971433
v -0.15917407 0.00548231 0.02371832
v -0.15226225 0.00548231 0.03124179
v -0.15226225 0.03115037 -0.27971433
v -0.17132628 0.03306709 -0.25212956
v -0.15226225 0.03306709 -0.27820837
v -0.16434006 0.03306709 -0.00386646
v -0.15226225 0.03306709 0.01153884
v -0.15226225 0.01699495 0.02371832
v -0.15226225 0.05858497 -0.25212956
v -0.16642633 0.06065186 -0.22454478
v -0.15226225 0.06065186 -0.24937855
v -0.17824209 0.06065186 -0.19695997
v -0.17433006 0.06065186 -0.05903605
v -0.16051258 0.06065186 -0.03145123
v -0.15226225 0.06065186 -0.01866687
v -0.15226225 0.04856205 -0.00386646
v -0.15226225 0.07609929 -0.22454478
v -0.15226225 0.08808211 -0.19695997
v -0.15986923 0.08823664 -0.16937519
v -0.15226225 0.08823664 -0.19641039
v -0.16338714 0.08823664 -0.14179041
v -0.16253621 0.08823664 -0.11420560
v -0.15722662 0.08823664 -0.08662082
v -0.15226225 0.08823664 -0.07256310
v -0.15226225 0.08352383 -0.05903605
v -0.15226225 0.06932387 -0.03145123
v -0.15226225 0.09509037 -0.16937519
v -0.15226225 0.09816562 -0.14179041
v -0.15226225 0.09737455 -0.11420560
v -0.15226225 0.09265562 -0.08662082
v -0.12757205 -0.29795038 -0.19695997
v -0.12467748 -0.30046155 -0.19695997
v -0.12467748 -0.29795038 -0.20717616
v -0.13051742 -0.29795038 -0.16937519
v -0.12467748 -0.30260663 -0.16937519
v -0.12971814 -0.29795038 -0.14179041
v -0.12467748 -0.30166410 -0.14179041
v -0.12527781 -0.29795038 -0.11420560
v -0.12467748 -0.29836871 -0.11420560
v -0.12467748 -0.29795038 -0.11219828
v -0.13051630 -0.27036556 -0.25212956
v -0.12467748 -0.27694707 -0.25212956
v -0.12467748 -0.27036556 -0.25967909
v -0.14553593 -0.27036556 -0.22454478
v -0.12467748 -0.29290851 -0.22454478
v -0.12467748 -0.29247386 -0.08662082
v -0.14224143 -0.27036556 -0.05903605
v -0.12467748 -0.28361805 -0.05903605
v -0.12606593 -0.27036556 -0.03145123
v -0.12467748 -0.27143204 -0.03145123
v -0.12467748 -0.27036556 -0.02945818
v -0.12951902 -0.24278079 -0.27971433
v -0.12467748 -0.24898823 -0.27971433
v -0.12467748 -0.24278079 -0.28436144
v -0.15208058 -0.24278079 -0.25212956
v -0.13742220 -0.24278079 -0.00386646
v -0.12467748 -0.25457251 -0.00386646
v -0.12467748 -0.24278079 0.01194287
v -0.14931035 -0.21519601 -0.27971433
v -0.12467748 -0.21519601 -0.30240886
v -0.13847703 -0.21519601 0.02371832
v -0.12467748 -0.23171000 0.02371832
v -0.12467748 -0.21519601 0.03872329
v -0.13700056 -0.18761120 -0.30729915
v -0.12467748 -0.20654959 -0.30729915
v -0.12467748 -0.18761120 -0.31671739
v -0.12926311 -0.18761120 0.05130309
v -0.12467748 -0.19541314 0.05130309
v -0.12467748 -0.18761120 0.05559092
v -0.15147690 -0.16002642 -0.30729915
v -0.12467748 -0.16002642 -0.32760944
v -0.14237444 -0.16002642 0.05130309
v -0.12467748 -0.16002642 0.06609650
v -0.12495083 -0.13244165 -0.33488392
v -0.12467748 -0.13315936 -0.33488392
v -0.12467748 -0.13244165 -0.33506511
v -0.15176380 -0.13244165 0.05130309
v -0.12467748 -0.13244165 0.07247877
v -0.13068448 -0.10485683 -0.33488392
v -0.12467748 -0.10485683 -0.33887821
v -0.12467748 -0.10485683 0.07565069
v -0.13138740 -0.07727206 -0.33488392
v -0.12467748 -0.07727206 -0.33938641
v -0.12467748 -0.07727206 0.07586693
v -0.12726732 -0.04968728 -0.33488392
v -0.12467748 -0.04968728 -0.33665772
v -0.12467748 -0.04968728 0.07314303
v -0.12467748 -0.04109592 -0.33488392
v -0.12467748 -0.02210246 -0.33062011
v -0.14395686 -0.02210246 0.05130309
v -0.12467748 -0.02210246 0.06727605
v -0.14084963 0.00548231 -0.30729915
v -0.12467748 0.00548231 -0.32116183
v -0.13117818 0.00548231 0.05130309
v -0.12467748 0.00548231 0.05737712
v -0.12516300 0.03306709 -0.30729915
v -0.12467748 0.03306709 -0.30776844
v -0.15101374 0.03306709 -0.27971433
v -0.14130659 0.03306709 0.02371832
v -0.12467748 0.03306709 0.04141826
v -0.12467748 0.01679040 0.05130309
v -0.12467748 0.03383987 -0.30729915
v -0.12467748 0.06065186 -0.28668880
v -0.13026264 0.06065186 -0.27971433
v -0.15050360 0.06065186 -0.25212956
v -0.14125882 0.06065186 -0.00386646
v -0.12467748 0.06065186 0.01607625
v -0.12467748 0.05312203 0.02371832
v -0.12467748 0.06733875 -0.27971433
v -0.12467748 0.08723304 -0.25212956
v -0.13925154 0.08823664 -0.22454478
v -0.12467748 0.08823664 -0.25033010
v -0.15208791 0.08823664 -0.19695997
v -0.14680233 0.08823664 -0.05903605
v -0.13078425 0.08823664 -0.03145123
v -0.12467748 0.08823664 -0.02285677
v -0.12467748 0.07610228 -0.00386646
v -0.12467748 0.10032355 -0.22454478
v -0.12467748 0.10966295 -0.19695997
v -0.12467748 0.11563458 -0.16937519
v -0.12821585 0.11582149 -0.14179041
v -0.12467748 0.11582149 -0.16744030
v -0.12702574 0.11582149 -0.11420560
v -0.12467748 0.11582149 -0.10400975
v -0.12467748 0.11304031 -0.08662082
v -0.12467748 0.10493516 -0.05903605
v -0.12467748 0.09295033 -0.03145123
v -0.12467748 0.11816714 -0.14179041
v -0.12467748 0.11736939 -0.11420560
v -0.12695001 0.19857582 0.24439660
v -0.12467748 0.19142569 0.24439660
v -0.12467748 0.19857582 0.23976984
v -0.13121226 0.19857582 0.27198138
v -0.12467748 0.17816188 0.27198138
v -0.12467748 0.19857582 0.29892937
v -0.12498346 0.22616060 0.24439660
v -0.12467748 0.22616060 0.24373927
v -0.12907060 0.22616060 0.27198138
v -0.12467748 0.22616060 0.29000673
v -0.12467748 0.22687561 0.24439660
v -0.12467748 0.23587342 0.27198138
v -0.10371099 -0.29795038 -0.25212956
v -0.09709266 -0.30325856 -0.25212956
v -0.09709266 -0.29795038 -0.25946741
v -0.11950831 -0.29795038 -0.22454478
v -0.09709266 -0.31558398 -0.22454478
v -0.09709266 -0.32055866 -0.19695997
v -0.09709266 -0.32063822 -0.16937519
v -0.09709266 -0.31806522 -0.14179041
v -0.09709266 -0.31388394 -0.11420560
v -0.11539692 -0.29795038 -0.08662082
v -0.09709266 -0.30793612 -0.08662082
v -0.10037943 -0.29795038 -0.05903605
v -0.09709266 -0.29973582 -0.05903605
v -0.09709266 -0.29795038 -0.05426085
v -0.10599468 -0.27036556 -0.27971433
v -0.09709266 -0.27899088 -0.27971433
v -0.09709266 -0.27036556 -0.28687305
v -0.09709266 -0.28872759 -0.03145123
v -0.10412952 -0.27036556 -0.00386646
v -0.09709266 -0.27515281 -0.00386646
v -0.09709266 -0.27036556 0.00526082
v -0.09709266 -0.24278079 -0.30532301
v -0.11434986 -0.24278079 0.02371832
v -0.09709266 -0.25858649 0.02371832
v -0.09709266 -0.24278079 0.04581993
v -0.11792102 -0.21519601 -0.30729915
v -0.09709266 -0.23944782 -0.30729915
v -0.09709266 -0.21519601 -0.32027328
v -0.11266158 -0.21519601 0.05130309
v -0.09709266 -0.23716123 0.05130309
v -0.09709266 -0.21519601 0.06865701
v -0.09709266 -0.18761120 -0.33316443
v -0.09836973 -0.18761120 0.07888787
v -0.09709266 -0.19091722 0.07888787
v -0.09709266 -0.18761120 0.08000224
v -0.11231407 -0.16002642 -0.33488392
v -0.09709266 -0.18309815 -0.33488392
v -0.09709266 -0.16002642 -0.34301755
v -0.10702285 -0.16002642 0.07888787
v -0.09709266 -0.16002642 0.08593947
v -0.09709266 -0.13244165 -0.34982791
v -0.11461887 -0.13244165 0.07888787
v -0.09709266 -0.13244165 0.08965948
v -0.09709266 -0.10485683 -0.35352285
v -0.11929655 -0.10485683 0.07888787
v -0.09709266 -0.10485683 0.09164572
v -0.09709266 -0.07727206 -0.35417478
v -0.11963270 -0.07727206 0.07888787
v -0.09709266 -0.07727206 0.09182490
v -0.09709266 -0.04968728 -0.35198116
v -0.11553082 -0.04968728 0.07888787
v -0.09709266 -0.04968728 0.09022689
v -0.11803518 -0.02210246 -0.33488392
v -0.09709266 -0.02210246 -0.34728814
v -0.10832764 -0.02210246 0.07888787
v -0.09709266 -0.02210246 0.08703370
v -0.10574166 0.00548231 -0.33488392
v -0.09709266 0.00548231 -0.34062985
v -0.10030817 0.00548231 0.07888787
v -0.09709266 0.00548231 0.08193669
v -0.09709266 0.02521878 -0.33488392
v -0.09709266 0.03306709 -0.33214693
v -0.11480489 0.03306709 0.05130309
v -0.09709266 0.03306709 0.07234503
v -0.09709266 0.01562986 0.07888787
v -0.10798193 0.06065186 -0.30729915
v -0.09709266 0.06065186 -0.31929635
v -0.11755340 0.06065186 0.02371832
v -0.09709266 0.06065186 0.04993470
v -0.09709266 0.05918461 0.05130309
v -0.09709266 0.07699711 -0.30729915
v -0.10668053 0.08823664 -0.27971433
v -0.09709266 0.08823664 -0.29507314
v -0.12357801 0.08823664 -0.25212956
v -0.10881336 0.08823664 -0.00386646
v -0.09709266 0.08823664 0.01078282
v -0.09709266 0.07947408 0.02371832
v -0.09709266 0.09796992 -0.27971433
v -0.09709266 0.11006006 -0.25212956
v -0.10215383 0.11582149 -0.22454478
v -0.09709266 0.11582149 -0.23540328
v -0.11478254 0.11582149 -0.19695997
v -0.12436343 0.11582149 -0.16937519
v -0.11990638 0.11582149 -0.08662082
v -0.10622691 0.11582149 -0.05903605
v -0.09709266 0.11582149 -0.04561587
v -0.09709266 0.11010300 -0.03145123
v -0.09709266 0.09623150 -0.00386646
v -0.09709266 0.11900687 -0.22454478
v -0.09709266 0.12595986 -0.19695997
v -0.09709266 0.13075734 -0.16937519
v -0.09709266 0.13287555 -0.14179041
v -0.09709266 0.13201939 -0.11420560
v -0.09709266 0.12801362 -0.08662082
v -0.09709266 0.12076069 -0.05903605
v -0.11648483 0.17099104 0.24439660
v -0.09709266 0.15083177 0.24439660
v -0.09709266 0.17099104 0.21784547
v -0.12185557 0.17099104 0.27198138
v -0.09709266 0.14550531 0.27198138
v -0.11346719 0.17099104 0.29956623
v -0.09709266 0.15406992 0.29956623
v -0.09709266 0.17099104 0.31838007
v -0.10921917 0.19857582 0.21681183
v -0.09709266 0.17273906 0.21681183
v -0.09709266 0.19857582 0.20469487
v -0.12449633 0.19857582 0.29956623
v -0.09709266 0.18972657 0.32715101
v -0.10111232 0.19857582 0.32715101
v -0.09709266 0.19857582 0.33018049
v -0.10772368 0.22616060 0.21681183
v -0.09709266 0.22616060 0.20459311
v -0.12189424 0.22616060 0.29956623
v -0.09779619 0.22616060 0.32715101
v -0.09709266 0.22616060 0.32768113
v -0.09709266 0.24726707 0.21681183
v -0.10932837 0.25374537 0.24439660
v -0.09709266 0.25374537 0.22255876
v -0.11388702 0.25374537 0.27198138
v -0.10434064 0.25374537 0.29956623
v -0.09709266 0.25374537 0.30790760
v -0.09709266 0.22722784 0.32715101
v -0.09709266 0.26581899 0.24439660
v -0.09709266 0.26905157 0.27198138
v -0.09709266 0.26020901 0.29956623
v -0.07881821 -0.32553515 -0.22454478
v -0.06950788 -0.32982979 -0.22454478
v -0.06950788 -0.32553515 -0.23653086
v -0.08740316 -0.32553515 -0.19695997
v -0.06950788 -0.33349605 -0.19695997
v -0.08658374 -0.32553515 -0.16937519
v -0.06950788 -0.33266297 -0.16937519
v -0.07941833 -0.32553515 -0.14179041
v -0.06950788 -0.32941343 -0.14179041
v -0.06950788 -0.32553515 -0.11826240
v -0.07079692 -0.29795038 -0.27971433
v -0.06950788 -0.29868537 -0.27971433
v -0.06950788 -0.29795038 -0.28046290
v -0.06950788 -0.31912630 -0.25212956
v -0.06950788 -0.32485676 -0.11420560
v -0.06950788 -0.31888307 -0.08662082
v -0.06950788 -0.31105486 -0.05903605
v -0.07725400 -0.29795038 -0.03145123
v -0.06950788 -0.30128468 -0.03145123
v -0.06950788 -0.29795038 -0.02264158
v -0.06950788 -0.27036556 -0.30218432
v -0.06950788 -0.29005111 -0.00386646
v -0.08240713 -0.27036556 0.02371832
v -0.06950788 -0.27897642 0.02371832
v -0.06950788 -0.27036556 0.04650771
v -0.09336259 -0.24278079 -0.30729915
v -0.06950788 -0.26200321 -0.30729915
v -0.06950788 -0.24278079 -0.31832256
v -0.09324222 -0.24278079 0.05130309
v -0.06950788 -0.26808626 0.05130309
v -0.07520435 -0.24278079 0.07888787
v -0.06950788 -0.25004226 0.07888787
v -0.06950788 -0.24278079 0.08582894
v -0.06950788 -0.21519601 -0.33239064
v -0.08878864 -0.21519601 0.07888787
v -0.06950788 -0.21519601 0.09962632
v -0.09315380 -0.18761120 -0.33488392
v -0.06950788 -0.20977242 -0.33488392
v -0.06950788 -0.18761120 -0.34437000
v -0.06950788 -0.18761120 0.10332852
v -0.06950788 -0.16002642 -0.35384995
v -0.06950788 -0.16002642 0.10320977
v -0.06950788 -0.13244165 -0.36043363
v -0.06950788 -0.13244165 0.10323949
v -0.07377992 -0.10485683 -0.36246870
v -0.06950788 -0.11695554 -0.36246870
v -0.06950788 -0.10485683 -0.36402618
v -0.06950788 -0.10485683 0.10368413
v -0.07581587 -0.07727206 -0.36246870
v -0.06950788 -0.07727206 -0.36480967
v -0.06950788 -0.07727206 0.10383165
v -0.07123479 -0.04968728 -0.36246870
v -0.06950788 -0.04968728 -0.36313485
v -0.06950788 -0.04968728 0.10382053
v -0.06950788 -0.04411493 -0.36246870
v -0.06950788 -0.02210246 -0.35965549
v -0.06950788 -0.02210246 0.10505559
v -0.06950788 0.00548231 -0.35546761
v -0.06950788 -0.01095937 0.10647272
v -0.07198107 0.00548231 0.10647272
v -0.06950788 0.00548231 0.10870212
v -0.09368041 0.03306709 -0.33488392
v -0.06950788 0.03306709 -0.35136476
v -0.09236302 0.03306709 0.07888787
v -0.07319486 0.03306709 0.10647272
v -0.06950788 0.03306709 0.11066871
v -0.08251404 0.06065186 -0.33488392
v -0.06950788 0.06065186 -0.34555555
v -0.09613579 0.06065186 0.05130309
v -0.08224205 0.06065186 0.07888787
v -0.06950788 0.06065186 0.10253487
v -0.06950788 0.05043962 0.10647272
v -0.06950788 0.08515221 -0.33488392
v -0.09004170 0.08823664 -0.30729915
v -0.06950788 0.08823664 -0.33301031
v -0.08609648 0.08823664 0.02371832
v -0.07296734 0.08823664 0.05130309
v -0.06950788 0.08823664 0.06201919
v -0.06950788 0.08117214 0.07888787
v -0.06950788 0.11136142 -0.30729915
v -0.07819169 0.11582149 -0.27971433
v -0.06950788 0.11582149 -0.29773654
v -0.08902340 0.11582149 -0.25212956
v -0.08475954 0.11582149 -0.03145123
v -0.06950788 0.11582149 -0.01481909
v -0.06950788 0.11090792 -0.00386646
v -0.06950788 0.09962964 0.02371832
v -0.06950788 0.09140904 0.05130309
v -0.06950788 0.12228497 -0.27971433
v -0.06950788 0.12786417 -0.25212956
v -0.06950788 0.13284075 -0.22454478
v -0.06950788 0.13785946 -0.19695997
v -0.06950788 0.14173535 -0.16937519
v -0.06970358 0.14340627 -0.14179041
v -0.06950788 0.14340627 -0.14295917
v -0.06950788 0.14340627 -0.13960413
v -0.06950788 0.14257033 -0.11420560
v -0.06950788 0.13875784 -0.08662082
v -0.06950788 0.13196106 -0.05903605
v -0.06950788 0.12240647 -0.03145123
v -0.08138049 0.14340627 0.24439660
v -0.06950788 0.13881004 0.24439660
v -0.06950788 0.14340627 0.23502642
v -0.09242811 0.14340627 0.27198138
v -0.06950788 0.13481910 0.27198138
v -0.07425650 0.14340627 0.29956623
v -0.06950788 0.14163545 0.29956623
v -0.06950788 0.14340627 0.30246568
v -0.06950788 0.14347789 -0.14179041
v -0.09555407 0.17099104 0.21681183
v -0.06950788 0.15584243 0.21681183
v -0.06950788 0.17099104 0.20236324
v -0.08057464 0.17099104 0.32715101
v -0.06950788 0.16495770 0.32715101
v -0.06950788 0.17099104 0.33151900
v -0.07046020 0.19857582 0.18922705
v -0.06950788 0.19741746 0.18922705
v -0.06950788 0.19857582 0.18844307
v -0.06950788 0.19857582 0.34076301
v -0.07790246 0.22616060 0.18922705
v -0.06950788 0.22616060 0.17646340
v -0.06950788 0.22616060 0.33850276
v -0.06979184 0.25374537 0.16164228
v -0.06950788 0.25252336 0.16164228
v -0.06950788 0.25374537 0.16054788
v -0.07462380 0.25374537 0.18922705
v -0.09197292 0.25374537 0.21681183
v -0.06950788 0.25374537 0.32352277
v -0.06950788 0.24869250 0.32715101
v -0.06950788 0.25735983 0.16164228
v -0.06950788 0.26819033 0.18922705
v -0.06950788 0.27474453 0.21681183
v -0.06950788 0.28058581 0.24439660
v -0.06950788 0.28089872 0.27198138
v -0.06950788 0.27258926 0.29956623
v -0.04547453 -0.32553515 -0.25212956
v -0.04192311 -0.32637448 -0.25212956
v -0.04192311 -0.32553515 -0.25356410
v -0.04192311 -0.33624146 -0.22454478
v -0.04192311 -0.33976396 -0.19695997
v -0.04192311 -0.33897314 -0.16937519
v -0.04192311 -0.33585818 -0.14179041
v -0.06679192 -0.32553515 -0.11420560
v -0.04192311 -0.33148954 -0.11420560
v -0.04302133 -0.32553515 -0.08662082
v -0.04192311 -0.32580110 -0.08662082
v -0.04192311 -0.32553515 -0.08560305
v -0.04192311 -0.30687910 -0.27971433
v -0.04192311 -0.29795038 -0.28879734
v -0.04192311 -0.31838949 -0.05903605
v -0.04192311 -0.30938451 -0.03145123
v -0.04852971 -0.29795038 -0.00386646
v -0.04192311 -0.30020446 -0.00386646
v -0.04192311 -0.29795038 0.00484696
v -0.05124463 -0.27036556 -0.30729915
v -0.04192311 -0.27385495 -0.30729915
v -0.04192311 -0.27036556 -0.30971311
v -0.04192311 -0.29270238 0.02371832
v -0.06697194 -0.27036556 0.05130309
v -0.04192311 -0.28641506 0.05130309
v -0.05011982 -0.27036556 0.07888787
v -0.04192311 -0.27613417 0.07888787
v -0.04192311 -0.27036556 0.08741445
v -0.04192311 -0.24278079 -0.32560816
v -0.04999023 -0.24278079 0.10647272
v -0.04192311 -0.25153392 0.10647272
v -0.04192311 -0.24278079 0.11235783
v -0.06033940 -0.21519601 -0.33488392
v -0.04192311 -0.22477820 -0.33488392
v -0.04192311 -0.21519601 -0.33957683
v -0.06244742 -0.21519601 0.10647272
v -0.04192311 -0.21519601 0.12074004
v -0.04192311 -0.18761120 -0.35145894
v -0.06533704 -0.18761120 0.10647272
v -0.04192311 -0.18761120 0.12058262
v -0.04192311 -0.16002642 -0.36082650
v -0.06313927 -0.16002642 0.10647272
v -0.04192311 -0.16002642 0.11636827
v -0.06148290 -0.13244165 -0.36246870
v -0.04192311 -0.15315424 -0.36246870
v -0.04192311 -0.13244165 -0.36724773
v -0.06056148 -0.13244165 0.10647272
v -0.04192311 -0.13244165 0.11307808
v -0.04192311 -0.10485683 -0.37081450
v -0.06026576 -0.10485683 0.10647272
v -0.04192311 -0.10485683 0.11203307
v -0.04192311 -0.07727206 -0.37171384
v -0.06072103 -0.07727206 0.10647272
v -0.04192311 -0.07727206 0.11221491
v -0.04192311 -0.04968728 -0.37038464
v -0.06220004 -0.04968728 0.10647272
v -0.04192311 -0.04968728 0.11397726
v -0.06028792 -0.02210246 -0.36246870
v -0.04192311 -0.02210246 -0.36779420
v -0.06694995 -0.02210246 0.10647272
v -0.04192311 -0.02210246 0.11981451
v -0.05097385 0.00548231 -0.36246870
v -0.04192311 0.00548231 -0.36557907
v -0.04192311 0.00548231 0.12972093
v -0.04670939 0.03306709 -0.36246870
v -0.04192311 0.03306709 -0.36445893
v -0.04192311 0.02423403 0.13405750
v -0.04444221 0.03306709 0.13405750
v -0.04192311 0.03306709 0.13579351
v -0.04192311 0.05346491 -0.36246870
v -0.04192311 0.06065186 -0.36173346
v -0.06739157 0.06065186 0.10647272
v -0.04192311 0.06065186 0.13265672
v -0.04192311 0.04953020 0.13405750
v -0.06769948 0.08823664 -0.33488392
v -0.04192311 0.08823664 -0.35248341
v -0.06456402 0.08823664 0.07888787
v -0.05009501 0.08823664 0.10647272
v -0.04192311 0.08823664 0.11543678
v -0.04192311 0.11222250 -0.33488392
v -0.06450017 0.11582149 -0.30729915
v -0.04192311 0.11582149 -0.33069129
v -0.05629718 0.11582149 -0.00386646
v -0.04192311 0.11582149 0.01621241
v -0.04192311 0.11373212 0.02371832
v -0.04192311 0.11118418 0.05130309
v -0.04192311 0.10790269 0.07888787
v -0.04192311 0.09617985 0.10647272
v -0.04192311 0.12986822 -0.30729915
v -0.04192311 0.13724354 -0.27971433
v -0.04192311 0.13990524 -0.25212956
v -0.04192311 0.14227812 -0.22454478
v -0.05024413 0.14340627 -0.19695997
v -0.04192311 0.14340627 -0.21589634
v -0.06320791 0.14340627 -0.16937519
v -0.06622668 0.14340627 -0.11420560
v -0.05134348 0.14340627 -0.08662082
v -0.04192311 0.14340627 -0.07635339
v -0.04192311 0.13929899 -0.05903605
v -0.04192311 0.13045385 -0.03145123
v -0.04192311 0.12078864 -0.00386646
v -0.04192311 0.13749450 0.24439660
v -0.04192311 0.14340627 0.23156592
v -0.04192311 0.13393538 0.27198138
v -0.04192311 0.14077083 0.29956623
v -0.04192311 0.14340627 0.30388330
v -0.04192311 0.14569423 -0.19695997
v -0.04192311 0.14886390 -0.16937519
v -0.04192311 0.15035072 -0.14179041
v -0.04192311 0.14940835 -0.11420560
v -0.04192311 0.14574023 -0.08662082
v -0.04192311 0.15278620 0.21681183
v -0.04192311 0.17099104 0.19703387
v -0.04192311 0.16379813 0.32715101
v -0.04192311 0.17099104 0.33234148
v -0.04192311 0.18213381 0.18922705
v -0.04192311 0.19857582 0.16883833
v -0.04192311 0.19857582 0.34146191
v -0.05106622 0.22616060 0.13405750
v -0.04192311 0.21552281 0.13405750
v -0.04192311 0.22616060 0.12082939
v -0.06160608 0.22616060 0.16164228
v -0.04192311 0.20309390 0.16164228
v -0.04192311 0.22616060 0.33929721
v -0.04647660 0.25374537 0.10647272
v -0.04192311 0.24449934 0.10647272
v -0.04192311 0.25374537 0.10202506
v -0.06337448 0.25374537 0.13405750
v -0.04192311 0.25374537 0.32499783
v -0.04192311 0.25070115 0.32715101
v -0.04741776 0.28133015 0.10647272
v -0.04192311 0.28133015 0.10103661
v -0.06346810 0.28133015 0.13405750
v -0.06787330 0.28133015 0.16164228
v -0.06534441 0.28133015 0.18922705
v -0.06092438 0.28133015 0.21681183
v -0.06608247 0.28133015 0.24439660
v -0.06475858 0.28133015 0.27198138
v -0.04192311 0.28133015 0.27898561
v -0.04192311 0.27419403 0.29956623
v -0.04192311 0.29337234 0.10647272
v -0.04192311 0.30891500 0.11804305
v -0.05145434 0.30891500 0.13405750
v -0.05517910 0.30891500 0.16164228
v -0.04726875 0.30891500 0.18922705
v -0.04192311 0.30891500 0.19835336
v -0.04192311 0.29521978 0.21681183
v -0.04192311 0.28731362 0.24439660
v -0.04192311 0.28368498 0.27198138
v -0.04192311 0.31943903 0.13405750
v -0.04192311 0.32293531 0.16164228
v -0.04192311 0.31385871 0.18922705
v -0.01433829 -0.32614423 -0.25212956
v -0.01433829 -0.32553515 -0.25317807
v -0.01433829 -0.33619502 -0.22454478
v -0.01433829 -0.34026185 -0.19695997
v -0.01433829 -0.34028860 -0.16937519
v -0.01433829 -0.33802030 -0.14179041
v -0.01433829 -0.33428716 -0.11420560
v -0.01433829 -0.32901922 -0.08662082
v -0.01433829 -0.32553515 -0.07275073
v -0.01433829 -0.30696112 -0.27971433
v -0.01433829 -0.29795038 -0.28913189
v -0.01433829 -0.32199260 -0.05903605
v -0.01433829 -0.31349723 -0.03145123
v -0.01433829 -0.30527264 -0.00386646
v -0.02190914 -0.29795038 0.02371832
v -0.01433829 -0.29971415 0.02371832
v -0.01433829 -0.29795038 0.03461907
v -0.01433829 -0.27562170 -0.30729915
v -0.01433829 -0.27036556 -0.31110930
v -0.01433829 -0.29532707 0.05130309
v -0.01433829 -0.28685563 0.07888787
v -0.01433829 -0.27036556 0.10399165
v -0.01433829 -0.24278079 -0.32805738
v -0.01433829 -0.26800388 0.10647272
v -0.01433829 -0.24278079 0.12361089
v -0.01433829 -0.23030548 -0.33488392
v -0.01433829 -0.21519601 -0.34264744
v -0.01433829 -0.21519601 0.13073823
v -0.01433829 -0.18761120 -0.35483159
v -0.01433829 -0.18761120 0.12957930
v -0.02883248 -0.16002642 -0.36246870
v -0.01433829 -0.16543184 -0.36246870
v -0.01433829 -0.16002642 -0.36423992
v -0.01433829 -0.16002642 0.12364408
v -0.01433829 -0.13244165 -0.37066062
v -0.01433829 -0.13244165 0.11845579
v -0.01433829 -0.10485683 -0.37424100
v -0.01433829 -0.10485683 0.11647590
v -0.01433829 -0.07727206 -0.37519650
v -0.01433829 -0.07727206 0.11670141
v -0.01433829 -0.04968728 -0.37402299
v -0.01433829 -0.04968728 0.11967844
v -0.01433829 -0.02210246 -0.37179546
v -0.01433829 -0.02210246 0.12844479
v -0.01433829 0.00548231 -0.37030017
v -0.01433829 -0.01011247 0.13405750
v -0.03189822 0.00548231 0.13405750
v -0.01433829 0.00548231 0.14020001
v -0.01433829 0.03306709 -0.37014702
v -0.01433829 0.03306709 0.14661080
v -0.03915716 0.06065186 -0.36246870
v -0.01433829 0.06065186 -0.36831110
v -0.03931547 0.06065186 0.13405750
v -0.01433829 0.06065186 0.14462931
v -0.01433829 0.08166754 -0.36246870
v -0.01433829 0.08823664 -0.36049506
v -0.01433829 0.08823664 0.13142609
v -0.01433829 0.08396501 0.13405750
v -0.03349872 0.11582149 -0.33488392
v -0.01433829 0.11582149 -0.34135602
v -0.03449893 0.11582149 0.02371832
v -0.02937549 0.11582149 0.05130309
v -0.02305747 0.11582149 0.07888787
v -0.01433829 0.11582149 0.08941585
v -0.01433829 0.11001808 0.10647272
v -0.01433829 0.12179304 -0.33488392
v -0.01433829 0.13741506 -0.30729915
v -0.01576566 0.14340627 -0.27971433
v -0.01433829 0.14340627 -0.28108893
v -0.02494656 0.14340627 -0.25212956
v -0.03527123 0.14340627 -0.22454478
v -0.01433829 0.14340627 -0.06064553
v -0.01433829 0.14302721 -0.05903605
v -0.01433829 0.13458884 -0.03145123
v -0.01433829 0.12587148 -0.00386646
v -0.01433829 0.12094381 0.02371832
v -0.01433829 0.12084584 0.05130309
v -0.01433829 0.11931986 0.07888787
v -0.01433829 0.14133736 0.24439660
v -0.01433829 0.14340627 0.23934905
v -0.01433829 0.13821402 0.27198138
v -0.02499308 0.14340627 0.29956623
v -0.01433829 0.14340627 0.29252124
v -0.01433829 0.14371056 -0.27971433
v -0.01433829 0.14539727 -0.25212956
v -0.01433829 0.14673400 -0.22454478
v -0.01433829 0.14954104 -0.19695997
v -0.01433829 0.15244960 -0.16937519
v -0.01433829 0.15383491 -0.14179041
v -0.01433829 0.15288296 -0.11420560
v -0.01433829 0.14928082 -0.08662082
v -0.01433829 0.15602603 0.21681183
v -0.01433829 0.17099104 0.19678501
v -0.01433829 0.14570229 0.29956623
v -0.01433829 0.17048421 0.32715101
v -0.01433829 0.17099104 0.32751315
v -0.03341026 0.19857582 0.16164228
v -0.01433829 0.18995755 0.16164228
v -0.01433829 0.19857582 0.13787942
v -0.01433829 0.17779322 0.18922705
v -0.01433829 0.19857582 0.33681412
v -0.02627906 0.22616060 0.10647272
v -0.01433829 0.21785444 0.10647272
v -0.01433829 0.22616060 0.09960078
v -0.01433829 0.19965515 0.13405750
v -0.01433829 0.22616060 0.33474949
v -0.01433829 0.25374537 0.08632183
v -0.01433829 0.25374537 0.31924510
v -0.01433829 0.24223595 0.32715101
v -0.01433829 0.28133015 0.08536174
v -0.01433829 0.28133015 0.27381471
v -0.01433829 0.27011189 0.29956623
v -0.03059955 0.30891500 0.10647272
v -0.01433829 0.30891500 0.09687575
v -0.01794684 0.30891500 0.21681183
v -0.01433829 0.30891500 0.21921290
v -0.01433829 0.29048047 0.24439660
v -0.01433829 0.28206264 0.27198138
v -0.01433829 0.31970788 0.10647272
v -0.01433829 0.33603274 0.13405750
v -0.01855220 0.33649978 0.16164228
v -0.01433829 0.33649978 0.13925668
v -0.01433829 0.33649978 0.16855853
v -0.01433829 0.32959988 0.18922705
v -0.01433829 0.31044002 0.21681183
v -0.01433829 0.33835704 0.16164228
v -0.01145898 -0.32553515 -0.25212956
v 0.01324648 -0.32553515 -0.23844783
v 0.01324648 -0.33078883 -0.22454478
v 0.01324648 -0.33602217 -0.19695997
v 0.01324648 -0.33746472 -0.16937519
v 0.01324648 -0.33647160 -0.14179041
v 0.01324648 -0.33360010 -0.11420560
v 0.01324648 -0.32881358 -0.08662082
v 0.01324648 -0.32553515 -0.07307339
v 0.01324648 -0.30053623 -0.27971433
v 0.01324648 -0.29795038 -0.28256017
v 0.01324648 -0.31967470 -0.25212956
v 0.01324648 -0.32203719 -0.05903605
v 0.01324648 -0.31367649 -0.03145123
v 0.01324648 -0.30554124 -0.00386646
v 0.01324648 -0.30006138 0.02371832
v 0.01324648 -0.29795038 0.03700186
v 0.01324648 -0.27053253 -0.30729915
v 0.01324648 -0.27036556 -0.30742974
v 0.01324648 -0.29575084 0.05130309
v 0.01324648 -0.28736016 0.07888787
v 0.01324648 -0.27036556 0.10478529
v 0.01324648 -0.24278079 -0.32623278
v 0.01324648 -0.26876208 0.10647272
v 0.01324648 -0.24278079 0.12413908
v 0.01324648 -0.22821083 -0.33488392
v 0.01324648 -0.21519601 -0.34199148
v 0.01324648 -0.21519601 0.13120268
v 0.01324648 -0.18761120 -0.35469104
v 0.01324648 -0.18761120 0.13002281
v 0.01324648 -0.16553976 -0.36246870
v 0.01324648 -0.16002642 -0.36431436
v 0.01324648 -0.16002642 0.12403998
v 0.01324648 -0.13244165 -0.37082086
v 0.01324648 -0.13244165 0.11877998
v 0.01324648 -0.10485683 -0.37442783
v 0.01324648 -0.10485683 0.11676312
v 0.01324648 -0.07727206 -0.37537052
v 0.01324648 -0.07727206 0.11699265
v 0.01324648 -0.04968728 -0.37412692
v 0.01324648 -0.04968728 0.12002551
v 0.01324648 -0.02210246 -0.37170361
v 0.01324648 -0.02210246 0.12891730
v 0.01324648 0.00548231 -0.36979289
v 0.01324648 -0.01123293 0.13405750
v 0.01324648 0.00548231 0.14069178
v 0.01324648 0.03306709 -0.36909806
v 0.01324648 0.03306709 0.14712013
v 0.01324648 0.06065186 -0.36684007
v 0.01324648 0.06065186 0.14517779
v 0.01324648 0.07592536 -0.36246870
v 0.01324648 0.08823664 -0.35860263
v 0.01324648 0.08823664 0.13215923
v 0.01324648 0.08515326 0.13405750
v 0.01324648 0.11582149 -0.33900578
v 0.01324648 0.11582149 0.09125216
v 0.01324648 0.11067340 0.10647272
v 0.01324648 0.11962762 -0.33488392
v 0.01324648 0.13564690 -0.30729915
v 0.01324648 0.14236819 -0.27971433
v -0.00789254 0.14340627 -0.27971433
v 0.01324648 0.14340627 -0.26656187
v 0.01324648 0.14340627 -0.05953334
v 0.01324648 0.14328921 -0.05903605
v 0.01324648 0.13487453 -0.03145123
v 0.01324648 0.12620051 -0.00386646
v 0.01324648 0.12135332 0.02371832
v 0.01324648 0.12135364 0.05130309
v 0.01324648 0.11993143 0.07888787
v 0.01324648 0.14175340 0.24439660
v 0.01324648 0.14340627 0.24027152
v 0.01324648 0.13875067 0.27198138
v 0.01324648 0.14340627 0.29029660
v 0.01324648 0.14454747 -0.25212956
v 0.01324648 0.14640143 -0.22454478
v 0.01324648 0.14954499 -0.19695997
v 0.01324648 0.15260090 -0.16937519
v 0.01324648 0.15404341 -0.14179041
v 0.01324648 0.15311595 -0.11420560
v 0.01324648 0.14952815 -0.08662082
v 0.01324648 0.15615260 0.21681183
v 0.01324648 0.17099104 0.19608095
v 0.01324648 0.14645750 0.29956623
v 0.00256390 0.17099104 0.32715101
v 0.01324648 0.17099104 0.32684373
v -0.00123441 0.19857582 0.13405750
v 0.01324648 0.19712501 0.13405750
v 0.01324648 0.19857582 0.13182174
v 0.01324648 0.18785465 0.16164228
v 0.01324648 0.17668964 0.18922705
v 0.01324648 0.17162396 0.32715101
v 0.01324648 0.19857582 0.33632654
v 0.01324648 0.21461250 0.10647272
v 0.01324648 0.22616060 0.09677561
v 0.01324648 0.22616060 0.33438445
v 0.01324648 0.25374537 0.08386058
v 0.01324648 0.25374537 0.31898245
v 0.01324648 0.24165862 0.32715101
v 0.01324648 0.28133015 0.08292635
v 0.01324648 0.28133015 0.27458999
v 0.01324648 0.27006975 0.29956623
v 0.01324648 0.30891500 0.09404084
v 0.01324648 0.30891500 0.22262861
v 0.01324648 0.29174960 0.24439660
v 0.01324648 0.28240400 0.27198138
v 0.01324648 0.32288117 0.10647272
v -0.00931817 0.33649978 0.13405750
v 0.01324648 0.33649978 0.12978136
v 0.01324648 0.33649978 0.17661260
v 0.01324648 0.33221461 0.18922705
v 0.01324648 0.31280065 0.21681183
v 0.01324648 0.33841593 0.13405750
v 0.01324648 0.34062897 0.16164228
v 0.02930234 -0.32553515 -0.22454478
v 0.04083126 -0.32553515 -0.20864409
v 0.04083126 -0.32832947 -0.19695997
v 0.04083126 -0.33139851 -0.16937519
v 0.04083126 -0.33172359 -0.14179041
v 0.04083126 -0.32968155 -0.11420560
v 0.03902636 -0.32553515 -0.08662082
v 0.04083126 -0.32553515 -0.08806588
v 0.02003673 -0.29795038 -0.27971433
v 0.04083126 -0.29795038 -0.26857213
v 0.04083126 -0.30895506 -0.25212956
v 0.04083126 -0.32140020 -0.22454478
v 0.04083126 -0.32530373 -0.08662082
v 0.04083126 -0.31858309 -0.05903605
v 0.04083126 -0.30995125 -0.03145123
v 0.04083126 -0.30102039 -0.00386646
v 0.02329848 -0.29795038 0.02371832
v 0.04083126 -0.29795038 0.00838585
v 0.01371738 -0.27036556 -0.30729915
v 0.04083126 -0.27036556 -0.29863246
v 0.04083126 -0.28925384 -0.27971433
v 0.04083126 -0.29383371 0.02371832
v 0.04083126 -0.28779409 0.05130309
v 0.04083126 -0.27774825 0.07888787
v 0.04083126 -0.27036556 0.08984397
v 0.04083126 -0.26034692 -0.30729915
v 0.04083126 -0.24278079 -0.32042289
v 0.04083126 -0.25401049 0.10647272
v 0.04083126 -0.24278079 0.11403197
v 0.04083126 -0.22013222 -0.33488392
v 0.04083126 -0.21519601 -0.33773423
v 0.04083126 -0.21519601 0.12225587
v 0.04083126 -0.18761120 -0.35108532
v 0.04083126 -0.18761120 0.12195367
v 0.02913251 -0.16002642 -0.36246870
v 0.04083126 -0.16002642 -0.36107710
v 0.04083126 -0.16002642 0.11752711
v 0.04083126 -0.15442909 -0.36246870
v 0.04083126 -0.13244165 -0.36774445
v 0.04083126 -0.13244165 0.11403285
v 0.04083126 -0.10485683 -0.37139191
v 0.04083126 -0.10485683 0.11289278
v 0.04083126 -0.07727206 -0.37226164
v 0.04083126 -0.07727206 0.11308517
v 0.04083126 -0.04968728 -0.37075069
v 0.04083126 -0.04968728 0.11498634
v 0.04083126 -0.02210246 -0.36765152
v 0.04083126 -0.02210246 0.12115890
v 0.04083126 0.00548231 -0.36433128
v 0.03409700 0.00548231 0.13405750
v 0.04083126 0.00548231 0.13142730
v 0.04083126 0.02462743 -0.36246870
v 0.03791102 0.03306709 -0.36246870
v 0.04083126 0.03306709 -0.36157338
v 0.04083126 0.01648530 0.13405750
v 0.04083126 0.03306709 0.13741617
v 0.02682900 0.06065186 -0.36246870
v 0.04083126 0.06065186 -0.35715214
v 0.04083126 0.06065186 0.13459422
v 0.04083126 0.08823664 -0.34657349
v 0.04083126 0.08823664 0.11794879
v 0.04083126 0.06187250 0.13405750
v 0.04083126 0.10400198 -0.33488392
v 0.02186934 0.11582149 -0.33488392
v 0.04083126 0.11582149 -0.32135627
v 0.03763049 0.11582149 0.02371832
v 0.04083126 0.11582149 0.02076296
v 0.04083126 0.11502100 0.02371832
v 0.04083126 0.11276269 0.05130309
v 0.03156533 0.11582149 0.05130309
v 0.04083126 0.10973200 0.07888787
v 0.02454700 0.11582149 0.07888787
v 0.04083126 0.09843108 0.10647272
v 0.04083126 0.12447529 -0.30729915
v 0.04083126 0.13318073 -0.27971433
v 0.04083126 0.13750900 -0.25212956
v 0.01812944 0.14340627 -0.25212956
v 0.04083126 0.14146457 -0.22454478
v 0.03037506 0.14340627 -0.22454478
v 0.04083126 0.14340627 -0.21271822
v 0.04083126 0.14340627 -0.07301853
v 0.04083126 0.14009723 -0.05903605
v 0.04083126 0.13131888 -0.03145123
v 0.04083126 0.12177290 -0.00386646
v 0.04083126 0.13802075 0.24439660
v 0.04083126 0.14340627 0.23225443
v 0.04083126 0.13467827 0.27198138
v 0.02856952 0.14340627 0.29956623
v 0.04083126 0.14164609 0.29956623
v 0.04083126 0.14340627 0.30245207
v 0.04083126 0.14579913 -0.19695997
v 0.04083126 0.14935631 -0.16937519
v 0.04083126 0.15099580 -0.14179041
v 0.04083126 0.15012006 -0.11420560
v 0.04083126 0.14649231 -0.08662082
v 0.04083126 0.15272835 0.21681183
v 0.04083126 0.17099104 0.19551039
v 0.01449218 0.17099104 0.32715101
v 0.04083126 0.16496390 0.32715101
v 0.04083126 0.17099104 0.33152117
v 0.01720592 0.19857582 0.13405750
v 0.04083126 0.19857582 0.15589091
v 0.04083126 0.19594489 0.16164228
v 0.04083126 0.17867855 0.18922705
v 0.04083126 0.19857582 0.34088547
v 0.03796444 0.22616060 0.10647272
v 0.04083126 0.22616060 0.10818997
v 0.04083126 0.20671167 0.13405750
v 0.04083126 0.22616060 0.33896013
v 0.04083126 0.22821677 0.10647272
v 0.04083126 0.25374537 0.09355866
v 0.04083126 0.25374537 0.32499485
v 0.04083126 0.25059665 0.32715101
v 0.04083126 0.28133015 0.09253999
v 0.04083126 0.28133015 0.28148368
v 0.04083126 0.27462465 0.29956623
v 0.04083126 0.30891500 0.10494401
v 0.02668994 0.30891500 0.21681183
v 0.04083126 0.30891500 0.21065949
v 0.04083126 0.30323050 0.21681183
v 0.04083126 0.29010761 0.24439660
v 0.04083126 0.28474062 0.27198138
v 0.04083126 0.31063869 0.10647272
v 0.04083126 0.32855423 0.13405750
v 0.01956390 0.33649978 0.13405750
v 0.04083126 0.33148606 0.16164228
v 0.02706014 0.33649978 0.16164228
v 0.04083126 0.32222287 0.18922705
v 0.04852690 -0.32553515 -0.19695997
v 0.05934378 -0.32553515 -0.16937519
v 0.06300602 -0.32553515 -0.14179041
v 0.05708619 -0.32553515 -0.11420560
v 0.06441365 -0.29795038 -0.25212956
v 0.06841603 -0.29795038 -0.24844166
v 0.06841603 -0.30946270 -0.22454478
v 0.06841603 -0.31798067 -0.19695997
v 0.06841603 -0.32257846 -0.16937519
v 0.06841603 -0.32399463 -0.14179041
v 0.06841603 -0.32258757 -0.11420560
v 0.06841603 -0.31843288 -0.08662082
v 0.06841603 -0.31156278 -0.05903605
v 0.06841603 -0.30232356 -0.03145123
v 0.05034702 -0.29795038 -0.00386646
v 0.06841603 -0.29795038 -0.01953685
v 0.06841603 -0.27568861 -0.27971433
v 0.06841603 -0.27036556 -0.28544246
v 0.06841603 -0.29597154 -0.25212956
v 0.06841603 -0.29153508 -0.00386646
v 0.06841603 -0.28087981 0.02371832
v 0.06841603 -0.27086853 0.05130309
v 0.05175570 -0.27036556 0.07888787
v 0.06841603 -0.27036556 0.05236526
v 0.06841603 -0.24704098 -0.30729915
v 0.06841603 -0.24278079 -0.31069806
v 0.06841603 -0.25362901 0.07888787
v 0.05160367 -0.24278079 0.10647272
v 0.06841603 -0.24278079 0.08931562
v 0.05094376 -0.21519601 -0.33488392
v 0.06841603 -0.21519601 -0.32958203
v 0.06438553 -0.21519601 0.10647272
v 0.06841603 -0.21519601 0.10268771
v 0.06841603 -0.20559429 -0.33488392
v 0.06841603 -0.18761120 -0.34390957
v 0.06752676 -0.18761120 0.10647272
v 0.06841603 -0.18761120 0.10582442
v 0.06841603 -0.16002642 -0.35435541
v 0.06567256 -0.16002642 0.10647272
v 0.06841603 -0.16002642 0.10512955
v 0.06363821 -0.13244165 -0.36246870
v 0.06841603 -0.13244165 -0.36132597
v 0.06347974 -0.13244165 0.10647272
v 0.06841603 -0.13244165 0.10479496
v 0.06841603 -0.12407627 -0.36246870
v 0.06841603 -0.10485683 -0.36504186
v 0.06350802 -0.10485683 0.10647272
v 0.06841603 -0.10485683 0.10509329
v 0.06841603 -0.07727206 -0.36580030
v 0.06401799 -0.07727206 0.10647272
v 0.06841603 -0.07727206 0.10524194
v 0.06841603 -0.04968728 -0.36389985
v 0.06526127 -0.04968728 0.10647272
v 0.06841603 -0.04968728 0.10539670
v 0.06841603 -0.03966050 -0.36246870
v 0.05929899 -0.02210246 -0.36246870
v 0.06841603 -0.02210246 -0.35980410
v 0.06841603 -0.03154846 0.10647272
v 0.06841603 -0.02210246 0.10710870
v 0.04622983 0.00548231 -0.36246870
v 0.06841603 0.00548231 -0.35419952
v 0.06841603 0.00548231 0.11135963
v 0.06841603 0.03306709 -0.34764943
v 0.04591063 0.03306709 0.13405750
v 0.06841603 0.03306709 0.11392006
v 0.06841603 0.06065186 -0.33905557
v 0.04157946 0.06065186 0.13405750
v 0.06841603 0.06065186 0.10754182
v 0.06841603 0.06912028 -0.33488392
v 0.05648453 0.08823664 -0.33488392
v 0.06841603 0.08823664 -0.32208857
v 0.06654314 0.08823664 0.07888787
v 0.06841603 0.08823664 0.07233432
v 0.06841603 0.08565622 0.07888787
v 0.06841603 0.06225373 0.10647272
v 0.05175755 0.08823664 0.10647272
v 0.06841603 0.10178854 -0.30729915
v 0.05353715 0.11582149 -0.30729915
v 0.06841603 0.11582149 -0.28187456
v 0.05921125 0.11582149 -0.00386646
v 0.06841603 0.11582149 -0.01103021
v 0.06841603 0.11262226 -0.00386646
v 0.06841603 0.10174117 0.02371832
v 0.06841603 0.09413133 0.05130309
v 0.06841603 0.11674259 -0.27971433
v 0.06841603 0.12507300 -0.25212956
v 0.06841603 0.13218793 -0.22454478
v 0.06841603 0.13832552 -0.19695997
v 0.04989449 0.14340627 -0.19695997
v 0.06841603 0.14267901 -0.16937519
v 0.06548863 0.14340627 -0.16937519
v 0.06841603 0.14340627 -0.15917926
v 0.05426223 0.14340627 -0.08662082
v 0.06841603 0.14340627 -0.11122808
v 0.06841603 0.14005686 -0.08662082
v 0.06841603 0.13333018 -0.05903605
v 0.06841603 0.12387420 -0.03145123
v 0.06841603 0.13871981 0.24439660
v 0.06841603 0.14340627 0.23450807
v 0.06841603 0.13498071 0.27198138
v 0.06841603 0.14191816 0.29956623
v 0.06841603 0.14340627 0.30200284
v 0.06841603 0.14461241 -0.14179041
v 0.06841603 0.14380192 -0.11420560
v 0.06841603 0.15491110 0.21681183
v 0.06841603 0.17099104 0.20047617
v 0.06841603 0.16523734 0.32715101
v 0.06841603 0.17099104 0.33134554
v 0.04472770 0.19857582 0.16164228
v 0.06841603 0.19857582 0.18218431
v 0.06841603 0.19047816 0.18922705
v 0.06841603 0.19857582 0.34082561
v 0.06131206 0.22616060 0.13405750
v 0.06841603 0.22616060 0.15274791
v 0.06841603 0.22070748 0.16164228
v 0.06841603 0.22616060 0.33885596
v 0.05648574 0.25374537 0.10647272
v 0.06841603 0.25374537 0.12398898
v 0.06841603 0.23967616 0.13405750
v 0.06841603 0.25374537 0.32452774
v 0.06841603 0.24995850 0.32715101
v 0.05755661 0.28133015 0.10647272
v 0.06841603 0.28133015 0.12312678
v 0.06841603 0.28133015 0.27618872
v 0.06841603 0.27383745 0.29956623
v 0.04267394 0.30891500 0.10647272
v 0.06841603 0.29548564 0.13405750
v 0.06192895 0.30891500 0.13405750
v 0.06841603 0.30390652 0.16164228
v 0.06581556 0.30891500 0.16164228
v 0.06841603 0.29308883 0.18922705
v 0.05732418 0.30891500 0.18922705
v 0.06841603 0.28372623 0.21681183
v 0.06841603 0.28382597 0.24439660
v 0.06841603 0.28264497 0.27198138
v 0.09131427 -0.29795038 -0.22454478
v 0.09600081 -0.29795038 -0.21794426
v 0.09600081 -0.30520090 -0.19695997
v 0.09600081 -0.31087512 -0.16937519
v 0.09600081 -0.31307829 -0.14179041
v 0.09600081 -0.31208195 -0.11420560
v 0.09600081 -0.30797479 -0.08662082
v 0.09600081 -0.30079210 -0.05903605
v 0.07904037 -0.29795038 -0.03145123
v 0.09600081 -0.29795038 -0.05098524
v 0.07772563 -0.27036556 -0.27971433
v 0.09600081 -0.27036556 -0.26627385
v 0.09600081 -0.28060468 -0.25212956
v 0.09600081 -0.29548300 -0.22454478
v 0.09600081 -0.29043287 -0.03145123
v 0.09600081 -0.27731505 -0.00386646
v 0.08467040 -0.27036556 0.02371832
v 0.09600081 -0.27036556 0.00965580
v 0.06905282 -0.27036556 0.05130309
v 0.07540020 -0.24278079 -0.30729915
v 0.09600081 -0.24278079 -0.29593801
v 0.09600081 -0.25931125 -0.27971433
v 0.09600081 -0.26154790 0.02371832
v 0.09540455 -0.24278079 0.05130309
v 0.09600081 -0.24278079 0.05045080
v 0.07710351 -0.24278079 0.07888787
v 0.09600081 -0.22903992 -0.30729915
v 0.09600081 -0.21519601 -0.31716847
v 0.09600081 -0.24191778 0.05130309
v 0.09083773 -0.21519601 0.07888787
v 0.09600081 -0.21519601 0.07252630
v 0.09123580 -0.18761120 -0.33488392
v 0.09600081 -0.18761120 -0.33284559
v 0.09600081 -0.19987184 0.07888787
v 0.09600081 -0.18761120 0.08293126
v 0.09600081 -0.18285307 -0.33488392
v 0.09600081 -0.16002642 -0.34390244
v 0.09600081 -0.16002642 0.08837833
v 0.09600081 -0.13244165 -0.35120855
v 0.09600081 -0.13244165 0.09180299
v 0.07579707 -0.10485683 -0.36246870
v 0.09600081 -0.10485683 -0.35508150
v 0.09600081 -0.10485683 0.09366315
v 0.07782464 -0.07727206 -0.36246870
v 0.09600081 -0.07727206 -0.35573283
v 0.09600081 -0.07727206 0.09384482
v 0.07230708 -0.04968728 -0.36246870
v 0.09600081 -0.04968728 -0.35335109
v 0.09600081 -0.04968728 0.09238910
v 0.09600081 -0.02210246 -0.34813564
v 0.06941399 -0.02210246 0.10647272
v 0.09600081 -0.02210246 0.08956207
v 0.09600081 0.00548231 -0.34030928
v 0.07394488 0.00548231 0.10647272
v 0.09600081 0.00548231 0.08517660
v 0.09600081 0.02048583 -0.33488392
v 0.08850247 0.03306709 -0.33488392
v 0.09600081 0.03306709 -0.32956447
v 0.09443519 0.03306709 0.07888787
v 0.09600081 0.03306709 0.07670561
v 0.09600081 0.02711068 0.07888787
v 0.07508165 0.03306709 0.10647272
v 0.07373622 0.06065186 -0.33488392
v 0.09600081 0.06065186 -0.31393447
v 0.08419700 0.06065186 0.07888787
v 0.09600081 0.06065186 0.05533061
v 0.06925238 0.06065186 0.10647272
v 0.09600081 0.06917023 -0.30729915
v 0.08132374 0.08823664 -0.30729915
v 0.09600081 0.08823664 -0.28715502
v 0.08873450 0.08823664 0.02371832
v 0.09600081 0.08823664 0.01538525
v 0.09600081 0.08263222 0.02371832
v 0.09600081 0.06362809 0.05130309
v 0.07499528 0.08823664 0.05130309
v 0.09600081 0.09346490 -0.27971433
v 0.06970427 0.11582149 -0.27971433
v 0.09600081 0.10831438 -0.25212956
v 0.08436184 0.11582149 -0.25212956
v 0.09600081 0.11582149 -0.23390356
v 0.08799419 0.11582149 -0.03145123
v 0.09600081 0.11582149 -0.04019502
v 0.09600081 0.11229581 -0.03145123
v 0.09600081 0.09866061 -0.00386646
v 0.09600081 0.11916292 -0.22454478
v 0.09600081 0.12707713 -0.19695997
v 0.09600081 0.13230096 -0.16937519
v 0.09600081 0.13460745 -0.14179041
v 0.07187597 0.14340627 -0.14179041
v 0.09600081 0.13384950 -0.11420560
v 0.06956223 0.14340627 -0.11420560
v 0.09600081 0.12991946 -0.08662082
v 0.09600081 0.12275144 -0.05903605
v 0.08162424 0.14340627 0.24439660
v 0.09302941 0.14340627 0.27198138
v 0.07276936 0.14340627 0.29956623
v 0.09600081 0.16938861 0.21681183
v 0.09600081 0.17099104 0.21528359
v 0.09600081 0.14947764 0.24439660
v 0.09600081 0.14459525 0.27198138
v 0.09600081 0.15312868 0.29956623
v 0.08000465 0.17099104 0.32715101
v 0.09600081 0.17099104 0.31951249
v 0.07600283 0.19857582 0.18922705
v 0.09600081 0.19857582 0.20100306
v 0.09600081 0.18694314 0.32715101
v 0.09600081 0.19857582 0.33124234
v 0.07174941 0.22616060 0.16164228
v 0.08545349 0.22616060 0.18922705
v 0.09600081 0.22616060 0.19852432
v 0.09600081 0.22616060 0.32908876
v 0.07383459 0.25374537 0.13405750
v 0.08009190 0.25374537 0.16164228
v 0.08366286 0.25374537 0.18922705
v 0.09600081 0.25374537 0.21298902
v 0.09600081 0.25374537 0.31064834
v 0.09600081 0.23015669 0.32715101
v 0.07398315 0.28133015 0.13405750
v 0.07834267 0.28133015 0.16164228
v 0.07544000 0.28133015 0.18922705
v 0.09600081 0.25628389 0.21681183
v 0.07107604 0.28133015 0.21681183
v 0.09600081 0.26967925 0.24439660
v 0.07340791 0.28133015 0.24439660
v 0.09600081 0.27177330 0.27198138
v 0.07190353 0.28133015 0.27198138
v 0.09600081 0.26254926 0.29956623
v 0.10888031 -0.29795038 -0.19695997
v 0.11982264 -0.29795038 -0.16937519
v 0.12358566 -0.29795038 -0.14798731
v 0.12358566 -0.29855405 -0.14179041
v 0.12327807 -0.29795038 -0.11420560
v 0.12358566 -0.29795038 -0.12017659
v 0.11548414 -0.29795038 -0.08662082
v 0.10148067 -0.29795038 -0.05903605
v 0.11163185 -0.27036556 -0.25212956
v 0.12358566 -0.27036556 -0.23855183
v 0.12358566 -0.27818443 -0.22454478
v 0.12358566 -0.28912470 -0.19695997
v 0.12358566 -0.29576933 -0.16937519
v 0.12358566 -0.29777906 -0.11420560
v 0.12358566 -0.29345123 -0.08662082
v 0.12358566 -0.28552639 -0.05903605
v 0.12358566 -0.27393294 -0.03145123
v 0.10657680 -0.27036556 -0.00386646
v 0.12358566 -0.27036556 -0.02463734
v 0.11848711 -0.24278079 -0.27971433
v 0.12358566 -0.24278079 -0.27535021
v 0.12358566 -0.26185614 -0.25212956
v 0.12358566 -0.25776102 -0.00386646
v 0.11704976 -0.24278079 0.02371832
v 0.12358566 -0.24278079 0.01642284
v 0.11236797 -0.21519601 -0.30729915
v 0.12358566 -0.21519601 -0.29961644
v 0.12358566 -0.23855302 -0.27971433
v 0.12358566 -0.23596758 0.02371832
v 0.11522673 -0.21519601 0.05130309
v 0.12358566 -0.21519601 0.04269804
v 0.12358566 -0.20384877 -0.30729915
v 0.12358566 -0.18761120 -0.31693467
v 0.12358566 -0.20167384 0.05130309
v 0.10071788 -0.18761120 0.07888787
v 0.12358566 -0.18761120 0.05902701
v 0.11341652 -0.16002642 -0.33488392
v 0.12358566 -0.16002642 -0.32911866
v 0.10973060 -0.16002642 0.07888787
v 0.12358566 -0.16002642 0.06914741
v 0.12358566 -0.14034124 -0.33488392
v 0.12358566 -0.13244165 -0.33704524
v 0.11773206 -0.13244165 0.07888787
v 0.12358566 -0.13244165 0.07529314
v 0.12358566 -0.10485683 -0.34107711
v 0.12266884 -0.10485683 0.07888787
v 0.12358566 -0.10485683 0.07835775
v 0.12358566 -0.07727206 -0.34162584
v 0.12303259 -0.07727206 0.07888787
v 0.12358566 -0.07727206 0.07856972
v 0.12358566 -0.04968728 -0.33878790
v 0.11872091 -0.04968728 0.07888787
v 0.12358566 -0.04968728 0.07594636
v 0.12358566 -0.03206931 -0.33488392
v 0.11964378 -0.02210246 -0.33488392
v 0.12358566 -0.02210246 -0.33249892
v 0.11113210 -0.02210246 0.07888787
v 0.12358566 -0.02210246 0.07032229
v 0.10480059 0.00548231 -0.33488392
v 0.12358566 0.00548231 -0.32238887
v 0.10273781 0.00548231 0.07888787
v 0.12358566 0.00548231 0.06086445
v 0.12358566 0.03306709 -0.30797746
v 0.11754563 0.03306709 0.05130309
v 0.12358566 0.03306709 0.04538592
v 0.12358566 0.02330842 0.05130309
v 0.12358566 0.03410509 -0.30729915
v 0.10298965 0.06065186 -0.30729915
v 0.12358566 0.06065186 -0.28615723
v 0.12057085 0.06065186 0.02371832
v 0.12358566 0.06065186 0.02057895
v 0.12358566 0.05756091 0.02371832
v 0.09845723 0.06065186 0.05130309
v 0.12358566 0.06690563 -0.27971433
v 0.10186352 0.08823664 -0.27971433
v 0.12358566 0.08779546 -0.25212956
v 0.12304266 0.08823664 -0.25212956
v 0.12358566 0.08823664 -0.25138208
v 0.11181264 0.08823664 -0.00386646
v 0.12358566 0.08823664 -0.01745784
v 0.12358566 0.07955778 -0.00386646
v 0.12358566 0.10182286 -0.22454478
v 0.10166621 0.11582149 -0.22454478
v 0.12358566 0.11173250 -0.19695997
v 0.11665056 0.11582149 -0.19695997
v 0.12358566 0.11582149 -0.17917962
v 0.12340520 0.11582149 -0.08662082
v 0.12358566 0.11582149 -0.08725817
v 0.12358566 0.11572047 -0.08662082
v 0.12358566 0.10773238 -0.05903605
v 0.10930868 0.11582149 -0.05903605
v 0.12358566 0.09590851 -0.03145123
v 0.12358566 0.11791868 -0.16937519
v 0.12358566 0.12058755 -0.14179041
v 0.12358566 0.11987528 -0.11420560
v 0.09757352 0.17099104 0.21681183
v 0.11784364 0.17099104 0.24439660
v 0.12302227 0.17099104 0.27198138
v 0.11422306 0.17099104 0.29956623
v 0.11153992 0.19857582 0.21681183
v 0.12358566 0.19857582 0.23435894
v 0.12358566 0.18407865 0.24439660
v 0.12358566 0.17230232 0.27198138
v 0.12358566 0.19253063 0.29956623
v 0.10167942 0.19857582 0.32715101
v 0.12358566 0.19857582 0.30282267
v 0.11084819 0.22616060 0.21681183
v 0.12358566 0.22616060 0.23708332
v 0.12357237 0.22616060 0.29956623
v 0.12358566 0.22616060 0.29952410
v 0.12358566 0.22600494 0.29956623
v 0.09869296 0.22616060 0.32715101
v 0.09788659 0.25374537 0.21681183
v 0.12358566 0.23404306 0.24439660
v 0.11223923 0.25374537 0.24439660
v 0.12358566 0.24186237 0.27198138
v 0.11624064 0.25374537 0.27198138
v 0.10615255 0.25374537 0.29956623
v 0.12452376 -0.29795038 -0.14179041
v 0.13396291 -0.27036556 -0.22454478
v 0.14892655 -0.27036556 -0.19695997
v 0.15117044 -0.27036556 -0.19052517
v 0.15117044 -0.27596357 -0.16937519
v 0.15117044 -0.27918879 -0.14179041
v 0.15117044 -0.27848300 -0.11420560
v 0.15117044 -0.27388629 -0.08662082
v 0.14457338 -0.27036556 -0.05903605
v 0.15117044 -0.27036556 -0.07508856
v 0.12840336 -0.27036556 -0.03145123
v 0.14568800 -0.24278079 -0.25212956
v 0.15117044 -0.24278079 -0.24482945
v 0.15117044 -0.25587178 -0.22454478
v 0.15117044 -0.26850359 -0.19695997
v 0.15117044 -0.26496824 -0.05903605
v 0.15117044 -0.25125903 -0.03145123
v 0.14029200 -0.24278079 -0.00386646
v 0.15117044 -0.24278079 -0.01847005
v 0.14663278 -0.21519601 -0.27971433
v 0.15117044 -0.21519601 -0.27501784
v 0.15117044 -0.23728191 -0.25212956
v 0.15117044 -0.23136249 -0.00386646
v 0.14141749 -0.21519601 0.02371832
v 0.15117044 -0.21519601 0.01284810
v 0.13667843 -0.18761120 -0.30729915
v 0.15117044 -0.18761120 -0.29504341
v 0.15117044 -0.20954833 -0.27971433
v 0.15117044 -0.20150771 0.02371832
v 0.13203289 -0.18761120 0.05130309
v 0.15117044 -0.18761120 0.03315295
v 0.15117044 -0.16375521 -0.30729915
v 0.15117044 -0.16002642 -0.30900152
v 0.14551583 -0.16002642 0.05130309
v 0.15117044 -0.16002642 0.04636680
v 0.12694804 -0.13244165 -0.33488392
v 0.15117044 -0.13244165 -0.31759015
v 0.15117044 -0.14391417 0.05130309
v 0.15117044 -0.13244165 0.05450595
v 0.13319641 -0.10485683 -0.33488392
v 0.15117044 -0.10485683 -0.32204192
v 0.15117044 -0.10485683 0.05845299
v 0.13397604 -0.07727206 -0.33488392
v 0.15117044 -0.07727206 -0.32253751
v 0.15117044 -0.07727206 0.05873182
v 0.12950992 -0.04968728 -0.33488392
v 0.15117044 -0.04968728 -0.31912938
v 0.15117044 -0.04968728 0.05535398
v 0.15117044 -0.02210246 -0.31171326
v 0.14719521 -0.02210246 0.05130309
v 0.15117044 -0.02210246 0.04789359
v 0.15117044 -0.03412726 0.05130309
v 0.15117044 -0.01138206 -0.30729915
v 0.14241908 0.00548231 -0.30729915
v 0.15117044 0.00548231 -0.29943074
v 0.13406522 0.00548231 0.05130309
v 0.15117044 0.00548231 0.03549449
v 0.12436110 0.03306709 -0.30729915
v 0.15117044 0.03306709 -0.28132511
v 0.14444980 0.03306709 0.02371832
v 0.15117044 0.03306709 0.01647118
v 0.15117044 0.02349904 0.02371832
v 0.15117044 0.03500540 -0.27971433
v 0.12953103 0.06065186 -0.27971433
v 0.15117044 0.06065186 -0.25353807
v 0.14447429 0.06065186 -0.00386646
v 0.15117044 0.06065186 -0.01259155
v 0.15117044 0.05352356 -0.00386646
v 0.15117044 0.06177760 -0.25212956
v 0.15117044 0.07927460 -0.22454478
v 0.14097785 0.08823664 -0.22454478
v 0.15117044 0.08823664 -0.20455111
v 0.15021244 0.08823664 -0.05903605
v 0.15117044 0.08823664 -0.06133654
v 0.15117044 0.08743655 -0.05903605
v 0.15117044 0.07345064 -0.03145123
v 0.13382619 0.08823664 -0.03145123
v 0.15117044 0.09125162 -0.19695997
v 0.15117044 0.09837774 -0.16937519
v 0.12681656 0.11582149 -0.16937519
v 0.15117044 0.10153291 -0.14179041
v 0.13101584 0.11582149 -0.14179041
v 0.15117044 0.10081145 -0.11420560
v 0.12993152 0.11582149 -0.11420560
v 0.15117044 0.09617784 -0.08662082
v 0.12851567 0.19857582 0.24439660
v 0.13255697 0.19857582 0.27198138
v 0.12560204 0.19857582 0.29956623
v 0.12693370 0.22616060 0.24439660
v 0.13072879 0.22616060 0.27198138
v 0.15767074 -0.27036556 -0.16937519
v 0.16147880 -0.27036556 -0.14179041
v 0.16068507 -0.27036556 -0.11420560
v 0.15529520 -0.27036556 -0.08662082
v 0.16424217 -0.24278079 -0.22454478
v 0.17705691 -0.24278079 -0.19695997
v 0.17875521 -0.24278079 -0.19125218
v 0.17875521 -0.24955996 -0.16937519
v 0.17875521 -0.25339127 -0.14179041
v 0.17875521 -0.25264636 -0.11420560
v 0.17875521 -0.24733569 -0.08662082
v 0.17360607 -0.24278079 -0.05903605
v 0.17875521 -0.24278079 -0.07389407
v 0.15960381 -0.24278079 -0.03145123
v 0.16980736 -0.21519601 -0.25212956
v 0.17875521 -0.21519601 -0.23800585
v 0.17875521 -0.22549414 -0.22454478
v 0.17875521 -0.24076771 -0.19695997
v 0.17875521 -0.23668448 -0.05903605
v 0.17875521 -0.21980086 -0.03145123
v 0.16437084 -0.21519601 -0.00386646
v 0.17875521 -0.21519601 -0.02572130
v 0.16620063 -0.18761120 -0.27971433
v 0.17875521 -0.18761120 -0.26416164
v 0.17875521 -0.20188774 -0.25212956
v 0.17875521 -0.19318802 -0.00386646
v 0.15994565 -0.18761120 0.02371832
v 0.17875521 -0.18761120 0.00063704
v 0.15311721 -0.16002642 -0.30729915
v 0.17875521 -0.16002642 -0.28119810
v 0.17875521 -0.16280474 -0.27971433
v 0.17325432 -0.16002642 0.02371832
v 0.17875521 -0.16002642 0.01714801
v 0.16294717 -0.13244165 -0.30729915
v 0.17875521 -0.13244165 -0.29122424
v 0.17875521 -0.14312294 0.02371832
v 0.15477362 -0.13244165 0.05130309
v 0.17875521 -0.13244165 0.02736605
v 0.16802212 -0.10485683 -0.30729915
v 0.17875521 -0.10485683 -0.29638011
v 0.15937622 -0.10485683 0.05130309
v 0.17875521 -0.10485683 0.03221405
v 0.16852549 -0.07727206 -0.30729915
v 0.17875521 -0.07727206 -0.29686752
v 0.15970718 -0.07727206 0.05130309
v 0.17875521 -0.07727206 0.03257014
v 0.16453471 -0.04968728 -0.30729915
v 0.17875521 -0.04968728 -0.29271412
v 0.15574427 -0.04968728 0.05130309
v 0.17875521 -0.04968728 0.02845400
v 0.15607346 -0.02210246 -0.30729915
v 0.17875521 -0.02210246 -0.28374491
v 0.17495473 -0.02210246 0.02371832
v 0.17875521 -0.02210246 0.01921329
v 0.17875521 -0.03469319 0.02371832
v 0.17875521 -0.01401016 -0.27971433
v 0.16976200 0.00548231 -0.27971433
v 0.17875521 0.00548231 -0.26829966
v 0.16226141 0.00548231 0.02371832
v 0.17875521 0.00548231 0.00373387
v 0.15262504 0.03306709 -0.27971433
v 0.17875521 0.02546232 -0.25212956
v 0.17396740 0.03306709 -0.25212956
v 0.17875521 0.03306709 -0.24436677
v 0.16752487 0.03306709 -0.00386646
v 0.17875521 0.03306709 -0.02070851
v 0.17875521 0.01530076 -0.00386646
v 0.15220803 0.06065186 -0.25212956
v 0.17875521 0.04854264 -0.22454478
v 0.16903973 0.06065186 -0.22454478
v 0.17875521 0.06065186 -0.20295673
v 0.17768016 0.06065186 -0.05903605
v 0.17875521 0.06065186 -0.06211548
v 0.17875521 0.05933898 -0.05903605
v 0.17875521 0.04202776 -0.03145123
v 0.16365993 0.06065186 -0.03145123
v 0.17875521 0.06352497 -0.19695997
v 0.15457189 0.08823664 -0.19695997
v 0.17875521 0.07208450 -0.16937519
v 0.16277557 0.08823664 -0.16937519
v 0.17875521 0.07589305 -0.14179041
v 0.16648510 0.08823664 -0.14179041
v 0.17875521 0.07510762 -0.11420560
v 0.16568525 0.08823664 -0.11420560
v 0.17875521 0.06970067 -0.08662082
v 0.16032463 0.08823664 -0.08662082
v 0.18468358 -0.24278079 -0.16937519
v 0.18805820 -0.24278079 -0.14179041
v 0.18741312 -0.24278079 -0.11420560
v 0.18274712 -0.24278079 -0.08662082
v 0.18631502 -0.21519601 -0.22454478
v 0.19760917 -0.21519601 -0.19695997
v 0.20470630 -0.21519601 -0.16937519
v 0.20633999 -0.21519601 -0.15528205
v 0.20633999 -0.21748551 -0.14179041
v 0.20633999 -0.21660509 -0.11420560
v 0.20290921 -0.21519601 -0.08662082
v 0.20633999 -0.21519601 -0.10813677
v 0.19458388 -0.21519601 -0.05903605
v 0.18210970 -0.21519601 -0.03145123
v 0.18724402 -0.18761120 -0.25212956
v 0.20240955 -0.18761120 -0.22454478
v 0.20633999 -0.18761120 -0.21466749
v 0.20633999 -0.20004437 -0.19695997
v 0.20633999 -0.21236234 -0.16937519
v 0.20633999 -0.20924690 -0.08662082
v 0.20633999 -0.19476806 -0.05903605
v 0.19829994 -0.18761120 -0.03145123
v 0.20633999 -0.18761120 -0.04977080
v 0.18199513 -0.18761120 -0.00386646
v 0.18001154 -0.16002642 -0.27971433
v 0.19945733 -0.16002642 -0.25212956
v 0.20633999 -0.16002642 -0.23944248
v 0.20633999 -0.17852046 -0.22454478
v 0.20633999 -0.16890906 -0.03145123
v 0.19417380 -0.16002642 -0.00386646
v 0.20633999 -0.16002642 -0.02479291
v 0.18851090 -0.13244165 -0.27971433
v 0.20633999 -0.13244165 -0.25384196
v 0.20633999 -0.13635505 -0.25212956
v 0.20219235 -0.13244165 -0.00386646
v 0.20633999 -0.13244165 -0.01096632
v 0.18191924 -0.13244165 0.02371832
v 0.19287695 -0.10485683 -0.27971433
v 0.20633999 -0.10485683 -0.26016683
v 0.20628408 -0.10485683 -0.00386646
v 0.20633999 -0.10485683 -0.00396185
v 0.18618918 -0.10485683 0.02371832
v 0.19326237 -0.07727206 -0.27971433
v 0.20633999 -0.07727206 -0.26070307
v 0.20633999 -0.09993089 -0.00386646
v 0.18650830 -0.07727206 0.02371832
v 0.20633999 -0.07727206 -0.00348949
v 0.18970060 -0.04968728 -0.27971433
v 0.20633999 -0.04968728 -0.25546434
v 0.20313882 -0.04968728 -0.00386646
v 0.20633999 -0.04968728 -0.00933730
v 0.20633999 -0.07520041 -0.00386646
v 0.18287538 -0.04968728 0.02371832
v 0.18211840 -0.02210246 -0.27971433
v 0.20633999 -0.04134015 -0.25212956
v 0.20126738 -0.02210246 -0.25212956
v 0.20633999 -0.02210246 -0.24272590
v 0.19577519 -0.02210246 -0.00386646
v 0.20633999 -0.02210246 -0.02198039
v 0.18995784 0.00548231 -0.25212956
v 0.20633999 0.00176174 -0.22454478
v 0.20483061 0.00548231 -0.22454478
v 0.20633999 0.00548231 -0.22072528
v 0.20055543 0.00548231 -0.03145123
v 0.20633999 0.00548231 -0.04458641
v 0.20633999 -0.00874098 -0.03145123
v 0.18426658 0.00548231 -0.00386646
v 0.18965444 0.03306709 -0.22454478
v 0.20633999 0.02280658 -0.19695997
v 0.20069344 0.03306709 -0.19695997
v 0.20633999 0.03306709 -0.17469114
v 0.20581914 0.03306709 -0.08662082
v 0.20633999 0.03306709 -0.08987617
v 0.20633999 0.03212432 -0.08662082
v 0.20633999 0.01713482 -0.05903605
v 0.19754714 0.03306709 -0.05903605
v 0.18510413 0.03306709 -0.03145123
v 0.18118674 0.06065186 -0.19695997
v 0.20633999 0.03508032 -0.16937519
v 0.18850784 0.06065186 -0.16937519
v 0.20633999 0.03985202 -0.14179041
v 0.19180463 0.06065186 -0.14179041
v 0.20633999 0.03892456 -0.11420560
v 0.19114529 0.06065186 -0.11420560
v 0.18650137 0.06065186 -0.08662082
v 0.20782843 -0.21519601 -0.14179041
v 0.20725609 -0.21519601 -0.11420560
v 0.21287735 -0.18761120 -0.19695997
v 0.21938425 -0.18761120 -0.16937519
v 0.22230900 -0.18761120 -0.14179041
v 0.22176406 -0.18761120 -0.11420560
v 0.21773517 -0.18761120 -0.08662082
v 0.21009407 -0.18761120 -0.05903605
v 0.21373673 -0.16002642 -0.22454478
v 0.22369504 -0.16002642 -0.19695997
v 0.22995098 -0.16002642 -0.16937519
v 0.23275432 -0.16002642 -0.14179041
v 0.23223202 -0.16002642 -0.11420560
v 0.22836402 -0.16002642 -0.08662082
v 0.22099313 -0.16002642 -0.05903605
v 0.20986809 -0.16002642 -0.03145123
v 0.20740393 -0.13244165 -0.25212956
v 0.22107652 -0.13244165 -0.22454478
v 0.23076678 -0.13244165 -0.19695997
v 0.23392477 -0.13244165 -0.18277861
v 0.23392477 -0.14429705 -0.16937519
v 0.23392477 -0.15538979 -0.14179041
v 0.23392477 -0.15332048 -0.11420560
v 0.23392477 -0.13801065 -0.08662082
v 0.22812796 -0.13244165 -0.05903605
v 0.23392477 -0.13244165 -0.08122970
v 0.21726105 -0.13244165 -0.03145123
v 0.21133517 -0.10485683 -0.25212956
v 0.22482697 -0.10485683 -0.22454478
v 0.23392477 -0.10485683 -0.19828345
v 0.23392477 -0.10828023 -0.19695997
v 0.23176023 -0.10485683 -0.05903605
v 0.23392477 -0.10485683 -0.06732529
v 0.22103986 -0.10485683 -0.03145123
v 0.21166283 -0.07727206 -0.25212956
v 0.22513014 -0.07727206 -0.22454478
v 0.23392477 -0.07727206 -0.19914493
v 0.23204317 -0.07727206 -0.05903605
v 0.23392477 -0.07727206 -0.06624089
v 0.22133263 -0.07727206 -0.03145123
v 0.20658684 -0.07727206 -0.00386646
v 0.20840463 -0.04968728 -0.25212956
v 0.22200084 -0.04968728 -0.22454478
v 0.23392477 -0.07054787 -0.19695997
v 0.23163986 -0.04968728 -0.19695997
v 0.23392477 -0.04968728 -0.18668436
v 0.22898855 -0.04968728 -0.05903605
v 0.23392477 -0.04968728 -0.07792618
v 0.21814815 -0.04968728 -0.03145123
v 0.21532483 -0.02210246 -0.22454478
v 0.22519532 -0.02210246 -0.19695997
v 0.23392477 -0.03303033 -0.16937519
v 0.23139712 -0.02210246 -0.16937519
v 0.23392477 -0.02210246 -0.14429204
v 0.23364964 -0.02210246 -0.11420560
v 0.23392477 -0.02210246 -0.12866941
v 0.23392477 -0.02329196 -0.11420560
v 0.23392477 -0.03991033 -0.08662082
v 0.22980089 -0.02210246 -0.08662082
v 0.22246320 -0.02210246 -0.05903605
v 0.21137320 -0.02210246 -0.03145123
v 0.21506396 0.00548231 -0.19695997
v 0.22149368 0.00548231 -0.16937519
v 0.23392477 -0.02137234 -0.14179041
v 0.22438145 0.00548231 -0.14179041
v 0.22383168 0.00548231 -0.11420560
v 0.21982333 0.00548231 -0.08662082
v 0.21221664 0.00548231 -0.05903605
v 0.20760518 0.03306709 -0.16937519
v 0.21061388 0.03306709 -0.14179041
v 0.21003155 0.03306709 -0.11420560
v 0.23681052 -0.13244165 -0.16937519
v 0.23951613 -0.13244165 -0.14179041
v 0.23901018 -0.13244165 -0.11420560
v 0.23527866 -0.13244165 -0.08662082
v 0.23436127 -0.10485683 -0.19695997
v 0.24029769 -0.10485683 -0.16937519
v 0.24296995 -0.10485683 -0.14179041
v 0.24246924 -0.10485683 -0.11420560
v 0.23878009 -0.10485683 -0.08662082
v 0.23464518 -0.07727206 -0.19695997
v 0.24057371 -0.07727206 -0.16937519
v 0.24324218 -0.07727206 -0.14179041
v 0.24274106 -0.07727206 -0.11420560
v 0.23905449 -0.07727206 -0.08662082
v 0.23764791 -0.04968728 -0.16937519
v 0.24034184 -0.04968728 -0.14179041
v 0.23983468 -0.04968728 -0.11420560
v 0.23611033 -0.04968728 -0.08662082
v 0.23417154 -0.02210246 -0.14179041
vn -0.98367756 -0.17597240 -0.03757883
vn -0.97154152 -0.23386214 -0.03762420
vn -0.97956190 -0.17736976 -0.09486017
vn -0.98149081 -0.17623961 0.07493587
vn -0.96923703 -0.23411849 0.07594813
vn -0.97485589 -0.17905254 0.13265062
vn -0.98648628 -0.06478134 -0.15049316
vn -0.98074239 -0.12220626 -0.15234825
vn -0.97567220 -0.06536341 -0.20926389
vn -0.99710936 -0.06558482 -0.03836081
vn -0.99496997 -0.06578848 0.07554225
vn -0.97452444 -0.12253186 0.18785116
vn -0.98038143 -0.06516937 0.18602475
vn -0.96754761 -0.06543869 0.24406841
vn -0.98739137 0.04777154 -0.15091773
vn -0.97658008 0.04829847 -0.20966306
vn -0.99810692 0.04794677 -0.03851863
vn -0.99600934 0.04779686 0.07537147
vn -0.98140153 0.04712196 0.18609288
vn -0.96848024 0.04765305 0.24448969
vn -0.98268609 0.10531884 -0.15243355
vn -0.98203368 0.16240894 -0.09608944
vn -0.98640436 0.15980636 -0.03831915
vn -0.98438233 0.15946151 0.07458864
vn -0.97804285 0.16094668 0.13239470
vn -0.97628605 0.10471783 0.18947221
vn -0.97506398 0.21850431 -0.03880856
vn -0.97306593 0.21794599 0.07511483
vn -0.88809475 -0.38280765 -0.25445238
vn -0.86112597 -0.43950317 -0.25553673
vn -0.86623937 -0.38712878 -0.31584911
vn -0.90756828 -0.39356460 -0.14637868
vn -0.87813653 -0.45619646 -0.14408685
vn -0.91599552 -0.39969883 -0.03454048
vn -0.88404362 -0.46635498 -0.03130361
vn -0.91255201 -0.40156057 0.07744638
vn -0.87972603 -0.46855575 0.08085559
vn -0.89725097 -0.39915786 0.18871592
vn -0.86512742 -0.46298997 0.19285965
vn -0.87610312 -0.41175755 0.25079680
vn -0.88760256 -0.27747378 -0.36765473
vn -0.86448214 -0.33553101 -0.37428541
vn -0.85729177 -0.28065872 -0.43160341
vn -0.92135849 -0.28584581 -0.26342116
vn -0.94496535 -0.29010613 -0.15125780
vn -0.95551761 -0.29258335 -0.03716280
vn -0.95289659 -0.29340975 0.07680367
vn -0.93684697 -0.29342313 0.19031716
vn -0.88108890 -0.35778757 0.30930633
vn -0.90765638 -0.29173610 0.30174483
vn -0.88113360 -0.29796452 0.36717942
vn -0.91011702 -0.17424048 -0.37593519
vn -0.87794562 -0.17617932 -0.44516552
vn -0.94717724 -0.17780518 -0.26690934
vn -0.97181275 -0.17939298 -0.15296449
vn -0.96496101 -0.18041241 0.19052982
vn -0.93559002 -0.17990087 0.30382066
vn -0.87665109 -0.23903302 0.41754771
vn -0.89518276 -0.17741724 0.40886545
vn -0.86259495 -0.18012695 0.47274119
vn -0.87672872 -0.06189761 -0.47698578
vn -0.85835770 -0.11915953 -0.49902211
vn -0.84046421 -0.06345254 -0.53813910
vn -0.92282017 -0.06419591 -0.37984446
vn -0.96106819 -0.06529851 -0.26848471
vn -0.95020057 -0.06605263 0.30455857
vn -0.90858978 -0.06543425 0.41253239
vn -0.87449744 -0.06640127 0.48046342
vn -0.87759645 0.04678602 -0.47711166
vn -0.84165291 0.04679095 -0.53798790
vn -0.92355047 0.04768864 -0.38050009
vn -0.96209568 0.04822590 -0.26841418
vn -0.95114524 0.04796542 0.30499517
vn -0.90982117 0.04746538 0.41227718
vn -0.87529255 0.04782764 0.48122289
vn -0.86788417 0.10350673 -0.48586358
vn -0.88023704 0.16150657 -0.44620442
vn -0.91177260 0.15985019 -0.37831025
vn -0.94993601 0.16177183 -0.26730404
vn -0.97468286 0.16270733 -0.15336113
vn -0.96794740 0.16303622 0.19104191
vn -0.93857883 0.16276577 0.30426483
vn -0.89864063 0.16025691 0.40836593
vn -0.86497128 0.16237380 0.47482568
vn -0.88902902 0.26835548 -0.37096190
vn -0.85969601 0.27068271 -0.43319008
vn -0.92405903 0.27474445 -0.26576379
vn -0.94888323 0.27632652 -0.15252629
vn -0.95994548 0.27753130 -0.03848453
vn -0.95755796 0.27806520 0.07591109
vn -0.94174347 0.27715181 0.19054163
vn -0.91323801 0.27426388 0.30128999
vn -0.87641027 0.26692387 0.40082003
vn -0.84468094 0.27093659 0.46163565
vn -0.86557456 0.33010410 -0.37657929
vn -0.86447185 0.38672196 -0.32114568
vn -0.88817527 0.37902387 -0.25977990
vn -0.90993950 0.38655953 -0.15027254
vn -0.92033789 0.38929240 -0.03780989
vn -0.91835964 0.38850050 0.07538528
vn -0.90385573 0.38437211 0.18789066
vn -0.87857811 0.37685185 0.29339934
vn -0.85345085 0.38246350 0.35403858
vn -0.85158379 0.32749926 0.40932784
vn -0.85766157 0.44191195 -0.26292673
vn -0.87767814 0.45445157 -0.15216720
vn -0.85595400 0.50840133 -0.09418511
vn -0.87385277 0.48482838 -0.03637006
vn -0.86987013 0.49291681 0.01894676
vn -0.88481937 0.45964466 0.07629856
vn -0.87134762 0.45224572 0.19033429
vn -0.84830305 0.43859061 0.29668200
vn -0.83761488 0.54496324 -0.03763474
vn -0.80302220 -0.58248186 -0.12597708
vn -0.76408858 -0.63346757 -0.12201422
vn -0.78904313 -0.58728960 -0.18028270
vn -0.80149218 -0.59770253 -0.01902528
vn -0.75821202 -0.65190429 -0.01163289
vn -0.79263176 -0.60346788 0.08695641
vn -0.74489760 -0.66070402 0.09272410
vn -0.77604112 -0.60138173 0.19000051
vn -0.72904415 -0.65640380 0.19398116
vn -0.74103840 -0.62402141 0.24791000
vn -0.80745535 -0.46866415 -0.35828728
vn -0.77997926 -0.51556296 -0.35472128
vn -0.77590880 -0.46765130 -0.42340028
vn -0.83205948 -0.49387095 -0.25252428
vn -0.79996003 -0.54996266 -0.24001047
vn -0.84745397 -0.51154435 -0.14193008
vn -0.85275636 -0.52149480 -0.02915073
vn -0.84693184 -0.52519488 0.08292642
vn -0.83036239 -0.52214736 0.19457757
vn -0.75648826 -0.57867461 0.30473138
vn -0.80521847 -0.51160948 0.29979819
vn -0.76755118 -0.52746543 0.36420517
vn -0.79772070 -0.36997778 -0.47619128
vn -0.76882963 -0.42091589 -0.48138426
vn -0.75449240 -0.36854329 -0.54306267
vn -0.84021886 -0.38949111 -0.37726508
vn -0.85537572 -0.41526123 0.30966190
vn -0.77239796 -0.47438288 0.42232958
vn -0.81644532 -0.40405810 0.41249739
vn -0.77419384 -0.41229853 0.48024349
vn -0.82383251 -0.27918640 -0.49331020
vn -0.77362702 -0.28184790 -0.56750594
vn -0.85459904 -0.29909969 0.42449953
vn -0.77184089 -0.35257708 0.52910401
vn -0.80545011 -0.28710061 0.51848179
vn -0.75967370 -0.28880329 0.58265644
vn -0.78918173 -0.16876872 -0.59051614
vn -0.75961339 -0.22603923 -0.60983094
vn -0.73659021 -0.17017319 -0.65458074
vn -0.84556395 -0.17552949 -0.50419342
vn -0.82720257 -0.17933182 0.53251856
vn -0.77767527 -0.17676031 0.60330504
vn -0.80056291 -0.06284523 -0.59594422
vn -0.74537388 -0.06390976 -0.66357616
vn -0.83928254 -0.06597924 0.53967727
vn -0.75858814 -0.12026638 0.64037492
vn -0.78458479 -0.06335510 0.61677617
vn -0.73432392 -0.06339996 0.67583195
vn -0.80170225 0.04643989 -0.59591681
vn -0.74720467 0.04561446 -0.66302678
vn -0.84018078 0.04761178 0.54021235
vn -0.78523176 0.04607281 0.61748553
vn -0.73400302 0.04710444 0.67751069
vn -0.79269088 0.15484692 -0.58963005
vn -0.74089572 0.15592986 -0.65326825
vn -0.84795334 0.16155312 -0.50485217
vn -0.82986960 0.16120022 0.53416377
vn -0.77780230 0.16115233 0.60749774
vn -0.75121515 0.10254509 0.65204317
vn -0.76865255 0.21324920 -0.60307382
vn -0.77967288 0.26940339 -0.56527162
vn -0.82574540 0.27159808 -0.49434707
vn -0.80935195 0.27128378 0.52091702
vn -0.76119531 0.27322668 0.58815719
vn -0.79665684 0.37218777 -0.47625009
vn -0.75622732 0.37247094 -0.53794576
vn -0.83843580 0.39004897 -0.38064052
vn -0.82243868 0.38907971 0.41498385
vn -0.77971474 0.37437447 0.50188513
vn -0.73983829 0.37415487 0.55914886
vn -0.76277190 0.43337828 -0.47996073
vn -0.76162571 0.48955984 -0.42456736
vn -0.79574647 0.48365523 -0.36450676
vn -0.82412203 0.50224261 -0.26186876
vn -0.84472235 0.51322827 -0.15179226
vn -0.85152943 0.51860579 0.07710815
vn -0.83710939 0.51316058 0.18951012
vn -0.81189849 0.50114793 0.29945215
vn -0.77927951 0.48409098 0.39796906
vn -0.74330909 0.48940348 0.45604367
vn -0.74571131 0.43302741 0.50636143
vn -0.75490510 0.54651413 -0.36254737
vn -0.77460781 0.57489239 -0.26359340
vn -0.76073964 0.61619649 -0.20390460
vn -0.78911468 0.59677976 -0.14543708
vn -0.79753511 0.60220588 -0.03585834
vn -0.79532212 0.60138341 0.07616245
vn -0.78182963 0.59588662 0.18347090
vn -0.74805477 0.61723895 0.24378298
vn -0.76361134 0.57068740 0.30201590
vn -0.73710805 0.54506456 0.39947008
vn -0.73759525 0.65949148 -0.14499735
vn -0.74218291 0.66924873 -0.03564636
vn -0.73993614 0.66830831 0.07654098
vn -0.72959230 0.65798292 0.18642307
vn -0.74255068 -0.64027928 -0.19662383
vn -0.70774926 -0.68096215 -0.18809980
vn -0.72619635 -0.63987518 -0.25139334
vn -0.72983842 -0.67680665 -0.09627375
vn -0.69307597 -0.71713035 -0.07327868
vn -0.71200944 -0.70214276 0.00617314
vn -0.66613275 -0.74552707 0.02136715
vn -0.69674250 -0.70978110 0.10373371
vn -0.64111965 -0.75903819 0.11325465
vn -0.68053730 -0.70466412 0.20079208
vn -0.62427408 -0.75496294 0.20078055
vn -0.64202808 -0.72422312 0.25159652
vn -0.75550476 -0.55483995 -0.34837506
vn -0.73721903 -0.58806149 -0.33270374
vn -0.72486403 -0.54665413 -0.41921521
vn -0.76711196 -0.59740640 -0.23376235
vn -0.71237464 -0.63290384 0.30324099
vn -0.65073390 -0.69580469 0.30397569
vn -0.68965934 -0.60775560 0.39370436
vn -0.63686454 -0.66642333 0.38766415
vn -0.65300246 -0.61367931 0.44383048
vn -0.74128195 -0.46193016 -0.48695133
vn -0.71535668 -0.49922099 -0.48892047
vn -0.68859472 -0.45782382 -0.56234746
vn -0.73549040 -0.53104423 0.42076822
vn -0.66608832 -0.56311291 0.48911164
vn -0.70591069 -0.50193985 0.49974642
vn -0.67404256 -0.49388894 0.54930896
vn -0.71144645 -0.36328063 -0.60155726
vn -0.67478668 -0.41035202 -0.61341190
vn -0.64998849 -0.35921876 -0.66968413
vn -0.73870392 -0.41206423 0.53340378
vn -0.67677612 -0.43572715 0.59339358
vn -0.70379331 -0.38091847 0.59964664
vn -0.67015727 -0.37089043 0.64290709
vn -0.72986473 -0.27964138 -0.62377735
vn -0.66346883 -0.27614740 -0.69537884
vn -0.71974889 -0.28360328 0.63366451
vn -0.67578071 -0.26692699 0.68707380
vn -0.68760420 -0.16919565 -0.70609723
vn -0.64700721 -0.22346077 -0.72900408
vn -0.62232339 -0.16887348 -0.76432673
vn -0.73278471 -0.17595451 0.65731772
vn -0.67595167 -0.16527705 0.71817326
vn -0.69621999 -0.06418753 -0.71495293
vn -0.63045870 -0.06500556 -0.77349603
vn -0.68871182 -0.06010214 0.72253980
vn -0.66550253 -0.11343907 0.73772485
vn -0.63444234 -0.05703608 0.77086302
vn -0.69800572 0.04359348 -0.71476403
vn -0.63411576 0.04072184 -0.77216509
vn -0.68943708 0.04522405 0.72293243
vn -0.63193134 0.04474033 0.77373192
vn -0.69462975 0.15049973 -0.70344818
vn -0.63531433 0.14307994 -0.75888328
vn -0.73408380 0.15954542 0.66005018
vn -0.68703895 0.14610731 0.71177956
vn -0.63765095 0.13945101 0.75759796
vn -0.68809861 0.24533739 -0.68288349
vn -0.63835799 0.23684120 -0.73239697
vn -0.73571152 0.26882267 -0.62166143
vn -0.72168815 0.26745495 0.63846227
vn -0.66841955 0.25872304 0.69733614
vn -0.65705687 0.19808193 0.72735123
vn -0.66149190 0.29422972 -0.68982414
vn -0.67113440 0.35613201 -0.65019121
vn -0.71855125 0.36431753 -0.59241611
vn -0.70491133 0.37006448 0.60510519
vn -0.66720557 0.35704680 0.65372342
vn -0.68643611 0.42262277 -0.59177315
vn -0.72903057 0.48950767 -0.47843147
vn -0.69010192 0.48427008 -0.53781208
vn -0.70855795 0.49194949 0.50589656
vn -0.67026648 0.48639763 0.56049994
vn -0.67622512 0.42659487 0.60061335
vn -0.68626243 0.55024319 -0.47568510
vn -0.71565663 0.60067826 -0.35640035
vn -0.68243802 0.60371219 -0.41208002
vn -0.73351268 0.62774777 -0.26056071
vn -0.71758683 0.62827905 0.30055712
vn -0.69354500 0.60219307 0.39542235
vn -0.65276007 0.60863244 0.45107743
vn -0.66531395 0.55502269 0.49930668
vn -0.67042779 0.65895036 -0.34104398
vn -0.67055043 0.69789669 -0.25159956
vn -0.68997643 0.71003975 -0.14062745
vn -0.65035711 0.73417917 -0.19497840
vn -0.69421285 0.71898213 -0.03366347
vn -0.69116799 0.71858591 0.07694867
vn -0.68111941 0.70834284 0.18527486
vn -0.64726182 0.72300797 0.24147798
vn -0.65647096 0.69335151 0.29716924
vn -0.63906669 0.66184214 0.39186572
vn -0.62966200 0.76487544 -0.13598283
vn -0.62869448 0.77703752 -0.03091842
vn -0.62571485 0.77628794 0.07653738
vn -0.62049179 0.76279672 0.18201950
vn -0.67255921 -0.72635480 -0.14167853
vn -0.61748626 -0.77865221 -0.11140669
vn -0.67166858 -0.71517125 -0.19336856
vn -0.63882111 -0.76879921 -0.02924671
vn -0.58102791 -0.81377845 -0.01308443
vn -0.60767479 -0.79238306 0.05348299
vn -0.54955763 -0.83291976 0.06504680
vn -0.58368573 -0.80124601 0.13158950
vn -0.52619923 -0.83929379 0.13674904
vn -0.52667456 -0.83187247 0.17493457
vn -0.68652534 -0.57054399 -0.45073553
vn -0.65266892 -0.61509637 -0.44235702
vn -0.63626147 -0.55380311 -0.53709724
vn -0.71307787 -0.62587360 -0.31591484
vn -0.68739543 -0.66761757 -0.28596207
vn -0.54320349 -0.81135172 0.21595914
vn -0.59855286 -0.74168667 0.30271331
vn -0.53372149 -0.79185691 0.29682319
vn -0.58699936 -0.71685909 0.37622439
vn -0.53318652 -0.76183486 0.36785837
vn -0.55384391 -0.72218832 0.41436814
vn -0.64381623 -0.48082548 -0.59523736
vn -0.61074800 -0.50708342 -0.60815564
vn -0.57817706 -0.46478033 -0.67058969
vn -0.69471187 -0.52999643 -0.48629127
vn -0.62211522 -0.62104728 0.47673150
vn -0.57974706 -0.67741831 0.45276680
vn -0.60738089 -0.60886719 0.51026385
vn -0.64393600 -0.44533586 -0.62211125
vn -0.57338337 -0.42588012 -0.69989830
vn -0.64772068 -0.49343871 0.58049648
vn -0.63581739 -0.54783762 0.54370045
vn -0.65027591 -0.45901511 0.60534814
vn -0.59735970 -0.35197754 -0.72060614
vn -0.54803994 -0.39130151 -0.73928029
vn -0.52817389 -0.34296617 -0.77679248
vn -0.64401642 -0.33665096 0.68695632
vn -0.64676351 -0.38272690 0.65970985
vn -0.63984621 -0.32122379 0.69814906
vn -0.60868702 -0.27346420 -0.74479356
vn -0.53654462 -0.26493821 -0.80120385
vn -0.63043691 -0.25187421 0.73424021
vn -0.61203557 -0.21841454 0.76007075
vn -0.56662100 -0.16551446 -0.80718375
vn -0.51610401 -0.21633375 -0.82875591
vn -0.50568898 -0.16420665 -0.84694441
vn -0.62651939 -0.16391051 0.76197559
vn -0.57663427 -0.13747107 0.80535373
vn -0.57388518 -0.06676800 -0.81620943
vn -0.51056363 -0.06619019 -0.85728854
vn -0.55856135 -0.04871790 0.82803127
vn -0.57734683 0.03590470 -0.81570920
vn -0.51403943 0.03406186 -0.85708999
vn -0.55809533 0.03981437 0.82882110
vn -0.57909273 0.13075201 -0.80470834
vn -0.52290818 0.12262119 -0.84352302
vn -0.56726689 0.12540395 0.81393005
vn -0.54762174 0.17658372 -0.81788057
vn -0.56943013 0.22006443 -0.79203597
vn -0.63535287 0.25153357 0.73010793
vn -0.58662599 0.22218256 0.77878422
vn -0.63792035 0.34062192 -0.69067673
vn -0.59867339 0.29678066 -0.74398347
vn -0.64641380 0.33509093 0.68546573
vn -0.64404813 0.29481305 0.70589467
vn -0.65694351 0.39622139 -0.64143109
vn -0.64145302 0.35947522 -0.67772825
vn -0.66334088 0.46830237 -0.58367094
vn -0.64379113 0.48517450 0.59172518
vn -0.64704465 0.44671372 0.61788355
vn -0.66123744 0.37834128 0.64778308
vn -0.66999369 0.41877621 -0.61297222
vn -0.67800935 0.49196904 -0.54614081
vn -0.67125519 0.51868496 -0.52951146
vn -0.66272421 0.59300080 -0.45732556
vn -0.62062906 0.61354520 0.48824365
vn -0.60138472 0.60146783 0.52590196
vn -0.63491171 0.54215287 0.55041564
vn -0.66607244 0.56884345 -0.48245686
vn -0.62701675 0.65493806 -0.42178920
vn -0.62562773 0.71034686 -0.32248608
vn -0.61261478 0.70373905 -0.35979783
vn -0.62427361 0.74183075 -0.24488692
vn -0.60117912 0.74222437 0.29611931
vn -0.58803387 0.71518727 0.37778743
vn -0.55136711 0.71758285 0.42552223
vn -0.57593955 0.67136039 0.46644278
vn -0.58081607 0.75938125 -0.29324530
vn -0.55459580 0.80116916 -0.22483653
vn -0.54823066 0.82606704 -0.13060010
vn -0.57302922 0.81908877 -0.02703896
vn -0.52645578 0.84651944 -0.07905161
vn -0.56989842 0.81804615 0.07756471
vn -0.53215626 0.83637778 0.13146075
vn -0.53885428 0.82161430 0.18597312
vn -0.53380445 0.79546944 0.28684696
vn -0.53320568 0.76136789 0.36879621
vn -0.51226308 0.85846428 -0.02501230
vn -0.50869643 0.85756971 0.07617167
vn -0.94980888 -0.11086876 -0.29252556
vn -0.88918417 -0.32360808 -0.32346456
vn -0.85632324 -0.12286210 -0.50161282
vn -0.99273490 -0.11304915 0.04119842
vn -0.93717693 -0.34591845 0.04516439
vn -0.95715386 -0.12785308 0.25982703
vn -0.93455207 0.22304403 -0.27724319
vn -0.84707601 0.24527058 -0.47149187
vn -0.96919019 0.24250212 0.04316365
vn -0.92904499 0.27036132 0.25254734
vn -0.85161807 0.43068397 -0.29876074
vn -0.87863679 0.47527640 0.04593184
vn -0.59976651 -0.66951056 -0.43821883
vn -0.50617112 -0.74607322 -0.43262634
vn -0.50677108 -0.66668785 -0.54654403
vn -0.63575775 -0.72104467 -0.27551164
vn -0.52799223 -0.81085984 -0.25244906
vn -0.52325305 -0.84893806 -0.07423222
vn -0.49306165 -0.86926997 0.03549548
vn -0.45309009 -0.88488902 0.10807774
vn -0.42792606 -0.88956225 0.15986963
vn -0.48218806 -0.84838180 0.21850171
vn -0.41670868 -0.88148437 0.22212425
vn -0.47173987 -0.83256792 0.29033111
vn -0.41288474 -0.86439495 0.28696265
vn -0.42649388 -0.84288546 0.32809613
vn -0.57137602 -0.54035130 -0.61769728
vn -0.49887140 -0.59422905 -0.63088759
vn -0.47504803 -0.52557444 -0.70576262
vn -0.44824701 -0.81778288 0.36097892
vn -0.53211141 -0.73590922 0.41868254
vn -0.48438118 -0.78318620 0.38986441
vn -0.53192523 -0.73427343 0.42177965
vn -0.47161151 -0.47273754 -0.74438014
vn -0.60774580 -0.61414699 0.50345656
vn -0.59088125 -0.67391324 0.44350907
vn -0.65366404 -0.57680323 0.48991975
vn -0.50727892 -0.41517018 -0.75518330
vn -0.44704045 -0.43812643 -0.77987183
vn -0.42670831 -0.40456544 -0.80885526
vn -0.66083275 -0.43445144 0.61200656
vn -0.66915440 -0.48302986 0.56472519
vn -0.69208709 -0.38182094 0.61255875
vn -0.42607893 -0.35376818 -0.83264928
vn -0.63239810 -0.22149148 0.74230328
vn -0.66984726 -0.25606338 0.69694777
vn -0.65324539 -0.18676778 0.73374945
vn -0.47245326 -0.26394177 -0.84090586
vn -0.41547444 -0.31312627 -0.85400991
vn -0.40512079 -0.26058205 -0.87634134
vn -0.56647482 -0.16245074 0.80790843
vn -0.56959638 -0.12218086 0.81279259
vn -0.40985037 -0.16943340 -0.89627842
vn -0.52329288 -0.11372569 0.84453006
vn -0.49751547 -0.08006291 0.86375244
vn -0.41362960 -0.07124207 -0.90765364
vn -0.50659891 -0.04603316 0.86095209
vn -0.45725957 -0.03179999 0.88876456
vn -0.42107905 0.02533364 -0.90667008
vn -0.50950840 0.03362200 0.85980856
vn -0.44872370 0.02300972 0.89337428
vn -0.43285096 0.10649387 -0.89515312
vn -0.53395175 0.11127799 0.83816033
vn -0.47313890 0.07378359 0.87789268
vn -0.51418102 0.20439343 -0.83297131
vn -0.45048266 0.18639477 -0.87311074
vn -0.58930529 0.17475352 0.78878418
vn -0.54321193 0.11815510 0.83124014
vn -0.54699322 0.23634579 -0.80308099
vn -0.50910866 0.19898318 -0.83738526
vn -0.66118137 0.20084800 0.72284112
vn -0.65861911 0.16479658 0.73420907
vn -0.56008154 0.24965207 -0.78992564
vn -0.61824279 0.28951113 -0.73072509
vn -0.66582598 0.42755231 0.61145301
vn -0.72251172 0.36079544 0.58974865
vn -0.67931121 0.21878116 0.70047918
vn -0.68380322 0.44468929 -0.57850202
vn -0.66340216 0.39533460 -0.63530160
vn -0.60172709 0.61102516 0.51436637
vn -0.65865004 0.56810232 0.49339627
vn -0.68994543 0.47185285 0.54893551
vn -0.70285352 0.46559453 -0.53779054
vn -0.66982812 0.60810054 -0.42607982
vn -0.70990764 0.56104367 -0.42574773
vn -0.61667842 0.68676806 -0.38478222
vn -0.52806039 0.73215378 0.43023606
vn -0.53113184 0.72254153 0.44252989
vn -0.56868976 0.67322154 0.47261477
vn -0.64917254 0.67406630 -0.35243389
vn -0.56944457 0.76191190 -0.30858246
vn -0.53385485 0.80791481 -0.24954488
vn -0.54060185 0.80155897 -0.25544637
vn -0.50802846 0.83519505 -0.21060936
vn -0.49514789 0.85956133 -0.12642344
vn -0.48014175 0.85744843 0.18505697
vn -0.47252201 0.83662161 0.27710508
vn -0.42539506 0.84434664 0.32575725
vn -0.44598447 0.81740366 0.36462186
vn -0.48031626 0.78010688 0.40091089
vn -0.48005194 0.84993314 -0.21717226
vn -0.43349198 0.88166364 -0.18642404
vn -0.42101951 0.89987147 -0.11390303
vn -0.41579718 0.90926037 -0.01892862
vn -0.41277763 0.90743454 0.07859506
vn -0.41192479 0.89322269 0.18019763
vn -0.41221194 0.86979973 0.27116368
vn -0.79191014 -0.51011235 -0.33565417
vn -0.54063057 -0.76763790 -0.34416659
vn -0.57446448 -0.55314608 -0.60334067
vn -0.84769804 -0.52875793 0.04269749
vn -0.56197443 -0.82578780 0.04753164
vn -0.76389329 -0.49046358 0.41941926
vn -0.52560984 -0.74151214 0.41700605
vn -0.54101126 -0.49948193 0.67662738
vn -0.76550683 -0.14504766 -0.62686559
vn -0.59429042 -0.37504409 -0.71144980
vn -0.60956234 -0.18993704 -0.76964776
vn -0.87984600 -0.12187287 0.45936698
vn -0.53534417 -0.32105696 0.78123559
vn -0.68875981 -0.10494049 0.71735446
vn -0.47534972 -0.10417286 0.87360784
vn -0.78219899 0.20876582 -0.58701071
vn -0.67117486 0.19886663 -0.71412629
vn -0.84431311 0.27931694 0.45729358
vn -0.66671971 0.24609710 0.70350625
vn -0.46755700 0.23908199 0.85101719
vn -0.67140607 0.43005485 -0.60354512
vn -0.76752473 0.57955255 -0.27390627
vn -0.69307779 0.55338643 -0.46195956
vn -0.78208921 0.61997001 0.06303698
vn -0.69901482 0.58593043 0.40995587
vn -0.51039727 0.59815919 0.61781892
vn -0.50441201 0.44824023 0.73800354
vn -0.58830007 0.78192884 -0.20613179
vn -0.53156595 0.84332608 0.07898581
vn -0.49306416 0.76955897 0.40579148
vn -0.43623634 -0.86826036 -0.23626638
vn -0.31394346 -0.92305671 -0.22227420
vn -0.33064951 -0.88006099 -0.34082776
vn -0.42921030 -0.90109174 -0.06174304
vn -0.31453028 -0.94796678 -0.04929182
vn -0.39997853 -0.91491840 0.05423553
vn -0.30660969 -0.94948099 0.06690552
vn -0.37416315 -0.91862660 0.12699252
vn -0.29673269 -0.94602917 0.13030163
vn -0.29874807 -0.94153260 0.15577533
vn -0.41955624 -0.65556280 -0.62786142
vn -0.31102230 -0.72433973 -0.61530243
vn -0.30726733 -0.63512397 -0.70866376
vn -0.33667875 -0.82135002 -0.46046885
vn -0.30302147 -0.93616586 0.17824551
vn -0.30015167 -0.92594542 0.22920307
vn -0.30680120 -0.90746879 0.28700770
vn -0.38511164 -0.85848378 0.33866594
vn -0.32371442 -0.88950069 0.32248643
vn -0.35317465 -0.86865620 0.34742493
vn -0.31577943 -0.54353996 -0.77771953
vn -0.39486980 -0.85197187 0.34383393
vn -0.54756058 -0.75001825 0.37101217
vn -0.47829416 -0.81921370 0.31642316
vn -0.56191305 -0.76389164 0.31736932
vn -0.39322790 -0.46050072 -0.79580833
vn -0.30487888 -0.48592213 -0.81910229
vn -0.29926374 -0.45609875 -0.83810211
vn -0.69223221 -0.53248281 0.48711049
vn -0.62644436 -0.67048201 0.39751897
vn -0.71806443 -0.44336374 0.53648119
vn -0.64930200 -0.57855658 0.49363872
vn -0.67661050 -0.42851199 0.59881192
vn -0.30137021 -0.41708091 -0.85744942
vn -0.72528583 -0.31704665 0.61109891
vn -0.68742489 -0.22609548 0.69016509
vn -0.36188585 -0.35057314 -0.86379228
vn -0.29611392 -0.38815663 -0.87272617
vn -0.29082610 -0.34473361 -0.89251270
vn -0.61230200 -0.05963721 0.78837153
vn -0.29401693 -0.26662091 -0.91786019
vn -0.48639087 -0.00468225 0.87372879
vn -0.29736689 -0.17354370 -0.93885862
vn -0.39055827 -0.00701537 0.92055148
vn -0.34976044 -0.07398467 -0.93391322
vn -0.29196056 -0.12320983 -0.94846105
vn -0.29003848 -0.07445136 -0.95411460
vn -0.34750326 -0.00650932 0.93765618
vn -0.35532043 0.01693499 -0.93459114
vn -0.29498415 0.01507863 -0.95538316
vn -0.35002095 0.00390347 0.93673374
vn -0.36507130 0.08770100 -0.92683951
vn -0.30768907 0.08083333 -0.94804716
vn -0.40543940 -0.00755215 0.91409073
vn -0.32377207 0.11584239 -0.93901661
vn -0.35776296 0.13551302 -0.92392742
vn -0.53537869 -0.05363624 0.84290736
vn -0.42134856 0.12346435 -0.89845531
vn -0.60152451 -0.10656165 0.79171515
vn -0.70565934 -0.04757389 0.70695234
vn -0.61790463 -0.10179643 0.77963540
vn -0.57673685 0.24129694 -0.78048087
vn -0.49701050 0.16410483 -0.85208578
vn -0.78541316 0.24595212 0.56800856
vn -0.79594825 0.08252791 0.59971288
vn -0.70867439 0.03766670 0.70452951
vn -0.64794503 0.30250316 -0.69904154
vn -0.56136313 0.24161573 -0.79151328
vn -0.72152031 0.52745012 0.44855860
vn -0.81195858 0.40677486 0.41863765
vn -0.82980696 0.33436043 0.44679247
vn -0.79420352 0.17146233 0.58295921
vn -0.64183623 0.35539348 -0.67951580
vn -0.70207330 0.52546596 -0.48060234
vn -0.65586819 0.48600059 -0.57761609
vn -0.56699605 0.72162923 0.39719860
vn -0.69455245 0.66548150 0.27337019
vn -0.75437364 0.61607485 0.22665435
vn -0.78795259 0.52071613 0.32861136
vn -0.62655731 0.64398162 -0.43899158
vn -0.61956492 0.73649414 -0.27150633
vn -0.59086575 0.74809457 -0.30204667
vn -0.55211605 0.79356563 -0.25577619
vn -0.38359672 0.85786897 0.34192747
vn -0.34655884 0.86438942 0.36431842
vn -0.39269385 0.84891584 0.35374205
vn -0.49907613 0.81713750 0.28846026
vn -0.63084084 0.74867984 0.20376049
vn -0.51447416 0.82864312 -0.22060582
vn -0.43683521 0.88316575 -0.17086036
vn -0.38164875 0.90950054 -0.16478166
vn -0.34503567 0.92672590 -0.14875987
vn -0.31349728 0.94420736 -0.10095501
vn -0.35169409 0.93601868 -0.01342771
vn -0.30087301 0.95182120 -0.05926070
vn -0.30248183 0.95263131 0.03159628
vn -0.30135064 0.95009818 0.08063031
vn -0.30094717 0.93671139 0.17889261
vn -0.30617394 0.91333851 0.26845911
vn -0.32200143 0.88839970 0.32720185
vn -0.38567934 -0.85899064 -0.33672917
vn -0.19646854 -0.93904902 -0.28211177
vn -0.22977494 -0.83439989 -0.50097934
vn -0.39017601 -0.91925535 0.05227117
vn -0.19078335 -0.98051671 0.04678357
vn -0.35648405 -0.84360102 0.40156748
vn -0.17764463 -0.91030265 0.37388698
vn -0.17992559 -0.79042418 0.58553940
vn -0.29339254 0.95590899 -0.01260270
vn -0.43593800 -0.57153287 -0.69520374
vn -0.25434111 -0.74914103 -0.61163577
vn -0.28682734 -0.54488620 -0.78792709
vn -0.36638666 -0.48703417 0.79281684
vn -0.18056651 -0.66637456 0.72342290
vn -0.17827203 -0.44512770 0.87754226
vn -0.53967581 -0.28928651 -0.79060947
vn -0.44343088 -0.48166256 -0.75589035
vn -0.58454889 -0.36535880 -0.72444154
vn -0.19091367 -0.11466761 0.97488631
vn -0.77804401 -0.02734119 -0.62761452
vn -0.77276923 -0.33746873 -0.53753379
vn -0.18948006 0.26084062 0.94660418
vn -0.96755636 -0.03541775 -0.25016051
vn -0.92220358 -0.23207536 -0.30932441
vn -0.96999197 -0.06752855 -0.23357112
vn -0.91316991 0.21068078 -0.34890448
vn -0.66537274 0.51253899 -0.54275491
vn -0.21253292 0.66772210 0.71342621
vn -0.21364178 0.51448904 0.83045663
vn -0.98199643 0.10605458 -0.15631837
vn -0.90169608 0.40455681 -0.15257119
vn -0.59611957 0.77760303 -0.19993746
vn -0.33796041 0.93605865 -0.09786201
vn -0.24915548 0.96009409 0.12704678
vn -0.20741444 0.86995440 0.44739088
vn -0.21926830 -0.87202491 -0.43760025
vn -0.10145487 -0.90228555 -0.41903185
vn -0.10103326 -0.83384753 -0.54266986
vn -0.11178420 -0.96618832 -0.23234550
vn -0.12397926 -0.99087463 -0.05288294
vn -0.13880799 -0.98811713 0.06600672
vn -0.15399647 -0.97943359 0.13036457
vn -0.23406781 -0.95549544 0.17955703
vn -0.16569991 -0.97044766 0.17542771
vn -0.23319127 -0.94584092 0.22584682
vn -0.17103190 -0.95941438 0.22421448
vn -0.17448908 -0.95202003 0.25141883
vn -0.10984623 -0.76381598 -0.63601805
vn -0.11371819 -0.65675508 -0.74548034
vn -0.18615722 -0.94194182 0.27944786
vn -0.20558033 -0.92973631 0.30549489
vn -0.32106741 -0.89892809 0.29806712
vn -0.24437965 -0.93020458 0.27385769
vn -0.28054369 -0.92702202 0.24884815
vn -0.22017027 -0.53738424 -0.81409043
vn -0.12541911 -0.58945324 -0.79800684
vn -0.12946533 -0.52840401 -0.83906372
vn -0.33552858 -0.91153431 0.23775150
vn -0.57846495 -0.74139978 0.34015389
vn -0.40308133 -0.87522464 0.26740843
vn -0.58248839 -0.67486334 0.45306374
vn -0.42205661 -0.80402865 0.41881517
vn -0.45619166 -0.68800344 0.56439386
vn -0.14882107 -0.47601585 -0.86675325
vn -0.60276372 -0.40511218 0.68743001
vn -0.46220128 -0.56476769 0.68367203
vn -0.44688994 -0.38353087 0.80820384
vn -0.23128725 -0.41646665 -0.87923930
vn -0.16016640 -0.44696357 -0.88009675
vn -0.16352875 -0.41163288 -0.89655826
vn -0.62131867 -0.16902042 0.76511124
vn -0.45694162 -0.12355484 0.88087375
vn -0.17169759 -0.35464275 -0.91910198
vn -0.54662076 -0.00623526 0.83735707
vn -0.42374024 0.06762558 0.90325577
vn -0.17760249 -0.27278421 -0.94554013
vn -0.42494524 0.03732154 0.90444936
vn -0.35766367 0.11920547 0.92621097
vn -0.23822137 -0.17401530 -0.95549425
vn -0.17835131 -0.22539040 -0.95780477
vn -0.17736998 -0.17367494 -0.96869856
vn -0.32991979 0.01863602 0.94382500
vn -0.28164411 0.07154442 0.95684795
vn -0.18099627 -0.07860955 -0.98033713
vn -0.28963907 -0.00114183 0.95713526
vn -0.23376806 0.01423745 0.97218815
vn -0.18528578 0.00884334 -0.98264489
vn -0.29832265 -0.01425527 0.95435862
vn -0.22660691 -0.03427871 0.97338290
vn -0.19155059 0.06876762 -0.97907067
vn -0.36341597 -0.05757686 0.92984608
vn -0.26354562 -0.13042069 0.95578980
vn -0.28335157 0.10699929 -0.95302835
vn -0.20845805 0.08977753 -0.97390207
vn -0.47610269 -0.09740201 0.87397888
vn -0.37717953 -0.22904673 0.89737016
vn -0.32992851 0.07730927 -0.94083498
vn -0.24619468 0.05796736 -0.96748538
vn -0.49055447 -0.24620342 0.83590681
vn -0.39952263 0.08254612 -0.91299935
vn -0.29291001 0.05749221 -0.95440996
vn -0.51036467 -0.18370554 0.84010724
vn -0.63200344 -0.04109122 0.77387542
vn -0.46433862 -0.04728244 0.88439472
vn -0.33818726 0.09489361 -0.93628232
vn -0.36551637 0.20309652 -0.90837745
vn -0.77116275 0.31039774 0.55584283
vn -0.56698559 0.27938094 0.77490234
vn -0.54002158 0.09715368 0.83602503
vn -0.57281889 0.47154020 -0.67046876
vn -0.37721640 0.42765587 -0.82147322
vn -0.71630478 0.62939123 0.30128749
vn -0.68168398 0.56080450 0.46989922
vn -0.51870888 0.55529312 0.65006972
vn -0.40693809 0.62153935 -0.66939542
vn -0.54985490 0.73096922 -0.40415787
vn -0.40710703 0.73803504 -0.53811536
vn -0.32017552 0.89811975 0.30144412
vn -0.29064341 0.92542974 0.24311769
vn -0.35260741 0.91869615 0.17794777
vn -0.45118898 0.88580429 0.10853230
vn -0.50658659 0.83193674 0.22638746
vn -0.51451404 0.72566995 0.45681333
vn -0.36579522 0.85641919 -0.36433504
vn -0.35141876 0.92274346 -0.15826990
vn -0.31037751 0.94581888 -0.09535435
vn -0.24896616 0.96099441 -0.12043913
vn -0.26898385 0.95530693 -0.12262284
vn -0.21915329 0.96802596 -0.12205566
vn -0.25434461 0.96265156 -0.09279432
vn -0.24292557 0.96664299 0.08116954
vn -0.24058475 0.95471180 0.17505530
vn -0.18397893 0.95739437 0.22259329
vn -0.18937728 0.94619869 0.26238194
vn -0.20490211 0.92835460 0.31011750
vn -0.24715811 0.92893553 0.27566582
vn 0.04362925 -0.96166766 -0.27072458
vn 0.03501766 -0.87147747 -0.48918379
vn 0.05820379 -0.99680921 0.05462339
vn 0.05637722 -0.92263544 0.38153041
vn 0.05977131 -0.80066625 0.59612159
vn -0.20004832 0.97322664 -0.11318382
vn -0.18682147 0.97889265 -0.08286687
vn -0.18351036 0.98297066 -0.00962407
vn -0.18234669 0.97988836 0.08104623
vn -0.18127323 0.96798946 0.17359843
vn -0.00076801 -0.80623357 -0.59159686
vn -0.09234358 -0.63310800 -0.76853557
vn 0.06489671 -0.67562617 0.73438253
vn 0.06422563 -0.45050265 0.89046192
vn -0.25681215 -0.68718465 -0.67957691
vn -0.51935440 -0.65397441 -0.55008042
vn 0.06970436 -0.11881021 0.99046728
vn -0.77284416 -0.49496211 -0.39714532
vn -0.58902155 -0.69628450 -0.41017253
vn -0.63529282 -0.54299847 -0.54914087
vn -0.81087780 -0.46593345 -0.35409493
vn -0.58677926 -0.71480072 -0.38046028
vn 0.06389355 0.26270887 0.96275732
vn -0.77258644 -0.18887690 -0.60616476
vn -0.63186495 -0.40481605 -0.66096192
vn -0.58325297 -0.19595529 -0.78830038
vn -0.91226316 -0.16536264 -0.37474140
vn 0.05526814 0.67958452 0.73151235
vn 0.05994372 0.51574576 0.85464207
vn -0.78607689 0.15605841 -0.59810441
vn -0.59143194 0.15273135 -0.79175842
vn -0.92701736 0.18873443 -0.32406502
vn -0.96678947 0.25458380 -0.02247684
vn -0.91162331 0.40196898 0.08581304
vn -0.67381112 0.73887479 0.00652760
vn -0.28755522 0.95748615 -0.02307085
vn -0.11225610 0.98042330 0.16176747
vn -0.01839204 0.94608943 0.32338293
vn 0.02437290 0.87415445 0.48503604
vn -0.65870319 0.37651602 -0.65141829
vn -0.66043090 0.55367415 -0.50722377
vn -0.80990098 0.51485217 -0.28104741
vn -0.83580990 0.54578913 0.05946456
vn -0.73037720 0.63214497 0.25873129
vn -0.49056978 0.74933675 0.44478728
vn -0.42289196 0.80884160 0.40858006
vn -0.13880502 0.96837053 0.20734434
vn -0.02041983 0.97412416 0.22508919
vn -0.60593765 0.74681614 -0.27405331
vn -0.60823690 0.78992788 0.07785770
vn -0.54123801 0.76553122 0.34788413
vn 0.09593528 -0.90168913 -0.42160781
vn 0.10017221 -0.83581957 -0.53978808
vn 0.08943142 -0.96483566 -0.24717233
vn 0.06276322 -0.99505169 -0.07702544
vn 0.02513606 -0.99894441 0.03844800
vn -0.01095699 -0.99409919 0.10792010
vn -0.03676938 -0.98621477 0.16133334
vn -0.05117939 -0.97481798 0.21704971
vn -0.05601265 -0.96773856 0.24565152
vn 0.08799986 -0.77312681 -0.62811699
vn 0.07974012 -0.67013534 -0.73794318
vn -0.06246808 -0.96022140 0.27216283
vn -0.07203903 -0.95398556 0.29107030
vn -0.08909726 -0.96537364 0.24518443
vn -0.23286996 -0.95188617 0.19920919
vn -0.11282885 -0.97652017 0.18351570
vn -0.11715553 -0.98088013 0.15539869
vn 0.04517254 -0.61645833 -0.78609069
vn 0.03106413 -0.55061011 -0.83418435
vn -0.14955125 -0.96171583 0.22964555
vn -0.16711659 -0.89137330 0.42133796
vn -0.18937440 -0.76274783 0.61834706
vn -0.00671914 -0.50475067 -0.86323902
vn -0.19129793 -0.64181464 0.74261637
vn -0.17746979 -0.40373142 0.89749953
vn -0.02732062 -0.47376123 -0.88022945
vn -0.03925775 -0.42779012 -0.90302516
vn -0.17377810 -0.10591641 0.97907246
vn -0.05281713 -0.36538938 -0.92935513
vn -0.15603810 0.11754200 0.98073237
vn -0.11856851 -0.27371170 -0.95447547
vn -0.05942031 -0.31963637 -0.94567532
vn -0.05990237 -0.26823139 -0.96149032
vn -0.12604462 0.18868615 0.97391493
vn -0.06297411 -0.17756737 -0.98209169
vn -0.09778706 0.12445189 0.98739527
vn -0.06494071 -0.08131372 -0.99457065
vn -0.08542598 0.03203890 0.99582926
vn -0.06655424 0.00468123 -0.99777183
vn -0.09128500 -0.05229133 0.99445094
vn -0.06912809 0.06323025 -0.99560195
vn -0.11911905 -0.19363700 0.97381485
vn -0.07421325 0.07123453 -0.99469495
vn -0.16282397 -0.35056260 0.92227665
vn -0.08168768 0.03596605 -0.99600882
vn -0.18189758 -0.39463129 0.90065499
vn -0.35097430 -0.29171571 0.88978592
vn -0.17295793 -0.28645452 0.94235310
vn -0.08478241 0.03825664 -0.99566479
vn -0.19113212 -0.07574945 0.97863708
vn -0.24129674 0.19003779 -0.95166250
vn -0.08442965 0.17192029 -0.98148614
vn -0.42177921 0.27181276 0.86499718
vn -0.19547386 0.24018914 0.95084129
vn -0.08844402 0.27952638 -0.95605578
vn -0.09261503 0.43033764 -0.89790421
vn -0.21592187 0.62137747 0.75317182
vn -0.22173389 0.46761435 0.85566985
vn -0.26194504 0.70984660 -0.65383683
vn -0.08904770 0.65181974 -0.75312784
vn -0.25338108 0.95641183 0.14517038
vn -0.32061520 0.94520830 0.06153993
vn -0.36626509 0.91082573 0.19038479
vn -0.19590664 0.92904235 0.31384853
vn -0.20002608 0.85016261 0.48704527
vn -0.08800799 0.80604045 -0.58528061
vn -0.09072725 0.92801869 -0.36131685
vn -0.21637808 0.96556183 -0.14446760
vn -0.08126017 0.97215386 -0.21980370
vn -0.19664826 0.97771744 -0.07347155
vn -0.16553047 0.98148368 -0.09638180
vn -0.06883131 0.97187741 0.22520336
vn -0.06942158 0.96311706 0.25997342
vn -0.07432370 0.95180820 0.29755189
vn -0.09062308 0.96589589 0.24255428
vn -0.12955710 0.98598579 0.10510464
vn -0.17255762 0.98446762 0.03236326
vn -0.19466738 0.96402942 0.18097486
vn 0.07490782 -0.96581933 -0.24815688
vn 0.06892575 -0.89692666 -0.43677431
vn 0.08579244 -0.99420469 0.06478184
vn 0.16434140 -0.87902193 0.44756268
vn 0.09842707 -0.95735875 0.27161800
vn -0.08064875 0.98663731 -0.14157190
vn -0.07654009 0.99525796 -0.06002680
vn -0.07168443 0.99431818 -0.07869365
vn -0.06959781 0.99219487 -0.10346735
vn -0.06844338 0.99454802 -0.07867496
vn -0.06700546 0.99771748 -0.00837259
vn -0.06659271 0.99443395 0.08164882
vn -0.06682321 0.98233243 0.17480748
vn 0.05010753 -0.83901497 -0.54179619
vn -0.01840123 -0.75428856 -0.65628513
vn 0.10725100 -0.85921610 0.50024485
vn 0.08949137 -0.65988254 0.74602033
vn 0.08582269 -0.45639042 0.88563099
vn -0.40979025 -0.79726137 -0.44322259
vn -0.19659602 -0.89965503 -0.38983437
vn -0.23696771 -0.92532879 -0.29599482
vn -0.07997444 -0.83627506 -0.54244641
vn 0.09184876 -0.12514801 0.98787741
vn -0.49071301 -0.54801476 -0.67740723
vn -0.26518264 -0.71867593 -0.64279318
vn -0.26311957 -0.51540332 -0.81555350
vn -0.25445485 -0.87668296 -0.40826428
vn 0.08405674 0.25832141 0.96239520
vn -0.28598428 -0.22346102 -0.93181445
vn 0.07711478 0.67825629 0.73076790
vn 0.07933717 0.49058740 0.86777279
vn -0.28654902 0.16843082 -0.94314406
vn 0.03308837 0.92633177 0.37525274
vn 0.06240025 0.84666704 0.52845164
vn -0.51338962 0.55328962 -0.65597385
vn -0.26529125 0.50593703 -0.82076079
vn -0.37575506 0.76303677 0.52591160
vn -0.22856517 0.79783709 0.55786553
vn -0.12025296 0.90342550 0.41153564
vn 0.00192307 0.94983315 0.31275116
vn -0.26950217 0.74659574 -0.60824616
vn -0.28966978 0.91213712 -0.28999534
vn -0.46068476 0.88234810 0.09608010
vn -0.26096222 0.96173308 -0.08347573
vn -0.27722593 0.91783169 0.28413161
vn -0.27193550 0.86277611 0.42622585
vn -0.21966692 0.81955022 0.52922952
vn -0.24077526 0.96670000 0.08670865
vn 0.19722890 -0.86724581 -0.45714927
vn 0.25712301 -0.89595608 -0.36214702
vn 0.23828693 -0.93398079 -0.26626907
vn 0.20669950 -0.97120818 -0.11844828
vn 0.15890014 -0.98726746 -0.00732816
vn 0.11474204 -0.99082567 0.07140560
vn 0.08586406 -0.98635126 0.14049399
vn 0.06866856 -0.97667779 0.20343333
vn 0.06387329 -0.96904687 0.23847091
vn 0.23268329 -0.76221329 -0.60406075
vn 0.21388506 -0.68915134 -0.69233201
vn 0.25936722 -0.84438087 -0.46877457
vn 0.06171965 -0.96191153 0.26630225
vn 0.06485867 -0.95495018 0.28959196
vn 0.07464746 -0.96805078 0.23938554
vn 0.09009350 -0.97925810 0.18148479
vn 0.10122876 -0.98276462 0.15468172
vn 0.17064555 -0.63487354 -0.75353545
vn 0.15238636 -0.58173931 -0.79897295
vn 0.12635335 -0.96428525 0.23278485
vn 0.14308582 -0.89870465 0.41455567
vn 0.15781095 -0.76551390 0.62376612
vn 0.11252688 -0.53091342 -0.83992180
vn 0.15945058 -0.64820305 0.74458600
vn 0.15006904 -0.39987552 0.90420067
vn 0.09594977 -0.49799762 -0.86185382
vn 0.07960086 -0.44320113 -0.89288099
vn 0.14931336 -0.10556827 0.98313827
vn 0.06277148 -0.37688646 -0.92413004
vn 0.13586922 0.12177761 0.98321400
vn 0.05529018 -0.32497927 -0.94410353
vn 0.05357653 -0.27293595 -0.96053918
vn 0.11388596 0.19157234 0.97484872
vn 0.05154648 -0.17915956 -0.98246873
vn 0.08696917 0.12231301 0.98867380
vn 0.05137286 -0.08198251 -0.99530885
vn 0.06846218 0.02839215 0.99724963
vn 0.05284620 0.00543772 -0.99858786
vn 0.06466393 -0.05848223 0.99619195
vn 0.05846964 0.06643538 -0.99607612
vn 0.07729058 -0.20435947 0.97583983
vn 0.07314817 0.07928066 -0.99416494
vn 0.12270208 -0.34670708 0.92991311
vn 0.10288957 0.05078674 -0.99339541
vn 0.14960954 -0.39922706 0.90456329
vn 0.14200052 -0.28983019 0.94648524
vn 0.14266697 0.05926379 -0.98799491
vn 0.15604713 -0.07689782 0.98475175
vn 0.17118365 0.18113298 -0.96844566
vn 0.16067483 0.24128863 0.95705977
vn 0.18715870 0.28322985 -0.94061282
vn 0.20550413 0.43551393 -0.87641067
vn 0.17674920 0.62547306 0.75996261
vn 0.18271701 0.47182978 0.86254922
vn 0.19769181 0.64543601 -0.73778744
vn 0.15648747 0.93616952 0.31479881
vn 0.16165963 0.85719436 0.48896216
vn 0.19614712 0.79033320 -0.58043064
vn 0.19814064 0.90864080 -0.36757610
vn 0.17315625 0.97148304 -0.16198032
vn 0.04775847 0.98737671 -0.15101773
vn 0.14790093 0.98584627 -0.07894579
vn 0.05047374 0.97300726 0.22518719
vn 0.05229180 0.96380001 0.26144808
vn 0.05973814 0.95244983 0.29878199
vn 0.07189098 0.96874583 0.23740934
vn 0.09634056 0.99075362 0.09552881
vn 0.12883610 0.99106832 0.03442171
vn 0.15257164 0.97050553 0.18665720
vn -0.05637437 -0.96724131 -0.24752007
vn -0.05440698 -0.90517786 -0.42153637
vn -0.06455565 -0.99546724 0.06983947
vn -0.06781617 -0.95985533 0.27217406
vn 0.13168069 0.98881678 -0.07001120
vn 0.09123224 0.99132533 -0.09460855
vn 0.06617815 0.99148605 -0.11214216
vn 0.05529385 0.99516250 -0.08120466
vn 0.05115847 0.99864759 -0.00926283
vn 0.04988193 0.99543038 0.08142579
vn 0.04958936 0.98340606 0.17450908
vn -0.04236775 -0.83767667 -0.54452068
vn -0.01461382 -0.78864756 -0.61467183
vn -0.07680417 -0.86031049 0.50395136
vn 0.02125323 -0.55781785 0.82969123
vn -0.08676754 -0.60651533 0.79032306
vn -0.08375719 -0.91086851 -0.40410801
vn 0.10736484 -0.89377671 -0.43547213
vn 0.11354017 -0.83299474 -0.54150567
vn 0.07198051 -0.92586439 -0.37093656
vn -0.00463567 -0.84902860 -0.52832655
vn -0.08035494 -0.37020544 0.92546800
vn -0.07351084 -0.12863902 0.98896317
vn 0.12600286 -0.75519673 -0.64327380
vn 0.11255995 -0.53095203 -0.83989297
vn -0.07421443 0.25299576 0.96461669
vn 0.11848780 -0.22651399 -0.96677404
vn -0.07631582 0.67299353 0.73570076
vn -0.07480320 0.48698389 0.87020180
vn 0.11748248 0.16943638 -0.97851376
vn -0.05310859 0.91810567 0.39276133
vn -0.06420035 0.84704217 0.52763423
vn 0.11115645 0.51734268 -0.84852861
vn 0.09388505 0.80562615 0.58493769
vn 0.01962362 0.89867291 0.43818024
vn -0.05266424 0.93726768 0.34460960
vn 0.11341437 0.77392416 -0.62303979
vn -0.08717119 0.95202280 -0.29334923
vn 0.10593699 0.87988767 -0.46322246
vn 0.11733701 0.94666462 0.30009686
vn 0.11323338 0.88970414 0.44227225
vn 0.08816421 0.82561596 0.55730185
vn 0.10026535 0.96495438 -0.24250753
vn 0.10167329 0.99056345 0.09190537
vn 0.31122307 -0.90366362 -0.29416366
vn 0.33072610 -0.91565820 -0.22845199
vn 0.30236237 -0.93927865 -0.16227331
vn 0.26106196 -0.96370441 -0.05586118
vn 0.22292136 -0.97424571 0.03393188
vn 0.19439767 -0.97374063 0.11848519
vn 0.12422692 -0.97280240 0.19550742
vn 0.18622944 -0.97023770 0.15478180
vn 0.29158485 -0.73084168 -0.61712941
vn 0.34109242 -0.76090214 -0.55198179
vn 0.34246960 -0.81857336 -0.46114230
vn 0.34654609 -0.88414409 -0.31336086
vn 0.18252536 -0.96391631 0.19377781
vn 0.18123784 -0.94697391 0.26531729
vn 0.19054874 -0.93578027 0.29665884
vn 0.22469013 -0.93771339 0.26496782
vn 0.21230968 -0.95609576 0.20200370
vn 0.26462500 -0.93319890 0.24313252
vn 0.22409984 -0.61883205 -0.75287858
vn 0.28879758 -0.64553205 -0.70702499
vn 0.32683382 -0.71214651 -0.62131071
vn 0.32461728 -0.91378048 0.24419019
vn 0.38892381 -0.88503523 0.25583376
vn 0.39663847 -0.81990910 0.41282805
vn 0.43415833 -0.69621504 0.57165651
vn 0.26515825 -0.60990620 -0.74679684
vn 0.22371502 -0.55007582 -0.80459194
vn 0.43936469 -0.57414189 0.69088332
vn 0.41832777 -0.38458723 0.82285755
vn 0.19745239 -0.50926357 -0.83765337
vn 0.18617895 -0.45772642 -0.86938134
vn 0.41685119 -0.12953435 0.89969769
vn 0.17640273 -0.38188190 -0.90722009
vn 0.37347762 0.07323558 0.92474376
vn 0.11204691 -0.27767462 -0.95411859
vn 0.17266772 -0.28713868 -0.94219809
vn 0.29989387 0.13240031 0.94474008
vn 0.16870434 -0.23425796 -0.95742470
vn 0.16553871 -0.17912098 -0.96980029
vn 0.23474951 0.07981092 0.96877391
vn 0.16663465 -0.08045546 -0.98273079
vn 0.20671480 0.01687532 0.97825570
vn 0.17075114 0.01067977 -0.98525631
vn 0.21960568 -0.03480068 0.97496782
vn 0.18209649 0.08037943 -0.97998980
vn 0.28308286 -0.13092097 0.95011778
vn 0.20913429 0.11061841 -0.97161022
vn 0.35233437 -0.26707432 0.89695697
vn 0.26246935 0.10210281 -0.95952324
vn 0.32059769 -0.29625171 0.89969553
vn 0.45115322 -0.24525990 0.85808412
vn 0.30571110 0.09571330 -0.94730127
vn 0.28275435 0.11056725 -0.95279844
vn 0.35558065 0.13720038 -0.92452066
vn 0.45942570 -0.19072293 0.86749800
vn 0.44027610 -0.05116512 0.89640342
vn 0.32484339 0.20683106 -0.92287468
vn 0.42901196 0.23985124 -0.87087319
vn 0.45637570 0.22794661 0.86009392
vn 0.44560257 0.43391315 -0.78304389
vn 0.49858625 0.55665863 0.66448696
vn 0.49126389 0.40396172 0.77167009
vn 0.47366905 0.59559291 -0.64877324
vn 0.36227562 0.69176239 -0.62467685
vn 0.46986747 0.71083695 -0.52338837
vn 0.23719647 0.96026249 0.14708428
vn 0.27251815 0.93180453 0.23973773
vn 0.34033137 0.91970064 0.19576845
vn 0.43753842 0.89529408 0.08371768
vn 0.30716219 0.94878298 0.07390697
vn 0.47747338 0.85129579 0.21751931
vn 0.33971446 0.91993176 0.19575405
vn 0.47774713 0.74249046 0.46953764
vn 0.42998411 0.81984723 -0.37810605
vn 0.39804636 0.89177473 -0.21516723
vn 0.32445176 0.93478602 -0.14458959
vn 0.23005696 0.96941865 -0.08544748
vn 0.24962322 0.95730423 -0.14579732
vn 0.17557137 0.97766467 -0.11552697
vn 0.21638856 0.96437549 -0.15217063
vn 0.16709810 0.96040852 0.22292085
vn 0.17208417 0.94852491 0.26587127
vn 0.18369273 0.93340740 0.30823305
vn 0.22345849 0.93656272 0.27003068
vn -0.05221827 -0.96235452 -0.26673400
vn -0.04159996 -0.88636979 -0.46110524
vn -0.06563387 -0.99578868 0.06400855
vn -0.15107793 -0.88272998 0.44493060
vn -0.06188705 -0.92153608 0.38332916
vn -0.06458709 -0.80211560 0.59366580
vn 0.19801671 0.97131487 -0.13166932
vn 0.17710946 0.97984590 -0.09238106
vn 0.16822031 0.98566392 -0.01298315
vn 0.16530396 0.98298118 0.08014118
vn 0.16391786 0.97113807 0.17326794
vn -0.01476920 -0.80576000 -0.59205801
vn 0.05914764 -0.70893441 -0.70278984
vn -0.16959469 -0.53504883 0.82762334
vn -0.07104879 -0.67547433 0.73395265
vn -0.06980911 -0.45523355 0.88763118
vn 0.30257552 -0.85262600 -0.42600113
vn 0.48748456 -0.79426448 -0.36263305
vn 0.37798084 -0.80951891 -0.44923225
vn 0.17627677 -0.73247026 -0.65758180
vn -0.07887289 -0.12719336 0.98873703
vn 0.34628348 -0.59802536 -0.72280939
vn 0.53602652 -0.61176815 -0.58173474
vn 0.47196095 -0.77580769 -0.41877832
vn -0.07589822 0.25300248 0.96448391
vn 0.53256693 -0.46662365 -0.70614080
vn 0.47479198 -0.21453728 -0.85354926
vn -0.07326641 0.66761818 0.74089000
vn -0.07669183 0.50669406 0.85870804
vn 0.48005691 0.16222708 -0.86210657
vn -0.02122859 0.93543363 0.35286437
vn -0.05425949 0.87155718 0.48728225
vn 0.44500504 0.48415961 -0.75336577
vn 0.25965602 0.77529248 0.57576064
vn 0.45091069 0.70642972 0.54556081
vn 0.40955497 0.77890915 0.47493712
vn 0.11827981 0.94803880 0.29535119
vn 0.01211006 0.95989915 0.28008387
vn 0.45216291 0.67785221 -0.57971121
vn 0.50144584 0.81835812 -0.28078827
vn 0.31281481 0.91079221 -0.26945213
vn 0.50492996 0.85809885 0.09333863
vn 0.32110939 0.94139937 0.10322782
vn 0.45388302 0.80636406 0.37916646
vn 0.34343427 -0.92141383 -0.18179511
vn 0.31171021 -0.94612872 -0.08761961
vn 0.27655422 -0.96093499 0.01103219
vn 0.25158239 -0.96195592 0.10652280
vn 0.38049501 -0.78764552 -0.48460095
vn 0.41181485 -0.81116724 -0.41523036
vn 0.39712194 -0.85397378 -0.33618884
vn 0.37817722 -0.90203256 -0.20813279
vn 0.34402240 -0.93332243 -0.10275129
vn 0.31785945 -0.94813784 0.00008301
vn 0.30095690 -0.94874611 0.09646633
vn 0.29397549 -0.93719109 0.18775323
vn 0.29380450 -0.91792960 0.26661613
vn 0.30821428 -0.89929959 0.31026474
vn 0.30592869 -0.90594720 0.29268978
vn 0.33593283 -0.87824980 0.34033282
vn 0.37578630 -0.71298682 -0.59197505
vn 0.35678644 -0.66032578 -0.66081261
vn 0.40534043 -0.77281256 -0.48832354
vn 0.37920651 -0.86178346 0.33694463
vn 0.44734535 -0.83257019 0.32666345
vn 0.54473872 -0.78319630 0.29977205
vn 0.56766812 -0.68584171 0.45538341
vn 0.62528210 -0.68170505 0.37986908
vn 0.33369158 -0.61607643 -0.71351227
vn 0.31902286 -0.56316810 -0.76227693
vn 0.65737104 -0.58426536 0.47591733
vn 0.59166330 -0.41134596 0.69334626
vn 0.65815465 -0.43996626 0.61095184
vn 0.24664713 -0.47510128 -0.84465613
vn 0.30782951 -0.49571525 -0.81210060
vn 0.62129470 -0.18290740 0.76193030
vn 0.67323428 -0.22173407 0.70540031
vn 0.29715883 -0.44550955 -0.84452227
vn 0.28473854 -0.38308212 -0.87873321
vn 0.55784652 -0.01193049 0.82985837
vn 0.61080364 -0.03024625 0.79120419
vn 0.28318609 -0.28731382 -0.91501716
vn 0.43721146 0.04475552 0.89824445
vn 0.49546770 0.00130262 0.86862538
vn 0.22564354 -0.18155836 -0.95714239
vn 0.28484323 -0.18338602 -0.94086869
vn 0.33293154 0.02308355 0.94266841
vn 0.38665254 -0.01126811 0.92215663
vn 0.28265633 -0.12894981 -0.95051425
vn 0.27654513 -0.07720060 -0.95789501
vn 0.27807612 0.00057252 0.96055887
vn 0.33308945 -0.01371075 0.94279554
vn 0.28228893 0.01834072 -0.95915410
vn 0.27170744 -0.00890610 0.96233869
vn 0.32738349 -0.00688573 0.94486647
vn 0.29465113 0.09752087 -0.95061580
vn 0.31836855 -0.03983923 0.94712951
vn 0.38569764 -0.00702887 0.92259847
vn 0.31353053 0.13865413 -0.93940068
vn 0.28233188 0.14963836 -0.94757431
vn 0.32652036 0.16895116 -0.92996772
vn 0.41241060 -0.05677600 0.90922714
vn 0.50195696 -0.12185770 0.85626510
vn 0.33449786 0.12614500 -0.93391575
vn 0.39510963 0.18704150 -0.89939082
vn 0.62831565 -0.08685637 0.77309470
vn 0.48236712 0.22898027 -0.84551168
vn 0.61548451 -0.04227573 0.78701435
vn 0.69953787 0.02559151 0.71413713
vn 0.55298063 0.31021678 -0.77329036
vn 0.62609892 0.24348669 0.74075258
vn 0.71635637 0.27793139 0.63999039
vn 0.60562092 0.39174773 -0.69264494
vn 0.58952046 0.47069558 -0.65643835
vn 0.62763252 0.51574400 -0.58316854
vn 0.70793688 0.64228680 0.29375678
vn 0.73113066 0.64648913 0.21794441
vn 0.78150877 0.53185304 0.32615393
vn 0.73241685 0.43907230 0.52036629
vn 0.67088352 0.55362145 0.49337470
vn 0.61294342 0.63466695 -0.47063597
vn 0.56935078 0.70596726 -0.42124805
vn 0.58299208 0.73288677 -0.35070959
vn 0.30252043 0.90314098 0.30466007
vn 0.33641805 0.86744079 0.36656428
vn 0.37553379 0.85815091 0.35007341
vn 0.45862353 0.83728085 0.29769990
vn 0.58801698 0.78289893 0.20323706
vn 0.53508121 0.79820613 -0.27668587
vn 0.44826281 0.86175077 -0.23758379
vn 0.37041958 0.90460666 -0.21089364
vn 0.32007313 0.93149606 -0.17282442
vn 0.25423327 0.95671559 -0.14163586
vn 0.29584011 0.94920850 -0.10715336
vn 0.23686392 0.96628287 -0.10095988
vn 0.28813994 0.95521607 -0.06736197
vn 0.22397442 0.95869417 0.17533098
vn 0.27709390 0.95226611 0.12809460
vn 0.28479647 0.94163695 0.17947372
vn 0.28740605 0.91935511 0.26867070
vn 0.30307821 0.89602934 0.32446113
vn 0.17158196 -0.94511408 -0.27806295
vn 0.19940524 -0.85332534 -0.48174000
vn 0.16798243 -0.98420385 0.05589884
vn 0.15523826 -0.91290476 0.37749964
vn 0.16646007 -0.79011940 0.58991727
vn 0.27837971 0.96030411 -0.01790928
vn 0.27439057 0.95849197 0.07747877
vn 0.21532326 -0.76178582 -0.61099775
vn 0.27471640 -0.59365949 -0.75637247
vn 0.15922194 -0.67146015 0.72373313
vn 0.15366911 -0.45184335 0.87876242
vn 0.54104949 -0.68567414 -0.48694601
vn 0.54865838 -0.56093677 -0.61993865
vn 0.43141400 -0.54667566 -0.71765429
vn 0.16315268 -0.12562116 0.97857066
vn 0.72799929 -0.54672348 -0.41365501
vn 0.77071350 -0.54953937 -0.32250144
vn 0.67757196 -0.55353846 -0.48424314
vn 0.16299353 0.25298532 0.95364120
vn 0.73015476 -0.22465247 -0.64529474
vn 0.82646640 -0.20536106 -0.52419473
vn 0.82252173 -0.38414175 -0.41939613
vn 0.18392449 0.65955574 0.72880588
vn 0.18550426 0.50787000 0.84122306
vn 0.74320554 0.17148258 -0.64671420
vn 0.84508693 0.17918176 -0.50370823
vn 0.20320327 0.93135215 0.30214501
vn 0.18047608 0.86940365 0.45996270
vn 0.63931545 0.49735116 -0.58644486
vn 0.86958123 0.38734363 -0.30625707
vn 0.76989560 0.56465892 -0.29735680
vn 0.90126406 0.43279501 0.02028722
vn 0.78859424 0.61280864 0.05083989
vn 0.79856711 0.55235480 0.23915423
vn 0.68591938 0.63590606 0.35374863
vn 0.64203832 0.76099494 0.09313163
vn 0.39202968 0.91779227 0.06300852
vn 0.23266105 0.95574107 0.18007730
vn 0.42786616 -0.83022805 -0.35728410
vn 0.46074367 -0.83476207 -0.30147563
vn 0.44428346 -0.86453548 -0.23492684
vn 0.43261792 -0.89300119 -0.12405892
vn 0.41969529 -0.90751512 -0.01649749
vn 0.40854358 -0.90884082 0.08426450
vn 0.39939739 -0.89824274 0.18341676
vn 0.39815871 -0.87810936 0.26531790
vn 0.37131907 -0.86923567 0.32642227
vn 0.41214553 -0.85483933 0.31525511
vn 0.40466654 -0.68807492 -0.60232707
vn 0.44769337 -0.70758744 -0.54670893
vn 0.45097251 -0.75390926 -0.47774955
vn 0.46472536 -0.80674918 -0.36494670
vn 0.43417367 -0.82953574 0.35123166
vn 0.47157328 -0.79357013 0.38453229
vn 0.54842446 -0.73570255 0.39745739
vn 0.52835072 -0.73824721 0.41932871
vn 0.62523851 -0.69411447 0.35676589
vn 0.37314899 -0.58339393 -0.72139542
vn 0.42828366 -0.60316967 -0.67287403
vn 0.44241701 -0.66159813 -0.60543795
vn 0.55857058 -0.68648659 0.46554813
vn 0.68288801 -0.54996100 0.48083974
vn 0.65486428 -0.57910657 0.48558042
vn 0.71356592 -0.47453627 0.51540179
vn 0.41682901 -0.55371740 -0.72086796
vn 0.40407560 -0.49158168 -0.77140804
vn 0.67502233 -0.48589943 0.55519961
vn 0.72601993 -0.31312027 0.61225057
vn 0.70864728 -0.36153889 0.60589492
vn 0.34955192 -0.39624327 -0.84900220
vn 0.40961848 -0.40426935 -0.81778909
vn 0.69453368 -0.25468643 0.67287279
vn 0.62876382 -0.17254731 0.75821072
vn 0.40266083 -0.34879376 -0.84629024
vn 0.39036869 -0.28468286 -0.87553867
vn 0.52070819 -0.13055986 0.84369254
vn 0.39387885 -0.18168009 -0.90102819
vn 0.45803081 -0.08256723 0.88509346
vn 0.33657232 -0.07672963 -0.93852631
vn 0.39743050 -0.07511519 -0.91455273
vn 0.43355873 -0.03321714 0.90051288
vn 0.34288372 0.02325928 -0.93908986
vn 0.40040317 0.02847898 -0.91589642
vn 0.44241426 0.01786567 0.89663283
vn 0.35083378 0.10353672 -0.93069641
vn 0.41133521 0.11989958 -0.90356374
vn 0.47376616 0.07581185 0.87738144
vn 0.43531908 0.20098544 -0.87755464
vn 0.53512015 -0.07111586 0.84177726
vn 0.57056212 0.07092030 0.81818652
vn 0.47729338 0.26198865 -0.83878065
vn 0.67604222 -0.01462508 0.73671774
vn 0.68054137 0.15895616 0.71525966
vn 0.53006000 0.31045852 -0.78908295
vn 0.54482163 0.32671831 -0.77228527
vn 0.54579022 0.37723464 -0.74820255
vn 0.78768160 0.21276979 0.57817533
vn 0.76909742 0.29185273 0.56860456
vn 0.73499328 0.21071252 0.64450377
vn 0.78062097 0.05964543 0.62215217
vn 0.60970646 0.35445921 -0.70895465
vn 0.60671007 0.44402384 -0.65935250
vn 0.80942946 0.42820619 0.40182510
vn 0.76196126 0.47993133 0.43483441
vn 0.79029335 0.29529541 0.53687712
vn 0.62866706 0.51210084 -0.58526102
vn 0.64926381 0.55659923 -0.51831824
vn 0.62746506 0.60861332 -0.48567214
vn 0.55935603 0.72491285 0.40202262
vn 0.53757607 0.71747837 0.44298619
vn 0.56640673 0.68127611 0.46373083
vn 0.66882902 0.59719442 0.44274887
vn 0.69484830 0.65378427 0.29958631
vn 0.60993678 0.68052410 -0.40603458
vn 0.57083621 0.75721272 -0.31745065
vn 0.54279407 0.76203268 -0.35310167
vn 0.49875471 0.81668959 -0.29027890
vn 0.49172617 0.81374052 -0.30988988
vn 0.36794324 0.86280451 0.34667875
vn 0.41292652 0.84950230 0.32838625
vn 0.42962503 0.82608282 0.36470470
vn 0.46685622 0.78927061 0.39886986
vn 0.46067248 0.84802932 -0.26196780
vn 0.42423096 0.88184780 -0.20584596
vn 0.40628499 0.90572380 -0.12081768
vn 0.39873515 0.91673991 -0.02445872
vn 0.33603679 0.94164229 -0.01972516
vn 0.39565718 0.91515914 0.07706584
vn 0.33234775 0.93999615 0.07715058
vn 0.39380605 0.90113819 0.18129193
vn 0.39521733 0.87786465 0.27047538
vn 0.35061095 -0.88175483 -0.31556358
vn 0.35660662 -0.93275379 0.05293473
vn 0.32939100 -0.84182484 0.42758918
vn 0.48887925 -0.65697599 -0.57391605
vn 0.50684976 -0.50363723 -0.69960908
vn 0.52484813 -0.78829894 -0.32112180
vn 0.53373721 -0.84412636 0.05074714
vn 0.49877001 -0.75602512 0.42385669
vn 0.33878389 -0.51510781 0.78733056
vn 0.50990854 -0.51580271 0.68843361
vn 0.58802960 -0.39543901 -0.70558428
vn 0.58848743 -0.23314416 -0.77416171
vn 0.51661673 -0.33340989 0.78863490
vn 0.45234448 -0.11514525 0.88437890
vn 0.87319282 -0.33981131 -0.34937456
vn 0.81058551 -0.05756840 -0.58278384
vn 0.68522109 0.12963990 -0.71670465
vn 0.44459623 0.23412131 0.86459320
vn 0.92697245 -0.15587981 -0.34120897
vn 0.98597802 -0.08362649 -0.14440900
vn 0.94038737 0.20738798 -0.26955858
vn 0.78205536 0.43282888 -0.44838442
vn 0.48861845 0.59575081 0.63744253
vn 0.48293436 0.44651966 0.75325599
vn 0.93891108 0.17814652 -0.29446527
vn 0.97204423 0.23362688 -0.02341994
vn 0.91986371 0.37913266 0.10054444
vn 0.72116992 0.60841983 -0.33126916
vn 0.69798842 0.71441659 -0.04920478
vn 0.61025992 0.77570930 -0.16080393
vn 0.44008323 0.89779884 -0.01685242
vn 0.52841110 0.84165031 0.11138434
vn 0.35711693 0.92136050 0.15350024
vn 0.47481113 0.77507114 0.41691619
vn 0.48775099 -0.83753261 -0.24624804
vn 0.48709280 -0.86202130 -0.14021372
vn 0.51709498 -0.85173123 -0.08465634
vn 0.50394638 -0.86330801 -0.02715381
vn 0.47280928 -0.87761287 0.07903816
vn 0.52641670 -0.84987984 0.02428404
vn 0.46461451 -0.86625624 0.18366679
vn 0.45732161 -0.84690643 0.27130507
vn 0.49256111 -0.72082886 -0.48763645
vn 0.53759181 -0.72465105 -0.43113327
vn 0.52819489 -0.76728747 -0.36370332
vn 0.53668648 -0.80471081 -0.25378758
vn 0.53523079 -0.83242451 -0.14351805
vn 0.52895055 -0.84499536 0.07870297
vn 0.52344383 -0.83209714 0.18336005
vn 0.51838687 -0.80728105 0.28208573
vn 0.52128859 -0.77396462 0.35949544
vn 0.52069845 -0.74297610 0.42054684
vn 0.54305667 -0.73138582 0.41250967
vn 0.48433337 -0.62049897 -0.61676756
vn 0.53776003 -0.62773572 -0.56281615
vn 0.53851915 -0.68452084 -0.49135358
vn 0.56868346 -0.68676358 0.45271945
vn 0.59889596 -0.62695054 0.49825360
vn 0.59653413 -0.61780560 0.51231169
vn 0.46664880 -0.50536653 -0.72583991
vn 0.52429061 -0.51451989 -0.67851945
vn 0.53343205 -0.57933377 -0.61629752
vn 0.62998837 -0.55342425 0.54482680
vn 0.65370173 -0.43733882 0.61758303
vn 0.63834225 -0.46942107 0.61005166
vn 0.51620373 -0.45898302 -0.72309632
vn 0.50380851 -0.39389870 -0.76877877
vn 0.64267427 -0.38912193 0.65996508
vn 0.64402220 -0.23895159 0.72673072
vn 0.61749699 -0.32556140 0.71603578
vn 0.45663070 -0.29200594 -0.84036952
vn 0.51655328 -0.29450811 -0.80401348
vn 0.57619915 -0.18925662 0.79509526
vn 0.58007006 -0.23158061 0.78095400
vn 0.50929476 -0.23572269 -0.82767969
vn 0.49116211 -0.17643320 -0.85301296
vn 0.52236839 -0.12452030 0.84357925
vn 0.55711514 -0.13612940 0.81920175
vn 0.49600464 -0.07190785 -0.86533731
vn 0.49612351 -0.04614845 0.86702468
vn 0.54440070 -0.05216697 0.83720158
vn 0.50070862 0.03419008 -0.86494041
vn 0.49150910 0.03517241 0.87016189
vn 0.54163207 0.03537746 0.83987091
vn 0.50638865 0.13472006 -0.85171653
vn 0.50748386 0.10536224 0.85519526
vn 0.55552653 0.11909879 0.82292512
vn 0.52525471 0.19099400 -0.82923385
vn 0.49516492 0.23581065 -0.83618481
vn 0.54007662 0.24593257 -0.80488162
vn 0.55489724 0.15191056 0.81793168
vn 0.59415483 0.20540642 0.77768133
vn 0.51700001 0.29394737 -0.80393155
vn 0.56166176 0.32698399 -0.76001154
vn 0.65496523 0.21730734 0.72373895
vn 0.63092661 0.31088375 0.71083255
vn 0.58370026 0.40881712 -0.70154299
vn 0.65647983 0.42384767 0.62400913
vn 0.62840066 0.46382055 0.62448628
vn 0.63466116 0.38276837 0.67133716
vn 0.60350067 0.46301266 -0.64915808
vn 0.61280572 0.48899131 -0.62077102
vn 0.61193264 0.53440172 -0.58305510
vn 0.59256567 0.60411697 0.53283075
vn 0.58529139 0.61284477 0.53090043
vn 0.60242150 0.54894375 0.57943860
vn 0.69556293 0.50193789 0.51405308
vn 0.60834823 0.60016393 -0.51934160
vn 0.60001066 0.66114384 -0.45041762
vn 0.59767763 0.67112321 -0.43860584
vn 0.55770771 0.71789820 -0.41663447
vn 0.57914180 0.71371241 -0.39396621
vn 0.52050720 0.72217219 0.45556513
vn 0.54670095 0.71874611 0.42956035
vn 0.55577213 0.67978556 0.47854878
vn 0.55135167 0.76884375 -0.32386824
vn 0.49762408 0.82027998 -0.28197701
vn 0.53778144 0.80958244 -0.23530279
vn 0.48120896 0.84736916 -0.22450713
vn 0.52232060 0.83235081 -0.18540043
vn 0.46625542 0.86503349 0.18526452
vn 0.50500696 0.85313894 0.13085073
vn 0.52278893 0.83167763 0.18709372
vn 0.51963761 0.80477714 0.28689808
vn 0.45904181 0.84335278 0.27935050
vn 0.51895951 0.77022532 0.37072090
vn 0.50131198 0.85549829 -0.12964941
vn 0.49741485 0.86701577 -0.02936187
vn 0.49450284 0.86591838 0.07518183
vn 0.66307170 -0.48266033 -0.57216687
vn 0.77870117 -0.53374192 -0.32976364
vn 0.83250027 -0.55150725 0.05275461
vn 0.74617229 -0.50775449 0.43059529
vn 0.77157166 -0.17588834 -0.61134316
vn 0.84863554 -0.14290082 -0.50931039
vn 0.88090237 -0.34791534 -0.32088303
vn 0.92743056 -0.36973560 0.05628630
vn 0.83733051 -0.33092247 0.43516425
vn 0.67223308 -0.12290258 0.73006687
vn 0.78586726 -0.12306023 0.60602709
vn 0.80761502 0.20020199 -0.55468652
vn 0.84768950 0.23411164 -0.47604017
vn 0.83858609 0.27718327 0.46898060
vn 0.92141550 0.27801799 0.27147646
vn 0.90283405 0.07087101 0.42410845
vn 0.65209729 0.24231591 0.71836768
vn 0.78520971 0.49202221 -0.37597853
vn 0.85288918 0.43332477 -0.29122102
vn 0.76870672 0.58499884 -0.25858527
vn 0.87574639 0.47748508 0.07124795
vn 0.77088724 0.63185934 0.08053965
vn 0.68988868 0.58805362 0.42219256
vn 0.55880314 -0.82878077 -0.02935110
vn 0.57928479 -0.72601864 -0.37057531
vn 0.59649560 -0.75737136 -0.26567203
vn 0.63649213 -0.74296924 -0.20706152
vn 0.61265985 -0.77682753 -0.14555722
vn 0.61290418 -0.78941411 -0.03426120
vn 0.60906824 -0.78950620 0.07560321
vn 0.60451921 -0.77612495 0.17940621
vn 0.58416651 -0.75753734 0.29135315
vn 0.62316273 -0.74481651 0.23857196
vn 0.57443624 -0.72945798 0.37136783
vn 0.58992608 -0.63373033 -0.50037296
vn 0.63692582 -0.63226114 -0.44110243
vn 0.62723317 -0.68297197 -0.37433652
vn 0.64725109 -0.71438123 -0.26594264
vn 0.63900414 -0.71038509 0.29500294
vn 0.62738567 -0.67748951 0.38392080
vn 0.61101956 -0.62901425 0.48062062
vn 0.64118610 -0.62454516 0.44589654
vn 0.58573924 -0.52257558 -0.61953555
vn 0.63760051 -0.52426167 -0.56446017
vn 0.63870772 -0.58513207 -0.49967280
vn 0.65428934 -0.57199914 0.49469428
vn 0.63711359 -0.49848937 0.58787297
vn 0.65978256 -0.50573069 0.55580882
vn 0.56816158 -0.40076589 -0.71873439
vn 0.62336365 -0.40293003 -0.67012323
vn 0.63337862 -0.46898963 -0.61553249
vn 0.66458164 -0.44264871 0.60199117
vn 0.64192924 -0.35436904 0.67996282
vn 0.65360126 -0.37924098 0.65496692
vn 0.61711670 -0.34456920 -0.70741717
vn 0.59913286 -0.28441959 -0.74842856
vn 0.62750921 -0.26628608 0.73165833
vn 0.66041833 -0.27353469 0.69930423
vn 0.55285390 -0.17994456 -0.81361694
vn 0.61022744 -0.18011876 -0.77147891
vn 0.65496639 -0.21504598 0.72441304
vn 0.62693636 -0.15338225 0.76382242
vn 0.56161560 -0.07135554 -0.82431566
vn 0.61798947 -0.06995421 -0.78306796
vn 0.61945842 -0.05958728 0.78276473
vn 0.56537284 0.03825982 -0.82394765
vn 0.62033387 0.04111082 -0.78325972
vn 0.62163951 0.04158619 0.78219876
vn 0.56436149 0.13991402 -0.81358477
vn 0.61953206 0.14791244 -0.77090981
vn 0.62821354 0.14083987 0.76518748
vn 0.61794774 0.24934291 -0.74563309
vn 0.61918941 0.24860324 0.74484959
vn 0.66260121 0.25484563 0.70428215
vn 0.64394531 0.20052554 0.73832509
vn 0.64027758 0.30986873 -0.70286983
vn 0.60794922 0.36262854 -0.70632732
vn 0.64655263 0.37319572 -0.66535303
vn 0.63584492 0.33932148 0.69322591
vn 0.65526416 0.36326814 0.66231801
vn 0.61205016 0.42858857 -0.66460999
vn 0.63595539 0.46019176 -0.61950325
vn 0.63194109 0.48762913 0.60238549
vn 0.65617627 0.49673088 0.56805910
vn 0.65843364 0.43287465 0.61569853
vn 0.64802326 0.51456493 -0.56150583
vn 0.62436898 0.55974333 -0.54484014
vn 0.64688268 0.57152137 -0.50488228
vn 0.60901375 0.61729454 0.49804588
vn 0.64069615 0.61680855 0.45722604
vn 0.64923415 0.56289821 0.51150818
vn 0.63851313 0.62744477 -0.44566136
vn 0.64777742 0.67238432 -0.35816720
vn 0.59907084 0.72197531 -0.34621638
vn 0.63421721 0.71200123 -0.30136818
vn 0.59001602 0.75023174 0.29838470
vn 0.63242723 0.73518273 0.24401259
vn 0.64489229 0.70316074 0.29946436
vn 0.62532128 0.67147781 0.39760640
vn 0.57913063 0.71701484 0.38794000
vn 0.61372550 0.75158020 -0.24180201
vn 0.61572398 0.77514009 -0.14156915
vn 0.55854276 0.81849345 -0.13453054
vn 0.61701549 0.78620957 -0.03415263
vn 0.55974931 0.82805755 -0.03164483
vn 0.61424914 0.78545799 0.07585342
vn 0.55721278 0.82685116 0.07636152
vn 0.60790385 0.77260967 0.18310433
vn 0.94940703 -0.12787558 -0.28683468
vn 0.99057804 -0.12776654 0.04930367
vn 0.91732418 -0.11547786 0.38102653
vn 0.93861117 0.21906006 -0.26649907
vn 0.96967251 0.23842811 0.05373322
vn 0.67116726 -0.72617559 -0.14900848
vn 0.67678448 -0.73525018 -0.03701275
vn 0.67421048 -0.73468448 0.07535882
vn 0.66413887 -0.72519617 0.18168678
vn 0.68338704 -0.62499908 -0.37730400
vn 0.70922066 -0.65155186 -0.26923268
vn 0.73462523 -0.64499131 -0.21050409
vn 0.71891977 -0.67845637 -0.15116653
vn 0.72527743 -0.68739360 -0.03824522
vn 0.72345562 -0.68628065 0.07503890
vn 0.71469378 -0.67502705 0.18317011
vn 0.70165345 -0.64637936 0.29979352
vn 0.73912864 -0.62843488 0.24240144
vn 0.67970892 -0.62032344 0.39140084
vn 0.69209905 -0.52209035 -0.49841807
vn 0.73274934 -0.52014746 -0.43877674
vn 0.72765418 -0.57302767 -0.37703938
vn 0.75418677 -0.59782451 -0.27167660
vn 0.74883194 -0.59090802 0.30013070
vn 0.72476752 -0.56368010 0.39620297
vn 0.69705606 -0.50890377 0.50510376
vn 0.73196482 -0.50735828 0.45476926
vn 0.68326891 -0.40517488 -0.60743470
vn 0.72934625 -0.40444164 -0.55179798
vn 0.73310053 -0.46551538 -0.49584176
vn 0.73393572 -0.45206078 0.50693136
vn 0.69611728 -0.38708028 0.60464005
vn 0.72834188 -0.39386137 0.56070610
vn 0.65782254 -0.28809202 -0.69589690
vn 0.70796211 -0.28716495 -0.64523325
vn 0.72119745 -0.34645808 -0.59986751
vn 0.71228344 -0.28610275 0.64093488
vn 0.75171658 -0.29183773 0.59139912
vn 0.67551950 -0.18195005 -0.71454012
vn 0.72529590 -0.18202518 -0.66393726
vn 0.73462733 -0.22945460 0.63849297
vn 0.67799587 -0.16359293 0.71663027
vn 0.71885672 -0.17314494 0.67325021
vn 0.68586872 -0.06922279 -0.72442550
vn 0.73581611 -0.06872167 -0.67368538
vn 0.68009194 -0.06132020 0.73055786
vn 0.72512775 -0.06441157 0.68559528
vn 0.68819504 0.04336575 -0.72422855
vn 0.73742706 0.04463213 -0.67395052
vn 0.67936390 0.04454560 0.73244821
vn 0.72606457 0.04605038 0.68608280
vn 0.68334112 0.15440678 -0.71358494
vn 0.73052668 0.15755391 -0.66446033
vn 0.67725748 0.14841029 0.72062243
vn 0.72083458 0.15526713 0.67549214
vn 0.67253456 0.25627143 -0.69427820
vn 0.71760999 0.26365054 -0.64461174
vn 0.71160420 0.26990191 0.64866973
vn 0.75586494 0.27147739 0.59579209
vn 0.74635496 0.21356264 0.63035329
vn 0.73171877 0.32159839 -0.60096765
vn 0.70191567 0.37974903 -0.60258200
vn 0.74227129 0.38293095 -0.54990655
vn 0.69529224 0.37147685 0.61528340
vn 0.73238023 0.37669976 0.56720057
vn 0.67957914 0.46901092 -0.56409303
vn 0.74780007 0.44508981 -0.49263589
vn 0.71094097 0.50177660 -0.49273033
vn 0.74799928 0.50041302 -0.43598610
vn 0.69901302 0.49748970 0.51369718
vn 0.73476333 0.49629816 0.46239700
vn 0.73674611 0.43917887 0.51412751
vn 0.67755350 0.57702084 -0.45603531
vn 0.74133926 0.55816846 -0.37264470
vn 0.69915945 0.61139630 -0.37063543
vn 0.73240192 0.60445440 -0.31340438
vn 0.70971974 0.63541611 0.30421088
vn 0.73769550 0.62863583 0.24621607
vn 0.75439853 0.58036259 0.30669548
vn 0.72809591 0.55364270 0.40417337
vn 0.68537838 0.60807090 0.40063233
vn 0.71614092 0.65026870 -0.25356024
vn 0.66772135 0.70185625 -0.24808467
vn 0.72787508 0.66936678 -0.14881526
vn 0.67807138 0.72037557 -0.14587067
vn 0.73372648 0.67844200 -0.03690404
vn 0.68330568 0.72924890 -0.03590810
vn 0.73150242 0.67760691 0.07584918
vn 0.68132702 0.72803441 0.07589064
vn 0.72088850 0.66707969 0.18794802
vn 0.67179464 0.71684843 0.18660196
vn 0.77287938 -0.61661861 -0.14979636
vn 0.78224675 -0.62179535 -0.03821739
vn 0.78009091 -0.62126727 0.07406178
vn 0.76715343 -0.61472282 0.18327978
vn 0.77532715 -0.50942875 -0.37329634
vn 0.80728519 -0.52584732 -0.26790898
vn 0.82982236 -0.53614710 -0.15472926
vn 0.84210613 -0.53068036 -0.09610213
vn 0.82332108 -0.56624211 -0.03888790
vn 0.82217776 -0.56452742 0.07302415
vn 0.82387870 -0.53389494 0.19021062
vn 0.84770689 -0.51404134 0.13097530
vn 0.79899429 -0.52173252 0.29900383
vn 0.76784098 -0.50295770 0.39680446
vn 0.77699120 -0.39980479 -0.48625180
vn 0.82288412 -0.41544024 -0.38764819
vn 0.85092918 -0.41113312 -0.32693898
vn 0.84365923 -0.46575160 -0.26704784
vn 0.86439399 -0.47831592 -0.15503841
vn 0.85935247 -0.47485809 0.18979757
vn 0.83657960 -0.46026603 0.29713592
vn 0.81178504 -0.40991585 0.41590148
vn 0.84271696 -0.40396368 0.35586722
vn 0.77033505 -0.39297224 0.50215210
vn 0.75788142 -0.28601799 -0.58635267
vn 0.81221633 -0.29732826 -0.50189694
vn 0.84779851 -0.29470498 -0.44089302
vn 0.85258041 -0.35515540 -0.38336835
vn 0.84198697 -0.34890953 0.41148521
vn 0.80063320 -0.29020036 0.52418530
vn 0.83591040 -0.29079110 0.46550440
vn 0.78099895 -0.17972874 -0.59811221
vn 0.82337178 -0.17751969 -0.53902288
vn 0.84050221 -0.23606405 -0.48767797
vn 0.82310030 -0.18070423 0.53837894
vn 0.85803578 -0.18123619 0.48054974
vn 0.76979331 -0.17186127 0.61472104
vn 0.79332088 -0.06808393 -0.60498476
vn 0.83402683 -0.06798495 -0.54751922
vn 0.83535733 -0.06652300 0.54566732
vn 0.86986594 -0.06675721 0.48875016
vn 0.78005734 -0.06387724 0.62243895
vn 0.79490254 0.04554814 -0.60502505
vn 0.83530607 0.04654743 -0.54781119
vn 0.84136996 -0.00944788 0.54037702
vn 0.78061768 0.04616769 0.62330135
vn 0.82150272 0.04553378 0.56838364
vn 0.78624908 0.15724595 -0.59756681
vn 0.82627331 0.15887618 -0.54039872
vn 0.82558270 0.16186468 0.54056732
vn 0.86085157 0.16183639 0.48243503
vn 0.84854074 0.10328980 0.51895070
vn 0.77141658 0.15518063 0.61711865
vn 0.76751806 0.26300063 -0.58459106
vn 0.84092916 0.21613681 -0.49610789
vn 0.82013341 0.27599753 -0.50120511
vn 0.85342443 0.27622725 -0.44200140
vn 0.80388675 0.27313383 0.52835973
vn 0.84041649 0.27210934 0.46867539
vn 0.78837253 0.37940586 -0.48427260
vn 0.85945388 0.33654401 -0.38480796
vn 0.83279305 0.39565231 -0.38718857
vn 0.85945581 0.39231991 -0.32775114
vn 0.81823701 0.39338115 0.41921290
vn 0.84799215 0.38925453 0.35970852
vn 0.84781330 0.33218192 0.41336157
vn 0.77446731 0.37606100 0.50870277
vn 0.78729550 0.49274434 -0.37063298
vn 0.85236451 0.44979622 -0.26675478
vn 0.81792730 0.50940423 -0.26739908
vn 0.84396892 0.49486508 -0.20694203
vn 0.83368949 0.51791918 0.19162869
vn 0.84822268 0.51269176 0.13291141
vn 0.86665968 0.46034872 0.19230197
vn 0.84301124 0.44604161 0.30063090
vn 0.80740104 0.50692808 0.30187330
vn 0.77434929 0.48884759 0.40176014
vn 0.76458690 0.59209177 -0.25462564
vn 0.82439257 0.54615923 -0.14861692
vn 0.78260288 0.60443929 -0.14894923
vn 0.83190380 0.55359277 -0.03835496
vn 0.79081269 0.61089917 -0.03764957
vn 0.82992206 0.55272080 0.07569077
vn 0.78889919 0.60987711 0.07541868
vn 0.77632385 0.60242081 0.18550055
vn 0.86239057 -0.50482573 -0.03786152
vn 0.86054335 -0.50411436 0.07303317
vn 0.87788992 -0.40066199 -0.26225799
vn 0.90085184 -0.40632748 -0.15285271
vn 0.91165102 -0.40908930 -0.03922195
vn 0.90931864 -0.40939112 0.07442126
vn 0.89433064 -0.40641069 0.18709101
vn 0.86883157 -0.39796194 0.29454711
vn 0.88050353 -0.28975021 -0.37517777
vn 0.91699728 -0.29553623 -0.26790730
vn 0.94172007 -0.29893549 -0.15427534
vn 0.95325467 -0.29955393 -0.03966085
vn 0.95136065 -0.29870912 0.07540411
vn 0.93597089 -0.29671504 0.18952225
vn 0.90663665 -0.29448401 0.30214094
vn 0.86865271 -0.28732592 0.40359172
vn 0.86044214 -0.17616925 -0.47812521
vn 0.90651103 -0.18125187 -0.38129453
vn 0.94515027 -0.18305482 -0.27052153
vn 0.96065601 -0.18090224 -0.21074728
vn 0.95903121 -0.23832960 -0.15316051
vn 0.96969738 -0.24111380 -0.03938428
vn 0.96767827 -0.24055052 0.07572454
vn 0.95327915 -0.23666898 0.18774095
vn 0.93508708 -0.18135049 0.30450640
vn 0.95281756 -0.17983228 0.24453844
vn 0.89323960 -0.17872794 0.41252799
vn 0.87350852 -0.06706432 -0.48216723
vn 0.92108924 -0.06737154 -0.38347840
vn 0.94514022 -0.06602318 -0.31992328
vn 0.95651927 -0.12349091 -0.26423640
vn 0.94947405 -0.06706304 0.30659676
vn 0.96632348 -0.06739677 0.24834776
vn 0.90685253 -0.06585381 0.41627126
vn 0.87456071 0.04569192 -0.48275854
vn 0.92266258 0.04657424 -0.38278532
vn 0.94606032 0.04699291 -0.32056442
vn 0.95039515 0.04799696 0.30731962
vn 0.96740502 0.04776660 0.24868831
vn 0.90807591 0.04740027 0.41611459
vn 0.85943570 0.04597073 0.50917283
vn 0.86395180 0.15629935 -0.47870430
vn 0.91041006 0.16044199 -0.38132910
vn 0.95768731 0.10425245 -0.26826564
vn 0.94922185 0.16211995 -0.26962012
vn 0.96397365 0.16165011 -0.21124403
vn 0.93792748 0.16231052 0.30650831
vn 0.95598643 0.16076717 0.24544627
vn 0.89672730 0.16045923 0.41247180
vn 0.88587745 0.27153858 -0.37614884
vn 0.92331612 0.27572466 -0.26732612
vn 0.96350998 0.21949642 -0.15319868
vn 0.94819692 0.27801658 -0.15371855
vn 0.95755738 0.27199147 -0.09541751
vn 0.95699348 0.27993385 0.07616120
vn 0.96008308 0.27911687 0.01828262
vn 0.97213704 0.22179302 0.07587772
vn 0.95755040 0.21827851 0.18828629
vn 0.94121785 0.27919407 0.19015685
vn 0.91227970 0.27570223 0.30287624
vn 0.87368932 0.26869197 0.40555098
vn 0.88495235 0.38428200 -0.26303362
vn 0.90835300 0.38957185 -0.15208092
vn 0.94402762 0.32767452 -0.03796401
vn 0.91966209 0.39084017 -0.03828312
vn 0.91766633 0.39012669 0.07542986
vn 0.90235789 0.38742122 0.18882542
vn 0.87597595 0.38098542 0.29583144
vn 0.86141870 0.48578040 -0.14824042
vn 0.87114000 0.48958921 -0.03764977
vn 0.86902698 0.48922042 0.07386123
vn 0.97218924 -0.17868733 -0.15138999
vn 0.98284301 -0.18027661 -0.03898670
vn 0.98079544 -0.18015289 0.07473449
vn 0.96635758 -0.17794229 0.18571367
vn 0.96303324 -0.06585646 -0.26120854
vn 0.98596293 -0.06687853 -0.15298482
vn 0.99697561 -0.06711744 -0.03917753
vn 0.99492376 -0.06690930 0.07516558
vn 0.97992146 -0.06650236 0.18796639
vn 0.96412918 0.04626041 -0.26137119
vn 0.98708902 0.04700838 -0.15311919
vn 0.99811927 0.04730288 -0.03899188
vn 0.99602553 0.04747335 0.07536197
vn 0.98103346 0.04724439 0.18799285
vn 0.97540381 0.15993913 -0.15168020
vn 0.98613521 0.16135239 -0.03876544
vn 0.98408894 0.16104628 0.07505373
vn 0.96954599 0.15908137 0.18620874
vn 0.96235914 0.26908560 -0.03818160
f 3//3 2//2 1//1
f 5//5 4//4 1//1
f 5//5 1//1 2//2
f 6//6 4//4 5//5
f 9//9 8//8 7//7
f 7//7 8//8 3//3
f 1//1 7//7 3//3
f 10//10 7//7 1//1
f 11//11 1//1 4//4
f 10//10 1//1 11//11
f 4//4 6//6 12//12
f 13//13 4//4 12//12
f 11//11 4//4 13//13
f 14//14 13//13 12//12
f 9//9 7//7 15//15
f 9//9 15//15 16//16
f 17//17 7//7 10//10
f 15//15 7//7 17//17
f 18//18 10//10 11//11
f 17//17 10//10 18//18
f 19//19 11//11 13//13
f 18//18 11//11 19//19
f 13//13 14//14 20//20
f 13//13 20//20 19//19
f 21//21 16//16 15//15
f 23//23 22//22 21//21
f 15//15 23//23 21//21
f 17//17 23//23 15//15
f 24//24 17//17 18//18
f 23//23 17//17 24//24
f 19//19 26//26 25//25
f 24//24 19//19 25//25
f 18//18 19//19 24//24
f 26//26 19//19 20//20
f 27//27 22//22 23//23
f 27//27 23//23 24//24
f 27//27 24//24 28//28
f 28//28 24//24 25//25
f 31//31 30//30 29//29
f 33//33 32//32 29//29
f 33//33 29//29 30//30
f 35//35 34//34 32//32
f 35//35 32//32 33//33
f 37//37 36//36 34//34
f 37//37 34//34 35//35
f 39//39 38//38 36//36
f 39//39 36//36 37//37
f 40//40 38//38 39//39
f 43//43 42//42 41//41
f 41//41 42//42 31//31
f 29//29 41//41 31//31
f 44//44 41//41 29//29
f 45//45 29//29 32//32
f 44//44 29//29 45//45
f 46//46 32//32 34//34
f 45//45 32//32 46//46
f 47//47 34//34 36//36
f 46//46 34//34 47//47
f 48//48 36//36 38//38
f 47//47 36//36 48//48
f 38//38 40//40 49//49
f 50//50 38//38 49//49
f 48//48 38//38 50//50
f 51//51 50//50 49//49
f 43//43 41//41 52//52
f 43//43 52//52 53//53
f 54//54 41//41 44//44
f 52//52 41//41 54//54
f 55//55 44//44 45//45
f 54//54 44//44 55//55
f 3//3 55//55 2//2
f 55//55 46//46 2//2
f 55//55 45//45 46//46
f 2//2 46//46 5//5
f 5//5 46//46 47//47
f 5//5 47//47 6//6
f 47//47 56//56 6//6
f 47//47 48//48 56//56
f 57//57 48//48 50//50
f 56//56 48//48 57//57
f 50//50 51//51 58//58
f 59//59 50//50 58//58
f 57//57 50//50 59//59
f 60//60 59//59 58//58
f 63//63 62//62 61//61
f 61//61 62//62 53//53
f 52//52 61//61 53//53
f 64//64 61//61 52//52
f 65//65 52//52 54//54
f 64//64 52//52 65//65
f 9//9 65//65 8//8
f 65//65 55//55 8//8
f 65//65 54//54 55//55
f 8//8 55//55 3//3
f 56//56 12//12 6//6
f 12//12 56//56 14//14
f 56//56 66//66 14//14
f 56//56 57//57 66//66
f 67//67 57//57 59//59
f 66//66 57//57 67//67
f 59//59 60//60 68//68
f 59//59 68//68 67//67
f 63//63 61//61 69//69
f 63//63 69//69 70//70
f 71//71 61//61 64//64
f 69//69 61//61 71//71
f 72//72 64//64 65//65
f 71//71 64//64 72//72
f 16//16 72//72 9//9
f 9//9 72//72 65//65
f 73//73 20//20 66//66
f 66//66 20//20 14//14
f 74//74 66//66 67//67
f 73//73 66//66 74//74
f 67//67 68//68 75//75
f 67//67 75//75 74//74
f 76//76 70//70 69//69
f 78//78 77//77 76//76
f 69//69 78//78 76//76
f 71//71 78//78 69//69
f 79//79 71//71 72//72
f 78//78 71//71 79//79
f 21//21 80//80 16//16
f 80//80 72//72 16//16
f 80//80 79//79 72//72
f 22//22 80//80 21//21
f 81//81 25//25 26//26
f 20//20 73//73 26//26
f 73//73 81//81 26//26
f 73//73 82//82 81//81
f 83//83 73//73 74//74
f 82//82 73//73 83//83
f 74//74 75//75 84//84
f 74//74 84//84 83//83
f 77//77 78//78 85//85
f 77//77 85//85 86//86
f 87//87 78//78 79//79
f 85//85 78//78 87//87
f 88//88 79//79 80//80
f 87//87 79//79 88//88
f 27//27 89//89 22//22
f 89//89 80//80 22//22
f 89//89 88//88 80//80
f 28//28 90//90 27//27
f 27//27 90//90 89//89
f 25//25 81//81 28//28
f 81//81 90//90 28//28
f 81//81 91//91 90//90
f 92//92 81//81 82//82
f 91//91 81//81 92//92
f 93//93 82//82 83//83
f 92//92 82//82 93//93
f 83//83 84//84 94//94
f 83//83 94//94 93//93
f 95//95 86//86 85//85
f 97//97 96//96 95//95
f 85//85 97//97 95//95
f 87//87 97//97 85//85
f 98//98 87//87 88//88
f 97//97 87//87 98//98
f 99//99 88//88 89//89
f 98//98 88//88 99//99
f 100//100 89//89 90//90
f 99//99 89//89 100//100
f 101//101 90//90 91//91
f 100//100 90//90 101//101
f 102//102 91//91 92//92
f 101//101 91//91 102//102
f 93//93 104//104 103//103
f 102//102 93//93 103//103
f 92//92 93//93 102//102
f 104//104 93//93 94//94
f 105//105 96//96 97//97
f 105//105 97//97 98//98
f 105//105 98//98 106//106
f 108//108 107//107 106//106
f 98//98 108//108 106//106
f 99//99 108//108 98//98
f 100//100 110//110 109//109
f 108//108 100//100 109//109
f 99//99 100//100 108//108
f 110//110 100//100 101//101
f 110//110 101//101 111//111
f 111//111 101//101 102//102
f 111//111 102//102 112//112
f 112//112 102//102 103//103
f 113//113 107//107 108//108
f 113//113 108//108 109//109
f 116//116 115//115 114//114
f 118//118 117//117 114//114
f 118//118 114//114 115//115
f 120//120 119//119 117//117
f 120//120 117//117 118//118
f 122//122 121//121 119//119
f 122//122 119//119 120//120
f 123//123 121//121 122//122
f 126//126 125//125 124//124
f 128//128 127//127 124//124
f 128//128 124//124 125//125
f 127//127 128//128 116//116
f 114//114 127//127 116//116
f 129//129 127//127 114//114
f 130//130 114//114 117//117
f 129//129 114//114 130//130
f 131//131 117//117 119//119
f 130//130 117//117 131//131
f 132//132 119//119 121//121
f 131//131 119//119 132//132
f 121//121 123//123 133//133
f 134//134 121//121 133//133
f 132//132 121//121 134//134
f 135//135 134//134 133//133
f 138//138 137//137 136//136
f 136//136 137//137 126//126
f 124//124 136//136 126//126
f 139//139 136//136 124//124
f 31//31 139//139 30//30
f 139//139 127//127 30//30
f 139//139 124//124 127//127
f 30//30 127//127 33//33
f 33//33 127//127 129//129
f 33//33 129//129 35//35
f 35//35 129//129 130//130
f 35//35 130//130 37//37
f 37//37 130//130 131//131
f 37//37 131//131 39//39
f 39//39 131//131 132//132
f 39//39 132//132 40//40
f 132//132 140//140 40//40
f 132//132 134//134 140//140
f 134//134 135//135 141//141
f 142//142 134//134 141//141
f 140//140 134//134 142//142
f 143//143 142//142 141//141
f 138//138 136//136 144//144
f 138//138 144//144 145//145
f 43//43 144//144 42//42
f 144//144 139//139 42//42
f 144//144 136//136 139//139
f 42//42 139//139 31//31
f 140//140 49//49 40//40
f 49//49 140//140 51//51
f 140//140 146//146 51//51
f 140//140 142//142 146//146
f 142//142 143//143 147//147
f 148//148 142//142 147//147
f 146//146 142//142 148//148
f 149//149 148//148 147//147
f 152//152 151//151 150//150
f 150//150 151//151 145//145
f 144//144 150//150 145//145
f 153//153 150//150 144//144
f 53//53 153//153 43//43
f 43//43 153//153 144//144
f 146//146 58//58 51//51
f 58//58 146//146 60//60
f 146//146 154//154 60//60
f 146//146 148//148 154//154
f 148//148 149//149 155//155
f 148//148 155//155 154//154
f 152//152 150//150 156//156
f 152//152 156//156 157//157
f 63//63 156//156 62//62
f 156//156 153//153 62//62
f 156//156 150//150 153//153
f 62//62 153//153 53//53
f 158//158 68//68 154//154
f 154//154 68//68 60//60
f 154//154 155//155 159//159
f 160//160 154//154 159//159
f 158//158 154//154 160//160
f 161//161 160//160 159//159
f 157//157 156//156 162//162
f 157//157 162//162 163//163
f 70//70 162//162 63//63
f 63//63 162//162 156//156
f 164//164 75//75 158//158
f 158//158 75//75 68//68
f 165//165 158//158 160//160
f 164//164 158//158 165//165
f 160//160 161//161 166//166
f 160//160 166//166 165//165
f 163//163 162//162 167//167
f 163//163 167//167 168//168
f 76//76 169//169 70//70
f 169//169 162//162 70//70
f 169//169 167//167 162//162
f 77//77 169//169 76//76
f 170//170 84//84 164//164
f 164//164 84//84 75//75
f 165//165 172//172 171//171
f 170//170 165//165 171//171
f 164//164 165//165 170//170
f 172//172 165//165 166//166
f 173//173 168//168 167//167
f 175//175 174//174 173//173
f 167//167 175//175 173//173
f 169//169 175//175 167//167
f 86//86 175//175 77//77
f 77//77 175//175 169//169
f 176//176 94//94 170//170
f 170//170 94//94 84//84
f 170//170 171//171 177//177
f 170//170 177//177 176//176
f 174//174 175//175 178//178
f 174//174 178//178 179//179
f 95//95 180//180 86//86
f 180//180 175//175 86//86
f 180//180 178//178 175//175
f 96//96 180//180 95//95
f 181//181 103//103 104//104
f 94//94 176//176 104//104
f 176//176 181//181 104//104
f 176//176 182//182 181//181
f 176//176 177//177 183//183
f 176//176 183//183 182//182
f 184//184 179//179 178//178
f 186//186 185//185 184//184
f 178//178 186//186 184//184
f 180//180 186//186 178//178
f 105//105 187//187 96//96
f 187//187 180//180 96//96
f 187//187 186//186 180//180
f 106//106 188//188 105//105
f 105//105 188//188 187//187
f 107//107 188//188 106//106
f 189//189 109//109 110//110
f 111//111 190//190 110//110
f 110//110 190//190 189//189
f 112//112 191//191 111//111
f 111//111 191//191 190//190
f 103//103 181//181 112//112
f 181//181 191//191 112//112
f 181//181 192//192 191//191
f 182//182 194//194 193//193
f 192//192 182//182 193//193
f 181//181 182//182 192//192
f 194//194 182//182 183//183
f 195//195 185//185 186//186
f 195//195 186//186 187//187
f 195//195 187//187 196//196
f 198//198 197//197 196//196
f 187//187 198//198 196//196
f 188//188 198//198 187//187
f 113//113 199//199 107//107
f 199//199 188//188 107//107
f 199//199 198//198 188//188
f 109//109 189//189 113//113
f 189//189 199//199 113//113
f 189//189 200//200 199//199
f 201//201 189//189 190//190
f 200//200 189//189 201//201
f 191//191 203//203 202//202
f 201//201 191//191 202//202
f 190//190 191//191 201//201
f 203//203 191//191 192//192
f 203//203 192//192 204//204
f 204//204 192//192 193//193
f 205//205 197//197 198//198
f 205//205 198//198 199//199
f 205//205 199//199 206//206
f 206//206 199//199 200//200
f 206//206 200//200 207//207
f 207//207 200//200 201//201
f 207//207 201//201 208//208
f 208//208 201//201 202//202
f 211//211 210//210 209//209
f 213//213 212//212 209//209
f 213//213 209//209 210//210
f 215//215 214//214 212//212
f 215//215 212//212 213//213
f 217//217 216//216 214//214
f 217//217 214//214 215//215
f 219//219 218//218 216//216
f 219//219 216//216 217//217
f 220//220 218//218 219//219
f 223//223 222//222 221//221
f 221//221 222//222 211//211
f 209//209 221//221 211//211
f 224//224 221//221 209//209
f 116//116 224//224 115//115
f 224//224 212//212 115//115
f 224//224 209//209 212//212
f 115//115 212//212 118//118
f 118//118 212//212 214//214
f 118//118 214//214 120//120
f 120//120 214//214 216//216
f 120//120 216//216 122//122
f 122//122 216//216 218//218
f 226//226 225//225 123//123
f 226//226 123//123 122//122
f 220//220 226//226 122//122
f 218//218 220//220 122//122
f 228//228 227//227 225//225
f 228//228 225//225 226//226
f 229//229 227//227 228//228
f 232//232 231//231 230//230
f 230//230 231//231 223//223
f 230//230 223//223 221//221
f 126//126 230//230 221//221
f 125//125 126//126 221//221
f 125//125 221//221 128//128
f 128//128 221//221 224//224
f 128//128 224//224 116//116
f 225//225 133//133 123//123
f 133//133 225//225 135//135
f 225//225 233//233 135//135
f 225//225 227//227 233//233
f 227//227 229//229 234//234
f 235//235 227//227 234//234
f 233//233 227//227 235//235
f 236//236 235//235 234//234
f 239//239 238//238 237//237
f 237//237 238//238 232//232
f 237//237 232//232 230//230
f 138//138 237//237 230//230
f 137//137 138//138 230//230
f 137//137 230//230 126//126
f 233//233 141//141 135//135
f 141//141 233//233 143//143
f 233//233 240//240 143//143
f 233//233 235//235 240//240
f 235//235 236//236 241//241
f 242//242 235//235 241//241
f 240//240 235//235 242//242
f 243//243 242//242 241//241
f 239//239 237//237 244//244
f 239//239 244//244 245//245
f 145//145 244//244 138//138
f 138//138 244//244 237//237
f 240//240 147//147 143//143
f 147//147 240//240 149//149
f 240//240 246//246 149//149
f 240//240 242//242 246//246
f 242//242 243//243 247//247
f 242//242 247//247 246//246
f 250//250 249//249 248//248
f 248//248 249//249 245//245
f 248//248 245//245 244//244
f 152//152 248//248 244//244
f 151//151 152//152 244//244
f 151//151 244//244 145//145
f 251//251 155//155 246//246
f 246//246 155//155 149//149
f 246//246 247//247 252//252
f 246//246 252//252 251//251
f 250//250 248//248 253//253
f 250//250 253//253 254//254
f 157//157 253//253 152//152
f 152//152 253//253 248//248
f 251//251 159//159 155//155
f 256//256 255//255 161//161
f 256//256 161//161 159//159
f 252//252 256//256 159//159
f 251//251 252//252 159//159
f 257//257 255//255 256//256
f 254//254 253//253 258//258
f 254//254 258//258 259//259
f 163//163 258//258 157//157
f 157//157 258//258 253//253
f 260//260 166//166 255//255
f 255//255 166//166 161//161
f 255//255 257//257 261//261
f 255//255 261//261 260//260
f 259//259 258//258 262//262
f 259//259 262//262 263//263
f 168//168 262//262 163//163
f 163//163 262//262 258//258
f 264//264 171//171 172//172
f 166//166 260//260 172//172
f 260//260 264//264 172//172
f 260//260 265//265 264//264
f 260//260 261//261 266//266
f 260//260 266//266 265//265
f 263//263 262//262 267//267
f 263//263 267//267 268//268
f 173//173 269//269 168//168
f 269//269 262//262 168//168
f 269//269 267//267 262//262
f 174//174 269//269 173//173
f 270//270 177//177 264//264
f 264//264 177//177 171//171
f 265//265 272//272 271//271
f 270//270 265//265 271//271
f 264//264 265//265 270//270
f 272//272 265//265 266//266
f 273//273 268//268 267//267
f 275//275 274//274 273//273
f 267//267 275//275 273//273
f 269//269 275//275 267//267
f 179//179 275//275 174//174
f 174//174 275//275 269//269
f 276//276 183//183 270//270
f 270//270 183//183 177//177
f 270//270 271//271 277//277
f 270//270 277//277 276//276
f 278//278 274//274 275//275
f 280//280 278//278 279//279
f 279//279 278//278 184//184
f 278//278 275//275 184//184
f 275//275 179//179 184//184
f 185//185 279//279 184//184
f 281//281 193//193 194//194
f 282//282 281//281 194//194
f 282//282 194//194 183//183
f 283//283 282//282 183//183
f 276//276 283//283 183//183
f 283//283 276//276 277//277
f 284//284 280//280 279//279
f 286//286 284//284 285//285
f 285//285 284//284 195//195
f 284//284 279//279 195//195
f 279//279 185//185 195//195
f 196//196 287//287 195//195
f 195//195 287//287 285//285
f 197//197 287//287 196//196
f 288//288 202//202 203//203
f 204//204 289//289 203//203
f 203//203 289//289 288//288
f 290//290 289//289 204//204
f 290//290 204//204 193//193
f 291//291 290//290 193//193
f 281//281 291//291 193//193
f 291//291 281//281 282//282
f 292//292 286//286 285//285
f 292//292 285//285 287//287
f 292//292 287//287 293//293
f 295//295 293//293 294//294
f 294//294 293//293 205//205
f 293//293 287//287 205//205
f 287//287 197//197 205//205
f 206//206 296//296 205//205
f 205//205 296//296 294//294
f 207//207 297//297 206//206
f 206//206 297//297 296//296
f 208//208 298//298 207//207
f 207//207 298//298 297//297
f 299//299 298//298 208//208
f 299//299 208//208 202//202
f 300//300 299//299 202//202
f 288//288 300//300 202//202
f 300//300 288//288 289//289
f 300//300 289//289 301//301
f 301//301 289//289 290//290
f 302//302 295//295 294//294
f 302//302 294//294 296//296
f 302//302 296//296 303//303
f 303//303 296//296 297//297
f 303//303 297//297 304//304
f 304//304 297//297 298//298
f 304//304 298//298 305//305
f 305//305 298//298 299//299
f 308//308 307//307 306//306
f 310//310 309//309 306//306
f 310//310 306//306 307//307
f 312//312 311//311 309//309
f 312//312 309//309 310//310
f 314//314 313//313 311//311
f 314//314 311//311 312//312
f 315//315 313//313 314//314
f 318//318 317//317 316//316
f 320//320 319//319 316//316
f 320//320 316//316 317//317
f 319//319 320//320 308//308
f 319//319 308//308 306//306
f 211//211 319//319 306//306
f 210//210 211//211 306//306
f 210//210 306//306 213//213
f 213//213 306//306 309//309
f 213//213 309//309 215//215
f 215//215 309//309 311//311
f 215//215 311//311 217//217
f 217//217 311//311 313//313
f 315//315 321//321 313//313
f 321//321 217//217 313//313
f 321//321 219//219 217//217
f 323//323 322//322 220//220
f 219//219 323//323 220//220
f 321//321 323//323 219//219
f 325//325 324//324 322//322
f 325//325 322//322 323//323
f 326//326 324//324 325//325
f 329//329 328//328 327//327
f 327//327 328//328 318//318
f 316//316 327//327 318//318
f 330//330 327//327 316//316
f 223//223 330//330 222//222
f 330//330 319//319 222//222
f 330//330 316//316 319//319
f 222//222 319//319 211//211
f 322//322 226//226 220//220
f 226//226 322//322 228//228
f 228//228 322//322 324//324
f 332//332 331//331 229//229
f 332//332 229//229 228//228
f 326//326 332//332 228//228
f 324//324 326//326 228//228
f 333//333 331//331 332//332
f 329//329 327//327 334//334
f 329//329 334//334 335//335
f 232//232 334//334 231//231
f 334//334 330//330 231//231
f 334//334 327//327 330//330
f 231//231 330//330 223//223
f 331//331 234//234 229//229
f 337//337 336//336 236//236
f 337//337 236//236 234//234
f 333//333 337//337 234//234
f 331//331 333//333 234//234
f 338//338 336//336 337//337
f 341//341 340//340 339//339
f 339//339 340//340 335//335
f 339//339 335//335 334//334
f 239//239 339//339 334//334
f 238//238 239//239 334//334
f 238//238 334//334 232//232
f 336//336 241//241 236//236
f 343//343 342//342 243//243
f 343//343 243//243 241//241
f 338//338 343//343 241//241
f 336//336 338//338 241//241
f 344//344 342//342 343//343
f 341//341 339//339 345//345
f 341//341 345//345 346//346
f 245//245 345//345 239//239
f 239//239 345//345 339//339
f 347//347 247//247 342//342
f 342//342 247//247 243//243
f 342//342 344//344 348//348
f 342//342 348//348 347//347
f 351//351 350//350 349//349
f 349//349 350//350 346//346
f 349//349 346//346 345//345
f 250//250 349//349 345//345
f 249//249 250//250 345//345
f 249//249 345//345 245//245
f 352//352 252//252 347//347
f 347//347 252//252 247//247
f 347//347 348//348 353//353
f 347//347 353//353 352//352
f 351//351 349//349 354//354
f 351//351 354//354 355//355
f 254//254 354//354 250//250
f 250//250 354//354 349//349
f 352//352 256//256 252//252
f 257//257 256//256 352//352
f 353//353 257//257 352//352
f 356//356 257//257 353//353
f 355//355 354//354 357//357
f 355//355 357//357 358//358
f 259//259 357//357 254//254
f 254//254 357//357 354//354
f 356//356 261//261 257//257
f 359//359 261//261 356//356
f 358//358 357//357 360//360
f 358//358 360//360 361//361
f 263//263 360//360 259//259
f 259//259 360//360 357//357
f 359//359 266//266 261//261
f 362//362 266//266 359//359
f 363//363 361//361 360//360
f 360//360 263//263 363//363
f 263//263 364//364 363//363
f 263//263 268//268 364//364
f 365//365 271//271 272//272
f 366//366 365//365 272//272
f 266//266 366//366 272//272
f 362//362 366//366 266//266
f 268//268 273//273 367//367
f 368//368 268//268 367//367
f 364//364 268//268 368//368
f 274//274 367//367 273//273
f 369//369 277//277 365//365
f 365//365 277//277 271//271
f 365//365 366//366 370//370
f 365//365 370//370 369//369
f 368//368 367//367 371//371
f 368//368 371//371 372//372
f 278//278 373//373 274//274
f 373//373 367//367 274//274
f 373//373 371//371 367//367
f 280//280 373//373 278//278
f 374//374 282//282 283//283
f 375//375 374//374 283//283
f 375//375 283//283 277//277
f 376//376 375//375 277//277
f 369//369 376//376 277//277
f 376//376 369//369 370//370
f 377//377 372//372 371//371
f 379//379 378//378 377//377
f 371//371 379//379 377//377
f 373//373 379//379 371//371
f 284//284 380//380 280//280
f 380//380 373//373 280//280
f 380//380 379//379 373//373
f 286//286 380//380 284//284
f 381//381 290//290 291//291
f 382//382 381//381 291//291
f 382//382 291//291 282//282
f 383//383 382//382 282//282
f 374//374 383//383 282//282
f 383//383 374//374 375//375
f 384//384 378//378 379//379
f 384//384 379//379 380//380
f 384//384 380//380 385//385
f 387//387 385//385 386//386
f 386//386 385//385 292//292
f 385//385 380//380 292//292
f 380//380 286//286 292//292
f 293//293 388//388 292//292
f 292//292 388//388 386//386
f 295//295 388//388 293//293
f 389//389 299//299 300//300
f 301//301 390//390 300//300
f 300//300 390//390 389//389
f 391//391 390//390 301//301
f 391//391 301//301 290//290
f 392//392 391//391 290//290
f 381//381 392//392 290//290
f 392//392 381//381 382//382
f 393//393 387//387 386//386
f 393//393 386//386 388//388
f 393//393 388//388 394//394
f 394//394 388//388 295//295
f 302//302 394//394 295//295
f 395//395 394//394 302//302
f 397//397 395//395 396//396
f 395//395 303//303 396//396
f 395//395 302//302 303//303
f 304//304 398//398 303//303
f 303//303 398//398 396//396
f 398//398 304//304 399//399
f 304//304 400//400 399//399
f 304//304 305//305 400//400
f 305//305 299//299 389//389
f 401//401 305//305 389//389
f 400//400 305//305 401//401
f 401//401 389//389 390//390
f 401//401 390//390 402//402
f 402//402 390//390 391//391
f 403//403 397//397 396//396
f 403//403 396//396 398//398
f 403//403 398//398 404//404
f 404//404 398//398 399//399
f 407//407 406//406 405//405
f 409//409 408//408 405//405
f 409//409 405//405 406//406
f 410//410 408//408 409//409
f 407//407 405//405 411//411
f 407//407 411//411 412//412
f 413//413 405//405 408//408
f 411//411 405//405 413//413
f 408//408 410//410 414//414
f 408//408 414//414 413//413
f 415//415 412//412 411//411
f 415//415 411//411 413//413
f 415//415 413//413 416//416
f 416//416 413//413 414//414
f 419//419 418//418 417//417
f 421//421 420//420 417//417
f 421//421 417//417 418//418
f 307//307 308//308 420//420
f 421//421 307//307 420//420
f 422//422 307//307 421//421
f 307//307 423//423 310//310
f 422//422 423//423 307//307
f 310//310 424//424 312//312
f 423//423 424//424 310//310
f 312//312 425//425 314//314
f 424//424 425//425 312//312
f 427//427 426//426 315//315
f 314//314 427//427 315//315
f 425//425 427//427 314//314
f 429//429 428//428 426//426
f 429//429 426//426 427//427
f 430//430 428//428 429//429
f 433//433 432//432 431//431
f 431//431 432//432 419//419
f 431//431 419//419 417//417
f 318//318 431//431 417//417
f 317//317 318//318 417//417
f 317//317 417//417 320//320
f 320//320 417//417 420//420
f 320//320 420//420 308//308
f 426//426 321//321 315//315
f 321//321 426//426 323//323
f 323//323 426//426 428//428
f 430//430 434//434 428//428
f 434//434 323//323 428//428
f 434//434 325//325 323//323
f 436//436 435//435 326//326
f 325//325 436//436 326//326
f 434//434 436//436 325//325
f 437//437 435//435 436//436
f 433//433 431//431 328//328
f 329//329 433//433 328//328
f 438//438 433//433 329//329
f 328//328 431//431 318//318
f 435//435 332//332 326//326
f 440//440 439//439 333//333
f 440//440 333//333 332//332
f 437//437 440//440 332//332
f 435//435 437//437 332//332
f 441//441 439//439 440//440
f 444//444 443//443 442//442
f 443//443 438//438 442//442
f 438//438 335//335 442//442
f 438//438 329//329 335//335
f 439//439 337//337 333//333
f 446//446 445//445 338//338
f 446//446 338//338 337//337
f 441//441 446//446 337//337
f 439//439 441//441 337//337
f 447//447 445//445 446//446
f 444//444 442//442 340//340
f 341//341 444//444 340//340
f 448//448 444//444 341//341
f 340//340 442//442 335//335
f 445//445 343//343 338//338
f 450//450 449//449 344//344
f 450//450 344//344 343//343
f 447//447 450//450 343//343
f 445//445 447//447 343//343
f 451//451 449//449 450//450
f 454//454 453//453 452//452
f 453//453 448//448 452//452
f 448//448 346//346 452//452
f 448//448 341//341 346//346
f 455//455 348//348 449//449
f 449//449 348//348 344//344
f 449//449 451//451 456//456
f 449//449 456//456 455//455
f 454//454 452//452 350//350
f 351//351 454//454 350//350
f 457//457 454//454 351//351
f 350//350 452//452 346//346
f 458//458 353//353 455//455
f 455//455 353//353 348//348
f 455//455 456//456 459//459
f 455//455 459//459 458//458
f 355//355 457//457 351//351
f 355//355 460//460 457//457
f 461//461 356//356 458//458
f 458//458 356//356 353//353
f 458//458 459//459 462//462
f 458//458 462//462 461//461
f 358//358 460//460 355//355
f 358//358 463//463 460//460
f 464//464 359//359 461//461
f 461//461 359//359 356//356
f 461//461 462//462 465//465
f 461//461 465//465 464//464
f 361//361 463//463 358//358
f 361//361 466//466 463//463
f 467//467 362//362 464//464
f 464//464 362//362 359//359
f 464//464 465//465 468//468
f 464//464 468//468 467//467
f 361//361 363//363 469//469
f 470//470 361//361 469//469
f 466//466 361//361 470//470
f 364//364 469//469 363//363
f 471//471 366//366 467//467
f 467//467 366//366 362//362
f 467//467 468//468 472//472
f 467//467 472//472 471//471
f 470//470 469//469 473//473
f 470//470 473//473 474//474
f 368//368 473//473 364//364
f 364//364 473//473 469//469
f 475//475 370//370 471//471
f 471//471 370//370 366//366
f 471//471 472//472 476//476
f 471//471 476//476 475//475
f 477//477 474//474 473//473
f 473//473 368//368 477//477
f 368//368 478//478 477//477
f 368//368 372//372 478//478
f 479//479 375//375 376//376
f 480//480 479//479 376//376
f 480//480 376//376 370//370
f 481//481 480//480 370//370
f 475//475 481//481 370//370
f 481//481 475//475 476//476
f 372//372 377//377 482//482
f 483//483 372//372 482//482
f 478//478 372//372 483//483
f 378//378 482//482 377//377
f 484//484 382//382 383//383
f 485//485 484//484 383//383
f 485//485 383//383 375//375
f 486//486 485//485 375//375
f 479//479 486//486 375//375
f 486//486 479//479 480//480
f 487//487 483//483 482//482
f 489//489 487//487 488//488
f 488//488 487//487 384//384
f 487//487 482//482 384//384
f 482//482 378//378 384//384
f 385//385 490//490 384//384
f 384//384 490//490 488//488
f 387//387 490//490 385//385
f 491//491 391//391 392//392
f 492//492 491//491 392//392
f 492//492 392//392 382//382
f 493//493 492//492 382//382
f 484//484 493//493 382//382
f 493//493 484//484 485//485
f 494//494 489//489 488//488
f 494//494 488//488 490//490
f 494//494 490//490 495//495
f 497//497 495//495 496//496
f 496//496 495//495 393//393
f 495//495 490//490 393//393
f 490//490 387//387 393//393
f 394//394 498//498 393//393
f 393//393 498//498 496//496
f 395//395 499//499 394//394
f 394//394 499//499 498//498
f 397//397 499//499 395//395
f 500//500 399//399 400//400
f 401//401 501//501 400//400
f 400//400 501//501 500//500
f 501//501 401//401 502//502
f 401//401 503//503 502//502
f 401//401 402//402 503//503
f 402//402 391//391 491//491
f 504//504 402//402 491//491
f 503//503 402//402 504//504
f 504//504 491//491 492//492
f 505//505 497//497 496//496
f 505//505 496//496 498//498
f 505//505 498//498 506//506
f 506//506 498//498 499//499
f 506//506 499//499 507//507
f 507//507 499//499 397//397
f 403//403 507//507 397//397
f 508//508 507//507 403//403
f 509//509 403//403 404//404
f 509//509 508//508 403//403
f 404//404 399//399 500//500
f 510//510 404//404 500//500
f 509//509 404//404 510//510
f 510//510 500//500 501//501
f 510//510 501//501 511//511
f 511//511 501//501 502//502
f 514//514 513//513 512//512
f 516//516 515//515 512//512
f 516//516 512//512 513//513
f 518//518 517//517 515//515
f 518//518 515//515 516//516
f 519//519 517//517 518//518
f 522//522 521//521 520//520
f 520//520 521//521 514//514
f 520//520 514//514 512//512
f 407//407 520//520 512//512
f 406//406 407//407 512//512
f 406//406 512//512 409//409
f 409//409 512//512 515//515
f 409//409 515//515 410//410
f 515//515 523//523 410//410
f 515//515 517//517 523//523
f 517//517 519//519 524//524
f 525//525 517//517 524//524
f 523//523 517//517 525//525
f 526//526 525//525 524//524
f 522//522 520//520 527//527
f 522//522 527//527 528//528
f 412//412 527//527 407//407
f 407//407 527//527 520//520
f 529//529 414//414 523//523
f 523//523 414//414 410//410
f 530//530 523//523 525//525
f 529//529 523//523 530//530
f 525//525 526//526 531//531
f 525//525 531//531 530//530
f 532//532 528//528 527//527
f 534//534 532//532 533//533
f 533//533 532//532 415//415
f 532//532 527//527 415//415
f 527//527 412//412 415//415
f 416//416 535//535 415//415
f 415//415 535//535 533//533
f 414//414 529//529 416//416
f 529//529 535//535 416//416
f 529//529 536//536 535//535
f 530//530 538//538 537//537
f 536//536 530//530 537//537
f 529//529 530//530 536//536
f 538//538 530//530 531//531
f 539//539 534//534 533//533
f 539//539 533//533 535//535
f 539//539 535//535 540//540
f 540//540 535//535 536//536
f 540//540 536//536 541//541
f 541//541 536//536 537//537
f 544//544 543//543 542//542
f 546//546 545//545 542//542
f 546//546 542//542 543//543
f 548//548 547//547 545//545
f 548//548 545//545 546//546
f 550//550 549//549 547//547
f 550//550 547//547 548//548
f 551//551 549//549 550//550
f 554//554 553//553 552//552
f 418//418 419//419 552//552
f 553//553 418//418 552//552
f 555//555 418//418 553//553
f 542//542 421//421 544//544
f 421//421 555//555 544//544
f 421//421 418//418 555//555
f 421//421 542//542 422//422
f 422//422 542//542 545//545
f 422//422 545//545 423//423
f 423//423 545//545 547//547
f 423//423 547//547 424//424
f 424//424 547//547 549//549
f 551//551 556//556 549//549
f 556//556 424//424 549//549
f 556//556 425//425 424//424
f 425//425 557//557 427//427
f 556//556 557//557 425//425
f 427//427 558//558 429//429
f 557//557 558//558 427//427
f 560//560 559//559 430//430
f 429//429 560//560 430//430
f 558//558 560//560 429//429
f 561//561 559//559 560//560
f 554//554 552//552 432//432
f 433//433 554//554 432//432
f 562//562 554//554 433//433
f 432//432 552//552 419//419
f 559//559 434//434 430//430
f 561//561 563//563 559//559
f 563//563 434//434 559//559
f 563//563 436//436 434//434
f 565//565 564//564 437//437
f 436//436 565//565 437//437
f 563//563 565//565 436//436
f 566//566 564//564 565//565
f 569//569 568//568 567//567
f 568//568 562//562 567//567
f 562//562 438//438 567//567
f 562//562 433//433 438//438
f 564//564 440//440 437//437
f 571//571 570//570 441//441
f 571//571 441//441 440//440
f 566//566 571//571 440//440
f 564//564 566//566 440//440
f 573//573 572//572 570//570
f 573//573 570//570 571//571
f 574//574 572//572 573//573
f 569//569 567//567 443//443
f 444//444 569//569 443//443
f 575//575 569//569 444//444
f 443//443 567//567 438//438
f 570//570 446//446 441//441
f 446//446 570//570 447//447
f 570//570 576//576 447//447
f 570//570 572//572 576//576
f 572//572 574//574 577//577
f 572//572 577//577 576//576
f 580//580 579//579 578//578
f 579//579 575//575 578//578
f 575//575 448//448 578//578
f 575//575 444//444 448//448
f 576//576 450//450 447//447
f 451//451 450//450 576//576
f 577//577 451//451 576//576
f 581//581 451//451 577//577
f 580//580 578//578 453//453
f 454//454 580//580 453//453
f 582//582 580//580 454//454
f 453//453 578//578 448//448
f 581//581 456//456 451//451
f 583//583 456//456 581//581
f 457//457 582//582 454//454
f 457//457 584//584 582//582
f 583//583 459//459 456//456
f 585//585 459//459 583//583
f 588//588 587//587 586//586
f 587//587 584//584 586//586
f 584//584 460//460 586//586
f 584//584 457//457 460//460
f 585//585 462//462 459//459
f 589//589 462//462 585//585
f 588//588 586//586 590//590
f 588//588 590//590 591//591
f 463//463 590//590 460//460
f 460//460 590//590 586//586
f 589//589 465//465 462//462
f 592//592 465//465 589//589
f 591//591 590//590 593//593
f 591//591 593//593 594//594
f 466//466 593//593 463//463
f 463//463 593//593 590//590
f 592//592 468//468 465//465
f 595//595 468//468 592//592
f 596//596 594//594 593//593
f 593//593 466//466 596//596
f 466//466 597//597 596//596
f 466//466 470//470 597//597
f 595//595 472//472 468//468
f 598//598 472//472 595//595
f 474//474 597//597 470//470
f 474//474 599//599 597//597
f 601//601 476//476 600//600
f 476//476 598//598 600//600
f 476//476 472//472 598//598
f 602//602 601//601 600//600
f 474//474 477//477 603//603
f 604//604 474//474 603//603
f 599//599 474//474 604//604
f 478//478 603//603 477//477
f 605//605 480//480 481//481
f 476//476 601//601 481//481
f 601//601 605//605 481//481
f 601//601 606//606 605//605
f 601//601 602//602 607//607
f 601//601 607//607 606//606
f 604//604 603//603 608//608
f 604//604 608//608 609//609
f 483//483 608//608 478//478
f 478//478 608//608 603//603
f 610//610 485//485 486//486
f 480//480 605//605 486//486
f 605//605 610//610 486//486
f 605//605 611//611 610//610
f 606//606 613//613 612//612
f 611//611 606//606 612//612
f 605//605 606//606 611//611
f 613//613 606//606 607//607
f 614//614 609//609 608//608
f 616//616 614//614 615//615
f 615//615 614//614 487//487
f 614//614 608//608 487//487
f 608//608 483//483 487//487
f 489//489 615//615 487//487
f 617//617 492//492 493//493
f 485//485 610//610 493//493
f 610//610 617//617 493//493
f 610//610 618//618 617//617
f 611//611 620//620 619//619
f 618//618 611//611 619//619
f 610//610 611//611 618//618
f 620//620 611//611 612//612
f 621//621 616//616 615//615
f 623//623 621//621 622//622
f 622//622 621//621 494//494
f 621//621 615//615 494//494
f 615//615 489//489 494//494
f 495//495 624//624 494//494
f 494//494 624//624 622//622
f 497//497 624//624 495//495
f 625//625 502//502 503//503
f 625//625 503//503 626//626
f 503//503 627//627 626//626
f 503//503 504//504 627//627
f 504//504 492//492 617//617
f 628//628 504//504 617//617
f 627//627 504//504 628//628
f 628//628 617//617 618//618
f 628//628 618//618 629//629
f 629//629 618//618 619//619
f 630//630 623//623 622//622
f 630//630 622//622 624//624
f 630//630 624//624 631//631
f 631//631 624//624 497//497
f 505//505 631//631 497//497
f 632//632 631//631 505//505
f 633//633 505//505 506//506
f 633//633 632//632 505//505
f 634//634 506//506 507//507
f 634//634 633//633 506//506
f 636//636 634//634 635//635
f 634//634 508//508 635//635
f 634//634 507//507 508//508
f 635//635 508//508 637//637
f 508//508 638//638 637//637
f 508//508 509//509 638//638
f 639//639 509//509 510//510
f 639//639 638//638 509//509
f 640//640 510//510 511//511
f 640//640 639//639 510//510
f 511//511 502//502 625//625
f 641//641 511//511 625//625
f 640//640 511//511 641//641
f 641//641 625//625 626//626
f 644//644 643//643 642//642
f 646//646 645//645 642//642
f 646//646 642//642 643//643
f 648//648 647//647 645//645
f 648//648 645//645 646//646
f 649//649 647//647 648//648
f 650//650 636//636 635//635
f 650//650 635//635 637//637
f 653//653 652//652 651//651
f 651//651 652//652 644//644
f 651//651 644//644 642//642
f 514//514 651//651 642//642
f 513//513 514//514 642//642
f 513//513 642//642 516//516
f 516//516 642//642 645//645
f 516//516 645//645 518//518
f 518//518 645//645 647//647
f 655//655 654//654 519//519
f 655//655 519//519 518//518
f 649//649 655//655 518//518
f 647//647 649//649 518//518
f 656//656 654//654 655//655
f 659//659 658//658 657//657
f 657//657 658//658 653//653
f 657//657 653//653 651//651
f 522//522 657//657 651//651
f 521//521 522//522 651//651
f 521//521 651//651 514//514
f 654//654 524//524 519//519
f 526//526 524//524 654//654
f 656//656 526//526 654//654
f 660//660 526//526 656//656
f 659//659 657//657 661//661
f 659//659 661//661 662//662
f 528//528 661//661 522//522
f 522//522 661//661 657//657
f 660//660 531//531 526//526
f 663//663 531//531 660//660
f 666//666 665//665 664//664
f 664//664 665//665 662//662
f 661//661 664//664 662//662
f 667//667 664//664 661//661
f 532//532 668//668 528//528
f 668//668 661//661 528//528
f 668//668 667//667 661//661
f 534//534 668//668 532//532
f 670//670 669//669 538//538
f 538//538 669//669 537//537
f 538//538 531//531 663//663
f 538//538 663//663 670//670
f 671//671 666//666 664//664
f 671//671 664//664 667//667
f 671//671 667//667 672//672
f 672//672 667//667 668//668
f 672//672 668//668 673//673
f 673//673 668//668 534//534
f 539//539 673//673 534//534
f 674//674 673//673 539//539
f 675//675 539//539 540//540
f 675//675 674//674 539//539
f 676//676 540//540 541//541
f 676//676 675//675 540//540
f 541//541 537//537 669//669
f 541//541 669//669 676//676
f 679//679 678//678 677//677
f 543//543 544//544 677//677
f 678//678 543//543 677//677
f 680//680 543//543 678//678
f 543//543 681//681 546//546
f 680//680 681//681 543//543
f 546//546 682//682 548//548
f 681//681 682//682 546//546
f 548//548 683//683 550//550
f 682//682 683//683 548//548
f 685//685 684//684 551//551
f 550//550 685//685 551//551
f 683//683 685//685 550//550
f 687//687 686//686 684//684
f 687//687 684//684 685//685
f 688//688 686//686 687//687
f 690//690 689//689 553//553
f 690//690 553//553 554//554
f 677//677 555//555 679//679
f 555//555 689//689 679//679
f 555//555 553//553 689//689
f 555//555 677//677 544//544
f 684//684 556//556 551//551
f 556//556 684//684 557//557
f 557//557 684//684 686//686
f 688//688 691//691 686//686
f 691//691 557//557 686//686
f 691//691 558//558 557//557
f 558//558 692//692 560//560
f 691//691 692//692 558//558
f 694//694 693//693 561//561
f 560//560 694//694 561//561
f 692//692 694//694 560//560
f 695//695 693//693 694//694
f 698//698 697//697 696//696
f 697//697 690//690 696//696
f 690//690 562//562 696//696
f 690//690 554//554 562//562
f 693//693 563//563 561//561
f 695//695 699//699 693//693
f 699//699 563//563 693//693
f 699//699 565//565 563//563
f 701//701 700//700 566//566
f 565//565 701//701 566//566
f 699//699 701//701 565//565
f 703//703 702//702 700//700
f 703//703 700//700 701//701
f 704//704 702//702 703//703
f 698//698 696//696 568//568
f 569//569 698//698 568//568
f 705//705 698//698 569//569
f 568//568 696//696 562//562
f 700//700 571//571 566//566
f 571//571 700//700 573//573
f 573//573 700//700 702//702
f 707//707 706//706 574//574
f 707//707 574//574 573//573
f 704//704 707//707 573//573
f 702//702 704//704 573//573
f 708//708 706//706 707//707
f 711//711 710//710 709//709
f 710//710 705//705 709//709
f 705//705 575//575 709//709
f 705//705 569//569 575//575
f 712//712 577//577 706//706
f 706//706 577//577 574//574
f 706//706 708//708 713//713
f 706//706 713//713 712//712
f 711//711 709//709 579//579
f 580//580 711//711 579//579
f 714//714 711//711 580//580
f 579//579 709//709 575//575
f 715//715 581//581 712//712
f 712//712 581//581 577//577
f 712//712 713//713 716//716
f 712//712 716//716 715//715
f 582//582 714//714 580//580
f 582//582 717//717 714//714
f 718//718 583//583 715//715
f 715//715 583//583 581//581
f 715//715 716//716 719//719
f 715//715 719//719 718//718
f 722//722 721//721 720//720
f 721//721 717//717 720//720
f 717//717 584//584 720//720
f 717//717 582//582 584//584
f 723//723 585//585 718//718
f 718//718 585//585 583//583
f 718//718 719//719 724//724
f 718//718 724//724 723//723
f 722//722 720//720 587//587
f 588//588 722//722 587//587
f 725//725 722//722 588//588
f 587//587 720//720 584//584
f 726//726 589//589 723//723
f 723//723 589//589 585//585
f 723//723 724//724 727//727
f 723//723 727//727 726//726
f 591//591 725//725 588//588
f 591//591 728//728 725//725
f 729//729 592//592 726//726
f 726//726 592//592 589//589
f 726//726 727//727 730//730
f 726//726 730//730 729//729
f 594//594 728//728 591//591
f 594//594 731//731 728//728
f 732//732 595//595 729//729
f 729//729 595//595 592//592
f 729//729 730//730 733//733
f 729//729 733//733 732//732
f 594//594 596//596 734//734
f 735//735 594//594 734//734
f 731//731 594//594 735//735
f 597//597 734//734 596//596
f 736//736 598//598 732//732
f 732//732 598//598 595//595
f 732//732 733//733 737//737
f 732//732 737//737 736//736
f 735//735 734//734 738//738
f 735//735 738//738 739//739
f 599//599 738//738 597//597
f 597//597 738//738 734//734
f 736//736 600//600 598//598
f 602//602 600//600 736//736
f 737//737 602//602 736//736
f 740//740 602//602 737//737
f 739//739 738//738 741//741
f 739//739 741//741 742//742
f 604//604 741//741 599//599
f 599//599 741//741 738//738
f 744//744 607//607 743//743
f 607//607 740//740 743//743
f 607//607 602//602 740//740
f 745//745 744//744 743//743
f 746//746 742//742 741//741
f 741//741 604//604 746//746
f 604//604 747//747 746//746
f 604//604 609//609 747//747
f 748//748 612//612 613//613
f 749//749 748//748 613//613
f 749//749 613//613 607//607
f 750//750 749//749 607//607
f 744//744 750//750 607//607
f 750//750 744//744 745//745
f 609//609 614//614 751//751
f 752//752 609//609 751//751
f 747//747 609//609 752//752
f 616//616 751//751 614//614
f 753//753 619//619 620//620
f 612//612 748//748 620//620
f 748//748 753//753 620//620
f 748//748 754//754 753//753
f 748//748 749//749 755//755
f 748//748 755//755 754//754
f 756//756 752//752 751//751
f 758//758 756//756 757//757
f 757//757 756//756 621//621
f 756//756 751//751 621//621
f 751//751 616//616 621//621
f 623//623 757//757 621//621
f 759//759 626//626 627//627
f 759//759 627//627 760//760
f 627//627 761//761 760//760
f 627//627 628//628 761//761
f 762//762 628//628 629//629
f 762//762 761//761 628//628
f 629//629 619//619 753//753
f 763//763 629//629 753//753
f 762//762 629//629 763//763
f 763//763 753//753 754//754
f 763//763 754//754 764//764
f 764//764 754//754 755//755
f 765//765 758//758 757//757
f 765//765 757//757 623//623
f 630//630 765//765 623//623
f 766//766 765//765 630//630
f 767//767 630//630 631//631
f 767//767 766//766 630//630
f 768//768 631//631 632//632
f 768//768 767//767 631//631
f 770//770 768//768 769//769
f 768//768 633//633 769//769
f 768//768 632//632 633//633
f 634//634 771//771 633//633
f 633//633 771//771 769//769
f 636//636 771//771 634//634
f 772//772 637//637 638//638
f 639//639 773//773 638//638
f 638//638 773//773 772//772
f 773//773 639//639 774//774
f 639//639 775//775 774//774
f 639//639 640//640 775//775
f 776//776 640//640 641//641
f 776//776 775//775 640//640
f 641//641 626//626 759//759
f 777//777 641//641 759//759
f 776//776 641//641 777//777
f 777//777 759//759 760//760
f 779//779 778//778 643//643
f 779//779 643//643 644//644
f 643//643 780//780 646//646
f 778//778 780//780 643//643
f 646//646 781//781 648//648
f 780//780 781//781 646//646
f 649//649 648//648 781//781
f 649//649 781//781 782//782
f 783//783 770//770 769//769
f 783//783 769//769 771//771
f 783//783 771//771 784//784
f 784//784 771//771 636//636
f 650//650 784//784 636//636
f 785//785 784//784 650//650
f 650//650 637//637 772//772
f 786//786 650//650 772//772
f 785//785 650//650 786//786
f 786//786 772//772 773//773
f 786//786 773//773 787//787
f 787//787 773//773 774//774
f 789//789 788//788 652//652
f 789//789 652//652 653//653
f 644//644 652//652 779//779
f 779//779 652//652 788//788
f 782//782 790//790 649//649
f 649//649 790//790 655//655
f 656//656 655//655 790//790
f 656//656 790//790 791//791
f 793//793 792//792 658//658
f 793//793 658//658 659//659
f 653//653 658//658 789//789
f 789//789 658//658 792//792
f 791//791 660//660 656//656
f 794//794 660//660 791//791
f 797//797 796//796 795//795
f 799//799 798//798 795//795
f 799//799 795//795 796//796
f 799//799 793//793 798//798
f 793//793 662//662 798//798
f 793//793 659//659 662//662
f 794//794 663//663 660//660
f 800//800 663//663 794//794
f 803//803 802//802 801//801
f 801//801 802//802 797//797
f 795//795 801//801 797//797
f 804//804 801//801 795//795
f 666//666 804//804 665//665
f 804//804 798//798 665//665
f 804//804 795//795 798//798
f 665//665 798//798 662//662
f 806//806 805//805 670//670
f 670//670 805//805 669//669
f 670//670 663//663 800//800
f 670//670 800//800 806//806
f 803//803 801//801 807//807
f 803//803 807//807 808//808
f 809//809 801//801 804//804
f 807//807 801//801 809//809
f 671//671 810//810 666//666
f 810//810 804//804 666//666
f 810//810 809//809 804//804
f 672//672 811//811 671//671
f 671//671 811//811 810//810
f 673//673 812//812 672//672
f 672//672 812//812 811//811
f 674//674 813//813 673//673
f 673//673 813//813 812//812
f 675//675 814//814 674//674
f 674//674 814//814 813//813
f 814//814 675//675 815//815
f 675//675 816//816 815//815
f 675//675 676//676 816//816
f 676//676 669//669 805//805
f 676//676 805//805 816//816
f 817//817 808//808 807//807
f 819//819 818//818 817//817
f 807//807 819//819 817//817
f 809//809 819//819 807//807
f 820//820 809//809 810//810
f 819//819 809//809 820//820
f 821//821 810//810 811//811
f 820//820 810//810 821//821
f 812//812 823//823 822//822
f 821//821 812//812 822//822
f 811//811 812//812 821//821
f 823//823 812//812 813//813
f 823//823 813//813 824//824
f 824//824 813//813 814//814
f 824//824 814//814 825//825
f 825//825 814//814 815//815
f 826//826 818//818 819//819
f 826//826 819//819 820//820
f 826//826 820//820 827//827
f 827//827 820//820 821//821
f 827//827 821//821 828//828
f 828//828 821//821 822//822
f 830//830 829//829 678//678
f 830//830 678//678 679//679
f 678//678 831//831 680//680
f 829//829 831//831 678//678
f 680//680 832//832 681//681
f 831//831 832//832 680//680
f 681//681 833//833 682//682
f 832//832 833//833 681//681
f 682//682 834//834 683//683
f 833//833 834//834 682//682
f 683//683 835//835 685//685
f 834//834 835//835 683//683
f 685//685 836//836 687//687
f 835//835 836//836 685//685
f 688//688 687//687 836//836
f 688//688 836//836 837//837
f 839//839 838//838 689//689
f 839//839 689//689 690//690
f 679//679 689//689 830//830
f 830//830 689//689 838//838
f 837//837 840//840 688//688
f 688//688 840//840 691//691
f 691//691 841//841 692//692
f 840//840 841//841 691//691
f 692//692 842//842 694//694
f 841//841 842//842 692//692
f 844//844 843//843 695//695
f 694//694 844//844 695//695
f 842//842 844//844 694//694
f 845//845 843//843 844//844
f 847//847 846//846 697//697
f 847//847 697//697 698//698
f 690//690 697//697 839//839
f 839//839 697//697 846//846
f 843//843 699//699 695//695
f 845//845 848//848 843//843
f 848//848 699//699 843//843
f 848//848 701//701 699//699
f 701//701 849//849 703//703
f 848//848 849//849 701//701
f 704//704 703//703 849//849
f 704//704 849//849 850//850
f 705//705 847//847 698//698
f 705//705 851//851 847//847
f 850//850 852//852 704//704
f 704//704 852//852 707//707
f 708//708 707//707 852//852
f 708//708 852//852 853//853
f 855//855 854//854 710//710
f 855//855 710//710 711//711
f 705//705 710//710 851//851
f 851//851 710//710 854//854
f 853//853 713//713 708//708
f 856//856 713//713 853//853
f 714//714 855//855 711//711
f 714//714 857//857 855//855
f 856//856 716//716 713//713
f 858//858 716//716 856//856
f 861//861 860//860 859//859
f 860//860 857//857 859//859
f 857//857 717//717 859//859
f 857//857 714//714 717//717
f 858//858 719//719 716//716
f 862//862 719//719 858//858
f 861//861 859//859 721//721
f 722//722 861//861 721//721
f 863//863 861//861 722//722
f 721//721 859//859 717//717
f 862//862 724//724 719//719
f 864//864 724//724 862//862
f 725//725 863//863 722//722
f 725//725 865//865 863//863
f 864//864 727//727 724//724
f 866//866 727//727 864//864
f 728//728 865//865 725//725
f 728//728 867//867 865//865
f 866//866 730//730 727//727
f 868//868 730//730 866//866
f 731//731 867//867 728//728
f 731//731 869//869 867//867
f 868//868 733//733 730//730
f 870//870 733//733 868//868
f 735//735 869//869 731//731
f 735//735 871//871 869//869
f 870//870 737//737 733//733
f 872//872 737//737 870//870
f 739//739 871//871 735//735
f 739//739 873//873 871//871
f 875//875 740//740 874//874
f 740//740 872//872 874//874
f 740//740 737//737 872//872
f 876//876 875//875 874//874
f 742//742 873//873 739//739
f 742//742 877//877 873//873
f 875//875 743//743 740//740
f 745//745 743//743 875//875
f 876//876 745//745 875//875
f 878//878 745//745 876//876
f 742//742 746//746 879//879
f 880//880 742//742 879//879
f 877//877 742//742 880//880
f 747//747 879//879 746//746
f 881//881 749//749 750//750
f 882//882 881//881 750//750
f 745//745 882//882 750//750
f 878//878 882//882 745//745
f 883//883 880//880 879//879
f 879//879 747//747 883//883
f 747//747 884//884 883//883
f 747//747 752//752 884//884
f 886//886 885//885 881//881
f 885//885 749//749 881//881
f 885//885 755//755 749//749
f 886//886 881//881 882//882
f 752//752 756//756 887//887
f 888//888 752//752 887//887
f 884//884 752//752 888//888
f 758//758 887//887 756//756
f 889//889 760//760 761//761
f 762//762 890//890 761//761
f 761//761 890//890 889//889
f 763//763 891//891 762//762
f 762//762 891//891 890//890
f 891//891 763//763 892//892
f 763//763 893//893 892//892
f 763//763 764//764 893//893
f 764//764 755//755 885//885
f 764//764 885//885 893//893
f 894//894 888//888 887//887
f 894//894 887//887 758//758
f 765//765 894//894 758//758
f 895//895 894//894 765//765
f 897//897 895//895 896//896
f 895//895 766//766 896//896
f 895//895 765//765 766//766
f 767//767 898//898 766//766
f 766//766 898//898 896//896
f 768//768 899//899 767//767
f 767//767 899//899 898//898
f 770//770 899//899 768//768
f 901//901 900//900 775//775
f 775//775 900//900 774//774
f 902//902 775//775 776//776
f 902//902 901//901 775//775
f 903//903 776//776 777//777
f 903//903 902//902 776//776
f 777//777 760//760 889//889
f 904//904 777//777 889//889
f 903//903 777//777 904//904
f 904//904 889//889 890//890
f 904//904 890//890 905//905
f 905//905 890//890 891//891
f 905//905 891//891 906//906
f 906//906 891//891 892//892
f 908//908 907//907 778//778
f 908//908 778//778 779//779
f 778//778 909//909 780//780
f 907//907 909//909 778//778
f 909//909 911//911 910//910
f 781//781 909//909 910//910
f 780//780 909//909 781//781
f 910//910 782//782 781//781
f 912//912 897//897 896//896
f 912//912 896//896 898//898
f 912//912 898//898 913//913
f 913//913 898//898 899//899
f 913//913 899//899 914//914
f 914//914 899//899 770//770
f 783//783 914//914 770//770
f 915//915 914//914 783//783
f 916//916 783//783 784//784
f 916//916 915//915 783//783
f 917//917 784//784 785//785
f 917//917 916//916 784//784
f 918//918 785//785 786//786
f 918//918 917//917 785//785
f 919//919 786//786 787//787
f 919//919 918//918 786//786
f 787//787 774//774 900//900
f 787//787 900//900 919//919
f 921//921 920//920 788//788
f 921//921 788//788 789//789
f 779//779 788//788 908//908
f 908//908 788//788 920//920
f 911//911 922//922 910//910
f 910//910 922//922 782//782
f 922//922 790//790 782//782
f 922//922 923//923 790//790
f 791//791 790//790 923//923
f 791//791 923//923 924//924
f 927//927 926//926 925//925
f 792//792 793//793 925//925
f 926//926 792//792 925//925
f 928//928 792//792 926//926
f 789//789 792//792 921//921
f 921//921 792//792 928//928
f 924//924 794//794 791//791
f 929//929 794//794 924//924
f 932//932 931//931 930//930
f 796//796 797//797 930//930
f 931//931 796//796 930//930
f 933//933 796//796 931//931
f 925//925 799//799 927//927
f 799//799 933//933 927//927
f 799//799 796//796 933//933
f 799//799 925//925 793//793
f 929//929 800//800 794//794
f 934//934 800//800 929//929
f 932//932 930//930 802//802
f 803//803 932//932 802//802
f 935//935 932//932 803//803
f 802//802 930//930 797//797
f 937//937 936//936 806//806
f 806//806 936//936 805//805
f 806//806 800//800 934//934
f 806//806 934//934 937//937
f 808//808 935//935 803//803
f 808//808 938//938 935//935
f 940//940 939//939 816//816
f 816//816 939//939 815//815
f 816//816 805//805 936//936
f 816//816 936//936 940//940
f 808//808 817//817 941//941
f 942//942 808//808 941//941
f 938//938 808//808 942//942
f 818//818 941//941 817//817
f 943//943 822//822 823//823
f 943//943 823//823 944//944
f 823//823 945//945 944//944
f 823//823 824//824 945//945
f 946//946 824//824 825//825
f 946//946 945//945 824//824
f 825//825 815//815 939//939
f 825//825 939//939 946//946
f 947//947 942//942 941//941
f 947//947 941//941 818//818
f 826//826 947//947 818//818
f 948//948 947//947 826//826
f 950//950 948//948 949//949
f 948//948 827//827 949//949
f 948//948 826//826 827//827
f 949//949 827//827 951//951
f 827//827 952//952 951//951
f 827//827 828//828 952//952
f 828//828 822//822 943//943
f 953//953 828//828 943//943
f 952//952 828//828 953//953
f 953//953 943//943 944//944
f 954//954 950//950 949//949
f 954//954 949//949 951//951
f 830//830 955//955 829//829
f 829//829 955//955 956//956
f 957//957 829//829 956//956
f 831//831 829//829 957//957
f 831//831 958//958 832//832
f 957//957 958//958 831//831
f 832//832 959//959 833//833
f 958//958 959//959 832//832
f 833//833 960//960 834//834
f 959//959 960//960 833//833
f 834//834 961//961 835//835
f 960//960 961//961 834//834
f 835//835 962//962 836//836
f 961//961 962//962 835//835
f 837//837 836//836 962//962
f 837//837 962//962 963//963
f 965//965 964//964 838//838
f 965//965 838//838 839//839
f 830//830 838//838 955//955
f 838//838 966//966 955//955
f 838//838 964//964 966//966
f 955//955 966//966 956//956
f 963//963 967//967 837//837
f 837//837 967//967 840//840
f 840//840 968//968 841//841
f 967//967 968//968 840//840
f 841//841 969//969 842//842
f 968//968 969//969 841//841
f 842//842 970//970 844//844
f 969//969 970//970 842//842
f 845//845 844//844 970//970
f 845//845 970//970 971//971
f 973//973 972//972 846//846
f 973//973 846//846 847//847
f 839//839 846//846 965//965
f 965//965 846//846 972//972
f 971//971 974//974 845//845
f 845//845 974//974 848//848
f 848//848 975//975 849//849
f 974//974 975//975 848//848
f 850//850 849//849 975//975
f 850//850 975//975 976//976
f 851//851 973//973 847//847
f 851//851 977//977 973//973
f 976//976 978//978 850//850
f 850//850 978//978 852//852
f 853//853 852//852 978//978
f 853//853 978//978 979//979
f 981//981 980//980 854//854
f 981//981 854//854 855//855
f 851//851 854//854 977//977
f 977//977 854//854 980//980
f 979//979 856//856 853//853
f 982//982 856//856 979//979
f 857//857 981//981 855//855
f 857//857 983//983 981//981
f 982//982 858//858 856//856
f 984//984 858//858 982//982
f 986//986 985//985 860//860
f 986//986 860//860 861//861
f 857//857 860//860 983//983
f 983//983 860//860 985//985
f 984//984 862//862 858//858
f 987//987 862//862 984//984
f 863//863 986//986 861//861
f 863//863 988//988 986//986
f 987//987 864//864 862//862
f 989//989 864//864 987//987
f 865//865 988//988 863//863
f 865//865 990//990 988//988
f 989//989 866//866 864//864
f 991//991 866//866 989//989
f 867//867 990//990 865//865
f 867//867 992//992 990//990
f 991//991 868//868 866//866
f 993//993 868//868 991//991
f 869//869 992//992 867//867
f 869//869 994//994 992//992
f 993//993 870//870 868//868
f 995//995 870//870 993//993
f 871//871 994//994 869//869
f 871//871 996//996 994//994
f 995//995 872//872 870//870
f 997//997 872//872 995//995
f 873//873 996//996 871//871
f 873//873 998//998 996//996
f 997//997 999//999 872//872
f 872//872 999//999 874//874
f 876//876 874//874 999//999
f 876//876 999//999 1000//1000
f 877//877 998//998 873//873
f 877//877 1001//1001 998//998
f 1000//1000 878//878 876//876
f 1002//1002 878//878 1000//1000
f 880//880 1001//1001 877//877
f 880//880 1003//1003 1001//1001
f 1002//1002 882//882 878//878
f 1004//1004 882//882 1002//1002
f 1005//1005 1003//1003 880//880
f 1005//1005 880//880 883//883
f 883//883 884//884 1005//1005
f 1005//1005 884//884 1006//1006
f 1008//1008 1007//1007 886//886
f 886//886 1007//1007 885//885
f 886//886 882//882 1004//1004
f 886//886 1004//1004 1008//1008
f 888//888 1006//1006 884//884
f 888//888 1009//1009 1006//1006
f 1011//1011 1010//1010 893//893
f 893//893 1010//1010 892//892
f 893//893 885//885 1007//1007
f 893//893 1007//1007 1011//1011
f 1012//1012 1009//1009 888//888
f 1012//1012 888//888 894//894
f 1013//1013 894//894 895//895
f 1013//1013 1012//1012 894//894
f 1015//1015 1014//1014 897//897
f 1014//1014 895//895 897//897
f 1014//1014 1013//1013 895//895
f 1015//1015 1016//1016 1014//1014
f 1018//1018 1017//1017 901//901
f 901//901 1017//1017 900//900
f 1019//1019 901//901 902//902
f 1019//1019 1018//1018 901//901
f 1020//1020 902//902 903//903
f 1020//1020 1019//1019 902//902
f 1021//1021 903//903 904//904
f 1021//1021 1020//1020 903//903
f 1022//1022 904//904 905//905
f 1022//1022 1021//1021 904//904
f 1023//1023 905//905 906//906
f 1023//1023 1022//1022 905//905
f 906//906 892//892 1010//1010
f 906//906 1010//1010 1023//1023
f 1025//1025 1024//1024 907//907
f 1025//1025 907//907 908//908
f 907//907 1026//1026 909//909
f 1024//1024 1026//1026 907//907
f 911//911 909//909 1026//1026
f 911//911 1026//1026 1027//1027
f 912//912 1015//1015 897//897
f 1028//1028 1016//1016 1015//1015
f 912//912 1028//1028 1015//1015
f 913//913 1028//1028 912//912
f 1029//1029 913//913 914//914
f 1029//1029 1028//1028 913//913
f 1030//1030 914//914 915//915
f 1030//1030 1029//1029 914//914
f 1031//1031 915//915 916//916
f 1031//1031 1030//1030 915//915
f 1032//1032 916//916 917//917
f 1032//1032 1031//1031 916//916
f 1033//1033 917//917 918//918
f 1033//1033 1032//1032 917//917
f 1034//1034 918//918 919//919
f 1034//1034 1033//1033 918//918
f 919//919 900//900 1017//1017
f 919//919 1017//1017 1034//1034
f 1036//1036 1035//1035 920//920
f 1036//1036 920//920 921//921
f 908//908 920//920 1025//1025
f 1025//1025 920//920 1035//1035
f 1027//1027 1037//1037 911//911
f 911//911 1037//1037 922//922
f 1037//1037 1039//1039 1038//1038
f 923//923 1037//1037 1038//1038
f 922//922 1037//1037 923//923
f 1038//1038 924//924 923//923
f 1042//1042 1041//1041 1040//1040
f 926//926 927//927 1040//1040
f 1041//1041 926//926 1040//1040
f 1043//1043 926//926 1041//1041
f 926//926 1044//1044 928//928
f 1043//1043 1044//1044 926//926
f 921//921 928//928 1036//1036
f 1036//1036 928//928 1044//1044
f 1039//1039 1045//1045 1038//1038
f 924//924 1038//1038 1045//1045
f 1046//1046 924//924 1045//1045
f 929//929 924//924 1046//1046
f 1048//1048 1047//1047 931//931
f 1048//1048 931//931 932//932
f 1040//1040 933//933 1042//1042
f 933//933 1047//1047 1042//1042
f 933//933 931//931 1047//1047
f 933//933 1040//1040 927//927
f 1046//1046 934//934 929//929
f 1049//1049 934//934 1046//1046
f 935//935 1048//1048 932//932
f 935//935 1050//1050 1048//1048
f 1052//1052 1051//1051 937//937
f 937//937 1051//1051 936//936
f 937//937 934//934 1049//1049
f 937//937 1049//1049 1052//1052
f 938//938 1050//1050 935//935
f 938//938 1053//1053 1050//1050
f 1055//1055 1054//1054 940//940
f 940//940 1054//1054 939//939
f 940//940 936//936 1051//1051
f 940//940 1051//1051 1055//1055
f 942//942 1053//1053 938//938
f 942//942 1056//1056 1053//1053
f 1058//1058 1057//1057 945//945
f 945//945 1057//1057 944//944
f 1059//1059 945//945 946//946
f 1059//1059 1058//1058 945//945
f 946//946 939//939 1054//1054
f 946//946 1054//1054 1059//1059
f 1060//1060 1056//1056 942//942
f 1060//1060 942//942 947//947
f 1062//1062 1060//1060 1061//1061
f 1060//1060 948//948 1061//1061
f 1060//1060 947//947 948//948
f 950//950 1061//1061 948//948
f 1064//1064 1063//1063 952//952
f 952//952 1063//1063 951//951
f 1065//1065 952//952 953//953
f 1065//1065 1064//1064 952//952
f 953//953 944//944 1057//1057
f 953//953 1057//1057 1065//1065
f 1066//1066 1062//1062 1061//1061
f 1066//1066 1061//1061 950//950
f 954//954 1066//1066 950//950
f 1067//1067 1066//1066 954//954
f 954//954 951//951 1063//1063
f 954//954 1063//1063 1067//1067
f 956//956 1068//1068 957//957
f 957//957 1068//1068 1069//1069
f 1070//1070 957//957 1069//1069
f 958//958 957//957 1070//1070
f 958//958 1071//1071 959//959
f 1070//1070 1071//1071 958//958
f 959//959 1072//1072 960//960
f 1071//1071 1072//1072 959//959
f 960//960 1073//1073 961//961
f 1072//1072 1073//1073 960//960
f 1073//1073 1075//1075 1074//1074
f 962//962 1073//1073 1074//1074
f 961//961 1073//1073 962//962
f 1074//1074 963//963 962//962
f 965//965 1076//1076 964//964
f 964//964 1076//1076 1077//1077
f 1078//1078 964//964 1077//1077
f 966//966 964//964 1078//1078
f 956//956 966//966 1068//1068
f 966//966 1079//1079 1068//1068
f 966//966 1078//1078 1079//1079
f 1068//1068 1079//1079 1069//1069
f 1075//1075 1080//1080 1074//1074
f 1074//1074 1080//1080 963//963
f 1080//1080 967//967 963//963
f 1080//1080 1081//1081 967//967
f 967//967 1082//1082 968//968
f 1081//1081 1082//1082 967//967
f 968//968 1083//1083 969//969
f 1082//1082 1083//1083 968//968
f 1083//1083 1085//1085 1084//1084
f 970//970 1083//1083 1084//1084
f 969//969 1083//1083 970//970
f 1084//1084 971//971 970//970
f 973//973 1086//1086 972//972
f 1086//1086 1087//1087 972//972
f 972//972 1087//1087 965//965
f 1087//1087 1088//1088 965//965
f 1088//1088 1076//1076 965//965
f 1076//1076 1088//1088 1077//1077
f 1085//1085 1089//1089 1084//1084
f 1084//1084 1089//1089 971//971
f 1089//1089 974//974 971//971
f 1089//1089 1090//1090 974//974
f 974//974 1091//1091 975//975
f 1090//1090 1091//1091 974//974
f 976//976 975//975 1091//1091
f 976//976 1091//1091 1092//1092
f 1094//1094 1093//1093 1086//1086
f 973//973 1094//1094 1086//1086
f 977//977 1094//1094 973//973
f 1086//1086 1093//1093 1087//1087
f 1092//1092 1095//1095 976//976
f 976//976 1095//1095 978//978
f 979//979 978//978 1095//1095
f 979//979 1095//1095 1096//1096
f 1098//1098 1097//1097 980//980
f 1098//1098 980//980 981//981
f 977//977 980//980 1094//1094
f 1094//1094 980//980 1097//1097
f 1096//1096 982//982 979//979
f 1099//1099 982//982 1096//1096
f 983//983 1098//1098 981//981
f 983//983 1100//1100 1098//1098
f 1099//1099 984//984 982//982
f 1101//1101 984//984 1099//1099
f 986//986 1102//1102 985//985
f 1102//1102 1103//1103 985//985
f 1103//1103 983//983 985//985
f 1103//1103 1100//1100 983//983
f 1101//1101 987//987 984//984
f 1104//1104 987//987 1101//1101
f 1106//1106 1105//1105 1102//1102
f 986//986 1106//1106 1102//1102
f 988//988 1106//1106 986//986
f 1102//1102 1105//1105 1103//1103
f 1104//1104 989//989 987//987
f 1107//1107 989//989 1104//1104
f 990//990 1106//1106 988//988
f 990//990 1108//1108 1106//1106
f 1107//1107 991//991 989//989
f 1109//1109 991//991 1107//1107
f 992//992 1108//1108 990//990
f 992//992 1110//1110 1108//1108
f 1109//1109 993//993 991//991
f 1111//1111 993//993 1109//1109
f 994//994 1110//1110 992//992
f 994//994 1112//1112 1110//1110
f 1111//1111 995//995 993//993
f 1113//1113 995//995 1111//1111
f 996//996 1112//1112 994//994
f 996//996 1114//1114 1112//1112
f 1113//1113 997//997 995//995
f 1115//1115 997//997 1113//1113
f 998//998 1114//1114 996//996
f 998//998 1116//1116 1114//1114
f 999//999 997//997 1117//1117
f 997//997 1118//1118 1117//1117
f 997//997 1115//1115 1118//1118
f 1117//1117 1000//1000 999//999
f 1001//1001 1120//1120 1119//1119
f 1116//1116 1001//1001 1119//1119
f 998//998 1001//1001 1116//1116
f 1120//1120 1121//1121 1119//1119
f 1118//1118 1122//1122 1117//1117
f 1000//1000 1117//1117 1122//1122
f 1123//1123 1000//1000 1122//1122
f 1002//1002 1000//1000 1123//1123
f 1003//1003 1124//1124 1120//1120
f 1003//1003 1120//1120 1001//1001
f 1121//1121 1120//1120 1125//1125
f 1125//1125 1120//1120 1124//1124
f 1123//1123 1004//1004 1002//1002
f 1126//1126 1004//1004 1123//1123
f 1005//1005 1124//1124 1003//1003
f 1005//1005 1006//1006 1124//1124
f 1006//1006 1125//1125 1124//1124
f 1006//1006 1127//1127 1125//1125
f 1129//1129 1128//1128 1008//1008
f 1008//1008 1128//1128 1007//1007
f 1008//1008 1004//1004 1126//1126
f 1008//1008 1126//1126 1129//1129
f 1009//1009 1131//1131 1130//1130
f 1127//1127 1009//1009 1130//1130
f 1006//1006 1009//1009 1127//1127
f 1131//1131 1132//1132 1130//1130
f 1135//1135 1134//1134 1133//1133
f 1137//1137 1136//1136 1133//1133
f 1133//1133 1136//1136 1135//1135
f 1139//1139 1138//1138 1137//1137
f 1137//1137 1138//1138 1136//1136
f 1010//1010 1011//1011 1139//1139
f 1011//1011 1138//1138 1139//1139
f 1011//1011 1140//1140 1138//1138
f 1011//1011 1007//1007 1128//1128
f 1011//1011 1128//1128 1140//1140
f 1012//1012 1131//1131 1009//1009
f 1141//1141 1132//1132 1131//1131
f 1012//1012 1141//1141 1131//1131
f 1013//1013 1141//1141 1012//1012
f 1142//1142 1013//1013 1014//1014
f 1142//1142 1141//1141 1013//1013
f 1144//1144 1143//1143 1016//1016
f 1143//1143 1014//1014 1016//1016
f 1143//1143 1142//1142 1014//1014
f 1146//1146 1145//1145 1144//1144
f 1144//1144 1145//1145 1143//1143
f 1146//1146 1147//1147 1145//1145
f 1149//1149 1148//1148 1018//1018
f 1018//1018 1148//1148 1017//1017
f 1150//1150 1018//1018 1019//1019
f 1150//1150 1149//1149 1018//1018
f 1151//1151 1019//1019 1020//1020
f 1151//1151 1150//1150 1019//1019
f 1021//1021 1133//1133 1134//1134
f 1151//1151 1021//1021 1134//1134
f 1020//1020 1021//1021 1151//1151
f 1133//1133 1021//1021 1022//1022
f 1133//1133 1022//1022 1137//1137
f 1137//1137 1022//1022 1023//1023
f 1137//1137 1023//1023 1139//1139
f 1139//1139 1023//1023 1010//1010
f 1153//1153 1152//1152 1024//1024
f 1153//1153 1024//1024 1025//1025
f 1024//1024 1154//1154 1026//1026
f 1152//1152 1154//1154 1024//1024
f 1156//1156 1155//1155 1027//1027
f 1026//1026 1156//1156 1027//1027
f 1154//1154 1156//1156 1026//1026
f 1157//1157 1155//1155 1156//1156
f 1028//1028 1144//1144 1016//1016
f 1144//1144 1028//1028 1029//1029
f 1144//1144 1029//1029 1146//1146
f 1158//1158 1147//1147 1146//1146
f 1029//1029 1158//1158 1146//1146
f 1030//1030 1158//1158 1029//1029
f 1159//1159 1030//1030 1031//1031
f 1159//1159 1158//1158 1030//1030
f 1160//1160 1031//1031 1032//1032
f 1160//1160 1159//1159 1031//1031
f 1161//1161 1032//1032 1033//1033
f 1161//1161 1160//1160 1032//1032
f 1162//1162 1033//1033 1034//1034
f 1162//1162 1161//1161 1033//1033
f 1034//1034 1017//1017 1148//1148
f 1034//1034 1148//1148 1162//1162
f 1164//1164 1163//1163 1035//1035
f 1164//1164 1035//1035 1036//1036
f 1025//1025 1035//1035 1153//1153
f 1153//1153 1035//1035 1163//1163
f 1155//1155 1037//1037 1027//1027
f 1166//1166 1165//1165 1039//1039
f 1166//1166 1039//1039 1037//1037
f 1157//1157 1166//1166 1037//1037
f 1155//1155 1157//1157 1037//1037
f 1167//1167 1165//1165 1166//1166
f 1042//1042 1168//1168 1041//1041
f 1041//1041 1168//1168 1169//1169
f 1170//1170 1041//1041 1169//1169
f 1043//1043 1041//1041 1170//1170
f 1043//1043 1171//1171 1044//1044
f 1170//1170 1171//1171 1043//1043
f 1036//1036 1044//1044 1164//1164
f 1164//1164 1044//1044 1171//1171
f 1165//1165 1045//1045 1039//1039
f 1046//1046 1045//1045 1165//1165
f 1167//1167 1046//1046 1165//1165
f 1172//1172 1046//1046 1167//1167
f 1048//1048 1173//1173 1047//1047
f 1173//1173 1174//1174 1047//1047
f 1047//1047 1174//1174 1042//1042
f 1174//1174 1175//1175 1042//1042
f 1175//1175 1168//1168 1042//1042
f 1168//1168 1175//1175 1169//1169
f 1172//1172 1049//1049 1046//1046
f 1176//1176 1049//1049 1172//1172
f 1178//1178 1177//1177 1173//1173
f 1048//1048 1178//1178 1173//1173
f 1050//1050 1178//1178 1048//1048
f 1173//1173 1177//1177 1174//1174
f 1180//1180 1179//1179 1052//1052
f 1052//1052 1179//1179 1051//1051
f 1052//1052 1049//1049 1176//1176
f 1052//1052 1176//1176 1180//1180
f 1053//1053 1178//1178 1050//1050
f 1053//1053 1181//1181 1178//1178
f 1183//1183 1182//1182 1055//1055
f 1055//1055 1182//1182 1054//1054
f 1055//1055 1051//1051 1179//1179
f 1055//1055 1179//1179 1183//1183
f 1056//1056 1181//1181 1053//1053
f 1056//1056 1184//1184 1181//1181
f 1187//1187 1186//1186 1185//1185
f 1057//1057 1058//1058 1185//1185
f 1058//1058 1187//1187 1185//1185
f 1058//1058 1188//1188 1187//1187
f 1189//1189 1058//1058 1059//1059
f 1189//1189 1188//1188 1058//1058
f 1059//1059 1054//1054 1182//1182
f 1059//1059 1182//1182 1189//1189
f 1190//1190 1184//1184 1056//1056
f 1190//1190 1056//1056 1060//1060
f 1192//1192 1191//1191 1062//1062
f 1191//1191 1060//1060 1062//1062
f 1191//1191 1190//1190 1060//1060
f 1194//1194 1193//1193 1192//1192
f 1192//1192 1193//1193 1191//1191
f 1063//1063 1064//1064 1194//1194
f 1064//1064 1193//1193 1194//1194
f 1064//1064 1195//1195 1193//1193
f 1065//1065 1185//1185 1186//1186
f 1195//1195 1065//1065 1186//1186
f 1064//1064 1065//1065 1195//1195
f 1185//1185 1065//1065 1057//1057
f 1066//1066 1192//1192 1062//1062
f 1192//1192 1066//1066 1067//1067
f 1192//1192 1067//1067 1194//1194
f 1194//1194 1067//1067 1063//1063
f 1069//1069 1196//1196 1070//1070
f 1197//1197 1071//1071 1070//1070
f 1197//1197 1070//1070 1196//1196
f 1198//1198 1072//1072 1071//1071
f 1198//1198 1071//1071 1197//1197
f 1199//1199 1073//1073 1072//1072
f 1199//1199 1072//1072 1198//1198
f 1199//1199 1075//1075 1073//1073
f 1077//1077 1200//1200 1078//1078
f 1078//1078 1200//1200 1201//1201
f 1202//1202 1078//1078 1201//1201
f 1079//1079 1078//1078 1202//1202
f 1069//1069 1079//1079 1196//1196
f 1079//1079 1203//1203 1196//1196
f 1079//1079 1202//1202 1203//1203
f 1196//1196 1203//1203 1197//1197
f 1197//1197 1203//1203 1204//1204
f 1197//1197 1204//1204 1198//1198
f 1198//1198 1204//1204 1205//1205
f 1198//1198 1205//1205 1199//1199
f 1199//1199 1205//1205 1206//1206
f 1199//1199 1206//1206 1075//1075
f 1206//1206 1080//1080 1075//1075
f 1206//1206 1207//1207 1080//1080
f 1080//1080 1208//1208 1081//1081
f 1207//1207 1208//1208 1080//1080
f 1081//1081 1209//1209 1082//1082
f 1208//1208 1209//1209 1081//1081
f 1209//1209 1211//1211 1210//1210
f 1083//1083 1209//1209 1210//1210
f 1082//1082 1209//1209 1083//1083
f 1210//1210 1085//1085 1083//1083
f 1213//1213 1212//1212 1088//1088
f 1213//1213 1088//1088 1087//1087
f 1077//1077 1088//1088 1200//1200
f 1088//1088 1214//1214 1200//1200
f 1088//1088 1212//1212 1214//1214
f 1200//1200 1214//1214 1201//1201
f 1211//1211 1215//1215 1210//1210
f 1210//1210 1215//1215 1085//1085
f 1215//1215 1089//1089 1085//1085
f 1215//1215 1216//1216 1089//1089
f 1089//1089 1217//1217 1090//1090
f 1216//1216 1217//1217 1089//1089
f 1217//1217 1219//1219 1218//1218
f 1091//1091 1217//1217 1218//1218
f 1090//1090 1217//1217 1091//1091
f 1218//1218 1092//1092 1091//1091
f 1221//1221 1220//1220 1093//1093
f 1221//1221 1093//1093 1094//1094
f 1087//1087 1093//1093 1213//1213
f 1213//1213 1093//1093 1220//1220
f 1219//1219 1222//1222 1218//1218
f 1222//1222 1224//1224 1223//1223
f 1222//1222 1223//1223 1095//1095
f 1218//1218 1222//1222 1095//1095
f 1092//1092 1218//1218 1095//1095
f 1223//1223 1096//1096 1095//1095
f 1098//1098 1225//1225 1097//1097
f 1225//1225 1226//1226 1097//1097
f 1226//1226 1094//1094 1097//1097
f 1226//1226 1221//1221 1094//1094
f 1223//1223 1224//1224 1227//1227
f 1227//1227 1224//1224 1228//1228
f 1227//1227 1099//1099 1096//1096
f 1227//1227 1096//1096 1223//1223
f 1230//1230 1229//1229 1225//1225
f 1098//1098 1230//1230 1225//1225
f 1100//1100 1230//1230 1098//1098
f 1225//1225 1229//1229 1226//1226
f 1227//1227 1228//1228 1231//1231
f 1231//1231 1228//1228 1232//1232
f 1231//1231 1101//1101 1099//1099
f 1231//1231 1099//1099 1227//1227
f 1103//1103 1230//1230 1100//1100
f 1103//1103 1233//1233 1230//1230
f 1231//1231 1232//1232 1234//1234
f 1234//1234 1232//1232 1235//1235
f 1234//1234 1104//1104 1101//1101
f 1234//1234 1101//1101 1231//1231
f 1106//1106 1236//1236 1105//1105
f 1236//1236 1237//1237 1105//1105
f 1237//1237 1103//1103 1105//1105
f 1237//1237 1233//1233 1103//1103
f 1234//1234 1235//1235 1238//1238
f 1238//1238 1235//1235 1239//1239
f 1238//1238 1107//1107 1104//1104
f 1238//1238 1104//1104 1234//1234
f 1241//1241 1240//1240 1236//1236
f 1106//1106 1241//1241 1236//1236
f 1108//1108 1241//1241 1106//1106
f 1236//1236 1240//1240 1237//1237
f 1238//1238 1239//1239 1242//1242
f 1242//1242 1239//1239 1243//1243
f 1242//1242 1109//1109 1107//1107
f 1242//1242 1107//1107 1238//1238
f 1110//1110 1241//1241 1108//1108
f 1110//1110 1244//1244 1241//1241
f 1242//1242 1243//1243 1245//1245
f 1245//1245 1243//1243 1246//1246
f 1245//1245 1111//1111 1109//1109
f 1245//1245 1109//1109 1242//1242
f 1112//1112 1244//1244 1110//1110
f 1112//1112 1247//1247 1244//1244
f 1245//1245 1246//1246 1248//1248
f 1248//1248 1246//1246 1249//1249
f 1248//1248 1113//1113 1111//1111
f 1248//1248 1111//1111 1245//1245
f 1114//1114 1251//1251 1250//1250
f 1247//1247 1114//1114 1250//1250
f 1112//1112 1114//1114 1247//1247
f 1251//1251 1252//1252 1250//1250
f 1249//1249 1253//1253 1248//1248
f 1113//1113 1248//1248 1253//1253
f 1254//1254 1113//1113 1253//1253
f 1115//1115 1113//1113 1254//1254
f 1116//1116 1255//1255 1251//1251
f 1116//1116 1251//1251 1114//1114
f 1252//1252 1251//1251 1256//1256
f 1256//1256 1251//1251 1255//1255
f 1254//1254 1118//1118 1115//1115
f 1257//1257 1118//1118 1254//1254
f 1119//1119 1255//1255 1116//1116
f 1119//1119 1121//1121 1255//1255
f 1121//1121 1256//1256 1255//1255
f 1121//1121 1258//1258 1256//1256
f 1122//1122 1118//1118 1259//1259
f 1118//1118 1260//1260 1259//1259
f 1118//1118 1257//1257 1260//1260
f 1259//1259 1123//1123 1122//1122
f 1125//1125 1258//1258 1121//1121
f 1125//1125 1261//1261 1258//1258
f 1259//1259 1260//1260 1262//1262
f 1262//1262 1260//1260 1263//1263
f 1262//1262 1126//1126 1123//1123
f 1262//1262 1123//1123 1259//1259
f 1127//1127 1265//1265 1264//1264
f 1261//1261 1127//1127 1264//1264
f 1125//1125 1127//1127 1261//1261
f 1265//1265 1266//1266 1264//1264
f 1269//1269 1268//1268 1267//1267
f 1271//1271 1270//1270 1267//1267
f 1267//1267 1270//1270 1269//1269
f 1270//1270 1271//1271 1263//1263
f 1263//1263 1271//1271 1262//1262
f 1271//1271 1128//1128 1262//1262
f 1128//1128 1129//1129 1262//1262
f 1262//1262 1129//1129 1126//1126
f 1130//1130 1265//1265 1127//1127
f 1273//1273 1272//1272 1132//1132
f 1132//1132 1272//1272 1130//1130
f 1272//1272 1266//1266 1130//1130
f 1266//1266 1265//1265 1130//1130
f 1273//1273 1274//1274 1272//1272
f 1277//1277 1276//1276 1275//1275
f 1134//1134 1135//1135 1275//1275
f 1135//1135 1277//1277 1275//1275
f 1135//1135 1278//1278 1277//1277
f 1279//1279 1135//1135 1136//1136
f 1279//1279 1278//1278 1135//1135
f 1138//1138 1267//1267 1268//1268
f 1279//1279 1138//1138 1268//1268
f 1136//1136 1138//1138 1279//1279
f 1267//1267 1138//1138 1140//1140
f 1267//1267 1140//1140 1271//1271
f 1271//1271 1140//1140 1128//1128
f 1141//1141 1273//1273 1132//1132
f 1280//1280 1274//1274 1273//1273
f 1141//1141 1280//1280 1273//1273
f 1142//1142 1280//1280 1141//1141
f 1281//1281 1142//1142 1143//1143
f 1281//1281 1280//1280 1142//1142
f 1282//1282 1143//1143 1145//1145
f 1282//1282 1281//1281 1143//1143
f 1284//1284 1283//1283 1147//1147
f 1283//1283 1145//1145 1147//1147
f 1283//1283 1282//1282 1145//1145
f 1286//1286 1285//1285 1284//1284
f 1284//1284 1285//1285 1283//1283
f 1286//1286 1287//1287 1285//1285
f 1290//1290 1289//1289 1288//1288
f 1148//1148 1149//1149 1288//1288
f 1149//1149 1290//1290 1288//1288
f 1149//1149 1291//1291 1290//1290
f 1292//1292 1149//1149 1150//1150
f 1292//1292 1291//1291 1149//1149
f 1151//1151 1275//1275 1276//1276
f 1292//1292 1151//1151 1276//1276
f 1150//1150 1151//1151 1292//1292
f 1275//1275 1151//1151 1134//1134
f 1294//1294 1293//1293 1152//1152
f 1294//1294 1152//1152 1153//1153
f 1152//1152 1295//1295 1154//1154
f 1293//1293 1295//1295 1152//1152
f 1154//1154 1296//1296 1156//1156
f 1295//1295 1296//1296 1154//1154
f 1157//1157 1156//1156 1296//1296
f 1157//1157 1296//1296 1297//1297
f 1158//1158 1284//1284 1147//1147
f 1284//1284 1158//1158 1159//1159
f 1284//1284 1159//1159 1286//1286
f 1298//1298 1287//1287 1286//1286
f 1159//1159 1298//1298 1286//1286
f 1160//1160 1298//1298 1159//1159
f 1299//1299 1160//1160 1161//1161
f 1299//1299 1298//1298 1160//1160
f 1162//1162 1288//1288 1289//1289
f 1299//1299 1162//1162 1289//1289
f 1161//1161 1162//1162 1299//1299
f 1288//1288 1162//1162 1148//1148
f 1301//1301 1300//1300 1163//1163
f 1301//1301 1163//1163 1164//1164
f 1153//1153 1163//1163 1294//1294
f 1294//1294 1163//1163 1300//1300
f 1297//1297 1302//1302 1157//1157
f 1157//1157 1302//1302 1166//1166
f 1167//1167 1166//1166 1302//1302
f 1167//1167 1302//1302 1303//1303
f 1169//1169 1304//1304 1170//1170
f 1170//1170 1304//1304 1305//1305
f 1306//1306 1170//1170 1305//1305
f 1171//1171 1170//1170 1306//1306
f 1164//1164 1171//1171 1301//1301
f 1301//1301 1171//1171 1306//1306
f 1303//1303 1172//1172 1167//1167
f 1307//1307 1172//1172 1303//1303
f 1174//1174 1308//1308 1175//1175
f 1308//1308 1309//1309 1175//1175
f 1175//1175 1309//1309 1169//1169
f 1309//1309 1310//1310 1169//1169
f 1310//1310 1304//1304 1169//1169
f 1304//1304 1310//1310 1305//1305
f 1307//1307 1176//1176 1172//1172
f 1311//1311 1176//1176 1307//1307
f 1178//1178 1312//1312 1177//1177
f 1312//1312 1313//1313 1177//1177
f 1177//1177 1313//1313 1174//1174
f 1313//1313 1314//1314 1174//1174
f 1314//1314 1308//1308 1174//1174
f 1308//1308 1314//1314 1309//1309
f 1316//1316 1315//1315 1180//1180
f 1180//1180 1315//1315 1179//1179
f 1180//1180 1176//1176 1311//1311
f 1180//1180 1311//1311 1316//1316
f 1181//1181 1317//1317 1312//1312
f 1181//1181 1312//1312 1178//1178
f 1313//1313 1312//1312 1318//1318
f 1318//1318 1312//1312 1317//1317
f 1320//1320 1319//1319 1183//1183
f 1183//1183 1319//1319 1182//1182
f 1183//1183 1179//1179 1315//1315
f 1183//1183 1315//1315 1320//1320
f 1184//1184 1321//1321 1317//1317
f 1184//1184 1317//1317 1181//1181
f 1318//1318 1317//1317 1322//1322
f 1317//1317 1323//1323 1322//1322
f 1317//1317 1321//1321 1323//1323
f 1325//1325 1324//1324 1323//1323
f 1323//1323 1324//1324 1322//1322
f 1327//1327 1326//1326 1325//1325
f 1325//1325 1326//1326 1324//1324
f 1186//1186 1187//1187 1327//1327
f 1187//1187 1326//1326 1327//1327
f 1187//1187 1328//1328 1326//1326
f 1329//1329 1187//1187 1188//1188
f 1329//1329 1328//1328 1187//1187
f 1330//1330 1188//1188 1189//1189
f 1330//1330 1329//1329 1188//1188
f 1189//1189 1182//1182 1319//1319
f 1189//1189 1319//1319 1330//1330
f 1190//1190 1321//1321 1184//1184
f 1321//1321 1190//1190 1191//1191
f 1321//1321 1191//1191 1323//1323
f 1323//1323 1191//1191 1193//1193
f 1323//1323 1193//1193 1325//1325
f 1325//1325 1193//1193 1195//1195
f 1325//1325 1195//1195 1327//1327
f 1327//1327 1195//1195 1186//1186
f 1201//1201 1331//1331 1202//1202
f 1202//1202 1331//1331 1332//1332
f 1333//1333 1202//1202 1332//1332
f 1203//1203 1202//1202 1333//1333
f 1203//1203 1334//1334 1204//1204
f 1333//1333 1334//1334 1203//1203
f 1204//1204 1335//1335 1205//1205
f 1334//1334 1335//1335 1204//1204
f 1205//1205 1336//1336 1206//1206
f 1335//1335 1336//1336 1205//1205
f 1206//1206 1337//1337 1207//1207
f 1336//1336 1337//1337 1206//1206
f 1207//1207 1338//1338 1208//1208
f 1337//1337 1338//1338 1207//1207
f 1338//1338 1340//1340 1339//1339
f 1209//1209 1338//1338 1339//1339
f 1208//1208 1338//1338 1209//1209
f 1339//1339 1211//1211 1209//1209
f 1213//1213 1341//1341 1212//1212
f 1212//1212 1341//1341 1342//1342
f 1343//1343 1212//1212 1342//1342
f 1214//1214 1212//1212 1343//1343
f 1201//1201 1214//1214 1331//1331
f 1214//1214 1344//1344 1331//1331
f 1214//1214 1343//1343 1344//1344
f 1331//1331 1344//1344 1332//1332
f 1340//1340 1345//1345 1339//1339
f 1339//1339 1345//1345 1211//1211
f 1345//1345 1215//1215 1211//1211
f 1345//1345 1346//1346 1215//1215
f 1346//1346 1348//1348 1347//1347
f 1216//1216 1346//1346 1347//1347
f 1215//1215 1346//1346 1216//1216
f 1349//1349 1217//1217 1216//1216
f 1349//1349 1216//1216 1347//1347
f 1349//1349 1219//1219 1217//1217
f 1221//1221 1350//1350 1220//1220
f 1350//1350 1351//1351 1220//1220
f 1220//1220 1351//1351 1213//1213
f 1351//1351 1352//1352 1213//1213
f 1352//1352 1341//1341 1213//1213
f 1341//1341 1352//1352 1342//1342
f 1348//1348 1353//1353 1347//1347
f 1355//1355 1354//1354 1353//1353
f 1354//1354 1347//1347 1353//1353
f 1354//1354 1349//1349 1347//1347
f 1356//1356 1222//1222 1219//1219
f 1349//1349 1356//1356 1219//1219
f 1354//1354 1356//1356 1349//1349
f 1356//1356 1224//1224 1222//1222
f 1358//1358 1357//1357 1350//1350
f 1221//1221 1358//1358 1350//1350
f 1226//1226 1358//1358 1221//1221
f 1350//1350 1357//1357 1351//1351
f 1355//1355 1359//1359 1354//1354
f 1361//1361 1360//1360 1359//1359
f 1360//1360 1354//1354 1359//1359
f 1360//1360 1356//1356 1354//1354
f 1360//1360 1228//1228 1224//1224
f 1360//1360 1224//1224 1356//1356
f 1230//1230 1362//1362 1229//1229
f 1362//1362 1363//1363 1229//1229
f 1363//1363 1226//1226 1229//1229
f 1363//1363 1358//1358 1226//1226
f 1361//1361 1364//1364 1360//1360
f 1228//1228 1360//1360 1364//1364
f 1365//1365 1228//1228 1364//1364
f 1232//1232 1228//1228 1365//1365
f 1367//1367 1366//1366 1362//1362
f 1230//1230 1367//1367 1362//1362
f 1233//1233 1367//1367 1230//1230
f 1362//1362 1366//1366 1363//1363
f 1365//1365 1235//1235 1232//1232
f 1368//1368 1235//1235 1365//1365
f 1237//1237 1367//1367 1233//1233
f 1237//1237 1369//1369 1367//1367
f 1368//1368 1239//1239 1235//1235
f 1370//1370 1239//1239 1368//1368
f 1241//1241 1371//1371 1240//1240
f 1371//1371 1372//1372 1240//1240
f 1372//1372 1237//1237 1240//1240
f 1372//1372 1369//1369 1237//1237
f 1370//1370 1243//1243 1239//1239
f 1373//1373 1243//1243 1370//1370
f 1244//1244 1374//1374 1371//1371
f 1244//1244 1371//1371 1241//1241
f 1372//1372 1371//1371 1375//1375
f 1375//1375 1371//1371 1374//1374
f 1373//1373 1246//1246 1243//1243
f 1376//1376 1246//1246 1373//1373
f 1247//1247 1377//1377 1374//1374
f 1247//1247 1374//1374 1244//1244
f 1375//1375 1374//1374 1378//1378
f 1378//1378 1374//1374 1377//1377
f 1376//1376 1249//1249 1246//1246
f 1379//1379 1249//1249 1376//1376
f 1250//1250 1377//1377 1247//1247
f 1250//1250 1252//1252 1377//1377
f 1252//1252 1378//1378 1377//1377
f 1252//1252 1380//1380 1378//1378
f 1253//1253 1249//1249 1381//1381
f 1249//1249 1382//1382 1381//1381
f 1249//1249 1379//1379 1382//1382
f 1381//1381 1254//1254 1253//1253
f 1256//1256 1380//1380 1252//1252
f 1256//1256 1383//1383 1380//1380
f 1381//1381 1382//1382 1384//1384
f 1384//1384 1382//1382 1385//1385
f 1384//1384 1257//1257 1254//1254
f 1384//1384 1254//1254 1381//1381
f 1258//1258 1387//1387 1386//1386
f 1383//1383 1258//1258 1386//1386
f 1256//1256 1258//1258 1383//1383
f 1387//1387 1388//1388 1386//1386
f 1391//1391 1390//1390 1389//1389
f 1391//1391 1389//1389 1385//1385
f 1389//1389 1384//1384 1385//1385
f 1389//1389 1392//1392 1384//1384
f 1392//1392 1260//1260 1257//1257
f 1392//1392 1257//1257 1384//1384
f 1261//1261 1393//1393 1387//1387
f 1261//1261 1387//1387 1258//1258
f 1388//1388 1387//1387 1394//1394
f 1394//1394 1387//1387 1393//1393
f 1389//1389 1390//1390 1395//1395
f 1395//1395 1390//1390 1396//1396
f 1389//1389 1397//1397 1392//1392
f 1389//1389 1395//1395 1397//1397
f 1397//1397 1263//1263 1260//1260
f 1397//1397 1260//1260 1392//1392
f 1264//1264 1393//1393 1261//1261
f 1399//1399 1398//1398 1266//1266
f 1266//1266 1398//1398 1264//1264
f 1398//1398 1394//1394 1264//1264
f 1394//1394 1393//1393 1264//1264
f 1399//1399 1400//1400 1398//1398
f 1403//1403 1402//1402 1401//1401
f 1405//1405 1404//1404 1401//1401
f 1401//1401 1404//1404 1403//1403
f 1404//1404 1405//1405 1396//1396
f 1396//1396 1405//1405 1395//1395
f 1405//1405 1268//1268 1395//1395
f 1268//1268 1269//1269 1395//1395
f 1395//1395 1269//1269 1270//1270
f 1395//1395 1270//1270 1397//1397
f 1397//1397 1270//1270 1263//1263
f 1272//1272 1399//1399 1266//1266
f 1407//1407 1406//1406 1274//1274
f 1274//1274 1406//1406 1272//1272
f 1406//1406 1400//1400 1272//1272
f 1400//1400 1399//1399 1272//1272
f 1409//1409 1408//1408 1407//1407
f 1407//1407 1408//1408 1406//1406
f 1409//1409 1410//1410 1408//1408
f 1413//1413 1412//1412 1411//1411
f 1276//1276 1277//1277 1411//1411
f 1277//1277 1413//1413 1411//1411
f 1277//1277 1414//1414 1413//1413
f 1278//1278 1401//1401 1402//1402
f 1414//1414 1278//1278 1402//1402
f 1277//1277 1278//1278 1414//1414
f 1401//1401 1278//1278 1279//1279
f 1401//1401 1279//1279 1405//1405
f 1405//1405 1279//1279 1268//1268
f 1280//1280 1407//1407 1274//1274
f 1407//1407 1280//1280 1281//1281
f 1407//1407 1281//1281 1409//1409
f 1415//1415 1410//1410 1409//1409
f 1281//1281 1415//1415 1409//1409
f 1282//1282 1415//1415 1281//1281
f 1416//1416 1282//1282 1283//1283
f 1416//1416 1415//1415 1282//1282
f 1417//1417 1283//1283 1285//1285
f 1417//1417 1416//1416 1283//1283
f 1419//1419 1418//1418 1287//1287
f 1418//1418 1285//1285 1287//1287
f 1418//1418 1417//1417 1285//1285
f 1421//1421 1420//1420 1419//1419
f 1419//1419 1420//1420 1418//1418
f 1289//1289 1290//1290 1421//1421
f 1290//1290 1420//1420 1421//1421
f 1290//1290 1422//1422 1420//1420
f 1423//1423 1290//1290 1291//1291
f 1423//1423 1422//1422 1290//1290
f 1292//1292 1411//1411 1412//1412
f 1423//1423 1292//1292 1412//1412
f 1291//1291 1292//1292 1423//1423
f 1411//1411 1292//1292 1276//1276
f 1294//1294 1424//1424 1293//1293
f 1425//1425 1295//1295 1293//1293
f 1425//1425 1293//1293 1424//1424
f 1426//1426 1296//1296 1295//1295
f 1426//1426 1295//1295 1425//1425
f 1426//1426 1297//1297 1296//1296
f 1298//1298 1419//1419 1287//1287
f 1419//1419 1298//1298 1299//1299
f 1419//1419 1299//1299 1421//1421
f 1421//1421 1299//1299 1289//1289
f 1428//1428 1427//1427 1300//1300
f 1428//1428 1300//1300 1301//1301
f 1294//1294 1300//1300 1424//1424
f 1300//1300 1429//1429 1424//1424
f 1300//1300 1427//1427 1429//1429
f 1424//1424 1429//1429 1425//1425
f 1425//1425 1429//1429 1430//1430
f 1425//1425 1430//1430 1426//1426
f 1426//1426 1430//1430 1431//1431
f 1431//1431 1433//1433 1432//1432
f 1431//1431 1432//1432 1302//1302
f 1426//1426 1431//1431 1302//1302
f 1297//1297 1426//1426 1302//1302
f 1432//1432 1303//1303 1302//1302
f 1305//1305 1434//1434 1306//1306
f 1434//1434 1435//1435 1306//1306
f 1435//1435 1301//1301 1306//1306
f 1435//1435 1428//1428 1301//1301
f 1433//1433 1436//1436 1432//1432
f 1303//1303 1432//1432 1436//1436
f 1437//1437 1303//1303 1436//1436
f 1307//1307 1303//1303 1437//1437
f 1309//1309 1438//1438 1310//1310
f 1434//1434 1305//1305 1310//1310
f 1438//1438 1434//1434 1310//1310
f 1439//1439 1434//1434 1438//1438
f 1435//1435 1434//1434 1440//1440
f 1440//1440 1434//1434 1439//1439
f 1437//1437 1311//1311 1307//1307
f 1441//1441 1311//1311 1437//1437
f 1313//1313 1442//1442 1314//1314
f 1438//1438 1309//1309 1314//1314
f 1442//1442 1438//1438 1314//1314
f 1443//1443 1438//1438 1442//1442
f 1438//1438 1444//1444 1439//1439
f 1438//1438 1443//1443 1444//1444
f 1440//1440 1439//1439 1445//1445
f 1445//1445 1439//1439 1444//1444
f 1447//1447 1446//1446 1316//1316
f 1316//1316 1446//1446 1315//1315
f 1316//1316 1311//1311 1441//1441
f 1316//1316 1441//1441 1447//1447
f 1318//1318 1448//1448 1442//1442
f 1318//1318 1442//1442 1313//1313
f 1442//1442 1449//1449 1443//1443
f 1442//1442 1448//1448 1449//1449
f 1443//1443 1450//1450 1444//1444
f 1443//1443 1449//1449 1450//1450
f 1445//1445 1444//1444 1451//1451
f 1444//1444 1452//1452 1451//1451
f 1444//1444 1450//1450 1452//1452
f 1454//1454 1453//1453 1452//1452
f 1452//1452 1453//1453 1451//1451
f 1456//1456 1455//1455 1454//1454
f 1454//1454 1455//1455 1453//1453
f 1319//1319 1320//1320 1456//1456
f 1320//1320 1455//1455 1456//1456
f 1320//1320 1457//1457 1455//1455
f 1320//1320 1315//1315 1446//1446
f 1320//1320 1446//1446 1457//1457
f 1322//1322 1448//1448 1318//1318
f 1448//1448 1322//1322 1324//1324
f 1448//1448 1324//1324 1449//1449
f 1449//1449 1324//1324 1326//1326
f 1449//1449 1326//1326 1450//1450
f 1450//1450 1326//1326 1328//1328
f 1450//1450 1328//1328 1452//1452
f 1452//1452 1328//1328 1329//1329
f 1452//1452 1329//1329 1454//1454
f 1454//1454 1329//1329 1330//1330
f 1454//1454 1330//1330 1456//1456
f 1456//1456 1330//1330 1319//1319
f 1332//1332 1458//1458 1333//1333
f 1459//1459 1334//1334 1333//1333
f 1459//1459 1333//1333 1458//1458
f 1334//1334 1459//1459 1460//1460
f 1461//1461 1334//1334 1460//1460
f 1335//1335 1334//1334 1461//1461
f 1461//1461 1463//1463 1462//1462
f 1336//1336 1461//1461 1462//1462
f 1335//1335 1461//1461 1336//1336
f 1464//1464 1337//1337 1336//1336
f 1464//1464 1336//1336 1462//1462
f 1465//1465 1338//1338 1337//1337
f 1465//1465 1337//1337 1464//1464
f 1465//1465 1340//1340 1338//1338
f 1342//1342 1466//1466 1343//1343
f 1343//1343 1466//1466 1467//1467
f 1468//1468 1343//1343 1467//1467
f 1344//1344 1343//1343 1468//1468
f 1332//1332 1344//1344 1458//1458
f 1344//1344 1469//1469 1458//1458
f 1344//1344 1468//1468 1469//1469
f 1458//1458 1469//1469 1459//1459
f 1459//1459 1469//1469 1470//1470
f 1459//1459 1470//1470 1460//1460
f 1463//1463 1471//1471 1462//1462
f 1462//1462 1471//1471 1464//1464
f 1464//1464 1471//1471 1472//1472
f 1464//1464 1472//1472 1465//1465
f 1465//1465 1472//1472 1473//1473
f 1465//1465 1473//1473 1340//1340
f 1473//1473 1345//1345 1340//1340
f 1473//1473 1474//1474 1345//1345
f 1474//1474 1476//1476 1475//1475
f 1346//1346 1474//1474 1475//1475
f 1345//1345 1474//1474 1346//1346
f 1475//1475 1348//1348 1346//1346
f 1351//1351 1477//1477 1352//1352
f 1477//1477 1478//1478 1352//1352
f 1352//1352 1478//1478 1342//1342
f 1478//1478 1479//1479 1342//1342
f 1479//1479 1466//1466 1342//1342
f 1466//1466 1479//1479 1467//1467
f 1476//1476 1480//1480 1475//1475
f 1480//1480 1482//1482 1481//1481
f 1480//1480 1481//1481 1353//1353
f 1475//1475 1480//1480 1353//1353
f 1348//1348 1475//1475 1353//1353
f 1481//1481 1355//1355 1353//1353
f 1358//1358 1483//1483 1357//1357
f 1483//1483 1484//1484 1357//1357
f 1357//1357 1484//1484 1351//1351
f 1484//1484 1485//1485 1351//1351
f 1485//1485 1477//1477 1351//1351
f 1477//1477 1485//1485 1478//1478
f 1482//1482 1486//1486 1481//1481
f 1486//1486 1488//1488 1487//1487
f 1486//1486 1487//1487 1359//1359
f 1481//1481 1486//1486 1359//1359
f 1355//1355 1481//1481 1359//1359
f 1487//1487 1361//1361 1359//1359
f 1490//1490 1489//1489 1483//1483
f 1358//1358 1490//1490 1483//1483
f 1363//1363 1490//1490 1358//1358
f 1483//1483 1489//1489 1484//1484
f 1488//1488 1491//1491 1487//1487
f 1491//1491 1493//1493 1492//1492
f 1491//1491 1492//1492 1364//1364
f 1487//1487 1491//1491 1364//1364
f 1361//1361 1487//1487 1364//1364
f 1492//1492 1365//1365 1364//1364
f 1367//1367 1494//1494 1366//1366
f 1494//1494 1495//1495 1366//1366
f 1495//1495 1363//1363 1366//1366
f 1495//1495 1490//1490 1363//1363
f 1492//1492 1493//1493 1496//1496
f 1496//1496 1493//1493 1497//1497
f 1496//1496 1368//1368 1365//1365
f 1496//1496 1365//1365 1492//1492
f 1499//1499 1498//1498 1494//1494
f 1367//1367 1499//1499 1494//1494
f 1369//1369 1499//1499 1367//1367
f 1494//1494 1498//1498 1495//1495
f 1496//1496 1497//1497 1500//1500
f 1500//1500 1497//1497 1501//1501
f 1500//1500 1370//1370 1368//1368
f 1500//1500 1368//1368 1496//1496
f 1372//1372 1499//1499 1369//1369
f 1372//1372 1502//1502 1499//1499
f 1500//1500 1501//1501 1503//1503
f 1503//1503 1501//1501 1504//1504
f 1503//1503 1373//1373 1370//1370
f 1503//1503 1370//1370 1500//1500
f 1375//1375 1502//1502 1372//1372
f 1375//1375 1505//1505 1502//1502
f 1503//1503 1504//1504 1506//1506
f 1506//1506 1504//1504 1507//1507
f 1506//1506 1376//1376 1373//1373
f 1506//1506 1373//1373 1503//1503
f 1378//1378 1505//1505 1375//1375
f 1378//1378 1508//1508 1505//1505
f 1506//1506 1507//1507 1509//1509
f 1509//1509 1507//1507 1510//1510
f 1509//1509 1379//1379 1376//1376
f 1509//1509 1376//1376 1506//1506
f 1380//1380 1512//1512 1511//1511
f 1508//1508 1380//1380 1511//1511
f 1378//1378 1380//1380 1508//1508
f 1512//1512 1513//1513 1511//1511
f 1509//1509 1510//1510 1514//1514
f 1514//1514 1510//1510 1515//1515
f 1514//1514 1382//1382 1379//1379
f 1514//1514 1379//1379 1509//1509
f 1383//1383 1516//1516 1512//1512
f 1383//1383 1512//1512 1380//1380
f 1513//1513 1512//1512 1517//1517
f 1517//1517 1512//1512 1516//1516
f 1514//1514 1515//1515 1518//1518
f 1518//1518 1515//1515 1519//1519
f 1518//1518 1385//1385 1382//1382
f 1518//1518 1382//1382 1514//1514
f 1386//1386 1516//1516 1383//1383
f 1386//1386 1388//1388 1516//1516
f 1388//1388 1517//1517 1516//1516
f 1388//1388 1520//1520 1517//1517
f 1523//1523 1522//1522 1521//1521
f 1523//1523 1521//1521 1519//1519
f 1519//1519 1521//1521 1518//1518
f 1521//1521 1390//1390 1518//1518
f 1390//1390 1391//1391 1518//1518
f 1518//1518 1391//1391 1385//1385
f 1394//1394 1525//1525 1524//1524
f 1520//1520 1394//1394 1524//1524
f 1388//1388 1394//1394 1520//1520
f 1525//1525 1526//1526 1524//1524
f 1529//1529 1528//1528 1527//1527
f 1529//1529 1527//1527 1522//1522
f 1527//1527 1521//1521 1522//1522
f 1527//1527 1530//1530 1521//1521
f 1530//1530 1396//1396 1390//1390
f 1530//1530 1390//1390 1521//1521
f 1398//1398 1525//1525 1394//1394
f 1532//1532 1531//1531 1400//1400
f 1400//1400 1531//1531 1398//1398
f 1531//1531 1526//1526 1398//1398
f 1526//1526 1525//1525 1398//1398
f 1534//1534 1533//1533 1532//1532
f 1532//1532 1533//1533 1531//1531
f 1534//1534 1535//1535 1533//1533
f 1538//1538 1537//1537 1536//1536
f 1538//1538 1536//1536 1528//1528
f 1528//1528 1536//1536 1527//1527
f 1536//1536 1402//1402 1527//1527
f 1402//1402 1403//1403 1527//1527
f 1527//1527 1403//1403 1404//1404
f 1527//1527 1404//1404 1530//1530
f 1530//1530 1404//1404 1396//1396
f 1406//1406 1532//1532 1400//1400
f 1532//1532 1406//1406 1408//1408
f 1532//1532 1408//1408 1534//1534
f 1540//1540 1539//1539 1410//1410
f 1410//1410 1539//1539 1408//1408
f 1539//1539 1535//1535 1408//1408
f 1535//1535 1534//1534 1408//1408
f 1542//1542 1541//1541 1540//1540
f 1540//1540 1541//1541 1539//1539
f 1542//1542 1543//1543 1541//1541
f 1546//1546 1545//1545 1544//1544
f 1548//1548 1547//1547 1544//1544
f 1544//1544 1547//1547 1546//1546
f 1412//1412 1413//1413 1548//1548
f 1413//1413 1547//1547 1548//1548
f 1413//1413 1549//1549 1547//1547
f 1414//1414 1536//1536 1537//1537
f 1549//1549 1414//1414 1537//1537
f 1413//1413 1414//1414 1549//1549
f 1536//1536 1414//1414 1402//1402
f 1415//1415 1540//1540 1410//1410
f 1540//1540 1415//1415 1416//1416
f 1540//1540 1416//1416 1542//1542
f 1550//1550 1543//1543 1542//1542
f 1416//1416 1550//1550 1542//1542
f 1417//1417 1550//1550 1416//1416
f 1551//1551 1417//1417 1418//1418
f 1551//1551 1550//1550 1417//1417
f 1552//1552 1418//1418 1420//1420
f 1552//1552 1551//1551 1418//1418
f 1422//1422 1544//1544 1545//1545
f 1552//1552 1422//1422 1545//1545
f 1420//1420 1422//1422 1552//1552
f 1544//1544 1422//1422 1423//1423
f 1544//1544 1423//1423 1548//1548
f 1548//1548 1423//1423 1412//1412
f 1428//1428 1553//1553 1427//1427
f 1554//1554 1429//1429 1427//1427
f 1554//1554 1427//1427 1553//1553
f 1555//1555 1430//1430 1429//1429
f 1555//1555 1429//1429 1554//1554
f 1556//1556 1431//1431 1430//1430
f 1556//1556 1430//1430 1555//1555
f 1556//1556 1433//1433 1431//1431
f 1435//1435 1557//1557 1553//1553
f 1435//1435 1553//1553 1428//1428
f 1559//1559 1554//1554 1558//1558
f 1554//1554 1557//1557 1558//1558
f 1554//1554 1553//1553 1557//1557
f 1554//1554 1559//1559 1555//1555
f 1555//1555 1559//1559 1560//1560
f 1555//1555 1560//1560 1556//1556
f 1556//1556 1560//1560 1561//1561
f 1561//1561 1563//1563 1562//1562
f 1561//1561 1562//1562 1436//1436
f 1556//1556 1561//1561 1436//1436
f 1433//1433 1556//1556 1436//1436
f 1562//1562 1437//1437 1436//1436
f 1440//1440 1564//1564 1557//1557
f 1440//1440 1557//1557 1435//1435
f 1558//1558 1557//1557 1565//1565
f 1565//1565 1557//1557 1564//1564
f 1568//1568 1567//1567 1566//1566
f 1568//1568 1566//1566 1563//1563
f 1566//1566 1562//1562 1563//1563
f 1566//1566 1569//1569 1562//1562
f 1569//1569 1441//1441 1437//1437
f 1569//1569 1437//1437 1562//1562
f 1445//1445 1570//1570 1564//1564
f 1445//1445 1564//1564 1440//1440
f 1565//1565 1564//1564 1571//1571
f 1564//1564 1572//1572 1571//1571
f 1564//1564 1570//1570 1572//1572
f 1574//1574 1573//1573 1572//1572
f 1572//1572 1573//1573 1571//1571
f 1573//1573 1574//1574 1567//1567
f 1574//1574 1566//1566 1567//1567
f 1574//1574 1575//1575 1566//1566
f 1575//1575 1446//1446 1447//1447
f 1569//1569 1575//1575 1447//1447
f 1566//1566 1575//1575 1569//1569
f 1569//1569 1447//1447 1441//1441
f 1451//1451 1570//1570 1445//1445
f 1570//1570 1451//1451 1453//1453
f 1570//1570 1453//1453 1572//1572
f 1572//1572 1453//1453 1455//1455
f 1572//1572 1455//1455 1574//1574
f 1574//1574 1455//1455 1457//1457
f 1574//1574 1457//1457 1575//1575
f 1575//1575 1457//1457 1446//1446
f 1460//1460 1576//1576 1461//1461
f 1576//1576 1463//1463 1461//1461
f 1467//1467 1577//1577 1468//1468
f 1578//1578 1469//1469 1468//1468
f 1578//1578 1468//1468 1577//1577
f 1469//1469 1578//1578 1579//1579
f 1580//1580 1469//1469 1579//1579
f 1470//1470 1469//1469 1580//1580
f 1460//1460 1470//1470 1576//1576
f 1470//1470 1581//1581 1576//1576
f 1470//1470 1580//1580 1581//1581
f 1576//1576 1581//1581 1463//1463
f 1581//1581 1471//1471 1463//1463
f 1581//1581 1582//1582 1471//1471
f 1471//1471 1583//1583 1472//1472
f 1582//1582 1583//1583 1471//1471
f 1583//1583 1585//1585 1584//1584
f 1473//1473 1583//1583 1584//1584
f 1472//1472 1583//1583 1473//1473
f 1586//1586 1474//1474 1473//1473
f 1586//1586 1473//1473 1584//1584
f 1586//1586 1476//1476 1474//1474
f 1478//1478 1587//1587 1479//1479
f 1587//1587 1588//1588 1479//1479
f 1479//1479 1588//1588 1467//1467
f 1588//1588 1589//1589 1467//1467
f 1589//1589 1577//1577 1467//1467
f 1577//1577 1589//1589 1578//1578
f 1578//1578 1589//1589 1590//1590
f 1578//1578 1590//1590 1579//1579
f 1585//1585 1591//1591 1584//1584
f 1584//1584 1591//1591 1586//1586
f 1586//1586 1591//1591 1592//1592
f 1592//1592 1594//1594 1593//1593
f 1592//1592 1593//1593 1480//1480
f 1586//1586 1592//1592 1480//1480
f 1476//1476 1586//1586 1480//1480
f 1593//1593 1482//1482 1480//1480
f 1484//1484 1595//1595 1485//1485
f 1595//1595 1596//1596 1485//1485
f 1485//1485 1596//1596 1478//1478
f 1596//1596 1597//1597 1478//1478
f 1597//1597 1587//1587 1478//1478
f 1587//1587 1597//1597 1588//1588
f 1594//1594 1598//1598 1593//1593
f 1598//1598 1600//1600 1599//1599
f 1598//1598 1599//1599 1486//1486
f 1593//1593 1598//1598 1486//1486
f 1482//1482 1593//1593 1486//1486
f 1599//1599 1488//1488 1486//1486
f 1490//1490 1601//1601 1489//1489
f 1601//1601 1602//1602 1489//1489
f 1489//1489 1602//1602 1484//1484
f 1602//1602 1603//1603 1484//1484
f 1603//1603 1595//1595 1484//1484
f 1595//1595 1603//1603 1596//1596
f 1600//1600 1604//1604 1599//1599
f 1604//1604 1606//1606 1605//1605
f 1604//1604 1605//1605 1491//1491
f 1599//1599 1604//1604 1491//1491
f 1488//1488 1599//1599 1491//1491
f 1605//1605 1493//1493 1491//1491
f 1608//1608 1607//1607 1601//1601
f 1490//1490 1608//1608 1601//1601
f 1495//1495 1608//1608 1490//1490
f 1601//1601 1607//1607 1602//1602
f 1605//1605 1606//1606 1609//1609
f 1609//1609 1606//1606 1610//1610
f 1609//1609 1497//1497 1493//1493
f 1609//1609 1493//1493 1605//1605
f 1499//1499 1611//1611 1498//1498
f 1611//1611 1612//1612 1498//1498
f 1612//1612 1495//1495 1498//1498
f 1612//1612 1608//1608 1495//1495
f 1610//1610 1613//1613 1609//1609
f 1497//1497 1609//1609 1613//1613
f 1614//1614 1497//1497 1613//1613
f 1501//1501 1497//1497 1614//1614
f 1502//1502 1615//1615 1611//1611
f 1502//1502 1611//1611 1499//1499
f 1612//1612 1611//1611 1616//1616
f 1616//1616 1611//1611 1615//1615
f 1614//1614 1504//1504 1501//1501
f 1617//1617 1504//1504 1614//1614
f 1505//1505 1618//1618 1615//1615
f 1505//1505 1615//1615 1502//1502
f 1616//1616 1615//1615 1619//1619
f 1619//1619 1615//1615 1618//1618
f 1617//1617 1507//1507 1504//1504
f 1620//1620 1507//1507 1617//1617
f 1508//1508 1621//1621 1618//1618
f 1508//1508 1618//1618 1505//1505
f 1619//1619 1618//1618 1622//1622
f 1622//1622 1618//1618 1621//1621
f 1620//1620 1510//1510 1507//1507
f 1623//1623 1510//1510 1620//1620
f 1511//1511 1621//1621 1508//1508
f 1511//1511 1513//1513 1621//1621
f 1513//1513 1622//1622 1621//1621
f 1513//1513 1624//1624 1622//1622
f 1627//1627 1626//1626 1625//1625
f 1623//1623 1627//1627 1625//1625
f 1515//1515 1623//1623 1625//1625
f 1510//1510 1623//1623 1515//1515
f 1517//1517 1629//1629 1628//1628
f 1624//1624 1517//1517 1628//1628
f 1513//1513 1517//1517 1624//1624
f 1629//1629 1630//1630 1628//1628
f 1625//1625 1626//1626 1631//1631
f 1631//1631 1626//1626 1632//1632
f 1631//1631 1519//1519 1515//1515
f 1631//1631 1515//1515 1625//1625
f 1520//1520 1633//1633 1629//1629
f 1520//1520 1629//1629 1517//1517
f 1630//1630 1629//1629 1634//1634
f 1634//1634 1629//1629 1633//1633
f 1637//1637 1636//1636 1635//1635
f 1637//1637 1635//1635 1632//1632
f 1632//1632 1635//1635 1631//1631
f 1635//1635 1522//1522 1631//1631
f 1522//1522 1523//1523 1631//1631
f 1631//1631 1523//1523 1519//1519
f 1524//1524 1633//1633 1520//1520
f 1639//1639 1638//1638 1526//1526
f 1526//1526 1638//1638 1524//1524
f 1638//1638 1634//1634 1524//1524
f 1634//1634 1633//1633 1524//1524
f 1639//1639 1640//1640 1638//1638
f 1643//1643 1642//1642 1641//1641
f 1643//1643 1641//1641 1636//1636
f 1636//1636 1641//1641 1635//1635
f 1641//1641 1528//1528 1635//1635
f 1528//1528 1529//1529 1635//1635
f 1635//1635 1529//1529 1522//1522
f 1531//1531 1639//1639 1526//1526
f 1644//1644 1640//1640 1639//1639
f 1531//1531 1644//1644 1639//1639
f 1533//1533 1644//1644 1531//1531
f 1646//1646 1645//1645 1535//1535
f 1645//1645 1533//1533 1535//1535
f 1645//1645 1644//1644 1533//1533
f 1646//1646 1647//1647 1645//1645
f 1650//1650 1649//1649 1648//1648
f 1652//1652 1651//1651 1648//1648
f 1648//1648 1651//1651 1650//1650
f 1651//1651 1652//1652 1642//1642
f 1642//1642 1652//1652 1641//1641
f 1652//1652 1537//1537 1641//1641
f 1537//1537 1538//1538 1641//1641
f 1641//1641 1538//1538 1528//1528
f 1539//1539 1646//1646 1535//1535
f 1653//1653 1647//1647 1646//1646
f 1539//1539 1653//1653 1646//1646
f 1541//1541 1653//1653 1539//1539
f 1655//1655 1654//1654 1543//1543
f 1654//1654 1541//1541 1543//1543
f 1654//1654 1653//1653 1541//1541
f 1657//1657 1656//1656 1655//1655
f 1655//1655 1656//1656 1654//1654
f 1659//1659 1658//1658 1657//1657
f 1657//1657 1658//1658 1656//1656
f 1545//1545 1546//1546 1659//1659
f 1546//1546 1658//1658 1659//1659
f 1546//1546 1660//1660 1658//1658
f 1547//1547 1648//1648 1649//1649
f 1660//1660 1547//1547 1649//1649
f 1546//1546 1547//1547 1660//1660
f 1648//1648 1547//1547 1549//1549
f 1648//1648 1549//1549 1652//1652
f 1652//1652 1549//1549 1537//1537
f 1550//1550 1655//1655 1543//1543
f 1655//1655 1550//1550 1551//1551
f 1655//1655 1551//1551 1657//1657
f 1657//1657 1551//1551 1552//1552
f 1657//1657 1552//1552 1659//1659
f 1659//1659 1552//1552 1545//1545
f 1558//1558 1661//1661 1559//1559
f 1662//1662 1560//1560 1559//1559
f 1662//1662 1559//1559 1661//1661
f 1663//1663 1561//1561 1560//1560
f 1663//1663 1560//1560 1662//1662
f 1663//1663 1563//1563 1561//1561
f 1565//1565 1664//1664 1661//1661
f 1565//1565 1661//1661 1558//1558
f 1661//1661 1665//1665 1662//1662
f 1661//1661 1664//1664 1665//1665
f 1665//1665 1567//1567 1568//1568
f 1663//1663 1665//1665 1568//1568
f 1662//1662 1665//1665 1663//1663
f 1663//1663 1568//1568 1563//1563
f 1571//1571 1664//1664 1565//1565
f 1664//1664 1571//1571 1573//1573
f 1664//1664 1573//1573 1665//1665
f 1665//1665 1573//1573 1567//1567
f 1579//1579 1666//1666 1580//1580
f 1667//1667 1581//1581 1580//1580
f 1667//1667 1580//1580 1666//1666
f 1668//1668 1582//1582 1581//1581
f 1668//1668 1581//1581 1667//1667
f 1669//1669 1583//1583 1582//1582
f 1669//1669 1582//1582 1668//1668
f 1669//1669 1585//1585 1583//1583
f 1588//1588 1670//1670 1589//1589
f 1671//1671 1590//1590 1589//1589
f 1671//1671 1589//1589 1670//1670
f 1671//1671 1672//1672 1590//1590
f 1590//1590 1672//1672 1579//1579
f 1672//1672 1673//1673 1579//1579
f 1673//1673 1666//1666 1579//1579
f 1666//1666 1673//1673 1667//1667
f 1667//1667 1673//1673 1674//1674
f 1667//1667 1674//1674 1668//1668
f 1668//1668 1674//1674 1675//1675
f 1668//1668 1675//1675 1669//1669
f 1669//1669 1675//1675 1676//1676
f 1676//1676 1678//1678 1677//1677
f 1676//1676 1677//1677 1591//1591
f 1669//1669 1676//1676 1591//1591
f 1585//1585 1669//1669 1591//1591
f 1679//1679 1592//1592 1591//1591
f 1679//1679 1591//1591 1677//1677
f 1679//1679 1594//1594 1592//1592
f 1596//1596 1680//1680 1597//1597
f 1680//1680 1681//1681 1597//1597
f 1597//1597 1681//1681 1588//1588
f 1681//1681 1682//1682 1588//1588
f 1682//1682 1670//1670 1588//1588
f 1670//1670 1682//1682 1671//1671
f 1671//1671 1682//1682 1683//1683
f 1671//1671 1683//1683 1672//1672
f 1678//1678 1684//1684 1677//1677
f 1677//1677 1684//1684 1679//1679
f 1679//1679 1684//1684 1685//1685
f 1685//1685 1687//1687 1686//1686
f 1685//1685 1686//1686 1598//1598
f 1679//1679 1685//1685 1598//1598
f 1594//1594 1679//1679 1598//1598
f 1686//1686 1600//1600 1598//1598
f 1602//1602 1688//1688 1603//1603
f 1688//1688 1689//1689 1603//1603
f 1603//1603 1689//1689 1596//1596
f 1689//1689 1690//1690 1596//1596
f 1690//1690 1680//1680 1596//1596
f 1680//1680 1690//1690 1681//1681
f 1687//1687 1691//1691 1686//1686
f 1691//1691 1693//1693 1692//1692
f 1691//1691 1692//1692 1604//1604
f 1686//1686 1691//1691 1604//1604
f 1600//1600 1686//1686 1604//1604
f 1692//1692 1606//1606 1604//1604
f 1608//1608 1694//1694 1607//1607
f 1694//1694 1695//1695 1607//1607
f 1607//1607 1695//1695 1602//1602
f 1695//1695 1696//1696 1602//1602
f 1696//1696 1688//1688 1602//1602
f 1688//1688 1696//1696 1689//1689
f 1692//1692 1693//1693 1697//1697
f 1697//1697 1693//1693 1698//1698
f 1697//1697 1610//1610 1606//1606
f 1697//1697 1606//1606 1692//1692
f 1612//1612 1699//1699 1694//1694
f 1612//1612 1694//1694 1608//1608
f 1695//1695 1694//1694 1700//1700
f 1700//1700 1694//1694 1699//1699
f 1698//1698 1701//1701 1697//1697
f 1701//1701 1703//1703 1702//1702
f 1701//1701 1702//1702 1613//1613
f 1697//1697 1701//1701 1613//1613
f 1610//1610 1697//1697 1613//1613
f 1702//1702 1614//1614 1613//1613
f 1616//1616 1704//1704 1699//1699
f 1616//1616 1699//1699 1612//1612
f 1700//1700 1699//1699 1705//1705
f 1705//1705 1699//1699 1704//1704
f 1702//1702 1703//1703 1706//1706
f 1706//1706 1703//1703 1707//1707
f 1706//1706 1617//1617 1614//1614
f 1706//1706 1614//1614 1702//1702
f 1619//1619 1708//1708 1704//1704
f 1619//1619 1704//1704 1616//1616
f 1705//1705 1704//1704 1709//1709
f 1709//1709 1704//1704 1708//1708
f 1706//1706 1707//1707 1710//1710
f 1710//1710 1707//1707 1711//1711
f 1710//1710 1620//1620 1617//1617
f 1710//1710 1617//1617 1706//1706
f 1622//1622 1712//1712 1708//1708
f 1622//1622 1708//1708 1619//1619
f 1709//1709 1708//1708 1713//1713
f 1713//1713 1708//1708 1712//1712
f 1710//1710 1711//1711 1714//1714
f 1714//1714 1711//1711 1715//1715
f 1714//1714 1623//1623 1620//1620
f 1714//1714 1620//1620 1710//1710
f 1624//1624 1716//1716 1712//1712
f 1624//1624 1712//1712 1622//1622
f 1713//1713 1712//1712 1717//1717
f 1717//1717 1712//1712 1716//1716
f 1720//1720 1719//1719 1718//1718
f 1720//1720 1718//1718 1715//1715
f 1715//1715 1718//1718 1714//1714
f 1718//1718 1626//1626 1714//1714
f 1626//1626 1627//1627 1714//1714
f 1714//1714 1627//1627 1623//1623
f 1628//1628 1716//1716 1624//1624
f 1722//1722 1721//1721 1630//1630
f 1630//1630 1721//1721 1628//1628
f 1721//1721 1717//1717 1628//1628
f 1717//1717 1716//1716 1628//1628
f 1722//1722 1723//1723 1721//1721
f 1718//1718 1719//1719 1724//1724
f 1724//1724 1719//1719 1725//1725
f 1724//1724 1632//1632 1626//1626
f 1724//1724 1626//1626 1718//1718
f 1634//1634 1726//1726 1722//1722
f 1634//1634 1722//1722 1630//1630
f 1723//1723 1722//1722 1727//1727
f 1722//1722 1728//1728 1727//1727
f 1722//1722 1726//1726 1728//1728
f 1728//1728 1729//1729 1727//1727
f 1732//1732 1731//1731 1730//1730
f 1732//1732 1730//1730 1725//1725
f 1725//1725 1730//1730 1724//1724
f 1730//1730 1636//1636 1724//1724
f 1636//1636 1637//1637 1724//1724
f 1724//1724 1637//1637 1632//1632
f 1638//1638 1726//1726 1634//1634
f 1726//1726 1638//1638 1640//1640
f 1733//1733 1726//1726 1640//1640
f 1728//1728 1726//1726 1733//1733
f 1729//1729 1728//1728 1734//1734
f 1728//1728 1735//1735 1734//1734
f 1728//1728 1733//1733 1735//1735
f 1735//1735 1736//1736 1734//1734
f 1739//1739 1738//1738 1737//1737
f 1741//1741 1740//1740 1737//1737
f 1737//1737 1740//1740 1739//1739
f 1740//1740 1741//1741 1731//1731
f 1731//1731 1741//1741 1730//1730
f 1741//1741 1642//1642 1730//1730
f 1642//1642 1643//1643 1730//1730
f 1730//1730 1643//1643 1636//1636
f 1644//1644 1733//1733 1640//1640
f 1733//1733 1644//1644 1645//1645
f 1733//1733 1645//1645 1735//1735
f 1743//1743 1742//1742 1647//1647
f 1647//1647 1742//1742 1645//1645
f 1742//1742 1736//1736 1645//1645
f 1736//1736 1735//1735 1645//1645
f 1745//1745 1744//1744 1743//1743
f 1743//1743 1744//1744 1742//1742
f 1747//1747 1746//1746 1745//1745
f 1745//1745 1746//1746 1744//1744
f 1749//1749 1748//1748 1747//1747
f 1747//1747 1748//1748 1746//1746
f 1751//1751 1750//1750 1749//1749
f 1749//1749 1750//1750 1748//1748
f 1750//1750 1751//1751 1738//1738
f 1738//1738 1751//1751 1737//1737
f 1751//1751 1649//1649 1737//1737
f 1649//1649 1650//1650 1737//1737
f 1737//1737 1650//1650 1651//1651
f 1737//1737 1651//1651 1741//1741
f 1741//1741 1651//1651 1642//1642
f 1653//1653 1743//1743 1647//1647
f 1743//1743 1653//1653 1654//1654
f 1743//1743 1654//1654 1745//1745
f 1745//1745 1654//1654 1656//1656
f 1745//1745 1656//1656 1747//1747
f 1747//1747 1656//1656 1658//1658
f 1747//1747 1658//1658 1749//1749
f 1749//1749 1658//1658 1660//1660
f 1749//1749 1660//1660 1751//1751
f 1751//1751 1660//1660 1649//1649
f 1672//1672 1752//1752 1673//1673
f 1753//1753 1674//1674 1673//1673
f 1753//1753 1673//1673 1752//1752
f 1754//1754 1675//1675 1674//1674
f 1754//1754 1674//1674 1753//1753
f 1755//1755 1676//1676 1675//1675
f 1755//1755 1675//1675 1754//1754
f 1755//1755 1678//1678 1676//1676
f 1681//1681 1756//1756 1682//1682
f 1757//1757 1683//1683 1682//1682
f 1757//1757 1682//1682 1756//1756
f 1752//1752 1672//1672 1683//1683
f 1757//1757 1752//1752 1683//1683
f 1758//1758 1752//1752 1757//1757
f 1760//1760 1753//1753 1759//1759
f 1753//1753 1758//1758 1759//1759
f 1753//1753 1752//1752 1758//1758
f 1753//1753 1760//1760 1754//1754
f 1754//1754 1760//1760 1761//1761
f 1763//1763 1762//1762 1761//1761
f 1762//1762 1754//1754 1761//1761
f 1762//1762 1755//1755 1754//1754
f 1764//1764 1684//1684 1678//1678
f 1755//1755 1764//1764 1678//1678
f 1762//1762 1764//1764 1755//1755
f 1765//1765 1685//1685 1684//1684
f 1765//1765 1684//1684 1764//1764
f 1765//1765 1687//1687 1685//1685
f 1689//1689 1766//1766 1690//1690
f 1756//1756 1681//1681 1690//1690
f 1766//1766 1756//1756 1690//1690
f 1767//1767 1756//1756 1766//1766
f 1769//1769 1757//1757 1768//1768
f 1757//1757 1767//1767 1768//1768
f 1757//1757 1756//1756 1767//1767
f 1757//1757 1769//1769 1758//1758
f 1758//1758 1769//1769 1770//1770
f 1758//1758 1770//1770 1759//1759
f 1763//1763 1771//1771 1762//1762
f 1762//1762 1771//1771 1764//1764
f 1764//1764 1771//1771 1772//1772
f 1774//1774 1773//1773 1772//1772
f 1773//1773 1764//1764 1772//1772
f 1773//1773 1765//1765 1764//1764
f 1775//1775 1691//1691 1687//1687
f 1765//1765 1775//1775 1687//1687
f 1773//1773 1775//1775 1765//1765
f 1775//1775 1693//1693 1691//1691
f 1695//1695 1776//1776 1696//1696
f 1766//1766 1689//1689 1696//1696
f 1776//1776 1766//1766 1696//1696
f 1777//1777 1766//1766 1776//1776
f 1779//1779 1767//1767 1778//1778
f 1767//1767 1777//1777 1778//1778
f 1767//1767 1766//1766 1777//1777
f 1767//1767 1779//1779 1768//1768
f 1774//1774 1780//1780 1773//1773
f 1782//1782 1781//1781 1780//1780
f 1781//1781 1773//1773 1780//1780
f 1781//1781 1775//1775 1773//1773
f 1781//1781 1698//1698 1693//1693
f 1781//1781 1693//1693 1775//1775
f 1700//1700 1783//1783 1776//1776
f 1700//1700 1776//1776 1695//1695
f 1785//1785 1777//1777 1784//1784
f 1777//1777 1783//1783 1784//1784
f 1777//1777 1776//1776 1783//1783
f 1777//1777 1785//1785 1778//1778
f 1781//1781 1782//1782 1786//1786
f 1786//1786 1782//1782 1787//1787
f 1788//1788 1701//1701 1698//1698
f 1781//1781 1788//1788 1698//1698
f 1786//1786 1788//1788 1781//1781
f 1788//1788 1703//1703 1701//1701
f 1705//1705 1789//1789 1783//1783
f 1705//1705 1783//1783 1700//1700
f 1784//1784 1783//1783 1790//1790
f 1790//1790 1783//1783 1789//1789
f 1786//1786 1787//1787 1791//1791
f 1791//1791 1787//1787 1792//1792
f 1786//1786 1793//1793 1788//1788
f 1786//1786 1791//1791 1793//1793
f 1793//1793 1707//1707 1703//1703
f 1793//1793 1703//1703 1788//1788
f 1709//1709 1794//1794 1789//1789
f 1709//1709 1789//1789 1705//1705
f 1790//1790 1789//1789 1795//1795
f 1795//1795 1789//1789 1794//1794
f 1792//1792 1796//1796 1791//1791
f 1798//1798 1797//1797 1796//1796
f 1797//1797 1791//1791 1796//1796
f 1797//1797 1793//1793 1791//1791
f 1797//1797 1711//1711 1707//1707
f 1797//1797 1707//1707 1793//1793
f 1713//1713 1799//1799 1794//1794
f 1713//1713 1794//1794 1709//1709
f 1795//1795 1794//1794 1800//1800
f 1800//1800 1794//1794 1799//1799
f 1803//1803 1802//1802 1801//1801
f 1803//1803 1801//1801 1798//1798
f 1801//1801 1797//1797 1798//1798
f 1801//1801 1804//1804 1797//1797
f 1804//1804 1715//1715 1711//1711
f 1804//1804 1711//1711 1797//1797
f 1717//1717 1805//1805 1799//1799
f 1717//1717 1799//1799 1713//1713
f 1800//1800 1799//1799 1806//1806
f 1799//1799 1807//1807 1806//1806
f 1799//1799 1805//1805 1807//1807
f 1807//1807 1808//1808 1806//1806
f 1801//1801 1802//1802 1809//1809
f 1809//1809 1802//1802 1810//1810
f 1809//1809 1719//1719 1720//1720
f 1804//1804 1809//1809 1720//1720
f 1801//1801 1809//1809 1804//1804
f 1804//1804 1720//1720 1715//1715
f 1721//1721 1805//1805 1717//1717
f 1805//1805 1721//1721 1723//1723
f 1811//1811 1805//1805 1723//1723
f 1807//1807 1805//1805 1811//1811
f 1808//1808 1807//1807 1812//1812
f 1807//1807 1813//1813 1812//1812
f 1807//1807 1811//1811 1813//1813
f 1813//1813 1814//1814 1812//1812
f 1817//1817 1816//1816 1815//1815
f 1817//1817 1815//1815 1810//1810
f 1815//1815 1809//1809 1810//1810
f 1815//1815 1818//1818 1809//1809
f 1818//1818 1725//1725 1719//1719
f 1818//1818 1719//1719 1809//1809
f 1727//1727 1811//1811 1723//1723
f 1811//1811 1727//1727 1729//1729
f 1819//1819 1811//1811 1729//1729
f 1813//1813 1811//1811 1819//1819
f 1814//1814 1813//1813 1820//1820
f 1813//1813 1821//1821 1820//1820
f 1813//1813 1819//1819 1821//1821
f 1821//1821 1822//1822 1820//1820
f 1825//1825 1824//1824 1823//1823
f 1827//1827 1826//1826 1823//1823
f 1823//1823 1826//1826 1825//1825
f 1826//1826 1827//1827 1816//1816
f 1827//1827 1815//1815 1816//1816
f 1827//1827 1828//1828 1815//1815
f 1828//1828 1731//1731 1732//1732
f 1818//1818 1828//1828 1732//1732
f 1815//1815 1828//1828 1818//1818
f 1818//1818 1732//1732 1725//1725
f 1734//1734 1819//1819 1729//1729
f 1819//1819 1734//1734 1736//1736
f 1829//1829 1819//1819 1736//1736
f 1821//1821 1819//1819 1829//1829
f 1822//1822 1821//1821 1830//1830
f 1821//1821 1831//1831 1830//1830
f 1821//1821 1829//1829 1831//1831
f 1833//1833 1832//1832 1831//1831
f 1831//1831 1832//1832 1830//1830
f 1835//1835 1834//1834 1833//1833
f 1833//1833 1834//1834 1832//1832
f 1834//1834 1835//1835 1824//1824
f 1835//1835 1823//1823 1824//1824
f 1835//1835 1836//1836 1823//1823
f 1836//1836 1738//1738 1739//1739
f 1827//1827 1836//1836 1739//1739
f 1823//1823 1836//1836 1827//1827
f 1827//1827 1739//1739 1740//1740
f 1827//1827 1740//1740 1828//1828
f 1828//1828 1740//1740 1731//1731
f 1742//1742 1829//1829 1736//1736
f 1829//1829 1742//1742 1744//1744
f 1829//1829 1744//1744 1831//1831
f 1831//1831 1744//1744 1746//1746
f 1831//1831 1746//1746 1833//1833
f 1833//1833 1746//1746 1748//1748
f 1833//1833 1748//1748 1835//1835
f 1835//1835 1748//1748 1750//1750
f 1835//1835 1750//1750 1836//1836
f 1836//1836 1750//1750 1738//1738
f 1759//1759 1837//1837 1760//1760
f 1838//1838 1761//1761 1760//1760
f 1838//1838 1760//1760 1837//1837
f 1838//1838 1763//1763 1761//1761
f 1768//1768 1839//1839 1769//1769
f 1840//1840 1770//1770 1769//1769
f 1840//1840 1769//1769 1839//1839
f 1837//1837 1759//1759 1770//1770
f 1840//1840 1837//1837 1770//1770
f 1841//1841 1837//1837 1840//1840
f 1837//1837 1842//1842 1838//1838
f 1837//1837 1841//1841 1842//1842
f 1843//1843 1771//1771 1763//1763
f 1838//1838 1843//1843 1763//1763
f 1842//1842 1843//1843 1838//1838
f 1844//1844 1772//1772 1771//1771
f 1844//1844 1771//1771 1843//1843
f 1844//1844 1774//1774 1772//1772
f 1778//1778 1845//1845 1779//1779
f 1839//1839 1768//1768 1779//1779
f 1845//1845 1839//1839 1779//1779
f 1846//1846 1839//1839 1845//1845
f 1839//1839 1847//1847 1840//1840
f 1839//1839 1846//1846 1847//1847
f 1840//1840 1848//1848 1841//1841
f 1840//1840 1847//1847 1848//1848
f 1841//1841 1849//1849 1842//1842
f 1841//1841 1848//1848 1849//1849
f 1842//1842 1850//1850 1843//1843
f 1842//1842 1849//1849 1850//1850
f 1843//1843 1851//1851 1844//1844
f 1843//1843 1850//1850 1851//1851
f 1852//1852 1780//1780 1774//1774
f 1844//1844 1852//1852 1774//1774
f 1851//1851 1852//1852 1844//1844
f 1852//1852 1782//1782 1780//1780
f 1784//1784 1853//1853 1785//1785
f 1845//1845 1778//1778 1785//1785
f 1853//1853 1845//1845 1785//1785
f 1854//1854 1845//1845 1853//1853
f 1845//1845 1855//1855 1846//1846
f 1845//1845 1854//1854 1855//1855
f 1857//1857 1847//1847 1856//1856
f 1847//1847 1855//1855 1856//1856
f 1847//1847 1846//1846 1855//1855
f 1847//1847 1857//1857 1848//1848
f 1848//1848 1857//1857 1858//1858
f 1848//1848 1858//1858 1849//1849
f 1849//1849 1858//1858 1859//1859
f 1849//1849 1859//1859 1850//1850
f 1850//1850 1859//1859 1860//1860
f 1862//1862 1861//1861 1860//1860
f 1861//1861 1850//1850 1860//1860
f 1861//1861 1851//1851 1850//1850
f 1851//1851 1863//1863 1852//1852
f 1851//1851 1861//1861 1863//1863
f 1863//1863 1787//1787 1782//1782
f 1863//1863 1782//1782 1852//1852
f 1790//1790 1864//1864 1853//1853
f 1790//1790 1853//1853 1784//1784
f 1853//1853 1865//1865 1854//1854
f 1853//1853 1864//1864 1865//1865
f 1867//1867 1855//1855 1866//1866
f 1855//1855 1865//1865 1866//1866
f 1855//1855 1854//1854 1865//1865
f 1855//1855 1867//1867 1856//1856
f 1861//1861 1862//1862 1868//1868
f 1868//1868 1862//1862 1869//1869
f 1861//1861 1870//1870 1863//1863
f 1861//1861 1868//1868 1870//1870
f 1870//1870 1792//1792 1787//1787
f 1870//1870 1787//1787 1863//1863
f 1795//1795 1871//1871 1864//1864
f 1795//1795 1864//1864 1790//1790
f 1864//1864 1872//1872 1865//1865
f 1864//1864 1871//1871 1872//1872
f 1866//1866 1865//1865 1873//1873
f 1873//1873 1865//1865 1872//1872
f 1868//1868 1869//1869 1874//1874
f 1874//1874 1869//1869 1875//1875
f 1868//1868 1876//1876 1870//1870
f 1868//1868 1874//1874 1876//1876
f 1877//1877 1796//1796 1792//1792
f 1870//1870 1877//1877 1792//1792
f 1876//1876 1877//1877 1870//1870
f 1877//1877 1798//1798 1796//1796
f 1800//1800 1878//1878 1871//1871
f 1800//1800 1871//1871 1795//1795
f 1871//1871 1879//1879 1872//1872
f 1871//1871 1878//1878 1879//1879
f 1873//1873 1872//1872 1880//1880
f 1872//1872 1881//1881 1880//1880
f 1872//1872 1879//1879 1881//1881
f 1881//1881 1882//1882 1880//1880
f 1874//1874 1875//1875 1883//1883
f 1883//1883 1875//1875 1884//1884
f 1874//1874 1885//1885 1876//1876
f 1874//1874 1883//1883 1885//1885
f 1885//1885 1802//1802 1803//1803
f 1877//1877 1885//1885 1803//1803
f 1876//1876 1885//1885 1877//1877
f 1877//1877 1803//1803 1798//1798
f 1806//1806 1878//1878 1800//1800
f 1878//1878 1806//1806 1808//1808
f 1886//1886 1878//1878 1808//1808
f 1879//1879 1878//1878 1886//1886
f 1879//1879 1887//1887 1881//1881
f 1879//1879 1886//1886 1887//1887
f 1882//1882 1881//1881 1888//1888
f 1881//1881 1889//1889 1888//1888
f 1881//1881 1887//1887 1889//1889
f 1889//1889 1890//1890 1888//1888
f 1893//1893 1892//1892 1891//1891
f 1895//1895 1894//1894 1891//1891
f 1891//1891 1894//1894 1893//1893
f 1894//1894 1895//1895 1884//1884
f 1895//1895 1883//1883 1884//1884
f 1895//1895 1896//1896 1883//1883
f 1883//1883 1897//1897 1885//1885
f 1883//1883 1896//1896 1897//1897
f 1897//1897 1810//1810 1802//1802
f 1897//1897 1802//1802 1885//1885
f 1812//1812 1886//1886 1808//1808
f 1886//1886 1812//1812 1814//1814
f 1898//1898 1886//1886 1814//1814
f 1887//1887 1886//1886 1898//1898
f 1887//1887 1899//1899 1889//1889
f 1887//1887 1898//1898 1899//1899
f 1890//1890 1889//1889 1900//1900
f 1889//1889 1901//1901 1900//1900
f 1889//1889 1899//1899 1901//1901
f 1900//1900 1901//1901 1892//1892
f 1901//1901 1891//1891 1892//1892
f 1901//1901 1902//1902 1891//1891
f 1891//1891 1903//1903 1895//1895
f 1891//1891 1902//1902 1903//1903
f 1895//1895 1904//1904 1896//1896
f 1895//1895 1903//1903 1904//1904
f 1904//1904 1816//1816 1817//1817
f 1897//1897 1904//1904 1817//1817
f 1896//1896 1904//1904 1897//1897
f 1897//1897 1817//1817 1810//1810
f 1820//1820 1898//1898 1814//1814
f 1898//1898 1820//1820 1822//1822
f 1905//1905 1898//1898 1822//1822
f 1899//1899 1898//1898 1905//1905
f 1899//1899 1906//1906 1901//1901
f 1899//1899 1905//1905 1906//1906
f 1901//1901 1907//1907 1902//1902
f 1901//1901 1906//1906 1907//1907
f 1907//1907 1824//1824 1825//1825
f 1903//1903 1907//1907 1825//1825
f 1902//1902 1907//1907 1903//1903
f 1903//1903 1825//1825 1826//1826
f 1903//1903 1826//1826 1904//1904
f 1904//1904 1826//1826 1816//1816
f 1830//1830 1905//1905 1822//1822
f 1905//1905 1830//1830 1832//1832
f 1905//1905 1832//1832 1906//1906
f 1906//1906 1832//1832 1834//1834
f 1906//1906 1834//1834 1907//1907
f 1907//1907 1834//1834 1824//1824
f 1856//1856 1908//1908 1857//1857
f 1909//1909 1858//1858 1857//1857
f 1909//1909 1857//1857 1908//1908
f 1910//1910 1859//1859 1858//1858
f 1910//1910 1858//1858 1909//1909
f 1911//1911 1860//1860 1859//1859
f 1911//1911 1859//1859 1910//1910
f 1911//1911 1862//1862 1860//1860
f 1866//1866 1912//1912 1867//1867
f 1908//1908 1856//1856 1867//1867
f 1912//1912 1908//1908 1867//1867
f 1913//1913 1908//1908 1912//1912
f 1908//1908 1914//1914 1909//1909
f 1908//1908 1913//1913 1914//1914
f 1909//1909 1915//1915 1910//1910
f 1909//1909 1914//1914 1915//1915
f 1910//1910 1916//1916 1911//1911
f 1910//1910 1915//1915 1916//1916
f 1916//1916 1869//1869 1862//1862
f 1916//1916 1862//1862 1911//1911
f 1873//1873 1917//1917 1912//1912
f 1873//1873 1912//1912 1866//1866
f 1912//1912 1918//1918 1913//1913
f 1912//1912 1917//1917 1918//1918
f 1913//1913 1919//1919 1914//1914
f 1913//1913 1918//1918 1919//1919
f 1914//1914 1920//1920 1915//1915
f 1914//1914 1919//1919 1920//1920
f 1915//1915 1921//1921 1916//1916
f 1915//1915 1920//1920 1921//1921
f 1921//1921 1875//1875 1869//1869
f 1921//1921 1869//1869 1916//1916
f 1880//1880 1917//1917 1873//1873
f 1917//1917 1880//1880 1882//1882
f 1922//1922 1917//1917 1882//1882
f 1918//1918 1917//1917 1922//1922
f 1918//1918 1923//1923 1919//1919
f 1918//1918 1922//1922 1923//1923
f 1919//1919 1924//1924 1920//1920
f 1919//1919 1923//1923 1924//1924
f 1920//1920 1925//1925 1921//1921
f 1920//1920 1924//1924 1925//1925
f 1925//1925 1884//1884 1875//1875
f 1925//1925 1875//1875 1921//1921
f 1888//1888 1922//1922 1882//1882
f 1922//1922 1888//1888 1890//1890
f 1926//1926 1922//1922 1890//1890
f 1923//1923 1922//1922 1926//1926
f 1926//1926 1892//1892 1893//1893
f 1924//1924 1926//1926 1893//1893
f 1923//1923 1926//1926 1924//1924
f 1924//1924 1893//1893 1894//1894
f 1924//1924 1894//1894 1925//1925
f 1925//1925 1894//1894 1884//1884
f 1900//1900 1926//1926 1890//1890
f 1926//1926 1900//1900 1892//1892

