# https://github.com/mikedh/trimesh
v -0.35468983 -0.65618426 -0.51968412
v -0.35275362 -0.65859225 -0.51968412
v -0.35275362 -0.65618426 -0.52584511
v -0.35275362 -0.65618426 -0.50649744
v -0.36771202 -0.62527372 -0.55059466
v -0.35275362 -0.64495245 -0.55059466
v -0.35275362 -0.62527372 -0.56931067
v -0.36889505 -0.62527372 -0.51968412
v -0.35831465 -0.62527372 -0.48877357
v -0.35275362 -0.64668493 -0.48877357
v -0.35275362 -0.62527372 -0.47853133
v -0.37273847 -0.59436317 -0.55059466
v -0.35275362 -0.59436317 -0.57826167
v -0.36540214 -0.59436317 -0.51968412
v -0.35275362 -0.60223659 -0.48877357
v -0.35275362 -0.59436317 -0.49306389
v -0.35275362 -0.57299039 -0.55059466
v -0.35275362 -0.57918816 -0.51968412
v -0.35442790 0.14748992 -0.64332630
v -0.35275362 0.14534454 -0.64332630
v -0.35275362 0.14748992 -0.64964717
v -0.35275362 0.14748992 -0.64150627
v -0.35275362 0.14964453 -0.64332630
v -0.32449866 -0.68709481 -0.51968412
v -0.32184307 -0.69182868 -0.51968412
v -0.32184307 -0.68709481 -0.52492776
v -0.32769704 -0.68709481 -0.48877357
v -0.32184307 -0.69548973 -0.48877357
v -0.32184307 -0.68709481 -0.47048878
v -0.34234256 -0.65618426 -0.55059466
v -0.32184307 -0.67449134 -0.55059466
v -0.32184307 -0.65618426 -0.56986129
v -0.34988106 -0.65618426 -0.48877357
v -0.33481379 -0.65618426 -0.45786303
v -0.32184307 -0.68000311 -0.45786303
v -0.32184307 -0.65618426 -0.43988919
v -0.33905671 -0.62527372 -0.58150521
v -0.32184307 -0.64216978 -0.58150521
v -0.32184307 -0.62527372 -0.59215700
v -0.33967273 -0.62527372 -0.45786303
v -0.32184307 -0.62527372 -0.43662630
v -0.34911037 -0.59436317 -0.58150521
v -0.32184307 -0.59436317 -0.59681963
v -0.35043857 -0.59436317 -0.48877357
v -0.32764441 -0.59436317 -0.45786303
v -0.32184307 -0.59436317 -0.45124562
v -0.32184307 -0.56424236 -0.58150521
v -0.34135253 -0.56345263 -0.55059466
v -0.32184307 -0.56345263 -0.58060124
v -0.33618792 -0.56345263 -0.51968412
v -0.32184307 -0.56470730 -0.48877357
v -0.32184307 -0.56345263 -0.49142430
v -0.32184307 -0.58803554 -0.45786303
v -0.32184307 -0.55101697 -0.55059466
v -0.32184307 -0.55344065 -0.51968412
v -0.32639214 0.11657937 -0.61241575
v -0.32184307 0.11438617 -0.61241575
v -0.32184307 0.11657937 -0.62683867
v -0.32184307 0.11657937 -0.60524340
v -0.34369042 0.14748992 -0.67423685
v -0.32184307 0.12922686 -0.67423685
v -0.32184307 0.14748992 -0.69146521
v -0.32184307 0.11936803 -0.64332630
v -0.32596222 0.14748992 -0.61241575
v -0.32184307 0.14748992 -0.60795325
v -0.34021138 0.17840047 -0.70514739
v -0.32184307 0.16202692 -0.70514739
v -0.32184307 0.17840047 -0.72053533
v -0.33820048 0.17840047 -0.67423685
v -0.33236735 0.17840047 -0.64332630
v -0.32184307 0.15593964 -0.61241575
v -0.32184307 0.17840047 -0.62745929
v -0.32388331 0.20931101 -0.73605794
v -0.32184307 0.20510089 -0.73605794
v -0.32184307 0.20931101 -0.73986452
v -0.32184307 0.20234538 -0.70514739
v -0.32184307 0.20931101 -0.72513118
v -0.32184307 0.19794950 -0.67423685
v -0.32184307 0.19099557 -0.64332630
v -0.32184307 0.21174426 -0.73605794
v -0.29673675 -0.71800536 -0.51968412
v -0.29093253 -0.72361373 -0.51968412
v -0.29093253 -0.71800536 -0.53792975
v -0.29093253 -0.71800536 -0.50328942
v -0.30032372 -0.68709481 -0.55059466
v -0.29093253 -0.70893349 -0.55059466
v -0.29093253 -0.68709481 -0.55624466
v -0.29093253 -0.71517478 -0.48877357
v -0.31430082 -0.68709481 -0.45786303
v -0.29093253 -0.70476050 -0.45786303
v -0.29349203 -0.68709481 -0.42695248
v -0.29093253 -0.68964685 -0.42695248
v -0.29093253 -0.68709481 -0.41943066
v -0.30470518 -0.65618426 -0.58150521
v -0.29093253 -0.66439272 -0.58150521
v -0.29093253 -0.65618426 -0.58875427
v -0.30286553 -0.65618426 -0.42695248
v -0.29784154 -0.65618426 -0.39604193
v -0.29093253 -0.67213181 -0.39604193
v -0.29564003 -0.65618426 -0.36513139
v -0.29093253 -0.66303519 -0.36513139
v -0.29093253 -0.65618426 -0.33645604
v -0.29093253 -0.62527372 -0.60626988
v -0.30570212 -0.62527372 -0.42695248
v -0.29725995 -0.62527372 -0.39604193
v -0.29638853 -0.62527372 -0.36513139
v -0.29534185 -0.62527372 -0.33422084
v -0.29093253 -0.65398696 -0.33422084
v -0.29400733 -0.62527372 -0.30331030
v -0.29093253 -0.63331631 -0.30331030
v -0.29212149 -0.62527372 -0.27239975
v -0.29093253 -0.62711531 -0.27239975
v -0.29093253 -0.62527372 -0.26321680
v -0.29093253 -0.59436317 -0.61004571
v -0.29093253 -0.60447971 -0.42695248
v -0.29093253 -0.59436317 -0.43050877
v -0.29412857 -0.59436317 -0.39604193
v -0.29093253 -0.59436317 -0.40835042
v -0.29363836 -0.59436317 -0.36513139
v -0.29311019 -0.59436317 -0.33422084
v -0.29252841 -0.59436317 -0.30331030
v -0.29186714 -0.59436317 -0.27239975
v -0.29108014 -0.59436317 -0.24148921
v -0.29093253 -0.59602760 -0.24148921
v -0.29093253 -0.59436317 -0.23689583
v -0.32092637 -0.56345263 -0.58150521
v -0.29093253 -0.56345263 -0.59685798
v -0.32018581 -0.56345263 -0.48877357
v -0.29093253 -0.56373043 -0.45786303
v -0.29093253 -0.56345263 -0.45823985
v -0.29093253 -0.58630714 -0.39604193
v -0.29093253 -0.57533856 -0.36513139
v -0.29093253 -0.57850720 -0.33422084
v -0.29093253 -0.58218998 -0.30331030
v -0.29093253 -0.58675454 -0.27239975
v -0.29093253 -0.59303761 -0.24148921
v -0.29093253 -0.54809227 -0.58150521
v -0.29093253 -0.53536218 -0.55059466
v -0.29093253 -0.53658517 -0.51968412
v -0.29093253 -0.54687336 -0.48877357
v -0.30565456 0.11657937 -0.67423685
v -0.29093253 0.10889697 -0.67423685
v -0.29093253 0.11657937 -0.68569510
v -0.31664490 0.11657937 -0.64332630
v -0.29093253 0.10417707 -0.64332630
v -0.29093253 0.09949680 -0.61241575
v -0.31246840 0.11657937 -0.58150521
v -0.29093253 0.09663200 -0.58150521
v -0.29093253 0.11657937 -0.55823402
v -0.30448177 0.14748992 -0.70514739
v -0.29093253 0.13614677 -0.70514739
v -0.29093253 0.14748992 -0.71580911
v -0.29740419 0.14748992 -0.58150521
v -0.29093253 0.14748992 -0.57451004
v -0.30209357 0.17840047 -0.73605794
v -0.29093253 0.16905732 -0.73605794
v -0.29093253 0.17840047 -0.74482241
v -0.31089373 0.17840047 -0.61241575
v -0.29093253 0.16077168 -0.58150521
v -0.29093253 0.17840047 -0.59079799
v -0.29964178 0.20931101 -0.76696848
v -0.29093253 0.20202460 -0.76696848
v -0.29093253 0.20931101 -0.77379587
v -0.31811133 0.20931101 -0.70514739
v -0.31233168 0.20931101 -0.67423685
v -0.30653628 0.20931101 -0.64332630
v -0.29581985 0.20931101 -0.61241575
v -0.29093253 0.20931101 -0.60711494
v -0.29714650 0.24022156 -0.79787903
v -0.29093253 0.23502682 -0.79787903
v -0.29093253 0.24022156 -0.80274251
v -0.30369673 0.24022156 -0.76696848
v -0.29794086 0.24022156 -0.73605794
v -0.29218478 0.24022156 -0.70514739
v -0.29093253 0.23484714 -0.67423685
v -0.29093253 0.24022156 -0.69842765
v -0.29093253 0.22795510 -0.64332630
v -0.29093253 0.21602627 -0.61241575
v -0.29093253 0.25111273 -0.79787903
v -0.29093253 0.25540586 -0.76696848
v -0.29093253 0.24856389 -0.73605794
v -0.29093253 0.24171324 -0.70514739
v -0.29287960 0.45659538 0.71673771
v -0.29093253 0.45441974 0.71673771
v -0.29093253 0.45659538 0.70877212
v -0.29688910 0.45659538 0.74764825
v -0.29093253 0.45146345 0.74764825
v -0.29818395 0.45659538 0.77855880
v -0.29093253 0.45221147 0.77855880
v -0.29783071 0.45659538 0.80946934
v -0.29093253 0.45431970 0.80946934
v -0.29093253 0.45659538 0.82743894
v -0.29093253 0.46219576 0.71673771
v -0.29093253 0.47615005 0.74764825
v -0.29301632 0.48750592 0.77855880
v -0.29093253 0.48750592 0.76639790
v -0.29722828 0.48750592 0.80946934
v -0.29847790 0.48750592 0.84037989
v -0.29093253 0.46366538 0.84037989
v -0.29093253 0.48750592 0.85867196
v -0.29093253 0.49137971 0.77855880
v -0.29093253 0.49679844 0.80946934
v -0.29093253 0.49373088 0.84037989
v -0.28283772 -0.71800536 -0.51968412
v -0.26002198 -0.69862720 -0.55059466
v -0.26002198 -0.68709481 -0.56505254
v -0.26002198 -0.70948882 -0.51968412
v -0.26002198 -0.71797242 -0.48877357
v -0.26002198 -0.71499261 -0.45786303
v -0.26002198 -0.70417138 -0.42695248
v -0.27426574 -0.68709481 -0.39604193
v -0.26002198 -0.69293338 -0.39604193
v -0.26002198 -0.68709481 -0.37989384
v -0.26002198 -0.67531994 -0.58150521
v -0.26002198 -0.65618426 -0.59878388
v -0.26002198 -0.68143634 -0.36513139
v -0.29010714 -0.65618426 -0.33422084
v -0.26002198 -0.66991466 -0.33422084
v -0.26675384 -0.65618426 -0.30331030
v -0.26002198 -0.65875074 -0.30331030
v -0.26002198 -0.65618426 -0.29626764
v -0.26960990 -0.62527372 -0.61241575
v -0.26002198 -0.63071023 -0.61241575
v -0.26002198 -0.62527372 -0.61488445
v -0.26002198 -0.64699196 -0.27239975
v -0.28417534 -0.62527372 -0.24148921
v -0.26002198 -0.63558520 -0.24148921
v -0.26002198 -0.62527372 -0.21294361
v -0.28234924 -0.59436317 -0.61241575
v -0.26002198 -0.59436317 -0.61781486
v -0.26002198 -0.60921807 -0.42695248
v -0.26002198 -0.59436317 -0.43401072
v -0.26002198 -0.59436317 -0.41094420
v -0.28990544 -0.59436317 -0.21057866
v -0.26002198 -0.62433804 -0.21057866
v -0.28718254 -0.59436317 -0.17966812
v -0.26002198 -0.61241725 -0.17966812
v -0.27744653 -0.59436317 -0.14875757
v -0.26002198 -0.60107846 -0.14875757
v -0.26002198 -0.59436317 -0.13058080
v -0.26002198 -0.57683390 -0.61241575
v -0.26002198 -0.56345263 -0.60688030
v -0.26002198 -0.56365762 -0.45786303
v -0.26002198 -0.56345263 -0.45805414
v -0.26002198 -0.58158493 -0.39604193
v -0.28450905 -0.56345263 -0.36513139
v -0.26002198 -0.56345263 -0.37511987
v -0.28869342 -0.56345263 -0.33422084
v -0.28851204 -0.56345263 -0.30331030
v -0.28812021 -0.56345263 -0.27239975
v -0.28770918 -0.56345263 -0.24148921
v -0.28726782 -0.56345263 -0.21057866
v -0.28677341 -0.56345263 -0.17966812
v -0.28616921 -0.56345263 -0.14875757
v -0.28507286 -0.56345263 -0.11784702
v -0.26002198 -0.58925945 -0.11784702
v -0.28135108 -0.56345263 -0.08693648
v -0.26002198 -0.57752867 -0.08693648
v -0.26779264 -0.56345263 -0.05602593
v -0.26002198 -0.56598778 -0.05602593
v -0.26002198 -0.56345263 -0.04964231
v -0.26002198 -0.53684384 -0.58150521
v -0.28263793 -0.53254208 -0.55059466
v -0.26002198 -0.53254208 -0.57213297
v -0.27914892 -0.53254208 -0.51968412
v -0.26002198 -0.53887700 -0.48877357
v -0.26002198 -0.53254208 -0.50324049
v -0.26002198 -0.55526907 -0.36513139
v -0.26677436 -0.53254208 -0.33422084
v -0.26002198 -0.53254208 -0.33750354
v -0.28276670 -0.53254208 -0.30331030
v -0.28288668 -0.53254208 -0.27239975
v -0.28255077 -0.53254208 -0.24148921
v -0.28221347 -0.53254208 -0.21057866
v -0.28187407 -0.53254208 -0.17966812
v -0.28153127 -0.53254208 -0.14875757
v -0.28118243 -0.53254208 -0.11784702
v -0.28082097 -0.53254208 -0.08693648
v -0.28042414 -0.53254208 -0.05602593
v -0.27971359 -0.53254208 -0.02511539
v -0.26002198 -0.55337664 -0.02511539
v -0.27295247 -0.53254208 0.00579516
v -0.26002198 -0.54088739 0.00579516
v -0.26002198 -0.53254208 0.01959739
v -0.26002198 -0.52583483 -0.55059466
v -0.26002198 -0.52669209 -0.51968412
v -0.26002198 -0.52995348 -0.33422084
v -0.26002198 -0.50559504 -0.30331030
v -0.27641686 -0.50163154 -0.27239975
v -0.26002198 -0.50163154 -0.29827635
v -0.27640110 -0.50163154 -0.24148921
v -0.27601596 -0.50163154 -0.21057866
v -0.27561693 -0.50163154 -0.17966812
v -0.27519780 -0.50163154 -0.14875757
v -0.27474775 -0.50163154 -0.11784702
v -0.27424618 -0.50163154 -0.08693648
v -0.27364716 -0.50163154 -0.05602593
v -0.27281312 -0.50163154 -0.02511539
v -0.27006083 -0.50163154 0.00579516
v -0.26253187 -0.50163154 0.03670570
v -0.26002198 -0.50754750 0.03670570
v -0.26002198 -0.50163154 0.04384051
v -0.26002198 -0.48197119 -0.27239975
v -0.26960029 -0.47072099 -0.24148921
v -0.26002198 -0.47072099 -0.25738126
v -0.26910922 -0.47072099 -0.21057866
v -0.26858080 -0.47072099 -0.17966812
v -0.26799966 -0.47072099 -0.14875757
v -0.26734002 -0.47072099 -0.11784702
v -0.26655434 -0.47072099 -0.08693648
v -0.26553882 -0.47072099 -0.05602593
v -0.26393705 -0.47072099 -0.02511539
v -0.26002198 -0.47435759 0.00579516
v -0.26002198 -0.47072099 -0.00188136
v -0.26002198 -0.49465626 0.03670570
v -0.26002198 -0.45907056 -0.24148921
v -0.26170997 -0.43981045 -0.21057866
v -0.26002198 -0.43981045 -0.21357547
v -0.26102500 -0.43981045 -0.17966812
v -0.26025301 -0.43981045 -0.14875757
v -0.26002198 -0.44240519 -0.11784702
v -0.26002198 -0.43981045 -0.14082588
v -0.26002198 -0.44641081 -0.08693648
v -0.26002198 -0.45127152 -0.05602593
v -0.26002198 -0.45923584 -0.02511539
v -0.26002198 -0.43771509 -0.21057866
v -0.26002198 -0.43591222 -0.17966812
v -0.26002198 -0.43893460 -0.14875757
v -0.26101946 -0.06888390 0.09852679
v -0.26002198 -0.07516250 0.09852679
v -0.26002198 -0.06888390 0.09363865
v -0.26374576 -0.06888390 0.12943734
v -0.26002198 -0.09401785 0.12943734
v -0.26304515 -0.06888390 0.16034789
v -0.26002198 -0.09145321 0.16034789
v -0.26002198 -0.06888390 0.18338286
v -0.26490491 -0.03797335 0.09852679
v -0.26002198 -0.03797335 0.07403320
v -0.26740841 -0.03797335 0.12943734
v -0.26630662 -0.03797335 0.16034789
v -0.26184510 -0.03797335 0.19125843
v -0.26002198 -0.05664208 0.19125843
v -0.26002198 -0.03797335 0.19748113
v -0.26182236 -0.00706281 0.06761625
v -0.26002198 -0.02484262 0.06761625
v -0.26002198 -0.00706281 0.06174765
v -0.26779603 -0.00706281 0.09852679
v -0.27007581 -0.00706281 0.12943734
v -0.26859207 -0.00706281 0.16034789
v -0.26387882 -0.00706281 0.19125843
v -0.26002198 -0.00706281 0.20876294
v -0.26411763 0.02384774 0.06761625
v -0.26002198 0.02384774 0.05318094
v -0.26961555 0.02384774 0.09852679
v -0.27165336 0.02384774 0.12943734
v -0.26999242 0.02384774 0.16034789
v -0.26644362 0.02384774 0.19125843
v -0.26143107 0.02384774 0.22216898
v -0.26002198 0.01411330 0.22216898
v -0.26002198 0.02384774 0.22527705
v -0.26126549 0.05475828 0.03670570
v -0.26002198 0.04894294 0.03670570
v -0.26002198 0.05475828 0.03114100
v -0.26618881 0.05475828 0.06761625
v -0.27088268 0.05475828 0.09852679
v -0.27229521 0.05475828 0.12943734
v -0.27051154 0.05475828 0.16034789
v -0.26808571 0.05475828 0.19125843
v -0.26366525 0.05475828 0.22216898
v -0.26002198 0.05475828 0.23176521
v -0.26247134 0.08566883 -0.64332630
v -0.26002198 0.08335442 -0.64332630
v -0.26002198 0.08566883 -0.66049810
v -0.26564870 0.08566883 -0.61241575
v -0.26002198 0.08174209 -0.61241575
v -0.27186126 0.08566883 -0.58150521
v -0.26002198 0.07969725 -0.58150521
v -0.28154791 0.08566883 -0.55059466
v -0.26002198 0.07533657 -0.55059466
v -0.27026748 0.08566883 -0.51968412
v -0.26002198 0.07541176 -0.51968412
v -0.26002198 0.08566883 -0.49545130
v -0.26138031 0.08566883 0.00579516
v -0.26002198 0.07979184 0.00579516
v -0.26002198 0.08566883 0.00052226
v -0.26720535 0.08566883 0.03670570
v -0.27100019 0.08566883 0.06761625
v -0.27297720 0.08566883 0.09852679
v -0.27325608 0.08566883 0.12943734
v -0.27188161 0.08566883 0.16034789
v -0.26881935 0.08566883 0.19125843
v -0.26383665 0.08566883 0.22216898
v -0.26002198 0.08566883 0.23414707
v -0.26756396 0.11657937 -0.70514739
v -0.26002198 0.10473680 -0.70514739
v -0.26002198 0.11657937 -0.71108269
v -0.26002198 0.08731848 -0.67423685
v -0.28385189 0.11657937 -0.55059466
v -0.27318511 0.11657937 -0.51968412
v -0.27256484 0.11657937 -0.48877357
v -0.26002198 0.08956353 -0.48877357
v -0.27134628 0.11657937 -0.45786303
v -0.26002198 0.09495620 -0.45786303
v -0.26957273 0.11657937 -0.42695248
v -0.26002198 0.10023371 -0.42695248
v -0.26724956 0.11657937 -0.39604193
v -0.26002198 0.10538687 -0.39604193
v -0.26436087 0.11657937 -0.36513139
v -0.26002198 0.11044468 -0.36513139
v -0.26087880 0.11657937 -0.33422084
v -0.26002198 0.11546336 -0.33422084
v -0.26002198 0.11657937 -0.32786826
v -0.26061180 0.11657937 -0.02511539
v -0.26002198 0.11410607 -0.02511539
v -0.26002198 0.11657937 -0.02708299
v -0.26756735 0.11657937 0.00579516
v -0.27230157 0.11657937 0.03670570
v -0.27509003 0.11657937 0.06761625
v -0.27609472 0.11657937 0.09852679
v -0.27539586 0.11657937 0.12943734
v -0.27299996 0.11657937 0.16034789
v -0.26881400 0.11657937 0.19125843
v -0.26243161 0.11657937 0.22216898
v -0.26002198 0.11657937 0.22909817
v -0.26515696 0.14748992 -0.73605794
v -0.26002198 0.14319189 -0.73605794
v -0.26002198 0.14748992 -0.74008695
v -0.26897671 0.14748992 -0.55059466
v -0.26838740 0.14748992 -0.51968412
v -0.26968510 0.14748992 -0.48877357
v -0.27028620 0.14748992 -0.45786303
v -0.27030554 0.14748992 -0.42695248
v -0.26981817 0.14748992 -0.39604193
v -0.26887304 0.14748992 -0.36513139
v -0.26749986 0.14748992 -0.33422084
v -0.26571204 0.14748992 -0.30331030
v -0.26002198 0.12723058 -0.30331030
v -0.26350670 0.14748992 -0.27239975
v -0.26002198 0.13753219 -0.27239975
v -0.26086198 0.14748992 -0.24148921
v -0.26002198 0.14550639 -0.24148921
v -0.26002198 0.14748992 -0.23326937
v -0.26600387 0.14748992 -0.02511539
v -0.26002198 0.14748992 -0.04718580
v -0.27198908 0.14748992 0.00579516
v -0.27585789 0.14748992 0.03670570
v -0.27783053 0.14748992 0.06761625
v -0.27802806 0.14748992 0.09852679
v -0.27649147 0.14748992 0.12943734
v -0.27317358 0.14748992 0.16034789
v -0.26784279 0.14748992 0.19125843
v -0.26002198 0.13925778 0.22216898
v -0.26002198 0.14748992 0.21904964
v -0.26266190 0.17840047 -0.76696848
v -0.26002198 0.17619315 -0.76696848
v -0.26002198 0.17840047 -0.76903469
v -0.28233538 0.17840047 -0.58150521
v -0.26002198 0.16566215 -0.55059466
v -0.26002198 0.17840047 -0.55742654
v -0.26002198 0.16058724 -0.51968412
v -0.26002198 0.16451617 -0.48877357
v -0.26002198 0.16777104 -0.45786303
v -0.26002198 0.17026973 -0.42695248
v -0.26002198 0.17188347 -0.39604193
v -0.26002198 0.17241255 -0.36513139
v -0.26002198 0.17153819 -0.33422084
v -0.26002198 0.16872007 -0.30331030
v -0.26002198 0.16295530 -0.27239975
v -0.26002198 0.15211239 -0.24148921
v -0.26731631 0.17840047 -0.02511539
v -0.26002198 0.17840047 -0.05498034
v -0.27246616 0.17840047 0.00579516
v -0.27550578 0.17840047 0.03670570
v -0.27659303 0.17840047 0.06761625
v -0.27577362 0.17840047 0.09852679
v -0.27297152 0.17840047 0.12943734
v -0.26793474 0.17840047 0.16034789
v -0.26014441 0.17840047 0.19125843
v -0.26002198 0.17840047 0.19160504
v -0.26010869 0.20931101 -0.79787903
v -0.26002198 0.20923862 -0.79787903
v -0.26002198 0.20931101 -0.79794672
v -0.26726449 0.20931101 -0.58150521
v -0.26002198 0.20931101 -0.57368814
v -0.26071326 0.20931101 -0.02511539
v -0.26002198 0.20931101 -0.02847694
v -0.26465453 0.20931101 0.00579516
v -0.26624767 0.20931101 0.03670570
v -0.26556705 0.20931101 0.06761625
v -0.26261476 0.20931101 0.09852679
v -0.26002198 0.20457414 0.12943734
v -0.26002198 0.20931101 0.11395339
v -0.26002198 0.19285663 0.16034789
v -0.26002198 0.17861273 0.19125843
v -0.26002198 0.24022156 -0.82682602
v -0.28641983 0.24022156 -0.67423685
v -0.28065192 0.24022156 -0.64332630
v -0.27487131 0.24022156 -0.61241575
v -0.26002198 0.22417127 -0.58150521
v -0.26002198 0.24022156 -0.59152102
v -0.26002198 0.21059997 -0.02511539
v -0.26002198 0.21718043 0.00579516
v -0.26002198 0.21905803 0.03670570
v -0.26002198 0.21743396 0.06761625
v -0.26002198 0.21305240 0.09852679
v -0.28872124 0.27113210 -0.82878957
v -0.26002198 0.24232664 -0.82878957
v -0.26002198 0.27113210 -0.85565133
v -0.28342078 0.27113210 -0.79787903
v -0.27765544 0.27113210 -0.76696848
v -0.27189559 0.27113210 -0.73605794
v -0.26614215 0.27113210 -0.70514739
v -0.26039663 0.27113210 -0.67423685
v -0.26002198 0.26476605 -0.64332630
v -0.26002198 0.27113210 -0.67221973
v -0.26002198 0.25793594 -0.61241575
v -0.26002198 0.29465286 -0.82878957
v -0.26002198 0.29123696 -0.79787903
v -0.26002198 0.28640937 -0.76696848
v -0.26002198 0.28150616 -0.73605794
v -0.26002198 0.27652543 -0.70514739
v -0.26002198 0.27146517 -0.67423685
v -0.26836715 0.45659538 0.62400607
v -0.26002198 0.44617975 0.62400607
v -0.26002198 0.45659538 0.59425097
v -0.27601923 0.45659538 0.65491661
v -0.26002198 0.44094917 0.65491661
v -0.28294704 0.45659538 0.68582716
v -0.26002198 0.43974425 0.68582716
v -0.26002198 0.43970168 0.71673771
v -0.26002198 0.44092288 0.74764825
v -0.26002198 0.44369084 0.77855880
v -0.26002198 0.44900682 0.80946934
v -0.26002198 0.45659538 0.82329182
v -0.26026611 0.48750592 0.62400607
v -0.26002198 0.48750592 0.62303629
v -0.26757403 0.48750592 0.65491661
v -0.27456480 0.48750592 0.68582716
v -0.28120843 0.48750592 0.71673771
v -0.28747661 0.48750592 0.74764825
v -0.26002198 0.47274621 0.84037989
v -0.26002198 0.48750592 0.85295544
v -0.26002198 0.48824704 0.62400607
v -0.26002198 0.50795505 0.65491661
v -0.26165384 0.51841647 0.68582716
v -0.26002198 0.51841647 0.67696681
v -0.26643363 0.51841647 0.71673771
v -0.26991720 0.51841647 0.74764825
v -0.26393058 0.51841647 0.77855880
v -0.26002198 0.50870946 0.80946934
v -0.26002198 0.51841647 0.78423748
v -0.26002198 0.49592927 0.84037989
v -0.26002198 0.52166406 0.68582716
v -0.26002198 0.52912987 0.71673771
v -0.26002198 0.52875237 0.74764825
v -0.26002198 0.52053548 0.77855880
v -0.24160484 -0.68709481 -0.55059466
v -0.22911144 -0.69231521 -0.51968412
v -0.22911144 -0.68709481 -0.53335137
v -0.22911144 -0.69504840 -0.48877357
v -0.24011556 -0.68709481 -0.45786303
v -0.22911144 -0.68709481 -0.47313617
v -0.22911144 -0.69518796 -0.42695248
v -0.22911144 -0.68709481 -0.43265963
v -0.22911144 -0.70188413 -0.39604193
v -0.24325580 -0.68709481 -0.36513139
v -0.22911144 -0.69130720 -0.36513139
v -0.22911144 -0.68709481 -0.35387974
v -0.22911144 -0.66244011 -0.58150521
v -0.22911144 -0.65618426 -0.58924951
v -0.22911144 -0.68079373 -0.55059466
v -0.22911144 -0.67839743 -0.45786303
v -0.22911144 -0.67958850 -0.33422084
v -0.22911144 -0.66789300 -0.30331030
v -0.22957245 -0.65618426 -0.27239975
v -0.22911144 -0.65630778 -0.27239975
v -0.22911144 -0.65618426 -0.27207518
v -0.22911144 -0.62592514 -0.61241575
v -0.22911144 -0.62527372 -0.61280805
v -0.22911144 -0.64437934 -0.24148921
v -0.25701268 -0.62527372 -0.21057866
v -0.22911144 -0.63260344 -0.21057866
v -0.22911144 -0.62527372 -0.19144760
v -0.22911144 -0.59436317 -0.61808324
v -0.22911144 -0.62068669 -0.42695248
v -0.22911144 -0.59436317 -0.44282407
v -0.22911144 -0.59436317 -0.40118728
v -0.22911144 -0.62069563 -0.17966812
v -0.22911144 -0.60865098 -0.14875757
v -0.23954962 -0.59436317 -0.11784702
v -0.22911144 -0.59660771 -0.11784702
v -0.22911144 -0.59436317 -0.11223919
v -0.22911144 -0.57383305 -0.61241575
v -0.22911144 -0.56345263 -0.60802712
v -0.22911144 -0.58123647 -0.45786303
v -0.22911144 -0.56345263 -0.47490664
v -0.22911144 -0.58975067 -0.39604193
v -0.22911144 -0.56345263 -0.36730497
v -0.22911144 -0.58422640 -0.08693648
v -0.22911144 -0.57168859 -0.05602593
v -0.22911144 -0.56345263 -0.03652625
v -0.22911144 -0.53700539 -0.58150521
v -0.22911144 -0.53254208 -0.56616922
v -0.23746491 -0.53254208 -0.51968412
v -0.22911144 -0.53535129 -0.51968412
v -0.22911144 -0.53254208 -0.53424164
v -0.22911144 -0.55205925 -0.48877357
v -0.22911144 -0.56161726 -0.36513139
v -0.24436180 -0.53254208 -0.33422084
v -0.22911144 -0.53530107 -0.33422084
v -0.22911144 -0.53254208 -0.33101618
v -0.22911144 -0.55866950 -0.02511539
v -0.22911144 -0.54454668 0.00579516
v -0.22911144 -0.53254208 0.02432484
v -0.22911144 -0.52964594 -0.55059466
v -0.22911144 -0.51018425 -0.30331030
v -0.22911144 -0.50163154 -0.29273937
v -0.22911144 -0.52361951 0.03670570
v -0.22911144 -0.50163154 0.06591456
v -0.22911144 -0.48591870 -0.27239975
v -0.22911144 -0.47072099 -0.25265045
v -0.25865790 -0.47072099 0.00579516
v -0.25135476 -0.47072099 0.03670570
v -0.24205964 -0.47072099 0.06761625
v -0.22911144 -0.49902331 0.06761625
v -0.22911144 -0.47072099 0.09844504
v -0.22911144 -0.46242423 -0.24148921
v -0.22911144 -0.43981045 -0.21079098
v -0.25935342 -0.43981045 -0.11784702
v -0.25825157 -0.43981045 -0.08693648
v -0.25676379 -0.43981045 -0.05602593
v -0.25318165 -0.43981045 -0.02511539
v -0.24712057 -0.43981045 0.00579516
v -0.24001301 -0.43981045 0.03670570
v -0.23194701 -0.43981045 0.06761625
v -0.22911144 -0.43981045 0.08288036
v -0.22911144 -0.43965820 -0.21057866
v -0.22911144 -0.41773405 -0.17966812
v -0.24685325 -0.40889990 -0.14875757
v -0.22911144 -0.40889990 -0.16698982
v -0.25096084 -0.40889990 -0.11784702
v -0.24951306 -0.40889990 -0.08693648
v -0.24716901 -0.40889990 -0.05602593
v -0.24188570 -0.40889990 -0.02511539
v -0.23561879 -0.40889990 0.00579516
v -0.22911144 -0.41028367 0.03670570
v -0.22911144 -0.40889990 0.03449698
v -0.22911144 -0.43223327 0.06761625
v -0.22911144 -0.39648779 -0.14875757
v -0.23180117 -0.37798935 -0.11784702
v -0.22911144 -0.37798935 -0.12082743
v -0.24036882 -0.37798935 -0.08693648
v -0.23621976 -0.37798935 -0.05602593
v -0.23050468 -0.37798935 -0.02511539
v -0.22911144 -0.39140282 0.00579516
v -0.22911144 -0.37798935 -0.01831661
v -0.22911144 -0.37605850 -0.11784702
v -0.22911144 -0.36117797 -0.08693648
v -0.22911144 -0.35836004 -0.05602593
v -0.22911144 -0.37421401 -0.02511539
v -0.23139663 -0.22343663 0.12943734
v -0.22911144 -0.23237942 0.12943734
v -0.22911144 -0.22343663 0.11703386
v -0.23380376 -0.22343663 0.16034789
v -0.22911144 -0.24352227 0.16034789
v -0.23298615 -0.22343663 0.19125843
v -0.22911144 -0.24050820 0.19125843
v -0.22911144 -0.22343663 0.22069311
v -0.23428060 -0.19252608 0.09852679
v -0.22911144 -0.21104836 0.09852679
v -0.22911144 -0.19252608 0.07917967
v -0.23919982 -0.19252608 0.12943734
v -0.24087733 -0.19252608 0.16034789
v -0.23928736 -0.19252608 0.19125843
v -0.23436953 -0.19252608 0.22216898
v -0.22911144 -0.22229868 0.22216898
v -0.22911144 -0.19252608 0.24176302
v -0.23431802 -0.16161554 0.06761625
v -0.22911144 -0.18088235 0.06761625
v -0.22911144 -0.16161554 0.05318166
v -0.24196220 -0.16161554 0.09852679
v -0.24626416 -0.16161554 0.12943734
v -0.24725491 -0.16161554 0.16034789
v -0.24488933 -0.16161554 0.19125843
v -0.23909455 -0.16161554 0.22216898
v -0.22977865 -0.16161554 0.25307952
v -0.22911144 -0.16701036 0.25307952
v -0.22911144 -0.16161554 0.25518882
v -0.23099560 -0.13070499 0.03670570
v -0.22911144 -0.13808145 0.03670570
v -0.22911144 -0.13070499 0.03249921
v -0.24176227 -0.13070499 0.06761625
v -0.24918096 -0.13070499 0.09852679
v -0.25296072 -0.13070499 0.12943734
v -0.25325398 -0.13070499 0.16034789
v -0.25004866 -0.13070499 0.19125843
v -0.24328355 -0.13070499 0.22216898
v -0.23287402 -0.13070499 0.25307952
v -0.22911144 -0.13070499 0.26506022
v -0.23762448 -0.09979444 0.03670570
v -0.22911144 -0.09979444 0.01668508
v -0.24831926 -0.09979444 0.06761625
v -0.25563982 -0.09979444 0.09852679
v -0.25906231 -0.09979444 0.12943734
v -0.25876739 -0.09979444 0.16034789
v -0.25478293 -0.09979444 0.19125843
v -0.24705781 -0.09979444 0.22216898
v -0.23550153 -0.09979444 0.25307952
v -0.22911144 -0.09979444 0.27308719
v -0.23059994 -0.06888390 0.00579516
v -0.22911144 -0.07634903 0.00579516
v -0.22911144 -0.06888390 0.00289094
v -0.24324218 -0.06888390 0.03670570
v -0.25393859 -0.06888390 0.06761625
v -0.25881146 -0.06888390 0.19125843
v -0.25015837 -0.06888390 0.22216898
v -0.23747211 -0.06888390 0.25307952
v -0.22911144 -0.06888390 0.27833317
v -0.23544046 -0.03797335 0.00579516
v -0.22911144 -0.03797335 -0.00710581
v -0.24786926 -0.03797335 0.03670570
v -0.25855179 -0.03797335 0.06761625
v -0.25236055 -0.03797335 0.22216898
v -0.23853723 -0.03797335 0.25307952
v -0.22911144 -0.03797335 0.27983940
v -0.23995592 -0.00706281 0.00579516
v -0.22911144 -0.00706281 -0.01531979
v -0.25144831 -0.00706281 0.03670570
v -0.25657887 -0.00706281 0.22216898
v -0.23940194 -0.00706281 0.25307952
v -0.22911144 -0.00706281 0.27733724
v -0.22995785 0.02384774 -0.02511539
v -0.22911144 0.02051552 -0.02511539
v -0.22911144 0.02384774 -0.02642689
v -0.24500461 0.02384774 0.00579516
v -0.25491557 0.02384774 0.03670570
v -0.24333911 0.02384774 0.25307952
v -0.22911144 0.02384774 0.27453120
v -0.23637811 0.05475828 -0.48877357
v -0.22911144 0.05128525 -0.48877357
v -0.22911144 0.05475828 -0.51195609
v -0.22911144 0.05475828 -0.46445168
v -0.24188825 0.05475828 -0.02511539
v -0.22911144 0.05475828 -0.04887788
v -0.25337771 0.05475828 0.00579516
v -0.24928048 0.05475828 0.25307952
v -0.22911144 0.05475828 0.27664702
v -0.23257204 0.08566883 -0.70514739
v -0.22911144 0.08478501 -0.70514739
v -0.22911144 0.08566883 -0.70635194
v -0.25500767 0.08566883 -0.67423685
v -0.22911144 0.07909014 -0.67423685
v -0.22911144 0.07444900 -0.64332630
v -0.22911144 0.06981347 -0.61241575
v -0.22911144 0.06518012 -0.58150521
v -0.22911144 0.06054783 -0.55059466
v -0.22911144 0.05591613 -0.51968412
v -0.25693320 0.08566883 -0.48877357
v -0.25222097 0.08566883 -0.45786303
v -0.22911144 0.05628411 -0.45786303
v -0.24698554 0.08566883 -0.42695248
v -0.22911144 0.07341019 -0.42695248
v -0.24122067 0.08566883 -0.39604193
v -0.22911144 0.07799943 -0.39604193
v -0.23494643 0.08566883 -0.36513139
v -0.22911144 0.08195995 -0.36513139
v -0.22911144 0.08566883 -0.33858468
v -0.23849920 0.08566883 -0.05602593
v -0.22911144 0.06409434 -0.05602593
v -0.22911144 0.08566883 -0.06996869
v -0.25213715 0.08566883 -0.02511539
v -0.25218362 0.08566883 0.25307952
v -0.22911144 0.08566883 0.28206641
v -0.22911144 0.11657937 -0.73531856
v -0.22911144 0.08647996 -0.33422084
v -0.25582617 0.11657937 -0.30331030
v -0.22911144 0.09258330 -0.30331030
v -0.24985730 0.11657937 -0.27239975
v -0.22911144 0.09863477 -0.27239975
v -0.24324292 0.11657937 -0.24148921
v -0.22911144 0.10471684 -0.24148921
v -0.23602879 0.11657937 -0.21057866
v -0.22911144 0.11089998 -0.21057866
v -0.22911144 0.11657937 -0.18299931
v -0.23244222 0.11657937 -0.08693648
v -0.22911144 0.11003013 -0.08693648
v -0.22911144 0.11657937 -0.09059790
v -0.24939507 0.11657937 -0.05602593
v -0.24951339 0.11657937 0.25307952
v -0.22911144 0.11657937 0.28362336
v -0.22911144 0.11759436 -0.73605794
v -0.22911144 0.14748992 -0.75759711
v -0.25721069 0.14748992 -0.21057866
v -0.25268279 0.14748992 -0.17966812
v -0.22911144 0.11753259 -0.17966812
v -0.24720159 0.14748992 -0.14875757
v -0.22911144 0.12639511 -0.14875757
v -0.24452492 0.14748992 -0.11784702
v -0.22911144 0.12939732 -0.11784702
v -0.24288903 0.14748992 -0.08693648
v -0.25711226 0.14748992 -0.05602593
v -0.25893129 0.14748992 0.22216898
v -0.24141566 0.14748992 0.25307952
v -0.22911144 0.14748992 0.27315169
v -0.22911144 0.16529295 -0.76696848
v -0.22911144 0.17840047 -0.77386905
v -0.24726193 0.17840047 -0.55059466
v -0.22911144 0.17418775 -0.51968412
v -0.22911144 0.17840047 -0.53061650
v -0.24258083 0.17840047 -0.48877357
v -0.22911144 0.17840047 -0.50945757
v -0.25120849 0.17840047 -0.45786303
v -0.25478005 0.17840047 -0.42695248
v -0.25652302 0.17840047 -0.39604193
v -0.25730731 0.17840047 -0.36513139
v -0.25739312 0.17840047 -0.33422084
v -0.25691721 0.17840047 -0.30331030
v -0.25596051 0.17840047 -0.27239975
v -0.25457236 0.17840047 -0.24148921
v -0.25278087 0.17840047 -0.21057866
v -0.25059698 0.17840047 -0.17966812
v -0.24801384 0.17840047 -0.14875757
v -0.24948343 0.17840047 -0.11784702
v -0.25298920 0.17840047 -0.08693648
v -0.25971043 0.17840047 -0.05602593
v -0.24800528 0.17840047 0.22216898
v -0.23261114 0.17840047 0.25307952
v -0.22911144 0.17840047 0.25803549
v -0.25975697 0.20931101 -0.79787903
v -0.22911144 0.20931101 -0.79013394
v -0.22911144 0.18889555 -0.55059466
v -0.22911144 0.20931101 -0.56970301
v -0.22911144 0.18410428 -0.48877357
v -0.22911144 0.19216860 -0.45786303
v -0.22911144 0.19931073 -0.42695248
v -0.22911144 0.20487507 -0.39604193
v -0.22911144 0.20917873 -0.36513139
v -0.23187888 0.20931101 -0.33422084
v -0.22911144 0.20931101 -0.36391633
v -0.23365514 0.20931101 -0.30331030
v -0.23459867 0.20931101 -0.27239975
v -0.23487207 0.20931101 -0.24148921
v -0.23457710 0.20931101 -0.21057866
v -0.23487015 0.20931101 -0.17966812
v -0.23525255 0.20931101 -0.14875757
v -0.23423460 0.20931101 -0.11784702
v -0.24119428 0.20931101 -0.08693648
v -0.25304498 0.20931101 -0.05602593
v -0.25712716 0.20931101 0.12943734
v -0.24933238 0.20931101 0.16034789
v -0.24019660 0.20931101 0.19125843
v -0.23011498 0.20931101 0.22216898
v -0.22911144 0.18583343 0.25307952
v -0.22911144 0.20931101 0.22476714
v -0.22911144 0.22403224 -0.79787903
v -0.22911144 0.24022156 -0.80639669
v -0.22911144 0.22190219 -0.58150521
v -0.22911144 0.24022156 -0.59964359
v -0.22911144 0.21173859 -0.33422084
v -0.22911144 0.21366099 -0.30331030
v -0.22911144 0.21498915 -0.27239975
v -0.22911144 0.21571228 -0.24148921
v -0.22911144 0.21580436 -0.21057866
v -0.22911144 0.21535389 -0.17966812
v -0.22911144 0.21675661 -0.14875757
v -0.22911144 0.21670611 -0.11784702
v -0.22911144 0.22907551 -0.08693648
v -0.23288703 0.24022156 -0.05602593
v -0.22911144 0.24022156 -0.06687344
v -0.23965716 0.24022156 -0.02511539
v -0.24298442 0.24022156 0.00579516
v -0.24345415 0.24022156 0.03670570
v -0.24153276 0.24022156 0.06761625
v -0.23919790 0.24022156 0.09852679
v -0.23787204 0.24022156 0.12943734
v -0.23056914 0.24022156 0.16034789
v -0.22911144 0.22488299 0.19125843
v -0.22911144 0.24022156 0.16369426
v -0.22911144 0.21083312 0.22216898
v -0.23490309 0.27113210 -0.82878957
v -0.22911144 0.27113210 -0.81514216
v -0.23745503 0.27113210 -0.73605794
v -0.22911144 0.26742147 -0.73605794
v -0.22911144 0.27113210 -0.76079147
v -0.24819278 0.27113210 -0.70514739
v -0.22911144 0.26278161 -0.70514739
v -0.25928549 0.27113210 -0.67423685
v -0.22911144 0.25813749 -0.67423685
v -0.22911144 0.25348470 -0.64332630
v -0.22911144 0.24880203 -0.61241575
v -0.22911144 0.24403413 -0.05602593
v -0.22911144 0.25080908 -0.02511539
v -0.22911144 0.25419673 0.00579516
v -0.22911144 0.25490376 0.03670570
v -0.22911144 0.25942225 0.06761625
v -0.22911144 0.26246398 0.09852679
v -0.22911144 0.25833870 0.12943734
v -0.22911144 0.24306882 0.16034789
v -0.22911144 0.27669439 -0.79787903
v -0.22911144 0.27205882 -0.76696848
v -0.23032376 0.45659538 0.50036389
v -0.22911144 0.45436504 0.50036389
v -0.22911144 0.45659538 0.49676198
v -0.24033749 0.45659538 0.53127443
v -0.22911144 0.44089953 0.53127443
v -0.25010997 0.45659538 0.56218498
v -0.22911144 0.43352165 0.56218498
v -0.25960781 0.45659538 0.59309552
v -0.22911144 0.43020488 0.59309552
v -0.22911144 0.42818464 0.62400607
v -0.22911144 0.42735276 0.65491661
v -0.22911144 0.42773497 0.68582716
v -0.22911144 0.42948190 0.71673771
v -0.22911144 0.43303893 0.74764825
v -0.22911144 0.44288523 0.77855880
v -0.24579400 0.45659538 0.80946934
v -0.22911144 0.45659538 0.79525931
v -0.22911144 0.46565964 0.50036389
v -0.23509809 0.48750592 0.53127443
v -0.22911144 0.48750592 0.51045130
v -0.24370200 0.48750592 0.56218498
v -0.25209087 0.48750592 0.59309552
v -0.22911144 0.47313281 0.80946934
v -0.24825823 0.48750592 0.84037989
v -0.22911144 0.48750592 0.82049141
v -0.22911144 0.51194552 0.53127443
v -0.23504511 0.51841647 0.56218498
v -0.22911144 0.51841647 0.53787910
v -0.24225090 0.51841647 0.59309552
v -0.24913663 0.51841647 0.62400607
v -0.25568233 0.51841647 0.65491661
v -0.22911144 0.50042703 0.80946934
v -0.22911144 0.51841647 0.78561993
v -0.22911144 0.53540552 0.56218498
v -0.23007846 0.54932701 0.59309552
v -0.22911144 0.54932701 0.58814831
v -0.23530981 0.54932701 0.62400607
v -0.23961437 0.54932701 0.65491661
v -0.24005368 0.54932701 0.68582716
v -0.22911144 0.54642162 0.71673771
v -0.22911144 0.54932701 0.70875661
v -0.22911144 0.53405699 0.74764825
v -0.22911144 0.52142856 0.77855880
v -0.22911144 0.55137517 0.59309552
v -0.22911144 0.56059701 0.62400607
v -0.22911144 0.56337010 0.65491661
v -0.22911144 0.55742819 0.68582716
v -0.22175047 -0.68709481 -0.51968412
v -0.21903204 -0.68709481 -0.48877357
v -0.22682562 -0.68709481 -0.42695248
v -0.21517904 -0.68709481 -0.39604193
v -0.21651530 -0.68709481 -0.36513139
v -0.19958264 -0.68709481 -0.33422084
v -0.19820089 -0.68742637 -0.33422084
v -0.19820089 -0.68709481 -0.33586642
v -0.19820089 -0.68709481 -0.33336137
v -0.22094289 -0.65618426 -0.58150521
v -0.19820089 -0.65825335 -0.55059466
v -0.19820089 -0.65618426 -0.55390163
v -0.19820089 -0.67092756 -0.51968412
v -0.19820089 -0.67396782 -0.48877357
v -0.19820089 -0.65634886 -0.45786303
v -0.21993354 -0.65618426 -0.42695248
v -0.19820089 -0.65618426 -0.45755482
v -0.20658799 -0.65618426 -0.39604193
v -0.19820089 -0.66728057 -0.36513139
v -0.19820089 -0.65618426 -0.37459546
v -0.19820089 -0.67542619 -0.30331030
v -0.19820089 -0.66347748 -0.27239975
v -0.19820089 -0.65618426 -0.25363720
v -0.22858534 -0.62527372 -0.61241575
v -0.19820089 -0.62692888 -0.58150521
v -0.19820089 -0.62527372 -0.58276108
v -0.22365742 -0.62527372 -0.42695248
v -0.19820089 -0.62527372 -0.44483696
v -0.19973703 -0.62527372 -0.39604193
v -0.19820089 -0.62527372 -0.39310693
v -0.19820089 -0.65143577 -0.24148921
v -0.19820089 -0.63928247 -0.21057866
v -0.20733218 -0.62527372 -0.17966812
v -0.19820089 -0.62710093 -0.17966812
v -0.19820089 -0.62527372 -0.17511336
v -0.19865950 -0.62527372 0.03670570
v -0.19820089 -0.62627131 0.03670570
v -0.19820089 -0.62527372 0.03528108
v -0.19820089 -0.62527372 0.03827793
v -0.22131781 -0.59436317 -0.61241575
v -0.19820089 -0.59436317 -0.58725300
v -0.21178886 -0.59436317 -0.45786303
v -0.19820089 -0.61156421 -0.45786303
v -0.19820089 -0.59436317 -0.46821392
v -0.21675240 -0.59436317 -0.39604193
v -0.19820089 -0.59436317 -0.38760174
v -0.19820089 -0.61470151 -0.14875757
v -0.19820089 -0.60219572 -0.11784702
v -0.19820089 -0.59436317 -0.09887153
v -0.20919377 -0.59436317 0.03670570
v -0.19820089 -0.59436317 0.01574738
v -0.20314638 -0.59436317 0.06761625
v -0.19820089 -0.60635675 0.06761625
v -0.19820089 -0.59436317 0.08012648
v -0.20622718 -0.56345263 -0.58150521
v -0.19820089 -0.58239055 -0.58150521
v -0.19820089 -0.56345263 -0.56387222
v -0.21173437 -0.56345263 -0.48877357
v -0.19820089 -0.57443358 -0.48877357
v -0.19820089 -0.56345263 -0.50909906
v -0.22195474 -0.56345263 -0.36513139
v -0.19820089 -0.57160424 -0.36513139
v -0.19820089 -0.56345263 -0.35772418
v -0.19820089 -0.58945386 -0.08693648
v -0.19820089 -0.57639147 -0.05602593
v -0.19820089 -0.56345263 -0.02658381
v -0.21316854 -0.56345263 0.03670570
v -0.19820089 -0.56345263 0.01165666
v -0.21295266 -0.56345263 0.06761625
v -0.20255529 -0.56345263 0.09852679
v -0.19820089 -0.57558116 0.09852679
v -0.19820089 -0.56345263 0.10803576
v -0.22492890 -0.53254208 -0.55059466
v -0.19820089 -0.55744712 -0.55059466
v -0.19820089 -0.55849636 -0.51968412
v -0.19820089 -0.54235691 -0.33422084
v -0.19820089 -0.53254208 -0.32358247
v -0.19820089 -0.56280865 -0.02511539
v -0.19820089 -0.55979723 0.00579516
v -0.21469600 -0.53254208 0.03670570
v -0.21985928 -0.53254208 0.06761625
v -0.21122388 -0.53254208 0.09852679
v -0.19854270 -0.53254208 0.12943734
v -0.19820089 -0.53364758 0.12943734
v -0.19820089 -0.53254208 0.13011641
v -0.19820089 -0.51562588 -0.30331030
v -0.19820089 -0.50163154 -0.28670039
v -0.22714235 -0.50163154 0.06761625
v -0.21761939 -0.50163154 0.09852679
v -0.20622570 -0.50163154 0.12943734
v -0.19820089 -0.50163154 0.14669512
v -0.19820089 -0.49033507 -0.27239975
v -0.19820089 -0.47072099 -0.24755067
v -0.22904982 -0.47072099 0.09852679
v -0.21208125 -0.47072099 0.12943734
v -0.19879555 -0.47072099 0.16034789
v -0.19820089 -0.47346229 0.16034789
v -0.19820089 -0.47072099 0.16480486
v -0.19820089 -0.46614725 -0.24148921
v -0.22765474 -0.43981045 -0.21057866
v -0.19820089 -0.44299412 -0.21057866
v -0.19820089 -0.43981045 -0.20628825
v -0.22552370 -0.43981045 0.09852679
v -0.21647647 -0.43981045 0.12943734
v -0.20655613 -0.43981045 0.16034789
v -0.20336628 -0.43981045 0.19125843
v -0.19820089 -0.46021062 0.19125843
v -0.19820089 -0.43981045 0.21683672
v -0.19820089 -0.42075300 -0.17966812
v -0.19820089 -0.40889990 -0.16279241
v -0.22859775 -0.40889990 0.03670570
v -0.22068596 -0.40889990 0.06761625
v -0.22636769 -0.40889990 0.09852679
v -0.21967571 -0.40889990 0.12943734
v -0.21231910 -0.40889990 0.16034789
v -0.20989323 -0.40889990 0.19125843
v -0.20385494 -0.40889990 0.22216898
v -0.19820089 -0.43490031 0.22216898
v -0.19820089 -0.40889990 0.23956291
v -0.19820089 -0.39931117 -0.14875757
v -0.20757274 -0.37798935 -0.11784702
v -0.19820089 -0.37883792 -0.11784702
v -0.19820089 -0.37798935 -0.11648709
v -0.22409549 -0.37798935 0.00579516
v -0.21706499 -0.37798935 0.03670570
v -0.21308393 -0.37798935 0.06761625
v -0.22411292 -0.37798935 0.09852679
v -0.22184706 -0.37798935 0.12943734
v -0.21669643 -0.37798935 0.16034789
v -0.21516808 -0.37798935 0.19125843
v -0.20932752 -0.37798935 0.22216898
v -0.19949559 -0.37798935 0.25307952
v -0.19820089 -0.38506371 0.25307952
v -0.19820089 -0.37798935 0.25600286
v -0.19820089 -0.36074663 -0.08693648
v -0.20421517 -0.34707881 -0.05602593
v -0.19820089 -0.34707881 -0.05819080
v -0.21656629 -0.34707881 -0.02511539
v -0.21255895 -0.34707881 0.00579516
v -0.20556946 -0.34707881 0.03670570
v -0.20447429 -0.34707881 0.06761625
v -0.21942975 -0.34707881 0.09852679
v -0.22309196 -0.34707881 0.12943734
v -0.22059282 -0.34707881 0.16034789
v -0.21926652 -0.34707881 0.19125843
v -0.21361861 -0.34707881 0.22216898
v -0.20398962 -0.34707881 0.25307952
v -0.19820089 -0.34707881 0.26636213
v -0.19820089 -0.34606054 -0.05602593
v -0.19820089 -0.33210499 -0.02511539
v -0.19820089 -0.32052916 0.00579516
v -0.19820089 -0.32726682 0.03670570
v -0.20175501 -0.31616826 0.06761625
v -0.19820089 -0.31616826 0.05539041
v -0.21559414 -0.31616826 0.09852679
v -0.22380526 -0.31616826 0.12943734
v -0.22339245 -0.31616826 0.16034789
v -0.22226965 -0.31616826 0.19125843
v -0.21681031 -0.31616826 0.22216898
v -0.20737455 -0.31616826 0.25307952
v -0.19820089 -0.31616826 0.27445016
v -0.20251573 -0.28525772 0.06761625
v -0.19820089 -0.28525772 0.05887265
v -0.21399825 -0.28525772 0.09852679
v -0.22229930 -0.28525772 0.12943734
v -0.22518413 -0.28525772 0.16034789
v -0.22426767 -0.28525772 0.19125843
v -0.21899446 -0.28525772 0.22216898
v -0.20974394 -0.28525772 0.25307952
v -0.19820089 -0.28525772 0.28035737
v -0.20407650 -0.25434717 0.06761625
v -0.19820089 -0.25434717 0.05441759
v -0.21482204 -0.25434717 0.09852679
v -0.22246297 -0.25434717 0.12943734
v -0.22614549 -0.25434717 0.16034789
v -0.22551533 -0.25434717 0.19125843
v -0.22155763 -0.25434717 0.22216898
v -0.21403693 -0.25434717 0.25307952
v -0.20271470 -0.25434717 0.28399007
v -0.19820089 -0.27740970 0.28399007
v -0.19820089 -0.25434717 0.29368593
v -0.20186769 -0.22343663 0.03670570
v -0.19820089 -0.23343249 0.03670570
v -0.19820089 -0.22343663 0.03008422
v -0.21502625 -0.22343663 0.06761625
v -0.22516728 -0.22343663 0.09852679
v -0.22888317 -0.22343663 0.22216898
v -0.22026812 -0.22343663 0.25307952
v -0.20800744 -0.22343663 0.28399007
v -0.19820089 -0.22343663 0.30641096
v -0.21231129 -0.19252608 0.03670570
v -0.19820089 -0.19252608 0.01108382
v -0.22554913 -0.19252608 0.06761625
v -0.22551830 -0.19252608 0.25307952
v -0.21304958 -0.19252608 0.28399007
v -0.20034943 -0.19252608 0.31490061
v -0.19820089 -0.20357520 0.31490061
v -0.19820089 -0.19252608 0.31818815
v -0.20550264 -0.16161554 0.00579516
v -0.19820089 -0.18357533 0.00579516
v -0.19820089 -0.16161554 -0.00530135
v -0.22223186 -0.16161554 0.03670570
v -0.21807851 -0.16161554 0.28399007
v -0.20542923 -0.16161554 0.31490061
v -0.19820089 -0.16161554 0.32599442
v -0.21518374 -0.13070499 0.00579516
v -0.19820089 -0.13070499 -0.02054232
v -0.22213263 -0.13070499 0.28399007
v -0.20953493 -0.13070499 0.31490061
v -0.19820089 -0.13070499 0.33234613
v -0.20440874 -0.09979444 -0.02511539
v -0.19820089 -0.12064230 -0.02511539
v -0.19820089 -0.09979444 -0.03339322
v -0.22372957 -0.09979444 0.00579516
v -0.22515478 -0.09979444 0.28399007
v -0.21260916 -0.09979444 0.31490061
v -0.19820089 -0.09979444 0.33713864
v -0.21231420 -0.06888390 -0.02511539
v -0.19820089 -0.06888390 -0.04445070
v -0.22705158 -0.06888390 0.28399007
v -0.21455802 -0.06888390 0.31490061
v -0.19820089 -0.06888390 0.34021019
v -0.21877765 -0.03797335 -0.02511539
v -0.19820089 -0.03797335 -0.05426595
v -0.22755596 -0.03797335 0.28399007
v -0.21511203 -0.03797335 0.31490061
v -0.19820089 -0.03797335 0.34112317
v -0.20264807 -0.00706281 -0.05602593
v -0.19820089 -0.03113504 -0.05602593
v -0.19820089 -0.00706281 -0.06147333
v -0.22371245 -0.00706281 -0.02511539
v -0.22646816 -0.00706281 0.28399007
v -0.21407787 -0.00706281 0.31490061
v -0.19820089 -0.00706281 0.33956902
v -0.20942115 0.02384774 -0.05602593
v -0.19820089 0.02384774 -0.06678231
v -0.22418402 0.02384774 0.28399007
v -0.21184992 0.02384774 0.31490061
v -0.19820089 0.02384774 0.33614749
v -0.19820089 0.05303824 -0.48877357
v -0.19820089 0.05475828 -0.49658000
v -0.22497802 0.05475828 -0.45786303
v -0.19820089 0.04622976 -0.45786303
v -0.19820089 0.05475828 -0.44927351
v -0.22211685 0.05475828 -0.05602593
v -0.19820089 0.05475828 -0.07022840
v -0.22345794 0.05475828 0.28399007
v -0.20855467 0.05475828 0.31490061
v -0.19820089 0.05475828 0.33104642
v -0.22686467 0.08566883 -0.70514739
v -0.21289618 0.08566883 -0.67423685
v -0.20089644 0.08566883 -0.64332630
v -0.19820089 0.08032920 -0.61241575
v -0.19820089 0.08566883 -0.63653768
v -0.19820089 0.07349735 -0.58150521
v -0.19820089 0.06667262 -0.55059466
v -0.19820089 0.05985297 -0.51968412
v -0.19820089 0.07007643 -0.42695248
v -0.19820089 0.07101400 -0.39604193
v -0.19820089 0.07210533 -0.36513139
v -0.22750189 0.08566883 -0.33422084
v -0.19820089 0.07492936 -0.33422084
v -0.21613514 0.08566883 -0.30331030
v -0.19820089 0.07846112 -0.30331030
v -0.20561203 0.08566883 -0.27239975
v -0.19820089 0.08248521 -0.27239975
v -0.19820089 0.08566883 -0.25033988
v -0.19820089 0.08566883 -0.08409054
v -0.22745754 0.08566883 0.28399007
v -0.20460885 0.08566883 0.31490061
v -0.19820089 0.08566883 0.32436515
v -0.19820089 0.11164375 -0.70514739
v -0.19820089 0.11657937 -0.70803653
v -0.19820089 0.09404432 -0.67423685
v -0.19820089 0.08717313 -0.64332630
v -0.19820089 0.08720125 -0.24148921
v -0.19820089 0.09295314 -0.21057866
v -0.22801073 0.11657937 -0.17966812
v -0.19820089 0.09888562 -0.17966812
v -0.21731385 0.11657937 -0.14875757
v -0.19820089 0.10500927 -0.14875757
v -0.21170416 0.11657937 -0.11784702
v -0.19820089 0.10630255 -0.11784702
v -0.19820089 0.09050590 -0.08693648
v -0.22884828 0.11657937 0.28399007
v -0.20170170 0.11657937 0.31490061
v -0.19820089 0.11657937 0.31871924
v -0.20909079 0.14748992 -0.73605794
v -0.19820089 0.14748992 -0.72432290
v -0.22117041 0.14748992 0.28399007
v -0.19820089 0.12686935 0.31490061
v -0.19820089 0.14748992 0.30726800
v -0.22269586 0.17840047 -0.76696848
v -0.19820089 0.16977630 -0.73605794
v -0.19820089 0.17840047 -0.74059655
v -0.21655579 0.17840047 -0.55059466
v -0.19820089 0.16307273 -0.55059466
v -0.19820089 0.17840047 -0.56496275
v -0.19820089 0.15026443 -0.51968412
v -0.21611884 0.17840047 -0.48877357
v -0.19820089 0.16565804 -0.48877357
v -0.19820089 0.17840047 -0.46466656
v -0.20477671 0.17840047 0.28399007
v -0.19820089 0.17840047 0.29193901
v -0.20758409 0.20931101 -0.76696848
v -0.19820089 0.20931101 -0.75686301
v -0.21407012 0.20931101 -0.58150521
v -0.19820089 0.19603213 -0.58150521
v -0.19820089 0.20931101 -0.59398043
v -0.19820089 0.18065828 -0.45786303
v -0.19820089 0.19068357 -0.42695248
v -0.19820089 0.20067404 -0.39604193
v -0.22660891 0.20931101 -0.36513139
v -0.19820089 0.20931101 -0.36908956
v -0.21632529 0.20931101 0.25307952
v -0.19820089 0.18889643 0.28399007
v -0.19820089 0.20931101 0.27222193
v -0.22119400 0.24022156 -0.79787903
v -0.19820089 0.22851468 -0.76696848
v -0.19820089 0.24022156 -0.77312778
v -0.20156928 0.24022156 -0.64332630
v -0.19820089 0.23859844 -0.64332630
v -0.19820089 0.24022156 -0.65404091
v -0.21267845 0.24022156 -0.61241575
v -0.19820089 0.22888805 -0.61241575
v -0.19820089 0.21028982 -0.36513139
v -0.19820089 0.21754611 -0.33422084
v -0.19820089 0.22449348 -0.30331030
v -0.19820089 0.23104471 -0.27239975
v -0.19820089 0.23697125 -0.24148921
v -0.19960256 0.24022156 -0.21057866
v -0.19820089 0.24022156 -0.21813193
v -0.20251903 0.24022156 -0.17966812
v -0.20703649 0.24022156 -0.14875757
v -0.21256732 0.24022156 -0.11784702
v -0.22070232 0.24022156 -0.08693648
v -0.21765884 0.24022156 0.19125843
v -0.20874893 0.24022156 0.22216898
v -0.19820089 0.23578887 0.25307952
v -0.19820089 0.24022156 0.24672940
v -0.21749729 0.27113210 -0.79787903
v -0.22717774 0.27113210 -0.76696848
v -0.19820089 0.24767801 -0.76696848
v -0.19820089 0.25259705 -0.73605794
v -0.19820089 0.24794252 -0.70514739
v -0.19820089 0.24327922 -0.67423685
v -0.19820089 0.24110444 -0.21057866
v -0.19820089 0.24365645 -0.17966812
v -0.19820089 0.24687545 -0.14875757
v -0.19820089 0.25154707 -0.11784702
v -0.19820089 0.25729907 -0.08693648
v -0.19820089 0.26786872 -0.05602593
v -0.20410814 0.27113210 -0.02511539
v -0.19820089 0.27113210 -0.04385417
v -0.20930438 0.27113210 0.00579516
v -0.21114495 0.27113210 0.03670570
v -0.21971186 0.27113210 0.06761625
v -0.22366580 0.27113210 0.09852679
v -0.22043276 0.27113210 0.12943734
v -0.20871977 0.27113210 0.16034789
v -0.19820089 0.26493603 0.19125843
v -0.19820089 0.27113210 0.17863726
v -0.19820089 0.25440850 0.22216898
v -0.19820089 0.27550588 -0.02511539
v -0.19820089 0.28164189 0.00579516
v -0.19820089 0.29011062 0.03670570
v -0.19820089 0.30109324 0.06761625
v -0.19971954 0.30204265 0.09852679
v -0.19820089 0.30204265 0.07790793
v -0.19820089 0.29775627 0.12943734
v -0.19820089 0.30204265 0.10750010
v -0.19820089 0.28294548 0.16034789
v -0.19820089 0.30368785 0.09852679
v -0.20090177 0.42568483 0.50036389
v -0.19820089 0.42325800 0.50036389
v -0.19820089 0.42568483 0.49088939
v -0.20834156 0.42568483 0.53127443
v -0.19820089 0.41842624 0.53127443
v -0.21469177 0.42568483 0.56218498
v -0.19820089 0.41703461 0.56218498
v -0.21977754 0.42568483 0.59309552
v -0.19820089 0.41592717 0.59309552
v -0.22328859 0.42568483 0.62400607
v -0.19820089 0.41551613 0.62400607
v -0.22463208 0.42568483 0.65491661
v -0.19820089 0.41630057 0.65491661
v -0.22246094 0.42568483 0.68582716
v -0.19820089 0.41847740 0.68582716
v -0.21224755 0.42568483 0.71673771
v -0.19820089 0.42258551 0.71673771
v -0.19820089 0.42568483 0.72573098
v -0.20746481 0.45659538 0.43854280
v -0.19820089 0.44188389 0.43854280
v -0.19820089 0.45659538 0.42192124
v -0.21916365 0.45659538 0.46945334
v -0.19820089 0.43027394 0.46945334
v -0.19820089 0.43852326 0.74764825
v -0.21272130 0.45659538 0.77855880
v -0.19820089 0.45659538 0.76453084
v -0.20634238 0.48750592 0.43854280
v -0.19820089 0.48750592 0.42219623
v -0.21630237 0.48750592 0.46945334
v -0.22604152 0.48750592 0.50036389
v -0.19820089 0.47506512 0.77855880
v -0.21901283 0.48750592 0.80946934
v -0.19820089 0.48750592 0.78725628
v -0.20193706 0.51841647 0.43854280
v -0.19820089 0.51841647 0.41704615
v -0.21049686 0.51841647 0.46945334
v -0.21905174 0.51841647 0.50036389
v -0.22741011 0.51841647 0.53127443
v -0.19857295 0.51841647 0.77855880
v -0.19820089 0.51822528 0.77855880
v -0.19820089 0.51841647 0.77847559
v -0.19960683 0.54932701 0.40763225
v -0.19820089 0.53463240 0.40763225
v -0.19820089 0.54932701 0.39971958
v -0.20321817 0.54932701 0.43854280
v -0.20542929 0.54932701 0.46945334
v -0.20980899 0.54932701 0.50036389
v -0.21691837 0.54932701 0.53127443
v -0.22371432 0.54932701 0.56218498
v -0.19820089 0.54611756 0.71673771
v -0.19820089 0.54932701 0.70935301
v -0.19820089 0.53224906 0.74764825
v -0.20039829 0.58023756 0.40763225
v -0.19820089 0.58023756 0.39227622
v -0.20298012 0.58023756 0.43854280
v -0.20411199 0.58023756 0.46945334
v -0.20361894 0.58023756 0.50036389
v -0.20392703 0.58023756 0.53127443
v -0.20880878 0.58023756 0.56218498
v -0.21235776 0.58023756 0.59309552
v -0.20601644 0.58023756 0.62400607
v -0.19820089 0.57181258 0.65491661
v -0.19820089 0.58023756 0.63348357
v -0.19820089 0.55918803 0.68582716
v -0.19918219 0.61114810 0.40763225
v -0.19820089 0.61114810 0.39984190
v -0.20109927 0.61114810 0.43854280
v -0.20094236 0.61114810 0.46945334
v -0.19878888 0.61114810 0.50036389
v -0.19820089 0.59831949 0.53127443
v -0.19820089 0.61114810 0.50477240
v -0.19820089 0.59736787 0.56218498
v -0.19820089 0.59369136 0.59309552
v -0.19820089 0.58384769 0.62400607
v -0.19820089 0.62033773 0.40763225
v -0.19820089 0.63279918 0.43854280
v -0.19820089 0.62687461 0.46945334
v -0.19820089 0.61372352 0.50036389
v -0.19782373 -0.68709481 -0.33422084
v -0.19594210 -0.65618426 -0.55059466
v -0.18099626 -0.65618426 -0.51968412
v -0.17531315 -0.65618426 -0.48877357
v -0.19800365 -0.65618426 -0.45786303
v -0.19474324 -0.65618426 -0.36513139
v -0.18412028 -0.65618426 -0.33422084
v -0.17543160 -0.65618426 -0.30331030
v -0.16729035 -0.65986057 -0.27239975
v -0.16729035 -0.65618426 -0.28039566
v -0.17441890 -0.65618426 -0.24148921
v -0.16729035 -0.65756681 -0.24148921
v -0.16729035 -0.65618426 -0.23804667
v -0.17385938 -0.65618426 0.00579516
v -0.16729035 -0.66831415 0.00579516
v -0.16729035 -0.65618426 -0.00030951
v -0.17947015 -0.65618426 0.03670570
v -0.16729035 -0.67107346 0.03670570
v -0.16729035 -0.65618426 0.06382813
v -0.19720199 -0.62527372 -0.58150521
v -0.17741892 -0.62527372 -0.55059466
v -0.16729035 -0.63281153 -0.51968412
v -0.16729035 -0.62527372 -0.52830282
v -0.16729035 -0.64225534 -0.48877357
v -0.18847998 -0.62527372 -0.45786303
v -0.16729035 -0.62527372 -0.47820215
v -0.18626594 -0.62527372 -0.36513139
v -0.17445445 -0.62527372 -0.33422084
v -0.16729035 -0.63556385 -0.30331030
v -0.16729035 -0.62527372 -0.31374409
v -0.16729035 -0.64515563 -0.21057866
v -0.16729035 -0.63266672 -0.17966812
v -0.16729035 -0.62527372 -0.16161291
v -0.18501435 -0.62527372 0.00579516
v -0.16729035 -0.62527372 -0.01096765
v -0.18791158 -0.62527372 0.06761625
v -0.16729035 -0.65408618 0.06761625
v -0.17096846 -0.62527372 0.09852679
v -0.16729035 -0.63022183 0.09852679
v -0.16729035 -0.62527372 0.10391555
v -0.19419646 -0.59436317 -0.58150521
v -0.17867622 -0.59436317 -0.55059466
v -0.17061361 -0.59436317 -0.51968412
v -0.16729035 -0.60837257 -0.51968412
v -0.17845128 -0.59436317 -0.48877357
v -0.16729035 -0.61149325 -0.48877357
v -0.18059081 -0.59436317 -0.36513139
v -0.16729035 -0.59982900 -0.33422084
v -0.16729035 -0.59436317 -0.33802391
v -0.16729035 -0.62002051 -0.14875757
v -0.16729035 -0.60718364 -0.11784702
v -0.16729035 -0.59436317 -0.08753619
v -0.19126473 -0.59436317 0.00579516
v -0.16729035 -0.59436317 -0.01772210
v -0.18962518 -0.59436317 0.09852679
v -0.17118633 -0.59436317 0.12943734
v -0.16729035 -0.60052988 0.12943734
v -0.16729035 -0.59436317 0.13502810
v -0.19330660 -0.56345263 -0.55059466
v -0.19307354 -0.56345263 -0.51968412
v -0.16729035 -0.56345263 -0.34307106
v -0.16729035 -0.59411041 -0.08693648
v -0.16729035 -0.58067483 -0.05602593
v -0.19303820 -0.56345263 -0.02511539
v -0.16729035 -0.57951551 -0.02511539
v -0.19385075 -0.56345263 0.00579516
v -0.18692503 -0.56345263 0.12943734
v -0.16770718 -0.56345263 0.16034789
v -0.16729035 -0.56423694 0.16034789
v -0.16729035 -0.56345263 0.16122684
v -0.16729035 -0.55460608 -0.33422084
v -0.16729035 -0.53254208 -0.31426540
v -0.18111135 -0.53254208 0.16034789
v -0.17159036 -0.53254208 0.19125843
v -0.16729035 -0.54181518 0.19125843
v -0.16729035 -0.53254208 0.20767703
v -0.16729035 -0.52290314 -0.30331030
v -0.16729035 -0.50163154 -0.27976416
v -0.19143189 -0.50163154 0.16034789
v -0.18421066 -0.50163154 0.19125843
v -0.17639703 -0.50163154 0.22216898
v -0.16729035 -0.52353999 0.22216898
v -0.16729035 -0.50163154 0.24450971
v -0.16729035 -0.49562539 -0.27239975
v -0.16729035 -0.47072099 -0.24204655
v -0.19505994 -0.47072099 0.19125843
v -0.18751694 -0.47072099 0.22216898
v -0.17523841 -0.47072099 0.25307952
v -0.16729035 -0.49228211 0.25307952
v -0.16729035 -0.47072099 0.26764939
v -0.16729035 -0.47029183 -0.24148921
v -0.16729035 -0.44659820 -0.21057866
v -0.16729035 -0.43981045 -0.20165381
v -0.19694577 -0.43981045 0.22216898
v -0.18497202 -0.43981045 0.25307952
v -0.16846663 -0.43981045 0.28399007
v -0.16729035 -0.44345372 0.28399007
v -0.16729035 -0.43981045 0.28572624
v -0.16729035 -0.42387316 -0.17966812
v -0.16729035 -0.40889990 -0.15859040
v -0.19309395 -0.40889990 0.25307952
v -0.17691588 -0.40889990 0.28399007
v -0.16729035 -0.40889990 0.29845490
v -0.16729035 -0.40214999 -0.14875757
v -0.16729035 -0.38164587 -0.11784702
v -0.16729035 -0.37798935 -0.11168554
v -0.18382935 -0.37798935 0.28399007
v -0.16729035 -0.37798935 0.30926247
v -0.16729035 -0.36431619 -0.08693648
v -0.19017737 -0.34707881 -0.05602593
v -0.16729035 -0.34998108 -0.05602593
v -0.16729035 -0.34707881 -0.04946789
v -0.18931009 -0.34707881 0.28399007
v -0.16938610 -0.34707881 0.31490061
v -0.16729035 -0.35833160 0.31490061
v -0.16729035 -0.34707881 0.31757939
v -0.16729035 -0.33629380 -0.02511539
v -0.16729035 -0.32058977 0.00579516
v -0.19087165 -0.31616826 0.03670570
v -0.16729035 -0.31616826 0.01295822
v -0.19346843 -0.31616826 0.28399007
v -0.17381416 -0.31616826 0.31490061
v -0.16729035 -0.31616826 0.32415033
v -0.18555624 -0.28525772 0.03670570
v -0.16729035 -0.28525772 0.01094470
v -0.19643318 -0.28525772 0.28399007
v -0.17932963 -0.28525772 0.31490061
v -0.16729035 -0.28525772 0.33209736
v -0.16972950 -0.25434717 0.00579516
v -0.16729035 -0.26745534 0.00579516
v -0.16729035 -0.25434717 0.00263912
v -0.18945500 -0.25434717 0.03670570
v -0.18601050 -0.25434717 0.31490061
v -0.16729035 -0.25434717 0.34015081
v -0.18248864 -0.22343663 0.00579516
v -0.16729035 -0.22343663 -0.01374796
v -0.19383149 -0.22343663 0.31490061
v -0.17098467 -0.22343663 0.34581116
v -0.16729035 -0.23793375 0.34581116
v -0.16729035 -0.22343663 0.34955619
v -0.17070783 -0.19252608 -0.02511539
v -0.16729035 -0.20100001 -0.02511539
v -0.16729035 -0.19252608 -0.02888711
v -0.19478106 -0.19252608 0.00579516
v -0.17784260 -0.19252608 0.34581116
v -0.16729035 -0.19252608 0.35653553
v -0.18283470 -0.16161554 -0.02511539
v -0.16729035 -0.16161554 -0.04226938
v -0.18364262 -0.16161554 0.34581116
v -0.16729035 -0.16161554 0.36247045
v -0.19469587 -0.13070499 -0.02511539
v -0.16729035 -0.13070499 -0.05546415
v -0.18833897 -0.13070499 0.34581116
v -0.16729035 -0.13070499 0.36730356
v -0.17794670 -0.09979444 -0.05602593
v -0.16729035 -0.12927338 -0.05602593
v -0.16729035 -0.09979444 -0.06633171
v -0.19186710 -0.09979444 0.34581116
v -0.16729035 -0.09979444 0.37095788
v -0.18803546 -0.06888390 -0.05602593
v -0.16729035 -0.06888390 -0.07625371
v -0.19412090 -0.06888390 0.34581116
v -0.16729035 -0.06888390 0.37331370
v -0.19669573 -0.03797335 -0.05602593
v -0.16729035 -0.03797335 -0.08510904
v -0.19479320 -0.03797335 0.34581116
v -0.16729035 -0.03797335 0.37404235
v -0.17295082 -0.00706281 -0.08693648
v -0.16729035 -0.03025525 -0.08693648
v -0.16729035 -0.00706281 -0.09186308
v -0.19367217 -0.00706281 0.34581116
v -0.16729035 -0.00706281 0.37292268
v -0.17867010 0.02384774 -0.08693648
v -0.16729035 0.02384774 -0.09697734
v -0.19120199 0.02384774 0.34581116
v -0.16729035 0.02384774 0.37040747
v -0.19674863 0.05475828 -0.48877357
v -0.19099636 0.05475828 -0.45786303
v -0.18240715 0.05475828 -0.08693648
v -0.16729035 0.05475828 -0.10049498
v -0.18752438 0.05475828 0.34581116
v -0.16729035 0.05475828 0.36664057
v -0.19371230 0.08566883 -0.61241575
v -0.18796036 0.08566883 -0.58150521
v -0.18220642 0.08566883 -0.55059466
v -0.17645025 0.08566883 -0.51968412
v -0.18459285 0.08566883 -0.48877357
v -0.18806669 0.08566883 -0.45786303
v -0.18300611 0.08566883 -0.42695248
v -0.17841176 0.08566883 -0.39604193
v -0.17442716 0.08566883 -0.36513139
v -0.17099956 0.08566883 -0.33422084
v -0.16729035 0.08548234 -0.30331030
v -0.16729035 0.08566883 -0.30659738
v -0.16729035 0.08461321 -0.27239975
v -0.18034936 0.08566883 -0.24148921
v -0.16729035 0.08467603 -0.24148921
v -0.16729035 0.08566883 -0.21408682
v -0.19386911 0.08566883 -0.08693648
v -0.16729035 0.08566883 -0.10217224
v -0.18271531 0.08566883 0.34581116
v -0.16729035 0.08566883 0.36169985
v -0.19553207 0.11657937 -0.70514739
v -0.17933528 0.11657937 -0.67423685
v -0.17354153 0.11657937 -0.64332630
v -0.16776447 0.11657937 -0.61241575
v -0.16729035 0.11026977 -0.58150521
v -0.16729035 0.11657937 -0.60987519
v -0.16729035 0.10340789 -0.55059466
v -0.18100308 0.11657937 -0.51968412
v -0.16729035 0.11657937 -0.53409442
v -0.18029002 0.11657937 -0.48877357
v -0.17096300 0.11657937 -0.45786303
v -0.16729035 0.10850797 -0.42695248
v -0.16729035 0.11657937 -0.44535247
v -0.16729035 0.09874815 -0.39604193
v -0.16729035 0.09218899 -0.36513139
v -0.16729035 0.08793463 -0.33422084
v -0.16729035 0.08581969 -0.21057866
v -0.16729035 0.08963929 -0.17966812
v -0.16729035 0.09430036 -0.14875757
v -0.16729035 0.09283015 -0.11784702
v -0.17682556 0.11657937 0.34581116
v -0.16729035 0.11657937 0.35563793
v -0.18047051 0.14748992 -0.70514739
v -0.16729035 0.13100117 -0.67423685
v -0.16729035 0.14748992 -0.69075039
v -0.16729035 0.12404422 -0.64332630
v -0.16729035 0.11714480 -0.61241575
v -0.17957511 0.14748992 -0.55059466
v -0.16729035 0.13447325 -0.55059466
v -0.16729035 0.14748992 -0.56023140
v -0.19576104 0.14748992 -0.51968412
v -0.18417788 0.14748992 -0.48877357
v -0.17182877 0.14748992 -0.45786303
v -0.16729035 0.14748992 -0.44666856
v -0.19214064 0.14748992 0.31490061
v -0.16989263 0.14748992 0.34581116
v -0.16729035 0.14748992 0.34849411
v -0.19399733 0.17840047 -0.73605794
v -0.16729035 0.17453072 -0.70514739
v -0.16729035 0.17840047 -0.70718856
v -0.17714036 0.17840047 -0.58150521
v -0.16729035 0.17015534 -0.58150521
v -0.16729035 0.17840047 -0.58925136
v -0.19509118 0.17840047 -0.45786303
v -0.18061378 0.17840047 -0.42695248
v -0.16729035 0.16001562 -0.42695248
v -0.16729035 0.17840047 -0.40067161
v -0.18414849 0.17840047 0.31490061
v -0.16729035 0.15762167 0.34581116
v -0.16729035 0.17840047 0.33835694
v -0.17892827 0.20931101 -0.73605794
v -0.16729035 0.20931101 -0.72348257
v -0.17479506 0.20931101 -0.61241575
v -0.16729035 0.20302764 -0.61241575
v -0.16729035 0.20931101 -0.61939419
v -0.16729035 0.18011875 -0.39604193
v -0.19606110 0.20931101 -0.36513139
v -0.16729035 0.19142551 -0.36513139
v -0.17850837 0.20931101 -0.33422084
v -0.16729035 0.20286475 -0.33422084
v -0.16729035 0.20931101 -0.31676491
v -0.18869503 0.20931101 0.28399007
v -0.17516521 0.20931101 0.31490061
v -0.16729035 0.20931101 0.32587012
v -0.19249086 0.24022156 -0.76696848
v -0.17245368 0.24022156 -0.73605794
v -0.18215156 0.24022156 -0.70514739
v -0.16729035 0.22932253 -0.70514739
v -0.19185190 0.24022156 -0.67423685
v -0.16729035 0.22838890 -0.67423685
v -0.16729035 0.22367650 -0.64332630
v -0.16729035 0.21296576 -0.30331030
v -0.16729035 0.22110858 -0.27239975
v -0.16729035 0.22907296 -0.24148921
v -0.19113081 0.24022156 -0.21057866
v -0.16729035 0.23684456 -0.21057866
v -0.16729035 0.24022156 -0.19656104
v -0.19455317 0.24022156 0.25307952
v -0.17866110 0.24022156 0.28399007
v -0.16729035 0.23377177 0.31490061
v -0.16729035 0.24022156 0.31010861
v -0.16729035 0.24388994 -0.17966812
v -0.16729035 0.25104468 -0.14875757
v -0.16729035 0.25896060 -0.11784702
v -0.16729035 0.26759652 -0.08693648
v -0.19171599 0.27113210 -0.05602593
v -0.16729035 0.27113210 -0.07308721
v -0.19302663 0.27113210 0.19125843
v -0.18462411 0.27113210 0.22216898
v -0.16994667 0.27113210 0.25307952
v -0.16766996 0.27113210 0.28399007
v -0.16729035 0.27113210 0.28486515
v -0.16729035 0.28272091 -0.05602593
v -0.16729035 0.29395404 -0.02511539
v -0.17025384 0.30204265 0.00579516
v -0.16729035 0.30204265 -0.00015329
v -0.18559860 0.30204265 0.03670570
v -0.19711397 0.30204265 0.06761625
v -0.19206612 0.30204265 0.12943734
v -0.17401592 0.30204265 0.16034789
v -0.16729035 0.30057038 0.19125843
v -0.16729035 0.30204265 0.18271682
v -0.16729035 0.29140021 0.22216898
v -0.16729035 0.27679306 0.25307952
v -0.16729035 0.27211690 0.28399007
v -0.16729035 0.30482534 0.00579516
v -0.16729035 0.31705817 0.03670570
v -0.16729035 0.32368327 0.06761625
v -0.16729035 0.32362328 0.09852679
v -0.16729035 0.31650580 0.12943734
v -0.16729035 0.30596090 0.16034789
v -0.17208628 0.39477428 0.46945334
v -0.16729035 0.38724117 0.46945334
v -0.16729035 0.39477428 0.45239095
v -0.17655040 0.39477428 0.50036389
v -0.16729035 0.38004096 0.50036389
v -0.17650511 0.39477428 0.53127443
v -0.16729035 0.38013469 0.53127443
v -0.17152149 0.39477428 0.56218498
v -0.16729035 0.38815396 0.56218498
v -0.16729035 0.39477428 0.57503829
v -0.16810310 0.42568483 0.40763225
v -0.16729035 0.42443208 0.40763225
v -0.16729035 0.42568483 0.40619036
v -0.18330686 0.42568483 0.43854280
v -0.16729035 0.40220741 0.43854280
v -0.19295621 0.42568483 0.46945334
v -0.16729035 0.40027977 0.59309552
v -0.16729035 0.40488536 0.62400607
v -0.16729035 0.40773380 0.65491661
v -0.16729035 0.41372228 0.68582716
v -0.18799466 0.42568483 0.71673771
v -0.16729035 0.42568483 0.70539558
v -0.16825569 0.45659538 0.37672170
v -0.16729035 0.45455243 0.37672170
v -0.16729035 0.45659538 0.37475340
v -0.18818580 0.45659538 0.40763225
v -0.16729035 0.43736702 0.71673771
v -0.18214084 0.45659538 0.74764825
v -0.16729035 0.45659538 0.73258886
v -0.17964086 0.48750592 0.37672170
v -0.16729035 0.48750592 0.34675521
v -0.19009752 0.48750592 0.40763225
v -0.16729035 0.47859035 0.74764825
v -0.19037265 0.48750592 0.77855880
v -0.16729035 0.48750592 0.75336937
v -0.17717608 0.51841647 0.34581116
v -0.16729035 0.48866329 0.34581116
v -0.16729035 0.51841647 0.32373590
v -0.18801166 0.51841647 0.37672170
v -0.19632352 0.51841647 0.40763225
v -0.16729035 0.51841647 0.76593538
v -0.17150269 0.54932701 0.31490061
v -0.16729035 0.53338967 0.31490061
v -0.16729035 0.54932701 0.30555526
v -0.18400825 0.54932701 0.34581116
v -0.19331580 0.54932701 0.37672170
v -0.16729035 0.54208589 0.71673771
v -0.16729035 0.54932701 0.70154937
v -0.16729035 0.52723603 0.74764825
v -0.17588239 0.58023756 0.31490061
v -0.16729035 0.58023756 0.28882089
v -0.18737981 0.58023756 0.34581116
v -0.19553257 0.58023756 0.37672170
v -0.16729035 0.57046888 0.65491661
v -0.16729035 0.58023756 0.63305716
v -0.16729035 0.55652316 0.68582716
v -0.16972066 0.61114810 0.28399007
v -0.16729035 0.59210138 0.28399007
v -0.16729035 0.61114810 0.27582345
v -0.17642812 0.61114810 0.31490061
v -0.18727002 0.61114810 0.34581116
v -0.19469603 0.61114810 0.37672170
v -0.19389545 0.61114810 0.53127443
v -0.18845705 0.61114810 0.56218498
v -0.17650828 0.61114810 0.59309552
v -0.16729035 0.59069103 0.62400607
v -0.16729035 0.61114810 0.60714065
v -0.16876782 0.64205865 0.28399007
v -0.16729035 0.64205865 0.27865219
v -0.17306590 0.64205865 0.31490061
v -0.18368167 0.64205865 0.34581116
v -0.19102156 0.64205865 0.37672170
v -0.19539603 0.64205865 0.40763225
v -0.19670876 0.64205865 0.43854280
v -0.19502405 0.64205865 0.46945334
v -0.19044742 0.64205865 0.50036389
v -0.18313898 0.64205865 0.53127443
v -0.17309064 0.64205865 0.56218498
v -0.16729035 0.62605370 0.59309552
v -0.16729035 0.64205865 0.57569977
v -0.16729035 0.64760793 0.28399007
v -0.16729035 0.66653594 0.31490061
v -0.17679662 0.67296919 0.34581116
v -0.16729035 0.67296919 0.31917301
v -0.18428257 0.67296919 0.37672170
v -0.18814574 0.67296919 0.40763225
v -0.18848785 0.67296919 0.43854280
v -0.18542804 0.67296919 0.46945334
v -0.17907844 0.67296919 0.50036389
v -0.16955636 0.67296919 0.53127443
v -0.16729035 0.65317422 0.56218498
v -0.16729035 0.67296919 0.53691026
v -0.16729035 0.70090868 0.34581116
v -0.17370251 0.70387974 0.37672170
v -0.16729035 0.70387974 0.35003197
v -0.17707820 0.70387974 0.40763225
v -0.17655364 0.70387974 0.43854280
v -0.17227663 0.70387974 0.46945334
v -0.16729035 0.69772544 0.50036389
v -0.16729035 0.70387974 0.48893711
v -0.16729035 0.67716049 0.53127443
v -0.16729035 0.71719143 0.37672170
v -0.16729035 0.72359338 0.40763225
v -0.16729035 0.72168794 0.43854280
v -0.16729035 0.71288744 0.46945334
v -0.15069392 -0.68709481 0.00579516
v -0.13637980 -0.69803339 0.00579516
v -0.13637980 -0.68709481 -0.00299037
v -0.14691945 -0.68709481 0.03670570
v -0.13637980 -0.69412389 0.03670570
v -0.13637980 -0.68709481 0.05028773
v -0.16494635 -0.65618426 -0.27239975
v -0.16527713 -0.65618426 -0.24148921
v -0.13637980 -0.65618426 -0.01914911
v -0.16500916 -0.65618426 0.06761625
v -0.13637980 -0.67818117 0.06761625
v -0.13805934 -0.65618426 0.09852679
v -0.13637980 -0.65744456 0.09852679
v -0.13637980 -0.65618426 0.10011082
v -0.16378506 -0.62527372 -0.51968412
v -0.16000867 -0.62527372 -0.48877357
v -0.16383175 -0.62527372 -0.30331030
v -0.15419195 -0.62527372 -0.27239975
v -0.14518597 -0.62527372 -0.24148921
v -0.13693055 -0.62527372 -0.21057866
v -0.13637980 -0.63424145 -0.17966812
v -0.13637980 -0.62527372 -0.20918388
v -0.13637980 -0.62527372 -0.15017044
v -0.14513050 -0.62527372 -0.02511539
v -0.13637980 -0.64059531 -0.02511539
v -0.13637980 -0.62527372 -0.02971334
v -0.14431669 -0.62527372 0.12943734
v -0.13637980 -0.63228103 0.12943734
v -0.13637980 -0.62527372 0.13708777
v -0.16573363 -0.59436317 -0.33422084
v -0.15414952 -0.59436317 -0.30331030
v -0.14369290 -0.59436317 -0.27239975
v -0.13637980 -0.60052128 -0.24148921
v -0.13637980 -0.59436317 -0.24884321
v -0.13637980 -0.62427719 -0.21057866
v -0.13637980 -0.62486098 -0.14875757
v -0.13637980 -0.61181553 -0.11784702
v -0.16549995 -0.59436317 -0.08693648
v -0.13637980 -0.59846028 -0.08693648
v -0.13637980 -0.59436317 -0.07735402
v -0.15655415 -0.59436317 -0.02511539
v -0.13637980 -0.59436317 -0.03684904
v -0.14468386 -0.59436317 0.16034789
v -0.13637980 -0.60311113 0.16034789
v -0.13637980 -0.59436317 0.18380720
v -0.16069789 -0.56345263 -0.33422084
v -0.14568518 -0.56345263 -0.30331030
v -0.13637980 -0.57171158 -0.27239975
v -0.13637980 -0.56345263 -0.27990504
v -0.13637980 -0.58509109 -0.05602593
v -0.15485768 -0.56345263 0.19125843
v -0.13637980 -0.59185647 0.19125843
v -0.14462507 -0.56345263 0.22216898
v -0.13637980 -0.57599922 0.22216898
v -0.13637980 -0.56345263 0.23789180
v -0.14602911 -0.53254208 -0.30331030
v -0.13637980 -0.53254208 -0.29557004
v -0.16267206 -0.53254208 0.22216898
v -0.14693431 -0.53254208 0.25307952
v -0.13637980 -0.55029683 0.25307952
v -0.13637980 -0.53254208 0.26829962
v -0.14160579 -0.50163154 -0.27239975
v -0.13637980 -0.50452745 -0.27239975
v -0.13637980 -0.50163154 -0.27084462
v -0.16305596 -0.50163154 0.25307952
v -0.14217021 -0.50163154 0.28399007
v -0.13637980 -0.51249465 0.28399007
v -0.13637980 -0.50163154 0.29077775
v -0.16454506 -0.47072099 -0.24148921
v -0.13637980 -0.47594504 -0.24148921
v -0.13637980 -0.47072099 -0.23575276
v -0.15652871 -0.47072099 0.28399007
v -0.13637980 -0.47072099 0.30817385
v -0.13637980 -0.45075835 -0.21057866
v -0.13637980 -0.43981045 -0.19677545
v -0.14352566 -0.43981045 0.31490061
v -0.13637980 -0.45726032 0.31490061
v -0.13637980 -0.43981045 0.32216560
v -0.13637980 -0.42718499 -0.17966812
v -0.13637980 -0.40889990 -0.15437722
v -0.15418139 -0.40889990 0.31490061
v -0.13637980 -0.40889990 0.33336677
v -0.13637980 -0.40501635 -0.14875757
v -0.13637980 -0.38446852 -0.11784702
v -0.13637980 -0.37798935 -0.10620672
v -0.16288578 -0.37798935 0.31490061
v -0.13637980 -0.37798935 0.34290987
v -0.13637980 -0.36801858 -0.08693648
v -0.13637980 -0.35406233 -0.05602593
v -0.13637980 -0.34707881 -0.03985794
v -0.14101027 -0.34707881 0.34581116
v -0.13637980 -0.36656333 0.34581116
v -0.13637980 -0.34707881 0.35072251
v -0.13637980 -0.32831171 -0.02511539
v -0.16126040 -0.31616826 0.00579516
v -0.13637980 -0.31616826 -0.01894661
v -0.14865472 -0.31616826 0.34581116
v -0.13637980 -0.31616826 0.35810267
v -0.16295213 -0.28525772 0.00579516
v -0.13637980 -0.28525772 -0.02064922
v -0.15509642 -0.28525772 0.34581116
v -0.13637980 -0.28525772 0.36301628
v -0.14173162 -0.25434717 -0.02511539
v -0.13637980 -0.27188047 -0.02511539
v -0.13637980 -0.25434717 -0.03012998
v -0.16244648 -0.25434717 0.34581116
v -0.13637980 -0.25434717 0.36863344
v -0.15668524 -0.22343663 -0.02511539
v -0.13637980 -0.22343663 -0.04388667
v -0.13637980 -0.22343663 0.37670629
v -0.13765779 -0.19252608 -0.05602593
v -0.13637980 -0.19519890 -0.05602593
v -0.13637980 -0.19252608 -0.05705628
v -0.14437332 -0.19252608 0.37672170
v -0.13637980 -0.22336910 0.37672170
v -0.13637980 -0.19252608 0.38242246
v -0.15213710 -0.16161554 -0.05602593
v -0.13637980 -0.16161554 -0.06856263
v -0.15115465 -0.16161554 0.37672170
v -0.13637980 -0.16161554 0.38728277
v -0.16666759 -0.13070499 -0.05602593
v -0.13637980 -0.13070499 -0.07984864
v -0.15665348 -0.13070499 0.37672170
v -0.13637980 -0.13070499 0.39124365
v -0.14098759 -0.09979444 -0.08693648
v -0.13637980 -0.11007624 -0.08693648
v -0.13637980 -0.09979444 -0.09012973
v -0.16079530 -0.09979444 0.37672170
v -0.13637980 -0.09979444 0.39424265
v -0.15361614 -0.06888390 -0.08693648
v -0.13637980 -0.06888390 -0.09877369
v -0.16345735 -0.06888390 0.37672170
v -0.13637980 -0.06888390 0.39618243
v -0.16495807 -0.03797335 -0.08693648
v -0.13637980 -0.03797335 -0.10646516
v -0.16428107 -0.03797335 0.37672170
v -0.13637980 -0.03797335 0.39679486
v -0.13637980 -0.00706281 -0.11302239
v -0.16302779 -0.00706281 0.37672170
v -0.13637980 -0.00706281 0.39590478
v -0.13696104 0.02384774 -0.11784702
v -0.13637980 0.02155153 -0.11784702
v -0.13637980 0.02384774 -0.11819800
v -0.16021073 0.02384774 0.37672170
v -0.13637980 0.02384774 0.39388197
v -0.14221788 0.05475828 -0.11784702
v -0.13637980 0.05475828 -0.12136529
v -0.15599249 0.05475828 0.37672170
v -0.13637980 0.05475828 0.39084516
v -0.16707174 0.08566883 -0.30331030
v -0.16591151 0.08566883 -0.27239975
v -0.16581510 0.08566883 -0.24148921
v -0.14481285 0.08566883 -0.11784702
v -0.13637980 0.08566883 -0.12292843
v -0.15046007 0.08566883 0.37672170
v -0.13637980 0.08566883 0.38685965
v -0.16199746 0.11657937 -0.58150521
v -0.15623449 0.11657937 -0.55059466
v -0.16314149 0.11657937 -0.42695248
v -0.15662797 0.11657937 -0.39604193
v -0.15053485 0.11657937 -0.36513139
v -0.14488258 0.11657937 -0.33422084
v -0.13967342 0.11657937 -0.30331030
v -0.13637980 0.11508476 -0.27239975
v -0.13637980 0.11657937 -0.28170252
v -0.13637980 0.11131695 -0.24148921
v -0.13637980 0.10870838 -0.21057866
v -0.13637980 0.10708051 -0.17966812
v -0.13637980 0.10199732 -0.14875757
v -0.14367148 0.11657937 0.37672170
v -0.13637980 0.11657937 0.38197024
v -0.15351883 0.14748992 -0.67423685
v -0.14767087 0.14748992 -0.64332630
v -0.14187133 0.14748992 -0.61241575
v -0.14021804 0.14748992 -0.58150521
v -0.16113671 0.14748992 -0.42695248
v -0.15160997 0.14748992 -0.39604193
v -0.14213873 0.14748992 -0.36513139
v -0.13637980 0.13878836 -0.33422084
v -0.13637980 0.14748992 -0.34578858
v -0.13637980 0.12328417 -0.30331030
v -0.13637980 0.14475088 0.37672170
v -0.13637980 0.14748992 0.37608649
v -0.16540460 0.17840047 -0.70514739
v -0.13690023 0.17840047 -0.67423685
v -0.13637980 0.16099712 -0.64332630
v -0.13637980 0.17840047 -0.67326040
v -0.13786957 0.17840047 -0.61241575
v -0.13637980 0.17840047 -0.61436014
v -0.16552423 0.17840047 -0.39604193
v -0.15377297 0.17840047 -0.36513139
v -0.14161783 0.17840047 -0.33422084
v -0.13637980 0.16068898 -0.33422084
v -0.13637980 0.17840047 -0.32106406
v -0.16110188 0.17840047 0.34581116
v -0.13637980 0.17840047 0.36787435
v -0.15034289 0.20931101 -0.70514739
v -0.13637980 0.18113045 -0.67423685
v -0.13637980 0.20931101 -0.68283154
v -0.13758210 0.20931101 -0.64332630
v -0.13637980 0.20792506 -0.64332630
v -0.13637980 0.20931101 -0.64710830
v -0.16151871 0.20931101 -0.30331030
v -0.13637980 0.18573740 -0.30331030
v -0.14791037 0.20931101 -0.27239975
v -0.13637980 0.19867307 -0.27239975
v -0.13637980 0.20931101 -0.24765755
v -0.15074825 0.20931101 0.34581116
v -0.13637980 0.20931101 0.35863335
v -0.13637980 0.21347912 -0.67423685
v -0.13637980 0.21110914 -0.24148921
v -0.13637980 0.21984285 -0.21057866
v -0.15918951 0.24022156 -0.17966812
v -0.13637980 0.22844867 -0.17966812
v -0.14325527 0.24022156 -0.14875757
v -0.13637980 0.23694157 -0.14875757
v -0.13637980 0.24022156 -0.13646663
v -0.16487998 0.24022156 0.31490061
v -0.13926444 0.24022156 0.34581116
v -0.13637980 0.24022156 0.34907197
v -0.13637980 0.24943400 -0.11784702
v -0.13637980 0.26475072 -0.08693648
v -0.13637980 0.27113210 -0.07154014
v -0.15223151 0.27113210 0.31490061
v -0.13637980 0.24834522 0.34581116
v -0.13637980 0.27113210 0.33533352
v -0.13637980 0.28755109 -0.05602593
v -0.14782968 0.30204265 -0.02511539
v -0.13637980 0.30204265 -0.03591269
v -0.16588786 0.30204265 0.19125843
v -0.15688647 0.30204265 0.22216898
v -0.15579664 0.30204265 0.25307952
v -0.15388464 0.30204265 0.28399007
v -0.13848676 0.30204265 0.31490061
v -0.13637980 0.30204265 0.32475492
v -0.13637980 0.30862221 -0.02511539
v -0.13637980 0.32194357 0.00579516
v -0.13637980 0.32928832 0.03670570
v -0.13637980 0.33223485 0.06761625
v -0.14369299 0.33295319 0.09852679
v -0.13637980 0.33295319 0.07520280
v -0.14287386 0.33295319 0.12943734
v -0.13928877 0.33295319 0.16034789
v -0.13637980 0.33183214 0.19125843
v -0.13637980 0.33295319 0.18207806
v -0.13637980 0.32985009 0.22216898
v -0.14063595 0.33295319 0.25307952
v -0.13637980 0.33295319 0.23220654
v -0.13895273 0.33295319 0.28399007
v -0.13637980 0.30886832 0.31490061
v -0.13637980 0.33295319 0.29190485
v -0.13986499 0.33295319 0.37672170
v -0.13637980 0.32059584 0.37672170
v -0.13637980 0.33295319 0.36064865
v -0.14375346 0.33295319 0.40763225
v -0.13637980 0.31230886 0.40763225
v -0.13986201 0.33295319 0.43854280
v -0.13637980 0.32302967 0.43854280
v -0.13637980 0.33295319 0.45167686
v -0.13637980 0.33506318 0.09852679
v -0.13637980 0.33623131 0.12943734
v -0.13637980 0.33548244 0.16034789
v -0.13637980 0.34106459 0.25307952
v -0.13637980 0.33793039 0.28399007
v -0.14331053 0.36386374 0.37672170
v -0.13637980 0.36386374 0.34740757
v -0.14743887 0.36386374 0.40763225
v -0.14389891 0.36386374 0.43854280
v -0.14770698 0.36386374 0.46945334
v -0.13637980 0.34447449 0.46945334
v -0.15373182 0.36386374 0.50036389
v -0.13637980 0.34786203 0.50036389
v -0.15346125 0.36386374 0.53127443
v -0.13637980 0.34839559 0.53127443
v -0.14610067 0.36386374 0.56218498
v -0.13637980 0.35527668 0.56218498
v -0.13637980 0.36386374 0.58214471
v -0.14212478 0.39477428 0.37672170
v -0.13637980 0.39477428 0.35371919
v -0.14802600 0.39477428 0.40763225
v -0.16245764 0.39477428 0.43854280
v -0.15910658 0.39477428 0.59309552
v -0.13637980 0.36977996 0.59309552
v -0.13789242 0.39477428 0.62400607
v -0.13637980 0.39380511 0.62400607
v -0.13637980 0.39477428 0.62591548
v -0.15011069 0.42568483 0.37672170
v -0.13637980 0.42568483 0.35713697
v -0.13637980 0.40671264 0.65491661
v -0.14748246 0.42568483 0.68582716
v -0.13637980 0.42568483 0.67576478
v -0.14976872 0.45659538 0.34581116
v -0.13637980 0.43704749 0.34581116
v -0.13637980 0.45659538 0.32680600
v -0.13637980 0.43786717 0.68582716
v -0.15257050 0.45659538 0.71673771
v -0.13637980 0.45659538 0.69976485
v -0.14753263 0.48750592 0.31490061
v -0.13637980 0.46977765 0.31490061
v -0.13637980 0.48750592 0.29876586
v -0.16680986 0.48750592 0.34581116
v -0.13637980 0.48383921 0.71673771
v -0.16222151 0.48750592 0.74764825
v -0.13637980 0.48750592 0.71890502
v -0.13682412 0.51841647 0.19125843
v -0.13637980 0.51806410 0.19125843
v -0.13637980 0.51841647 0.18729608
v -0.13824034 0.51841647 0.22216898
v -0.13637980 0.51637555 0.22216898
v -0.13637980 0.51841647 0.23442468
v -0.14400846 0.51841647 0.28399007
v -0.13637980 0.50422219 0.28399007
v -0.13637980 0.51841647 0.26031916
v -0.16236122 0.51841647 0.31490061
v -0.15243989 0.51841647 0.74764825
v -0.13637980 0.51841647 0.73397377
v -0.13728496 0.54932701 0.12943734
v -0.13637980 0.54629644 0.12943734
v -0.13637980 0.54932701 0.12799498
v -0.13644723 0.54932701 0.16034789
v -0.13637980 0.54844886 0.16034789
v -0.13637980 0.51994757 0.19125843
v -0.13637980 0.54932701 0.16066495
v -0.13637980 0.52584593 0.22216898
v -0.14641512 0.54932701 0.25307952
v -0.13637980 0.52423508 0.25307952
v -0.13637980 0.54932701 0.23221512
v -0.15672736 0.54932701 0.28399007
v -0.13637980 0.53285266 0.71673771
v -0.13637980 0.54932701 0.68901870
v -0.13637980 0.55004722 0.12943734
v -0.13637980 0.54943359 0.16034789
v -0.13966966 0.58023756 0.22216898
v -0.13637980 0.56787994 0.22216898
v -0.13637980 0.58023756 0.21721325
v -0.15500156 0.58023756 0.25307952
v -0.16556757 0.58023756 0.28399007
v -0.14890791 0.58023756 0.65491661
v -0.13637980 0.55218799 0.68582716
v -0.13637980 0.58023756 0.66405222
v -0.14381536 0.61114810 0.22216898
v -0.13637980 0.61114810 0.21139815
v -0.15946777 0.61114810 0.25307952
v -0.15630787 0.61114810 0.62400607
v -0.13637980 0.59836910 0.65491661
v -0.13637980 0.61114810 0.64730507
v -0.14329940 0.64205865 0.22216898
v -0.13637980 0.64205865 0.21253188
v -0.15907807 0.64205865 0.25307952
v -0.15782184 0.64205865 0.59309552
v -0.13637980 0.64144411 0.62400607
v -0.13637980 0.64205865 0.62345425
v -0.13637980 0.67247935 0.22216898
v -0.15090547 0.67296919 0.25307952
v -0.13637980 0.67296919 0.22240181
v -0.15949747 0.67296919 0.28399007
v -0.16552132 0.67296919 0.31490061
v -0.15447445 0.67296919 0.56218498
v -0.13637980 0.67108813 0.59309552
v -0.13637980 0.67296919 0.59093575
v -0.13637980 0.70256973 0.25307952
v -0.14467804 0.70387974 0.28399007
v -0.13637980 0.70387974 0.25526975
v -0.15124544 0.70387974 0.31490061
v -0.16596437 0.70387974 0.34581116
v -0.16363349 0.70387974 0.50036389
v -0.14935277 0.70387974 0.53127443
v -0.13637980 0.69652724 0.56218498
v -0.13637980 0.70387974 0.55291107
v -0.13637980 0.71718280 0.28399007
v -0.13637980 0.72642397 0.31490061
v -0.14646107 0.73479029 0.34581116
v -0.13637980 0.73479029 0.32604029
v -0.15617801 0.73479029 0.37672170
v -0.16008289 0.73479029 0.40763225
v -0.15855322 0.73479029 0.43854280
v -0.15191407 0.73479029 0.46945334
v -0.14039764 0.73479029 0.50036389
v -0.13637980 0.71976948 0.53127443
v -0.13637980 0.73479029 0.50797577
v -0.13637980 0.74676831 0.34581116
v -0.13637980 0.75834003 0.37672170
v -0.13637980 0.76274837 0.40763225
v -0.13637980 0.76046782 0.43854280
v -0.13637980 0.75225906 0.46945334
v -0.13637980 0.73912395 0.50036389
v -0.10546926 -0.71211313 0.00579516
v -0.10546926 -0.68709481 -0.01310436
v -0.10546926 -0.70646690 0.03670570
v -0.11628562 -0.68709481 0.06761625
v -0.10546926 -0.69143044 0.06761625
v -0.10546926 -0.68709481 0.07440681
v -0.11834210 -0.65618426 -0.02511539
v -0.10546926 -0.66470338 -0.02511539
v -0.10546926 -0.65618426 -0.02854529
v -0.10546926 -0.67171636 0.09852679
v -0.10546926 -0.65618426 0.11940738
v -0.12887172 -0.62527372 -0.17966812
v -0.10546926 -0.62527372 -0.03904904
v -0.10546926 -0.64865860 0.12943734
v -0.11258706 -0.62527372 0.16034789
v -0.10546926 -0.63031302 0.16034789
v -0.10546926 -0.62527372 0.18776427
v -0.13419034 -0.59436317 -0.24148921
v -0.12553326 -0.59436317 -0.21057866
v -0.11745903 -0.59436317 -0.17966812
v -0.10991723 -0.59436317 -0.14875757
v -0.10546926 -0.60126756 -0.11784702
v -0.10546926 -0.59436317 -0.12929855
v -0.10546926 -0.60262069 -0.08693648
v -0.10546926 -0.59436317 -0.06626232
v -0.10546926 -0.59436317 -0.04752562
v -0.13423478 -0.59436317 0.19125843
v -0.10546926 -0.62458829 0.19125843
v -0.12050944 -0.59436317 0.22216898
v -0.10546926 -0.61002728 0.22216898
v -0.10546926 -0.59436317 0.24373815
v -0.13370022 -0.56345263 -0.27239975
v -0.12358863 -0.56345263 -0.24148921
v -0.11441887 -0.56345263 -0.21057866
v -0.10603810 -0.56345263 -0.17966812
v -0.10546926 -0.58243571 -0.14875757
v -0.10546926 -0.56345263 -0.17741394
v -0.10546926 -0.59003913 -0.05602593
v -0.12613265 -0.56345263 0.25307952
v -0.10546926 -0.58707721 0.25307952
v -0.10546926 -0.56345263 0.27564726
v -0.12541488 -0.53254208 -0.27239975
v -0.11352204 -0.53254208 -0.24148921
v -0.10546926 -0.53819848 -0.21057866
v -0.10546926 -0.53254208 -0.21710626
v -0.10546926 -0.56189384 -0.17966812
v -0.12244079 -0.53254208 0.28399007
v -0.10546926 -0.55400675 0.28399007
v -0.10546926 -0.53254208 0.29915381
v -0.10546926 -0.50412112 -0.24148921
v -0.10546926 -0.50163154 -0.24311952
v -0.11014508 -0.50163154 0.31490061
v -0.10546926 -0.50823106 0.31490061
v -0.10546926 -0.50163154 0.31847103
v -0.10546926 -0.49957647 -0.24148921
v -0.10546926 -0.47072099 -0.22731712
v -0.12927000 -0.47072099 0.31490061
v -0.10546926 -0.47072099 0.33357475
v -0.10546926 -0.45659844 -0.21057866
v -0.10546926 -0.43981045 -0.19134201
v -0.10704797 -0.43981045 0.34581116
v -0.10546926 -0.44271033 0.34581116
v -0.10546926 -0.43981045 0.34700539
v -0.10546926 -0.43094625 -0.17966812
v -0.10546926 -0.40889990 -0.15013284
v -0.12133463 -0.40889990 0.34581116
v -0.10546926 -0.40889990 0.35835898
v -0.10546926 -0.40793984 -0.14875757
v -0.10546926 -0.38733304 -0.11784702
v -0.10546926 -0.37798935 -0.09965336
v -0.13295554 -0.37798935 0.34581116
v -0.10546926 -0.37798935 0.36808089
v -0.10546926 -0.37144615 -0.08693648
v -0.10546926 -0.35278496 -0.05602593
v -0.10546926 -0.34707881 -0.04806855
v -0.10546926 -0.34707881 0.37561243
v -0.12866954 -0.31616826 -0.02511539
v -0.10546926 -0.31616826 -0.04277982
v -0.11106215 -0.31616826 0.37672170
v -0.10546926 -0.34045366 0.37672170
v -0.10546926 -0.31616826 0.38016566
v -0.13082602 -0.28525772 -0.02511539
v -0.10546926 -0.28525772 -0.04269684
v -0.11571742 -0.28525772 0.37672170
v -0.10546926 -0.28525772 0.38245163
v -0.10546926 -0.25434717 -0.05353365
v -0.12535070 -0.25434717 0.37672170
v -0.10546926 -0.25434717 0.38852826
v -0.11998278 -0.22343663 -0.05602593
v -0.10546926 -0.24846688 -0.05602593
v -0.10546926 -0.22343663 -0.06550299
v -0.13635885 -0.22343663 0.37672170
v -0.10546926 -0.22343663 0.39511923
v -0.10546926 -0.19252608 -0.07674248
v -0.10546926 -0.19252608 0.40089226
v -0.10696051 -0.16161554 -0.08693648
v -0.10546926 -0.16415729 -0.08693648
v -0.10546926 -0.16161554 -0.08776689
v -0.10546926 -0.16161554 0.40580892
v -0.12473450 -0.13070499 -0.08693648
v -0.10546926 -0.13070499 -0.09735285
v -0.10910724 -0.13070499 0.40763225
v -0.10546926 -0.14755865 0.40763225
v -0.10546926 -0.13070499 0.40955832
v -0.10546926 -0.09979444 -0.10641922
v -0.11414618 -0.09979444 0.40763225
v -0.10546926 -0.09979444 0.41205285
v -0.10546926 -0.06888390 -0.11475869
v -0.11739979 -0.06888390 0.40763225
v -0.10546926 -0.06888390 0.41371938
v -0.11392109 -0.03797335 -0.11784702
v -0.10546926 -0.05576349 -0.11784702
v -0.10546926 -0.03797335 -0.12165931
v -0.11843327 -0.03797335 0.40763225
v -0.10546926 -0.03797335 0.41425189
v -0.12667092 -0.00706281 -0.11784702
v -0.10546926 -0.00706281 -0.12716601
v -0.11696614 -0.00706281 0.40763225
v -0.10546926 -0.00706281 0.41350337
v -0.10546926 0.02384774 -0.13146698
v -0.11361503 0.02384774 0.40763225
v -0.10546926 0.02384774 0.41179054
v -0.10546926 0.05475828 -0.13437356
v -0.10857450 0.05475828 0.40763225
v -0.10546926 0.05475828 0.40921629
v -0.10546926 0.08566883 -0.13567163
v -0.10546926 0.06926028 0.40763225
v -0.10546926 0.08566883 0.40550563
v -0.13524830 0.11657937 -0.27239975
v -0.13205513 0.11657937 -0.24148921
v -0.12937097 0.11657937 -0.21057866
v -0.12692546 0.11657937 -0.17966812
v -0.11656121 0.11657937 -0.14875757
v -0.10546926 0.11657937 -0.13511299
v -0.10546926 0.11657937 0.40059386
v -0.13358939 0.14748992 -0.33422084
v -0.12667695 0.14748992 -0.30331030
v -0.12032279 0.14748992 -0.27239975
v -0.11458398 0.14748992 -0.24148921
v -0.10946955 0.14748992 -0.21057866
v -0.10546926 0.14673743 -0.17966812
v -0.10546926 0.14748992 -0.18316886
v -0.10546926 0.13427405 -0.14875757
v -0.13552954 0.14748992 0.37672170
v -0.10546926 0.14748992 0.39480921
v -0.12183448 0.17840047 -0.64332630
v -0.13073898 0.17840047 -0.30331030
v -0.12107128 0.17840047 -0.27239975
v -0.11151924 0.17840047 -0.24148921
v -0.10546926 0.16534233 -0.21057866
v -0.10546926 0.17840047 -0.22122877
v -0.12453046 0.17840047 0.37672170
v -0.10546926 0.17840047 0.38817956
v -0.12873546 0.20931101 -0.67423685
v -0.13415402 0.20931101 -0.24148921
v -0.12312710 0.20931101 -0.21057866
v -0.10546926 0.18361234 -0.21057866
v -0.11188648 0.20931101 -0.17966812
v -0.10546926 0.19937095 -0.17966812
v -0.10546926 0.20931101 -0.16201329
v -0.11214026 0.20931101 0.37672170
v -0.10546926 0.20931101 0.38840560
v -0.10546926 0.21591096 -0.14875757
v -0.11829203 0.24022156 -0.11784702
v -0.10546926 0.23330411 -0.11784702
v -0.10546926 0.24022156 -0.10542035
v -0.12184784 0.24022156 0.37672170
v -0.11268712 0.24022156 0.40763225
v -0.10546926 0.22465003 0.40763225
v -0.10546926 0.24022156 0.43716455
v -0.10546926 0.27018691 -0.08693648
v -0.10546926 0.27113210 -0.08612302
v -0.13031498 0.27113210 0.34581116
v -0.12621035 0.27113210 0.37672170
v -0.12109249 0.27113210 0.40763225
v -0.11438446 0.27113210 0.43854280
v -0.10546926 0.24145727 0.43854280
v -0.10546926 0.27113210 0.46879125
v -0.10546926 0.29925107 -0.05602593
v -0.10546926 0.30204265 -0.05135596
v -0.13249836 0.30204265 0.34581116
v -0.12973475 0.30204265 0.37672170
v -0.13194459 0.30204265 0.40763225
v -0.12737295 0.30204265 0.43854280
v -0.11583821 0.30204265 0.46945334
v -0.10546926 0.27161895 0.46945334
v -0.10546926 0.30204265 0.49082526
v -0.10546926 0.31531156 -0.02511539
v -0.10546926 0.32734288 0.00579516
v -0.12880517 0.33295319 0.03670570
v -0.10546926 0.33295319 0.01550160
v -0.13522882 0.33295319 0.06761625
v -0.13527182 0.33295319 0.19125843
v -0.13420846 0.33295319 0.22216898
v -0.12995569 0.33295319 0.31490061
v -0.13281536 0.33295319 0.34581116
v -0.13099476 0.33295319 0.46945334
v -0.12130808 0.33295319 0.50036389
v -0.10546926 0.30960569 0.50036389
v -0.11089846 0.33295319 0.53127443
v -0.10546926 0.32907001 0.53127443
v -0.10546926 0.33295319 0.54502020
v -0.10546926 0.34283614 0.03670570
v -0.10546926 0.35117266 0.06761625
v -0.10546926 0.35721337 0.09852679
v -0.10546926 0.36082757 0.12943734
v -0.10546926 0.36174577 0.16034789
v -0.10546926 0.35915664 0.19125843
v -0.10551118 0.36386374 0.22216898
v -0.10546926 0.36386374 0.22195705
v -0.12195132 0.36386374 0.25307952
v -0.12086021 0.36386374 0.28399007
v -0.12570008 0.36386374 0.31490061
v -0.13596205 0.36386374 0.34581116
v -0.10546926 0.33703284 0.56218498
v -0.12829027 0.36386374 0.59309552
v -0.10546926 0.35070695 0.59309552
v -0.10546926 0.36386374 0.61353360
v -0.10546926 0.36392533 0.22216898
v -0.10546926 0.38831148 0.25307952
v -0.11078034 0.39477428 0.28399007
v -0.10546926 0.39477428 0.26429037
v -0.12294850 0.39477428 0.31490061
v -0.13416603 0.39477428 0.34581116
v -0.10546926 0.37215009 0.62400607
v -0.10546926 0.39477428 0.64690098
v -0.10546926 0.40464865 0.28399007
v -0.11215184 0.42568483 0.31490061
v -0.10546926 0.42568483 0.30183939
v -0.12814688 0.42568483 0.34581116
v -0.10546926 0.40431952 0.65491661
v -0.10546926 0.42568483 0.66983249
v -0.12548404 0.45659538 0.31490061
v -0.10546926 0.45659538 0.28955108
v -0.10638889 0.45659538 0.68582716
v -0.10546926 0.45659538 0.68539531
v -0.11488974 0.48750592 0.25307952
v -0.10546926 0.47476926 0.25307952
v -0.10546926 0.48750592 0.23134308
v -0.12585586 0.48750592 0.28399007
v -0.10546926 0.46106194 0.28399007
v -0.10546926 0.45804518 0.68582716
v -0.13409884 0.48750592 0.71673771
v -0.10546926 0.48750592 0.69301314
v -0.13004869 0.51841647 0.16034789
v -0.10546926 0.50521075 0.16034789
v -0.10546926 0.51841647 0.14953103
v -0.10546926 0.49534069 0.19125843
v -0.10546926 0.49214496 0.22216898
v -0.13364678 0.51841647 0.25307952
v -0.12182483 0.51841647 0.71673771
v -0.10546926 0.51841647 0.69752359
v -0.13367412 0.54932701 0.12943734
v -0.10546926 0.54932701 0.14343800
v -0.12938991 0.54932701 0.19125843
v -0.13053924 0.54932701 0.22216898
v -0.10546926 0.54932701 0.69207277
v -0.10546926 0.55826271 0.16034789
v -0.11377890 0.58023756 0.19125843
v -0.10546926 0.58023756 0.18304523
v -0.10546926 0.57353042 0.68582716
v -0.10546926 0.58023756 0.68382224
v -0.11701901 0.61114810 0.19125843
v -0.10546926 0.61114810 0.18301278
v -0.12719424 0.61114810 0.65491661
v -0.10546926 0.61114810 0.66913930
v -0.11387032 0.64205865 0.19125843
v -0.10546926 0.64205865 0.18573459
v -0.13585008 0.64205865 0.62400607
v -0.10546926 0.63378620 0.65491661
v -0.10546926 0.64205865 0.64887976
v -0.10546926 0.66405198 0.19125843
v -0.13623063 0.67296919 0.22216898
v -0.10546926 0.67296919 0.19408373
v -0.13456729 0.67296919 0.59309552
v -0.10546926 0.67023207 0.62400607
v -0.10546926 0.67296919 0.62126369
v -0.11412557 0.70387974 0.22216898
v -0.10546926 0.70387974 0.21463073
v -0.13557962 0.70387974 0.25307952
v -0.12903012 0.70387974 0.56218498
v -0.10546926 0.69831264 0.59309552
v -0.10546926 0.70387974 0.58662444
v -0.10546926 0.71215013 0.22216898
v -0.10936025 0.73479029 0.25307952
v -0.10546926 0.73479029 0.24830485
v -0.12305651 0.73479029 0.28399007
v -0.13057782 0.73479029 0.31490061
v -0.12020711 0.73479029 0.53127443
v -0.10546926 0.72389605 0.56218498
v -0.10546926 0.73479029 0.54782076
v -0.10546926 0.73831701 0.25307952
v -0.10546926 0.75359733 0.28399007
v -0.10546926 0.76127255 0.31490061
v -0.11314876 0.76570083 0.34581116
v -0.10546926 0.76570083 0.32844899
v -0.12745344 0.76570083 0.37672170
v -0.13281417 0.76570083 0.40763225
v -0.13003599 0.76570083 0.43854280
v -0.11987124 0.76570083 0.46945334
v -0.10546926 0.76371531 0.50036389
v -0.10546926 0.76570083 0.49562628
v -0.10546926 0.74608564 0.53127443
v -0.10546926 0.77067314 0.34581116
v -0.10546926 0.78011165 0.37672170
v -0.10546926 0.78376573 0.40763225
v -0.10546926 0.78197823 0.43854280
v -0.10546926 0.77521568 0.46945334
v -0.07807784 -0.71800536 0.00579516
v -0.07455871 -0.71858957 0.00579516
v -0.07455871 -0.71800536 0.00516112
v -0.07455871 -0.71800536 0.00890907
v -0.07455871 -0.68709481 -0.01701765
v -0.07455871 -0.71338505 0.03670570
v -0.07455871 -0.69865267 0.06761625
v -0.07455871 -0.68709481 0.08636623
v -0.07455871 -0.67225486 -0.02511539
v -0.07455871 -0.65618426 -0.03182405
v -0.07455871 -0.67966055 0.09852679
v -0.07921786 -0.65618426 0.12943734
v -0.07455871 -0.65743166 0.12943734
v -0.07455871 -0.65618426 0.13494377
v -0.07455871 -0.62527372 -0.04288573
v -0.07455871 -0.65104531 0.16034789
v -0.10452956 -0.62527372 0.19125843
v -0.07455871 -0.64525731 0.19125843
v -0.08438338 -0.62527372 0.22216898
v -0.07455871 -0.63177236 0.22216898
v -0.07455871 -0.62527372 0.23183744
v -0.10289096 -0.59436317 -0.11784702
v -0.09588642 -0.59436317 -0.08693648
v -0.07455871 -0.59436317 -0.05216305
v -0.09631276 -0.59436317 0.25307952
v -0.07455871 -0.61006681 0.25307952
v -0.07455871 -0.59436317 0.26948167
v -0.09841591 -0.56345263 -0.14875757
v -0.09137730 -0.56345263 -0.11784702
v -0.08490816 -0.56345263 -0.08693648
v -0.07455871 -0.57907411 -0.05602593
v -0.07455871 -0.56345263 -0.06078193
v -0.09477404 -0.56345263 0.28399007
v -0.07455871 -0.57948882 0.28399007
v -0.07455871 -0.56345263 0.29652651
v -0.10346601 -0.53254208 -0.21057866
v -0.09478716 -0.53254208 -0.17966812
v -0.08694129 -0.53254208 -0.14875757
v -0.07984062 -0.53254208 -0.11784702
v -0.07455871 -0.53550463 -0.08693648
v -0.07455871 -0.53254208 -0.09230361
v -0.08091290 -0.53254208 0.31490061
v -0.07455871 -0.53812474 0.31490061
v -0.07455871 -0.53254208 0.31828774
v -0.10475014 -0.50163154 -0.24148921
v -0.09327634 -0.50163154 -0.21057866
v -0.08368258 -0.50163154 -0.17966812
v -0.07542926 -0.50163154 -0.14875757
v -0.07455871 -0.51842473 -0.11784702
v -0.07455871 -0.50163154 -0.14508274
v -0.07455871 -0.50163154 0.33549641
v -0.08822068 -0.47072099 -0.21057866
v -0.07455871 -0.47555994 -0.17966812
v -0.07455871 -0.47072099 -0.18472515
v -0.07455871 -0.49926921 -0.14875757
v -0.08400120 -0.47072099 0.34581116
v -0.07455871 -0.48128691 0.34581116
v -0.07455871 -0.47072099 0.35122716
v -0.07455871 -0.43981045 -0.18390585
v -0.07455871 -0.43981045 0.36520883
v -0.07455871 -0.43641425 -0.17966812
v -0.09578124 -0.40889990 -0.14875757
v -0.07455871 -0.41163711 -0.14875757
v -0.07455871 -0.40889990 -0.14573011
v -0.07455871 -0.40889990 0.37661089
v -0.07455871 -0.39055330 -0.11784702
v -0.07455871 -0.37798935 -0.09111809
v -0.08997076 -0.37798935 0.37672170
v -0.07455871 -0.40850698 0.37672170
v -0.07455871 -0.37798935 0.38444628
v -0.07455871 -0.37340288 -0.08693648
v -0.09421288 -0.34707881 -0.05602593
v -0.07455871 -0.34707881 -0.06890986
v -0.10330662 -0.34707881 0.37672170
v -0.07455871 -0.34707881 0.38950050
v -0.08391281 -0.31616826 -0.05602593
v -0.07455871 -0.31616826 -0.06273882
v -0.07455871 -0.31616826 0.39368548
v -0.08002802 -0.28525772 -0.05602593
v -0.07455871 -0.28525772 -0.05919446
v -0.07455871 -0.28525772 0.39769737
v -0.10111782 -0.25434717 -0.05602593
v -0.07455871 -0.25434717 -0.06945002
v -0.07455871 -0.25434717 0.40308858
v -0.07455871 -0.22343663 -0.08058123
v -0.07900681 -0.22343663 0.40763225
v -0.07455871 -0.23321631 0.40763225
v -0.07455871 -0.22343663 0.41001194
v -0.08371472 -0.19252608 -0.08693648
v -0.07455871 -0.20486734 -0.08693648
v -0.07455871 -0.19252608 -0.09077210
v -0.09126547 -0.19252608 0.40763225
v -0.07455871 -0.19252608 0.41563126
v -0.07455871 -0.16161554 -0.10003886
v -0.10163997 -0.16161554 0.40763225
v -0.07455871 -0.16161554 0.41929471
v -0.07455871 -0.13070499 -0.10907307
v -0.07455871 -0.13070499 0.42197237
v -0.07455871 -0.09979444 -0.11760280
v -0.07455871 -0.09979444 0.42457732
v -0.09642370 -0.06888390 -0.11784702
v -0.07455871 -0.09879757 -0.11784702
v -0.07455871 -0.06888390 -0.12452385
v -0.07455871 -0.06888390 0.42626904
v -0.07455871 -0.03797335 -0.13055657
v -0.07455871 -0.03797335 0.42681209
v -0.07455871 -0.00706281 -0.13555743
v -0.07455871 -0.00706281 0.42605797
v -0.07455871 0.02384774 -0.13934585
v -0.07455871 0.02384774 0.42432910
v -0.07455871 0.05475828 -0.14172231
v -0.07455871 0.05475828 0.42173205
v -0.07455871 0.08566883 -0.14245829
v -0.10102576 0.08566883 0.40763225
v -0.07455871 0.08566883 0.41832711
v -0.07455871 0.11657937 -0.14128639
v -0.09073657 0.11657937 0.40763225
v -0.07455871 0.11657937 0.41415612
v -0.10463005 0.14748992 -0.17966812
v -0.09004178 0.14748992 -0.14875757
v -0.07455871 0.14748992 -0.13789024
v -0.07858001 0.14748992 0.40763225
v -0.07455871 0.14748992 0.40925055
v -0.10286061 0.17840047 -0.21057866
v -0.09466732 0.17840047 -0.17966812
v -0.08284838 0.17840047 -0.14875757
v -0.07455871 0.17840047 -0.13189432
v -0.07455871 0.15640485 0.40763225
v -0.07455871 0.17840047 0.40288930
v -0.09642611 0.20931101 -0.14875757
v -0.07455871 0.20931101 -0.12285207
v -0.09251192 0.20931101 0.40763225
v -0.07455871 0.18896676 0.40763225
v -0.07455871 0.20931101 0.42480699
v -0.07455871 0.22199390 -0.11784702
v -0.07455871 0.24022156 -0.10841353
v -0.10486826 0.24022156 0.43854280
v -0.07455871 0.21910472 0.43854280
v -0.07755961 0.24022156 0.46945334
v -0.07455871 0.23865112 0.46945334
v -0.07455871 0.24022156 0.47205276
v -0.08069460 0.27113210 -0.08693648
v -0.07455871 0.27113210 -0.08709634
v -0.10501820 0.27113210 0.46945334
v -0.07455871 0.27113210 0.48855658
v -0.07455871 0.27132032 -0.08693648
v -0.07455871 0.29659192 -0.05602593
v -0.07455871 0.30204265 -0.04505215
v -0.09947049 0.30204265 0.50036389
v -0.07455871 0.27932029 0.50036389
v -0.07620354 0.30204265 0.53127443
v -0.07455871 0.30047838 0.53127443
v -0.07455871 0.30204265 0.53304230
v -0.07455871 0.31051797 -0.02511539
v -0.09427273 0.33295319 0.00579516
v -0.07455871 0.33295319 -0.00369912
v -0.09420722 0.33295319 0.56218498
v -0.07455871 0.32514726 0.56218498
v -0.07455871 0.33295319 0.57751609
v -0.07455871 0.33989711 0.00579516
v -0.07455871 0.35800962 0.03670570
v -0.07912047 0.36386374 0.06761625
v -0.07455871 0.36386374 0.06036775
v -0.09436600 0.36386374 0.09852679
v -0.10103239 0.36386374 0.12943734
v -0.10258040 0.36386374 0.16034789
v -0.09821366 0.36386374 0.19125843
v -0.07455871 0.34019330 0.59309552
v -0.08538594 0.36386374 0.62400607
v -0.07455871 0.36024158 0.62400607
v -0.07455871 0.36386374 0.62834878
v -0.07455871 0.36607852 0.06761625
v -0.07455871 0.37565100 0.09852679
v -0.07455871 0.38170021 0.12943734
v -0.07455871 0.38399009 0.16034789
v -0.07455871 0.38072749 0.19125843
v -0.07861236 0.39477428 0.22216898
v -0.07455871 0.39477428 0.21718606
v -0.10118529 0.39477428 0.25307952
v -0.08607204 0.39477428 0.65491661
v -0.07455871 0.39023735 0.65491661
v -0.07455871 0.39477428 0.65882030
v -0.07455871 0.39916855 0.22216898
v -0.07455871 0.42331270 0.25307952
v -0.09391396 0.42568483 0.28399007
v -0.07455871 0.42568483 0.25543242
v -0.07455871 0.42568483 0.68047768
v -0.08881334 0.45659538 0.25307952
v -0.07455871 0.42894084 0.25307952
v -0.07455871 0.45659538 0.23059809
v -0.10116042 0.45659538 0.28399007
v -0.10424011 0.45659538 0.68582716
v -0.07455871 0.43619209 0.68582716
v -0.07455871 0.45659538 0.69443413
v -0.07626115 0.48750592 0.19125843
v -0.07455871 0.48679160 0.19125843
v -0.07455871 0.48750592 0.19075380
v -0.09969977 0.48750592 0.22216898
v -0.07455871 0.46275674 0.22216898
v -0.07455871 0.48750592 0.70209042
v -0.09010675 0.51841647 0.16034789
v -0.07455871 0.51841647 0.17096501
v -0.07455871 0.51841647 0.70438310
v -0.07766006 0.54932701 0.16034789
v -0.07455871 0.54932701 0.16177943
v -0.07455871 0.54932701 0.70156926
v -0.07455871 0.58023756 0.16989624
v -0.10027611 0.58023756 0.68582716
v -0.07455871 0.58023756 0.69401336
v -0.07455871 0.61114810 0.16888784
v -0.07455871 0.60133412 0.68582716
v -0.07455871 0.61114810 0.68148652
v -0.07455871 0.64205865 0.17192911
v -0.09391315 0.64205865 0.65491661
v -0.07455871 0.64205865 0.66306479
v -0.10050987 0.67296919 0.19125843
v -0.07455871 0.67296919 0.17970931
v -0.10128909 0.67296919 0.62400607
v -0.07455871 0.65311839 0.65491661
v -0.07455871 0.67296919 0.63822189
v -0.07455871 0.69519183 0.19125843
v -0.07455871 0.70387974 0.19700113
v -0.09646589 0.70387974 0.59309552
v -0.07455871 0.68755882 0.62400607
v -0.07455871 0.70387974 0.60651753
v -0.07455871 0.73183701 0.22216898
v -0.07455871 0.73479029 0.22544393
v -0.08723489 0.73479029 0.56218498
v -0.07455871 0.71565773 0.59309552
v -0.07455871 0.73479029 0.57039269
v -0.07455871 0.75600550 0.25307952
v -0.08828108 0.76570083 0.28399007
v -0.07455871 0.76570083 0.26929739
v -0.10046449 0.76570083 0.31490061
v -0.10165149 0.76570083 0.50036389
v -0.07455871 0.76203236 0.53127443
v -0.07455871 0.76570083 0.52454397
v -0.07455871 0.74116154 0.56218498
v -0.07455871 0.77352870 0.28399007
v -0.07455871 0.78459042 0.31490061
v -0.07455871 0.78803349 0.34581116
v -0.07455871 0.79230893 0.37672170
v -0.07455871 0.79613066 0.40763225
v -0.07455871 0.79457939 0.43854280
v -0.07455871 0.78811662 0.46945334
v -0.07455871 0.77726837 0.50036389
v -0.04364816 -0.72034752 0.00579516
v -0.04364816 -0.71800536 0.00353224
v -0.04364816 -0.71800536 0.03135682
v -0.04364816 -0.68709481 -0.01749531
v -0.04364816 -0.71759927 0.03670570
v -0.04364816 -0.70314660 0.06761625
v -0.04364816 -0.68709481 0.09424210
v -0.04364816 -0.67287553 -0.02511539
v -0.04364816 -0.65618426 -0.03207389
v -0.04364816 -0.68454071 0.09852679
v -0.04364816 -0.66251413 0.12943734
v -0.06167836 -0.65618426 0.16034789
v -0.04364816 -0.66284752 0.16034789
v -0.04689791 -0.65618426 0.19125843
v -0.04364816 -0.65737425 0.19125843
v -0.04364816 -0.65618426 0.19415374
v -0.04364816 -0.62527372 -0.04325506
v -0.04364816 -0.64399417 0.22216898
v -0.04364816 -0.62527372 0.25030779
v -0.04364816 -0.59436317 -0.05280531
v -0.04364816 -0.62331291 0.25307952
v -0.04364816 -0.59436317 0.28367742
v -0.04364816 -0.58233430 -0.05602593
v -0.04364816 -0.56345263 -0.06053220
v -0.04364816 -0.59404706 0.28399007
v -0.04364816 -0.56345263 0.30824170
v -0.07175809 -0.53254208 -0.08693648
v -0.04364816 -0.53254208 -0.06688985
v -0.04364816 -0.55442361 0.31490061
v -0.04364816 -0.53254208 0.32839713
v -0.06831627 -0.50163154 -0.11784702
v -0.05590550 -0.50163154 -0.08693648
v -0.04364816 -0.50163154 -0.07220974
v -0.04424914 -0.50163154 0.34581116
v -0.04364816 -0.50198852 0.34581116
v -0.04364816 -0.50163154 0.34604136
v -0.07286476 -0.47072099 -0.17966812
v -0.06409942 -0.47072099 -0.14875757
v -0.05682453 -0.47072099 -0.11784702
v -0.04978914 -0.47072099 -0.08693648
v -0.04364816 -0.47072099 -0.07650033
v -0.04364816 -0.47072099 0.36343133
v -0.07047748 -0.43981045 -0.17966812
v -0.05324689 -0.43981045 -0.14875757
v -0.04529592 -0.43981045 -0.11784702
v -0.04364816 -0.44840441 -0.08693648
v -0.04364816 -0.43981045 -0.10501494
v -0.04446542 -0.43981045 0.37672170
v -0.04364816 -0.44057564 0.37672170
v -0.04364816 -0.43981045 0.37701841
v -0.04364816 -0.43543153 -0.11784702
v -0.04364816 -0.40889990 -0.13803288
v -0.07422501 -0.40889990 0.37672170
v -0.04364816 -0.40889990 0.38609822
v -0.04364816 -0.39694253 -0.11784702
v -0.06169701 -0.37798935 -0.08693648
v -0.04364816 -0.38409678 -0.08693648
v -0.04364816 -0.37798935 -0.08255272
v -0.04364816 -0.37798935 0.39249510
v -0.04364816 -0.34707881 -0.08167577
v -0.04364816 -0.34707881 0.39817012
v -0.04364816 -0.31616826 -0.07873773
v -0.04364816 -0.31616826 0.40395738
v -0.04364816 -0.28525772 -0.07388448
v -0.04567301 -0.28525772 0.40763225
v -0.04364816 -0.29016884 0.40763225
v -0.04364816 -0.28525772 0.40857066
v -0.04364816 -0.25434717 -0.08000854
v -0.06109456 -0.25434717 0.40763225
v -0.04364816 -0.25434717 0.41563367
v -0.05457797 -0.22343663 -0.08693648
v -0.04364816 -0.23368514 -0.08693648
v -0.04364816 -0.22343663 -0.09004956
v -0.04364816 -0.22343663 0.42173309
v -0.04364816 -0.19252608 -0.09892843
v -0.04364816 -0.19252608 0.42515559
v -0.04364816 -0.16161554 -0.11031485
v -0.04364816 -0.16161554 0.42748512
v -0.05366600 -0.13070499 -0.11784702
v -0.04364816 -0.14111422 -0.11784702
v -0.04364816 -0.13070499 -0.12104196
v -0.04364816 -0.13070499 0.43095729
v -0.07405948 -0.09979444 -0.11784702
v -0.04364816 -0.09979444 -0.12886845
v -0.04364816 -0.09979444 0.43360042
v -0.04364816 -0.06888390 -0.13542172
v -0.04364816 -0.06888390 0.43532108
v -0.04364816 -0.03797335 -0.13992325
v -0.04364816 -0.03797335 0.43587281
v -0.04364816 -0.00706281 -0.14217594
v -0.04364816 -0.00706281 0.43510265
v -0.04364816 0.02384774 -0.14265175
v -0.04364816 0.02384774 0.43334501
v -0.04364816 0.05475828 -0.14339982
v -0.04364816 0.05475828 0.43071409
v -0.04364816 0.08566883 -0.14300645
v -0.04364816 0.08566883 0.42727434
v -0.04364816 0.11657937 -0.14085347
v -0.04364816 0.11657937 0.42306945
v -0.04364816 0.14748992 -0.13634388
v -0.04364816 0.14748992 0.41813171
v -0.04364816 0.17840047 -0.12904158
v -0.06059519 0.17840047 0.40763225
v -0.04364816 0.17840047 0.41349879
v -0.04364816 0.20931101 -0.11838228
v -0.04415273 0.20931101 0.43854280
v -0.04364816 0.20915931 0.43854280
v -0.04364816 0.20931101 0.43873738
v -0.04364816 0.21051014 -0.11784702
v -0.04364816 0.24022156 -0.10027830
v -0.04364816 0.23999599 0.46945334
v -0.04364816 0.24022156 0.46967984
v -0.07411053 0.27113210 -0.08693648
v -0.04364816 0.25758561 -0.08693648
v -0.04364816 0.27113210 -0.07179460
v -0.05129548 0.27113210 0.50036389
v -0.04364816 0.26786459 0.50036389
v -0.04364816 0.27113210 0.50397629
v -0.04364816 0.28991709 -0.05602593
v -0.04364816 0.30204265 -0.04999551
v -0.04364816 0.28689400 0.53127443
v -0.04364816 0.30204265 0.55600907
v -0.04364816 0.32516739 -0.02511539
v -0.04364816 0.33295319 -0.01588912
v -0.04364816 0.30650803 0.56218498
v -0.05368255 0.33295319 0.59309552
v -0.04364816 0.32969756 0.59309552
v -0.04364816 0.33295319 0.59734634
v -0.04364816 0.34679301 0.00579516
v -0.04397886 0.36386374 0.03670570
v -0.04364816 0.36386374 0.03659849
v -0.04364816 0.35492136 0.62400607
v -0.04364816 0.36386374 0.63475163
v -0.04364816 0.36391443 0.03670570
v -0.04364816 0.37399612 0.06761625
v -0.04364816 0.38854238 0.09852679
v -0.05021776 0.39477428 0.12943734
v -0.04364816 0.39477428 0.11750289
v -0.05590435 0.39477428 0.16034789
v -0.04941978 0.39477428 0.19125843
v -0.04364816 0.38387001 0.65491661
v -0.04364816 0.39477428 0.66431240
v -0.04364816 0.39828094 0.12943734
v -0.04364816 0.40178417 0.16034789
v -0.04364816 0.39803948 0.19125843
v -0.04364816 0.42349305 0.22216898
v -0.07182713 0.42568483 0.25307952
v -0.04364816 0.42568483 0.22480113
v -0.04487796 0.42568483 0.68582716
v -0.04364816 0.42536973 0.68582716
v -0.04364816 0.42568483 0.68601358
v -0.06689657 0.45659538 0.22216898
v -0.04364816 0.42847895 0.22216898
v -0.04364816 0.45659538 0.20668029
v -0.04364816 0.45659538 0.69916942
v -0.04364816 0.47835016 0.19125843
v -0.04364816 0.48750592 0.18634120
v -0.04364816 0.48750592 0.70686454
v -0.04364816 0.51841647 0.17390684
v -0.04364816 0.51841647 0.70920115
v -0.04364816 0.54932701 0.16554849
v -0.04364816 0.54932701 0.70645886
v -0.04364816 0.58023756 0.16100660
v -0.04364816 0.58023756 0.69903029
v -0.04414184 0.61114810 0.16034789
v -0.04364816 0.60581057 0.16034789
v -0.04364816 0.61114810 0.16022851
v -0.05284054 0.61114810 0.68582716
v -0.04364816 0.61114810 0.68737561
v -0.04364816 0.61249887 0.16034789
v -0.04364816 0.64205865 0.16332755
v -0.04364816 0.61415828 0.68582716
v -0.04364816 0.64205865 0.66972604
v -0.04364816 0.67296919 0.17104481
v -0.04364816 0.66311702 0.65491661
v -0.04364816 0.67296919 0.64708030
v -0.05818932 0.70387974 0.19125843
v -0.04364816 0.70387974 0.18703781
v -0.04364816 0.69779576 0.62400607
v -0.04364816 0.70387974 0.61769234
v -0.04364816 0.70946516 0.19125843
v -0.06710952 0.73479029 0.22216898
v -0.04364816 0.73479029 0.21395323
v -0.04364816 0.72582669 0.59309552
v -0.04364816 0.73479029 0.58241451
v -0.04364816 0.74249788 0.22216898
v -0.04664828 0.76570083 0.25307952
v -0.04364816 0.76570083 0.25178472
v -0.06138459 0.76570083 0.53127443
v -0.04364816 0.75012815 0.56218498
v -0.04364816 0.76570083 0.53834726
v -0.04364816 0.76659893 0.25307952
v -0.04364816 0.78370380 0.28399007
v -0.04364816 0.79645271 0.31490061
v -0.05852594 0.79661138 0.34581116
v -0.04364816 0.79661138 0.31556469
v -0.06282593 0.79661138 0.37672170
v -0.07208333 0.79661138 0.40763225
v -0.06444631 0.79661138 0.43854280
v -0.04364816 0.79455728 0.46945334
v -0.04364816 0.79661138 0.45895123
v -0.04364816 0.78405612 0.50036389
v -0.04364816 0.76981270 0.53127443
v -0.04364816 0.80325288 0.34581116
v -0.04364816 0.80317928 0.37672170
v -0.04364816 0.80125715 0.40763225
v -0.04364816 0.80013649 0.43854280
v -0.01273762 -0.72093748 0.00579516
v -0.01273762 -0.71800536 0.00329083
v -0.03986216 -0.71800536 0.03670570
v -0.01273762 -0.72079304 0.03670570
v -0.01273762 -0.71800536 0.04273178
v -0.01273762 -0.68709481 -0.01668678
v -0.01273762 -0.70679287 0.06761625
v -0.02370684 -0.68709481 0.09852679
v -0.01273762 -0.68845904 0.09852679
v -0.01273762 -0.68709481 0.10044957
v -0.01273762 -0.67078377 -0.02511539
v -0.01273762 -0.65618426 -0.03107255
v -0.01273762 -0.66667805 0.12943734
v -0.01273762 -0.66758255 0.16034789
v -0.01273762 -0.66206762 0.19125843
v -0.01273762 -0.65618426 0.20561443
v -0.01273762 -0.62527372 -0.04209997
v -0.01273762 -0.64900634 0.22216898
v -0.03249024 -0.62527372 0.25307952
v -0.01273762 -0.62849508 0.25307952
v -0.01273762 -0.62527372 0.25707640
v -0.01273762 -0.59436317 -0.05158013
v -0.04201208 -0.59436317 0.28399007
v -0.01273762 -0.60007036 0.28399007
v -0.01273762 -0.59436317 0.29089230
v -0.01273762 -0.57769696 -0.05602593
v -0.01273762 -0.56345263 -0.05942354
v -0.02145992 -0.56345263 0.31490061
v -0.01273762 -0.56789523 0.31490061
v -0.01273762 -0.56345263 0.31795437
v -0.01273762 -0.53254208 -0.06587129
v -0.01273762 -0.53254208 0.33528475
v -0.01273762 -0.50163154 -0.07137614
v -0.01273762 -0.51198061 0.34581116
v -0.01273762 -0.50163154 0.35128763
v -0.01273762 -0.47072099 -0.07598154
v -0.01273762 -0.47072099 0.36828035
v -0.03272236 -0.43981045 -0.08693648
v -0.01273762 -0.43981045 -0.07971146
v -0.01273762 -0.44923025 0.37672170
v -0.01273762 -0.43981045 0.37993834
v -0.03401011 -0.40889990 -0.11784702
v -0.01878276 -0.40889990 -0.08693648
v -0.01273762 -0.40889990 -0.08256802
v -0.01273762 -0.40889990 0.38794539
v -0.01273762 -0.37798935 -0.08452330
v -0.01273762 -0.37798935 0.39518477
v -0.01273762 -0.34707881 -0.08549939
v -0.01273762 -0.34707881 0.40334425
v -0.01273762 -0.31616826 -0.08531967
v -0.02714254 -0.31616826 0.40763225
v -0.01273762 -0.32956731 0.40763225
v -0.01273762 -0.31616826 0.41185935
v -0.01273762 -0.28525772 -0.08359110
v -0.01273762 -0.28525772 0.41703823
v -0.01273762 -0.25434717 -0.08527463
v -0.01273762 -0.25434717 0.42221806
v -0.01273762 -0.24887940 -0.08693648
v -0.01273762 -0.22343663 -0.09393089
v -0.01273762 -0.22343663 0.43383872
v -0.01273762 -0.19252608 -0.10448386
v -0.01273762 -0.19252608 0.43102103
v -0.01273762 -0.16161554 -0.11644719
v -0.01273762 -0.16161554 0.43240735
v -0.01273762 -0.15770263 -0.11784702
v -0.01273762 -0.13070499 -0.12584971
v -0.01273762 -0.13070499 0.43591094
v -0.01273762 -0.09979444 -0.13396784
v -0.01303526 -0.09979444 0.43854280
v -0.01273762 -0.10034823 0.43854280
v -0.01273762 -0.09979444 0.43859248
v -0.01273762 -0.06888390 -0.14081702
v -0.02384469 -0.06888390 0.43854280
v -0.01273762 -0.06888390 0.44023923
v -0.01273762 -0.03797335 -0.14574459
v -0.02726869 -0.03797335 0.43854280
v -0.01273762 -0.03797335 0.44062650
v -0.01273762 -0.00706281 -0.14872424
v -0.02238305 -0.00706281 0.43854280
v -0.01273762 -0.00706281 0.44028354
v -0.01836176 0.02384774 -0.14875757
v -0.01273762 -0.00621345 -0.14875757
v -0.01273762 0.02384774 -0.14980893
v -0.01273762 0.01973453 0.43854280
v -0.01273762 0.02384774 0.43830303
v -0.01705388 0.05475828 -0.14875757
v -0.01273762 0.05475828 -0.14936967
v -0.01273762 0.05475828 0.43563434
v -0.01273762 0.06384828 -0.14875757
v -0.01273762 0.08566883 -0.14700815
v -0.01273762 0.08566883 0.43216197
v -0.01273762 0.11657937 -0.14242957
v -0.01273762 0.11657937 0.42792870
v -0.01273762 0.14748992 -0.13544380
v -0.01273762 0.14748992 0.42296584
v -0.01273762 0.17840047 -0.12568517
v -0.01273762 0.17840047 0.41937936
v -0.04138788 0.20931101 -0.11784702
v -0.01273762 0.19742159 -0.11784702
v -0.01273762 0.20931101 -0.10922450
v -0.01273762 0.20422920 0.43854280
v -0.01273762 0.20931101 0.44416040
v -0.01273762 0.24022156 -0.08795483
v -0.03941894 0.24022156 0.46945334
v -0.01273762 0.24022156 0.46808558
v -0.01273762 0.26556116 -0.08693648
v -0.01273762 0.27113210 -0.08671622
v -0.01273762 0.24125326 0.46945334
v -0.01273762 0.26260984 0.50036389
v -0.01273762 0.27113210 0.51384618
v -0.02868103 0.30204265 -0.05602593
v -0.01273762 0.30204265 -0.06219781
v -0.01273762 0.28099187 0.53127443
v -0.02502905 0.30204265 0.56218498
v -0.01273762 0.29966486 0.56218498
v -0.01273762 0.30204265 0.56590521
v -0.01273762 0.30710535 -0.05602593
v -0.01273762 0.33067093 -0.02511539
v -0.01273762 0.33295319 -0.02184599
v -0.01273762 0.32184794 0.59309552
v -0.01273762 0.33295319 0.60787655
v -0.01273762 0.34871939 0.00579516
v -0.01273762 0.36386374 0.03568119
v -0.01273762 0.34739913 0.62400607
v -0.01273762 0.36386374 0.64209751
v -0.01273762 0.36431147 0.03670570
v -0.01273762 0.37418791 0.06761625
v -0.01273762 0.38577354 0.09852679
v -0.01273762 0.39477428 0.11260675
v -0.01273762 0.37881378 0.65491661
v -0.01273762 0.39477428 0.66835235
v -0.01273762 0.40646795 0.12943734
v -0.01273762 0.41338468 0.16034789
v -0.01273762 0.40879447 0.19125843
v -0.03616235 0.42568483 0.22216898
v -0.01273762 0.42568483 0.21391272
v -0.01273762 0.42051684 0.68582716
v -0.01273762 0.42568483 0.68875301
v -0.01273762 0.45659538 0.19995408
v -0.01273762 0.45659538 0.70171980
v -0.01273762 0.46959819 0.19125843
v -0.01273762 0.48750592 0.18180754
v -0.01273762 0.48750592 0.70941971
v -0.01273762 0.51841647 0.16963308
v -0.01273762 0.51841647 0.71171993
v -0.01273762 0.54932701 0.16141101
v -0.01273762 0.54932701 0.70891084
v -0.03868502 0.58023756 0.16034789
v -0.01273762 0.55658262 0.16034789
v -0.01273762 0.58023756 0.15735186
v -0.01273762 0.58023756 0.70139921
v -0.01273762 0.61114810 0.15665761
v -0.01273762 0.61114810 0.68966273
v -0.02116688 0.64205865 0.16034789
v -0.01273762 0.64205865 0.15937341
v -0.01273762 0.61861012 0.68582716
v -0.01273762 0.64205865 0.67234692
v -0.01273762 0.64660503 0.16034789
v -0.01273762 0.67296919 0.16690749
v -0.01273762 0.66704472 0.65491661
v -0.01273762 0.67296919 0.65028592
v -0.01273762 0.70387974 0.18283782
v -0.01273762 0.70199976 0.62400607
v -0.01273762 0.70387974 0.62211622
v -0.01273762 0.71499347 0.19125843
v -0.01273762 0.73479029 0.20900457
v -0.01273762 0.73005212 0.59309552
v -0.01273762 0.73479029 0.58733031
v -0.01273762 0.74715407 0.22216898
v -0.01273762 0.76570083 0.24573460
v -0.01273762 0.75334405 0.56218498
v -0.01273762 0.76570083 0.54277052
v -0.01273762 0.77082196 0.25307952
v -0.01273762 0.78823078 0.28399007
v -0.04268262 0.79661138 0.31490061
v -0.01273762 0.79661138 0.30370530
v -0.01273762 0.79652575 0.46945334
v -0.01273762 0.79661138 0.46899473
v -0.01273762 0.78624554 0.50036389
v -0.01273762 0.77224072 0.53127443
v -0.01273762 0.80095336 0.31490061
v -0.01273762 0.80859334 0.34581116
v -0.01273762 0.81125336 0.37672170
v -0.01273762 0.80648735 0.40763225
v -0.01273762 0.80163798 0.43854280
v 0.01817293 -0.72097108 0.00579516
v 0.01817293 -0.71800536 0.00351223
v 0.01817293 -0.72367052 0.03670570
v 0.01817293 -0.71800536 0.04941795
v 0.01817293 -0.68709481 -0.01559490
v 0.01817293 -0.71012946 0.06761625
v 0.01817293 -0.69194866 0.09852679
v 0.01817293 -0.68709481 0.10542875
v 0.01817293 -0.66798320 -0.02511539
v 0.01817293 -0.65618426 -0.02981484
v 0.01817293 -0.67027829 0.12943734
v 0.01817293 -0.66744019 0.16034789
v 0.01817293 -0.66188262 0.19125843
v 0.01817293 -0.65618426 0.20512170
v 0.01817293 -0.62527372 -0.04063569
v 0.01817293 -0.64877091 0.22216898
v 0.01817293 -0.62822751 0.25307952
v 0.01817293 -0.62527372 0.25640693
v 0.01817293 -0.59436317 -0.04995516
v 0.01817293 -0.59926581 0.28399007
v 0.01817293 -0.59436317 0.28816839
v 0.01817293 -0.57110555 -0.05602593
v 0.01817293 -0.56345263 -0.05781671
v 0.00995086 -0.56345263 0.31490061
v 0.01817293 -0.56345263 0.31391721
v 0.01817293 -0.53254208 -0.06417074
v 0.01817293 -0.56226440 0.31490061
v 0.01817293 -0.53254208 0.33844005
v 0.01817293 -0.50163154 -0.06960075
v 0.01817293 -0.52118322 0.34581116
v 0.01817293 -0.50163154 0.35602671
v 0.01817293 -0.47072099 -0.07415324
v 0.01817293 -0.47072099 0.36845314
v 0.01817293 -0.43981045 -0.07786004
v 0.01420692 -0.43981045 0.37672170
v 0.01817293 -0.43981045 0.37628395
v 0.01817293 -0.40889990 -0.08073928
v 0.01817293 -0.43861618 0.37672170
v 0.01817293 -0.40889990 0.38628031
v 0.01817293 -0.37798935 -0.08279557
v 0.01817293 -0.37798935 0.39502208
v 0.01817293 -0.34707881 -0.08401825
v 0.01817293 -0.34707881 0.40252019
v 0.01817293 -0.31616826 -0.08437697
v 0.01817293 -0.32160054 0.40763225
v 0.01817293 -0.31616826 0.40890166
v 0.01817293 -0.28525772 -0.08381099
v 0.01817293 -0.28525772 0.41515159
v 0.01817293 -0.25434717 -0.08493198
v 0.01817293 -0.25434717 0.42683490
v 0.01817293 -0.24742971 -0.08693648
v 0.01817293 -0.22343663 -0.09310929
v 0.01817293 -0.22343663 0.42688425
v 0.01817293 -0.19252608 -0.10426880
v 0.01817293 -0.19252608 0.42937608
v 0.01817293 -0.16161554 -0.11625784
v 0.01817293 -0.16161554 0.43186362
v 0.01817293 -0.15708487 -0.11784702
v 0.01817293 -0.13070499 -0.12563776
v 0.01817293 -0.13070499 0.43534363
v 0.01817293 -0.09979444 -0.13377589
v -0.01023798 -0.09979444 0.43854280
v 0.01817293 -0.09979444 0.43799697
v 0.01817293 -0.06888390 -0.14071817
v 0.01817293 -0.09003167 0.43854280
v 0.01817293 -0.06888390 0.43972071
v 0.01817293 -0.03797335 -0.14585088
v 0.01817293 -0.03797335 0.44046100
v -0.01090624 -0.00706281 -0.14875757
v 0.01817293 -0.01140776 -0.14875757
v 0.01817293 -0.00706281 -0.14916254
v 0.01817293 -0.00706281 0.43992268
v 0.01817293 0.02384774 -0.15068384
v -0.00178439 0.02384774 0.43854280
v 0.01817293 0.02384774 0.43923037
v 0.01817293 0.05475828 -0.15089936
v 0.01817293 0.02725462 0.43854280
v 0.01817293 0.05475828 0.43501493
v 0.00468812 0.08566883 -0.14875757
v 0.01817293 0.08566883 -0.14975638
v 0.01817293 0.08566883 0.43154449
v 0.01817293 0.09783655 -0.14875757
v 0.01817293 0.11657937 -0.14677729
v 0.01817293 0.11657937 0.42731172
v 0.01817293 0.14748992 -0.14154290
v 0.01817293 0.14748992 0.42234834
v 0.01817293 0.17840047 -0.13404477
v 0.01817293 0.17840047 0.41998381
v 0.00050929 0.20931101 -0.11784702
v 0.01817293 0.20931101 -0.12397019
v 0.01817293 0.20423957 0.43854280
v 0.01817293 0.20931101 0.44316197
v 0.01817293 0.23334742 -0.11784702
v 0.01817293 0.24022156 -0.11514536
v 0.01817293 0.24022156 0.45453312
v -0.01227332 0.27113210 -0.08693648
v 0.01817293 0.27113210 -0.10116728
v 0.01817293 0.24884563 0.46945334
v 0.01817293 0.26338603 0.50036389
v 0.01817293 0.27113210 0.51559290
v 0.01817293 0.28493274 -0.08693648
v 0.01817293 0.30204265 -0.06809418
v 0.01817293 0.28006928 0.53127443
v 0.01817293 0.29889428 0.56218498
v 0.01817293 0.30204265 0.56707552
v 0.01817293 0.31060613 -0.05602593
v 0.01817293 0.33103966 -0.02511539
v 0.01817293 0.33295319 -0.02196148
v 0.01817293 0.32121141 0.59309552
v 0.01817293 0.33295319 0.60855390
v 0.01817293 0.34728196 0.00579516
v -0.00723162 0.36386374 0.03670570
v 0.01817293 0.36161604 0.03670570
v 0.01817293 0.36386374 0.04246144
v 0.01817293 0.34707950 0.62400607
v 0.01817293 0.36386374 0.64209663
v 0.01817293 0.37237033 0.06761625
v 0.01817293 0.37900438 0.09852679
v 0.01525830 0.39477428 0.12943734
v 0.01817293 0.39340676 0.12943734
v 0.01817293 0.39477428 0.13195239
v 0.01817293 0.37797699 0.65491661
v 0.01817293 0.39477428 0.66869544
v 0.01817293 0.41060786 0.16034789
v 0.01817293 0.41074952 0.19125843
v 0.01817293 0.42568483 0.21404500
v 0.01817293 0.41892238 0.68582716
v 0.01817293 0.42568483 0.68983888
v 0.01817293 0.45659538 0.20196691
v 0.01817293 0.45659538 0.70307198
v 0.01817293 0.47206847 0.19125843
v 0.01817293 0.48750592 0.18292395
v 0.01817293 0.48750592 0.71075524
v 0.01817293 0.51841647 0.17044021
v 0.01817293 0.51841647 0.71299685
v 0.01817293 0.54932701 0.16198474
v 0.01817293 0.54932701 0.71009058
v 0.01817293 0.56007722 0.16034789
v 0.01817293 0.58023756 0.15769820
v 0.01817293 0.58023756 0.70244770
v 0.01817293 0.61114810 0.15688447
v 0.01817293 0.61114810 0.69054953
v 0.01817293 0.64205865 0.15952042
v 0.01817293 0.62024050 0.68582716
v 0.01817293 0.64205865 0.67313656
v 0.01817293 0.64592854 0.16034789
v 0.01817293 0.67296919 0.16707453
v 0.01817293 0.66783690 0.65491661
v 0.01817293 0.67296919 0.65083938
v 0.01817293 0.70387974 0.18323693
v 0.01817293 0.70203191 0.62400607
v 0.01817293 0.70387974 0.62212262
v 0.01817293 0.71441646 0.19125843
v 0.01817293 0.73479029 0.20960565
v 0.01817293 0.73022181 0.59309552
v 0.01817293 0.73479029 0.58763896
v 0.01817293 0.74654793 0.22216898
v 0.01817293 0.76570083 0.24659178
v 0.01817293 0.75379925 0.56218498
v 0.01817293 0.76570083 0.54347760
v 0.01817293 0.77021090 0.25307952
v 0.01817293 0.78756100 0.28399007
v 0.01817293 0.79661138 0.30530145
v 0.01817293 0.79654649 0.46945334
v 0.01817293 0.79661138 0.46909044
v 0.01817293 0.78647609 0.50036389
v 0.01817293 0.77261502 0.53127443
v 0.01817293 0.80033188 0.31490061
v 0.01817293 0.80799338 0.34581116
v 0.01817293 0.81078720 0.37672170
v 0.01817293 0.80693519 0.40763225
v 0.01817293 0.80143769 0.43854280
v 0.04908347 -0.71887259 0.00579516
v 0.04908347 -0.71800536 0.00516630
v 0.04908347 -0.72514504 0.03670570
v 0.04908347 -0.71800536 0.05316389
v 0.04908347 -0.68709481 -0.01335067
v 0.04908347 -0.71193365 0.06761625
v 0.04908347 -0.69374518 0.09852679
v 0.04908347 -0.68709481 0.10794585
v 0.04908347 -0.66273738 -0.02511539
v 0.04908347 -0.65618426 -0.02767122
v 0.04908347 -0.67197011 0.12943734
v 0.04908347 -0.66231624 0.16034789
v 0.04908347 -0.65676425 0.19125843
v 0.04908347 -0.65618426 0.19266233
v 0.04908347 -0.62527372 -0.03834769
v 0.04908347 -0.64328070 0.22216898
v 0.03468715 -0.62527372 0.25307952
v 0.04908347 -0.62527372 0.24916749
v 0.04908347 -0.59436317 -0.04755802
v 0.04908347 -0.62249979 0.25307952
v 0.04330226 -0.59436317 0.28399007
v 0.04908347 -0.59436317 0.28278245
v 0.04908347 -0.58651969 -0.05602593
v 0.04908347 -0.56345263 -0.08487559
v 0.04908347 -0.59314103 0.28399007
v 0.04908347 -0.56345263 0.30751688
v 0.04908347 -0.53254208 -0.08267886
v 0.04908347 -0.55344164 0.31490061
v 0.04908347 -0.53254208 0.32779819
v 0.04908347 -0.50163154 -0.07851224
v 0.04803044 -0.50163154 0.34581116
v 0.04908347 -0.50163154 0.34543165
v 0.04908347 -0.47072099 -0.07371907
v 0.04908347 -0.50090212 0.34581116
v 0.04908347 -0.47072099 0.35931858
v 0.04908347 -0.43981045 -0.07530083
v 0.04908347 -0.43981045 0.37184091
v 0.04908347 -0.40889990 -0.07811063
v 0.04908347 -0.42625828 0.37672170
v 0.04908347 -0.40889990 0.38220918
v 0.04908347 -0.37798935 -0.08008731
v 0.04908347 -0.37798935 0.39071663
v 0.04908347 -0.34707881 -0.08121058
v 0.04908347 -0.34707881 0.39792742
v 0.04908347 -0.31616826 -0.08143228
v 0.02501410 -0.31616826 0.40763225
v 0.04908347 -0.31616826 0.40377960
v 0.04908347 -0.28525772 -0.08065387
v 0.04908347 -0.28929166 0.40763225
v 0.04908347 -0.28525772 0.40829371
v 0.04908347 -0.25434717 -0.08027859
v 0.04908347 -0.25434717 0.41379560
v 0.04908347 -0.22582008 -0.08693648
v 0.04908347 -0.22343663 -0.08741233
v 0.04908347 -0.22343663 0.42097334
v 0.04908347 -0.19252608 -0.09963405
v 0.04908347 -0.19252608 0.42575313
v 0.04908347 -0.16161554 -0.11112627
v 0.04908347 -0.16161554 0.42840327
v 0.04908347 -0.14216904 -0.11784702
v 0.04908347 -0.13070499 -0.12122467
v 0.04908347 -0.13070499 0.42992410
v 0.04908347 -0.09979444 -0.12927352
v 0.04908347 -0.09979444 0.43252807
v 0.04908347 -0.06888390 -0.13618752
v 0.02481057 -0.06888390 0.43854280
v 0.04908347 -0.06888390 0.43421340
v 0.04908347 -0.03797335 -0.14139484
v 0.02783919 -0.03797335 0.43854280
v 0.04908347 -0.03797335 0.43474124
v 0.02155608 -0.00706281 -0.14875757
v 0.04908347 -0.00706281 -0.14502396
v 0.03482026 -0.00706281 0.43854280
v 0.04908347 -0.00706281 0.43763490
v 0.03647357 0.02384774 -0.14875757
v 0.04908347 0.02384774 -0.14724792
v 0.04908347 0.01554387 0.43854280
v 0.04908347 0.02384774 0.43903938
v 0.04209346 0.05475828 -0.14875757
v 0.04908347 0.05475828 -0.14804278
v 0.04908347 0.02576667 0.43854280
v 0.04908347 0.05475828 0.43334575
v 0.03194223 0.08566883 -0.14875757
v 0.04908347 0.08566883 -0.14733115
v 0.04908347 0.08566883 0.42610074
v 0.04908347 0.11657937 -0.14499925
v 0.04908347 0.11657937 0.42188522
v 0.04908347 0.14748992 -0.14089951
v 0.04908347 0.14748992 0.41693531
v 0.04908347 0.17840047 -0.13671422
v 0.04908347 0.17840047 0.41386238
v 0.04908347 0.20931101 -0.13859883
v 0.03429801 0.20931101 0.43854280
v 0.04908347 0.20931101 0.43428705
v 0.02246025 0.24022156 -0.11784702
v 0.04908347 0.24022156 -0.13448288
v 0.04517176 0.24022156 0.43854280
v 0.04908347 0.24022156 0.43589494
v 0.04908347 0.26009984 -0.11784702
v 0.04908347 0.27113210 -0.10799355
v 0.04908347 0.24158594 0.43854280
v 0.04908347 0.25335979 0.46945334
v 0.04908347 0.26770462 0.50036389
v 0.04908347 0.27113210 0.50696434
v 0.04908347 0.28816182 -0.08693648
v 0.04908347 0.30204265 -0.06864763
v 0.04908347 0.28553681 0.53127443
v 0.03473139 0.30204265 0.56218498
v 0.04908347 0.30204265 0.55753403
v 0.04908347 0.30999285 -0.05602593
v 0.04908347 0.32812081 -0.02511539
v 0.04908347 0.33295319 -0.01614395
v 0.04908347 0.30554572 0.56218498
v 0.04908347 0.32969091 0.59309552
v 0.04908347 0.33295319 0.59752524
v 0.04908347 0.34326995 0.00579516
v 0.04908347 0.35636551 0.03670570
v 0.04908347 0.36386374 0.05719406
v 0.04908347 0.35326751 0.62400607
v 0.04908347 0.36386374 0.63701618
v 0.04908347 0.36726503 0.06761625
v 0.04908347 0.37297716 0.09852679
v 0.04908347 0.37839604 0.12943734
v 0.03639246 0.39477428 0.16034789
v 0.04908347 0.38483397 0.16034789
v 0.03856905 0.39477428 0.19125843
v 0.04908347 0.38620036 0.19125843
v 0.04908347 0.39477428 0.19828638
v 0.04908347 0.38139520 0.65491661
v 0.04908347 0.39477428 0.66653686
v 0.03221883 0.42568483 0.22216898
v 0.04908347 0.41993650 0.22216898
v 0.04908347 0.42568483 0.22939724
v 0.04908347 0.42192934 0.68582716
v 0.04908347 0.42568483 0.68806924
v 0.04908347 0.43782582 0.22216898
v 0.04908347 0.45659538 0.21466536
v 0.04908347 0.45659538 0.70126819
v 0.04908347 0.48516207 0.19125843
v 0.04908347 0.48750592 0.18917610
v 0.04908347 0.48750592 0.70888319
v 0.03541446 0.51841647 0.16034789
v 0.04908347 0.50885074 0.16034789
v 0.04908347 0.51841647 0.14993539
v 0.04908347 0.51841647 0.71101193
v 0.04908347 0.53487872 0.16034789
v 0.04908347 0.54932701 0.16733946
v 0.04908347 0.54932701 0.70793925
v 0.03731861 0.58023756 0.16034789
v 0.04908347 0.58023756 0.16223097
v 0.04908347 0.58023756 0.70006615
v 0.04468308 0.61114810 0.16034789
v 0.04908347 0.61114810 0.16101025
v 0.04908347 0.61114810 0.68785958
v 0.02478484 0.64205865 0.16034789
v 0.04908347 0.64205865 0.16385049
v 0.04908347 0.61494126 0.68582716
v 0.04908347 0.64205865 0.66947876
v 0.04908347 0.67296919 0.17158865
v 0.04908347 0.66190463 0.65491661
v 0.04908347 0.67296919 0.64576897
v 0.04908347 0.70387974 0.18826876
v 0.04908347 0.69590600 0.62400607
v 0.04908347 0.70387974 0.61584390
v 0.04908347 0.70777991 0.19125843
v 0.04908347 0.73479029 0.21579819
v 0.04908347 0.72486694 0.59309552
v 0.04908347 0.73479029 0.58169300
v 0.04908347 0.74070446 0.22216898
v 0.04389824 0.76570083 0.25307952
v 0.04908347 0.76465499 0.25307952
v 0.04908347 0.76570083 0.25477970
v 0.04908347 0.75007368 0.56218498
v 0.04908347 0.76570083 0.53877163
v 0.04908347 0.78172632 0.28399007
v 0.03852784 0.79661138 0.31490061
v 0.04908347 0.79442047 0.31490061
v 0.04908347 0.79661138 0.32374892
v 0.04908347 0.79452670 0.46945334
v 0.04908347 0.79661138 0.45794270
v 0.04908347 0.78431858 0.50036389
v 0.04908347 0.77011695 0.53127443
v 0.04908347 0.80162456 0.34581116
v 0.04908347 0.80281364 0.37672170
v 0.04908347 0.80043817 0.40763225
v 0.04908347 0.79970588 0.43854280
v 0.05297731 -0.71800536 0.00579516
v 0.07999402 -0.72325249 0.03670570
v 0.07999402 -0.71800536 0.01939849
v 0.07999402 -0.71800536 0.04881797
v 0.07999402 -0.71108213 0.00579516
v 0.07999402 -0.68709481 -0.00805583
v 0.07999402 -0.71012962 0.06761625
v 0.07999402 -0.69163362 0.09852679
v 0.07999402 -0.68709481 0.10476492
v 0.06585441 -0.65618426 -0.02511539
v 0.07999402 -0.65618426 -0.02261144
v 0.07999402 -0.66912725 0.12943734
v 0.06505079 -0.65618426 0.16034789
v 0.07999402 -0.65618426 0.14931833
v 0.05060629 -0.65618426 0.19125843
v 0.07999402 -0.64997597 -0.02511539
v 0.07999402 -0.62527372 -0.03344991
v 0.07999402 -0.64998783 0.16034789
v 0.07999402 -0.64410900 0.19125843
v 0.07999402 -0.63057059 0.22216898
v 0.07999402 -0.62527372 0.23003411
v 0.07161067 -0.59436317 -0.11784702
v 0.07999402 -0.60028130 -0.11784702
v 0.07999402 -0.59436317 -0.14116336
v 0.07999402 -0.59436317 -0.09094638
v 0.07999402 -0.59436317 -0.04247841
v 0.07999402 -0.60874885 0.25307952
v 0.07999402 -0.59436317 0.26810049
v 0.06566000 -0.56345263 -0.11784702
v 0.07999402 -0.56345263 -0.14631884
v 0.05006630 -0.56345263 -0.08693648
v 0.07999402 -0.59341485 -0.08693648
v 0.07999402 -0.58720177 -0.05602593
v 0.07999402 -0.57807493 0.28399007
v 0.07999402 -0.56345263 0.29543133
v 0.06566236 -0.53254208 -0.11784702
v 0.07999402 -0.53254208 -0.14659531
v 0.05043631 -0.53254208 -0.08693648
v 0.07999402 -0.53665500 0.31490061
v 0.07999402 -0.53254208 0.31740099
v 0.06604229 -0.50163154 -0.11784702
v 0.07999402 -0.50163154 -0.14620436
v 0.05161672 -0.50163154 -0.08693648
v 0.07999402 -0.50163154 0.33464934
v 0.06666433 -0.47072099 -0.11784702
v 0.07999402 -0.47072099 -0.14536820
v 0.05585735 -0.47072099 -0.08693648
v 0.07999402 -0.47969468 0.34581116
v 0.07999402 -0.47072099 0.34973891
v 0.06754405 -0.43981045 -0.11784702
v 0.07999402 -0.43981045 -0.14415161
v 0.05705471 -0.43981045 -0.08693648
v 0.07999402 -0.43981045 0.36186588
v 0.07062546 -0.40889990 -0.11784702
v 0.07999402 -0.40889990 -0.14185498
v 0.05702924 -0.40889990 -0.08693648
v 0.06773816 -0.40889990 0.37672170
v 0.07999402 -0.40889990 0.37259251
v 0.07462492 -0.37798935 -0.11784702
v 0.07999402 -0.37798935 -0.13600230
v 0.05770435 -0.37798935 -0.08693648
v 0.07999402 -0.39509368 0.37672170
v 0.07999402 -0.37798935 0.38120860
v 0.07999402 -0.37239669 -0.11784702
v 0.07999402 -0.36068203 -0.08693648
v 0.07999402 -0.34707881 -0.07260770
v 0.07999402 -0.34707881 0.38797473
v 0.07999402 -0.31616826 -0.07121573
v 0.07999402 -0.31616826 0.39338396
v 0.07999402 -0.28525772 -0.06807640
v 0.05075030 -0.28525772 0.40763225
v 0.07999402 -0.28525772 0.39744001
v 0.07999402 -0.25434717 -0.06690188
v 0.06311757 -0.25434717 0.40763225
v 0.07999402 -0.25434717 0.40179205
v 0.05020336 -0.22343663 -0.08693648
v 0.07999402 -0.22343663 -0.07708651
v 0.07999402 -0.22701807 0.40763225
v 0.07999402 -0.22343663 0.40851674
v 0.07999402 -0.20224304 -0.08693648
v 0.07999402 -0.19252608 -0.09089205
v 0.07999402 -0.19252608 0.41500922
v 0.07999402 -0.16161554 -0.10190535
v 0.07999402 -0.16161554 0.41995637
v 0.06174760 -0.13070499 -0.11784702
v 0.07999402 -0.13070499 -0.11230392
v 0.07999402 -0.13070499 0.42322276
v 0.07999402 -0.11238617 -0.11784702
v 0.07999402 -0.09979444 -0.12110810
v 0.07999402 -0.09979444 0.42498992
v 0.07999402 -0.06888390 -0.12791639
v 0.07999402 -0.06888390 0.42556831
v 0.07999402 -0.03797335 -0.13311585
v 0.07999402 -0.03797335 0.42543282
v 0.07999402 -0.00706281 -0.13685936
v 0.07999402 -0.00706281 0.42712479
v 0.07999402 0.02384774 -0.13930052
v 0.05018123 0.02384774 0.43854280
v 0.07999402 0.02384774 0.42794625
v 0.07999402 0.05475828 -0.14042091
v 0.07999402 0.05475828 0.42399336
v 0.07999402 0.08566883 -0.14015673
v 0.07999402 0.08566883 0.41786604
v 0.07999402 0.11657937 -0.13841481
v 0.07999402 0.11657937 0.41263600
v 0.07999402 0.14748992 -0.14547769
v 0.07999402 0.14748992 0.40770015
v 0.06983613 0.17840047 -0.14875757
v 0.07999402 0.15678537 -0.14875757
v 0.07999402 0.17840047 -0.15781624
v 0.07629344 0.17840047 0.40763225
v 0.07999402 0.15121596 0.40763225
v 0.07999402 0.17840047 0.40690009
v 0.06308325 0.20931101 -0.14875757
v 0.07999402 0.20931101 -0.16079770
v 0.07999402 0.18214319 0.40763225
v 0.07999402 0.20931101 0.41360643
v 0.07999402 0.23043008 -0.14875757
v 0.07999402 0.24022156 -0.14273069
v 0.07818349 0.24022156 0.40763225
v 0.07999402 0.23403486 0.40763225
v 0.07999402 0.24022156 0.40602696
v 0.07999402 0.26349293 -0.11784702
v 0.07999402 0.27113210 -0.10917013
v 0.07999402 0.24148110 0.40763225
v 0.07999402 0.25256886 0.43854280
v 0.07999402 0.26471749 0.46945334
v 0.05851682 0.27113210 0.50036389
v 0.07999402 0.27113210 0.48278805
v 0.07999402 0.29014761 -0.08693648
v 0.07999402 0.30204265 -0.06757548
v 0.07999402 0.28123219 0.50036389
v 0.07999402 0.30057452 0.53127443
v 0.07999402 0.30204265 0.53346296
v 0.07999402 0.30969028 -0.05602593
v 0.07999402 0.32271147 -0.02511539
v 0.07999402 0.33295319 -0.00392339
v 0.07999402 0.32640730 0.56218498
v 0.05775587 0.33295319 0.59309552
v 0.07999402 0.33295319 0.57436009
v 0.07999402 0.33712780 0.00579516
v 0.07999402 0.34903410 0.03670570
v 0.06307070 0.36386374 0.06761625
v 0.07999402 0.35941166 0.06761625
v 0.07999402 0.36386374 0.08436987
v 0.07999402 0.34165508 0.59309552
v 0.07999402 0.36086133 0.62400607
v 0.07999402 0.36386374 0.62770468
v 0.07999402 0.36716809 0.09852679
v 0.07999402 0.36863501 0.12943734
v 0.07999402 0.36911442 0.16034789
v 0.07999402 0.36823464 0.19125843
v 0.07680628 0.39477428 0.22216898
v 0.07999402 0.39016973 0.22216898
v 0.07999402 0.39477428 0.22540993
v 0.07999402 0.39055879 0.65491661
v 0.07999402 0.39477428 0.65856218
v 0.07126546 0.42568483 0.25307952
v 0.07999402 0.41855128 0.25307952
v 0.07999402 0.42568483 0.26067788
v 0.05933476 0.42568483 0.68582716
v 0.07999402 0.42568483 0.68036937
v 0.05804166 0.45659538 0.22216898
v 0.07999402 0.44882890 0.25307952
v 0.07999402 0.45659538 0.24991142
v 0.07999402 0.43638078 0.68582716
v 0.07999402 0.45659538 0.69466551
v 0.05599681 0.48750592 0.19125843
v 0.07999402 0.47563138 0.22216898
v 0.07999402 0.48750592 0.20262003
v 0.07999402 0.48750592 0.70182770
v 0.07388937 0.51841647 0.12943734
v 0.07999402 0.51504295 0.12943734
v 0.07999402 0.51841647 0.12284026
v 0.07999402 0.50322463 0.16034789
v 0.07999402 0.49248718 0.19125843
v 0.07999402 0.51841647 0.70376491
v 0.07999402 0.52627725 0.12943734
v 0.06607763 0.54932701 0.16034789
v 0.07999402 0.54932701 0.14996323
v 0.07999402 0.54932701 0.70042636
v 0.07999402 0.55950955 0.16034789
v 0.07999402 0.58023756 0.17210369
v 0.07999402 0.58023756 0.69220071
v 0.07999402 0.61114810 0.17032372
v 0.05675050 0.61114810 0.68582716
v 0.07999402 0.59555749 0.68582716
v 0.07999402 0.61114810 0.67843897
v 0.07999402 0.64205865 0.17287356
v 0.07999402 0.64205865 0.65916583
v 0.07999402 0.67296919 0.18076881
v 0.07999402 0.64762579 0.65491661
v 0.07999402 0.67296919 0.63332159
v 0.05847681 0.70387974 0.19125843
v 0.07999402 0.69196659 0.19125843
v 0.07999402 0.70387974 0.19960037
v 0.07999402 0.68269029 0.62400607
v 0.07999402 0.70387974 0.60250645
v 0.06535144 0.73479029 0.22216898
v 0.07999402 0.72839002 0.22216898
v 0.07999402 0.73479029 0.22942300
v 0.07999402 0.71272661 0.59309552
v 0.07999402 0.73479029 0.56850582
v 0.07999402 0.75264645 0.25307952
v 0.07999402 0.76570083 0.27512644
v 0.06679565 0.76570083 0.53127443
v 0.07999402 0.76169744 0.53127443
v 0.07999402 0.76570083 0.52413149
v 0.07999402 0.73995501 0.56218498
v 0.07999402 0.77038840 0.28399007
v 0.07999402 0.78171660 0.31490061
v 0.06070060 0.79661138 0.34581116
v 0.07999402 0.78648050 0.34581116
v 0.06511218 0.79661138 0.37672170
v 0.07999402 0.79039973 0.37672170
v 0.07175110 0.79661138 0.40763225
v 0.07999402 0.79500498 0.40763225
v 0.06742838 0.79661138 0.43854280
v 0.07999402 0.79408941 0.43854280
v 0.07999402 0.78803333 0.46945334
v 0.07999402 0.77728160 0.50036389
v 0.10096681 -0.71800536 0.03670570
v 0.11090456 -0.69278528 0.00579516
v 0.11090456 -0.68709481 0.00267465
v 0.11090456 -0.71517379 0.03670570
v 0.11090456 -0.70207665 0.06761625
v 0.09633338 -0.68709481 0.09852679
v 0.11090456 -0.68709481 0.09148615
v 0.11090456 -0.65618426 -0.01166578
v 0.11090456 -0.68270021 0.09852679
v 0.11090456 -0.65866805 0.12943734
v 0.11090456 -0.65618426 0.13219854
v 0.10626237 -0.62527372 -0.02511539
v 0.11090456 -0.62527372 -0.02340812
v 0.11090456 -0.63033825 0.16034789
v 0.10756376 -0.62527372 0.19125843
v 0.11090456 -0.62527372 0.18012562
v 0.08781813 -0.62527372 0.22216898
v 0.09786532 -0.59436317 -0.17966812
v 0.11090456 -0.61349140 -0.17966812
v 0.11090456 -0.59436317 -0.20561172
v 0.08317327 -0.59436317 -0.14875757
v 0.11090456 -0.61125723 -0.14875757
v 0.11090456 -0.60443494 -0.11784702
v 0.08731600 -0.59436317 -0.08693648
v 0.11090456 -0.59714330 -0.08693648
v 0.11090456 -0.59436317 -0.07585700
v 0.11090456 -0.61998064 -0.02511539
v 0.11090456 -0.59436317 -0.03782758
v 0.11090456 -0.62277668 0.19125843
v 0.11090456 -0.60819016 0.22216898
v 0.09950858 -0.59436317 0.25307952
v 0.11090456 -0.59436317 0.24120579
v 0.09690905 -0.56345263 -0.17966812
v 0.11090456 -0.56345263 -0.20737800
v 0.08123565 -0.56345263 -0.14875757
v 0.11090456 -0.58939501 -0.05602593
v 0.11090456 -0.58510534 0.25307952
v 0.09809467 -0.56345263 0.28399007
v 0.11090456 -0.56345263 0.27379631
v 0.09662174 -0.53254208 -0.17966812
v 0.11090456 -0.53254208 -0.20806802
v 0.08108057 -0.53254208 -0.14875757
v 0.11090456 -0.55193694 0.28399007
v 0.08460606 -0.53254208 0.31490061
v 0.11090456 -0.53254208 0.29773145
v 0.09665288 -0.50163154 -0.17966812
v 0.11090456 -0.50163154 -0.20818476
v 0.08125893 -0.50163154 -0.14875757
v 0.11090456 -0.50613480 0.31490061
v 0.11090456 -0.50163154 0.31734715
v 0.09688802 -0.47072099 -0.17966812
v 0.11090456 -0.47072099 -0.20791283
v 0.08164736 -0.47072099 -0.14875757
v 0.08793414 -0.47072099 0.34581116
v 0.11090456 -0.47072099 0.33251957
v 0.09727451 -0.43981045 -0.17966812
v 0.11090456 -0.43981045 -0.20734288
v 0.08219757 -0.43981045 -0.14875757
v 0.11090456 -0.44048277 0.34581116
v 0.11090456 -0.43981045 0.34606513
v 0.10840716 -0.40889990 -0.17966812
v 0.11090456 -0.40889990 -0.18236803
v 0.08403413 -0.40889990 -0.14875757
v 0.11090456 -0.40889990 0.35625820
v 0.11090456 -0.40721675 -0.17966812
v 0.11090456 -0.38819091 -0.14875757
v 0.11090456 -0.37798935 -0.12811860
v 0.08941501 -0.37798935 0.37672170
v 0.11090456 -0.37798935 0.36499192
v 0.11090456 -0.37353288 -0.11784702
v 0.11090456 -0.36513415 -0.08693648
v 0.10623603 -0.34707881 -0.05602593
v 0.11090456 -0.34945928 -0.05602593
v 0.11090456 -0.34707881 -0.05270116
v 0.10293837 -0.34707881 0.37672170
v 0.11090456 -0.34707881 0.37224031
v 0.10140149 -0.31616826 -0.05602593
v 0.11090456 -0.31616826 -0.04845768
v 0.11090456 -0.32300740 0.37672170
v 0.11090456 -0.31616826 0.37783690
v 0.09538208 -0.28525772 -0.05602593
v 0.11090456 -0.28525772 -0.04491097
v 0.11090456 -0.28525772 0.38159358
v 0.09429292 -0.25434717 -0.05602593
v 0.11090456 -0.25434717 -0.04691544
v 0.11090456 -0.25434717 0.38703779
v 0.11090456 -0.23836372 -0.05602593
v 0.11090456 -0.22343663 -0.06276523
v 0.08159527 -0.22343663 0.40763225
v 0.11090456 -0.22343663 0.39358900
v 0.08916084 -0.19252608 -0.08693648
v 0.11090456 -0.19252608 -0.07647598
v 0.09362645 -0.19252608 0.40763225
v 0.11090456 -0.19252608 0.39931862
v 0.11090456 -0.16771443 -0.08693648
v 0.11090456 -0.16161554 -0.08910175
v 0.10377705 -0.16161554 0.40763225
v 0.11090456 -0.16161554 0.40418869
v 0.11090456 -0.13070499 -0.09906094
v 0.11090456 -0.13475275 0.40763225
v 0.11090456 -0.13070499 0.40825966
v 0.08853829 -0.09979444 -0.11784702
v 0.11090456 -0.09979444 -0.10811599
v 0.11090456 -0.09979444 0.41181533
v 0.10672271 -0.06888390 -0.11784702
v 0.11090456 -0.06888390 -0.11604248
v 0.11090456 -0.06888390 0.41396437
v 0.11090456 -0.05970627 -0.11784702
v 0.11090456 -0.03797335 -0.12148175
v 0.11090456 -0.03797335 0.41453779
v 0.11090456 -0.00706281 -0.12526288
v 0.11090456 -0.00706281 0.41347687
v 0.11090456 0.02384774 -0.12782094
v 0.11090456 0.02384774 0.41112215
v 0.11090456 0.05475828 -0.12913733
v 0.11068912 0.05475828 0.40763225
v 0.11090456 0.05371180 0.40763225
v 0.11090456 0.05475828 0.40752688
v 0.11090456 0.08566883 -0.13470969
v 0.10236980 0.08566883 0.40763225
v 0.11090456 0.08566883 0.40346044
v 0.10493037 0.11657937 -0.14875757
v 0.11090456 0.11058010 -0.14875757
v 0.11090456 0.11657937 -0.15401646
v 0.09217134 0.11657937 0.40763225
v 0.11090456 0.11657937 0.39848195
v 0.08456242 0.14748992 -0.14875757
v 0.11090456 0.14748992 -0.17250849
v 0.08015943 0.14748992 0.40763225
v 0.11090456 0.14748992 0.39262606
v 0.10854717 0.17840047 -0.58150521
v 0.11090456 0.17501882 -0.58150521
v 0.11090456 0.17840047 -0.58656859
v 0.09714294 0.17840047 -0.55059466
v 0.11090456 0.16268885 -0.55059466
v 0.10125952 0.17840047 -0.51968412
v 0.11090456 0.16153810 -0.51968412
v 0.10717738 0.17840047 -0.48877357
v 0.11090456 0.16749781 -0.48877357
v 0.11090456 0.17840047 -0.46977651
v 0.10903791 0.17840047 -0.17966812
v 0.11090456 0.17309067 -0.17966812
v 0.11090456 0.17840047 -0.18104645
v 0.11090456 0.17840047 0.38981894
v 0.11090456 0.18056525 -0.58150521
v 0.11090456 0.18838327 -0.55059466
v 0.11090456 0.18722084 -0.51968412
v 0.11090456 0.18258413 -0.48877357
v 0.11090456 0.18372443 -0.17966812
v 0.11090456 0.20931101 -0.17252788
v 0.08705699 0.20931101 0.40763225
v 0.11090456 0.20931101 0.38698034
v 0.11090456 0.23584249 -0.14875757
v 0.11090456 0.24022156 -0.14459345
v 0.10880100 0.24022156 0.37672170
v 0.11090456 0.23509371 0.37672170
v 0.11090456 0.24022156 0.37451826
v 0.11090456 0.26138979 -0.11784702
v 0.11090456 0.27113210 -0.10477804
v 0.11061596 0.27113210 0.37672170
v 0.11090456 0.27113210 0.37596803
v 0.11090456 0.26851135 0.40763225
v 0.11090456 0.27113210 0.37965367
v 0.10818214 0.27113210 0.43854280
v 0.11090456 0.27113210 0.42363762
v 0.09010130 0.27113210 0.46945334
v 0.11090456 0.28444150 -0.08693648
v 0.11090456 0.30204265 -0.06140057
v 0.11090456 0.27142870 0.37672170
v 0.11090456 0.27372579 0.43854280
v 0.11090456 0.28977262 0.46945334
v 0.10426956 0.30204265 0.50036389
v 0.11090456 0.30204265 0.48942307
v 0.08181078 0.30204265 0.53127443
v 0.11090456 0.30673541 -0.05602593
v 0.11090456 0.31741660 -0.02511539
v 0.09579066 0.33295319 0.00579516
v 0.11090456 0.32863897 0.00579516
v 0.11090456 0.33295319 0.01693173
v 0.11090456 0.31153689 0.50036389
v 0.10638009 0.33295319 0.53127443
v 0.11090456 0.33295319 0.52345002
v 0.09038608 0.33295319 0.56218498
v 0.11090456 0.33984440 0.03670570
v 0.11090456 0.34914727 0.06761625
v 0.09046696 0.36386374 0.09852679
v 0.11090456 0.35668824 0.09852679
v 0.09762572 0.36386374 0.12943734
v 0.11090456 0.36004459 0.12943734
v 0.09505430 0.36386374 0.16034789
v 0.11090456 0.35916090 0.16034789
v 0.08873789 0.36386374 0.19125843
v 0.11090456 0.35690427 0.19125843
v 0.10111430 0.36386374 0.22216898
v 0.11090456 0.35804382 0.22216898
v 0.11090456 0.36386374 0.23709847
v 0.11090456 0.33748502 0.53127443
v 0.11090456 0.34412494 0.56218498
v 0.11090456 0.35690301 0.59309552
v 0.08618735 0.36386374 0.62400607
v 0.11090456 0.36386374 0.60440500
v 0.10132642 0.39477428 0.25307952
v 0.11090456 0.37700472 0.25307952
v 0.11090456 0.39477428 0.27191084
v 0.11090456 0.37893246 0.62400607
v 0.08714188 0.39477428 0.65491661
v 0.11090456 0.39477428 0.64010060
v 0.09773414 0.42568483 0.28399007
v 0.11090456 0.40393903 0.28399007
v 0.11090456 0.42568483 0.30421253
v 0.11090456 0.41258635 0.65491661
v 0.11090456 0.42568483 0.66403781
v 0.08186950 0.45659538 0.25307952
v 0.09488493 0.45659538 0.28399007
v 0.11090456 0.45659538 0.29920927
v 0.11090456 0.44600890 0.68582716
v 0.11090456 0.45659538 0.70291114
v 0.09060315 0.48750592 0.22216898
v 0.11000554 0.48750592 0.25307952
v 0.11090456 0.47380463 0.28399007
v 0.11090456 0.48750592 0.25528682
v 0.11090456 0.48750592 0.70470458
v 0.10623587 0.51841647 0.12943734
v 0.10733614 0.51841647 0.16034789
v 0.10408015 0.51841647 0.19125843
v 0.11090456 0.51435325 0.22216898
v 0.11090456 0.51841647 0.21436274
v 0.11090456 0.48868042 0.25307952
v 0.11090456 0.51841647 0.69041272
v 0.10816614 0.54932701 0.16034789
v 0.11090456 0.54245138 0.19125843
v 0.11090456 0.54932701 0.16740700
v 0.11090456 0.54932701 0.68593366
v 0.11090456 0.58023756 0.18828149
v 0.09344124 0.58023756 0.68582716
v 0.11090456 0.54970021 0.68582716
v 0.11090456 0.58023756 0.67578840
v 0.11090456 0.61114810 0.18526424
v 0.11090456 0.61114810 0.66058838
v 0.11090456 0.64205865 0.18720648
v 0.08743900 0.64205865 0.65491661
v 0.11090456 0.61993551 0.65491661
v 0.11090456 0.64205865 0.63876663
v 0.10246700 0.67296919 0.19125843
v 0.11090456 0.65766675 0.19125843
v 0.11090456 0.67296919 0.19643150
v 0.09432668 0.67296919 0.62400607
v 0.11090456 0.65934179 0.62400607
v 0.11090456 0.67296919 0.61133525
v 0.11090456 0.70387974 0.21861532
v 0.09397008 0.70387974 0.59309552
v 0.11090456 0.69121252 0.59309552
v 0.11090456 0.70387974 0.58010305
v 0.11090456 0.70766023 0.22216898
v 0.10959792 0.73479029 0.25307952
v 0.11090456 0.73381392 0.25307952
v 0.11090456 0.73479029 0.25476622
v 0.08932435 0.73479029 0.56218498
v 0.11090456 0.72025773 0.56218498
v 0.11090456 0.73479029 0.54466933
v 0.08822090 0.76570083 0.28399007
v 0.11090456 0.74979730 0.28399007
v 0.10236825 0.76570083 0.31490061
v 0.11090456 0.75800213 0.31490061
v 0.11090456 0.76570083 0.33623731
v 0.10638799 0.76570083 0.50036389
v 0.11090456 0.76325417 0.50036389
v 0.11090456 0.76570083 0.49474432
v 0.11090456 0.74462589 0.53127443
v 0.11090456 0.76862348 0.34581116
v 0.11090456 0.77882899 0.37672170
v 0.11090456 0.78314124 0.40763225
v 0.11090456 0.78178964 0.43854280
v 0.11090456 0.77513781 0.46945334
v 0.11615263 -0.68709481 0.00579516
v 0.14181511 -0.69515568 0.03670570
v 0.14181511 -0.68709481 0.02784437
v 0.13760066 -0.68709481 0.06761625
v 0.14181511 -0.68709481 0.05918255
v 0.13933140 -0.65618426 0.00579516
v 0.14181511 -0.65618426 0.00782044
v 0.14181511 -0.68440493 0.06761625
v 0.14181511 -0.66318692 0.09852679
v 0.11469914 -0.65618426 0.12943734
v 0.14181511 -0.65618426 0.10664107
v 0.13339501 -0.62527372 -0.51968412
v 0.14181511 -0.63144378 -0.51968412
v 0.14181511 -0.62527372 -0.52773547
v 0.13719785 -0.62527372 -0.48877357
v 0.14181511 -0.63015000 -0.48877357
v 0.14181511 -0.62527372 -0.48494655
v 0.13152148 -0.62527372 -0.24148921
v 0.14181511 -0.63462192 -0.24148921
v 0.14181511 -0.62527372 -0.26270814
v 0.12768124 -0.62527372 -0.21057866
v 0.14181511 -0.62886825 -0.21057866
v 0.14181511 -0.62527372 -0.19365212
v 0.14181511 -0.65201692 0.00579516
v 0.14181511 -0.62527372 -0.00385016
v 0.14181511 -0.63609669 0.12943734
v 0.11740399 -0.62527372 0.16034789
v 0.14181511 -0.62527372 0.13992006
v 0.14181511 -0.61118026 -0.51968412
v 0.14181511 -0.62091499 -0.48877357
v 0.12911227 -0.59436317 -0.24148921
v 0.14181511 -0.59436317 -0.26665329
v 0.11342922 -0.59436317 -0.21057866
v 0.14181511 -0.62229849 -0.17966812
v 0.14181511 -0.61538327 -0.14875757
v 0.14181511 -0.60819253 -0.11784702
v 0.14181511 -0.60070919 -0.08693648
v 0.14181511 -0.59436317 -0.06186271
v 0.12329294 -0.59436317 -0.02511539
v 0.14181511 -0.59436317 -0.01280223
v 0.14181511 -0.60340990 0.16034789
v 0.13748329 -0.59436317 0.19125843
v 0.14181511 -0.59436317 0.17883821
v 0.12397027 -0.59436317 0.22216898
v 0.12821426 -0.56345263 -0.24148921
v 0.14181511 -0.56345263 -0.26838457
v 0.11253205 -0.56345263 -0.21057866
v 0.14181511 -0.59288700 -0.05602593
v 0.14181511 -0.58776682 -0.02511539
v 0.14181511 -0.58921256 0.19125843
v 0.14181511 -0.57338357 0.22216898
v 0.12958023 -0.56345263 0.25307952
v 0.14181511 -0.56345263 0.23464174
v 0.12778534 -0.53254208 -0.24148921
v 0.14181511 -0.53254208 -0.26930085
v 0.11217383 -0.53254208 -0.21057866
v 0.14181511 -0.54752746 0.25307952
v 0.12606197 -0.53254208 0.28399007
v 0.14181511 -0.53254208 0.26597422
v 0.12763132 -0.50163154 -0.24148921
v 0.14181511 -0.50163154 -0.26971558
v 0.11210629 -0.50163154 -0.21057866
v 0.14181511 -0.50962914 0.28399007
v 0.11406647 -0.50163154 0.31490061
v 0.14181511 -0.50163154 0.28901243
v 0.12766608 -0.47072099 -0.24148921
v 0.14181511 -0.47072099 -0.26811961
v 0.11223281 -0.47072099 -0.21057866
v 0.13306306 -0.47072099 0.31490061
v 0.14181511 -0.47072099 0.30649727
v 0.14181511 -0.45433301 -0.24148921
v 0.11768665 -0.43981045 -0.21057866
v 0.14181511 -0.43981045 -0.22025654
v 0.14181511 -0.45401959 0.31490061
v 0.11126855 -0.43981045 0.34581116
v 0.14181511 -0.43981045 0.32085760
v 0.14181511 -0.43366333 -0.21057866
v 0.11848098 -0.40889990 -0.17966812
v 0.14181511 -0.41412172 -0.17966812
v 0.14181511 -0.40889990 -0.17134312
v 0.12550827 -0.40889990 0.34581116
v 0.14181511 -0.40889990 0.33213869
v 0.14181511 -0.39486788 -0.14875757
v 0.14181511 -0.37798935 -0.11948741
v 0.13709874 -0.37798935 0.34581116
v 0.14181511 -0.37798935 0.34175888
v 0.14181511 -0.37716006 -0.11784702
v 0.14181511 -0.36863112 -0.08693648
v 0.14181511 -0.36061706 -0.05602593
v 0.13834017 -0.34707881 -0.02511539
v 0.14181511 -0.34918235 -0.02511539
v 0.14181511 -0.34707881 -0.02129639
v 0.14181511 -0.36218193 0.34581116
v 0.14181511 -0.34707881 0.34912856
v 0.13320567 -0.31616826 -0.02511539
v 0.14181511 -0.31616826 -0.01781945
v 0.11258711 -0.31616826 0.37672170
v 0.14181511 -0.31616826 0.35448083
v 0.13365609 -0.28525772 -0.02511539
v 0.14181511 -0.28525772 -0.01910375
v 0.11816202 -0.28525772 0.37672170
v 0.14181511 -0.28525772 0.35847498
v 0.14181511 -0.26632726 -0.02511539
v 0.14181511 -0.25434717 -0.02839130
v 0.12809461 -0.25434717 0.37672170
v 0.14181511 -0.25434717 0.36648582
v 0.12158524 -0.22343663 -0.05602593
v 0.14181511 -0.22343663 -0.04030548
v 0.13891367 -0.22343663 0.37672170
v 0.14181511 -0.22343663 0.37454866
v 0.14181511 -0.19469553 -0.05602593
v 0.14181511 -0.19252608 -0.05698068
v 0.14181511 -0.21389716 0.37672170
v 0.14181511 -0.19252608 0.38064628
v 0.11487404 -0.16161554 -0.08693648
v 0.14181511 -0.16161554 -0.06951687
v 0.14181511 -0.16161554 0.38546257
v 0.13310495 -0.13070499 -0.08693648
v 0.14181511 -0.13070499 -0.08126589
v 0.11176095 -0.13070499 0.40763225
v 0.14181511 -0.13070499 0.38937491
v 0.14181511 -0.11418880 -0.08693648
v 0.14181511 -0.09979444 -0.09101584
v 0.11688416 -0.09979444 0.40763225
v 0.14181511 -0.09979444 0.39265548
v 0.14181511 -0.06888390 -0.09854803
v 0.12065533 -0.06888390 0.40763225
v 0.14181511 -0.06888390 0.39516946
v 0.11828123 -0.03797335 -0.11784702
v 0.14181511 -0.03797335 -0.10450000
v 0.12239820 -0.03797335 0.40763225
v 0.14181511 -0.03797335 0.39647730
v 0.12609102 -0.00706281 -0.11784702
v 0.14181511 -0.00706281 -0.10896864
v 0.12150241 -0.00706281 0.40763225
v 0.14181511 -0.00706281 0.39639360
v 0.13152627 0.02384774 -0.11784702
v 0.14181511 0.02384774 -0.11206075
v 0.11780900 0.02384774 0.40763225
v 0.14181511 0.02384774 0.39493103
v 0.13447647 0.05475828 -0.11784702
v 0.14181511 0.05475828 -0.11373344
v 0.14181511 0.05475828 0.39198436
v 0.13506976 0.08566883 -0.14875757
v 0.14181511 0.08070766 -0.14875757
v 0.14181511 0.08566883 -0.15555565
v 0.14181511 0.06184145 -0.11784702
v 0.14181511 0.08566883 0.38738329
v 0.13938932 0.11657937 -0.17966812
v 0.14181511 0.11374277 -0.17966812
v 0.14181511 0.11657937 -0.18181392
v 0.14181511 0.11657937 0.38084391
v 0.13588352 0.14748992 -0.61241575
v 0.14181511 0.14094133 -0.61241575
v 0.14181511 0.14748992 -0.63047104
v 0.12767422 0.14748992 -0.58150521
v 0.14181511 0.13270425 -0.58150521
v 0.12190093 0.14748992 -0.55059466
v 0.14181511 0.12698476 -0.55059466
v 0.11822537 0.14748992 -0.51968412
v 0.14181511 0.12265477 -0.51968412
v 0.11722888 0.14748992 -0.48877357
v 0.14181511 0.11953085 -0.48877357
v 0.11867323 0.14748992 -0.45786303
v 0.14181511 0.11753571 -0.45786303
v 0.12180485 0.14748992 -0.42695248
v 0.14181511 0.11690567 -0.42695248
v 0.12598165 0.14748992 -0.39604193
v 0.14181511 0.11829601 -0.39604193
v 0.13079362 0.14748992 -0.36513139
v 0.14181511 0.12270176 -0.36513139
v 0.13599996 0.14748992 -0.33422084
v 0.14181511 0.13144854 -0.33422084
v 0.14145970 0.14748992 -0.30331030
v 0.14181511 0.14628355 -0.30331030
v 0.14181511 0.14748992 -0.30135280
v 0.12030053 0.14748992 -0.17966812
v 0.14181511 0.14748992 -0.19576909
v 0.13685006 0.14748992 0.37672170
v 0.14181511 0.13142677 0.37672170
v 0.14181511 0.14748992 0.37291647
v 0.13740466 0.17840047 -0.64332630
v 0.14181511 0.16346078 -0.64332630
v 0.14181511 0.17840047 -0.65273840
v 0.12295310 0.17840047 -0.61241575
v 0.11325858 0.17840047 -0.45786303
v 0.11938909 0.17840047 -0.42695248
v 0.12551467 0.17840047 -0.39604193
v 0.13163846 0.17840047 -0.36513139
v 0.13776149 0.17840047 -0.33422084
v 0.14181511 0.15213776 -0.30331030
v 0.14181511 0.17840047 -0.31376270
v 0.14181511 0.17840047 -0.19698276
v 0.12669593 0.17840047 0.37672170
v 0.14181511 0.17840047 0.36527049
v 0.14181511 0.18492055 -0.64332630
v 0.14181511 0.19983658 -0.61241575
v 0.14181511 0.20727509 -0.58150521
v 0.14021674 0.20931101 -0.55059466
v 0.14181511 0.20931101 -0.56283204
v 0.13788443 0.20931101 -0.51968412
v 0.13741892 0.20931101 -0.48877357
v 0.13872625 0.20931101 -0.45786303
v 0.14138223 0.20931101 -0.42695248
v 0.14181511 0.20454549 -0.39604193
v 0.14181511 0.20931101 -0.42327747
v 0.14181511 0.19669928 -0.36513139
v 0.14181511 0.18643919 -0.33422084
v 0.14181511 0.20320648 -0.17966812
v 0.14181511 0.20931101 -0.17513036
v 0.12116359 0.20931101 0.37672170
v 0.14181511 0.20931101 0.35629132
v 0.14181511 0.21045097 -0.55059466
v 0.14181511 0.21215591 -0.51968412
v 0.14181511 0.21263116 -0.48877357
v 0.14181511 0.21179741 -0.45786303
v 0.14181511 0.20968699 -0.42695248
v 0.14181511 0.23316911 -0.14875757
v 0.14181511 0.24022156 -0.14049868
v 0.14035687 0.24022156 0.34581116
v 0.14181511 0.23680560 0.34581116
v 0.14181511 0.24022156 0.34422698
v 0.14181511 0.25588290 -0.11784702
v 0.14181511 0.27113210 -0.09441472
v 0.12542372 0.27113210 0.34581116
v 0.14181511 0.27113210 0.32852471
v 0.11310796 0.27113210 0.40763225
v 0.14181511 0.27532962 -0.08693648
v 0.11821281 0.30204265 -0.05602593
v 0.14181511 0.29214851 -0.05602593
v 0.14181511 0.30204265 -0.03466259
v 0.13854502 0.30204265 0.31490061
v 0.14181511 0.29579029 0.31490061
v 0.14181511 0.30204265 0.30892827
v 0.12598054 0.30204265 0.34581116
v 0.13218488 0.30204265 0.37672170
v 0.13561642 0.30204265 0.40763225
v 0.13161498 0.30204265 0.43854280
v 0.12211050 0.30204265 0.46945334
v 0.14181511 0.30716842 -0.02511539
v 0.14181511 0.31779249 0.00579516
v 0.13011688 0.33295319 0.03670570
v 0.14181511 0.32840406 0.03670570
v 0.14181511 0.33295319 0.05232787
v 0.13823784 0.33295319 0.22216898
v 0.14181511 0.32971135 0.22216898
v 0.14181511 0.33295319 0.21406761
v 0.13793900 0.33295319 0.25307952
v 0.14181511 0.32697052 0.25307952
v 0.13801492 0.33295319 0.28399007
v 0.14181511 0.32620774 0.28399007
v 0.12949181 0.33295319 0.31490061
v 0.13642014 0.33295319 0.34581116
v 0.14181511 0.32847103 0.37672170
v 0.14181511 0.33295319 0.36989049
v 0.14181511 0.31777570 0.40763225
v 0.14181511 0.32855794 0.43854280
v 0.14181511 0.33243276 0.46945334
v 0.14181511 0.33086851 0.50036389
v 0.14181511 0.33295319 0.50456333
v 0.14181511 0.33699261 0.06761625
v 0.14181511 0.34338161 0.09852679
v 0.14181511 0.34737901 0.12943734
v 0.14181511 0.34615594 0.16034789
v 0.14181511 0.34051061 0.19125843
v 0.11932175 0.36386374 0.25307952
v 0.12384515 0.36386374 0.28399007
v 0.13095131 0.36386374 0.31490061
v 0.14047795 0.36386374 0.34581116
v 0.14181511 0.36386374 0.35145948
v 0.14181511 0.34613595 0.53127443
v 0.14181511 0.36225874 0.56218498
v 0.12031738 0.36386374 0.59309552
v 0.14181511 0.36386374 0.56513864
v 0.11549605 0.39477428 0.28399007
v 0.12824963 0.39477428 0.31490061
v 0.13916782 0.39477428 0.34581116
v 0.14181511 0.39477428 0.35564726
v 0.14181511 0.37918364 0.59309552
v 0.13823140 0.39477428 0.62400607
v 0.14181511 0.39477428 0.62112446
v 0.11638741 0.42568483 0.31490061
v 0.12962981 0.42568483 0.34581116
v 0.14181511 0.42568483 0.36840929
v 0.14181511 0.39639573 0.62400607
v 0.14181511 0.41415211 0.65491661
v 0.14181511 0.42568483 0.67482763
v 0.12732911 0.45659538 0.31490061
v 0.14181511 0.44405986 0.34581116
v 0.14181511 0.45659538 0.33219947
v 0.14181511 0.43215404 0.68582716
v 0.12874992 0.45659538 0.71673771
v 0.14181511 0.45049660 0.71673771
v 0.14181511 0.45659538 0.72693999
v 0.12423634 0.48750592 0.28399007
v 0.14181511 0.47310296 0.31490061
v 0.14181511 0.48750592 0.30159515
v 0.12554598 0.48750592 0.71673771
v 0.14181511 0.48750592 0.73008443
v 0.11345090 0.51841647 0.22216898
v 0.12984413 0.51841647 0.25307952
v 0.14181511 0.51057758 0.28399007
v 0.14181511 0.51841647 0.27574047
v 0.14181511 0.51335776 0.71673771
v 0.14181511 0.51841647 0.71406927
v 0.11296300 0.54932701 0.19125843
v 0.12889193 0.54932701 0.22216898
v 0.14181511 0.54177265 0.25307952
v 0.14181511 0.54932701 0.24573729
v 0.14181511 0.54932701 0.69693863
v 0.11453540 0.58023756 0.19125843
v 0.14028860 0.58023756 0.22216898
v 0.14181511 0.58023756 0.22482728
v 0.14181511 0.56840924 0.68582716
v 0.14181511 0.58023756 0.67859626
v 0.11908613 0.61114810 0.19125843
v 0.14181511 0.58742335 0.22216898
v 0.14181511 0.61114810 0.21576704
v 0.14181511 0.61114810 0.65806203
v 0.11697619 0.64205865 0.19125843
v 0.14181511 0.64205865 0.21527330
v 0.12604435 0.64205865 0.62400607
v 0.14181511 0.62514528 0.62400607
v 0.14181511 0.64205865 0.60550799
v 0.14181511 0.61448138 0.65491661
v 0.13788581 0.67296919 0.22216898
v 0.14181511 0.66132088 0.22216898
v 0.14181511 0.67296919 0.22874789
v 0.12826279 0.67296919 0.59309552
v 0.14181511 0.65568888 0.59309552
v 0.14181511 0.67296919 0.57666771
v 0.11490493 0.70387974 0.22216898
v 0.13680743 0.70387974 0.25307952
v 0.14181511 0.69543876 0.25307952
v 0.14181511 0.70387974 0.26783558
v 0.12792604 0.70387974 0.56218498
v 0.14181511 0.68744582 0.56218498
v 0.14181511 0.70387974 0.54485341
v 0.12479747 0.73479029 0.28399007
v 0.14181511 0.71111753 0.28399007
v 0.13450752 0.73479029 0.31490061
v 0.14181511 0.72515255 0.31490061
v 0.14181511 0.73479029 0.32723330
v 0.12289293 0.73479029 0.53127443
v 0.14181511 0.71543365 0.53127443
v 0.14181511 0.73479029 0.50479100
v 0.11582195 0.76570083 0.34581116
v 0.14181511 0.74629517 0.34581116
v 0.13230894 0.76570083 0.37672170
v 0.14181511 0.75834485 0.37672170
v 0.13853240 0.76570083 0.40763225
v 0.14181511 0.76308363 0.40763225
v 0.13575176 0.76570083 0.43854280
v 0.14181511 0.76075441 0.43854280
v 0.12518560 0.76570083 0.46945334
v 0.14181511 0.75194613 0.46945334
v 0.14181511 0.73758336 0.50036389
v 0.14879537 -0.68709481 0.03670570
v 0.16666926 -0.65618426 -0.48877357
v 0.17272565 -0.66003855 -0.48877357
v 0.17272565 -0.65618426 -0.50660776
v 0.17272565 -0.65618426 -0.47926411
v 0.16572843 -0.65618426 0.03670570
v 0.16840348 -0.65618426 0.06761625
v 0.14870335 -0.65618426 0.09852679
v 0.16597407 -0.62527372 -0.55059466
v 0.17272565 -0.63124556 -0.55059466
v 0.17272565 -0.62527372 -0.55649327
v 0.17272565 -0.65319430 -0.51968412
v 0.17272565 -0.62527372 -0.45982881
v 0.16199418 -0.62527372 -0.30331030
v 0.17272565 -0.64740601 -0.30331030
v 0.17272565 -0.62527372 -0.32472611
v 0.14705062 -0.62527372 -0.27239975
v 0.17272565 -0.64609658 -0.27239975
v 0.17272565 -0.63986858 -0.24148921
v 0.17272565 -0.63325039 -0.21057866
v 0.16435816 -0.62527372 -0.17966812
v 0.17272565 -0.62635422 -0.17966812
v 0.17272565 -0.62527372 -0.17500880
v 0.15205012 -0.62527372 0.00579516
v 0.17272565 -0.63848059 0.03670570
v 0.17272565 -0.62527372 0.03071991
v 0.17272565 -0.65054734 0.06761625
v 0.17272565 -0.62757683 0.09852679
v 0.15116312 -0.62527372 0.12943734
v 0.17272565 -0.62527372 0.10082742
v 0.16812787 -0.59436317 -0.55059466
v 0.17272565 -0.59436317 -0.55539372
v 0.15204110 -0.59436317 -0.51968412
v 0.16945721 -0.59436317 -0.48877357
v 0.17272565 -0.59436317 -0.48548351
v 0.16042092 -0.59436317 -0.30331030
v 0.17272565 -0.59436317 -0.32764855
v 0.14473512 -0.59436317 -0.27239975
v 0.17272565 -0.61919911 -0.14875757
v 0.17272565 -0.61183645 -0.11784702
v 0.17272565 -0.60424494 -0.08693648
v 0.15488239 -0.59436317 -0.05602593
v 0.17272565 -0.59637873 -0.05602593
v 0.17272565 -0.59436317 -0.04847636
v 0.16078002 -0.59436317 0.00579516
v 0.17272565 -0.59436317 0.02038770
v 0.17272565 -0.59587718 0.12943734
v 0.14863028 -0.59436317 0.16034789
v 0.17272565 -0.59436317 0.13067391
v 0.17272565 -0.58940497 -0.55059466
v 0.17272565 -0.58038963 -0.51968412
v 0.17272565 -0.59226057 -0.48877357
v 0.15953830 -0.56345263 -0.30331030
v 0.17272565 -0.56345263 -0.32937108
v 0.14385538 -0.56345263 -0.27239975
v 0.17272565 -0.58808545 -0.02511539
v 0.17272565 -0.58297658 0.00579516
v 0.16857844 -0.56345263 0.16034789
v 0.17272565 -0.56345263 0.15471068
v 0.15835352 -0.56345263 0.19125843
v 0.14826379 -0.56345263 0.22216898
v 0.15902362 -0.53254208 -0.30331030
v 0.17272565 -0.53254208 -0.33043170
v 0.14338457 -0.53254208 -0.27239975
v 0.17272565 -0.55589728 0.16034789
v 0.17272565 -0.53810879 0.19125843
v 0.16613100 -0.53254208 0.22216898
v 0.17272565 -0.53254208 0.20114863
v 0.15063259 -0.53254208 0.25307952
v 0.17119187 -0.50163154 -0.30331030
v 0.17272565 -0.50163154 -0.30479337
v 0.14383918 -0.50163154 -0.27239975
v 0.17272565 -0.51953803 0.22216898
v 0.16662418 -0.50163154 0.25307952
v 0.17272565 -0.50163154 0.24053074
v 0.14604292 -0.50163154 0.28399007
v 0.17272565 -0.50067170 -0.30331030
v 0.17272565 -0.48066238 -0.27239975
v 0.17272565 -0.47072099 -0.25704929
v 0.17272565 -0.48802844 0.25307952
v 0.16031315 -0.47072099 0.28399007
v 0.17272565 -0.47072099 0.26485291
v 0.17272565 -0.46070834 -0.24148921
v 0.16832123 -0.43981045 -0.21057866
v 0.17272565 -0.44084146 -0.21057866
v 0.17272565 -0.43981045 -0.20897227
v 0.17242426 -0.43981045 0.28399007
v 0.17272565 -0.43981045 0.28351331
v 0.14760020 -0.43981045 0.31490061
v 0.17272565 -0.42115404 -0.17966812
v 0.17272565 -0.40889990 -0.16029627
v 0.17272565 -0.43889852 0.28399007
v 0.15821675 -0.40889990 0.31490061
v 0.17272565 -0.40889990 0.29643156
v 0.17272565 -0.40167090 -0.14875757
v 0.14696910 -0.37798935 -0.11784702
v 0.17272565 -0.38269022 -0.11784702
v 0.17272565 -0.37798935 -0.10508482
v 0.16689301 -0.37798935 0.31490061
v 0.17272565 -0.37798935 0.30732221
v 0.17272565 -0.37213087 -0.08693648
v 0.17272565 -0.36412231 -0.05602593
v 0.17272565 -0.35645978 -0.02511539
v 0.16866496 -0.34707881 0.00579516
v 0.17272565 -0.34905876 0.00579516
v 0.17272565 -0.34707881 0.01104141
v 0.17272565 -0.35182647 0.31490061
v 0.14539314 -0.34707881 0.34581116
v 0.17272565 -0.34707881 0.31604159
v 0.16435838 -0.31616826 0.00579516
v 0.17272565 -0.31616826 0.01580257
v 0.15104250 -0.31616826 0.34581116
v 0.17272565 -0.31616826 0.32184920
v 0.16665206 -0.28525772 0.00579516
v 0.17272565 -0.28525772 0.01380927
v 0.15537276 -0.28525772 0.34581116
v 0.17272565 -0.28525772 0.32636250
v 0.14590157 -0.25434717 -0.02511539
v 0.17272565 -0.26897464 0.00579516
v 0.17272565 -0.25434717 0.00024142
v 0.16500469 -0.25434717 0.34581116
v 0.17272565 -0.25434717 0.33648460
v 0.16105199 -0.22343663 -0.02511539
v 0.17272565 -0.22343663 -0.01293124
v 0.17272565 -0.22764126 0.34581116
v 0.17272565 -0.22343663 0.34689902
v 0.14310295 -0.19252608 -0.05602593
v 0.17272565 -0.19747624 -0.02511539
v 0.17272565 -0.19252608 -0.02698551
v 0.14726098 -0.19252608 0.37672170
v 0.17272565 -0.19252608 0.35387203
v 0.15830072 -0.16161554 -0.05602593
v 0.17272565 -0.16161554 -0.04166529
v 0.15391147 -0.16161554 0.37672170
v 0.17272565 -0.16161554 0.35978638
v 0.17238663 -0.13070499 -0.05602593
v 0.17272565 -0.13070499 -0.05568368
v 0.15928179 -0.13070499 0.37672170
v 0.17272565 -0.13070499 0.36458459
v 0.14761438 -0.09979444 -0.08693648
v 0.17272565 -0.12985819 -0.05602593
v 0.17272565 -0.09979444 -0.06582790
v 0.16330045 -0.09979444 0.37672170
v 0.17272565 -0.09979444 0.36818960
v 0.15823710 -0.06888390 -0.08693648
v 0.17272565 -0.06888390 -0.07465528
v 0.16584896 -0.06888390 0.37672170
v 0.17272565 -0.06888390 0.37048179
v 0.16651234 -0.03797335 -0.08693648
v 0.17272565 -0.03797335 -0.08160974
v 0.16658312 -0.03797335 0.37672170
v 0.17272565 -0.03797335 0.37113783
v 0.17256321 -0.00706281 -0.08693648
v 0.17272565 -0.00706281 -0.08679503
v 0.16719368 -0.00706281 0.37672170
v 0.17272565 -0.00706281 0.37172241
v 0.17272565 -0.00578931 -0.08693648
v 0.17272565 0.02384774 -0.08965115
v 0.16722305 0.02384774 0.37672170
v 0.17272565 0.02384774 0.37180838
v 0.17272565 0.05475828 -0.09781783
v 0.16506126 0.05475828 0.37672170
v 0.17272565 0.05475828 0.36998036
v 0.17058811 0.08566883 -0.45786303
v 0.17272565 0.08339824 -0.45786303
v 0.17272565 0.08566883 -0.47972102
v 0.16844935 0.08566883 -0.42695248
v 0.17272565 0.08100070 -0.42695248
v 0.16720811 0.08566883 -0.39604193
v 0.17272565 0.07942225 -0.39604193
v 0.16683572 0.08566883 -0.36513139
v 0.17272565 0.07869223 -0.36513139
v 0.16727473 0.08566883 -0.33422084
v 0.17272565 0.07885907 -0.33422084
v 0.16845035 0.08566883 -0.30331030
v 0.17272565 0.07999574 -0.30331030
v 0.17028028 0.08566883 -0.27239975
v 0.17272565 0.08220169 -0.27239975
v 0.17268215 0.08566883 -0.24148921
v 0.17272565 0.08560260 -0.24148921
v 0.17272565 0.08566883 -0.24102339
v 0.17098597 0.08566883 -0.17966812
v 0.17272565 0.08463875 -0.17966812
v 0.17272565 0.08566883 -0.18651076
v 0.17272565 0.07346872 -0.14875757
v 0.17272565 0.06556175 -0.11784702
v 0.15969951 0.08566883 0.37672170
v 0.17272565 0.08566883 0.36548010
v 0.17099298 0.11657937 -0.64332630
v 0.17272565 0.11469850 -0.64332630
v 0.17272565 0.11657937 -0.64953628
v 0.16344355 0.11657937 -0.61241575
v 0.17272565 0.10680733 -0.61241575
v 0.15710880 0.11657937 -0.58150521
v 0.17272565 0.10042514 -0.58150521
v 0.15192095 0.11657937 -0.55059466
v 0.17272565 0.09515942 -0.55059466
v 0.14759953 0.11657937 -0.51968412
v 0.17272565 0.09055998 -0.51968412
v 0.14440336 0.11657937 -0.48877357
v 0.17272565 0.08660570 -0.48877357
v 0.14254495 0.11657937 -0.45786303
v 0.14202431 0.11657937 -0.42695248
v 0.14272321 0.11657937 -0.39604193
v 0.14446536 0.11657937 -0.36513139
v 0.14706266 0.11657937 -0.33422084
v 0.15034294 0.11657937 -0.30331030
v 0.15416144 0.11657937 -0.27239975
v 0.15840219 0.11657937 -0.24148921
v 0.16214274 0.11657937 -0.21057866
v 0.17272565 0.09275577 -0.21057866
v 0.14951513 0.11657937 0.37672170
v 0.17272565 0.11657937 0.35860225
v 0.17039172 0.14748992 -0.70514739
v 0.17272565 0.14382825 -0.70514739
v 0.17272565 0.14748992 -0.71069204
v 0.15784111 0.14748992 -0.67423685
v 0.17272565 0.12670604 -0.67423685
v 0.14615049 0.14748992 -0.64332630
v 0.14710058 0.14748992 -0.27239975
v 0.15285575 0.14748992 -0.24148921
v 0.15472436 0.14748992 -0.21057866
v 0.17272565 0.14748992 0.34910080
v 0.16640612 0.17840047 -0.70514739
v 0.17272565 0.17840047 -0.71862048
v 0.15190804 0.17840047 -0.67423685
v 0.14389232 0.17840047 -0.30331030
v 0.15003481 0.17840047 -0.27239975
v 0.15617268 0.17840047 -0.24148921
v 0.15647951 0.17840047 -0.21057866
v 0.16602226 0.17840047 0.34581116
v 0.17272565 0.15553969 0.34581116
v 0.17272565 0.17840047 0.33759761
v 0.17272565 0.19167601 -0.70514739
v 0.16986474 0.20931101 -0.67423685
v 0.17272565 0.20931101 -0.68176681
v 0.15939640 0.20931101 -0.64332630
v 0.15068775 0.20931101 -0.61241575
v 0.14426666 0.20931101 -0.58150521
v 0.14500096 0.20931101 -0.39604193
v 0.14926997 0.20931101 -0.36513139
v 0.15398295 0.20931101 -0.33422084
v 0.15900650 0.20931101 -0.30331030
v 0.16425277 0.20931101 -0.27239975
v 0.16966274 0.20931101 -0.24148921
v 0.17272565 0.20353720 -0.21057866
v 0.17272565 0.20931101 -0.22440916
v 0.17272565 0.20062515 -0.17966812
v 0.17272565 0.20931101 -0.17103991
v 0.15434621 0.20931101 0.34581116
v 0.17272565 0.20931101 0.32119123
v 0.17272565 0.21185965 -0.67423685
v 0.17272565 0.22009296 -0.64332630
v 0.17272565 0.22587819 -0.61241575
v 0.17272565 0.22982419 -0.58150521
v 0.17272565 0.23249129 -0.55059466
v 0.17272565 0.23441834 -0.51968412
v 0.17272565 0.23566997 -0.48877357
v 0.17272565 0.23615069 -0.45786303
v 0.17272565 0.23581378 -0.42695248
v 0.17272565 0.23459755 -0.39604193
v 0.17272565 0.23243383 -0.36513139
v 0.17272565 0.22926197 -0.33422084
v 0.17272565 0.22503695 -0.30331030
v 0.17272565 0.21973183 -0.27239975
v 0.17272565 0.21333666 -0.24148921
v 0.17272565 0.22652741 -0.14875757
v 0.17272565 0.24022156 -0.12998164
v 0.16510561 0.24022156 0.31490061
v 0.17272565 0.21958735 0.31490061
v 0.17272565 0.24022156 0.30169069
v 0.17272565 0.24766884 -0.11784702
v 0.15563939 0.27113210 -0.08693648
v 0.17272565 0.26540307 -0.08693648
v 0.17272565 0.27113210 -0.07613994
v 0.16678210 0.27113210 0.28399007
v 0.17272565 0.25974043 0.28399007
v 0.17272565 0.27113210 0.27053503
v 0.15261817 0.27113210 0.31490061
v 0.17272565 0.28049442 -0.05602593
v 0.15204617 0.30204265 -0.02511539
v 0.17272565 0.29362861 -0.02511539
v 0.17272565 0.30204265 -0.00303080
v 0.16942254 0.30204265 0.22216898
v 0.17272565 0.29831049 0.22216898
v 0.17272565 0.30204265 0.21508186
v 0.15446972 0.30204265 0.25307952
v 0.17272565 0.27984083 0.25307952
v 0.15322309 0.30204265 0.28399007
v 0.17272565 0.30506444 0.00579516
v 0.17272565 0.31410653 0.03670570
v 0.15047728 0.33295319 0.06761625
v 0.17272565 0.32143523 0.06761625
v 0.16202802 0.33295319 0.09852679
v 0.17272565 0.32607214 0.09852679
v 0.16486778 0.33295319 0.12943734
v 0.17272565 0.32660353 0.12943734
v 0.16101464 0.33295319 0.16034789
v 0.17272565 0.32280522 0.16034789
v 0.15100730 0.33295319 0.19125843
v 0.17272565 0.31256397 0.19125843
v 0.14319712 0.33295319 0.37672170
v 0.14682025 0.33295319 0.40763225
v 0.14331847 0.33295319 0.43854280
v 0.14214148 0.33295319 0.46945334
v 0.14430926 0.33295319 0.50036389
v 0.14721434 0.36386374 0.37672170
v 0.15092866 0.36386374 0.40763225
v 0.15240204 0.36386374 0.43854280
v 0.15998864 0.36386374 0.46945334
v 0.16737516 0.36386374 0.50036389
v 0.17272565 0.36089211 0.53127443
v 0.17272565 0.36386374 0.52318608
v 0.17272565 0.35612998 0.56218498
v 0.17272565 0.36386374 0.57930387
v 0.14686224 0.39477428 0.37672170
v 0.15345666 0.39477428 0.40763225
v 0.16792347 0.39477428 0.43854280
v 0.17272565 0.38779783 0.46945334
v 0.17272565 0.39477428 0.45629668
v 0.17272565 0.37306327 0.50036389
v 0.17272565 0.36969142 0.59309552
v 0.14648851 0.39477428 0.62400607
v 0.17272565 0.38578119 0.62400607
v 0.17272565 0.39477428 0.64068115
v 0.14638645 0.42568483 0.37672170
v 0.16584284 0.42568483 0.40763225
v 0.17272565 0.40496118 0.43854280
v 0.17272565 0.42568483 0.41951290
v 0.17272565 0.40251362 0.65491661
v 0.15772295 0.42568483 0.68582716
v 0.17272565 0.41971255 0.68582716
v 0.17272565 0.42568483 0.69637305
v 0.15045298 0.45659538 0.34581116
v 0.16602599 0.45659538 0.37672170
v 0.17272565 0.44127238 0.40763225
v 0.17272565 0.45659538 0.39362847
v 0.17272565 0.43736264 0.71673771
v 0.16965284 0.45659538 0.74764825
v 0.17272565 0.45524162 0.74764825
v 0.17272565 0.45659538 0.74995764
v 0.15164198 0.48750592 0.31490061
v 0.16923996 0.48750592 0.34581116
v 0.17272565 0.46939017 0.37672170
v 0.17272565 0.48750592 0.35399338
v 0.16373685 0.48750592 0.74764825
v 0.17272565 0.48750592 0.75485697
v 0.14642697 0.51841647 0.28399007
v 0.16810577 0.51841647 0.31490061
v 0.17272565 0.49491597 0.34581116
v 0.17272565 0.51841647 0.32380092
v 0.14529393 0.51841647 0.71673771
v 0.17272565 0.50086599 0.74764825
v 0.17272565 0.51841647 0.73791815
v 0.14515937 0.54932701 0.25307952
v 0.15929049 0.54932701 0.28399007
v 0.17272565 0.53068814 0.31490061
v 0.17272565 0.54932701 0.30392968
v 0.16854132 0.54932701 0.71673771
v 0.17272565 0.54932701 0.71987225
v 0.15510000 0.58023756 0.25307952
v 0.16758956 0.58023756 0.28399007
v 0.17272565 0.58023756 0.29294438
v 0.15291653 0.58023756 0.68582716
v 0.17272565 0.55440730 0.71673771
v 0.17272565 0.58023756 0.69937019
v 0.14610243 0.61114810 0.22216898
v 0.16082703 0.61114810 0.25307952
v 0.17014055 0.61114810 0.28399007
v 0.17272565 0.61114810 0.28942594
v 0.16595507 0.61114810 0.59309552
v 0.17272565 0.60305215 0.59309552
v 0.17272565 0.61114810 0.57801550
v 0.15929866 0.61114810 0.62400607
v 0.17272565 0.60131115 0.62400607
v 0.14731729 0.61114810 0.65491661
v 0.17272565 0.59844984 0.65491661
v 0.17272565 0.59275576 0.68582716
v 0.14664249 0.64205865 0.22216898
v 0.16090853 0.64205865 0.25307952
v 0.16842297 0.64205865 0.28399007
v 0.17272565 0.64205865 0.29427698
v 0.16717536 0.64205865 0.56218498
v 0.17272565 0.62816191 0.56218498
v 0.17272565 0.64205865 0.55021374
v 0.15004407 0.64205865 0.59309552
v 0.15231331 0.67296919 0.25307952
v 0.15970504 0.67296919 0.28399007
v 0.17272565 0.67296919 0.31297748
v 0.16815110 0.67296919 0.53127443
v 0.17272565 0.66251450 0.53127443
v 0.17272565 0.67296919 0.52082688
v 0.15116939 0.67296919 0.56218498
v 0.14607781 0.70387974 0.28399007
v 0.15737727 0.70387974 0.31490061
v 0.17272565 0.67522864 0.31490061
v 0.17272565 0.70387974 0.34441528
v 0.16575692 0.70387974 0.50036389
v 0.17272565 0.69056159 0.50036389
v 0.17272565 0.70387974 0.48125501
v 0.15031430 0.70387974 0.53127443
v 0.15233237 0.73479029 0.34581116
v 0.17272565 0.70493217 0.34581116
v 0.16275083 0.73479029 0.37672170
v 0.17272565 0.71967357 0.37672170
v 0.16649617 0.73479029 0.40763225
v 0.17272565 0.72519507 0.40763225
v 0.16427090 0.73479029 0.43854280
v 0.17272565 0.72179164 0.43854280
v 0.15669864 0.73479029 0.46945334
v 0.17272565 0.71065259 0.46945334
v 0.14427843 0.73479029 0.50036389
v 0.20233139 -0.65618426 -0.55059466
v 0.20363620 -0.65699818 -0.55059466
v 0.20363620 -0.65618426 -0.55188058
v 0.17716262 -0.65618426 -0.51968412
v 0.20363620 -0.67196017 -0.51968412
v 0.20363620 -0.67931787 -0.48877357
v 0.18697042 -0.65618426 -0.45786303
v 0.20363620 -0.67116321 -0.45786303
v 0.20363620 -0.65618426 -0.44311406
v 0.19557465 -0.65618426 -0.36513139
v 0.20363620 -0.66529229 -0.36513139
v 0.20363620 -0.65618426 -0.38147998
v 0.18747651 -0.65618426 -0.33422084
v 0.20363620 -0.66347282 -0.33422084
v 0.19619466 -0.65618426 -0.30331030
v 0.20363620 -0.65741032 -0.30331030
v 0.20363620 -0.65618426 -0.29747641
v 0.20205001 -0.62527372 -0.58150521
v 0.20363620 -0.62685999 -0.58150521
v 0.20363620 -0.62527372 -0.58280667
v 0.17520847 -0.62527372 -0.45786303
v 0.20363620 -0.62527372 -0.43682551
v 0.19311530 -0.62527372 -0.36513139
v 0.20363620 -0.62527372 -0.38602039
v 0.17751837 -0.62527372 -0.33422084
v 0.20363620 -0.65090636 -0.27239975
v 0.20363620 -0.64419054 -0.24148921
v 0.20363620 -0.63728065 -0.21057866
v 0.20363620 -0.63018319 -0.17966812
v 0.20363620 -0.62527372 -0.15885013
v 0.17653615 -0.62527372 0.03670570
v 0.18660055 -0.62527372 0.06761625
v 0.17414198 -0.62527372 0.09852679
v 0.19837832 -0.59436317 -0.58150521
v 0.20363620 -0.59436317 -0.58626761
v 0.20128292 -0.59436317 -0.45786303
v 0.20363620 -0.59436317 -0.45496689
v 0.19174789 -0.59436317 -0.36513139
v 0.20363620 -0.59436317 -0.38862793
v 0.17606419 -0.59436317 -0.33422084
v 0.20363620 -0.62289811 -0.14875757
v 0.20363620 -0.61542847 -0.11784702
v 0.20363620 -0.60776585 -0.08693648
v 0.20363620 -0.59987031 -0.05602593
v 0.20363620 -0.59436317 -0.03530421
v 0.18314712 -0.59436317 0.03670570
v 0.19663976 -0.59436317 0.06761625
v 0.19049217 -0.59436317 0.09852679
v 0.17357351 -0.59436317 0.12943734
v 0.20363620 -0.58511954 -0.58150521
v 0.19766178 -0.56345263 -0.55059466
v 0.20363620 -0.56345263 -0.56061609
v 0.19869375 -0.56345263 -0.51968412
v 0.20363620 -0.57284909 -0.48877357
v 0.20363620 -0.56345263 -0.51190131
v 0.20363620 -0.59277144 -0.45786303
v 0.19087103 -0.56345263 -0.36513139
v 0.20363620 -0.56345263 -0.38708198
v 0.17518899 -0.56345263 -0.33422084
v 0.20363620 -0.59164530 -0.02511539
v 0.20363620 -0.57972810 0.00579516
v 0.19699767 -0.56345263 0.03670570
v 0.20363620 -0.56345263 0.03246603
v 0.20213255 -0.56345263 0.06761625
v 0.20354212 -0.56345263 0.09852679
v 0.18869480 -0.56345263 0.12943734
v 0.20363620 -0.55919917 -0.55059466
v 0.20363620 -0.56045802 -0.51968412
v 0.20363620 -0.54924591 -0.36513139
v 0.18353667 -0.53254208 -0.33422084
v 0.20363620 -0.53254208 -0.34018307
v 0.20363620 -0.56083112 0.03670570
v 0.20363620 -0.56039639 0.06761625
v 0.20363620 -0.56317169 0.09852679
v 0.20123907 -0.53254208 0.12943734
v 0.20363620 -0.53254208 0.12335802
v 0.18322273 -0.53254208 0.16034789
v 0.17528001 -0.53254208 0.19125843
v 0.20363620 -0.52865396 -0.33422084
v 0.17657768 -0.50163154 -0.30331030
v 0.20363620 -0.50846602 -0.30331030
v 0.20363620 -0.50163154 -0.29287362
v 0.20363620 -0.52555449 0.12943734
v 0.19534123 -0.50163154 0.16034789
v 0.20363620 -0.50163154 0.14437028
v 0.18779376 -0.50163154 0.19125843
v 0.18010060 -0.50163154 0.22216898
v 0.20363620 -0.48832277 -0.27239975
v 0.20363620 -0.47072099 -0.24537154
v 0.20363620 -0.47623165 0.16034789
v 0.19855824 -0.47072099 0.19125843
v 0.20363620 -0.47072099 0.16701996
v 0.19114291 -0.47072099 0.22216898
v 0.17905687 -0.47072099 0.25307952
v 0.20363620 -0.46821110 -0.24148921
v 0.20363620 -0.44822638 -0.21057866
v 0.20363620 -0.43981045 -0.19756419
v 0.20363620 -0.45356226 0.19125843
v 0.20051159 -0.43981045 0.22216898
v 0.20363620 -0.43981045 0.20865317
v 0.18873712 -0.43981045 0.25307952
v 0.20363620 -0.42834341 -0.17966812
v 0.20363620 -0.40889990 -0.14920297
v 0.20363620 -0.42748413 0.22216898
v 0.19681893 -0.40889990 0.25307952
v 0.20363620 -0.40889990 0.23472098
v 0.18089022 -0.40889990 0.28399007
v 0.20363620 -0.40861854 -0.14875757
v 0.20363620 -0.38931010 -0.11784702
v 0.20363620 -0.37798935 -0.09289111
v 0.20339912 -0.37798935 0.25307952
v 0.20363620 -0.37798935 0.25242523
v 0.18777885 -0.37798935 0.28399007
v 0.20363620 -0.37563650 -0.08693648
v 0.20363620 -0.36763602 -0.05602593
v 0.20363620 -0.36008266 -0.02511539
v 0.20363620 -0.35287261 0.00579516
v 0.20363620 -0.34707881 0.03173786
v 0.20363620 -0.37658471 0.25307952
v 0.19324230 -0.34707881 0.28399007
v 0.20363620 -0.34707881 0.26304268
v 0.17360651 -0.34707881 0.31490061
v 0.18744666 -0.31616826 0.03670570
v 0.20363620 -0.34468552 0.03670570
v 0.20363620 -0.31616826 0.06529853
v 0.19738957 -0.31616826 0.28399007
v 0.20363620 -0.31616826 0.27118764
v 0.17802522 -0.31616826 0.31490061
v 0.18890699 -0.28525772 0.03670570
v 0.20363620 -0.28525772 0.06256963
v 0.20034140 -0.28525772 0.28399007
v 0.20363620 -0.28525772 0.27713270
v 0.18121590 -0.28525772 0.31490061
v 0.17652147 -0.25434717 0.00579516
v 0.19428656 -0.25434717 0.03670570
v 0.20363620 -0.25434717 0.05701605
v 0.20236085 -0.25434717 0.28399007
v 0.20363620 -0.25434717 0.28104913
v 0.18816828 -0.25434717 0.31490061
v 0.18674753 -0.22343663 0.00579516
v 0.20363620 -0.22892255 0.03670570
v 0.20363620 -0.22343663 0.03306368
v 0.20363620 -0.24766292 0.28399007
v 0.19580416 -0.22343663 0.31490061
v 0.20363620 -0.22343663 0.29658806
v 0.17377748 -0.22343663 0.34581116
v 0.17454631 -0.19252608 -0.02511539
v 0.19800548 -0.19252608 0.00579516
v 0.20363620 -0.19252608 0.01479798
v 0.20242282 -0.19252608 0.31490061
v 0.20363620 -0.19252608 0.31204538
v 0.18049659 -0.19252608 0.34581116
v 0.18733948 -0.16161554 -0.02511539
v 0.20363620 -0.17786309 0.00579516
v 0.20363620 -0.16161554 -0.00208822
v 0.20363620 -0.18579686 0.31490061
v 0.18616032 -0.16161554 0.34581116
v 0.20363620 -0.16161554 0.32107979
v 0.19907099 -0.13070499 -0.02511539
v 0.20363620 -0.13070499 -0.01851601
v 0.19072503 -0.13070499 0.34581116
v 0.20363620 -0.13070499 0.32747481
v 0.18275656 -0.09979444 -0.05602593
v 0.20363620 -0.11716524 -0.02511539
v 0.20363620 -0.09979444 -0.03166168
v 0.19412858 -0.09979444 0.34581116
v 0.20363620 -0.09979444 0.33226325
v 0.19159612 -0.06888390 -0.05602593
v 0.20363620 -0.06888390 -0.04173732
v 0.19626870 -0.06888390 0.34581116
v 0.20363620 -0.06888390 0.33528037
v 0.19832003 -0.03797335 -0.05602593
v 0.20363620 -0.03797335 -0.04960299
v 0.19685225 -0.03797335 0.34581116
v 0.20363620 -0.03797335 0.33697831
v 0.20298925 -0.00706281 -0.05602593
v 0.20363620 -0.00706281 -0.05522545
v 0.19896171 -0.00706281 0.34581116
v 0.20363620 -0.00706281 0.33995522
v 0.17582101 0.02384774 -0.08693648
v 0.20363620 0.00000276 -0.05602593
v 0.20363620 0.02384774 -0.05818357
v 0.20028452 0.02384774 0.34581116
v 0.20363620 0.02384774 0.34160179
v 0.20327732 0.05475828 -0.48877357
v 0.20363620 0.05438616 -0.48877357
v 0.20363620 0.05475828 -0.49146435
v 0.19971211 0.05475828 -0.45786303
v 0.20363620 0.05064773 -0.45786303
v 0.19723911 0.05475828 -0.42695248
v 0.20363620 0.04909280 -0.42695248
v 0.20143862 0.05475828 -0.39604193
v 0.20363620 0.05322702 -0.39604193
v 0.20363620 0.05475828 -0.38629215
v 0.18609939 0.05475828 -0.08693648
v 0.20363620 0.05475828 -0.06642256
v 0.19996777 0.05475828 0.34581116
v 0.20363620 0.05475828 0.34124212
v 0.19922087 0.08566883 -0.64332630
v 0.20363620 0.08100437 -0.64332630
v 0.20363620 0.08566883 -0.66198784
v 0.19269495 0.08566883 -0.61241575
v 0.20363620 0.07428350 -0.61241575
v 0.18696118 0.08566883 -0.58150521
v 0.20363620 0.06846264 -0.58150521
v 0.18194381 0.08566883 -0.55059466
v 0.20363620 0.06333550 -0.55059466
v 0.17745412 0.08566883 -0.51968412
v 0.20363620 0.05864723 -0.51968412
v 0.17361213 0.08566883 -0.48877357
v 0.20363620 0.05834616 -0.36513139
v 0.20363620 0.06471724 -0.33422084
v 0.20363620 0.07251657 -0.30331030
v 0.20363620 0.08198074 -0.27239975
v 0.17293832 0.08566883 -0.24148921
v 0.20363620 0.08566883 -0.26194451
v 0.20363620 0.08472473 -0.17966812
v 0.20363620 0.08566883 -0.18243893
v 0.20363620 0.07610480 -0.14875757
v 0.20363620 0.06892075 -0.11784702
v 0.20363620 0.06286215 -0.08693648
v 0.19670907 0.08566883 0.34581116
v 0.20363620 0.08566883 0.33833706
v 0.20000455 0.11657937 -0.73605794
v 0.20363620 0.11188896 -0.73605794
v 0.20363620 0.11657937 -0.74608450
v 0.18943511 0.11657937 -0.70514739
v 0.20363620 0.09932708 -0.70514739
v 0.17970729 0.11657937 -0.67423685
v 0.20363620 0.08907489 -0.67423685
v 0.20363620 0.09600927 -0.24148921
v 0.20363620 0.10329669 -0.21057866
v 0.18950755 0.11657937 0.34581116
v 0.20363620 0.11657937 0.33113690
v 0.19704715 0.14748992 -0.76696848
v 0.20363620 0.13346997 -0.76696848
v 0.20363620 0.14748992 -0.78183829
v 0.18354548 0.14748992 -0.73605794
v 0.20239024 0.14748992 0.31490061
v 0.20363620 0.14396372 0.31490061
v 0.20363620 0.14748992 0.31325836
v 0.17729909 0.14748992 0.34581116
v 0.19542508 0.17840047 -0.76696848
v 0.20363620 0.17840047 -0.78446786
v 0.18091574 0.17840047 -0.73605794
v 0.18953565 0.17840047 0.31490061
v 0.20363620 0.17840047 0.29683632
v 0.20363620 0.20046241 -0.76696848
v 0.19404196 0.20931101 -0.73605794
v 0.20363620 0.20931101 -0.75881277
v 0.18155258 0.20931101 -0.70514739
v 0.18719429 0.20931101 -0.21057866
v 0.20363620 0.19365354 -0.17966812
v 0.20363620 0.20931101 -0.20401724
v 0.20363620 0.20931101 -0.16057094
v 0.19832234 0.20931101 0.28399007
v 0.20363620 0.19711362 0.28399007
v 0.20363620 0.20931101 0.27622591
v 0.17652876 0.20931101 0.31490061
v 0.20363620 0.21977298 -0.73605794
v 0.20363620 0.23088101 -0.70514739
v 0.20363620 0.23905686 -0.67423685
v 0.19776150 0.24022156 -0.64332630
v 0.20363620 0.24022156 -0.66849875
v 0.19181217 0.24022156 -0.61241575
v 0.18712353 0.24022156 -0.58150521
v 0.18356525 0.24022156 -0.55059466
v 0.18081298 0.24022156 -0.51968412
v 0.17889829 0.24022156 -0.48877357
v 0.17799094 0.24022156 -0.45786303
v 0.17808292 0.24022156 -0.42695248
v 0.17909161 0.24022156 -0.39604193
v 0.18090165 0.24022156 -0.36513139
v 0.18339073 0.24022156 -0.33422084
v 0.18644449 0.24022156 -0.30331030
v 0.19295757 0.24022156 -0.27239975
v 0.20363620 0.23580698 -0.24148921
v 0.20363620 0.24022156 -0.24868641
v 0.20363620 0.21436583 -0.21057866
v 0.20363620 0.21661306 -0.14875757
v 0.19367405 0.24022156 -0.11784702
v 0.20363620 0.23617601 -0.11784702
v 0.20363620 0.24022156 -0.11095097
v 0.20048327 0.24022156 0.25307952
v 0.20363620 0.23488851 0.25307952
v 0.20363620 0.24022156 0.24761502
v 0.18104464 0.24022156 0.28399007
v 0.20363620 0.24458497 -0.64332630
v 0.20363620 0.24878961 -0.61241575
v 0.20363620 0.25203228 -0.58150521
v 0.20363620 0.25453296 -0.55059466
v 0.20363620 0.25654836 -0.51968412
v 0.20363620 0.25812816 -0.48877357
v 0.20363620 0.25917593 -0.45786303
v 0.20363620 0.25966412 -0.42695248
v 0.20363620 0.25957729 -0.39604193
v 0.20363620 0.25889983 -0.36513139
v 0.20363620 0.25761374 -0.33422084
v 0.20363620 0.25569941 -0.30331030
v 0.20363620 0.25021286 -0.27239975
v 0.20363620 0.25228364 -0.08693648
v 0.19436143 0.27113210 -0.05602593
v 0.20363620 0.26655213 -0.05602593
v 0.20363620 0.27113210 -0.04489511
v 0.19527883 0.27113210 0.22216898
v 0.20363620 0.25970198 0.22216898
v 0.20363620 0.27113210 0.20443224
v 0.17883232 0.27113210 0.25307952
v 0.20363620 0.27828429 -0.02511539
v 0.17877235 0.30204265 0.00579516
v 0.20363620 0.28630318 0.00579516
v 0.19187158 0.30204265 0.03670570
v 0.20363620 0.29156846 0.03670570
v 0.19617283 0.30204265 0.06761625
v 0.20363620 0.29340973 0.06761625
v 0.19670641 0.30204265 0.09852679
v 0.20363620 0.29345387 0.09852679
v 0.19556870 0.30204265 0.12943734
v 0.20363620 0.29179046 0.12943734
v 0.19257000 0.30204265 0.16034789
v 0.20363620 0.28807919 0.16034789
v 0.18296836 0.30204265 0.19125843
v 0.20363620 0.27818261 0.19125843
v 0.17452350 0.36386374 0.53127443
v 0.18022519 0.36386374 0.56218498
v 0.17620147 0.39477428 0.46945334
v 0.18412234 0.39477428 0.50036389
v 0.19187951 0.39477428 0.53127443
v 0.19949480 0.39477428 0.56218498
v 0.20363620 0.38946524 0.59309552
v 0.20363620 0.39477428 0.57947480
v 0.20363620 0.38268650 0.62400607
v 0.19854530 0.39477428 0.65491661
v 0.20363620 0.39325137 0.65491661
v 0.20363620 0.39477428 0.65786049
v 0.18208979 0.42568483 0.43854280
v 0.19076267 0.42568483 0.46945334
v 0.19936138 0.42568483 0.50036389
v 0.20363620 0.41734805 0.53127443
v 0.20363620 0.42568483 0.51598991
v 0.20363620 0.40212805 0.56218498
v 0.20363620 0.40927982 0.68582716
v 0.20363620 0.42568483 0.71651850
v 0.18023813 0.45659538 0.40763225
v 0.19520199 0.45659538 0.43854280
v 0.20363620 0.45477669 0.46945334
v 0.20363620 0.45659538 0.46679353
v 0.20363620 0.43492135 0.50036389
v 0.20363620 0.42580287 0.71673771
v 0.20363620 0.44304088 0.74764825
v 0.20363620 0.45659538 0.77167247
v 0.18044728 0.48750592 0.37672170
v 0.19625410 0.48750592 0.40763225
v 0.20363620 0.47805774 0.43854280
v 0.20363620 0.48750592 0.42692264
v 0.20310484 0.48750592 0.77855880
v 0.20363620 0.48481829 0.77855880
v 0.20363620 0.48750592 0.77897496
v 0.18171300 0.51841647 0.34581116
v 0.19057282 0.51841647 0.37672170
v 0.20363620 0.50755280 0.40763225
v 0.20363620 0.51841647 0.40244217
v 0.18589549 0.51841647 0.74764825
v 0.20363620 0.48824332 0.77855880
v 0.20363620 0.51841647 0.76091581
v 0.17841260 0.54932701 0.31490061
v 0.18996167 0.54932701 0.34581116
v 0.19749457 0.54932701 0.37672170
v 0.20363620 0.54932701 0.39192502
v 0.20363620 0.53975594 0.74764825
v 0.20363620 0.54932701 0.74060726
v 0.18376219 0.58023756 0.31490061
v 0.19451078 0.58023756 0.34581116
v 0.20107428 0.58023756 0.37672170
v 0.20363620 0.58023756 0.40272618
v 0.20232806 0.58023756 0.46945334
v 0.20363620 0.57761834 0.46945334
v 0.20363620 0.58023756 0.44855575
v 0.20019599 0.58023756 0.50036389
v 0.20363620 0.57501602 0.50036389
v 0.20053314 0.58023756 0.53127443
v 0.20363620 0.57662621 0.53127443
v 0.20042107 0.58023756 0.56218498
v 0.20363620 0.57744622 0.56218498
v 0.20037577 0.58023756 0.59309552
v 0.20363620 0.57752039 0.59309552
v 0.19935670 0.58023756 0.62400607
v 0.20363620 0.57683663 0.62400607
v 0.19703680 0.58023756 0.65491661
v 0.20363620 0.57531750 0.65491661
v 0.19151274 0.58023756 0.68582716
v 0.20363620 0.57276314 0.68582716
v 0.20363620 0.56850764 0.71673771
v 0.18488859 0.61114810 0.31490061
v 0.19520638 0.61114810 0.34581116
v 0.20120998 0.61114810 0.37672170
v 0.20363620 0.61114810 0.40749101
v 0.20336061 0.61114810 0.43854280
v 0.20363620 0.60182508 0.43854280
v 0.20363620 0.61114810 0.40879423
v 0.20054806 0.61114810 0.46945334
v 0.19527441 0.61114810 0.50036389
v 0.18777872 0.61114810 0.53127443
v 0.17891318 0.61114810 0.56218498
v 0.18157602 0.64205865 0.31490061
v 0.19190395 0.64205865 0.34581116
v 0.19788059 0.64205865 0.37672170
v 0.20043763 0.64205865 0.40763225
v 0.20363620 0.61125463 0.40763225
v 0.19975791 0.64205865 0.43854280
v 0.19596252 0.64205865 0.46945334
v 0.18926331 0.64205865 0.50036389
v 0.17991028 0.64205865 0.53127443
v 0.17362743 0.67296919 0.31490061
v 0.18455426 0.67296919 0.34581116
v 0.19125187 0.67296919 0.37672170
v 0.19390413 0.67296919 0.40763225
v 0.19273991 0.67296919 0.43854280
v 0.18803303 0.67296919 0.46945334
v 0.18004382 0.67296919 0.50036389
v 0.17326170 0.70387974 0.34581116
v 0.18057719 0.70387974 0.37672170
v 0.18327342 0.70387974 0.40763225
v 0.18171499 0.70387974 0.43854280
v 0.17623674 0.70387974 0.46945334
v 0.23012137 -0.68709481 -0.51968412
v 0.23454675 -0.68961281 -0.51968412
v 0.23454675 -0.68709481 -0.52534725
v 0.21649212 -0.68709481 -0.48877357
v 0.23454675 -0.69797125 -0.48877357
v 0.22189446 -0.68709481 -0.45786303
v 0.23454675 -0.69564004 -0.45786303
v 0.23454675 -0.68709481 -0.42938209
v 0.23454675 -0.67545524 -0.55059466
v 0.23454675 -0.65618426 -0.58138924
v 0.22264569 -0.65618426 -0.42695248
v 0.23454675 -0.68449969 -0.42695248
v 0.21089562 -0.65618426 -0.39604193
v 0.23454675 -0.68007017 -0.39604193
v 0.23454675 -0.67469818 -0.36513139
v 0.23454675 -0.66842584 -0.33422084
v 0.23454675 -0.66190042 -0.30331030
v 0.23454675 -0.65618426 -0.27708960
v 0.23454675 -0.65607216 -0.58150521
v 0.23454675 -0.62527372 -0.60718915
v 0.21749690 -0.62527372 -0.42695248
v 0.20870847 -0.62527372 -0.39604193
v 0.23454675 -0.65516220 -0.27239975
v 0.23454675 -0.64822525 -0.24148921
v 0.23454675 -0.64114486 -0.21057866
v 0.23454675 -0.63391619 -0.17966812
v 0.22380813 -0.62527372 -0.14875757
v 0.23454675 -0.62653511 -0.14875757
v 0.23454675 -0.62527372 -0.14359441
v 0.23371628 -0.59436317 -0.61241575
v 0.23454675 -0.59783652 -0.61241575
v 0.23454675 -0.59436317 -0.61309230
v 0.23454675 -0.60030770 -0.42695248
v 0.23454675 -0.59436317 -0.43023784
v 0.20974608 -0.59436317 -0.39604193
v 0.23454675 -0.59436317 -0.42150091
v 0.23454675 -0.61899182 -0.11784702
v 0.23454675 -0.61127835 -0.08693648
v 0.23454675 -0.60336192 -0.05602593
v 0.22743961 -0.59436317 -0.02511539
v 0.23454675 -0.59517294 -0.02511539
v 0.23454675 -0.59436317 -0.02222925
v 0.23454675 -0.59229303 -0.61241575
v 0.21647490 -0.56345263 -0.58150521
v 0.23454675 -0.56345263 -0.60035240
v 0.21914033 -0.56345263 -0.48877357
v 0.23454675 -0.57250345 -0.45786303
v 0.23454675 -0.56345263 -0.47234252
v 0.23454675 -0.57761918 -0.39604193
v 0.23454675 -0.56345263 -0.37462483
v 0.23454675 -0.58467279 0.00579516
v 0.21604937 -0.56345263 0.03670570
v 0.23454675 -0.56736288 0.03670570
v 0.23454675 -0.56345263 0.04308137
v 0.23454675 -0.54659949 -0.58150521
v 0.23454675 -0.53820491 -0.55059466
v 0.23454675 -0.54249589 -0.51968412
v 0.23454675 -0.55463119 -0.48877357
v 0.23454675 -0.55722292 -0.36513139
v 0.21842912 -0.53254208 -0.33422084
v 0.23454675 -0.53687116 -0.33422084
v 0.23454675 -0.53254208 -0.32767669
v 0.21696386 -0.53254208 0.06761625
v 0.23454675 -0.53254208 0.04535249
v 0.21229647 -0.53254208 0.09852679
v 0.23454675 -0.51657634 -0.30331030
v 0.23454675 -0.50163154 -0.28062280
v 0.22398129 -0.50163154 0.06761625
v 0.23454675 -0.50163154 0.04626490
v 0.21626285 -0.50163154 0.09852679
v 0.21085543 -0.50163154 0.12943734
v 0.23454675 -0.49626341 -0.27239975
v 0.21369115 -0.47072099 -0.24148921
v 0.23454675 -0.47603211 -0.24148921
v 0.23454675 -0.47072099 -0.23341193
v 0.22419594 -0.47072099 0.06761625
v 0.23454675 -0.47072099 0.04687639
v 0.21790461 -0.47072099 0.09852679
v 0.21859826 -0.47072099 0.12943734
v 0.20529116 -0.47072099 0.16034789
v 0.23454675 -0.45587487 -0.21057866
v 0.23454675 -0.43981045 -0.18594893
v 0.22422974 -0.43981045 0.06761625
v 0.23454675 -0.43981045 0.04711239
v 0.21830617 -0.43981045 0.09852679
v 0.22446203 -0.43981045 0.12943734
v 0.21350643 -0.43981045 0.16034789
v 0.20713267 -0.43981045 0.19125843
v 0.23454675 -0.43575875 -0.17966812
v 0.20486093 -0.40889990 -0.14875757
v 0.23454675 -0.41583362 -0.14875757
v 0.23454675 -0.40889990 -0.13798124
v 0.22399843 -0.40889990 0.06761625
v 0.23454675 -0.40889990 0.04680956
v 0.21775575 -0.40889990 0.09852679
v 0.22620202 -0.40889990 0.12943734
v 0.22064827 -0.40889990 0.16034789
v 0.21359573 -0.40889990 0.19125843
v 0.20764985 -0.40889990 0.22216898
v 0.23454675 -0.39616042 -0.11784702
v 0.22429146 -0.37798935 -0.08693648
v 0.23454675 -0.37923444 -0.08693648
v 0.23454675 -0.37798935 -0.08241684
v 0.22329376 -0.37798935 0.06761625
v 0.23454675 -0.37798935 0.04552511
v 0.21643343 -0.37798935 0.09852679
v 0.22629230 -0.37798935 0.12943734
v 0.22672164 -0.37798935 0.16034789
v 0.21902984 -0.37798935 0.19125843
v 0.21309810 -0.37798935 0.22216898
v 0.23454675 -0.37116985 -0.05602593
v 0.23454675 -0.36383788 -0.02511539
v 0.23454675 -0.35795357 0.00579516
v 0.21100656 -0.34707881 0.03670570
v 0.23454675 -0.36142246 0.03670570
v 0.21566033 -0.34707881 0.06761625
v 0.21580389 -0.34707881 0.09852679
v 0.22575220 -0.34707881 0.12943734
v 0.23143503 -0.34707881 0.16034789
v 0.22382755 -0.34707881 0.19125843
v 0.21737326 -0.34707881 0.22216898
v 0.20791098 -0.34707881 0.25307952
v 0.20481575 -0.31616826 0.06761625
v 0.21661593 -0.31616826 0.09852679
v 0.22571452 -0.31616826 0.12943734
v 0.23241592 -0.31616826 0.16034789
v 0.22828105 -0.31616826 0.19125843
v 0.22055636 -0.31616826 0.22216898
v 0.21128729 -0.31616826 0.25307952
v 0.20612716 -0.28525772 0.06761625
v 0.21763122 -0.28525772 0.09852679
v 0.22527334 -0.28525772 0.12943734
v 0.23221302 -0.28525772 0.16034789
v 0.23258202 -0.28525772 0.19125843
v 0.22308530 -0.28525772 0.22216898
v 0.21365347 -0.28525772 0.25307952
v 0.20894257 -0.25434717 0.06761625
v 0.22027959 -0.25434717 0.09852679
v 0.22738337 -0.25434717 0.12943734
v 0.23205842 -0.25434717 0.16034789
v 0.23454675 -0.26932305 0.19125843
v 0.23454675 -0.25434717 0.18048733
v 0.22750430 -0.25434717 0.22216898
v 0.23454675 -0.25434717 0.19726863
v 0.21562066 -0.25434717 0.25307952
v 0.20532195 -0.22343663 0.03670570
v 0.21697904 -0.22343663 0.06761625
v 0.22575688 -0.22343663 0.09852679
v 0.23159242 -0.22343663 0.12943734
v 0.23427156 -0.22343663 0.16034789
v 0.23454675 -0.22343663 0.16551029
v 0.23287810 -0.22343663 0.22216898
v 0.23454675 -0.22343663 0.20717609
v 0.22191352 -0.22343663 0.25307952
v 0.20839721 -0.22343663 0.28399007
v 0.21440933 -0.19252608 0.03670570
v 0.22654945 -0.19252608 0.06761625
v 0.23454675 -0.19555569 0.09852679
v 0.23454675 -0.19252608 0.09500091
v 0.23454675 -0.21372698 0.12943734
v 0.23454675 -0.22247972 0.16034789
v 0.23454675 -0.20789864 0.22216898
v 0.22808419 -0.19252608 0.25307952
v 0.23454675 -0.19252608 0.22837659
v 0.21417386 -0.19252608 0.28399007
v 0.20871873 -0.16161554 0.00579516
v 0.22335264 -0.16161554 0.03670570
v 0.23454675 -0.16600464 0.06761625
v 0.23454675 -0.16161554 0.06408635
v 0.23219410 -0.16161554 0.25307952
v 0.23454675 -0.16161554 0.24593940
v 0.22089547 -0.16161554 0.28399007
v 0.20749823 -0.16161554 0.31490061
v 0.21872092 -0.13070499 0.00579516
v 0.23327787 -0.13070499 0.03670570
v 0.23454675 -0.13070499 0.04003650
v 0.23454675 -0.14772384 0.25307952
v 0.22574274 -0.13070499 0.28399007
v 0.23454675 -0.13070499 0.26159950
v 0.21146889 -0.13070499 0.31490061
v 0.20867566 -0.09979444 -0.02511539
v 0.22760254 -0.09979444 0.00579516
v 0.23454675 -0.12616968 0.03670570
v 0.23454675 -0.09979444 0.02117649
v 0.22964197 -0.09979444 0.28399007
v 0.23454675 -0.09979444 0.27347922
v 0.21441725 -0.09979444 0.31490061
v 0.21616613 -0.06888390 -0.02511539
v 0.23454675 -0.07086230 0.00579516
v 0.23454675 -0.06888390 0.00505092
v 0.23265439 -0.06888390 0.28399007
v 0.23454675 -0.06888390 0.28036748
v 0.21741572 -0.06888390 0.31490061
v 0.22174020 -0.03797335 -0.02511539
v 0.23454675 -0.03797335 -0.00349945
v 0.23454675 -0.05274256 0.28399007
v 0.22089344 -0.03797335 0.31490061
v 0.23454675 -0.03797335 0.28888861
v 0.22534504 -0.00706281 -0.02511539
v 0.23454675 -0.00706281 -0.00902004
v 0.22315552 -0.00706281 0.31490061
v 0.23454675 -0.00706281 0.29517442
v 0.20549769 0.02384774 -0.05602593
v 0.22727992 0.02384774 -0.02511539
v 0.23454675 0.02384774 -0.01187178
v 0.22393952 0.02384774 0.31490061
v 0.23454675 0.02384774 0.29812156
v 0.20457827 0.05475828 -0.48877357
v 0.21015279 0.05475828 -0.45786303
v 0.21143596 0.05475828 -0.42695248
v 0.20570899 0.05475828 -0.39604193
v 0.21194331 0.05475828 -0.05602593
v 0.22888208 0.05475828 -0.02511539
v 0.23454675 0.05475828 -0.01373759
v 0.22308796 0.05475828 0.31490061
v 0.23454675 0.05475828 0.29753759
v 0.23306724 0.08566883 -0.76696848
v 0.23454675 0.08388668 -0.76696848
v 0.23454675 0.08566883 -0.77151054
v 0.22354184 0.08566883 -0.73605794
v 0.23454675 0.07291588 -0.73605794
v 0.21468287 0.08566883 -0.70514739
v 0.23454675 0.06343441 -0.70514739
v 0.20655653 0.08566883 -0.67423685
v 0.23454675 0.05657143 -0.67423685
v 0.23454675 0.05664529 -0.64332630
v 0.23454675 0.05742287 -0.61241575
v 0.23454675 0.05866960 -0.58150521
v 0.23454675 0.06035766 -0.55059466
v 0.23454675 0.06240077 -0.51968412
v 0.23454675 0.06486630 -0.48877357
v 0.23454675 0.06796899 -0.45786303
v 0.23454675 0.07189881 -0.42695248
v 0.23454675 0.07685813 -0.39604193
v 0.23454675 0.08306630 -0.36513139
v 0.22852788 0.08566883 -0.33422084
v 0.23454675 0.08566883 -0.35432272
v 0.21838809 0.08566883 -0.30331030
v 0.20752240 0.08566883 -0.27239975
v 0.20743298 0.08566883 -0.17966812
v 0.23454675 0.08481868 -0.14875757
v 0.23454675 0.08566883 -0.15201621
v 0.23454675 0.07790108 -0.11784702
v 0.23454675 0.07201557 -0.08693648
v 0.23454675 0.06707080 -0.05602593
v 0.23454675 0.06301924 -0.02511539
v 0.22078545 0.08566883 0.31490061
v 0.23454675 0.08566883 0.29166855
v 0.22313120 0.11657937 -0.79787903
v 0.23454675 0.09917782 -0.79787903
v 0.23454675 0.11657937 -0.82662976
v 0.21128737 0.11657937 -0.76696848
v 0.23454675 0.09188869 -0.33422084
v 0.23454675 0.10417541 -0.30331030
v 0.23190925 0.11657937 -0.27239975
v 0.23454675 0.11657937 -0.27857468
v 0.22292156 0.11657937 -0.24148921
v 0.23454675 0.11189257 -0.21057866
v 0.23454675 0.11657937 -0.21796555
v 0.23454675 0.09697874 -0.17966812
v 0.23118486 0.11657937 0.28399007
v 0.23454675 0.10228384 0.28399007
v 0.23454675 0.11657937 0.28020407
v 0.21497593 0.11657937 0.31490061
v 0.22472924 0.14748992 -0.82878957
v 0.23454675 0.11915765 -0.82878957
v 0.23454675 0.14748992 -0.85043514
v 0.21080172 0.14748992 -0.79787903
v 0.23454675 0.12354238 -0.27239975
v 0.22880561 0.14748992 -0.24148921
v 0.23454675 0.14748992 -0.25371966
v 0.23454675 0.14748992 -0.21433079
v 0.22233845 0.14748992 0.28399007
v 0.23454675 0.14748992 0.26809175
v 0.22444951 0.17840047 -0.82878957
v 0.23454675 0.17840047 -0.85030445
v 0.20993554 0.17840047 -0.79787903
v 0.22917488 0.17840047 -0.24148921
v 0.23454675 0.17840047 -0.25329946
v 0.21608005 0.17840047 -0.21057866
v 0.23454675 0.14883748 -0.21057866
v 0.23454675 0.17840047 -0.18088987
v 0.23346641 0.17840047 0.25307952
v 0.23454675 0.17525849 0.25307952
v 0.23454675 0.17840047 0.25125137
v 0.21265473 0.17840047 0.28399007
v 0.23407821 0.20931101 -0.82878957
v 0.23454675 0.20931101 -0.82983522
v 0.22044954 0.20931101 -0.79787903
v 0.20706030 0.20931101 -0.76696848
v 0.23156609 0.20931101 -0.27239975
v 0.23454675 0.20117073 -0.27239975
v 0.23454675 0.20931101 -0.28003794
v 0.21914271 0.20931101 -0.24148921
v 0.20639026 0.20931101 -0.21057866
v 0.23454675 0.17931345 -0.17966812
v 0.21960145 0.20931101 -0.14875757
v 0.23454675 0.19867082 -0.14875757
v 0.23454675 0.20931101 -0.13163710
v 0.22003058 0.20931101 0.25307952
v 0.23454675 0.20931101 0.22459229
v 0.23454675 0.20999654 -0.82878957
v 0.23454675 0.22791012 -0.79787903
v 0.23307808 0.24022156 -0.76696848
v 0.23454675 0.24022156 -0.77107619
v 0.22278376 0.24022156 -0.73605794
v 0.21336189 0.24022156 -0.70514739
v 0.20497392 0.24022156 -0.67423685
v 0.23037059 0.24022156 -0.33422084
v 0.23454675 0.23643337 -0.33422084
v 0.23454675 0.24022156 -0.34379599
v 0.22072994 0.24022156 -0.30331030
v 0.23454675 0.22211306 -0.30331030
v 0.21187939 0.24022156 -0.27239975
v 0.23454675 0.21574943 -0.11784702
v 0.22264702 0.24022156 -0.08693648
v 0.23454675 0.22753969 -0.08693648
v 0.23201367 0.24022156 -0.05602593
v 0.23454675 0.23624256 -0.05602593
v 0.23454675 0.24022156 -0.03689142
v 0.23421863 0.24022156 0.16034789
v 0.23454675 0.23954995 0.16034789
v 0.23454675 0.24022156 0.15679803
v 0.22953077 0.24022156 0.19125843
v 0.23454675 0.23042559 0.19125843
v 0.21777297 0.24022156 0.22216898
v 0.23454675 0.21120793 0.22216898
v 0.23454675 0.24154896 -0.76696848
v 0.23454675 0.25022443 -0.73605794
v 0.23454675 0.25728643 -0.70514739
v 0.23454675 0.26298307 -0.67423685
v 0.23454675 0.26755244 -0.64332630
v 0.23443385 0.27113210 -0.61241575
v 0.23454675 0.27113210 -0.61312462
v 0.23031520 0.27113210 -0.58150521
v 0.22691405 0.27113210 -0.55059466
v 0.22404492 0.27113210 -0.51968412
v 0.22770631 0.27113210 -0.48877357
v 0.23454675 0.26979587 -0.45786303
v 0.23454675 0.27113210 -0.46506716
v 0.23454675 0.26331786 -0.42695248
v 0.23454675 0.25582516 -0.39604193
v 0.23454675 0.24711587 -0.36513139
v 0.21211947 0.27113210 -0.02511539
v 0.23454675 0.24216869 -0.02511539
v 0.21741797 0.27113210 0.00579516
v 0.23454675 0.24564454 0.00579516
v 0.21941541 0.27113210 0.03670570
v 0.23454675 0.24760744 0.03670570
v 0.22011643 0.27113210 0.06761625
v 0.23454675 0.24807209 0.06761625
v 0.21973690 0.27113210 0.09852679
v 0.23454675 0.24700849 0.09852679
v 0.21829274 0.27113210 0.12943734
v 0.23454675 0.24430417 0.12943734
v 0.21559157 0.27113210 0.16034789
v 0.20924198 0.27113210 0.19125843
v 0.23454675 0.27121320 -0.61241575
v 0.23454675 0.27415342 -0.58150521
v 0.23454675 0.27657459 -0.55059466
v 0.23454675 0.27863204 -0.51968412
v 0.23454675 0.27545166 -0.48877357
v 0.20675405 0.39477428 0.59309552
v 0.21306228 0.39477428 0.62400607
v 0.20669099 0.39477428 0.65491661
v 0.20772366 0.42568483 0.53127443
v 0.21577365 0.42568483 0.56218498
v 0.22368301 0.42568483 0.59309552
v 0.23148505 0.42568483 0.62400607
v 0.23454675 0.41814621 0.65491661
v 0.23454675 0.42568483 0.63653920
v 0.23454675 0.40860247 0.68582716
v 0.20405335 0.42568483 0.71673771
v 0.23454675 0.41703276 0.71673771
v 0.23454675 0.42568483 0.73375342
v 0.20441544 0.45659538 0.46945334
v 0.21327630 0.45659538 0.50036389
v 0.22204555 0.45659538 0.53127443
v 0.23074341 0.45659538 0.56218498
v 0.23454675 0.44697536 0.59309552
v 0.23454675 0.45659538 0.57593589
v 0.23454675 0.43127580 0.62400607
v 0.23454675 0.43274770 0.74764825
v 0.21432363 0.45659538 0.77855880
v 0.23454675 0.44926428 0.77855880
v 0.23454675 0.45659538 0.79190814
v 0.20726563 0.48750592 0.43854280
v 0.21675945 0.48750592 0.46945334
v 0.22615990 0.48750592 0.50036389
v 0.23454675 0.48534080 0.53127443
v 0.23454675 0.48750592 0.52818681
v 0.23454675 0.46496515 0.56218498
v 0.23454675 0.48750592 0.80206714
v 0.20700996 0.51841647 0.40763225
v 0.21794178 0.51841647 0.43854280
v 0.22807341 0.51841647 0.46945334
v 0.23454675 0.50931129 0.50036389
v 0.23454675 0.51841647 0.48950718
v 0.22874535 0.51841647 0.77855880
v 0.23454675 0.51841647 0.78272578
v 0.21287891 0.54932701 0.40763225
v 0.22213746 0.54932701 0.43854280
v 0.22686740 0.54932701 0.46945334
v 0.23046614 0.54932701 0.50036389
v 0.23454675 0.53467492 0.50036389
v 0.23318101 0.54932701 0.53127443
v 0.23454675 0.54706983 0.53127443
v 0.23454675 0.54932701 0.55331195
v 0.23449039 0.54932701 0.68582716
v 0.23454675 0.54928430 0.68582716
v 0.23454675 0.54932701 0.68481586
v 0.23113129 0.54932701 0.71673771
v 0.23454675 0.54700860 0.71673771
v 0.23454675 0.54330948 0.74764825
v 0.23454675 0.52454481 0.77855880
v 0.20412730 0.58023756 0.40763225
v 0.20436479 0.58023756 0.43854280
v 0.23454675 0.54982212 0.56218498
v 0.23454675 0.55079591 0.59309552
v 0.23454675 0.55104366 0.62400607
v 0.23454675 0.55055987 0.65491661
v 0.20364527 0.61114810 0.40763225
v 0.25582408 -0.68709481 -0.55059466
v 0.26545729 -0.69382579 -0.55059466
v 0.26545729 -0.68709481 -0.56021894
v 0.26545729 -0.70824748 -0.51968412
v 0.26545729 -0.71313820 -0.48877357
v 0.26545729 -0.71364570 -0.45786303
v 0.23636459 -0.68709481 -0.42695248
v 0.26545729 -0.70163222 -0.42695248
v 0.26545729 -0.68709481 -0.39857277
v 0.23467816 -0.65618426 -0.58150521
v 0.26545729 -0.67452080 -0.58150521
v 0.26545729 -0.65618426 -0.60557818
v 0.26545729 -0.68591850 -0.39604193
v 0.26545729 -0.67946685 -0.36513139
v 0.26545729 -0.67285600 -0.33422084
v 0.26545729 -0.66608939 -0.30331030
v 0.24235637 -0.65618426 -0.27239975
v 0.26545729 -0.65917569 -0.27239975
v 0.26545729 -0.65618426 -0.25932077
v 0.24180683 -0.62527372 -0.61241575
v 0.26545729 -0.64791456 -0.61241575
v 0.26545729 -0.62527372 -0.62890441
v 0.26545729 -0.65110768 -0.24148921
v 0.26545729 -0.64350089 -0.21057866
v 0.26545729 -0.63709620 -0.17966812
v 0.26545729 -0.63013496 -0.14875757
v 0.26545729 -0.62527372 -0.12898721
v 0.26545729 -0.59436317 -0.63586467
v 0.23923703 -0.59436317 -0.42695248
v 0.26545729 -0.61591298 -0.11784702
v 0.26545729 -0.59750912 -0.08693648
v 0.25574577 -0.59436317 -0.05602593
v 0.26545729 -0.59436317 -0.08001955
v 0.23693111 -0.59436317 -0.02511539
v 0.24726809 -0.56345263 -0.61241575
v 0.26545729 -0.56345263 -0.62751375
v 0.24931110 -0.56345263 -0.45786303
v 0.26545729 -0.57792350 -0.42695248
v 0.26545729 -0.56345263 -0.44437945
v 0.26545729 -0.58659219 -0.39604193
v 0.25654082 -0.56345263 -0.36513139
v 0.26545729 -0.56608569 -0.36513139
v 0.26545729 -0.56345263 -0.36119567
v 0.26545729 -0.56669011 -0.05602593
v 0.26039285 -0.56345263 -0.02511539
v 0.26545729 -0.56345263 -0.05336849
v 0.25275979 -0.56345263 0.00579516
v 0.23815613 -0.56345263 0.03670570
v 0.26545729 -0.54180111 -0.61241575
v 0.25122820 -0.53254208 -0.58150521
v 0.26545729 -0.53254208 -0.60144671
v 0.24373997 -0.53254208 -0.55059466
v 0.25326759 -0.53254208 -0.51968412
v 0.26545729 -0.53831296 -0.48877357
v 0.26545729 -0.53254208 -0.50333792
v 0.26545729 -0.55474037 -0.45786303
v 0.26545729 -0.54569175 -0.33422084
v 0.26545729 -0.53254208 -0.31448429
v 0.26483517 -0.53254208 -0.02511539
v 0.26545729 -0.53254208 -0.02851706
v 0.25365819 -0.53254208 0.00579516
v 0.23876971 -0.53254208 0.03670570
v 0.26545729 -0.52336488 -0.58150521
v 0.26545729 -0.52059635 -0.55059466
v 0.26545729 -0.52628934 -0.51968412
v 0.26545729 -0.52519722 -0.30331030
v 0.25440815 -0.50163154 -0.27239975
v 0.26545729 -0.50474781 -0.27239975
v 0.26545729 -0.50163154 -0.26773989
v 0.26545729 -0.52764411 -0.02511539
v 0.25435389 -0.50163154 0.00579516
v 0.26545729 -0.50163154 -0.01759757
v 0.23925729 -0.50163154 0.03670570
v 0.26545729 -0.48440656 -0.24148921
v 0.26545729 -0.47072099 -0.22088867
v 0.25487635 -0.47072099 0.00579516
v 0.26545729 -0.47072099 -0.01591698
v 0.23960004 -0.47072099 0.03670570
v 0.26545729 -0.46398109 -0.21057866
v 0.25070112 -0.43981045 -0.17966812
v 0.26545729 -0.44366520 -0.17966812
v 0.26545729 -0.43981045 -0.17388329
v 0.25519676 -0.43981045 0.00579516
v 0.26545729 -0.43981045 -0.01486971
v 0.23975655 -0.43981045 0.03670570
v 0.26545729 -0.42347647 -0.14875757
v 0.26545729 -0.40889990 -0.12652345
v 0.25521664 -0.40889990 0.00579516
v 0.26545729 -0.40889990 -0.01448100
v 0.23963718 -0.40889990 0.03670570
v 0.26545729 -0.40333923 -0.11784702
v 0.26545729 -0.38380763 -0.08693648
v 0.26545729 -0.37798935 -0.06805098
v 0.25452262 -0.37798935 0.00579516
v 0.26545729 -0.37798935 -0.01554457
v 0.23899936 -0.37798935 0.03670570
v 0.26545729 -0.37477764 -0.05602593
v 0.26545729 -0.37254929 -0.02511539
v 0.23654393 -0.25434717 0.19125843
v 0.23720648 -0.22343663 0.19125843
v 0.23537837 -0.19252608 0.09852679
v 0.24052993 -0.19252608 0.12943734
v 0.24389242 -0.19252608 0.16034789
v 0.24404072 -0.19252608 0.19125843
v 0.23714483 -0.19252608 0.22216898
v 0.23576260 -0.16161554 0.06761625
v 0.24309342 -0.16161554 0.09852679
v 0.24766093 -0.16161554 0.12943734
v 0.24898208 -0.16161554 0.16034789
v 0.24886938 -0.16161554 0.19125843
v 0.24564612 -0.16161554 0.22216898
v 0.24327582 -0.13070499 0.06761625
v 0.25022727 -0.13070499 0.09852679
v 0.25444071 -0.13070499 0.12943734
v 0.25515223 -0.13070499 0.16034789
v 0.25239419 -0.13070499 0.19125843
v 0.25022745 -0.13070499 0.22216898
v 0.23918613 -0.13070499 0.25307952
v 0.24093387 -0.09979444 0.03670570
v 0.24975885 -0.09979444 0.06761625
v 0.25669925 -0.09979444 0.09852679
v 0.26049776 -0.09979444 0.12943734
v 0.26065195 -0.09979444 0.16034789
v 0.25757092 -0.09979444 0.19125843
v 0.25221195 -0.09979444 0.22216898
v 0.24627984 -0.09979444 0.25307952
v 0.23496027 -0.06888390 0.00579516
v 0.24702817 -0.06888390 0.03670570
v 0.25540354 -0.06888390 0.06761625
v 0.26245269 -0.06888390 0.09852679
v 0.26545729 -0.07093570 0.12943734
v 0.26545729 -0.06888390 0.12596512
v 0.26545729 -0.06911208 0.16034789
v 0.26212951 -0.06888390 0.19125843
v 0.26545729 -0.06888390 0.16068882
v 0.25576886 -0.06888390 0.22216898
v 0.25013801 -0.06888390 0.25307952
v 0.23962671 -0.03797335 0.00579516
v 0.25130865 -0.03797335 0.03670570
v 0.26054770 -0.03797335 0.06761625
v 0.26545729 -0.04976966 0.09852679
v 0.26545729 -0.03797335 0.08950713
v 0.26545729 -0.04222283 0.19125843
v 0.25939485 -0.03797335 0.22216898
v 0.26545729 -0.03797335 0.19384827
v 0.25128614 -0.03797335 0.25307952
v 0.23729060 -0.03797335 0.28399007
v 0.24275700 -0.00706281 0.00579516
v 0.25464696 -0.00706281 0.03670570
v 0.26480684 -0.00706281 0.06761625
v 0.26545729 -0.00706281 0.07052049
v 0.26221984 -0.00706281 0.22216898
v 0.26545729 -0.00706281 0.20762758
v 0.25176845 -0.00706281 0.25307952
v 0.24067256 -0.00706281 0.28399007
v 0.24457777 0.02384774 0.00579516
v 0.25707867 0.02384774 0.03670570
v 0.26545729 -0.00040208 0.06761625
v 0.26545729 0.02384774 0.06042650
v 0.26412037 0.02384774 0.22216898
v 0.26545729 0.02384774 0.21642979
v 0.25324354 0.02384774 0.25307952
v 0.24171015 0.02384774 0.28399007
v 0.24741516 0.05475828 0.00579516
v 0.25813823 0.05475828 0.03670570
v 0.26545729 0.05475828 0.05556250
v 0.26491349 0.05475828 0.22216898
v 0.26545729 0.05475828 0.21995363
v 0.25351506 0.05475828 0.25307952
v 0.24024374 0.05475828 0.28399007
v 0.26028669 0.08566883 -0.76696848
v 0.26545729 0.08344647 -0.73605794
v 0.26545729 0.08566883 -0.76341895
v 0.26545729 0.08161150 -0.70514739
v 0.26545729 0.08045541 -0.67423685
v 0.26545729 0.07997095 -0.64332630
v 0.26545729 0.08015173 -0.61241575
v 0.26545729 0.08098834 -0.58150521
v 0.26545729 0.08245407 -0.55059466
v 0.26545729 0.08444088 -0.51968412
v 0.26362735 0.08566883 -0.48877357
v 0.26545729 0.08566883 -0.50467496
v 0.25898376 0.08566883 -0.45786303
v 0.25312215 0.08566883 -0.42695248
v 0.24603286 0.08566883 -0.39604193
v 0.23779234 0.08566883 -0.36513139
v 0.23619403 0.08566883 -0.14875757
v 0.24876886 0.08566883 -0.11784702
v 0.25827665 0.08566883 -0.08693648
v 0.26529338 0.08566883 -0.05602593
v 0.26545729 0.08211229 -0.02511539
v 0.26545729 0.08566883 -0.05501183
v 0.26545729 0.07946011 0.00579516
v 0.26545729 0.07292784 0.03670570
v 0.26432449 0.08566883 0.22216898
v 0.26545729 0.08566883 0.21782811
v 0.25229178 0.08566883 0.25307952
v 0.23710513 0.08566883 0.28399007
v 0.26101373 0.11657937 -0.89061066
v 0.26545729 0.10963358 -0.89061066
v 0.26545729 0.11657937 -0.90107479
v 0.25122533 0.11657937 -0.85970012
v 0.26545729 0.10077803 -0.85970012
v 0.23606641 0.11657937 -0.82878957
v 0.26545729 0.09484480 -0.82878957
v 0.26545729 0.08993116 -0.79787903
v 0.26545729 0.08602453 -0.76696848
v 0.26545729 0.08698972 -0.48877357
v 0.26545729 0.09051305 -0.45786303
v 0.26545729 0.09547756 -0.42695248
v 0.26545729 0.10242428 -0.39604193
v 0.26545729 0.11193342 -0.36513139
v 0.25799906 0.11657937 -0.33422084
v 0.26545729 0.11657937 -0.35304343
v 0.24514918 0.11657937 -0.30331030
v 0.23838328 0.11657937 -0.21057866
v 0.24963606 0.11657937 -0.17966812
v 0.25796093 0.11657937 -0.14875757
v 0.26431662 0.11657937 -0.11784702
v 0.26545729 0.10249639 -0.08693648
v 0.26545729 0.11657937 -0.11074619
v 0.26545729 0.08609982 -0.05602593
v 0.26192400 0.11657937 0.22216898
v 0.26545729 0.11657937 0.20958075
v 0.24978654 0.11657937 0.25307952
v 0.25291432 0.14748992 -0.89061066
v 0.26545729 0.14748992 -0.91793279
v 0.23879479 0.14748992 -0.85970012
v 0.26545729 0.13235530 -0.33422084
v 0.25781018 0.14748992 -0.30331030
v 0.26545729 0.14748992 -0.31960878
v 0.24330851 0.14748992 -0.27239975
v 0.23560598 0.14748992 -0.21057866
v 0.24837939 0.14748992 -0.17966812
v 0.25616364 0.14748992 -0.14875757
v 0.26197312 0.14748992 -0.11784702
v 0.26545729 0.14748992 -0.09349639
v 0.25772931 0.14748992 0.22216898
v 0.26545729 0.14748992 0.19459408
v 0.24327094 0.14748992 0.25307952
v 0.25347631 0.17840047 -0.89061066
v 0.26545729 0.17840047 -0.91613634
v 0.23895994 0.17840047 -0.85970012
v 0.25704289 0.17840047 -0.30331030
v 0.26545729 0.17840047 -0.32229529
v 0.24318160 0.17840047 -0.27239975
v 0.23542006 0.17840047 -0.17966812
v 0.24698262 0.17840047 -0.14875757
v 0.25331269 0.17840047 -0.11784702
v 0.25790879 0.17840047 -0.08693648
v 0.26545729 0.15062584 -0.08693648
v 0.26125797 0.17840047 -0.05602593
v 0.26545729 0.16234727 -0.05602593
v 0.26358285 0.17840047 -0.02511539
v 0.26545729 0.17103881 -0.02511539
v 0.26500346 0.17840047 0.00579516
v 0.26545729 0.17658373 0.00579516
v 0.26545729 0.17840047 0.02984365
v 0.26535515 0.17840047 0.06761625
v 0.26545729 0.17798245 0.06761625
v 0.26545729 0.17840047 0.05378359
v 0.26430909 0.17840047 0.09852679
v 0.26545729 0.17367933 0.09852679
v 0.26545729 0.17840047 0.12298675
v 0.26446959 0.17840047 0.16034789
v 0.26545729 0.17394903 0.16034789
v 0.26545729 0.17840047 0.13764024
v 0.25979939 0.17840047 0.19125843
v 0.26545729 0.15219062 0.19125843
v 0.25069011 0.17840047 0.22216898
v 0.26184693 0.20931101 -0.89061066
v 0.26545729 0.20931101 -0.89854509
v 0.24790196 0.20931101 -0.85970012
v 0.25495943 0.20931101 -0.33422084
v 0.26545729 0.18841220 -0.33422084
v 0.26545729 0.20931101 -0.36440422
v 0.24353556 0.20931101 -0.30331030
v 0.23942672 0.20931101 -0.11784702
v 0.24496534 0.20931101 -0.08693648
v 0.24879103 0.20931101 -0.05602593
v 0.25141678 0.20931101 -0.02511539
v 0.25305828 0.20931101 0.00579516
v 0.25382321 0.20931101 0.03670570
v 0.26545729 0.17872072 0.03670570
v 0.25376070 0.20931101 0.06761625
v 0.25526103 0.20931101 0.09852679
v 0.25622127 0.20931101 0.12943734
v 0.26545729 0.17960518 0.12943734
v 0.25425329 0.20931101 0.16034789
v 0.24886838 0.20931101 0.19125843
v 0.23599441 0.20931101 0.22216898
v 0.26545729 0.21549080 -0.89061066
v 0.26545729 0.23669214 -0.85970012
v 0.25569924 0.24022156 -0.82878957
v 0.26545729 0.24022156 -0.85375918
v 0.24409668 0.24022156 -0.79787903
v 0.26291040 0.24022156 -0.45786303
v 0.26545729 0.23750871 -0.45786303
v 0.26545729 0.24022156 -0.47147327
v 0.25632567 0.24022156 -0.42695248
v 0.26545729 0.23010316 -0.42695248
v 0.24891507 0.24022156 -0.39604193
v 0.26545729 0.22093423 -0.39604193
v 0.24070893 0.24022156 -0.36513139
v 0.26545729 0.20961442 -0.36513139
v 0.23577577 0.24022156 -0.02511539
v 0.23783582 0.24022156 0.00579516
v 0.23890650 0.24022156 0.03670570
v 0.23961464 0.24022156 0.06761625
v 0.24009353 0.24022156 0.09852679
v 0.23852173 0.24022156 0.12943734
v 0.26545729 0.25019126 -0.82878957
v 0.26545729 0.26064075 -0.79787903
v 0.26545729 0.26873883 -0.76696848
v 0.26545729 0.26860527 -0.73605794
v 0.26545729 0.26770316 -0.70514739
v 0.26545729 0.26610792 -0.67423685
v 0.26545729 0.26386438 -0.64332630
v 0.23483860 0.27113210 -0.61241575
v 0.26545729 0.26099078 -0.61241575
v 0.24095143 0.27113210 -0.58150521
v 0.26545729 0.25748979 -0.58150521
v 0.24272680 0.27113210 -0.55059466
v 0.26545729 0.25337062 -0.55059466
v 0.24326113 0.27113210 -0.51968412
v 0.26545729 0.24871476 -0.51968412
v 0.23873745 0.27113210 -0.48877357
v 0.26545729 0.24354333 -0.48877357
v 0.23886022 0.42568483 0.65491661
v 0.24556738 0.42568483 0.68582716
v 0.24713245 0.42568483 0.71673771
v 0.23918958 0.45659538 0.59309552
v 0.24736044 0.45659538 0.62400607
v 0.25540803 0.45659538 0.65491661
v 0.26337029 0.45659538 0.68582716
v 0.26545729 0.44692825 0.71673771
v 0.26545729 0.45659538 0.69421812
v 0.26545729 0.43644118 0.74764825
v 0.26545729 0.44084833 0.77855880
v 0.26419909 0.45659538 0.80946934
v 0.26545729 0.45618553 0.80946934
v 0.26545729 0.45659538 0.81024087
v 0.23546004 0.48750592 0.53127443
v 0.24441370 0.48750592 0.56218498
v 0.25327741 0.48750592 0.59309552
v 0.26207145 0.48750592 0.62400607
v 0.26545729 0.47668013 0.65491661
v 0.26545729 0.48750592 0.63611760
v 0.26545729 0.46050419 0.68582716
v 0.24517658 0.48750592 0.80946934
v 0.26545729 0.48750592 0.82395540
v 0.23797513 0.51841647 0.50036389
v 0.24756993 0.51841647 0.53127443
v 0.25706646 0.51841647 0.56218498
v 0.26545729 0.51601057 0.59309552
v 0.26545729 0.51841647 0.58975130
v 0.26545729 0.50014754 0.62400607
v 0.26199766 0.51841647 0.77855880
v 0.26545729 0.51793254 0.77855880
v 0.26545729 0.51841647 0.77403635
v 0.26545729 0.50818851 0.80946934
v 0.23508837 0.54932701 0.56218498
v 0.23620091 0.54932701 0.59309552
v 0.26545729 0.51977478 0.59309552
v 0.23653741 0.54932701 0.62400607
v 0.26545729 0.52403291 0.62400607
v 0.23602141 0.54932701 0.65491661
v 0.26545729 0.52446400 0.65491661
v 0.26545729 0.52416477 0.68582716
v 0.26545729 0.52309125 0.71673771
v 0.26545729 0.52112131 0.74764825
v 0.29444609 -0.71800536 -0.55059466
v 0.29636784 -0.71978602 -0.55059466
v 0.29636784 -0.71800536 -0.55459336
v 0.29636784 -0.71800536 -0.53900514
v 0.28107900 -0.68709481 -0.55059466
v 0.29636784 -0.71195596 -0.55059466
v 0.29636784 -0.71270363 -0.51968412
v 0.29636784 -0.68709481 -0.54014986
v 0.29636784 -0.71010012 -0.48877357
v 0.29636784 -0.70565134 -0.45786303
v 0.29636784 -0.69371855 -0.42695248
v 0.27673327 -0.68709481 -0.39604193
v 0.29636784 -0.68918507 -0.39604193
v 0.29636784 -0.68709481 -0.38430221
v 0.29636784 -0.66242128 -0.58150521
v 0.29636784 -0.65618426 -0.58836117
v 0.29636784 -0.68187146 -0.55059466
v 0.29636784 -0.66772487 -0.36513139
v 0.29302635 -0.65618426 -0.33422084
v 0.29636784 -0.65618426 -0.34999631
v 0.28449452 -0.65618426 -0.30331030
v 0.27231368 -0.65618426 -0.27239975
v 0.29617257 -0.62527372 -0.61241575
v 0.29636784 -0.62527372 -0.61231276
v 0.29636784 -0.64018644 -0.33422084
v 0.29432616 -0.62527372 -0.30331030
v 0.29636784 -0.62527372 -0.31950857
v 0.29020597 -0.62527372 -0.27239975
v 0.28590579 -0.62527372 -0.24148921
v 0.28144234 -0.62527372 -0.21057866
v 0.27682599 -0.62527372 -0.17966812
v 0.27055431 -0.62527372 -0.14875757
v 0.29636784 -0.62467761 -0.61241575
v 0.29636784 -0.59436317 -0.61774315
v 0.28960128 -0.59436317 -0.39604193
v 0.29636784 -0.59974815 -0.39604193
v 0.29636784 -0.59436317 -0.40266222
v 0.29636784 -0.59436317 -0.39044211
v 0.29636784 -0.60884000 -0.30331030
v 0.29427283 -0.59436317 -0.27239975
v 0.29636784 -0.59436317 -0.28903187
v 0.29012607 -0.59436317 -0.24148921
v 0.28577823 -0.59436317 -0.21057866
v 0.28124839 -0.59436317 -0.17966812
v 0.27654683 -0.59436317 -0.14875757
v 0.27167615 -0.59436317 -0.11784702
v 0.26663024 -0.59436317 -0.08693648
v 0.28777120 -0.56345263 -0.61241575
v 0.29636784 -0.57828450 -0.61241575
v 0.29636784 -0.56345263 -0.60617705
v 0.29473821 -0.56345263 -0.45786303
v 0.29636784 -0.56400044 -0.45786303
v 0.29636784 -0.56345263 -0.45880143
v 0.29636784 -0.58800143 -0.42695248
v 0.29636784 -0.58049405 -0.36513139
v 0.29636784 -0.56345263 -0.34572899
v 0.29636784 -0.57747820 -0.27239975
v 0.29421811 -0.56345263 -0.24148921
v 0.29636784 -0.56345263 -0.25857156
v 0.29003677 -0.56345263 -0.21057866
v 0.28562711 -0.56345263 -0.17966812
v 0.28101048 -0.56345263 -0.14875757
v 0.27619536 -0.56345263 -0.11784702
v 0.27117735 -0.56345263 -0.08693648
v 0.26593309 -0.56345263 -0.05602593
v 0.28332555 -0.53254208 -0.58150521
v 0.29636784 -0.54093060 -0.58150521
v 0.29451740 -0.53254208 -0.55059466
v 0.29636784 -0.53336587 -0.55059466
v 0.28284665 -0.53254208 -0.51968412
v 0.29636784 -0.53747546 -0.51968412
v 0.29636784 -0.54858782 -0.48877357
v 0.29636784 -0.55592020 -0.33422084
v 0.28899251 -0.53254208 -0.30331030
v 0.29636784 -0.54088765 -0.30331030
v 0.29636784 -0.53254208 -0.29468208
v 0.29636784 -0.54609116 -0.24148921
v 0.29416112 -0.53254208 -0.21057866
v 0.29636784 -0.53254208 -0.22813887
v 0.28993288 -0.53254208 -0.17966812
v 0.28543916 -0.53254208 -0.14875757
v 0.28070238 -0.53254208 -0.11784702
v 0.27572330 -0.53254208 -0.08693648
v 0.27047272 -0.53254208 -0.05602593
v 0.29636784 -0.52240659 -0.27239975
v 0.29636784 -0.50163154 -0.25098558
v 0.29636784 -0.51465745 -0.21057866
v 0.29410007 -0.50163154 -0.17966812
v 0.29636784 -0.50163154 -0.19775739
v 0.28980432 -0.50163154 -0.14875757
v 0.28518777 -0.50163154 -0.11784702
v 0.28026725 -0.50163154 -0.08693648
v 0.27500626 -0.50163154 -0.05602593
v 0.26880903 -0.50163154 -0.02511539
v 0.29636784 -0.49562327 -0.24148921
v 0.28822099 -0.47072099 -0.21057866
v 0.29636784 -0.48791933 -0.21057866
v 0.29636784 -0.48311969 -0.17966812
v 0.29636784 -0.47072099 -0.19294995
v 0.29403083 -0.47072099 -0.14875757
v 0.29636784 -0.47072099 -0.16748958
v 0.28962834 -0.47072099 -0.11784702
v 0.28480701 -0.47072099 -0.08693648
v 0.27952562 -0.47072099 -0.05602593
v 0.26990062 -0.47072099 -0.02511539
v 0.29636784 -0.46673695 -0.17966812
v 0.29636784 -0.45124116 -0.14875757
v 0.29636784 -0.43981045 -0.15239915
v 0.29393808 -0.43981045 -0.11784702
v 0.29636784 -0.43981045 -0.13758871
v 0.28933520 -0.43981045 -0.08693648
v 0.28395935 -0.43981045 -0.05602593
v 0.27050203 -0.43981045 -0.02511539
v 0.29636784 -0.43772365 -0.14875757
v 0.28678236 -0.40889990 -0.11784702
v 0.29310614 -0.40889990 -0.08693648
v 0.28608106 -0.40889990 -0.05602593
v 0.27077328 -0.40889990 -0.02511539
v 0.27336226 -0.37798935 -0.05602593
v 0.27026408 -0.37798935 -0.02511539
v 0.26576492 -0.06888390 0.12943734
v 0.26548857 -0.06888390 0.16034789
v 0.26705160 -0.03797335 0.09852679
v 0.26948394 -0.03797335 0.12943734
v 0.26888211 -0.03797335 0.16034789
v 0.26591819 -0.03797335 0.19125843
v 0.27028815 -0.00706281 0.09852679
v 0.27242299 -0.00706281 0.12943734
v 0.27155202 -0.00706281 0.16034789
v 0.26844409 -0.00706281 0.19125843
v 0.26742224 0.02384774 0.06761625
v 0.27261772 0.02384774 0.09852679
v 0.27450718 0.02384774 0.12943734
v 0.27341868 0.02384774 0.16034789
v 0.27018082 0.02384774 0.19125843
v 0.26935273 0.05475828 0.06761625
v 0.27391956 0.05475828 0.09852679
v 0.27562339 0.05475828 0.12943734
v 0.27436928 0.05475828 0.16034789
v 0.27101326 0.05475828 0.19125843
v 0.26804396 0.08566883 -0.73605794
v 0.27039369 0.08566883 -0.70514739
v 0.27206399 0.08566883 -0.67423685
v 0.27294004 0.08566883 -0.64332630
v 0.27291595 0.08566883 -0.61241575
v 0.27191916 0.08566883 -0.58150521
v 0.26994964 0.08566883 -0.55059466
v 0.26717934 0.08566883 -0.51968412
v 0.26837666 0.08566883 -0.02511539
v 0.27031944 0.08566883 0.00579516
v 0.27129862 0.08566883 0.03670570
v 0.27136016 0.08566883 0.06761625
v 0.27556486 0.08566883 0.09852679
v 0.27633659 0.08566883 0.12943734
v 0.27477451 0.08566883 0.16034789
v 0.27131984 0.08566883 0.19125843
v 0.27023960 0.11657937 -0.89061066
v 0.27727541 0.11657937 -0.85970012
v 0.28274155 0.11657937 -0.82878957
v 0.28807175 0.11657937 -0.79787903
v 0.29322177 0.11657937 -0.76696848
v 0.29636784 0.11471930 -0.73605794
v 0.29636784 0.11657937 -0.74709340
v 0.29636784 0.11038281 -0.70514739
v 0.29636784 0.10713535 -0.67423685
v 0.29636784 0.10495534 -0.64332630
v 0.29636784 0.10382091 -0.61241575
v 0.29636784 0.10371874 -0.58150521
v 0.29636784 0.10463944 -0.55059466
v 0.29636784 0.10648362 -0.51968412
v 0.29636784 0.10927262 -0.48877357
v 0.29636784 0.11364336 -0.45786303
v 0.29186875 0.11657937 -0.42695248
v 0.29636784 0.11657937 -0.44349582
v 0.28169253 0.11657937 -0.39604193
v 0.27027264 0.11657937 -0.36513139
v 0.26854495 0.11657937 -0.08693648
v 0.27159673 0.11657937 -0.05602593
v 0.27376248 0.11657937 -0.02511539
v 0.27510033 0.11657937 0.00579516
v 0.27564403 0.11657937 0.03670570
v 0.27540595 0.11657937 0.06761625
v 0.27437605 0.11657937 0.09852679
v 0.27505337 0.11657937 0.12943734
v 0.27339159 0.11657937 0.16034789
v 0.26969634 0.11657937 0.19125843
v 0.28117336 0.14748992 -0.89061066
v 0.29089502 0.14748992 -0.85970012
v 0.29636784 0.14600203 -0.82878957
v 0.29636784 0.14748992 -0.83213581
v 0.29636784 0.13325853 -0.79787903
v 0.29636784 0.12241054 -0.76696848
v 0.29636784 0.12215611 -0.42695248
v 0.29636784 0.13942961 -0.39604193
v 0.28679139 0.14748992 -0.36513139
v 0.29636784 0.14748992 -0.38557132
v 0.27230695 0.14748992 -0.33422084
v 0.26625307 0.14748992 -0.08693648
v 0.26911390 0.14748992 -0.05602593
v 0.27112638 0.14748992 -0.02511539
v 0.27235157 0.14748992 0.00579516
v 0.27282373 0.14748992 0.03670570
v 0.27255445 0.14748992 0.06761625
v 0.27153200 0.14748992 0.09852679
v 0.27111771 0.14748992 0.12943734
v 0.26980097 0.14748992 0.16034789
v 0.26618683 0.14748992 0.19125843
v 0.28404141 0.17840047 -0.89061066
v 0.29474161 0.17840047 -0.85970012
v 0.29636784 0.17840047 -0.85264683
v 0.28399695 0.17840047 -0.36513139
v 0.29636784 0.17840047 -0.39492618
v 0.27069143 0.17840047 -0.33422084
v 0.26557251 0.17840047 0.03670570
v 0.26575554 0.17840047 0.12943734
v 0.27289753 0.20931101 -0.89061066
v 0.28868978 0.20931101 -0.85970012
v 0.29595188 0.20931101 -0.82878957
v 0.29636784 0.20693036 -0.82878957
v 0.29636784 0.20931101 -0.82618014
v 0.29210520 0.20931101 -0.45786303
v 0.29636784 0.20437055 -0.45786303
v 0.29636784 0.20931101 -0.47834370
v 0.28442662 0.20931101 -0.42695248
v 0.29636784 0.19387143 -0.42695248
v 0.27557410 0.20931101 -0.39604193
v 0.29636784 0.17903835 -0.39604193
v 0.26570702 0.20931101 -0.36513139
v 0.27670454 0.24022156 -0.82878957
v 0.28405689 0.24022156 -0.79787903
v 0.29636784 0.21710089 -0.79787903
v 0.28665516 0.24022156 -0.76696848
v 0.29636784 0.22310818 -0.76696848
v 0.28794614 0.24022156 -0.73605794
v 0.29636784 0.22697941 -0.73605794
v 0.28849583 0.24022156 -0.70514739
v 0.29636784 0.22909912 -0.70514739
v 0.28822437 0.24022156 -0.67423685
v 0.29636784 0.22977686 -0.67423685
v 0.28706898 0.24022156 -0.64332630
v 0.29636784 0.22924152 -0.64332630
v 0.28499616 0.24022156 -0.61241575
v 0.29636784 0.22763513 -0.61241575
v 0.28201508 0.24022156 -0.58150521
v 0.29636784 0.22501862 -0.58150521
v 0.27819358 0.24022156 -0.55059466
v 0.29636784 0.22140783 -0.55059466
v 0.27370660 0.24022156 -0.51968412
v 0.29636784 0.21689089 -0.51968412
v 0.26867723 0.24022156 -0.48877357
v 0.29636784 0.21153316 -0.48877357
v 0.27086023 0.45659538 0.71673771
v 0.27786981 0.45659538 0.74764825
v 0.28336010 0.45659538 0.77855880
v 0.26790879 0.45659538 0.80946934
v 0.27060132 0.48750592 0.65491661
v 0.27888632 0.48750592 0.68582716
v 0.28706124 0.48750592 0.71673771
v 0.29516542 0.48750592 0.74764825
v 0.29636784 0.47580552 0.77855880
v 0.29636784 0.48750592 0.75240336
v 0.29636784 0.47249891 0.80946934
v 0.29636784 0.48750592 0.84000908
v 0.26645606 0.51841647 0.59309552
v 0.27116333 0.51841647 0.62400607
v 0.27240780 0.51841647 0.65491661
v 0.27227209 0.51841647 0.68582716
v 0.27119164 0.51841647 0.71673771
v 0.26891108 0.51841647 0.74764825
v 0.29636784 0.49470017 0.77855880
v 0.29636784 0.49227722 0.80946934
v 0.29933739 -0.71800536 -0.55059466
v 0.31370530 -0.68709481 -0.51968412
v 0.32727838 -0.68773046 -0.48877357
v 0.32727838 -0.68709481 -0.49008398
v 0.32308864 -0.68709481 -0.45786303
v 0.32727838 -0.68709481 -0.48499678
v 0.30323506 -0.68709481 -0.42695248
v 0.29833165 -0.68709481 -0.39604193
v 0.30525347 -0.65618426 -0.58150521
v 0.32727838 -0.66685270 -0.55059466
v 0.32727838 -0.65618426 -0.56218090
v 0.32727838 -0.67931919 -0.51968412
v 0.32727838 -0.68299151 -0.45786303
v 0.32251376 -0.65618426 -0.42695248
v 0.32727838 -0.65618426 -0.43156907
v 0.30192285 -0.65618426 -0.39604193
v 0.29827869 -0.65618426 -0.36513139
v 0.32727838 -0.63708545 -0.58150521
v 0.32727838 -0.62527372 -0.59105193
v 0.32702612 -0.62527372 -0.42695248
v 0.32727838 -0.62527372 -0.42715386
v 0.30500370 -0.62527372 -0.39604193
v 0.30182679 -0.62527372 -0.36513139
v 0.29822468 -0.62527372 -0.33422084
v 0.30407253 -0.59436317 -0.61241575
v 0.32727838 -0.59436317 -0.59540962
v 0.30491839 -0.59436317 -0.42695248
v 0.32727838 -0.59436317 -0.44546207
v 0.30467577 -0.59436317 -0.36513139
v 0.30171306 -0.59436317 -0.33422084
v 0.29816910 -0.59436317 -0.30331030
v 0.32448212 -0.56345263 -0.58150521
v 0.32727838 -0.56742208 -0.58150521
v 0.32727838 -0.56345263 -0.57759963
v 0.32332185 -0.56345263 -0.48877357
v 0.32727838 -0.56578431 -0.48877357
v 0.32727838 -0.56345263 -0.49467195
v 0.32727838 -0.58433919 -0.45786303
v 0.30286194 -0.56345263 -0.33422084
v 0.30156871 -0.56345263 -0.30331030
v 0.29811112 -0.56345263 -0.27239975
v 0.32727838 -0.55202247 -0.55059466
v 0.32727838 -0.55424823 -0.51968412
v 0.30136194 -0.53254208 -0.27239975
v 0.29804907 -0.53254208 -0.24148921
v 0.30096328 -0.50163154 -0.24148921
v 0.29797939 -0.50163154 -0.21057866
v 0.29789237 -0.47072099 -0.17966812
v 0.29774783 -0.43981045 -0.14875757
v 0.29811933 0.11657937 -0.73605794
v 0.30266309 0.11657937 -0.70514739
v 0.30672886 0.11657937 -0.67423685
v 0.31011236 0.11657937 -0.64332630
v 0.31252147 0.11657937 -0.61241575
v 0.31358026 0.11657937 -0.58150521
v 0.31292512 0.11657937 -0.55059466
v 0.31052567 0.11657937 -0.51968412
v 0.30652148 0.11657937 -0.48877357
v 0.30029135 0.11657937 -0.45786303
v 0.29703086 0.14748992 -0.82878957
v 0.30315056 0.14748992 -0.79787903
v 0.30926999 0.14748992 -0.76696848
v 0.31538919 0.14748992 -0.73605794
v 0.32150838 0.14748992 -0.70514739
v 0.32727838 0.14694004 -0.67423685
v 0.32727838 0.14748992 -0.67599806
v 0.32727838 0.13859367 -0.64332630
v 0.32727838 0.13267674 -0.61241575
v 0.32727838 0.12909341 -0.58150521
v 0.32727838 0.12762861 -0.55059466
v 0.32727838 0.12853661 -0.51968412
v 0.32727838 0.13341822 -0.48877357
v 0.32727838 0.14443242 -0.45786303
v 0.31569736 0.14748992 -0.42695248
v 0.32727838 0.14748992 -0.45186182
v 0.30126910 0.14748992 -0.39604193
v 0.30090350 0.17840047 -0.82878957
v 0.30671470 0.17840047 -0.79787903
v 0.31242910 0.17840047 -0.76696848
v 0.31800089 0.17840047 -0.73605794
v 0.32335505 0.17840047 -0.70514739
v 0.32727838 0.17840047 -0.68096689
v 0.31936308 0.17840047 -0.45786303
v 0.32727838 0.15490051 -0.45786303
v 0.32727838 0.17840047 -0.48653433
v 0.30875855 0.17840047 -0.42695248
v 0.29682332 0.17840047 -0.39604193
v 0.30035571 0.20931101 -0.79787903
v 0.30430772 0.20931101 -0.76696848
v 0.30773917 0.20931101 -0.73605794
v 0.31050325 0.20931101 -0.70514739
v 0.31242142 0.20931101 -0.67423685
v 0.32727838 0.18044798 -0.67423685
v 0.31329318 0.20931101 -0.64332630
v 0.32727838 0.18699501 -0.64332630
v 0.31292418 0.20931101 -0.61241575
v 0.32727838 0.19017668 -0.61241575
v 0.31117701 0.20931101 -0.58150521
v 0.32727838 0.19075993 -0.58150521
v 0.30803981 0.20931101 -0.55059466
v 0.32727838 0.18903233 -0.55059466
v 0.30372973 0.20931101 -0.51968412
v 0.32727838 0.18506527 -0.51968412
v 0.29851700 0.20931101 -0.48877357
v 0.32727838 0.17902839 -0.48877357
v 0.30276714 0.48750592 0.77855880
v 0.30270683 0.48750592 0.80946934
v 0.32784153 -0.68709481 -0.48877357
v 0.33975820 -0.65618426 -0.55059466
v 0.35818893 -0.66074084 -0.51968412
v 0.35818893 -0.65618426 -0.52876860
v 0.35818893 -0.66630593 -0.48877357
v 0.35312178 -0.65618426 -0.45786303
v 0.35818893 -0.65618426 -0.46588957
v 0.34050098 -0.62527372 -0.58150521
v 0.35818893 -0.64223830 -0.55059466
v 0.35818893 -0.62527372 -0.56807731
v 0.35818893 -0.64154268 -0.45786303
v 0.35818893 -0.62527372 -0.45311032
v 0.34541216 -0.59436317 -0.58150521
v 0.35818893 -0.59436317 -0.57048164
v 0.34160492 -0.59436317 -0.45786303
v 0.35818893 -0.61729134 -0.45786303
v 0.35818893 -0.59436317 -0.47419394
v 0.34550560 -0.56345263 -0.55059466
v 0.35818893 -0.57451957 -0.55059466
v 0.34347240 -0.56345263 -0.51968412
v 0.35818893 -0.57227790 -0.51968412
v 0.35818893 -0.58499378 -0.48877357
v 0.32762581 0.14748992 -0.67423685
v 0.33369313 0.14748992 -0.64332630
v 0.33972369 0.14748992 -0.61241575
v 0.34566393 0.14748992 -0.58150521
v 0.35127120 0.14748992 -0.55059466
v 0.35383120 0.14748992 -0.51968412
v 0.34402115 0.14748992 -0.48877357
v 0.33007066 0.14748992 -0.45786303
v 0.32835980 0.17840047 -0.67423685
v 0.33278086 0.17840047 -0.64332630
v 0.33623270 0.17840047 -0.61241575
v 0.33804476 0.17840047 -0.58150521
v 0.33734159 0.17840047 -0.55059466
v 0.33375050 0.17840047 -0.51968412
v 0.32787963 0.17840047 -0.48877357
v 0.36554791 -0.65618426 -0.51968412
v 0.37237551 -0.65618426 -0.48877357
v 0.38039944 -0.62527372 -0.55059466
v 0.38909947 -0.64044907 -0.51968412
v 0.38909947 -0.62527372 -0.54223166
v 0.38909947 -0.63495817 -0.48877357
v 0.36367543 -0.62527372 -0.45786303
v 0.38909947 -0.62527372 -0.48168038
v 0.38052039 -0.59436317 -0.55059466
v 0.38909947 -0.59436317 -0.53116765
v 0.37271236 -0.59436317 -0.48877357
v 0.38909947 -0.61529151 -0.48877357
v 0.38909947 -0.59436317 -0.51267756
v 0.38909947 -0.59133880 -0.51968412
v 0.41142499 -0.62527372 -0.51968412
v 0.39649949 -0.62527372 -0.48877357
v 0.39389936 -0.59436317 -0.51968412
f 3 1 2
f 2 1 4
f 7 5 6
f 6 1 3
f 6 5 1
f 5 8 1
f 4 9 10
f 4 1 9
f 1 8 9
f 10 9 11
f 13 5 7
f 12 5 13
f 5 12 8
f 8 12 14
f 15 14 16
f 15 9 14
f 9 8 14
f 9 15 11
f 13 17 12
f 12 18 14
f 17 18 12
f 14 18 16
f 21 19 20
f 20 19 22
f 21 23 19
f 19 23 22
f 26 24 25
f 25 27 28
f 24 27 25
f 28 27 29
f 32 30 31
f 24 3 2
f 26 3 24
f 26 30 3
f 26 31 30
f 2 4 33
f 2 33 24
f 24 33 27
f 29 34 35
f 29 27 34
f 27 33 34
f 35 34 36
f 39 37 38
f 30 7 6
f 32 7 30
f 32 37 7
f 32 38 37
f 30 6 3
f 33 4 10
f 10 11 40
f 10 40 33
f 33 40 34
f 36 40 41
f 34 40 36
f 43 37 39
f 42 37 43
f 37 42 13
f 7 37 13
f 15 16 44
f 11 15 44
f 11 44 40
f 40 44 45
f 41 45 46
f 40 45 41
f 43 47 42
f 49 48 17
f 47 49 17
f 47 17 13
f 47 13 42
f 18 17 48
f 50 18 48
f 50 52 51
f 18 50 51
f 18 51 44
f 18 44 16
f 44 53 45
f 51 53 44
f 45 53 46
f 49 54 48
f 48 55 50
f 54 55 48
f 50 55 52
f 58 56 57
f 57 56 59
f 62 60 61
f 21 61 60
f 21 20 61
f 20 63 61
f 58 64 56
f 58 20 64
f 58 63 20
f 22 64 20
f 59 64 65
f 56 64 59
f 68 66 67
f 67 60 62
f 67 66 60
f 66 69 60
f 23 21 60
f 23 60 70
f 70 60 69
f 70 72 71
f 23 70 71
f 23 71 64
f 23 64 22
f 64 71 65
f 75 73 74
f 74 73 77
f 68 76 66
f 66 78 69
f 76 78 66
f 69 79 70
f 78 79 69
f 70 79 72
f 75 80 73
f 73 80 77
f 83 81 82
f 82 81 84
f 87 85 86
f 81 26 25
f 83 26 81
f 83 85 26
f 83 86 85
f 84 81 25
f 84 25 88
f 88 25 28
f 89 28 29
f 89 90 28
f 90 88 28
f 90 91 92
f 89 91 90
f 92 91 93
f 96 94 95
f 85 32 31
f 87 32 85
f 87 94 32
f 87 95 94
f 85 31 26
f 89 29 35
f 35 36 97
f 35 97 89
f 89 97 91
f 93 98 99
f 93 91 98
f 91 97 98
f 99 100 101
f 98 100 99
f 101 100 102
f 94 39 38
f 94 96 39
f 96 103 39
f 94 38 32
f 104 97 36
f 41 104 36
f 97 104 98
f 98 104 105
f 98 105 100
f 100 105 106
f 102 107 108
f 102 100 107
f 100 106 107
f 108 109 110
f 107 109 108
f 110 111 112
f 109 111 110
f 112 111 113
f 103 114 39
f 114 43 39
f 115 104 41
f 115 41 116
f 116 41 46
f 118 104 115
f 118 117 104
f 117 105 104
f 105 117 106
f 106 117 119
f 106 119 107
f 107 119 120
f 107 120 109
f 109 120 121
f 109 121 111
f 111 121 122
f 113 123 124
f 113 111 123
f 111 122 123
f 124 123 125
f 47 127 126
f 47 43 127
f 43 114 127
f 47 126 49
f 51 52 128
f 128 130 129
f 128 129 51
f 51 129 53
f 129 46 53
f 116 46 129
f 118 131 117
f 117 132 119
f 131 132 117
f 119 133 120
f 132 133 119
f 120 134 121
f 133 134 120
f 121 135 122
f 134 135 121
f 122 136 123
f 135 136 122
f 123 136 125
f 127 137 126
f 126 54 49
f 126 137 54
f 137 138 54
f 138 139 54
f 54 139 55
f 52 140 128
f 52 55 140
f 55 139 140
f 128 140 130
f 143 141 142
f 142 144 145
f 141 144 142
f 58 145 144
f 58 57 145
f 57 146 145
f 147 57 59
f 147 148 57
f 148 146 57
f 148 147 149
f 152 150 151
f 141 62 61
f 143 62 141
f 143 150 62
f 143 151 150
f 144 141 61
f 63 144 61
f 144 63 58
f 153 147 59
f 65 153 59
f 149 153 154
f 147 153 149
f 157 155 156
f 150 68 67
f 152 68 150
f 152 155 68
f 152 156 155
f 150 67 62
f 71 72 158
f 158 160 159
f 71 158 159
f 71 159 153
f 71 153 65
f 153 159 154
f 163 161 162
f 155 75 74
f 157 75 155
f 157 161 75
f 157 162 161
f 76 68 155
f 76 155 164
f 74 77 155
f 77 164 155
f 78 76 164
f 165 78 164
f 79 78 165
f 166 79 165
f 72 79 166
f 72 166 158
f 158 166 167
f 160 167 168
f 158 167 160
f 171 169 170
f 170 161 163
f 170 169 161
f 169 172 161
f 80 75 161
f 80 161 173
f 173 161 172
f 77 80 173
f 77 173 164
f 164 173 174
f 175 174 176
f 175 165 174
f 165 164 174
f 165 177 166
f 175 177 165
f 166 178 167
f 177 178 166
f 167 178 168
f 171 179 169
f 169 180 172
f 179 180 169
f 172 181 173
f 180 181 172
f 173 182 174
f 181 182 173
f 174 182 176
f 185 183 184
f 184 186 187
f 183 186 184
f 187 188 189
f 186 188 187
f 189 190 191
f 188 190 189
f 191 190 192
f 185 193 183
f 183 194 186
f 193 194 183
f 196 186 194
f 196 195 186
f 195 188 186
f 188 195 190
f 190 195 197
f 192 198 199
f 192 190 198
f 190 197 198
f 199 198 200
f 196 201 195
f 195 202 197
f 201 202 195
f 197 203 198
f 202 203 197
f 198 203 200
f 82 204 83
f 82 84 204
f 87 205 206
f 86 205 87
f 83 204 207
f 83 207 86
f 86 207 205
f 204 84 88
f 204 88 207
f 207 88 208
f 208 88 209
f 88 90 209
f 209 90 210
f 90 92 210
f 211 92 93
f 211 212 92
f 212 210 92
f 212 211 213
f 96 214 215
f 95 214 96
f 214 95 87
f 206 214 87
f 211 93 99
f 213 211 99
f 213 99 216
f 216 99 101
f 217 101 102
f 217 218 101
f 218 216 101
f 218 219 220
f 217 219 218
f 220 219 221
f 224 222 223
f 223 222 103
f 223 103 215
f 215 103 96
f 217 102 108
f 219 217 108
f 110 219 108
f 221 219 110
f 221 110 225
f 225 110 112
f 226 112 113
f 226 227 112
f 227 225 112
f 227 226 228
f 230 222 224
f 229 222 230
f 222 229 114
f 103 222 114
f 116 232 231
f 115 116 231
f 115 231 233
f 118 115 233
f 226 113 124
f 124 125 234
f 226 124 234
f 226 234 235
f 226 235 228
f 235 236 237
f 234 236 235
f 237 238 239
f 236 238 237
f 239 238 240
f 230 241 229
f 229 241 242
f 229 242 114
f 114 242 127
f 130 244 243
f 129 130 243
f 243 116 129
f 232 116 243
f 233 131 118
f 245 131 233
f 247 246 132
f 247 132 245
f 245 132 131
f 133 132 246
f 248 133 246
f 134 133 248
f 249 134 248
f 135 134 249
f 250 135 249
f 136 135 250
f 251 136 250
f 125 136 251
f 125 251 234
f 234 251 252
f 234 252 236
f 236 252 253
f 236 253 238
f 238 253 254
f 240 255 256
f 240 238 255
f 238 254 255
f 256 257 258
f 255 257 256
f 258 259 260
f 257 259 258
f 260 259 261
f 242 137 127
f 262 137 242
f 264 263 138
f 264 138 262
f 262 138 137
f 139 138 263
f 265 139 263
f 265 267 266
f 265 266 139
f 139 266 140
f 266 130 140
f 244 130 266
f 247 268 246
f 270 246 268
f 270 269 246
f 269 248 246
f 248 269 249
f 249 269 271
f 249 271 250
f 250 271 272
f 250 272 251
f 251 272 273
f 251 273 252
f 252 273 274
f 252 274 253
f 253 274 275
f 253 275 254
f 254 275 276
f 254 276 255
f 255 276 277
f 255 277 257
f 257 277 278
f 257 278 259
f 259 278 279
f 261 280 281
f 261 259 280
f 259 279 280
f 281 282 283
f 280 282 281
f 283 282 284
f 264 285 263
f 263 286 265
f 285 286 263
f 265 286 267
f 270 287 269
f 269 288 271
f 287 288 269
f 290 271 288
f 290 289 271
f 289 272 271
f 272 289 273
f 273 289 291
f 273 291 274
f 274 291 292
f 274 292 275
f 275 292 293
f 275 293 276
f 276 293 294
f 276 294 277
f 277 294 295
f 277 295 278
f 278 295 296
f 278 296 279
f 279 296 297
f 279 297 280
f 280 297 298
f 280 298 282
f 282 298 299
f 284 300 301
f 284 282 300
f 282 299 300
f 301 300 302
f 290 303 289
f 305 289 303
f 305 304 289
f 304 291 289
f 291 304 292
f 292 304 306
f 292 306 293
f 293 306 307
f 293 307 294
f 294 307 308
f 294 308 295
f 295 308 309
f 295 309 296
f 296 309 310
f 296 310 297
f 297 310 311
f 297 311 298
f 298 311 312
f 313 312 314
f 313 299 312
f 299 298 312
f 299 315 300
f 313 315 299
f 300 315 302
f 305 316 304
f 318 304 316
f 318 317 304
f 317 306 304
f 306 317 307
f 307 317 319
f 307 319 308
f 308 319 320
f 321 320 322
f 321 309 320
f 309 308 320
f 309 323 310
f 321 323 309
f 310 324 311
f 323 324 310
f 311 325 312
f 324 325 311
f 312 325 314
f 318 326 317
f 317 327 319
f 326 327 317
f 319 328 320
f 327 328 319
f 320 328 322
f 331 329 330
f 330 332 333
f 329 332 330
f 333 334 335
f 332 334 333
f 335 334 336
f 338 329 331
f 337 329 338
f 329 337 332
f 332 337 339
f 332 339 334
f 334 339 340
f 336 341 342
f 336 334 341
f 334 340 341
f 342 341 343
f 346 344 345
f 345 337 338
f 345 344 337
f 344 347 337
f 337 347 339
f 339 347 348
f 339 348 340
f 340 348 349
f 340 349 341
f 341 349 350
f 343 350 351
f 341 350 343
f 353 344 346
f 352 344 353
f 344 352 347
f 347 352 354
f 347 354 348
f 348 354 355
f 348 355 349
f 349 355 356
f 349 356 350
f 350 356 357
f 351 358 359
f 351 350 358
f 350 357 358
f 359 358 360
f 363 361 362
f 362 352 353
f 362 361 352
f 361 364 352
f 352 364 354
f 354 364 365
f 354 365 355
f 355 365 366
f 355 366 356
f 356 366 367
f 356 367 357
f 357 367 368
f 357 368 358
f 358 368 369
f 360 369 370
f 358 369 360
f 373 371 372
f 372 374 375
f 371 374 372
f 375 376 377
f 374 376 375
f 377 378 379
f 376 378 377
f 379 380 381
f 378 380 379
f 381 380 382
f 385 383 384
f 384 361 363
f 384 383 361
f 383 386 361
f 361 386 364
f 364 386 387
f 364 387 365
f 365 387 388
f 365 388 366
f 366 388 389
f 366 389 367
f 367 389 390
f 367 390 368
f 368 390 391
f 368 391 369
f 369 391 392
f 370 392 393
f 369 392 370
f 396 394 395
f 143 395 394
f 143 142 395
f 142 397 395
f 371 373 397
f 371 397 145
f 145 397 142
f 374 371 145
f 146 374 145
f 376 374 146
f 148 376 146
f 148 149 398
f 148 398 376
f 376 398 378
f 378 398 380
f 380 398 399
f 382 400 401
f 382 380 400
f 380 399 400
f 401 402 403
f 400 402 401
f 403 404 405
f 402 404 403
f 405 406 407
f 404 406 405
f 407 408 409
f 406 408 407
f 409 410 411
f 408 410 409
f 411 410 412
f 415 413 414
f 414 383 385
f 414 413 383
f 413 416 383
f 383 416 386
f 386 416 417
f 386 417 387
f 387 417 418
f 387 418 388
f 388 418 419
f 388 419 389
f 389 419 420
f 389 420 390
f 390 420 421
f 390 421 391
f 391 421 422
f 391 422 392
f 392 422 423
f 393 423 424
f 392 423 393
f 427 425 426
f 394 152 151
f 396 152 394
f 396 425 152
f 396 426 425
f 394 151 143
f 428 398 149
f 154 428 149
f 398 428 399
f 399 428 429
f 399 429 400
f 400 429 430
f 400 430 402
f 402 430 431
f 402 431 404
f 404 431 432
f 404 432 406
f 406 432 433
f 406 433 408
f 408 433 434
f 408 434 410
f 410 434 435
f 412 436 437
f 412 410 436
f 410 435 436
f 437 438 439
f 436 438 437
f 439 440 441
f 438 440 439
f 441 440 442
f 444 413 415
f 443 413 444
f 413 443 416
f 416 443 445
f 416 445 417
f 417 445 446
f 417 446 418
f 418 446 447
f 418 447 419
f 419 447 448
f 419 448 420
f 420 448 449
f 420 449 421
f 421 449 450
f 421 450 422
f 422 450 451
f 452 451 453
f 452 423 451
f 423 422 451
f 423 452 424
f 456 454 455
f 425 157 156
f 427 157 425
f 427 454 157
f 427 455 454
f 425 156 152
f 159 160 457
f 457 459 458
f 159 457 458
f 159 458 428
f 159 428 154
f 428 460 429
f 458 460 428
f 429 461 430
f 460 461 429
f 430 462 431
f 461 462 430
f 431 463 432
f 462 463 431
f 432 464 433
f 463 464 432
f 433 465 434
f 464 465 433
f 434 466 435
f 465 466 434
f 435 467 436
f 466 467 435
f 436 468 438
f 467 468 436
f 438 469 440
f 468 469 438
f 440 469 442
f 471 443 444
f 470 443 471
f 443 470 445
f 445 470 472
f 445 472 446
f 446 472 473
f 446 473 447
f 447 473 474
f 447 474 448
f 448 474 475
f 448 475 449
f 449 475 476
f 449 476 450
f 450 476 477
f 450 477 451
f 451 477 478
f 453 478 479
f 451 478 453
f 482 480 481
f 454 163 162
f 456 163 454
f 456 480 163
f 456 481 480
f 454 162 157
f 483 457 160
f 168 483 160
f 459 483 484
f 457 483 459
f 486 470 471
f 485 470 486
f 470 485 472
f 472 485 487
f 472 487 473
f 473 487 488
f 473 488 474
f 474 488 489
f 474 489 475
f 475 489 490
f 491 490 492
f 491 476 490
f 476 475 490
f 476 493 477
f 491 493 476
f 477 494 478
f 493 494 477
f 478 494 479
f 480 171 170
f 480 482 171
f 482 495 171
f 480 170 163
f 175 176 496
f 177 175 496
f 497 177 496
f 178 177 497
f 498 178 497
f 498 500 499
f 178 498 499
f 178 499 483
f 178 483 168
f 483 499 484
f 486 501 485
f 485 502 487
f 501 502 485
f 487 503 488
f 502 503 487
f 488 504 489
f 503 504 488
f 489 505 490
f 504 505 489
f 490 505 492
f 508 506 507
f 507 506 509
f 507 509 171
f 507 171 495
f 171 509 179
f 180 179 509
f 510 180 509
f 181 180 510
f 511 181 510
f 182 181 511
f 512 182 511
f 176 182 512
f 176 512 496
f 496 512 513
f 514 513 515
f 514 497 513
f 497 496 513
f 497 516 498
f 514 516 497
f 498 516 500
f 508 517 506
f 506 518 509
f 517 518 506
f 509 519 510
f 518 519 509
f 510 520 511
f 519 520 510
f 511 521 512
f 520 521 511
f 512 522 513
f 521 522 512
f 513 522 515
f 525 523 524
f 524 526 527
f 523 526 524
f 527 528 529
f 526 528 527
f 185 529 528
f 185 184 529
f 184 530 529
f 530 184 531
f 184 187 531
f 531 187 532
f 187 189 532
f 532 189 533
f 189 191 533
f 191 534 533
f 192 534 191
f 536 523 525
f 535 523 536
f 523 535 526
f 526 535 537
f 526 537 528
f 528 537 538
f 193 185 528
f 193 528 539
f 539 528 538
f 194 193 539
f 540 194 539
f 194 540 196
f 534 192 199
f 541 534 199
f 199 542 541
f 200 542 199
f 536 543 535
f 535 544 537
f 543 544 535
f 546 537 544
f 546 545 537
f 545 538 537
f 538 545 539
f 539 545 547
f 539 547 540
f 540 547 548
f 201 196 540
f 201 540 549
f 549 540 548
f 549 551 550
f 549 550 201
f 201 550 202
f 550 552 202
f 202 552 203
f 552 200 203
f 542 200 552
f 546 553 545
f 545 554 547
f 553 554 545
f 547 555 548
f 554 555 547
f 548 556 549
f 555 556 548
f 549 556 551
f 205 557 206
f 557 558 559
f 557 205 558
f 205 207 558
f 558 207 560
f 207 208 560
f 562 209 561
f 562 560 209
f 560 208 209
f 561 563 564
f 561 209 563
f 209 210 563
f 563 210 565
f 210 212 565
f 566 212 213
f 566 567 212
f 567 565 212
f 567 566 568
f 215 569 570
f 214 569 215
f 206 557 571
f 206 571 214
f 214 571 569
f 557 559 571
f 562 561 572
f 561 564 572
f 566 213 216
f 568 566 216
f 568 216 573
f 573 216 218
f 573 218 574
f 218 220 574
f 575 220 221
f 575 576 220
f 576 574 220
f 576 575 577
f 224 578 579
f 223 578 224
f 578 223 215
f 570 578 215
f 575 221 225
f 577 575 225
f 577 225 580
f 580 225 227
f 581 227 228
f 581 582 227
f 582 580 227
f 582 581 583
f 579 584 224
f 584 230 224
f 232 586 585
f 231 232 585
f 231 585 587
f 233 231 587
f 581 228 235
f 583 581 235
f 583 235 588
f 588 235 237
f 588 237 589
f 237 239 589
f 590 239 240
f 590 591 239
f 591 589 239
f 591 590 592
f 584 241 230
f 593 241 584
f 241 593 594
f 242 241 594
f 244 596 595
f 243 244 595
f 595 232 243
f 586 232 595
f 587 245 233
f 597 245 587
f 245 597 598
f 247 245 598
f 590 240 256
f 592 590 256
f 592 256 599
f 599 256 258
f 599 258 600
f 258 260 600
f 260 601 600
f 261 601 260
f 594 262 242
f 602 262 594
f 262 602 603
f 264 262 603
f 606 605 604
f 267 604 605
f 267 605 266
f 266 605 607
f 607 244 266
f 596 244 607
f 598 268 247
f 608 268 598
f 609 270 268
f 609 268 610
f 610 268 608
f 610 611 609
f 601 261 281
f 612 601 281
f 612 281 613
f 281 283 613
f 283 614 613
f 284 614 283
f 603 285 264
f 615 285 603
f 604 615 606
f 604 286 615
f 286 285 615
f 604 267 286
f 609 287 270
f 611 287 609
f 611 616 287
f 616 288 287
f 288 616 617
f 290 288 617
f 614 284 301
f 618 614 301
f 301 619 618
f 302 619 301
f 617 303 290
f 620 303 617
f 303 620 621
f 305 303 621
f 313 314 622
f 315 313 622
f 623 315 622
f 625 619 302
f 625 302 623
f 625 623 624
f 315 623 302
f 625 624 626
f 621 316 305
f 627 316 621
f 316 627 628
f 318 316 628
f 321 322 629
f 323 321 629
f 630 323 629
f 324 323 630
f 631 324 630
f 325 324 631
f 632 325 631
f 314 325 632
f 314 632 622
f 622 632 633
f 622 633 623
f 623 633 634
f 623 634 624
f 624 634 635
f 626 635 636
f 624 635 626
f 628 326 318
f 637 326 628
f 637 638 326
f 326 638 327
f 640 639 328
f 640 328 638
f 638 328 327
f 322 328 639
f 322 639 629
f 629 639 641
f 629 641 630
f 630 641 642
f 630 642 631
f 631 642 643
f 631 643 632
f 632 643 644
f 632 644 633
f 633 644 645
f 646 645 647
f 646 634 645
f 634 633 645
f 634 648 635
f 646 648 634
f 635 648 636
f 640 649 639
f 651 639 649
f 651 650 639
f 650 641 639
f 641 650 642
f 642 650 652
f 642 652 643
f 643 652 653
f 643 653 644
f 644 653 654
f 655 654 656
f 655 645 654
f 645 644 654
f 645 655 647
f 651 657 650
f 650 658 652
f 657 658 650
f 652 659 653
f 658 659 652
f 653 660 654
f 659 660 653
f 654 660 656
f 663 661 662
f 662 664 665
f 661 664 662
f 665 666 667
f 664 666 665
f 667 666 668
f 671 669 670
f 670 661 663
f 670 669 661
f 669 672 661
f 661 672 664
f 664 672 673
f 664 673 666
f 666 673 674
f 668 675 676
f 668 666 675
f 666 674 675
f 676 675 677
f 680 678 679
f 679 669 671
f 679 678 669
f 678 681 669
f 669 681 672
f 672 681 682
f 672 682 673
f 673 682 683
f 673 683 674
f 674 683 684
f 674 684 675
f 675 684 685
f 677 686 687
f 677 675 686
f 675 685 686
f 687 686 688
f 691 689 690
f 690 678 680
f 690 689 678
f 689 692 678
f 678 692 681
f 681 692 693
f 681 693 682
f 682 693 694
f 682 694 683
f 683 694 695
f 683 695 684
f 684 695 696
f 684 696 685
f 685 696 697
f 685 697 686
f 686 697 698
f 688 698 699
f 686 698 688
f 701 689 691
f 700 689 701
f 689 700 692
f 692 700 702
f 692 702 693
f 693 702 703
f 693 703 694
f 694 703 704
f 694 704 695
f 695 704 705
f 695 705 696
f 696 705 706
f 696 706 697
f 697 706 707
f 697 707 698
f 698 707 708
f 699 708 709
f 698 708 699
f 712 710 711
f 711 700 701
f 711 710 700
f 710 713 700
f 700 713 702
f 702 713 714
f 331 330 703
f 331 703 714
f 714 703 702
f 704 703 330
f 333 704 330
f 705 704 333
f 335 705 333
f 335 336 715
f 335 715 705
f 705 715 706
f 706 715 707
f 707 715 716
f 707 716 708
f 708 716 717
f 709 717 718
f 708 717 709
f 720 710 712
f 719 710 720
f 710 719 713
f 713 719 721
f 713 721 714
f 714 721 722
f 714 722 338
f 331 714 338
f 715 336 342
f 342 343 723
f 342 723 715
f 715 723 716
f 716 723 717
f 717 723 724
f 718 724 725
f 717 724 718
f 727 719 720
f 726 719 727
f 719 726 721
f 721 726 728
f 346 345 722
f 346 722 728
f 728 722 721
f 722 345 338
f 729 723 343
f 351 729 343
f 723 729 724
f 724 729 730
f 725 730 731
f 724 730 725
f 734 732 733
f 733 726 727
f 733 732 726
f 732 735 726
f 726 735 728
f 728 735 736
f 728 736 353
f 346 728 353
f 729 351 359
f 359 360 737
f 359 737 729
f 729 737 730
f 731 737 738
f 730 737 731
f 741 739 740
f 740 739 742
f 744 732 734
f 743 732 744
f 732 743 735
f 735 743 745
f 363 362 736
f 363 736 745
f 745 736 735
f 736 362 353
f 746 737 360
f 370 746 360
f 738 746 747
f 737 746 738
f 750 748 749
f 749 751 752
f 748 751 749
f 373 752 751
f 373 372 752
f 372 753 752
f 753 372 754
f 372 375 754
f 754 375 755
f 375 377 755
f 755 377 756
f 377 379 756
f 756 379 757
f 379 381 757
f 741 758 739
f 741 381 758
f 741 757 381
f 382 758 381
f 742 759 760
f 742 739 759
f 739 758 759
f 760 761 762
f 759 761 760
f 762 763 764
f 761 763 762
f 764 765 766
f 763 765 764
f 766 765 767
f 770 768 769
f 769 743 744
f 769 768 743
f 768 771 743
f 385 384 745
f 385 745 771
f 771 745 743
f 745 384 363
f 772 746 370
f 393 772 370
f 747 772 773
f 746 772 747
f 748 396 395
f 748 750 396
f 750 774 396
f 751 748 395
f 397 751 395
f 751 397 373
f 758 382 401
f 759 758 401
f 403 759 401
f 761 759 403
f 405 761 403
f 763 761 405
f 407 763 405
f 765 763 407
f 409 765 407
f 767 765 409
f 767 409 775
f 775 409 411
f 776 411 412
f 776 777 411
f 777 775 411
f 777 778 779
f 776 778 777
f 779 780 781
f 778 780 779
f 781 782 783
f 780 782 781
f 783 782 784
f 787 785 786
f 786 768 770
f 786 785 768
f 785 788 768
f 415 414 771
f 415 771 788
f 788 771 768
f 771 414 385
f 789 772 393
f 424 789 393
f 773 789 790
f 772 789 773
f 427 791 792
f 426 791 427
f 791 426 396
f 774 791 396
f 776 412 437
f 778 776 437
f 439 778 437
f 780 778 439
f 441 780 439
f 441 442 793
f 441 793 780
f 780 793 782
f 784 794 795
f 784 782 794
f 782 793 794
f 795 796 797
f 794 796 795
f 797 798 799
f 796 798 797
f 799 785 787
f 799 798 785
f 798 800 785
f 785 800 788
f 788 800 801
f 788 801 444
f 415 788 444
f 452 453 802
f 424 452 802
f 424 802 789
f 789 802 803
f 790 803 804
f 789 803 790
f 456 805 806
f 455 805 456
f 805 455 427
f 792 805 427
f 458 459 807
f 807 809 808
f 807 808 458
f 458 808 460
f 811 810 461
f 811 461 808
f 808 461 460
f 462 461 810
f 812 462 810
f 463 462 812
f 813 463 812
f 464 463 813
f 814 464 813
f 465 464 814
f 815 465 814
f 466 465 815
f 816 466 815
f 467 466 816
f 817 467 816
f 468 467 817
f 818 468 817
f 469 468 818
f 819 469 818
f 442 469 819
f 442 819 793
f 793 819 820
f 793 820 794
f 794 820 821
f 794 821 796
f 796 821 822
f 796 822 798
f 798 822 823
f 798 823 800
f 800 823 824
f 800 824 801
f 801 824 825
f 801 825 471
f 444 801 471
f 826 802 453
f 479 826 453
f 802 826 803
f 803 826 827
f 804 827 828
f 803 827 804
f 481 829 482
f 829 481 456
f 829 456 830
f 830 456 806
f 831 807 459
f 831 459 832
f 832 459 484
f 807 831 809
f 811 833 810
f 810 834 812
f 833 834 810
f 812 835 813
f 834 835 812
f 813 836 814
f 835 836 813
f 814 837 815
f 836 837 814
f 839 815 837
f 839 838 815
f 838 816 815
f 816 838 817
f 817 838 840
f 817 840 818
f 818 840 841
f 818 841 819
f 819 841 842
f 819 842 820
f 820 842 843
f 820 843 821
f 821 843 844
f 821 844 822
f 822 844 845
f 822 845 823
f 823 845 846
f 823 846 824
f 824 846 847
f 824 847 825
f 825 847 848
f 825 848 486
f 471 825 486
f 491 492 849
f 493 491 849
f 850 493 849
f 494 493 850
f 851 494 850
f 479 494 851
f 479 851 826
f 826 851 852
f 853 852 854
f 853 827 852
f 827 826 852
f 827 853 828
f 855 482 829
f 855 856 482
f 856 495 482
f 829 830 855
f 500 858 857
f 499 500 857
f 857 484 499
f 832 484 857
f 839 859 838
f 838 860 840
f 859 860 838
f 840 861 841
f 860 861 840
f 841 862 842
f 861 862 841
f 842 863 843
f 862 863 842
f 843 864 844
f 863 864 843
f 844 865 845
f 864 865 844
f 845 866 846
f 865 866 845
f 846 867 847
f 866 867 846
f 869 847 867
f 869 868 847
f 868 848 847
f 501 486 848
f 501 848 870
f 870 848 868
f 502 501 870
f 871 502 870
f 503 502 871
f 872 503 871
f 504 503 872
f 873 504 872
f 505 504 873
f 874 505 873
f 492 505 874
f 492 874 849
f 849 874 875
f 849 875 850
f 850 875 876
f 877 876 878
f 877 851 876
f 851 850 876
f 851 879 852
f 877 879 851
f 852 879 854
f 507 880 508
f 880 507 495
f 880 495 881
f 881 495 856
f 884 883 882
f 883 886 885
f 882 883 885
f 886 888 887
f 885 886 887
f 515 887 888
f 515 888 514
f 514 888 889
f 889 890 514
f 514 890 516
f 890 500 516
f 858 500 890
f 869 891 868
f 868 892 870
f 891 892 868
f 870 893 871
f 892 893 870
f 871 894 872
f 893 894 871
f 872 895 873
f 894 895 872
f 873 896 874
f 895 896 873
f 874 897 875
f 896 897 874
f 875 898 876
f 897 898 875
f 876 898 878
f 880 517 508
f 881 517 880
f 881 899 517
f 899 518 517
f 899 900 518
f 518 900 519
f 882 900 884
f 882 520 900
f 520 519 900
f 885 520 882
f 521 520 885
f 887 521 885
f 522 521 887
f 887 515 522
f 903 901 902
f 902 904 905
f 901 904 902
f 905 906 907
f 904 906 905
f 907 908 909
f 906 908 907
f 525 909 908
f 525 524 909
f 524 910 909
f 910 524 911
f 524 527 911
f 911 527 912
f 527 529 912
f 912 529 913
f 529 530 913
f 913 530 914
f 530 531 914
f 914 531 915
f 531 532 915
f 917 533 916
f 917 915 533
f 915 532 533
f 533 534 916
f 903 918 901
f 920 901 918
f 920 919 901
f 919 904 901
f 904 919 906
f 906 919 921
f 906 921 908
f 908 921 922
f 908 922 536
f 525 908 536
f 917 916 923
f 925 541 924
f 923 541 925
f 923 534 541
f 923 916 534
f 541 542 924
f 920 926 919
f 928 919 926
f 928 927 919
f 927 921 919
f 921 927 922
f 922 927 929
f 543 536 922
f 543 922 930
f 930 922 929
f 544 543 930
f 931 544 930
f 544 931 546
f 551 933 932
f 550 551 932
f 924 932 925
f 924 552 932
f 552 550 932
f 924 542 552
f 928 934 927
f 936 927 934
f 936 935 927
f 935 929 927
f 929 935 930
f 930 935 937
f 930 937 931
f 931 937 938
f 553 546 931
f 553 931 939
f 939 931 938
f 939 941 940
f 939 940 553
f 553 940 554
f 940 942 554
f 554 942 555
f 942 943 555
f 555 943 556
f 943 551 556
f 933 551 943
f 936 944 935
f 935 945 937
f 944 945 935
f 937 946 938
f 945 946 937
f 938 947 939
f 946 947 938
f 939 947 941
f 558 948 559
f 560 948 558
f 949 948 560
f 560 562 949
f 563 950 564
f 565 950 563
f 951 950 565
f 567 951 565
f 952 951 567
f 952 567 568
f 955 953 954
f 954 953 956
f 569 957 570
f 957 958 959
f 957 569 958
f 569 571 958
f 559 948 960
f 559 960 571
f 571 960 958
f 948 949 961
f 960 948 961
f 949 562 572
f 949 572 961
f 961 572 962
f 564 962 572
f 564 963 962
f 564 950 963
f 963 964 962
f 950 951 963
f 951 965 963
f 966 967 965
f 966 965 952
f 952 965 951
f 953 955 966
f 953 966 573
f 952 568 966
f 568 573 966
f 956 953 573
f 956 573 968
f 968 573 574
f 968 574 969
f 574 576 969
f 576 970 969
f 577 970 576
f 578 971 579
f 971 972 973
f 578 972 971
f 578 957 972
f 578 570 957
f 957 959 972
f 975 964 963
f 974 975 963
f 963 965 974
f 965 976 974
f 967 977 976
f 965 967 976
f 970 577 580
f 978 970 580
f 978 580 979
f 580 582 979
f 980 582 583
f 980 981 582
f 981 979 582
f 981 980 982
f 985 983 984
f 984 983 986
f 987 579 971
f 584 579 987
f 973 988 987
f 971 973 987
f 991 990 989
f 974 585 586
f 975 974 586
f 975 586 989
f 975 989 990
f 585 992 587
f 585 974 992
f 974 976 992
f 977 993 992
f 976 977 992
f 980 583 588
f 982 980 588
f 982 588 994
f 994 588 589
f 994 589 995
f 589 591 995
f 591 996 995
f 592 996 591
f 998 983 985
f 997 983 998
f 986 999 1000
f 986 983 999
f 983 997 999
f 1000 999 1001
f 987 593 584
f 593 1002 594
f 987 1002 593
f 987 1003 1002
f 987 988 1003
f 1003 1004 1002
f 1007 1006 1005
f 989 595 596
f 991 989 596
f 991 596 1005
f 991 1005 1006
f 989 586 595
f 992 597 587
f 597 1008 598
f 992 1008 597
f 992 1009 1008
f 992 993 1009
f 1009 1010 1008
f 996 592 599
f 1011 996 599
f 1011 599 1012
f 599 600 1012
f 600 1013 1012
f 601 1013 600
f 1015 997 998
f 1014 997 1015
f 997 1014 999
f 999 1014 1016
f 1001 1017 1018
f 1001 999 1017
f 999 1016 1017
f 1018 1017 1019
f 1002 602 594
f 602 1020 603
f 1002 1020 602
f 1002 1021 1020
f 1002 1004 1021
f 606 1020 1021
f 606 1021 605
f 605 1021 1022
f 1005 1022 1007
f 1005 607 1022
f 607 605 1022
f 1005 596 607
f 1008 608 598
f 1010 608 1008
f 1010 1023 608
f 1023 610 608
f 610 1023 1024
f 611 610 1024
f 1013 601 612
f 1025 1013 612
f 1025 612 1026
f 612 613 1026
f 1015 1027 1014
f 1015 613 1027
f 1015 1026 613
f 614 1027 613
f 1014 1027 1016
f 1016 1027 1028
f 1016 1028 1017
f 1017 1028 1029
f 1019 1030 1031
f 1019 1017 1030
f 1017 1029 1030
f 1031 1030 1032
f 1020 615 603
f 1020 606 615
f 1024 616 611
f 1033 616 1024
f 616 1033 1034
f 617 616 1034
f 1027 614 618
f 618 619 1035
f 618 1035 1027
f 1027 1035 1028
f 1028 1035 1029
f 1029 1035 1036
f 1029 1036 1030
f 1030 1036 1037
f 1032 1037 1038
f 1030 1037 1032
f 1034 620 617
f 1039 620 1034
f 620 1039 1040
f 621 620 1040
f 1035 619 625
f 625 626 1041
f 625 1041 1035
f 1035 1041 1036
f 1036 1041 1037
f 1037 1041 1042
f 1038 1043 1044
f 1038 1037 1043
f 1037 1042 1043
f 1044 1043 1045
f 1040 627 621
f 1046 627 1040
f 1047 628 627
f 1047 627 1048
f 1048 627 1046
f 1048 1049 1047
f 1050 1041 626
f 636 1050 626
f 1041 1050 1042
f 1042 1050 1051
f 1042 1051 1043
f 1043 1051 1052
f 1045 1053 1054
f 1045 1043 1053
f 1043 1052 1053
f 1054 1053 1055
f 1047 637 628
f 1049 637 1047
f 1049 1056 637
f 1056 638 637
f 638 1056 1057
f 640 638 1057
f 646 647 1058
f 648 646 1058
f 1059 648 1058
f 636 648 1059
f 636 1059 1050
f 1050 1059 1060
f 1050 1060 1051
f 1051 1060 1061
f 1051 1061 1052
f 1052 1061 1062
f 1052 1062 1053
f 1053 1062 1063
f 1055 1064 1065
f 1055 1053 1064
f 1053 1063 1064
f 1065 1064 1066
f 1057 649 640
f 1067 649 1057
f 1068 651 649
f 1068 649 1069
f 1069 649 1067
f 1069 1070 1068
f 655 656 1071
f 647 655 1071
f 647 1071 1058
f 1058 1071 1072
f 1058 1072 1059
f 1059 1072 1073
f 1059 1073 1060
f 1060 1073 1074
f 1060 1074 1061
f 1061 1074 1075
f 1061 1075 1062
f 1062 1075 1076
f 1062 1076 1063
f 1063 1076 1077
f 1063 1077 1064
f 1064 1077 1078
f 1066 1079 1080
f 1066 1064 1079
f 1064 1078 1079
f 1080 1079 1081
f 1068 657 651
f 1070 657 1068
f 1070 1082 657
f 1082 658 657
f 1084 1083 659
f 1084 659 1082
f 1082 659 658
f 660 659 1083
f 1085 660 1083
f 656 660 1085
f 656 1085 1071
f 1071 1085 1086
f 1071 1086 1072
f 1072 1086 1087
f 1072 1087 1073
f 1073 1087 1088
f 1073 1088 1074
f 1074 1088 1089
f 1074 1089 1075
f 1075 1089 1090
f 1075 1090 1076
f 1076 1090 1091
f 1076 1091 1077
f 1077 1091 1092
f 1077 1092 1078
f 1078 1092 1093
f 1078 1093 1079
f 1079 1093 1094
f 1081 1094 1095
f 1079 1094 1081
f 1084 1096 1083
f 1083 1097 1085
f 1096 1097 1083
f 1085 1098 1086
f 1097 1098 1085
f 1086 1099 1087
f 1098 1099 1086
f 1101 1087 1099
f 1101 1100 1087
f 1100 1088 1087
f 1088 1100 1089
f 1089 1100 1102
f 1089 1102 1090
f 1090 1102 1103
f 1090 1103 1091
f 1091 1103 1104
f 1091 1104 1092
f 1092 1104 1105
f 1092 1105 1093
f 1093 1105 1106
f 1093 1106 1094
f 1094 1106 1107
f 1095 1107 1108
f 1094 1107 1095
f 1110 1100 1101
f 1109 1100 1110
f 1100 1109 1102
f 1102 1109 1111
f 1102 1111 1103
f 1103 1111 1112
f 1103 1112 1104
f 1104 1112 1113
f 1104 1113 1105
f 1105 1113 1114
f 1105 1114 1106
f 1106 1114 1115
f 1106 1115 1107
f 1107 1115 1116
f 1108 1116 1117
f 1107 1116 1108
f 1119 1109 1110
f 1118 1109 1119
f 1109 1118 1111
f 1111 1118 1120
f 1111 1120 1112
f 1112 1120 1121
f 1112 1121 1113
f 1113 1121 1122
f 1113 1122 1114
f 1114 1122 1123
f 1114 1123 1115
f 1115 1123 1124
f 1115 1124 1116
f 1116 1124 1125
f 1117 1126 1127
f 1117 1116 1126
f 1116 1125 1126
f 1127 1126 1128
f 1131 1129 1130
f 1130 1118 1119
f 1130 1129 1118
f 1129 1132 1118
f 1118 1132 1120
f 1120 1132 1133
f 663 662 1121
f 663 1121 1133
f 1133 1121 1120
f 1122 1121 662
f 665 1122 662
f 1123 1122 665
f 667 1123 665
f 667 668 1134
f 667 1134 1123
f 1123 1134 1124
f 1124 1134 1125
f 1125 1134 1135
f 1125 1135 1126
f 1126 1135 1136
f 1128 1136 1137
f 1126 1136 1128
f 1139 1129 1131
f 1138 1129 1139
f 1129 1138 1132
f 1132 1138 1140
f 671 670 1133
f 671 1133 1140
f 1140 1133 1132
f 1133 670 663
f 1134 668 676
f 676 677 1141
f 676 1141 1134
f 1134 1141 1135
f 1135 1141 1136
f 1136 1141 1142
f 1137 1143 1144
f 1137 1136 1143
f 1136 1142 1143
f 1144 1143 1145
f 1148 1146 1147
f 1147 1138 1139
f 1147 1146 1138
f 1146 1149 1138
f 680 679 1140
f 680 1140 1149
f 1149 1140 1138
f 1140 679 671
f 1141 677 687
f 687 688 1150
f 687 1150 1141
f 1141 1150 1142
f 1142 1150 1143
f 1143 1150 1151
f 1145 1151 1152
f 1143 1151 1145
f 1154 1146 1148
f 1153 1146 1154
f 691 690 1149
f 691 1149 1153
f 1153 1149 1146
f 1149 690 680
f 1155 1150 688
f 699 1155 688
f 1150 1155 1151
f 1151 1155 1156
f 1152 1156 1157
f 1151 1156 1152
f 1160 1158 1159
f 1159 1153 1154
f 1159 1158 1153
f 1158 1161 1153
f 1153 1161 701
f 691 1153 701
f 1162 1155 699
f 709 1162 699
f 1155 1162 1156
f 1156 1162 1163
f 1157 1163 1164
f 1156 1163 1157
f 1166 1158 1160
f 1165 1158 1166
f 712 711 1161
f 712 1161 1165
f 1165 1161 1158
f 1161 711 701
f 1167 1162 709
f 718 1167 709
f 1162 1167 1163
f 1163 1167 1168
f 1164 1168 1169
f 1163 1168 1164
f 1171 1165 1166
f 1170 1165 1171
f 1165 1170 720
f 712 1165 720
f 1172 1167 718
f 725 1172 718
f 1167 1172 1168
f 1168 1172 1173
f 1169 1173 1174
f 1168 1173 1169
f 1177 1175 1176
f 1176 1170 1171
f 1176 1175 1170
f 1175 1178 1170
f 1170 1178 727
f 720 1170 727
f 1179 1172 725
f 731 1179 725
f 1172 1179 1173
f 1173 1179 1180
f 1174 1180 1181
f 1173 1180 1174
f 1183 1175 1177
f 1182 1175 1183
f 734 733 1178
f 734 1178 1182
f 1182 1178 1175
f 1178 733 727
f 1184 1179 731
f 738 1184 731
f 1179 1184 1180
f 1180 1184 1185
f 1181 1185 1186
f 1180 1185 1181
f 741 1187 1188
f 740 1187 741
f 1189 740 742
f 1189 1190 740
f 1190 1187 740
f 1190 1189 1191
f 1193 1182 1183
f 1192 1182 1193
f 1182 1192 744
f 734 1182 744
f 1194 1184 738
f 747 1194 738
f 1184 1194 1185
f 1185 1194 1195
f 1186 1195 1196
f 1185 1195 1186
f 749 1197 750
f 752 1197 749
f 1198 1197 752
f 753 1198 752
f 1199 1198 753
f 1199 1200 1201
f 1199 753 1200
f 753 754 1200
f 1200 754 1202
f 754 755 1202
f 1202 755 1203
f 755 756 1203
f 1203 756 1204
f 756 757 1204
f 1204 757 741
f 1188 1204 741
f 1189 742 760
f 1191 1189 760
f 1191 760 1205
f 1205 760 762
f 1205 762 1206
f 762 764 1206
f 1206 764 1207
f 764 766 1207
f 1208 766 767
f 1208 1209 766
f 1209 1207 766
f 1209 1210 1211
f 1208 1210 1209
f 1211 1212 1213
f 1210 1212 1211
f 1213 1212 1214
f 1192 770 769
f 1192 1193 770
f 1193 1215 770
f 1192 769 744
f 1216 1194 747
f 773 1216 747
f 1194 1216 1195
f 1195 1216 1217
f 1196 1217 1218
f 1195 1217 1196
f 1219 750 1197
f 1219 1220 750
f 1220 774 750
f 1197 1198 1221
f 1219 1197 1221
f 1198 1199 1222
f 1221 1198 1222
f 1199 1201 1222
f 1208 767 775
f 1210 1208 775
f 777 1210 775
f 1212 1210 777
f 779 1212 777
f 1214 1212 779
f 1214 779 1223
f 1223 779 781
f 1223 781 1224
f 781 783 1224
f 1225 783 784
f 1225 1226 783
f 1226 1224 783
f 1226 1227 1228
f 1225 1227 1226
f 1228 1229 1230
f 1227 1229 1228
f 787 1230 1229
f 787 786 1230
f 786 1231 1230
f 1231 786 770
f 1215 1231 770
f 1232 1216 773
f 790 1232 773
f 1216 1232 1217
f 1217 1232 1233
f 1218 1233 1234
f 1217 1233 1218
f 791 1235 792
f 1235 791 774
f 1235 774 1236
f 1236 774 1220
f 1225 784 795
f 1227 1225 795
f 797 1227 795
f 1229 1227 797
f 799 1229 797
f 1229 799 787
f 1237 1232 790
f 804 1237 790
f 1238 1237 1239
f 1238 1233 1237
f 1233 1232 1237
f 1233 1238 1234
f 805 1240 806
f 1240 1241 1242
f 805 1241 1240
f 805 1235 1241
f 805 792 1235
f 1235 1236 1241
f 1245 1244 1243
f 809 1243 1244
f 809 1244 808
f 808 1244 1246
f 1247 811 808
f 1247 808 1248
f 1248 808 1246
f 1248 1249 1247
f 1250 1237 804
f 828 1250 804
f 1239 1250 1251
f 1237 1250 1239
f 1252 806 1240
f 830 806 1252
f 1242 1253 1252
f 1240 1242 1252
f 1256 1255 1254
f 1243 831 832
f 1245 1243 832
f 1245 832 1254
f 1245 1254 1255
f 1243 809 831
f 1247 833 811
f 1249 833 1247
f 1249 1257 833
f 1257 834 833
f 1257 1258 834
f 834 1258 835
f 1258 1259 835
f 835 1259 836
f 1261 1260 837
f 1261 837 1259
f 1259 837 836
f 837 1260 839
f 853 854 1262
f 1262 1264 1263
f 853 1262 1263
f 853 1263 1250
f 853 1250 828
f 1250 1263 1251
f 855 1265 856
f 1265 1266 1267
f 855 1266 1265
f 855 1252 1266
f 855 830 1252
f 1252 1253 1266
f 1270 1269 1268
f 1269 1272 1271
f 1268 1269 1271
f 1254 857 858
f 1256 1254 858
f 1256 858 1271
f 1256 1271 1272
f 1254 832 857
f 1261 1273 1260
f 1260 859 839
f 1260 1273 859
f 1273 1274 859
f 1274 1275 859
f 859 1275 860
f 1275 1276 860
f 860 1276 861
f 1276 1277 861
f 861 1277 862
f 1279 1278 863
f 1279 863 1277
f 1277 863 862
f 864 863 1278
f 1280 864 1278
f 865 864 1280
f 1281 865 1280
f 866 865 1281
f 1282 866 1281
f 867 866 1282
f 1283 867 1282
f 867 1283 869
f 877 878 1284
f 879 877 1284
f 1285 879 1284
f 1285 1287 1286
f 879 1285 1286
f 879 1286 1262
f 879 1262 854
f 1262 1286 1264
f 1288 856 1265
f 881 856 1288
f 1267 1290 1289
f 1267 1289 1265
f 1265 1289 1288
f 884 1289 1290
f 884 1290 883
f 883 1290 1291
f 1291 1292 883
f 883 1292 886
f 1292 1293 886
f 886 1293 888
f 1268 1293 1270
f 1268 889 1293
f 889 888 1293
f 1271 889 1268
f 890 889 1271
f 1271 858 890
f 1279 1294 1278
f 1278 1295 1280
f 1294 1295 1278
f 1280 1296 1281
f 1295 1296 1280
f 1281 1297 1282
f 1296 1297 1281
f 1282 1298 1283
f 1297 1298 1282
f 1283 891 869
f 1283 1298 891
f 1298 1299 891
f 1301 1300 892
f 1301 892 1299
f 1299 892 891
f 893 892 1300
f 1302 893 1300
f 894 893 1302
f 1303 894 1302
f 895 894 1303
f 1304 895 1303
f 896 895 1304
f 1305 896 1304
f 897 896 1305
f 1306 897 1305
f 898 897 1306
f 1307 898 1306
f 1307 1309 1308
f 898 1307 1308
f 898 1308 1284
f 898 1284 878
f 1284 1310 1285
f 1308 1310 1284
f 1285 1310 1287
f 1288 899 881
f 1289 899 1288
f 900 899 1289
f 1289 884 900
f 1301 1311 1300
f 1300 1312 1302
f 1311 1312 1300
f 1302 1313 1303
f 1312 1313 1302
f 1303 1314 1304
f 1313 1314 1303
f 1316 1304 1314
f 1316 1315 1304
f 1315 1305 1304
f 1317 1315 1318
f 1317 1306 1315
f 1306 1305 1315
f 1306 1319 1307
f 1317 1319 1306
f 1307 1319 1309
f 1316 1320 1315
f 1315 1320 1318
f 1323 1321 1322
f 1322 1324 1325
f 1321 1324 1322
f 1325 1326 1327
f 1324 1326 1325
f 1327 1328 1329
f 1326 1328 1327
f 1329 1330 1331
f 1328 1330 1329
f 1331 1332 1333
f 1330 1332 1331
f 1333 1334 1335
f 1332 1334 1333
f 1335 1336 1337
f 1334 1336 1335
f 1337 1336 1338
f 1341 1339 1340
f 1340 1342 1343
f 1339 1342 1340
f 1321 903 902
f 1323 903 1321
f 1323 1342 903
f 1323 1343 1342
f 1324 1321 902
f 905 1324 902
f 1326 1324 905
f 907 1326 905
f 1328 1326 907
f 909 1328 907
f 1330 1328 909
f 910 1330 909
f 1332 1330 910
f 911 1332 910
f 1334 1332 911
f 912 1334 911
f 1336 1334 912
f 913 1336 912
f 1338 1336 913
f 1338 913 1344
f 1344 913 914
f 1346 915 1345
f 1346 1344 915
f 1344 914 915
f 915 917 1345
f 1348 1339 1341
f 1347 1339 1348
f 1339 1347 1342
f 1342 1347 1349
f 918 903 1342
f 918 1342 1350
f 1350 1342 1349
f 918 1350 920
f 1346 1345 1351
f 1353 923 1352
f 1351 923 1353
f 1351 917 923
f 1351 1345 917
f 923 925 1352
f 1355 1347 1348
f 1354 1347 1355
f 1347 1354 1349
f 1349 1354 1356
f 1349 1356 1350
f 1350 1356 1357
f 926 920 1350
f 926 1350 1358
f 1358 1350 1357
f 926 1358 928
f 1361 1360 1359
f 1352 932 933
f 1353 1352 933
f 1353 933 1359
f 1353 1359 1360
f 1352 925 932
f 1364 1362 1363
f 1363 1354 1355
f 1363 1362 1354
f 1362 1365 1354
f 1354 1365 1356
f 1356 1365 1366
f 1356 1366 1357
f 1357 1366 1367
f 1357 1367 1358
f 1358 1367 1368
f 934 928 1358
f 934 1358 1369
f 1369 1358 1368
f 934 1369 936
f 941 1371 1370
f 940 941 1370
f 1370 1372 940
f 940 1372 942
f 1359 1372 1361
f 1359 943 1372
f 943 942 1372
f 1359 933 943
f 1374 1362 1364
f 1373 1362 1374
f 1362 1373 1365
f 1365 1373 1375
f 1365 1375 1366
f 1366 1375 1376
f 1366 1376 1367
f 1367 1376 1377
f 1367 1377 1368
f 1368 1377 1378
f 1368 1378 1369
f 1369 1378 1379
f 944 936 1369
f 944 1369 1380
f 1380 1369 1379
f 945 944 1380
f 1381 945 1380
f 1381 1383 1382
f 1381 1382 945
f 945 1382 946
f 1382 1384 946
f 946 1384 947
f 1384 941 947
f 1371 941 1384
f 1386 1373 1374
f 1385 1373 1386
f 1373 1385 1375
f 1375 1385 1387
f 1375 1387 1376
f 1376 1387 1388
f 1376 1388 1377
f 1377 1388 1389
f 1390 1389 1391
f 1390 1378 1389
f 1378 1377 1389
f 1378 1392 1379
f 1390 1392 1378
f 1379 1393 1380
f 1392 1393 1379
f 1380 1394 1381
f 1393 1394 1380
f 1381 1394 1383
f 1386 1395 1385
f 1385 1396 1387
f 1395 1396 1385
f 1387 1397 1388
f 1396 1397 1387
f 1388 1398 1389
f 1397 1398 1388
f 1389 1398 1391
f 954 1399 955
f 954 956 1399
f 958 1400 959
f 960 1400 958
f 1401 1400 960
f 961 1401 960
f 1402 1401 961
f 962 1402 961
f 1403 1402 962
f 962 964 1403
f 966 1404 967
f 955 1404 966
f 955 1399 1404
f 1399 1405 1404
f 968 1399 956
f 968 1406 1399
f 1406 1405 1399
f 1406 1407 1408
f 1406 968 1407
f 968 969 1407
f 1409 969 970
f 1409 1410 969
f 1410 1407 969
f 1410 1409 1411
f 1414 1412 1413
f 1413 1415 1416
f 1412 1415 1413
f 1416 1415 1417
f 972 1418 973
f 959 1418 972
f 959 1400 1418
f 1400 1419 1418
f 1420 1421 1419
f 1420 1419 1401
f 1401 1419 1400
f 1401 1402 1422
f 1420 1401 1422
f 1424 1422 1402
f 1424 1402 1423
f 1423 1402 1403
f 1403 975 1423
f 964 975 1403
f 1425 967 1404
f 977 967 1425
f 1404 1405 1425
f 1405 1426 1425
f 1427 1428 1426
f 1427 1426 1406
f 1406 1426 1405
f 1406 1408 1427
f 1409 970 978
f 1411 1409 978
f 1411 978 1429
f 1429 978 979
f 1429 979 1430
f 979 981 1430
f 981 1431 1430
f 982 1431 981
f 1433 1412 1414
f 1432 1412 1433
f 985 984 1415
f 985 1415 1432
f 1432 1415 1412
f 984 986 1434
f 1415 984 1434
f 1415 1434 1435
f 1415 1435 1417
f 1435 1436 1437
f 1434 1436 1435
f 1437 1436 1438
f 1439 973 1418
f 988 973 1439
f 1418 1419 1439
f 1419 1440 1439
f 1421 1442 1441
f 1421 1441 1419
f 1419 1441 1440
f 1442 1444 1443
f 1441 1442 1443
f 1423 990 991
f 1424 1423 991
f 1424 991 1443
f 1424 1443 1444
f 1423 975 990
f 1445 977 1425
f 993 977 1445
f 1446 1447 1445
f 1446 1445 1426
f 1426 1445 1425
f 1426 1428 1446
f 1431 982 994
f 1448 1431 994
f 1448 994 1449
f 994 995 1449
f 995 1450 1449
f 996 1450 995
f 1452 1432 1433
f 1451 1432 1452
f 1432 1451 998
f 985 1432 998
f 1434 986 1000
f 1000 1001 1453
f 1000 1453 1434
f 1434 1453 1436
f 1438 1454 1455
f 1438 1436 1454
f 1436 1453 1454
f 1455 1454 1456
f 1439 1003 988
f 1003 1457 1004
f 1003 1439 1457
f 1439 1440 1457
f 1440 1441 1457
f 1441 1458 1457
f 1007 1443 1006
f 1007 1458 1443
f 1458 1441 1443
f 1443 991 1006
f 1445 1009 993
f 1009 1445 1447
f 1009 1447 1010
f 1010 1447 1459
f 1450 996 1011
f 1460 1450 1011
f 1460 1011 1461
f 1011 1012 1461
f 1462 1012 1013
f 1462 1463 1012
f 1463 1461 1012
f 1463 1451 1452
f 1463 1462 1451
f 1462 1464 1451
f 1451 1464 1015
f 998 1451 1015
f 1453 1001 1018
f 1018 1019 1465
f 1018 1465 1453
f 1453 1465 1454
f 1456 1466 1467
f 1456 1454 1466
f 1454 1465 1466
f 1467 1466 1468
f 1457 1021 1004
f 1458 1021 1457
f 1022 1021 1458
f 1458 1007 1022
f 1459 1023 1010
f 1469 1023 1459
f 1023 1469 1470
f 1024 1023 1470
f 1462 1013 1025
f 1464 1462 1025
f 1026 1464 1025
f 1464 1026 1015
f 1465 1019 1031
f 1031 1032 1471
f 1031 1471 1465
f 1465 1471 1466
f 1468 1472 1473
f 1468 1466 1472
f 1466 1471 1472
f 1473 1472 1474
f 1470 1033 1024
f 1475 1033 1470
f 1033 1475 1476
f 1034 1033 1476
f 1477 1471 1032
f 1038 1477 1032
f 1471 1477 1472
f 1472 1477 1478
f 1474 1479 1480
f 1474 1472 1479
f 1472 1478 1479
f 1480 1479 1481
f 1476 1039 1034
f 1482 1039 1476
f 1039 1482 1483
f 1040 1039 1483
f 1477 1038 1044
f 1044 1045 1484
f 1044 1484 1477
f 1477 1484 1478
f 1478 1484 1479
f 1479 1484 1485
f 1481 1486 1487
f 1481 1479 1486
f 1479 1485 1486
f 1487 1486 1488
f 1483 1046 1040
f 1489 1046 1483
f 1489 1490 1046
f 1046 1490 1048
f 1048 1490 1491
f 1049 1048 1491
f 1484 1045 1054
f 1054 1055 1492
f 1054 1492 1484
f 1484 1492 1485
f 1485 1492 1486
f 1486 1492 1493
f 1488 1494 1495
f 1488 1486 1494
f 1486 1493 1494
f 1495 1494 1496
f 1491 1056 1049
f 1497 1056 1491
f 1056 1497 1498
f 1057 1056 1498
f 1492 1055 1065
f 1065 1066 1499
f 1065 1499 1492
f 1492 1499 1493
f 1493 1499 1494
f 1494 1499 1500
f 1496 1500 1501
f 1494 1500 1496
f 1498 1067 1057
f 1502 1067 1498
f 1502 1503 1067
f 1067 1503 1069
f 1069 1503 1504
f 1070 1069 1504
f 1499 1066 1080
f 1080 1081 1505
f 1080 1505 1499
f 1499 1505 1500
f 1501 1505 1506
f 1500 1505 1501
f 1504 1082 1070
f 1507 1082 1504
f 1508 1084 1082
f 1508 1082 1509
f 1509 1082 1507
f 1509 1510 1508
f 1511 1505 1081
f 1095 1511 1081
f 1506 1512 1513
f 1506 1505 1512
f 1505 1511 1512
f 1513 1512 1514
f 1508 1096 1084
f 1510 1096 1508
f 1510 1515 1096
f 1515 1097 1096
f 1515 1516 1097
f 1097 1516 1098
f 1518 1517 1099
f 1518 1099 1516
f 1516 1099 1098
f 1099 1517 1101
f 1519 1511 1095
f 1108 1519 1095
f 1511 1519 1512
f 1512 1519 1520
f 1514 1520 1521
f 1512 1520 1514
f 1523 1517 1518
f 1522 1517 1523
f 1517 1522 1110
f 1101 1517 1110
f 1524 1519 1108
f 1117 1524 1108
f 1519 1524 1520
f 1520 1524 1525
f 1521 1525 1526
f 1520 1525 1521
f 1529 1527 1528
f 1528 1522 1523
f 1528 1527 1522
f 1527 1530 1522
f 1522 1530 1119
f 1110 1522 1119
f 1524 1117 1127
f 1127 1128 1531
f 1127 1531 1524
f 1524 1531 1525
f 1526 1531 1532
f 1525 1531 1526
f 1534 1527 1529
f 1533 1527 1534
f 1131 1130 1530
f 1131 1530 1533
f 1533 1530 1527
f 1530 1130 1119
f 1535 1531 1128
f 1137 1535 1128
f 1532 1536 1537
f 1532 1531 1536
f 1531 1535 1536
f 1537 1536 1538
f 1541 1539 1540
f 1540 1533 1534
f 1540 1539 1533
f 1539 1542 1533
f 1533 1542 1139
f 1131 1533 1139
f 1535 1137 1144
f 1144 1145 1543
f 1144 1543 1535
f 1535 1543 1536
f 1538 1543 1544
f 1536 1543 1538
f 1546 1539 1541
f 1545 1539 1546
f 1148 1147 1542
f 1148 1542 1545
f 1545 1542 1539
f 1542 1147 1139
f 1547 1543 1145
f 1152 1547 1145
f 1544 1547 1548
f 1543 1547 1544
f 1550 1545 1546
f 1549 1545 1550
f 1545 1549 1154
f 1148 1545 1154
f 1551 1547 1152
f 1157 1551 1152
f 1548 1551 1552
f 1547 1551 1548
f 1555 1553 1554
f 1549 1160 1159
f 1550 1160 1549
f 1550 1553 1160
f 1550 1554 1553
f 1549 1159 1154
f 1556 1551 1157
f 1164 1556 1157
f 1552 1556 1557
f 1551 1556 1552
f 1559 1553 1555
f 1558 1553 1559
f 1553 1558 1166
f 1160 1553 1166
f 1560 1556 1164
f 1169 1560 1164
f 1557 1560 1561
f 1556 1560 1557
f 1563 1558 1559
f 1562 1558 1563
f 1558 1562 1171
f 1166 1558 1171
f 1564 1560 1169
f 1174 1564 1169
f 1561 1564 1565
f 1560 1564 1561
f 1568 1566 1567
f 1562 1177 1176
f 1563 1177 1562
f 1563 1566 1177
f 1563 1567 1566
f 1562 1176 1171
f 1569 1564 1174
f 1181 1569 1174
f 1565 1569 1570
f 1564 1569 1565
f 1572 1566 1568
f 1571 1566 1572
f 1566 1571 1183
f 1177 1566 1183
f 1573 1569 1181
f 1186 1573 1181
f 1570 1573 1574
f 1569 1573 1570
f 1187 1575 1188
f 1190 1575 1187
f 1576 1575 1190
f 1190 1191 1576
f 1578 1571 1572
f 1577 1571 1578
f 1571 1577 1193
f 1183 1571 1193
f 1579 1573 1186
f 1196 1579 1186
f 1574 1579 1580
f 1573 1579 1574
f 1200 1581 1201
f 1202 1581 1200
f 1582 1581 1202
f 1203 1582 1202
f 1583 1582 1203
f 1204 1583 1203
f 1584 1583 1204
f 1188 1584 1204
f 1188 1575 1584
f 1575 1585 1584
f 1575 1576 1585
f 1576 1586 1585
f 1205 1576 1191
f 1205 1587 1576
f 1587 1586 1576
f 1206 1587 1205
f 1588 1587 1206
f 1207 1588 1206
f 1589 1588 1207
f 1209 1589 1207
f 1590 1589 1209
f 1590 1591 1592
f 1590 1209 1591
f 1209 1211 1591
f 1591 1211 1593
f 1211 1213 1593
f 1594 1213 1214
f 1594 1595 1213
f 1595 1593 1213
f 1595 1594 1596
f 1598 1577 1578
f 1597 1577 1598
f 1577 1597 1215
f 1193 1577 1215
f 1599 1579 1196
f 1218 1599 1196
f 1580 1599 1600
f 1579 1599 1580
f 1219 1601 1220
f 1221 1601 1219
f 1602 1601 1221
f 1222 1602 1221
f 1603 1602 1222
f 1201 1603 1222
f 1201 1581 1603
f 1581 1604 1603
f 1605 1606 1604
f 1605 1604 1582
f 1582 1604 1581
f 1582 1583 1607
f 1605 1582 1607
f 1609 1607 1583
f 1609 1583 1608
f 1608 1583 1584
f 1584 1585 1608
f 1585 1610 1608
f 1585 1586 1610
f 1586 1611 1610
f 1612 1613 1611
f 1612 1611 1587
f 1587 1611 1586
f 1587 1588 1614
f 1612 1587 1614
f 1588 1589 1615
f 1614 1588 1615
f 1589 1590 1616
f 1615 1589 1616
f 1590 1592 1616
f 1594 1214 1223
f 1596 1594 1223
f 1596 1223 1617
f 1617 1223 1224
f 1617 1224 1618
f 1224 1226 1618
f 1618 1226 1619
f 1226 1228 1619
f 1619 1228 1620
f 1228 1230 1620
f 1597 1598 1620
f 1597 1620 1231
f 1231 1620 1230
f 1597 1231 1215
f 1621 1599 1218
f 1234 1621 1218
f 1600 1621 1622
f 1599 1621 1600
f 1623 1220 1601
f 1236 1220 1623
f 1624 1625 1623
f 1624 1623 1602
f 1602 1623 1601
f 1602 1603 1626
f 1624 1602 1626
f 1603 1604 1627
f 1626 1603 1627
f 1604 1606 1627
f 1630 1629 1628
f 1629 1609 1608
f 1629 1608 1628
f 1628 1608 1631
f 1608 1610 1631
f 1610 1632 1631
f 1610 1611 1632
f 1611 1633 1632
f 1613 1634 1633
f 1611 1613 1633
f 1238 1239 1635
f 1234 1238 1635
f 1234 1635 1621
f 1621 1635 1636
f 1622 1636 1637
f 1621 1636 1622
f 1241 1638 1242
f 1638 1639 1640
f 1241 1639 1638
f 1241 1623 1639
f 1241 1236 1623
f 1623 1625 1639
f 1643 1642 1641
f 1628 1244 1245
f 1630 1628 1245
f 1630 1245 1641
f 1630 1641 1642
f 1631 1244 1628
f 1246 1244 1631
f 1632 1246 1631
f 1248 1246 1632
f 1248 1644 1249
f 1248 1632 1644
f 1632 1633 1644
f 1634 1646 1645
f 1634 1645 1633
f 1633 1645 1644
f 1646 1647 1645
f 1648 1635 1239
f 1251 1648 1239
f 1649 1648 1650
f 1649 1636 1648
f 1636 1635 1648
f 1636 1649 1637
f 1651 1242 1638
f 1253 1242 1651
f 1640 1652 1651
f 1638 1640 1651
f 1655 1654 1653
f 1641 1255 1256
f 1643 1641 1256
f 1643 1256 1653
f 1643 1653 1654
f 1641 1245 1255
f 1644 1257 1249
f 1645 1257 1644
f 1258 1257 1645
f 1647 1258 1645
f 1647 1656 1258
f 1656 1259 1258
f 1657 1261 1259
f 1657 1259 1658
f 1658 1259 1656
f 1658 1660 1659
f 1657 1658 1659
f 1660 1661 1659
f 1263 1264 1662
f 1251 1263 1662
f 1251 1662 1648
f 1648 1662 1663
f 1650 1663 1664
f 1648 1663 1650
f 1266 1665 1267
f 1253 1665 1266
f 1253 1651 1665
f 1651 1666 1665
f 1652 1668 1667
f 1652 1667 1651
f 1651 1667 1666
f 1668 1670 1669
f 1667 1668 1669
f 1270 1669 1670
f 1270 1670 1269
f 1269 1670 1671
f 1653 1671 1655
f 1653 1272 1671
f 1272 1269 1671
f 1653 1256 1272
f 1657 1273 1261
f 1659 1273 1657
f 1274 1273 1659
f 1661 1274 1659
f 1661 1672 1274
f 1672 1275 1274
f 1672 1673 1275
f 1275 1673 1276
f 1673 1674 1276
f 1276 1674 1277
f 1675 1279 1277
f 1675 1277 1676
f 1676 1277 1674
f 1676 1677 1675
f 1286 1287 1678
f 1264 1286 1678
f 1264 1678 1662
f 1662 1678 1679
f 1680 1679 1681
f 1680 1663 1679
f 1663 1662 1679
f 1663 1680 1664
f 1665 1290 1267
f 1666 1290 1665
f 1291 1290 1666
f 1667 1291 1666
f 1292 1291 1667
f 1669 1292 1667
f 1293 1292 1669
f 1669 1270 1293
f 1675 1294 1279
f 1677 1294 1675
f 1677 1682 1294
f 1682 1295 1294
f 1682 1683 1295
f 1295 1683 1296
f 1683 1684 1296
f 1296 1684 1297
f 1684 1685 1297
f 1297 1685 1298
f 1687 1686 1299
f 1687 1299 1685
f 1685 1299 1298
f 1299 1686 1301
f 1308 1309 1688
f 1310 1308 1688
f 1689 1310 1688
f 1287 1310 1689
f 1287 1689 1678
f 1678 1689 1690
f 1678 1690 1679
f 1679 1690 1691
f 1681 1691 1692
f 1679 1691 1681
f 1687 1693 1686
f 1686 1311 1301
f 1686 1693 1311
f 1693 1694 1311
f 1696 1695 1312
f 1696 1312 1694
f 1694 1312 1311
f 1313 1312 1695
f 1697 1313 1695
f 1314 1313 1697
f 1698 1314 1697
f 1314 1698 1316
f 1317 1318 1699
f 1319 1317 1699
f 1700 1319 1699
f 1700 1702 1701
f 1319 1700 1701
f 1319 1701 1688
f 1319 1688 1309
f 1688 1703 1689
f 1701 1703 1688
f 1689 1704 1690
f 1703 1704 1689
f 1690 1705 1691
f 1704 1705 1690
f 1691 1705 1692
f 1696 1706 1695
f 1695 1707 1697
f 1706 1707 1695
f 1697 1708 1698
f 1707 1708 1697
f 1698 1320 1316
f 1698 1708 1320
f 1708 1709 1320
f 1318 1710 1699
f 1318 1320 1710
f 1320 1709 1710
f 1699 1711 1700
f 1710 1711 1699
f 1700 1711 1702
f 1714 1712 1713
f 1713 1715 1716
f 1712 1715 1713
f 1716 1717 1718
f 1715 1717 1716
f 1718 1719 1720
f 1717 1719 1718
f 1720 1719 1721
f 1724 1722 1723
f 1723 1725 1726
f 1722 1725 1723
f 1726 1712 1714
f 1726 1725 1712
f 1725 1727 1712
f 1323 1322 1715
f 1323 1715 1727
f 1727 1715 1712
f 1717 1715 1322
f 1325 1717 1322
f 1719 1717 1325
f 1327 1719 1325
f 1721 1719 1327
f 1721 1327 1728
f 1728 1327 1329
f 1728 1329 1729
f 1329 1331 1729
f 1729 1331 1730
f 1331 1333 1730
f 1730 1333 1731
f 1333 1335 1731
f 1733 1337 1732
f 1733 1731 1337
f 1731 1335 1337
f 1337 1338 1732
f 1736 1734 1735
f 1735 1722 1724
f 1735 1734 1722
f 1734 1737 1722
f 1341 1340 1725
f 1341 1725 1737
f 1737 1725 1722
f 1727 1725 1340
f 1343 1727 1340
f 1727 1343 1323
f 1733 1732 1738
f 1740 1344 1739
f 1738 1344 1740
f 1738 1338 1344
f 1738 1732 1338
f 1344 1346 1739
f 1742 1734 1736
f 1741 1734 1742
f 1734 1741 1737
f 1737 1741 1743
f 1737 1743 1348
f 1341 1737 1348
f 1740 1739 1744
f 1746 1351 1745
f 1744 1351 1746
f 1744 1346 1351
f 1744 1739 1346
f 1351 1353 1745
f 1749 1747 1748
f 1748 1741 1742
f 1748 1747 1741
f 1747 1750 1741
f 1741 1750 1743
f 1743 1750 1751
f 1743 1751 1355
f 1348 1743 1355
f 1745 1360 1361
f 1745 1361 1746
f 1746 1361 1752
f 1745 1353 1360
f 1755 1753 1754
f 1754 1747 1749
f 1754 1753 1747
f 1753 1756 1747
f 1747 1756 1750
f 1750 1756 1757
f 1364 1363 1751
f 1364 1751 1757
f 1757 1751 1750
f 1751 1363 1355
f 1371 1759 1758
f 1370 1371 1758
f 1758 1760 1370
f 1370 1760 1372
f 1760 1361 1372
f 1752 1361 1760
f 1762 1753 1755
f 1761 1753 1762
f 1753 1761 1756
f 1756 1761 1763
f 1756 1763 1757
f 1757 1763 1764
f 1757 1764 1374
f 1364 1757 1374
f 1383 1766 1765
f 1382 1383 1765
f 1765 1767 1382
f 1382 1767 1384
f 1767 1371 1384
f 1759 1371 1767
f 1770 1768 1769
f 1769 1761 1762
f 1769 1768 1761
f 1768 1771 1761
f 1761 1771 1763
f 1763 1771 1772
f 1763 1772 1764
f 1764 1772 1773
f 1764 1773 1386
f 1374 1764 1386
f 1390 1391 1774
f 1392 1390 1774
f 1775 1392 1774
f 1393 1392 1775
f 1776 1393 1775
f 1776 1778 1777
f 1776 1777 1393
f 1393 1777 1394
f 1777 1383 1394
f 1766 1383 1777
f 1780 1768 1770
f 1779 1768 1780
f 1768 1779 1771
f 1771 1779 1781
f 1771 1781 1772
f 1772 1781 1782
f 1772 1782 1773
f 1773 1782 1783
f 1395 1386 1773
f 1395 1773 1784
f 1784 1773 1783
f 1396 1395 1784
f 1785 1396 1784
f 1397 1396 1785
f 1786 1397 1785
f 1398 1397 1786
f 1787 1398 1786
f 1391 1398 1787
f 1391 1787 1774
f 1774 1787 1788
f 1774 1788 1775
f 1775 1788 1789
f 1790 1789 1791
f 1790 1776 1789
f 1776 1775 1789
f 1776 1790 1778
f 1780 1792 1779
f 1779 1793 1781
f 1792 1793 1779
f 1795 1781 1793
f 1795 1794 1781
f 1794 1782 1781
f 1782 1794 1783
f 1783 1794 1796
f 1783 1796 1784
f 1784 1796 1797
f 1784 1797 1785
f 1785 1797 1798
f 1785 1798 1786
f 1786 1798 1799
f 1786 1799 1787
f 1787 1799 1800
f 1787 1800 1788
f 1788 1800 1801
f 1802 1801 1803
f 1802 1789 1801
f 1789 1788 1801
f 1789 1802 1791
f 1795 1804 1794
f 1806 1794 1804
f 1806 1805 1794
f 1805 1796 1794
f 1796 1805 1797
f 1797 1805 1807
f 1797 1807 1798
f 1798 1807 1808
f 1798 1808 1799
f 1799 1808 1809
f 1810 1809 1811
f 1810 1800 1809
f 1800 1799 1809
f 1800 1812 1801
f 1810 1812 1800
f 1801 1812 1803
f 1806 1813 1805
f 1805 1814 1807
f 1813 1814 1805
f 1807 1815 1808
f 1814 1815 1807
f 1808 1816 1809
f 1815 1816 1808
f 1809 1816 1811
f 1819 1817 1818
f 1818 1820 1821
f 1817 1820 1818
f 1821 1820 1822
f 1407 1823 1408
f 1410 1823 1407
f 1824 1823 1410
f 1410 1411 1824
f 1817 1414 1413
f 1817 1819 1414
f 1819 1825 1414
f 1820 1817 1413
f 1416 1820 1413
f 1416 1417 1826
f 1820 1416 1826
f 1820 1826 1827
f 1820 1827 1822
f 1827 1828 1829
f 1826 1828 1827
f 1829 1828 1830
f 1420 1831 1421
f 1422 1831 1420
f 1832 1831 1422
f 1422 1424 1832
f 1427 1833 1428
f 1408 1833 1427
f 1408 1823 1833
f 1823 1834 1833
f 1823 1824 1834
f 1824 1835 1834
f 1429 1824 1411
f 1429 1836 1824
f 1836 1835 1824
f 1836 1837 1838
f 1836 1429 1837
f 1429 1430 1837
f 1430 1839 1837
f 1431 1839 1430
f 1842 1840 1841
f 1841 1840 1433
f 1841 1433 1825
f 1825 1433 1414
f 1826 1417 1435
f 1828 1826 1435
f 1437 1828 1435
f 1437 1438 1843
f 1828 1437 1843
f 1828 1843 1844
f 1828 1844 1830
f 1844 1843 1845
f 1831 1442 1421
f 1832 1442 1831
f 1444 1442 1832
f 1832 1424 1444
f 1446 1846 1447
f 1428 1846 1446
f 1428 1833 1846
f 1833 1847 1846
f 1833 1834 1847
f 1834 1848 1847
f 1849 1850 1848
f 1849 1848 1835
f 1835 1848 1834
f 1835 1836 1851
f 1849 1835 1851
f 1836 1838 1851
f 1839 1431 1448
f 1852 1839 1448
f 1852 1448 1853
f 1448 1449 1853
f 1854 1449 1450
f 1854 1855 1449
f 1855 1853 1449
f 1855 1854 1856
f 1858 1840 1842
f 1857 1840 1858
f 1840 1857 1452
f 1433 1840 1452
f 1843 1438 1455
f 1455 1456 1859
f 1843 1455 1859
f 1843 1859 1860
f 1843 1860 1845
f 1860 1859 1861
f 1862 1447 1846
f 1459 1447 1862
f 1846 1847 1862
f 1847 1863 1862
f 1864 1865 1863
f 1864 1863 1848
f 1848 1863 1847
f 1848 1850 1864
f 1854 1450 1460
f 1856 1854 1460
f 1856 1460 1866
f 1866 1460 1461
f 1857 1858 1866
f 1857 1866 1463
f 1463 1866 1461
f 1857 1463 1452
f 1859 1456 1467
f 1467 1468 1867
f 1859 1467 1867
f 1859 1867 1868
f 1859 1868 1861
f 1868 1869 1870
f 1867 1869 1868
f 1870 1869 1871
f 1862 1469 1459
f 1469 1872 1470
f 1469 1862 1872
f 1862 1863 1872
f 1865 1873 1872
f 1863 1865 1872
f 1867 1468 1473
f 1473 1474 1874
f 1473 1874 1867
f 1867 1874 1869
f 1871 1875 1876
f 1871 1869 1875
f 1869 1874 1875
f 1876 1875 1877
f 1872 1475 1470
f 1475 1878 1476
f 1872 1878 1475
f 1872 1879 1878
f 1872 1873 1879
f 1879 1880 1878
f 1874 1474 1480
f 1480 1481 1881
f 1480 1881 1874
f 1874 1881 1875
f 1877 1882 1883
f 1877 1875 1882
f 1875 1881 1882
f 1883 1882 1884
f 1878 1482 1476
f 1482 1885 1483
f 1878 1885 1482
f 1878 1886 1885
f 1878 1880 1886
f 1886 1887 1885
f 1881 1481 1487
f 1487 1488 1888
f 1487 1888 1881
f 1881 1888 1882
f 1884 1888 1889
f 1882 1888 1884
f 1885 1489 1483
f 1887 1489 1885
f 1887 1890 1489
f 1890 1490 1489
f 1490 1890 1891
f 1491 1490 1891
f 1888 1488 1495
f 1495 1496 1892
f 1888 1495 1892
f 1888 1892 1893
f 1888 1893 1889
f 1893 1892 1894
f 1891 1497 1491
f 1895 1497 1891
f 1497 1895 1896
f 1498 1497 1896
f 1897 1892 1496
f 1501 1897 1496
f 1894 1897 1898
f 1892 1897 1894
f 1896 1502 1498
f 1899 1502 1896
f 1899 1900 1502
f 1502 1900 1503
f 1503 1900 1901
f 1504 1503 1901
f 1902 1897 1501
f 1506 1902 1501
f 1898 1902 1903
f 1897 1902 1898
f 1901 1507 1504
f 1904 1507 1901
f 1904 1905 1507
f 1507 1905 1509
f 1509 1905 1906
f 1510 1509 1906
f 1902 1506 1513
f 1513 1514 1907
f 1902 1513 1907
f 1902 1907 1908
f 1902 1908 1903
f 1908 1907 1909
f 1906 1515 1510
f 1910 1515 1906
f 1912 1911 1516
f 1912 1516 1910
f 1910 1516 1515
f 1516 1911 1518
f 1913 1907 1514
f 1521 1913 1514
f 1909 1913 1914
f 1907 1913 1909
f 1916 1911 1912
f 1915 1911 1916
f 1911 1915 1523
f 1518 1911 1523
f 1917 1913 1521
f 1526 1917 1521
f 1914 1917 1918
f 1913 1917 1914
f 1921 1919 1920
f 1915 1529 1528
f 1916 1529 1915
f 1916 1919 1529
f 1916 1920 1919
f 1915 1528 1523
f 1922 1917 1526
f 1532 1922 1526
f 1918 1922 1923
f 1917 1922 1918
f 1925 1919 1921
f 1924 1919 1925
f 1919 1924 1534
f 1529 1919 1534
f 1922 1532 1537
f 1537 1923 1922
f 1537 1538 1923
f 1538 1926 1923
f 1929 1927 1928
f 1924 1541 1540
f 1925 1541 1924
f 1925 1927 1541
f 1925 1928 1927
f 1924 1540 1534
f 1930 1931 1926
f 1930 1926 1544
f 1544 1926 1538
f 1931 1930 1932
f 1934 1927 1929
f 1933 1927 1934
f 1927 1933 1546
f 1541 1927 1546
f 1935 1930 1544
f 1548 1935 1544
f 1932 1935 1936
f 1930 1935 1932
f 1938 1933 1934
f 1937 1933 1938
f 1933 1937 1550
f 1546 1933 1550
f 1939 1935 1548
f 1552 1939 1548
f 1936 1939 1940
f 1935 1939 1936
f 1943 1941 1942
f 1937 1555 1554
f 1938 1555 1937
f 1938 1941 1555
f 1938 1942 1941
f 1937 1554 1550
f 1944 1939 1552
f 1557 1944 1552
f 1940 1944 1945
f 1939 1944 1940
f 1947 1941 1943
f 1946 1941 1947
f 1941 1946 1559
f 1555 1941 1559
f 1948 1944 1557
f 1561 1948 1557
f 1945 1948 1949
f 1944 1948 1945
f 1951 1946 1947
f 1950 1946 1951
f 1946 1950 1563
f 1559 1946 1563
f 1952 1948 1561
f 1565 1952 1561
f 1949 1952 1953
f 1948 1952 1949
f 1950 1568 1567
f 1950 1951 1568
f 1951 1954 1568
f 1950 1567 1563
f 1955 1952 1565
f 1570 1955 1565
f 1953 1955 1956
f 1952 1955 1953
f 1959 1957 1958
f 1958 1957 1572
f 1958 1572 1954
f 1954 1572 1568
f 1960 1955 1570
f 1574 1960 1570
f 1956 1960 1961
f 1955 1960 1956
f 1963 1957 1959
f 1962 1957 1963
f 1957 1962 1578
f 1572 1957 1578
f 1964 1960 1574
f 1580 1964 1574
f 1961 1964 1965
f 1960 1964 1961
f 1591 1966 1592
f 1593 1966 1591
f 1967 1966 1593
f 1595 1967 1593
f 1968 1967 1595
f 1595 1596 1968
f 1970 1962 1963
f 1969 1962 1970
f 1962 1969 1598
f 1578 1962 1598
f 1971 1964 1580
f 1600 1971 1580
f 1965 1971 1972
f 1964 1971 1965
f 1605 1973 1606
f 1607 1973 1605
f 1974 1973 1607
f 1607 1609 1974
f 1612 1975 1613
f 1614 1975 1612
f 1976 1975 1614
f 1615 1976 1614
f 1977 1976 1615
f 1616 1977 1615
f 1978 1977 1616
f 1592 1978 1616
f 1592 1966 1978
f 1966 1979 1978
f 1980 1981 1979
f 1980 1979 1967
f 1967 1979 1966
f 1967 1968 1982
f 1980 1967 1982
f 1968 1596 1617
f 1968 1617 1982
f 1982 1617 1983
f 1983 1617 1984
f 1617 1618 1984
f 1984 1618 1985
f 1618 1619 1985
f 1969 1970 1985
f 1969 1985 1620
f 1620 1985 1619
f 1969 1620 1598
f 1986 1971 1600
f 1622 1986 1600
f 1972 1986 1987
f 1971 1986 1972
f 1624 1988 1625
f 1626 1988 1624
f 1989 1988 1626
f 1627 1989 1626
f 1990 1989 1627
f 1606 1990 1627
f 1606 1973 1990
f 1973 1991 1990
f 1630 1974 1629
f 1630 1991 1974
f 1991 1973 1974
f 1974 1609 1629
f 1992 1613 1975
f 1634 1613 1992
f 1975 1976 1992
f 1976 1993 1992
f 1976 1977 1993
f 1977 1994 1993
f 1995 1996 1994
f 1995 1994 1978
f 1978 1994 1977
f 1978 1979 1997
f 1995 1978 1997
f 1979 1981 1997
f 1998 1986 1622
f 1998 1622 1999
f 1999 1622 1637
f 1986 1998 1987
f 1639 2000 1640
f 1625 2000 1639
f 1625 1988 2000
f 1988 2001 2000
f 2002 2003 2001
f 2002 2001 1989
f 1989 2001 1988
f 2005 2002 1989
f 2005 1989 2004
f 2004 1989 1990
f 1643 1991 1642
f 1643 2004 1991
f 2004 1990 1991
f 1991 1630 1642
f 1992 1646 1634
f 1646 2006 1647
f 1646 1992 2006
f 1992 1993 2006
f 1993 1994 2006
f 1994 2007 2006
f 1996 2009 2008
f 1996 2008 1994
f 1994 2008 2007
f 2009 2010 2008
f 1649 1650 2011
f 2011 1637 1649
f 2011 2012 1637
f 2012 1999 1637
f 2013 1640 2000
f 1652 1640 2013
f 2014 2015 2013
f 2014 2013 2001
f 2001 2013 2000
f 2018 2014 2001
f 2018 2001 2016
f 2003 2017 2001
f 2017 2016 2001
f 2004 1654 1655
f 2005 2004 1655
f 2005 1655 2016
f 2005 2016 2017
f 2004 1643 1654
f 2006 1656 1647
f 2007 1656 2006
f 1658 1656 2007
f 2008 1658 2007
f 1660 1658 2008
f 1660 2019 1661
f 2008 2019 1660
f 2008 2020 2019
f 2008 2010 2020
f 2020 2022 2021
f 2019 2020 2021
f 2022 2023 2021
f 2024 2011 1650
f 1664 2024 1650
f 2012 2024 2025
f 2011 2024 2012
f 2013 1668 1652
f 2015 1668 2013
f 2015 2026 1668
f 2026 1670 1668
f 2016 2026 2018
f 2016 1671 2026
f 1671 1670 2026
f 2016 1655 1671
f 2019 1672 1661
f 2021 1672 2019
f 1673 1672 2021
f 2023 1673 2021
f 2023 2027 1673
f 2027 1674 1673
f 2027 2028 1674
f 1674 2028 1676
f 2029 1677 1676
f 2029 1676 2030
f 2030 1676 2028
f 2030 2032 2031
f 2029 2030 2031
f 2032 2033 2031
f 1680 1681 2034
f 1664 1680 2034
f 1664 2034 2024
f 2024 2034 2035
f 2025 2035 2036
f 2024 2035 2025
f 2029 1682 1677
f 2031 1682 2029
f 1683 1682 2031
f 2033 1683 2031
f 2033 2037 1683
f 2037 1684 1683
f 2037 2038 1684
f 1684 2038 1685
f 1685 2038 2039
f 1687 1685 2039
f 2040 2034 1681
f 1692 2040 1681
f 2041 2040 2042
f 2041 2035 2040
f 2035 2034 2040
f 2035 2041 2036
f 2039 1693 1687
f 2043 1693 2039
f 2045 2044 1694
f 2045 1694 2043
f 2043 1694 1693
f 1694 2044 1696
f 1701 1702 2046
f 1703 1701 2046
f 2047 1703 2046
f 1704 1703 2047
f 2048 1704 2047
f 1705 1704 2048
f 2049 1705 2048
f 1692 1705 2049
f 1692 2049 2040
f 2040 2049 2050
f 2042 2050 2051
f 2040 2050 2042
f 2045 2052 2044
f 2044 1706 1696
f 2044 2052 1706
f 2052 2053 1706
f 2053 2054 1706
f 1706 2054 1707
f 2054 2055 1707
f 1707 2055 1708
f 2057 2056 1709
f 2057 1709 2055
f 2055 1709 1708
f 1710 1709 2056
f 2058 1710 2056
f 1711 1710 2058
f 2059 1711 2058
f 2059 2061 2060
f 1711 2059 2060
f 1711 2060 2046
f 1711 2046 1702
f 2046 2062 2047
f 2060 2062 2046
f 2064 2047 2062
f 2064 2063 2047
f 2063 2048 2047
f 2048 2063 2049
f 2049 2063 2065
f 2066 2065 2067
f 2066 2050 2065
f 2050 2049 2065
f 2050 2066 2051
f 2070 2068 2069
f 2069 2071 2072
f 2068 2071 2069
f 2072 2073 2074
f 2071 2073 2072
f 2074 2073 2075
f 2057 2076 2056
f 2056 2077 2058
f 2076 2077 2056
f 2058 2078 2059
f 2077 2078 2058
f 2059 2078 2061
f 2064 2079 2063
f 2063 2080 2065
f 2079 2080 2063
f 2065 2080 2067
f 2082 2068 2070
f 2081 2068 2082
f 2068 2081 2071
f 2071 2081 2083
f 2071 2083 2073
f 2073 2083 2084
f 2075 2085 2086
f 2075 2073 2085
f 2073 2084 2085
f 2086 2087 2088
f 2085 2087 2086
f 2088 2089 2090
f 2087 2089 2088
f 2090 2091 2092
f 2089 2091 2090
f 2092 2091 2093
f 2095 2081 2082
f 2094 2081 2095
f 2081 2094 2083
f 2083 2094 2096
f 2083 2096 2084
f 2084 2096 2097
f 1714 1713 2085
f 1714 2085 2097
f 2097 2085 2084
f 2087 2085 1713
f 1716 2087 1713
f 2089 2087 1716
f 1718 2089 1716
f 2091 2089 1718
f 1720 2091 1718
f 1720 1721 2098
f 2091 1720 2098
f 2091 2098 2099
f 2091 2099 2093
f 2099 2100 2101
f 2098 2100 2099
f 2101 2100 2102
f 2104 2094 2095
f 2103 2094 2104
f 1724 1723 2096
f 1724 2096 2103
f 2103 2096 2094
f 2097 2096 1723
f 1726 2097 1723
f 2097 1726 1714
f 2098 1721 1728
f 2100 2098 1728
f 1729 2100 1728
f 2102 2100 1729
f 2102 1729 2105
f 2105 1729 1730
f 2107 1731 2106
f 2107 2105 1731
f 2105 1730 1731
f 1731 1733 2106
f 2110 2108 2109
f 2103 1736 1735
f 2104 1736 2103
f 2104 2108 1736
f 2104 2109 2108
f 2103 1735 1724
f 2107 2106 2111
f 2113 1738 2112
f 2111 1738 2113
f 2111 1733 1738
f 2111 2106 1733
f 1738 1740 2112
f 2116 2114 2115
f 2115 2108 2110
f 2115 2114 2108
f 2114 2117 2108
f 2108 2117 1742
f 1736 2108 1742
f 2113 2112 2118
f 2120 1744 2119
f 2118 1744 2120
f 2118 1740 1744
f 2118 2112 1740
f 1744 1746 2119
f 2123 2121 2122
f 2122 2124 2125
f 2121 2124 2122
f 2125 2124 2126
f 2129 2127 2128
f 2128 2114 2116
f 2128 2127 2114
f 2127 2130 2114
f 1749 1748 2117
f 1749 2117 2130
f 2130 2117 2114
f 2117 1748 1742
f 2132 2120 2119
f 2131 2132 2119
f 2119 1752 2131
f 1746 1752 2119
f 2135 2133 2134
f 2134 2136 2137
f 2133 2136 2134
f 2137 2136 2139
f 2123 2138 2121
f 2121 2140 2124
f 2138 2140 2121
f 2126 2124 2140
f 2142 2143 2141
f 2142 2127 2129
f 2142 2141 2127
f 2141 2144 2127
f 1755 1754 2130
f 1755 2130 2144
f 2144 2130 2127
f 2130 1754 1749
f 1759 2146 2145
f 1758 1759 2145
f 2131 2145 2132
f 2131 1760 2145
f 1760 1758 2145
f 2131 1752 1760
f 2135 2147 2133
f 2133 2148 2136
f 2147 2148 2133
f 2136 2148 2139
f 2151 2149 2150
f 2150 2141 2143
f 2150 2149 2141
f 2149 2152 2141
f 2141 2152 2144
f 2144 2152 2153
f 2144 2153 1762
f 1755 2144 1762
f 1765 1766 2154
f 2154 2156 2155
f 2154 2155 1765
f 1765 2155 1767
f 2155 1759 1767
f 2146 1759 2155
f 2158 2149 2151
f 2157 2149 2158
f 2149 2157 2152
f 2152 2157 2159
f 1770 1769 2153
f 1770 2153 2159
f 2159 2153 2152
f 2153 1769 1762
f 1777 1778 2160
f 2160 2162 2161
f 1777 2160 2161
f 1777 2161 2154
f 1777 2154 1766
f 2154 2161 2156
f 2164 2157 2158
f 2163 2157 2164
f 2157 2163 2159
f 2159 2163 2165
f 2159 2165 1780
f 1770 2159 1780
f 1790 1791 2166
f 2166 2168 2167
f 1790 2166 2167
f 1790 2167 2160
f 1790 2160 1778
f 2160 2167 2162
f 2164 2169 2163
f 2171 2163 2169
f 2171 2170 2163
f 2170 2165 2163
f 1792 1780 2165
f 1792 2165 2172
f 2172 2165 2170
f 1793 1792 2172
f 2173 1793 2172
f 1793 2173 1795
f 1802 1803 2174
f 2174 2176 2175
f 1802 2174 2175
f 1802 2175 2166
f 1802 2166 1791
f 2166 2175 2168
f 2171 2177 2170
f 2179 2170 2177
f 2179 2178 2170
f 2178 2172 2170
f 2172 2178 2173
f 2173 2178 2180
f 1804 1795 2173
f 1804 2173 2181
f 2181 2173 2180
f 1804 2181 1806
f 1810 1811 2182
f 1812 1810 2182
f 2183 1812 2182
f 2183 2185 2184
f 1812 2183 2184
f 1812 2184 2174
f 1812 2174 1803
f 2174 2184 2176
f 2179 2186 2178
f 2178 2187 2180
f 2186 2187 2178
f 2189 2180 2187
f 2189 2188 2180
f 2188 2181 2180
f 1813 1806 2181
f 1813 2181 2190
f 2190 2181 2188
f 1814 1813 2190
f 2191 1814 2190
f 1815 1814 2191
f 2192 1815 2191
f 1816 1815 2192
f 2193 1816 2192
f 1811 1816 2193
f 1811 2193 2182
f 2182 2193 2194
f 2195 2194 2196
f 2195 2183 2194
f 2183 2182 2194
f 2183 2195 2185
f 2189 2197 2188
f 2188 2198 2190
f 2197 2198 2188
f 2190 2199 2191
f 2198 2199 2190
f 2191 2200 2192
f 2199 2200 2191
f 2192 2201 2193
f 2200 2201 2192
f 2193 2202 2194
f 2201 2202 2193
f 2194 2202 2196
f 1819 2203 2204
f 1818 2203 1819
f 2203 1818 2205
f 1818 1821 2205
f 2206 1821 1822
f 2206 2207 1821
f 2207 2205 1821
f 2207 2206 2208
f 2211 2209 2210
f 2210 2209 1825
f 2210 1825 2204
f 2204 1825 1819
f 2206 1822 1827
f 2208 2206 1827
f 2208 1827 2212
f 2212 1827 1829
f 1829 2213 2212
f 1830 2213 1829
f 1837 2214 1838
f 1837 1839 2214
f 2209 1842 1841
f 2209 2211 1842
f 2211 2215 1842
f 2209 1841 1825
f 2213 1830 1844
f 2216 2213 1844
f 2217 1844 1845
f 2217 2218 1844
f 2218 2216 1844
f 2218 2217 2219
f 1849 2220 1850
f 1851 2220 1849
f 2221 2220 1851
f 1838 2221 1851
f 1838 2214 2221
f 2214 2222 2221
f 1852 2214 1839
f 1852 2223 2214
f 2223 2222 2214
f 2223 2224 2225
f 2223 1852 2224
f 1852 1853 2224
f 2224 1853 2226
f 1853 1855 2226
f 1855 2227 2226
f 1856 2227 1855
f 2215 2228 1842
f 2228 1858 1842
f 2217 1845 1860
f 1860 1861 2229
f 2217 1860 2229
f 2217 2229 2230
f 2217 2230 2219
f 2230 2231 2232
f 2229 2231 2230
f 2232 2231 2233
f 1864 2234 1865
f 1850 2234 1864
f 1850 2220 2234
f 2220 2235 2234
f 2220 2221 2235
f 2221 2236 2235
f 2221 2222 2236
f 2222 2237 2236
f 2238 2239 2237
f 2238 2237 2223
f 2223 2237 2222
f 2223 2225 2238
f 2227 1856 1866
f 2240 2227 1866
f 2240 1866 1858
f 2228 2240 1858
f 2229 1861 1868
f 2231 2229 1868
f 1870 2231 1868
f 1870 1871 2241
f 2231 1870 2241
f 2231 2241 2242
f 2231 2242 2233
f 2242 2241 2243
f 2244 1865 2234
f 1873 1865 2244
f 2234 2235 2244
f 2235 2245 2244
f 2246 2247 2245
f 2246 2245 2236
f 2236 2245 2235
f 2236 2237 2248
f 2246 2236 2248
f 2237 2239 2248
f 2241 1871 1876
f 1876 1877 2249
f 2241 1876 2249
f 2241 2249 2250
f 2241 2250 2243
f 2250 2249 2251
f 2244 1879 1873
f 2252 2244 2245
f 2252 1880 2244
f 2252 2253 1880
f 1880 1879 2244
f 2245 2247 2252
f 2249 1877 1883
f 1883 1884 2254
f 2249 1883 2254
f 2249 2254 2255
f 2249 2255 2251
f 2255 2254 2256
f 2253 1886 1880
f 2257 1886 2253
f 1886 2257 2258
f 1887 1886 2258
f 2259 2254 1884
f 1889 2259 1884
f 2256 2259 2260
f 2254 2259 2256
f 2258 1890 1887
f 2261 1890 2258
f 1890 2261 2262
f 1891 1890 2262
f 2259 1889 1893
f 1893 1894 2263
f 2259 1893 2263
f 2259 2263 2264
f 2259 2264 2260
f 2264 2263 2265
f 2262 1895 1891
f 2266 1895 2262
f 1895 2266 2267
f 1896 1895 2267
f 2268 2263 1894
f 1898 2268 1894
f 2265 2268 2269
f 2263 2268 2265
f 2267 1899 1896
f 2270 1899 2267
f 2270 2271 1899
f 1899 2271 1900
f 1900 2271 2272
f 1901 1900 2272
f 2273 2268 1898
f 1903 2273 1898
f 2269 2273 2274
f 2268 2273 2269
f 2272 1904 1901
f 2275 1904 2272
f 2275 2276 1904
f 1904 2276 1905
f 1905 2276 2277
f 1906 1905 2277
f 2273 1903 1908
f 1908 2274 2273
f 1908 1909 2274
f 1909 2278 2274
f 1910 2280 2279
f 1910 1906 2280
f 1906 2277 2280
f 1910 2279 1912
f 2281 2282 2278
f 2281 2278 1914
f 1914 2278 1909
f 2282 2281 2283
f 2285 2279 2280
f 2284 2279 2285
f 2279 2284 1916
f 1912 2279 1916
f 2286 2281 1914
f 1918 2286 1914
f 2283 2286 2287
f 2281 2286 2283
f 2284 1921 1920
f 2284 2285 1921
f 2285 2288 1921
f 2284 1920 1916
f 2289 2286 1918
f 1923 2289 1918
f 2287 2289 2290
f 2286 2289 2287
f 2293 2291 2292
f 2292 2291 1925
f 2292 1925 2288
f 2288 1925 1921
f 2294 2289 1923
f 1926 2294 1923
f 2290 2294 2295
f 2289 2294 2290
f 2291 1929 1928
f 2291 2293 1929
f 2293 2296 1929
f 2291 1928 1925
f 2294 1926 1931
f 1931 2295 2294
f 1931 1932 2295
f 1932 2297 2295
f 2300 2298 2299
f 2299 2298 1934
f 2299 1934 2296
f 2296 1934 1929
f 2297 1932 2301
f 2301 1932 1936
f 2303 2298 2300
f 2302 2298 2303
f 2298 2302 1938
f 1934 2298 1938
f 2304 2305 2301
f 2304 2301 1940
f 1940 2301 1936
f 2305 2304 2306
f 2302 1943 1942
f 2302 2303 1943
f 2303 2307 1943
f 2302 1942 1938
f 2308 2304 1940
f 1945 2308 1940
f 2306 2308 2309
f 2304 2308 2306
f 2307 2310 1943
f 2310 1947 1943
f 2311 2308 1945
f 1949 2311 1945
f 2309 2311 2312
f 2308 2311 2309
f 2315 2313 2314
f 2314 2313 1951
f 2314 1951 2310
f 2310 1951 1947
f 2316 2311 1949
f 1953 2316 1949
f 2312 2316 2317
f 2311 2316 2312
f 2319 2313 2315
f 2318 2313 2319
f 2313 2318 1954
f 1951 2313 1954
f 2320 2316 1953
f 1956 2320 1953
f 2317 2320 2321
f 2316 2320 2317
f 2318 1959 1958
f 2318 2319 1959
f 2319 2322 1959
f 2318 1958 1954
f 2323 2320 1956
f 1961 2323 1956
f 2321 2323 2324
f 2320 2323 2321
f 2322 2325 1959
f 2325 1963 1959
f 2326 2323 1961
f 1965 2326 1961
f 2324 2326 2327
f 2323 2326 2324
f 2325 2328 1963
f 2328 1970 1963
f 2329 2326 1965
f 2329 1965 2330
f 2330 1965 1972
f 2326 2329 2327
f 1980 2331 1981
f 1982 2331 1980
f 2332 2331 1982
f 1983 2332 1982
f 2333 2332 1983
f 1984 2333 1983
f 2334 2333 1984
f 1985 2334 1984
f 2335 2334 1985
f 2335 1985 1970
f 2335 1970 2336
f 2336 1970 2328
f 2330 1972 2337
f 2337 1972 1987
f 1995 2338 1996
f 1997 2338 1995
f 2339 2338 1997
f 1981 2339 1997
f 1981 2331 2339
f 2331 2340 2339
f 2331 2332 2340
f 2332 2341 2340
f 2332 2333 2341
f 2333 2342 2341
f 2343 2344 2342
f 2343 2342 2334
f 2334 2342 2333
f 2334 2335 2345
f 2343 2334 2345
f 2335 2336 2345
f 1998 1999 2346
f 2346 1987 1998
f 2346 2347 1987
f 2347 2337 1987
f 2002 2348 2003
f 2002 2005 2348
f 2338 2009 1996
f 2009 2349 2010
f 2009 2338 2349
f 2338 2339 2349
f 2339 2340 2349
f 2340 2350 2349
f 2340 2341 2350
f 2341 2351 2350
f 2352 2353 2351
f 2352 2351 2342
f 2342 2351 2341
f 2342 2344 2352
f 2354 2346 1999
f 2012 2354 1999
f 2347 2354 2355
f 2346 2354 2347
f 2014 2356 2015
f 2003 2348 2017
f 2014 2018 2356
f 2348 2005 2017
f 2349 2020 2010
f 2350 2020 2349
f 2022 2020 2350
f 2022 2357 2023
f 2022 2350 2357
f 2350 2351 2357
f 2353 2359 2358
f 2353 2358 2351
f 2351 2358 2357
f 2359 2361 2360
f 2358 2359 2360
f 2361 2362 2360
f 2363 2354 2012
f 2025 2363 2012
f 2355 2363 2364
f 2354 2363 2355
f 2356 2026 2015
f 2356 2018 2026
f 2357 2027 2023
f 2358 2027 2357
f 2028 2027 2358
f 2360 2028 2358
f 2030 2028 2360
f 2362 2030 2360
f 2362 2365 2030
f 2365 2032 2030
f 2366 2033 2032
f 2366 2032 2367
f 2367 2032 2365
f 2367 2368 2366
f 2369 2363 2025
f 2036 2369 2025
f 2364 2370 2371
f 2364 2363 2370
f 2363 2369 2370
f 2371 2370 2372
f 2366 2037 2033
f 2368 2037 2366
f 2368 2373 2037
f 2373 2038 2037
f 2038 2373 2374
f 2039 2038 2374
f 2041 2042 2375
f 2036 2041 2375
f 2036 2375 2369
f 2369 2375 2376
f 2369 2376 2370
f 2370 2376 2377
f 2372 2378 2379
f 2372 2370 2378
f 2370 2377 2378
f 2379 2378 2380
f 2374 2043 2039
f 2381 2043 2374
f 2043 2381 2382
f 2045 2043 2382
f 2383 2375 2042
f 2051 2383 2042
f 2375 2383 2376
f 2376 2383 2384
f 2376 2384 2377
f 2377 2384 2385
f 2377 2385 2378
f 2378 2385 2386
f 2380 2387 2388
f 2380 2378 2387
f 2378 2386 2387
f 2388 2387 2389
f 2382 2052 2045
f 2390 2052 2382
f 2390 2391 2052
f 2052 2391 2053
f 2393 2392 2054
f 2393 2054 2391
f 2391 2054 2053
f 2055 2054 2392
f 2394 2055 2392
f 2055 2394 2057
f 2060 2061 2395
f 2062 2060 2395
f 2396 2062 2395
f 2062 2396 2064
f 2066 2067 2397
f 2051 2066 2397
f 2051 2397 2383
f 2383 2397 2398
f 2070 2069 2384
f 2070 2384 2398
f 2398 2384 2383
f 2385 2384 2069
f 2072 2385 2069
f 2386 2385 2072
f 2074 2386 2072
f 2074 2075 2399
f 2074 2399 2386
f 2386 2399 2387
f 2389 2400 2401
f 2389 2387 2400
f 2387 2399 2400
f 2401 2402 2403
f 2400 2402 2401
f 2403 2402 2404
f 2393 2405 2392
f 2392 2406 2394
f 2405 2406 2392
f 2394 2076 2057
f 2394 2406 2076
f 2406 2407 2076
f 2407 2408 2076
f 2076 2408 2077
f 2408 2409 2077
f 2077 2409 2078
f 2061 2410 2395
f 2061 2078 2410
f 2078 2409 2410
f 2412 2395 2410
f 2412 2411 2395
f 2411 2396 2395
f 2079 2064 2396
f 2079 2396 2413
f 2413 2396 2411
f 2080 2079 2413
f 2414 2080 2413
f 2067 2080 2414
f 2067 2414 2397
f 2397 2414 2415
f 2397 2415 2398
f 2398 2415 2416
f 2398 2416 2082
f 2070 2398 2082
f 2399 2075 2086
f 2400 2399 2086
f 2088 2400 2086
f 2402 2400 2088
f 2090 2402 2088
f 2404 2402 2090
f 2404 2090 2417
f 2417 2090 2092
f 2418 2092 2093
f 2418 2419 2092
f 2419 2417 2092
f 2419 2418 2420
f 2412 2421 2411
f 2411 2422 2413
f 2421 2422 2411
f 2424 2413 2422
f 2424 2423 2413
f 2423 2414 2413
f 2414 2423 2415
f 2415 2423 2425
f 2415 2425 2416
f 2416 2425 2426
f 2416 2426 2095
f 2082 2416 2095
f 2418 2093 2099
f 2420 2418 2099
f 2420 2099 2427
f 2427 2099 2101
f 2101 2428 2427
f 2102 2428 2101
f 2424 2429 2423
f 2431 2423 2429
f 2431 2430 2423
f 2430 2425 2423
f 2425 2430 2426
f 2426 2430 2432
f 2426 2432 2104
f 2095 2426 2104
f 2428 2102 2105
f 2433 2428 2105
f 2105 2434 2433
f 2107 2434 2105
f 2436 2430 2431
f 2435 2430 2436
f 2110 2109 2432
f 2110 2432 2435
f 2435 2432 2430
f 2432 2109 2104
f 2111 2437 2438
f 2111 2438 2107
f 2107 2438 2434
f 2111 2113 2437
f 2441 2439 2440
f 2440 2442 2443
f 2439 2442 2440
f 2435 2116 2115
f 2436 2116 2435
f 2436 2442 2116
f 2436 2443 2442
f 2435 2115 2110
f 2438 2437 2444
f 2446 2118 2445
f 2444 2118 2446
f 2444 2113 2118
f 2444 2437 2113
f 2118 2120 2445
f 2449 2447 2448
f 2123 2448 2447
f 2123 2122 2448
f 2122 2450 2448
f 2450 2122 2451
f 2122 2125 2451
f 2441 2452 2439
f 2441 2125 2452
f 2441 2451 2125
f 2126 2452 2125
f 2129 2128 2442
f 2129 2442 2452
f 2452 2442 2439
f 2442 2128 2116
f 2454 2446 2445
f 2453 2454 2445
f 2445 2132 2453
f 2120 2132 2445
f 2134 2455 2135
f 2455 2449 2456
f 2455 2137 2449
f 2455 2134 2137
f 2137 2447 2449
f 2138 2123 2447
f 2138 2447 2457
f 2137 2139 2447
f 2139 2457 2447
f 2140 2138 2457
f 2458 2140 2457
f 2143 2142 2452
f 2143 2452 2458
f 2126 2140 2452
f 2140 2458 2452
f 2452 2142 2129
f 2453 2145 2146
f 2453 2146 2454
f 2454 2146 2459
f 2453 2132 2145
f 2455 2147 2135
f 2456 2147 2455
f 2456 2460 2147
f 2460 2148 2147
f 2139 2148 2460
f 2139 2460 2461
f 2139 2461 2457
f 2461 2460 2462
f 2151 2150 2458
f 2151 2458 2461
f 2461 2458 2457
f 2458 2150 2143
f 2156 2464 2463
f 2155 2156 2463
f 2463 2146 2155
f 2459 2146 2463
f 2466 2461 2462
f 2465 2461 2466
f 2461 2465 2158
f 2151 2461 2158
f 2161 2162 2467
f 2467 2156 2161
f 2467 2468 2156
f 2468 2464 2156
f 2470 2465 2466
f 2469 2465 2470
f 2465 2469 2164
f 2158 2465 2164
f 2167 2168 2471
f 2471 2473 2472
f 2167 2471 2472
f 2167 2472 2467
f 2167 2467 2162
f 2467 2472 2468
f 2470 2474 2469
f 2476 2475 2169
f 2474 2476 2169
f 2474 2169 2164
f 2474 2164 2469
f 2169 2475 2171
f 2175 2176 2477
f 2477 2479 2478
f 2175 2477 2478
f 2175 2478 2471
f 2175 2471 2168
f 2471 2478 2473
f 2481 2475 2476
f 2480 2475 2481
f 2177 2171 2475
f 2177 2475 2482
f 2482 2475 2480
f 2177 2482 2179
f 2184 2185 2483
f 2483 2485 2484
f 2184 2483 2484
f 2184 2484 2477
f 2184 2477 2176
f 2477 2484 2479
f 2481 2486 2480
f 2488 2480 2486
f 2488 2487 2480
f 2487 2482 2480
f 2186 2179 2482
f 2186 2482 2489
f 2489 2482 2487
f 2187 2186 2489
f 2490 2187 2489
f 2187 2490 2189
f 2195 2196 2491
f 2491 2493 2492
f 2195 2491 2492
f 2195 2492 2483
f 2195 2483 2185
f 2483 2492 2485
f 2488 2494 2487
f 2487 2495 2489
f 2494 2495 2487
f 2489 2496 2490
f 2495 2496 2489
f 2498 2497 2197
f 2496 2498 2197
f 2496 2197 2189
f 2496 2189 2490
f 2198 2197 2497
f 2499 2198 2497
f 2199 2198 2499
f 2500 2199 2499
f 2200 2199 2500
f 2501 2200 2500
f 2201 2200 2501
f 2502 2201 2501
f 2502 2504 2503
f 2502 2503 2201
f 2201 2503 2202
f 2196 2505 2491
f 2196 2202 2505
f 2202 2503 2505
f 2491 2505 2493
f 2498 2506 2497
f 2497 2507 2499
f 2506 2507 2497
f 2499 2508 2500
f 2507 2508 2499
f 2500 2509 2501
f 2508 2509 2500
f 2501 2510 2502
f 2509 2510 2501
f 2502 2510 2504
f 2513 2511 2512
f 2512 2511 2514
f 2511 2204 2203
f 2511 2513 2204
f 2513 2515 2204
f 2514 2511 2203
f 2514 2203 2516
f 2516 2203 2205
f 2516 2205 2517
f 2205 2207 2517
f 2207 2518 2517
f 2208 2518 2207
f 2211 2519 2520
f 2210 2519 2211
f 2519 2210 2204
f 2515 2519 2204
f 2518 2208 2212
f 2521 2518 2212
f 2522 2212 2213
f 2522 2523 2212
f 2523 2521 2212
f 2523 2522 2524
f 2520 2525 2211
f 2525 2215 2211
f 2522 2213 2216
f 2524 2522 2216
f 2524 2216 2526
f 2526 2216 2218
f 2527 2218 2219
f 2527 2528 2218
f 2528 2526 2218
f 2528 2529 2530
f 2527 2529 2528
f 2530 2529 2531
f 2224 2532 2225
f 2226 2532 2224
f 2533 2532 2226
f 2226 2227 2533
f 2525 2534 2215
f 2534 2228 2215
f 2527 2219 2230
f 2529 2527 2230
f 2232 2529 2230
f 2232 2233 2535
f 2529 2232 2535
f 2529 2535 2536
f 2529 2536 2531
f 2536 2535 2537
f 2238 2538 2239
f 2225 2538 2238
f 2225 2532 2538
f 2532 2539 2538
f 2532 2533 2539
f 2533 2540 2539
f 2227 2540 2533
f 2227 2541 2540
f 2227 2240 2541
f 2542 2540 2541
f 2541 2240 2228
f 2534 2541 2228
f 2535 2233 2242
f 2242 2243 2543
f 2535 2242 2543
f 2535 2543 2544
f 2535 2544 2537
f 2544 2543 2545
f 2246 2546 2247
f 2248 2546 2246
f 2547 2546 2248
f 2239 2547 2248
f 2239 2538 2547
f 2538 2548 2547
f 2538 2539 2548
f 2539 2549 2548
f 2550 2551 2549
f 2550 2549 2540
f 2540 2549 2539
f 2540 2542 2550
f 2543 2243 2250
f 2250 2251 2552
f 2543 2250 2552
f 2543 2552 2553
f 2543 2553 2545
f 2553 2552 2554
f 2252 2555 2253
f 2247 2555 2252
f 2247 2546 2555
f 2546 2556 2555
f 2546 2547 2556
f 2547 2557 2556
f 2547 2548 2557
f 2548 2558 2557
f 2559 2560 2558
f 2559 2558 2549
f 2549 2558 2548
f 2549 2551 2559
f 2552 2251 2255
f 2255 2554 2552
f 2255 2256 2554
f 2256 2561 2554
f 2555 2257 2253
f 2257 2562 2258
f 2257 2555 2562
f 2555 2556 2562
f 2563 2564 2562
f 2563 2562 2557
f 2557 2562 2556
f 2557 2558 2565
f 2563 2557 2565
f 2558 2560 2565
f 2566 2567 2561
f 2566 2561 2260
f 2260 2561 2256
f 2567 2566 2568
f 2562 2261 2258
f 2261 2562 2564
f 2261 2564 2262
f 2262 2564 2569
f 2566 2260 2264
f 2264 2568 2566
f 2264 2265 2568
f 2265 2570 2568
f 2569 2266 2262
f 2571 2266 2569
f 2572 2267 2266
f 2572 2266 2573
f 2573 2266 2571
f 2573 2574 2572
f 2570 2265 2575
f 2575 2265 2269
f 2572 2270 2267
f 2574 2270 2572
f 2574 2576 2270
f 2576 2271 2270
f 2271 2576 2577
f 2272 2271 2577
f 2578 2579 2575
f 2578 2575 2274
f 2274 2575 2269
f 2579 2578 2580
f 2577 2275 2272
f 2581 2275 2577
f 2583 2582 2276
f 2583 2276 2581
f 2581 2276 2275
f 2276 2582 2277
f 2584 2578 2274
f 2278 2584 2274
f 2580 2584 2585
f 2578 2584 2580
f 2587 2582 2583
f 2586 2582 2587
f 2582 2586 2280
f 2277 2582 2280
f 2584 2278 2282
f 2282 2585 2584
f 2282 2283 2585
f 2283 2588 2585
f 2590 2586 2587
f 2589 2586 2590
f 2586 2589 2285
f 2280 2586 2285
f 2588 2283 2591
f 2591 2283 2287
f 2593 2589 2590
f 2592 2589 2593
f 2589 2592 2288
f 2285 2589 2288
f 2591 2287 2594
f 2594 2287 2290
f 2592 2293 2292
f 2592 2593 2293
f 2593 2595 2293
f 2592 2292 2288
f 2596 2597 2594
f 2596 2594 2295
f 2295 2594 2290
f 2597 2596 2598
f 2601 2599 2600
f 2600 2599 2296
f 2600 2296 2595
f 2595 2296 2293
f 2602 2596 2295
f 2297 2602 2295
f 2598 2602 2603
f 2596 2602 2598
f 2599 2300 2299
f 2599 2601 2300
f 2601 2604 2300
f 2599 2299 2296
f 2605 2602 2297
f 2301 2605 2297
f 2603 2605 2606
f 2602 2605 2603
f 2604 2607 2300
f 2607 2303 2300
f 2605 2301 2305
f 2305 2606 2605
f 2305 2306 2606
f 2306 2608 2606
f 2607 2609 2303
f 2609 2307 2303
f 2608 2306 2610
f 2610 2306 2309
f 2613 2611 2612
f 2612 2611 2310
f 2612 2310 2609
f 2609 2310 2307
f 2610 2309 2614
f 2614 2309 2312
f 2611 2315 2314
f 2611 2613 2315
f 2613 2615 2315
f 2611 2314 2310
f 2614 2312 2616
f 2616 2312 2317
f 2615 2617 2315
f 2617 2319 2315
f 2616 2317 2618
f 2618 2317 2321
f 2617 2619 2319
f 2619 2322 2319
f 2618 2321 2620
f 2620 2321 2324
f 2619 2621 2322
f 2621 2325 2322
f 2620 2324 2622
f 2622 2324 2327
f 2621 2623 2325
f 2623 2328 2325
f 2329 2330 2624
f 2624 2327 2329
f 2624 2625 2327
f 2625 2622 2327
f 2623 2626 2328
f 2626 2336 2328
f 2627 2624 2330
f 2337 2627 2330
f 2625 2627 2628
f 2624 2627 2625
f 2343 2629 2344
f 2345 2629 2343
f 2630 2629 2345
f 2630 2345 2336
f 2630 2336 2631
f 2631 2336 2626
f 2632 2627 2337
f 2347 2632 2337
f 2628 2632 2633
f 2627 2632 2628
f 2352 2634 2353
f 2344 2634 2352
f 2344 2629 2634
f 2629 2635 2634
f 2629 2630 2635
f 2630 2636 2635
f 2631 2637 2636
f 2630 2631 2636
f 2638 2632 2347
f 2638 2347 2639
f 2639 2347 2355
f 2632 2638 2633
f 2634 2359 2353
f 2635 2359 2634
f 2361 2359 2635
f 2361 2640 2362
f 2361 2635 2640
f 2635 2636 2640
f 2637 2641 2640
f 2636 2637 2640
f 2642 2643 2639
f 2642 2639 2364
f 2364 2639 2355
f 2643 2642 2644
f 2640 2365 2362
f 2641 2365 2640
f 2641 2645 2365
f 2645 2367 2365
f 2367 2645 2646
f 2368 2367 2646
f 2642 2364 2371
f 2371 2372 2647
f 2642 2371 2647
f 2642 2647 2648
f 2642 2648 2644
f 2648 2649 2650
f 2647 2649 2648
f 2650 2649 2651
f 2373 2653 2652
f 2373 2368 2653
f 2368 2646 2653
f 2373 2652 2374
f 2647 2372 2379
f 2379 2380 2654
f 2379 2654 2647
f 2647 2654 2649
f 2651 2654 2655
f 2649 2654 2651
f 2653 2656 2652
f 2652 2381 2374
f 2652 2656 2381
f 2656 2657 2381
f 2381 2657 2658
f 2382 2381 2658
f 2654 2380 2388
f 2388 2389 2659
f 2654 2388 2659
f 2654 2659 2660
f 2654 2660 2655
f 2660 2661 2662
f 2659 2661 2660
f 2662 2661 2663
f 2658 2390 2382
f 2664 2390 2658
f 2666 2665 2391
f 2666 2391 2664
f 2664 2391 2390
f 2391 2665 2393
f 2659 2389 2401
f 2661 2659 2401
f 2403 2661 2401
f 2403 2404 2667
f 2661 2403 2667
f 2661 2667 2668
f 2661 2668 2663
f 2668 2667 2669
f 2666 2670 2665
f 2665 2405 2393
f 2665 2670 2405
f 2670 2671 2405
f 2673 2672 2406
f 2673 2406 2671
f 2671 2406 2405
f 2407 2406 2672
f 2674 2407 2672
f 2408 2407 2674
f 2675 2408 2674
f 2409 2408 2675
f 2676 2409 2675
f 2410 2409 2676
f 2677 2410 2676
f 2410 2677 2412
f 2667 2404 2417
f 2669 2667 2417
f 2669 2417 2678
f 2678 2417 2419
f 2679 2419 2420
f 2679 2680 2419
f 2680 2678 2419
f 2680 2679 2681
f 2673 2682 2672
f 2672 2683 2674
f 2682 2683 2672
f 2674 2684 2675
f 2683 2684 2674
f 2675 2685 2676
f 2684 2685 2675
f 2676 2686 2677
f 2685 2686 2676
f 2688 2687 2421
f 2686 2688 2421
f 2686 2421 2412
f 2686 2412 2677
f 2422 2421 2687
f 2689 2422 2687
f 2422 2689 2424
f 2679 2420 2427
f 2427 2428 2690
f 2679 2427 2690
f 2679 2690 2691
f 2679 2691 2681
f 2691 2690 2692
f 2688 2693 2687
f 2687 2694 2689
f 2693 2694 2687
f 2696 2695 2429
f 2694 2696 2429
f 2694 2429 2424
f 2694 2424 2689
f 2429 2695 2431
f 2690 2428 2433
f 2433 2692 2690
f 2433 2434 2692
f 2434 2697 2692
f 2700 2698 2699
f 2699 2695 2696
f 2699 2698 2695
f 2698 2701 2695
f 2695 2701 2436
f 2431 2695 2436
f 2702 2703 2697
f 2702 2697 2438
f 2438 2697 2434
f 2703 2702 2704
f 2707 2705 2706
f 2706 2708 2709
f 2705 2708 2706
f 2698 2441 2440
f 2700 2441 2698
f 2700 2708 2441
f 2700 2709 2708
f 2701 2698 2440
f 2443 2701 2440
f 2701 2443 2436
f 2702 2438 2444
f 2444 2704 2702
f 2444 2446 2704
f 2446 2710 2704
f 2448 2711 2449
f 2711 2707 2712
f 2711 2450 2707
f 2711 2448 2450
f 2450 2705 2707
f 2708 2705 2450
f 2451 2708 2450
f 2708 2451 2441
f 2710 2446 2713
f 2713 2446 2454
f 2714 2449 2711
f 2456 2449 2714
f 2712 2715 2714
f 2711 2712 2714
f 2713 2454 2716
f 2716 2454 2459
f 2714 2460 2456
f 2460 2714 2715
f 2460 2715 2462
f 2462 2715 2717
f 2463 2464 2718
f 2718 2459 2463
f 2718 2719 2459
f 2719 2716 2459
f 2717 2720 2462
f 2720 2466 2462
f 2721 2718 2464
f 2721 2464 2722
f 2722 2464 2468
f 2718 2721 2719
f 2720 2723 2466
f 2723 2470 2466
f 2472 2473 2724
f 2724 2468 2472
f 2724 2725 2468
f 2725 2722 2468
f 2474 2727 2726
f 2474 2470 2727
f 2470 2723 2727
f 2474 2726 2476
f 2478 2479 2728
f 2728 2730 2729
f 2478 2728 2729
f 2478 2729 2724
f 2478 2724 2473
f 2724 2729 2725
f 2727 2731 2726
f 2726 2731 2732
f 2726 2732 2476
f 2476 2732 2481
f 2484 2485 2733
f 2733 2735 2734
f 2484 2733 2734
f 2484 2734 2728
f 2484 2728 2479
f 2728 2734 2730
f 2732 2486 2481
f 2736 2486 2732
f 2486 2736 2737
f 2488 2486 2737
f 2492 2493 2738
f 2738 2740 2739
f 2492 2738 2739
f 2492 2739 2733
f 2492 2733 2485
f 2733 2739 2735
f 2737 2494 2488
f 2741 2494 2737
f 2743 2742 2495
f 2743 2495 2741
f 2741 2495 2494
f 2496 2495 2742
f 2744 2496 2742
f 2496 2744 2498
f 2503 2504 2745
f 2745 2747 2746
f 2745 2746 2503
f 2503 2746 2505
f 2493 2748 2738
f 2493 2505 2748
f 2505 2746 2748
f 2738 2748 2740
f 2743 2749 2742
f 2742 2750 2744
f 2749 2750 2742
f 2744 2506 2498
f 2744 2750 2506
f 2750 2751 2506
f 2751 2752 2506
f 2506 2752 2507
f 2752 2753 2507
f 2507 2753 2508
f 2753 2754 2508
f 2508 2754 2509
f 2754 2755 2509
f 2509 2755 2510
f 2504 2756 2745
f 2504 2510 2756
f 2510 2755 2756
f 2745 2756 2747
f 2513 2757 2758
f 2512 2757 2513
f 2512 2759 2757
f 2514 2759 2512
f 2758 2760 2513
f 2760 2515 2513
f 2759 2514 2516
f 2761 2759 2516
f 2761 2516 2762
f 2516 2517 2762
f 2517 2763 2762
f 2518 2763 2517
f 2520 2764 2765
f 2519 2764 2520
f 2764 2519 2515
f 2760 2764 2515
f 2763 2518 2521
f 2766 2763 2521
f 2766 2521 2767
f 2521 2523 2767
f 2768 2523 2524
f 2768 2769 2523
f 2769 2767 2523
f 2769 2770 2771
f 2768 2770 2769
f 2771 2770 2772
f 2765 2773 2520
f 2773 2525 2520
f 2768 2524 2526
f 2770 2768 2526
f 2528 2770 2526
f 2772 2770 2528
f 2772 2528 2774
f 2774 2528 2530
f 2530 2775 2774
f 2531 2775 2530
f 2773 2776 2525
f 2776 2534 2525
f 2775 2531 2536
f 2777 2775 2536
f 2536 2778 2777
f 2537 2778 2536
f 2542 2779 2780
f 2541 2779 2542
f 2779 2541 2534
f 2776 2779 2534
f 2778 2537 2544
f 2781 2778 2544
f 2544 2782 2781
f 2545 2782 2544
f 2550 2783 2551
f 2783 2550 2542
f 2783 2542 2784
f 2784 2542 2780
f 2782 2545 2553
f 2785 2782 2553
f 2553 2786 2785
f 2554 2786 2553
f 2559 2787 2560
f 2551 2787 2559
f 2551 2783 2787
f 2783 2788 2787
f 2784 2789 2788
f 2783 2784 2788
f 2790 2791 2786
f 2790 2786 2561
f 2561 2786 2554
f 2791 2790 2792
f 2563 2793 2564
f 2565 2793 2563
f 2794 2793 2565
f 2560 2794 2565
f 2560 2787 2794
f 2787 2795 2794
f 2787 2788 2795
f 2788 2796 2795
f 2789 2797 2796
f 2788 2789 2796
f 2790 2561 2567
f 2567 2792 2790
f 2567 2568 2792
f 2568 2798 2792
f 2799 2564 2793
f 2569 2564 2799
f 2793 2794 2799
f 2794 2800 2799
f 2794 2795 2800
f 2795 2801 2800
f 2802 2803 2801
f 2802 2801 2796
f 2796 2801 2795
f 2796 2797 2802
f 2804 2805 2798
f 2804 2798 2570
f 2570 2798 2568
f 2805 2804 2806
f 2799 2571 2569
f 2800 2571 2799
f 2573 2571 2800
f 2807 2800 2801
f 2807 2574 2800
f 2807 2808 2574
f 2574 2573 2800
f 2801 2803 2807
f 2809 2804 2570
f 2575 2809 2570
f 2806 2809 2810
f 2804 2809 2806
f 2808 2576 2574
f 2811 2576 2808
f 2812 2577 2576
f 2812 2576 2813
f 2813 2576 2811
f 2813 2814 2812
f 2809 2575 2579
f 2579 2810 2809
f 2579 2580 2810
f 2580 2815 2810
f 2812 2581 2577
f 2581 2812 2814
f 2581 2814 2583
f 2583 2814 2816
f 2815 2580 2817
f 2817 2580 2585
f 2816 2818 2583
f 2818 2587 2583
f 2817 2585 2819
f 2819 2585 2588
f 2818 2820 2587
f 2820 2590 2587
f 2821 2822 2819
f 2821 2819 2591
f 2591 2819 2588
f 2822 2821 2823
f 2820 2824 2590
f 2824 2593 2590
f 2825 2821 2591
f 2594 2825 2591
f 2823 2825 2826
f 2821 2825 2823
f 2829 2827 2828
f 2828 2827 2595
f 2828 2595 2824
f 2824 2595 2593
f 2825 2594 2597
f 2597 2826 2825
f 2597 2598 2826
f 2598 2830 2826
f 2827 2601 2600
f 2827 2829 2601
f 2829 2831 2601
f 2827 2600 2595
f 2830 2598 2832
f 2832 2598 2603
f 2831 2833 2601
f 2833 2604 2601
f 2832 2603 2834
f 2834 2603 2606
f 2837 2835 2836
f 2836 2835 2607
f 2836 2607 2833
f 2833 2607 2604
f 2834 2606 2838
f 2838 2606 2608
f 2840 2835 2837
f 2839 2835 2840
f 2835 2839 2609
f 2607 2835 2609
f 2838 2608 2841
f 2841 2608 2610
f 2839 2613 2612
f 2839 2840 2613
f 2840 2842 2613
f 2839 2612 2609
f 2841 2610 2843
f 2843 2610 2614
f 2842 2844 2613
f 2844 2615 2613
f 2843 2614 2845
f 2845 2614 2616
f 2844 2846 2615
f 2846 2617 2615
f 2845 2616 2847
f 2847 2616 2618
f 2846 2848 2617
f 2848 2619 2617
f 2847 2618 2849
f 2849 2618 2620
f 2848 2850 2619
f 2850 2621 2619
f 2849 2620 2851
f 2851 2620 2622
f 2850 2852 2621
f 2852 2623 2621
f 2851 2622 2853
f 2853 2622 2625
f 2852 2854 2623
f 2854 2626 2623
f 2853 2625 2855
f 2855 2625 2628
f 2854 2856 2626
f 2856 2631 2626
f 2855 2628 2857
f 2857 2628 2633
f 2856 2858 2631
f 2858 2637 2631
f 2638 2639 2859
f 2859 2633 2638
f 2859 2860 2633
f 2860 2857 2633
f 2858 2861 2637
f 2861 2641 2637
f 2859 2639 2643
f 2643 2644 2862
f 2859 2643 2862
f 2859 2862 2863
f 2859 2863 2860
f 2863 2862 2864
f 2861 2645 2641
f 2865 2645 2861
f 2645 2865 2866
f 2646 2645 2866
f 2862 2644 2648
f 2864 2862 2648
f 2864 2648 2867
f 2867 2648 2650
f 2650 2868 2867
f 2651 2868 2650
f 2869 2866 2870
f 2869 2653 2866
f 2653 2646 2866
f 2870 2871 2869
f 2872 2873 2868
f 2872 2868 2655
f 2655 2868 2651
f 2873 2872 2874
f 2869 2656 2653
f 2871 2656 2869
f 2871 2875 2656
f 2875 2657 2656
f 2657 2875 2876
f 2658 2657 2876
f 2872 2655 2660
f 2874 2872 2660
f 2874 2660 2877
f 2877 2660 2662
f 2662 2878 2877
f 2663 2878 2662
f 2876 2664 2658
f 2879 2664 2876
f 2664 2879 2880
f 2666 2664 2880
f 2878 2663 2668
f 2881 2878 2668
f 2882 2668 2669
f 2882 2883 2668
f 2883 2881 2668
f 2883 2882 2884
f 2880 2670 2666
f 2885 2670 2880
f 2887 2886 2671
f 2887 2671 2885
f 2885 2671 2670
f 2671 2886 2673
f 2882 2669 2678
f 2884 2882 2678
f 2884 2678 2888
f 2888 2678 2680
f 2680 2889 2888
f 2681 2889 2680
f 2887 2890 2886
f 2886 2682 2673
f 2886 2890 2682
f 2890 2891 2682
f 2891 2892 2682
f 2682 2892 2683
f 2894 2893 2684
f 2894 2684 2892
f 2892 2684 2683
f 2685 2684 2893
f 2895 2685 2893
f 2686 2685 2895
f 2896 2686 2895
f 2686 2896 2688
f 2889 2681 2691
f 2897 2889 2691
f 2691 2898 2897
f 2692 2898 2691
f 2894 2899 2893
f 2893 2900 2895
f 2899 2900 2893
f 2895 2901 2896
f 2900 2901 2895
f 2896 2693 2688
f 2896 2901 2693
f 2901 2902 2693
f 2904 2903 2694
f 2904 2694 2902
f 2902 2694 2693
f 2694 2903 2696
f 2905 2906 2898
f 2905 2898 2697
f 2697 2898 2692
f 2906 2905 2907
f 2910 2908 2909
f 2903 2700 2699
f 2904 2700 2903
f 2904 2908 2700
f 2904 2909 2908
f 2903 2699 2696
f 2905 2697 2703
f 2703 2907 2905
f 2703 2704 2907
f 2704 2911 2907
f 2707 2912 2913
f 2706 2912 2707
f 2908 2910 2912
f 2908 2912 2709
f 2709 2912 2706
f 2908 2709 2700
f 2911 2704 2914
f 2914 2704 2710
f 2913 2915 2707
f 2915 2712 2707
f 2914 2710 2916
f 2916 2710 2713
f 2915 2917 2712
f 2917 2715 2712
f 2916 2713 2918
f 2918 2713 2716
f 2917 2919 2715
f 2919 2717 2715
f 2918 2716 2920
f 2920 2716 2719
f 2923 2921 2922
f 2922 2921 2720
f 2922 2720 2919
f 2919 2720 2717
f 2721 2722 2924
f 2924 2719 2721
f 2924 2925 2719
f 2925 2920 2719
f 2923 2926 2921
f 2921 2926 2927
f 2921 2927 2720
f 2720 2927 2723
f 2928 2924 2722
f 2928 2722 2929
f 2929 2722 2725
f 2924 2928 2925
f 2927 2930 2723
f 2930 2727 2723
f 2730 2932 2931
f 2729 2730 2931
f 2931 2725 2729
f 2929 2725 2931
f 2731 2934 2933
f 2731 2727 2934
f 2727 2930 2934
f 2731 2933 2732
f 2735 2936 2935
f 2734 2735 2935
f 2935 2730 2734
f 2932 2730 2935
f 2934 2937 2933
f 2939 2938 2736
f 2937 2939 2736
f 2937 2736 2732
f 2937 2732 2933
f 2736 2938 2737
f 2740 2941 2940
f 2739 2740 2940
f 2940 2735 2739
f 2936 2735 2940
f 2939 2942 2938
f 2944 2943 2741
f 2942 2944 2741
f 2942 2741 2737
f 2942 2737 2938
f 2741 2943 2743
f 2746 2747 2945
f 2945 2947 2946
f 2945 2946 2746
f 2746 2946 2748
f 2946 2740 2748
f 2941 2740 2946
f 2944 2948 2943
f 2943 2749 2743
f 2943 2948 2749
f 2948 2949 2749
f 2949 2950 2749
f 2749 2950 2750
f 2952 2951 2751
f 2952 2751 2950
f 2950 2751 2750
f 2752 2751 2951
f 2953 2752 2951
f 2753 2752 2953
f 2954 2753 2953
f 2754 2753 2954
f 2955 2754 2954
f 2955 2957 2956
f 2955 2956 2754
f 2754 2956 2755
f 2956 2958 2755
f 2755 2958 2756
f 2747 2959 2945
f 2747 2756 2959
f 2756 2958 2959
f 2945 2959 2947
f 2952 2960 2951
f 2951 2961 2953
f 2960 2961 2951
f 2953 2962 2954
f 2961 2962 2953
f 2954 2963 2955
f 2962 2963 2954
f 2955 2963 2957
f 2758 2964 2965
f 2757 2964 2758
f 2966 2757 2759
f 2966 2967 2757
f 2967 2964 2757
f 2967 2966 2968
f 2965 2969 2758
f 2969 2760 2758
f 2966 2759 2761
f 2968 2966 2761
f 2968 2761 2970
f 2970 2761 2762
f 2971 2762 2763
f 2971 2972 2762
f 2972 2970 2762
f 2972 2971 2973
f 2765 2974 2975
f 2764 2974 2765
f 2974 2764 2760
f 2969 2974 2760
f 2971 2763 2766
f 2973 2971 2766
f 2973 2766 2976
f 2976 2766 2767
f 2976 2767 2977
f 2767 2769 2977
f 2977 2769 2978
f 2769 2771 2978
f 2771 2979 2978
f 2772 2979 2771
f 2975 2980 2765
f 2980 2773 2765
f 2979 2772 2774
f 2981 2979 2774
f 2982 2774 2775
f 2982 2983 2774
f 2983 2981 2774
f 2983 2982 2984
f 2980 2985 2773
f 2985 2776 2773
f 2982 2775 2777
f 2777 2778 2986
f 2982 2777 2986
f 2982 2986 2987
f 2982 2987 2984
f 2987 2986 2988
f 2780 2989 2990
f 2779 2989 2780
f 2989 2779 2776
f 2985 2989 2776
f 2986 2778 2781
f 2781 2782 2991
f 2986 2781 2991
f 2986 2991 2992
f 2986 2992 2988
f 2992 2991 2993
f 2990 2994 2780
f 2994 2784 2780
f 2991 2782 2785
f 2785 2993 2991
f 2785 2786 2993
f 2786 2995 2993
f 2994 2996 2784
f 2996 2789 2784
f 2995 2786 2791
f 2997 2995 2791
f 2791 2998 2997
f 2792 2998 2791
f 2996 2999 2789
f 2999 2797 2789
f 2998 2792 3000
f 3000 2792 2798
f 2802 3001 2803
f 3001 2802 2797
f 3001 2797 3002
f 3002 2797 2999
f 3000 2798 2805
f 3003 3000 2805
f 2805 3004 3003
f 2806 3004 2805
f 2807 3005 2808
f 2803 3005 2807
f 2803 3001 3005
f 3001 3006 3005
f 3002 3007 3006
f 3001 3002 3006
f 3004 2806 3008
f 3008 2806 2810
f 3005 2811 2808
f 3006 2811 3005
f 2813 2811 3006
f 2813 3006 3007
f 2813 3007 2814
f 2814 3007 3009
f 3008 2810 3010
f 3010 2810 2815
f 3009 3011 2814
f 3011 2816 2814
f 3010 2815 3012
f 3012 2815 2817
f 3011 3013 2816
f 3013 2818 2816
f 3014 3015 3012
f 3014 3012 2819
f 2819 3012 2817
f 3015 3014 3016
f 3013 3017 2818
f 3017 2820 2818
f 3014 2819 2822
f 2822 3016 3014
f 2822 2823 3016
f 2823 3018 3016
f 3017 3019 2820
f 3019 2824 2820
f 3018 2823 3020
f 3020 2823 2826
f 2829 3021 3022
f 2828 3021 2829
f 3021 2828 2824
f 3019 3021 2824
f 3020 2826 3023
f 3023 2826 2830
f 3022 3024 2829
f 3024 2831 2829
f 3023 2830 3025
f 3025 2830 2832
f 3024 3026 2831
f 3026 2833 2831
f 3025 2832 3027
f 3027 2832 2834
f 2837 3028 3029
f 2836 3028 2837
f 3028 2836 2833
f 3026 3028 2833
f 3027 2834 3030
f 3030 2834 2838
f 3029 3031 2837
f 3031 2840 2837
f 3032 3033 3030
f 3032 3030 2841
f 2841 3030 2838
f 3033 3032 3034
f 3031 3035 2840
f 3035 2842 2840
f 3036 3032 2841
f 2843 3036 2841
f 3034 3036 3037
f 3032 3036 3034
f 3035 3038 2842
f 3038 2844 2842
f 3039 3036 2843
f 2845 3039 2843
f 3037 3039 3040
f 3036 3039 3037
f 3038 3041 2844
f 3041 2846 2844
f 3042 3039 2845
f 2847 3042 2845
f 3040 3042 3043
f 3039 3042 3040
f 3046 3044 3045
f 3045 3044 2848
f 3045 2848 3041
f 3041 2848 2846
f 3047 3042 2847
f 3047 2847 3048
f 3048 2847 2849
f 3042 3047 3043
f 3050 3044 3046
f 3049 3044 3050
f 3044 3049 2850
f 2848 3044 2850
f 3048 2849 3051
f 3051 2849 2851
f 3050 3052 3049
f 3049 3052 3053
f 3049 3053 2850
f 2850 3053 2852
f 3051 2851 3054
f 3054 2851 2853
f 3053 3055 2852
f 3055 2854 2852
f 3054 2853 3056
f 3056 2853 2855
f 3055 3057 2854
f 3057 2856 2854
f 3056 2855 3058
f 3058 2855 2857
f 3057 3059 2856
f 3059 2858 2856
f 3058 2857 3060
f 3060 2857 2860
f 3061 3059 3062
f 3061 2861 3059
f 2861 2858 3059
f 3062 3063 3061
f 3060 2860 2863
f 3064 3060 2863
f 2863 3065 3064
f 2864 3065 2863
f 3061 2865 2861
f 2865 3061 3063
f 2865 3063 2866
f 2866 3063 3066
f 2867 3067 3068
f 2867 3068 2864
f 2864 3068 3065
f 2867 2868 3067
f 3066 2870 2866
f 3069 2870 3066
f 2870 3069 3070
f 2871 2870 3070
f 3068 3067 3071
f 3067 2868 2873
f 3067 2873 3071
f 3071 2873 3072
f 2873 3073 3072
f 2874 3073 2873
f 2875 3075 3074
f 2875 2871 3075
f 2871 3070 3075
f 2875 3074 2876
f 3073 2874 2877
f 3076 3073 2877
f 3077 2877 2878
f 3077 3078 2877
f 3078 3076 2877
f 3078 3077 3079
f 3075 3080 3074
f 3074 2879 2876
f 3074 3080 2879
f 3080 3081 2879
f 2879 3081 3082
f 2880 2879 3082
f 3077 2878 2881
f 3079 3077 2881
f 3079 2881 3083
f 3083 2881 2883
f 2883 3084 3083
f 2884 3084 2883
f 3082 2885 2880
f 3085 2885 3082
f 2885 3085 3086
f 2887 2885 3086
f 3084 2884 2888
f 3087 3084 2888
f 2888 3088 3087
f 2889 3088 2888
f 3086 2890 2887
f 3089 2890 3086
f 3089 3090 2890
f 2890 3090 2891
f 3090 3091 2891
f 2891 3091 2892
f 2892 3091 3092
f 2894 2892 3092
f 3088 2889 2897
f 3093 3088 2897
f 2897 3094 3093
f 2898 3094 2897
f 3092 2899 2894
f 3095 2899 3092
f 3095 3096 2899
f 2899 3096 2900
f 3096 3097 2900
f 2900 3097 2901
f 3099 3098 2902
f 3099 2902 3097
f 3097 2902 2901
f 2902 3098 2904
f 3094 2898 2906
f 3100 3094 2906
f 2906 3101 3100
f 2907 3101 2906
f 3098 2910 2909
f 3098 3099 2910
f 3099 3102 2910
f 3098 2909 2904
f 3101 2907 3103
f 3103 2907 2911
f 2913 3104 3105
f 2912 3104 2913
f 3104 2912 2910
f 3102 3104 2910
f 3103 2911 3106
f 3106 2911 2914
f 3105 3107 2913
f 3107 2915 2913
f 3106 2914 3108
f 3108 2914 2916
f 3107 3109 2915
f 3109 2917 2915
f 3108 2916 3110
f 3110 2916 2918
f 3113 3111 3112
f 3112 3111 2919
f 3112 2919 3109
f 3109 2919 2917
f 3110 2918 3114
f 3114 2918 2920
f 3111 2923 2922
f 3111 3113 2923
f 3113 3115 2923
f 3111 2922 2919
f 3114 2920 3116
f 3116 2920 2925
f 2926 3118 3117
f 2926 2923 3118
f 2923 3115 3118
f 2926 3117 2927
f 2929 3120 3119
f 2928 2929 3119
f 3119 2925 2928
f 3116 2925 3119
f 3118 3121 3117
f 3117 3121 3122
f 3117 3122 2927
f 2927 3122 2930
f 2932 3124 3123
f 2931 2932 3123
f 3123 2929 2931
f 3120 2929 3123
f 3122 3125 2930
f 3125 2934 2930
f 2936 3127 3126
f 2935 2936 3126
f 3126 2932 2935
f 3124 2932 3126
f 3125 2937 2934
f 3128 2937 3125
f 2937 3128 3129
f 2939 2937 3129
f 2941 3131 3130
f 2940 2941 3130
f 3130 2936 2940
f 3127 2936 3130
f 3129 2942 2939
f 3132 2942 3129
f 2942 3132 3133
f 2944 2942 3133
f 2947 3135 3134
f 2946 2947 3134
f 3134 2941 2946
f 3131 2941 3134
f 3133 2948 2944
f 3136 2948 3133
f 3136 3137 2948
f 2948 3137 2949
f 3139 3138 2950
f 3139 2950 3137
f 3137 2950 2949
f 2950 3138 2952
f 2957 3141 3140
f 2956 2957 3140
f 3140 3142 2956
f 2956 3142 2958
f 3142 3143 2958
f 2958 3143 2959
f 3143 2947 2959
f 3135 2947 3143
f 3139 3144 3138
f 3138 2960 2952
f 3138 3144 2960
f 3144 3145 2960
f 3145 3146 2960
f 2960 3146 2961
f 3146 3147 2961
f 2961 3147 2962
f 3147 3148 2962
f 2962 3148 2963
f 3148 2957 2963
f 3141 2957 3148
f 2965 3149 3150
f 2964 3149 2965
f 3149 2964 3151
f 2964 2967 3151
f 2967 3152 3151
f 2968 3152 2967
f 3150 3153 2965
f 3153 2969 2965
f 3152 2968 2970
f 3154 3152 2970
f 3154 2970 3155
f 2970 2972 3155
f 2972 3156 3155
f 2973 3156 2972
f 2975 3157 3158
f 2974 3157 2975
f 3157 2974 2969
f 3153 3157 2969
f 3156 2973 2976
f 3159 3156 2976
f 3159 2976 3160
f 2976 2977 3160
f 3160 2977 3161
f 2977 2978 3161
f 2978 3162 3161
f 2979 3162 2978
f 3158 3163 2975
f 3163 2980 2975
f 3162 2979 2981
f 3164 3162 2981
f 3164 2981 3165
f 2981 2983 3165
f 2983 3166 3165
f 2984 3166 2983
f 3163 3167 2980
f 3167 2985 2980
f 3166 2984 2987
f 3168 3166 2987
f 2987 3169 3168
f 2988 3169 2987
f 2990 3170 3171
f 2989 3170 2990
f 3170 2989 2985
f 3167 3170 2985
f 2992 3172 3173
f 2992 3173 2988
f 2988 3173 3169
f 2992 2993 3172
f 3171 3174 2990
f 3174 2994 2990
f 3173 3172 3175
f 3172 3176 3175
f 3172 2993 3176
f 2993 2995 3176
f 3174 3177 2994
f 3177 2996 2994
f 3176 2995 2997
f 3178 3176 2997
f 2997 3179 3178
f 2998 3179 2997
f 3177 3180 2996
f 3180 2999 2996
f 3179 2998 3181
f 3181 2998 3000
f 3180 3182 2999
f 3182 3002 2999
f 3003 3183 3184
f 3003 3184 3000
f 3000 3184 3181
f 3003 3004 3183
f 3182 3185 3002
f 3185 3007 3002
f 3184 3183 3186
f 3183 3187 3186
f 3183 3004 3187
f 3004 3008 3187
f 3185 3188 3007
f 3188 3009 3007
f 3187 3008 3189
f 3189 3008 3010
f 3188 3190 3009
f 3190 3011 3009
f 3189 3010 3191
f 3191 3010 3012
f 3190 3192 3011
f 3192 3013 3011
f 3191 3012 3015
f 3193 3191 3015
f 3015 3194 3193
f 3016 3194 3015
f 3192 3195 3013
f 3195 3017 3013
f 3194 3016 3196
f 3196 3016 3018
f 3195 3197 3017
f 3197 3019 3017
f 3196 3018 3198
f 3198 3018 3020
f 3022 3199 3200
f 3021 3199 3022
f 3199 3021 3019
f 3197 3199 3019
f 3198 3020 3201
f 3201 3020 3023
f 3200 3202 3022
f 3202 3024 3022
f 3201 3023 3203
f 3203 3023 3025
f 3202 3204 3024
f 3204 3026 3024
f 3203 3025 3205
f 3205 3025 3027
f 3029 3206 3207
f 3028 3206 3029
f 3206 3028 3026
f 3204 3206 3026
f 3205 3027 3208
f 3208 3027 3030
f 3207 3209 3029
f 3209 3031 3029
f 3033 3210 3211
f 3033 3211 3030
f 3030 3211 3208
f 3033 3034 3210
f 3209 3212 3031
f 3212 3035 3031
f 3211 3210 3213
f 3210 3214 3213
f 3210 3034 3214
f 3034 3037 3214
f 3212 3215 3035
f 3215 3038 3035
f 3214 3037 3216
f 3216 3037 3040
f 3219 3217 3218
f 3218 3217 3041
f 3218 3041 3215
f 3215 3041 3038
f 3216 3040 3220
f 3220 3040 3043
f 3217 3046 3045
f 3217 3219 3046
f 3219 3221 3046
f 3217 3045 3041
f 3047 3048 3222
f 3222 3043 3047
f 3222 3223 3043
f 3223 3220 3043
f 3221 3224 3046
f 3224 3050 3046
f 3225 3222 3048
f 3225 3048 3226
f 3226 3048 3051
f 3222 3225 3223
f 3052 3228 3227
f 3052 3050 3228
f 3050 3224 3228
f 3052 3227 3053
f 3226 3051 3229
f 3229 3051 3054
f 3228 3230 3227
f 3227 3230 3231
f 3227 3231 3053
f 3053 3231 3055
f 3229 3054 3232
f 3232 3054 3056
f 3231 3233 3055
f 3233 3057 3055
f 3232 3056 3234
f 3234 3056 3058
f 3233 3235 3057
f 3235 3059 3057
f 3234 3058 3236
f 3236 3058 3060
f 3062 3238 3237
f 3062 3059 3238
f 3059 3235 3238
f 3062 3237 3063
f 3236 3060 3064
f 3239 3236 3064
f 3064 3240 3239
f 3065 3240 3064
f 3238 3241 3237
f 3237 3241 3242
f 3237 3242 3063
f 3063 3242 3066
f 3240 3065 3243
f 3243 3065 3068
f 3069 3245 3244
f 3069 3066 3245
f 3066 3242 3245
f 3069 3244 3070
f 3243 3068 3071
f 3246 3243 3071
f 3246 3071 3247
f 3071 3072 3247
f 3072 3248 3247
f 3073 3248 3072
f 3245 3249 3244
f 3244 3249 3250
f 3244 3250 3070
f 3070 3250 3075
f 3248 3073 3076
f 3251 3248 3076
f 3251 3076 3252
f 3076 3078 3252
f 3078 3253 3252
f 3079 3253 3078
f 3250 3080 3075
f 3254 3080 3250
f 3254 3255 3080
f 3080 3255 3081
f 3081 3255 3256
f 3082 3081 3256
f 3253 3079 3083
f 3257 3253 3083
f 3083 3258 3257
f 3084 3258 3083
f 3256 3085 3082
f 3259 3085 3256
f 3260 3086 3085
f 3260 3085 3261
f 3261 3085 3259
f 3261 3262 3260
f 3258 3084 3087
f 3263 3258 3087
f 3087 3264 3263
f 3088 3264 3087
f 3260 3089 3086
f 3262 3089 3260
f 3262 3265 3089
f 3265 3090 3089
f 3265 3266 3090
f 3090 3266 3091
f 3267 3092 3091
f 3267 3091 3268
f 3268 3091 3266
f 3268 3269 3267
f 3264 3088 3093
f 3270 3264 3093
f 3093 3271 3270
f 3094 3271 3093
f 3267 3095 3092
f 3269 3095 3267
f 3269 3272 3095
f 3272 3096 3095
f 3272 3273 3096
f 3096 3273 3097
f 3097 3273 3274
f 3099 3097 3274
f 3271 3094 3100
f 3275 3271 3100
f 3100 3276 3275
f 3101 3276 3100
f 3274 3277 3099
f 3277 3102 3099
f 3276 3101 3278
f 3278 3101 3103
f 3105 3279 3280
f 3104 3279 3105
f 3279 3104 3102
f 3277 3279 3102
f 3278 3103 3281
f 3281 3103 3106
f 3280 3282 3105
f 3282 3107 3105
f 3281 3106 3283
f 3283 3106 3108
f 3282 3284 3107
f 3284 3109 3107
f 3283 3108 3285
f 3285 3108 3110
f 3113 3286 3287
f 3112 3286 3113
f 3286 3112 3109
f 3284 3286 3109
f 3285 3110 3288
f 3288 3110 3114
f 3287 3289 3113
f 3289 3115 3113
f 3288 3114 3290
f 3290 3114 3116
f 3289 3291 3115
f 3291 3118 3115
f 3120 3293 3292
f 3119 3120 3292
f 3292 3116 3119
f 3290 3116 3292
f 3291 3121 3118
f 3294 3121 3291
f 3121 3294 3295
f 3122 3121 3295
f 3124 3297 3296
f 3123 3124 3296
f 3296 3120 3123
f 3293 3120 3296
f 3295 3298 3122
f 3298 3125 3122
f 3127 3300 3299
f 3126 3127 3299
f 3299 3124 3126
f 3297 3124 3299
f 3298 3128 3125
f 3301 3128 3298
f 3128 3301 3302
f 3129 3128 3302
f 3131 3304 3303
f 3130 3131 3303
f 3303 3127 3130
f 3300 3127 3303
f 3302 3132 3129
f 3305 3132 3302
f 3132 3305 3306
f 3133 3132 3306
f 3135 3308 3307
f 3134 3135 3307
f 3307 3131 3134
f 3304 3131 3307
f 3306 3136 3133
f 3309 3136 3306
f 3309 3310 3136
f 3136 3310 3137
f 3137 3310 3311
f 3139 3137 3311
f 3141 3313 3312
f 3140 3141 3312
f 3312 3314 3140
f 3140 3314 3142
f 3314 3315 3142
f 3142 3315 3143
f 3315 3135 3143
f 3308 3135 3315
f 3311 3144 3139
f 3316 3144 3311
f 3316 3317 3144
f 3144 3317 3145
f 3317 3318 3145
f 3145 3318 3146
f 3318 3319 3146
f 3146 3319 3147
f 3319 3320 3147
f 3147 3320 3148
f 3320 3141 3148
f 3313 3141 3320
f 3150 3321 3322
f 3149 3321 3150
f 3321 3149 3323
f 3149 3151 3323
f 3151 3324 3323
f 3152 3324 3151
f 3322 3325 3150
f 3325 3153 3150
f 3324 3152 3154
f 3326 3324 3154
f 3326 3154 3327
f 3154 3155 3327
f 3155 3328 3327
f 3156 3328 3155
f 3158 3329 3330
f 3157 3329 3158
f 3329 3157 3153
f 3325 3329 3153
f 3328 3156 3159
f 3331 3328 3159
f 3331 3159 3332
f 3159 3160 3332
f 3332 3160 3333
f 3160 3161 3333
f 3161 3334 3333
f 3162 3334 3161
f 3330 3335 3158
f 3335 3163 3158
f 3334 3162 3164
f 3336 3334 3164
f 3338 3165 3337
f 3338 3336 3165
f 3336 3164 3165
f 3165 3166 3337
f 3335 3339 3163
f 3339 3167 3163
f 3338 3337 3340
f 3342 3168 3341
f 3340 3168 3342
f 3340 3166 3168
f 3340 3337 3166
f 3168 3169 3341
f 3171 3343 3344
f 3170 3343 3171
f 3343 3170 3167
f 3339 3343 3167
f 3342 3341 3345
f 3341 3346 3345
f 3341 3169 3346
f 3169 3173 3346
f 3344 3347 3171
f 3347 3174 3171
f 3346 3173 3175
f 3348 3346 3175
f 3175 3349 3348
f 3176 3349 3175
f 3347 3350 3174
f 3350 3177 3174
f 3178 3351 3352
f 3178 3352 3176
f 3176 3352 3349
f 3178 3179 3351
f 3350 3353 3177
f 3353 3180 3177
f 3352 3351 3354
f 3351 3355 3354
f 3351 3179 3355
f 3179 3181 3355
f 3353 3356 3180
f 3356 3182 3180
f 3355 3181 3357
f 3357 3181 3184
f 3356 3358 3182
f 3358 3185 3182
f 3357 3184 3186
f 3359 3357 3186
f 3186 3360 3359
f 3187 3360 3186
f 3358 3361 3185
f 3361 3188 3185
f 3360 3187 3362
f 3362 3187 3189
f 3361 3363 3188
f 3363 3190 3188
f 3362 3189 3364
f 3364 3189 3191
f 3363 3365 3190
f 3365 3192 3190
f 3193 3366 3367
f 3193 3367 3191
f 3191 3367 3364
f 3193 3194 3366
f 3365 3368 3192
f 3368 3195 3192
f 3367 3366 3369
f 3366 3370 3369
f 3366 3194 3370
f 3194 3196 3370
f 3368 3371 3195
f 3371 3197 3195
f 3370 3196 3372
f 3372 3196 3198
f 3200 3373 3374
f 3199 3373 3200
f 3373 3199 3197
f 3371 3373 3197
f 3372 3198 3375
f 3375 3198 3201
f 3374 3376 3200
f 3376 3202 3200
f 3375 3201 3377
f 3377 3201 3203
f 3376 3378 3202
f 3378 3204 3202
f 3377 3203 3379
f 3379 3203 3205
f 3207 3380 3381
f 3206 3380 3207
f 3380 3206 3204
f 3378 3380 3204
f 3379 3205 3382
f 3382 3205 3208
f 3381 3383 3207
f 3383 3209 3207
f 3382 3208 3384
f 3384 3208 3211
f 3383 3385 3209
f 3385 3212 3209
f 3213 3386 3387
f 3213 3387 3211
f 3211 3387 3384
f 3213 3214 3386
f 3385 3388 3212
f 3388 3215 3212
f 3390 3387 3386
f 3389 3390 3386
f 3386 3216 3389
f 3214 3216 3386
f 3218 3391 3219
f 3391 3218 3215
f 3391 3215 3392
f 3392 3215 3388
f 3394 3390 3389
f 3393 3394 3389
f 3389 3220 3393
f 3216 3220 3389
f 3395 3219 3391
f 3221 3219 3395
f 3392 3396 3395
f 3391 3392 3395
f 3394 3393 3397
f 3393 3398 3397
f 3393 3220 3398
f 3220 3223 3398
f 3399 3221 3395
f 3224 3221 3399
f 3396 3400 3399
f 3395 3396 3399
f 3226 3402 3401
f 3225 3226 3401
f 3401 3223 3225
f 3398 3223 3401
f 3403 3224 3399
f 3228 3224 3403
f 3400 3404 3403
f 3399 3400 3403
f 3402 3226 3405
f 3405 3226 3229
f 3403 3230 3228
f 3230 3403 3404
f 3230 3404 3231
f 3231 3404 3406
f 3405 3229 3407
f 3407 3229 3232
f 3406 3408 3231
f 3408 3233 3231
f 3407 3232 3409
f 3409 3232 3234
f 3408 3410 3233
f 3410 3235 3233
f 3409 3234 3411
f 3411 3234 3236
f 3410 3412 3235
f 3412 3238 3235
f 3239 3413 3414
f 3239 3414 3236
f 3236 3414 3411
f 3239 3240 3413
f 3241 3416 3415
f 3241 3238 3416
f 3238 3412 3416
f 3241 3415 3242
f 3418 3414 3413
f 3417 3418 3413
f 3413 3243 3417
f 3240 3243 3413
f 3416 3419 3415
f 3415 3419 3420
f 3415 3420 3242
f 3242 3420 3245
f 3418 3417 3421
f 3417 3243 3246
f 3417 3246 3421
f 3421 3246 3422
f 3422 3246 3423
f 3246 3247 3423
f 3247 3424 3423
f 3248 3424 3247
f 3420 3249 3245
f 3425 3249 3420
f 3249 3425 3426
f 3250 3249 3426
f 3424 3248 3251
f 3427 3424 3251
f 3429 3252 3428
f 3429 3427 3252
f 3427 3251 3252
f 3252 3253 3428
f 3426 3254 3250
f 3430 3254 3426
f 3430 3431 3254
f 3254 3431 3255
f 3255 3431 3432
f 3256 3255 3432
f 3429 3428 3433
f 3428 3253 3257
f 3428 3257 3433
f 3433 3257 3434
f 3257 3435 3434
f 3258 3435 3257
f 3432 3259 3256
f 3436 3259 3432
f 3436 3437 3259
f 3259 3437 3261
f 3261 3437 3438
f 3262 3261 3438
f 3435 3258 3263
f 3439 3435 3263
f 3263 3440 3439
f 3264 3440 3263
f 3438 3265 3262
f 3441 3265 3438
f 3441 3442 3265
f 3265 3442 3266
f 3442 3443 3266
f 3266 3443 3268
f 3444 3269 3268
f 3444 3268 3445
f 3445 3268 3443
f 3445 3447 3446
f 3444 3445 3446
f 3447 3448 3446
f 3440 3264 3270
f 3449 3440 3270
f 3270 3450 3449
f 3271 3450 3270
f 3444 3272 3269
f 3446 3272 3444
f 3273 3272 3446
f 3273 3451 3274
f 3446 3451 3273
f 3446 3452 3451
f 3446 3448 3452
f 3452 3453 3451
f 3450 3271 3275
f 3454 3450 3275
f 3275 3455 3454
f 3276 3455 3275
f 3456 3274 3451
f 3456 3457 3274
f 3457 3277 3274
f 3451 3453 3456
f 3455 3276 3458
f 3458 3276 3278
f 3280 3459 3460
f 3279 3459 3280
f 3459 3279 3277
f 3457 3459 3277
f 3458 3278 3461
f 3461 3278 3281
f 3464 3462 3463
f 3463 3462 3282
f 3463 3282 3460
f 3460 3282 3280
f 3461 3281 3465
f 3465 3281 3283
f 3464 3466 3462
f 3462 3466 3467
f 3462 3467 3282
f 3282 3467 3284
f 3465 3283 3468
f 3468 3283 3285
f 3286 3469 3287
f 3469 3286 3284
f 3469 3284 3470
f 3470 3284 3467
f 3468 3285 3471
f 3471 3285 3288
f 3472 3287 3469
f 3289 3287 3472
f 3470 3473 3472
f 3469 3470 3472
f 3471 3288 3474
f 3474 3288 3290
f 3475 3289 3472
f 3291 3289 3475
f 3473 3476 3475
f 3472 3473 3475
f 3293 3478 3477
f 3292 3293 3477
f 3477 3290 3292
f 3474 3290 3477
f 3475 3294 3291
f 3294 3475 3476
f 3294 3476 3295
f 3295 3476 3479
f 3297 3481 3480
f 3296 3297 3480
f 3480 3293 3296
f 3478 3293 3480
f 3479 3482 3295
f 3482 3298 3295
f 3300 3484 3483
f 3299 3300 3483
f 3483 3297 3299
f 3481 3297 3483
f 3482 3301 3298
f 3485 3301 3482
f 3301 3485 3486
f 3302 3301 3486
f 3304 3488 3487
f 3303 3304 3487
f 3487 3300 3303
f 3484 3300 3487
f 3486 3305 3302
f 3489 3305 3486
f 3490 3306 3305
f 3490 3305 3491
f 3491 3305 3489
f 3491 3492 3490
f 3308 3494 3493
f 3307 3308 3493
f 3493 3304 3307
f 3488 3304 3493
f 3490 3309 3306
f 3492 3309 3490
f 3492 3495 3309
f 3495 3310 3309
f 3496 3311 3310
f 3496 3310 3497
f 3497 3310 3495
f 3497 3498 3496
f 3313 3500 3499
f 3312 3313 3499
f 3499 3501 3312
f 3312 3501 3314
f 3501 3502 3314
f 3314 3502 3315
f 3502 3308 3315
f 3494 3308 3502
f 3496 3316 3311
f 3498 3316 3496
f 3498 3503 3316
f 3503 3317 3316
f 3503 3504 3317
f 3317 3504 3318
f 3504 3505 3318
f 3318 3505 3319
f 3505 3506 3319
f 3319 3506 3320
f 3506 3313 3320
f 3500 3313 3506
f 3321 3507 3322
f 3507 3508 3509
f 3507 3321 3508
f 3321 3323 3508
f 3323 3510 3508
f 3324 3510 3323
f 3511 3322 3507
f 3511 3512 3322
f 3512 3325 3322
f 3507 3509 3511
f 3510 3324 3326
f 3513 3510 3326
f 3513 3326 3514
f 3326 3327 3514
f 3327 3515 3514
f 3328 3515 3327
f 3329 3516 3330
f 3516 3329 3325
f 3516 3325 3517
f 3517 3325 3512
f 3515 3328 3331
f 3518 3515 3331
f 3520 3332 3519
f 3520 3518 3332
f 3518 3331 3332
f 3333 3519 3332
f 3521 3519 3333
f 3333 3334 3521
f 3522 3330 3516
f 3522 3523 3330
f 3523 3335 3330
f 3516 3517 3522
f 3520 3519 3524
f 3519 3521 3525
f 3524 3519 3525
f 3521 3334 3336
f 3521 3336 3525
f 3525 3336 3526
f 3336 3527 3526
f 3338 3527 3336
f 3530 3528 3529
f 3529 3528 3531
f 3523 3532 3335
f 3532 3339 3335
f 3527 3338 3340
f 3533 3527 3340
f 3340 3534 3533
f 3342 3534 3340
f 3536 3528 3530
f 3535 3528 3536
f 3531 3537 3538
f 3531 3528 3537
f 3528 3535 3537
f 3344 3538 3537
f 3344 3343 3538
f 3343 3539 3538
f 3539 3343 3339
f 3532 3539 3339
f 3534 3342 3345
f 3540 3534 3345
f 3345 3541 3540
f 3346 3541 3345
f 3543 3535 3536
f 3542 3535 3543
f 3535 3542 3537
f 3537 3542 3544
f 3537 3544 3347
f 3344 3537 3347
f 3541 3346 3348
f 3545 3541 3348
f 3348 3546 3545
f 3349 3546 3348
f 3548 3542 3543
f 3547 3542 3548
f 3542 3547 3544
f 3544 3547 3549
f 3544 3549 3350
f 3347 3544 3350
f 3546 3349 3550
f 3550 3349 3352
f 3552 3547 3548
f 3551 3547 3552
f 3547 3551 3549
f 3549 3551 3553
f 3549 3553 3353
f 3350 3549 3353
f 3550 3352 3354
f 3554 3550 3354
f 3354 3555 3554
f 3355 3555 3354
f 3557 3551 3552
f 3556 3551 3557
f 3551 3556 3553
f 3553 3556 3558
f 3553 3558 3356
f 3353 3553 3356
f 3555 3355 3559
f 3559 3355 3357
f 3561 3556 3557
f 3560 3556 3561
f 3556 3560 3558
f 3558 3560 3562
f 3558 3562 3358
f 3356 3558 3358
f 3359 3563 3564
f 3359 3564 3357
f 3357 3564 3559
f 3359 3360 3563
f 3566 3560 3561
f 3565 3560 3566
f 3560 3565 3562
f 3562 3565 3567
f 3562 3567 3361
f 3358 3562 3361
f 3564 3563 3568
f 3563 3569 3568
f 3563 3360 3569
f 3360 3362 3569
f 3566 3570 3565
f 3565 3571 3567
f 3570 3571 3565
f 3567 3571 3572
f 3567 3572 3361
f 3361 3572 3363
f 3569 3362 3573
f 3573 3362 3364
f 3572 3574 3363
f 3574 3365 3363
f 3573 3364 3575
f 3575 3364 3367
f 3574 3576 3365
f 3576 3368 3365
f 3369 3577 3578
f 3369 3578 3367
f 3367 3578 3575
f 3369 3370 3577
f 3576 3579 3368
f 3579 3371 3368
f 3581 3578 3577
f 3580 3581 3577
f 3577 3372 3580
f 3370 3372 3577
f 3373 3582 3374
f 3582 3373 3371
f 3582 3371 3583
f 3583 3371 3579
f 3581 3580 3584
f 3580 3585 3584
f 3580 3372 3585
f 3372 3375 3585
f 3586 3374 3582
f 3586 3587 3374
f 3587 3376 3374
f 3582 3583 3586
f 3585 3375 3588
f 3588 3375 3377
f 3587 3589 3376
f 3589 3378 3376
f 3588 3377 3590
f 3590 3377 3379
f 3380 3591 3381
f 3591 3380 3378
f 3591 3378 3592
f 3592 3378 3589
f 3590 3379 3593
f 3593 3379 3382
f 3594 3381 3591
f 3594 3595 3381
f 3595 3383 3381
f 3591 3592 3594
f 3593 3382 3596
f 3596 3382 3384
f 3595 3597 3383
f 3597 3385 3383
f 3596 3384 3598
f 3598 3384 3387
f 3597 3599 3385
f 3599 3388 3385
f 3598 3387 3600
f 3600 3387 3390
f 3599 3601 3388
f 3601 3392 3388
f 3600 3390 3602
f 3602 3390 3394
f 3601 3603 3392
f 3603 3396 3392
f 3397 3604 3605
f 3397 3605 3394
f 3394 3605 3602
f 3397 3398 3604
f 3603 3606 3396
f 3606 3400 3396
f 3604 3401 3402
f 3604 3402 3605
f 3605 3402 3607
f 3604 3398 3401
f 3606 3608 3400
f 3608 3404 3400
f 3607 3402 3609
f 3609 3402 3405
f 3608 3610 3404
f 3610 3406 3404
f 3609 3405 3611
f 3611 3405 3407
f 3610 3612 3406
f 3612 3408 3406
f 3611 3407 3613
f 3613 3407 3409
f 3616 3614 3615
f 3615 3614 3410
f 3615 3410 3612
f 3612 3410 3408
f 3619 3618 3617
f 3618 3411 3617
f 3618 3613 3411
f 3613 3409 3411
f 3621 3614 3616
f 3620 3614 3621
f 3614 3620 3412
f 3410 3614 3412
f 3619 3617 3622
f 3617 3623 3622
f 3617 3411 3623
f 3411 3414 3623
f 3621 3624 3620
f 3620 3624 3625
f 3620 3625 3412
f 3412 3625 3416
f 3628 3627 3626
f 3627 3418 3626
f 3627 3623 3418
f 3623 3414 3418
f 3625 3419 3416
f 3629 3419 3625
f 3419 3629 3630
f 3420 3419 3630
f 3628 3626 3631
f 3626 3418 3421
f 3626 3421 3631
f 3631 3421 3632
f 3632 3421 3633
f 3421 3422 3633
f 3635 3423 3634
f 3635 3633 3423
f 3633 3422 3423
f 3423 3424 3634
f 3630 3425 3420
f 3636 3425 3630
f 3425 3636 3637
f 3426 3425 3637
f 3635 3634 3638
f 3634 3424 3427
f 3634 3427 3638
f 3638 3427 3639
f 3427 3640 3639
f 3429 3640 3427
f 3637 3430 3426
f 3641 3430 3637
f 3641 3642 3430
f 3430 3642 3431
f 3431 3642 3643
f 3432 3431 3643
f 3640 3429 3433
f 3644 3640 3433
f 3646 3434 3645
f 3646 3644 3434
f 3644 3433 3434
f 3434 3435 3645
f 3643 3436 3432
f 3647 3436 3643
f 3647 3648 3436
f 3436 3648 3437
f 3649 3438 3437
f 3649 3437 3650
f 3650 3437 3648
f 3650 3651 3649
f 3646 3645 3652
f 3645 3435 3439
f 3645 3439 3652
f 3652 3439 3653
f 3439 3654 3653
f 3440 3654 3439
f 3649 3441 3438
f 3651 3441 3649
f 3651 3655 3441
f 3655 3442 3441
f 3655 3656 3442
f 3442 3656 3443
f 3656 3657 3443
f 3443 3657 3445
f 3657 3658 3445
f 3445 3658 3447
f 3659 3448 3447
f 3659 3447 3660
f 3660 3447 3658
f 3660 3661 3659
f 3654 3440 3449
f 3662 3654 3449
f 3449 3663 3662
f 3450 3663 3449
f 3659 3452 3448
f 3452 3664 3453
f 3659 3664 3452
f 3659 3665 3664
f 3659 3661 3665
f 3665 3666 3664
f 3454 3667 3668
f 3454 3668 3450
f 3450 3668 3663
f 3454 3455 3667
f 3456 3669 3457
f 3669 3670 3671
f 3456 3670 3669
f 3456 3664 3670
f 3456 3453 3664
f 3664 3666 3670
f 3668 3667 3672
f 3667 3673 3672
f 3667 3455 3673
f 3455 3458 3673
f 3459 3674 3460
f 3674 3675 3676
f 3459 3675 3674
f 3459 3669 3675
f 3459 3457 3669
f 3669 3671 3675
f 3673 3458 3677
f 3677 3458 3461
f 3680 3678 3679
f 3464 3679 3678
f 3464 3463 3679
f 3463 3681 3679
f 3460 3674 3682
f 3460 3682 3463
f 3463 3682 3681
f 3674 3676 3682
f 3677 3461 3683
f 3683 3461 3465
f 3680 3684 3678
f 3686 3685 3466
f 3684 3686 3466
f 3684 3466 3464
f 3684 3464 3678
f 3466 3685 3467
f 3683 3465 3687
f 3687 3465 3468
f 3686 3688 3685
f 3685 3688 3689
f 3685 3689 3467
f 3467 3689 3470
f 3687 3468 3690
f 3690 3468 3471
f 3689 3691 3470
f 3691 3473 3470
f 3694 3693 3692
f 3693 3474 3692
f 3693 3690 3474
f 3690 3471 3474
f 3691 3695 3473
f 3695 3476 3473
f 3692 3477 3478
f 3692 3478 3694
f 3694 3478 3696
f 3692 3474 3477
f 3695 3697 3476
f 3697 3479 3476
f 3481 3699 3698
f 3480 3481 3698
f 3698 3478 3480
f 3696 3478 3698
f 3700 3697 3701
f 3700 3482 3697
f 3482 3479 3697
f 3701 3702 3700
f 3484 3704 3703
f 3483 3484 3703
f 3703 3481 3483
f 3699 3481 3703
f 3700 3485 3482
f 3485 3705 3486
f 3700 3705 3485
f 3700 3706 3705
f 3700 3702 3706
f 3706 3707 3705
f 3488 3709 3708
f 3487 3488 3708
f 3708 3484 3487
f 3704 3484 3708
f 3705 3489 3486
f 3707 3489 3705
f 3707 3710 3489
f 3710 3491 3489
f 3491 3710 3711
f 3492 3491 3711
f 3714 3713 3712
f 3494 3712 3713
f 3494 3713 3493
f 3493 3713 3715
f 3715 3488 3493
f 3709 3488 3715
f 3711 3495 3492
f 3716 3495 3711
f 3716 3717 3495
f 3495 3717 3497
f 3718 3498 3497
f 3718 3497 3719
f 3719 3497 3717
f 3719 3721 3720
f 3718 3719 3720
f 3721 3723 3722
f 3720 3721 3722
f 3723 3725 3724
f 3722 3723 3724
f 3500 3724 3725
f 3500 3725 3499
f 3499 3725 3726
f 3726 3727 3499
f 3499 3727 3501
f 3712 3727 3714
f 3712 3502 3727
f 3502 3501 3727
f 3712 3494 3502
f 3718 3503 3498
f 3720 3503 3718
f 3504 3503 3720
f 3722 3504 3720
f 3505 3504 3722
f 3724 3505 3722
f 3506 3505 3724
f 3724 3500 3506
f 3508 3728 3509
f 3508 3510 3728
f 3512 3729 3730
f 3511 3729 3512
f 3509 3728 3731
f 3509 3731 3511
f 3511 3731 3729
f 3728 3510 3513
f 3728 3513 3731
f 3731 3513 3732
f 3734 3514 3733
f 3734 3732 3514
f 3732 3513 3514
f 3514 3515 3733
f 3730 3735 3512
f 3735 3517 3512
f 3734 3733 3736
f 3733 3515 3518
f 3733 3518 3736
f 3736 3518 3737
f 3518 3738 3737
f 3520 3738 3518
f 3522 3739 3523
f 3739 3522 3517
f 3739 3517 3740
f 3740 3517 3735
f 3738 3520 3524
f 3741 3738 3524
f 3743 3525 3742
f 3743 3741 3525
f 3741 3524 3525
f 3526 3742 3525
f 3744 3742 3526
f 3526 3527 3744
f 3747 3745 3746
f 3746 3748 3749
f 3745 3748 3746
f 3530 3749 3748
f 3530 3529 3749
f 3529 3750 3749
f 3751 3529 3531
f 3751 3752 3529
f 3752 3750 3529
f 3752 3751 3753
f 3754 3523 3739
f 3754 3755 3523
f 3755 3532 3523
f 3739 3740 3754
f 3743 3742 3756
f 3742 3744 3757
f 3756 3742 3757
f 3759 3533 3758
f 3757 3533 3759
f 3757 3527 3533
f 3757 3744 3527
f 3533 3534 3758
f 3761 3745 3747
f 3760 3745 3761
f 3745 3760 3748
f 3748 3760 3762
f 3748 3762 3536
f 3530 3748 3536
f 3751 3531 3538
f 3753 3751 3538
f 3753 3538 3763
f 3763 3538 3539
f 3763 3539 3532
f 3755 3763 3532
f 3759 3758 3764
f 3766 3540 3765
f 3764 3540 3766
f 3764 3534 3540
f 3764 3758 3534
f 3540 3541 3765
f 3768 3760 3761
f 3767 3760 3768
f 3760 3767 3762
f 3762 3767 3769
f 3762 3769 3543
f 3536 3762 3543
f 3766 3765 3770
f 3772 3545 3771
f 3770 3545 3772
f 3770 3541 3545
f 3770 3765 3541
f 3545 3546 3771
f 3774 3767 3768
f 3773 3767 3774
f 3767 3773 3769
f 3769 3773 3775
f 3769 3775 3548
f 3543 3769 3548
f 3772 3771 3776
f 3771 3777 3776
f 3771 3546 3777
f 3546 3550 3777
f 3779 3773 3774
f 3778 3773 3779
f 3773 3778 3775
f 3775 3778 3780
f 3775 3780 3552
f 3548 3775 3552
f 3554 3781 3782
f 3554 3782 3550
f 3550 3782 3777
f 3554 3555 3781
f 3784 3778 3779
f 3783 3778 3784
f 3778 3783 3780
f 3780 3783 3785
f 3780 3785 3557
f 3552 3780 3557
f 3782 3781 3786
f 3781 3787 3786
f 3781 3555 3787
f 3555 3559 3787
f 3789 3783 3784
f 3788 3783 3789
f 3783 3788 3785
f 3785 3788 3790
f 3785 3790 3561
f 3557 3785 3561
f 3787 3559 3791
f 3791 3559 3564
f 3789 3792 3788
f 3788 3793 3790
f 3792 3793 3788
f 3790 3793 3794
f 3790 3794 3561
f 3561 3794 3566
f 3568 3795 3796
f 3568 3796 3564
f 3564 3796 3791
f 3568 3569 3795
f 3794 3570 3566
f 3797 3570 3794
f 3797 3798 3570
f 3570 3798 3571
f 3799 3572 3571
f 3799 3571 3800
f 3800 3571 3798
f 3800 3801 3799
f 3803 3796 3795
f 3802 3803 3795
f 3795 3573 3802
f 3569 3573 3795
f 3804 3572 3799
f 3574 3572 3804
f 3801 3805 3804
f 3799 3801 3804
f 3803 3802 3806
f 3802 3807 3806
f 3802 3573 3807
f 3573 3575 3807
f 3808 3574 3804
f 3576 3574 3808
f 3805 3809 3808
f 3804 3805 3808
f 3807 3575 3810
f 3810 3575 3578
f 3811 3576 3808
f 3579 3576 3811
f 3809 3812 3811
f 3808 3809 3811
f 3810 3578 3813
f 3813 3578 3581
f 3814 3579 3811
f 3814 3815 3579
f 3815 3583 3579
f 3811 3812 3814
f 3584 3816 3817
f 3584 3817 3581
f 3581 3817 3813
f 3584 3585 3816
f 3586 3818 3587
f 3818 3586 3583
f 3818 3583 3819
f 3819 3583 3815
f 3821 3817 3816
f 3820 3821 3816
f 3816 3588 3820
f 3585 3588 3816
f 3822 3587 3818
f 3822 3823 3587
f 3823 3589 3587
f 3818 3819 3822
f 3825 3821 3820
f 3824 3825 3820
f 3820 3590 3824
f 3588 3590 3820
f 3823 3826 3589
f 3826 3592 3589
f 3825 3824 3827
f 3824 3828 3827
f 3824 3590 3828
f 3590 3593 3828
f 3594 3829 3595
f 3829 3594 3592
f 3829 3592 3830
f 3830 3592 3826
f 3828 3593 3831
f 3831 3593 3596
f 3832 3595 3829
f 3597 3595 3832
f 3830 3833 3832
f 3829 3830 3832
f 3831 3596 3834
f 3834 3596 3598
f 3835 3597 3832
f 3835 3836 3597
f 3836 3599 3597
f 3832 3833 3835
f 3834 3598 3837
f 3837 3598 3600
f 3836 3838 3599
f 3838 3601 3599
f 3837 3600 3839
f 3839 3600 3602
f 3838 3840 3601
f 3840 3603 3601
f 3839 3602 3841
f 3841 3602 3605
f 3840 3842 3603
f 3842 3606 3603
f 3845 3844 3843
f 3844 3607 3843
f 3844 3841 3607
f 3841 3605 3607
f 3842 3846 3606
f 3846 3608 3606
f 3848 3845 3843
f 3847 3848 3843
f 3843 3609 3847
f 3607 3609 3843
f 3851 3849 3850
f 3850 3849 3610
f 3850 3610 3846
f 3846 3610 3608
f 3853 3848 3847
f 3852 3853 3847
f 3847 3611 3852
f 3609 3611 3847
f 3855 3849 3851
f 3854 3849 3855
f 3849 3854 3612
f 3610 3849 3612
f 3857 3853 3852
f 3856 3857 3852
f 3852 3613 3856
f 3611 3613 3852
f 3860 3858 3859
f 3859 3861 3862
f 3858 3861 3859
f 3862 3863 3864
f 3861 3863 3862
f 3864 3865 3866
f 3863 3865 3864
f 3866 3865 3867
f 3870 3868 3869
f 3854 3616 3615
f 3855 3616 3854
f 3855 3868 3616
f 3855 3869 3868
f 3854 3615 3612
f 3856 3618 3619
f 3856 3619 3857
f 3857 3619 3871
f 3856 3613 3618
f 3860 3872 3858
f 3858 3873 3861
f 3872 3873 3858
f 3861 3874 3863
f 3873 3874 3861
f 3863 3875 3865
f 3874 3875 3863
f 3865 3875 3867
f 3870 3876 3868
f 3868 3876 3877
f 3868 3877 3616
f 3616 3877 3621
f 3622 3878 3879
f 3622 3879 3619
f 3619 3879 3871
f 3622 3623 3878
f 3877 3624 3621
f 3880 3624 3877
f 3624 3880 3881
f 3625 3624 3881
f 3884 3883 3882
f 3878 3627 3628
f 3879 3878 3628
f 3879 3628 3882
f 3879 3882 3883
f 3878 3623 3627
f 3881 3629 3625
f 3885 3629 3881
f 3629 3885 3886
f 3630 3629 3886
f 3888 3884 3882
f 3887 3888 3882
f 3628 3887 3882
f 3628 3889 3887
f 3628 3631 3889
f 3890 3887 3889
f 3892 3632 3891
f 3892 3889 3632
f 3889 3631 3632
f 3633 3891 3632
f 3893 3891 3633
f 3633 3635 3893
f 3886 3636 3630
f 3894 3636 3886
f 3636 3894 3895
f 3637 3636 3895
f 3888 3887 3896
f 3887 3890 3896
f 3892 3891 3897
f 3891 3893 3898
f 3897 3891 3898
f 3900 3638 3899
f 3898 3638 3900
f 3898 3635 3638
f 3898 3893 3635
f 3639 3899 3638
f 3901 3899 3639
f 3639 3640 3901
f 3895 3641 3637
f 3902 3641 3895
f 3902 3903 3641
f 3641 3903 3642
f 3904 3643 3642
f 3904 3642 3905
f 3905 3642 3903
f 3905 3906 3904
f 3900 3899 3907
f 3909 3907 3899
f 3909 3899 3908
f 3908 3899 3901
f 3644 3901 3640
f 3644 3910 3901
f 3910 3908 3901
f 3644 3646 3910
f 3904 3647 3643
f 3906 3647 3904
f 3906 3911 3647
f 3911 3648 3647
f 3911 3912 3648
f 3648 3912 3650
f 3913 3651 3650
f 3913 3650 3914
f 3914 3650 3912
f 3914 3916 3915
f 3913 3914 3915
f 3916 3918 3917
f 3915 3916 3917
f 3918 3920 3919
f 3917 3918 3919
f 3920 3922 3921
f 3919 3920 3921
f 3922 3923 3921
f 3909 3908 3924
f 3908 3910 3925
f 3924 3908 3925
f 3910 3646 3652
f 3910 3652 3925
f 3925 3652 3926
f 3928 3653 3927
f 3928 3926 3653
f 3926 3652 3653
f 3653 3654 3927
f 3913 3655 3651
f 3915 3655 3913
f 3656 3655 3915
f 3917 3656 3915
f 3657 3656 3917
f 3919 3657 3917
f 3658 3657 3919
f 3921 3658 3919
f 3660 3658 3921
f 3660 3929 3661
f 3921 3929 3660
f 3921 3930 3929
f 3921 3923 3930
f 3930 3931 3929
f 3928 3927 3932
f 3934 3662 3933
f 3932 3662 3934
f 3932 3654 3662
f 3932 3927 3654
f 3662 3663 3933
f 3929 3665 3661
f 3665 3935 3666
f 3929 3935 3665
f 3929 3936 3935
f 3929 3931 3936
f 3936 3937 3935
f 3934 3933 3938
f 3933 3939 3938
f 3933 3663 3939
f 3663 3668 3939
f 3670 3940 3671
f 3666 3940 3670
f 3666 3935 3940
f 3935 3941 3940
f 3937 3942 3941
f 3935 3937 3941
f 3939 3668 3672
f 3943 3939 3672
f 3672 3944 3943
f 3673 3944 3672
f 3675 3945 3676
f 3671 3945 3675
f 3671 3940 3945
f 3940 3946 3945
f 3947 3948 3946
f 3947 3946 3941
f 3941 3946 3940
f 3941 3942 3947
f 3944 3673 3949
f 3949 3673 3677
f 3679 3950 3680
f 3681 3950 3679
f 3951 3950 3681
f 3682 3951 3681
f 3952 3951 3682
f 3952 3953 3954
f 3682 3953 3952
f 3682 3945 3953
f 3682 3676 3945
f 3945 3946 3955
f 3953 3945 3955
f 3946 3948 3955
f 3949 3677 3956
f 3956 3677 3683
f 3950 3684 3680
f 3684 3957 3686
f 3684 3950 3957
f 3950 3951 3957
f 3958 3959 3957
f 3958 3957 3952
f 3952 3957 3951
f 3952 3954 3958
f 3956 3683 3960
f 3960 3683 3687
f 3957 3688 3686
f 3688 3957 3959
f 3688 3959 3689
f 3689 3959 3961
f 3964 3963 3962
f 3963 3690 3962
f 3963 3960 3690
f 3960 3687 3690
f 3961 3965 3689
f 3965 3691 3689
f 3962 3693 3694
f 3962 3694 3964
f 3964 3694 3966
f 3962 3690 3693
f 3965 3967 3691
f 3967 3695 3691
f 3970 3969 3968
f 3969 3696 3968
f 3969 3966 3696
f 3966 3694 3696
f 3971 3967 3972
f 3971 3697 3967
f 3697 3695 3967
f 3972 3973 3971
f 3976 3975 3974
f 3968 3698 3699
f 3970 3968 3699
f 3970 3699 3974
f 3970 3974 3975
f 3968 3696 3698
f 3971 3701 3697
f 3701 3971 3973
f 3701 3973 3702
f 3702 3973 3977
f 3980 3979 3978
f 3974 3703 3704
f 3976 3974 3704
f 3976 3704 3978
f 3976 3978 3979
f 3974 3699 3703
f 3977 3706 3702
f 3981 3706 3977
f 3982 3707 3706
f 3982 3706 3983
f 3983 3706 3981
f 3983 3984 3982
f 3987 3986 3985
f 3978 3708 3709
f 3980 3978 3709
f 3980 3709 3985
f 3980 3985 3986
f 3978 3704 3708
f 3982 3710 3707
f 3710 3988 3711
f 3982 3988 3710
f 3982 3989 3988
f 3982 3984 3989
f 3989 3991 3990
f 3988 3989 3990
f 3991 3992 3990
f 3995 3994 3993
f 3714 3993 3994
f 3714 3994 3713
f 3713 3994 3996
f 3985 3996 3987
f 3985 3715 3996
f 3715 3713 3996
f 3985 3709 3715
f 3988 3716 3711
f 3990 3716 3988
f 3717 3716 3990
f 3992 3717 3990
f 3992 3997 3717
f 3997 3719 3717
f 3997 3998 3719
f 3719 3998 3721
f 3998 3999 3721
f 3721 3999 3723
f 3999 4000 3723
f 3723 4000 3725
f 4000 4001 3725
f 3725 4001 3726
f 3993 4001 3995
f 3993 3727 4001
f 3727 3726 4001
f 3993 3714 3727
f 3729 4002 3730
f 4002 4003 4004
f 4002 3729 4003
f 3729 3731 4003
f 4006 3732 4005
f 4006 4003 3732
f 4003 3731 3732
f 3732 3734 4005
f 4007 3730 4002
f 3735 3730 4007
f 4004 4008 4007
f 4002 4004 4007
f 4006 4005 4009
f 4005 3734 3736
f 4005 3736 4009
f 4009 3736 4010
f 4012 3737 4011
f 4012 4010 3737
f 4010 3736 3737
f 3737 3738 4011
f 4015 4013 4014
f 4014 4016 4017
f 4013 4016 4014
f 4017 4016 4018
f 4021 4019 4020
f 4020 4022 4023
f 4019 4022 4020
f 4023 4022 4024
f 4025 3735 4007
f 4025 4026 3735
f 4026 3740 3735
f 4007 4008 4025
f 4012 4011 4027
f 4029 3741 4028
f 4027 3741 4029
f 4027 3738 3741
f 4027 4011 3738
f 3741 3743 4028
f 4015 4030 4013
f 4013 4031 4016
f 4030 4031 4013
f 4016 4031 4018
f 4033 4019 4021
f 4032 4019 4033
f 4019 4032 4022
f 4022 4032 4034
f 4024 3746 4035
f 4024 4034 3746
f 4024 4022 4034
f 4034 3747 3746
f 4035 3746 4036
f 3746 3749 4036
f 4036 3749 4037
f 3749 3750 4037
f 4037 3750 4038
f 3750 3752 4038
f 3752 4039 4038
f 3753 4039 3752
f 3754 4040 3755
f 4040 3754 3740
f 4040 3740 4041
f 4041 3740 4026
f 4029 4028 4042
f 4044 3756 4043
f 4042 3756 4044
f 4042 3743 3756
f 4042 4028 3743
f 3757 4043 3756
f 4045 4043 3757
f 3757 3759 4045
f 4047 4032 4033
f 4046 4032 4047
f 4032 4046 4034
f 4034 4046 4048
f 4034 4048 3761
f 3747 4034 3761
f 4039 3753 3763
f 4049 4039 3763
f 3755 4040 4050
f 3755 4050 3763
f 3763 4050 4049
f 4040 4041 4050
f 4044 4043 4051
f 4043 4045 4052
f 4051 4043 4052
f 4054 3764 4053
f 4052 3764 4054
f 4052 3759 3764
f 4052 4045 3759
f 3764 3766 4053
f 4056 4046 4047
f 4055 4046 4056
f 4046 4055 4048
f 4048 4055 4057
f 4048 4057 3768
f 3761 4048 3768
f 4054 4053 4058
f 4060 3770 4059
f 4058 3770 4060
f 4058 3766 3770
f 4058 4053 3766
f 3770 3772 4059
f 4062 4055 4056
f 4061 4055 4062
f 4055 4061 4057
f 4057 4061 4063
f 4057 4063 3774
f 3768 4057 3774
f 4060 4059 4064
f 4066 3776 4065
f 4064 3776 4066
f 4064 3772 3776
f 4064 4059 3772
f 3776 3777 4065
f 4068 4061 4062
f 4067 4061 4068
f 4061 4067 4063
f 4063 4067 4069
f 4063 4069 3779
f 3774 4063 3779
f 4071 4066 4065
f 4070 4071 4065
f 4065 3782 4070
f 3777 3782 4065
f 4068 4072 4067
f 4074 4067 4072
f 4074 4073 4067
f 4073 4069 4067
f 4069 4073 3784
f 3779 4069 3784
f 4071 4070 4075
f 4077 3786 4076
f 4075 3786 4077
f 4075 3782 3786
f 4075 4070 3782
f 3786 3787 4076
f 4074 4078 4073
f 4073 3789 3784
f 4073 4080 3789
f 4073 4078 4080
f 4080 4079 3789
f 4080 4081 4079
f 4083 4077 4076
f 4082 4083 4076
f 4076 3791 4082
f 3787 3791 4076
f 4079 3792 3789
f 4081 3792 4079
f 4081 4084 3792
f 4084 3793 3792
f 3793 4084 4085
f 3794 3793 4085
f 4087 4083 4082
f 4086 4087 4082
f 4082 3796 4086
f 3791 3796 4082
f 4085 3797 3794
f 4088 3797 4085
f 4088 4089 3797
f 3797 4089 3798
f 4089 4090 3798
f 3798 4090 3800
f 4091 3801 3800
f 4091 3800 4092
f 4092 3800 4090
f 4092 4093 4091
f 4087 4086 4094
f 4086 4095 4094
f 4086 3796 4095
f 3796 3803 4095
f 4096 3801 4091
f 3805 3801 4096
f 4093 4097 4096
f 4091 4093 4096
f 3806 4098 4099
f 3806 4099 3803
f 3803 4099 4095
f 3806 3807 4098
f 4100 3805 4096
f 3809 3805 4100
f 4097 4101 4100
f 4096 4097 4100
f 4103 4099 4098
f 4102 4103 4098
f 4098 3810 4102
f 3807 3810 4098
f 4104 3809 4100
f 4104 4105 3809
f 4105 3812 3809
f 4100 4101 4104
f 4107 4103 4102
f 4106 4107 4102
f 4102 3813 4106
f 3810 3813 4102
f 3814 4108 3815
f 4108 3814 3812
f 4108 3812 4109
f 4109 3812 4105
f 4111 4107 4106
f 4110 4111 4106
f 4106 3817 4110
f 3813 3817 4106
f 4112 3815 4108
f 4112 4113 3815
f 4113 3819 3815
f 4108 4109 4112
f 4111 4110 4114
f 4110 4115 4114
f 4110 3817 4115
f 3817 3821 4115
f 3822 4116 3823
f 4116 3822 3819
f 4116 3819 4117
f 4117 3819 4113
f 4115 3821 4118
f 4118 3821 3825
f 4119 3823 4116
f 3826 3823 4119
f 4117 4120 4119
f 4116 4117 4119
f 3827 4121 4122
f 3827 4122 3825
f 3825 4122 4118
f 3827 3828 4121
f 4123 3826 4119
f 4123 4124 3826
f 4124 3830 3826
f 4119 4120 4123
f 4126 4122 4121
f 4125 4126 4121
f 4121 3831 4125
f 3828 3831 4121
f 4124 4127 3830
f 4127 3833 3830
f 4129 4126 4125
f 4128 4129 4125
f 4125 3834 4128
f 3831 3834 4125
f 3835 4130 3836
f 4130 3835 3833
f 4130 3833 4131
f 4131 3833 4127
f 4133 4129 4128
f 4132 4133 4128
f 4128 3837 4132
f 3834 3837 4128
f 4134 3836 4130
f 3838 3836 4134
f 4131 4135 4134
f 4130 4131 4134
f 4137 4133 4132
f 4136 4137 4132
f 4132 3839 4136
f 3837 3839 4132
f 4138 3838 4134
f 3840 3838 4138
f 4135 4139 4138
f 4134 4135 4138
f 4141 4137 4136
f 4140 4141 4136
f 4136 3841 4140
f 3839 3841 4136
f 4142 3840 4138
f 3842 3840 4142
f 4139 4143 4142
f 4138 4139 4142
f 4140 3844 3845
f 4140 3845 4141
f 4141 3845 4144
f 4140 3841 3844
f 4147 4145 4146
f 4145 4148 4146
f 4145 3842 4148
f 4145 3846 3842
f 4142 4148 3842
f 4142 4143 4148
f 4144 3845 4149
f 4149 3845 3848
f 4152 4150 4151
f 4145 3851 3850
f 4147 3851 4145
f 4147 4150 3851
f 4147 4151 4150
f 4145 3850 3846
f 4149 3848 4153
f 4153 3848 3853
f 4156 4154 4155
f 4155 4157 4158
f 4154 4157 4155
f 4158 4159 4160
f 4157 4159 4158
f 4160 4161 4162
f 4159 4161 4160
f 4162 4163 4164
f 4161 4163 4162
f 4164 4165 4166
f 4163 4165 4164
f 4166 4167 4168
f 4165 4167 4166
f 4168 4169 4170
f 4167 4169 4168
f 4170 4171 4172
f 4169 4171 4170
f 4172 4173 4174
f 4171 4173 4172
f 4174 4175 4176
f 4173 4175 4174
f 4176 4175 4177
f 4179 4150 4152
f 4178 4150 4179
f 4150 4178 3855
f 3851 4150 3855
f 4182 4181 4180
f 4181 3857 4180
f 4181 4153 3857
f 4153 3853 3857
f 4185 4183 4184
f 4184 4154 4156
f 4184 4183 4154
f 4183 4186 4154
f 3860 3859 4157
f 3860 4157 4186
f 4186 4157 4154
f 4159 4157 3859
f 3862 4159 3859
f 4161 4159 3862
f 3864 4161 3862
f 4163 4161 3864
f 3866 4163 3864
f 3866 3867 4187
f 3866 4187 4163
f 4163 4187 4165
f 4165 4187 4167
f 4167 4187 4188
f 4167 4188 4169
f 4169 4188 4189
f 4169 4189 4171
f 4171 4189 4190
f 4171 4190 4173
f 4173 4190 4191
f 4192 4191 4193
f 4192 4175 4191
f 4175 4173 4191
f 4175 4192 4177
f 4178 3870 3869
f 4178 4179 3870
f 4179 4194 3870
f 4178 3869 3855
f 4196 4182 4180
f 4195 4196 4180
f 4180 3871 4195
f 3857 3871 4180
f 4185 4197 4183
f 4183 4198 4186
f 4197 4198 4183
f 4186 3872 3860
f 4186 4198 3872
f 4198 4199 3872
f 4201 4200 3873
f 4201 3873 4199
f 4199 3873 3872
f 3874 3873 4200
f 4202 3874 4200
f 3875 3874 4202
f 4203 3875 4202
f 3867 3875 4203
f 3867 4203 4187
f 4187 4203 4204
f 4187 4204 4188
f 4188 4204 4205
f 4206 4205 4207
f 4206 4189 4205
f 4189 4188 4205
f 4189 4208 4190
f 4206 4208 4189
f 4190 4209 4191
f 4208 4209 4190
f 4191 4209 4193
f 4194 3876 3870
f 4210 3876 4194
f 3876 4210 4211
f 3877 3876 4211
f 4213 4196 4195
f 4212 4213 4195
f 4195 3879 4212
f 3871 3879 4195
f 4201 4214 4200
f 4200 4215 4202
f 4214 4215 4200
f 4202 4216 4203
f 4215 4216 4202
f 4203 4217 4204
f 4216 4217 4203
f 4204 4218 4205
f 4217 4218 4204
f 4205 4218 4207
f 4211 3880 3877
f 4219 3880 4211
f 3880 4219 4220
f 3881 3880 4220
f 4223 4222 4221
f 4212 3883 3884
f 4213 4212 3884
f 4213 3884 4221
f 4213 4221 4222
f 4212 3879 3883
f 4220 3885 3881
f 4224 3885 4220
f 3885 4224 4225
f 3886 3885 4225
f 4227 4223 4221
f 4226 4227 4221
f 4221 3888 4226
f 3884 3888 4221
f 3889 4228 3890
f 3889 3892 4228
f 4225 3894 3886
f 4229 3894 4225
f 4230 3895 3894
f 4230 3894 4231
f 4231 3894 4229
f 4231 4232 4230
f 4235 4234 4233
f 4234 4227 4226
f 4234 4226 4233
f 4233 4226 4236
f 3896 4226 3888
f 3896 4237 4226
f 4237 4236 4226
f 3890 4237 3896
f 3890 4228 4237
f 4228 4238 4237
f 3897 4228 3892
f 3897 4239 4228
f 4239 4238 4228
f 3898 4239 3897
f 4240 4239 3898
f 3898 3900 4240
f 4230 3902 3895
f 4232 3902 4230
f 4232 4241 3902
f 4241 3903 3902
f 4241 4242 3903
f 3903 4242 3905
f 4243 3906 3905
f 4243 3905 4244
f 4244 3905 4242
f 4244 4245 4243
f 4248 4247 4246
f 4247 4250 4249
f 4246 4247 4249
f 4250 4252 4251
f 4249 4250 4251
f 4252 4235 4233
f 4252 4233 4251
f 4251 4233 4253
f 4233 4236 4253
f 4236 4254 4253
f 4255 4256 4254
f 4255 4254 4237
f 4237 4254 4236
f 4237 4238 4257
f 4255 4237 4257
f 4238 4239 4258
f 4257 4238 4258
f 4239 4240 4259
f 4258 4239 4259
f 4240 3900 3907
f 4240 3907 4259
f 4259 3907 4260
f 3907 4261 4260
f 3909 4261 3907
f 4243 3911 3906
f 4245 3911 4243
f 4245 4262 3911
f 4262 3912 3911
f 4262 4263 3912
f 3912 4263 3914
f 4263 4264 3914
f 3914 4264 3916
f 4264 4265 3916
f 3916 4265 3918
f 4265 4266 3918
f 3918 4266 3920
f 4246 4266 4248
f 4246 3922 4266
f 3922 3920 4266
f 3922 4267 3923
f 3922 4246 4267
f 4246 4249 4267
f 4249 4251 4267
f 4251 4268 4267
f 4251 4253 4268
f 4253 4269 4268
f 4253 4254 4269
f 4254 4270 4269
f 4256 4271 4270
f 4254 4256 4270
f 4261 3909 3924
f 4272 4261 3924
f 4272 3924 4273
f 3924 3925 4273
f 4275 3926 4274
f 4275 4273 3926
f 4273 3925 3926
f 3926 3928 4274
f 4267 3930 3923
f 3930 4276 3931
f 3930 4267 4276
f 4267 4268 4276
f 4268 4269 4276
f 4269 4277 4276
f 4269 4270 4277
f 4270 4278 4277
f 4271 4279 4278
f 4270 4271 4278
f 4275 4274 4280
f 4282 3932 4281
f 4280 3932 4282
f 4280 3928 3932
f 4280 4274 3928
f 3932 3934 4281
f 4276 3936 3931
f 3936 4283 3937
f 3936 4276 4283
f 4276 4277 4283
f 4277 4278 4283
f 4278 4284 4283
f 4279 4285 4284
f 4278 4279 4284
f 4282 4281 4286
f 4281 3934 3938
f 4281 3938 4286
f 4286 3938 4287
f 3938 4288 4287
f 3939 4288 3938
f 4289 3937 4283
f 3942 3937 4289
f 4290 4291 4289
f 4290 4289 4284
f 4284 4289 4283
f 4284 4285 4290
f 4288 3939 3943
f 4292 4288 3943
f 4293 3943 3944
f 4293 4294 3943
f 4294 4292 3943
f 4294 4293 4295
f 3947 4296 3948
f 4296 4297 4298
f 3947 4297 4296
f 3947 4289 4297
f 3947 3942 4289
f 4289 4291 4297
f 4299 4293 3944
f 3949 4299 3944
f 4295 4299 4300
f 4293 4299 4295
f 3953 4301 3954
f 3955 4301 3953
f 4302 4301 3955
f 4302 4303 4304
f 3955 4303 4302
f 3955 4296 4303
f 3955 3948 4296
f 4296 4298 4303
f 4305 4299 3949
f 4305 3949 4306
f 4306 3949 3956
f 4299 4305 4300
f 3958 4307 3959
f 3954 4307 3958
f 3954 4301 4307
f 4301 4308 4307
f 4309 4310 4308
f 4309 4308 4302
f 4302 4308 4301
f 4302 4304 4309
f 4306 3956 4311
f 4311 3956 3960
f 4312 3959 4307
f 3961 3959 4312
f 4307 4308 4312
f 4308 4313 4312
f 4310 4314 4313
f 4308 4310 4313
f 3964 4316 4315
f 3963 3964 4315
f 4315 3960 3963
f 4311 3960 4315
f 4317 3961 4312
f 3965 3961 4317
f 4318 4319 4317
f 4318 4317 4313
f 4313 4317 4312
f 4313 4314 4318
f 4316 3964 4320
f 4320 3964 3966
f 4321 3965 4317
f 3967 3965 4321
f 4319 4322 4321
f 4317 4319 4321
f 4325 4324 4323
f 3970 4323 4324
f 3970 4324 3969
f 3969 4324 4326
f 4326 3966 3969
f 4320 3966 4326
f 4321 3972 3967
f 3972 4327 3973
f 4321 4327 3972
f 4321 4328 4327
f 4321 4322 4328
f 4328 4329 4327
f 4332 4331 4330
f 4323 3975 3976
f 4325 4323 3976
f 4325 3976 4330
f 4325 4330 4331
f 4323 3970 3975
f 4333 3973 4327
f 3977 3973 4333
f 4329 4335 4334
f 4329 4334 4327
f 4327 4334 4333
f 4335 4336 4334
f 4339 4338 4337
f 4330 3979 3980
f 4332 4330 3980
f 4332 3980 4337
f 4332 4337 4338
f 4330 3976 3979
f 4333 3981 3977
f 4334 3981 4333
f 3983 3981 4334
f 3983 4340 3984
f 4334 4340 3983
f 4334 4341 4340
f 4334 4336 4341
f 4341 4343 4342
f 4340 4341 4342
f 4343 4344 4342
f 4347 4346 4345
f 4337 3986 3987
f 4339 4337 3987
f 4339 3987 4345
f 4339 4345 4346
f 4337 3980 3986
f 4340 3989 3984
f 4342 3989 4340
f 3991 3989 4342
f 3991 4348 3992
f 4342 4348 3991
f 4342 4349 4348
f 4342 4344 4349
f 4349 4351 4350
f 4348 4349 4350
f 4351 4353 4352
f 4350 4351 4352
f 4353 4355 4354
f 4352 4353 4354
f 4355 4357 4356
f 4354 4355 4356
f 3995 4356 4357
f 3995 4357 3994
f 3994 4357 4358
f 4345 4358 4347
f 4345 3996 4358
f 3996 3994 4358
f 4345 3987 3996
f 4348 3997 3992
f 4350 3997 4348
f 3998 3997 4350
f 4352 3998 4350
f 3999 3998 4352
f 4354 3999 4352
f 4000 3999 4354
f 4356 4000 4354
f 4001 4000 4356
f 4356 3995 4001
f 4003 4359 4004
f 4003 4006 4359
f 4362 4360 4361
f 4361 4360 4363
f 4364 4004 4359
f 4008 4004 4364
f 4009 4359 4006
f 4009 4365 4359
f 4365 4364 4359
f 4010 4365 4009
f 4366 4365 4010
f 4010 4012 4366
f 4369 4367 4368
f 4015 4368 4367
f 4015 4014 4368
f 4014 4370 4368
f 4360 4362 4370
f 4360 4370 4017
f 4017 4370 4014
f 4017 4363 4360
f 4017 4018 4363
f 4018 4371 4363
f 4374 4372 4373
f 4373 4375 4376
f 4372 4375 4373
f 4021 4376 4375
f 4021 4020 4376
f 4020 4377 4376
f 4377 4020 4378
f 4020 4023 4378
f 4379 4023 4024
f 4379 4380 4023
f 4380 4378 4023
f 4380 4379 4381
f 4025 4382 4026
f 4382 4383 4384
f 4025 4383 4382
f 4025 4364 4383
f 4025 4008 4364
f 4364 4365 4385
f 4383 4364 4385
f 4365 4366 4386
f 4385 4365 4386
f 4388 4027 4387
f 4386 4027 4388
f 4386 4012 4027
f 4386 4366 4012
f 4027 4029 4387
f 4390 4367 4369
f 4389 4367 4390
f 4030 4015 4367
f 4030 4367 4391
f 4391 4367 4389
f 4031 4030 4391
f 4392 4031 4391
f 4392 4018 4031
f 4392 4393 4018
f 4393 4371 4018
f 4395 4372 4374
f 4394 4372 4395
f 4372 4394 4375
f 4375 4394 4396
f 4375 4396 4033
f 4021 4375 4033
f 4379 4024 4035
f 4381 4379 4035
f 4381 4035 4397
f 4397 4035 4036
f 4397 4036 4398
f 4036 4037 4398
f 4398 4037 4399
f 4037 4038 4399
f 4400 4038 4039
f 4400 4401 4038
f 4401 4399 4038
f 4401 4400 4402
f 4403 4026 4382
f 4041 4026 4403
f 4384 4404 4403
f 4382 4384 4403
f 4388 4387 4405
f 4407 4042 4406
f 4405 4042 4407
f 4405 4029 4042
f 4405 4387 4029
f 4042 4044 4406
f 4390 4408 4389
f 4389 4409 4391
f 4408 4409 4389
f 4391 4410 4392
f 4409 4410 4391
f 4392 4410 4393
f 4412 4394 4395
f 4411 4394 4412
f 4394 4411 4396
f 4396 4411 4413
f 4396 4413 4047
f 4033 4396 4047
f 4400 4039 4049
f 4402 4400 4049
f 4402 4049 4414
f 4414 4049 4050
f 4041 4403 4415
f 4041 4415 4050
f 4050 4415 4414
f 4403 4404 4415
f 4417 4407 4406
f 4416 4417 4406
f 4051 4406 4044
f 4051 4418 4406
f 4418 4416 4406
f 4052 4418 4051
f 4419 4418 4052
f 4052 4054 4419
f 4421 4411 4412
f 4420 4411 4421
f 4411 4420 4413
f 4413 4420 4422
f 4413 4422 4056
f 4047 4413 4056
f 4417 4416 4423
f 4416 4418 4424
f 4423 4416 4424
f 4426 4424 4418
f 4426 4418 4425
f 4425 4418 4419
f 4058 4419 4054
f 4058 4427 4419
f 4427 4425 4419
f 4058 4060 4427
f 4429 4420 4421
f 4428 4420 4429
f 4420 4428 4422
f 4422 4428 4430
f 4422 4430 4062
f 4056 4422 4062
f 4426 4425 4431
f 4433 4431 4425
f 4433 4425 4432
f 4432 4425 4427
f 4064 4427 4060
f 4064 4434 4427
f 4434 4432 4427
f 4064 4066 4434
f 4429 4435 4428
f 4428 4436 4430
f 4435 4436 4428
f 4430 4436 4437
f 4430 4437 4062
f 4062 4437 4068
f 4433 4432 4438
f 4440 4438 4432
f 4440 4432 4439
f 4439 4432 4434
f 4434 4071 4439
f 4066 4071 4434
f 4437 4072 4068
f 4441 4072 4437
f 4442 4074 4072
f 4442 4072 4443
f 4443 4072 4441
f 4443 4444 4442
f 4446 4440 4439
f 4445 4446 4439
f 4075 4439 4071
f 4075 4447 4439
f 4447 4445 4439
f 4075 4077 4447
f 4442 4078 4074
f 4444 4078 4442
f 4444 4448 4078
f 4448 4080 4078
f 4080 4448 4449
f 4081 4080 4449
f 4446 4445 4450
f 4452 4450 4445
f 4452 4445 4451
f 4451 4445 4447
f 4447 4083 4451
f 4077 4083 4447
f 4449 4084 4081
f 4453 4084 4449
f 4454 4085 4084
f 4454 4084 4455
f 4455 4084 4453
f 4455 4456 4454
f 4458 4452 4451
f 4457 4458 4451
f 4451 4087 4457
f 4083 4087 4451
f 4454 4088 4085
f 4456 4088 4454
f 4456 4459 4088
f 4459 4089 4088
f 4459 4460 4089
f 4089 4460 4090
f 4460 4461 4090
f 4090 4461 4092
f 4462 4093 4092
f 4462 4092 4463
f 4463 4092 4461
f 4463 4464 4462
f 4458 4457 4465
f 4467 4094 4466
f 4465 4094 4467
f 4465 4087 4094
f 4465 4457 4087
f 4094 4095 4466
f 4468 4093 4462
f 4097 4093 4468
f 4464 4469 4468
f 4462 4464 4468
f 4471 4467 4466
f 4470 4471 4466
f 4466 4099 4470
f 4095 4099 4466
f 4472 4097 4468
f 4101 4097 4472
f 4469 4473 4472
f 4468 4469 4472
f 4475 4471 4470
f 4474 4475 4470
f 4470 4103 4474
f 4099 4103 4470
f 4104 4476 4105
f 4476 4477 4478
f 4104 4477 4476
f 4104 4472 4477
f 4104 4101 4472
f 4472 4473 4477
f 4480 4475 4474
f 4479 4480 4474
f 4474 4107 4479
f 4103 4107 4474
f 4481 4105 4476
f 4109 4105 4481
f 4478 4482 4481
f 4476 4478 4481
f 4480 4479 4483
f 4479 4484 4483
f 4479 4107 4484
f 4107 4111 4484
f 4112 4485 4113
f 4485 4486 4487
f 4112 4486 4485
f 4112 4481 4486
f 4112 4109 4481
f 4481 4482 4486
f 4114 4488 4489
f 4114 4489 4111
f 4111 4489 4484
f 4114 4115 4488
f 4490 4113 4485
f 4117 4113 4490
f 4487 4491 4490
f 4485 4487 4490
f 4493 4489 4488
f 4492 4493 4488
f 4488 4118 4492
f 4115 4118 4488
f 4494 4117 4490
f 4120 4117 4494
f 4491 4495 4494
f 4490 4491 4494
f 4497 4493 4492
f 4496 4497 4492
f 4492 4122 4496
f 4118 4122 4492
f 4123 4498 4124
f 4498 4499 4500
f 4123 4499 4498
f 4123 4494 4499
f 4123 4120 4494
f 4494 4495 4499
f 4502 4497 4496
f 4501 4502 4496
f 4496 4126 4501
f 4122 4126 4496
f 4503 4124 4498
f 4127 4124 4503
f 4500 4504 4503
f 4498 4500 4503
f 4506 4502 4501
f 4505 4506 4501
f 4501 4129 4505
f 4126 4129 4501
f 4507 4127 4503
f 4131 4127 4507
f 4504 4508 4507
f 4503 4504 4507
f 4510 4506 4505
f 4509 4510 4505
f 4505 4133 4509
f 4129 4133 4505
f 4511 4131 4507
f 4135 4131 4511
f 4508 4512 4511
f 4507 4508 4511
f 4514 4510 4509
f 4513 4514 4509
f 4509 4137 4513
f 4133 4137 4509
f 4515 4135 4511
f 4515 4516 4135
f 4516 4139 4135
f 4511 4512 4515
f 4518 4514 4513
f 4517 4518 4513
f 4513 4141 4517
f 4137 4141 4513
f 4516 4519 4139
f 4519 4143 4139
f 4521 4518 4517
f 4520 4521 4517
f 4517 4144 4520
f 4141 4144 4517
f 4524 4522 4523
f 4523 4525 4526
f 4522 4525 4523
f 4526 4527 4528
f 4525 4527 4526
f 4528 4529 4530
f 4527 4529 4528
f 4530 4531 4532
f 4529 4531 4530
f 4532 4533 4534
f 4531 4533 4532
f 4534 4535 4536
f 4533 4535 4534
f 4536 4537 4538
f 4535 4537 4536
f 4538 4537 4539
f 4542 4540 4541
f 4147 4541 4540
f 4147 4146 4541
f 4146 4543 4541
f 4543 4146 4544
f 4146 4148 4544
f 4544 4148 4143
f 4519 4544 4143
f 4546 4521 4520
f 4545 4546 4520
f 4520 4149 4545
f 4144 4149 4520
f 4549 4547 4548
f 4548 4550 4551
f 4547 4550 4548
f 4551 4552 4553
f 4550 4552 4551
f 4553 4554 4555
f 4552 4554 4553
f 4555 4556 4557
f 4554 4556 4555
f 4557 4558 4559
f 4556 4558 4557
f 4559 4522 4524
f 4559 4558 4522
f 4558 4560 4522
f 4522 4560 4525
f 4525 4560 4561
f 4525 4561 4527
f 4527 4561 4562
f 4527 4562 4529
f 4529 4562 4563
f 4529 4563 4531
f 4531 4563 4564
f 4531 4564 4533
f 4533 4564 4565
f 4533 4565 4535
f 4535 4565 4566
f 4535 4566 4537
f 4537 4566 4567
f 4539 4568 4569
f 4539 4537 4568
f 4537 4567 4568
f 4540 4152 4151
f 4542 4152 4540
f 4542 4568 4152
f 4542 4569 4568
f 4540 4151 4147
f 4571 4546 4545
f 4570 4571 4545
f 4545 4153 4570
f 4149 4153 4545
f 4574 4572 4573
f 4573 4575 4576
f 4572 4575 4573
f 4576 4547 4549
f 4576 4575 4547
f 4575 4577 4547
f 4156 4155 4550
f 4156 4550 4577
f 4577 4550 4547
f 4552 4550 4155
f 4158 4552 4155
f 4554 4552 4158
f 4160 4554 4158
f 4556 4554 4160
f 4162 4556 4160
f 4558 4556 4162
f 4164 4558 4162
f 4560 4558 4164
f 4166 4560 4164
f 4561 4560 4166
f 4168 4561 4166
f 4562 4561 4168
f 4170 4562 4168
f 4563 4562 4170
f 4172 4563 4170
f 4564 4563 4172
f 4174 4564 4172
f 4565 4564 4174
f 4176 4565 4174
f 4176 4177 4578
f 4176 4578 4565
f 4565 4578 4566
f 4566 4578 4567
f 4567 4578 4579
f 4567 4579 4568
f 4568 4579 4580
f 4568 4580 4179
f 4152 4568 4179
f 4570 4181 4182
f 4570 4182 4571
f 4571 4182 4581
f 4570 4153 4181
f 4583 4572 4574
f 4582 4572 4583
f 4572 4582 4575
f 4575 4582 4584
f 4185 4184 4577
f 4185 4577 4584
f 4584 4577 4575
f 4577 4184 4156
f 4192 4193 4585
f 4177 4192 4585
f 4177 4585 4578
f 4578 4585 4586
f 4578 4586 4579
f 4579 4586 4587
f 4579 4587 4580
f 4580 4587 4588
f 4580 4588 4194
f 4179 4580 4194
f 4591 4590 4589
f 4590 4196 4589
f 4590 4581 4196
f 4581 4182 4196
f 4583 4592 4582
f 4594 4582 4592
f 4594 4593 4582
f 4593 4584 4582
f 4197 4185 4584
f 4197 4584 4595
f 4595 4584 4593
f 4198 4197 4595
f 4596 4198 4595
f 4199 4198 4596
f 4597 4199 4596
f 4199 4597 4201
f 4206 4207 4598
f 4208 4206 4598
f 4599 4208 4598
f 4209 4208 4599
f 4600 4209 4599
f 4193 4209 4600
f 4193 4600 4585
f 4585 4600 4601
f 4585 4601 4586
f 4586 4601 4602
f 4586 4602 4587
f 4587 4602 4603
f 4604 4603 4605
f 4604 4588 4603
f 4588 4587 4603
f 4588 4210 4194
f 4588 4604 4210
f 4604 4606 4210
f 4210 4606 4607
f 4211 4210 4607
f 4609 4591 4589
f 4608 4609 4589
f 4589 4213 4608
f 4196 4213 4589
f 4594 4610 4593
f 4593 4611 4595
f 4610 4611 4593
f 4595 4612 4596
f 4611 4612 4595
f 4596 4613 4597
f 4612 4613 4596
f 4597 4214 4201
f 4597 4613 4214
f 4613 4614 4214
f 4614 4615 4214
f 4214 4615 4215
f 4615 4616 4215
f 4215 4616 4216
f 4616 4617 4216
f 4216 4617 4217
f 4617 4618 4217
f 4217 4618 4218
f 4207 4619 4598
f 4207 4218 4619
f 4218 4618 4619
f 4598 4620 4599
f 4619 4620 4598
f 4599 4621 4600
f 4620 4621 4599
f 4600 4622 4601
f 4621 4622 4600
f 4601 4623 4602
f 4622 4623 4601
f 4602 4624 4603
f 4623 4624 4602
f 4603 4624 4605
f 4607 4219 4211
f 4625 4219 4607
f 4219 4625 4626
f 4220 4219 4626
f 4629 4628 4627
f 4608 4222 4223
f 4609 4608 4223
f 4609 4223 4627
f 4609 4627 4628
f 4608 4213 4222
f 4626 4224 4220
f 4630 4224 4626
f 4631 4225 4224
f 4631 4224 4632
f 4632 4224 4630
f 4632 4633 4631
f 4636 4635 4634
f 4635 4629 4627
f 4635 4627 4634
f 4634 4627 4637
f 4627 4227 4637
f 4223 4227 4627
f 4631 4229 4225
f 4633 4229 4631
f 4633 4638 4229
f 4638 4231 4229
f 4639 4232 4231
f 4639 4231 4640
f 4640 4231 4638
f 4640 4641 4639
f 4644 4643 4642
f 4643 4646 4645
f 4642 4643 4645
f 4646 4636 4634
f 4646 4634 4645
f 4645 4634 4647
f 4235 4637 4234
f 4235 4647 4637
f 4647 4634 4637
f 4637 4227 4234
f 4639 4241 4232
f 4641 4241 4639
f 4641 4648 4241
f 4648 4242 4241
f 4648 4649 4242
f 4242 4649 4244
f 4650 4245 4244
f 4650 4244 4651
f 4651 4244 4649
f 4651 4653 4652
f 4650 4651 4652
f 4653 4655 4654
f 4652 4653 4654
f 4655 4657 4656
f 4654 4655 4656
f 4657 4659 4658
f 4656 4657 4658
f 4642 4247 4248
f 4644 4642 4248
f 4644 4248 4658
f 4644 4658 4659
f 4645 4247 4642
f 4250 4247 4645
f 4647 4250 4645
f 4252 4250 4647
f 4647 4235 4252
f 4255 4660 4256
f 4257 4660 4255
f 4661 4660 4257
f 4258 4661 4257
f 4662 4661 4258
f 4259 4662 4258
f 4663 4662 4259
f 4260 4663 4259
f 4664 4663 4260
f 4260 4261 4664
f 4650 4262 4245
f 4652 4262 4650
f 4263 4262 4652
f 4654 4263 4652
f 4264 4263 4654
f 4656 4264 4654
f 4265 4264 4656
f 4658 4265 4656
f 4266 4265 4658
f 4658 4248 4266
f 4665 4256 4660
f 4271 4256 4665
f 4660 4661 4665
f 4661 4666 4665
f 4661 4662 4666
f 4662 4667 4666
f 4662 4663 4667
f 4663 4668 4667
f 4663 4664 4668
f 4664 4669 4668
f 4261 4669 4664
f 4261 4670 4669
f 4261 4272 4670
f 4671 4669 4670
f 4670 4272 4672
f 4272 4273 4672
f 4273 4673 4672
f 4275 4673 4273
f 4674 4271 4665
f 4279 4271 4674
f 4665 4666 4674
f 4666 4675 4674
f 4666 4667 4675
f 4667 4676 4675
f 4677 4678 4676
f 4677 4676 4668
f 4668 4676 4667
f 4668 4669 4679
f 4677 4668 4679
f 4669 4671 4679
f 4673 4275 4280
f 4680 4673 4280
f 4681 4280 4282
f 4681 4682 4280
f 4682 4680 4280
f 4682 4681 4683
f 4684 4279 4674
f 4285 4279 4684
f 4674 4675 4684
f 4675 4685 4684
f 4686 4687 4685
f 4686 4685 4676
f 4676 4685 4675
f 4676 4678 4686
f 4681 4282 4286
f 4683 4681 4286
f 4683 4286 4688
f 4688 4286 4287
f 4689 4287 4288
f 4689 4690 4287
f 4690 4688 4287
f 4690 4689 4691
f 4290 4692 4291
f 4285 4692 4290
f 4285 4684 4692
f 4684 4693 4692
f 4694 4695 4693
f 4694 4693 4685
f 4685 4693 4684
f 4685 4687 4694
f 4689 4288 4292
f 4691 4689 4292
f 4691 4292 4696
f 4696 4292 4294
f 4697 4294 4295
f 4697 4698 4294
f 4698 4696 4294
f 4698 4697 4699
f 4297 4700 4298
f 4291 4700 4297
f 4291 4692 4700
f 4692 4701 4700
f 4702 4703 4701
f 4702 4701 4693
f 4693 4701 4692
f 4693 4695 4702
f 4704 4697 4295
f 4300 4704 4295
f 4699 4704 4705
f 4697 4704 4699
f 4303 4706 4304
f 4298 4706 4303
f 4298 4700 4706
f 4700 4707 4706
f 4708 4709 4707
f 4708 4707 4701
f 4701 4707 4700
f 4701 4703 4708
f 4305 4306 4710
f 4710 4712 4711
f 4305 4710 4711
f 4305 4711 4704
f 4305 4704 4300
f 4704 4711 4705
f 4309 4713 4310
f 4304 4713 4309
f 4304 4706 4713
f 4706 4714 4713
f 4715 4716 4714
f 4715 4714 4707
f 4707 4714 4706
f 4707 4709 4715
f 4717 4710 4306
f 4311 4717 4306
f 4712 4717 4718
f 4710 4717 4712
f 4719 4310 4713
f 4314 4310 4719
f 4713 4714 4719
f 4714 4720 4719
f 4716 4721 4720
f 4714 4716 4720
f 4315 4316 4722
f 4722 4724 4723
f 4315 4722 4723
f 4315 4723 4717
f 4315 4717 4311
f 4717 4723 4718
f 4318 4725 4319
f 4314 4725 4318
f 4314 4719 4725
f 4719 4726 4725
f 4719 4720 4726
f 4720 4727 4726
f 4721 4728 4727
f 4720 4721 4727
f 4731 4730 4729
f 4730 4733 4732
f 4729 4730 4732
f 4733 4735 4734
f 4732 4733 4734
f 4734 4735 4736
f 4734 4736 4316
f 4734 4316 4320
f 4722 4316 4736
f 4722 4736 4724
f 4737 4319 4725
f 4322 4319 4737
f 4725 4726 4737
f 4726 4738 4737
f 4726 4727 4738
f 4727 4739 4738
f 4728 4740 4739
f 4727 4728 4739
f 4743 4742 4741
f 4742 4731 4729
f 4742 4729 4741
f 4741 4729 4744
f 4325 4732 4324
f 4325 4744 4732
f 4744 4729 4732
f 4734 4324 4732
f 4326 4324 4734
f 4734 4320 4326
f 4737 4328 4322
f 4328 4745 4329
f 4328 4737 4745
f 4737 4738 4745
f 4738 4739 4745
f 4739 4746 4745
f 4740 4747 4746
f 4739 4740 4746
f 4750 4749 4748
f 4749 4743 4741
f 4749 4741 4748
f 4748 4741 4751
f 4332 4744 4331
f 4332 4751 4744
f 4751 4741 4744
f 4744 4325 4331
f 4745 4335 4329
f 4335 4752 4336
f 4335 4745 4752
f 4745 4746 4752
f 4747 4754 4753
f 4747 4753 4746
f 4746 4753 4752
f 4754 4755 4753
f 4758 4757 4756
f 4757 4750 4748
f 4757 4748 4756
f 4756 4748 4759
f 4339 4751 4338
f 4339 4759 4751
f 4759 4748 4751
f 4751 4332 4338
f 4752 4341 4336
f 4753 4341 4752
f 4343 4341 4753
f 4343 4760 4344
f 4753 4760 4343
f 4753 4761 4760
f 4753 4755 4761
f 4761 4763 4762
f 4760 4761 4762
f 4763 4765 4764
f 4762 4763 4764
f 4765 4767 4766
f 4764 4765 4766
f 4767 4769 4768
f 4766 4767 4768
f 4769 4758 4756
f 4769 4756 4768
f 4768 4756 4770
f 4347 4759 4346
f 4347 4770 4759
f 4770 4756 4759
f 4759 4339 4346
f 4760 4349 4344
f 4762 4349 4760
f 4351 4349 4762
f 4764 4351 4762
f 4353 4351 4764
f 4766 4353 4764
f 4355 4353 4766
f 4768 4355 4766
f 4357 4355 4768
f 4770 4357 4768
f 4358 4357 4770
f 4770 4347 4358
f 4773 4771 4772
f 4772 4774 4775
f 4771 4774 4772
f 4362 4775 4774
f 4362 4361 4775
f 4361 4776 4775
f 4777 4361 4363
f 4777 4778 4361
f 4778 4776 4361
f 4778 4777 4779
f 4782 4780 4781
f 4781 4783 4784
f 4780 4783 4781
f 4784 4785 4786
f 4783 4785 4784
f 4786 4785 4787
f 4790 4788 4789
f 4771 4369 4368
f 4773 4369 4771
f 4773 4788 4369
f 4773 4789 4788
f 4774 4771 4368
f 4370 4774 4368
f 4774 4370 4362
f 4791 4777 4363
f 4371 4791 4363
f 4779 4791 4792
f 4777 4791 4779
f 4794 4780 4782
f 4793 4780 4794
f 4780 4793 4783
f 4783 4793 4795
f 4374 4373 4785
f 4374 4785 4795
f 4795 4785 4783
f 4787 4785 4373
f 4787 4373 4796
f 4796 4373 4376
f 4796 4376 4797
f 4376 4377 4797
f 4797 4377 4798
f 4377 4378 4798
f 4798 4378 4799
f 4378 4380 4799
f 4380 4800 4799
f 4381 4800 4380
f 4383 4801 4384
f 4385 4801 4383
f 4802 4801 4385
f 4386 4802 4385
f 4803 4802 4386
f 4386 4388 4803
f 4805 4788 4790
f 4804 4788 4805
f 4788 4804 4390
f 4369 4788 4390
f 4806 4791 4371
f 4393 4806 4371
f 4792 4806 4807
f 4791 4806 4792
f 4809 4793 4794
f 4808 4793 4809
f 4793 4808 4795
f 4795 4808 4810
f 4795 4810 4395
f 4374 4795 4395
f 4800 4381 4397
f 4811 4800 4397
f 4811 4397 4812
f 4397 4398 4812
f 4812 4398 4813
f 4398 4399 4813
f 4813 4399 4814
f 4399 4401 4814
f 4401 4815 4814
f 4402 4815 4401
f 4816 4384 4801
f 4404 4384 4816
f 4801 4802 4816
f 4802 4817 4816
f 4802 4803 4817
f 4803 4818 4817
f 4405 4803 4388
f 4405 4819 4803
f 4819 4818 4803
f 4405 4407 4819
f 4805 4820 4804
f 4822 4821 4408
f 4820 4822 4408
f 4820 4408 4390
f 4820 4390 4804
f 4409 4408 4821
f 4823 4409 4821
f 4823 4825 4824
f 4823 4824 4409
f 4409 4824 4410
f 4393 4826 4806
f 4393 4410 4826
f 4410 4824 4826
f 4806 4826 4807
f 4828 4808 4809
f 4827 4808 4828
f 4808 4827 4810
f 4810 4827 4829
f 4810 4829 4412
f 4395 4810 4412
f 4815 4402 4414
f 4830 4815 4414
f 4830 4414 4831
f 4414 4415 4831
f 4404 4831 4415
f 4404 4832 4831
f 4404 4816 4832
f 4832 4833 4831
f 4816 4817 4832
f 4817 4834 4832
f 4817 4818 4834
f 4818 4835 4834
f 4818 4819 4835
f 4819 4836 4835
f 4819 4417 4836
f 4407 4417 4819
f 4822 4837 4821
f 4821 4838 4823
f 4837 4838 4821
f 4823 4838 4825
f 4828 4839 4827
f 4841 4827 4839
f 4841 4840 4827
f 4840 4829 4827
f 4829 4840 4421
f 4412 4829 4421
f 4833 4832 4842
f 4832 4834 4843
f 4842 4832 4843
f 4834 4835 4844
f 4843 4834 4844
f 4846 4844 4835
f 4846 4835 4845
f 4845 4835 4836
f 4423 4836 4417
f 4423 4847 4836
f 4847 4845 4836
f 4424 4847 4423
f 4848 4847 4424
f 4424 4426 4848
f 4841 4849 4840
f 4840 4429 4421
f 4840 4851 4429
f 4840 4849 4851
f 4851 4850 4429
f 4851 4852 4850
f 4846 4845 4853
f 4855 4853 4845
f 4855 4845 4854
f 4854 4845 4847
f 4847 4848 4854
f 4848 4856 4854
f 4431 4848 4426
f 4431 4857 4848
f 4857 4856 4848
f 4431 4433 4857
f 4850 4435 4429
f 4852 4435 4850
f 4852 4858 4435
f 4858 4436 4435
f 4436 4858 4859
f 4437 4436 4859
f 4855 4854 4860
f 4862 4860 4854
f 4862 4854 4861
f 4861 4854 4856
f 4856 4857 4861
f 4857 4863 4861
f 4438 4857 4433
f 4438 4864 4857
f 4864 4863 4857
f 4438 4440 4864
f 4859 4441 4437
f 4865 4441 4859
f 4865 4866 4441
f 4441 4866 4443
f 4443 4866 4867
f 4444 4443 4867
f 4862 4861 4868
f 4870 4868 4861
f 4870 4861 4869
f 4869 4861 4863
f 4863 4864 4869
f 4864 4871 4869
f 4864 4446 4871
f 4440 4446 4864
f 4867 4448 4444
f 4872 4448 4867
f 4448 4872 4873
f 4449 4448 4873
f 4870 4869 4874
f 4876 4874 4869
f 4876 4869 4875
f 4875 4869 4871
f 4450 4871 4446
f 4450 4877 4871
f 4877 4875 4871
f 4450 4452 4877
f 4873 4453 4449
f 4878 4453 4873
f 4878 4879 4453
f 4453 4879 4455
f 4455 4879 4880
f 4456 4455 4880
f 4882 4876 4875
f 4881 4882 4875
f 4875 4877 4881
f 4877 4883 4881
f 4877 4458 4883
f 4452 4458 4877
f 4880 4459 4456
f 4884 4459 4880
f 4884 4885 4459
f 4459 4885 4460
f 4885 4886 4460
f 4460 4886 4461
f 4886 4887 4461
f 4461 4887 4463
f 4463 4887 4888
f 4464 4463 4888
f 4882 4881 4889
f 4891 4889 4881
f 4891 4881 4890
f 4890 4881 4883
f 4465 4883 4458
f 4465 4892 4883
f 4892 4890 4883
f 4465 4467 4892
f 4893 4888 4894
f 4893 4469 4888
f 4469 4464 4888
f 4894 4895 4893
f 4897 4891 4890
f 4896 4897 4890
f 4890 4892 4896
f 4892 4898 4896
f 4892 4471 4898
f 4467 4471 4892
f 4899 4469 4893
f 4473 4469 4899
f 4895 4900 4899
f 4893 4895 4899
f 4902 4897 4896
f 4901 4902 4896
f 4896 4898 4901
f 4898 4903 4901
f 4898 4475 4903
f 4471 4475 4898
f 4477 4904 4478
f 4473 4904 4477
f 4473 4899 4904
f 4899 4905 4904
f 4900 4906 4905
f 4899 4900 4905
f 4908 4902 4901
f 4907 4908 4901
f 4901 4903 4907
f 4903 4909 4907
f 4903 4480 4909
f 4475 4480 4903
f 4910 4478 4904
f 4482 4478 4910
f 4911 4912 4910
f 4911 4910 4905
f 4905 4910 4904
f 4905 4906 4911
f 4908 4907 4913
f 4915 4913 4907
f 4915 4907 4914
f 4914 4907 4909
f 4483 4909 4480
f 4483 4916 4909
f 4916 4914 4909
f 4483 4484 4916
f 4486 4917 4487
f 4482 4917 4486
f 4482 4910 4917
f 4910 4918 4917
f 4912 4919 4918
f 4910 4912 4918
f 4921 4915 4914
f 4920 4921 4914
f 4914 4916 4920
f 4916 4922 4920
f 4916 4489 4922
f 4484 4489 4916
f 4923 4487 4917
f 4491 4487 4923
f 4924 4925 4923
f 4924 4923 4918
f 4918 4923 4917
f 4918 4919 4924
f 4921 4920 4926
f 4928 4926 4920
f 4928 4920 4927
f 4927 4920 4922
f 4922 4493 4927
f 4489 4493 4922
f 4929 4491 4923
f 4495 4491 4929
f 4925 4930 4929
f 4923 4925 4929
f 4932 4928 4927
f 4931 4932 4927
f 4927 4497 4931
f 4493 4497 4927
f 4499 4933 4500
f 4933 4934 4935
f 4499 4934 4933
f 4499 4929 4934
f 4499 4495 4929
f 4929 4930 4934
f 4937 4932 4931
f 4936 4937 4931
f 4931 4502 4936
f 4497 4502 4931
f 4938 4500 4933
f 4504 4500 4938
f 4935 4939 4938
f 4933 4935 4938
f 4941 4937 4936
f 4940 4941 4936
f 4936 4506 4940
f 4502 4506 4936
f 4942 4504 4938
f 4508 4504 4942
f 4939 4943 4942
f 4938 4939 4942
f 4945 4941 4940
f 4944 4945 4940
f 4940 4510 4944
f 4506 4510 4940
f 4946 4508 4942
f 4512 4508 4946
f 4943 4947 4946
f 4942 4943 4946
f 4949 4945 4944
f 4948 4949 4944
f 4944 4514 4948
f 4510 4514 4944
f 4515 4950 4516
f 4950 4951 4952
f 4515 4951 4950
f 4515 4946 4951
f 4515 4512 4946
f 4946 4947 4951
f 4954 4949 4948
f 4953 4954 4948
f 4948 4518 4953
f 4514 4518 4948
f 4957 4955 4956
f 4956 4958 4959
f 4955 4958 4956
f 4959 4960 4961
f 4958 4960 4959
f 4961 4962 4963
f 4960 4962 4961
f 4963 4962 4964
f 4965 4516 4950
f 4519 4516 4965
f 4952 4966 4965
f 4950 4952 4965
f 4968 4954 4953
f 4967 4968 4953
f 4953 4521 4967
f 4518 4521 4953
f 4971 4969 4970
f 4970 4972 4973
f 4969 4972 4970
f 4973 4974 4975
f 4972 4974 4973
f 4975 4976 4977
f 4974 4976 4975
f 4977 4978 4979
f 4976 4978 4977
f 4979 4955 4957
f 4979 4978 4955
f 4978 4980 4955
f 4524 4523 4958
f 4524 4958 4980
f 4980 4958 4955
f 4960 4958 4523
f 4526 4960 4523
f 4962 4960 4526
f 4528 4962 4526
f 4964 4962 4528
f 4964 4528 4981
f 4981 4528 4530
f 4981 4530 4982
f 4530 4532 4982
f 4982 4532 4983
f 4532 4534 4983
f 4983 4534 4984
f 4534 4536 4984
f 4986 4538 4985
f 4986 4984 4538
f 4984 4536 4538
f 4538 4539 4985
f 4542 4987 4988
f 4541 4987 4542
f 4987 4541 4989
f 4541 4543 4989
f 4989 4543 4990
f 4543 4544 4990
f 4519 4965 4991
f 4519 4991 4544
f 4544 4991 4990
f 4965 4966 4991
f 4993 4968 4967
f 4992 4993 4967
f 4967 4546 4992
f 4521 4546 4967
f 4996 4994 4995
f 4995 4997 4998
f 4994 4997 4995
f 4998 4999 5000
f 4997 4999 4998
f 4969 4549 4548
f 4971 4549 4969
f 4971 4999 4549
f 4971 5000 4999
f 4972 4969 4548
f 4551 4972 4548
f 4974 4972 4551
f 4553 4974 4551
f 4976 4974 4553
f 4555 4976 4553
f 4978 4976 4555
f 4557 4978 4555
f 4980 4978 4557
f 4559 4980 4557
f 4980 4559 4524
f 4986 4985 5001
f 4985 4539 4569
f 4985 4569 5001
f 5001 4569 5002
f 5002 4569 4542
f 4988 5002 4542
f 5004 4993 4992
f 5003 5004 4992
f 4992 4571 5003
f 4546 4571 4992
f 5007 5005 5006
f 5006 4994 4996
f 5006 5005 4994
f 5005 5008 4994
f 4574 4573 4997
f 4574 4997 5008
f 5008 4997 4994
f 4999 4997 4573
f 4576 4999 4573
f 4999 4576 4549
f 5011 5010 5009
f 5010 5004 5003
f 5010 5003 5009
f 5009 5003 5012
f 5003 4581 5012
f 4571 4581 5003
f 5014 5005 5007
f 5013 5005 5014
f 5005 5013 5008
f 5008 5013 5015
f 5008 5015 4583
f 4574 5008 4583
f 5017 5011 5009
f 5016 5017 5009
f 4591 5012 4590
f 4591 5016 5012
f 5016 5009 5012
f 5012 4581 4590
f 5014 5018 5013
f 5020 5013 5018
f 5020 5019 5013
f 5019 5015 5013
f 4592 4583 5015
f 4592 5015 5021
f 5021 5015 5019
f 4592 5021 4594
f 4604 4605 5022
f 5022 5024 5023
f 5022 5023 4604
f 4604 5023 4606
f 4606 5023 5025
f 4607 4606 5025
f 5028 5027 5026
f 5027 5017 5016
f 5027 5016 5026
f 5026 5016 5029
f 5016 4609 5029
f 4591 4609 5016
f 5020 5030 5019
f 5019 5031 5021
f 5030 5031 5019
f 5021 4610 4594
f 5021 5031 4610
f 5031 5032 4610
f 5034 5033 4611
f 5034 4611 5032
f 5032 4611 4610
f 4612 4611 5033
f 5035 4612 5033
f 4613 4612 5035
f 5036 4613 5035
f 4614 4613 5036
f 5037 4614 5036
f 4615 4614 5037
f 5038 4615 5037
f 4616 4615 5038
f 5039 4616 5038
f 4617 4616 5039
f 5040 4617 5039
f 4618 4617 5040
f 5041 4618 5040
f 4619 4618 5041
f 5042 4619 5041
f 4620 4619 5042
f 5043 4620 5042
f 4621 4620 5043
f 5044 4621 5043
f 4622 4621 5044
f 5045 4622 5044
f 4623 4622 5045
f 5046 4623 5045
f 5046 5048 5047
f 5046 5047 4623
f 4623 5047 4624
f 4605 5049 5022
f 4605 4624 5049
f 4624 5047 5049
f 5022 5049 5024
f 5025 4625 4607
f 5050 4625 5025
f 5051 4626 4625
f 5051 4625 5052
f 5052 4625 5050
f 5052 5053 5051
f 5056 5055 5054
f 5055 5028 5026
f 5055 5026 5054
f 5054 5026 5057
f 4629 5029 4628
f 4629 5057 5029
f 5057 5026 5029
f 5029 4609 4628
f 5034 5058 5033
f 5033 5059 5035
f 5058 5059 5033
f 5035 5060 5036
f 5059 5060 5035
f 5036 5061 5037
f 5060 5061 5036
f 5037 5062 5038
f 5061 5062 5037
f 5038 5063 5039
f 5062 5063 5038
f 5039 5064 5040
f 5063 5064 5039
f 5040 5065 5041
f 5064 5065 5040
f 5041 5066 5042
f 5065 5066 5041
f 5042 5067 5043
f 5066 5067 5042
f 5043 5068 5044
f 5067 5068 5043
f 5044 5069 5045
f 5068 5069 5044
f 5045 5070 5046
f 5069 5070 5045
f 5046 5070 5048
f 5051 4630 4626
f 5053 4630 5051
f 5053 5071 4630
f 5071 4632 4630
f 5072 4633 4632
f 5072 4632 5073
f 5073 4632 5071
f 5073 5074 5072
f 5077 5076 5075
f 5076 5056 5054
f 5076 5054 5075
f 5075 5054 5078
f 4636 5057 4635
f 4636 5078 5057
f 5078 5054 5057
f 5057 4629 4635
f 5072 4638 4633
f 5074 4638 5072
f 5074 5079 4638
f 5079 4640 4638
f 5080 4641 4640
f 5080 4640 5081
f 5081 4640 5079
f 5081 5083 5082
f 5080 5081 5082
f 5083 5085 5084
f 5082 5083 5084
f 5085 5087 5086
f 5084 5085 5086
f 5087 5089 5088
f 5086 5087 5088
f 5089 5091 5090
f 5088 5089 5090
f 5091 5093 5092
f 5090 5091 5092
f 5075 4643 4644
f 5077 5075 4644
f 5077 4644 5092
f 5077 5092 5093
f 5078 4643 5075
f 4646 4643 5078
f 5078 4636 4646
f 5080 4648 4641
f 5082 4648 5080
f 4649 4648 5082
f 5084 4649 5082
f 4651 4649 5084
f 5086 4651 5084
f 4653 4651 5086
f 5088 4653 5086
f 4655 4653 5088
f 5090 4655 5088
f 4657 4655 5090
f 5092 4657 5090
f 4659 4657 5092
f 5092 4644 4659
f 4670 5094 4671
f 4672 5094 4670
f 5095 5094 4672
f 4672 4673 5095
f 4677 5096 4678
f 4679 5096 4677
f 5097 5096 4679
f 4671 5097 4679
f 4671 5094 5097
f 5094 5098 5097
f 5094 5095 5098
f 5095 5099 5098
f 4673 5099 5095
f 4673 5100 5099
f 4673 4680 5100
f 5101 5099 5100
f 5100 4680 5102
f 4680 4682 5102
f 5103 4682 4683
f 5103 5104 4682
f 5104 5102 4682
f 5104 5103 5105
f 4686 5106 4687
f 4678 5106 4686
f 4678 5096 5106
f 5096 5107 5106
f 5096 5097 5107
f 5097 5108 5107
f 5109 5110 5108
f 5109 5108 5098
f 5098 5108 5097
f 5098 5099 5111
f 5109 5098 5111
f 5099 5101 5111
f 5103 4683 4688
f 5105 5103 4688
f 5105 4688 5112
f 5112 4688 4690
f 4690 5113 5112
f 4691 5113 4690
f 4694 5114 4695
f 4687 5114 4694
f 4687 5106 5114
f 5106 5115 5114
f 5116 5117 5115
f 5116 5115 5107
f 5107 5115 5106
f 5107 5108 5118
f 5116 5107 5118
f 5108 5110 5118
f 5113 4691 4696
f 5119 5113 4696
f 5119 4696 5120
f 4696 4698 5120
f 4698 5121 5120
f 4699 5121 4698
f 4702 5122 4703
f 4695 5122 4702
f 4695 5114 5122
f 5114 5123 5122
f 5124 5125 5123
f 5124 5123 5115
f 5115 5123 5114
f 5115 5117 5124
f 5126 5127 5121
f 5126 5121 4705
f 4705 5121 4699
f 5127 5126 5128
f 4708 5129 4709
f 4703 5129 4708
f 4703 5122 5129
f 5122 5130 5129
f 5131 5132 5130
f 5131 5130 5123
f 5123 5130 5122
f 5123 5125 5131
f 4711 4712 5133
f 5133 5135 5134
f 4711 5133 5134
f 4711 5134 5126
f 4711 5126 4705
f 5126 5134 5128
f 4715 5136 4716
f 4709 5136 4715
f 4709 5129 5136
f 5129 5137 5136
f 5129 5130 5137
f 5130 5138 5137
f 5132 5139 5138
f 5130 5132 5138
f 5140 5133 4712
f 5140 4712 5141
f 5141 4712 4718
f 5133 5140 5135
f 5142 4716 5136
f 4721 4716 5142
f 5136 5137 5142
f 5137 5143 5142
f 5137 5138 5143
f 5138 5144 5143
f 5139 5145 5144
f 5138 5139 5144
f 5148 5147 5146
f 5147 5150 5149
f 5146 5147 5149
f 5150 5152 5151
f 5149 5150 5151
f 5152 5154 5153
f 5151 5152 5153
f 5154 5156 5155
f 5153 5154 5155
f 5156 5158 5157
f 5155 5156 5157
f 5158 5160 5159
f 5157 5158 5159
f 5160 5162 5161
f 5159 5160 5161
f 4724 5161 5162
f 4724 5162 4723
f 4723 5162 5163
f 5163 4718 4723
f 5141 4718 5163
f 5164 4721 5142
f 4728 4721 5164
f 5142 5143 5164
f 5143 5165 5164
f 5143 5144 5165
f 5144 5166 5165
f 5145 5167 5166
f 5144 5145 5166
f 5170 5169 5168
f 5169 5148 5146
f 5169 5146 5168
f 5168 5146 5171
f 5146 5149 5171
f 5149 5172 5171
f 5149 5151 5172
f 5151 5173 5172
f 5151 5153 5173
f 5153 5174 5173
f 4731 5155 4730
f 4731 5174 5155
f 5174 5153 5155
f 5157 4730 5155
f 4733 4730 5157
f 5159 4733 5157
f 4735 4733 5159
f 5161 4735 5159
f 4736 4735 5161
f 5161 4724 4736
f 5175 4728 5164
f 4740 4728 5175
f 5164 5165 5175
f 5165 5176 5175
f 5165 5166 5176
f 5166 5177 5176
f 5167 5179 5178
f 5167 5178 5166
f 5166 5178 5177
f 5179 5170 5168
f 5179 5168 5178
f 5178 5168 5180
f 5168 5171 5180
f 5171 5181 5180
f 5171 5172 5181
f 5172 5182 5181
f 5172 5173 5182
f 5173 5183 5182
f 4743 5174 4742
f 4743 5183 5174
f 5183 5173 5174
f 5174 4731 4742
f 5184 4740 5175
f 4747 4740 5184
f 5175 5176 5184
f 5176 5185 5184
f 5176 5177 5185
f 5177 5186 5185
f 5177 5178 5186
f 5178 5187 5186
f 5178 5180 5187
f 5180 5188 5187
f 5180 5181 5188
f 5181 5189 5188
f 5181 5182 5189
f 5182 5190 5189
f 4750 5183 4749
f 4750 5190 5183
f 5190 5182 5183
f 5183 4743 4749
f 5184 4754 4747
f 4754 5191 4755
f 4754 5184 5191
f 5184 5185 5191
f 5185 5186 5191
f 5186 5192 5191
f 5186 5187 5192
f 5187 5193 5192
f 5187 5188 5193
f 5188 5194 5193
f 5188 5189 5194
f 5189 5195 5194
f 4758 5190 4757
f 4758 5195 5190
f 5195 5189 5190
f 5190 4750 4757
f 5191 4761 4755
f 5192 4761 5191
f 4763 4761 5192
f 5193 4763 5192
f 4765 4763 5193
f 5194 4765 5193
f 4767 4765 5194
f 5195 4767 5194
f 4769 4767 5195
f 5195 4758 4769
f 5198 5196 5197
f 5197 5199 5200
f 5196 5199 5197
f 5200 5201 5202
f 5199 5201 5200
f 5202 5201 5203
f 4773 5204 5205
f 4772 5204 4773
f 5196 5198 5204
f 5196 5204 4775
f 4775 5204 4772
f 5199 5196 4775
f 4776 5199 4775
f 5201 5199 4776
f 4778 5201 4776
f 4778 4779 5206
f 5201 4778 5206
f 5201 5206 5207
f 5201 5207 5203
f 5207 5208 5209
f 5206 5208 5207
f 4782 5209 5208
f 4782 4781 5209
f 4781 5210 5209
f 5210 4781 5211
f 4781 4784 5211
f 5211 4784 5212
f 4784 4786 5212
f 4786 5213 5212
f 4787 5213 4786
f 4790 5214 5215
f 4789 5214 4790
f 5214 4789 4773
f 5205 5214 4773
f 5216 5206 4779
f 4792 5216 4779
f 5206 5216 5208
f 5208 5216 5217
f 5208 5217 4794
f 4782 5208 4794
f 5213 4787 4796
f 5218 5213 4796
f 5218 4796 5219
f 4796 4797 5219
f 5219 4797 5220
f 4797 4798 5220
f 5220 4798 5221
f 4798 4799 5221
f 5222 4799 4800
f 5222 5223 4799
f 5223 5221 4799
f 5223 5222 5224
f 5227 5225 5226
f 5226 5225 4805
f 5226 4805 5215
f 5215 4805 4790
f 5228 5216 4792
f 5228 4792 5229
f 5229 4792 4807
f 5231 5216 5228
f 5231 5230 5216
f 5230 5217 5216
f 5217 5230 4809
f 4794 5217 4809
f 5222 4800 4811
f 5224 5222 4811
f 5224 4811 5232
f 5232 4811 4812
f 5232 4812 5233
f 4812 4813 5233
f 5233 4813 5234
f 4813 4814 5234
f 5235 4814 4815
f 5235 5236 4814
f 5236 5234 4814
f 5236 5235 5237
f 5227 5238 5225
f 5240 5239 4820
f 5238 5240 4820
f 5238 4820 4805
f 5238 4805 5225
f 4820 5239 4822
f 4824 4825 5241
f 5241 5243 5242
f 5241 5242 4824
f 4824 5242 4826
f 5242 4807 4826
f 5229 4807 5242
f 5231 5244 5230
f 5230 5244 5245
f 5230 5245 4809
f 4809 5245 4828
f 5235 4815 4830
f 5237 5235 4830
f 5237 4830 5246
f 5246 4830 4831
f 5247 4831 4833
f 5247 5248 4831
f 5248 5246 4831
f 5248 5247 5249
f 5240 5250 5239
f 5239 4837 4822
f 5239 5250 4837
f 5250 5251 4837
f 5251 5252 4837
f 4837 5252 4838
f 4825 5253 5241
f 4825 4838 5253
f 4838 5252 5253
f 5241 5253 5243
f 5245 4839 4828
f 5254 4839 5245
f 5255 4841 4839
f 5255 4839 5256
f 5256 4839 5254
f 5256 5257 5255
f 5247 4833 4842
f 5247 4842 4843
f 5247 4843 5259
f 5247 5259 5249
f 5258 5259 4843
f 4844 5258 4843
f 5260 5258 4844
f 4844 4846 5260
f 5255 4849 4841
f 5257 4849 5255
f 5257 5261 4849
f 5261 4851 4849
f 4851 5261 5262
f 4852 4851 5262
f 5264 5259 5258
f 5263 5264 5258
f 5258 5260 5263
f 5260 5265 5263
f 4853 5260 4846
f 4853 5266 5260
f 5266 5265 5260
f 4853 4855 5266
f 5262 4858 4852
f 5267 4858 5262
f 5268 4859 4858
f 5268 4858 5269
f 5269 4858 5267
f 5269 5270 5268
f 5272 5264 5263
f 5271 5272 5263
f 5263 5265 5271
f 5265 5273 5271
f 5265 5266 5273
f 5266 5274 5273
f 4860 5266 4855
f 4860 5275 5266
f 5275 5274 5266
f 4860 4862 5275
f 5268 4865 4859
f 5270 4865 5268
f 5270 5276 4865
f 5276 4866 4865
f 4866 5276 5277
f 4867 4866 5277
f 5279 5272 5271
f 5278 5279 5271
f 5271 5273 5278
f 5273 5280 5278
f 5273 5274 5280
f 5274 5281 5280
f 5274 5275 5281
f 5275 5282 5281
f 4868 5275 4862
f 4868 5283 5275
f 5283 5282 5275
f 4868 4870 5283
f 5277 4872 4867
f 5284 4872 5277
f 5285 4873 4872
f 5285 4872 5286
f 5286 4872 5284
f 5286 5287 5285
f 5289 5279 5278
f 5288 5289 5278
f 5278 5280 5288
f 5280 5290 5288
f 5280 5281 5290
f 5281 5291 5290
f 5281 5282 5291
f 5282 5292 5291
f 5282 5283 5292
f 5283 5293 5292
f 4874 5283 4870
f 4874 5294 5283
f 5294 5293 5283
f 4874 4876 5294
f 5285 4878 4873
f 5287 4878 5285
f 5287 5295 4878
f 5295 4879 4878
f 5296 4880 4879
f 5296 4879 5297
f 5297 4879 5295
f 5297 5298 5296
f 5300 5289 5288
f 5299 5300 5288
f 5288 5290 5299
f 5290 5301 5299
f 5290 5291 5301
f 5291 5302 5301
f 5291 5292 5302
f 5292 5303 5302
f 5292 5293 5303
f 5293 5304 5303
f 5293 5294 5304
f 5294 5305 5304
f 5294 4882 5305
f 4876 4882 5294
f 5296 4884 4880
f 5298 4884 5296
f 5298 5306 4884
f 5306 4885 4884
f 5306 5307 4885
f 4885 5307 4886
f 5307 5308 4886
f 4886 5308 4887
f 5309 4888 4887
f 5309 4887 5310
f 5310 4887 5308
f 5310 5300 5299
f 5310 5299 5309
f 5309 5299 5311
f 5299 5301 5311
f 5301 5312 5311
f 5301 5302 5312
f 5302 5313 5312
f 5302 5303 5313
f 5303 5314 5313
f 5303 5304 5314
f 5304 5315 5314
f 5304 5305 5315
f 5305 5316 5315
f 4889 5305 4882
f 4889 5317 5305
f 5317 5316 5305
f 4889 4891 5317
f 5309 4894 4888
f 4894 5318 4895
f 4894 5309 5318
f 5309 5311 5318
f 5311 5312 5318
f 5312 5319 5318
f 5312 5313 5319
f 5313 5320 5319
f 5313 5314 5320
f 5314 5321 5320
f 5314 5315 5321
f 5315 5322 5321
f 5315 5316 5322
f 5316 5323 5322
f 5316 5317 5323
f 5317 5324 5323
f 5317 4897 5324
f 4891 4897 5317
f 5325 4895 5318
f 4900 4895 5325
f 5318 5319 5325
f 5319 5326 5325
f 5319 5320 5326
f 5320 5327 5326
f 5320 5321 5327
f 5321 5328 5327
f 5321 5322 5328
f 5322 5329 5328
f 5322 5323 5329
f 5323 5330 5329
f 5323 5324 5330
f 5324 5331 5330
f 5324 4902 5331
f 4897 4902 5324
f 5332 4900 5325
f 4906 4900 5332
f 5325 5326 5332
f 5326 5333 5332
f 5326 5327 5333
f 5327 5334 5333
f 5327 5328 5334
f 5328 5335 5334
f 5336 5337 5335
f 5336 5335 5329
f 5329 5335 5328
f 5339 5336 5329
f 5339 5329 5338
f 5338 5329 5330
f 5330 5331 5338
f 5331 5340 5338
f 5331 4908 5340
f 4902 4908 5331
f 4911 5341 4912
f 4906 5341 4911
f 4906 5332 5341
f 5332 5342 5341
f 5332 5333 5342
f 5333 5343 5342
f 5333 5334 5343
f 5334 5344 5343
f 5334 5335 5344
f 5335 5345 5344
f 5337 5346 5345
f 5335 5337 5345
f 5348 5339 5338
f 5347 5348 5338
f 5338 5340 5347
f 5340 5349 5347
f 4913 5340 4908
f 4913 5350 5340
f 5350 5349 5340
f 4913 4915 5350
f 5351 4912 5341
f 4919 4912 5351
f 5341 5342 5351
f 5342 5352 5351
f 5353 5354 5352
f 5353 5352 5343
f 5343 5352 5342
f 5343 5344 5355
f 5353 5343 5355
f 5344 5345 5356
f 5355 5344 5356
f 5345 5346 5356
f 5348 5347 5357
f 5359 5357 5347
f 5359 5347 5358
f 5358 5347 5349
f 5349 5350 5358
f 5350 5360 5358
f 5350 4921 5360
f 4915 4921 5350
f 4924 5361 4925
f 4919 5361 4924
f 4919 5351 5361
f 5351 5362 5361
f 5363 5364 5362
f 5363 5362 5352
f 5352 5362 5351
f 5352 5354 5363
f 5366 5359 5358
f 5365 5366 5358
f 5358 5360 5365
f 5360 5367 5365
f 4926 5360 4921
f 4926 5368 5360
f 5368 5367 5360
f 4926 4928 5368
f 5369 4925 5361
f 4930 4925 5369
f 5361 5362 5369
f 5362 5370 5369
f 5364 5371 5370
f 5362 5364 5370
f 5366 5365 5372
f 5374 5372 5365
f 5374 5365 5373
f 5373 5365 5367
f 5367 5368 5373
f 5368 5375 5373
f 5368 4932 5375
f 4928 4932 5368
f 4934 5376 4935
f 4930 5376 4934
f 4930 5369 5376
f 5369 5377 5376
f 5378 5379 5377
f 5378 5377 5370
f 5370 5377 5369
f 5370 5371 5378
f 5381 5374 5373
f 5380 5381 5373
f 5373 5375 5380
f 5375 5382 5380
f 5375 4937 5382
f 4932 4937 5375
f 5383 4935 5376
f 4939 4935 5383
f 5384 5385 5383
f 5384 5383 5377
f 5377 5383 5376
f 5377 5379 5384
f 5387 5381 5380
f 5386 5387 5380
f 5380 5382 5386
f 5382 5388 5386
f 5382 4941 5388
f 4937 4941 5382
f 5389 4939 5383
f 4943 4939 5389
f 5385 5390 5389
f 5383 5385 5389
f 5387 5386 5391
f 5393 5391 5386
f 5393 5386 5392
f 5392 5386 5388
f 5388 4945 5392
f 4941 4945 5388
f 5394 4943 5389
f 4947 4943 5394
f 5390 5395 5394
f 5389 5390 5394
f 5397 5393 5392
f 5396 5397 5392
f 5392 4949 5396
f 4945 4949 5392
f 4951 5398 4952
f 4947 5398 4951
f 4947 5394 5398
f 5394 5399 5398
f 5395 5400 5399
f 5394 5395 5399
f 5402 5397 5396
f 5401 5402 5396
f 5396 4954 5401
f 4949 4954 5396
f 4956 5403 4957
f 4959 5403 4956
f 5404 5403 4959
f 4961 5404 4959
f 5405 5404 4961
f 4963 5405 4961
f 5406 5405 4963
f 4963 4964 5406
f 5407 4952 5398
f 4966 4952 5407
f 5398 5399 5407
f 5399 5408 5407
f 5400 5409 5408
f 5399 5400 5408
f 5411 5402 5401
f 5410 5411 5401
f 5401 4968 5410
f 4954 4968 5401
f 5414 5412 5413
f 5413 5415 5416
f 5412 5415 5413
f 5416 5417 5418
f 5415 5417 5416
f 5418 5419 5420
f 5417 5419 5418
f 4971 5420 5419
f 4971 4970 5420
f 4970 5421 5420
f 5421 4970 5422
f 4970 4973 5422
f 5422 4973 5423
f 4973 4975 5423
f 5423 4975 5424
f 4975 4977 5424
f 5424 4977 5425
f 4977 4979 5425
f 4957 5403 5426
f 4957 5426 4979
f 4979 5426 5425
f 5403 5404 5427
f 5426 5403 5427
f 5404 5405 5428
f 5427 5404 5428
f 5405 5406 5429
f 5428 5405 5429
f 5406 4964 4981
f 5406 4981 5429
f 5429 4981 5430
f 5432 4982 5431
f 5432 5430 4982
f 5430 4981 4982
f 4983 5431 4982
f 5433 5431 4983
f 4984 5433 4983
f 5434 5433 4984
f 4984 4986 5434
f 4987 5435 4988
f 5435 5436 5437
f 5435 4987 5436
f 4987 4989 5436
f 5436 4989 5438
f 4989 4990 5438
f 5438 4990 5439
f 4990 4991 5439
f 4966 5407 5440
f 4966 5440 4991
f 4991 5440 5439
f 5407 5408 5441
f 5440 5407 5441
f 5408 5409 5441
f 5443 5411 5410
f 5442 5443 5410
f 5410 4993 5442
f 4968 4993 5410
f 5446 5444 5445
f 5445 5412 5414
f 5445 5444 5412
f 5444 5447 5412
f 4996 4995 5415
f 4996 5415 5447
f 5447 5415 5412
f 5417 5415 4995
f 4998 5417 4995
f 5419 5417 4998
f 5000 5419 4998
f 5419 5000 4971
f 5432 5431 5448
f 5431 5433 5449
f 5448 5431 5449
f 5451 5449 5433
f 5451 5433 5450
f 5450 5433 5434
f 5001 5434 4986
f 5001 5452 5434
f 5452 5450 5434
f 5452 5453 5454
f 5452 5001 5453
f 5001 5002 5453
f 4988 5435 5455
f 4988 5455 5002
f 5002 5455 5453
f 5435 5437 5455
f 5458 5457 5456
f 5457 5443 5442
f 5457 5442 5456
f 5456 5442 5459
f 5442 5004 5459
f 4993 5004 5442
f 5462 5460 5461
f 5461 5444 5446
f 5461 5460 5444
f 5460 5463 5444
f 5007 5006 5447
f 5007 5447 5463
f 5463 5447 5444
f 5447 5006 4996
f 5451 5450 5464
f 5466 5464 5450
f 5466 5450 5465
f 5465 5450 5452
f 5454 5467 5465
f 5452 5454 5465
f 5469 5458 5456
f 5468 5469 5456
f 5011 5459 5010
f 5011 5468 5459
f 5468 5456 5459
f 5459 5004 5010
f 5471 5460 5462
f 5470 5460 5471
f 5460 5470 5463
f 5463 5470 5472
f 5463 5472 5014
f 5007 5463 5014
f 5474 5466 5465
f 5473 5474 5465
f 5467 5476 5475
f 5467 5475 5465
f 5465 5475 5473
f 5476 5477 5475
f 5480 5479 5478
f 5479 5469 5468
f 5479 5468 5478
f 5478 5468 5481
f 5468 5017 5481
f 5011 5017 5468
f 5483 5470 5471
f 5482 5470 5483
f 5470 5482 5472
f 5472 5482 5484
f 5018 5014 5472
f 5018 5472 5485
f 5485 5472 5484
f 5018 5485 5020
f 5488 5487 5486
f 5487 5474 5473
f 5487 5473 5486
f 5486 5473 5489
f 5473 5475 5489
f 5475 5490 5489
f 5477 5491 5023
f 5477 5023 5490
f 5477 5490 5475
f 5490 5023 5024
f 5492 5025 5023
f 5492 5023 5493
f 5493 5023 5491
f 5493 5494 5492
f 5496 5480 5478
f 5495 5496 5478
f 5028 5481 5027
f 5028 5495 5481
f 5495 5478 5481
f 5481 5017 5027
f 5483 5497 5482
f 5482 5498 5484
f 5497 5498 5482
f 5500 5484 5498
f 5500 5499 5484
f 5499 5485 5484
f 5030 5020 5485
f 5030 5485 5501
f 5501 5485 5499
f 5031 5030 5501
f 5502 5031 5501
f 5032 5031 5502
f 5503 5032 5502
f 5032 5503 5034
f 5506 5505 5504
f 5505 5508 5507
f 5504 5505 5507
f 5508 5488 5486
f 5508 5486 5507
f 5507 5486 5509
f 5048 5489 5047
f 5048 5509 5489
f 5509 5486 5489
f 5490 5047 5489
f 5049 5047 5490
f 5490 5024 5049
f 5492 5050 5025
f 5494 5050 5492
f 5494 5510 5050
f 5510 5052 5050
f 5511 5053 5052
f 5511 5052 5512
f 5512 5052 5510
f 5512 5514 5513
f 5511 5512 5513
f 5514 5515 5513
f 5518 5517 5516
f 5517 5520 5519
f 5516 5517 5519
f 5520 5522 5521
f 5519 5520 5521
f 5495 5055 5056
f 5496 5495 5056
f 5496 5056 5521
f 5496 5521 5522
f 5495 5028 5055
f 5500 5523 5499
f 5499 5524 5501
f 5523 5524 5499
f 5501 5525 5502
f 5524 5525 5501
f 5502 5526 5503
f 5525 5526 5502
f 5503 5058 5034
f 5503 5526 5058
f 5526 5527 5058
f 5529 5528 5059
f 5529 5059 5527
f 5527 5059 5058
f 5060 5059 5528
f 5530 5060 5528
f 5061 5060 5530
f 5531 5061 5530
f 5062 5061 5531
f 5532 5062 5531
f 5063 5062 5532
f 5533 5063 5532
f 5533 5535 5534
f 5533 5534 5063
f 5063 5534 5064
f 5534 5536 5064
f 5064 5536 5065
f 5536 5537 5065
f 5065 5537 5066
f 5537 5538 5066
f 5066 5538 5067
f 5504 5538 5506
f 5504 5068 5538
f 5068 5067 5538
f 5507 5068 5504
f 5069 5068 5507
f 5509 5069 5507
f 5070 5069 5509
f 5509 5048 5070
f 5511 5071 5053
f 5513 5071 5511
f 5073 5071 5513
f 5073 5539 5074
f 5513 5539 5073
f 5513 5540 5539
f 5513 5515 5540
f 5540 5542 5541
f 5539 5540 5541
f 5542 5544 5543
f 5541 5542 5543
f 5544 5546 5545
f 5543 5544 5545
f 5546 5548 5547
f 5545 5546 5547
f 5548 5550 5549
f 5547 5548 5549
f 5550 5518 5516
f 5550 5516 5549
f 5549 5516 5551
f 5516 5519 5551
f 5519 5552 5551
f 5077 5521 5076
f 5077 5552 5521
f 5552 5519 5521
f 5521 5056 5076
f 5529 5553 5528
f 5528 5554 5530
f 5553 5554 5528
f 5530 5555 5531
f 5554 5555 5530
f 5531 5556 5532
f 5555 5556 5531
f 5532 5557 5533
f 5556 5557 5532
f 5533 5557 5535
f 5539 5079 5074
f 5541 5079 5539
f 5081 5079 5541
f 5543 5081 5541
f 5083 5081 5543
f 5545 5083 5543
f 5085 5083 5545
f 5547 5085 5545
f 5087 5085 5547
f 5549 5087 5547
f 5089 5087 5549
f 5551 5089 5549
f 5091 5089 5551
f 5552 5091 5551
f 5093 5091 5552
f 5552 5077 5093
f 5100 5558 5101
f 5102 5558 5100
f 5559 5558 5102
f 5104 5559 5102
f 5560 5559 5104
f 5104 5105 5560
f 5109 5561 5110
f 5111 5561 5109
f 5562 5561 5111
f 5101 5562 5111
f 5101 5558 5562
f 5558 5563 5562
f 5558 5559 5563
f 5559 5564 5563
f 5565 5566 5564
f 5565 5564 5560
f 5560 5564 5559
f 5560 5105 5112
f 5560 5112 5565
f 5565 5112 5567
f 5568 5112 5113
f 5568 5569 5112
f 5569 5567 5112
f 5569 5568 5570
f 5116 5571 5117
f 5118 5571 5116
f 5572 5571 5118
f 5110 5572 5118
f 5110 5561 5572
f 5561 5573 5572
f 5561 5562 5573
f 5562 5574 5573
f 5575 5576 5574
f 5575 5574 5563
f 5563 5574 5562
f 5563 5564 5577
f 5575 5563 5577
f 5564 5566 5577
f 5568 5113 5119
f 5570 5568 5119
f 5570 5119 5578
f 5578 5119 5120
f 5579 5120 5121
f 5579 5580 5120
f 5580 5578 5120
f 5580 5579 5581
f 5124 5582 5125
f 5117 5582 5124
f 5117 5571 5582
f 5571 5583 5582
f 5571 5572 5583
f 5572 5584 5583
f 5585 5586 5584
f 5585 5584 5573
f 5573 5584 5572
f 5573 5574 5587
f 5585 5573 5587
f 5574 5576 5587
f 5579 5121 5127
f 5127 5581 5579
f 5127 5128 5581
f 5128 5588 5581
f 5131 5589 5132
f 5125 5589 5131
f 5125 5582 5589
f 5582 5590 5589
f 5582 5583 5590
f 5583 5591 5590
f 5592 5593 5591
f 5592 5591 5584
f 5584 5591 5583
f 5584 5586 5592
f 5134 5135 5594
f 5594 5128 5134
f 5594 5595 5128
f 5595 5588 5128
f 5596 5132 5589
f 5139 5132 5596
f 5589 5590 5596
f 5590 5597 5596
f 5590 5591 5597
f 5591 5598 5597
f 5593 5600 5599
f 5593 5599 5591
f 5591 5599 5598
f 5600 5602 5601
f 5599 5600 5601
f 5602 5603 5601
f 5606 5605 5604
f 5605 5608 5607
f 5604 5605 5607
f 5141 5607 5608
f 5141 5608 5140
f 5140 5608 5609
f 5135 5610 5594
f 5135 5140 5610
f 5140 5609 5610
f 5594 5610 5595
f 5611 5139 5596
f 5145 5139 5611
f 5596 5597 5611
f 5597 5612 5611
f 5148 5598 5147
f 5148 5612 5598
f 5612 5597 5598
f 5599 5147 5598
f 5150 5147 5599
f 5601 5150 5599
f 5152 5150 5601
f 5603 5152 5601
f 5603 5613 5152
f 5613 5154 5152
f 5613 5614 5154
f 5154 5614 5156
f 5614 5615 5156
f 5156 5615 5158
f 5615 5616 5158
f 5158 5616 5160
f 5604 5616 5606
f 5604 5162 5616
f 5162 5160 5616
f 5607 5162 5604
f 5163 5162 5607
f 5607 5141 5163
f 5617 5145 5611
f 5167 5145 5617
f 5170 5612 5169
f 5170 5617 5612
f 5617 5611 5612
f 5612 5148 5169
f 5617 5179 5167
f 5617 5170 5179
f 5620 5618 5619
f 5198 5619 5618
f 5198 5197 5619
f 5197 5621 5619
f 5621 5197 5622
f 5197 5200 5622
f 5622 5200 5623
f 5200 5202 5623
f 5624 5202 5203
f 5624 5625 5202
f 5625 5623 5202
f 5625 5624 5626
f 5629 5627 5628
f 5618 5205 5204
f 5620 5205 5618
f 5620 5627 5205
f 5620 5628 5627
f 5618 5204 5198
f 5624 5203 5207
f 5626 5624 5207
f 5626 5207 5630
f 5630 5207 5209
f 5630 5209 5631
f 5209 5210 5631
f 5631 5210 5632
f 5210 5211 5632
f 5632 5211 5633
f 5211 5212 5633
f 5634 5212 5213
f 5634 5635 5212
f 5635 5633 5212
f 5635 5634 5636
f 5639 5637 5638
f 5627 5215 5214
f 5629 5215 5627
f 5629 5637 5215
f 5629 5638 5637
f 5627 5214 5205
f 5634 5213 5218
f 5636 5634 5218
f 5636 5218 5640
f 5640 5218 5219
f 5640 5219 5641
f 5219 5220 5641
f 5641 5220 5642
f 5220 5221 5642
f 5642 5221 5643
f 5221 5223 5643
f 5223 5644 5643
f 5224 5644 5223
f 5637 5227 5226
f 5637 5639 5227
f 5639 5645 5227
f 5637 5226 5215
f 5228 5229 5646
f 5228 5646 5231
f 5644 5224 5232
f 5647 5644 5232
f 5647 5232 5648
f 5232 5233 5648
f 5650 5234 5649
f 5650 5648 5234
f 5648 5233 5234
f 5236 5649 5234
f 5651 5649 5236
f 5236 5237 5651
f 5238 5653 5652
f 5238 5227 5653
f 5227 5645 5653
f 5238 5652 5240
f 5242 5243 5654
f 5654 5656 5655
f 5242 5654 5655
f 5242 5655 5646
f 5242 5646 5229
f 5646 5244 5231
f 5646 5655 5244
f 5655 5657 5244
f 5658 5245 5244
f 5658 5244 5659
f 5659 5244 5657
f 5659 5660 5658
f 5650 5649 5661
f 5663 5661 5649
f 5663 5649 5662
f 5662 5649 5651
f 5246 5651 5237
f 5246 5664 5651
f 5664 5662 5651
f 5248 5664 5246
f 5665 5664 5248
f 5248 5249 5665
f 5653 5666 5652
f 5668 5667 5250
f 5666 5668 5250
f 5666 5250 5240
f 5666 5240 5652
f 5251 5250 5667
f 5669 5251 5667
f 5252 5251 5669
f 5670 5252 5669
f 5670 5672 5671
f 5670 5671 5252
f 5252 5671 5253
f 5243 5673 5654
f 5243 5253 5673
f 5253 5671 5673
f 5654 5673 5656
f 5658 5254 5245
f 5660 5254 5658
f 5660 5674 5254
f 5674 5256 5254
f 5256 5674 5675
f 5257 5256 5675
f 5677 5663 5662
f 5676 5677 5662
f 5662 5664 5676
f 5664 5678 5676
f 5664 5665 5678
f 5665 5679 5678
f 5665 5259 5679
f 5249 5259 5665
f 5668 5680 5667
f 5667 5681 5669
f 5680 5681 5667
f 5669 5682 5670
f 5681 5682 5669
f 5670 5682 5672
f 5675 5261 5257
f 5683 5261 5675
f 5684 5262 5261
f 5684 5261 5685
f 5685 5261 5683
f 5685 5686 5684
f 5677 5676 5687
f 5689 5687 5676
f 5689 5676 5688
f 5688 5676 5678
f 5678 5679 5688
f 5679 5690 5688
f 5679 5264 5690
f 5259 5264 5679
f 5684 5267 5262
f 5686 5267 5684
f 5686 5691 5267
f 5691 5269 5267
f 5269 5691 5692
f 5270 5269 5692
f 5694 5689 5688
f 5693 5694 5688
f 5688 5690 5693
f 5690 5695 5693
f 5690 5272 5695
f 5264 5272 5690
f 5692 5276 5270
f 5696 5276 5692
f 5697 5277 5276
f 5697 5276 5698
f 5698 5276 5696
f 5698 5699 5697
f 5701 5694 5693
f 5700 5701 5693
f 5693 5695 5700
f 5695 5702 5700
f 5695 5279 5702
f 5272 5279 5695
f 5697 5284 5277
f 5699 5284 5697
f 5699 5703 5284
f 5703 5286 5284
f 5286 5703 5704
f 5287 5286 5704
f 5706 5701 5700
f 5705 5706 5700
f 5700 5702 5705
f 5702 5707 5705
f 5702 5289 5707
f 5279 5289 5702
f 5704 5295 5287
f 5708 5295 5704
f 5708 5709 5295
f 5295 5709 5297
f 5297 5709 5710
f 5298 5297 5710
f 5712 5706 5705
f 5711 5712 5705
f 5705 5707 5711
f 5707 5713 5711
f 5707 5300 5713
f 5289 5300 5707
f 5710 5306 5298
f 5714 5306 5710
f 5714 5715 5306
f 5306 5715 5307
f 5711 5715 5712
f 5711 5308 5715
f 5308 5307 5715
f 5713 5308 5711
f 5310 5308 5713
f 5713 5300 5310
f 5336 5716 5337
f 5336 5339 5716
f 5717 5337 5716
f 5346 5337 5717
f 5716 5348 5717
f 5339 5348 5716
f 5353 5718 5354
f 5355 5718 5353
f 5719 5718 5355
f 5356 5719 5355
f 5720 5719 5356
f 5346 5720 5356
f 5346 5717 5720
f 5717 5721 5720
f 5357 5717 5348
f 5357 5722 5717
f 5722 5721 5717
f 5357 5359 5722
f 5363 5723 5364
f 5354 5723 5363
f 5354 5718 5723
f 5718 5724 5723
f 5718 5719 5724
f 5719 5725 5724
f 5719 5720 5725
f 5720 5726 5725
f 5720 5721 5726
f 5721 5727 5726
f 5721 5722 5727
f 5722 5728 5727
f 5722 5366 5728
f 5359 5366 5722
f 5729 5364 5723
f 5371 5364 5729
f 5723 5724 5729
f 5724 5730 5729
f 5724 5725 5730
f 5725 5731 5730
f 5725 5726 5731
f 5726 5732 5731
f 5726 5727 5732
f 5727 5733 5732
f 5727 5728 5733
f 5728 5734 5733
f 5372 5728 5366
f 5372 5735 5728
f 5735 5734 5728
f 5372 5374 5735
f 5378 5736 5379
f 5371 5736 5378
f 5371 5729 5736
f 5729 5737 5736
f 5729 5730 5737
f 5730 5738 5737
f 5730 5731 5738
f 5731 5739 5738
f 5731 5732 5739
f 5732 5740 5739
f 5732 5733 5740
f 5733 5741 5740
f 5733 5734 5741
f 5734 5742 5741
f 5734 5735 5742
f 5735 5743 5742
f 5735 5381 5743
f 5374 5381 5735
f 5384 5744 5385
f 5379 5744 5384
f 5379 5736 5744
f 5736 5745 5744
f 5736 5737 5745
f 5737 5746 5745
f 5737 5738 5746
f 5738 5747 5746
f 5748 5749 5747
f 5748 5747 5739
f 5739 5747 5738
f 5739 5740 5750
f 5748 5739 5750
f 5752 5750 5740
f 5752 5740 5751
f 5751 5740 5741
f 5741 5742 5751
f 5742 5753 5751
f 5742 5743 5753
f 5743 5754 5753
f 5743 5387 5754
f 5381 5387 5743
f 5755 5385 5744
f 5390 5385 5755
f 5744 5745 5755
f 5745 5756 5755
f 5745 5746 5756
f 5746 5757 5756
f 5758 5759 5757
f 5758 5757 5747
f 5747 5757 5746
f 5747 5749 5758
f 5752 5751 5760
f 5762 5760 5751
f 5762 5751 5761
f 5761 5751 5753
f 5753 5754 5761
f 5754 5763 5761
f 5391 5754 5387
f 5391 5764 5754
f 5764 5763 5754
f 5391 5393 5764
f 5765 5390 5755
f 5395 5390 5765
f 5755 5756 5765
f 5756 5766 5765
f 5756 5757 5766
f 5757 5767 5766
f 5759 5768 5767
f 5757 5759 5767
f 5770 5762 5761
f 5769 5770 5761
f 5761 5763 5769
f 5763 5771 5769
f 5763 5764 5771
f 5764 5772 5771
f 5764 5397 5772
f 5393 5397 5764
f 5773 5395 5765
f 5400 5395 5773
f 5765 5766 5773
f 5766 5774 5773
f 5775 5776 5774
f 5775 5774 5767
f 5767 5774 5766
f 5767 5768 5775
f 5778 5770 5769
f 5777 5778 5769
f 5769 5771 5777
f 5771 5779 5777
f 5771 5772 5779
f 5772 5780 5779
f 5772 5402 5780
f 5397 5402 5772
f 5781 5400 5773
f 5409 5400 5781
f 5773 5774 5781
f 5774 5782 5781
f 5776 5783 5782
f 5774 5776 5782
f 5785 5778 5777
f 5784 5785 5777
f 5777 5779 5784
f 5779 5786 5784
f 5779 5780 5786
f 5780 5787 5786
f 5780 5411 5787
f 5402 5411 5780
f 5413 5788 5414
f 5788 5789 5790
f 5788 5413 5789
f 5413 5416 5789
f 5789 5416 5791
f 5416 5418 5791
f 5791 5418 5792
f 5418 5420 5792
f 5792 5420 5793
f 5420 5421 5793
f 5793 5421 5794
f 5421 5422 5794
f 5794 5422 5795
f 5422 5423 5795
f 5795 5423 5796
f 5423 5424 5796
f 5796 5424 5797
f 5424 5425 5797
f 5799 5426 5798
f 5799 5797 5426
f 5797 5425 5426
f 5427 5798 5426
f 5800 5798 5427
f 5428 5800 5427
f 5801 5800 5428
f 5429 5801 5428
f 5802 5801 5429
f 5430 5802 5429
f 5803 5802 5430
f 5430 5432 5803
f 5436 5804 5437
f 5438 5804 5436
f 5805 5804 5438
f 5439 5805 5438
f 5806 5805 5439
f 5440 5806 5439
f 5807 5806 5440
f 5807 5808 5809
f 5807 5440 5808
f 5440 5441 5808
f 5409 5781 5810
f 5409 5810 5441
f 5441 5810 5808
f 5781 5782 5811
f 5810 5781 5811
f 5782 5783 5811
f 5813 5785 5784
f 5812 5813 5784
f 5784 5786 5812
f 5786 5814 5812
f 5786 5787 5814
f 5787 5815 5814
f 5787 5443 5815
f 5411 5443 5787
f 5818 5816 5817
f 5817 5819 5820
f 5816 5819 5817
f 5820 5821 5822
f 5819 5821 5820
f 5446 5822 5821
f 5446 5445 5822
f 5445 5823 5822
f 5414 5788 5824
f 5414 5824 5445
f 5445 5824 5823
f 5788 5790 5824
f 5799 5798 5825
f 5798 5800 5826
f 5825 5798 5826
f 5800 5801 5827
f 5826 5800 5827
f 5801 5802 5828
f 5827 5801 5828
f 5802 5803 5829
f 5828 5802 5829
f 5831 5448 5830
f 5829 5448 5831
f 5829 5432 5448
f 5829 5803 5432
f 5449 5830 5448
f 5832 5830 5449
f 5449 5451 5832
f 5453 5833 5454
f 5455 5833 5453
f 5834 5833 5455
f 5437 5834 5455
f 5437 5804 5834
f 5804 5835 5834
f 5804 5805 5835
f 5805 5836 5835
f 5837 5838 5836
f 5837 5836 5806
f 5806 5836 5805
f 5806 5807 5839
f 5837 5806 5839
f 5807 5809 5839
f 5841 5813 5812
f 5840 5841 5812
f 5812 5814 5840
f 5814 5842 5840
f 5458 5815 5457
f 5458 5842 5815
f 5842 5814 5815
f 5815 5443 5457
f 5844 5816 5818
f 5843 5816 5844
f 5816 5843 5819
f 5819 5843 5845
f 5462 5461 5821
f 5462 5821 5845
f 5845 5821 5819
f 5821 5461 5446
f 5831 5830 5846
f 5848 5846 5830
f 5848 5830 5847
f 5847 5830 5832
f 5464 5832 5451
f 5464 5849 5832
f 5849 5847 5832
f 5464 5466 5849
f 5850 5454 5833
f 5467 5454 5850
f 5833 5834 5850
f 5834 5851 5850
f 5834 5835 5851
f 5835 5852 5851
f 5835 5836 5852
f 5836 5853 5852
f 5838 5854 5853
f 5836 5838 5853
f 5856 5841 5840
f 5855 5856 5840
f 5840 5842 5855
f 5842 5857 5855
f 5842 5469 5857
f 5458 5469 5842
f 5859 5843 5844
f 5858 5843 5859
f 5843 5858 5845
f 5845 5858 5860
f 5845 5860 5471
f 5462 5845 5471
f 5862 5848 5847
f 5861 5862 5847
f 5847 5849 5861
f 5849 5863 5861
f 5849 5474 5863
f 5466 5474 5849
f 5850 5476 5467
f 5476 5864 5477
f 5476 5850 5864
f 5850 5851 5864
f 5851 5852 5864
f 5852 5865 5864
f 5852 5853 5865
f 5853 5866 5865
f 5854 5868 5867
f 5854 5867 5853
f 5853 5867 5866
f 5868 5870 5869
f 5867 5868 5869
f 5870 5872 5871
f 5869 5870 5871
f 5872 5874 5873
f 5871 5872 5873
f 5874 5875 5873
f 5878 5877 5876
f 5877 5880 5879
f 5876 5877 5879
f 5880 5881 5879
f 5884 5883 5882
f 5883 5886 5885
f 5882 5883 5885
f 5886 5856 5855
f 5886 5855 5885
f 5885 5855 5887
f 5480 5857 5479
f 5480 5887 5857
f 5887 5855 5857
f 5857 5469 5479
f 5889 5858 5859
f 5888 5858 5889
f 5858 5888 5860
f 5860 5888 5890
f 5860 5890 5483
f 5471 5860 5483
f 5893 5892 5891
f 5892 5862 5861
f 5892 5861 5891
f 5891 5861 5894
f 5488 5863 5487
f 5488 5894 5863
f 5894 5861 5863
f 5863 5474 5487
f 5864 5491 5477
f 5865 5491 5864
f 5493 5491 5865
f 5493 5895 5494
f 5493 5865 5895
f 5865 5866 5895
f 5866 5867 5895
f 5867 5896 5895
f 5867 5869 5896
f 5869 5897 5896
f 5869 5871 5897
f 5871 5898 5897
f 5871 5873 5898
f 5873 5899 5898
f 5875 5901 5900
f 5875 5900 5873
f 5873 5900 5899
f 5901 5878 5876
f 5901 5876 5900
f 5900 5876 5902
f 5876 5879 5902
f 5879 5903 5902
f 5881 5905 5904
f 5881 5904 5879
f 5879 5904 5903
f 5905 5884 5882
f 5905 5882 5904
f 5904 5882 5906
f 5882 5885 5906
f 5885 5907 5906
f 5885 5887 5907
f 5887 5908 5907
f 5887 5496 5908
f 5480 5496 5887
f 5889 5909 5888
f 5888 5910 5890
f 5909 5910 5888
f 5912 5911 5497
f 5910 5912 5497
f 5910 5497 5483
f 5910 5483 5890
f 5498 5497 5911
f 5913 5498 5911
f 5498 5913 5500
f 5916 5915 5914
f 5915 5918 5917
f 5914 5915 5917
f 5918 5920 5919
f 5917 5918 5919
f 5920 5922 5921
f 5919 5920 5921
f 5891 5505 5506
f 5893 5891 5506
f 5893 5506 5921
f 5893 5921 5922
f 5894 5505 5891
f 5508 5505 5894
f 5894 5488 5508
f 5895 5510 5494
f 5896 5510 5895
f 5512 5510 5896
f 5897 5512 5896
f 5514 5512 5897
f 5514 5923 5515
f 5514 5897 5923
f 5897 5898 5923
f 5898 5899 5923
f 5899 5924 5923
f 5899 5900 5924
f 5900 5925 5924
f 5900 5902 5925
f 5902 5926 5925
f 5902 5903 5926
f 5903 5927 5926
f 5903 5904 5927
f 5904 5928 5927
f 5518 5906 5517
f 5518 5928 5906
f 5928 5904 5906
f 5907 5517 5906
f 5520 5517 5907
f 5908 5520 5907
f 5522 5520 5908
f 5908 5496 5522
f 5912 5929 5911
f 5911 5930 5913
f 5929 5930 5911
f 5913 5523 5500
f 5913 5930 5523
f 5930 5931 5523
f 5931 5932 5523
f 5523 5932 5524
f 5932 5933 5524
f 5524 5933 5525
f 5933 5934 5525
f 5525 5934 5526
f 5934 5935 5526
f 5526 5935 5527
f 5936 5529 5527
f 5936 5527 5937
f 5937 5527 5935
f 5937 5939 5938
f 5936 5937 5938
f 5939 5941 5940
f 5938 5939 5940
f 5941 5943 5942
f 5940 5941 5942
f 5943 5945 5944
f 5942 5943 5944
f 5914 5534 5535
f 5916 5914 5535
f 5916 5535 5944
f 5916 5944 5945
f 5917 5534 5914
f 5536 5534 5917
f 5919 5536 5917
f 5537 5536 5919
f 5921 5537 5919
f 5538 5537 5921
f 5921 5506 5538
f 5923 5540 5515
f 5924 5540 5923
f 5542 5540 5924
f 5925 5542 5924
f 5544 5542 5925
f 5926 5544 5925
f 5546 5544 5926
f 5927 5546 5926
f 5548 5546 5927
f 5928 5548 5927
f 5550 5548 5928
f 5928 5518 5550
f 5936 5553 5529
f 5938 5553 5936
f 5554 5553 5938
f 5940 5554 5938
f 5555 5554 5940
f 5942 5555 5940
f 5556 5555 5942
f 5944 5556 5942
f 5557 5556 5944
f 5944 5535 5557
f 5565 5946 5566
f 5567 5946 5565
f 5947 5946 5567
f 5569 5947 5567
f 5948 5947 5569
f 5569 5570 5948
f 5575 5949 5576
f 5577 5949 5575
f 5950 5949 5577
f 5566 5950 5577
f 5566 5946 5950
f 5946 5951 5950
f 5946 5947 5951
f 5947 5952 5951
f 5953 5954 5952
f 5953 5952 5948
f 5948 5952 5947
f 5948 5570 5578
f 5948 5578 5953
f 5953 5578 5955
f 5955 5578 5956
f 5578 5580 5956
f 5957 5580 5581
f 5957 5958 5580
f 5958 5956 5580
f 5958 5957 5959
f 5585 5960 5586
f 5587 5960 5585
f 5961 5960 5587
f 5576 5961 5587
f 5576 5949 5961
f 5949 5962 5961
f 5949 5950 5962
f 5950 5963 5962
f 5964 5965 5963
f 5964 5963 5951
f 5951 5963 5950
f 5951 5952 5966
f 5964 5951 5966
f 5952 5954 5966
f 5967 5957 5581
f 5588 5967 5581
f 5959 5967 5968
f 5957 5967 5959
f 5592 5969 5593
f 5586 5969 5592
f 5586 5960 5969
f 5960 5970 5969
f 5960 5961 5970
f 5961 5971 5970
f 5972 5973 5971
f 5972 5971 5962
f 5962 5971 5961
f 5962 5963 5974
f 5972 5962 5974
f 5963 5965 5974
f 5977 5976 5975
f 5975 5976 5978
f 5975 5978 5588
f 5975 5588 5595
f 5967 5588 5978
f 5967 5978 5968
f 5969 5600 5593
f 5970 5600 5969
f 5602 5600 5970
f 5602 5979 5603
f 5602 5970 5979
f 5970 5971 5979
f 5973 5981 5980
f 5973 5980 5971
f 5971 5980 5979
f 5981 5983 5982
f 5980 5981 5982
f 5983 5985 5984
f 5982 5983 5984
f 5606 5984 5985
f 5606 5985 5605
f 5605 5985 5986
f 5986 5987 5605
f 5605 5987 5608
f 5987 5988 5608
f 5608 5988 5609
f 5975 5988 5977
f 5975 5610 5988
f 5610 5609 5988
f 5975 5595 5610
f 5979 5613 5603
f 5980 5613 5979
f 5614 5613 5980
f 5982 5614 5980
f 5615 5614 5982
f 5984 5615 5982
f 5616 5615 5984
f 5984 5606 5616
f 5991 5989 5990
f 5990 5989 5992
f 5989 5991 5994
f 5619 5993 5620
f 5992 5989 5994
f 5995 5996 5619
f 5995 5619 5621
f 5619 5996 5993
f 5995 5621 5997
f 5621 5622 5997
f 5997 5622 5998
f 5622 5623 5998
f 5998 5623 5999
f 5623 5625 5999
f 6000 5625 5626
f 6000 6001 5625
f 6001 5999 5625
f 6001 6000 6002
f 5629 6003 6004
f 5628 6003 5629
f 5620 5993 6005
f 5620 6005 5628
f 5628 6005 6003
f 5993 5996 6005
f 6000 5626 5630
f 6002 6000 5630
f 6002 5630 6006
f 6006 5630 5631
f 6008 5632 6007
f 6008 6006 5632
f 6006 5631 5632
f 5633 6007 5632
f 6009 6007 5633
f 5635 6009 5633
f 6010 6009 5635
f 5635 5636 6010
f 5638 6011 5639
f 6011 5638 5629
f 6011 5629 6012
f 6012 5629 6004
f 6008 6007 6013
f 6015 6013 6007
f 6015 6007 6014
f 6014 6007 6009
f 6009 6010 6014
f 6010 6016 6014
f 5640 6010 5636
f 5640 6017 6010
f 6017 6016 6010
f 5641 6017 5640
f 6018 6017 5641
f 5642 6018 5641
f 6019 6018 5642
f 5643 6019 5642
f 6020 6019 5643
f 5643 5644 6020
f 6021 5639 6011
f 6021 6022 5639
f 6022 5645 5639
f 6011 6012 6021
f 6025 6024 6023
f 6024 6026 6023
f 6015 6014 6027
f 6029 6027 6014
f 6029 6014 6028
f 6028 6014 6016
f 6016 6017 6028
f 6017 6030 6028
f 6017 6018 6030
f 6018 6031 6030
f 6018 6019 6031
f 6019 6032 6031
f 6019 6020 6032
f 6020 6033 6032
f 5647 6020 5644
f 5647 6034 6020
f 6034 6033 6020
f 5648 6034 5647
f 6035 6034 5648
f 5648 5650 6035
f 6036 6022 6037
f 6036 5653 6022
f 5653 5645 6022
f 6037 6038 6036
f 6041 6040 6039
f 5656 6039 6040
f 5656 6040 5655
f 5655 6040 6042
f 6023 6042 6025
f 6023 5657 6042
f 5657 5655 6042
f 6026 5657 6023
f 6026 6043 5657
f 6043 5659 5657
f 5659 6043 6044
f 5660 5659 6044
f 6029 6028 6045
f 6047 6045 6028
f 6047 6028 6046
f 6046 6028 6030
f 6030 6031 6046
f 6031 6048 6046
f 6031 6032 6048
f 6032 6049 6048
f 6032 6033 6049
f 6033 6050 6049
f 6033 6034 6050
f 6034 6051 6050
f 6034 6035 6051
f 6035 6052 6051
f 5661 6035 5650
f 5661 6053 6035
f 6053 6052 6035
f 5661 5663 6053
f 6036 5666 5653
f 5666 6054 5668
f 6036 6054 5666
f 6036 6055 6054
f 6036 6038 6055
f 6055 6057 6056
f 6054 6055 6056
f 6057 6059 6058
f 6056 6057 6058
f 5672 6058 6059
f 5672 6059 5671
f 5671 6059 6060
f 6039 6060 6041
f 6039 5673 6060
f 5673 5671 6060
f 6039 5656 5673
f 6044 5674 5660
f 6061 5674 6044
f 6062 5675 5674
f 6062 5674 6063
f 6063 5674 6061
f 6063 6064 6062
f 6047 6046 6065
f 6067 6065 6046
f 6067 6046 6066
f 6066 6046 6048
f 6048 6049 6066
f 6049 6068 6066
f 6049 6050 6068
f 6050 6069 6068
f 6050 6051 6069
f 6051 6070 6069
f 6051 6052 6070
f 6052 6071 6070
f 6052 6053 6071
f 6053 6072 6071
f 6053 5677 6072
f 5663 5677 6053
f 6054 5680 5668
f 6056 5680 6054
f 5681 5680 6056
f 6058 5681 6056
f 5682 5681 6058
f 6058 5672 5682
f 6062 5683 5675
f 6064 5683 6062
f 6064 6073 5683
f 6073 5685 5683
f 5685 6073 6074
f 5686 5685 6074
f 6067 6066 6075
f 6077 6075 6066
f 6077 6066 6076
f 6076 6066 6068
f 6068 6069 6076
f 6069 6078 6076
f 6069 6070 6078
f 6070 6079 6078
f 6070 6071 6079
f 6071 6080 6079
f 6071 6072 6080
f 6072 6081 6080
f 5687 6072 5677
f 5687 6082 6072
f 6082 6081 6072
f 5687 5689 6082
f 6074 5691 5686
f 6083 5691 6074
f 6084 5692 5691
f 6084 5691 6085
f 6085 5691 6083
f 6086 6087 6084
f 6086 6084 6076
f 6085 6077 6084
f 6077 6076 6084
f 6089 6086 6076
f 6089 6076 6088
f 6088 6076 6078
f 6078 6079 6088
f 6079 6090 6088
f 6079 6080 6090
f 6080 6091 6090
f 6080 6081 6091
f 6081 6092 6091
f 6081 6082 6092
f 6082 6093 6092
f 6082 5694 6093
f 5689 5694 6082
f 6084 5696 5692
f 6087 5696 6084
f 6087 6094 5696
f 6094 5698 5696
f 6096 5699 6088
f 6096 6088 6095
f 5699 5698 6088
f 6089 6088 6094
f 5698 6094 6088
f 6098 6095 6088
f 6098 6088 6097
f 6097 6088 6090
f 6090 6091 6097
f 6091 6099 6097
f 6091 6092 6099
f 6092 6100 6099
f 6092 6093 6100
f 6093 6101 6100
f 6093 5701 6101
f 5694 5701 6093
f 6096 5703 5699
f 6102 5703 6096
f 6098 6097 6103
f 6098 6103 5703
f 6098 5703 6102
f 5704 5703 6103
f 6097 6099 6103
f 6099 6104 6103
f 6099 6100 6104
f 6100 6105 6104
f 6100 6101 6105
f 6101 6106 6105
f 6101 5706 6106
f 5701 5706 6101
f 6103 5708 5704
f 6104 5708 6103
f 5709 5708 6104
f 5709 6107 5710
f 5709 6104 6107
f 6104 6105 6107
f 6105 6106 6107
f 6106 6108 6107
f 6106 5712 6108
f 5706 5712 6106
f 6107 5714 5710
f 6108 5714 6107
f 5715 5714 6108
f 6108 5712 5715
f 5748 6109 5749
f 5750 6109 5748
f 6110 6109 5750
f 5750 5752 6110
f 5758 6111 5759
f 5749 6111 5758
f 5749 6109 6111
f 6109 6112 6111
f 6109 6110 6112
f 6110 6113 6112
f 5760 6110 5752
f 5760 6114 6110
f 6114 6113 6110
f 5760 5762 6114
f 6115 5759 6111
f 5768 5759 6115
f 6111 6112 6115
f 6112 6116 6115
f 6112 6113 6116
f 6113 6117 6116
f 6113 6114 6117
f 6114 6118 6117
f 6114 5770 6118
f 5762 5770 6114
f 5775 6119 5776
f 5768 6119 5775
f 5768 6115 6119
f 6115 6120 6119
f 6115 6116 6120
f 6116 6121 6120
f 6116 6117 6121
f 6117 6122 6121
f 6117 6118 6122
f 6118 6123 6122
f 6118 5778 6123
f 5770 5778 6118
f 6124 5776 6119
f 5783 5776 6124
f 6119 6120 6124
f 6120 6125 6124
f 6120 6121 6125
f 6121 6126 6125
f 6121 6122 6126
f 6122 6127 6126
f 6122 6123 6127
f 6123 6128 6127
f 6123 5785 6128
f 5778 5785 6123
f 5789 6129 5790
f 5791 6129 5789
f 6130 6129 5791
f 5792 6130 5791
f 6131 6130 5792
f 5793 6131 5792
f 6132 6131 5793
f 5794 6132 5793
f 6133 6132 5794
f 5795 6133 5794
f 6134 6133 5795
f 5796 6134 5795
f 6135 6134 5796
f 5797 6135 5796
f 6136 6135 5797
f 5797 5799 6136
f 5808 6137 5809
f 5810 6137 5808
f 6138 6137 5810
f 5811 6138 5810
f 6139 6138 5811
f 5783 6139 5811
f 5783 6124 6139
f 6124 6140 6139
f 6124 6125 6140
f 6125 6141 6140
f 6125 6126 6141
f 6126 6142 6141
f 6126 6127 6142
f 6127 6143 6142
f 6127 6128 6143
f 6128 6144 6143
f 6128 5813 6144
f 5785 5813 6128
f 5817 6145 5818
f 5820 6145 5817
f 6146 6145 5820
f 5822 6146 5820
f 6147 6146 5822
f 5823 6147 5822
f 6148 6147 5823
f 5824 6148 5823
f 6149 6148 5824
f 6149 6150 6151
f 5824 6150 6149
f 5824 6129 6150
f 5824 5790 6129
f 6129 6130 6152
f 6150 6129 6152
f 6130 6131 6153
f 6152 6130 6153
f 6131 6132 6154
f 6153 6131 6154
f 6132 6133 6155
f 6154 6132 6155
f 6133 6134 6156
f 6155 6133 6156
f 6134 6135 6157
f 6156 6134 6157
f 6135 6136 6158
f 6157 6135 6158
f 6136 5799 5825
f 6136 5825 6158
f 6158 5825 6159
f 6159 5825 6160
f 5825 5826 6160
f 6162 5827 6161
f 6162 6160 5827
f 6160 5826 5827
f 5828 6161 5827
f 6163 6161 5828
f 5829 6163 5828
f 6164 6163 5829
f 5829 5831 6164
f 5837 6165 5838
f 5839 6165 5837
f 6166 6165 5839
f 5809 6166 5839
f 5809 6137 6166
f 6137 6167 6166
f 6137 6138 6167
f 6138 6168 6167
f 6138 6139 6168
f 6139 6169 6168
f 6139 6140 6169
f 6140 6170 6169
f 6140 6141 6170
f 6141 6171 6170
f 6141 6142 6171
f 6142 6172 6171
f 6142 6143 6172
f 6143 6173 6172
f 6143 6144 6173
f 6144 6174 6173
f 6144 5841 6174
f 5813 5841 6144
f 6175 5818 6145
f 5844 5818 6175
f 6145 6146 6175
f 6146 6176 6175
f 6177 6178 6176
f 6177 6176 6147
f 6147 6176 6146
f 6147 6148 6179
f 6177 6147 6179
f 6148 6149 6180
f 6179 6148 6180
f 6149 6151 6180
f 6162 6161 6181
f 6161 6163 6182
f 6181 6161 6182
f 6184 6182 6163
f 6184 6163 6183
f 6183 6163 6164
f 5846 6164 5831
f 5846 6185 6164
f 6185 6183 6164
f 5846 5848 6185
f 6186 5838 6165
f 5854 5838 6186
f 6165 6166 6186
f 6166 6187 6186
f 6166 6167 6187
f 6167 6188 6187
f 6167 6168 6188
f 6168 6189 6188
f 6168 6169 6189
f 6169 6190 6189
f 6169 6170 6190
f 6170 6191 6190
f 6170 6171 6191
f 6171 6192 6191
f 6171 6172 6192
f 6172 6193 6192
f 6172 6173 6193
f 6173 6194 6193
f 6173 6174 6194
f 6174 6195 6194
f 6174 5856 6195
f 5841 5856 6174
f 6196 5844 6175
f 5859 5844 6196
f 6175 6176 6196
f 6176 6197 6196
f 6178 6198 6197
f 6176 6178 6197
f 6200 6184 6183
f 6199 6200 6183
f 6183 6185 6199
f 6185 6201 6199
f 6185 5862 6201
f 5848 5862 6185
f 6186 5868 5854
f 6187 5868 6186
f 5870 5868 6187
f 6188 5870 6187
f 5872 5870 6188
f 6189 5872 6188
f 5874 5872 6189
f 5874 6202 5875
f 5874 6189 6202
f 6189 6190 6202
f 5878 6191 5877
f 5878 6202 6191
f 6202 6190 6191
f 6192 5877 6191
f 5880 5877 6192
f 5880 6203 5881
f 5880 6192 6203
f 6192 6193 6203
f 5884 6194 5883
f 5884 6203 6194
f 6203 6193 6194
f 6195 5883 6194
f 5886 5883 6195
f 6195 5856 5886
f 6204 5859 6196
f 5889 5859 6204
f 6196 6197 6204
f 6197 6205 6204
f 6198 6207 6206
f 6198 6206 6197
f 6197 6206 6205
f 6207 6208 6206
f 6211 6210 6209
f 6210 6213 6212
f 6209 6210 6212
f 6213 6215 6214
f 6212 6213 6214
f 6215 6200 6199
f 6215 6199 6214
f 6214 6199 6216
f 5893 6201 5892
f 5893 6216 6201
f 6216 6199 6201
f 6201 5862 5892
f 6202 5901 5875
f 6202 5878 5901
f 6203 5905 5881
f 6203 5884 5905
f 6204 5909 5889
f 6205 5909 6204
f 5910 5909 6205
f 5910 6217 5912
f 5910 6205 6217
f 6205 6206 6217
f 6208 6219 6218
f 6208 6218 6206
f 6206 6218 6217
f 6219 6221 6220
f 6218 6219 6220
f 6221 6223 6222
f 6220 6221 6222
f 6223 6225 6224
f 6222 6223 6224
f 6225 6227 6226
f 6224 6225 6226
f 6227 6229 6228
f 6226 6227 6228
f 6229 6231 6230
f 6228 6229 6230
f 6231 6233 6232
f 6230 6231 6232
f 6233 6235 6234
f 6232 6233 6234
f 6235 6237 6236
f 6234 6235 6236
f 6237 6239 6238
f 6236 6237 6238
f 6209 5915 5916
f 6211 6209 5916
f 6211 5916 6238
f 6211 6238 6239
f 6212 5915 6209
f 5918 5915 6212
f 6214 5918 6212
f 5920 5918 6214
f 6216 5920 6214
f 5922 5920 6216
f 6216 5893 5922
f 6217 5929 5912
f 6218 5929 6217
f 5930 5929 6218
f 6220 5930 6218
f 5931 5930 6220
f 6222 5931 6220
f 5932 5931 6222
f 6224 5932 6222
f 5933 5932 6224
f 6226 5933 6224
f 5934 5933 6226
f 6228 5934 6226
f 5935 5934 6228
f 6230 5935 6228
f 5937 5935 6230
f 6232 5937 6230
f 5939 5937 6232
f 6234 5939 6232
f 5941 5939 6234
f 6236 5941 6234
f 5943 5941 6236
f 6238 5943 6236
f 5945 5943 6238
f 6238 5916 5945
f 5953 6240 5954
f 5955 6240 5953
f 6241 6240 5955
f 5956 6241 5955
f 6242 6241 5956
f 5958 6242 5956
f 6243 6242 5958
f 5958 5959 6243
f 5964 6244 5965
f 5966 6244 5964
f 6245 6244 5966
f 5954 6245 5966
f 5954 6240 6245
f 6240 6246 6245
f 6240 6241 6246
f 6241 6247 6246
f 6248 6249 6247
f 6248 6247 6242
f 6242 6247 6241
f 6242 6243 6250
f 6248 6242 6250
f 6243 6251 6250
f 6243 5959 6251
f 5959 5968 6251
f 5972 6252 5973
f 5974 6252 5972
f 6253 6252 5974
f 5965 6253 5974
f 5965 6244 6253
f 6244 6254 6253
f 6244 6245 6254
f 6245 6255 6254
f 6245 6246 6255
f 6246 6256 6255
f 6246 6247 6256
f 6247 6257 6256
f 6249 6258 5976
f 6249 5976 6257
f 6249 6257 6247
f 6257 5976 5977
f 6258 6259 5976
f 5976 6259 5978
f 6259 5968 5978
f 6251 5968 6259
f 6252 5981 5973
f 6253 5981 6252
f 5983 5981 6253
f 6254 5983 6253
f 5985 5983 6254
f 6255 5985 6254
f 5986 5985 6255
f 6256 5986 6255
f 5987 5986 6256
f 6257 5987 6256
f 5988 5987 6257
f 6257 5977 5988
f 5990 6260 5991
f 5990 5992 6260
f 6260 5994 5991
f 5994 6260 5992
f 5996 5995 6261
f 6261 6262 6263
f 6261 5995 6262
f 5995 5997 6262
f 6265 5998 6264
f 6265 6262 5998
f 6262 5997 5998
f 5999 6264 5998
f 6266 6264 5999
f 6001 6266 5999
f 6267 6266 6001
f 6001 6002 6267
f 6003 6268 6004
f 6268 6269 6270
f 6268 6003 6269
f 6003 6005 6269
f 5996 6261 6271
f 5996 6271 6005
f 6005 6271 6269
f 6261 6263 6271
f 6265 6264 6272
f 6274 6272 6264
f 6274 6264 6273
f 6273 6264 6266
f 6266 6267 6273
f 6267 6275 6273
f 6006 6267 6002
f 6006 6276 6267
f 6276 6275 6267
f 6006 6008 6276
f 6277 6004 6268
f 6277 6278 6004
f 6278 6012 6004
f 6268 6270 6277
f 6280 6274 6273
f 6279 6280 6273
f 6273 6275 6279
f 6275 6281 6279
f 6275 6276 6281
f 6276 6282 6281
f 6013 6276 6008
f 6013 6283 6276
f 6283 6282 6276
f 6013 6015 6283
f 6021 6284 6022
f 6284 6021 6012
f 6284 6012 6285
f 6285 6012 6278
f 6287 6280 6279
f 6286 6287 6279
f 6025 6281 6024
f 6025 6286 6281
f 6286 6279 6281
f 6024 6288 6026
f 6024 6281 6288
f 6281 6282 6288
f 6282 6283 6288
f 6283 6289 6288
f 6027 6283 6015
f 6027 6290 6283
f 6290 6289 6283
f 6027 6029 6290
f 6284 6037 6022
f 6037 6291 6038
f 6284 6291 6037
f 6284 6292 6291
f 6284 6285 6292
f 6292 6293 6291
f 6296 6295 6294
f 6041 6294 6295
f 6041 6295 6040
f 6040 6295 6297
f 6286 6297 6287
f 6286 6042 6297
f 6042 6040 6297
f 6286 6025 6042
f 6288 6043 6026
f 6043 6298 6044
f 6043 6288 6298
f 6288 6289 6298
f 6289 6290 6298
f 6290 6299 6298
f 6045 6290 6029
f 6045 6300 6290
f 6300 6299 6290
f 6045 6047 6300
f 6291 6055 6038
f 6293 6055 6291
f 6293 6301 6055
f 6301 6057 6055
f 6301 6302 6057
f 6057 6302 6059
f 6294 6302 6296
f 6294 6060 6302
f 6060 6059 6302
f 6294 6041 6060
f 6298 6061 6044
f 6299 6061 6298
f 6063 6061 6299
f 6063 6303 6064
f 6063 6299 6303
f 6299 6300 6303
f 6065 6300 6047
f 6065 6304 6300
f 6304 6303 6300
f 6065 6067 6304
f 6303 6073 6064
f 6073 6305 6074
f 6073 6303 6305
f 6303 6304 6305
f 6075 6304 6067
f 6075 6306 6304
f 6306 6305 6304
f 6075 6077 6306
f 6305 6083 6074
f 6306 6083 6305
f 6085 6083 6306
f 6085 6306 6077
f 6087 6086 6307
f 6086 6089 6307
f 6307 6094 6087
f 6094 6307 6089
f 6096 6095 6308
f 6095 6098 6308
f 6308 6102 6096
f 6308 6098 6102
f 6150 6309 6151
f 6152 6309 6150
f 6310 6309 6152
f 6153 6310 6152
f 6311 6310 6153
f 6154 6311 6153
f 6312 6311 6154
f 6155 6312 6154
f 6313 6312 6155
f 6156 6313 6155
f 6314 6313 6156
f 6157 6314 6156
f 6315 6314 6157
f 6158 6315 6157
f 6316 6315 6158
f 6159 6316 6158
f 6317 6316 6159
f 6160 6317 6159
f 6318 6317 6160
f 6160 6162 6318
f 6177 6319 6178
f 6179 6319 6177
f 6320 6319 6179
f 6180 6320 6179
f 6321 6320 6180
f 6151 6321 6180
f 6151 6309 6321
f 6309 6322 6321
f 6309 6310 6322
f 6310 6323 6322
f 6324 6325 6323
f 6324 6323 6311
f 6311 6323 6310
f 6311 6312 6326
f 6324 6311 6326
f 6312 6313 6327
f 6326 6312 6327
f 6313 6314 6328
f 6327 6313 6328
f 6314 6315 6329
f 6328 6314 6329
f 6315 6316 6330
f 6329 6315 6330
f 6316 6317 6331
f 6330 6316 6331
f 6317 6318 6332
f 6331 6317 6332
f 6334 6181 6333
f 6332 6181 6334
f 6332 6162 6181
f 6332 6318 6162
f 6182 6333 6181
f 6335 6333 6182
f 6182 6184 6335
f 6336 6178 6319
f 6198 6178 6336
f 6319 6320 6336
f 6320 6337 6336
f 6320 6321 6337
f 6321 6338 6337
f 6321 6322 6338
f 6322 6339 6338
f 6322 6323 6339
f 6323 6340 6339
f 6325 6341 6340
f 6323 6325 6340
f 6344 6343 6342
f 6343 6334 6333
f 6343 6333 6342
f 6342 6333 6345
f 6333 6335 6345
f 6335 6346 6345
f 6335 6200 6346
f 6184 6200 6335
f 6336 6207 6198
f 6207 6347 6208
f 6207 6336 6347
f 6336 6337 6347
f 6337 6338 6347
f 6338 6348 6347
f 6338 6339 6348
f 6339 6349 6348
f 6339 6340 6349
f 6340 6350 6349
f 6341 6352 6351
f 6341 6351 6340
f 6340 6351 6350
f 6352 6354 6353
f 6351 6352 6353
f 6354 6356 6355
f 6353 6354 6355
f 6356 6358 6357
f 6355 6356 6357
f 6358 6360 6359
f 6357 6358 6359
f 6360 6362 6361
f 6359 6360 6361
f 6362 6364 6363
f 6361 6362 6363
f 6342 6210 6211
f 6344 6342 6211
f 6344 6211 6363
f 6344 6363 6364
f 6345 6210 6342
f 6213 6210 6345
f 6346 6213 6345
f 6215 6213 6346
f 6346 6200 6215
f 6347 6219 6208
f 6348 6219 6347
f 6221 6219 6348
f 6349 6221 6348
f 6223 6221 6349
f 6350 6223 6349
f 6225 6223 6350
f 6351 6225 6350
f 6227 6225 6351
f 6353 6227 6351
f 6229 6227 6353
f 6355 6229 6353
f 6231 6229 6355
f 6357 6231 6355
f 6233 6231 6357
f 6359 6233 6357
f 6235 6233 6359
f 6361 6235 6359
f 6237 6235 6361
f 6363 6237 6361
f 6239 6237 6363
f 6363 6211 6239
f 6248 6365 6249
f 6250 6365 6248
f 6366 6365 6250
f 6250 6251 6366
f 6365 6258 6249
f 6366 6258 6365
f 6259 6258 6366
f 6366 6251 6259
f 6262 6367 6263
f 6262 6265 6367
f 6269 6368 6270
f 6368 6369 6370
f 6368 6269 6369
f 6269 6271 6369
f 6263 6367 6371
f 6263 6371 6271
f 6271 6371 6369
f 6373 6272 6372
f 6371 6272 6373
f 6371 6265 6272
f 6371 6367 6265
f 6272 6274 6372
f 6277 6374 6278
f 6374 6375 6376
f 6277 6375 6374
f 6277 6368 6375
f 6277 6270 6368
f 6368 6370 6375
f 6373 6372 6377
f 6372 6378 6377
f 6372 6274 6378
f 6274 6280 6378
f 6379 6278 6374
f 6285 6278 6379
f 6376 6380 6379
f 6374 6376 6379
f 6383 6382 6381
f 6382 6287 6381
f 6382 6378 6287
f 6378 6280 6287
f 6379 6292 6285
f 6292 6384 6293
f 6379 6384 6292
f 6379 6385 6384
f 6379 6380 6385
f 6385 6387 6386
f 6384 6385 6386
f 6296 6386 6387
f 6296 6387 6295
f 6295 6387 6388
f 6381 6388 6383
f 6381 6297 6388
f 6297 6295 6388
f 6381 6287 6297
f 6384 6301 6293
f 6386 6301 6384
f 6302 6301 6386
f 6386 6296 6302
f 6324 6389 6325
f 6326 6389 6324
f 6390 6389 6326
f 6327 6390 6326
f 6391 6390 6327
f 6328 6391 6327
f 6392 6391 6328
f 6329 6392 6328
f 6393 6392 6329
f 6330 6393 6329
f 6394 6393 6330
f 6331 6394 6330
f 6395 6394 6331
f 6332 6395 6331
f 6396 6395 6332
f 6332 6334 6396
f 6397 6325 6389
f 6341 6325 6397
f 6389 6390 6397
f 6390 6398 6397
f 6390 6391 6398
f 6391 6399 6398
f 6391 6392 6399
f 6392 6400 6399
f 6392 6393 6400
f 6393 6401 6400
f 6393 6394 6401
f 6394 6402 6401
f 6394 6395 6402
f 6395 6403 6402
f 6344 6396 6343
f 6344 6403 6396
f 6403 6395 6396
f 6396 6334 6343
f 6397 6352 6341
f 6398 6352 6397
f 6354 6352 6398
f 6399 6354 6398
f 6356 6354 6399
f 6400 6356 6399
f 6358 6356 6400
f 6401 6358 6400
f 6360 6358 6401
f 6402 6360 6401
f 6362 6360 6402
f 6403 6362 6402
f 6364 6362 6403
f 6403 6344 6364
f 6369 6404 6370
f 6371 6404 6369
f 6405 6404 6371
f 6371 6373 6405
f 6375 6406 6376
f 6406 6407 6408
f 6375 6407 6406
f 6375 6404 6407
f 6375 6370 6404
f 6404 6405 6409
f 6407 6404 6409
f 6411 6377 6410
f 6409 6377 6411
f 6409 6373 6377
f 6409 6405 6373
f 6377 6378 6410
f 6412 6376 6406
f 6380 6376 6412
f 6408 6413 6412
f 6406 6408 6412
f 6416 6415 6414
f 6410 6382 6383
f 6411 6410 6383
f 6411 6383 6414
f 6411 6414 6415
f 6410 6378 6382
f 6412 6385 6380
f 6413 6385 6412
f 6413 6417 6385
f 6417 6387 6385
f 6414 6417 6416
f 6414 6388 6417
f 6388 6387 6417
f 6414 6383 6388
f 6407 6418 6408
f 6409 6418 6407
f 6419 6418 6409
f 6409 6411 6419
f 6420 6408 6418
f 6413 6408 6420
f 6416 6419 6415
f 6416 6420 6419
f 6420 6418 6419
f 6419 6411 6415
f 6420 6417 6413
f 6420 6416 6417

