# https://github.com/mikedh/trimesh
v -0.58641784 -0.58182615 -0.58182617
v -0.58182616 -0.58641784 -0.58182617
v -0.58182616 -0.58182615 -0.58641785
v -0.58217134 -0.58182615 -0.55706758
v -0.58182616 -0.58217133 -0.55706758
v -0.58182616 -0.58182615 -0.55505023
v -0.58327082 -0.58182615 0.55706752
v -0.58182616 -0.58327081 0.55706752
v -0.58182616 -0.58182615 0.54822799
v -0.58717060 -0.58182615 0.58182614
v -0.58182616 -0.58717059 0.58182614
v -0.58182616 -0.58182615 0.58717054
v -0.58216599 -0.55706757 -0.58182617
v -0.58182616 -0.55706757 -0.58216599
v -0.58182616 -0.55706757 -0.58032551
v -0.58182616 -0.58030290 -0.55706758
v -0.58182616 -0.57514122 0.55706752
v -0.58182616 -0.55706757 0.57516338
v -0.58326464 -0.55706757 0.58182614
v -0.58182616 -0.55706757 0.58326461
v -0.58182616 -0.55508500 -0.58182617
v -0.58182616 -0.54828509 0.58182614
v -0.58188260 -0.23520631 0.58182614
v -0.58182616 -0.23723372 0.58182614
v -0.58182616 -0.23520631 0.58160248
v -0.58182616 -0.23520631 0.58188261
v -0.58201117 -0.21044776 0.58182614
v -0.58182616 -0.21044776 0.58108886
v -0.58182616 -0.21044776 0.58201111
v -0.58182616 -0.19857170 0.58182614
v -0.58185895 0.21044773 0.58182614
v -0.58182616 0.20204264 0.58182614
v -0.58182616 0.21044773 0.58169584
v -0.58182616 0.21044773 0.58185890
v -0.58182616 0.21208418 0.58182614
v -0.58309789 0.55706753 -0.58182617
v -0.58182616 0.54940522 -0.58182617
v -0.58182616 0.55706753 -0.58309789
v -0.58182616 0.55706753 -0.57598112
v -0.58263383 0.55706753 0.58182614
v -0.58182616 0.55229497 0.58182614
v -0.58182616 0.55706753 0.57818053
v -0.58182616 0.55706753 0.58263378
v -0.58705993 0.58182615 -0.58182617
v -0.58182616 0.58182615 -0.58705993
v -0.58182616 0.57596249 -0.55706758
v -0.58310291 0.58182615 -0.55706758
v -0.58182616 0.58182615 -0.54936181
v -0.58264645 0.58182615 0.55706752
v -0.58182616 0.57813051 0.55706752
v -0.58182616 0.58182615 0.55220066
v -0.58674046 0.58182615 0.58182614
v -0.58182616 0.58182615 0.58674044
v -0.58182616 0.58705984 -0.58182617
v -0.58182616 0.58310287 -0.55706758
v -0.58182616 0.58264637 0.55706752
v -0.58182616 0.58674045 0.58182614
v -0.55706758 -0.58218980 -0.58182617
v -0.55706758 -0.58182615 -0.58218982
v -0.58029553 -0.58182615 -0.55706758
v -0.55706758 -0.58182615 -0.58021783
v -0.57513863 -0.58182615 0.55706752
v -0.55706758 -0.58182615 0.57515383
v -0.55706758 -0.58326654 0.58182614
v -0.55706758 -0.58182615 0.58326649
v -0.55706758 -0.58021948 -0.58182617
v -0.58031975 -0.55706757 -0.58182617
v -0.55706758 -0.57516256 0.58182614
v -0.57516951 -0.55706757 0.58182614
v -0.58160265 -0.23520631 0.58182614
v -0.58108953 -0.21044776 0.58182614
v -0.58169615 0.21044773 0.58182614
v -0.57598405 0.55706753 -0.58182617
v -0.57819194 0.55706753 0.58182614
v -0.55706758 0.57597442 -0.58182617
v -0.55706758 0.58182615 -0.58310046
v -0.57595921 0.58182615 -0.55706758
v -0.55706758 0.58182615 -0.57596829
v -0.57813258 0.58182615 0.55706752
v -0.55706758 0.58182615 0.57819297
v -0.55706758 0.57820224 0.58182614
v -0.55706758 0.58182615 0.58263117
v -0.55706758 0.58310041 -0.58182617
v -0.55706758 0.58263119 0.58182614
v -0.55493124 -0.58182615 -0.58182617
v -0.54826688 -0.58182615 0.58182614
v -0.54938346 0.58182615 -0.58182617
v -0.55231370 0.58182615 0.58182614
v -0.24917154 -0.58182615 0.58182614
v -0.23520632 -0.58225430 0.58182614
v -0.23520632 -0.58182615 0.58011549
v -0.23520632 -0.58182615 0.58225422
v -0.23520632 -0.58012924 0.58182614
v -0.21044777 -0.58260291 0.58182614
v -0.21044777 -0.58182615 0.57869010
v -0.21044777 -0.58182615 0.58260283
v -0.21044777 -0.57871456 0.58182614
v -0.18568922 -0.58261745 0.58182614
v -0.18568922 -0.58182615 0.57865185
v -0.18568922 -0.58182615 0.58261736
v -0.18568922 -0.57867500 0.58182614
v -0.16093064 -0.58242868 0.58182614
v -0.16093064 -0.58182615 0.57944560
v -0.16093064 -0.58182615 0.58242870
v -0.16093064 -0.57946149 0.58182614
v -0.13617209 -0.58217299 0.58182614
v -0.13617209 -0.58182615 0.58047683
v -0.13617209 -0.58182615 0.58217301
v -0.13617209 -0.58048505 0.58182614
v -0.11141354 -0.58195064 0.58182614
v -0.11141354 -0.58182615 0.58134701
v -0.11141354 -0.58182615 0.58195059
v -0.11141354 -0.58134959 0.58182614
v -0.09016726 -0.58182615 0.58182614
v -0.08698437 -0.43327480 -0.01237929
v -0.08665496 -0.45763954 -0.01237929
v -0.08665496 -0.43327480 -0.01336054
v -0.08681517 -0.43327480 0.01237926
v -0.08665496 -0.44213750 0.01237926
v -0.08665496 -0.43327480 0.01283858
v -0.08665496 -0.42787841 -0.01237929
v -0.08665496 -0.43056453 0.01237926
v -0.08727690 0.43327480 -0.01237929
v -0.08665496 0.42443223 -0.01237929
v -0.08665496 0.43327480 -0.01435521
v -0.08696369 0.43327480 0.01237926
v -0.08665496 0.42835674 0.01237926
v -0.08665496 0.43327480 0.01326528
v -0.08725210 0.45803334 -0.01237929
v -0.08665496 0.45803334 -0.01398592
v -0.08674358 0.45803334 0.01237926
v -0.08665496 0.45803334 0.01258882
v -0.08665496 0.46114031 -0.01237929
v -0.08665496 0.45850799 0.01237926
v -0.06364702 -0.48279189 -0.03713787
v -0.06189641 -0.48471224 -0.03713787
v -0.06189641 -0.48279189 -0.03895359
v -0.07678595 -0.48279189 -0.01237929
v -0.06189641 -0.49208213 -0.01237929
v -0.07527708 -0.48279189 0.01237926
v -0.06189641 -0.49055425 0.01237926
v -0.06189641 -0.48279189 0.03484549
v -0.07476559 -0.45803334 -0.03713787
v -0.06189641 -0.45803334 -0.05292492
v -0.08664679 -0.45803334 -0.01237929
v -0.08621217 -0.45803334 0.01237926
v -0.06189641 -0.48123562 0.03713781
v -0.07344083 -0.45803334 0.03713781
v -0.06189641 -0.45803334 0.05056689
v -0.07705791 -0.43327480 -0.03713787
v -0.06189641 -0.43327480 -0.05733615
v -0.07639551 -0.43327480 0.03713781
v -0.06189641 -0.43327480 0.05593182
v -0.07610796 -0.40851625 -0.03713787
v -0.06189641 -0.40851625 -0.05656211
v -0.08542152 -0.40851625 -0.01237929
v -0.08529766 -0.40851625 0.01237926
v -0.07576232 -0.40851625 0.03713781
v -0.06189641 -0.40851625 0.05602517
v -0.07435028 -0.38375767 -0.03713787
v -0.06189641 -0.38375767 -0.05410156
v -0.08368607 -0.38375767 -0.01237929
v -0.08358813 -0.38375767 0.01237926
v -0.07413823 -0.38375767 0.03713781
v -0.06189641 -0.38375767 0.05394306
v -0.07290638 -0.35899912 -0.03713787
v -0.06189641 -0.35899912 -0.05191435
v -0.08252889 -0.35899912 -0.01237929
v -0.08243604 -0.35899912 0.01237926
v -0.07273103 -0.35899912 0.03713781
v -0.06189641 -0.35899912 0.05182907
v -0.07220316 -0.33424053 -0.03713787
v -0.06189641 -0.33424053 -0.05074093
v -0.08214694 -0.33424053 -0.01237929
v -0.08205095 -0.33424053 0.01237926
v -0.07201721 -0.33424053 0.03713781
v -0.06189641 -0.33424053 0.05061165
v -0.07225985 -0.30948199 -0.03713787
v -0.06189641 -0.30948199 -0.05063514
v -0.08244107 -0.30948199 -0.01237929
v -0.08234178 -0.30948199 0.01237926
v -0.07204946 -0.30948199 0.03713781
v -0.06189641 -0.30948199 0.05043543
v -0.07285272 -0.28472344 -0.03713787
v -0.06189641 -0.28472344 -0.05131149
v -0.08312755 -0.28472344 -0.01237929
v -0.08303036 -0.28472344 0.01237926
v -0.07262704 -0.28472344 0.03713781
v -0.06189641 -0.28472344 0.05105419
v -0.07364745 -0.25996489 -0.03713787
v -0.06189641 -0.25996489 -0.05235002
v -0.08386443 -0.25996489 -0.01237929
v -0.08377668 -0.25996489 0.01237926
v -0.07342770 -0.25996489 0.03713781
v -0.06189641 -0.25996489 0.05206740
v -0.07433491 -0.23520631 -0.03713787
v -0.06189641 -0.23520631 -0.05334349
v -0.08439200 -0.23520631 -0.01237929
v -0.08431987 -0.23520631 0.01237926
v -0.07414347 -0.23520631 0.03713781
v -0.06189641 -0.23520631 0.05307512
v -0.07474281 -0.21044776 -0.03713787
v -0.06189641 -0.21044776 -0.05401887
v -0.08462148 -0.21044776 -0.01237929
v -0.08456880 -0.21044776 0.01237926
v -0.07459512 -0.21044776 0.03713781
v -0.06189641 -0.21044776 0.05379837
v -0.07486585 -0.18568921 -0.03713787
v -0.06189641 -0.18568921 -0.05430294
v -0.08461906 -0.18568921 -0.01237929
v -0.08458674 -0.18568921 0.01237926
v -0.07476718 -0.18568921 0.03713781
v -0.06189641 -0.18568921 0.05414619
v -0.07480590 -0.16093063 -0.03713787
v -0.06189641 -0.16093063 -0.05428870
v -0.08451515 -0.16093063 -0.01237929
v -0.08450079 -0.16093063 0.01237926
v -0.07475048 -0.16093063 0.03713781
v -0.06189641 -0.16093063 0.05419073
v -0.07467318 -0.13617208 -0.03713787
v -0.06189641 -0.13617208 -0.05412076
v -0.08441178 -0.13617208 -0.01237929
v -0.08440853 -0.13617208 0.01237926
v -0.07464436 -0.13617208 0.03713781
v -0.06189641 -0.13617208 0.05406057
v -0.07450104 -0.11141354 -0.03713787
v -0.06189641 -0.11141354 -0.05386782
v -0.08432396 -0.11141354 -0.01237929
v -0.08432128 -0.11141354 0.01237926
v -0.07447548 -0.11141354 0.03713781
v -0.06189641 -0.11141354 0.05381732
v -0.07420594 -0.08665495 -0.03713787
v -0.06189641 -0.08665495 -0.05345286
v -0.08416122 -0.08665495 -0.01237929
v -0.08414796 -0.08665495 0.01237926
v -0.07416053 -0.08665495 0.03713781
v -0.06189641 -0.08665495 0.05338541
v -0.07362833 -0.06189640 -0.03713787
v -0.06189641 -0.06189640 -0.05269714
v -0.08376341 -0.06189640 -0.01237929
v -0.08373112 -0.06189640 0.01237926
v -0.07354828 -0.06189640 0.03713781
v -0.06189641 -0.06189640 0.05259361
v -0.07275586 -0.03713786 -0.03713787
v -0.06189641 -0.03713786 -0.05159275
v -0.08306861 -0.03713786 -0.01237929
v -0.08301340 -0.03713786 0.01237926
v -0.07263811 -0.03713786 0.03713781
v -0.06189641 -0.03713786 0.05144401
v -0.07213324 -0.01237927 -0.03713787
v -0.06189641 -0.01237927 -0.05081186
v -0.08253214 -0.01237927 -0.01237929
v -0.08245527 -0.01237927 0.01237926
v -0.07197950 -0.01237927 0.03713781
v -0.06189641 -0.01237927 0.05061295
v -0.07254909 0.01237927 -0.03713787
v -0.06189641 0.01237927 -0.05133293
v -0.08297201 0.01237927 -0.01237929
v -0.08288071 0.01237927 0.01237926
v -0.07235924 0.01237927 0.03713781
v -0.06189641 0.01237927 0.05107899
v -0.07369688 0.03713782 -0.03713787
v -0.06189641 0.03713782 -0.05276360
v -0.08402485 0.03713782 -0.01237929
v -0.08393034 0.03713782 0.01237926
v -0.07347966 0.03713782 0.03713781
v -0.06189641 0.03713782 0.05246417
v -0.07469173 0.06189637 -0.03713787
v -0.06189641 0.06189637 -0.05400933
v -0.08484738 0.06189637 -0.01237929
v -0.08475605 0.06189637 0.01237926
v -0.07446351 0.06189637 0.03713781
v -0.06189641 0.06189637 0.05368607
v -0.07518875 0.08665492 -0.03713787
v -0.06189641 0.08665492 -0.05465651
v -0.08523077 0.08665492 -0.01237929
v -0.08514266 0.08665492 0.01237926
v -0.07495924 0.08665492 0.03713781
v -0.06189641 0.08665492 0.05432653
v -0.07518919 0.11141354 -0.03713787
v -0.06189641 0.11141354 -0.05470626
v -0.08522965 0.11141354 -0.01237929
v -0.08514006 0.11141354 0.01237926
v -0.07495754 0.11141354 0.03713781
v -0.06189641 0.11141354 0.05437657
v -0.07473956 0.13617208 -0.03713787
v -0.06189641 0.13617208 -0.05420254
v -0.08490096 0.13617208 -0.01237929
v -0.08480208 0.13617208 0.01237926
v -0.07449797 0.13617208 0.03713781
v -0.06189641 0.13617208 0.05387133
v -0.07405116 0.16093063 -0.03713787
v -0.06189641 0.16093063 -0.05337180
v -0.08440806 0.16093063 -0.01237929
v -0.08429428 0.16093063 0.01237926
v -0.07379580 0.16093063 0.03713781
v -0.06189641 0.16093063 0.05303904
v -0.07374728 0.18568918 -0.03713787
v -0.06189641 0.18568918 -0.05293371
v -0.08428234 0.18568918 -0.01237929
v -0.08416376 0.18568918 0.01237926
v -0.07349426 0.18568918 0.03713781
v -0.06189641 0.18568918 0.05262116
v -0.07415515 0.21044773 -0.03713787
v -0.06189641 0.21044773 -0.05327194
v -0.08477905 0.21044773 -0.01237929
v -0.08468247 0.21044773 0.01237926
v -0.07394028 0.21044773 0.03713781
v -0.06189641 0.21044773 0.05302053
v -0.07454620 0.23520627 -0.03713787
v -0.06189641 0.23520627 -0.05354947
v -0.08514212 0.23520627 -0.01237929
v -0.08508694 0.23520627 0.01237926
v -0.07440433 0.23520627 0.03713781
v -0.06189641 0.23520627 0.05338772
v -0.07429387 0.25996482 -0.03713787
v -0.06189641 0.25996482 -0.05310436
v -0.08484369 0.25996482 -0.01237929
v -0.08483801 0.25996482 0.01237926
v -0.07424727 0.25996482 0.03713781
v -0.06189641 0.25996482 0.05304316
v -0.07351679 0.28472344 -0.03713787
v -0.06189641 0.28472344 -0.05214082
v -0.08399354 0.28472344 -0.01237929
v -0.08403826 0.28472344 0.01237926
v -0.07356976 0.28472344 0.03713781
v -0.06189641 0.28472344 0.05217818
v -0.07271743 0.30948199 -0.03713787
v -0.06189641 0.30948199 -0.05127686
v -0.08302013 0.30948199 -0.01237929
v -0.08310611 0.30948199 0.01237926
v -0.07284965 0.30948199 0.03713781
v -0.06189641 0.30948199 0.05138689
v -0.07242096 0.33424053 -0.03713787
v -0.06189641 0.33424053 -0.05115541
v -0.08242169 0.33424053 -0.01237929
v -0.08252773 0.33424053 0.01237926
v -0.07258087 0.33424053 0.03713781
v -0.06189641 0.33424053 0.05126606
v -0.07297952 0.35899908 -0.03713787
v -0.06189641 0.35899908 -0.05223992
v -0.08258269 0.35899908 -0.01237929
v -0.08267297 0.35899908 0.01237926
v -0.07307287 0.35899908 0.03713781
v -0.06189641 0.35899908 0.05219387
v -0.07445910 0.38375763 -0.03713787
v -0.06189641 0.38375763 -0.05462827
v -0.08365776 0.38375763 -0.01237929
v -0.08367776 0.38375763 0.01237926
v -0.07432855 0.38375763 0.03713781
v -0.06189641 0.38375763 0.05411849
v -0.07649190 0.40851618 -0.03713787
v -0.06189641 0.40851618 -0.05768440
v -0.08548480 0.40851618 -0.01237929
v -0.08535529 0.40851618 0.01237926
v -0.07589957 0.40851618 0.03713781
v -0.06189641 0.40851618 0.05621087
v -0.07791703 0.43327480 -0.03713787
v -0.06189641 0.43327480 -0.05923398
v -0.07661161 0.43327480 0.03713781
v -0.06189641 0.43327480 0.05643069
v -0.07582371 0.45803334 -0.03713787
v -0.06189641 0.45803334 -0.05467335
v -0.07398261 0.45803334 0.03713781
v -0.06189641 0.45803334 0.05160758
v -0.06293411 0.48279189 -0.03713787
v -0.06189641 0.48279189 -0.03821971
v -0.07715553 0.48279189 -0.01237929
v -0.07657180 0.48279189 0.01237926
v -0.06222008 0.48279189 0.03713781
v -0.06189641 0.48279189 0.03747572
v -0.06189641 0.48374458 -0.03713787
v -0.06189641 0.49111715 -0.01237929
v -0.06189641 0.49106667 0.01237926
v -0.06189641 0.48312090 0.03713781
v -0.03902347 -0.48279189 -0.06189642
v -0.03713787 -0.48487378 -0.06189642
v -0.03713787 -0.48279189 -0.06362294
v -0.03713787 -0.49680741 -0.03713787
v -0.03713787 -0.49608633 -0.01237929
v -0.03713787 -0.49459536 0.01237926
v -0.06022022 -0.48279189 0.03713781
v -0.03713787 -0.49337974 0.03713781
v -0.03713787 -0.48279189 0.06010219
v -0.05298038 -0.45803334 -0.06189642
v -0.03713787 -0.45803334 -0.07490588
v -0.05035244 -0.45803334 0.06189636
v -0.03713787 -0.48107047 0.06189636
v -0.03713787 -0.45803334 0.07273758
v -0.05737910 -0.43327480 -0.06189642
v -0.03713787 -0.43327480 -0.07735399
v -0.05592863 -0.43327480 0.06189636
v -0.03713787 -0.43327480 0.07646787
v -0.05660383 -0.40851625 -0.06189642
v -0.03713787 -0.40851625 -0.07632815
v -0.05611530 -0.40851625 0.06189636
v -0.03713787 -0.40851625 0.07630698
v -0.05413974 -0.38375767 -0.06189642
v -0.03713787 -0.38375767 -0.07447661
v -0.05411479 -0.38375767 0.06189636
v -0.03713787 -0.38375767 0.07479872
v -0.05193752 -0.35899912 -0.06189642
v -0.03713787 -0.35899912 -0.07296159
v -0.05203868 -0.35899912 0.06189636
v -0.03713787 -0.35899912 0.07332511
v -0.05074436 -0.33424053 -0.06189642
v -0.03713787 -0.33424053 -0.07220313
v -0.05079718 -0.33424053 0.06189636
v -0.03713787 -0.33424053 0.07247148
v -0.05062132 -0.30948199 -0.06189642
v -0.03713787 -0.30948199 -0.07221437
v -0.05055874 -0.30948199 0.06189636
v -0.03713787 -0.30948199 0.07234205
v -0.05128839 -0.28472344 -0.06189642
v -0.03713787 -0.28472344 -0.07277442
v -0.05111267 -0.28472344 0.06189636
v -0.03713787 -0.28472344 0.07276767
v -0.05232778 -0.25996489 -0.06189642
v -0.03713787 -0.25996489 -0.07355891
v -0.05208192 -0.25996489 0.06189636
v -0.03713787 -0.25996489 0.07345512
v -0.05333015 -0.23520631 -0.06189642
v -0.03713787 -0.23520631 -0.07426654
v -0.05307149 -0.23520631 0.06189636
v -0.03713787 -0.23520631 0.07411691
v -0.05401840 -0.21044776 -0.06189642
v -0.03713787 -0.21044776 -0.07472029
v -0.05379456 -0.21044776 0.06189636
v -0.03713787 -0.21044776 0.07457095
v -0.05431538 -0.18568921 -0.06189642
v -0.03713787 -0.18568921 -0.07489731
v -0.05414986 -0.18568921 0.06189636
v -0.03713787 -0.18568921 0.07477587
v -0.05431129 -0.16093063 -0.06189642
v -0.03713787 -0.16093063 -0.07487894
v -0.05420254 -0.16093063 0.06189636
v -0.03713787 -0.16093063 0.07479344
v -0.05414805 -0.13617208 -0.06189642
v -0.03713787 -0.13617208 -0.07476267
v -0.05407758 -0.13617208 0.06189636
v -0.03713787 -0.13617208 0.07470761
v -0.05389388 -0.11141354 -0.06189642
v -0.03713787 -0.11141354 -0.07458099
v -0.05383639 -0.11141354 0.06189636
v -0.03713787 -0.11141354 0.07454470
v -0.05347310 -0.08665495 -0.06189642
v -0.03713787 -0.08665495 -0.07425834
v -0.05340531 -0.08665495 0.06189636
v -0.03713787 -0.08665495 0.07422819
v -0.05270929 -0.06189640 -0.06189642
v -0.03713787 -0.06189640 -0.07364684
v -0.05261594 -0.06189640 0.06189636
v -0.03713787 -0.06189640 0.07361305
v -0.05159524 -0.03713786 -0.06189642
v -0.03713787 -0.03713786 -0.07274321
v -0.05147191 -0.03713786 0.06189636
v -0.03713787 -0.03713786 0.07270172
v -0.05080380 -0.01237927 -0.06189642
v -0.03713787 -0.01237927 -0.07209495
v -0.05064497 -0.01237927 0.06189636
v -0.03713787 -0.01237927 0.07204000
v -0.05131641 0.01237927 -0.06189642
v -0.03713787 0.01237927 -0.07248868
v -0.05110295 0.01237927 0.06189636
v -0.03713787 0.01237927 0.07240481
v -0.05274215 0.03713782 -0.06189642
v -0.03713787 0.03713782 -0.07361510
v -0.05247287 0.03713782 0.06189636
v -0.03713787 0.03713782 0.07349894
v -0.05398409 0.06189637 -0.06189642
v -0.03713787 0.06189637 -0.07458692
v -0.05368219 0.06189637 0.06189636
v -0.03713787 0.06189637 0.07445178
v -0.05462570 0.08665492 -0.06189642
v -0.03713787 0.08665492 -0.07505657
v -0.05431274 0.08665492 0.06189636
v -0.03713787 0.08665492 0.07491536
v -0.05466616 0.11141354 -0.06189642
v -0.03713787 0.11141354 -0.07502132
v -0.05435345 0.11141354 0.06189636
v -0.03713787 0.11141354 0.07488289
v -0.05414642 0.13617208 -0.06189642
v -0.03713787 0.13617208 -0.07452216
v -0.05383744 0.13617208 0.06189636
v -0.03713787 0.13617208 0.07439487
v -0.05329067 0.16093063 -0.06189642
v -0.03713787 0.16093063 -0.07376670
v -0.05299278 0.16093063 0.06189636
v -0.03713787 0.16093063 0.07366468
v -0.05282549 0.18568918 -0.06189642
v -0.03713787 0.18568918 -0.07338551
v -0.05256579 0.18568918 0.06189636
v -0.03713787 0.18568918 0.07333668
v -0.05315172 0.21044773 -0.06189642
v -0.03713787 0.21044773 -0.07373560
v -0.05296704 0.21044773 0.06189636
v -0.03713787 0.21044773 0.07376974
v -0.05343511 0.23520627 -0.06189642
v -0.03713787 0.23520627 -0.07413440
v -0.05334707 0.23520627 0.06189636
v -0.03713787 0.23520627 0.07425632
v -0.05301075 0.25996482 -0.06189642
v -0.03713787 0.25996482 -0.07397947
v -0.05302604 0.25996482 0.06189636
v -0.03713787 0.25996482 0.07417071
v -0.05209252 0.28472344 -0.06189642
v -0.03713787 0.28472344 -0.07337590
v -0.05219979 0.28472344 0.06189636
v -0.03713787 0.28472344 0.07360611
v -0.05130289 0.30948199 -0.06189642
v -0.03713787 0.30948199 -0.07278924
v -0.05145987 0.30948199 0.06189636
v -0.03713787 0.30948199 0.07301569
v -0.05126669 0.33424053 -0.06189642
v -0.03713787 0.33424053 -0.07271064
v -0.05138557 0.33424053 0.06189636
v -0.03713787 0.33424053 0.07286731
v -0.05241047 0.35899908 -0.06189642
v -0.03713787 0.35899908 -0.07347380
v -0.05233042 0.35899908 0.06189636
v -0.03713787 0.35899908 0.07345064
v -0.05479718 0.38375763 -0.06189642
v -0.03713787 0.38375763 -0.07513333
v -0.05423005 0.38375763 0.06189636
v -0.03713787 0.38375763 0.07474962
v -0.05779239 0.40851618 -0.06189642
v -0.03713787 0.40851618 -0.07729448
v -0.05627474 0.40851618 0.06189636
v -0.03713787 0.40851618 0.07628745
v -0.05929475 0.43327480 -0.06189642
v -0.03713787 0.43327480 -0.07872228
v -0.05646184 0.43327480 0.06189636
v -0.03713787 0.43327480 0.07686312
v -0.05478106 0.45803334 -0.06189642
v -0.03713787 0.45803334 -0.07634399
v -0.05164499 0.45803334 0.06189636
v -0.03713787 0.45803334 0.07407121
v -0.03861239 0.48279189 -0.06189642
v -0.03713787 0.48279189 -0.06328265
v -0.03796304 0.48279189 0.06189636
v -0.03713787 0.48279189 0.06269177
v -0.03713787 0.48418915 -0.06189642
v -0.03713787 0.49509611 -0.03713787
v -0.03713787 0.49645431 -0.01237929
v -0.03713787 0.49662215 0.01237926
v -0.03713787 0.49495467 0.03713781
v -0.03713787 0.48365600 0.06189636
v -0.01237928 -0.49523838 -0.06189642
v -0.01237928 -0.48279189 -0.07770260
v -0.01237928 -0.49932150 -0.03713787
v -0.01237928 -0.49687617 -0.01237929
v -0.01237928 -0.49573295 0.01237926
v -0.01237928 -0.49660053 0.03713781
v -0.03482331 -0.48279189 0.06189636
v -0.01237928 -0.49276680 0.06189636
v -0.01237928 -0.48279189 0.07465483
v -0.01317286 -0.45803334 -0.08665496
v -0.01237928 -0.45962985 -0.08665496
v -0.01237928 -0.45803334 -0.08697317
v -0.01237928 -0.45803334 0.08574104
v -0.01433821 -0.43327480 -0.08665496
v -0.01237928 -0.43327480 -0.08731433
v -0.01237928 -0.44519248 0.08665490
v -0.01391548 -0.43327480 0.08665490
v -0.01237928 -0.43327480 0.08722240
v -0.01237928 -0.42299101 -0.08665496
v -0.01237928 -0.40851625 -0.08568535
v -0.01237928 -0.40851625 0.08620043
v -0.01237928 -0.41930773 0.08665490
v -0.01237928 -0.38375767 -0.08383428
v -0.01237928 -0.38375767 0.08456766
v -0.01237928 -0.35899912 -0.08259303
v -0.01237928 -0.35899912 0.08330512
v -0.01237928 -0.33424053 -0.08214904
v -0.01237928 -0.33424053 0.08271391
v -0.01237928 -0.30948199 -0.08239692
v -0.01237928 -0.30948199 0.08276207
v -0.01237928 -0.28472344 -0.08305903
v -0.01237928 -0.28472344 0.08322587
v -0.01237928 -0.25996489 -0.08380752
v -0.01237928 -0.25996489 0.08381722
v -0.01237928 -0.23520631 -0.08438962
v -0.01237928 -0.23520631 0.08430344
v -0.01237928 -0.21044776 -0.08470352
v -0.01237928 -0.21044776 0.08457836
v -0.01237928 -0.18568921 -0.08478682
v -0.01237928 -0.18568921 0.08465964
v -0.01237928 -0.16093063 -0.08474315
v -0.01237928 -0.16093063 0.08462992
v -0.01237928 -0.13617208 -0.08466230
v -0.01237928 -0.13617208 0.08456600
v -0.01237928 -0.11141354 -0.08456374
v -0.01237928 -0.11141354 0.08448081
v -0.01237928 -0.08665495 -0.08437122
v -0.01237928 -0.08665495 0.08429700
v -0.01237928 -0.06189640 -0.08393909
v -0.01237928 -0.06189640 0.08387247
v -0.01237928 -0.03713786 -0.08321190
v -0.01237928 -0.03713786 0.08316057
v -0.01237928 -0.01237927 -0.08263913
v -0.01237928 -0.01237927 0.08261267
v -0.01237928 0.01237927 -0.08303185
v -0.01237928 0.01237927 0.08301862
v -0.01237928 0.03713782 -0.08403306
v -0.01237928 0.03713782 0.08402128
v -0.01237928 0.06189637 -0.08480335
v -0.01237928 0.06189637 0.08479030
v -0.01237928 0.08665492 -0.08512929
v -0.01237928 0.08665492 0.08510955
v -0.01237928 0.11141354 -0.08505564
v -0.01237928 0.11141354 0.08502582
v -0.01237928 0.13617208 -0.08462159
v -0.01237928 0.13617208 0.08459102
v -0.01237928 0.16093063 -0.08397116
v -0.01237928 0.16093063 0.08397413
v -0.01237928 0.18568918 -0.08365838
v -0.01237928 0.18568918 0.08375901
v -0.01237928 0.21044773 -0.08403703
v -0.01237928 0.21044773 0.08428268
v -0.01237928 0.23520627 -0.08441638
v -0.01237928 0.23520627 0.08479522
v -0.01237928 0.25996482 -0.08426959
v -0.01237928 0.25996482 0.08473788
v -0.01237928 0.28472344 -0.08368788
v -0.01237928 0.28472344 0.08418478
v -0.01237928 0.30948199 -0.08305238
v -0.01237928 0.30948199 0.08350469
v -0.01237928 0.33424053 -0.08280251
v -0.01237928 0.33424053 0.08312752
v -0.01237928 0.35899908 -0.08327991
v -0.01237928 0.35899908 0.08337728
v -0.01237928 0.38375763 -0.08461237
v -0.01237928 0.38375763 0.08434827
v -0.01237928 0.40851618 -0.08659430
v -0.01237928 0.40851618 0.08580063
v -0.01697024 0.43327480 -0.08665496
v -0.01237928 0.40945404 -0.08665496
v -0.01237928 0.43327480 -0.08812746
v -0.01237928 0.42689585 0.08665490
v -0.01321628 0.43327480 0.08665490
v -0.01237928 0.43327480 0.08693908
v -0.01451819 0.45803334 -0.08665496
v -0.01237928 0.45803334 -0.08742746
v -0.01237928 0.45803334 0.08607302
v -0.01237928 0.44374066 0.08665490
v -0.01237928 0.46111500 -0.08665496
v -0.01237928 0.48279189 -0.07609535
v -0.01237928 0.48279189 0.07635629
v -0.01237928 0.49321104 -0.06189642
v -0.01237928 0.49773841 -0.03713787
v -0.01237928 0.49800740 -0.01237929
v -0.01237928 0.49870173 0.01237926
v -0.01237928 0.49765445 0.03713781
v -0.01237928 0.49226891 0.06189636
v -0.00307679 -0.58182615 0.13617207
v 0.01237926 -0.58210704 0.13617207
v 0.01237926 -0.58182615 0.13127072
v 0.01237926 -0.58182615 0.14719993
v 0.01237926 -0.58016948 0.13617207
v 0.01237926 -0.49448523 -0.06189642
v 0.01237926 -0.48279189 -0.07765411
v 0.01237926 -0.49841957 -0.03713787
v 0.01237926 -0.49610712 -0.01237929
v 0.01237926 -0.49523689 0.01237926
v 0.01237926 -0.49637893 0.03713781
v 0.01237926 -0.49260877 0.06189636
v 0.01237926 -0.48279189 0.07513952
v 0.01237926 -0.45992238 -0.08665496
v 0.01237926 -0.45803334 -0.08702820
v 0.01237926 -0.45803334 0.08638743
v 0.01237926 -0.43327480 -0.08730894
v 0.01237926 -0.45362905 0.08665490
v 0.01237926 -0.43327480 0.08747013
v 0.01237926 -0.42329645 -0.08665496
v 0.01237926 -0.40851625 -0.08564092
v 0.01237926 -0.40851625 0.08625748
v 0.01237926 -0.41642623 0.08665490
v 0.01237926 -0.38375767 -0.08377592
v 0.01237926 -0.38375767 0.08452131
v 0.01237926 -0.35899912 -0.08254780
v 0.01237926 -0.35899912 0.08323555
v 0.01237926 -0.33424053 -0.08213755
v 0.01237926 -0.33424053 0.08266163
v 0.01237926 -0.30948199 -0.08242538
v 0.01237926 -0.30948199 0.08274449
v 0.01237926 -0.28472344 -0.08311663
v 0.01237926 -0.28472344 0.08324445
v 0.01237926 -0.25996489 -0.08387123
v 0.01237926 -0.25996489 0.08386053
v 0.01237926 -0.23520631 -0.08443543
v 0.01237926 -0.23520631 0.08435037
v 0.01237926 -0.21044776 -0.08471769
v 0.01237926 -0.21044776 0.08460454
v 0.01237926 -0.18568921 -0.08477019
v 0.01237926 -0.18568921 0.08464518
v 0.01237926 -0.16093063 -0.08470764
v 0.01237926 -0.16093063 0.08456542
v 0.01237926 -0.13617208 -0.08462322
v 0.01237926 -0.13617208 0.08445319
v 0.01237926 -0.11141354 -0.08453269
v 0.01237926 -0.11141354 0.08433077
v 0.01237926 -0.08665495 -0.08435234
v 0.01237926 -0.08665495 0.08412447
v 0.01237926 -0.06189640 -0.08392904
v 0.01237926 -0.06189640 0.08369205
v 0.01237926 -0.03713786 -0.08320206
v 0.01237926 -0.03713786 0.08298587
v 0.01237926 -0.01237927 -0.08261704
v 0.01237926 -0.01237927 0.08245865
v 0.01237926 0.01237927 -0.08298506
v 0.01237926 0.01237927 0.08289519
v 0.01237926 0.03713782 -0.08395901
v 0.01237926 0.03713782 0.08391918
v 0.01237926 0.06189637 -0.08470301
v 0.01237926 0.06189637 0.08468603
v 0.01237926 0.08665492 -0.08500014
v 0.01237926 0.08665492 0.08497585
v 0.01237926 0.11141354 -0.08489185
v 0.01237926 0.11141354 0.08483810
v 0.01237926 0.13617208 -0.08441746
v 0.01237926 0.13617208 0.08433554
v 0.01237926 0.16093063 -0.08372953
v 0.01237926 0.16093063 0.08366327
v 0.01237926 0.18568918 -0.08340797
v 0.01237926 0.18568918 0.08345675
v 0.01237926 0.21044773 -0.08382477
v 0.01237926 0.21044773 0.08408050
v 0.01237926 0.23520627 -0.08426796
v 0.01237926 0.23520627 0.08473802
v 0.01237926 0.25996482 -0.08418625
v 0.01237926 0.25996482 0.08482031
v 0.01237926 0.28472344 -0.08365943
v 0.01237926 0.28472344 0.08437170
v 0.01237926 0.30948199 -0.08306171
v 0.01237926 0.30948199 0.08374231
v 0.01237926 0.33424053 -0.08282894
v 0.01237926 0.33424053 0.08335696
v 0.01237926 0.35899908 -0.08330044
v 0.01237926 0.35899908 0.08354338
v 0.01237926 0.38375763 -0.08459726
v 0.01237926 0.38375763 0.08439498
v 0.01237926 0.40851618 -0.08649386
v 0.01237926 0.40851618 0.08565297
v 0.01237926 0.41124351 -0.08665496
v 0.01237926 0.43327480 -0.08789889
v 0.00568034 0.43327480 0.08665490
v 0.01237926 0.43327480 0.08653212
v 0.01237926 0.45803334 -0.08699815
v 0.01237926 0.45803334 0.08516176
v 0.01237926 0.45944080 -0.08665496
v 0.01237926 0.48279189 -0.07576608
v 0.01237926 0.48279189 0.07510062
v 0.01237926 0.49345495 -0.06189642
v 0.01237926 0.49734865 -0.03713787
v 0.01237926 0.49743658 -0.01237929
v 0.01237926 0.49836281 0.01237926
v 0.01237926 0.49752357 0.03713781
v 0.01237926 0.49191278 0.06189636
v 0.01977952 -0.58182615 0.13617207
v 0.03713781 -0.48428228 -0.06189642
v 0.03713781 -0.48279189 -0.06325191
v 0.03713781 -0.49569397 -0.03713787
v 0.03713781 -0.49569697 -0.01237929
v 0.03713781 -0.49488894 0.01237926
v 0.03713781 -0.49392623 0.03713781
v 0.03633112 -0.48279189 0.06189636
v 0.03713781 -0.48279189 0.06129437
v 0.01333304 -0.45803334 -0.08665496
v 0.03713781 -0.45803334 -0.07509645
v 0.03713781 -0.48224652 0.06189636
v 0.03713781 -0.45803334 0.07417570
v 0.01436274 -0.43327480 -0.08665496
v 0.03713781 -0.43327480 -0.07749604
v 0.01470643 -0.43327480 0.08665490
v 0.03713781 -0.43327480 0.07722069
v 0.03713781 -0.40851625 -0.07635372
v 0.03713781 -0.40851625 0.07642296
v 0.03713781 -0.38375767 -0.07443919
v 0.03713781 -0.38375767 0.07461672
v 0.03713781 -0.35899912 -0.07295100
v 0.03713781 -0.35899912 0.07307795
v 0.03713781 -0.33424053 -0.07228599
v 0.03713781 -0.33424053 0.07228167
v 0.03713781 -0.30948199 -0.07240603
v 0.03713781 -0.30948199 0.07226164
v 0.03713781 -0.28472344 -0.07303524
v 0.03713781 -0.28472344 0.07279869
v 0.03713781 -0.25996489 -0.07381196
v 0.03713781 -0.25996489 0.07355932
v 0.03713781 -0.23520631 -0.07443394
v 0.03713781 -0.23520631 0.07422718
v 0.03713781 -0.21044776 -0.07476003
v 0.03713781 -0.21044776 0.07461151
v 0.03713781 -0.18568921 -0.07481744
v 0.03713781 -0.18568921 0.07468765
v 0.03713781 -0.16093063 -0.07472499
v 0.03713781 -0.16093063 0.07455142
v 0.03713781 -0.13617208 -0.07458988
v 0.03713781 -0.13617208 0.07432372
v 0.03713781 -0.11141354 -0.07443022
v 0.03713781 -0.11141354 0.07405703
v 0.03713781 -0.08665495 -0.07414485
v 0.03713781 -0.08665495 0.07368579
v 0.03713781 -0.06189640 -0.07356293
v 0.03713781 -0.06189640 0.07306436
v 0.03713781 -0.03713786 -0.07266783
v 0.03713781 -0.03713786 0.07218716
v 0.03713781 -0.01237927 -0.07199892
v 0.03713781 -0.01237927 0.07158467
v 0.03713781 0.01237927 -0.07233784
v 0.03713781 0.01237927 0.07200573
v 0.03713781 0.03713782 -0.07338848
v 0.03713781 0.03713782 0.07312611
v 0.03713781 0.06189637 -0.07427750
v 0.03713781 0.06189637 0.07405501
v 0.03713781 0.08665492 -0.07465749
v 0.03713781 0.08665492 0.07443421
v 0.03713781 0.11141354 -0.07452701
v 0.03713781 0.11141354 0.07426912
v 0.03713781 0.13617208 -0.07393988
v 0.03713781 0.13617208 0.07364335
v 0.03713781 0.16093063 -0.07313130
v 0.03713781 0.16093063 0.07284612
v 0.03713781 0.18568918 -0.07276332
v 0.03713781 0.18568918 0.07260526
v 0.03713781 0.21044773 -0.07320119
v 0.03713781 0.21044773 0.07330500
v 0.03713781 0.23520627 -0.07373795
v 0.03713781 0.23520627 0.07417584
v 0.03713781 0.25996482 -0.07373000
v 0.03713781 0.25996482 0.07448432
v 0.03713781 0.28472344 -0.07324563
v 0.03713781 0.28472344 0.07422118
v 0.03713781 0.30948199 -0.07272976
v 0.03713781 0.30948199 0.07377792
v 0.03713781 0.33424053 -0.07266779
v 0.03713781 0.33424053 0.07361298
v 0.03713781 0.35899908 -0.07339061
v 0.03713781 0.35899908 0.07403881
v 0.03713781 0.38375763 -0.07493364
v 0.03713781 0.38375763 0.07506136
v 0.03713781 0.40851618 -0.07684926
v 0.03713781 0.40851618 0.07621059
v 0.01601706 0.43327480 -0.08665496
v 0.03713781 0.43327480 -0.07782144
v 0.03713781 0.43327480 0.07632115
v 0.01323911 0.45803334 -0.08665496
v 0.03713781 0.45803334 -0.07490309
v 0.03713781 0.45803334 0.07322662
v 0.03713781 0.48279189 -0.06266074
v 0.03713781 0.48279189 0.06248706
v 0.03713781 0.48368673 -0.06189642
v 0.03713781 0.49485596 -0.03713787
v 0.03713781 0.49599456 -0.01237929
v 0.03713781 0.49658816 0.01237926
v 0.03713781 0.49525316 0.03713781
v 0.03713781 0.48349576 0.06189636
v 0.03856197 -0.48279189 -0.06189642
v 0.06189636 -0.48279189 -0.03846159
v 0.06189636 -0.48418926 -0.03713787
v 0.06189636 -0.49310876 -0.01237929
v 0.06189636 -0.49211749 0.01237926
v 0.06183374 -0.48279189 0.03713781
v 0.06189636 -0.48279189 0.03705378
v 0.05334369 -0.45803334 -0.06189642
v 0.06189636 -0.45803334 -0.05324150
v 0.06189636 -0.48273563 0.03713781
v 0.05213928 -0.45803334 0.06189636
v 0.06189636 -0.45803334 0.05217536
v 0.05784133 -0.43327480 -0.06189642
v 0.06189636 -0.43327480 -0.05775537
v 0.05695986 -0.43327480 0.06189636
v 0.06189636 -0.43327480 0.05686513
v 0.05675313 -0.40851625 -0.06189642
v 0.06189636 -0.40851625 -0.05661648
v 0.05616062 -0.40851625 0.06189636
v 0.06189636 -0.40851625 0.05595894
v 0.05410721 -0.38375767 -0.06189642
v 0.06189636 -0.38375767 -0.05390516
v 0.05370032 -0.38375767 0.06189636
v 0.06189636 -0.38375767 0.05337673
v 0.05194289 -0.35899912 -0.06189642
v 0.06189636 -0.35899912 -0.05173791
v 0.05156499 -0.35899912 0.06189636
v 0.06189636 -0.35899912 0.05120763
v 0.05091673 -0.33424053 -0.06189642
v 0.06189636 -0.33424053 -0.05078106
v 0.05045380 -0.33424053 0.06189636
v 0.06189636 -0.33424053 0.05017677
v 0.05098926 -0.30948199 -0.06189642
v 0.06189636 -0.30948199 -0.05095551
v 0.05041511 -0.30948199 0.06189636
v 0.06189636 -0.30948199 0.05027996
v 0.05179038 -0.28472344 -0.06189642
v 0.06189636 -0.28472344 -0.05184193
v 0.05116714 -0.28472344 0.06189636
v 0.06189636 -0.28472344 0.05116359
v 0.05283129 -0.25996489 -0.06189642
v 0.06189636 -0.25996489 -0.05292398
v 0.05227074 -0.25996489 0.06189636
v 0.06189636 -0.25996489 0.05234413
v 0.05368362 -0.23520631 -0.06189642
v 0.06189636 -0.23520631 -0.05377573
v 0.05327521 -0.23520631 0.06189636
v 0.06189636 -0.23520631 0.05336827
v 0.05412638 -0.21044776 -0.06189642
v 0.06189636 -0.21044776 -0.05419498
v 0.05387242 -0.21044776 0.06189636
v 0.06189636 -0.21044776 0.05395138
v 0.05418560 -0.18568921 -0.06189642
v 0.06189636 -0.18568921 -0.05422601
v 0.05399614 -0.18568921 0.06189636
v 0.06189636 -0.18568921 0.05405168
v 0.05403440 -0.16093063 -0.06189642
v 0.06189636 -0.16093063 -0.05405611
v 0.05378493 -0.16093063 0.06189636
v 0.06189636 -0.16093063 0.05382411
v 0.05383554 -0.13617208 -0.06189642
v 0.06189636 -0.13617208 -0.05385549
v 0.05343263 -0.13617208 0.06189636
v 0.06189636 -0.13617208 0.05347131
v 0.05362440 -0.11141354 -0.06189642
v 0.06189636 -0.11141354 -0.05365819
v 0.05303904 -0.11141354 0.06189636
v 0.06189636 -0.11141354 0.05309183
v 0.05327369 -0.08665495 -0.06189642
v 0.06189636 -0.08665495 -0.05333004
v 0.05253706 -0.08665495 0.06189636
v 0.06189636 -0.08665495 0.05261132
v 0.05256512 -0.06189640 -0.06189642
v 0.06189636 -0.06189640 -0.05264978
v 0.05174635 -0.06189640 0.06189636
v 0.06189636 -0.06189640 0.05184252
v 0.05147178 -0.03713786 -0.06189642
v 0.06189636 -0.03713786 -0.05159188
v 0.05065222 -0.03713786 0.06189636
v 0.06189636 -0.03713786 0.05076588
v 0.05065677 -0.01237927 -0.06189642
v 0.06189636 -0.01237927 -0.05080951
v 0.04990279 -0.01237927 0.06189636
v 0.06189636 -0.01237927 0.05002058
v 0.05109468 0.01237927 -0.06189642
v 0.06189636 0.01237927 -0.05125151
v 0.05042639 0.01237927 0.06189636
v 0.06189636 0.01237927 0.05052921
v 0.05240828 0.03713782 -0.06189642
v 0.06189636 0.03713782 -0.05254486
v 0.05181316 0.03713782 0.06189636
v 0.06189636 0.03713782 0.05189566
v 0.05351174 0.06189637 -0.06189642
v 0.06189636 0.06189637 -0.05362749
v 0.05296485 0.06189637 0.06189636
v 0.06189636 0.06189637 0.05303499
v 0.05398855 0.08665492 -0.06189642
v 0.06189636 0.08665492 -0.05409089
v 0.05345121 0.08665492 0.06189636
v 0.06189636 0.08665492 0.05351846
v 0.05384972 0.11141354 -0.06189642
v 0.06189636 0.11141354 -0.05394866
v 0.05328367 0.11141354 0.06189636
v 0.06189636 0.11141354 0.05335735
v 0.05317086 0.13617208 -0.06189642
v 0.06189636 0.13617208 -0.05328329
v 0.05256779 0.13617208 0.06189636
v 0.06189636 0.13617208 0.05266158
v 0.05223075 0.16093063 -0.06189642
v 0.06189636 0.16093063 -0.05238060
v 0.05165379 0.16093063 0.06189636
v 0.06189636 0.16093063 0.05178481
v 0.05180832 0.18568918 -0.06189642
v 0.06189636 0.18568918 -0.05200354
v 0.05142138 0.18568918 0.06189636
v 0.06189636 0.18568918 0.05158777
v 0.05230523 0.21044773 -0.06189642
v 0.06189636 0.21044773 -0.05251272
v 0.05231550 0.21044773 0.06189636
v 0.06189636 0.21044773 0.05247979
v 0.05281763 0.23520627 -0.06189642
v 0.06189636 0.23520627 -0.05299828
v 0.05335359 0.23520627 0.06189636
v 0.06189636 0.23520627 0.05348201
v 0.05259571 0.25996482 -0.06189642
v 0.06189636 0.25996482 -0.05271627
v 0.05365187 0.25996482 0.06189636
v 0.06189636 0.25996482 0.05372418
v 0.05180665 0.28472344 -0.06189642
v 0.06189636 0.28472344 -0.05181709
v 0.05325171 0.28472344 0.06189636
v 0.06189636 0.28472344 0.05323883
v 0.05106258 0.30948199 -0.06189642
v 0.06189636 0.30948199 -0.05090858
v 0.05268660 0.30948199 0.06189636
v 0.06189636 0.30948199 0.05255651
v 0.05098759 0.33424053 -0.06189642
v 0.06189636 0.33424053 -0.05065582
v 0.05255644 0.33424053 0.06189636
v 0.06189636 0.33424053 0.05230950
v 0.05199199 0.35899908 -0.06189642
v 0.06189636 0.35899908 -0.05154321
v 0.05326827 0.35899908 0.06189636
v 0.06189636 0.35899908 0.05296434
v 0.05409058 0.38375763 -0.06189642
v 0.06189636 0.38375763 -0.05364767
v 0.05482446 0.38375763 0.06189636
v 0.06189636 0.38375763 0.05456392
v 0.05657604 0.40851618 -0.06189642
v 0.06189636 0.40851618 -0.05624918
v 0.05654191 0.40851618 0.06189636
v 0.06189636 0.40851618 0.05639215
v 0.05740920 0.43327480 -0.06189642
v 0.06189636 0.43327480 -0.05716861
v 0.05665450 0.43327480 0.06189636
v 0.06189636 0.43327480 0.05660576
v 0.05276137 0.45803334 -0.06189642
v 0.06189636 0.45803334 -0.05249995
v 0.05204419 0.45803334 0.06189636
v 0.06189636 0.45803334 0.05213248
v 0.03798341 0.48279189 -0.06189642
v 0.06189636 0.48279189 -0.03793415
v 0.03786395 0.48279189 0.06189636
v 0.06189636 0.48279189 0.03820179
v 0.06189636 0.48359439 -0.03713787
v 0.06189636 0.49185551 -0.01237929
v 0.06189636 0.49199912 0.01237926
v 0.06189636 0.48384061 0.03713781
v 0.06376428 -0.58182615 0.58182614
v 0.08665491 -0.58197302 0.58182614
v 0.08665491 -0.58182615 0.58125951
v 0.08665491 -0.58182615 0.58197300
v 0.08665491 -0.58126322 0.58182614
v 0.06317170 -0.48279189 -0.03713787
v 0.07655204 -0.48279189 -0.01237929
v 0.07554620 -0.48279189 0.01237926
v 0.07481550 -0.45803334 -0.03713787
v 0.08607989 -0.45803334 -0.01237929
v 0.08587395 -0.45803334 0.01237926
v 0.07423716 -0.45803334 0.03713781
v 0.07687006 -0.43327480 -0.03713787
v 0.08623355 -0.43327480 -0.01237929
v 0.08616847 -0.43327480 0.01237926
v 0.07650800 -0.43327480 0.03713781
v 0.07560600 -0.40851625 -0.03713787
v 0.08441697 -0.40851625 -0.01237929
v 0.08438877 -0.40851625 0.01237926
v 0.07534511 -0.40851625 0.03713781
v 0.07375102 -0.38375767 -0.03713787
v 0.08267016 -0.38375767 -0.01237929
v 0.08264898 -0.38375767 0.01237926
v 0.07352143 -0.38375767 0.03713781
v 0.07242174 -0.35899912 -0.03713787
v 0.08168392 -0.35899912 -0.01237929
v 0.08164957 -0.35899912 0.01237926
v 0.07216265 -0.35899912 0.03713781
v 0.07197233 -0.33424053 -0.03713787
v 0.08161732 -0.33424053 -0.01237929
v 0.08155774 -0.33424053 0.01237926
v 0.07164917 -0.33424053 0.03713781
v 0.07233699 -0.30948199 -0.03713787
v 0.08230760 -0.30948199 -0.01237929
v 0.08222307 -0.30948199 0.01237926
v 0.07195627 -0.30948199 0.03713781
v 0.07319712 -0.28472344 -0.03713787
v 0.08337418 -0.28472344 -0.01237929
v 0.08327916 -0.28472344 0.01237926
v 0.07280664 -0.28472344 0.03713781
v 0.07412819 -0.25996489 -0.03713787
v 0.08436208 -0.25996489 -0.01237929
v 0.08427907 -0.25996489 0.01237926
v 0.07379585 -0.25996489 0.03713781
v 0.07478029 -0.23520631 -0.03713787
v 0.08494563 -0.23520631 -0.01237929
v 0.08489132 -0.23520631 0.01237926
v 0.07455396 -0.23520631 0.03713781
v 0.07502752 -0.21044776 -0.03713787
v 0.08507261 -0.21044776 -0.01237929
v 0.08504658 -0.21044776 0.01237926
v 0.07490083 -0.21044776 0.03713781
v 0.07497119 -0.18568921 -0.03713787
v 0.08492220 -0.18568921 -0.01237929
v 0.08490637 -0.18568921 0.01237926
v 0.07488536 -0.18568921 0.03713781
v 0.07480531 -0.16093063 -0.03713787
v 0.08473029 -0.16093063 -0.01237929
v 0.08469992 -0.16093063 0.01237926
v 0.07468339 -0.16093063 0.03713781
v 0.07466850 -0.13617208 -0.03713787
v 0.08463853 -0.13617208 -0.01237929
v 0.08457453 -0.13617208 0.01237926
v 0.07445214 -0.13617208 0.03713781
v 0.07456350 -0.11141354 -0.03713787
v 0.08463730 -0.11141354 -0.01237929
v 0.08453245 -0.11141354 0.01237926
v 0.07423232 -0.11141354 0.03713781
v 0.07435322 -0.08665495 -0.03713787
v 0.08458451 -0.08665495 -0.01237929
v 0.08444228 -0.08665495 0.01237926
v 0.07392312 -0.08665495 0.03713781
v 0.07383989 -0.06189640 -0.03713787
v 0.08428399 -0.06189640 -0.01237929
v 0.08411146 -0.06189640 0.01237926
v 0.07334543 -0.06189640 0.03713781
v 0.07300102 -0.03713786 -0.03713787
v 0.08366732 -0.03713786 -0.01237929
v 0.08346956 -0.03713786 0.01237926
v 0.07247872 -0.03713786 0.03713781
v 0.07237936 -0.01237927 -0.03713787
v 0.08317193 -0.01237927 -0.01237929
v 0.08295709 -0.01237927 0.01237926
v 0.07185916 -0.01237927 0.03713781
v 0.07275400 0.01237927 -0.03713787
v 0.08356739 0.01237927 -0.01237929
v 0.08335538 0.01237927 0.01237926
v 0.07225397 0.01237927 0.03713781
v 0.07382456 0.03713782 -0.03713787
v 0.08452052 0.03713782 -0.01237929
v 0.08432889 0.03713782 0.01237926
v 0.07335577 0.03713782 0.03713781
v 0.07471268 0.06189637 -0.03713787
v 0.08523350 0.06189637 -0.01237929
v 0.08506661 0.06189637 0.01237926
v 0.07428069 0.06189637 0.03713781
v 0.07507025 0.08665492 -0.03713787
v 0.08549179 0.08665492 -0.01237929
v 0.08534500 0.08665492 0.01237926
v 0.07466727 0.08665492 0.03713781
v 0.07491363 0.11141354 -0.03713787
v 0.08535108 0.11141354 -0.01237929
v 0.08521347 0.11141354 0.01237926
v 0.07451954 0.11141354 0.03713781
v 0.07433240 0.13617208 -0.03713787
v 0.08490362 0.13617208 -0.01237929
v 0.08476297 0.13617208 0.01237926
v 0.07393187 0.13617208 0.03713781
v 0.07359121 0.16093063 -0.03713787
v 0.08437120 0.16093063 -0.01237929
v 0.08422853 0.16093063 0.01237926
v 0.07320703 0.16093063 0.03713781
v 0.07333791 0.18568918 -0.03713787
v 0.08431964 0.18568918 -0.01237929
v 0.08421262 0.18568918 0.01237926
v 0.07306060 0.18568918 0.03713781
v 0.07386079 0.21044773 -0.03713787
v 0.08493840 0.21044773 -0.01237929
v 0.08492871 0.21044773 0.01237926
v 0.07382485 0.21044773 0.03713781
v 0.07435301 0.23520627 -0.03713787
v 0.08535737 0.23520627 -0.01237929
v 0.08548000 0.23520627 0.01237926
v 0.07465917 0.23520627 0.03713781
v 0.07412060 0.25996482 -0.03713787
v 0.08498301 0.25996482 -0.01237929
v 0.08523863 0.25996482 0.01237926
v 0.07478600 0.25996482 0.03713781
v 0.07326712 0.28472344 -0.03713787
v 0.08392649 0.28472344 -0.01237929
v 0.08428601 0.28472344 0.01237926
v 0.07421648 0.28472344 0.03713781
v 0.07232253 0.30948199 -0.03713787
v 0.08266828 0.30948199 -0.01237929
v 0.08308016 0.30948199 0.01237926
v 0.07341687 0.30948199 0.03713781
v 0.07184188 0.33424053 -0.03713787
v 0.08176563 0.33424053 -0.01237929
v 0.08217288 0.33424053 0.01237926
v 0.07292581 0.33424053 0.03713781
v 0.07218477 0.35899908 -0.03713787
v 0.08163229 0.35899908 -0.01237929
v 0.08198582 0.35899908 0.01237926
v 0.07311729 0.35899908 0.03713781
v 0.07339937 0.38375763 -0.03713787
v 0.08241787 0.38375763 -0.01237929
v 0.08268137 0.38375763 0.01237926
v 0.07406673 0.38375763 0.03713781
v 0.07508696 0.40851618 -0.03713787
v 0.08392894 0.40851618 -0.01237929
v 0.08407711 0.40851618 0.01237926
v 0.07541807 0.40851618 0.03713781
v 0.07610516 0.43327480 -0.03713787
v 0.08545976 0.43327480 -0.01237929
v 0.08545954 0.43327480 0.01237926
v 0.07610487 0.43327480 0.03713781
v 0.07390576 0.45803334 -0.03713787
v 0.08515533 0.45803334 -0.01237929
v 0.08489125 0.45803334 0.01237926
v 0.07368905 0.45803334 0.03713781
v 0.06264680 0.48279189 -0.03713787
v 0.07611615 0.48279189 -0.01237929
v 0.07548257 0.48279189 0.01237926
v 0.06280906 0.48279189 0.03713781
v 0.11141353 -0.58220470 0.58182614
v 0.11141353 -0.58182615 0.58034724
v 0.11141353 -0.58182615 0.58220461
v 0.11141353 -0.58035778 0.58182614
v 0.13617207 -0.58244426 0.58182614
v 0.13617207 -0.58182615 0.57937134
v 0.13617207 -0.58182615 0.58244425
v 0.13617207 -0.57938943 0.58182614
v 0.16093062 -0.58256253 0.58182614
v 0.16093062 -0.58182615 0.57886350
v 0.16093062 -0.58182615 0.58256248
v 0.16093062 -0.57888521 0.58182614
v 0.18568917 -0.58240066 0.58182614
v 0.18568917 -0.58182615 0.57951878
v 0.18568917 -0.58182615 0.58240065
v 0.18568917 -0.57953467 0.58182614
v 0.21044772 -0.58183581 0.58182614
v 0.21044772 -0.58182615 0.58178825
v 0.21044772 -0.58182615 0.58183576
v 0.21044772 -0.58178848 0.58182614
v 0.21069762 -0.58182615 0.58182614
v 0.55139397 -0.58182615 -0.58182617
v 0.55706752 -0.58277855 -0.58182617
v 0.55706752 -0.58182615 -0.58277857
v 0.55706752 -0.58182615 -0.57749805
v 0.55483877 -0.58182615 0.58182614
v 0.55706752 -0.58220958 0.58182614
v 0.55706752 -0.58182615 0.58012916
v 0.55706752 -0.58182615 0.58220953
v 0.55706752 -0.57752722 -0.58182617
v 0.55706752 -0.58012866 0.58182614
v 0.55673815 0.58182615 -0.58182617
v 0.55706752 0.58157704 -0.58182617
v 0.55706752 0.58182615 -0.58188344
v 0.55706752 0.58182615 -0.58157481
v 0.55252809 0.58182615 0.58182614
v 0.55706752 0.57839610 0.58182614
v 0.55706752 0.58182615 0.57839414
v 0.55706752 0.58182615 0.58258952
v 0.55706752 0.58188342 -0.58182617
v 0.55706752 0.58258953 0.58182614
v 0.58182614 -0.58683228 -0.58182617
v 0.58182614 -0.58182615 -0.58683230
v 0.57748744 -0.58182615 -0.55706758
v 0.58182614 -0.58278127 -0.55706758
v 0.58182614 -0.58182615 -0.55137280
v 0.58013090 -0.58182615 0.55706752
v 0.58182614 -0.58220915 0.55706752
v 0.58182614 -0.58182615 0.55484151
v 0.58182614 -0.58644781 0.58182614
v 0.58182614 -0.58182615 0.58644772
v 0.57764471 -0.55706757 -0.58182617
v 0.58182614 -0.55706757 -0.58274841
v 0.58182614 -0.55706757 -0.57764250
v 0.58182614 -0.57751438 -0.55706758
v 0.58182614 -0.58013047 0.55706752
v 0.58012453 -0.55706757 0.58182614
v 0.58182614 -0.55706757 0.58012467
v 0.58182614 -0.55706757 0.58221047
v 0.58182614 -0.55162562 -0.58182617
v 0.58182614 -0.55483274 0.58182614
v 0.58170228 0.55706753 -0.58182617
v 0.58182614 0.55690585 -0.58182617
v 0.58182614 0.55706753 -0.58185451
v 0.58182614 0.55706753 -0.58170194
v 0.57846190 0.55706753 0.58182614
v 0.58182614 0.55264929 0.58182614
v 0.58182614 0.55706753 0.57847115
v 0.58182614 0.55706753 0.58257311
v 0.58182614 0.58182615 -0.58622171
v 0.58150075 0.58182615 -0.55706758
v 0.58182614 0.58150256 -0.55706758
v 0.58182614 0.58182615 -0.55663817
v 0.57844895 0.58182615 0.55706752
v 0.58182614 0.57846017 0.55706752
v 0.58182614 0.58182615 0.55262845
v 0.58182614 0.58182615 0.58669698
v 0.58182614 0.58622162 -0.58182617
v 0.58182614 0.58190042 -0.55706758
v 0.58182614 0.58257580 0.55706752
v 0.58182614 0.58669699 0.58182614
v 0.58683227 -0.58182615 -0.58182617
v 0.58278122 -0.58182615 -0.55706758
v 0.58220910 -0.58182615 0.55706752
v 0.58644773 -0.58182615 0.58182614
v 0.58274839 -0.55706757 -0.58182617
v 0.58221047 -0.55706757 0.58182614
v 0.58185442 0.55706753 -0.58182617
v 0.58257311 0.55706753 0.58182614
v 0.58622161 0.58182615 -0.58182617
v 0.58190041 0.58182615 -0.55706758
v 0.58257579 0.58182615 0.55706752
v 0.58669698 0.58182615 0.58182614
vn -0.92627431 -0.26642831 -0.26651803
vn -0.26683983 -0.92615240 -0.26653000
vn -0.26683714 -0.26643760 -0.92617976
vn -0.94426439 -0.28224898 0.16941153
vn -0.28272543 -0.94412926 0.16937023
vn -0.16777585 -0.16698868 0.97157915
vn -0.94442553 -0.28740515 -0.15955786
vn -0.28744176 -0.94441489 -0.15955485
vn -0.16979375 -0.16973043 -0.97075314
vn -0.92268088 -0.27258241 0.27268815
vn -0.27261556 -0.92267080 0.27268910
vn -0.27261171 -0.27257970 0.92270427
vn -0.94420080 0.16965270 -0.28231686
vn -0.28269288 0.16961847 -0.94409444
vn -0.32383899 0.63914593 0.69758210
vn -0.32390435 0.69825449 0.63837813
vn -0.32929245 0.69679124 -0.63721931
vn -0.32922878 0.63819357 -0.69592915
vn -0.94435104 0.15983678 0.28749489
vn -0.28740719 0.15984347 0.94437661
vn -0.16794142 0.97149389 -0.16731798
vn -0.17001622 0.97063802 0.17016556
vn -0.96417441 -0.01587022 0.26479395
vn -0.02736238 -0.99925054 0.02737994
vn -0.25987035 -0.06166037 -0.96367287
vn -0.26495951 -0.01589056 0.96412860
vn -0.96403713 0.00498736 0.26572080
vn -0.26062380 0.01952203 -0.96524304
vn -0.26555122 0.00499069 0.96408384
vn -0.01546361 0.99976055 0.01548283
vn -0.96408530 0.00775191 0.26547966
vn -0.00385537 -0.99998509 0.00386827
vn -0.25920786 0.03018159 -0.96534986
vn -0.26482422 0.00774485 0.96426560
vn -0.01976317 0.99960804 0.01982910
vn -0.94427790 -0.16183684 -0.28661487
vn -0.17035792 -0.97053001 -0.17043965
vn -0.28656602 -0.16184011 -0.94429216
vn -0.32814223 -0.63899343 0.69570832
vn -0.94416175 -0.16594967 0.28463888
vn -0.16908991 -0.97089824 0.16960309
vn -0.32518274 -0.64022662 -0.69596413
vn -0.28431823 -0.16597029 0.94425474
vn -0.92327538 0.27158635 -0.27166787
vn -0.27162515 0.27158527 -0.92328826
vn -0.32819770 -0.69639367 0.63821794
vn -0.94433603 0.28654945 0.16161337
vn -0.17018986 0.17009999 0.97061908
vn -0.94430921 0.28447071 -0.16539811
vn -0.32531224 -0.69762372 -0.63835185
vn -0.16869387 0.16878970 -0.97110886
vn -0.92474241 0.26901465 0.26922590
vn -0.26896212 0.26900639 0.92482157
vn -0.27162593 0.92326382 -0.27166757
vn -0.28659125 0.94432484 0.16160464
vn -0.28438526 0.94433561 -0.16539430
vn -0.26896848 0.92475645 0.26922382
vn 0.16861904 -0.94434238 -0.28246256
vn 0.16862705 -0.28236004 -0.94437160
vn 0.69703115 -0.32258654 0.64037918
vn 0.63776745 -0.32278446 0.69933030
vn 0.69669030 -0.32918943 -0.63738289
vn 0.63804760 -0.32914050 -0.69610473
vn 0.15974278 -0.94436221 0.28751045
vn 0.15975024 -0.28737693 0.94440159
vn 0.63733530 0.69959418 -0.32306608
vn 0.69661895 0.64072197 -0.32279621
vn 0.63749667 0.69643753 0.32950382
vn 0.69616216 0.63780646 0.32948622
vn 0.96363127 -0.06163886 0.26002966
vn 0.96515014 0.01951061 0.26096846
vn 0.96509924 0.03010966 0.26014778
vn 0.69583906 -0.63877825 -0.32828395
vn 0.69675753 -0.63892386 0.32604486
vn 0.63838687 -0.69618459 -0.32831269
vn 0.16172859 0.28653699 -0.94432008
vn 0.69625368 0.32805070 0.63844620
vn 0.63882801 0.32802695 0.69591458
vn 0.69775506 0.32547070 -0.63812749
vn 0.64037134 0.32530331 -0.69577460
vn 0.63929645 -0.69643300 0.32600785
vn 0.16607270 0.28436751 0.94422189
vn 0.16171702 0.94429482 -0.28662678
vn 0.16605344 0.94414999 0.28461737
vn 0.97184108 -0.16653652 -0.16670483
vn 0.97067608 -0.16987523 0.17008924
vn 0.97057189 0.17019467 -0.17036427
vn 0.97086160 0.16924335 0.16965977
vn -0.99908122 -0.03014149 0.03046654
vn -0.02159011 -0.96367700 0.26619637
vn -0.08514444 -0.26091360 -0.96159998
vn -0.02150901 -0.26516871 0.96396209
vn -0.08426404 0.96085014 0.26394428
vn -0.00700088 -0.96355255 0.26742750
vn -0.02804286 -0.26223466 -0.96459659
vn -0.00710310 -0.26651457 0.96380472
vn -0.02798487 0.96380747 0.26512640
vn 0.00348297 -0.96371931 0.26689504
vn 0.01448226 -0.26319291 -0.96463452
vn 0.00343400 -0.26611423 0.96393538
vn 0.01427866 0.96391753 0.26581784
vn 0.00870705 -0.96410837 0.26536624
vn 0.03520920 -0.26340517 -0.96404255
vn 0.00877147 -0.26472053 0.96428528
vn 0.03506341 0.96340436 0.26574912
vn 0.00932808 -0.96454412 0.26375676
vn 0.03689706 -0.26287916 -0.96412300
vn 0.00941189 -0.26314521 0.96471033
vn 0.03679396 0.96353738 0.26503194
vn 0.00716347 -0.96485548 0.26268344
vn 0.02784197 -0.26215279 -0.96462466
vn 0.00720065 -0.26196585 0.96505028
vn 0.02774293 0.96408966 0.26412393
vn 0.99996927 -0.00552289 0.00556371
vn -0.98734432 0.02308778 -0.15690169
vn -0.98240494 -0.01861413 -0.18583336
vn -0.93753888 0.02275933 -0.34713521
vn -0.98530864 0.02017627 0.16958712
vn -0.96856247 -0.02279420 0.24772397
vn -0.93206389 0.02039218 0.36171960
vn -0.98454614 0.06171402 -0.16389108
vn -0.97802901 0.06143518 0.19921089
vn -0.98897531 -0.03288233 -0.14438348
vn -0.98225406 -0.07328462 -0.17264508
vn -0.93990704 -0.02626461 -0.34041874
vn -0.98465772 -0.02625473 0.17251050
vn -0.98195540 -0.06458683 0.17774174
vn -0.93293072 -0.02549878 0.35915190
vn -0.98201395 0.09404929 -0.16371723
vn -0.90165287 0.14675101 -0.40679999
vn -0.97441888 0.09275185 0.20470696
vn -0.90272949 0.10865479 0.41626146
vn -0.90669832 0.31344206 -0.28222728
vn -0.93200292 0.27702195 0.23372934
vn -0.72042425 -0.50350737 -0.47693735
vn -0.56137707 -0.74728678 -0.35555345
vn -0.64443995 -0.44895678 -0.61897897
vn -0.76922781 -0.61553579 -0.17147673
vn -0.34638759 -0.93153998 -0.11067480
vn -0.73755071 -0.63940863 0.21719935
vn -0.36471020 -0.92035316 0.14119675
vn -0.55347275 -0.74892597 0.36438689
vn -0.82613146 -0.21888365 -0.51922708
vn -0.72425266 -0.23253972 -0.64914048
vn -0.95841839 -0.20242992 -0.20113758
vn -0.95004961 -0.21336232 0.22777678
vn -0.68250632 -0.50313549 0.53013188
vn -0.80845599 -0.24184186 0.53657379
vn -0.70448516 -0.25788495 0.66120799
vn -0.86728635 -0.01573611 -0.49756081
vn -0.75479342 -0.04644807 -0.65431603
vn -0.86309620 -0.02799605 0.50426300
vn -0.74334914 -0.06942851 0.66529072
vn -0.87818449 0.04629608 -0.47607634
vn -0.75895309 0.04239129 -0.64976394
vn -0.98183147 0.06286746 -0.17903812
vn -0.98019620 0.05972692 0.18880707
vn -0.87725147 0.03951663 0.47840182
vn -0.75785090 0.02845075 0.65180716
vn -0.87701637 0.05561289 -0.47723106
vn -0.75783363 0.06035326 -0.64965043
vn -0.98248203 0.05753756 -0.17725262
vn -0.98112769 0.05805389 0.18444024
vn -0.87709878 0.05472403 0.47718237
vn -0.76197414 0.05495415 0.64527161
vn -0.87368586 0.03731630 -0.48505722
vn -0.75605877 0.04356319 -0.65305236
vn -0.98289849 0.03194659 -0.18135591
vn -0.98140089 0.03203491 0.18927770
vn -0.87468533 0.03728214 0.48325523
vn -0.76166537 0.04278645 0.64655641
vn -0.86972232 0.01121525 -0.49341393
vn -0.75381456 0.01635135 -0.65688374
vn -0.98240466 0.00323640 -0.18673675
vn -0.98086122 0.00303101 0.19468455
vn -0.87048198 0.01136732 0.49206901
vn -0.75895638 0.01750930 0.65090601
vn -0.86640262 -0.01109550 -0.49922279
vn -0.75159566 -0.00791631 -0.65957661
vn -0.98142106 -0.01838722 -0.19098327
vn -0.97995458 -0.01891201 0.19832136
vn -0.86637393 -0.01130167 0.49926795
vn -0.75537746 -0.00640829 0.65525859
vn -0.86491898 -0.02364056 -0.50135444
vn -0.75027654 -0.02283552 -0.66072963
vn -0.98078724 -0.02782410 -0.19308602
vn -0.97953469 -0.02862426 0.19922961
vn -0.86401203 -0.02445665 0.50287682
vn -0.75238949 -0.02191111 0.65835397
vn -0.86565927 -0.02523225 -0.49999735
vn -0.75035072 -0.02677056 -0.66049765
vn -0.98089476 -0.02537472 -0.19287714
vn -0.97994757 -0.02624034 0.19752012
vn -0.86416314 -0.02650656 0.50251315
vn -0.75093362 -0.02681450 0.65983307
vn -0.86790742 -0.01873792 -0.49637244
vn -0.75157297 -0.02178994 -0.65928997
vn -0.98147416 -0.01581399 -0.19094082
vn -0.98082502 -0.01651769 0.19418921
vn -0.86629367 -0.02010699 0.49913022
vn -0.75111397 -0.02270475 0.65978201
vn -0.87039914 -0.00924009 -0.49226005
vn -0.75321656 -0.01240292 -0.65765568
vn -0.98207195 -0.00541356 -0.18842873
vn -0.98164054 -0.00588748 0.19064939
vn -0.86906013 -0.01043942 0.49459631
vn -0.75231897 -0.01380057 0.65865447
vn -0.87216141 -0.00131897 -0.48921644
vn -0.75458691 -0.00341419 -0.65619124
vn -0.98245400 0.00144532 -0.18649946
vn -0.98215736 0.00113807 0.18805750
vn -0.87126425 -0.00225923 0.49080902
vn -0.75370645 -0.00484579 0.65719336
vn -0.87285806 0.00304457 -0.48796468
vn -0.75533447 0.00241682 -0.65533503
vn -0.98259045 0.00385521 -0.18574481
vn -0.98236897 0.00369088 0.18691600
vn -0.87237788 0.00244109 0.48882602
vn -0.75467321 0.00131276 0.65609955
vn -0.87261043 0.00496188 -0.48839167
vn -0.75543650 0.00549953 -0.65519879
vn -0.98252409 0.00392490 -0.18609407
vn -0.98231220 0.00399000 0.18720795
vn -0.87245361 0.00484683 0.48867290
vn -0.75502215 0.00495439 0.65568056
vn -0.87168379 0.00770722 -0.49000813
vn -0.75510233 0.00880090 -0.65554787
vn -0.98230523 0.00540860 -0.18720895
vn -0.98200444 0.00581226 0.18876836
vn -0.87179545 0.00819728 0.48980148
vn -0.75489311 0.00886926 0.65578787
vn -0.87027336 0.01460039 -0.49235262
vn -0.75466050 0.01559197 -0.65593019
vn -0.98192101 0.01180958 -0.18892238
vn -0.98141427 0.01251662 0.19149245
vn -0.87065220 0.01559241 0.49165193
vn -0.75460317 0.01616312 0.65598233
vn -0.86859084 0.02458949 -0.49491950
vn -0.75452794 0.02487673 -0.65579626
vn -0.98127049 0.02257143 -0.19130799
vn -0.98051628 0.02321272 0.19506152
vn -0.86912869 0.02563108 0.49392142
vn -0.75458316 0.02577659 0.65569796
vn -0.86739677 0.02560649 -0.49695790
vn -0.75521183 0.02516266 -0.65499765
vn -0.98065890 0.02531377 -0.19408077
vn -0.97975647 0.02558567 0.19855135
vn -0.86770401 0.02647441 0.49637573
vn -0.75545090 0.02639887 0.65467323
vn -0.86720587 0.00332902 -0.49793865
vn -0.75611029 0.00334210 -0.65443568
vn -0.98059791 0.00238342 -0.19601546
vn -0.97960568 0.00272624 0.20091113
vn -0.86689975 0.00460241 0.49846127
vn -0.75674140 0.00499392 0.65369528
vn -0.86692497 -0.02685045 -0.49771494
vn -0.75502255 -0.02614178 -0.65517750
vn -0.98011897 -0.02946086 -0.19621125
vn -0.97909869 -0.02960179 0.20121998
vn -0.86574943 -0.02605240 0.49979916
vn -0.75600191 -0.02456498 0.65410831
vn -0.86732694 -0.03643745 -0.49640336
vn -0.75325037 -0.03571069 -0.65676376
vn -0.98015703 -0.03753981 -0.19463545
vn -0.97921235 -0.03779828 0.19928490
vn -0.86536434 -0.03617529 0.49983589
vn -0.75411945 -0.03481265 0.65581395
vn -0.86856744 -0.02541629 -0.49491879
vn -0.75263509 -0.02513947 -0.65795778
vn -0.98106504 -0.02465323 -0.19210312
vn -0.98014100 -0.02444725 0.19678909
vn -0.86649551 -0.02512173 0.49855233
vn -0.75311505 -0.02491233 0.65741699
vn -0.86939394 -0.00869584 -0.49404308
vn -0.75270759 -0.00905392 -0.65829273
vn -0.98174357 -0.00807626 -0.19003774
vn -0.98068611 -0.00758540 0.19544109
vn -0.86781314 -0.00833495 0.49682078
vn -0.75283878 -0.00915900 0.65814123
vn -0.86936562 0.00717374 -0.49411735
vn -0.75304155 0.00639938 -0.65794184
vn -0.98186358 0.00657520 -0.18947472
vn -0.98057710 0.00727768 0.19599896
vn -0.86849219 0.00774995 0.49564227
vn -0.75300340 0.00627153 0.65798673
vn -0.86850333 0.01876496 -0.49532801
vn -0.75356431 0.01808914 -0.65712527
vn -0.98147915 0.01690424 -0.19082173
vn -0.97992983 0.01755301 0.19856845
vn -0.86821977 0.01947867 0.49579734
vn -0.75364970 0.01814272 0.65702586
vn -0.86728907 0.01629350 -0.49753813
vn -0.75411557 0.01682413 -0.65652621
vn -0.98094917 0.01317872 -0.19381702
vn -0.97923594 0.01332494 0.20228548
vn -0.86708496 0.01677905 0.49787763
vn -0.75483002 0.01695773 0.65570121
vn -0.86591030 -0.00209335 -0.50019493
vn -0.75331290 0.00068917 -0.65766192
vn -0.98036432 -0.00666296 -0.19708225
vn -0.97873044 -0.00738041 0.20501769
vn -0.86515258 -0.00258481 0.50150208
vn -0.75510533 0.00022338 0.65560346
vn -0.86436699 -0.01312894 -0.50269011
vn -0.75056171 -0.00903880 -0.66073854
vn -0.97983529 -0.01682448 -0.19909731
vn -0.97860590 -0.01839364 0.20491992
vn -0.86292337 -0.01533343 0.50510211
vn -0.75307859 -0.01084234 0.65784122
vn -0.86329005 -0.00141702 -0.50470613
vn -0.74838019 0.00170614 -0.66326780
vn -0.97984408 -0.00165704 -0.19975692
vn -0.97921048 -0.00326575 0.20282053
vn -0.86183568 -0.00458513 0.50716687
vn -0.75073560 -0.00117019 0.66060176
vn -0.86247712 0.01866494 -0.50575176
vn -0.74808414 0.01872791 -0.66333957
vn -0.97953105 0.02222109 -0.20006285
vn -0.97953395 0.02042742 0.20023977
vn -0.86160191 0.01489457 0.50736605
vn -0.74956281 0.01554768 0.66175061
vn -0.86297157 0.02811239 -0.50446978
vn -0.74993165 0.02464131 -0.66105622
vn -0.97914057 0.03550470 -0.20005787
vn -0.97983705 0.03357330 0.19695734
vn -0.86250970 0.02437743 0.50545303
vn -0.75011476 0.02195423 0.66094316
vn -0.86592990 0.01985613 -0.49977109
vn -0.75371895 0.01368111 -0.65705447
vn -0.97962018 0.03022662 -0.19857153
vn -0.98090577 0.02876113 0.19234518
vn -0.86538770 0.01736470 0.50080196
vn -0.75246565 0.01244700 0.65851388
vn -0.87089041 -0.00386401 -0.49146207
vn -0.75839575 -0.01173380 -0.65168874
vn -0.98087625 0.00737950 -0.19449250
vn -0.98240717 0.00711999 0.18661581
vn -0.86985925 -0.00356361 0.49328712
vn -0.75576460 -0.01000206 0.65476700
vn -0.87629446 -0.03547669 -0.48046791
vn -0.76249460 -0.04414782 -0.64548661
vn -0.98191989 -0.02601209 -0.18750119
vn -0.98315102 -0.02411756 0.18119719
vn -0.87443270 -0.03011832 0.48421104
vn -0.75866747 -0.03663686 0.65044708
vn -0.88065948 -0.06270290 -0.46958196
vn -0.76490998 -0.06973776 -0.64035097
vn -0.98220701 -0.05873087 -0.17838185
vn -0.98235093 -0.05314559 0.17933820
vn -0.87743413 -0.04878183 0.47721031
vn -0.76019769 -0.05184144 0.64762021
vn -0.88381559 -0.06227144 -0.46367259
vn -0.76502674 -0.06085013 -0.64111726
vn -0.98253183 -0.07057779 -0.17219169
vn -0.98039255 -0.06212584 0.18700488
vn -0.87684576 -0.03858052 0.47922130
vn -0.75957009 -0.03034161 0.64971738
vn -0.88218874 0.01047699 -0.47077942
vn -0.75804179 0.03541831 -0.65124358
vn -0.86112931 0.02239985 0.50789228
vn -0.75193468 0.05893232 0.65659821
vn -0.83389680 0.22510099 -0.50393022
vn -0.71884079 0.26551797 -0.64247033
vn -0.81138716 0.22193472 0.54073640
vn -0.71912039 0.24054894 0.65192183
vn -0.68222273 0.53784701 -0.49527036
vn -0.61141294 0.52350769 -0.59339188
vn -0.74269160 0.64498112 -0.18002372
vn -0.74329793 0.63664738 0.20539789
vn -0.69892810 0.52641263 0.48413764
vn -0.63905655 0.46816466 0.61026926
vn -0.49554264 0.78106461 -0.37996784
vn -0.34364051 0.92962181 -0.13309575
vn -0.38043141 0.91789053 0.11291105
vn -0.56504368 0.73086290 0.38283816
vn -0.61870675 -0.44967744 -0.64419885
vn -0.43036981 -0.72147248 -0.54245672
vn -0.51599859 -0.46046854 -0.72229784
vn -0.25462798 -0.94842987 -0.18879984
vn -0.13643909 -0.99064037 0.00400370
vn -0.11382378 -0.99252847 0.04394751
vn -0.49891431 -0.75081091 0.43285966
vn -0.26461020 -0.93835231 0.22243288
vn -0.46171092 -0.72942083 0.50474576
vn -0.65620659 -0.23838859 -0.71593561
vn -0.52012024 -0.20910607 -0.82809998
vn -0.64616747 -0.25090089 0.72077482
vn -0.48908301 -0.47823152 0.72944665
vn -0.53389962 -0.24538792 0.80915757
vn -0.66464704 -0.04483577 -0.74581101
vn -0.48934382 -0.02295972 -0.87178867
vn -0.66101958 -0.07486659 0.74662447
vn -0.51480609 -0.04937041 0.85588390
vn -0.65627460 0.04466491 -0.75319898
vn -0.47782797 0.05079658 -0.87698354
vn -0.66148407 0.02445383 0.74956043
vn -0.49227342 0.02802367 0.86998940
vn -0.65242482 0.06151525 -0.75535272
vn -0.47856061 0.06011757 -0.87599407
vn -0.66106822 0.05391519 0.74838624
vn -0.49046231 0.05298914 0.86984991
vn -0.65352106 0.04407145 -0.75562420
vn -0.48474312 0.03959099 -0.87376007
vn -0.66231502 0.04365458 0.74795260
vn -0.49457544 0.04043373 0.86819367
vn -0.65600131 0.01661391 -0.75457687
vn -0.49234224 0.01226881 -0.87031523
vn -0.66344433 0.01925260 0.74797791
vn -0.50071282 0.01655240 0.86545519
vn -0.65791648 -0.00783251 -0.75305017
vn -0.49797274 -0.01081991 -0.86712518
vn -0.66338163 -0.00446361 0.74826793
vn -0.50491676 -0.00567339 0.86314939
vn -0.65879518 -0.02298252 -0.75197122
vn -0.50038717 -0.02403167 -0.86546818
vn -0.66218336 -0.02022960 0.74906873
vn -0.50584971 -0.01958620 0.86239924
vn -0.65883671 -0.02710979 -0.75179735
vn -0.49971058 -0.02620958 -0.86579582
vn -0.66044855 -0.02572851 0.75043038
vn -0.50371530 -0.02339823 0.86355279
vn -0.65840243 -0.02217901 -0.75233924
vn -0.49704512 -0.02009556 -0.86749197
vn -0.65881552 -0.02233768 0.75197283
vn -0.49968639 -0.01917270 0.86599418
vn -0.65783580 -0.01271656 -0.75305402
vn -0.49396495 -0.01065371 -0.86941654
vn -0.65766539 -0.01399567 0.75318016
vn -0.49538019 -0.01118409 0.86860427
vn -0.65741693 -0.00360871 -0.75351839
vn -0.49179020 -0.00243297 -0.87071033
vn -0.65709273 -0.00527293 0.75379131
vn -0.49218193 -0.00363813 0.87048476
vn -0.65729442 0.00234188 -0.75363026
vn -0.49104181 0.00251430 -0.87113238
vn -0.65701450 0.00094748 0.75387734
vn -0.49070839 0.00131584 0.87132287
vn -0.65740180 0.00553181 -0.75351992
vn -0.49148643 0.00512744 -0.87087014
vn -0.65724206 0.00478154 0.75366439
vn -0.49080836 0.00431604 0.87125686
vn -0.65753350 0.00890448 -0.75337269
vn -0.49261117 0.00846913 -0.87020831
vn -0.65754008 0.00888161 0.75336722
vn -0.49198076 0.00816530 0.87056778
vn -0.65740927 0.01571132 -0.75336990
vn -0.49406393 0.01565596 -0.86928460
vn -0.65762192 0.01628824 0.75317203
vn -0.49382680 0.01580261 0.86941668
vn -0.65667746 0.02501936 -0.75375643
vn -0.49576222 0.02545388 -0.86808520
vn -0.65715184 0.02588633 0.75331359
vn -0.49617696 0.02581381 0.86783759
vn -0.65518627 0.02548771 -0.75503730
vn -0.49759612 0.02613181 -0.86701513
vn -0.65611208 0.02631160 0.75420464
vn -0.49873953 0.02641675 0.86634926
vn -0.65369362 0.00392324 -0.75674914
vn -0.49893314 0.00418419 -0.86663038
vn -0.65534686 0.00474422 0.75531317
vn -0.50062622 0.00449429 0.86565189
vn -0.65348984 -0.02566887 -0.75649993
vn -0.49925852 -0.02630130 -0.86605379
vn -0.65572266 -0.02456514 0.75460211
vn -0.50133697 -0.02557424 0.86487410
vn -0.65451620 -0.03556566 -0.75521098
vn -0.49815529 -0.03596431 -0.86634166
vn -0.65673984 -0.03444075 0.75333035
vn -0.50077902 -0.03505857 0.86486489
vn -0.65540055 -0.02513391 -0.75486317
vn -0.49581923 -0.02440530 -0.86808276
vn -0.65725724 -0.02441021 0.75327091
vn -0.49904650 -0.02377548 0.86624900
vn -0.65535724 -0.00901455 -0.75526527
vn -0.49314772 -0.00726409 -0.86991526
vn -0.65682342 -0.00867904 0.75399448
vn -0.49679331 -0.00696518 0.86784094
vn -0.65436984 0.00656605 -0.75614615
vn -0.49096821 0.00908353 -0.87113013
vn -0.65559043 0.00667829 0.75508714
vn -0.49484215 0.00908124 0.86893543
vn -0.65242994 0.01855817 -0.75762179
vn -0.48975160 0.02123834 -0.87160329
vn -0.65373795 0.01836285 0.75649818
vn -0.49380609 0.02069049 0.86932586
vn -0.64986945 0.01782789 -0.75983674
vn -0.48982185 0.01936354 -0.87160749
vn -0.65195820 0.01675880 0.75806969
vn -0.49401982 0.01760750 0.86927234
vn -0.64838139 0.00190249 -0.76131331
vn -0.49117749 0.00077071 -0.87105917
vn -0.65202340 -0.00030586 0.75819878
vn -0.49546653 -0.00239477 0.86862373
vn -0.64966528 -0.00858846 -0.76017186
vn -0.49353125 -0.01240492 -0.86963959
vn -0.65475189 -0.01120070 0.75576088
vn -0.49821883 -0.01588558 0.86690579
vn -0.65258900 0.00102647 -0.75771139
vn -0.49619086 -0.00343460 -0.86820668
vn -0.65823519 -0.00136909 0.75281110
vn -0.50166657 -0.00622032 0.86503870
vn -0.65541105 0.01713909 -0.75507789
vn -0.49881587 0.01367771 -0.86660005
vn -0.66073032 0.01517454 0.75046997
vn -0.50495777 0.01193330 0.86306155
vn -0.65776867 0.02245986 -0.75288507
vn -0.50082021 0.02079614 -0.86530147
vn -0.66205439 0.02124778 0.74915453
vn -0.50707419 0.02040474 0.86166085
vn -0.65950954 0.01123766 -0.75161218
vn -0.50090535 0.01159928 -0.86542434
vn -0.66227015 0.01153933 0.74917627
vn -0.50660665 0.01318492 0.86207648
vn -0.66010301 -0.01411931 -0.75104238
vn -0.49785728 -0.01177390 -0.86717905
vn -0.66117310 -0.01079292 0.75015574
vn -0.50256852 -0.00703041 0.86450880
vn -0.65921971 -0.04610470 -0.75053563
vn -0.49150622 -0.04197677 -0.86986182
vn -0.65896867 -0.03715355 0.75125223
vn -0.49531126 -0.03217891 0.86811939
vn -0.65775313 -0.07061702 -0.74991603
vn -0.48367947 -0.06621645 -0.87273682
vn -0.65735141 -0.05245892 0.75175607
vn -0.48724413 -0.04906495 0.87188634
vn -0.65881923 -0.05944415 -0.74994908
vn -0.47978452 -0.06135526 -0.87523845
vn -0.65969701 -0.03163493 0.75086556
vn -0.48382690 -0.03687331 0.87438658
vn -0.66364069 0.03906147 -0.74703095
vn -0.49487313 0.01151921 -0.86888889
vn -0.66589701 0.05825298 0.74376593
vn -0.50076835 0.02852801 0.86511110
vn -0.64970396 0.26056100 -0.71413776
vn -0.51496695 0.23944315 -0.82308931
vn -0.65912438 0.24391701 0.71137863
vn -0.51960988 0.23371686 0.82181628
vn -0.60155131 0.49555506 -0.62654705
vn -0.47382243 0.53456141 -0.69981170
vn -0.62439960 0.46329400 0.62887503
vn -0.50890460 0.47893070 0.71529119
vn -0.37933198 0.75793324 -0.53070184
vn -0.24931482 0.94385849 -0.21673318
vn -0.16695291 0.98409534 -0.06068853
vn -0.15339661 0.98777504 0.02774792
vn -0.25875331 0.93759589 0.23229438
vn -0.43124570 0.72381896 0.53862164
vn -0.16723290 -0.90829052 -0.38345989
vn -0.19902451 -0.56811677 -0.79851899
vn -0.06892476 -0.99524987 -0.06875368
vn -0.01048199 -0.99800623 0.06223892
vn -0.01258253 -0.99990324 0.00593174
vn -0.04963565 -0.99638298 0.06897283
vn -0.39882850 -0.64389327 0.65294509
vn -0.14312630 -0.89855611 0.41486356
vn -0.20740940 -0.59348049 0.77766461
vn -0.42144574 -0.14367100 -0.89540054
vn -0.28626726 -0.29016552 -0.91315663
vn -0.18693137 -0.10331388 -0.97692523
vn -0.23016014 -0.24060900 0.94293882
vn -0.35944761 0.01623993 -0.93302395
vn -0.16103488 0.02509904 -0.98662952
vn -0.21454060 -0.05938499 0.97490807
vn -0.37585942 -0.00423556 0.92666701
vn -0.18094043 -0.00256961 0.98349070
vn -0.18852307 0.06646847 -0.97981682
vn -0.18144457 0.06671782 -0.98113536
vn -0.19293182 0.04870325 0.98000271
vn -0.18434050 0.04210128 0.98196032
vn -0.17973575 0.06269881 -0.98171478
vn -0.18718556 0.05886170 0.98055947
vn -0.18511253 0.03484395 -0.98209941
vn -0.19048677 0.03808100 0.98095088
vn -0.19081019 0.00479963 -0.98161522
vn -0.19483250 0.01148630 0.98076927
vn -0.19485085 -0.01777878 -0.98067174
vn -0.19771365 -0.01014948 0.98020727
vn -0.19638943 -0.02824005 -0.98011922
vn -0.19829014 -0.02150845 0.97990735
vn -0.19549909 -0.02693379 -0.98033396
vn -0.19674610 -0.02224819 0.98020201
vn -0.19306274 -0.01828249 -0.98101607
vn -0.19391299 -0.01590078 0.98088986
vn -0.19037630 -0.00813313 -0.98167750
vn -0.19085623 -0.00751268 0.98158925
vn -0.18852186 -0.00074230 -0.98206871
vn -0.18842400 -0.00102840 0.98208724
vn -0.18796708 0.00272777 -0.98217154
vn -0.18701280 0.00221460 0.98235498
vn -0.18864713 0.00395373 -0.98203698
vn -0.18667587 0.00355999 0.98241511
vn -0.19033879 0.00631730 -0.98169814
vn -0.18741820 0.00612785 0.98226110
vn -0.19290657 0.01311370 -0.98112949
vn -0.18933497 0.01302966 0.98182610
vn -0.19604973 0.02367721 -0.98030806
vn -0.19231092 0.02343179 0.98105426
vn -0.19883323 0.02606534 -0.97968666
vn -0.19555292 0.02543179 0.98036334
vn -0.20005666 0.00362808 -0.97977761
vn -0.19794289 0.00289545 0.98020928
vn -0.19880270 -0.02805689 -0.97963784
vn -0.19834334 -0.02848038 0.97971873
vn -0.19536540 -0.03581664 -0.98007629
vn -0.19640116 -0.03598035 0.97986326
vn -0.19167457 -0.02221345 -0.98120713
vn -0.19353304 -0.02217284 0.98084317
vn -0.18921702 -0.00502319 -0.98192244
vn -0.19113049 -0.00474344 0.98155318
vn -0.18837757 0.01053169 -0.98204021
vn -0.18979374 0.01078972 0.98176470
vn -0.18892064 0.02216983 -0.98174207
vn -0.18973301 0.02169650 0.98159597
vn -0.19005644 0.01961051 -0.98157729
vn -0.19078703 0.01730110 0.98147898
vn -0.19092931 -0.00113264 -0.98160313
vn -0.19264322 -0.00575690 0.98125198
vn -0.19136790 -0.01530773 -0.98139900
vn -0.19500250 -0.02091805 0.98057966
vn -0.19206522 -0.00489522 -0.98136996
vn -0.19784555 -0.00961860 0.98018601
vn -0.19357272 0.01417845 -0.98098347
vn -0.20106329 0.01139066 0.97951203
vn -0.19492040 0.02359816 -0.98053514
vn -0.20320064 0.02343264 0.97885669
vn -0.19462285 0.01658205 -0.98073798
vn -0.20258604 0.01963035 0.97906769
vn -0.19181144 -0.00591249 -0.98141399
vn -0.19856949 0.00104908 0.98008625
vn -0.18663631 -0.03742886 -0.98171583
vn -0.19188836 -0.02540881 0.98108779
vn -0.18074073 -0.06642176 -0.98128535
vn -0.18500023 -0.04786944 0.98157192
vn -0.17700904 -0.07075710 -0.98166248
vn -0.18140578 -0.04659269 0.98230396
vn -0.33842124 -0.01580313 -0.94086201
vn -0.15779471 -0.06226996 -0.98550661
vn -0.14983368 -0.01569043 -0.98858671
vn -0.18312660 -0.04653409 0.98198739
vn -0.35273909 -0.00791668 0.93568823
vn -0.15456103 -0.00855069 0.98794624
vn -0.37195088 0.15358130 -0.91545908
vn -0.16168725 0.13415032 -0.97768140
vn -0.19622577 0.21188237 0.95739297
vn -0.22134487 0.03698265 0.97449409
vn -0.18164334 0.34559551 -0.92063534
vn -0.17815654 0.61448888 -0.76854646
vn -0.18158588 0.59870820 0.78011221
vn -0.16182843 0.91008649 -0.38151559
vn -0.07302701 0.98966023 -0.12344915
vn -0.02643053 0.99931009 -0.02609144
vn -0.03341365 0.99940378 0.00869573
vn -0.04681943 0.99020774 0.13151644
vn -0.11252438 0.90723882 0.40528507
vn -0.99377450 -0.03056290 -0.10713611
vn 0.00987487 -0.99982519 -0.01587717
vn 0.11163444 -0.10871201 -0.98778512
vn 0.13014421 -0.04514053 0.99046697
vn 0.05518447 0.99475496 -0.08612347
vn 0.15364240 -0.90005746 -0.40778741
vn 0.20533785 -0.58074864 -0.78776100
vn 0.06036194 -0.99719514 -0.04425259
vn 0.02410374 -0.99763233 0.06441077
vn 0.02903938 -0.99955699 0.00652165
vn 0.05498296 -0.99704481 0.05365185
vn 0.13594193 -0.90336503 0.40675719
vn 0.18467031 -0.60469617 0.77475120
vn 0.20732154 -0.28089728 -0.93707764
vn 0.18183062 -0.10063153 -0.97816712
vn 0.19719449 -0.23613846 0.95150037
vn 0.15838006 0.02605897 -0.98703429
vn 0.22840468 -0.05573048 0.97196986
vn 0.16269420 0.00343920 0.98667055
vn 0.16502845 0.06640647 -0.98405071
vn 0.18138899 0.06843304 -0.98102750
vn 0.18820486 0.05582191 0.98054212
vn 0.19178169 0.04979582 0.98017354
vn 0.18013406 0.06169731 -0.98170523
vn 0.18972112 0.06006930 0.97999876
vn 0.18362792 0.03393818 -0.98240979
vn 0.19378374 0.03812349 0.98030325
vn 0.18741216 0.00380765 -0.98227399
vn 0.19737425 0.01092551 0.98026733
vn 0.18978702 -0.01851485 -0.98165070
vn 0.19883520 -0.01089549 0.97997237
vn 0.19065477 -0.02834457 -0.98124785
vn 0.19798451 -0.02213155 0.97995527
vn 0.19053967 -0.02631548 -0.98132672
vn 0.19551634 -0.02251901 0.98044187
vn 0.19013067 -0.01719173 -0.98160826
vn 0.19267766 -0.01564039 0.98113745
vn 0.18999196 -0.00699032 -0.98176076
vn 0.19079662 -0.00663860 0.98160714
vn 0.19034306 0.00007983 -0.98171763
vn 0.19067006 0.00035685 0.98165411
vn 0.19103732 0.00303072 -0.98157810
vn 0.19224347 0.00381262 0.98133986
vn 0.19182831 0.00373902 -0.98142138
vn 0.19485497 0.00497988 0.98081942
vn 0.19270131 0.00574271 -0.98124066
vn 0.19779653 0.00704242 0.98021780
vn 0.19401298 0.01247184 -0.98091968
vn 0.20077294 0.01333083 0.97954710
vn 0.19625072 0.02347299 -0.98027276
vn 0.20385713 0.02336921 0.97872169
vn 0.19929371 0.02666218 -0.97957702
vn 0.20682127 0.02524893 0.97805289
vn 0.20186029 0.00455391 -0.97940374
vn 0.20851829 0.00229094 0.97801578
vn 0.20285241 -0.02657293 -0.97884870
vn 0.20820143 -0.02869555 0.97766494
vn 0.20209339 -0.03441329 -0.97876146
vn 0.20629022 -0.03577757 0.97783655
vn 0.20045831 -0.02136419 -0.97946926
vn 0.20402691 -0.02172883 0.97872411
vn 0.19945889 -0.00428280 -0.97989684
vn 0.20299656 -0.00368090 0.97917253
vn 0.20009031 0.01141009 -0.97971102
vn 0.20409354 0.01241965 0.97887261
vn 0.20239808 0.02328444 -0.97902648
vn 0.20705984 0.02346365 0.97804687
vn 0.20528553 0.02046490 -0.97848814
vn 0.21026166 0.01797232 0.97747994
vn 0.20656632 -0.00147931 -0.97843148
vn 0.21083156 -0.00758225 0.97749300
vn 0.20523866 -0.01676162 -0.97856841
vn 0.20737468 -0.02489674 0.97794473
vn 0.20246922 -0.00721996 -0.97926201
vn 0.20131046 -0.01483604 0.97941513
vn 0.19994774 0.01197856 -0.97973334
vn 0.19504270 0.00677001 0.98077139
vn 0.19824922 0.02225246 -0.97989901
vn 0.19006943 0.02077868 0.98155074
vn 0.19663475 0.01617180 -0.98034343
vn 0.18639570 0.01924778 0.98228619
vn 0.19409264 -0.00554312 -0.98096754
vn 0.18338054 0.00261746 0.98303852
vn 0.19035466 -0.03641524 -0.98103977
vn 0.18085550 -0.02234955 0.98325571
vn 0.18668982 -0.06484553 -0.98027647
vn 0.18009072 -0.04367667 0.98267985
vn 0.18849932 -0.06427233 -0.97996789
vn 0.18331278 -0.04186001 0.98216300
vn 0.19400199 -0.05815857 -0.97927566
vn 0.16811228 -0.01152630 -0.98570046
vn 0.01778520 -0.00816968 0.99980845
vn 0.19983070 0.00903110 0.97978882
vn 0.19217245 0.13514041 -0.97201174
vn 0.22455714 0.21506322 0.95043248
vn 0.28158018 0.34094161 -0.89692331
vn 0.19492132 0.59970482 -0.77611843
vn 0.20072943 0.60252869 0.77244215
vn 0.12881451 0.90278518 -0.41034831
vn 0.04925105 0.99491889 -0.08781081
vn 0.04136544 0.99894997 -0.01969419
vn 0.04623380 0.99892884 0.00190012
vn 0.07643589 0.98478394 0.15607098
vn 0.15578514 0.90705783 0.39112285
vn 0.98743626 -0.06686566 -0.14317340
vn 0.41845839 -0.70798329 -0.56890442
vn 0.49908350 -0.50312680 -0.70553461
vn 0.24979778 -0.94590097 -0.20705658
vn 0.07284152 -0.99692791 0.02878981
vn 0.06298982 -0.99736552 0.03597639
vn 0.23179192 -0.94902666 0.21359052
vn 0.37463246 -0.73030262 0.57123427
vn 0.42793655 -0.75540097 0.49622543
vn 0.39402033 -0.11702241 -0.91162149
vn 0.52987577 -0.21788687 -0.81960782
vn 0.51745388 -0.51212595 0.68554248
vn 0.52143670 -0.24657963 0.81688570
vn 0.34438984 0.02543221 -0.93848220
vn 0.49797691 -0.01332734 -0.86708787
vn 0.36174293 0.00373197 0.93227041
vn 0.50502477 -0.02841510 0.86263698
vn 0.47702696 0.05250370 -0.87731901
vn 0.49194799 0.04564698 0.86942713
vn 0.47857619 0.05920470 -0.87604774
vn 0.49569932 0.05787787 0.86656352
vn 0.48512340 0.03745489 -0.87364319
vn 0.50191935 0.04009227 0.86398471
vn 0.49105424 0.00937628 -0.87107854
vn 0.50622607 0.01381938 0.86229009
vn 0.49442536 -0.01310793 -0.86912125
vn 0.50703892 -0.00908593 0.86187527
vn 0.49523952 -0.02446274 -0.86841199
vn 0.50459234 -0.02244552 0.86306591
vn 0.49442118 -0.02434534 -0.86888147
vn 0.50029532 -0.02466196 0.86550354
vn 0.49319529 -0.01655955 -0.86976100
vn 0.49607917 -0.01817953 0.86808696
vn 0.49255206 -0.00675685 -0.87025675
vn 0.49355493 -0.00800410 0.86967780
vn 0.49283681 0.00053625 -0.87012160
vn 0.49333012 0.00090795 0.86984169
vn 0.49377170 0.00386701 -0.86958298
vn 0.49495403 0.00604685 0.86889812
vn 0.49490518 0.00493336 -0.86893298
vn 0.49748742 0.00816589 0.86743275
vn 0.49607725 0.00733394 -0.86824742
vn 0.50016788 0.01047372 0.86586511
vn 0.49746145 0.01438659 -0.86736678
vn 0.50268957 0.01640084 0.86431141
vn 0.49907641 0.02486111 -0.86620128
vn 0.50492605 0.02514295 0.86279633
vn 0.50037912 0.02661445 -0.86539725
vn 0.50662854 0.02526365 0.86179422
vn 0.50087417 0.00534494 -0.86550361
vn 0.50767748 0.00321265 0.86154121
vn 0.50052221 -0.02390587 -0.86539357
vn 0.50774332 -0.02608084 0.86111353
vn 0.49946318 -0.03296588 -0.86570768
vn 0.50650172 -0.03471755 0.86153973
vn 0.49848050 -0.02157574 -0.86663238
vn 0.50497974 -0.02235880 0.86284155
vn 0.49821142 -0.00438115 -0.86704451
vn 0.50417102 -0.00401736 0.86359449
vn 0.49865411 0.01193430 -0.86671890
vn 0.50421096 0.01287925 0.86348447
vn 0.49934578 0.02351649 -0.86608358
vn 0.50467924 0.02375763 0.86297998
vn 0.49955644 0.01986807 -0.86605348
vn 0.50491629 0.01762722 0.86298831
vn 0.49908394 -0.00139911 -0.86655251
vn 0.50439515 -0.00753454 0.86344007
vn 0.49878890 -0.01632086 -0.86656983
vn 0.50287051 -0.02605504 0.86396897
vn 0.49952474 -0.00821598 -0.86626066
vn 0.50075551 -0.01921855 0.86537539
vn 0.50137063 0.00953443 -0.86518009
vn 0.49883857 0.00023076 0.86669489
vn 0.50318574 0.01840764 -0.86398221
vn 0.49680840 0.01316629 0.86776037
vn 0.50342892 0.01114948 -0.86396470
vn 0.49381874 0.01136945 0.86949053
vn 0.50101133 -0.01046131 -0.86537749
vn 0.48930381 -0.00405552 0.87210397
vn 0.49608054 -0.03889478 -0.86740492
vn 0.48366023 -0.02550215 0.87488423
vn 0.49112744 -0.06096022 -0.86895206
vn 0.47929179 -0.03949710 0.87676642
vn 0.48995629 -0.05067218 -0.87027304
vn 0.48167661 -0.02564579 0.87597371
vn 0.36559322 -0.00069355 -0.93077447
vn 0.49930529 0.03158025 -0.86585040
vn 0.49688265 0.04528580 0.86663535
vn 0.42036511 0.18445975 -0.88840744
vn 0.51823569 0.23521580 -0.82225623
vn 0.50823823 0.22430964 0.83149209
vn 0.49827793 0.48091983 -0.72141196
vn 0.44893641 0.49222605 0.74576780
vn 0.43672074 0.70863354 -0.55417822
vn 0.24902045 0.94353969 -0.21845291
vn 0.11906503 0.99251439 -0.02717905
vn 0.15685307 0.98661267 0.04463803
vn 0.24497547 0.94128964 0.23229469
vn 0.36030193 0.73349426 0.57634077
vn 0.61487452 -0.45981409 -0.64070300
vn 0.62991158 -0.47120871 -0.61739271
vn 0.54650817 -0.71844789 -0.43030390
vn 0.37849866 -0.92080700 -0.09409167
vn 0.37325411 -0.91722946 0.13918149
vn 0.49234944 -0.74930717 0.44286657
vn 0.63813468 -0.67545883 0.36951252
vn 0.65100423 -0.24411594 -0.71874954
vn 0.72000174 -0.24793178 -0.64817230
vn 0.71864217 -0.50378155 0.47933035
vn 0.64958484 -0.25878856 0.71489022
vn 0.71958850 -0.24875785 0.64831468
vn 0.66145266 -0.04398013 -0.74869629
vn 0.75735019 -0.04006854 -0.65177849
vn 0.66737022 -0.05008952 0.74303972
vn 0.75879545 -0.04810459 0.64955016
vn 0.65719462 0.04937974 -0.75210164
vn 0.76637525 0.05153754 -0.64032247
vn 0.66546528 0.04499476 0.74507143
vn 0.76701925 0.04480553 0.64005776
vn 0.65598167 0.06293798 -0.75214816
vn 0.76765301 0.06256284 -0.63780463
vn 0.66496234 0.06147961 0.74434222
vn 0.76702006 0.06059165 0.63875573
vn 0.65709310 0.04140511 -0.75267143
vn 0.76566855 0.03954290 -0.64201872
vn 0.66611402 0.04292045 0.74461396
vn 0.76410480 0.04089187 0.64379478
vn 0.65777045 0.01187835 -0.75312478
vn 0.76132218 0.00931044 -0.64830691
vn 0.66626499 0.01463937 0.74557136
vn 0.75915423 0.01162532 0.65080697
vn 0.65728852 -0.01208401 -0.75354216
vn 0.75597099 -0.01472264 -0.65443953
vn 0.66465802 -0.01025228 0.74707738
vn 0.75355900 -0.01341345 0.65724343
vn 0.65617793 -0.02456621 -0.75420622
vn 0.75132021 -0.02665516 -0.65939930
vn 0.66189348 -0.02516764 0.74917529
vn 0.74913334 -0.02756291 0.66184554
vn 0.65526717 -0.02498121 -0.75498402
vn 0.74864067 -0.02604321 -0.66246426
vn 0.65904510 -0.02804163 0.75158049
vn 0.74709747 -0.02923402 0.66407134
vn 0.65506959 -0.01699422 -0.75537740
vn 0.74823111 -0.01694491 -0.66322174
vn 0.65700101 -0.02095240 0.75359848
vn 0.74742786 -0.02111816 0.66400724
vn 0.65556336 -0.00655421 -0.75511173
vn 0.74941323 -0.00579465 -0.66207721
vn 0.65608838 -0.00920135 0.75462797
vn 0.74902591 -0.00885506 0.66248153
vn 0.65635650 0.00122463 -0.75444989
vn 0.75104006 0.00205324 -0.66025345
vn 0.65612189 0.00135635 0.75465372
vn 0.75053146 0.00172430 0.66083247
vn 0.65697761 0.00458627 -0.75389613
vn 0.75210335 0.00499007 -0.65902629
vn 0.65665442 0.00745579 0.75415475
vn 0.75107289 0.00755260 0.66017609
vn 0.65714091 0.00536832 -0.75374863
vn 0.75215649 0.00521082 -0.65896394
vn 0.65722462 0.00972708 0.75363200
vn 0.75051534 0.00951162 0.66078458
vn 0.65681396 0.00742862 -0.75401607
vn 0.75137650 0.00686379 -0.65983804
vn 0.65754534 0.01167723 0.75332448
vn 0.74931434 0.01130896 0.66211791
vn 0.65603944 0.01411615 -0.75459458
vn 0.75030665 0.01337710 -0.66095460
vn 0.65748495 0.01701727 0.75327548
vn 0.74814651 0.01672079 0.66332286
vn 0.65467401 0.02402148 -0.75552955
vn 0.74951823 0.02328679 -0.66157400
vn 0.65691436 0.02501519 0.75355010
vn 0.74763766 0.02490245 0.66363981
vn 0.65275303 0.02532524 -0.75714735
vn 0.74960744 0.02481374 -0.66141739
vn 0.65584503 0.02460214 0.75449455
vn 0.74829882 0.02457669 0.66290637
vn 0.65132276 0.00485244 -0.75878529
vn 0.75022174 0.00474963 -0.66116925
vn 0.65498802 0.00317341 0.75563260
vn 0.74950731 0.00311158 0.66198875
vn 0.65159634 -0.02336885 -0.75820584
vn 0.74931260 -0.02330959 -0.66180609
vn 0.65535449 -0.02534686 0.75489604
vn 0.74909093 -0.02531788 0.66198322
vn 0.65305368 -0.03212373 -0.75663000
vn 0.74773592 -0.03215407 -0.66321724
vn 0.65680267 -0.03391547 0.75329940
vn 0.74795817 -0.03374594 0.66288746
vn 0.65429956 -0.02093261 -0.75594571
vn 0.74717912 -0.02097726 -0.66429159
vn 0.65806680 -0.02195575 0.75263938
vn 0.74764119 -0.02179226 0.66374524
vn 0.65472613 -0.00432988 -0.75585379
vn 0.74737611 -0.00433641 -0.66438705
vn 0.65841406 -0.00426849 0.75264381
vn 0.74775030 -0.00419884 0.66396676
vn 0.65422655 0.01110829 -0.75621705
vn 0.74793064 0.01099959 -0.66368574
vn 0.65783002 0.01187467 0.75307281
vn 0.74797360 0.01176132 0.66362426
vn 0.65259123 0.02168422 -0.75739981
vn 0.74863889 0.02131420 -0.66263529
vn 0.65625258 0.02190663 0.75422321
vn 0.74832266 0.02140072 0.66298960
vn 0.65020683 0.01795912 -0.75954496
vn 0.74932076 0.01744506 -0.66197739
vn 0.65384189 0.01552859 0.75647184
vn 0.74880430 0.01449238 0.66263270
vn 0.64893555 -0.00142143 -0.76084205
vn 0.74872600 -0.00176373 -0.66287726
vn 0.65185089 -0.00852713 0.75829922
vn 0.74827933 -0.00960701 0.66331422
vn 0.65042321 -0.01390717 -0.75944469
vn 0.74631157 -0.01384274 -0.66545280
vn 0.65199779 -0.02563721 0.75778732
vn 0.74655949 -0.02577313 0.66481928
vn 0.65373151 -0.00423921 -0.75671470
vn 0.74471474 -0.00332412 -0.66737463
vn 0.65399461 -0.01793336 0.75628662
vn 0.74642952 -0.01671521 0.66525452
vn 0.65743436 0.01346146 -0.75339156
vn 0.74554114 0.01562643 -0.66627639
vn 0.65638065 0.00126793 0.75442882
vn 0.74883777 0.00364237 0.66274333
vn 0.66119010 0.02095986 -0.74992556
vn 0.74917924 0.02435602 -0.66191937
vn 0.65865548 0.01308027 0.75233095
vn 0.75345440 0.01618586 0.65730091
vn 0.66465218 0.01180864 -0.74705959
vn 0.75529450 0.01591194 -0.65519236
vn 0.66066946 0.00986827 0.75061207
vn 0.75964579 0.01310291 0.65020504
vn 0.66705479 -0.01156257 -0.74491893
vn 0.76247215 -0.00756681 -0.64697678
vn 0.66187828 -0.00691705 0.74957942
vn 0.76595735 -0.00427828 0.64287716
vn 0.66800484 -0.04104066 -0.74302436
vn 0.76889807 -0.03778879 -0.63825368
vn 0.66170827 -0.02939034 0.74918514
vn 0.77041135 -0.02816500 0.63692471
vn 0.66863000 -0.06177864 -0.74102451
vn 0.77346762 -0.05929340 -0.63105637
vn 0.66031156 -0.04297783 0.74976100
vn 0.77124890 -0.04402928 0.63500910
vn 0.67198019 -0.04651263 -0.73910703
vn 0.77572720 -0.04449540 -0.62949779
vn 0.65873382 -0.02420887 0.75198649
vn 0.76719467 -0.02806944 0.64079985
vn 0.67663157 0.04787477 -0.73476372
vn 0.77021535 0.04682394 -0.63606276
vn 0.65600111 0.05869188 0.75247446
vn 0.75523192 0.05363128 0.65325985
vn 0.65883290 0.25117506 -0.70911938
vn 0.73384121 0.23834676 -0.63613513
vn 0.63947166 0.23700380 0.73137213
vn 0.72174997 0.23811803 0.64990522
vn 0.61071273 0.46552904 -0.64055653
vn 0.64356496 0.46244269 -0.60989417
vn 0.59079902 0.46034234 0.66260203
vn 0.64569429 0.46727229 0.60393335
vn 0.56749701 0.72579433 -0.38880552
vn 0.38261113 0.91667081 -0.11542680
vn 0.36444608 0.92009096 0.14356766
vn 0.53270102 0.74894164 0.39410156
vn -0.99996298 -0.00605770 0.00611137
vn -0.00766383 -0.96478831 0.26291592
vn -0.02978488 -0.26209915 -0.96458120
vn -0.00761309 -0.26211931 0.96500544
vn -0.02947599 0.96393207 0.26451112
vn 0.71793762 -0.48398219 -0.50032670
vn 0.78875819 -0.58610992 -0.18529890
vn 0.76752481 -0.60675506 0.20677030
vn 0.84143181 -0.22159166 -0.49283836
vn 0.96038513 -0.18574271 -0.20774994
vn 0.95804801 -0.19796743 0.20725083
vn 0.82276404 -0.22486011 0.52201270
vn 0.88327375 -0.01311983 -0.46867403
vn 0.98218630 0.02409868 -0.18635807
vn 0.98268513 0.02726384 0.18326653
vn 0.86964087 -0.01533369 0.49344669
vn 0.88659761 0.05553342 -0.45919573
vn 0.98276927 0.06810285 -0.17183295
vn 0.98206084 0.07037763 0.17493857
vn 0.88113719 0.05373331 0.46979781
vn 0.88395313 0.05628124 -0.46417592
vn 0.98372493 0.05494849 -0.17107286
vn 0.98247162 0.05610552 0.17776860
vn 0.88225516 0.05646125 0.46737348
vn 0.87960195 0.03110788 -0.47469223
vn 0.98413318 0.02269307 -0.17597418
vn 0.98249715 0.02355542 0.18478231
vn 0.87892933 0.03272512 0.47582801
vn 0.87419422 0.00123939 -0.48557485
vn 0.98325070 -0.01051101 -0.18195489
vn 0.98130622 -0.00987171 0.19219951
vn 0.87321032 0.00305994 0.48733395
vn 0.86902571 -0.02148766 -0.49430011
vn 0.98176361 -0.03333033 -0.18716116
vn 0.97966758 -0.03327689 0.19784861
vn 0.86712635 -0.02071876 0.49765714
vn 0.86570987 -0.03110607 -0.49957865
vn 0.98080862 -0.03982244 -0.19086282
vn 0.97886142 -0.04064340 0.20044557
vn 0.86280936 -0.03217228 0.50450466
vn 0.86499320 -0.02737702 -0.50103619
vn 0.98076841 -0.03098734 -0.19269954
vn 0.97932191 -0.03245016 0.19968871
vn 0.86153122 -0.03013133 0.50680968
vn 0.86620126 -0.01552421 -0.49945407
vn 0.98115059 -0.01451546 -0.19269876
vn 0.98035617 -0.01589418 0.19659386
vn 0.86294940 -0.01877664 0.50494136
vn 0.86795064 -0.00327185 -0.49663969
vn 0.98149938 -0.00013186 -0.19146525
vn 0.98115982 -0.00071574 0.19319650
vn 0.86549895 -0.00539151 0.50088173
vn 0.86916201 0.00385893 -0.49451239
vn 0.98177592 0.00643354 -0.18993331
vn 0.98148319 0.00690219 0.19142390
vn 0.86754453 0.00396044 0.49734375
vn 0.86938403 0.00518408 -0.49410984
vn 0.98198637 0.00568116 -0.18886635
vn 0.98135607 0.00698250 0.19207161
vn 0.86816048 0.00749275 0.49622700
vn 0.86865407 0.00398042 -0.49540312
vn 0.98204896 0.00225979 -0.18861264
vn 0.98084168 0.00394851 0.19476654
vn 0.86724715 0.00760499 0.49781979
vn 0.86726862 0.00499987 -0.49781537
vn 0.98192529 0.00173429 -0.18926097
vn 0.98006168 0.00339196 0.19866451
vn 0.86527678 0.00878170 0.50121750
vn 0.86548350 0.01173264 -0.50080001
vn 0.98157997 0.00786789 -0.19088966
vn 0.97911191 0.00922746 0.20311260
vn 0.86283823 0.01476849 0.50526437
vn 0.86344374 0.02245934 -0.50394492
vn 0.98089316 0.01924517 -0.19359294
vn 0.97799051 0.02003390 0.20768537
vn 0.86030438 0.02409640 0.50921089
vn 0.86173401 0.02476131 -0.50675573
vn 0.98012723 0.02311080 -0.19701905
vn 0.97707453 0.02312829 0.21163752
vn 0.85828917 0.02464238 0.51257435
vn 0.86094582 0.00438350 -0.50867778
vn 0.97983969 0.00253728 -0.19976922
vn 0.97687181 0.00218457 0.21381461
vn 0.85752554 0.00321612 0.51443134
vn 0.86045782 -0.02425685 -0.50894396
vn 0.97933212 -0.02671830 -0.20048622
vn 0.97664508 -0.02765337 0.21307202
vn 0.85718254 -0.02592696 0.51435968
vn 0.86101990 -0.03305700 -0.50749577
vn 0.97940384 -0.03358094 -0.19909908
vn 0.97711491 -0.03448087 0.20989886
vn 0.85772461 -0.03433382 0.51296168
vn 0.86242871 -0.02125286 -0.50573217
vn 0.98022701 -0.02008620 -0.19685417
vn 0.97820272 -0.02040510 0.20664720
vn 0.85925771 -0.02173731 0.51108088
vn 0.86332847 -0.00377445 -0.50462828
vn 0.98074520 -0.00281836 -0.19527138
vn 0.97874884 -0.00272397 0.20504458
vn 0.86042231 -0.00362270 0.50956876
vn 0.86329997 0.01196415 -0.50454932
vn 0.98069615 0.01172705 -0.19518590
vn 0.97855267 0.01214896 0.20563821
vn 0.86060949 0.01260408 0.50910947
vn 0.86231819 0.02188314 -0.50589373
vn 0.98021227 0.02000712 -0.19693560
vn 0.97786788 0.02027370 0.20823877
vn 0.85984255 0.02196765 0.51008648
vn 0.86066141 0.01657690 -0.50890779
vn 0.97960536 0.01232425 -0.20055284
vn 0.97730514 0.01144525 0.21152701
vn 0.85864257 0.01406518 0.51238180
vn 0.85855935 -0.00447290 -0.51269467
vn 0.97868840 -0.01082559 -0.20506539
vn 0.97706370 -0.01387043 0.21249501
vn 0.85733697 -0.01123869 0.51463288
vn 0.85699835 -0.01672616 -0.51504763
vn 0.97775788 -0.02074089 -0.20870877
vn 0.97768105 -0.02577515 0.20850756
vn 0.85677274 -0.02711536 0.51498081
vn 0.85732493 -0.00391517 -0.51476076
vn 0.97757762 -0.00188851 -0.21056691
vn 0.97961570 -0.00707233 0.20075622
vn 0.85864786 -0.01515880 0.51234175
vn 0.85892012 0.01904640 -0.51175528
vn 0.97711109 0.02701641 -0.21100718
vn 0.98114547 0.02259127 0.19194585
vn 0.86206817 0.00907285 0.50671112
vn 0.86223849 0.03154561 -0.50551921
vn 0.97672238 0.04445140 -0.20985104
vn 0.98218347 0.04149521 0.18328608
vn 0.86650709 0.02476908 0.49854985
vn 0.86798386 0.02542882 -0.49594092
vn 0.97764604 0.04129231 -0.20616296
vn 0.98370193 0.04037745 0.17521467
vn 0.87237063 0.02320642 0.48829392
vn 0.87524752 0.00300832 -0.48366594
vn 0.97972097 0.01887062 -0.19947610
vn 0.98555103 0.02003363 0.16818984
vn 0.87905777 0.00568955 0.47668130
vn 0.88210244 -0.02722897 -0.47027000
vn 0.98160990 -0.01467803 -0.19033278
vn 0.98656248 -0.01161541 0.16297100
vn 0.88499116 -0.02000959 0.46517767
vn 0.88674763 -0.05175771 -0.45934713
vn 0.98246107 -0.04700801 -0.18044525
vn 0.98601898 -0.04194806 0.16126663
vn 0.88877259 -0.04093201 0.45651708
vn 0.88726611 -0.04915782 -0.45863096
vn 0.98300159 -0.06043673 -0.17336455
vn 0.98456446 -0.05256743 0.16694155
vn 0.88946249 -0.03648639 0.45554936
vn 0.87737396 0.01685030 -0.47951120
vn 0.98430548 -0.02057842 -0.17526905
vn 0.98244778 -0.00859335 0.18633976
vn 0.88292374 0.02949809 0.46858887
vn 0.83382070 0.20979921 -0.51061465
vn 0.96479709 0.18321892 -0.18867273
vn 0.95909377 0.18769026 0.21192333
vn 0.84389956 0.21598900 0.49110314
vn 0.71359973 0.50967705 -0.48062951
vn 0.77999421 0.59948995 -0.17950165
vn 0.78407551 0.58902984 0.19562577
vn 0.74011063 0.46841745 0.48251564
vn -0.00928598 -0.96438331 0.26434560
vn -0.03674525 -0.26276731 -0.96415929
vn -0.00919945 -0.26337481 0.96464972
vn -0.03629719 0.96343423 0.26547503
vn -0.00706148 -0.96395370 0.26597631
vn -0.02864656 -0.26303413 -0.96436115
vn -0.00702874 -0.26503618 0.96421285
vn -0.02834904 0.96359895 0.26584469
vn 0.00085807 -0.96365753 0.26713936
vn 0.00297156 -0.26249677 -0.96492830
vn 0.00076321 -0.26624880 0.96390404
vn 0.00278180 0.96417447 0.26525432
vn 0.01411229 -0.96367001 0.26672264
vn 0.05593784 -0.26145133 -0.96359440
vn 0.01412326 -0.26594820 0.96388386
vn 0.05553727 0.96292659 0.26398485
vn 0.02955967 -0.96380289 0.26497211
vn 0.11457466 -0.26031420 -0.95870181
vn 0.02960140 -0.26301849 0.96433658
vn 0.11410646 0.95809430 0.26274516
vn 0.99861000 -0.03710372 0.03743509
vn -0.97093890 -0.16867782 -0.16978058
vn -0.16432447 -0.94423342 -0.28534317
vn -0.16437725 -0.28468594 -0.94442259
vn -0.63965498 -0.32519216 0.69648515
vn -0.97130898 -0.16818656 0.16814324
vn -0.16963127 -0.94415049 0.28249793
vn -0.63972192 -0.32314015 -0.69737817
vn -0.16961667 -0.28249133 0.94415509
vn -0.63681476 0.69821165 -0.32705880
vn -0.63983920 0.69730156 0.32307325
vn -0.97166215 0.16640896 -0.16787116
vn -0.63779326 -0.69946486 -0.32244172
vn -0.17229839 0.28056268 -0.94424459
vn -0.64152407 0.31999160 0.69717447
vn -0.97133689 0.16803795 0.16813059
vn -0.63763600 -0.69830185 0.32526123
vn -0.63787887 0.32509939 -0.69815537
vn -0.16549089 0.28420157 0.94437399
vn -0.17222584 0.94399027 -0.28146160
vn -0.16548650 0.94435779 0.28425796
vn 0.26995068 -0.92424505 -0.26999577
vn 0.26993449 -0.26942728 -0.92441566
vn -0.69688335 -0.32517453 0.63923011
vn 0.28531412 -0.94426299 0.16420494
vn 0.16960533 -0.16858825 0.97098508
vn -0.69732054 -0.32315006 -0.63977973
vn 0.28250592 -0.94414501 -0.16964848
vn 0.16817482 -0.16821122 -0.97129924
vn 0.26667045 -0.92616275 0.26666353
vn 0.26666937 -0.26668158 0.92615786
vn -0.69428286 0.64127734 -0.32670275
vn 0.28511612 0.16567592 -0.94406583
vn 0.32654323 0.64153016 0.69412432
vn 0.32688703 0.69845015 0.63664139
vn 0.32309604 0.69725959 -0.63987344
vn -0.69740850 0.63971003 0.32309821
vn 0.32312094 0.63967597 -0.69742922
vn 0.28250692 0.16957552 0.94415782
vn 0.17060317 0.97044279 -0.17069082
vn 0.16815585 0.97131452 0.16814197
vn -0.69584122 -0.64188833 -0.32215582
vn 0.16833832 -0.97119180 -0.16866745
vn 0.28162507 -0.17344888 -0.94371755
vn 0.32170132 -0.64307942 0.69495116
vn -0.69615728 -0.64006833 0.32508086
vn 0.16909080 -0.97106557 0.16864151
vn 0.32583364 -0.63891614 -0.69686340
vn 0.28443061 -0.16621007 0.94417871
vn 0.26487919 0.26439425 -0.92732664
vn -0.69918983 0.32030984 0.63916758
vn 0.32184040 -0.70061458 0.63683434
vn 0.16694618 0.16603832 0.97188490
vn -0.69637576 0.32496978 -0.63988705
vn 0.32588463 -0.69722847 -0.63849172
vn 0.16899454 0.16845260 -0.97111511
vn 0.26898523 0.26870939 0.92490119
vn 0.26490077 0.92709564 -0.26518157
vn 0.28128317 0.94418367 0.17145549
vn 0.28445757 0.94419590 -0.16606621
vn 0.26898654 0.92488736 0.26875566
vn 0.92440179 -0.26942858 -0.26998070
vn 0.94444056 -0.28469870 0.16425188
vn 0.94415130 -0.28249413 -0.16963313
vn 0.92616007 -0.26668121 0.26666208
vn 0.94404930 0.16567395 -0.28517198
vn 0.94416016 0.16957627 0.28249865
vn 0.94397153 -0.17312629 -0.28097159
vn 0.94425590 -0.16623144 0.28416175
vn 0.92724260 0.26440071 -0.26516678
vn 0.94434293 0.28072204 0.17149799
vn 0.94428931 0.28413230 -0.16609195
vn 0.92497223 0.26870263 0.26874759
f 3//3 2//2 1//1
f 5//5 4//4 1//1
f 5//5 1//1 2//2
f 6//6 4//4 5//5
f 9//9 8//8 7//7
f 11//11 10//10 7//7
f 11//11 7//7 8//8
f 12//12 10//10 11//11
f 3//3 1//1 13//13
f 3//3 13//13 14//14
f 4//4 16//16 15//15
f 13//13 4//4 15//15
f 1//1 4//4 13//13
f 16//16 4//4 6//6
f 17//17 9//9 7//7
f 19//19 18//18 17//17
f 7//7 19//19 17//17
f 10//10 19//19 7//7
f 10//10 12//12 20//20
f 10//10 20//20 19//19
f 21//21 14//14 13//13
f 21//21 13//13 15//15
f 22//22 18//18 19//19
f 22//22 19//19 20//20
f 25//25 24//24 23//23
f 26//26 23//23 24//24
f 25//25 23//23 27//27
f 25//25 27//27 28//28
f 23//23 26//26 29//29
f 23//23 29//29 27//27
f 30//30 28//28 27//27
f 30//30 27//27 29//29
f 33//33 32//32 31//31
f 34//34 31//31 32//32
f 35//35 33//33 31//31
f 35//35 31//31 34//34
f 38//38 37//37 36//36
f 39//39 36//36 37//37
f 42//42 41//41 40//40
f 43//43 40//40 41//41
f 38//38 36//36 44//44
f 38//38 44//44 45//45
f 36//36 39//39 46//46
f 47//47 36//36 46//46
f 44//44 36//36 47//47
f 48//48 47//47 46//46
f 51//51 50//50 49//49
f 49//49 50//50 42//42
f 40//40 49//49 42//42
f 52//52 49//49 40//40
f 40//40 43//43 53//53
f 40//40 53//53 52//52
f 54//54 45//45 44//44
f 54//54 44//44 47//47
f 54//54 47//47 55//55
f 55//55 47//47 48//48
f 56//56 51//51 49//49
f 56//56 49//49 52//52
f 56//56 52//52 57//57
f 57//57 52//52 53//53
f 59//59 58//58 2//2
f 59//59 2//2 3//3
f 58//58 61//61 60//60
f 5//5 58//58 60//60
f 2//2 58//58 5//5
f 60//60 6//6 5//5
f 9//9 62//62 8//8
f 8//8 62//62 63//63
f 64//64 8//8 63//63
f 11//11 8//8 64//64
f 12//12 11//11 64//64
f 12//12 64//64 65//65
f 14//14 67//67 66//66
f 59//59 14//14 66//66
f 3//3 14//14 59//59
f 66//66 67//67 61//61
f 61//61 67//67 60//60
f 67//67 15//15 60//60
f 15//15 16//16 60//60
f 60//60 16//16 6//6
f 17//17 62//62 9//9
f 69//69 68//68 18//18
f 18//18 68//68 17//17
f 68//68 63//63 17//17
f 63//63 62//62 17//17
f 65//65 68//68 69//69
f 20//20 65//65 69//69
f 12//12 65//65 20//20
f 21//21 67//67 14//14
f 67//67 21//21 15//15
f 22//22 69//69 18//18
f 69//69 22//22 20//20
f 25//25 70//70 24//24
f 70//70 26//26 24//24
f 28//28 71//71 70//70
f 28//28 70//70 25//25
f 71//71 29//29 26//26
f 71//71 26//26 70//70
f 30//30 71//71 28//28
f 71//71 30//30 29//29
f 33//33 72//72 32//32
f 72//72 34//34 32//32
f 35//35 72//72 33//33
f 72//72 35//35 34//34
f 38//38 73//73 37//37
f 73//73 39//39 37//37
f 42//42 74//74 41//41
f 74//74 43//43 41//41
f 76//76 75//75 73//73
f 38//38 76//76 73//73
f 45//45 76//76 38//38
f 75//75 78//78 77//77
f 75//75 77//77 46//46
f 73//73 75//75 46//46
f 39//39 73//73 46//46
f 77//77 48//48 46//46
f 51//51 79//79 50//50
f 79//79 80//80 50//50
f 50//50 80//80 42//42
f 80//80 81//81 42//42
f 81//81 74//74 42//42
f 43//43 74//74 81//81
f 82//82 43//43 81//81
f 53//53 43//43 82//82
f 83//83 76//76 45//45
f 83//83 45//45 54//54
f 55//55 77//77 78//78
f 83//83 55//55 78//78
f 54//54 55//55 83//83
f 77//77 55//55 48//48
f 56//56 79//79 51//51
f 84//84 80//80 79//79
f 56//56 84//84 79//79
f 57//57 84//84 56//56
f 57//57 53//53 82//82
f 57//57 82//82 84//84
f 59//59 85//85 58//58
f 85//85 61//61 58//58
f 63//63 86//86 64//64
f 86//86 65//65 64//64
f 66//66 85//85 59//59
f 85//85 66//66 61//61
f 68//68 86//86 63//63
f 86//86 68//68 65//65
f 76//76 87//87 75//75
f 87//87 78//78 75//75
f 80//80 88//88 81//81
f 88//88 82//82 81//81
f 83//83 87//87 76//76
f 87//87 83//83 78//78
f 84//84 88//88 80//80
f 88//88 84//84 82//82
f 91//91 90//90 89//89
f 92//92 89//89 90//90
f 93//93 91//91 89//89
f 93//93 89//89 92//92
f 95//95 94//94 90//90
f 95//95 90//90 91//91
f 92//92 90//90 94//94
f 92//92 94//94 96//96
f 97//97 95//95 91//91
f 97//97 91//91 93//93
f 93//93 92//92 96//96
f 93//93 96//96 97//97
f 99//99 98//98 94//94
f 99//99 94//94 95//95
f 96//96 94//94 98//98
f 96//96 98//98 100//100
f 101//101 99//99 95//95
f 101//101 95//95 97//97
f 97//97 96//96 100//100
f 97//97 100//100 101//101
f 103//103 102//102 98//98
f 103//103 98//98 99//99
f 100//100 98//98 102//102
f 100//100 102//102 104//104
f 105//105 103//103 99//99
f 105//105 99//99 101//101
f 101//101 100//100 104//104
f 101//101 104//104 105//105
f 107//107 106//106 102//102
f 107//107 102//102 103//103
f 104//104 102//102 106//106
f 104//104 106//106 108//108
f 109//109 107//107 103//103
f 109//109 103//103 105//105
f 105//105 104//104 108//108
f 105//105 108//108 109//109
f 111//111 110//110 106//106
f 111//111 106//106 107//107
f 108//108 106//106 110//110
f 108//108 110//110 112//112
f 113//113 111//111 107//107
f 113//113 107//107 109//109
f 109//109 108//108 112//112
f 109//109 112//112 113//113
f 111//111 114//114 110//110
f 114//114 112//112 110//110
f 113//113 114//114 111//111
f 114//114 113//113 112//112
f 117//117 116//116 115//115
f 119//119 118//118 115//115
f 119//119 115//115 116//116
f 120//120 118//118 119//119
f 121//121 117//117 115//115
f 121//121 115//115 118//118
f 121//121 118//118 122//122
f 122//122 118//118 120//120
f 125//125 124//124 123//123
f 127//127 126//126 123//123
f 127//127 123//123 124//124
f 128//128 126//126 127//127
f 125//125 123//123 129//129
f 125//125 129//129 130//130
f 131//131 123//123 126//126
f 129//129 123//123 131//131
f 126//126 128//128 132//132
f 126//126 132//132 131//131
f 133//133 130//130 129//129
f 133//133 129//129 131//131
f 133//133 131//131 134//134
f 134//134 131//131 132//132
f 137//137 136//136 135//135
f 139//139 138//138 135//135
f 139//139 135//135 136//136
f 141//141 140//140 138//138
f 141//141 138//138 139//139
f 142//142 140//140 141//141
f 137//137 135//135 143//143
f 137//137 143//143 144//144
f 145//145 135//135 138//138
f 143//143 135//135 145//145
f 146//146 138//138 140//140
f 145//145 138//138 146//146
f 140//140 142//142 147//147
f 148//148 140//140 147//147
f 146//146 140//140 148//148
f 149//149 148//148 147//147
f 144//144 143//143 150//150
f 144//144 150//150 151//151
f 117//117 150//150 116//116
f 150//150 145//145 116//116
f 150//150 143//143 145//145
f 116//116 145//145 119//119
f 119//119 145//145 146//146
f 119//119 146//146 120//120
f 146//146 152//152 120//120
f 146//146 148//148 152//152
f 148//148 149//149 153//153
f 148//148 153//153 152//152
f 151//151 150//150 154//154
f 151//151 154//154 155//155
f 121//121 156//156 117//117
f 156//156 150//150 117//117
f 156//156 154//154 150//150
f 122//122 157//157 121//121
f 121//121 157//157 156//156
f 120//120 152//152 122//122
f 152//152 157//157 122//122
f 152//152 158//158 157//157
f 152//152 153//153 159//159
f 152//152 159//159 158//158
f 155//155 154//154 160//160
f 155//155 160//160 161//161
f 162//162 154//154 156//156
f 160//160 154//154 162//162
f 163//163 156//156 157//157
f 162//162 156//156 163//163
f 164//164 157//157 158//158
f 163//163 157//157 164//164
f 158//158 159//159 165//165
f 158//158 165//165 164//164
f 161//161 160//160 166//166
f 161//161 166//166 167//167
f 168//168 160//160 162//162
f 166//166 160//160 168//168
f 169//169 162//162 163//163
f 168//168 162//162 169//169
f 170//170 163//163 164//164
f 169//169 163//163 170//170
f 164//164 165//165 171//171
f 164//164 171//171 170//170
f 167//167 166//166 172//172
f 167//167 172//172 173//173
f 174//174 166//166 168//168
f 172//172 166//166 174//174
f 175//175 168//168 169//169
f 174//174 168//168 175//175
f 176//176 169//169 170//170
f 175//175 169//169 176//176
f 170//170 171//171 177//177
f 170//170 177//177 176//176
f 173//173 172//172 178//178
f 173//173 178//178 179//179
f 180//180 172//172 174//174
f 178//178 172//172 180//180
f 181//181 174//174 175//175
f 180//180 174//174 181//181
f 182//182 175//175 176//176
f 181//181 175//175 182//182
f 176//176 177//177 183//183
f 176//176 183//183 182//182
f 179//179 178//178 184//184
f 179//179 184//184 185//185
f 186//186 178//178 180//180
f 184//184 178//178 186//186
f 187//187 180//180 181//181
f 186//186 180//180 187//187
f 188//188 181//181 182//182
f 187//187 181//181 188//188
f 182//182 183//183 189//189
f 182//182 189//189 188//188
f 185//185 184//184 190//190
f 185//185 190//190 191//191
f 192//192 184//184 186//186
f 190//190 184//184 192//192
f 193//193 186//186 187//187
f 192//192 186//186 193//193
f 194//194 187//187 188//188
f 193//193 187//187 194//194
f 188//188 189//189 195//195
f 188//188 195//195 194//194
f 191//191 190//190 196//196
f 191//191 196//196 197//197
f 198//198 190//190 192//192
f 196//196 190//190 198//198
f 199//199 192//192 193//193
f 198//198 192//192 199//199
f 200//200 193//193 194//194
f 199//199 193//193 200//200
f 194//194 195//195 201//201
f 194//194 201//201 200//200
f 197//197 196//196 202//202
f 197//197 202//202 203//203
f 204//204 196//196 198//198
f 202//202 196//196 204//204
f 205//205 198//198 199//199
f 204//204 198//198 205//205
f 206//206 199//199 200//200
f 205//205 199//199 206//206
f 200//200 201//201 207//207
f 200//200 207//207 206//206
f 203//203 202//202 208//208
f 203//203 208//208 209//209
f 210//210 202//202 204//204
f 208//208 202//202 210//210
f 211//211 204//204 205//205
f 210//210 204//204 211//211
f 212//212 205//205 206//206
f 211//211 205//205 212//212
f 206//206 207//207 213//213
f 206//206 213//213 212//212
f 209//209 208//208 214//214
f 209//209 214//214 215//215
f 216//216 208//208 210//210
f 214//214 208//208 216//216
f 217//217 210//210 211//211
f 216//216 210//210 217//217
f 218//218 211//211 212//212
f 217//217 211//211 218//218
f 212//212 213//213 219//219
f 212//212 219//219 218//218
f 215//215 214//214 220//220
f 215//215 220//220 221//221
f 222//222 214//214 216//216
f 220//220 214//214 222//222
f 223//223 216//216 217//217
f 222//222 216//216 223//223
f 224//224 217//217 218//218
f 223//223 217//217 224//224
f 218//218 219//219 225//225
f 218//218 225//225 224//224
f 221//221 220//220 226//226
f 221//221 226//226 227//227
f 228//228 220//220 222//222
f 226//226 220//220 228//228
f 229//229 222//222 223//223
f 228//228 222//222 229//229
f 230//230 223//223 224//224
f 229//229 223//223 230//230
f 224//224 225//225 231//231
f 224//224 231//231 230//230
f 227//227 226//226 232//232
f 227//227 232//232 233//233
f 234//234 226//226 228//228
f 232//232 226//226 234//234
f 235//235 228//228 229//229
f 234//234 228//228 235//235
f 236//236 229//229 230//230
f 235//235 229//229 236//236
f 230//230 231//231 237//237
f 230//230 237//237 236//236
f 233//233 232//232 238//238
f 233//233 238//238 239//239
f 240//240 232//232 234//234
f 238//238 232//232 240//240
f 241//241 234//234 235//235
f 240//240 234//234 241//241
f 242//242 235//235 236//236
f 241//241 235//235 242//242
f 236//236 237//237 243//243
f 236//236 243//243 242//242
f 239//239 238//238 244//244
f 239//239 244//244 245//245
f 246//246 238//238 240//240
f 244//244 238//238 246//246
f 247//247 240//240 241//241
f 246//246 240//240 247//247
f 248//248 241//241 242//242
f 247//247 241//241 248//248
f 242//242 243//243 249//249
f 242//242 249//249 248//248
f 245//245 244//244 250//250
f 245//245 250//250 251//251
f 252//252 244//244 246//246
f 250//250 244//244 252//252
f 253//253 246//246 247//247
f 252//252 246//246 253//253
f 254//254 247//247 248//248
f 253//253 247//247 254//254
f 248//248 249//249 255//255
f 248//248 255//255 254//254
f 251//251 250//250 256//256
f 251//251 256//256 257//257
f 258//258 250//250 252//252
f 256//256 250//250 258//258
f 259//259 252//252 253//253
f 258//258 252//252 259//259
f 260//260 253//253 254//254
f 259//259 253//253 260//260
f 254//254 255//255 261//261
f 254//254 261//261 260//260
f 257//257 256//256 262//262
f 257//257 262//262 263//263
f 264//264 256//256 258//258
f 262//262 256//256 264//264
f 265//265 258//258 259//259
f 264//264 258//258 265//265
f 266//266 259//259 260//260
f 265//265 259//259 266//266
f 260//260 261//261 267//267
f 260//260 267//267 266//266
f 263//263 262//262 268//268
f 263//263 268//268 269//269
f 270//270 262//262 264//264
f 268//268 262//262 270//270
f 271//271 264//264 265//265
f 270//270 264//264 271//271
f 272//272 265//265 266//266
f 271//271 265//265 272//272
f 266//266 267//267 273//273
f 266//266 273//273 272//272
f 269//269 268//268 274//274
f 269//269 274//274 275//275
f 276//276 268//268 270//270
f 274//274 268//268 276//276
f 277//277 270//270 271//271
f 276//276 270//270 277//277
f 278//278 271//271 272//272
f 277//277 271//271 278//278
f 272//272 273//273 279//279
f 272//272 279//279 278//278
f 275//275 274//274 280//280
f 275//275 280//280 281//281
f 282//282 274//274 276//276
f 280//280 274//274 282//282
f 283//283 276//276 277//277
f 282//282 276//276 283//283
f 284//284 277//277 278//278
f 283//283 277//277 284//284
f 278//278 279//279 285//285
f 278//278 285//285 284//284
f 281//281 280//280 286//286
f 281//281 286//286 287//287
f 288//288 280//280 282//282
f 286//286 280//280 288//288
f 289//289 282//282 283//283
f 288//288 282//282 289//289
f 290//290 283//283 284//284
f 289//289 283//283 290//290
f 284//284 285//285 291//291
f 284//284 291//291 290//290
f 287//287 286//286 292//292
f 287//287 292//292 293//293
f 294//294 286//286 288//288
f 292//292 286//286 294//294
f 295//295 288//288 289//289
f 294//294 288//288 295//295
f 296//296 289//289 290//290
f 295//295 289//289 296//296
f 290//290 291//291 297//297
f 290//290 297//297 296//296
f 293//293 292//292 298//298
f 293//293 298//298 299//299
f 300//300 292//292 294//294
f 298//298 292//292 300//300
f 301//301 294//294 295//295
f 300//300 294//294 301//301
f 302//302 295//295 296//296
f 301//301 295//295 302//302
f 296//296 297//297 303//303
f 296//296 303//303 302//302
f 299//299 298//298 304//304
f 299//299 304//304 305//305
f 306//306 298//298 300//300
f 304//304 298//298 306//306
f 307//307 300//300 301//301
f 306//306 300//300 307//307
f 308//308 301//301 302//302
f 307//307 301//301 308//308
f 302//302 303//303 309//309
f 302//302 309//309 308//308
f 305//305 304//304 310//310
f 305//305 310//310 311//311
f 312//312 304//304 306//306
f 310//310 304//304 312//312
f 313//313 306//306 307//307
f 312//312 306//306 313//313
f 314//314 307//307 308//308
f 313//313 307//307 314//314
f 308//308 309//309 315//315
f 308//308 315//315 314//314
f 311//311 310//310 316//316
f 311//311 316//316 317//317
f 318//318 310//310 312//312
f 316//316 310//310 318//318
f 319//319 312//312 313//313
f 318//318 312//312 319//319
f 320//320 313//313 314//314
f 319//319 313//313 320//320
f 314//314 315//315 321//321
f 314//314 321//321 320//320
f 317//317 316//316 322//322
f 317//317 322//322 323//323
f 324//324 316//316 318//318
f 322//322 316//316 324//324
f 325//325 318//318 319//319
f 324//324 318//318 325//325
f 326//326 319//319 320//320
f 325//325 319//319 326//326
f 320//320 321//321 327//327
f 320//320 327//327 326//326
f 323//323 322//322 328//328
f 323//323 328//328 329//329
f 330//330 322//322 324//324
f 328//328 322//322 330//330
f 331//331 324//324 325//325
f 330//330 324//324 331//331
f 332//332 325//325 326//326
f 331//331 325//325 332//332
f 326//326 327//327 333//333
f 326//326 333//333 332//332
f 329//329 328//328 334//334
f 329//329 334//334 335//335
f 336//336 328//328 330//330
f 334//334 328//328 336//336
f 337//337 330//330 331//331
f 336//336 330//330 337//337
f 338//338 331//331 332//332
f 337//337 331//331 338//338
f 332//332 333//333 339//339
f 332//332 339//339 338//338
f 335//335 334//334 340//340
f 335//335 340//340 341//341
f 342//342 334//334 336//336
f 340//340 334//334 342//342
f 343//343 336//336 337//337
f 342//342 336//336 343//343
f 344//344 337//337 338//338
f 343//343 337//337 344//344
f 338//338 339//339 345//345
f 338//338 345//345 344//344
f 341//341 340//340 346//346
f 341//341 346//346 347//347
f 348//348 340//340 342//342
f 346//346 340//340 348//348
f 349//349 342//342 343//343
f 348//348 342//342 349//349
f 350//350 343//343 344//344
f 349//349 343//343 350//350
f 344//344 345//345 351//351
f 344//344 351//351 350//350
f 347//347 346//346 352//352
f 347//347 352//352 353//353
f 354//354 346//346 348//348
f 352//352 346//346 354//354
f 355//355 348//348 349//349
f 354//354 348//348 355//355
f 356//356 349//349 350//350
f 355//355 349//349 356//356
f 350//350 351//351 357//357
f 350//350 357//357 356//356
f 353//353 352//352 358//358
f 353//353 358//358 359//359
f 125//125 358//358 124//124
f 358//358 354//354 124//124
f 358//358 352//352 354//354
f 124//124 354//354 127//127
f 127//127 354//354 355//355
f 127//127 355//355 128//128
f 355//355 360//360 128//128
f 355//355 356//356 360//360
f 356//356 357//357 361//361
f 356//356 361//361 360//360
f 359//359 358//358 362//362
f 359//359 362//362 363//363
f 130//130 362//362 125//125
f 125//125 362//362 358//358
f 364//364 132//132 360//360
f 360//360 132//132 128//128
f 360//360 361//361 365//365
f 360//360 365//365 364//364
f 363//363 362//362 366//366
f 363//363 366//366 367//367
f 133//133 368//368 130//130
f 368//368 362//362 130//130
f 368//368 366//366 362//362
f 134//134 369//369 133//133
f 133//133 369//369 368//368
f 132//132 364//364 134//134
f 364//364 369//369 134//134
f 364//364 370//370 369//369
f 364//364 365//365 371//371
f 364//364 371//371 370//370
f 372//372 367//367 366//366
f 372//372 366//366 368//368
f 372//372 368//368 373//373
f 373//373 368//368 369//369
f 373//373 369//369 374//374
f 374//374 369//369 370//370
f 374//374 370//370 375//375
f 375//375 370//370 371//371
f 378//378 377//377 376//376
f 136//136 137//137 376//376
f 377//377 136//136 376//376
f 379//379 136//136 377//377
f 136//136 380//380 139//139
f 379//379 380//380 136//136
f 139//139 381//381 141//141
f 380//380 381//381 139//139
f 383//383 382//382 142//142
f 141//141 383//383 142//142
f 381//381 383//383 141//141
f 384//384 382//382 383//383
f 378//378 376//376 385//385
f 378//378 385//385 386//386
f 144//144 385//385 137//137
f 137//137 385//385 376//376
f 382//382 147//147 142//142
f 388//388 387//387 149//149
f 388//388 149//149 147//147
f 384//384 388//388 147//147
f 382//382 384//384 147//147
f 389//389 387//387 388//388
f 386//386 385//385 390//390
f 386//386 390//390 391//391
f 151//151 390//390 144//144
f 144//144 390//390 385//385
f 392//392 153//153 387//387
f 387//387 153//153 149//149
f 387//387 389//389 393//393
f 387//387 393//393 392//392
f 391//391 390//390 394//394
f 391//391 394//394 395//395
f 155//155 394//394 151//151
f 151//151 394//394 390//390
f 396//396 159//159 392//392
f 392//392 159//159 153//153
f 392//392 393//393 397//397
f 392//392 397//397 396//396
f 395//395 394//394 398//398
f 395//395 398//398 399//399
f 161//161 398//398 155//155
f 155//155 398//398 394//394
f 400//400 165//165 396//396
f 396//396 165//165 159//159
f 396//396 397//397 401//401
f 396//396 401//401 400//400
f 399//399 398//398 402//402
f 399//399 402//402 403//403
f 167//167 402//402 161//161
f 161//161 402//402 398//398
f 404//404 171//171 400//400
f 400//400 171//171 165//165
f 400//400 401//401 405//405
f 400//400 405//405 404//404
f 403//403 402//402 406//406
f 403//403 406//406 407//407
f 173//173 406//406 167//167
f 167//167 406//406 402//402
f 408//408 177//177 404//404
f 404//404 177//177 171//171
f 404//404 405//405 409//409
f 404//404 409//409 408//408
f 407//407 406//406 410//410
f 407//407 410//410 411//411
f 179//179 410//410 173//173
f 173//173 410//410 406//406
f 412//412 183//183 408//408
f 408//408 183//183 177//177
f 408//408 409//409 413//413
f 408//408 413//413 412//412
f 411//411 410//410 414//414
f 411//411 414//414 415//415
f 185//185 414//414 179//179
f 179//179 414//414 410//410
f 416//416 189//189 412//412
f 412//412 189//189 183//183
f 412//412 413//413 417//417
f 412//412 417//417 416//416
f 415//415 414//414 418//418
f 415//415 418//418 419//419
f 191//191 418//418 185//185
f 185//185 418//418 414//414
f 420//420 195//195 416//416
f 416//416 195//195 189//189
f 416//416 417//417 421//421
f 416//416 421//421 420//420
f 419//419 418//418 422//422
f 419//419 422//422 423//423
f 197//197 422//422 191//191
f 191//191 422//422 418//418
f 424//424 201//201 420//420
f 420//420 201//201 195//195
f 420//420 421//421 425//425
f 420//420 425//425 424//424
f 423//423 422//422 426//426
f 423//423 426//426 427//427
f 203//203 426//426 197//197
f 197//197 426//426 422//422
f 428//428 207//207 424//424
f 424//424 207//207 201//201
f 424//424 425//425 429//429
f 424//424 429//429 428//428
f 427//427 426//426 430//430
f 427//427 430//430 431//431
f 209//209 430//430 203//203
f 203//203 430//430 426//426
f 432//432 213//213 428//428
f 428//428 213//213 207//207
f 428//428 429//429 433//433
f 428//428 433//433 432//432
f 431//431 430//430 434//434
f 431//431 434//434 435//435
f 215//215 434//434 209//209
f 209//209 434//434 430//430
f 436//436 219//219 432//432
f 432//432 219//219 213//213
f 432//432 433//433 437//437
f 432//432 437//437 436//436
f 435//435 434//434 438//438
f 435//435 438//438 439//439
f 221//221 438//438 215//215
f 215//215 438//438 434//434
f 440//440 225//225 436//436
f 436//436 225//225 219//219
f 436//436 437//437 441//441
f 436//436 441//441 440//440
f 439//439 438//438 442//442
f 439//439 442//442 443//443
f 227//227 442//442 221//221
f 221//221 442//442 438//438
f 444//444 231//231 440//440
f 440//440 231//231 225//225
f 440//440 441//441 445//445
f 440//440 445//445 444//444
f 443//443 442//442 446//446
f 443//443 446//446 447//447
f 233//233 446//446 227//227
f 227//227 446//446 442//442
f 448//448 237//237 444//444
f 444//444 237//237 231//231
f 444//444 445//445 449//449
f 444//444 449//449 448//448
f 447//447 446//446 450//450
f 447//447 450//450 451//451
f 239//239 450//450 233//233
f 233//233 450//450 446//446
f 452//452 243//243 448//448
f 448//448 243//243 237//237
f 448//448 449//449 453//453
f 448//448 453//453 452//452
f 451//451 450//450 454//454
f 451//451 454//454 455//455
f 245//245 454//454 239//239
f 239//239 454//454 450//450
f 456//456 249//249 452//452
f 452//452 249//249 243//243
f 452//452 453//453 457//457
f 452//452 457//457 456//456
f 455//455 454//454 458//458
f 455//455 458//458 459//459
f 251//251 458//458 245//245
f 245//245 458//458 454//454
f 460//460 255//255 456//456
f 456//456 255//255 249//249
f 456//456 457//457 461//461
f 456//456 461//461 460//460
f 459//459 458//458 462//462
f 459//459 462//462 463//463
f 257//257 462//462 251//251
f 251//251 462//462 458//458
f 464//464 261//261 460//460
f 460//460 261//261 255//255
f 460//460 461//461 465//465
f 460//460 465//465 464//464
f 463//463 462//462 466//466
f 463//463 466//466 467//467
f 263//263 466//466 257//257
f 257//257 466//466 462//462
f 468//468 267//267 464//464
f 464//464 267//267 261//261
f 464//464 465//465 469//469
f 464//464 469//469 468//468
f 467//467 466//466 470//470
f 467//467 470//470 471//471
f 269//269 470//470 263//263
f 263//263 470//470 466//466
f 472//472 273//273 468//468
f 468//468 273//273 267//267
f 468//468 469//469 473//473
f 468//468 473//473 472//472
f 471//471 470//470 474//474
f 471//471 474//474 475//475
f 275//275 474//474 269//269
f 269//269 474//474 470//470
f 476//476 279//279 472//472
f 472//472 279//279 273//273
f 472//472 473//473 477//477
f 472//472 477//477 476//476
f 475//475 474//474 478//478
f 475//475 478//478 479//479
f 281//281 478//478 275//275
f 275//275 478//478 474//474
f 480//480 285//285 476//476
f 476//476 285//285 279//279
f 476//476 477//477 481//481
f 476//476 481//481 480//480
f 479//479 478//478 482//482
f 479//479 482//482 483//483
f 287//287 482//482 281//281
f 281//281 482//482 478//478
f 484//484 291//291 480//480
f 480//480 291//291 285//285
f 480//480 481//481 485//485
f 480//480 485//485 484//484
f 483//483 482//482 486//486
f 483//483 486//486 487//487
f 293//293 486//486 287//287
f 287//287 486//486 482//482
f 488//488 297//297 484//484
f 484//484 297//297 291//291
f 484//484 485//485 489//489
f 484//484 489//489 488//488
f 487//487 486//486 490//490
f 487//487 490//490 491//491
f 299//299 490//490 293//293
f 293//293 490//490 486//486
f 492//492 303//303 488//488
f 488//488 303//303 297//297
f 488//488 489//489 493//493
f 488//488 493//493 492//492
f 491//491 490//490 494//494
f 491//491 494//494 495//495
f 305//305 494//494 299//299
f 299//299 494//494 490//490
f 496//496 309//309 492//492
f 492//492 309//309 303//303
f 492//492 493//493 497//497
f 492//492 497//497 496//496
f 495//495 494//494 498//498
f 495//495 498//498 499//499
f 311//311 498//498 305//305
f 305//305 498//498 494//494
f 500//500 315//315 496//496
f 496//496 315//315 309//309
f 496//496 497//497 501//501
f 496//496 501//501 500//500
f 499//499 498//498 502//502
f 499//499 502//502 503//503
f 317//317 502//502 311//311
f 311//311 502//502 498//498
f 504//504 321//321 500//500
f 500//500 321//321 315//315
f 500//500 501//501 505//505
f 500//500 505//505 504//504
f 503//503 502//502 506//506
f 503//503 506//506 507//507
f 323//323 506//506 317//317
f 317//317 506//506 502//502
f 508//508 327//327 504//504
f 504//504 327//327 321//321
f 504//504 505//505 509//509
f 504//504 509//509 508//508
f 507//507 506//506 510//510
f 507//507 510//510 511//511
f 329//329 510//510 323//323
f 323//323 510//510 506//506
f 512//512 333//333 508//508
f 508//508 333//333 327//327
f 508//508 509//509 513//513
f 508//508 513//513 512//512
f 511//511 510//510 514//514
f 511//511 514//514 515//515
f 335//335 514//514 329//329
f 329//329 514//514 510//510
f 516//516 339//339 512//512
f 512//512 339//339 333//333
f 512//512 513//513 517//517
f 512//512 517//517 516//516
f 515//515 514//514 518//518
f 515//515 518//518 519//519
f 341//341 518//518 335//335
f 335//335 518//518 514//514
f 520//520 345//345 516//516
f 516//516 345//345 339//339
f 516//516 517//517 521//521
f 516//516 521//521 520//520
f 519//519 518//518 522//522
f 519//519 522//522 523//523
f 347//347 522//522 341//341
f 341//341 522//522 518//518
f 524//524 351//351 520//520
f 520//520 351//351 345//345
f 520//520 521//521 525//525
f 520//520 525//525 524//524
f 523//523 522//522 526//526
f 523//523 526//526 527//527
f 353//353 526//526 347//347
f 347//347 526//526 522//522
f 528//528 357//357 524//524
f 524//524 357//357 351//351
f 524//524 525//525 529//529
f 524//524 529//529 528//528
f 527//527 526//526 530//530
f 527//527 530//530 531//531
f 359//359 530//530 353//353
f 353//353 530//530 526//526
f 532//532 361//361 528//528
f 528//528 361//361 357//357
f 528//528 529//529 533//533
f 528//528 533//533 532//532
f 531//531 530//530 534//534
f 531//531 534//534 535//535
f 363//363 534//534 359//359
f 359//359 534//534 530//530
f 536//536 365//365 532//532
f 532//532 365//365 361//361
f 532//532 533//533 537//537
f 532//532 537//537 536//536
f 535//535 534//534 538//538
f 535//535 538//538 539//539
f 367//367 538//538 363//363
f 363//363 538//538 534//534
f 540//540 371//371 536//536
f 536//536 371//371 365//365
f 536//536 537//537 541//541
f 536//536 541//541 540//540
f 542//542 539//539 538//538
f 542//542 538//538 367//367
f 372//372 542//542 367//367
f 543//543 542//542 372//372
f 544//544 372//372 373//373
f 544//544 543//543 372//372
f 545//545 373//373 374//374
f 545//545 544//544 373//373
f 546//546 374//374 375//375
f 546//546 545//545 374//374
f 375//375 371//371 540//540
f 547//547 375//375 540//540
f 546//546 375//375 547//547
f 547//547 540//540 541//541
f 549//549 548//548 377//377
f 549//549 377//377 378//378
f 377//377 550//550 379//379
f 548//548 550//550 377//377
f 379//379 551//551 380//380
f 550//550 551//551 379//379
f 380//380 552//552 381//381
f 551//551 552//552 380//380
f 381//381 553//553 383//383
f 552//552 553//553 381//381
f 555//555 554//554 384//384
f 383//383 555//555 384//384
f 553//553 555//555 383//383
f 556//556 554//554 555//555
f 559//559 558//558 557//557
f 558//558 549//549 557//557
f 549//549 386//386 557//557
f 549//549 378//378 386//386
f 554//554 388//388 384//384
f 389//389 388//388 554//554
f 556//556 389//389 554//554
f 560//560 389//389 556//556
f 559//559 557//557 561//561
f 559//559 561//561 562//562
f 391//391 561//561 386//386
f 386//386 561//561 557//557
f 564//564 393//393 563//563
f 393//393 560//560 563//563
f 393//393 389//389 560//560
f 565//565 564//564 563//563
f 566//566 562//562 561//561
f 561//561 391//391 566//566
f 391//391 567//567 566//566
f 391//391 395//395 567//567
f 569//569 568//568 564//564
f 568//568 393//393 564//564
f 568//568 397//397 393//393
f 569//569 564//564 565//565
f 399//399 567//567 395//395
f 399//399 570//570 567//567
f 568//568 401//401 397//397
f 571//571 401//401 568//568
f 403//403 570//570 399//399
f 403//403 572//572 570//570
f 571//571 405//405 401//401
f 573//573 405//405 571//571
f 407//407 572//572 403//403
f 407//407 574//574 572//572
f 573//573 409//409 405//405
f 575//575 409//409 573//573
f 411//411 574//574 407//407
f 411//411 576//576 574//574
f 575//575 413//413 409//409
f 577//577 413//413 575//575
f 415//415 576//576 411//411
f 415//415 578//578 576//576
f 577//577 417//417 413//413
f 579//579 417//417 577//577
f 419//419 578//578 415//415
f 419//419 580//580 578//578
f 579//579 421//421 417//417
f 581//581 421//421 579//579
f 423//423 580//580 419//419
f 423//423 582//582 580//580
f 581//581 425//425 421//421
f 583//583 425//425 581//581
f 427//427 582//582 423//423
f 427//427 584//584 582//582
f 583//583 429//429 425//425
f 585//585 429//429 583//583
f 431//431 584//584 427//427
f 431//431 586//586 584//584
f 585//585 433//433 429//429
f 587//587 433//433 585//585
f 435//435 586//586 431//431
f 435//435 588//588 586//586
f 587//587 437//437 433//433
f 589//589 437//437 587//587
f 439//439 588//588 435//435
f 439//439 590//590 588//588
f 589//589 441//441 437//437
f 591//591 441//441 589//589
f 443//443 590//590 439//439
f 443//443 592//592 590//590
f 591//591 445//445 441//441
f 593//593 445//445 591//591
f 447//447 592//592 443//443
f 447//447 594//594 592//592
f 593//593 449//449 445//445
f 595//595 449//449 593//593
f 451//451 594//594 447//447
f 451//451 596//596 594//594
f 595//595 453//453 449//449
f 597//597 453//453 595//595
f 455//455 596//596 451//451
f 455//455 598//598 596//596
f 597//597 457//457 453//453
f 599//599 457//457 597//597
f 459//459 598//598 455//455
f 459//459 600//600 598//598
f 599//599 461//461 457//457
f 601//601 461//461 599//599
f 463//463 600//600 459//459
f 463//463 602//602 600//600
f 601//601 465//465 461//461
f 603//603 465//465 601//601
f 467//467 602//602 463//463
f 467//467 604//604 602//602
f 603//603 469//469 465//465
f 605//605 469//469 603//603
f 471//471 604//604 467//467
f 471//471 606//606 604//604
f 605//605 473//473 469//469
f 607//607 473//473 605//605
f 475//475 606//606 471//471
f 475//475 608//608 606//606
f 607//607 477//477 473//473
f 609//609 477//477 607//607
f 479//479 608//608 475//475
f 479//479 610//610 608//608
f 609//609 481//481 477//477
f 611//611 481//481 609//609
f 483//483 610//610 479//479
f 483//483 612//612 610//610
f 611//611 485//485 481//481
f 613//613 485//485 611//611
f 487//487 612//612 483//483
f 487//487 614//614 612//612
f 613//613 489//489 485//485
f 615//615 489//489 613//613
f 491//491 614//614 487//487
f 491//491 616//616 614//614
f 615//615 493//493 489//489
f 617//617 493//493 615//615
f 495//495 616//616 491//491
f 495//495 618//618 616//616
f 617//617 497//497 493//493
f 619//619 497//497 617//617
f 499//499 618//618 495//495
f 499//499 620//620 618//618
f 619//619 501//501 497//497
f 621//621 501//501 619//619
f 503//503 620//620 499//499
f 503//503 622//622 620//620
f 621//621 505//505 501//501
f 623//623 505//505 621//621
f 507//507 622//622 503//503
f 507//507 624//624 622//622
f 623//623 509//509 505//505
f 625//625 509//509 623//623
f 511//511 624//624 507//507
f 511//511 626//626 624//624
f 625//625 513//513 509//509
f 627//627 513//513 625//625
f 515//515 626//626 511//511
f 515//515 628//628 626//626
f 627//627 517//517 513//513
f 629//629 517//517 627//627
f 519//519 628//628 515//515
f 519//519 630//630 628//628
f 629//629 521//521 517//517
f 631//631 521//521 629//629
f 523//523 630//630 519//519
f 523//523 632//632 630//630
f 631//631 525//525 521//521
f 633//633 525//525 631//631
f 527//527 632//632 523//523
f 527//527 634//634 632//632
f 633//633 529//529 525//525
f 635//635 529//529 633//633
f 638//638 637//637 636//636
f 637//637 634//634 636//636
f 634//634 531//531 636//636
f 634//634 527//527 531//531
f 640//640 533//533 639//639
f 533//533 635//635 639//639
f 533//533 529//529 635//635
f 641//641 640//640 639//639
f 638//638 636//636 642//642
f 638//638 642//642 643//643
f 535//535 642//642 531//531
f 531//531 642//642 636//636
f 645//645 644//644 640//640
f 644//644 533//533 640//640
f 644//644 537//537 533//533
f 645//645 640//640 641//641
f 646//646 643//643 642//642
f 642//642 535//535 646//646
f 535//535 647//647 646//646
f 535//535 539//539 647//647
f 644//644 541//541 537//537
f 648//648 541//541 644//644
f 649//649 647//647 539//539
f 649//649 539//539 542//542
f 650//650 542//542 543//543
f 650//650 649//649 542//542
f 651//651 543//543 544//544
f 651//651 650//650 543//543
f 652//652 544//544 545//545
f 652//652 651//651 544//544
f 653//653 545//545 546//546
f 653//653 652//652 545//545
f 654//654 546//546 547//547
f 654//654 653//653 546//546
f 547//547 541//541 648//648
f 547//547 648//648 654//654
f 657//657 656//656 655//655
f 658//658 655//655 656//656
f 659//659 657//657 655//655
f 659//659 655//655 658//658
f 661//661 660//660 548//548
f 661//661 548//548 549//549
f 548//548 662//662 550//550
f 660//660 662//662 548//548
f 550//550 663//663 551//551
f 662//662 663//663 550//550
f 551//551 664//664 552//552
f 663//663 664//664 551//551
f 552//552 665//665 553//553
f 664//664 665//665 552//552
f 553//553 666//666 555//555
f 665//665 666//666 553//553
f 556//556 555//555 666//666
f 556//556 666//666 667//667
f 669//669 668//668 558//558
f 669//669 558//558 559//559
f 549//549 558//558 661//661
f 661//661 558//558 668//668
f 667//667 560//560 556//556
f 670//670 560//560 667//667
f 562//562 669//669 559//559
f 562//562 671//671 669//669
f 670//670 672//672 560//560
f 560//560 672//672 563//563
f 565//565 563//563 672//672
f 565//565 672//672 673//673
f 674//674 671//671 562//562
f 674//674 562//562 566//566
f 566//566 567//567 674//674
f 674//674 567//567 675//675
f 677//677 676//676 569//569
f 569//569 676//676 568//568
f 569//569 565//565 673//673
f 569//569 673//673 677//677
f 570//570 675//675 567//567
f 570//570 678//678 675//675
f 676//676 571//571 568//568
f 679//679 571//571 676//676
f 572//572 678//678 570//570
f 572//572 680//680 678//678
f 679//679 573//573 571//571
f 681//681 573//573 679//679
f 574//574 680//680 572//572
f 574//574 682//682 680//680
f 681//681 575//575 573//573
f 683//683 575//575 681//681
f 576//576 682//682 574//574
f 576//576 684//684 682//682
f 683//683 577//577 575//575
f 685//685 577//577 683//683
f 578//578 684//684 576//576
f 578//578 686//686 684//684
f 685//685 579//579 577//577
f 687//687 579//579 685//685
f 580//580 686//686 578//578
f 580//580 688//688 686//686
f 687//687 581//581 579//579
f 689//689 581//581 687//687
f 582//582 688//688 580//580
f 582//582 690//690 688//688
f 689//689 583//583 581//581
f 691//691 583//583 689//689
f 584//584 690//690 582//582
f 584//584 692//692 690//690
f 691//691 585//585 583//583
f 693//693 585//585 691//691
f 586//586 692//692 584//584
f 586//586 694//694 692//692
f 693//693 587//587 585//585
f 695//695 587//587 693//693
f 588//588 694//694 586//586
f 588//588 696//696 694//694
f 695//695 589//589 587//587
f 697//697 589//589 695//695
f 590//590 696//696 588//588
f 590//590 698//698 696//696
f 697//697 591//591 589//589
f 699//699 591//591 697//697
f 592//592 698//698 590//590
f 592//592 700//700 698//698
f 699//699 593//593 591//591
f 701//701 593//593 699//699
f 594//594 700//700 592//592
f 594//594 702//702 700//700
f 701//701 595//595 593//593
f 703//703 595//595 701//701
f 596//596 702//702 594//594
f 596//596 704//704 702//702
f 703//703 597//597 595//595
f 705//705 597//597 703//703
f 598//598 704//704 596//596
f 598//598 706//706 704//704
f 705//705 599//599 597//597
f 707//707 599//599 705//705
f 600//600 706//706 598//598
f 600//600 708//708 706//706
f 707//707 601//601 599//599
f 709//709 601//601 707//707
f 602//602 708//708 600//600
f 602//602 710//710 708//708
f 709//709 603//603 601//601
f 711//711 603//603 709//709
f 604//604 710//710 602//602
f 604//604 712//712 710//710
f 711//711 605//605 603//603
f 713//713 605//605 711//711
f 606//606 712//712 604//604
f 606//606 714//714 712//712
f 713//713 607//607 605//605
f 715//715 607//607 713//713
f 608//608 714//714 606//606
f 608//608 716//716 714//714
f 715//715 609//609 607//607
f 717//717 609//609 715//715
f 610//610 716//716 608//608
f 610//610 718//718 716//716
f 717//717 611//611 609//609
f 719//719 611//611 717//717
f 612//612 718//718 610//610
f 612//612 720//720 718//718
f 719//719 613//613 611//611
f 721//721 613//613 719//719
f 614//614 720//720 612//612
f 614//614 722//722 720//720
f 721//721 615//615 613//613
f 723//723 615//615 721//721
f 616//616 722//722 614//614
f 616//616 724//724 722//722
f 723//723 617//617 615//615
f 725//725 617//617 723//723
f 618//618 724//724 616//616
f 618//618 726//726 724//724
f 725//725 619//619 617//617
f 727//727 619//619 725//725
f 620//620 726//726 618//618
f 620//620 728//728 726//726
f 727//727 621//621 619//619
f 729//729 621//621 727//727
f 622//622 728//728 620//620
f 622//622 730//730 728//728
f 729//729 623//623 621//621
f 731//731 623//623 729//729
f 624//624 730//730 622//622
f 624//624 732//732 730//730
f 731//731 625//625 623//623
f 733//733 625//625 731//731
f 626//626 732//732 624//624
f 626//626 734//734 732//732
f 733//733 627//627 625//625
f 735//735 627//627 733//733
f 628//628 734//734 626//626
f 628//628 736//736 734//734
f 735//735 629//629 627//627
f 737//737 629//629 735//735
f 630//630 736//736 628//628
f 630//630 738//738 736//736
f 737//737 631//631 629//629
f 739//739 631//631 737//737
f 632//632 738//738 630//630
f 632//632 740//740 738//738
f 739//739 633//633 631//631
f 741//741 633//633 739//739
f 634//634 740//740 632//632
f 634//634 742//742 740//740
f 741//741 635//635 633//633
f 743//743 635//635 741//741
f 745//745 744//744 637//637
f 745//745 637//637 638//638
f 634//634 637//637 742//742
f 742//742 637//637 744//744
f 639//639 635//635 746//746
f 635//635 747//747 746//746
f 635//635 743//743 747//747
f 746//746 641//641 639//639
f 643//643 745//745 638//638
f 643//643 748//748 745//745
f 746//746 747//747 645//645
f 747//747 644//644 645//645
f 747//747 749//749 644//644
f 746//746 645//645 641//641
f 750//750 748//748 643//643
f 750//750 643//643 646//646
f 646//646 647//647 750//750
f 750//750 647//647 751//751
f 749//749 648//648 644//644
f 752//752 648//648 749//749
f 753//753 751//751 647//647
f 753//753 647//647 649//649
f 754//754 649//649 650//650
f 754//754 753//753 649//649
f 755//755 650//650 651//651
f 755//755 754//754 650//650
f 756//756 651//651 652//652
f 756//756 755//755 651//651
f 757//757 652//652 653//653
f 757//757 756//756 652//652
f 758//758 653//653 654//654
f 758//758 757//757 653//653
f 654//654 648//648 752//752
f 654//654 752//752 758//758
f 657//657 759//759 656//656
f 759//759 658//658 656//656
f 659//659 759//759 657//657
f 759//759 659//659 658//658
f 761//761 760//760 660//660
f 761//761 660//660 661//661
f 660//660 762//762 662//662
f 760//760 762//762 660//660
f 662//662 763//763 663//663
f 762//762 763//763 662//662
f 663//663 764//764 664//664
f 763//763 764//764 663//663
f 664//664 765//765 665//665
f 764//764 765//765 664//664
f 765//765 767//767 766//766
f 666//666 765//765 766//766
f 665//665 765//765 666//666
f 766//766 667//667 666//666
f 669//669 768//768 668//668
f 768//768 769//769 668//668
f 769//769 661//661 668//668
f 769//769 761//761 661//661
f 767//767 770//770 766//766
f 667//667 766//766 770//770
f 771//771 667//667 770//770
f 670//670 667//667 771//771
f 671//671 772//772 768//768
f 671//671 768//768 669//669
f 769//769 768//768 773//773
f 773//773 768//768 772//772
f 672//672 670//670 774//774
f 670//670 775//775 774//774
f 670//670 771//771 775//775
f 774//774 673//673 672//672
f 674//674 772//772 671//671
f 674//674 675//675 772//772
f 675//675 773//773 772//772
f 675//675 776//776 773//773
f 774//774 775//775 677//677
f 775//775 676//676 677//677
f 775//775 777//777 676//676
f 774//774 677//677 673//673
f 678//678 776//776 675//675
f 678//678 778//778 776//776
f 777//777 679//679 676//676
f 779//779 679//679 777//777
f 680//680 778//778 678//678
f 680//680 780//780 778//778
f 779//779 681//681 679//679
f 781//781 681//681 779//779
f 682//682 780//780 680//680
f 682//682 782//782 780//780
f 781//781 683//683 681//681
f 783//783 683//683 781//781
f 684//684 782//782 682//682
f 684//684 784//784 782//782
f 783//783 685//685 683//683
f 785//785 685//685 783//783
f 686//686 784//784 684//684
f 686//686 786//786 784//784
f 785//785 687//687 685//685
f 787//787 687//687 785//785
f 688//688 786//786 686//686
f 688//688 788//788 786//786
f 787//787 689//689 687//687
f 789//789 689//689 787//787
f 690//690 788//788 688//688
f 690//690 790//790 788//788
f 789//789 691//691 689//689
f 791//791 691//691 789//789
f 692//692 790//790 690//690
f 692//692 792//792 790//790
f 791//791 693//693 691//691
f 793//793 693//693 791//791
f 694//694 792//792 692//692
f 694//694 794//794 792//792
f 793//793 695//695 693//693
f 795//795 695//695 793//793
f 696//696 794//794 694//694
f 696//696 796//796 794//794
f 795//795 697//697 695//695
f 797//797 697//697 795//795
f 698//698 796//796 696//696
f 698//698 798//798 796//796
f 797//797 699//699 697//697
f 799//799 699//699 797//797
f 700//700 798//798 698//698
f 700//700 800//800 798//798
f 799//799 701//701 699//699
f 801//801 701//701 799//799
f 702//702 800//800 700//700
f 702//702 802//802 800//800
f 801//801 703//703 701//701
f 803//803 703//703 801//801
f 704//704 802//802 702//702
f 704//704 804//804 802//802
f 803//803 705//705 703//703
f 805//805 705//705 803//803
f 706//706 804//804 704//704
f 706//706 806//806 804//804
f 805//805 707//707 705//705
f 807//807 707//707 805//805
f 708//708 806//806 706//706
f 708//708 808//808 806//806
f 807//807 709//709 707//707
f 809//809 709//709 807//807
f 710//710 808//808 708//708
f 710//710 810//810 808//808
f 809//809 711//711 709//709
f 811//811 711//711 809//809
f 712//712 810//810 710//710
f 712//712 812//812 810//810
f 811//811 713//713 711//711
f 813//813 713//713 811//811
f 714//714 812//812 712//712
f 714//714 814//814 812//812
f 813//813 715//715 713//713
f 815//815 715//715 813//813
f 716//716 814//814 714//714
f 716//716 816//816 814//814
f 815//815 717//717 715//715
f 817//817 717//717 815//815
f 718//718 816//816 716//716
f 718//718 818//818 816//816
f 817//817 719//719 717//717
f 819//819 719//719 817//817
f 720//720 818//818 718//718
f 720//720 820//820 818//818
f 819//819 721//721 719//719
f 821//821 721//721 819//819
f 722//722 820//820 720//720
f 722//722 822//822 820//820
f 821//821 723//723 721//721
f 823//823 723//723 821//821
f 724//724 822//822 722//722
f 724//724 824//824 822//822
f 823//823 725//725 723//723
f 825//825 725//725 823//823
f 726//726 824//824 724//724
f 726//726 826//826 824//824
f 825//825 727//727 725//725
f 827//827 727//727 825//825
f 728//728 826//826 726//726
f 728//728 828//828 826//826
f 827//827 729//729 727//727
f 829//829 729//729 827//827
f 730//730 828//828 728//728
f 730//730 830//830 828//828
f 829//829 731//731 729//729
f 831//831 731//731 829//829
f 732//732 830//830 730//730
f 732//732 832//832 830//830
f 831//831 733//733 731//731
f 833//833 733//733 831//831
f 734//734 832//832 732//732
f 734//734 834//834 832//832
f 833//833 735//735 733//733
f 835//835 735//735 833//833
f 736//736 834//834 734//734
f 736//736 836//836 834//834
f 835//835 737//737 735//735
f 837//837 737//737 835//835
f 738//738 836//836 736//736
f 738//738 838//838 836//836
f 837//837 739//739 737//737
f 839//839 739//739 837//837
f 740//740 838//838 738//738
f 740//740 840//840 838//838
f 839//839 741//741 739//739
f 841//841 741//741 839//839
f 742//742 840//840 740//740
f 742//742 842//842 840//840
f 841//841 743//743 741//741
f 843//843 743//743 841//841
f 745//745 844//844 744//744
f 844//844 845//845 744//744
f 845//845 742//742 744//744
f 845//845 842//842 742//742
f 843//843 747//747 743//743
f 846//846 747//747 843//843
f 748//748 847//847 844//844
f 748//748 844//844 745//745
f 845//845 844//844 848//848
f 848//848 844//844 847//847
f 846//846 749//749 747//747
f 849//849 749//749 846//846
f 750//750 847//847 748//748
f 750//750 751//751 847//847
f 751//751 848//848 847//847
f 751//751 850//850 848//848
f 849//849 752//752 749//749
f 851//851 752//752 849//849
f 852//852 850//850 751//751
f 852//852 751//751 753//753
f 853//853 753//753 754//754
f 853//853 852//852 753//753
f 854//854 754//754 755//755
f 854//854 853//853 754//754
f 855//855 755//755 756//756
f 855//855 854//854 755//755
f 856//856 756//756 757//757
f 856//856 855//855 756//756
f 857//857 757//757 758//758
f 857//857 856//856 757//757
f 758//758 752//752 851//851
f 758//758 851//851 857//857
f 761//761 858//858 760//760
f 760//760 858//858 859//859
f 860//860 760//760 859//859
f 762//762 760//760 860//860
f 762//762 861//861 763//763
f 860//860 861//861 762//762
f 763//763 862//862 764//764
f 861//861 862//862 763//763
f 862//862 864//864 863//863
f 765//765 862//862 863//863
f 764//764 862//862 765//765
f 863//863 767//767 765//765
f 769//769 865//865 858//858
f 769//769 858//858 761//761
f 859//859 858//858 866//866
f 866//866 858//858 865//865
f 864//864 867//867 863//863
f 867//867 869//869 868//868
f 867//867 868//868 770//770
f 863//863 867//867 770//770
f 767//767 863//863 770//770
f 868//868 771//771 770//770
f 773//773 870//870 865//865
f 773//773 865//865 769//769
f 866//866 865//865 871//871
f 871//871 865//865 870//870
f 868//868 869//869 872//872
f 872//872 869//869 873//873
f 872//872 775//775 771//771
f 872//872 771//771 868//868
f 776//776 874//874 870//870
f 776//776 870//870 773//773
f 871//871 870//870 875//875
f 875//875 870//870 874//874
f 872//872 873//873 876//876
f 876//876 873//873 877//877
f 876//876 777//777 775//775
f 876//876 775//775 872//872
f 778//778 878//878 874//874
f 778//778 874//874 776//776
f 875//875 874//874 879//879
f 879//879 874//874 878//878
f 876//876 877//877 880//880
f 880//880 877//877 881//881
f 880//880 779//779 777//777
f 880//880 777//777 876//876
f 780//780 882//882 878//878
f 780//780 878//878 778//778
f 879//879 878//878 883//883
f 883//883 878//878 882//882
f 880//880 881//881 884//884
f 884//884 881//881 885//885
f 884//884 781//781 779//779
f 884//884 779//779 880//880
f 782//782 886//886 882//882
f 782//782 882//882 780//780
f 883//883 882//882 887//887
f 887//887 882//882 886//886
f 884//884 885//885 888//888
f 888//888 885//885 889//889
f 888//888 783//783 781//781
f 888//888 781//781 884//884
f 784//784 890//890 886//886
f 784//784 886//886 782//782
f 887//887 886//886 891//891
f 891//891 886//886 890//890
f 888//888 889//889 892//892
f 892//892 889//889 893//893
f 892//892 785//785 783//783
f 892//892 783//783 888//888
f 786//786 894//894 890//890
f 786//786 890//890 784//784
f 891//891 890//890 895//895
f 895//895 890//890 894//894
f 892//892 893//893 896//896
f 896//896 893//893 897//897
f 896//896 787//787 785//785
f 896//896 785//785 892//892
f 788//788 898//898 894//894
f 788//788 894//894 786//786
f 895//895 894//894 899//899
f 899//899 894//894 898//898
f 896//896 897//897 900//900
f 900//900 897//897 901//901
f 900//900 789//789 787//787
f 900//900 787//787 896//896
f 790//790 902//902 898//898
f 790//790 898//898 788//788
f 899//899 898//898 903//903
f 903//903 898//898 902//902
f 900//900 901//901 904//904
f 904//904 901//901 905//905
f 904//904 791//791 789//789
f 904//904 789//789 900//900
f 792//792 906//906 902//902
f 792//792 902//902 790//790
f 903//903 902//902 907//907
f 907//907 902//902 906//906
f 904//904 905//905 908//908
f 908//908 905//905 909//909
f 908//908 793//793 791//791
f 908//908 791//791 904//904
f 794//794 910//910 906//906
f 794//794 906//906 792//792
f 907//907 906//906 911//911
f 911//911 906//906 910//910
f 908//908 909//909 912//912
f 912//912 909//909 913//913
f 912//912 795//795 793//793
f 912//912 793//793 908//908
f 796//796 914//914 910//910
f 796//796 910//910 794//794
f 911//911 910//910 915//915
f 915//915 910//910 914//914
f 912//912 913//913 916//916
f 916//916 913//913 917//917
f 916//916 797//797 795//795
f 916//916 795//795 912//912
f 798//798 918//918 914//914
f 798//798 914//914 796//796
f 915//915 914//914 919//919
f 919//919 914//914 918//918
f 916//916 917//917 920//920
f 920//920 917//917 921//921
f 920//920 799//799 797//797
f 920//920 797//797 916//916
f 800//800 922//922 918//918
f 800//800 918//918 798//798
f 919//919 918//918 923//923
f 923//923 918//918 922//922
f 920//920 921//921 924//924
f 924//924 921//921 925//925
f 924//924 801//801 799//799
f 924//924 799//799 920//920
f 802//802 926//926 922//922
f 802//802 922//922 800//800
f 923//923 922//922 927//927
f 927//927 922//922 926//926
f 924//924 925//925 928//928
f 928//928 925//925 929//929
f 928//928 803//803 801//801
f 928//928 801//801 924//924
f 804//804 930//930 926//926
f 804//804 926//926 802//802
f 927//927 926//926 931//931
f 931//931 926//926 930//930
f 928//928 929//929 932//932
f 932//932 929//929 933//933
f 932//932 805//805 803//803
f 932//932 803//803 928//928
f 806//806 934//934 930//930
f 806//806 930//930 804//804
f 931//931 930//930 935//935
f 935//935 930//930 934//934
f 932//932 933//933 936//936
f 936//936 933//933 937//937
f 936//936 807//807 805//805
f 936//936 805//805 932//932
f 808//808 938//938 934//934
f 808//808 934//934 806//806
f 935//935 934//934 939//939
f 939//939 934//934 938//938
f 936//936 937//937 940//940
f 940//940 937//937 941//941
f 940//940 809//809 807//807
f 940//940 807//807 936//936
f 810//810 942//942 938//938
f 810//810 938//938 808//808
f 939//939 938//938 943//943
f 943//943 938//938 942//942
f 940//940 941//941 944//944
f 944//944 941//941 945//945
f 944//944 811//811 809//809
f 944//944 809//809 940//940
f 812//812 946//946 942//942
f 812//812 942//942 810//810
f 943//943 942//942 947//947
f 947//947 942//942 946//946
f 944//944 945//945 948//948
f 948//948 945//945 949//949
f 948//948 813//813 811//811
f 948//948 811//811 944//944
f 814//814 950//950 946//946
f 814//814 946//946 812//812
f 947//947 946//946 951//951
f 951//951 946//946 950//950
f 948//948 949//949 952//952
f 952//952 949//949 953//953
f 952//952 815//815 813//813
f 952//952 813//813 948//948
f 816//816 954//954 950//950
f 816//816 950//950 814//814
f 951//951 950//950 955//955
f 955//955 950//950 954//954
f 952//952 953//953 956//956
f 956//956 953//953 957//957
f 956//956 817//817 815//815
f 956//956 815//815 952//952
f 818//818 958//958 954//954
f 818//818 954//954 816//816
f 955//955 954//954 959//959
f 959//959 954//954 958//958
f 956//956 957//957 960//960
f 960//960 957//957 961//961
f 960//960 819//819 817//817
f 960//960 817//817 956//956
f 820//820 962//962 958//958
f 820//820 958//958 818//818
f 959//959 958//958 963//963
f 963//963 958//958 962//962
f 960//960 961//961 964//964
f 964//964 961//961 965//965
f 964//964 821//821 819//819
f 964//964 819//819 960//960
f 822//822 966//966 962//962
f 822//822 962//962 820//820
f 963//963 962//962 967//967
f 967//967 962//962 966//966
f 964//964 965//965 968//968
f 968//968 965//965 969//969
f 968//968 823//823 821//821
f 968//968 821//821 964//964
f 824//824 970//970 966//966
f 824//824 966//966 822//822
f 967//967 966//966 971//971
f 971//971 966//966 970//970
f 968//968 969//969 972//972
f 972//972 969//969 973//973
f 972//972 825//825 823//823
f 972//972 823//823 968//968
f 826//826 974//974 970//970
f 826//826 970//970 824//824
f 971//971 970//970 975//975
f 975//975 970//970 974//974
f 972//972 973//973 976//976
f 976//976 973//973 977//977
f 976//976 827//827 825//825
f 976//976 825//825 972//972
f 828//828 978//978 974//974
f 828//828 974//974 826//826
f 975//975 974//974 979//979
f 979//979 974//974 978//978
f 976//976 977//977 980//980
f 980//980 977//977 981//981
f 980//980 829//829 827//827
f 980//980 827//827 976//976
f 830//830 982//982 978//978
f 830//830 978//978 828//828
f 979//979 978//978 983//983
f 983//983 978//978 982//982
f 980//980 981//981 984//984
f 984//984 981//981 985//985
f 984//984 831//831 829//829
f 984//984 829//829 980//980
f 832//832 986//986 982//982
f 832//832 982//982 830//830
f 983//983 982//982 987//987
f 987//987 982//982 986//986
f 984//984 985//985 988//988
f 988//988 985//985 989//989
f 988//988 833//833 831//831
f 988//988 831//831 984//984
f 834//834 990//990 986//986
f 834//834 986//986 832//832
f 987//987 986//986 991//991
f 991//991 986//986 990//990
f 988//988 989//989 992//992
f 992//992 989//989 993//993
f 992//992 835//835 833//833
f 992//992 833//833 988//988
f 836//836 994//994 990//990
f 836//836 990//990 834//834
f 991//991 990//990 995//995
f 995//995 990//990 994//994
f 992//992 993//993 996//996
f 996//996 993//993 997//997
f 996//996 837//837 835//835
f 996//996 835//835 992//992
f 838//838 998//998 994//994
f 838//838 994//994 836//836
f 995//995 994//994 999//999
f 999//999 994//994 998//998
f 996//996 997//997 1000//1000
f 1000//1000 997//997 1001//1001
f 1000//1000 839//839 837//837
f 1000//1000 837//837 996//996
f 840//840 1002//1002 998//998
f 840//840 998//998 838//838
f 999//999 998//998 1003//1003
f 1003//1003 998//998 1002//1002
f 1000//1000 1001//1001 1004//1004
f 1004//1004 1001//1001 1005//1005
f 1004//1004 841//841 839//839
f 1004//1004 839//839 1000//1000
f 842//842 1006//1006 1002//1002
f 842//842 1002//1002 840//840
f 1003//1003 1002//1002 1007//1007
f 1007//1007 1002//1002 1006//1006
f 1004//1004 1005//1005 1008//1008
f 1008//1008 1005//1005 1009//1009
f 1008//1008 843//843 841//841
f 1008//1008 841//841 1004//1004
f 845//845 1010//1010 1006//1006
f 845//845 1006//1006 842//842
f 1007//1007 1006//1006 1011//1011
f 1011//1011 1006//1006 1010//1010
f 1008//1008 1009//1009 1012//1012
f 1012//1012 1009//1009 1013//1013
f 1012//1012 846//846 843//843
f 1012//1012 843//843 1008//1008
f 848//848 1014//1014 1010//1010
f 848//848 1010//1010 845//845
f 1011//1011 1010//1010 1015//1015
f 1015//1015 1010//1010 1014//1014
f 1012//1012 1013//1013 1016//1016
f 1016//1016 1013//1013 1017//1017
f 1016//1016 849//849 846//846
f 1016//1016 846//846 1012//1012
f 850//850 1018//1018 1014//1014
f 850//850 1014//1014 848//848
f 1015//1015 1014//1014 1019//1019
f 1019//1019 1014//1014 1018//1018
f 1016//1016 1017//1017 1020//1020
f 1020//1020 1017//1017 1021//1021
f 1020//1020 851//851 849//849
f 1020//1020 849//849 1016//1016
f 852//852 1018//1018 850//850
f 1022//1022 1019//1019 1018//1018
f 852//852 1022//1022 1018//1018
f 853//853 1022//1022 852//852
f 1023//1023 853//853 854//854
f 1023//1023 1022//1022 853//853
f 1024//1024 854//854 855//855
f 1024//1024 1023//1023 854//854
f 1025//1025 855//855 856//856
f 1025//1025 1024//1024 855//855
f 857//857 1020//1020 1021//1021
f 1025//1025 857//857 1021//1021
f 856//856 857//857 1025//1025
f 1020//1020 857//857 851//851
f 1028//1028 1027//1027 1026//1026
f 1029//1029 1026//1026 1027//1027
f 1030//1030 1028//1028 1026//1026
f 1030//1030 1026//1026 1029//1029
f 859//859 1031//1031 860//860
f 1032//1032 861//861 860//860
f 1032//1032 860//860 1031//1031
f 1033//1033 862//862 861//861
f 1033//1033 861//861 1032//1032
f 1033//1033 864//864 862//862
f 866//866 1034//1034 1031//1031
f 866//866 1031//1031 859//859
f 1031//1031 1035//1035 1032//1032
f 1031//1031 1034//1034 1035//1035
f 1032//1032 1036//1036 1033//1033
f 1032//1032 1035//1035 1036//1036
f 1037//1037 867//867 864//864
f 1033//1033 1037//1037 864//864
f 1036//1036 1037//1037 1033//1033
f 1037//1037 869//869 867//867
f 871//871 1038//1038 1034//1034
f 871//871 1034//1034 866//866
f 1034//1034 1039//1039 1035//1035
f 1034//1034 1038//1038 1039//1039
f 1035//1035 1040//1040 1036//1036
f 1035//1035 1039//1039 1040//1040
f 1036//1036 1041//1041 1037//1037
f 1036//1036 1040//1040 1041//1041
f 1041//1041 873//873 869//869
f 1041//1041 869//869 1037//1037
f 875//875 1042//1042 1038//1038
f 875//875 1038//1038 871//871
f 1038//1038 1043//1043 1039//1039
f 1038//1038 1042//1042 1043//1043
f 1039//1039 1044//1044 1040//1040
f 1039//1039 1043//1043 1044//1044
f 1040//1040 1045//1045 1041//1041
f 1040//1040 1044//1044 1045//1045
f 1045//1045 877//877 873//873
f 1045//1045 873//873 1041//1041
f 879//879 1046//1046 1042//1042
f 879//879 1042//1042 875//875
f 1042//1042 1047//1047 1043//1043
f 1042//1042 1046//1046 1047//1047
f 1043//1043 1048//1048 1044//1044
f 1043//1043 1047//1047 1048//1048
f 1044//1044 1049//1049 1045//1045
f 1044//1044 1048//1048 1049//1049
f 1049//1049 881//881 877//877
f 1049//1049 877//877 1045//1045
f 883//883 1050//1050 1046//1046
f 883//883 1046//1046 879//879
f 1046//1046 1051//1051 1047//1047
f 1046//1046 1050//1050 1051//1051
f 1047//1047 1052//1052 1048//1048
f 1047//1047 1051//1051 1052//1052
f 1048//1048 1053//1053 1049//1049
f 1048//1048 1052//1052 1053//1053
f 1053//1053 885//885 881//881
f 1053//1053 881//881 1049//1049
f 887//887 1054//1054 1050//1050
f 887//887 1050//1050 883//883
f 1050//1050 1055//1055 1051//1051
f 1050//1050 1054//1054 1055//1055
f 1051//1051 1056//1056 1052//1052
f 1051//1051 1055//1055 1056//1056
f 1052//1052 1057//1057 1053//1053
f 1052//1052 1056//1056 1057//1057
f 1057//1057 889//889 885//885
f 1057//1057 885//885 1053//1053
f 891//891 1058//1058 1054//1054
f 891//891 1054//1054 887//887
f 1054//1054 1059//1059 1055//1055
f 1054//1054 1058//1058 1059//1059
f 1055//1055 1060//1060 1056//1056
f 1055//1055 1059//1059 1060//1060
f 1056//1056 1061//1061 1057//1057
f 1056//1056 1060//1060 1061//1061
f 1061//1061 893//893 889//889
f 1061//1061 889//889 1057//1057
f 895//895 1062//1062 1058//1058
f 895//895 1058//1058 891//891
f 1058//1058 1063//1063 1059//1059
f 1058//1058 1062//1062 1063//1063
f 1059//1059 1064//1064 1060//1060
f 1059//1059 1063//1063 1064//1064
f 1060//1060 1065//1065 1061//1061
f 1060//1060 1064//1064 1065//1065
f 1065//1065 897//897 893//893
f 1065//1065 893//893 1061//1061
f 899//899 1066//1066 1062//1062
f 899//899 1062//1062 895//895
f 1062//1062 1067//1067 1063//1063
f 1062//1062 1066//1066 1067//1067
f 1063//1063 1068//1068 1064//1064
f 1063//1063 1067//1067 1068//1068
f 1064//1064 1069//1069 1065//1065
f 1064//1064 1068//1068 1069//1069
f 1069//1069 901//901 897//897
f 1069//1069 897//897 1065//1065
f 903//903 1070//1070 1066//1066
f 903//903 1066//1066 899//899
f 1066//1066 1071//1071 1067//1067
f 1066//1066 1070//1070 1071//1071
f 1067//1067 1072//1072 1068//1068
f 1067//1067 1071//1071 1072//1072
f 1068//1068 1073//1073 1069//1069
f 1068//1068 1072//1072 1073//1073
f 1073//1073 905//905 901//901
f 1073//1073 901//901 1069//1069
f 907//907 1074//1074 1070//1070
f 907//907 1070//1070 903//903
f 1070//1070 1075//1075 1071//1071
f 1070//1070 1074//1074 1075//1075
f 1071//1071 1076//1076 1072//1072
f 1071//1071 1075//1075 1076//1076
f 1072//1072 1077//1077 1073//1073
f 1072//1072 1076//1076 1077//1077
f 1077//1077 909//909 905//905
f 1077//1077 905//905 1073//1073
f 911//911 1078//1078 1074//1074
f 911//911 1074//1074 907//907
f 1074//1074 1079//1079 1075//1075
f 1074//1074 1078//1078 1079//1079
f 1075//1075 1080//1080 1076//1076
f 1075//1075 1079//1079 1080//1080
f 1076//1076 1081//1081 1077//1077
f 1076//1076 1080//1080 1081//1081
f 1081//1081 913//913 909//909
f 1081//1081 909//909 1077//1077
f 915//915 1082//1082 1078//1078
f 915//915 1078//1078 911//911
f 1078//1078 1083//1083 1079//1079
f 1078//1078 1082//1082 1083//1083
f 1079//1079 1084//1084 1080//1080
f 1079//1079 1083//1083 1084//1084
f 1080//1080 1085//1085 1081//1081
f 1080//1080 1084//1084 1085//1085
f 1085//1085 917//917 913//913
f 1085//1085 913//913 1081//1081
f 919//919 1086//1086 1082//1082
f 919//919 1082//1082 915//915
f 1082//1082 1087//1087 1083//1083
f 1082//1082 1086//1086 1087//1087
f 1083//1083 1088//1088 1084//1084
f 1083//1083 1087//1087 1088//1088
f 1084//1084 1089//1089 1085//1085
f 1084//1084 1088//1088 1089//1089
f 1089//1089 921//921 917//917
f 1089//1089 917//917 1085//1085
f 923//923 1090//1090 1086//1086
f 923//923 1086//1086 919//919
f 1086//1086 1091//1091 1087//1087
f 1086//1086 1090//1090 1091//1091
f 1087//1087 1092//1092 1088//1088
f 1087//1087 1091//1091 1092//1092
f 1088//1088 1093//1093 1089//1089
f 1088//1088 1092//1092 1093//1093
f 1093//1093 925//925 921//921
f 1093//1093 921//921 1089//1089
f 927//927 1094//1094 1090//1090
f 927//927 1090//1090 923//923
f 1090//1090 1095//1095 1091//1091
f 1090//1090 1094//1094 1095//1095
f 1091//1091 1096//1096 1092//1092
f 1091//1091 1095//1095 1096//1096
f 1092//1092 1097//1097 1093//1093
f 1092//1092 1096//1096 1097//1097
f 1097//1097 929//929 925//925
f 1097//1097 925//925 1093//1093
f 931//931 1098//1098 1094//1094
f 931//931 1094//1094 927//927
f 1094//1094 1099//1099 1095//1095
f 1094//1094 1098//1098 1099//1099
f 1095//1095 1100//1100 1096//1096
f 1095//1095 1099//1099 1100//1100
f 1096//1096 1101//1101 1097//1097
f 1096//1096 1100//1100 1101//1101
f 1101//1101 933//933 929//929
f 1101//1101 929//929 1097//1097
f 935//935 1102//1102 1098//1098
f 935//935 1098//1098 931//931
f 1098//1098 1103//1103 1099//1099
f 1098//1098 1102//1102 1103//1103
f 1099//1099 1104//1104 1100//1100
f 1099//1099 1103//1103 1104//1104
f 1100//1100 1105//1105 1101//1101
f 1100//1100 1104//1104 1105//1105
f 1105//1105 937//937 933//933
f 1105//1105 933//933 1101//1101
f 939//939 1106//1106 1102//1102
f 939//939 1102//1102 935//935
f 1102//1102 1107//1107 1103//1103
f 1102//1102 1106//1106 1107//1107
f 1103//1103 1108//1108 1104//1104
f 1103//1103 1107//1107 1108//1108
f 1104//1104 1109//1109 1105//1105
f 1104//1104 1108//1108 1109//1109
f 1109//1109 941//941 937//937
f 1109//1109 937//937 1105//1105
f 943//943 1110//1110 1106//1106
f 943//943 1106//1106 939//939
f 1106//1106 1111//1111 1107//1107
f 1106//1106 1110//1110 1111//1111
f 1107//1107 1112//1112 1108//1108
f 1107//1107 1111//1111 1112//1112
f 1108//1108 1113//1113 1109//1109
f 1108//1108 1112//1112 1113//1113
f 1113//1113 945//945 941//941
f 1113//1113 941//941 1109//1109
f 947//947 1114//1114 1110//1110
f 947//947 1110//1110 943//943
f 1110//1110 1115//1115 1111//1111
f 1110//1110 1114//1114 1115//1115
f 1111//1111 1116//1116 1112//1112
f 1111//1111 1115//1115 1116//1116
f 1112//1112 1117//1117 1113//1113
f 1112//1112 1116//1116 1117//1117
f 1117//1117 949//949 945//945
f 1117//1117 945//945 1113//1113
f 951//951 1118//1118 1114//1114
f 951//951 1114//1114 947//947
f 1114//1114 1119//1119 1115//1115
f 1114//1114 1118//1118 1119//1119
f 1115//1115 1120//1120 1116//1116
f 1115//1115 1119//1119 1120//1120
f 1116//1116 1121//1121 1117//1117
f 1116//1116 1120//1120 1121//1121
f 1121//1121 953//953 949//949
f 1121//1121 949//949 1117//1117
f 955//955 1122//1122 1118//1118
f 955//955 1118//1118 951//951
f 1118//1118 1123//1123 1119//1119
f 1118//1118 1122//1122 1123//1123
f 1119//1119 1124//1124 1120//1120
f 1119//1119 1123//1123 1124//1124
f 1120//1120 1125//1125 1121//1121
f 1120//1120 1124//1124 1125//1125
f 1125//1125 957//957 953//953
f 1125//1125 953//953 1121//1121
f 959//959 1126//1126 1122//1122
f 959//959 1122//1122 955//955
f 1122//1122 1127//1127 1123//1123
f 1122//1122 1126//1126 1127//1127
f 1123//1123 1128//1128 1124//1124
f 1123//1123 1127//1127 1128//1128
f 1124//1124 1129//1129 1125//1125
f 1124//1124 1128//1128 1129//1129
f 1129//1129 961//961 957//957
f 1129//1129 957//957 1125//1125
f 963//963 1130//1130 1126//1126
f 963//963 1126//1126 959//959
f 1126//1126 1131//1131 1127//1127
f 1126//1126 1130//1130 1131//1131
f 1127//1127 1132//1132 1128//1128
f 1127//1127 1131//1131 1132//1132
f 1128//1128 1133//1133 1129//1129
f 1128//1128 1132//1132 1133//1133
f 1133//1133 965//965 961//961
f 1133//1133 961//961 1129//1129
f 967//967 1134//1134 1130//1130
f 967//967 1130//1130 963//963
f 1130//1130 1135//1135 1131//1131
f 1130//1130 1134//1134 1135//1135
f 1131//1131 1136//1136 1132//1132
f 1131//1131 1135//1135 1136//1136
f 1132//1132 1137//1137 1133//1133
f 1132//1132 1136//1136 1137//1137
f 1137//1137 969//969 965//965
f 1137//1137 965//965 1133//1133
f 971//971 1138//1138 1134//1134
f 971//971 1134//1134 967//967
f 1134//1134 1139//1139 1135//1135
f 1134//1134 1138//1138 1139//1139
f 1135//1135 1140//1140 1136//1136
f 1135//1135 1139//1139 1140//1140
f 1136//1136 1141//1141 1137//1137
f 1136//1136 1140//1140 1141//1141
f 1141//1141 973//973 969//969
f 1141//1141 969//969 1137//1137
f 975//975 1142//1142 1138//1138
f 975//975 1138//1138 971//971
f 1138//1138 1143//1143 1139//1139
f 1138//1138 1142//1142 1143//1143
f 1139//1139 1144//1144 1140//1140
f 1139//1139 1143//1143 1144//1144
f 1140//1140 1145//1145 1141//1141
f 1140//1140 1144//1144 1145//1145
f 1145//1145 977//977 973//973
f 1145//1145 973//973 1141//1141
f 979//979 1146//1146 1142//1142
f 979//979 1142//1142 975//975
f 1142//1142 1147//1147 1143//1143
f 1142//1142 1146//1146 1147//1147
f 1143//1143 1148//1148 1144//1144
f 1143//1143 1147//1147 1148//1148
f 1144//1144 1149//1149 1145//1145
f 1144//1144 1148//1148 1149//1149
f 1149//1149 981//981 977//977
f 1149//1149 977//977 1145//1145
f 983//983 1150//1150 1146//1146
f 983//983 1146//1146 979//979
f 1146//1146 1151//1151 1147//1147
f 1146//1146 1150//1150 1151//1151
f 1147//1147 1152//1152 1148//1148
f 1147//1147 1151//1151 1152//1152
f 1148//1148 1153//1153 1149//1149
f 1148//1148 1152//1152 1153//1153
f 1153//1153 985//985 981//981
f 1153//1153 981//981 1149//1149
f 987//987 1154//1154 1150//1150
f 987//987 1150//1150 983//983
f 1150//1150 1155//1155 1151//1151
f 1150//1150 1154//1154 1155//1155
f 1151//1151 1156//1156 1152//1152
f 1151//1151 1155//1155 1156//1156
f 1152//1152 1157//1157 1153//1153
f 1152//1152 1156//1156 1157//1157
f 1157//1157 989//989 985//985
f 1157//1157 985//985 1153//1153
f 991//991 1158//1158 1154//1154
f 991//991 1154//1154 987//987
f 1154//1154 1159//1159 1155//1155
f 1154//1154 1158//1158 1159//1159
f 1155//1155 1160//1160 1156//1156
f 1155//1155 1159//1159 1160//1160
f 1156//1156 1161//1161 1157//1157
f 1156//1156 1160//1160 1161//1161
f 1161//1161 993//993 989//989
f 1161//1161 989//989 1157//1157
f 995//995 1162//1162 1158//1158
f 995//995 1158//1158 991//991
f 1158//1158 1163//1163 1159//1159
f 1158//1158 1162//1162 1163//1163
f 1159//1159 1164//1164 1160//1160
f 1159//1159 1163//1163 1164//1164
f 1160//1160 1165//1165 1161//1161
f 1160//1160 1164//1164 1165//1165
f 1165//1165 997//997 993//993
f 1165//1165 993//993 1161//1161
f 999//999 1166//1166 1162//1162
f 999//999 1162//1162 995//995
f 1162//1162 1167//1167 1163//1163
f 1162//1162 1166//1166 1167//1167
f 1163//1163 1168//1168 1164//1164
f 1163//1163 1167//1167 1168//1168
f 1164//1164 1169//1169 1165//1165
f 1164//1164 1168//1168 1169//1169
f 1169//1169 1001//1001 997//997
f 1169//1169 997//997 1165//1165
f 1003//1003 1170//1170 1166//1166
f 1003//1003 1166//1166 999//999
f 1166//1166 1171//1171 1167//1167
f 1166//1166 1170//1170 1171//1171
f 1167//1167 1172//1172 1168//1168
f 1167//1167 1171//1171 1172//1172
f 1168//1168 1173//1173 1169//1169
f 1168//1168 1172//1172 1173//1173
f 1173//1173 1005//1005 1001//1001
f 1173//1173 1001//1001 1169//1169
f 1007//1007 1174//1174 1170//1170
f 1007//1007 1170//1170 1003//1003
f 1170//1170 1175//1175 1171//1171
f 1170//1170 1174//1174 1175//1175
f 1171//1171 1176//1176 1172//1172
f 1171//1171 1175//1175 1176//1176
f 1172//1172 1177//1177 1173//1173
f 1172//1172 1176//1176 1177//1177
f 1177//1177 1009//1009 1005//1005
f 1177//1177 1005//1005 1173//1173
f 1011//1011 1178//1178 1174//1174
f 1011//1011 1174//1174 1007//1007
f 1174//1174 1179//1179 1175//1175
f 1174//1174 1178//1178 1179//1179
f 1175//1175 1180//1180 1176//1176
f 1175//1175 1179//1179 1180//1180
f 1176//1176 1181//1181 1177//1177
f 1176//1176 1180//1180 1181//1181
f 1181//1181 1013//1013 1009//1009
f 1181//1181 1009//1009 1177//1177
f 1015//1015 1182//1182 1178//1178
f 1015//1015 1178//1178 1011//1011
f 1178//1178 1183//1183 1179//1179
f 1178//1178 1182//1182 1183//1183
f 1179//1179 1184//1184 1180//1180
f 1179//1179 1183//1183 1184//1184
f 1180//1180 1185//1185 1181//1181
f 1180//1180 1184//1184 1185//1185
f 1185//1185 1017//1017 1013//1013
f 1185//1185 1013//1013 1181//1181
f 1019//1019 1186//1186 1182//1182
f 1019//1019 1182//1182 1015//1015
f 1182//1182 1187//1187 1183//1183
f 1182//1182 1186//1186 1187//1187
f 1183//1183 1188//1188 1184//1184
f 1183//1183 1187//1187 1188//1188
f 1184//1184 1189//1189 1185//1185
f 1184//1184 1188//1188 1189//1189
f 1189//1189 1021//1021 1017//1017
f 1189//1189 1017//1017 1185//1185
f 1022//1022 1186//1186 1019//1019
f 1186//1186 1022//1022 1023//1023
f 1186//1186 1023//1023 1187//1187
f 1187//1187 1023//1023 1024//1024
f 1187//1187 1024//1024 1188//1188
f 1188//1188 1024//1024 1025//1025
f 1188//1188 1025//1025 1189//1189
f 1189//1189 1025//1025 1021//1021
f 1191//1191 1190//1190 1027//1027
f 1191//1191 1027//1027 1028//1028
f 1029//1029 1027//1027 1190//1190
f 1029//1029 1190//1190 1192//1192
f 1193//1193 1191//1191 1028//1028
f 1193//1193 1028//1028 1030//1030
f 1030//1030 1029//1029 1192//1192
f 1030//1030 1192//1192 1193//1193
f 1195//1195 1194//1194 1190//1190
f 1195//1195 1190//1190 1191//1191
f 1192//1192 1190//1190 1194//1194
f 1192//1192 1194//1194 1196//1196
f 1197//1197 1195//1195 1191//1191
f 1197//1197 1191//1191 1193//1193
f 1193//1193 1192//1192 1196//1196
f 1193//1193 1196//1196 1197//1197
f 1199//1199 1198//1198 1194//1194
f 1199//1199 1194//1194 1195//1195
f 1196//1196 1194//1194 1198//1198
f 1196//1196 1198//1198 1200//1200
f 1201//1201 1199//1199 1195//1195
f 1201//1201 1195//1195 1197//1197
f 1197//1197 1196//1196 1200//1200
f 1197//1197 1200//1200 1201//1201
f 1203//1203 1202//1202 1198//1198
f 1203//1203 1198//1198 1199//1199
f 1200//1200 1198//1198 1202//1202
f 1200//1200 1202//1202 1204//1204
f 1205//1205 1203//1203 1199//1199
f 1205//1205 1199//1199 1201//1201
f 1201//1201 1200//1200 1204//1204
f 1201//1201 1204//1204 1205//1205
f 1207//1207 1206//1206 1202//1202
f 1207//1207 1202//1202 1203//1203
f 1204//1204 1202//1202 1206//1206
f 1204//1204 1206//1206 1208//1208
f 1209//1209 1207//1207 1203//1203
f 1209//1209 1203//1203 1205//1205
f 1205//1205 1204//1204 1208//1208
f 1205//1205 1208//1208 1209//1209
f 1207//1207 1210//1210 1206//1206
f 1210//1210 1208//1208 1206//1206
f 1209//1209 1210//1210 1207//1207
f 1210//1210 1209//1209 1208//1208
f 1213//1213 1212//1212 1211//1211
f 1214//1214 1211//1211 1212//1212
f 1217//1217 1216//1216 1215//1215
f 1218//1218 1215//1215 1216//1216
f 1219//1219 1213//1213 1211//1211
f 1219//1219 1211//1211 1214//1214
f 1220//1220 1217//1217 1215//1215
f 1220//1220 1215//1215 1218//1218
f 1223//1223 1222//1222 1221//1221
f 1224//1224 1221//1221 1222//1222
f 1227//1227 1226//1226 1225//1225
f 1228//1228 1225//1225 1226//1226
f 1229//1229 1223//1223 1221//1221
f 1229//1229 1221//1221 1224//1224
f 1230//1230 1227//1227 1225//1225
f 1230//1230 1225//1225 1228//1228
f 1232//1232 1231//1231 1212//1212
f 1232//1232 1212//1212 1213//1213
f 1234//1234 1233//1233 1214//1214
f 1212//1212 1234//1234 1214//1214
f 1231//1231 1234//1234 1212//1212
f 1235//1235 1233//1233 1234//1234
f 1238//1238 1237//1237 1236//1236
f 1216//1216 1217//1217 1236//1236
f 1237//1237 1216//1216 1236//1236
f 1239//1239 1216//1216 1237//1237
f 1218//1218 1216//1216 1239//1239
f 1218//1218 1239//1239 1240//1240
f 1213//1213 1219//1219 1241//1241
f 1242//1242 1213//1213 1241//1241
f 1232//1232 1213//1213 1242//1242
f 1243//1243 1241//1241 1219//1219
f 1243//1243 1219//1219 1214//1214
f 1244//1244 1243//1243 1214//1214
f 1233//1233 1244//1244 1214//1214
f 1244//1244 1233//1233 1235//1235
f 1245//1245 1238//1238 1236//1236
f 1247//1247 1245//1245 1246//1246
f 1246//1246 1245//1245 1220//1220
f 1245//1245 1236//1236 1220//1220
f 1236//1236 1217//1217 1220//1220
f 1248//1248 1246//1246 1220//1220
f 1218//1218 1248//1248 1220//1220
f 1240//1240 1248//1248 1218//1218
f 1249//1249 1242//1242 1241//1241
f 1249//1249 1241//1241 1243//1243
f 1250//1250 1247//1247 1246//1246
f 1250//1250 1246//1246 1248//1248
f 1253//1253 1252//1252 1251//1251
f 1254//1254 1251//1251 1252//1252
f 1257//1257 1256//1256 1255//1255
f 1258//1258 1255//1255 1256//1256
f 1253//1253 1251//1251 1222//1222
f 1223//1223 1253//1253 1222//1222
f 1259//1259 1253//1253 1223//1223
f 1261//1261 1260//1260 1224//1224
f 1261//1261 1224//1224 1222//1222
f 1254//1254 1261//1261 1222//1222
f 1251//1251 1254//1254 1222//1222
f 1262//1262 1260//1260 1261//1261
f 1265//1265 1264//1264 1263//1263
f 1263//1263 1264//1264 1257//1257
f 1263//1263 1257//1257 1255//1255
f 1227//1227 1263//1263 1255//1255
f 1226//1226 1227//1227 1255//1255
f 1228//1228 1226//1226 1255//1255
f 1258//1258 1228//1228 1255//1255
f 1266//1266 1228//1228 1258//1258
f 1267//1267 1259//1259 1223//1223
f 1267//1267 1223//1223 1229//1229
f 1229//1229 1224//1224 1260//1260
f 1268//1268 1229//1229 1260//1260
f 1267//1267 1229//1229 1268//1268
f 1268//1268 1260//1260 1262//1262
f 1269//1269 1265//1265 1263//1263
f 1269//1269 1263//1263 1227//1227
f 1230//1230 1269//1269 1227//1227
f 1270//1270 1269//1269 1230//1230
f 1230//1230 1228//1228 1266//1266
f 1230//1230 1266//1266 1270//1270
f 1232//1232 1271//1271 1231//1231
f 1272//1272 1234//1234 1231//1231
f 1272//1272 1231//1231 1271//1271
f 1272//1272 1235//1235 1234//1234
f 1238//1238 1273//1273 1237//1237
f 1274//1274 1239//1239 1237//1237
f 1274//1274 1237//1237 1273//1273
f 1274//1274 1240//1240 1239//1239
f 1242//1242 1275//1275 1271//1271
f 1242//1242 1271//1271 1232//1232
f 1275//1275 1243//1243 1244//1244
f 1272//1272 1275//1275 1244//1244
f 1271//1271 1275//1275 1272//1272
f 1272//1272 1244//1244 1235//1235
f 1245//1245 1273//1273 1238//1238
f 1273//1273 1245//1245 1247//1247
f 1276//1276 1273//1273 1247//1247
f 1274//1274 1273//1273 1276//1276
f 1276//1276 1248//1248 1240//1240
f 1276//1276 1240//1240 1274//1274
f 1249//1249 1275//1275 1242//1242
f 1275//1275 1249//1249 1243//1243
f 1250//1250 1276//1276 1247//1247
f 1276//1276 1250//1250 1248//1248
f 1253//1253 1277//1277 1252//1252
f 1277//1277 1254//1254 1252//1252
f 1257//1257 1278//1278 1256//1256
f 1278//1278 1258//1258 1256//1256
f 1259//1259 1279//1279 1277//1277
f 1259//1259 1277//1277 1253//1253
f 1280//1280 1261//1261 1254//1254
f 1277//1277 1280//1280 1254//1254
f 1279//1279 1280//1280 1277//1277
f 1280//1280 1262//1262 1261//1261
f 1265//1265 1281//1281 1264//1264
f 1278//1278 1257//1257 1264//1264
f 1281//1281 1278//1278 1264//1264
f 1282//1282 1278//1278 1281//1281
f 1282//1282 1266//1266 1258//1258
f 1282//1282 1258//1258 1278//1278
f 1267//1267 1279//1279 1259//1259
f 1279//1279 1267//1267 1268//1268
f 1279//1279 1268//1268 1280//1280
f 1280//1280 1268//1268 1262//1262
f 1269//1269 1281//1281 1265//1265
f 1281//1281 1269//1269 1270//1270
f 1281//1281 1270//1270 1282//1282
f 1282//1282 1270//1270 1266//1266

