# https://github.com/mikedh/trimesh
v -0.40804078 -0.41346167 0.38749275
v -0.40569750 -0.41580495 0.38749275
v -0.40569750 -0.41346167 0.37476616
v -0.40569750 -0.41346167 0.38983603
v -0.40569750 -0.40073256 0.38749275
v -0.40802706 0.39684151 -0.42281044
v -0.40569750 0.38415340 -0.42281044
v -0.40569750 0.39684151 -0.42513999
v -0.40569750 0.39684151 -0.41014576
v -0.40833940 0.39684151 0.38749275
v -0.40569750 0.38202437 0.38749275
v -0.40569750 0.39684151 0.37284288
v -0.40569750 0.39684151 0.39013457
v -0.40569750 0.39917110 -0.42281044
v -0.40569750 0.39948334 0.38749275
v -0.39296839 -0.41346167 0.38749275
v -0.39299405 0.39684151 -0.42281044
v -0.39084594 0.39684151 0.38749275
v -0.13424577 -0.29277822 -0.25040549
v -0.12984962 -0.29938016 -0.25040549
v -0.12984962 -0.29277822 -0.25813786
v -0.13838091 -0.29277822 -0.23316500
v -0.12984962 -0.30534149 -0.23316500
v -0.13745602 -0.29277822 -0.21592452
v -0.12984962 -0.30405565 -0.21592452
v -0.13342685 -0.29277822 -0.19868403
v -0.12984962 -0.29807954 -0.19868403
v -0.12984962 -0.29277822 -0.18636148
v -0.13655883 -0.27553771 -0.25040549
v -0.12984962 -0.27553771 -0.26560365
v -0.13972926 -0.27553771 -0.23316500
v -0.13886850 -0.27553771 -0.21592452
v -0.13564963 -0.27553771 -0.19868403
v -0.12984962 -0.28684563 -0.18144352
v -0.13209823 -0.27553771 -0.18144352
v -0.12984962 -0.27553771 -0.16978473
v -0.13027857 -0.25829723 -0.25040549
v -0.12984962 -0.25829723 -0.25161187
v -0.13252049 -0.25829723 -0.23316500
v -0.13135434 -0.25829723 -0.21592452
v -0.12984962 -0.25829723 -0.20510468
v -0.12984962 -0.26030820 -0.19868403
v -0.12984962 -0.26622479 -0.18144352
v -0.12984962 -0.25778345 -0.25040549
v -0.12984962 -0.25525311 -0.23316500
v -0.12984962 -0.25663346 -0.21592452
v -0.14284398 0.22443657 0.38749275
v -0.12984962 0.22291772 0.38749275
v -0.12984962 0.22443657 0.38552872
v -0.12984962 0.22443657 0.38771339
v -0.12985417 0.24167705 0.38749275
v -0.12984962 0.24167705 0.38749093
v -0.12984962 0.24167705 0.38749305
v -0.12984962 0.24167922 0.38749275
v -0.11260911 -0.30267814 -0.25040549
v -0.11260911 -0.29277822 -0.26498295
v -0.11260911 -0.30771339 -0.23316500
v -0.11260911 -0.30822088 -0.21592452
v -0.11260911 -0.30541030 -0.19868403
v -0.12710991 -0.29277822 -0.18144352
v -0.11260911 -0.30152030 -0.18144352
v -0.11923580 -0.29277822 -0.16420304
v -0.11260911 -0.29773367 -0.16420304
v -0.11288678 -0.29277822 -0.14696256
v -0.11260911 -0.29302483 -0.14696256
v -0.11260911 -0.29277822 -0.14635016
v -0.12703037 -0.27553771 -0.26764600
v -0.11260911 -0.28877440 -0.26764600
v -0.11260911 -0.27553771 -0.27406820
v -0.12817107 -0.27553771 -0.16420304
v -0.12340860 -0.27553771 -0.14696256
v -0.11260911 -0.28426322 -0.12972205
v -0.11858664 -0.27553771 -0.12972205
v -0.11297824 -0.27553771 -0.11248156
v -0.11260911 -0.27599794 -0.11248156
v -0.11260911 -0.27553771 -0.11149519
v -0.11409628 -0.25829723 -0.26764600
v -0.11260911 -0.25829723 -0.26854860
v -0.12627397 -0.25829723 -0.19868403
v -0.12437377 -0.25829723 -0.18144352
v -0.12518695 -0.25829723 -0.16420304
v -0.12470517 -0.25829723 -0.14696256
v -0.12306535 -0.25829723 -0.12972205
v -0.12051859 -0.25829723 -0.11248156
v -0.11260911 -0.26644151 -0.09524108
v -0.11720762 -0.25829723 -0.09524108
v -0.11332805 -0.25829723 -0.07800057
v -0.11260911 -0.25940568 -0.07800057
v -0.11260911 -0.25829723 -0.07509834
v -0.11260911 -0.25764221 -0.26764600
v -0.11260911 -0.25080633 -0.25040549
v -0.11260911 -0.25006314 -0.23316500
v -0.11260911 -0.25328471 -0.21592452
v -0.11260911 -0.25553803 -0.19868403
v -0.11260911 -0.25319138 -0.18144352
v -0.11260911 -0.24487917 -0.16420304
v -0.11260911 -0.24105672 -0.15827651
v -0.11792307 -0.24105672 -0.14696256
v -0.12076414 -0.24105672 -0.12972205
v -0.12133665 -0.24105672 -0.11248156
v -0.12058332 -0.24105672 -0.09524108
v -0.11873277 -0.24105672 -0.07800057
v -0.11260911 -0.24997928 -0.06076008
v -0.11591350 -0.24105672 -0.06076008
v -0.11260911 -0.24105672 -0.04507493
v -0.11260911 -0.23432784 -0.14696256
v -0.11260911 -0.22464736 -0.12972205
v -0.11260911 -0.22381623 -0.12815388
v -0.11629628 -0.22381623 -0.11248156
v -0.11830396 -0.22381623 -0.09524108
v -0.11862924 -0.22381623 -0.07800057
v -0.11739184 -0.22381623 -0.06076008
v -0.11260911 -0.23893706 -0.04351960
v -0.11479048 -0.22381623 -0.04351960
v -0.11260911 -0.22381623 -0.03332889
v -0.11260911 -0.21738076 -0.11248156
v -0.11260911 -0.21020641 -0.09524108
v -0.11260911 -0.20657575 -0.08531301
v -0.11368523 -0.20657575 -0.07800057
v -0.11426303 -0.20657575 -0.06076008
v -0.11300287 -0.20657575 -0.04351960
v -0.11260911 -0.20657575 -0.04099923
v -0.11260911 -0.20444801 -0.07800057
v -0.11260911 -0.20258963 -0.06076008
v -0.11260911 -0.20541791 -0.04351960
v -0.11360907 -0.01693032 0.04268285
v -0.11260911 -0.03003679 0.04268285
v -0.11260911 -0.01693032 0.03050763
v -0.11341335 -0.01693032 0.05992339
v -0.11260911 -0.02939897 0.05992339
v -0.11260911 -0.01693032 0.06554878
v -0.11382778 0.00031017 0.02544237
v -0.11260911 -0.01244643 0.02544237
v -0.11260911 0.00031017 0.01480619
v -0.11465727 0.00031017 0.04268285
v -0.11401615 0.00031017 0.05992339
v -0.11260911 0.00031017 0.06876533
v -0.11434435 0.01755065 0.00820188
v -0.11260911 0.00537302 0.00820188
v -0.11260911 0.01755065 -0.00518302
v -0.11549031 0.01755065 0.02544237
v -0.11552908 0.01755065 0.04268285
v -0.11420686 0.01755065 0.05992339
v -0.11260911 0.01755065 0.06855833
v -0.11468260 0.03479114 -0.28488648
v -0.11260911 0.03302742 -0.28488648
v -0.11260911 0.03479114 -0.29538336
v -0.11556309 0.03479114 -0.26764600
v -0.11260911 0.03173773 -0.26764600
v -0.11469936 0.03479114 -0.25040549
v -0.11260911 0.03220717 -0.25040549
v -0.11276120 0.03479114 -0.23316500
v -0.11260911 0.03457175 -0.23316500
v -0.11260911 0.03479114 -0.23214656
v -0.11487497 0.03479114 -0.00903860
v -0.11260911 0.02048981 -0.00903860
v -0.11260911 0.03479114 -0.02513995
v -0.11628120 0.03479114 0.00820188
v -0.11660908 0.03479114 0.02544237
v -0.11578963 0.03479114 0.04268285
v -0.11371927 0.03479114 0.05992339
v -0.11260911 0.03479114 0.06508598
v -0.12171364 0.05203162 -0.31936748
v -0.11260911 0.04392528 -0.31936748
v -0.11260911 0.05203162 -0.33020504
v -0.12576863 0.05203162 -0.30212699
v -0.11260911 0.03655077 -0.30212699
v -0.12587336 0.05203162 -0.28488648
v -0.12405302 0.05203162 -0.26764600
v -0.12100900 0.05203162 -0.25040549
v -0.11751697 0.05203162 -0.23316500
v -0.11260911 0.04483717 -0.21592452
v -0.11428622 0.05203162 -0.21592452
v -0.11260911 0.05203162 -0.20552769
v -0.11424918 0.05203162 -0.02627909
v -0.11260911 0.03627247 -0.02627909
v -0.11260911 0.05203162 -0.03847467
v -0.11588153 0.05203162 -0.00903860
v -0.11659347 0.05203162 0.00820188
v -0.11621894 0.05203162 0.02544237
v -0.11470528 0.05203162 0.04268285
v -0.11260911 0.05203162 0.05619781
v -0.11260911 0.04597858 0.05992339
v -0.12456683 0.06927216 -0.31936748
v -0.11260911 0.06927216 -0.33314239
v -0.12623767 0.06927216 -0.30212699
v -0.12431916 0.06927216 -0.28488648
v -0.12066308 0.06927216 -0.26764600
v -0.11614049 0.06927216 -0.25040549
v -0.11260911 0.06927216 -0.23659007
v -0.11260911 0.06700355 -0.23316500
v -0.11260911 0.05723792 -0.21592452
v -0.11261452 0.06927216 -0.02627909
v -0.11260911 0.06927216 -0.02632763
v -0.11391098 0.06927216 -0.00903860
v -0.11429377 0.06927216 0.00820188
v -0.11357732 0.06927216 0.02544237
v -0.11260911 0.06927216 0.03439746
v -0.11260911 0.06389606 0.04268285
v -0.11260911 0.08418975 -0.31936748
v -0.11260911 0.08499062 -0.30212699
v -0.11260911 0.08167970 -0.28488648
v -0.11260911 0.07731908 -0.26764600
v -0.11260911 0.07274616 -0.25040549
v -0.11260911 0.06928766 -0.02627909
v -0.11260911 0.07318570 -0.00903860
v -0.11260911 0.07454145 0.00820188
v -0.11260911 0.07237456 0.02544237
v -0.11260911 0.22398953 0.38749275
v -0.11260911 0.22443657 0.38667340
v -0.11260911 0.22443657 0.38757084
v -0.11260911 0.24167705 0.38582133
v -0.11260911 0.24167705 0.38773953
v -0.11260911 0.24366358 0.38749275
v -0.09536862 -0.29320235 -0.25040549
v -0.09536862 -0.29277822 -0.25110862
v -0.09536862 -0.29745320 -0.23316500
v -0.09536862 -0.29832706 -0.21592452
v -0.09536862 -0.29808702 -0.19868403
v -0.09536862 -0.29790794 -0.18144352
v -0.09536862 -0.29752828 -0.16420304
v -0.09536862 -0.29544004 -0.14696256
v -0.09536862 -0.29277822 -0.13812119
v -0.09782142 -0.27553771 -0.26764600
v -0.09536862 -0.27553771 -0.26601061
v -0.09536862 -0.28995843 -0.12972205
v -0.09536862 -0.28278863 -0.11248156
v -0.09836131 -0.27553771 -0.09524108
v -0.09536862 -0.27665094 -0.09524108
v -0.09536862 -0.27553771 -0.09135689
v -0.11054564 -0.25829723 -0.26764600
v -0.09536862 -0.25829723 -0.25639136
v -0.10082193 -0.25829723 -0.19868403
v -0.09536862 -0.25829723 -0.21369541
v -0.09536862 -0.26056266 -0.19868403
v -0.09536862 -0.25829723 -0.19246959
v -0.09536862 -0.27131068 -0.07800057
v -0.10755436 -0.25829723 -0.06076008
v -0.09536862 -0.26755660 -0.06076008
v -0.10251506 -0.25829723 -0.04351960
v -0.09536862 -0.26466561 -0.04351960
v -0.09815660 -0.25829723 -0.02627909
v -0.09536862 -0.26135021 -0.02627909
v -0.09536862 -0.25829723 -0.01590631
v -0.09536862 -0.25609798 -0.25040549
v -0.09536862 -0.25546275 -0.23316500
v -0.09536862 -0.25811802 -0.21592452
v -0.09536862 -0.25615221 -0.18144352
v -0.09536862 -0.24537555 -0.16420304
v -0.09536862 -0.24105672 -0.15941822
v -0.11222552 -0.24105672 -0.04351960
v -0.10737830 -0.24105672 -0.02627909
v -0.09536862 -0.25530014 -0.00903860
v -0.10237155 -0.24105672 -0.00903860
v -0.09709206 -0.24105672 0.00820188
v -0.09536862 -0.24488287 0.00820188
v -0.09536862 -0.24105672 0.01338492
v -0.09536862 -0.23012185 -0.14696256
v -0.11149492 -0.22381623 -0.12972205
v -0.09536862 -0.22381623 -0.13960079
v -0.11099652 -0.22381623 -0.02627909
v -0.10644481 -0.22381623 -0.00903860
v -0.10163735 -0.22381623 0.00820188
v -0.09536862 -0.22799750 0.02544237
v -0.09654960 -0.22381623 0.02544237
v -0.09536862 -0.22381623 0.02909649
v -0.09536862 -0.21626572 -0.12972205
v -0.10017213 -0.20657575 -0.11248156
v -0.09536862 -0.20657575 -0.11694090
v -0.11014961 -0.20657575 -0.09524108
v -0.11015032 -0.20657575 -0.02627909
v -0.10669647 -0.20657575 -0.00903860
v -0.10305416 -0.20657575 0.00820188
v -0.09912521 -0.20657575 0.02544237
v -0.09536862 -0.20657575 0.03974208
v -0.09536862 -0.20342805 -0.11248156
v -0.09536862 -0.19223991 -0.09524108
v -0.10113979 -0.18933527 -0.07800057
v -0.09536862 -0.18933527 -0.08978832
v -0.10489205 -0.18933527 -0.06076008
v -0.10540396 -0.18933527 -0.04351960
v -0.10418378 -0.18933527 -0.02627909
v -0.10256851 -0.18933527 -0.00903860
v -0.10112156 -0.18933527 0.00820188
v -0.09934092 -0.18933527 0.02544237
v -0.09536862 -0.19981593 0.04268285
v -0.09653490 -0.18933527 0.04268285
v -0.09536862 -0.18933527 0.04747898
v -0.09536862 -0.18369401 -0.07800057
v -0.09536862 -0.17899965 -0.06076008
v -0.09536862 -0.17726848 -0.04351960
v -0.09536862 -0.17680493 -0.02627909
v -0.09536862 -0.17595424 -0.00903860
v -0.09536862 -0.17209476 0.00711184
v -0.09550364 -0.17209476 0.00820188
v -0.09740115 -0.17209476 0.02544237
v -0.09710137 -0.17209476 0.04268285
v -0.09536862 -0.17209476 0.05429694
v -0.09536862 -0.17176771 0.00820188
v -0.09536862 -0.15942552 0.02544237
v -0.09536862 -0.15485427 0.03033462
v -0.09711454 -0.15485427 0.04268285
v -0.09536862 -0.16331862 0.05992339
v -0.09615715 -0.15485427 0.05992339
v -0.09536862 -0.15485427 0.06379624
v -0.09771978 -0.13761379 0.04268285
v -0.09536862 -0.13761379 0.03220524
v -0.09778265 -0.13761379 0.05992339
v -0.09536862 -0.13761379 0.07519250
v -0.09587243 -0.12037328 0.02544237
v -0.09536862 -0.12436209 0.02544237
v -0.09536862 -0.12037328 0.02417140
v -0.09950178 -0.12037328 0.04268285
v -0.09981535 -0.12037328 0.05992339
v -0.09536862 -0.13539679 0.07716387
v -0.09751016 -0.12037328 0.07716387
v -0.09536862 -0.12037328 0.08471441
v -0.09941995 -0.10313279 0.02544237
v -0.09536862 -0.10313279 0.01229710
v -0.10207416 -0.10313279 0.04268285
v -0.10226264 -0.10313279 0.05992339
v -0.10009876 -0.10313279 0.07716387
v -0.09536862 -0.10313279 0.09412082
v -0.09856755 -0.08589231 0.00820188
v -0.09536862 -0.09802671 0.00820188
v -0.09536862 -0.08589231 -0.00090064
v -0.10268323 -0.08589231 0.02544237
v -0.10480033 -0.08589231 0.04268285
v -0.10488648 -0.08589231 0.05992339
v -0.10272485 -0.08589231 0.07716387
v -0.09536862 -0.10258075 0.09440436
v -0.09790793 -0.08589231 0.09440436
v -0.09536862 -0.08589231 0.10012124
v -0.09624283 -0.06865180 -0.00903860
v -0.09536862 -0.07263535 -0.00903860
v -0.09536862 -0.06865180 -0.01118047
v -0.10150575 -0.06865180 0.00820188
v -0.10522976 -0.06865180 0.02544237
v -0.10732261 -0.06865180 0.04268285
v -0.10743012 -0.06865180 0.05992339
v -0.10516947 -0.06865180 0.07716387
v -0.10021495 -0.06865180 0.09440436
v -0.09536862 -0.06865180 0.10506083
v -0.09853976 -0.05141131 -0.00903860
v -0.09536862 -0.05141131 -0.01751000
v -0.10336484 -0.05141131 0.00820188
v -0.10716425 -0.05141131 0.02544237
v -0.10960295 -0.05141131 0.04268285
v -0.10977838 -0.05141131 0.05992339
v -0.10721370 -0.05141131 0.07716387
v -0.10197396 -0.05141131 0.09440436
v -0.09536862 -0.05141131 0.10874314
v -0.10030058 -0.03417083 -0.00903860
v -0.09536862 -0.03417083 -0.02388701
v -0.10474184 -0.03417083 0.00820188
v -0.10884768 -0.03417083 0.02544237
v -0.11201507 -0.03417083 0.04268285
v -0.11207640 -0.03417083 0.05992339
v -0.10871304 -0.03417083 0.07716387
v -0.10300766 -0.03417083 0.09440436
v -0.09536862 -0.03417083 0.11107555
v -0.09737021 -0.01693032 -0.02627909
v -0.09536862 -0.02928250 -0.02627909
v -0.09536862 -0.01693032 -0.03051355
v -0.10244091 -0.01693032 -0.00903860
v -0.10655027 -0.01693032 0.00820188
v -0.11142936 -0.01693032 0.02544237
v -0.10958457 -0.01693032 0.07716387
v -0.10329648 -0.01693032 0.09440436
v -0.09536862 -0.02375953 0.11164484
v -0.09552817 -0.01693032 0.11164484
v -0.09536862 -0.01693032 0.11189817
v -0.10132061 0.00031017 -0.02627909
v -0.09536862 0.00031017 -0.03938634
v -0.10610211 0.00031017 -0.00903860
v -0.11069821 0.00031017 0.00820188
v -0.10977569 0.00031017 0.07716387
v -0.10303938 0.00031017 0.09440436
v -0.09544199 0.00031017 0.11164484
v -0.09536862 0.00031017 0.11176121
v -0.10050562 0.01755065 -0.04351960
v -0.09536862 0.00495347 -0.04351960
v -0.09536862 0.01755065 -0.05175776
v -0.10688059 0.01755065 -0.02627909
v -0.11171685 0.01755065 -0.00903860
v -0.10925970 0.01755065 0.07716387
v -0.10248371 0.01755065 0.09440436
v -0.09536862 0.01755065 0.11051265
v -0.09536862 0.00304343 0.11164484
v -0.10212117 0.03479114 -0.30212699
v -0.09536862 0.03414244 -0.30212699
v -0.09536862 0.03479114 -0.30402583
v -0.09536862 0.03008232 -0.28488648
v -0.09536862 0.02751084 -0.26764600
v -0.09536862 0.02628822 -0.25040549
v -0.09536862 0.02616963 -0.23316500
v -0.10727392 0.03479114 -0.21592452
v -0.09536862 0.02681939 -0.21592452
v -0.10325582 0.03479114 -0.19868403
v -0.09536862 0.02817127 -0.19868403
v -0.10000407 0.03479114 -0.18144352
v -0.09536862 0.03039395 -0.18144352
v -0.09676531 0.03479114 -0.16420304
v -0.09536862 0.03342611 -0.16420304
v -0.09536862 0.03479114 -0.15725072
v -0.10178123 0.03479114 -0.06076008
v -0.09536862 0.02573176 -0.06076008
v -0.09536862 0.03479114 -0.07612479
v -0.10779301 0.03479114 -0.04351960
v -0.11238191 0.03479114 -0.02627909
v -0.10796980 0.03479114 0.07716387
v -0.10151494 0.03479114 0.09440436
v -0.09536862 0.03479114 0.10784233
v -0.09536862 0.04317875 -0.31936748
v -0.09536862 0.05203162 -0.32965088
v -0.11047701 0.05203162 -0.19868403
v -0.10680773 0.05203162 -0.18144352
v -0.10421009 0.05203162 -0.16420304
v -0.09536862 0.03859692 -0.14696256
v -0.10216926 0.05203162 -0.14696256
v -0.10085635 0.05203162 -0.12972205
v -0.09536862 0.04273020 -0.12972205
v -0.10069462 0.05203162 -0.11248156
v -0.09536862 0.04392498 -0.11248156
v -0.10200805 0.05203162 -0.09524108
v -0.09536862 0.04222617 -0.09524108
v -0.10476654 0.05203162 -0.07800057
v -0.09536862 0.03609432 -0.07800057
v -0.10828970 0.05203162 -0.06076008
v -0.11173765 0.05203162 -0.04351960
v -0.11153346 0.05203162 0.05992339
v -0.10574971 0.05203162 0.07716387
v -0.09967247 0.05203162 0.09440436
v -0.09536862 0.05203162 0.10344797
v -0.09536862 0.06927216 -0.33268088
v -0.10944092 0.06927216 -0.23316500
v -0.10080527 0.06927216 -0.21592452
v -0.09837571 0.06927216 -0.19868403
v -0.09764579 0.06927216 -0.18144352
v -0.09732280 0.06927216 -0.16420304
v -0.09732557 0.06927216 -0.14696256
v -0.09792852 0.06927216 -0.12972205
v -0.09936960 0.06927216 -0.11248156
v -0.10163803 0.06927216 -0.09524108
v -0.10446964 0.06927216 -0.07800057
v -0.10746345 0.06927216 -0.06076008
v -0.11025314 0.06927216 -0.04351960
v -0.11122810 0.06927216 0.04268285
v -0.10708953 0.06927216 0.05992339
v -0.10231505 0.06927216 0.07716387
v -0.09651813 0.06927216 0.09440436
v -0.09536862 0.06927216 0.09680972
v -0.10490297 0.08651264 -0.31936748
v -0.09536862 0.08651264 -0.32229634
v -0.10818050 0.08651264 -0.30212699
v -0.09674369 0.08651264 -0.28488648
v -0.09536862 0.08651264 -0.28361703
v -0.09536862 0.08148398 -0.26764600
v -0.09536862 0.07648035 -0.25040549
v -0.09536862 0.07303423 -0.23316500
v -0.09536862 0.07135556 -0.21592452
v -0.09536862 0.07083416 -0.19868403
v -0.09536862 0.07075576 -0.18144352
v -0.09536862 0.07079005 -0.16420304
v -0.09536862 0.07104624 -0.14696256
v -0.09536862 0.07197878 -0.12972205
v -0.09536862 0.07424271 -0.11248156
v -0.09536862 0.07843425 -0.09524108
v -0.09536862 0.08469640 -0.07800057
v -0.09536862 0.08651264 -0.07381731
v -0.09863024 0.08651264 -0.06076008
v -0.10239068 0.08651264 -0.04351960
v -0.10531927 0.08651264 -0.02627909
v -0.10724434 0.08651264 -0.00903860
v -0.10794616 0.08651264 0.00820188
v -0.10719499 0.08651264 0.02544237
v -0.10496257 0.08651264 0.04268285
v -0.10151069 0.08651264 0.05992339
v -0.09709422 0.08651264 0.07716387
v -0.09536862 0.08651264 0.08244550
v -0.09536862 0.07314239 0.09440436
v -0.09536862 0.08796668 -0.31936748
v -0.09536862 0.08900250 -0.30212699
v -0.09536862 0.08677337 -0.28488648
v -0.09536862 0.08997658 -0.06076008
v -0.09536862 0.09505035 -0.04351960
v -0.09536862 0.10042514 -0.02627909
v -0.09536862 0.10375312 -0.01485438
v -0.09654510 0.10375312 -0.00903860
v -0.09846775 0.10375312 0.00820188
v -0.09862412 0.10375312 0.02544237
v -0.09699518 0.10375312 0.04268285
v -0.09536862 0.10375312 0.05117560
v -0.09536862 0.09991824 0.05992339
v -0.09536862 0.09018756 0.07716387
v -0.09536862 0.10520611 -0.00903860
v -0.09536862 0.10814079 0.00820188
v -0.09536862 0.10885550 0.02544237
v -0.09536862 0.10644001 0.04268285
v -0.09780339 0.18995560 0.21508780
v -0.09536862 0.18358271 0.21508780
v -0.09536862 0.18995560 0.20491925
v -0.10115394 0.18995560 0.23232828
v -0.09536862 0.17769246 0.23232828
v -0.10347957 0.18995560 0.24956877
v -0.09536862 0.17634456 0.24956877
v -0.10465327 0.18995560 0.26680925
v -0.09536862 0.17792655 0.26680925
v -0.10442691 0.18995560 0.28404979
v -0.09536862 0.18133672 0.28404979
v -0.10066443 0.18995560 0.30129027
v -0.09536862 0.18668814 0.30129027
v -0.09536862 0.18995560 0.30804342
v -0.09595695 0.20719608 0.19784731
v -0.09536862 0.20246687 0.19784731
v -0.09536862 0.20719608 0.19569764
v -0.10016417 0.20719608 0.21508780
v -0.10361877 0.20719608 0.23232828
v -0.10597955 0.20719608 0.24956877
v -0.10711861 0.20719608 0.26680925
v -0.10684479 0.20719608 0.28404979
v -0.10358657 0.20719608 0.30129027
v -0.09536862 0.20719608 0.31223426
v -0.09555765 0.22443657 0.19784731
v -0.09536862 0.22443657 0.19706342
v -0.09902093 0.22443657 0.21508780
v -0.10146016 0.22443657 0.23232828
v -0.10233900 0.22443657 0.24956877
v -0.10110610 0.22443657 0.26680925
v -0.09674062 0.22443657 0.28404979
v -0.09536862 0.22443657 0.28722374
v -0.09536862 0.21512201 0.30129027
v -0.10952687 0.22443657 0.38749275
v -0.09536862 0.22569187 0.19784731
v -0.09536862 0.23923427 0.21508780
v -0.09536862 0.24108520 0.23232828
v -0.09536862 0.23759181 0.24956877
v -0.09536862 0.23171732 0.26680925
v -0.09536862 0.22555808 0.28404979
v -0.10589427 0.24167705 0.38749275
v -0.09496081 -0.29277822 -0.25040549
v -0.09108254 -0.29277822 -0.23316500
v -0.09047282 -0.29277822 -0.21592452
v -0.09044059 -0.29277822 -0.19868403
v -0.08978699 -0.29277822 -0.18144352
v -0.08890014 -0.29277822 -0.16420304
v -0.09080261 -0.29277822 -0.14696256
v -0.08535879 -0.27553771 -0.25040549
v -0.08126513 -0.27553771 -0.23316500
v -0.08085707 -0.27553771 -0.21592452
v -0.08005895 -0.27553771 -0.19868403
v -0.07812814 -0.27553771 -0.19009317
v -0.07812814 -0.27752110 -0.18144352
v -0.07812814 -0.28224446 -0.16420304
v -0.07812814 -0.28393507 -0.14696256
v -0.07812814 -0.28164813 -0.12972205
v -0.07812814 -0.27769325 -0.11248156
v -0.08726316 -0.27553771 -0.09524108
v -0.07812814 -0.27553771 -0.10195669
v -0.09210947 -0.25829723 -0.25040549
v -0.09033150 -0.25829723 -0.23316500
v -0.09490608 -0.25829723 -0.21592452
v -0.07812814 -0.27072585 -0.18144352
v -0.08760939 -0.25829723 -0.18144352
v -0.07812814 -0.25829723 -0.17410678
v -0.07812814 -0.27407873 -0.09524108
v -0.07812814 -0.27183075 -0.07800057
v -0.07812814 -0.27115030 -0.06076008
v -0.07812814 -0.27158115 -0.04351960
v -0.07812814 -0.27238287 -0.02627909
v -0.09332461 -0.25829723 -0.00903860
v -0.07812814 -0.27195869 -0.00903860
v -0.08760405 -0.25829723 0.00820188
v -0.07812814 -0.26853192 0.00820188
v -0.08148568 -0.25829723 0.02544237
v -0.07812814 -0.26227359 0.02544237
v -0.07812814 -0.25829723 0.03428834
v -0.07812814 -0.25275625 -0.16420304
v -0.07812814 -0.24105672 -0.15151868
v -0.09113682 -0.24105672 0.02544237
v -0.07812814 -0.25329312 0.04268285
v -0.08478874 -0.24105672 0.04268285
v -0.07812814 -0.24105672 0.05951059
v -0.07812814 -0.23754819 -0.14696256
v -0.07812814 -0.22381623 -0.13187741
v -0.09081509 -0.22381623 0.04268285
v -0.07812814 -0.24064654 0.05992339
v -0.08436119 -0.22381623 0.05992339
v -0.07812814 -0.22381623 0.07414808
v -0.07812814 -0.22199068 -0.12972205
v -0.07812814 -0.20657575 -0.11365950
v -0.09458337 -0.20657575 0.04268285
v -0.08897006 -0.20657575 0.05992339
v -0.07812814 -0.21948119 0.07716387
v -0.08201174 -0.20657575 0.07716387
v -0.07812814 -0.20657575 0.08493556
v -0.07812814 -0.20545625 -0.11248156
v -0.07812814 -0.18944078 -0.09524108
v -0.07812814 -0.18933527 -0.09510819
v -0.09226974 -0.18933527 0.05992339
v -0.08628302 -0.18933527 0.07716387
v -0.07812814 -0.18974285 0.09440436
v -0.07824493 -0.18933527 0.09440436
v -0.07812814 -0.18933527 0.09460783
v -0.07812814 -0.17767989 -0.07800057
v -0.08181116 -0.17209476 -0.06076008
v -0.07812814 -0.17209476 -0.06494044
v -0.08871142 -0.17209476 -0.04351960
v -0.09131623 -0.17209476 -0.02627909
v -0.09313511 -0.17209476 -0.00903860
v -0.09451964 -0.17209476 0.05992339
v -0.08971835 -0.17209476 0.07716387
v -0.08257726 -0.17209476 0.09440436
v -0.07812814 -0.17209476 0.10253849
v -0.07812814 -0.17051782 -0.06076008
v -0.07812814 -0.16510273 -0.04351960
v -0.07812814 -0.15814079 -0.02627909
v -0.07812814 -0.15485427 -0.02049861
v -0.08263177 -0.15485427 -0.00903860
v -0.08883566 -0.15485427 0.00820188
v -0.09462624 -0.15485427 0.02544237
v -0.09251771 -0.15485427 0.07716387
v -0.08625258 -0.15485427 0.09440436
v -0.07812814 -0.15485427 0.11000252
v -0.07812814 -0.14047140 -0.00903860
v -0.07812814 -0.13761379 -0.00743395
v -0.08602753 -0.13761379 0.00820188
v -0.09372339 -0.13761379 0.02544237
v -0.09504052 -0.13761379 0.07716387
v -0.08943839 -0.13761379 0.09440436
v -0.07812814 -0.15067990 0.11164484
v -0.08092376 -0.13761379 0.11164484
v -0.07812814 -0.13761379 0.11603825
v -0.07818695 -0.12037328 -0.00903860
v -0.07812814 -0.12133250 -0.00903860
v -0.07812814 -0.12037328 -0.00912118
v -0.08839686 -0.12037328 0.00820188
v -0.09238077 -0.12037328 0.09440436
v -0.08415323 -0.12037328 0.11164484
v -0.07812814 -0.12037328 0.12113941
v -0.08460999 -0.10313279 -0.00903860
v -0.07812814 -0.10313279 -0.01811575
v -0.09382112 -0.10313279 0.00820188
v -0.09528093 -0.10313279 0.09440436
v -0.08706014 -0.10313279 0.11164484
v -0.07812814 -0.10313279 0.12564722
v -0.08103301 -0.08589231 -0.02627909
v -0.07812814 -0.09124514 -0.02627909
v -0.07812814 -0.08589231 -0.03000426
v -0.09159267 -0.08589231 -0.00903860
v -0.08967903 -0.08589231 0.11164484
v -0.07812814 -0.08888723 0.12888532
v -0.07858650 -0.08589231 0.12888532
v -0.07812814 -0.08589231 0.12947914
v -0.08698751 -0.06865180 -0.02627909
v -0.07812814 -0.06865180 -0.03826838
v -0.09194796 -0.06865180 0.11164484
v -0.08067769 -0.06865180 0.12888532
v -0.07812814 -0.06865180 0.13213410
v -0.07876581 -0.05141131 -0.04351960
v -0.07812814 -0.05377186 -0.04351960
v -0.07812814 -0.05141131 -0.04417842
v -0.09061746 -0.05141131 -0.02627909
v -0.09376697 -0.05141131 0.11164484
v -0.08213662 -0.05141131 0.12888532
v -0.07812814 -0.05141131 0.13389651
v -0.08215870 -0.03417083 -0.04351960
v -0.07812814 -0.03417083 -0.04770008
v -0.09405108 -0.03417083 -0.02627909
v -0.09503335 -0.03417083 0.11164484
v -0.08287442 -0.03417083 0.12888532
v -0.07812814 -0.03417083 0.13468469
v -0.08564059 -0.01693032 -0.04351960
v -0.07812814 -0.01693032 -0.05055893
v -0.08043176 -0.01693032 0.00820188
v -0.07812814 -0.01693032 0.00548856
v -0.07812814 -0.01943146 0.00820188
v -0.07812814 -0.02911490 0.02544237
v -0.08677492 -0.01693032 0.02544237
v -0.07812814 -0.03063332 0.04268285
v -0.08743449 -0.01693032 0.04268285
v -0.07812814 -0.02485750 0.05992339
v -0.08414120 -0.01693032 0.05992339
v -0.07812814 -0.01693032 0.07042386
v -0.08295644 -0.01693032 0.12888532
v -0.07812814 -0.01693032 0.13463136
v -0.09217312 0.00031017 -0.04351960
v -0.07812814 0.00031017 -0.05553515
v -0.08566380 0.00031017 0.00820188
v -0.07812814 0.00031017 -0.00216063
v -0.09023817 0.00031017 0.02544237
v -0.09100641 0.00031017 0.04268285
v -0.08883347 0.00031017 0.05992339
v -0.07812814 -0.00645668 0.07716387
v -0.08144497 0.00031017 0.07716387
v -0.07812814 0.00031017 0.08089251
v -0.08260996 0.00031017 0.12888532
v -0.07812814 0.00031017 0.13409465
v -0.08657836 0.01755065 -0.06076008
v -0.07812814 0.00723089 -0.06076008
v -0.07812814 0.01755065 -0.06839859
v -0.08425444 0.01755065 0.00820188
v -0.07812814 0.01755065 -0.00025965
v -0.08953608 0.01755065 0.02544237
v -0.09070130 0.01755065 0.04268285
v -0.08881590 0.01755065 0.05992339
v -0.08178797 0.01755065 0.07716387
v -0.07812814 0.01755065 0.08133613
v -0.09461526 0.01755065 0.11164484
v -0.08196597 0.01755065 0.12888532
v -0.07812814 0.01755065 0.13329661
v -0.09371100 0.03479114 -0.30212699
v -0.08442652 0.03479114 -0.28488648
v -0.08173264 0.03479114 -0.26764600
v -0.08215427 0.03479114 -0.25040549
v -0.08202682 0.03479114 -0.23316500
v -0.07914474 0.03479114 -0.21592452
v -0.07812814 0.03479114 -0.21275980
v -0.07812814 0.03252696 -0.19868403
v -0.07812814 0.03142428 -0.18144352
v -0.07812814 0.03263094 -0.16420304
v -0.07812814 0.03479114 -0.14880314
v -0.08388966 0.03479114 -0.09524108
v -0.07812814 0.03249076 -0.09524108
v -0.07812814 0.03479114 -0.10728147
v -0.09397936 0.03479114 -0.07800057
v -0.07812814 0.02512400 -0.07800057
v -0.07812814 0.03215994 0.00820188
v -0.08475221 0.03479114 0.02544237
v -0.07812814 0.03479114 0.01041565
v -0.08663775 0.03479114 0.04268285
v -0.08432866 0.03479114 0.05992339
v -0.07812814 0.03479114 0.07167952
v -0.07812814 0.02588776 0.07716387
v -0.09288669 0.03479114 0.11164484
v -0.08068021 0.03479114 0.12888532
v -0.07812814 0.03479114 0.13181975
v -0.08094436 0.05203162 -0.31936748
v -0.07812814 0.05203162 -0.31598345
v -0.07812814 0.04478446 -0.30212699
v -0.07812814 0.04033254 -0.28488648
v -0.07812814 0.04093582 -0.26764600
v -0.07821719 0.05203162 -0.25040549
v -0.07812814 0.05203162 -0.25072651
v -0.07986018 0.05203162 -0.23316500
v -0.07812814 0.05203162 -0.22276899
v -0.07812814 0.04053284 -0.21592452
v -0.07812814 0.03522986 -0.14696256
v -0.07812814 0.03772863 -0.12972205
v -0.07812814 0.03646512 -0.11248156
v -0.07812814 0.04485570 0.02544237
v -0.07812814 0.04816607 0.04268285
v -0.07812814 0.04364446 0.05992339
v -0.09020346 0.05203162 0.11164484
v -0.07812814 0.05203162 0.12881770
v -0.07812814 0.05176374 0.12888532
v -0.07812814 0.05756149 -0.31936748
v -0.07812814 0.06927216 -0.32350124
v -0.07886047 0.06927216 -0.26764600
v -0.07812814 0.06927216 -0.26905168
v -0.07812814 0.06720405 -0.26764600
v -0.08623823 0.06927216 -0.25040549
v -0.09000945 0.06927216 -0.23316500
v -0.07812814 0.05386855 -0.21592452
v -0.09114287 0.06927216 -0.21592452
v -0.07812814 0.06255616 -0.19868403
v -0.08896681 0.06927216 -0.19868403
v -0.07812814 0.06927216 -0.18604582
v -0.08657136 0.06927216 0.11164484
v -0.07812814 0.06927216 0.12304407
v -0.07812814 0.07714904 -0.31936748
v -0.09002994 0.08651264 -0.31936748
v -0.07812814 0.08319951 -0.30212699
v -0.08438737 0.08651264 -0.30212699
v -0.07812814 0.07761430 -0.28488648
v -0.09437125 0.08651264 -0.28488648
v -0.07812814 0.07029251 -0.18144352
v -0.07812814 0.07297134 -0.16420304
v -0.07812814 0.07503179 -0.14696256
v -0.07812814 0.07779834 -0.12972205
v -0.07812814 0.08273007 -0.11248156
v -0.08384074 0.08651264 -0.09524108
v -0.07812814 0.08651264 -0.10396867
v -0.09345871 0.08651264 -0.07800057
v -0.09042806 0.08651264 0.09440436
v -0.08197733 0.08651264 0.11164484
v -0.07812814 0.08651264 0.11713836
v -0.07812814 0.08885028 -0.09524108
v -0.07812814 0.09475463 -0.07800057
v -0.07812814 0.10169363 -0.06076008
v -0.08512892 0.10375312 -0.04351960
v -0.07812814 0.10375312 -0.05598754
v -0.09218434 0.10375312 -0.02627909
v -0.09308904 0.10375312 0.05992339
v -0.08743439 0.10375312 0.07716387
v -0.08173100 0.10375312 0.09440436
v -0.07812814 0.10375312 0.10450337
v -0.07812814 0.09691634 0.11164484
v -0.07812814 0.10828384 -0.04351960
v -0.07812814 0.11499339 -0.02627909
v -0.07925670 0.12099361 -0.00903860
v -0.07812814 0.12099361 -0.01147302
v -0.08410885 0.12099361 0.00820188
v -0.08552024 0.12099361 0.02544237
v -0.08373261 0.12099361 0.04268285
v -0.07941227 0.12099361 0.05992339
v -0.07812814 0.12099361 0.06373793
v -0.07812814 0.11554576 0.07716387
v -0.07812814 0.10857720 0.09440436
v -0.07812814 0.12195636 -0.00903860
v -0.07812814 0.12695410 0.00820188
v -0.07812814 0.12864022 0.02544237
v -0.07812814 0.12647756 0.04268285
v -0.07812814 0.12225445 0.05992339
v -0.08242864 0.17271506 0.18060683
v -0.07812814 0.16490948 0.18060683
v -0.07812814 0.17271506 0.16577609
v -0.08647977 0.17271506 0.19784731
v -0.07812814 0.16060561 0.19784731
v -0.08995476 0.17271506 0.21508780
v -0.07812814 0.15857230 0.21508780
v -0.09213379 0.17271506 0.23232828
v -0.07812814 0.15969673 0.23232828
v -0.09201873 0.17271506 0.24956877
v -0.07812814 0.16353948 0.24956877
v -0.08747618 0.17271506 0.26680925
v -0.07812814 0.16891034 0.26680925
v -0.07812814 0.17271506 0.27715373
v -0.08195253 0.18995560 0.16336629
v -0.07812814 0.17526061 0.16336629
v -0.07812814 0.18995560 0.15401684
v -0.08784356 0.18995560 0.18060683
v -0.09334247 0.18995560 0.19784731
v -0.07812814 0.17649612 0.28404979
v -0.07812814 0.18810759 0.30129027
v -0.07812814 0.18995560 0.30368829
v -0.07888449 0.20719608 0.14612581
v -0.07812814 0.20370646 0.14612581
v -0.07812814 0.20719608 0.14402614
v -0.08460394 0.20719608 0.16336629
v -0.09030409 0.20719608 0.18060683
v -0.07812814 0.20719608 0.30582164
v -0.08102512 0.22443657 0.14612581
v -0.07812814 0.22443657 0.13601698
v -0.08572815 0.22443657 0.16336629
v -0.09062428 0.22443657 0.18060683
v -0.07812814 0.22443657 0.29486623
v -0.07812814 0.21440589 0.30129027
v -0.08189988 0.24167705 0.14612581
v -0.07812814 0.24167705 0.13074023
v -0.08572357 0.24167705 0.16336629
v -0.08930516 0.24167705 0.18060683
v -0.09244744 0.24167705 0.19784731
v -0.09462503 0.24167705 0.21508780
v -0.09509085 0.24167705 0.23232828
v -0.09234960 0.24167705 0.24956877
v -0.08296183 0.24167705 0.26680925
v -0.07812814 0.24167705 0.27159863
v -0.07812814 0.23256677 0.28404979
v -0.07835299 0.25891754 0.12888532
v -0.07812814 0.25300010 0.12888532
v -0.07812814 0.25891754 0.12804805
v -0.08199991 0.25891754 0.14612581
v -0.08471414 0.25891754 0.16336629
v -0.08636157 0.25891754 0.18060683
v -0.08681006 0.25891754 0.19784731
v -0.08590446 0.25891754 0.21508780
v -0.08259647 0.25891754 0.23232828
v -0.07812814 0.25891754 0.24169103
v -0.07812814 0.25479886 0.24956877
v -0.07812814 0.24448282 0.26680925
v -0.07840634 0.27615802 0.12888532
v -0.07812814 0.27615802 0.12780963
v -0.08130841 0.27615802 0.14612581
v -0.08238292 0.27615802 0.16336629
v -0.08137687 0.27615802 0.18060683
v -0.07869408 0.27615802 0.19784731
v -0.07812814 0.27615802 0.20046084
v -0.07812814 0.27078172 0.21508780
v -0.07812814 0.26400314 0.23232828
v -0.07812814 0.28044674 0.12888532
v -0.07812814 0.29339856 0.13770406
v -0.07906785 0.29339856 0.14612581
v -0.07812814 0.29339856 0.16236165
v -0.07812814 0.29318274 0.16336629
v -0.07812814 0.28432076 0.18060683
v -0.07812814 0.27719117 0.19784731
v -0.07812814 0.29649854 0.14612581
v -0.07668726 -0.27553771 -0.18144352
v -0.07263729 -0.27553771 -0.16420304
v -0.07028293 -0.27553771 -0.14696256
v -0.07139153 -0.27553771 -0.12972205
v -0.07509560 -0.27553771 -0.11248156
v -0.06889001 -0.27553771 -0.02627909
v -0.06088763 -0.27789200 -0.02627909
v -0.06088763 -0.27553771 -0.03597691
v -0.07216586 -0.27553771 -0.00903860
v -0.06088763 -0.28139252 -0.00903860
v -0.06972975 -0.27553771 0.00820188
v -0.06088763 -0.28193102 0.00820188
v -0.06465323 -0.27553771 0.02544237
v -0.06088763 -0.27869518 0.02544237
v -0.06088763 -0.27553771 0.03599662
v -0.07116904 -0.25829723 -0.16420304
v -0.06316039 -0.25829723 -0.14696256
v -0.06088763 -0.25829723 -0.13501929
v -0.06088763 -0.25960583 -0.12972205
v -0.06088763 -0.26130718 -0.11248156
v -0.06088763 -0.26339356 -0.09524108
v -0.06088763 -0.26620674 -0.07800057
v -0.06088763 -0.26959721 -0.06076008
v -0.06088763 -0.27362014 -0.04351960
v -0.07480932 -0.25829723 0.04268285
v -0.06088763 -0.27331045 0.04268285
v -0.06749216 -0.25829723 0.05992339
v -0.06088763 -0.26610195 0.05992339
v -0.06088763 -0.25829723 0.07330748
v -0.07336761 -0.24105672 -0.14696256
v -0.06088763 -0.24654994 -0.12972205
v -0.06132857 -0.24105672 -0.12972205
v -0.06088763 -0.24105672 -0.12891088
v -0.07795079 -0.24105672 0.05992339
v -0.06088763 -0.25533181 0.07716387
v -0.06931660 -0.24105672 0.07716387
v -0.06088763 -0.24105672 0.09078417
v -0.07569470 -0.22381623 -0.12972205
v -0.06088763 -0.22381623 -0.11574597
v -0.07666953 -0.22381623 0.07716387
v -0.06088763 -0.23621691 0.09440436
v -0.06646378 -0.22381623 0.09440436
v -0.06088763 -0.22381623 0.10202595
v -0.06088763 -0.22019333 -0.11248156
v -0.07633736 -0.20657575 -0.11248156
v -0.06088763 -0.20657575 -0.10288251
v -0.07284268 -0.20657575 0.09440436
v -0.06088763 -0.20657575 0.11144489
v -0.06088763 -0.19746336 -0.09524108
v -0.06088763 -0.18933527 -0.08798684
v -0.06703989 -0.18933527 0.11164484
v -0.06088763 -0.20617834 0.11164484
v -0.06088763 -0.18933527 0.11935666
v -0.06088763 -0.18002856 -0.07800057
v -0.06088763 -0.17209476 -0.06668253
v -0.07249381 -0.17209476 0.11164484
v -0.06088763 -0.17209476 0.12653802
v -0.06088763 -0.16865861 -0.06076008
v -0.06088763 -0.15689833 -0.04351960
v -0.07483195 -0.15485427 -0.02627909
v -0.06088763 -0.15485427 -0.04116161
v -0.07715783 -0.15485427 0.11164484
v -0.06088763 -0.16561024 0.12888532
v -0.06413746 -0.15485427 0.12888532
v -0.06088763 -0.15485427 0.13242389
v -0.06450303 -0.13761379 -0.02627909
v -0.06088763 -0.13761379 -0.02981148
v -0.07717123 -0.13761379 -0.00903860
v -0.06854849 -0.13761379 0.12888532
v -0.06088763 -0.13761379 0.13715818
v -0.06394383 -0.12037328 -0.02627909
v -0.06088763 -0.12037328 -0.02929848
v -0.07234758 -0.12037328 0.12888532
v -0.06088763 -0.12037328 0.14116316
v -0.07115552 -0.10313279 -0.02627909
v -0.06088763 -0.10313279 -0.03655323
v -0.07569281 -0.10313279 0.12888532
v -0.06088763 -0.10313279 0.14462690
v -0.06430945 -0.08589231 -0.04351960
v -0.06088763 -0.09086331 -0.04351960
v -0.06088763 -0.08589231 -0.04619277
v -0.06238062 -0.08589231 0.14612581
v -0.06088763 -0.09436021 0.14612581
v -0.06088763 -0.08589231 0.14744093
v -0.07276471 -0.06865180 -0.04351960
v -0.06088763 -0.06865180 -0.05239571
v -0.06472388 -0.06865180 0.14612581
v -0.06088763 -0.06865180 0.14946215
v -0.06088763 -0.05141131 -0.05691263
v -0.06103496 -0.05141131 0.04268285
v -0.06088763 -0.05141131 0.04079461
v -0.06088763 -0.05151690 0.04268285
v -0.06088763 -0.05141131 0.04320481
v -0.06621926 -0.05141131 0.14612581
v -0.06088763 -0.05141131 0.15064646
v -0.06088763 -0.03417083 -0.06064719
v -0.07113974 -0.03417083 0.00820188
v -0.06088763 -0.03417083 -0.00688394
v -0.06088763 -0.04458865 0.00820188
v -0.06088763 -0.05049683 0.02544237
v -0.07573891 -0.03417083 0.02544237
v -0.07644267 -0.03417083 0.04268285
v -0.06088763 -0.04778906 0.05992339
v -0.07357375 -0.03417083 0.05992339
v -0.06088763 -0.03866977 0.07716387
v -0.06569869 -0.03417083 0.07716387
v -0.06088763 -0.03417083 0.08287471
v -0.06674444 -0.03417083 0.14612581
v -0.06088763 -0.03417083 0.15088342
v -0.06434396 -0.01693032 -0.06076008
v -0.06088763 -0.03356266 -0.06076008
v -0.06088763 -0.01693032 -0.06281771
v -0.07112919 -0.01693032 -0.00903860
v -0.06088763 -0.01693032 -0.02041950
v -0.06088763 -0.03182354 -0.00903860
v -0.07565323 -0.01693032 0.07716387
v -0.06088763 -0.01971598 0.09440436
v -0.06329448 -0.01693032 0.09440436
v -0.06088763 -0.01693032 0.09657936
v -0.06639998 -0.01693032 0.14612581
v -0.06088763 -0.01693032 0.15037057
v -0.07123576 0.00031017 -0.06076008
v -0.06088763 0.00031017 -0.06753463
v -0.07466183 0.00031017 -0.00903860
v -0.06088763 0.00031017 -0.02467872
v -0.06992797 0.00031017 0.09440436
v -0.06088763 0.00031017 0.10303079
v -0.06558320 0.00031017 0.14612581
v -0.06088763 0.00031017 0.14959191
v -0.06424844 0.01755065 -0.07800057
v -0.06088763 0.01472917 -0.07800057
v -0.06088763 0.01755065 -0.08042577
v -0.07356089 0.01755065 -0.00903860
v -0.06088763 0.01755065 -0.02335740
v -0.07028983 0.01755065 0.09440436
v -0.06088763 0.01755065 0.10341181
v -0.06467916 0.01755065 0.14612581
v -0.06088763 0.01755065 0.14892096
v -0.07606515 0.03479114 -0.19868403
v -0.07432197 0.03479114 -0.18144352
v -0.07545273 0.03479114 -0.16420304
v -0.06088763 0.03113918 -0.09524108
v -0.06088763 0.03479114 -0.10122279
v -0.06795274 0.03479114 -0.00903860
v -0.06088763 0.03479114 -0.01678104
v -0.07747695 0.03479114 0.00820188
v -0.07622265 0.03479114 0.07716387
v -0.06463075 0.03479114 0.09440436
v -0.06088763 0.03479114 0.09782318
v -0.06351349 0.03479114 0.14612581
v -0.06088763 0.03479114 0.14820287
v -0.07173149 0.05203162 -0.30212699
v -0.07167068 0.05203162 -0.28488648
v -0.07532926 0.05203162 -0.26764600
v -0.07750117 0.05203162 -0.21592452
v -0.07362725 0.05203162 -0.19868403
v -0.06828165 0.05203162 -0.18144352
v -0.06508073 0.05203162 -0.16420304
v -0.06487551 0.05203162 -0.14696256
v -0.06308670 0.05203162 -0.12972205
v -0.06088763 0.05203162 -0.12523307
v -0.06088763 0.04556699 -0.11248156
v -0.06088763 0.04547233 -0.00903860
v -0.06878749 0.05203162 0.00820188
v -0.06088763 0.05203162 -0.00316411
v -0.07472122 0.05203162 0.02544237
v -0.07632190 0.05203162 0.04268285
v -0.07422416 0.05203162 0.05992339
v -0.06726018 0.05203162 0.07716387
v -0.06088763 0.05203162 0.08485137
v -0.06088763 0.03947442 0.09440436
v -0.07807431 0.05203162 0.12888532
v -0.06153610 0.05203162 0.14612581
v -0.06088763 0.05203162 0.14672924
v -0.07430541 0.06927216 -0.31936748
v -0.06878661 0.06927216 -0.30212699
v -0.07279650 0.06927216 -0.28488648
v -0.07655264 0.06927216 -0.18144352
v -0.07073908 0.06927216 -0.16420304
v -0.06660137 0.06927216 -0.14696256
v -0.06225227 0.06927216 -0.12972205
v -0.06088763 0.06927216 -0.12740923
v -0.06088763 0.06103027 0.00820188
v -0.06088763 0.06829606 0.02544237
v -0.06209766 0.06927216 0.04268285
v -0.06088763 0.06927216 0.03430722
v -0.06088763 0.06927216 0.04816595
v -0.06088763 0.06716010 0.05992339
v -0.06088763 0.05843290 0.07716387
v -0.07358277 0.06927216 0.12888532
v -0.06088763 0.06927216 0.14364214
v -0.06088763 0.05606963 0.14612581
v -0.06088763 0.07555561 -0.11248156
v -0.06088763 0.08651264 -0.09778209
v -0.06088763 0.07030590 0.04268285
v -0.07005372 0.08651264 0.12888532
v -0.06088763 0.08651264 0.14103280
v -0.06088763 0.08754478 -0.09524108
v -0.06088763 0.09678718 -0.07800057
v -0.07141320 0.10375312 -0.06076008
v -0.06088763 0.10375312 -0.06631926
v -0.07558219 0.10375312 0.11164484
v -0.06764043 0.10375312 0.12888532
v -0.06088763 0.10375312 0.14061905
v -0.06088763 0.10633533 -0.06076008
v -0.06088763 0.11475164 -0.04351960
v -0.06684512 0.12099361 -0.02627909
v -0.06088763 0.12099361 -0.03172472
v -0.07348710 0.12099361 0.07716387
v -0.06931217 0.12099361 0.09440436
v -0.06722418 0.12099361 0.11164484
v -0.06515648 0.12099361 0.12888532
v -0.06088763 0.12099361 0.14475288
v -0.06088763 0.12371393 -0.02627909
v -0.06088763 0.13214611 -0.00903860
v -0.06225141 0.13823409 0.00820188
v -0.06088763 0.13823409 0.00603781
v -0.06461368 0.13823409 0.02544237
v -0.06088763 0.13823409 0.03944857
v -0.06088763 0.13764718 0.04268285
v -0.06088763 0.13480122 0.05992339
v -0.06088763 0.13379497 0.07716387
v -0.06088763 0.13320684 0.09440436
v -0.06088763 0.13442574 0.11164484
v -0.06088763 0.13823409 0.12204678
v -0.06196068 0.13823409 0.12888532
v -0.06088763 0.12308094 0.14612581
v -0.06354937 0.13823409 0.14612581
v -0.06225975 0.13823409 0.16336629
v -0.06088763 0.13535007 0.16336629
v -0.06088763 0.13823409 0.17502862
v -0.06088763 0.13914478 0.00820188
v -0.06088763 0.14060733 0.02544237
v -0.06088763 0.14765671 0.12888532
v -0.06088763 0.15547458 0.13163440
v -0.06609038 0.15547458 0.14612581
v -0.07019949 0.15547458 0.16336629
v -0.06088763 0.13935913 0.18060683
v -0.07222975 0.15547458 0.18060683
v -0.07396036 0.15547458 0.19784731
v -0.06088763 0.14121907 0.19784731
v -0.07488892 0.15547458 0.21508780
v -0.06088763 0.14381482 0.21508780
v -0.07196235 0.15547458 0.23232828
v -0.06088763 0.14890577 0.23232828
v -0.06088763 0.15547458 0.24806382
v -0.06119871 0.17271506 0.12888532
v -0.06088763 0.16830237 0.12888532
v -0.06088763 0.17271506 0.12815375
v -0.06927534 0.17271506 0.14612581
v -0.07725207 0.17271506 0.16336629
v -0.06088763 0.15613788 0.24956877
v -0.06088763 0.16585078 0.26680925
v -0.06088763 0.17271506 0.27793683
v -0.06568016 0.18995560 0.12888532
v -0.06088763 0.18995560 0.11874981
v -0.07402814 0.18995560 0.14612581
v -0.06088763 0.17833613 0.28404979
v -0.07459396 0.18995560 0.30129027
v -0.06088763 0.18995560 0.29504110
v -0.06399776 0.20719608 0.11164484
v -0.06088763 0.19901774 0.11164484
v -0.06088763 0.20719608 0.10621774
v -0.07143813 0.20719608 0.12888532
v -0.07108163 0.20719608 0.30129027
v -0.06088763 0.20719608 0.29680341
v -0.06122582 0.22443657 0.09440436
v -0.06088763 0.22358535 0.09440436
v -0.06088763 0.22443657 0.09381029
v -0.06916716 0.22443657 0.11164484
v -0.07556114 0.22443657 0.12888532
v -0.06088763 0.22443657 0.29144680
v -0.06500694 0.24167705 0.09440436
v -0.06088763 0.24167705 0.08624525
v -0.07183602 0.24167705 0.11164484
v -0.07757594 0.24167705 0.12888532
v -0.06088763 0.24167705 0.27934772
v -0.06088763 0.23567426 0.28404979
v -0.06631999 0.25891754 0.09440436
v -0.06088763 0.25891754 0.08379275
v -0.07300373 0.25891754 0.11164484
v -0.07255642 0.25891754 0.24956877
v -0.06088763 0.25891754 0.25923117
v -0.06088763 0.25252542 0.26680925
v -0.06590692 0.27615802 0.09440436
v -0.06088763 0.27615802 0.08545591
v -0.07313875 0.27615802 0.11164484
v -0.07419221 0.27615802 0.21508780
v -0.06619532 0.27615802 0.23232828
v -0.06088763 0.27615802 0.23848173
v -0.06088763 0.26717836 0.24956877
v -0.06183663 0.29339856 0.09440436
v -0.06088763 0.29339856 0.09305817
v -0.07110195 0.29339856 0.11164484
v -0.07689091 0.29339856 0.12888532
v -0.07805757 0.29339856 0.16336629
v -0.07390825 0.29339856 0.18060683
v -0.06859013 0.29339856 0.19784731
v -0.06229555 0.29339856 0.21508780
v -0.06088763 0.29339856 0.21772000
v -0.06088763 0.28215326 0.23232828
v -0.06088763 0.29484691 0.09440436
v -0.06088763 0.31062852 0.11164484
v -0.06088763 0.31063904 0.11166619
v -0.06856783 0.31063904 0.12888532
v -0.07039942 0.31063904 0.14612581
v -0.06865705 0.31063904 0.16336629
v -0.06471466 0.31063904 0.18060683
v -0.06088763 0.31063904 0.19325386
v -0.06088763 0.30821912 0.19784731
v -0.06088763 0.29592024 0.21508780
v -0.06088763 0.31576735 0.12888532
v -0.06088763 0.31699944 0.14612581
v -0.06088763 0.31812090 0.16336629
v -0.06088763 0.31696656 0.18060683
v -0.04477299 -0.29277822 0.00820188
v -0.04364714 -0.29363815 0.00820188
v -0.04364714 -0.29277822 0.00560885
v -0.04419949 -0.29277822 0.02544237
v -0.04364714 -0.29330980 0.02544237
v -0.04364714 -0.29277822 0.02750357
v -0.04364714 -0.28072013 -0.02627909
v -0.04364714 -0.27553771 -0.03723712
v -0.04364714 -0.28861433 -0.00903860
v -0.05855283 -0.27553771 0.04268285
v -0.04364714 -0.28912566 0.04268285
v -0.05148928 -0.27553771 0.05992339
v -0.04364714 -0.28282211 0.05992339
v -0.04364714 -0.27553771 0.07395432
v -0.06021249 -0.25829723 -0.12972205
v -0.05879176 -0.25829723 -0.11248156
v -0.05552107 -0.25829723 -0.09524108
v -0.04711146 -0.25829723 -0.07800057
v -0.04364714 -0.25829723 -0.07412877
v -0.04364714 -0.26452396 -0.06076008
v -0.04364714 -0.27253166 -0.04351960
v -0.05862166 -0.25829723 0.07716387
v -0.04364714 -0.27367417 0.07716387
v -0.04499175 -0.25829723 0.09440436
v -0.04364714 -0.25968352 0.09440436
v -0.04364714 -0.25829723 0.09570885
v -0.05512734 -0.24105672 -0.11248156
v -0.04692195 -0.24105672 -0.09524108
v -0.04364714 -0.24105672 -0.09098589
v -0.04364714 -0.25499747 -0.07800057
v -0.05808986 -0.24105672 0.09440436
v -0.04364714 -0.24105672 0.10903791
v -0.05833787 -0.22381623 -0.11248156
v -0.04407849 -0.22381623 -0.09524108
v -0.04364714 -0.22381623 -0.09482916
v -0.05191889 -0.22381623 0.11164484
v -0.04364714 -0.23699343 0.11164484
v -0.04364714 -0.22381623 0.11893173
v -0.05049473 -0.20657575 -0.09524108
v -0.04364714 -0.20657575 -0.09044638
v -0.06071174 -0.20657575 0.11164484
v -0.04364714 -0.20657575 0.12756512
v -0.04364714 -0.18933527 -0.07854282
v -0.05104265 -0.18933527 0.12888532
v -0.04364714 -0.20364863 0.12888532
v -0.04364714 -0.18933527 0.13492205
v -0.04364714 -0.18871517 -0.07800057
v -0.04364714 -0.17209476 -0.06227870
v -0.05852038 -0.17209476 0.12888532
v -0.04364714 -0.17209476 0.14108899
v -0.04364714 -0.17051765 -0.06076008
v -0.05543862 -0.15485427 -0.04351960
v -0.04364714 -0.15485427 -0.04776235
v -0.04364714 -0.15485427 0.14608326
v -0.04364714 -0.14636787 -0.04351960
v -0.04364714 -0.13761379 -0.03997066
v -0.04364714 -0.15467552 0.14612581
v -0.04939442 -0.13761379 0.14612581
v -0.04364714 -0.13761379 0.14986357
v -0.04364714 -0.12037328 -0.04072875
v -0.05445575 -0.12037328 0.14612581
v -0.04364714 -0.12037328 0.15303183
v -0.05100229 -0.10313279 -0.04351960
v -0.04364714 -0.11319542 -0.04351960
v -0.04364714 -0.10313279 -0.04813899
v -0.05893886 -0.10313279 0.14612581
v -0.04364714 -0.10313279 0.15579440
v -0.04364714 -0.08589231 -0.05603772
v -0.04364714 -0.08589231 0.15818995
v -0.04626283 -0.06865180 -0.06076008
v -0.04364714 -0.07268850 -0.06076008
v -0.04364714 -0.06865180 -0.06198260
v -0.04364714 -0.06865180 0.16006112
v -0.05451499 -0.05141131 -0.06076008
v -0.04364714 -0.05141131 -0.06592935
v -0.05356798 -0.05141131 0.00820188
v -0.04364714 -0.05141131 -0.00430672
v -0.04364714 -0.05811786 0.00820188
v -0.04364714 -0.06289720 0.02544237
v -0.05993565 -0.05141131 0.02544237
v -0.04364714 -0.06372744 0.04268285
v -0.04364714 -0.06070802 0.05992339
v -0.05707439 -0.05141131 0.05992339
v -0.04364714 -0.05334107 0.07716387
v -0.04667555 -0.05141131 0.07716387
v -0.04364714 -0.05141131 0.08020565
v -0.04364714 -0.05141131 0.16108993
v -0.06071318 -0.03417083 -0.06076008
v -0.04364714 -0.03417083 -0.06862203
v -0.05934332 -0.03417083 -0.00903860
v -0.04364714 -0.03417083 -0.02380816
v -0.04364714 -0.04817258 -0.00903860
v -0.04364714 -0.03959025 0.09440436
v -0.05037323 -0.03417083 0.09440436
v -0.04364714 -0.03417083 0.09972184
v -0.04364714 -0.03417083 0.16102377
v -0.04364714 -0.01693032 -0.07060239
v -0.05441097 -0.01693032 -0.02627909
v -0.04364714 -0.01693032 -0.03522325
v -0.04364714 -0.03005900 -0.02627909
v -0.04364714 -0.01693032 0.10980982
v -0.04364714 -0.01693032 0.16003705
v -0.04364714 0.00031017 -0.07513928
v -0.05912927 0.00031017 -0.02627909
v -0.04364714 0.00031017 -0.03889218
v -0.04364714 -0.01001284 0.11164484
v -0.04905408 0.00031017 0.11164484
v -0.04364714 0.00031017 0.11538985
v -0.04364714 0.00031017 0.15881377
v -0.04364714 0.00578148 -0.07800057
v -0.04364714 0.01755065 -0.08243257
v -0.05768734 0.01755065 -0.02627909
v -0.04364714 0.01755065 -0.03770754
v -0.04956209 0.01755065 0.11164484
v -0.04364714 0.01755065 0.11575360
v -0.04364714 0.01755065 0.15806920
v -0.05444400 0.03479114 -0.09524108
v -0.04364714 0.03479114 -0.08965627
v -0.05050858 0.03479114 -0.02627909
v -0.04364714 0.03479114 -0.03198537
v -0.04364714 0.03009692 0.11164484
v -0.04364714 0.03479114 0.11051185
v -0.04364714 0.03479114 0.15805415
v -0.05735758 0.05203162 -0.11248156
v -0.04436291 0.05203162 -0.09524108
v -0.04364714 0.05203162 -0.09465766
v -0.04364714 0.04364708 -0.02627909
v -0.05651202 0.05203162 -0.00903860
v -0.04364714 0.05203162 -0.02113502
v -0.05221376 0.05203162 0.09440436
v -0.04364714 0.05203162 0.10108308
v -0.04364714 0.05203162 0.15879550
v -0.05673516 0.06927216 -0.11248156
v -0.04528077 0.06927216 -0.09524108
v -0.04364714 0.06927216 -0.09378565
v -0.04364714 0.06459556 -0.00903860
v -0.05248081 0.06927216 0.00820188
v -0.04364714 0.06927216 -0.00265670
v -0.05989801 0.06927216 0.02544237
v -0.05870830 0.06927216 0.05992339
v -0.04904927 0.06927216 0.07716387
v -0.04364714 0.06927216 0.08240598
v -0.04364714 0.05909449 0.09440436
v -0.05864853 0.06927216 0.14612581
v -0.04364714 0.06927216 0.16067699
v -0.05909783 0.08651264 -0.09524108
v -0.04364714 0.08651264 -0.08327918
v -0.04364714 0.07611921 0.00820188
v -0.04364714 0.08173665 0.02544237
v -0.04364714 0.08307111 0.04268285
v -0.04364714 0.08041171 0.05992339
v -0.04364714 0.07293715 0.07716387
v -0.05714144 0.08651264 0.14612581
v -0.04364714 0.08122567 0.16336629
v -0.04456765 0.08651264 0.16336629
v -0.04364714 0.08651264 0.16467129
v -0.04364714 0.09126194 -0.07800057
v -0.04364714 0.10375312 -0.06475751
v -0.05790519 0.10375312 0.14612581
v -0.04862303 0.10375312 0.16336629
v -0.04364714 0.10375312 0.17396667
v -0.04364714 0.10644011 -0.06076008
v -0.04364714 0.11774604 -0.04351960
v -0.04364714 0.12099361 -0.03859378
v -0.06052556 0.12099361 0.14612581
v -0.05441268 0.12099361 0.16336629
v -0.04364714 0.11031760 0.18060683
v -0.04904016 0.12099361 0.18060683
v -0.04364714 0.12099361 0.19685239
v -0.04364714 0.12824012 -0.02627909
v -0.04522183 0.13823409 -0.00903860
v -0.04364714 0.13823409 -0.00993242
v -0.05989625 0.13823409 0.04268285
v -0.05617075 0.13823409 0.05992339
v -0.05661097 0.13823409 0.07716387
v -0.05762233 0.13823409 0.09440436
v -0.05923373 0.13823409 0.11164484
v -0.06012558 0.13823409 0.18060683
v -0.04364714 0.12150243 0.19784731
v -0.05812901 0.13823409 0.19784731
v -0.05365927 0.13823409 0.21508780
v -0.04364714 0.13041935 0.21508780
v -0.04364714 0.13823409 0.22916772
v -0.04364714 0.13879860 -0.00903860
v -0.04364714 0.14675736 0.00820188
v -0.04364714 0.14897777 0.02544237
v -0.04364714 0.14670302 0.04268285
v -0.04364714 0.14638343 0.05992339
v -0.04364714 0.15181668 0.07716387
v -0.04364714 0.15547458 0.08303181
v -0.04884270 0.15547458 0.09440436
v -0.05419540 0.15547458 0.11164484
v -0.05994323 0.15547458 0.12888532
v -0.04364714 0.13993009 0.23232828
v -0.05871051 0.15547458 0.24956877
v -0.04364714 0.15113973 0.24956877
v -0.04364714 0.15547458 0.25532644
v -0.04395052 0.17271506 0.09440436
v -0.04364714 0.17271506 0.09401326
v -0.05331813 0.17271506 0.11164484
v -0.04364714 0.16468435 0.26680925
v -0.04364714 0.17271506 0.27617346
v -0.04498485 0.18995560 0.09440436
v -0.04364714 0.18995560 0.09300827
v -0.05707502 0.18995560 0.11164484
v -0.04364714 0.18312712 0.28404979
v -0.04364714 0.18995560 0.28865503
v -0.05259498 0.20719608 0.09440436
v -0.04364714 0.20719608 0.08436959
v -0.04364714 0.20719608 0.29037267
v -0.04847006 0.22443657 0.07716387
v -0.04364714 0.21716397 0.07716387
v -0.04364714 0.22443657 0.07153964
v -0.04364714 0.22443657 0.28778765
v -0.05463833 0.24167705 0.07716387
v -0.04364714 0.24167705 0.06533533
v -0.04364714 0.24167705 0.28197252
v -0.04364714 0.23645025 0.28404979
v -0.05619850 0.25891754 0.07716387
v -0.04364714 0.25891754 0.06465652
v -0.04814060 0.25891754 0.26680925
v -0.04364714 0.25891754 0.26911658
v -0.05435525 0.27615802 0.07716387
v -0.04364714 0.27615802 0.06724890
v -0.04780570 0.27615802 0.24956877
v -0.04364714 0.27615802 0.25233970
v -0.04364714 0.26120815 0.26680925
v -0.04543226 0.29339856 0.07716387
v -0.04364714 0.29339856 0.07563309
v -0.04911030 0.29339856 0.23232828
v -0.04364714 0.29339856 0.23679259
v -0.04364714 0.27938203 0.24956877
v -0.04364714 0.29487692 0.07716387
v -0.04364714 0.30985489 0.09440436
v -0.06087635 0.31063904 0.11164484
v -0.04364714 0.31063904 0.09549571
v -0.05905468 0.31063904 0.19784731
v -0.04889028 0.31063904 0.21508780
v -0.04364714 0.31063904 0.22099049
v -0.04364714 0.29933694 0.23232828
v -0.04364714 0.32056000 0.11164484
v -0.04364714 0.32433507 0.12888532
v -0.04364714 0.32558786 0.14612581
v -0.04538692 0.32787953 0.16336629
v -0.04364714 0.32787953 0.15873920
v -0.04948163 0.32787953 0.18060683
v -0.04472188 0.32787953 0.19784731
v -0.04364714 0.32787953 0.19933379
v -0.04364714 0.31687013 0.21508780
v -0.04364714 0.32876992 0.16336629
v -0.04364714 0.33264549 0.18060683
v -0.04364714 0.32902848 0.19784731
v -0.02936007 -0.29277822 -0.00903860
v -0.02640666 -0.29379198 -0.00903860
v -0.02640666 -0.29277822 -0.01018600
v -0.02640666 -0.30522845 0.00820188
v -0.02640666 -0.30914241 0.02544237
v -0.03918692 -0.29277822 0.04268285
v -0.02640666 -0.30522691 0.04268285
v -0.03054087 -0.29277822 0.05992339
v -0.02640666 -0.29630820 0.05992339
v -0.02640666 -0.29277822 0.06485255
v -0.02640666 -0.28132552 -0.02627909
v -0.02640666 -0.27553771 -0.03478926
v -0.04096252 -0.27553771 0.07716387
v -0.02640666 -0.28476607 0.07716387
v -0.02640666 -0.27553771 0.08890817
v -0.02640666 -0.25831672 -0.06076008
v -0.02640666 -0.25829723 -0.06078929
v -0.02640666 -0.26966151 -0.04351960
v -0.02640666 -0.27092333 0.09440436
v -0.02640666 -0.25829723 0.10676437
v -0.03149818 -0.24105672 -0.07800057
v -0.02640666 -0.24105672 -0.07431062
v -0.02640666 -0.25222118 0.11164484
v -0.03975415 -0.24105672 0.11164484
v -0.02640666 -0.24105672 0.11907312
v -0.02640666 -0.23018791 -0.07800057
v -0.02640666 -0.22381623 -0.08017725
v -0.02640666 -0.22381623 0.12879167
v -0.02640666 -0.20657575 -0.07955111
v -0.02640666 -0.22362973 0.12888532
v -0.04147403 -0.20657575 0.12888532
v -0.02640666 -0.20657575 0.13685068
v -0.02640666 -0.20410717 -0.07800057
v -0.04274630 -0.18933527 -0.07800057
v -0.02640666 -0.18933527 -0.06922493
v -0.02640666 -0.18933527 0.14383409
v -0.02640666 -0.17873154 -0.06076008
v -0.04035040 -0.17209476 -0.06076008
v -0.02640666 -0.17209476 -0.05638075
v -0.02640666 -0.18240563 0.14612581
v -0.03366364 -0.17209476 0.14612581
v -0.02640666 -0.17209476 0.14933295
v -0.02640666 -0.15485427 -0.04853705
v -0.04356134 -0.15485427 0.14612581
v -0.02640666 -0.15485427 0.15351215
v -0.03332132 -0.13761379 -0.04351960
v -0.02640666 -0.13761379 -0.04585585
v -0.02640666 -0.13761379 0.15683450
v -0.03747074 -0.12037328 -0.04351960
v -0.02640666 -0.12037328 -0.04848109
v -0.02640666 -0.12037328 0.15965034
v -0.02640666 -0.10313279 -0.05475573
v -0.02640666 -0.10313279 0.16221336
v -0.02929871 -0.08589231 -0.06076008
v -0.02640666 -0.08798591 -0.06076008
v -0.02640666 -0.08589231 -0.06149322
v -0.02640666 -0.09469616 0.16336629
v -0.02989932 -0.08589231 0.16336629
v -0.02640666 -0.08589231 0.16451837
v -0.02640666 -0.06865180 -0.06648759
v -0.03051194 -0.06865180 0.02544237
v -0.02640666 -0.06865180 0.01898187
v -0.02640666 -0.07026254 0.02544237
v -0.02640666 -0.07109203 0.04268285
v -0.03258040 -0.06865180 0.04268285
v -0.02640666 -0.06865180 0.05788706
v -0.03519307 -0.06865180 0.16336629
v -0.02640666 -0.06865180 0.16630868
v -0.02640666 -0.05141131 -0.07081982
v -0.03825302 -0.05141131 -0.00903860
v -0.02640666 -0.05141131 -0.01714973
v -0.02640666 -0.05720056 -0.00903860
v -0.02640666 -0.06579967 0.00820188
v -0.02640666 -0.06832231 0.05992339
v -0.02640666 -0.06161997 0.07716387
v -0.02640666 -0.05141131 0.09252473
v -0.03803819 -0.05141131 0.16336629
v -0.02640666 -0.05141131 0.16724172
v -0.02640666 -0.03417083 -0.07418360
v -0.03926723 -0.03417083 -0.02627909
v -0.02640666 -0.03417083 -0.03394972
v -0.02640666 -0.04213804 -0.02627909
v -0.02640666 -0.04978629 0.09440436
v -0.02640666 -0.03417083 0.10849052
v -0.03802369 -0.03417083 0.16336629
v -0.02640666 -0.03417083 0.16710672
v -0.02640666 -0.01693032 -0.07582365
v -0.02640666 -0.01693032 -0.04222167
v -0.02640666 -0.02828604 0.11164484
v -0.03984020 -0.01693032 0.11164484
v -0.02640666 -0.01693032 0.11834467
v -0.03575324 -0.01693032 0.16336629
v -0.02640666 -0.01693032 0.16624332
v -0.02640666 0.00031017 -0.07684909
v -0.03232775 0.00031017 -0.04351960
v -0.02640666 0.00031017 -0.04782111
v -0.02640666 -0.01024522 -0.04351960
v -0.02640666 0.00031017 0.12282060
v -0.03275447 0.00031017 0.16336629
v -0.02640666 0.00031017 0.16525010
v -0.02640666 0.00814067 -0.07800057
v -0.02640666 0.01755065 -0.07861968
v -0.03047607 0.01755065 -0.04351960
v -0.02640666 0.01755065 -0.04672792
v -0.02640666 0.01755065 0.12308888
v -0.03022596 0.01755065 0.16336629
v -0.02640666 0.01755065 0.16445014
v -0.02640666 0.03479114 -0.08018382
v -0.02640666 0.02404343 -0.04351960
v -0.02640666 0.03479114 -0.04097863
v -0.04126700 0.03479114 0.11164484
v -0.02640666 0.03479114 0.11911109
v -0.02849085 0.03479114 0.16336629
v -0.02640666 0.03479114 0.16390482
v -0.02640666 0.05203162 -0.08125725
v -0.03522413 0.05203162 -0.02627909
v -0.02640666 0.05203162 -0.03203532
v -0.02640666 0.04752890 0.11164484
v -0.02640666 0.05203162 0.10928036
v -0.03031970 0.05203162 0.16336629
v -0.02640666 0.05203162 0.16435085
v -0.02640666 0.06927216 -0.07966202
v -0.02640666 0.05855340 -0.02627909
v -0.03643777 0.06927216 -0.00903860
v -0.02640666 0.06927216 -0.01618436
v -0.02640666 0.06873544 0.09440436
v -0.02640666 0.06927216 0.09378834
v -0.03823487 0.06927216 0.16336629
v -0.02640666 0.06927216 0.16780990
v -0.02640666 0.07318484 -0.07800057
v -0.03659396 0.08651264 -0.07800057
v -0.02640666 0.08651264 -0.07225944
v -0.02640666 0.07509337 -0.00903860
v -0.02640666 0.08437596 0.00820188
v -0.03304168 0.08651264 0.02544237
v -0.02640666 0.08651264 0.01570544
v -0.03589650 0.08651264 0.04268285
v -0.02928650 0.08651264 0.05992339
v -0.02640666 0.08651264 0.06282856
v -0.02640666 0.08092526 0.07716387
v -0.02640666 0.08651264 0.17683282
v -0.02640666 0.10354718 -0.06076008
v -0.02713411 0.10375312 -0.06076008
v -0.02640666 0.10375312 -0.06059548
v -0.02640666 0.08967652 0.02544237
v -0.02640666 0.09088162 0.04268285
v -0.02640666 0.08777086 0.05992339
v -0.02640666 0.09128102 0.18060683
v -0.03844260 0.10375312 0.18060683
v -0.02640666 0.10375312 0.19365190
v -0.02640666 0.11851568 -0.04351960
v -0.02640666 0.12099361 -0.04045471
v -0.04308513 0.12099361 0.19784731
v -0.02640666 0.10721918 0.19784731
v -0.02843485 0.12099361 0.21508780
v -0.02640666 0.11976625 0.21508780
v -0.02640666 0.12099361 0.21669326
v -0.02640666 0.13059916 -0.02627909
v -0.02640666 0.13823409 -0.01505091
v -0.03971666 0.13823409 0.23232828
v -0.02640666 0.13260039 0.23232828
v -0.02640666 0.13823409 0.23919720
v -0.02640666 0.14231370 -0.00903860
v -0.02640666 0.15097684 0.00820188
v -0.02640666 0.15388795 0.02544237
v -0.02640666 0.15470267 0.04268285
v -0.03128139 0.15547458 0.05992339
v -0.02640666 0.15547458 0.04554925
v -0.04025297 0.15547458 0.07716387
v -0.02640666 0.14682664 0.24956877
v -0.02640666 0.15547458 0.25879561
v -0.02640666 0.16074453 0.05992339
v -0.02640666 0.17271506 0.07212625
v -0.02992092 0.17271506 0.07716387
v -0.02640666 0.16357931 0.26680925
v -0.02640666 0.17271506 0.27517692
v -0.02852871 0.18995560 0.07716387
v -0.02640666 0.18995560 0.07464607
v -0.02900928 0.18995560 0.16336629
v -0.02640666 0.18995560 0.16021918
v -0.02640666 0.18757400 0.16336629
v -0.02640666 0.18379636 0.18060683
v -0.03244636 0.18995560 0.18060683
v -0.02640666 0.18995560 0.19466858
v -0.02640666 0.18884587 0.28404979
v -0.02640666 0.18995560 0.28458650
v -0.03630572 0.20719608 0.07716387
v -0.02640666 0.20719608 0.06755052
v -0.03699890 0.20719608 0.16336629
v -0.02640666 0.20719608 0.14965500
v -0.03930988 0.20719608 0.18060683
v -0.02640666 0.19245593 0.19784731
v -0.03336767 0.20719608 0.19784731
v -0.02640666 0.20719608 0.20572314
v -0.02640666 0.20719608 0.28651532
v -0.02869729 0.22443657 0.05992339
v -0.02640666 0.22137611 0.05992339
v -0.02640666 0.22443657 0.05848263
v -0.03489168 0.22443657 0.16336629
v -0.02640666 0.22443657 0.15245086
v -0.03766376 0.22443657 0.18060683
v -0.03154954 0.22443657 0.19784731
v -0.02640666 0.22443657 0.20369159
v -0.02640666 0.22443657 0.28570389
v -0.03556271 0.24167705 0.05992339
v -0.02640666 0.24167705 0.05527187
v -0.02640666 0.23614360 0.16336629
v -0.02640666 0.24092624 0.18060683
v -0.02640666 0.23218349 0.19784731
v -0.02640666 0.24167705 0.28321911
v -0.02640666 0.23687347 0.28404979
v -0.03591143 0.25891754 0.05992339
v -0.02640666 0.25891754 0.05552424
v -0.02640666 0.25891754 0.27547063
v -0.03135951 0.27615802 0.05992339
v -0.02640666 0.27615802 0.05766596
v -0.02640666 0.27615802 0.26136604
v -0.02640666 0.26968312 0.26680925
v -0.02640666 0.28367175 0.05992339
v -0.02640666 0.29339856 0.06415103
v -0.02640666 0.29339856 0.24648570
v -0.02640666 0.29007123 0.24956877
v -0.02640666 0.30696578 0.07716387
v -0.04250340 0.31063904 0.09440436
v -0.02640666 0.31063904 0.08141639
v -0.02640666 0.31063904 0.22950720
v -0.02640666 0.30836862 0.23232828
v -0.02640666 0.32057113 0.09440436
v -0.03195891 0.32787953 0.11164484
v -0.02640666 0.32787953 0.10589210
v -0.03790533 0.32787953 0.12888532
v -0.03993225 0.32787953 0.14612581
v -0.02640666 0.32787953 0.20303720
v -0.02640666 0.32033588 0.21508780
v -0.02640666 0.33218945 0.11164484
v -0.02640666 0.33617509 0.12888532
v -0.02640666 0.33737163 0.14612581
v -0.02640666 0.34043743 0.16336629
v -0.02640666 0.34070178 0.18060683
v -0.02640666 0.33147141 0.19784731
v -0.01511184 -0.31001871 0.00820188
v -0.00916615 -0.31353051 0.00820188
v -0.00916615 -0.31001871 0.00558106
v -0.02495996 -0.31001871 0.02544237
v -0.00916615 -0.32319109 0.02544237
v -0.01861082 -0.31001871 0.04268285
v -0.00916615 -0.31769966 0.04268285
v -0.00916615 -0.31001871 0.05106533
v -0.00916615 -0.29653184 -0.00903860
v -0.00916615 -0.29277822 -0.01242837
v -0.00916615 -0.30401136 0.05992339
v -0.00916615 -0.29277822 0.07285033
v -0.00916615 -0.28089659 -0.02627909
v -0.00916615 -0.27553771 -0.03305616
v -0.00916615 -0.28954143 0.07716387
v -0.00930676 -0.27553771 0.09440436
v -0.00916615 -0.27557014 0.09440436
v -0.00916615 -0.27553771 0.09444328
v -0.02632645 -0.25829723 -0.06076008
v -0.00916615 -0.25829723 -0.05552336
v -0.00916615 -0.26738475 -0.04351960
v -0.01045083 -0.25829723 0.11164484
v -0.00916615 -0.25870023 0.11164484
v -0.00916615 -0.25829723 0.11198638
v -0.00916615 -0.25194255 -0.06076008
v -0.00916615 -0.24105672 -0.06757177
v -0.00916615 -0.24105672 0.12385249
v -0.02162035 -0.22381623 -0.07800057
v -0.00916615 -0.22381623 -0.07333304
v -0.00916615 -0.23225599 0.12888532
v -0.02607783 -0.22381623 0.12888532
v -0.00916615 -0.22381623 0.13323543
v -0.02241396 -0.20657575 -0.07800057
v -0.00916615 -0.20657575 -0.07356542
v -0.00916615 -0.20657575 0.14121477
v -0.00916615 -0.18933527 -0.06325628
v -0.00916615 -0.19407497 0.14612581
v -0.01702772 -0.18933527 0.14612581
v -0.00916615 -0.18933527 0.14790740
v -0.00916615 -0.18632944 -0.06076008
v -0.00916615 -0.17209476 -0.05199384
v -0.00916615 -0.17209476 0.15304074
v -0.00916615 -0.15485427 -0.04639886
v -0.00916615 -0.15485427 0.15696587
v -0.00916615 -0.13761379 -0.04626019
v -0.00916615 -0.13761379 0.16008262
v -0.00916615 -0.12037328 -0.05047884
v -0.00916615 -0.12037328 0.16274967
v -0.00916615 -0.10313279 -0.05689788
v -0.00916615 -0.11605014 0.16336629
v -0.01998000 -0.10313279 0.16336629
v -0.00916615 -0.10313279 0.16515191
v -0.00916615 -0.09284166 -0.06076008
v -0.00916615 -0.08589231 -0.06310623
v -0.00916615 -0.08589231 0.16737168
v -0.00916615 -0.06865180 -0.06806848
v -0.01312138 -0.06865180 0.00820188
v -0.00916615 -0.06865180 0.00622552
v -0.00916615 -0.06948763 0.00820188
v -0.00916615 -0.07385531 0.02544237
v -0.00916615 -0.07464912 0.04268285
v -0.00916615 -0.07201216 0.05992339
v -0.02494103 -0.06865180 0.05992339
v -0.00916615 -0.06865180 0.06931040
v -0.00916615 -0.06865180 0.16919954
v -0.00916615 -0.05141131 -0.07271528
v -0.00916615 -0.05141131 -0.02228397
v -0.00916615 -0.06126956 -0.00903860
v -0.00916615 -0.06558527 0.07716387
v -0.00916615 -0.05441198 0.09440436
v -0.02098446 -0.05141131 0.09440436
v -0.00916615 -0.05141131 0.09802328
v -0.00916615 -0.05141131 0.17015444
v -0.00916615 -0.03417083 -0.07655893
v -0.00916615 -0.03417083 -0.03797907
v -0.00916615 -0.04723913 -0.02627909
v -0.00916615 -0.03535030 0.11164484
v -0.01293737 -0.03417083 0.11164484
v -0.00916615 -0.03417083 0.11266439
v -0.00916615 -0.03417083 0.16995449
v -0.00916615 -0.01693032 -0.07710292
v -0.01957430 -0.01693032 -0.04351960
v -0.00916615 -0.01693032 -0.04755937
v -0.00916615 -0.02184171 -0.04351960
v -0.00916615 -0.01693032 0.12195956
v -0.00916615 -0.01693032 0.16893892
v -0.00916615 0.00031017 -0.07386885
v -0.00916615 0.00031017 -0.05332382
v -0.00916615 0.00031017 0.12590739
v -0.00916615 0.00031017 0.16773407
v -0.02321944 0.01755065 -0.07800057
v -0.00916615 0.01755065 -0.07209383
v -0.00916615 0.01755065 -0.05337666
v -0.00916615 0.01755065 0.12614587
v -0.00916615 0.01755065 0.16656814
v -0.01912513 0.03479114 -0.07800057
v -0.00916615 0.03479114 -0.07293303
v -0.01582141 0.03479114 -0.04351960
v -0.00916615 0.03479114 -0.04719696
v -0.00916615 0.03479114 0.12263520
v -0.00916615 0.03479114 0.16529502
v -0.01758714 0.05203162 -0.07800057
v -0.00916615 0.05203162 -0.07394299
v -0.00916615 0.03884592 -0.04351960
v -0.00916615 0.05203162 -0.03748639
v -0.01588307 0.05203162 0.11164484
v -0.00916615 0.05203162 0.11345488
v -0.00916615 0.05203162 0.16496359
v -0.02232275 0.06927216 -0.07800057
v -0.00916615 0.06927216 -0.07257132
v -0.00916615 0.06483932 -0.02627909
v -0.00916615 0.06927216 -0.02211907
v -0.02453574 0.06927216 0.09440436
v -0.00916615 0.06927216 0.09887556
v -0.00916615 0.05407671 0.11164484
v -0.00916615 0.06927216 0.16847698
v -0.00916615 0.08651264 -0.06700973
v -0.00916615 0.07979182 -0.00903860
v -0.01693965 0.08651264 0.00820188
v -0.00916615 0.08651264 0.00423461
v -0.00916615 0.08454978 0.07716387
v -0.00916615 0.08651264 0.07219493
v -0.00916615 0.07315453 0.09440436
v -0.00916615 0.08651264 0.17941663
v -0.00916615 0.09865870 -0.06076008
v -0.00916615 0.10375312 -0.05748857
v -0.00916615 0.08859796 0.00820188
v -0.00916615 0.09361630 0.02544237
v -0.00916615 0.09453086 0.04268285
v -0.00916615 0.09163501 0.05992339
v -0.00916615 0.08786563 0.18060683
v -0.01500199 0.10375312 0.19784731
v -0.00916615 0.10233463 0.19784731
v -0.00916615 0.10375312 0.19989975
v -0.00916615 0.11831986 -0.04351960
v -0.00916615 0.12099361 -0.04061702
v -0.00916615 0.11497808 0.21508780
v -0.00916615 0.12099361 0.22297324
v -0.00916615 0.13161982 -0.02627909
v -0.00916615 0.13823409 -0.01715149
v -0.00916615 0.12838438 0.23232828
v -0.00916615 0.13823409 0.24395083
v -0.00916615 0.14395783 -0.00903860
v -0.00916615 0.15252887 0.00820188
v -0.00916615 0.15471097 0.02544237
v -0.02065702 0.15547458 0.04268285
v -0.00916615 0.15547458 0.03140226
v -0.00916615 0.14324654 0.24956877
v -0.00916615 0.15547458 0.26174988
v -0.00916615 0.15670913 0.04268285
v -0.00916615 0.16789592 0.05992339
v -0.00916615 0.17271506 0.06392600
v -0.00916615 0.16137621 0.26680925
v -0.00916615 0.17271506 0.27524485
v -0.00916615 0.18995560 0.06762962
v -0.00916615 0.18995560 0.14760649
v -0.00916615 0.17761764 0.16336629
v -0.00916615 0.17453230 0.18060683
v -0.00916615 0.17977446 0.19784731
v -0.02460145 0.18995560 0.19784731
v -0.00916615 0.18995560 0.20871260
v -0.02268093 0.18995560 0.28404979
v -0.00916615 0.18995560 0.28209820
v -0.00916615 0.20719608 0.06187059
v -0.02155642 0.20719608 0.14612581
v -0.00916615 0.20719608 0.13984442
v -0.00916615 0.19264344 0.14612581
v -0.00916615 0.20484978 0.21508780
v -0.01091307 0.20719608 0.21508780
v -0.00916615 0.20719608 0.21598620
v -0.00916615 0.20355087 0.28404979
v -0.00916615 0.20719608 0.28447572
v -0.00916615 0.21121270 0.05992339
v -0.00916615 0.22443657 0.05360997
v -0.01773357 0.22443657 0.14612581
v -0.00916615 0.22443657 0.14182254
v -0.00916615 0.21649473 0.21508780
v -0.00916615 0.22443657 0.21441282
v -0.00916615 0.22443657 0.28516078
v -0.00916615 0.24167705 0.05094010
v -0.00916615 0.23143655 0.14612581
v -0.02003375 0.24167705 0.16336629
v -0.00916615 0.24167705 0.15491050
v -0.02556516 0.24167705 0.18060683
v -0.01585711 0.24167705 0.19784731
v -0.00916615 0.24167705 0.20258946
v -0.01670624 0.24167705 0.28404979
v -0.00916615 0.24167705 0.28460951
v -0.00916615 0.25891754 0.05140692
v -0.00916615 0.24747168 0.16336629
v -0.00916615 0.25080475 0.18060683
v -0.00916615 0.24542926 0.19784731
v -0.00916615 0.25891754 0.27931076
v -0.00916615 0.24396253 0.28404979
v -0.00916615 0.27615802 0.05341697
v -0.00916615 0.27615802 0.26680014
v -0.00916615 0.27614649 0.26680925
v -0.01507241 0.29339856 0.05992339
v -0.00916615 0.29339856 0.05814713
v -0.01645453 0.29339856 0.24956877
v -0.00916615 0.29339856 0.25161230
v -0.00916615 0.29662342 0.05992339
v -0.01902712 0.31063904 0.07716387
v -0.00916615 0.31063904 0.07148092
v -0.00916615 0.31063904 0.23176242
v -0.00916615 0.31026331 0.23232828
v -0.00916615 0.29572663 0.24956877
v -0.00916615 0.31551443 0.07716387
v -0.01261161 0.32787953 0.09440436
v -0.00916615 0.32787953 0.09195463
v -0.00916615 0.32787953 0.20066920
v -0.00916615 0.31906769 0.21508780
v -0.00916615 0.33048872 0.09440436
v -0.00933624 0.34512001 0.11164484
v -0.00916615 0.34512001 0.11146251
v -0.01499333 0.34512001 0.12888532
v -0.01638980 0.34512001 0.14612581
v -0.01879740 0.34512001 0.16336629
v -0.00916615 0.34512001 0.17761883
v -0.00916615 0.34377125 0.18060683
v -0.00916615 0.32980175 0.19784731
v -0.00916615 0.34540934 0.11164484
v -0.00916615 0.35497078 0.12888532
v -0.00916615 0.35693621 0.14612581
v -0.00916615 0.35659154 0.16336629
v -0.01589619 0.39684151 0.11164484
v -0.00916615 0.38910537 0.11164484
v -0.00916615 0.39684151 0.10082256
v -0.01610228 0.39684151 0.12888532
v -0.00916615 0.38595715 0.12888532
v -0.01581537 0.39684151 0.14612581
v -0.00916615 0.38564043 0.14612581
v -0.01830264 0.39684151 0.16336629
v -0.00916615 0.38611092 0.16336629
v -0.00916615 0.39684151 0.17645562
v -0.00916615 0.39757380 0.11164484
v -0.00916615 0.39782657 0.12888532
v -0.00916615 0.39785034 0.14612581
v -0.00916615 0.39778735 0.16336629
v 0.00807434 -0.31372573 0.00820188
v 0.00807434 -0.31001871 0.00543151
v 0.00807434 -0.32329104 0.02544237
v 0.00807434 -0.31755747 0.04268285
v 0.00807434 -0.31001871 0.05077650
v 0.00807434 -0.29668769 -0.00903860
v 0.00807434 -0.29277822 -0.01256160
v 0.00807434 -0.30375736 0.05992339
v 0.00807434 -0.29277822 0.07263935
v 0.00807434 -0.28099742 -0.02627909
v 0.00807434 -0.27553771 -0.03315288
v 0.00807434 -0.28940334 0.07716387
v 0.00807434 -0.27570896 0.09440436
v 0.00807434 -0.27553771 0.09461659
v 0.00807434 -0.26741977 -0.04351960
v 0.00807434 -0.25829723 -0.05545969
v 0.00807434 -0.25910482 0.11164484
v 0.00807434 -0.25829723 0.11233508
v 0.00807434 -0.25177789 -0.06076008
v 0.00807434 -0.24105672 -0.06735379
v 0.00807434 -0.24105672 0.12414891
v 0.00807434 -0.22381623 -0.07306874
v 0.00807434 -0.23272397 0.12888532
v 0.00807434 -0.22381623 0.13344897
v 0.00807434 -0.20657575 -0.07328976
v 0.00807434 -0.20657575 0.14138774
v 0.00807434 -0.18933527 -0.06288010
v 0.00807434 -0.19446196 0.14612581
v 0.00807434 -0.18933527 0.14804628
v 0.00807434 -0.18680951 -0.06076008
v 0.00807434 -0.17209476 -0.05167689
v 0.00807434 -0.17209476 0.15315847
v 0.00807434 -0.15485427 -0.04619450
v 0.00807434 -0.15485427 0.15706451
v 0.00807434 -0.13761379 -0.04620352
v 0.00807434 -0.13761379 0.16016334
v 0.00807434 -0.12037328 -0.05056734
v 0.00807434 -0.12037328 0.16281392
v 0.00807434 -0.10313279 -0.05701835
v 0.00807434 -0.11648380 0.16336629
v 0.00807434 -0.10313279 0.16520912
v 0.00807434 -0.09305785 -0.06076008
v 0.00807434 -0.08589231 -0.06315520
v 0.00807434 -0.08589231 0.16744086
v 0.00807434 -0.06865180 -0.06810823
v 0.00807434 -0.06865180 0.00592255
v 0.00807434 -0.06961664 0.00820188
v 0.00807434 -0.07397379 0.02544237
v 0.00807434 -0.07476748 0.04268285
v 0.00807434 -0.07213535 0.05992339
v 0.00807434 -0.06865180 0.06965255
v 0.00807434 -0.06865180 0.16930423
v 0.00807434 -0.05141131 -0.07286599
v 0.00807434 -0.05141131 -0.02245898
v 0.00807434 -0.06140781 -0.00903860
v 0.00807434 -0.06571833 0.07716387
v 0.00807434 -0.05456271 0.09440436
v 0.00807434 -0.05141131 0.09820057
v 0.00807434 -0.05141131 0.17030162
v 0.00807434 -0.03417083 -0.07694930
v 0.00807434 -0.03417083 -0.03810352
v 0.00807434 -0.04741902 -0.02627909
v 0.00807434 -0.03554650 0.11164484
v 0.00807434 -0.03417083 0.11283060
v 0.00807434 -0.03417083 0.17009885
v 0.00807434 -0.01693032 -0.07749965
v 0.00807434 -0.01693032 -0.04775615
v 0.00807434 -0.02212557 -0.04351960
v 0.00807434 -0.01693032 0.12207830
v 0.00807434 -0.01693032 0.16901007
v 0.00807434 0.00031017 -0.07381960
v 0.00807434 0.00031017 -0.05352893
v 0.00807434 0.00031017 0.12601163
v 0.00807434 0.00031017 0.16772148
v 0.00807434 0.01755065 -0.07183126
v 0.00807434 0.01755065 -0.05364444
v 0.00807434 0.01755065 0.12624572
v 0.00807434 0.01755065 0.16660108
v 0.00807434 0.03479114 -0.07275093
v 0.00807434 0.03479114 -0.04754943
v 0.00807434 0.03479114 0.12274084
v 0.00807434 0.03479114 0.16566859
v 0.00807434 0.05203162 -0.07391608
v 0.00807434 0.03923021 -0.04351960
v 0.00807434 0.05203162 -0.03765017
v 0.00807434 0.05203162 0.11361455
v 0.00807434 0.05203162 0.16583385
v 0.00807434 0.06927216 -0.07272120
v 0.00807434 0.06502734 -0.02627909
v 0.00807434 0.06927216 -0.02229505
v 0.00807434 0.05426830 0.11164484
v 0.00807434 0.06927216 0.09904872
v 0.00807434 0.06927216 0.16970167
v 0.00807434 0.08651264 -0.06722967
v 0.00807434 0.07993255 -0.00903860
v 0.00807434 0.08651264 0.00395022
v 0.00807434 0.08467485 0.07716387
v 0.00807434 0.08651264 0.07250999
v 0.00807434 0.07330866 0.09440436
v 0.00807434 0.08651264 0.18032626
v 0.00807434 0.09890327 -0.06076008
v 0.00807434 0.10375312 -0.05762231
v 0.00807434 0.08874504 0.00820188
v 0.00807434 0.09373443 0.02544237
v 0.00807434 0.09464068 0.04268285
v 0.00807434 0.09175354 0.05992339
v 0.00807434 0.08684255 0.18060683
v 0.00807434 0.10262104 0.19784731
v 0.00807434 0.10375312 0.19930851
v 0.00807434 0.11837842 -0.04351960
v 0.00807434 0.12099361 -0.04068903
v 0.00807434 0.11588751 0.21508780
v 0.00807434 0.12099361 0.22191023
v 0.00807434 0.13176030 -0.02627909
v 0.00807434 0.13823409 -0.01740471
v 0.00807434 0.12886837 0.23232828
v 0.00807434 0.13823409 0.24484112
v 0.00807434 0.14419564 -0.00903860
v 0.00807434 0.15296549 0.00820188
v 0.00522471 0.15547458 0.02544237
v 0.00807434 0.15547458 0.02440681
v 0.00807434 0.14208177 0.24956877
v 0.00807434 0.15547458 0.26431386
v 0.00807434 0.15562962 0.02544237
v 0.00807434 0.15804274 0.04268285
v 0.00807434 0.16960113 0.05992339
v 0.00807434 0.17271506 0.06249910
v 0.00807434 0.15846711 0.26680925
v 0.00807434 0.17271506 0.27602321
v 0.00807434 0.18995560 0.06648056
v 0.00807434 0.18995560 0.14667667
v 0.00807434 0.17685373 0.16336629
v 0.00807434 0.17386573 0.18060683
v 0.00807434 0.17894021 0.19784731
v 0.00807434 0.18995560 0.20960838
v 0.00807434 0.18995560 0.28110544
v 0.00807434 0.20719608 0.06123393
v 0.00807434 0.20719608 0.13911505
v 0.00807434 0.19095853 0.14612581
v 0.00807434 0.20274185 0.21508780
v 0.00807434 0.20719608 0.21680015
v 0.00241908 0.20719608 0.28404979
v 0.00807434 0.20719608 0.28381252
v 0.00807434 0.21000744 0.05992339
v 0.00807434 0.22443657 0.05334687
v 0.00807434 0.22443657 0.14105712
v 0.00688047 0.22443657 0.21508780
v 0.00807434 0.22443657 0.21514606
v 0.00807434 0.20913060 0.28404979
v 0.00807434 0.22443657 0.28575807
v 0.00807434 0.24167705 0.05068410
v 0.00807434 0.23270902 0.14612581
v 0.00807434 0.24167705 0.15379881
v 0.00807434 0.22454417 0.21508780
v 0.00807434 0.24167705 0.20365881
v 0.00807434 0.24167705 0.28612756
v 0.00807434 0.25891754 0.05113073
v 0.00807434 0.24824148 0.16336629
v 0.00807434 0.25151589 0.18060683
v 0.00807434 0.24627575 0.19784731
v 0.00807434 0.25891754 0.28030362
v 0.00807434 0.24869284 0.28404979
v 0.00807434 0.27615802 0.05323630
v 0.00807434 0.27615802 0.26657944
v 0.00807434 0.27588053 0.26680925
v 0.00807434 0.29339856 0.05841269
v 0.00807434 0.29339856 0.25116385
v 0.00807434 0.29585896 0.05992339
v 0.00807434 0.31063904 0.07286513
v 0.00807434 0.31063904 0.23167027
v 0.00807434 0.31018752 0.23232828
v 0.00807434 0.29522879 0.24956877
v 0.00807434 0.31419764 0.07716387
v 0.00807434 0.32787953 0.09317287
v 0.00807434 0.32787953 0.20132203
v 0.00807434 0.31933250 0.21508780
v 0.00807434 0.32925094 0.09440436
v 0.00807434 0.34468712 0.11164484
v -0.00478103 0.34512001 0.11164484
v 0.00807434 0.34512001 0.11274606
v 0.00807434 0.34512001 0.17913058
v 0.00807434 0.34445127 0.18060683
v 0.00807434 0.33027824 0.19784731
v 0.00807434 0.35469862 0.12888532
v 0.00807434 0.35753561 0.14612581
v 0.00807434 0.35766175 0.16336629
v 0.00807434 0.39153616 0.11164484
v 0.00807434 0.39684151 0.10481062
v 0.00807434 0.38793547 0.12888532
v 0.00807434 0.38666264 0.14612581
v 0.00807434 0.38623439 0.16336629
v 0.00807434 0.39684151 0.17647380
v 0.00807434 0.39733548 0.11164484
v 0.00807434 0.39760859 0.12888532
v 0.00807434 0.39769726 0.14612581
v 0.00807434 0.39772179 0.16336629
v 0.01439113 -0.31001871 0.00820188
v 0.02435580 -0.31001871 0.02544237
v 0.01775144 -0.31001871 0.04268285
v 0.02531482 -0.29407308 -0.00903860
v 0.02531482 -0.29277822 -0.01051234
v 0.02531482 -0.30543134 0.00820188
v 0.02531482 -0.30945231 0.02544237
v 0.02531482 -0.30557334 0.04268285
v 0.02531482 -0.29655601 0.05992339
v 0.02531482 -0.29277822 0.06526016
v 0.02531482 -0.28161087 -0.02627909
v 0.02531482 -0.27553771 -0.03513058
v 0.02531482 -0.28512592 0.07716387
v 0.00896332 -0.27553771 0.09440436
v 0.02531482 -0.27553771 0.08988386
v 0.02531482 -0.26983198 -0.04351960
v 0.02531482 -0.25829723 -0.06060001
v 0.02531482 -0.27181267 0.09440436
v 0.01107729 -0.25829723 0.11164484
v 0.02531482 -0.25829723 0.10787184
v 0.02531482 -0.25813008 -0.06076008
v 0.02531482 -0.24105672 -0.07356773
v 0.02531482 -0.25355566 0.11164484
v 0.02531482 -0.24105672 0.11984292
v 0.02218548 -0.22381623 -0.07800057
v 0.02531482 -0.22771414 -0.07800057
v 0.02531482 -0.22381623 -0.07931216
v 0.02531482 -0.22469198 0.12888532
v 0.02531482 -0.22381623 0.12932405
v 0.02322265 -0.20657575 -0.07800057
v 0.02531482 -0.20657575 -0.07875737
v 0.02531482 -0.20657575 0.13726725
v 0.02531482 -0.20539331 -0.07800057
v 0.02531482 -0.18933527 -0.06833802
v 0.01693673 -0.18933527 0.14612581
v 0.02531482 -0.18933527 0.14417035
v 0.02531482 -0.17992423 -0.06076008
v 0.02531482 -0.17209476 -0.05562409
v 0.02531482 -0.18336234 0.14612581
v 0.02531482 -0.17209476 0.14959675
v 0.02531482 -0.15485427 -0.04818914
v 0.02531482 -0.15485427 0.15372288
v 0.02531482 -0.13761379 -0.04609125
v 0.02531482 -0.13761379 0.15698757
v 0.02531482 -0.12037328 -0.04911964
v 0.02531482 -0.12037328 0.15974611
v 0.02531482 -0.10313279 -0.05525853
v 0.01921581 -0.10313279 0.16336629
v 0.02531482 -0.10313279 0.16227761
v 0.02531482 -0.08846102 -0.06076008
v 0.02531482 -0.08589231 -0.06160840
v 0.02531482 -0.09526107 0.16336629
v 0.02531482 -0.08589231 0.16461339
v 0.02531482 -0.06865180 -0.06653799
v 0.01295269 -0.06865180 0.00820188
v 0.02531482 -0.06865180 0.01750270
v 0.02531482 -0.07063810 0.02544237
v 0.02531482 -0.07146303 0.04268285
v 0.02531482 -0.06870293 0.05992339
v 0.02531482 -0.06865180 0.06006709
v 0.02531482 -0.06865180 0.16651477
v 0.02531482 -0.05141131 -0.07123616
v 0.02531482 -0.05141131 -0.01776491
v 0.02531482 -0.05765232 -0.00903860
v 0.02531482 -0.06618090 0.00820188
v 0.02531482 -0.06203342 0.07716387
v 0.02133441 -0.05141131 0.09440436
v 0.02531482 -0.05141131 0.09312101
v 0.02531482 -0.05141131 0.16757994
v 0.02531482 -0.03417083 -0.07532566
v 0.02531482 -0.03417083 -0.03442181
v 0.02531482 -0.04273800 -0.02627909
v 0.02531482 -0.05030050 0.09440436
v 0.01276775 -0.03417083 0.11164484
v 0.02531482 -0.03417083 0.10891233
v 0.02531482 -0.03417083 0.16746936
v 0.02531482 -0.01693032 -0.07683761
v 0.01988283 -0.01693032 -0.04351960
v 0.02531482 -0.01693032 -0.04256543
v 0.02531482 -0.02906382 0.11164484
v 0.02531482 -0.01693032 0.11874875
v 0.02531482 -0.01693032 0.16646029
v 0.02531482 0.00031017 -0.07631734
v 0.02531482 0.00031017 -0.04869640
v 0.02531482 -0.01213112 -0.04351960
v 0.02531482 0.00031017 0.12316340
v 0.02531482 0.00031017 0.16526199
v 0.02517343 0.01755065 -0.07800057
v 0.02531482 0.01702315 -0.07800057
v 0.02531482 0.01755065 -0.07802451
v 0.02531482 0.01755065 -0.04775399
v 0.02531482 0.01755065 0.12342620
v 0.02531482 0.01755065 0.16441585
v 0.01909964 0.03479114 -0.07800057
v 0.02531482 0.03479114 -0.07976393
v 0.02531482 0.02607029 -0.04351960
v 0.01597725 0.03479114 -0.04351960
v 0.02531482 0.03479114 -0.04145671
v 0.02531482 0.03479114 0.11949941
v 0.02531482 0.03479114 0.16419138
v 0.01664171 0.05203162 -0.07800057
v 0.02531482 0.05203162 -0.08117616
v 0.02531482 0.05203162 -0.03260177
v 0.01591219 0.05203162 0.11164484
v 0.02531482 0.04828953 0.11164484
v 0.02531482 0.05203162 0.10968198
v 0.02531482 0.05203162 0.16517367
v 0.02040092 0.06927216 -0.07800057
v 0.02531482 0.06927216 -0.08008307
v 0.02531482 0.05918845 -0.02627909
v 0.02531482 0.06927216 -0.01677545
v 0.02518536 0.06927216 0.09440436
v 0.02531482 0.06923761 0.09440436
v 0.02531482 0.06927216 0.09436478
v 0.02531482 0.06927216 0.16880342
v 0.02531482 0.07440112 -0.07800057
v 0.02531482 0.08651264 -0.07294535
v 0.02531482 0.07556729 -0.00903860
v 0.01695400 0.08651264 0.00820188
v 0.02531482 0.08475245 0.00820188
v 0.02531482 0.08651264 0.01438166
v 0.02531482 0.08132144 0.07716387
v 0.02531482 0.08651264 0.06383330
v 0.02531482 0.08651264 0.17707194
v 0.02441652 0.10375312 -0.06076008
v 0.02531482 0.10375312 -0.06092144
v 0.02531482 0.09008620 0.02544237
v 0.02531482 0.09125837 0.04268285
v 0.02531482 0.08819020 0.05992339
v 0.02531482 0.09122946 0.18060683
v 0.01149980 0.10375312 0.19784731
v 0.02531482 0.10375312 0.19192136
v 0.02531482 0.10390680 -0.06076008
v 0.02531482 0.11873714 -0.04351960
v 0.02531482 0.12099361 -0.04076148
v 0.02531482 0.10894765 0.19784731
v 0.02242174 0.12099361 0.21508780
v 0.02531482 0.12099361 0.21354936
v 0.02531482 0.13103376 -0.02627909
v 0.02531482 0.13823409 -0.01580490
v 0.02531482 0.12210732 0.21508780
v 0.02531482 0.13369386 0.23232828
v 0.02531482 0.13823409 0.23973210
v 0.02531482 0.14289226 -0.00903860
v 0.02531482 0.15141663 0.00820188
v 0.02531482 0.15403770 0.02544237
v 0.00981222 0.15547458 0.02544237
v 0.02531482 0.15486541 0.04268285
v 0.02210451 0.15547458 0.04268285
v 0.02531482 0.15547458 0.04466122
v 0.02531482 0.14469983 0.24956877
v 0.02531482 0.15547458 0.26490701
v 0.02531482 0.16162173 0.05992339
v 0.02531482 0.17271506 0.07072135
v 0.02531482 0.15739258 0.26680925
v 0.02531482 0.17271506 0.27737494
v 0.02531482 0.18995560 0.07376584
v 0.02531482 0.18995560 0.15632986
v 0.02531482 0.18456485 0.16336629
v 0.02531482 0.18103676 0.18060683
v 0.02531482 0.18821499 0.19784731
v 0.02531482 0.18995560 0.19959759
v 0.02531482 0.18995560 0.28200178
v 0.02531482 0.20719608 0.06766180
v 0.02424421 0.20719608 0.14612581
v 0.02531482 0.20719608 0.14675054
v 0.01198224 0.20719608 0.21508780
v 0.02531482 0.20719608 0.20855021
v 0.02531482 0.20165030 0.28404979
v 0.01149950 0.20719608 0.28404979
v 0.02531482 0.20719608 0.28484728
v 0.02531482 0.22182289 0.05992339
v 0.02531482 0.22443657 0.05858843
v 0.01987820 0.22443657 0.14612581
v 0.02531482 0.22443657 0.14932222
v 0.00820782 0.22443657 0.21508780
v 0.02531482 0.22443657 0.20668035
v 0.02531482 0.22443657 0.28735275
v 0.02531482 0.24167705 0.05485877
v 0.02241882 0.24167705 0.16336629
v 0.02531482 0.23962834 0.16336629
v 0.02531482 0.24167705 0.17088713
v 0.01767863 0.24167705 0.19784731
v 0.02531482 0.23610030 0.19784731
v 0.02531482 0.24167705 0.18657301
v 0.02531482 0.24167705 0.28704751
v 0.02531482 0.25891754 0.05498662
v 0.02531482 0.24373926 0.18060683
v 0.02531482 0.25891754 0.27707438
v 0.02531482 0.24734540 0.28404979
v 0.02531482 0.27615802 0.05729702
v 0.02531482 0.27615802 0.26043375
v 0.02531482 0.26929278 0.26680925
v 0.02531482 0.28378757 0.05992339
v 0.01295053 0.29339856 0.05992339
v 0.02531482 0.29339856 0.06450093
v 0.01282908 0.29339856 0.24956877
v 0.02531482 0.29339856 0.24515039
v 0.02531482 0.28855696 0.24956877
v 0.02531482 0.30600354 0.07716387
v 0.01559386 0.31063904 0.07716387
v 0.02531482 0.31063904 0.08240588
v 0.02531482 0.31063904 0.22915382
v 0.02531482 0.30784792 0.23232828
v 0.02531482 0.32030275 0.09440436
v 0.01002365 0.32787953 0.09440436
v 0.02531482 0.32787953 0.10597796
v 0.02531482 0.32787953 0.20490485
v 0.02531482 0.32113488 0.21508780
v 0.02531482 0.33222746 0.11164484
v 0.02531482 0.33638567 0.12888532
v 0.01394294 0.34512001 0.12888532
v 0.02531482 0.33823307 0.14612581
v 0.01612161 0.34512001 0.14612581
v 0.02531482 0.34187909 0.16336629
v 0.01965579 0.34512001 0.16336629
v 0.02531482 0.34239495 0.18060683
v 0.02531482 0.33299620 0.19784731
v 0.01182886 0.39684151 0.11164484
v 0.01258783 0.39684151 0.12888532
v 0.01301563 0.39684151 0.14612581
v 0.01565781 0.39684151 0.16336629
v 0.02889205 -0.29277822 -0.00903860
v 0.04255531 -0.29277822 0.00553508
v 0.04255531 -0.29366031 0.00820188
v 0.04255531 -0.29384249 0.02544237
v 0.03914484 -0.29277822 0.04268285
v 0.04255531 -0.29277822 0.03010556
v 0.03023693 -0.29277822 0.05992339
v 0.04255531 -0.28099883 -0.02627909
v 0.04255531 -0.27553771 -0.03797034
v 0.04255531 -0.28862697 -0.00903860
v 0.04255531 -0.29010427 0.04268285
v 0.04255531 -0.28416856 0.05992339
v 0.04245908 -0.27553771 0.07716387
v 0.04255531 -0.27553771 0.07705667
v 0.02561749 -0.25829723 -0.06076008
v 0.04255531 -0.26466246 -0.06076008
v 0.04255531 -0.25829723 -0.07357534
v 0.04255531 -0.27289952 -0.04351960
v 0.04255531 -0.27547661 0.07716387
v 0.04255531 -0.26158335 0.09440436
v 0.04255531 -0.25829723 0.09744367
v 0.03156716 -0.24105672 -0.07800057
v 0.04255531 -0.25420753 -0.07800057
v 0.04255531 -0.24105672 -0.08932595
v 0.04029319 -0.24105672 0.11164484
v 0.04255531 -0.24105672 0.11017277
v 0.04255531 -0.22381623 -0.09346734
v 0.04255531 -0.23866369 0.11164484
v 0.02619404 -0.22381623 0.12888532
v 0.04255531 -0.22381623 0.11958164
v 0.04255531 -0.20657575 -0.08954881
v 0.04112704 -0.20657575 0.12888532
v 0.04255531 -0.20657575 0.12802036
v 0.04255531 -0.18984368 -0.07800057
v 0.04255531 -0.18933527 -0.07764646
v 0.04255531 -0.20464124 0.12888532
v 0.04255531 -0.18933527 0.13530509
v 0.04102125 -0.17209476 -0.06076008
v 0.04255531 -0.17209476 -0.06150538
v 0.03321149 -0.17209476 0.14612581
v 0.04255531 -0.17209476 0.14146669
v 0.04255531 -0.17127045 -0.06076008
v 0.04255531 -0.15485427 -0.04755051
v 0.04255531 -0.15592694 0.14612581
v 0.04255531 -0.15485427 0.14641035
v 0.04255531 -0.14642157 -0.04351960
v 0.03292236 -0.13761379 -0.04351960
v 0.04255531 -0.13761379 -0.04018842
v 0.04255531 -0.13761379 0.15011297
v 0.03800706 -0.12037328 -0.04351960
v 0.04255531 -0.12037328 -0.04149724
v 0.04255531 -0.12037328 0.15318153
v 0.04255531 -0.11511131 -0.04351960
v 0.04255531 -0.10313279 -0.04891191
v 0.04255531 -0.10313279 0.15588187
v 0.02849960 -0.08589231 -0.06076008
v 0.04255531 -0.08589231 -0.05594842
v 0.02906371 -0.08589231 0.16336629
v 0.04255531 -0.08589231 0.15831367
v 0.04255531 -0.07186616 -0.06076008
v 0.04255531 -0.06865180 -0.06171490
v 0.03051685 -0.06865180 0.02544237
v 0.03262694 -0.06865180 0.04268285
v 0.02545093 -0.06865180 0.05992339
v 0.03473014 -0.06865180 0.16336629
v 0.04255531 -0.06865180 0.16033806
v 0.04255531 -0.05141131 -0.06629627
v 0.03851588 -0.05141131 -0.00903860
v 0.04255531 -0.05141131 -0.00563474
v 0.04255531 -0.05882736 0.00820188
v 0.04255531 -0.06354897 0.02544237
v 0.04255531 -0.06437989 0.04268285
v 0.04255531 -0.06139051 0.05992339
v 0.04255531 -0.05408982 0.07716387
v 0.04255531 -0.05141131 0.08136573
v 0.03808753 -0.05141131 0.16336629
v 0.04255531 -0.05141131 0.16157720
v 0.04255531 -0.03417083 -0.07013471
v 0.03960215 -0.03417083 -0.02627909
v 0.04255531 -0.03417083 -0.02468355
v 0.04255531 -0.04907629 -0.00903860
v 0.04255531 -0.04051020 0.09440436
v 0.04255531 -0.03417083 0.10056963
v 0.03831880 -0.03417083 0.16336629
v 0.04255531 -0.03417083 0.16163208
v 0.04255531 -0.01693032 -0.07182434
v 0.04255531 -0.01693032 -0.03601727
v 0.04255531 -0.03150836 -0.02627909
v 0.04000830 -0.01693032 0.11164484
v 0.04255531 -0.01693032 0.11045983
v 0.03570422 -0.01693032 0.16336629
v 0.04255531 -0.01693032 0.16054567
v 0.04255531 0.00031017 -0.07373370
v 0.03272004 0.00031017 -0.04351960
v 0.04255531 0.00031017 -0.03966711
v 0.04255531 -0.01244074 0.11164484
v 0.04255531 0.00031017 0.11617208
v 0.03194436 0.00031017 0.16336629
v 0.04255531 0.00031017 0.15904082
v 0.04255531 0.01037972 -0.07800057
v 0.04255531 0.01755065 -0.08022499
v 0.03085668 0.01755065 -0.04351960
v 0.04255531 0.01755065 -0.03857732
v 0.04255531 0.01755065 0.11652405
v 0.02903062 0.01755065 0.16336629
v 0.04255531 0.01755065 0.15800420
v 0.04255531 0.03479114 -0.08816715
v 0.04255531 0.03479114 -0.03294938
v 0.04140741 0.03479114 0.11164484
v 0.04255531 0.03261039 0.11164484
v 0.04255531 0.03479114 0.11111669
v 0.02815952 0.03479114 0.16336629
v 0.04255531 0.03479114 0.15777645
v 0.04255531 0.05203162 -0.09433757
v 0.04255531 0.04511794 -0.02627909
v 0.03533594 0.05203162 -0.02627909
v 0.04255531 0.05203162 -0.02203317
v 0.04255531 0.05203162 0.10187343
v 0.03064308 0.05203162 0.16336629
v 0.04255531 0.05203162 0.15824916
v 0.04255531 0.06927216 -0.09446458
v 0.03652981 0.06927216 -0.00903860
v 0.04255531 0.06550595 -0.00903860
v 0.04255531 0.06927216 -0.00389655
v 0.04255531 0.06001429 0.09440436
v 0.04255531 0.06927216 0.08353449
v 0.03631158 0.06927216 0.16336629
v 0.04255531 0.06927216 0.15970875
v 0.03417469 0.08651264 -0.07800057
v 0.04255531 0.08651264 -0.08432156
v 0.04255531 0.07686454 0.00820188
v 0.03305046 0.08651264 0.02544237
v 0.04255531 0.08237825 0.02544237
v 0.03595699 0.08651264 0.04268285
v 0.04255531 0.08368214 0.04268285
v 0.02927625 0.08651264 0.05992339
v 0.04255531 0.08105638 0.05992339
v 0.04255531 0.07372483 0.07716387
v 0.04255531 0.08499827 0.16336629
v 0.04255531 0.08651264 0.16374012
v 0.04255531 0.09196658 -0.07800057
v 0.04255531 0.10375312 -0.06523775
v 0.03671173 0.10375312 0.18060683
v 0.04255531 0.10375312 0.17380811
v 0.04255531 0.10672854 -0.06076008
v 0.04255531 0.11824176 -0.04351960
v 0.04255531 0.12099361 -0.03943715
v 0.04255531 0.11014731 0.18060683
v 0.04139749 0.12099361 0.19784731
v 0.04255531 0.12099361 0.19627237
v 0.04255531 0.12898560 -0.02627909
v 0.04255531 0.13823409 -0.01120454
v 0.04255531 0.12190832 0.19784731
v 0.04255531 0.13194520 0.21508780
v 0.03596308 0.13823409 0.23232828
v 0.04255531 0.13823409 0.22680556
v 0.04255531 0.13960339 -0.00903860
v 0.04255531 0.14695111 0.00820188
v 0.04255531 0.14821342 0.02544237
v 0.04255531 0.14679608 0.04268285
v 0.04255531 0.14834655 0.05992339
v 0.03207633 0.15547458 0.05992339
v 0.04255531 0.15448041 0.07716387
v 0.04164966 0.15547458 0.07716387
v 0.04255531 0.15547458 0.07899692
v 0.04255531 0.14114193 0.23232828
v 0.04255531 0.14980120 0.24956877
v 0.04255531 0.15547458 0.26090500
v 0.03106368 0.17271506 0.07716387
v 0.04255531 0.17271506 0.09224612
v 0.04255531 0.15956924 0.26680925
v 0.04255531 0.17271506 0.27945492
v 0.02908420 0.18995560 0.07716387
v 0.04255531 0.18995560 0.09065159
v 0.03150603 0.18995560 0.16336629
v 0.03462661 0.18995560 0.18060683
v 0.02703503 0.18995560 0.19784731
v 0.04255531 0.18530746 0.28404979
v 0.03597159 0.18995560 0.28404979
v 0.04255531 0.18995560 0.28518142
v 0.03716360 0.20719608 0.07716387
v 0.04255531 0.20719608 0.08203266
v 0.03898064 0.20719608 0.16336629
v 0.04115559 0.20719608 0.18060683
v 0.03537894 0.20719608 0.19784731
v 0.04255531 0.20719608 0.28803861
v 0.02740961 0.22443657 0.05992339
v 0.04255531 0.22443657 0.07074914
v 0.04255531 0.21447024 0.07716387
v 0.03691455 0.22443657 0.16336629
v 0.03956811 0.22443657 0.18060683
v 0.03358803 0.22443657 0.19784731
v 0.04255531 0.22443657 0.29026733
v 0.03508916 0.24167705 0.05992339
v 0.04255531 0.24167705 0.06482606
v 0.02785795 0.24167705 0.18060683
v 0.04255531 0.24167705 0.28632549
v 0.03573418 0.25891754 0.05992339
v 0.04255531 0.25891754 0.06408481
v 0.04255531 0.25891754 0.26958703
v 0.04255531 0.24401872 0.28404979
v 0.03104953 0.27615802 0.05992339
v 0.04255531 0.27615802 0.06657195
v 0.04255531 0.27615802 0.25106264
v 0.04255531 0.26118151 0.26680925
v 0.04255531 0.29339856 0.07448051
v 0.04255531 0.29339856 0.23577198
v 0.04255531 0.27784696 0.24956877
v 0.04255531 0.29614693 0.07716387
v 0.04255531 0.31063904 0.09272951
v 0.04255531 0.31063904 0.22137377
v 0.04255531 0.29833809 0.23232828
v 0.04255531 0.31196333 0.09440436
v 0.04255531 0.32182346 0.11164484
v 0.03173700 0.32787953 0.11164484
v 0.04255531 0.32456957 0.12888532
v 0.03713409 0.32787953 0.12888532
v 0.04255531 0.32600750 0.14612581
v 0.03957133 0.32787953 0.14612581
v 0.04255531 0.32787953 0.15502833
v 0.04255531 0.32787953 0.20268775
v 0.04255531 0.31828913 0.21508780
v 0.04255531 0.32977199 0.16336629
v 0.04255531 0.33461470 0.18060683
v 0.04255531 0.33189639 0.19784731
v 0.04369772 -0.29277822 0.00820188
v 0.04367314 -0.29277822 0.02544237
v 0.05979579 -0.27784049 -0.02627909
v 0.05979579 -0.27553771 -0.03674495
v 0.05979579 -0.28108486 -0.00903860
v 0.05979579 -0.28192432 0.00820188
v 0.05979579 -0.27934352 0.02544237
v 0.05893032 -0.27553771 0.04268285
v 0.05979579 -0.27553771 0.03992929
v 0.05230507 -0.27553771 0.05992339
v 0.05861290 -0.25829723 -0.11248156
v 0.05979579 -0.26010176 -0.11248156
v 0.05979579 -0.25829723 -0.12523023
v 0.05512982 -0.25829723 -0.09524108
v 0.05979579 -0.26304504 -0.09524108
v 0.04654246 -0.25829723 -0.07800057
v 0.05979579 -0.26644952 -0.07800057
v 0.05979579 -0.27007463 -0.06076008
v 0.05979579 -0.27395338 -0.04351960
v 0.05979579 -0.27472925 0.04268285
v 0.05979579 -0.26823277 0.05992339
v 0.05979579 -0.25831314 0.07716387
v 0.04578515 -0.25829723 0.09440436
v 0.05979579 -0.25829723 0.07718285
v 0.05518748 -0.24105672 -0.11248156
v 0.05979579 -0.24105672 -0.12612638
v 0.04714046 -0.24105672 -0.09524108
v 0.05840630 -0.24105672 0.09440436
v 0.05979579 -0.24105672 0.09266365
v 0.05820287 -0.22381623 -0.11248156
v 0.05979579 -0.22381623 -0.11459669
v 0.04439017 -0.22381623 -0.09524108
v 0.05979579 -0.23856560 0.09440436
v 0.05149413 -0.22381623 0.11164484
v 0.05979579 -0.22381623 0.10287022
v 0.05979579 -0.22141500 -0.11248156
v 0.05979579 -0.20657575 -0.10231903
v 0.05046431 -0.20657575 -0.09524108
v 0.05979579 -0.20709149 0.11164484
v 0.05979579 -0.20657575 0.11189167
v 0.05979579 -0.19805939 -0.09524108
v 0.04323643 -0.18933527 -0.07800057
v 0.05979579 -0.18933527 -0.08754466
v 0.05038027 -0.18933527 0.12888532
v 0.05979579 -0.18933527 0.11982676
v 0.05979579 -0.18038176 -0.07800057
v 0.05979579 -0.17209476 -0.06617356
v 0.05809094 -0.17209476 0.12888532
v 0.05979579 -0.17209476 0.12722906
v 0.05979579 -0.16903981 -0.06076008
v 0.05979579 -0.15750949 -0.04351960
v 0.05290457 -0.15485427 -0.04351960
v 0.05979579 -0.15485427 -0.04055385
v 0.05979579 -0.16769022 0.12888532
v 0.04299388 -0.15485427 0.14612581
v 0.05979579 -0.15485427 0.13325758
v 0.05979579 -0.13761379 -0.03017035
v 0.04892039 -0.13761379 0.14612581
v 0.05979579 -0.13761379 0.13803669
v 0.05979579 -0.12037328 -0.03080361
v 0.05408369 -0.12037328 0.14612581
v 0.05979579 -0.12037328 0.14195255
v 0.05132711 -0.10313279 -0.04351960
v 0.05979579 -0.10313279 -0.03796268
v 0.05867015 -0.10313279 0.14612581
v 0.05979579 -0.10313279 0.14530536
v 0.05979579 -0.09098391 -0.04351960
v 0.05979579 -0.08589231 -0.04571927
v 0.05979579 -0.09821234 0.14612581
v 0.05979579 -0.08589231 0.14799688
v 0.04439198 -0.06865180 -0.06076008
v 0.05979579 -0.06865180 -0.05122505
v 0.05979579 -0.06865180 0.15004856
v 0.05320815 -0.05141131 -0.06076008
v 0.05979579 -0.05141131 -0.05644699
v 0.05366450 -0.05141131 0.00820188
v 0.05979579 -0.05141131 0.02476759
v 0.05979579 -0.05160784 0.02544237
v 0.05979579 -0.05259144 0.04268285
v 0.05714626 -0.05141131 0.05992339
v 0.05979579 -0.05141131 0.04855185
v 0.04678552 -0.05141131 0.07716387
v 0.05979579 -0.05141131 0.15130553
v 0.05979579 -0.03729206 -0.06076008
v 0.05979579 -0.03417083 -0.06159066
v 0.05950415 -0.03417083 -0.00903860
v 0.05979579 -0.03417083 -0.00864248
v 0.05979579 -0.04581724 0.00820188
v 0.05979579 -0.04894759 0.05992339
v 0.05979579 -0.03994688 0.07716387
v 0.05045852 -0.03417083 0.09440436
v 0.05979579 -0.03417083 0.08442035
v 0.05979579 -0.03417083 0.15159319
v 0.05979579 -0.01693032 -0.06408744
v 0.05463828 -0.01693032 -0.02627909
v 0.05979579 -0.01693032 -0.02174809
v 0.05979579 -0.03373825 -0.00903860
v 0.05979579 -0.02154963 0.09440436
v 0.05979579 -0.01693032 0.09792413
v 0.05979579 -0.01693032 0.15106298
v 0.05979579 0.00031017 -0.06728380
v 0.05930057 0.00031017 -0.02627909
v 0.05979579 0.00031017 -0.02584031
v 0.04916117 0.00031017 0.11164484
v 0.05979579 0.00031017 0.10406298
v 0.05979579 0.00031017 0.15019786
v 0.05742663 0.01755065 -0.07800057
v 0.05979579 0.01755065 -0.07754689
v 0.05786747 0.01755065 -0.02627909
v 0.05979579 0.01755065 -0.02456230
v 0.04962150 0.01755065 0.11164484
v 0.05979579 0.01755065 0.10439168
v 0.05979579 0.01755065 0.14940757
v 0.05808288 0.03479114 -0.09524108
v 0.05979579 0.03407280 -0.09524108
v 0.05979579 0.03479114 -0.09680922
v 0.05979579 0.01801873 -0.07800057
v 0.05067519 0.03479114 -0.02627909
v 0.05979579 0.03479114 -0.01812831
v 0.05979579 0.03479114 0.09903326
v 0.05979579 0.03479114 0.14858118
v 0.05634600 0.05203162 -0.11248156
v 0.05979579 0.04655124 -0.11248156
v 0.05979579 0.05203162 -0.12692310
v 0.04367964 0.05203162 -0.09524108
v 0.05660683 0.05203162 -0.00903860
v 0.05979579 0.04736419 -0.00903860
v 0.05979579 0.05203162 -0.00486000
v 0.05223352 0.05203162 0.09440436
v 0.05979579 0.04129917 0.09440436
v 0.05979579 0.05203162 0.08630582
v 0.05979579 0.05203162 0.14716716
v 0.05507111 0.06927216 -0.11248156
v 0.05979579 0.06927216 -0.12951112
v 0.04342843 0.06927216 -0.09524108
v 0.05253679 0.06927216 0.00820188
v 0.05979579 0.06232958 0.00820188
v 0.05979579 0.06927216 0.02498748
v 0.05876753 0.06927216 0.05992339
v 0.05979579 0.06829979 0.05992339
v 0.05979579 0.06927216 0.05458813
v 0.04918685 0.06927216 0.07716387
v 0.05979579 0.05975316 0.07716387
v 0.05860489 0.06927216 0.14612581
v 0.05979579 0.06927216 0.14493254
v 0.05979579 0.06128938 0.14612581
v 0.05979579 0.07629797 -0.11248156
v 0.05979579 0.08651264 -0.09897148
v 0.05700235 0.08651264 -0.09524108
v 0.05979579 0.06946113 0.02544237
v 0.05979579 0.07151428 0.04268285
v 0.05768081 0.08651264 0.14612581
v 0.05979579 0.08651264 0.14336984
v 0.04286065 0.08651264 0.16336629
v 0.05979579 0.08801241 -0.09524108
v 0.05979579 0.09721710 -0.07800057
v 0.05979579 0.10375312 -0.06721323
v 0.05832583 0.10375312 0.14612581
v 0.05979579 0.10375312 0.14303030
v 0.04872552 0.10375312 0.16336629
v 0.05979579 0.10683503 -0.06076008
v 0.05979579 0.11559047 -0.04351960
v 0.05979579 0.12099361 -0.03355724
v 0.05915903 0.12099361 0.14612581
v 0.05979579 0.12099361 0.14297406
v 0.05550813 0.12099361 0.16336629
v 0.05027211 0.12099361 0.18060683
v 0.05979579 0.12473827 -0.02627909
v 0.05979579 0.13329320 -0.00903860
v 0.04653536 0.13823409 -0.00903860
v 0.05979579 0.13823409 0.00371865
v 0.05804934 0.13823409 0.05992339
v 0.05979579 0.13823409 0.05241177
v 0.05979579 0.13694138 0.05992339
v 0.05979579 0.13454563 0.07716387
v 0.05627999 0.13823409 0.07716387
v 0.05979579 0.13444392 0.09440436
v 0.05725331 0.13823409 0.09440436
v 0.05979579 0.13727094 0.11164484
v 0.05942418 0.13823409 0.11164484
v 0.05979579 0.13823409 0.11844371
v 0.05979579 0.12836107 0.14612581
v 0.05979579 0.13290689 0.16336629
v 0.05979579 0.13431965 0.18060683
v 0.05979579 0.13726878 0.19784731
v 0.05267456 0.13823409 0.21508780
v 0.05979579 0.13823409 0.20064614
v 0.05979579 0.13998739 0.00820188
v 0.05979579 0.14150301 0.02544237
v 0.05979579 0.13959463 0.04268285
v 0.04772460 0.15547458 0.09440436
v 0.05412896 0.15547458 0.11164484
v 0.05979579 0.15547458 0.12837787
v 0.05979579 0.14297514 0.21508780
v 0.05979579 0.14950558 0.23232828
v 0.05896874 0.15547458 0.24956877
v 0.05979579 0.15547458 0.24877873
v 0.04371061 0.17271506 0.09440436
v 0.05254137 0.17271506 0.11164484
v 0.05979579 0.17271506 0.12528241
v 0.05979579 0.15579422 0.24956877
v 0.05979579 0.16348228 0.26680925
v 0.05979579 0.17271506 0.28178516
v 0.04548329 0.18995560 0.09440436
v 0.05622682 0.18995560 0.11164484
v 0.05979579 0.18995560 0.11771188
v 0.05979579 0.17577859 0.28404979
v 0.05979579 0.18995560 0.29058803
v 0.05318166 0.20719608 0.09440436
v 0.05979579 0.20719608 0.10467260
v 0.05979579 0.19801637 0.11164484
v 0.05979579 0.20719608 0.29413354
v 0.04878343 0.22443657 0.07716387
v 0.05979579 0.22443657 0.09181122
v 0.05979579 0.22075878 0.09440436
v 0.05979579 0.22443657 0.29458793
v 0.05431652 0.24167705 0.07716387
v 0.05979579 0.24167705 0.08498592
v 0.05335991 0.24167705 0.28404979
v 0.05979579 0.24167705 0.28245400
v 0.05979579 0.23975810 0.28404979
v 0.05572646 0.25891754 0.07716387
v 0.05979579 0.25891754 0.08281202
v 0.04725244 0.25891754 0.26680925
v 0.05979579 0.25891754 0.25879672
v 0.05979579 0.25273715 0.26680925
v 0.05427533 0.27615802 0.07716387
v 0.05979579 0.27615802 0.08394013
v 0.04484949 0.27615802 0.24956877
v 0.05979579 0.27615802 0.23766601
v 0.05979579 0.26631878 0.24956877
v 0.04610620 0.29339856 0.07716387
v 0.05979579 0.29339856 0.08994171
v 0.04722273 0.29339856 0.23232828
v 0.05979579 0.29339856 0.21904102
v 0.05979579 0.28168528 0.23232828
v 0.05979579 0.29906197 0.09440436
v 0.04550171 0.31063904 0.09440436
v 0.05979579 0.31063904 0.10740270
v 0.04921279 0.31063904 0.21508780
v 0.05979579 0.31063904 0.19968163
v 0.05979579 0.29789493 0.21508780
v 0.05979579 0.31302784 0.11164484
v 0.05979579 0.31599484 0.12888532
v 0.05979579 0.31701052 0.14612581
v 0.05979579 0.31897600 0.16336629
v 0.04598515 0.32787953 0.16336629
v 0.05979579 0.31979851 0.18060683
v 0.05097685 0.32787953 0.18060683
v 0.05979579 0.31244843 0.19784731
v 0.04656613 0.32787953 0.19784731
v 0.07319137 -0.27553771 -0.16420304
v 0.07703633 -0.28024071 -0.16420304
v 0.07703633 -0.27553771 -0.17992389
v 0.07064365 -0.27553771 -0.14696256
v 0.07703633 -0.28226453 -0.14696256
v 0.07132714 -0.27553771 -0.12972205
v 0.07703633 -0.28069573 -0.12972205
v 0.07424505 -0.27553771 -0.11248156
v 0.07703633 -0.27759469 -0.11248156
v 0.07703633 -0.27553771 -0.10036385
v 0.06721310 -0.27553771 -0.02627909
v 0.07060599 -0.27553771 -0.00903860
v 0.06881659 -0.27553771 0.00820188
v 0.06436241 -0.27553771 0.02544237
v 0.07222126 -0.25829723 -0.16420304
v 0.07703633 -0.25829723 -0.17064493
v 0.06372690 -0.25829723 -0.14696256
v 0.06037812 -0.25829723 -0.12972205
v 0.07703633 -0.27459342 -0.09524108
v 0.07703633 -0.27246278 -0.07800057
v 0.07703633 -0.27155028 -0.06076008
v 0.07703633 -0.27158210 -0.04351960
v 0.07703633 -0.27208833 -0.02627909
v 0.07703633 -0.27178256 -0.00903860
v 0.07703633 -0.26889698 0.00820188
v 0.07703633 -0.26327357 0.02544237
v 0.07512301 -0.25829723 0.04268285
v 0.07703633 -0.25829723 0.03751371
v 0.06821099 -0.25829723 0.05992339
v 0.05980782 -0.25829723 0.07716387
v 0.07703633 -0.25433084 -0.16420304
v 0.07703633 -0.24105672 -0.15049344
v 0.07334862 -0.24105672 -0.14696256
v 0.06164576 -0.24105672 -0.12972205
v 0.07703633 -0.25544765 0.04268285
v 0.07703633 -0.24358550 0.05992339
v 0.06970658 -0.24105672 0.07716387
v 0.07703633 -0.24105672 0.06267790
v 0.07703633 -0.23817849 -0.14696256
v 0.07703633 -0.22381623 -0.13158732
v 0.07500302 -0.22381623 -0.12972205
v 0.07672207 -0.22381623 0.07716387
v 0.07703633 -0.22381623 0.07653098
v 0.06614571 -0.22381623 0.09440436
v 0.07703633 -0.22220572 -0.12972205
v 0.07529340 -0.20657575 -0.11248156
v 0.07703633 -0.20657575 -0.11368291
v 0.07703633 -0.22286786 0.07716387
v 0.07239206 -0.20657575 0.09440436
v 0.07703633 -0.20657575 0.08641051
v 0.06000073 -0.20657575 0.11164484
v 0.07703633 -0.20542332 -0.11248156
v 0.07685380 -0.18933527 -0.09524108
v 0.07703633 -0.18933527 -0.09532449
v 0.07703633 -0.19218855 0.09440436
v 0.06640674 -0.18933527 0.11164484
v 0.07703633 -0.18933527 0.09582184
v 0.07703633 -0.18925883 -0.09524108
v 0.07703633 -0.17745325 -0.07800057
v 0.07703633 -0.17209476 -0.06591792
v 0.07223602 -0.17209476 0.11164484
v 0.07703633 -0.17209476 0.10411580
v 0.07703633 -0.17009219 -0.06076008
v 0.07703633 -0.16405395 -0.04351960
v 0.07703633 -0.15697962 -0.02627909
v 0.07476374 -0.15485427 -0.02627909
v 0.07703633 -0.15485427 -0.02272799
v 0.07703633 -0.15602395 0.11164484
v 0.06397409 -0.15485427 0.12888532
v 0.07703633 -0.15485427 0.11213080
v 0.06455531 -0.13761379 -0.02627909
v 0.07703633 -0.13761379 -0.00961076
v 0.06875345 -0.13761379 0.12888532
v 0.07703633 -0.13761379 0.11827312
v 0.06540744 -0.12037328 -0.02627909
v 0.07703633 -0.12037328 -0.01246870
v 0.07278134 -0.12037328 0.12888532
v 0.07703633 -0.12037328 0.12345782
v 0.07325119 -0.10313279 -0.02627909
v 0.07703633 -0.10313279 -0.02204895
v 0.07621522 -0.10313279 0.12888532
v 0.07703633 -0.10313279 0.12784433
v 0.06260413 -0.08589231 -0.04351960
v 0.07703633 -0.08589231 -0.03048573
v 0.07703633 -0.09520709 -0.02627909
v 0.07703633 -0.09822110 0.12888532
v 0.06204501 -0.08589231 0.14612581
v 0.07703633 -0.08589231 0.13114109
v 0.06965809 -0.06865180 -0.04351960
v 0.07703633 -0.06865180 -0.03660456
v 0.06449982 -0.06865180 0.14612581
v 0.07703633 -0.06865180 0.13358452
v 0.07638959 -0.05141131 -0.04351960
v 0.07703633 -0.05141131 -0.04288701
v 0.06007268 -0.05141131 0.02544237
v 0.06141177 -0.05141131 0.04268285
v 0.06607749 -0.05141131 0.14612581
v 0.07703633 -0.05141131 0.13520066
v 0.06097808 -0.03417083 -0.06076008
v 0.07703633 -0.03417083 -0.04762093
v 0.07703633 -0.04950077 -0.04351960
v 0.07113359 -0.03417083 0.00820188
v 0.07562161 -0.03417083 0.02544237
v 0.07633954 -0.03417083 0.04268285
v 0.07351997 -0.03417083 0.05992339
v 0.06587960 -0.03417083 0.07716387
v 0.06666526 -0.03417083 0.14612581
v 0.07703633 -0.03417083 0.13591386
v 0.06491121 -0.01693032 -0.06076008
v 0.07703633 -0.01693032 -0.05117669
v 0.07118666 -0.01693032 -0.00903860
v 0.07703633 -0.01693032 0.00283102
v 0.07703633 -0.02192459 0.00820188
v 0.07703633 -0.03123305 0.02544237
v 0.07703633 -0.03273541 0.04268285
v 0.07703633 -0.02710015 0.05992339
v 0.07703633 -0.01693032 0.07325587
v 0.07556123 -0.01693032 0.07716387
v 0.06366477 -0.01693032 0.09440436
v 0.06636676 -0.01693032 0.14612581
v 0.07703633 -0.01693032 0.13585857
v 0.07141612 0.00031017 -0.06076008
v 0.07703633 0.00031017 -0.05659676
v 0.07460911 0.00031017 -0.00903860
v 0.07703633 0.00031017 -0.00432797
v 0.07703633 -0.01079394 0.07716387
v 0.07703633 0.00031017 0.08306127
v 0.06992506 0.00031017 0.09440436
v 0.06555190 0.00031017 0.14612581
v 0.07703633 0.00031017 0.13540121
v 0.07703633 0.00562513 -0.06076008
v 0.07703633 0.01755065 -0.06945764
v 0.07354983 0.01755065 -0.00903860
v 0.07703633 0.01755065 -0.00247166
v 0.07023348 0.01755065 0.09440436
v 0.07703633 0.01755065 0.08347094
v 0.06459197 0.01755065 0.14612581
v 0.07703633 0.01755065 0.13482089
v 0.07466077 0.03479114 -0.19868403
v 0.07703633 0.03216301 -0.19868403
v 0.07703633 0.03479114 -0.21248286
v 0.07209367 0.03479114 -0.18144352
v 0.07703633 0.03043162 -0.18144352
v 0.07224780 0.03479114 -0.16420304
v 0.07703633 0.03090141 -0.16420304
v 0.07476913 0.03479114 -0.14696256
v 0.07703633 0.03305970 -0.14696256
v 0.07703633 0.03479114 -0.13535821
v 0.07703633 0.03306201 -0.09524108
v 0.07703633 0.03479114 -0.10516798
v 0.07703633 0.02447918 -0.07800057
v 0.06807157 0.03479114 -0.00903860
v 0.07703633 0.03479114 0.00727277
v 0.07610847 0.03479114 0.07716387
v 0.07703633 0.03057200 0.07716387
v 0.07703633 0.03479114 0.07459440
v 0.06484172 0.03479114 0.09440436
v 0.06331960 0.03479114 0.14612581
v 0.07703633 0.03479114 0.13382239
v 0.07248532 0.05203162 -0.30212699
v 0.07703633 0.04678836 -0.30212699
v 0.07703633 0.05203162 -0.31179168
v 0.07175097 0.05203162 -0.28488648
v 0.07703633 0.04251892 -0.28488648
v 0.07494617 0.05203162 -0.26764600
v 0.07703633 0.04384879 -0.26764600
v 0.07703633 0.05203162 -0.25424478
v 0.07659649 0.05203162 -0.21592452
v 0.07703633 0.04299894 -0.21592452
v 0.07703633 0.05203162 -0.22022865
v 0.07247167 0.05203162 -0.19868403
v 0.06657704 0.05203162 -0.18144352
v 0.06260156 0.05203162 -0.16420304
v 0.06213766 0.05203162 -0.14696256
v 0.07703633 0.03601315 -0.12972205
v 0.06092883 0.05203162 -0.12972205
v 0.07703633 0.03684247 -0.11248156
v 0.06886130 0.05203162 0.00820188
v 0.07703633 0.03575117 0.00820188
v 0.07469763 0.05203162 0.02544237
v 0.07703633 0.04719773 0.02544237
v 0.07627730 0.05203162 0.04268285
v 0.07703633 0.05044072 0.04268285
v 0.07419208 0.05203162 0.05992339
v 0.07703633 0.04605179 0.05992339
v 0.06740328 0.05203162 0.07716387
v 0.06118105 0.05203162 0.14612581
v 0.07703633 0.05203162 0.13165202
v 0.07519154 0.06927216 -0.31936748
v 0.07703633 0.06387486 -0.31936748
v 0.07703633 0.06927216 -0.32147541
v 0.06927022 0.06927216 -0.30212699
v 0.07258617 0.06927216 -0.28488648
v 0.07703633 0.06927216 -0.27111303
v 0.07703633 0.06405759 -0.26764600
v 0.07703633 0.05334236 -0.21592452
v 0.07703633 0.06275053 -0.19868403
v 0.07703633 0.06927216 -0.18703861
v 0.07503469 0.06927216 -0.18144352
v 0.06875083 0.06927216 -0.16420304
v 0.06427399 0.06927216 -0.14696256
v 0.05991598 0.06927216 -0.12972205
v 0.06001422 0.06927216 0.02544237
v 0.06242382 0.06927216 0.04268285
v 0.07591824 0.06927216 0.12888532
v 0.07703633 0.06927216 0.12741743
v 0.07703633 0.06463836 0.12888532
v 0.07703633 0.07354245 -0.31936748
v 0.07703633 0.08164677 -0.30212699
v 0.07703633 0.07654450 -0.28488648
v 0.07703633 0.07058622 -0.18144352
v 0.07703633 0.07340856 -0.16420304
v 0.07703633 0.07554710 -0.14696256
v 0.07703633 0.07835267 -0.12972205
v 0.07703633 0.08339070 -0.11248156
v 0.07703633 0.08651264 -0.10566177
v 0.07093948 0.08651264 0.12888532
v 0.07703633 0.08651264 0.11911703
v 0.07703633 0.08938236 -0.09524108
v 0.07703633 0.09552015 -0.07800057
v 0.07703633 0.10280951 -0.06076008
v 0.07366302 0.10375312 -0.06076008
v 0.07703633 0.10375312 -0.05863820
v 0.07364459 0.10375312 0.11164484
v 0.07703633 0.10375312 0.10384435
v 0.07703633 0.09612680 0.11164484
v 0.06615790 0.10375312 0.12888532
v 0.07703633 0.10944121 -0.04351960
v 0.07703633 0.11638716 -0.02627909
v 0.06817242 0.12099361 -0.02627909
v 0.07703633 0.12099361 -0.01485584
v 0.07437930 0.12099361 0.07716387
v 0.07703633 0.12099361 0.06942647
v 0.07703633 0.11790838 0.07716387
v 0.07703633 0.11034494 0.09440436
v 0.06996791 0.12099361 0.09440436
v 0.06614229 0.12099361 0.11164484
v 0.06235121 0.12099361 0.12888532
v 0.07703633 0.12326720 -0.00903860
v 0.07703633 0.12835427 0.00820188
v 0.06258676 0.13823409 0.00820188
v 0.07703633 0.13041839 0.02544237
v 0.06551565 0.13823409 0.02544237
v 0.07703633 0.12854345 0.04268285
v 0.06239683 0.13823409 0.04268285
v 0.07703633 0.12389052 0.05992339
v 0.06028522 0.13823409 0.12888532
v 0.06051891 0.13823409 0.14612581
v 0.06150301 0.13823409 0.16336629
v 0.06248610 0.13823409 0.18060683
v 0.06085446 0.13823409 0.19784731
v 0.05996498 0.15547458 0.12888532
v 0.06344528 0.15547458 0.14612581
v 0.06722151 0.15547458 0.16336629
v 0.07233395 0.15547458 0.18060683
v 0.07668541 0.15547458 0.19784731
v 0.07689322 0.15547458 0.21508780
v 0.07114149 0.15547458 0.23232828
v 0.06183287 0.17271506 0.12888532
v 0.06825873 0.17271506 0.14612581
v 0.07436545 0.17271506 0.16336629
v 0.07703633 0.17271506 0.16947855
v 0.07703633 0.16420706 0.18060683
v 0.07703633 0.15595162 0.19784731
v 0.07703633 0.15560756 0.21508780
v 0.07703633 0.15927981 0.23232828
v 0.07703633 0.16382835 0.24956877
v 0.07703633 0.16847559 0.26680925
v 0.07703633 0.17271506 0.28020135
v 0.06630060 0.18995560 0.12888532
v 0.07417607 0.18995560 0.14612581
v 0.07703633 0.18995560 0.15242422
v 0.07703633 0.17901081 0.16336629
v 0.07703633 0.17495859 0.28404979
v 0.07703633 0.18995560 0.29889226
v 0.06359166 0.20719608 0.11164484
v 0.07168954 0.20719608 0.12888532
v 0.07703633 0.20719608 0.14109916
v 0.07703633 0.19913229 0.14612581
v 0.07703633 0.19881587 0.30129027
v 0.07421001 0.20719608 0.30129027
v 0.07703633 0.20719608 0.30336522
v 0.06120245 0.22443657 0.09440436
v 0.06886513 0.22443657 0.11164484
v 0.07549587 0.22443657 0.12888532
v 0.07703633 0.22443657 0.13314469
v 0.07703633 0.22443657 0.29832856
v 0.07703633 0.21535086 0.30129027
v 0.06457898 0.24167705 0.09440436
v 0.07142428 0.24167705 0.11164484
v 0.07703633 0.24167705 0.12808270
v 0.07703633 0.23861644 0.12888532
v 0.07703633 0.24167705 0.27247201
v 0.07703633 0.23402968 0.28404979
v 0.07463836 0.24167705 0.38749275
v 0.07703633 0.23767711 0.38749275
v 0.07703633 0.24167705 0.38616217
v 0.07703633 0.24167705 0.38768343
v 0.06581912 0.25891754 0.09440436
v 0.07257847 0.25891754 0.11164484
v 0.07703633 0.25891754 0.12568569
v 0.07041711 0.25891754 0.24956877
v 0.07703633 0.25891754 0.24044228
v 0.07703633 0.25406355 0.24956877
v 0.07703633 0.24452059 0.26680925
v 0.07703633 0.24400704 0.38749275
v 0.06574203 0.27615802 0.09440436
v 0.07292293 0.27615802 0.11164484
v 0.07703633 0.27615802 0.12505220
v 0.07381438 0.27615802 0.21508780
v 0.07703633 0.27615802 0.20467287
v 0.07703633 0.27162620 0.21508780
v 0.07703633 0.26356130 0.23232828
v 0.06469222 0.27615802 0.23232828
v 0.06294190 0.29339856 0.09440436
v 0.07153656 0.29339856 0.11164484
v 0.07703633 0.29109702 0.12888532
v 0.07681215 0.29339856 0.12888532
v 0.07703633 0.29339856 0.13052200
v 0.07464506 0.29339856 0.18060683
v 0.07703633 0.29339856 0.16919350
v 0.07703633 0.28794658 0.18060683
v 0.07703633 0.27948303 0.19784731
v 0.06933034 0.29339856 0.19784731
v 0.06227291 0.29339856 0.21508780
v 0.06296315 0.31063904 0.11164484
v 0.06831648 0.31063904 0.12888532
v 0.07703633 0.29846966 0.14612581
v 0.06974797 0.31063904 0.14612581
v 0.07703633 0.29621037 0.16336629
v 0.06887696 0.31063904 0.16336629
v 0.06567486 0.31063904 0.18060683
v 0.06058422 0.31063904 0.19784731
v 0.09340067 -0.29277822 -0.25040549
v 0.09427681 -0.29379981 -0.25040549
v 0.09427681 -0.29277822 -0.25197366
v 0.09030471 -0.29277822 -0.23316500
v 0.09427681 -0.29749417 -0.23316500
v 0.09004146 -0.29277822 -0.21592452
v 0.09427681 -0.29800892 -0.21592452
v 0.08990470 -0.29277822 -0.19868403
v 0.09427681 -0.29820170 -0.19868403
v 0.08917937 -0.29277822 -0.18144352
v 0.09427681 -0.29840382 -0.18144352
v 0.08874361 -0.29277822 -0.16420304
v 0.09427681 -0.29744135 -0.16420304
v 0.09129359 -0.29277822 -0.14696256
v 0.09427681 -0.29457495 -0.14696256
v 0.09427681 -0.29277822 -0.14051940
v 0.08441738 -0.27553771 -0.25040549
v 0.09427681 -0.27553771 -0.26641660
v 0.08135224 -0.27553771 -0.23316500
v 0.08168598 -0.27553771 -0.21592452
v 0.08125848 -0.27553771 -0.19868403
v 0.07753588 -0.27553771 -0.18144352
v 0.09427681 -0.28936127 -0.12972205
v 0.09427681 -0.28312413 -0.11248156
v 0.08256615 -0.27553771 -0.09524108
v 0.09427681 -0.27724043 -0.09524108
v 0.09427681 -0.27553771 -0.08958902
v 0.09121801 -0.25829723 -0.25040549
v 0.09427681 -0.25829723 -0.25646367
v 0.09060104 -0.25829723 -0.23316500
v 0.09427681 -0.25829723 -0.22094213
v 0.09427681 -0.25985042 -0.21592452
v 0.09427681 -0.26195976 -0.19868403
v 0.09427681 -0.25829723 -0.18967877
v 0.08903063 -0.25829723 -0.18144352
v 0.09427681 -0.27175957 -0.07800057
v 0.09427681 -0.26767526 -0.06076008
v 0.09427681 -0.26472784 -0.04351960
v 0.09427681 -0.26177217 -0.02627909
v 0.09310842 -0.25829723 -0.00903860
v 0.09427681 -0.25829723 -0.01307460
v 0.08732446 -0.25829723 0.00820188
v 0.08132787 -0.25829723 0.02544237
v 0.09427681 -0.25619340 -0.25040549
v 0.09427681 -0.25612923 -0.23316500
v 0.09427681 -0.25639746 -0.18144352
v 0.09427681 -0.24489445 -0.16420304
v 0.09427681 -0.24105672 -0.16010639
v 0.09427681 -0.25672344 -0.00903860
v 0.09427681 -0.24707703 0.00820188
v 0.09126101 -0.24105672 0.02544237
v 0.09427681 -0.24105672 0.01685692
v 0.08498466 -0.24105672 0.04268285
v 0.07828382 -0.24105672 0.05992339
v 0.09427681 -0.22932705 -0.14696256
v 0.09427681 -0.22381623 -0.14064053
v 0.09427681 -0.23214206 0.02544237
v 0.09103584 -0.22381623 0.04268285
v 0.09427681 -0.22381623 0.03302377
v 0.08452891 -0.22381623 0.05992339
v 0.09427681 -0.21540388 -0.12972205
v 0.09427681 -0.20657575 -0.11824109
v 0.09427681 -0.20858315 0.04268285
v 0.08905490 -0.20657575 0.05992339
v 0.09427681 -0.20657575 0.04394510
v 0.08188658 -0.20657575 0.07716387
v 0.09427681 -0.20247938 -0.11248156
v 0.09427681 -0.19113770 -0.09524108
v 0.07782798 -0.18933527 -0.09524108
v 0.09427681 -0.18933527 -0.09193419
v 0.09223530 -0.18933527 0.05992339
v 0.09427681 -0.18933527 0.05125858
v 0.08621579 -0.18933527 0.07716387
v 0.07788437 -0.18933527 0.09440436
v 0.09427681 -0.18258949 -0.07800057
v 0.09427681 -0.17725151 -0.06076008
v 0.08255583 -0.17209476 -0.06076008
v 0.09427681 -0.17495433 -0.04351960
v 0.09024298 -0.17209476 -0.04351960
v 0.09427681 -0.17412215 -0.02627909
v 0.09242533 -0.17209476 -0.02627909
v 0.09427681 -0.17209476 -0.00955663
v 0.09427681 -0.17217645 0.05992339
v 0.08976185 -0.17209476 0.07716387
v 0.09427681 -0.17209476 0.05996075
v 0.08252884 -0.17209476 0.09440436
v 0.09427681 -0.17202769 -0.00903860
v 0.08328111 -0.15485427 -0.00903860
v 0.09427681 -0.16809101 0.00820188
v 0.08980601 -0.15485427 0.00820188
v 0.09427681 -0.15881857 0.02544237
v 0.09365636 -0.15485427 0.02544237
v 0.09427681 -0.15485427 0.03001045
v 0.09267251 -0.15485427 0.07716387
v 0.09427681 -0.15485427 0.06840239
v 0.08653412 -0.15485427 0.09440436
v 0.07736005 -0.15485427 0.11164484
v 0.07735043 -0.13761379 -0.00903860
v 0.08738317 -0.13761379 0.00820188
v 0.09339417 -0.13761379 0.02544237
v 0.09427681 -0.13761379 0.02973215
v 0.09427681 -0.14437084 0.07716387
v 0.08995883 -0.13761379 0.09440436
v 0.09427681 -0.13761379 0.08059835
v 0.08140974 -0.13761379 0.11164484
v 0.07924516 -0.12037328 -0.00903860
v 0.08974765 -0.12037328 0.00820188
v 0.09427681 -0.12037328 0.02009583
v 0.09427681 -0.13174458 0.02544237
v 0.09302111 -0.12037328 0.09440436
v 0.09427681 -0.12037328 0.09018250
v 0.08480817 -0.12037328 0.11164484
v 0.08608326 -0.10313279 -0.00903860
v 0.09427681 -0.10313279 0.00659975
v 0.09427681 -0.10546082 0.00820188
v 0.09427681 -0.11281601 0.09440436
v 0.08772286 -0.10313279 0.11164484
v 0.09427681 -0.10313279 0.09797675
v 0.08078335 -0.08589231 -0.02627909
v 0.09229894 -0.08589231 -0.00903860
v 0.09427681 -0.08589231 -0.00497375
v 0.09027037 -0.08589231 0.11164484
v 0.09427681 -0.08589231 0.10359590
v 0.07886389 -0.08589231 0.12888532
v 0.08574091 -0.06865180 -0.02627909
v 0.09427681 -0.06865180 -0.01294489
v 0.09427681 -0.07807283 -0.00903860
v 0.09247049 -0.06865180 0.11164484
v 0.09427681 -0.06865180 0.10819978
v 0.08086890 -0.06865180 0.12888532
v 0.08973048 -0.05141131 -0.02627909
v 0.09427681 -0.05141131 -0.01891669
v 0.09427681 -0.05147884 0.11164484
v 0.08224193 -0.05141131 0.12888532
v 0.09427681 -0.05141131 0.11165511
v 0.08095878 -0.03417083 -0.04351960
v 0.09406497 -0.03417083 -0.02627909
v 0.09427681 -0.03417083 -0.02593747
v 0.08292320 -0.03417083 0.12888532
v 0.09427681 -0.03417083 0.11309763
v 0.08485127 -0.01693032 -0.04351960
v 0.09427681 -0.01693032 -0.03175737
v 0.09427681 -0.03346113 -0.02627909
v 0.08116286 -0.01693032 0.00820188
v 0.08668211 -0.01693032 0.02544237
v 0.08735900 -0.01693032 0.04268285
v 0.08438163 -0.01693032 0.05992339
v 0.08300367 -0.01693032 0.12888532
v 0.09427681 -0.01693032 0.11358676
v 0.09153780 0.00031017 -0.04351960
v 0.09427681 0.00031017 -0.04021674
v 0.08567439 0.00031017 0.00820188
v 0.08999086 0.00031017 0.02544237
v 0.09079167 0.00031017 0.04268285
v 0.08875459 0.00031017 0.05992339
v 0.08209389 0.00031017 0.07716387
v 0.08274571 0.00031017 0.12888532
v 0.09427681 0.00031017 0.11346782
v 0.08635587 0.01755065 -0.06076008
v 0.09427681 0.01755065 -0.05262174
v 0.09427681 0.00406207 -0.04351960
v 0.08443430 0.01755065 0.00820188
v 0.08939800 0.01755065 0.02544237
v 0.09055471 0.01755065 0.04268285
v 0.08877584 0.01755065 0.05992339
v 0.08241454 0.01755065 0.07716387
v 0.08234490 0.01755065 0.12888532
v 0.09427681 0.01755065 0.11296610
v 0.09397907 0.03479114 -0.30212699
v 0.09427681 0.03465997 -0.30212699
v 0.09427681 0.03479114 -0.30250338
v 0.08520863 0.03479114 -0.28488648
v 0.09427681 0.03053414 -0.28488648
v 0.08206448 0.03479114 -0.26764600
v 0.09427681 0.02780394 -0.26764600
v 0.08190723 0.03479114 -0.25040549
v 0.09427681 0.02626193 -0.25040549
v 0.08136795 0.03479114 -0.23316500
v 0.09427681 0.02573952 -0.23316500
v 0.07821675 0.03479114 -0.21592452
v 0.09427681 0.02602391 -0.21592452
v 0.09427681 0.02707010 -0.19868403
v 0.09427681 0.02893633 -0.18144352
v 0.09427681 0.03150313 -0.16420304
v 0.09427681 0.03447547 -0.14696256
v 0.09427681 0.03479114 -0.14515201
v 0.08298675 0.03479114 -0.09524108
v 0.09427681 0.03479114 -0.07988503
v 0.09427681 0.03436253 -0.07800057
v 0.09427681 0.02471982 -0.06076008
v 0.07775688 0.03479114 0.00820188
v 0.08494201 0.03479114 0.02544237
v 0.08673936 0.03479114 0.04268285
v 0.08464739 0.03479114 0.05992339
v 0.08153834 0.03479114 0.12888532
v 0.09427681 0.03479114 0.11172646
v 0.08300301 0.05203162 -0.31936748
v 0.09427681 0.04425268 -0.31936748
v 0.09427681 0.05203162 -0.32812544
v 0.07799389 0.05203162 -0.25040549
v 0.07933006 0.05203162 -0.23316500
v 0.09427681 0.03932009 -0.12972205
v 0.09427681 0.04152898 -0.11248156
v 0.09427681 0.04020263 -0.09524108
v 0.09165664 0.05203162 0.11164484
v 0.09427681 0.05203162 0.10717601
v 0.09427681 0.03525458 0.11164484
v 0.07962649 0.05203162 0.12888532
v 0.09427681 0.06927216 -0.33175189
v 0.07869601 0.06927216 -0.26764600
v 0.08546367 0.06927216 -0.25040549
v 0.08885610 0.06927216 -0.23316500
v 0.08953607 0.06927216 -0.21592452
v 0.08642561 0.06927216 -0.19868403
v 0.08748489 0.06927216 0.11164484
v 0.09427681 0.06927216 0.09925401
v 0.09047395 0.08651264 -0.31936748
v 0.09427681 0.08651264 -0.32171156
v 0.08478108 0.08651264 -0.30212699
v 0.09311365 0.08651264 -0.28488648
v 0.09427681 0.08651264 -0.28323251
v 0.09427681 0.08162683 -0.26764600
v 0.09427681 0.07666434 -0.25040549
v 0.09427681 0.07331782 -0.23316500
v 0.09427681 0.07178764 -0.21592452
v 0.09427681 0.07143789 -0.19868403
v 0.09427681 0.07154434 -0.18144352
v 0.09427681 0.07178397 -0.16420304
v 0.09427681 0.07226136 -0.14696256
v 0.09427681 0.07340926 -0.12972205
v 0.09427681 0.07589937 -0.11248156
v 0.09427681 0.08040416 -0.09524108
v 0.08477358 0.08651264 -0.09524108
v 0.09427681 0.08651264 -0.07940162
v 0.08994841 0.08651264 0.09440436
v 0.09427681 0.08651264 0.08469442
v 0.09427681 0.07575753 0.09440436
v 0.08146573 0.08651264 0.11164484
v 0.09427681 0.08771668 -0.31936748
v 0.09427681 0.08899157 -0.30212699
v 0.09427681 0.08684935 -0.28488648
v 0.09427681 0.08684653 -0.07800057
v 0.09427681 0.09158480 -0.06076008
v 0.09427681 0.09686332 -0.04351960
v 0.08599076 0.10375312 -0.04351960
v 0.09427681 0.10241066 -0.02627909
v 0.09297564 0.10375312 -0.02627909
v 0.09427681 0.10375312 -0.02158296
v 0.09404841 0.10375312 0.05992339
v 0.09427681 0.10375312 0.05904518
v 0.09427681 0.10335559 0.05992339
v 0.09427681 0.09254297 0.07716387
v 0.08803479 0.10375312 0.07716387
v 0.08131855 0.10375312 0.09440436
v 0.09427681 0.10680588 -0.00903860
v 0.07970594 0.12099361 -0.00903860
v 0.09427681 0.10989398 0.00820188
v 0.08448269 0.12099361 0.00820188
v 0.09427681 0.11092541 0.02544237
v 0.08610375 0.12099361 0.02544237
v 0.09427681 0.10881018 0.04268285
v 0.08456456 0.12099361 0.04268285
v 0.08015112 0.12099361 0.05992339
v 0.08099579 0.17271506 0.18060683
v 0.08662360 0.17271506 0.19784731
v 0.09061237 0.17271506 0.21508780
v 0.09227674 0.17271506 0.23232828
v 0.09133816 0.17271506 0.24956877
v 0.08696645 0.17271506 0.26680925
v 0.08069060 0.18995560 0.16336629
v 0.08665587 0.18995560 0.18060683
v 0.09294135 0.18995560 0.19784731
v 0.09427681 0.18995560 0.20207697
v 0.09427681 0.18053308 0.21508780
v 0.09427681 0.17576419 0.23232828
v 0.09427681 0.17581570 0.24956877
v 0.09427681 0.17784443 0.26680925
v 0.09427681 0.18117684 0.28404979
v 0.08586563 0.18995560 0.30129027
v 0.09427681 0.18740406 0.30129027
v 0.09427681 0.18995560 0.30518755
v 0.07875014 0.20719608 0.14612581
v 0.08393590 0.20719608 0.16336629
v 0.08962927 0.20719608 0.18060683
v 0.09427681 0.20719608 0.19362002
v 0.09427681 0.19785388 0.19784731
v 0.09427681 0.20719608 0.31098354
v 0.08068697 0.22443657 0.14612581
v 0.08525228 0.22443657 0.16336629
v 0.09020204 0.22443657 0.18060683
v 0.09427681 0.22443657 0.19441334
v 0.09427681 0.22443657 0.28885030
v 0.09427681 0.21601436 0.30129027
v 0.08937469 0.22443657 0.38749275
v 0.09427681 0.22273292 0.38749275
v 0.09427681 0.22443657 0.38484297
v 0.09427681 0.22443657 0.38774270
v 0.07726886 0.24167705 0.12888532
v 0.08150179 0.24167705 0.14612581
v 0.08533109 0.24167705 0.16336629
v 0.08892796 0.24167705 0.18060683
v 0.09427681 0.22969302 0.19784731
v 0.09197960 0.24167705 0.19784731
v 0.09427681 0.24024536 0.21508780
v 0.09380953 0.24167705 0.21508780
v 0.09427681 0.24055670 0.23232828
v 0.09371608 0.24167705 0.23232828
v 0.09427681 0.23676561 0.24956877
v 0.09052722 0.24167705 0.24956877
v 0.09427681 0.23134289 0.26680925
v 0.08179529 0.24167705 0.26680925
v 0.09427681 0.22587233 0.28404979
v 0.09427681 0.24167705 0.38182606
v 0.09427681 0.24167705 0.38826602
v 0.07791076 0.25891754 0.12888532
v 0.08162706 0.25891754 0.14612581
v 0.08440172 0.25891754 0.16336629
v 0.08604333 0.25891754 0.18060683
v 0.08630904 0.25891754 0.19784731
v 0.08495747 0.25891754 0.21508780
v 0.08101276 0.25891754 0.23232828
v 0.09427681 0.24867205 0.38749275
v 0.07802551 0.27615802 0.12888532
v 0.08098980 0.27615802 0.14612581
v 0.08220839 0.27615802 0.16336629
v 0.08136362 0.27615802 0.18060683
v 0.07868730 0.27615802 0.19784731
v 0.07873791 0.29339856 0.14612581
v 0.07809943 0.29339856 0.16336629
v 0.11151729 -0.30432831 -0.25040549
v 0.11151729 -0.29277822 -0.26608455
v 0.11151729 -0.30833400 -0.23316500
v 0.11151729 -0.30933257 -0.21592452
v 0.11151729 -0.30883808 -0.19868403
v 0.11151729 -0.30562578 -0.18144352
v 0.11151729 -0.30006421 -0.16420304
v 0.11151729 -0.29388519 -0.14696256
v 0.11151729 -0.29277822 -0.14423843
v 0.09602134 -0.27553771 -0.26764600
v 0.11151729 -0.29028494 -0.26764600
v 0.11151729 -0.27553771 -0.27422938
v 0.11151729 -0.28544344 -0.12972205
v 0.11151729 -0.27723476 -0.11248156
v 0.09881876 -0.27553771 -0.09524108
v 0.11151729 -0.27553771 -0.10899866
v 0.10753391 -0.25829723 -0.26764600
v 0.11151729 -0.25829723 -0.26944506
v 0.09656460 -0.25829723 -0.21592452
v 0.10044637 -0.25829723 -0.19868403
v 0.11151729 -0.26764772 -0.09524108
v 0.11151729 -0.26017975 -0.07800057
v 0.10710541 -0.25829723 -0.06076008
v 0.11151729 -0.25829723 -0.07292669
v 0.10205208 -0.25829723 -0.04351960
v 0.09776215 -0.25829723 -0.02627909
v 0.11151729 -0.25691489 -0.26764600
v 0.11151729 -0.25001085 -0.25040549
v 0.11151729 -0.24937902 -0.23316500
v 0.11151729 -0.25242584 -0.21592452
v 0.11151729 -0.25421697 -0.19868403
v 0.11151729 -0.25116570 -0.18144352
v 0.11151729 -0.24190192 -0.16420304
v 0.11151729 -0.24105672 -0.16289822
v 0.11151729 -0.25171352 -0.06076008
v 0.11151729 -0.24309471 -0.04351960
v 0.10772082 -0.24105672 -0.02627909
v 0.11151729 -0.24105672 -0.04006533
v 0.10261679 -0.24105672 -0.00903860
v 0.09718566 -0.24105672 0.00820188
v 0.11151729 -0.23192142 -0.14696256
v 0.11151729 -0.22381623 -0.13278409
v 0.11151729 -0.22442898 -0.02627909
v 0.10695113 -0.22381623 -0.00903860
v 0.11151729 -0.22381623 -0.02583057
v 0.10196094 -0.22381623 0.00820188
v 0.09674361 -0.22381623 0.02544237
v 0.11151729 -0.22234154 -0.12972205
v 0.11151729 -0.21499304 -0.11248156
v 0.10109743 -0.20657575 -0.11248156
v 0.11151729 -0.20705944 -0.09524108
v 0.11117681 -0.20657575 -0.09524108
v 0.11151729 -0.20657575 -0.09398666
v 0.11097479 -0.20657575 -0.02627909
v 0.11151729 -0.20657575 -0.02961838
v 0.11151729 -0.22039291 -0.02627909
v 0.10724897 -0.20657575 -0.00903860
v 0.10329877 -0.20657575 0.00820188
v 0.09920491 -0.20657575 0.02544237
v 0.09467676 -0.20657575 0.04268285
v 0.11151729 -0.20177922 -0.07800057
v 0.10160056 -0.18933527 -0.07800057
v 0.11151729 -0.19892571 -0.06076008
v 0.10575761 -0.18933527 -0.06076008
v 0.11151729 -0.20038610 -0.04351960
v 0.10650022 -0.18933527 -0.04351960
v 0.10521531 -0.18933527 -0.02627909
v 0.10317359 -0.18933527 -0.00903860
v 0.10103595 -0.18933527 0.00820188
v 0.09891584 -0.18933527 0.02544237
v 0.09625871 -0.18933527 0.04268285
v 0.09432067 -0.17209476 -0.00903860
v 0.09559807 -0.17209476 0.00820188
v 0.09633585 -0.17209476 0.02544237
v 0.09626742 -0.17209476 0.04268285
v 0.09428618 -0.17209476 0.05992339
v 0.09592104 -0.15485427 0.04268285
v 0.09576308 -0.15485427 0.05992339
v 0.09675529 -0.13761379 0.04268285
v 0.09747297 -0.13761379 0.05992339
v 0.09527174 -0.13761379 0.07716387
v 0.09600896 -0.12037328 0.02544237
v 0.09911549 -0.12037328 0.04268285
v 0.09976403 -0.12037328 0.05992339
v 0.09782353 -0.12037328 0.07716387
v 0.09495532 -0.10313279 0.00820188
v 0.09976187 -0.10313279 0.02544237
v 0.10214926 -0.10313279 0.04268285
v 0.10244357 -0.10313279 0.05992339
v 0.10045815 -0.10313279 0.07716387
v 0.09581751 -0.10313279 0.09440436
v 0.09910028 -0.08589231 0.00820188
v 0.10307520 -0.08589231 0.02544237
v 0.10509240 -0.08589231 0.04268285
v 0.10518474 -0.08589231 0.05992339
v 0.10306991 -0.08589231 0.07716387
v 0.09833673 -0.08589231 0.09440436
v 0.09613831 -0.06865180 -0.00903860
v 0.10183999 -0.06865180 0.00820188
v 0.10565429 -0.06865180 0.02544237
v 0.10773875 -0.06865180 0.04268285
v 0.10779741 -0.06865180 0.05992339
v 0.10547583 -0.06865180 0.07716387
v 0.10051868 -0.06865180 0.09440436
v 0.09848436 -0.05141131 -0.00903860
v 0.10375295 -0.05141131 0.00820188
v 0.10777546 -0.05141131 0.02544237
v 0.11027997 -0.05141131 0.04268285
v 0.11030857 -0.05141131 0.05992339
v 0.10751352 -0.05141131 0.07716387
v 0.10216109 -0.05141131 0.09440436
v 0.09428315 -0.05141131 0.11164484
v 0.10047870 -0.03417083 -0.00903860
v 0.10540040 -0.03417083 0.00820188
v 0.11002397 -0.03417083 0.02544237
v 0.11151729 -0.03417083 0.03338919
v 0.11151729 -0.04274862 0.04268285
v 0.11151729 -0.04218160 0.05992339
v 0.10908182 -0.03417083 0.07716387
v 0.11151729 -0.03417083 0.06564229
v 0.10309761 -0.03417083 0.09440436
v 0.09518729 -0.03417083 0.11164484
v 0.09719799 -0.01693032 -0.02627909
v 0.10291573 -0.01693032 -0.00903860
v 0.10779218 -0.01693032 0.00820188
v 0.11151729 -0.01693032 0.01999507
v 0.11151729 -0.02560529 0.02544237
v 0.11007997 -0.01693032 0.07716387
v 0.11151729 -0.01693032 0.07198430
v 0.10330124 -0.01693032 0.09440436
v 0.09549858 -0.01693032 0.11164484
v 0.10144870 0.00031017 -0.02627909
v 0.10704619 0.00031017 -0.00903860
v 0.11151729 0.00031017 0.00499298
v 0.11151729 -0.00398706 0.00820188
v 0.11029387 0.00031017 0.07716387
v 0.11151729 0.00031017 0.07378543
v 0.10297399 0.00031017 0.09440436
v 0.09541519 0.00031017 0.11164484
v 0.10028166 0.01755065 -0.04351960
v 0.10743814 0.01755065 -0.02627909
v 0.11151729 0.01755065 -0.01309993
v 0.11151729 0.01304415 -0.00903860
v 0.10953238 0.01755065 0.07716387
v 0.11151729 0.01755065 0.07233305
v 0.10240707 0.01755065 0.09440436
v 0.09508639 0.01755065 0.11164484
v 0.09679285 0.03479114 -0.30212699
v 0.11151729 0.03479114 -0.29743661
v 0.11151729 0.03250712 -0.28488648
v 0.11151729 0.03085030 -0.26764600
v 0.11151729 0.03080901 -0.25040549
v 0.11151729 0.03266322 -0.23316500
v 0.10926002 0.03479114 -0.21592452
v 0.11151729 0.03479114 -0.22248187
v 0.10444088 0.03479114 -0.19868403
v 0.10093998 0.03479114 -0.18144352
v 0.09780565 0.03479114 -0.16420304
v 0.09461710 0.03479114 -0.14696256
v 0.09476710 0.03479114 -0.07800057
v 0.10188737 0.03479114 -0.06076008
v 0.10817858 0.03479114 -0.04351960
v 0.11151729 0.03479114 -0.03177862
v 0.11151729 0.02957869 -0.02627909
v 0.10794615 0.03479114 0.07716387
v 0.11151729 0.03479114 0.06810238
v 0.10150071 0.03479114 0.09440436
v 0.09432545 0.03479114 0.11164484
v 0.11151729 0.04403646 -0.31936748
v 0.11151729 0.05203162 -0.32954436
v 0.11151729 0.03611789 -0.30212699
v 0.11151729 0.03873625 -0.21592452
v 0.11151729 0.05065139 -0.19868403
v 0.10802521 0.05203162 -0.18144352
v 0.11151729 0.05203162 -0.19642676
v 0.10533384 0.05203162 -0.16420304
v 0.10328150 0.05203162 -0.14696256
v 0.10183843 0.05203162 -0.12972205
v 0.10143948 0.05203162 -0.11248156
v 0.10259196 0.05203162 -0.09524108
v 0.10527593 0.05203162 -0.07800057
v 0.10879586 0.05203162 -0.06076008
v 0.11151729 0.05203162 -0.04763311
v 0.11151729 0.04839573 -0.04351960
v 0.10556924 0.05203162 0.07716387
v 0.11151729 0.05203162 0.06041810
v 0.09969712 0.05203162 0.09440436
v 0.11151729 0.06927216 -0.33295392
v 0.10167161 0.06927216 -0.21592452
v 0.11151729 0.06927216 -0.23201695
v 0.11151729 0.06074879 -0.21592452
v 0.11151729 0.05297937 -0.19868403
v 0.09881589 0.06927216 -0.19868403
v 0.09803884 0.06927216 -0.18144352
v 0.09777267 0.06927216 -0.16420304
v 0.09785399 0.06927216 -0.14696256
v 0.09850793 0.06927216 -0.12972205
v 0.09996650 0.06927216 -0.11248156
v 0.10223647 0.06927216 -0.09524108
v 0.10505700 0.06927216 -0.07800057
v 0.10804157 0.06927216 -0.06076008
v 0.11151729 0.06141310 -0.04351960
v 0.11084538 0.06927216 -0.04351960
v 0.11151729 0.06927216 -0.03859857
v 0.10706649 0.06927216 0.05992339
v 0.11151729 0.06927216 0.04285214
v 0.11151729 0.05263550 0.05992339
v 0.10207393 0.06927216 0.07716387
v 0.09636717 0.06927216 0.09440436
v 0.11151729 0.08511595 -0.31936748
v 0.10520141 0.08651264 -0.31936748
v 0.11151729 0.08609708 -0.30212699
v 0.11003873 0.08651264 -0.30212699
v 0.11151729 0.08268460 -0.28488648
v 0.09641737 0.08651264 -0.28488648
v 0.11151729 0.07826310 -0.26764600
v 0.11151729 0.07371803 -0.25040549
v 0.11151729 0.06951773 -0.23316500
v 0.09464766 0.08651264 -0.07800057
v 0.09914031 0.08651264 -0.06076008
v 0.10289272 0.08651264 -0.04351960
v 0.11151729 0.07311132 -0.02627909
v 0.10576023 0.08651264 -0.02627909
v 0.11151729 0.07691253 -0.00903860
v 0.10761146 0.08651264 -0.00903860
v 0.11151729 0.07815116 0.00820188
v 0.10826106 0.08651264 0.00820188
v 0.11151729 0.07580315 0.02544237
v 0.10748009 0.08651264 0.02544237
v 0.11151729 0.06937447 0.04268285
v 0.10518862 0.08651264 0.04268285
v 0.10160197 0.08651264 0.05992339
v 0.09692835 0.08651264 0.07716387
v 0.09676773 0.10375312 -0.00903860
v 0.09864635 0.10375312 0.00820188
v 0.09886201 0.10375312 0.02544237
v 0.09733153 0.10375312 0.04268285
v 0.09761854 0.18995560 0.21508780
v 0.10095448 0.18995560 0.23232828
v 0.10309539 0.18995560 0.24956877
v 0.10407954 0.18995560 0.26680925
v 0.10364072 0.18995560 0.28404979
v 0.09848542 0.18995560 0.30129027
v 0.09546902 0.20719608 0.19784731
v 0.09979636 0.20719608 0.21508780
v 0.10319132 0.20719608 0.23232828
v 0.10534889 0.20719608 0.24956877
v 0.10625162 0.20719608 0.26680925
v 0.10577946 0.20719608 0.28404979
v 0.10218672 0.20719608 0.30129027
v 0.09509782 0.22443657 0.19784731
v 0.09846130 0.22443657 0.21508780
v 0.10064451 0.22443657 0.23232828
v 0.10120187 0.22443657 0.24956877
v 0.09981957 0.22443657 0.26680925
v 0.09596167 0.22443657 0.28404979
v 0.11151729 0.22378218 0.38749275
v 0.11151729 0.22443657 0.38598321
v 0.11151729 0.22443657 0.38762381
v 0.11151729 0.24167705 0.38251197
v 0.11151729 0.24167705 0.38819603
v 0.11151729 0.24763175 0.38749275
v 0.12875778 -0.30164197 -0.25040549
v 0.12875778 -0.29277822 -0.26050969
v 0.12875778 -0.30661298 -0.23316500
v 0.12875778 -0.30627408 -0.21592452
v 0.12875778 -0.30171468 -0.19868403
v 0.12875778 -0.29321161 -0.18144352
v 0.12012923 -0.29277822 -0.16420304
v 0.12875778 -0.29277822 -0.18069797
v 0.11280608 -0.29277822 -0.14696256
v 0.12875778 -0.27643075 -0.26764600
v 0.12875778 -0.27553771 -0.26794195
v 0.12870994 -0.27553771 -0.16420304
v 0.12875778 -0.27553771 -0.16435249
v 0.12358033 -0.27553771 -0.14696256
v 0.11867372 -0.27553771 -0.12972205
v 0.11291837 -0.27553771 -0.11248156
v 0.12875778 -0.27474740 -0.26764600
v 0.11503415 -0.25829723 -0.26764600
v 0.12875778 -0.25829723 -0.25594981
v 0.12784392 -0.25829723 -0.18144352
v 0.12875778 -0.25829723 -0.18543287
v 0.12875778 -0.25967585 -0.18144352
v 0.12643786 -0.25829723 -0.16420304
v 0.12517974 -0.25829723 -0.14696256
v 0.12326547 -0.25829723 -0.12972205
v 0.12053533 -0.25829723 -0.11248156
v 0.11696766 -0.25829723 -0.09524108
v 0.11280694 -0.25829723 -0.07800057
v 0.12875778 -0.25580095 -0.25040549
v 0.12875778 -0.25312894 -0.23316500
v 0.12875778 -0.25430254 -0.21592452
v 0.12875778 -0.25675338 -0.19868403
v 0.11875983 -0.24105672 -0.14696256
v 0.12113201 -0.24105672 -0.12972205
v 0.12149037 -0.24105672 -0.11248156
v 0.12059147 -0.24105672 -0.09524108
v 0.11865675 -0.24105672 -0.07800057
v 0.11586417 -0.24105672 -0.06076008
v 0.11237093 -0.24105672 -0.04351960
v 0.11265306 -0.22381623 -0.12972205
v 0.11659616 -0.22381623 -0.11248156
v 0.11851345 -0.22381623 -0.09524108
v 0.11883057 -0.22381623 -0.07800057
v 0.11767552 -0.22381623 -0.06076008
v 0.11520037 -0.22381623 -0.04351960
v 0.11163462 -0.22381623 -0.02627909
v 0.11399149 -0.20657575 -0.07800057
v 0.11471602 -0.20657575 -0.06076008
v 0.11361022 -0.20657575 -0.04351960
v 0.11238342 -0.03417083 0.04268285
v 0.11229268 -0.03417083 0.05992339
v 0.11231574 -0.01693032 0.02544237
v 0.11355080 -0.01693032 0.04268285
v 0.11323675 -0.01693032 0.05992339
v 0.11208583 0.00031017 0.00820188
v 0.11380065 0.00031017 0.02544237
v 0.11443264 0.00031017 0.04268285
v 0.11367684 0.00031017 0.05992339
v 0.11235180 0.01755065 -0.00903860
v 0.11439981 0.01755065 0.00820188
v 0.11531623 0.01755065 0.02544237
v 0.11515384 0.01755065 0.04268285
v 0.11373912 0.01755065 0.05992339
v 0.11435358 0.03479114 -0.28488648
v 0.11554851 0.03479114 -0.26764600
v 0.11490490 0.03479114 -0.25040549
v 0.11305528 0.03479114 -0.23316500
v 0.11264329 0.03479114 -0.02627909
v 0.11501175 0.03479114 -0.00903860
v 0.11624318 0.03479114 0.00820188
v 0.11635945 0.03479114 0.02544237
v 0.11536548 0.03479114 0.04268285
v 0.11322255 0.03479114 0.05992339
v 0.12141953 0.05203162 -0.31936748
v 0.12586092 0.05203162 -0.30212699
v 0.12612074 0.05203162 -0.28488648
v 0.12442767 0.05203162 -0.26764600
v 0.12141676 0.05203162 -0.25040549
v 0.11786092 0.05203162 -0.23316500
v 0.11455187 0.05203162 -0.21592452
v 0.11182032 0.05203162 -0.19868403
v 0.11215386 0.05203162 -0.04351960
v 0.11446436 0.05203162 -0.02627909
v 0.11600128 0.05203162 -0.00903860
v 0.11655386 0.05203162 0.00820188
v 0.11601226 0.05203162 0.02544237
v 0.11436249 0.05203162 0.04268285
v 0.11163341 0.05203162 0.05992339
v 0.12497088 0.06927216 -0.31936748
v 0.12659426 0.06927216 -0.30212699
v 0.12463573 0.06927216 -0.28488648
v 0.12091907 0.06927216 -0.26764600
v 0.11626206 0.06927216 -0.25040549
v 0.11177158 0.06927216 -0.23316500
v 0.11286590 0.06927216 -0.02627909
v 0.11406612 0.06927216 -0.00903860
v 0.11432332 0.06927216 0.00820188
v 0.11349602 0.06927216 0.02544237
v 0.11154781 0.06927216 0.04268285
v 0.12770409 0.22443657 0.38749275
v 0.12875778 0.22574524 0.38749275
v 0.12875778 0.24167705 0.38685105
v 0.12875778 0.24167705 0.38759677
v 0.12875778 0.24250818 0.38749275
v 0.13529144 -0.29277822 -0.25040549
v 0.13968298 -0.29277822 -0.23316500
v 0.13834500 -0.29277822 -0.21592452
v 0.13396655 -0.29277822 -0.19868403
v 0.12898356 -0.29277822 -0.18144352
v 0.12898553 -0.27553771 -0.26764600
v 0.13750582 -0.27553771 -0.25040549
v 0.14089100 -0.27553771 -0.23316500
v 0.13971289 -0.27553771 -0.21592452
v 0.13603782 -0.27553771 -0.19868403
v 0.13214322 -0.27553771 -0.18144352
v 0.13092593 -0.25829723 -0.25040549
v 0.13344238 -0.25829723 -0.23316500
v 0.13236714 -0.25829723 -0.21592452
v 0.12997567 -0.25829723 -0.19868403
v 0.13006721 0.24167705 0.38749275
v 0.38496014 0.39684151 -0.42281044
v 0.38736515 0.39504869 -0.42281044
v 0.38736515 0.39684151 -0.42321145
v 0.38736515 0.39684151 -0.42102144
v 0.38736515 0.39724253 -0.42281044
v 0.38794275 -0.41346167 -0.42281044
v 0.40460568 -0.41642786 -0.42281044
v 0.40460568 -0.41346167 -0.42577663
v 0.40460568 -0.41346167 -0.40625314
v 0.38841108 -0.41346167 0.38749275
v 0.40460568 -0.41633597 0.38749275
v 0.40460568 -0.41346167 0.37129694
v 0.40460568 -0.41346167 0.39036700
v 0.40460568 -0.39704106 -0.42281044
v 0.40460568 -0.39723751 0.38749275
v 0.40438730 -0.13761379 0.38749275
v 0.40460568 -0.14229509 0.38749275
v 0.40460568 -0.13761379 0.38727426
v 0.40460568 -0.13761379 0.38754874
v 0.40425905 -0.12037328 0.38749275
v 0.40460568 -0.12037328 0.38714586
v 0.40460568 -0.12037328 0.38758237
v 0.40436344 -0.10313279 0.38749275
v 0.40460568 -0.10313279 0.38725030
v 0.40460568 -0.10313279 0.38755584
v 0.40439959 -0.08589231 0.38749275
v 0.40460568 -0.08589231 0.38728650
v 0.40460568 -0.08589231 0.38754657
v 0.40424606 -0.06865180 0.38749275
v 0.40460568 -0.06865180 0.38713292
v 0.40460568 -0.06865180 0.38758645
v 0.40390714 -0.05141131 0.38749275
v 0.40460568 -0.05141131 0.38679379
v 0.40460568 -0.05141131 0.38767356
v 0.40344636 -0.03417083 0.38749275
v 0.40460568 -0.03417083 0.38633306
v 0.40460568 -0.03417083 0.38779013
v 0.40293729 -0.01693032 0.38749275
v 0.40460568 -0.01693032 0.38582425
v 0.40460568 -0.01693032 0.38791677
v 0.40243758 0.00031017 0.38749275
v 0.40460568 0.00031017 0.38532550
v 0.40460568 0.00031017 0.38803877
v 0.40198758 0.01755065 0.38749275
v 0.40460568 0.01755065 0.38487736
v 0.40460568 0.01755065 0.38814653
v 0.40161879 0.03479114 0.38749275
v 0.40460568 0.03479114 0.38451134
v 0.40460568 0.03479114 0.38823299
v 0.40134860 0.05203162 0.38749275
v 0.40460568 0.05203162 0.38424482
v 0.40460568 0.05203162 0.38829527
v 0.40115343 0.06927216 0.38749275
v 0.40460568 0.06927216 0.38405368
v 0.40460568 0.06927216 0.38834014
v 0.40094139 0.08651264 0.38749275
v 0.40460568 0.08651264 0.38384628
v 0.40460568 0.08651264 0.38838928
v 0.40056833 0.10375312 0.38749275
v 0.40460568 0.10375312 0.38347890
v 0.40460568 0.10375312 0.38847423
v 0.39992204 0.12099361 0.38749275
v 0.40460568 0.12099361 0.38284022
v 0.40460568 0.12099361 0.38861537
v 0.39908205 0.13823409 0.38749275
v 0.40460568 0.13823409 0.38200965
v 0.40460568 0.13823409 0.38878531
v 0.39854252 0.15547458 0.38749275
v 0.40460568 0.15547458 0.38147717
v 0.40460568 0.15547458 0.38887197
v 0.39934369 0.17271506 0.38749275
v 0.40460568 0.17271506 0.38227290
v 0.40460568 0.17271506 0.38867443
v 0.40258325 0.18995560 0.38749275
v 0.40460568 0.18995560 0.38548572
v 0.40460568 0.18995560 0.38796138
v 0.40460568 0.19611166 0.38749275
v 0.40281125 0.37960098 -0.42281044
v 0.40460568 0.37719380 -0.42281044
v 0.40460568 0.37960098 -0.42321182
v 0.40460568 0.37960098 -0.42101938
v 0.40460568 0.39684151 -0.42610594
v 0.40284428 0.39684151 -0.40556993
v 0.40460568 0.39507956 -0.40556993
v 0.40460568 0.39684151 -0.40321318
v 0.40427748 0.39684151 -0.00903860
v 0.40460568 0.39651351 -0.00903860
v 0.40460568 0.39684151 -0.02349066
v 0.40391635 0.39684151 0.00820188
v 0.40460568 0.39615299 0.00820188
v 0.40360789 0.39684151 0.02544237
v 0.40460568 0.39584543 0.02544237
v 0.40339575 0.39684151 0.04268285
v 0.40460568 0.39563440 0.04268285
v 0.40331871 0.39684151 0.05992339
v 0.40460568 0.39555832 0.05992339
v 0.40336846 0.39684151 0.07716387
v 0.40460568 0.39560837 0.07716387
v 0.40347073 0.39684151 0.09440436
v 0.40460568 0.39571053 0.09440436
v 0.40353291 0.39684151 0.11164484
v 0.40460568 0.39577272 0.11164484
v 0.40356438 0.39684151 0.12888532
v 0.40460568 0.39580409 0.12888532
v 0.40383186 0.39684151 0.14612581
v 0.40460568 0.39607046 0.14612581
v 0.40460568 0.39684151 0.15821215
v 0.39204401 0.39684151 0.38749275
v 0.40460568 0.38436780 0.38749275
v 0.40460568 0.39684151 0.37490665
v 0.40460568 0.39684151 0.38978945
v 0.40460568 0.40013702 -0.42281044
v 0.40460568 0.39723578 -0.40556993
v 0.40460568 0.39692671 -0.00903860
v 0.40460568 0.39701926 0.00820188
v 0.40460568 0.39709706 0.02544237
v 0.40460568 0.39714973 0.04268285
v 0.40460568 0.39716861 0.05992339
v 0.40460568 0.39715617 0.07716387
v 0.40460568 0.39713079 0.09440436
v 0.40460568 0.39711473 0.11164484
v 0.40460568 0.39710496 0.12888532
v 0.40460568 0.39703522 0.14612581
v 0.40460568 0.39913822 0.38749275
v 0.40757188 -0.41346167 -0.42281044
v 0.40747994 -0.41346167 0.38749275
v 0.40466168 -0.13761379 0.38749275
v 0.40469531 -0.12037328 0.38749275
v 0.40466878 -0.10313279 0.38749275
v 0.40465951 -0.08589231 0.38749275
v 0.40469939 -0.06865180 0.38749275
v 0.40478650 -0.05141131 0.38749275
v 0.40490307 -0.03417083 0.38749275
v 0.40502971 -0.01693032 0.38749275
v 0.40515171 0.00031017 0.38749275
v 0.40525947 0.01755065 0.38749275
v 0.40534592 0.03479114 0.38749275
v 0.40540821 0.05203162 0.38749275
v 0.40545308 0.06927216 0.38749275
v 0.40550222 0.08651264 0.38749275
v 0.40558717 0.10375312 0.38749275
v 0.40572831 0.12099361 0.38749275
v 0.40589825 0.13823409 0.38749275
v 0.40598491 0.15547458 0.38749275
v 0.40578737 0.17271506 0.38749275
v 0.40507432 0.18995560 0.38749275
v 0.40500705 0.37960098 -0.42281044
v 0.40790119 0.39684151 -0.42281044
v 0.40499995 0.39684151 -0.40556993
v 0.40469088 0.39684151 -0.00903860
v 0.40478343 0.39684151 0.00820188
v 0.40486123 0.39684151 0.02544237
v 0.40491390 0.39684151 0.04268285
v 0.40493278 0.39684151 0.05992339
v 0.40492034 0.39684151 0.07716387
v 0.40489496 0.39684151 0.09440436
v 0.40487890 0.39684151 0.11164484
v 0.40486913 0.39684151 0.12888532
v 0.40479939 0.39684151 0.14612581
v 0.40690239 0.39684151 0.38749275
vn -0.92939283 -0.26099503 0.26098000
vn -0.26099503 -0.92939283 0.26098000
vn -0.21513032 -0.21513032 -0.95259535
vn -0.26099551 -0.26099551 0.92938834
vn -0.21510159 0.95261587 0.21506816
vn -0.92931076 0.26120255 -0.26106462
vn -0.21545754 -0.95256412 -0.21494104
vn -0.26130375 0.26120986 -0.92924150
vn -0.21572639 0.21552166 0.95237206
vn -0.92820304 0.26351691 0.26267463
vn -0.21725740 -0.95215275 0.21495202
vn -0.21892597 0.21853621 -0.95095391
vn -0.26371044 0.26354570 0.92790111
vn -0.26130027 0.92928222 -0.26106844
vn -0.26368442 0.92815468 0.26267741
vn 0.95261587 -0.21510159 0.21506816
vn 0.95268965 0.21507726 -0.21476548
vn 0.95239600 0.21652682 0.21461129
vn -0.88470515 -0.32362726 -0.33550291
vn -0.50963224 -0.76145168 -0.40058247
vn -0.59364974 -0.46884438 -0.65403741
vn -0.94255270 -0.32298632 -0.08528918
vn -0.51448023 -0.84852715 -0.12374069
vn -0.93559561 -0.32988438 0.12584576
vn -0.56982249 -0.80939261 0.14207724
vn -0.90809472 -0.35305440 0.22520338
vn -0.63122456 -0.73117914 0.25871338
vn -0.77316768 -0.53843644 0.33510885
vn -0.95188514 0.10067335 -0.28944699
vn -0.73152021 0.02794012 -0.68124704
vn -0.98613003 0.15087051 -0.06917835
vn -0.98012886 0.16178185 0.11477830
vn -0.97330152 0.12848112 0.19020189
vn -0.90159521 -0.29008224 0.32090244
vn -0.98110277 0.04481755 0.18822523
vn -0.96317201 0.00846527 0.26875271
vn -0.85314654 0.47596165 -0.21354504
vn -0.68830119 0.59633858 -0.41306388
vn -0.85385422 0.51949319 -0.03255461
vn -0.84189654 0.53188961 0.09112447
vn -0.66088526 0.73313076 0.16046793
vn -0.77610652 0.61028001 0.15879852
vn -0.88858362 0.40459108 0.21616017
vn -0.56110477 0.80080058 -0.20947524
vn -0.52101437 0.85342606 -0.01442178
vn -0.48925956 0.86680686 0.09628576
vn -0.96000339 -0.27591936 0.04756055
vn -0.02841634 -0.93253077 0.35997065
vn -0.03785215 -0.37732002 -0.92530904
vn -0.00415714 -0.06577233 0.99782600
vn -0.78982770 0.59800212 0.13625589
vn -0.19458942 0.36013533 -0.91238013
vn -0.03217357 0.07814150 0.99642299
vn -0.24569878 0.93407606 0.25910234
vn 0.14709743 -0.90227482 -0.40529309
vn 0.07497995 -0.66259522 -0.74521512
vn 0.18416016 -0.97005851 -0.15833987
vn 0.13665771 -0.98865302 0.06236891
vn 0.00101000 -0.98228678 0.18738108
vn -0.69360655 -0.63549593 0.33919740
vn -0.16749888 -0.96342330 0.20918812
vn -0.72055627 -0.63130967 0.28678697
vn -0.30549757 -0.92617095 0.22108507
vn -0.72624519 -0.63035927 0.27425375
vn -0.39360186 -0.86939585 0.29871129
vn -0.45191464 -0.81651720 0.35926705
vn -0.53017607 -0.06652178 -0.84527403
vn -0.00210906 -0.51951207 -0.85446051
vn -0.00602101 -0.06225680 -0.99804200
vn -0.96599577 -0.11856745 0.22976928
vn -0.91984345 -0.30867417 0.24209150
vn -0.57394136 -0.73634615 0.35830947
vn -0.87575756 -0.41253175 0.25073144
vn -0.81518200 -0.51691067 0.26130760
vn -0.57937417 -0.74552819 0.32941356
vn -0.62315748 -0.69753897 0.35371478
vn -0.47015713 0.61301088 -0.63495664
vn -0.05699050 0.54582250 -0.83596046
vn -0.33164752 0.93665999 0.11259659
vn -0.63328987 0.77102753 0.06678688
vn -0.89706492 0.42982321 -0.10259892
vn -0.98672642 0.15015117 0.06185135
vn -0.99100526 -0.05893649 0.12014599
vn -0.96117555 -0.22133153 0.16478446
vn -0.70193964 -0.64319712 0.30590555
vn -0.92061582 -0.34003905 0.19193737
vn -0.88284478 -0.42637526 0.19694982
vn -0.71330568 -0.65951994 0.23712540
vn -0.78306075 -0.56958690 0.24977315
vn -0.04453293 0.87917858 -0.47440683
vn -0.04052122 0.97876238 -0.20095332
vn -0.01015088 0.99851683 0.05348927
vn 0.02709818 0.98918347 0.14415876
vn -0.00727921 0.99993181 0.00913135
vn -0.19567355 0.94899889 -0.24721037
vn -0.37028230 0.81388719 -0.44774843
vn -0.43954558 0.74286826 -0.50492221
vn -0.82443339 0.52852035 -0.20242486
vn -0.94533712 0.31059799 -0.09933082
vn -0.99257413 0.12131284 0.00893307
vn -0.99659216 -0.02762655 0.07772287
vn -0.98040743 -0.14346653 0.13497636
vn -0.87339645 -0.42163083 0.24373362
vn -0.96021798 -0.21493544 0.17828118
vn -0.92868471 -0.29946943 0.21877561
vn -0.53467278 0.74783535 -0.39353183
vn -0.69095715 0.61110446 -0.38617297
vn -0.71507905 0.63485504 -0.29261072
vn -0.90302319 0.40816764 -0.13397125
vn -0.96016089 0.27083757 -0.06883371
vn -0.98899638 0.14495303 0.02957665
vn -0.99248396 0.04893570 0.11216451
vn -0.96078952 -0.15762881 0.22811543
vn -0.98268779 -0.01408037 0.18473344
vn -0.97547074 -0.02609314 0.21857719
vn -0.73723220 0.61269027 -0.28477942
vn -0.86468972 0.46795086 -0.18257515
vn -0.84456859 0.50988017 -0.16348119
vn -0.92365415 0.37715417 -0.06795403
vn -0.95494947 0.29530776 0.02940816
vn -0.96763258 0.22379932 0.11662359
vn -0.96333032 0.21170590 0.16484936
vn -0.83490203 0.53298729 -0.13734314
vn -0.90037355 0.43510586 -0.00322040
vn -0.92578026 0.36298056 0.10571672
vn -0.99725166 -0.06817787 -0.02899838
vn -0.98995614 -0.11970005 -0.07522463
vn -0.97690645 -0.15187412 -0.15029318
vn -0.99582012 -0.04805050 0.07767519
vn -0.98859234 -0.09748291 0.11481409
vn -0.97756040 -0.06469924 0.20047360
vn -0.99312811 -0.09120485 -0.07333639
vn -0.96750988 -0.17394018 -0.18349235
vn -0.96430975 -0.18832073 -0.18612364
vn -0.99871572 -0.05066217 -0.00050423
vn -0.99510071 -0.02387540 0.09594027
vn -0.97159337 -0.01258589 0.23632165
vn -0.98858867 -0.12036050 -0.09058585
vn -0.94973949 -0.24237464 -0.19811468
vn -0.96463302 -0.20067918 -0.17091225
vn -0.99685625 -0.07412779 -0.02797652
vn -0.99877381 -0.03310866 0.03680615
vn -0.99204514 0.00537203 0.12576795
vn -0.96138753 0.03192998 0.27333953
vn -0.75276559 -0.65522099 -0.06347775
vn -0.41869791 -0.89930655 -0.12625287
vn -0.46064787 -0.86806611 -0.18510746
vn -0.82878152 -0.55947758 0.01029748
vn -0.50208811 -0.86432071 -0.02927856
vn -0.87302855 -0.48084460 0.08129952
vn -0.57897278 -0.81356658 0.05385112
vn -0.90105270 -0.41613260 0.12221986
vn -0.65701711 -0.74508334 0.11480127
vn -0.80703052 -0.56172230 0.18212576
vn -0.98927123 -0.10197445 -0.10461187
vn -0.95819136 -0.22068030 -0.18212500
vn -0.97319781 -0.15877148 -0.16636596
vn -0.99720223 -0.05972958 -0.04494533
vn -0.99966973 -0.02195744 0.01335299
vn -0.99686781 0.01752029 0.07712070
vn -0.98511074 0.05261539 0.16367177
vn -0.95331816 0.09356391 0.28710675
vn -0.82447730 -0.39816643 -0.40212023
vn -0.32856904 -0.81857262 -0.47114886
vn -0.35052244 -0.46463046 -0.81317437
vn -0.94199845 -0.31648184 -0.11170573
vn -0.45193011 -0.84351788 -0.29023570
vn -0.97233565 -0.22534191 0.06151753
vn -0.98180466 -0.13761059 0.13085463
vn -0.98389735 -0.05260001 0.17081931
vn -0.98252119 0.00720575 0.18601127
vn -0.91248140 -0.34157829 0.22517095
vn -0.98544601 0.03614551 0.16610137
vn -0.96038382 0.04758149 0.27458864
vn -0.99313900 0.00357804 -0.11688511
vn -0.97917514 -0.12530124 -0.15973617
vn -0.98791636 -0.01608521 -0.15415100
vn -0.99741451 0.03002065 -0.06529215
vn -0.99843389 0.05456440 -0.01234894
vn -0.99542148 0.08191275 0.04925827
vn -0.98702779 0.11390751 0.11314248
vn -0.95637450 0.19610578 0.21654178
vn -0.95718570 0.13277027 0.25723062
vn -0.90427932 0.22875778 -0.36048410
vn -0.38295384 0.21450307 -0.89851811
vn -0.95100376 0.30910035 -0.00698768
vn -0.91301489 0.38440202 0.13652432
vn -0.87303576 0.44607078 0.19705181
vn -0.84408537 0.49631991 0.20294442
vn -0.65339039 0.69906291 0.29050308
vn -0.79022885 0.53443518 0.29986231
vn -0.83682791 0.48886159 0.24644145
vn -0.97327730 0.20996675 -0.09297992
vn -0.96449815 0.23439220 -0.12167012
vn -0.97582414 0.21279357 -0.04986134
vn -0.97615867 0.21696243 0.00644691
vn -0.97207561 0.22485970 0.06713507
vn -0.94445456 0.30127769 0.13129106
vn -0.96303075 0.21122020 0.16720585
vn -0.49781519 0.78403891 -0.37076007
vn -0.54239893 0.83796944 0.06008844
vn -0.50848439 0.83952011 0.19144087
vn -0.47540373 0.85100559 0.22311604
vn -0.47143410 0.85541592 0.21450758
vn -0.92899983 0.35673127 -0.09849935
vn -0.93752211 0.34386081 -0.05302867
vn -0.94225025 0.33482904 0.00734753
vn -0.94008483 0.33075923 0.08269732
vn 0.09063775 -0.89961646 0.42717096
vn 0.12118664 -0.49539122 -0.86017518
vn 0.01457318 -0.08753765 0.99605461
vn 0.06852795 0.30693108 -0.94926141
vn 0.01118890 0.05680969 0.99832233
vn 0.07612948 0.96338140 0.25710034
vn 0.57472602 -0.75659961 -0.31184457
vn 0.61639190 -0.60075714 -0.50906963
vn 0.61988128 -0.77579041 -0.11788316
vn 0.63099444 -0.77566078 -0.01401347
vn 0.58364580 -0.81178108 0.01921080
vn 0.47286409 -0.88060005 0.03071007
vn 0.33262990 -0.93912875 0.08599155
vn 0.20498940 -0.95430457 0.21744454
vn 0.20762388 -0.92935052 0.30528666
vn 0.51364511 -0.06726308 -0.85536213
vn 0.68379505 -0.06913160 -0.72639187
vn 0.09365521 -0.93957802 0.32927471
vn -0.03375048 -0.92909853 0.36828906
vn -0.40880906 -0.85909555 0.30794478
vn -0.08946977 -0.95441916 0.28474414
vn -0.11186795 -0.94964861 0.29266546
vn 0.38757791 0.63177976 -0.67129554
vn 0.57479503 0.64361440 -0.50534263
vn 0.28003118 0.95793618 -0.06277583
vn 0.41158375 0.90545285 0.10370127
vn 0.56490456 0.82081167 -0.08456383
vn 0.43512821 0.86068824 -0.26434673
vn -0.29519901 -0.93050898 0.21681924
vn -0.72673339 -0.64624977 0.23285148
vn -0.42662473 -0.89107203 0.15486115
vn -0.76469232 -0.61027913 0.20689379
vn -0.53595178 -0.83363246 0.13346388
vn -0.79939649 -0.56339418 0.20869174
vn -0.64738697 -0.74413799 0.16476886
vn -0.75231684 -0.62203044 0.21701961
vn 0.41611852 0.89160891 -0.17854672
vn 0.39605764 0.91694496 0.04847988
vn 0.31924144 0.94126420 0.11003004
vn 0.22886006 0.91300977 -0.33769251
vn 0.17772946 0.79645825 -0.57798485
vn 0.12993373 0.74080010 -0.65903903
vn -0.91358095 -0.32649525 0.24242670
vn -0.90695505 -0.33699762 0.25271555
vn -0.83044945 -0.49104860 0.26310640
vn -0.90634576 -0.33268196 0.26049968
vn -0.90255754 -0.32444842 0.28306025
vn -0.84569357 -0.44142972 0.29990362
vn -0.87749834 -0.36806715 0.30744630
vn 0.05116698 0.78390447 -0.61876952
vn -0.45021772 0.74314364 -0.49501670
vn -0.04175840 0.76876226 -0.63816990
vn -0.97055631 -0.07033404 0.23037704
vn -0.95901514 -0.12354059 0.25500526
vn -0.94899484 -0.16740639 0.26717764
vn -0.90948192 -0.27641244 0.31054597
vn -0.93623347 -0.20565685 0.28490725
vn -0.92244960 -0.23456567 0.30670130
vn -0.09137993 0.81135748 -0.57736363
vn -0.54135281 0.72767651 -0.42121731
vn -0.17787368 0.77914656 -0.60107537
vn -0.71919654 0.64331887 -0.26248271
vn -0.96994320 0.18727906 0.15536007
vn -0.97582105 0.10143594 0.19360793
vn -0.97813556 0.00820273 0.20780651
vn -0.96895882 -0.08172600 0.23332308
vn -0.95380363 -0.14755206 0.26170027
vn -0.25970181 0.80017130 -0.54063006
vn -0.42884671 0.78661293 -0.44421909
vn -0.72638621 0.64071414 -0.24869351
vn -0.45718215 0.78080406 -0.42582801
vn -0.79187169 0.60500122 -0.08314291
vn -0.84579840 0.53224342 0.03663340
vn -0.88409566 0.46309679 0.06257974
vn -0.93117027 0.35998051 0.05775777
vn -0.97600089 0.20183707 0.08175607
vn -0.99050492 0.04710029 0.12915715
vn -0.96256294 -0.10982262 0.24781360
vn -0.97717612 -0.06762707 0.20137878
vn -0.96595318 -0.10172420 0.23787946
vn -0.50667721 0.81074844 -0.29319817
vn -0.59360944 0.78551130 -0.17492807
vn -0.70776882 0.70471337 -0.04942016
vn -0.80192918 0.59715668 -0.01770564
vn -0.87145306 0.48550188 -0.06969577
vn -0.90423262 0.41142061 -0.11443972
vn -0.92628295 0.36708219 -0.08515020
vn -0.98904885 0.14199783 -0.04023662
vn -0.99597477 -0.01019104 0.08905274
vn -0.98264532 -0.09156969 0.16131697
vn -0.93013717 0.34177528 -0.13429259
vn -0.97922680 0.15731238 -0.12793625
vn -0.98421506 0.08452645 -0.15548632
vn -0.99952151 -0.00562498 -0.03041555
vn -0.98000088 -0.09332880 0.17574985
vn -0.98727231 -0.08632769 0.13356991
vn -0.97275413 -0.11294113 0.20246903
vn -0.99252282 -0.06353021 -0.10422264
vn -0.97299612 -0.04585989 -0.22621985
vn -0.99164193 -0.10085631 0.08046294
vn -0.97730327 -0.13340475 0.16456452
vn -0.94793369 -0.14748101 -0.28226063
vn -0.94102819 -0.12015060 -0.31627484
vn -0.91400431 -0.17033241 -0.36821597
vn -0.98608854 -0.12372880 -0.11099807
vn -0.99010959 -0.12789877 0.05766206
vn -0.96585564 -0.14027325 0.21782169
vn -0.96907151 -0.13933511 0.20368147
vn -0.94858537 -0.14667271 0.28048694
vn -0.95829241 -0.19521193 -0.20872941
vn -0.91869937 -0.23760973 -0.31548864
vn -0.98375572 -0.15723785 -0.08660797
vn -0.98769872 -0.14621042 0.05544140
vn -0.96970976 -0.14557615 0.19613916
vn -0.94882010 -0.14756609 0.27922154
vn -0.94048751 -0.19664733 -0.27715171
vn -0.90371287 -0.25811849 -0.34158145
vn -0.89656150 -0.25014545 -0.36551981
vn -0.97099921 -0.16325381 -0.17466747
vn -0.98583195 -0.15394301 -0.06661019
vn -0.98722222 -0.14795861 0.05916530
vn -0.97026807 -0.14167414 0.19623535
vn -0.92822550 -0.14293475 0.34346337
vn -0.93247417 -0.13233299 0.33612483
vn -0.89740678 -0.13234679 0.42088644
vn -0.92994521 -0.15456585 -0.33363350
vn -0.88879290 -0.22521440 -0.39915618
vn -0.88578588 -0.18974281 -0.42353398
vn -0.95901122 -0.13373027 -0.24982731
vn -0.97666473 -0.13193223 -0.16946942
vn -0.98835437 -0.13828297 -0.06350945
vn -0.98839972 -0.13783827 0.06376990
vn -0.97110301 -0.12508494 0.20325527
vn -0.93270681 -0.11025332 0.34336892
vn -0.89502551 -0.10611258 0.43320833
vn -0.94556864 -0.10947733 -0.30645501
vn -0.90278349 -0.14346172 -0.40546357
vn -0.96451037 -0.09549622 -0.24617113
vn -0.97758119 -0.10716382 -0.18124823
vn -0.98876463 -0.13130889 -0.07143166
vn -0.98910724 -0.12703227 0.07436174
vn -0.97063294 -0.09868087 0.21939414
vn -0.93277670 -0.07770022 0.35198053
vn -0.89044881 -0.07640907 0.44862297
vn -0.95415105 -0.11355482 -0.27694960
vn -0.90461752 -0.16732808 -0.39200569
vn -0.96414355 -0.09686956 -0.24706985
vn -0.97206313 -0.11809571 -0.20284643
vn -0.98736211 -0.13429430 -0.08414928
vn -0.98833257 -0.11459932 0.10032811
vn -0.96559679 -0.06816443 0.25095108
vn -0.93148313 -0.03969424 0.36161244
vn -0.88551455 -0.04247943 0.46266563
vn -0.91922948 -0.17352290 -0.35342180
vn -0.87029970 -0.18436903 -0.45671270
vn -0.84064532 -0.20955345 -0.49940243
vn -0.95255014 -0.16326008 -0.25689369
vn -0.95370488 -0.16623656 -0.25062404
vn -0.95210077 -0.19467924 -0.23580524
vn -0.95379559 -0.04073241 0.29768245
vn -0.92812654 -0.00578567 0.37221991
vn -0.84071620 -0.02328892 0.54097496
vn -0.88083348 -0.00736396 0.47336894
vn -0.82680564 -0.00882781 0.56241844
vn -0.90974837 -0.26192596 -0.32210665
vn -0.81213798 -0.33203534 -0.47977540
vn -0.93323082 -0.25232594 -0.25575742
vn -0.92551229 -0.27572974 -0.25961533
vn -0.93843824 0.00482176 0.34541340
vn -0.92444549 0.01887930 0.38084657
vn -0.88276264 0.01643083 0.46953184
vn -0.82496895 0.01552798 0.56496469
vn -0.84910596 -0.36256872 -0.38413929
vn -0.74833309 -0.39971524 -0.52936313
vn -0.69619814 -0.47189172 -0.54094950
vn -0.90974387 -0.29182973 -0.29529901
vn -0.92680500 -0.28764853 -0.24143492
vn -0.93118300 0.04722831 0.36147987
vn -0.92170856 0.04209924 0.38559173
vn -0.87471891 0.05589242 0.48139678
vn -0.88244795 0.03027979 0.46943450
vn -0.12497824 -0.93309366 -0.33721900
vn 0.12699481 -0.95723710 -0.25994124
vn 0.17109526 -0.89076003 -0.42103799
vn 0.12638280 -0.97639656 -0.17514895
vn 0.14151691 -0.98606949 -0.08740662
vn 0.13050718 -0.99111889 -0.02551914
vn 0.06087761 -0.99801127 0.01635320
vn -0.73492771 -0.64493046 0.20963294
vn -0.07286932 -0.99616804 0.04836635
vn -0.79568932 -0.58232298 0.16666870
vn -0.23067920 -0.96900391 0.08842245
vn -0.81694682 -0.55711484 0.14906691
vn -0.34491070 -0.92910433 0.13342322
vn -0.80970231 -0.56807745 0.14720794
vn -0.39266571 -0.90398795 0.16917276
vn -0.52175862 -0.82285162 0.22512921
vn -0.84897920 -0.42543151 -0.31343635
vn -0.68036984 -0.58835360 -0.43696331
vn -0.70664883 -0.59155499 -0.38821402
vn -0.91364942 -0.29473290 -0.27995940
vn -0.94499954 -0.23092436 -0.23162427
vn -0.93330795 0.09823661 0.34537783
vn -0.91949081 0.07837501 0.38521942
vn -0.87164854 0.09674964 0.48048760
vn 0.20229972 -0.81847958 -0.53774157
vn 0.24739465 -0.48072026 -0.84125140
vn -0.97030581 0.09898468 0.22070041
vn -0.98584327 0.04055785 0.16269022
vn -0.99199975 -0.02195241 0.12431650
vn -0.60915157 -0.76143442 0.22170246
vn -0.98942328 -0.10690374 0.09804669
vn -0.97965312 -0.19764157 0.03489372
vn -0.64032548 -0.76267974 0.09112021
vn -0.96492845 -0.25974151 -0.03804527
vn -0.65429118 -0.75606049 -0.01660098
vn -0.95348213 -0.27537012 -0.12265040
vn -0.68183100 -0.70846889 -0.18214916
vn -0.95489461 -0.22445726 -0.19440992
vn -0.72976660 -0.60037848 -0.32708774
vn -0.97025406 -0.14844498 -0.19123583
vn -0.97503648 -0.07201348 -0.21004267
vn -0.93789631 0.19842111 0.28456910
vn -0.93529948 0.15145772 0.31980531
vn -0.91509587 0.13483555 0.38002489
vn -0.86591267 0.15011068 0.47713943
vn 0.24060279 0.17116914 -0.95541165
vn -0.39550498 0.87700185 0.27284349
vn -0.52731463 0.83211204 0.17183955
vn -0.64875862 0.75931423 0.05053857
vn -0.72261389 0.69040627 0.03418114
vn -0.78806388 0.61530970 0.01868927
vn -0.84113216 0.54081913 -0.00337166
vn -0.88608277 0.46166506 -0.04150537
vn -0.91988298 0.38148493 -0.09101946
vn -0.93931803 0.31426833 -0.13753932
vn -0.94811972 0.26556151 -0.17477438
vn -0.95462511 0.24440566 -0.17016688
vn -0.95739473 0.24490775 -0.15302135
vn -0.93950304 0.29122481 0.18033896
vn -0.93315984 0.26864913 0.23883124
vn -0.92666835 0.23859671 0.29044343
vn -0.90417550 0.21848154 0.36705924
vn -0.85679741 0.22993061 0.46155186
vn -0.22293615 0.89573040 -0.38466418
vn 0.10959904 0.72430213 -0.68071615
vn -0.26797825 0.96100545 0.06823621
vn -0.23823961 0.94804149 0.21085353
vn 0.10669693 0.94595075 0.30625632
vn 0.18609566 0.94248632 0.27764715
vn 0.21554292 0.94752204 0.23610006
vn 0.18283694 0.97114316 0.15313919
vn 0.05223964 0.99702553 0.05666676
vn -0.13987543 0.98995829 -0.02043146
vn -0.29230770 0.95619239 -0.01588427
vn -0.39702222 0.91762927 -0.01816262
vn -0.47790785 0.87753625 -0.03916913
vn -0.55824520 0.82511392 -0.08688685
vn -0.62958070 0.76533084 -0.13377910
vn -0.69244429 0.68636540 -0.22231383
vn -0.76252683 0.60141955 -0.23842683
vn -0.68101070 0.69546144 -0.22925491
vn -0.79944771 0.57352845 -0.17874137
vn -0.83326307 0.52967949 -0.15846856
vn -0.86519849 0.48346970 -0.13299857
vn -0.89224876 0.44571090 -0.07234604
vn -0.90807855 0.41879205 -0.00256099
vn -0.91518826 0.39532198 0.07842820
vn -0.91422546 0.37624140 0.15044670
vn -0.90925523 0.35865936 0.21123065
vn -0.89994368 0.34520552 0.26633535
vn -0.86873720 0.37610742 0.32224043
vn -0.87100797 0.29038635 0.39625860
vn 0.04992231 0.96787147 -0.24643980
vn 0.01747512 0.99936669 0.03099735
vn 0.03041369 0.98543015 0.16733924
vn -0.62919635 0.74689800 -0.21507054
vn -0.69448766 0.68554522 -0.21843682
vn -0.75620766 0.62659021 -0.18850646
vn -0.73807130 0.65163047 -0.17500995
vn -0.80463097 0.58208871 -0.11722515
vn -0.84296231 0.53609961 -0.04485252
vn -0.86630746 0.49794260 0.03955435
vn -0.87420387 0.46847074 0.12768226
vn -0.83399036 0.51867743 0.18823867
vn -0.86253620 0.45280762 0.22582419
vn -0.84835225 0.44740924 0.28306083
vn -0.72901151 0.66636187 -0.15653779
vn -0.78709175 0.61325794 -0.06634212
vn -0.81018435 0.58547644 0.02861237
vn -0.81117831 0.56998152 0.13080836
vn -0.94761950 -0.25108318 -0.19741966
vn -0.89842166 -0.39609653 -0.18959445
vn -0.93168865 -0.26611462 -0.24726358
vn -0.94459013 -0.29546316 -0.14300702
vn -0.87538416 -0.47538540 -0.08781403
vn -0.93520351 -0.34508516 -0.07943949
vn -0.80974013 -0.58674902 0.00681979
vn -0.91633883 -0.40032814 -0.00778061
vn -0.66169710 -0.73494524 0.14836588
vn -0.88204819 -0.45843454 0.10876009
vn -0.46327728 -0.85277805 0.24113019
vn -0.77977077 -0.51461123 0.35655691
vn -0.24337957 -0.91270552 0.32823014
vn -0.27932493 -0.54774389 0.78864074
vn -0.96885736 -0.04551787 -0.24339995
vn -0.95435713 -0.13557247 -0.26612511
vn -0.95530882 -0.06141567 -0.28915944
vn -0.97746785 -0.02678072 -0.20937861
vn -0.98798621 0.00290113 -0.15451484
vn -0.99530429 0.04888409 -0.08354468
vn -0.99255983 0.12175253 0.00114604
vn -0.97697949 0.18982158 0.09735939
vn -0.88019710 0.23723941 0.41106025
vn -0.24909909 0.30572203 0.91895793
vn -0.97296653 0.08323533 -0.21542520
vn -0.96172711 0.09205568 -0.25808276
vn -0.97467301 0.14496492 -0.17028713
vn -0.97258633 0.21521801 -0.08807411
vn -0.94968671 0.31280853 0.01568378
vn -0.88650315 0.43882340 0.14678619
vn -0.75351456 0.61675179 0.22766868
vn -0.45018443 0.80476254 0.38689950
vn -0.32737643 0.73554172 0.59312987
vn 0.81166941 -0.57451028 0.10550216
vn -0.95942933 0.17419273 -0.22170309
vn -0.94973901 0.28229114 -0.13530532
vn -0.91234199 0.40884816 0.02180078
vn -0.80812728 0.56154371 0.17776097
vn -0.65306001 0.70257482 0.28266808
vn -0.45419115 0.82803077 0.32874830
vn 0.92046848 0.38211298 0.08202099
vn 0.76962754 -0.55800553 -0.31032770
vn 0.80662468 -0.58201165 -0.10304882
vn 0.81321595 -0.58158657 -0.02090185
vn 0.79950445 -0.60050006 -0.01386756
vn 0.75057231 -0.65946365 -0.04181982
vn 0.66925513 -0.74299337 0.00764347
vn 0.55589812 -0.81581108 0.15946645
vn 0.93293378 -0.04854668 -0.35676013
vn 0.99562026 0.01456684 -0.09234778
vn 0.99558473 0.08653823 -0.03636173
vn 0.99098035 0.09984721 -0.08937826
vn 0.96569510 -0.00250486 -0.25966652
vn 0.78249798 -0.60583049 -0.14375788
vn 0.71428943 -0.69040158 -0.11461353
vn 0.62934698 -0.77654788 0.02992949
vn 0.54833489 -0.82381086 0.14375155
vn 0.42968358 -0.87370553 0.22805847
vn 0.14355341 -0.95698619 0.25213064
vn 0.43002903 -0.88168618 0.19417651
vn 0.76664697 0.59858949 -0.23225642
vn 0.74090751 0.67024343 0.04277618
vn 0.58205836 0.80834845 0.08820909
vn 0.81350106 0.40276312 -0.41952104
vn 0.46610345 0.74270427 -0.48076808
vn 0.59129341 0.58328074 -0.55691623
vn 0.33188423 -0.93514214 0.12394367
vn 0.11486250 -0.99181143 0.05582744
vn -0.06200901 -0.99807018 0.00328687
vn -0.22568223 -0.97411970 -0.01258361
vn -0.38646077 -0.92220125 -0.01389001
vn -0.74242175 -0.62751811 0.23458682
vn -0.55684509 -0.82557564 0.09136965
vn -0.77819416 -0.56835046 0.26719208
vn -0.65617367 -0.72637590 0.20448513
vn -0.78683352 -0.54719250 0.28543542
vn -0.70640280 -0.65913670 0.25794166
vn -0.75797486 -0.58088259 0.29673140
vn 0.43182349 0.72525995 -0.53621495
vn 0.40400173 0.70052660 -0.58825597
vn -0.87034820 -0.38233307 0.31034729
vn -0.80643199 -0.49017672 0.33074799
vn -0.86284168 -0.38711378 0.32503408
vn -0.83877084 -0.41896355 0.34775426
vn 0.39303512 0.69993768 -0.59633098
vn 0.39466596 0.69144668 -0.60509526
vn -0.91199402 -0.25735657 0.31942840
vn -0.85606652 -0.34685420 0.38320004
vn -0.88909205 -0.28418789 0.35882107
vn -0.86415049 -0.30724801 0.39855063
vn 0.37920288 0.70307993 -0.60156778
vn 0.30505688 0.67519723 -0.67160181
vn -0.94795761 -0.16692239 0.27113333
vn -0.91887212 -0.21101657 0.33338570
vn -0.86139034 -0.27490333 0.42712392
vn -0.88456634 -0.24219506 0.39860249
vn -0.85297933 -0.26271801 0.45100500
vn 0.24636609 0.70229484 -0.66789647
vn 0.11330651 0.77751577 -0.61857164
vn 0.04518061 0.78363970 -0.61957044
vn -0.94943730 -0.14524392 0.27833975
vn -0.90750696 -0.20177488 0.36839926
vn -0.83389715 -0.25554823 0.48919388
vn -0.86275474 -0.22954213 0.45051600
vn -0.82449694 -0.24745096 0.50889372
vn -0.09593616 0.88997369 -0.44580611
vn -0.41047286 0.87453730 -0.25825673
vn -0.21561318 0.89187951 -0.39756999
vn -0.55589330 0.82123262 -0.12868421
vn -0.73263847 0.66879193 -0.12632588
vn -0.86075045 0.49584626 -0.11508758
vn -0.97267242 -0.11834660 0.19975596
vn -0.93158272 -0.16583611 0.32349963
vn -0.88214211 -0.20143356 0.42573444
vn -0.84031739 -0.22419404 0.49356227
vn -0.29584623 0.89676432 -0.32907259
vn -0.50462568 0.82321060 -0.26014847
vn -0.64467753 0.67486669 -0.35909028
vn -0.80603009 0.45577952 -0.37759836
vn -0.85783197 0.40437104 -0.31718822
vn -0.91479919 0.26322938 -0.30635394
vn -0.96934700 0.13096616 -0.20788038
vn -0.95081995 -0.14204614 0.27525318
vn -0.89994958 -0.17590111 0.39893553
vn -0.85519283 -0.19902858 0.47857376
vn -0.87002418 0.27756203 -0.40745214
vn -0.87405592 0.10619649 -0.47407653
vn -0.90476165 0.03791993 -0.42422686
vn -0.95107203 -0.02788288 -0.30770852
vn -0.96189851 -0.14461194 0.23203157
vn -0.91341814 -0.15955821 0.37444422
vn -0.84059809 -0.18619652 0.50865088
vn -0.85746146 -0.16890419 0.48603624
vn -0.81057331 -0.17563332 0.55868045
vn -0.83032995 -0.17907279 -0.52771689
vn -0.81163374 -0.05100021 -0.58193612
vn -0.78195620 -0.17744580 -0.59754288
vn -0.87193347 -0.19535195 -0.44896508
vn -0.91973474 -0.15390290 0.36111203
vn -0.86391218 -0.15155665 0.48029815
vn -0.81323501 -0.15612930 0.56060009
vn -0.80864425 -0.32493783 -0.49041807
vn -0.73741129 -0.35123590 -0.57693841
vn -0.87421216 -0.27983250 -0.39679575
vn -0.92065736 -0.15049404 0.36019657
vn -0.86584639 -0.13810841 0.48087015
vn -0.81404694 -0.13770739 0.56423776
vn -0.77066060 -0.32279903 -0.54943883
vn -0.70989452 -0.40050965 -0.57934601
vn -0.70577463 -0.34530225 -0.61858592
vn -0.84408167 -0.28852171 -0.45197495
vn -0.86324033 -0.12475443 0.48913440
vn -0.78201699 -0.12810393 0.60994984
vn -0.81189270 -0.11079003 0.57319788
vn -0.75517175 -0.11326727 0.64566721
vn -0.81897858 -0.22631291 -0.52731067
vn -0.72663746 -0.26390799 -0.63431110
vn -0.85754239 -0.10068010 0.50446464
vn -0.81021038 -0.08370163 0.58013204
vn -0.75302096 -0.08275865 0.65277135
vn -0.75925201 -0.17075136 -0.62799710
vn -0.68861253 -0.21553263 -0.69235718
vn -0.64879502 -0.17687511 -0.74012176
vn -0.83967773 -0.17063122 -0.51558345
vn -0.84924540 -0.07339537 0.52287223
vn -0.80548292 -0.05238137 0.59029947
vn -0.74923931 -0.04815702 0.66054626
vn -0.76491090 -0.15253458 -0.62581508
vn -0.65068712 -0.14440936 -0.74548790
vn -0.83182822 -0.18877934 -0.52194269
vn -0.83812180 -0.04159928 0.54389461
vn -0.79730389 -0.02074838 0.60322137
vn -0.74313684 -0.01363534 0.66900054
vn -0.73106820 -0.21361128 -0.64800425
vn -0.62764210 -0.17848289 -0.75776596
vn 0.78652303 0.41483596 0.45748513
vn 0.80070943 0.34253477 0.49146143
vn 0.77537072 0.50995796 0.37248240
vn 0.85649072 0.49290093 0.15320678
vn 0.90640167 0.38190537 0.18051125
vn 0.86911678 0.49076588 -0.06152136
vn 0.91643468 0.39492592 -0.06466065
vn 0.83086180 0.49339800 -0.25734622
vn 0.85302270 0.42878869 -0.29747695
vn 0.84621609 0.36749023 -0.38583580
vn -0.78726958 0.00337535 0.61659972
vn -0.73496103 0.01211549 0.67800111
vn -0.68096592 -0.36969518 -0.63214784
vn -0.58830007 -0.36243905 -0.72286995
vn 0.89891740 0.10323994 0.42578049
vn 0.85639518 0.08062909 0.50998652
vn 0.98235280 0.09091901 0.16345250
vn 0.99483731 0.09382591 -0.03867083
vn 0.95741049 0.12032158 -0.26246499
vn 0.84410448 0.28770589 -0.45245215
vn 0.82453189 0.17419106 -0.53833507
vn 0.80640594 0.14610089 -0.57303054
vn -0.78067782 0.02374092 0.62448259
vn -0.72698868 0.02693109 0.68612111
vn -0.57635617 -0.57628093 -0.57940819
vn -0.55333284 -0.49875025 -0.66713638
vn -0.48570591 -0.61712517 -0.61906889
vn 0.87383164 -0.19398908 0.44585481
vn 0.84321792 -0.16961423 0.51011230
vn 0.97238884 -0.15106791 0.17787194
vn 0.99127403 -0.12919334 -0.02617014
vn 0.96195258 -0.12464856 -0.24312542
vn 0.83558665 -0.14297550 -0.53042715
vn 0.80683453 -0.13223989 -0.57578699
vn -0.81900948 0.05938599 0.57069850
vn -0.78047356 0.04365651 0.62366267
vn -0.72255096 0.04541501 0.68982432
vn 0.43513494 -0.84594853 -0.30826720
vn 0.52044863 -0.83995729 -0.15363909
vn 0.70564775 -0.70826872 0.02041250
vn 0.81893211 -0.57380993 0.00961061
vn 0.83774250 -0.54104962 -0.07384318
vn 0.78710738 -0.58804590 -0.18618269
vn 0.81576583 -0.54546346 -0.19234274
vn 0.52868379 -0.84578141 -0.07174436
vn 0.39808569 -0.91697235 0.02625819
vn 0.31656875 -0.94144504 0.11604079
vn 0.37473547 -0.90738134 0.19034820
vn -0.46352831 -0.84283326 -0.27344761
vn -0.19216092 -0.93106850 -0.31013808
vn -0.21487280 -0.94002425 -0.26492281
vn -0.57353589 -0.70882904 -0.41063120
vn -0.38765775 -0.77126545 -0.50484757
vn 0.87714666 -0.28067674 0.38965921
vn 0.88429978 -0.41211798 0.21948273
vn 0.87620908 -0.36361996 0.31628813
vn 0.92069855 -0.38999265 -0.01482937
vn 0.87640347 -0.40230524 -0.26470257
vn 0.85646400 -0.35941647 -0.37052560
vn 0.81714799 -0.26706115 -0.51083021
vn -0.82303285 0.10685213 0.55785263
vn -0.78240824 0.09071016 0.61612419
vn -0.72322289 0.08686003 0.68513063
vn 0.56948606 -0.54807730 -0.61261481
vn 0.71515191 -0.53085920 -0.45469359
vn 0.65147361 -0.71229813 -0.26117718
vn 0.79711243 -0.59966434 -0.07081278
vn 0.90839653 -0.39438068 0.13885106
vn 0.97967031 0.06937472 0.18823715
vn 0.96859052 -0.04535040 0.24449080
vn 0.97560263 0.21794481 -0.02644928
vn 0.96630124 0.21051006 -0.14814662
vn 0.97155358 -0.11360044 -0.20779457
vn 0.34667621 -0.92240376 0.17025544
vn 0.21913835 -0.97567646 0.00581672
vn -0.03693783 -0.97689635 -0.21049733
vn 0.85891096 -0.47243443 0.19768073
vn 0.87890602 -0.47681599 -0.01306629
vn 0.84619662 -0.47763342 -0.23625750
vn -0.82250348 0.15629708 0.54686310
vn -0.79096076 0.16770040 0.58843662
vn -0.77502823 0.13242909 0.61789463
vn 0.72765224 -0.29001914 -0.62161975
vn 0.59803779 0.09201812 -0.79616799
vn 0.74279016 0.58132813 0.33214513
vn 0.78277698 0.51185286 0.35393056
vn 0.92243242 0.24649251 0.29725390
vn 0.75204210 0.61119709 0.24672010
vn 0.72998825 0.67592183 0.10122665
vn 0.86488570 0.47148140 -0.17227310
vn 0.59056092 0.80542711 -0.05024919
vn 0.76678308 0.58915812 -0.25482626
vn 0.35643774 0.91997251 -0.16310338
vn 0.59221573 0.75462473 -0.28252795
vn -0.82201728 0.20537333 0.53113970
vn -0.78335504 0.19594284 0.58988243
vn 0.67233381 0.54069287 -0.50558726
vn 0.40743569 0.80680525 -0.42785681
vn 0.66774164 0.74431867 0.01052714
vn 0.37904161 0.92391992 0.05195616
vn 0.64664249 0.70199940 0.29841302
vn 0.36599824 0.89360255 0.25984567
vn 0.31782800 0.93682484 -0.14609788
vn 0.18646010 0.97550778 -0.11669280
vn 0.12959773 0.98365003 -0.12504817
vn 0.07742430 0.97292308 -0.21777546
vn -0.04179103 0.94961336 -0.31062513
vn -0.45992550 0.84332562 -0.27797559
vn -0.15249889 0.90790841 -0.39044386
vn -0.55068064 0.79267644 -0.26156242
vn -0.84691827 0.36697548 0.38478362
vn -0.83394687 0.28031088 0.47535085
vn -0.79369759 0.24170783 0.55823066
vn -0.18709262 0.93665414 -0.29610027
vn -0.30217685 0.89811690 -0.31949206
vn -0.39961766 0.84178028 -0.36292105
vn -0.57370755 0.77130065 -0.27559928
vn -0.40929314 0.84764532 -0.33760411
vn -0.64856030 0.72969317 -0.21660429
vn -0.80020960 0.55222218 0.23391293
vn -0.79902350 0.53633080 0.27186525
vn -0.81838538 0.49431932 0.29307641
vn -0.83784767 0.45698241 0.29862745
vn -0.84488217 0.31288427 0.43390962
vn -0.42784067 0.84573313 -0.31888531
vn -0.52210332 0.79153503 -0.31761679
vn -0.65345262 0.71921460 -0.23607210
vn -0.52941514 0.78812912 -0.31396193
vn -0.71627064 0.68769204 -0.11847377
vn -0.74544233 0.66646599 0.01178186
vn -0.73755012 0.66176548 0.13448518
vn -0.72644827 0.65368787 0.21204972
vn -0.71477917 0.65597380 0.24246467
vn -0.75930693 0.60705223 0.23439405
vn -0.78172180 0.57009727 0.25278475
vn -0.55565734 0.78585801 -0.27142605
vn -0.62677233 0.76309970 -0.15759217
vn -0.64234157 0.76627607 0.01477486
vn -0.62369422 0.77007992 0.13409862
vn -0.65323602 0.73364330 0.18721699
vn -0.88772791 -0.39561710 -0.23542784
vn -0.84472630 -0.49872705 -0.19418754
vn -0.87138929 -0.39979969 -0.28432535
vn -0.86200942 -0.47565783 -0.17518389
vn -0.80655432 -0.58276508 -0.09927231
vn -0.82259502 -0.55196559 -0.13664343
vn -0.74019929 -0.67217483 -0.01691203
vn -0.74905435 -0.66155671 -0.03550069
vn -0.61574142 -0.77677830 0.13220430
vn -0.62568813 -0.77680743 0.07130621
vn -0.45804918 -0.85711685 0.23567276
vn -0.45766416 -0.84993089 0.26107660
vn -0.29039379 -0.91404837 0.28317314
vn -0.23796213 -0.86046007 0.45053578
vn -0.92226056 -0.20458701 -0.32799332
vn -0.89514657 -0.27045358 -0.35435502
vn -0.87968252 -0.24560930 -0.40722812
vn -0.92829999 -0.21059291 -0.30644698
vn -0.92936520 -0.25611283 -0.26586942
vn -0.11516882 -0.86805983 0.48291643
vn 0.16874542 -0.80659172 0.56651105
vn 0.36645683 -0.47124981 0.80226742
vn -0.93490852 -0.14554311 -0.32367154
vn -0.89934419 -0.22646867 -0.37402134
vn -0.91521220 -0.18655806 -0.35718724
vn -0.94640107 -0.09802455 -0.30775997
vn -0.94593172 -0.07914584 -0.31456179
vn 0.38095186 0.24849170 0.89057709
vn -0.96124636 -0.07976406 -0.26389985
vn -0.94708174 -0.11219783 -0.30074546
vn -0.96355783 -0.02884513 -0.26594035
vn -0.96119444 0.04065050 -0.27286037
vn 0.02243157 0.68438560 0.72877512
vn 0.22771438 0.51272950 0.82780107
vn -0.97536223 -0.02752044 -0.21888614
vn -0.96306121 -0.06159996 -0.26214222
vn -0.97862444 0.03654453 -0.20238254
vn -0.97491901 0.13045923 -0.18031450
vn -0.95768651 0.25125310 -0.14038669
vn -0.92302607 0.37940493 -0.06383398
vn -0.86325400 0.50214479 0.05141148
vn -0.73987835 0.61250192 0.27824704
vn -0.54401871 0.71586099 0.43770617
vn -0.37428982 0.77113804 0.51502743
vn -0.24636975 0.76685279 0.59265398
vn -0.97269949 -0.01096627 -0.23180908
vn -0.96389564 -0.04102282 -0.26310134
vn -0.96003180 -0.02202286 -0.27902317
vn -0.98509450 0.02869766 -0.16960325
vn -0.98774071 0.10677466 -0.11387473
vn -0.97175623 0.23009379 -0.05240878
vn -0.93625503 0.35126226 -0.00642968
vn -0.88013929 0.46291693 0.10517956
vn -0.76746772 0.60302898 0.21759905
vn -0.61842408 0.69271525 0.37107578
vn -0.55290596 0.71831819 0.42227240
vn -0.38294745 0.78297680 0.49020260
vn -0.97899501 0.03815061 -0.20028306
vn -0.96039712 0.03644577 -0.27624096
vn -0.98977405 0.07861027 -0.11902837
vn -0.98672838 0.16237911 0.00037095
vn -0.95231957 0.28832316 0.09978572
vn -0.88754484 0.43932578 0.13876962
vn -0.81906825 0.53759620 0.20029360
vn -0.78455302 0.57493634 0.23221707
vn -0.68437534 0.65626674 0.31771743
vn -0.97000820 0.07962767 -0.22965959
vn -0.95535704 0.26553967 -0.12954385
vn -0.97501589 0.21691568 -0.04787077
vn -0.95378453 0.29439955 0.06019951
vn -0.94867578 0.29361282 0.11749794
vn -0.89395923 0.40135202 0.19938268
vn -0.84951204 0.48690350 0.20311149
vn -0.91527835 0.40115621 -0.03659565
vn 0.94771761 -0.20983317 -0.24041914
vn 0.89258925 -0.40244701 -0.20327528
vn 0.84646347 -0.53185985 -0.02499385
vn 0.77897255 -0.62033788 0.09155694
vn 0.66433860 -0.73135181 0.15420362
vn -0.33230129 -0.92793542 -0.16885411
vn -0.22138256 -0.94011993 -0.25916071
vn -0.15863273 -0.95750862 -0.24085865
vn -0.51351910 -0.85806103 -0.00542175
vn -0.40962603 -0.90774129 -0.09062154
vn -0.61949210 -0.77166229 0.14410711
vn -0.53693297 -0.84192480 0.05353152
vn -0.65727376 -0.72264677 0.21394590
vn -0.62293402 -0.76269166 0.17393861
vn -0.66464563 -0.71133842 0.22856912
vn 0.82032667 0.33484918 -0.46361642
vn 0.95561304 0.00118278 -0.29462232
vn 0.95600127 -0.24389731 -0.16302049
vn 0.84385631 -0.53183745 -0.07110172
vn 0.73679346 -0.67328258 -0.06185432
vn 0.58163159 -0.80046434 -0.14478098
vn 0.40328517 -0.90083276 -0.16081484
vn 0.18433163 -0.96108271 -0.20577140
vn -0.04332849 -0.97894884 -0.19945379
vn -0.75211835 -0.58121256 0.31066051
vn -0.68067792 -0.68326905 0.26423661
vn -0.76112610 -0.54683314 0.34879875
vn -0.69166261 -0.64440641 0.32610306
vn -0.72093595 -0.57547620 0.38610684
vn 0.63064883 0.57782402 -0.51807476
vn 0.95957511 0.06584614 -0.27364191
vn 0.81133957 0.33349769 -0.48011185
vn 0.89332447 0.18754685 -0.40840858
vn -0.82144199 -0.42368903 0.38173377
vn -0.73497683 -0.49980098 0.45826635
vn -0.79922944 -0.40888034 0.44051012
vn -0.73906295 -0.43668791 0.51292263
vn 0.54879143 0.62336893 -0.55699115
vn 0.69858744 0.42291254 -0.57716598
vn -0.83586764 -0.31976359 0.44617994
vn -0.73190925 -0.37828405 0.56675394
vn -0.79033228 -0.32378435 0.52013323
vn -0.71872834 -0.35187414 0.59967839
vn 0.58550676 0.51072275 -0.62955865
vn 0.43275958 0.57698888 -0.69267812
vn 0.47819754 0.53060077 -0.69984993
vn -0.81286197 -0.27402094 0.51397270
vn -0.74734474 -0.30855123 0.58844879
vn 0.42127742 0.60962212 -0.67148060
vn 0.34730500 0.64175999 -0.68375679
vn -0.78363610 -0.26647804 0.56116300
vn -0.72947755 -0.29292197 0.61810939
vn -0.70698961 -0.28587798 0.64686897
vn 0.23926154 0.78402776 -0.57276032
vn 0.07259946 0.81758361 -0.57121481
vn -0.79907389 -0.23598995 0.55298251
vn -0.72235189 -0.25152068 0.64416232
vn 0.00820536 0.84882534 -0.52860970
vn -0.30201821 0.76960480 -0.56257751
vn -0.67695576 0.51851740 -0.52237018
vn -0.48796327 0.57106612 -0.66013282
vn -0.81424872 -0.20796539 0.54198656
vn -0.70946658 -0.23273371 0.66520087
vn -0.74973498 -0.20560972 0.62898497
vn -0.66806203 -0.21050877 0.71370805
vn -0.73350295 0.23082950 -0.63928957
vn -0.59808266 0.25022675 -0.76136963
vn -0.83218843 0.15345265 -0.53283646
vn -0.75566895 -0.17846778 0.63016957
vn -0.66589400 -0.18236924 0.72341318
vn -0.73219544 -0.14458734 -0.66557068
vn -0.62479182 -0.15113033 -0.76602533
vn -0.75760262 -0.15656377 0.63366083
vn -0.66519379 -0.15770143 0.72982702
vn -0.68918665 -0.35270072 -0.63294863
vn -0.59612201 -0.36364559 -0.71582151
vn -0.75775305 -0.13826129 0.63772575
vn -0.66437814 -0.13745869 0.73464739
vn -0.61354544 -0.34946575 -0.70812123
vn -0.54141422 -0.40560703 -0.73644659
vn -0.52725237 -0.34086254 -0.77834290
vn -0.68986552 -0.10806196 0.71582692
vn -0.64652040 -0.12458752 0.75265485
vn -0.59478325 -0.10609548 0.79685421
vn -0.62838824 -0.26610724 -0.73096864
vn -0.53052135 -0.25347645 -0.80888614
vn -0.68694223 -0.07646034 0.72267848
vn -0.59059618 -0.07392484 0.80357406
vn -0.54637309 -0.19381080 -0.81480907
vn 0.66248673 0.74721766 -0.05269819
vn 0.70006915 0.71255077 0.04663251
vn 0.58226430 0.81093268 -0.05793509
vn 0.59386082 0.78827635 -0.16108920
vn -0.68031356 -0.03947441 0.73185739
vn -0.58447958 -0.03320570 0.81072868
vn -0.56721601 -0.15800637 -0.80826974
vn 0.76885904 0.54612112 0.33257706
vn 0.67242120 0.56619391 0.47673283
vn 0.65440688 0.67374348 0.34325117
vn 0.70516607 0.69570079 0.13689859
vn 0.82788505 0.54636104 0.12686986
vn 0.83383724 0.54968245 -0.05064254
vn 0.68631740 0.68227909 -0.25191997
vn 0.79807666 0.55275384 -0.23986838
vn 0.61394038 0.66244697 -0.42923329
vn 0.70130167 0.56685588 -0.43226193
vn 0.62093103 0.56003384 -0.54845853
vn -0.66878335 -0.00316067 0.74345063
vn -0.57238386 0.00670655 0.81995838
vn -0.54451407 -0.16487848 -0.82238647
vn -0.54256520 -0.12813704 -0.83018305
vn -0.46159283 -0.16656106 -0.87131479
vn 0.78274676 0.30885541 0.54029237
vn 0.67033534 0.32213553 0.66849026
vn 0.69023342 0.46418581 0.55507599
vn 0.83707575 0.33777401 -0.43036370
vn 0.62575954 0.49031838 -0.60664065
vn 0.67797434 0.38356278 -0.62708084
vn 0.60680444 0.37077613 -0.70307428
vn -0.65450187 0.02195487 0.75574155
vn -0.55437217 0.03172959 0.83166383
vn -0.53537606 -0.37603083 -0.75628916
vn -0.44224347 -0.39319233 -0.80611445
vn 0.83077820 0.06108185 0.55324189
vn 0.70866597 0.05949383 0.70303131
vn 0.77041999 0.13976439 -0.62202810
vn 0.63185645 0.14370327 -0.76164742
vn -0.64379904 0.03181130 0.76453309
vn -0.53719036 0.03640732 0.84267492
vn -0.43805967 -0.63652185 -0.63477843
vn -0.33022065 -0.55041766 -0.76680814
vn -0.21321630 -0.65102091 -0.72849885
vn 0.81615994 -0.15179009 0.55753271
vn 0.70087788 -0.15635017 0.69593450
vn 0.77791109 -0.11032437 -0.61861366
vn 0.63446603 -0.11261259 -0.76470338
vn -0.64496524 0.03909763 0.76321112
vn -0.53256506 0.03445488 0.84568748
vn 0.88847371 -0.43539333 -0.14507622
vn 0.81878956 -0.57272118 -0.03967493
vn 0.74344631 -0.66481565 0.07285414
vn 0.12410114 -0.81013167 -0.57296211
vn 0.32056837 -0.78157029 -0.53514839
vn 0.75614552 -0.34932802 0.55336596
vn 0.65885054 -0.36041288 0.66031698
vn 0.87450188 -0.32709530 0.35812726
vn 0.85475161 -0.31014869 -0.41618202
vn 0.69804207 -0.34577227 -0.62703971
vn 0.60774538 -0.34602359 -0.71478194
vn -0.66410367 0.06421691 0.74487751
vn -0.55396636 0.05063686 0.83099770
vn 0.90432263 -0.40100493 -0.14627242
vn 0.96991732 -0.23084021 0.07728641
vn 0.98255493 -0.07513779 0.17011797
vn 0.98165812 0.13306133 -0.13653574
vn 0.95838847 0.13671978 -0.25059777
vn 0.97148542 0.05526379 -0.23056883
vn 0.98864317 -0.11359608 -0.09839012
vn 0.95694982 -0.28455000 -0.05725671
vn 0.88012696 -0.40821379 -0.24235932
vn 0.86389243 -0.35941245 -0.35286339
vn 0.66114739 -0.60847424 -0.43891143
vn 0.67342221 -0.45654256 0.58143910
vn 0.76398766 -0.52739940 0.37171592
vn 0.68802261 -0.53034437 0.49533801
vn 0.82784509 -0.53197831 0.17796511
vn 0.84751831 -0.53061622 -0.01261555
vn 0.82060032 -0.53181878 -0.20924603
vn 0.72998509 -0.53403187 -0.42653456
vn 0.62517309 -0.54908161 -0.55467829
vn 0.60550817 -0.46892991 -0.64301213
vn -0.73853167 0.16491291 0.65373902
vn -0.70405541 0.10500904 0.70233830
vn -0.63465469 0.05919240 0.77052559
vn 0.87073193 0.10146342 -0.48117676
vn 0.97985801 0.19571695 -0.03966293
vn 0.93301947 0.28812055 0.21554866
vn 0.72041752 0.65465263 -0.22897277
vn 0.73353869 0.65218613 -0.19124394
vn 0.79544017 0.58195898 -0.16911144
vn 0.79800875 0.49752960 -0.34006812
vn 0.84138116 0.37418445 -0.38995350
vn 0.67515196 -0.63556974 0.37446086
vn 0.71662825 -0.67342907 0.18148621
vn 0.70758775 -0.70618617 -0.02491346
vn 0.61172012 -0.78631265 0.08666554
vn 0.71497571 -0.68531364 -0.13840136
vn 0.69786386 -0.67811864 -0.23052362
vn 0.61953355 -0.65303314 -0.43557536
vn -0.76526576 0.16977925 0.62092135
vn -0.74587080 0.11138980 0.65671079
vn -0.72180649 0.11606445 0.68229351
vn 0.60334049 0.70378804 -0.37505020
vn 0.41199713 0.78213184 -0.46746994
vn 0.62767088 -0.77815514 -0.02244642
vn -0.82205989 0.15058892 0.54912704
vn -0.79314223 0.05874615 0.60619658
vn 0.25369197 0.86683060 -0.42923781
vn 0.08237900 0.88647258 -0.45539002
vn -0.24366607 0.88071444 -0.40616367
vn -0.07904256 0.85971425 -0.50462231
vn -0.88009165 0.34481560 0.32640603
vn -0.89753324 0.09684173 0.43018108
vn -0.86066882 -0.04671045 0.50701807
vn -0.14429663 0.89195959 -0.42847003
vn -0.25254487 0.86851326 -0.42650417
vn -0.40898666 0.83377000 -0.37088746
vn -0.29391551 0.84384066 -0.44893943
vn -0.72010287 0.66115408 0.21054011
vn -0.80674497 0.57183455 0.14888856
vn -0.90596529 0.41942367 0.05753855
vn -0.97049728 0.15564548 0.18414534
vn -0.94941521 -0.11753916 0.29119633
vn -0.32153737 0.85504255 -0.40683652
vn -0.40444770 0.83406724 -0.37517181
vn -0.55344275 0.80819872 -0.20128572
vn -0.43089280 0.83451641 -0.34338574
vn -0.56032370 0.82748716 0.03608801
vn -0.52441690 0.83854910 0.14772377
vn -0.53105877 0.83685363 0.13286305
vn -0.58772426 0.80455693 0.08525456
vn -0.71904478 0.69220909 0.06181567
vn -0.84449614 0.53555195 0.00322336
vn -0.90722906 0.41131823 -0.08804973
vn -0.95503282 0.25517354 -0.15099267
vn -0.98132178 0.14853709 -0.12224687
vn -0.96737696 -0.16915175 0.18859878
vn -0.98698735 -0.16056496 0.00865226
vn -0.89290276 -0.44593226 0.06220190
vn -0.91407025 -0.38436178 0.12938935
vn -0.87978843 -0.46268355 0.10906998
vn -0.46595478 0.85649298 -0.22204935
vn -0.48927140 0.87155036 0.03183510
vn -0.96217200 0.11420736 -0.24734939
vn -0.94293769 0.02315326 -0.33216327
vn -0.94726920 -0.13785787 -0.28926853
vn -0.92210447 -0.36425408 -0.13054619
vn -0.82105399 -0.56464813 0.08392153
vn -0.84157772 -0.53367973 -0.08326393
vn -0.74121639 -0.66964645 -0.04660367
vn -0.74740993 -0.66060445 0.07057027
vn -0.64761851 -0.76107286 0.03685614
vn -0.61488397 -0.76626313 0.18643638
vn -0.52660749 -0.81969840 0.22534216
vn -0.46172481 -0.83423146 0.30144332
vn -0.37971172 -0.84994161 0.36526465
vn -0.90568353 -0.16266992 -0.39150459
vn -0.92899092 -0.06734610 -0.36392359
vn -0.90275822 -0.14580584 -0.40468289
vn -0.88749232 -0.20398425 -0.41321642
vn -0.88623939 -0.33360069 -0.32138811
vn -0.31169675 -0.84801188 0.42862686
vn -0.11691360 -0.87722028 0.46563482
vn 0.02483813 -0.77408062 0.63259961
vn -0.87233621 -0.26310052 -0.41207724
vn -0.85576491 -0.28632130 -0.43091360
vn -0.86866068 -0.25795967 -0.42294849
vn 0.14999035 -0.73734348 0.65865582
vn 0.43821472 -0.40817290 0.80085126
vn 0.34130365 -0.38966829 0.85537737
vn -0.86115577 -0.29242554 -0.41581011
vn -0.81785148 -0.33098996 -0.47070649
vn -0.79183020 -0.34731325 -0.50237281
vn -0.88559305 -0.24834007 -0.39249480
vn 0.45131869 0.15733503 0.87838325
vn 0.35385290 0.12121567 0.92741301
vn -0.86087168 -0.24571339 -0.44556130
vn -0.78971442 -0.35479344 -0.50047253
vn -0.80417374 -0.28980711 -0.51895706
vn -0.90664016 -0.20063564 -0.37114546
vn -0.92187676 -0.16046754 -0.35269450
vn 0.15800049 0.44067762 0.88365099
vn -0.90468475 -0.13237985 -0.40499515
vn -0.84769194 -0.14743410 -0.50958960
vn -0.93165717 -0.11005423 -0.34627011
vn -0.94896970 -0.08014592 -0.30501333
vn -0.20413590 0.67660446 0.70748494
vn -0.05080055 0.54904414 0.83424806
vn -0.91111590 -0.02682323 -0.41127647
vn -0.84894921 -0.00940720 -0.52839071
vn -0.94235168 -0.03401151 -0.33289117
vn -0.51328935 0.70897975 0.48361323
vn -0.43373304 0.67763591 0.59387308
vn -0.36963932 0.71960571 0.58782174
vn -0.89013907 0.10468922 -0.44350040
vn -0.80612730 0.16895235 -0.56711012
vn -0.93888546 0.05213364 -0.34025898
vn -0.78416020 0.54619300 0.29456067
vn -0.67056975 0.59272470 0.44610946
vn -0.55644234 0.62217205 0.55070306
vn -0.48864783 0.67672399 0.55069769
vn -0.80085419 0.35617596 -0.48142627
vn -0.70126168 0.39923845 -0.59062739
vn -0.87845644 0.29608462 -0.37503091
vn -0.93987515 0.26661391 -0.21342849
vn -0.91116334 0.38556418 0.14533284
vn -0.86939848 0.43298881 0.23804827
vn -0.84135278 0.47245530 0.26250998
vn -0.79239304 0.49820086 0.35200734
vn -0.69220177 0.55437068 0.46209292
vn -0.60990540 0.59588188 0.52243678
vn -0.66272585 0.54629476 -0.51220746
vn -0.68334198 0.58442372 -0.43759874
vn -0.59941979 0.74674236 -0.28822174
vn -0.74276101 0.64292242 -0.18696751
vn -0.75027506 0.66105482 -0.00968825
vn -0.78167706 0.61405487 0.10916772
vn -0.84017795 0.50555426 0.19625470
vn -0.80346439 0.52750883 0.27600618
vn -0.79650790 0.51112684 0.32299307
vn -0.74443323 0.51096042 0.42981230
vn -0.50155647 0.85260286 -0.14666103
vn -0.51523379 0.85611286 -0.04006123
vn -0.63535349 0.77196320 -0.01996910
vn -0.76379106 0.62321963 0.16798964
vn -0.59093382 -0.80058680 -0.09928743
vn -0.56278547 -0.80566218 -0.18488095
vn -0.42879541 -0.86349878 -0.26552656
vn -0.66492067 -0.74025553 0.09951011
vn -0.68203682 -0.72458216 0.09902765
vn -0.65657883 -0.73189304 0.18230966
vn -0.07404944 -0.89843761 -0.43281236
vn 0.01519867 -0.91529995 -0.40248603
vn -0.29654183 -0.90325630 -0.31014674
vn -0.66220801 -0.70498682 0.25391756
vn -0.63135715 -0.74078318 0.22940886
vn -0.65882239 -0.68164736 0.31829223
vn -0.59651093 -0.72807559 0.33775828
vn -0.57784921 -0.71526246 0.39305204
vn 0.96154934 -0.23911986 -0.13507245
vn 0.89337045 -0.42347002 -0.15020780
vn 0.77622553 -0.57796671 -0.25184997
vn 0.57772768 -0.69509286 -0.42787457
vn 0.49675329 -0.71964587 -0.48512473
vn 0.29446143 -0.86988402 -0.39571993
vn 0.11392805 -0.90410730 -0.41183782
vn -0.67227326 -0.57914480 0.46112900
vn -0.56669717 -0.67560877 0.47160058
vn -0.62554044 -0.54174590 0.56143614
vn -0.51840559 -0.62652906 0.58199397
vn -0.51446136 -0.55837448 0.65080523
vn 0.91610023 -0.00753415 -0.40087855
vn 0.84183770 -0.28205823 -0.46016567
vn 0.69745942 -0.36651368 -0.61580685
vn 0.58080590 -0.58166155 -0.56950360
vn -0.67304776 -0.44621722 0.58982786
vn -0.55994055 -0.47840319 0.67645914
vn 0.72827139 0.28894661 -0.62139411
vn 0.73818940 0.08168053 -0.66963028
vn 0.67685760 0.02284670 -0.73575935
vn -0.65022651 -0.37389767 0.66136678
vn -0.55737205 -0.42522278 0.71310727
vn -0.53422203 -0.39434297 0.74773019
vn 0.55521701 0.44228787 -0.70435468
vn 0.52698713 0.35417063 -0.77255921
vn -0.67904298 -0.32321054 0.65911727
vn -0.56029472 -0.35700341 0.74740778
vn 0.41593589 0.55661688 -0.71914879
vn -0.63441749 -0.30127780 0.71186104
vn -0.55700174 -0.33501132 0.75994505
vn -0.52358335 -0.30683260 0.79480453
vn 0.35507981 0.63691567 -0.68429289
vn 0.24814501 0.66933167 -0.70029934
vn -0.64839635 -0.26222550 0.71471670
vn -0.52434245 -0.26277411 0.80994738
vn 0.17921112 0.69333468 -0.69797593
vn -0.29642186 0.56199431 -0.77220236
vn -0.17291874 0.47888182 -0.86068072
vn -0.51957022 -0.22008993 0.82559506
vn -0.32173057 0.39473435 -0.86062433
vn -0.40347366 0.18822461 -0.89542197
vn -0.50185742 -0.19425313 0.84285518
vn -0.57058419 -0.17923410 0.80144171
vn -0.45759296 -0.17246309 0.87227585
vn -0.47422607 -0.19083336 -0.85947208
vn -0.56776036 -0.15654047 0.80817279
vn -0.44791617 -0.14970645 0.88145283
vn -0.50839756 -0.37886695 -0.77329927
vn -0.42593929 -0.34791929 -0.83518135
vn -0.41929350 -0.37406019 -0.82720731
vn -0.56820292 -0.13858475 0.81113483
vn -0.44070818 -0.13274330 0.88778123
vn -0.38647546 -0.34187514 -0.85659682
vn -0.43829142 -0.11172893 0.89186169
vn -0.44579028 -0.24920388 -0.85974906
vn -0.35923548 -0.29309138 -0.88602896
vn -0.33127108 -0.23958097 -0.91261187
vn -0.44173074 -0.07747036 0.89379656
vn -0.46316198 -0.19053576 -0.86555017
vn -0.34209149 -0.18142412 -0.92198628
vn 0.58939413 0.73495193 0.33535089
vn 0.48732857 0.74501769 0.45547724
vn 0.46032453 0.82553035 0.32649804
vn 0.48318648 0.86489888 0.13594394
vn 0.63444774 0.76090050 0.13603862
vn 0.49012408 0.86996794 -0.05416807
vn 0.47671073 0.84442478 -0.24432287
vn 0.61134736 0.75179934 -0.24708734
vn 0.44636733 0.79411919 -0.41246930
vn 0.54627432 0.71742871 -0.43229668
vn 0.46185609 0.71239171 -0.52838150
vn -0.44521097 -0.02782257 0.89499335
vn -0.47659000 -0.15010900 -0.86621548
vn -0.35475450 -0.13100095 -0.92573646
vn 0.63045561 0.55491948 0.54276154
vn 0.48330778 0.55615051 0.67609925
vn 0.49756122 0.67499994 0.54480080
vn 0.46476935 0.65560026 -0.59512835
vn 0.56948506 0.55485957 -0.60647969
vn 0.45824225 0.53546048 -0.70943366
vn -0.44331327 0.02405790 0.89604384
vn -0.34818217 -0.17266766 -0.92138757
vn 0.62060865 0.32614517 0.71307379
vn 0.49618168 0.32118528 0.80662491
vn 0.49449387 0.46573667 0.73386999
vn 0.48235577 0.34248640 -0.80624809
vn -0.43621608 0.05472555 0.89817629
vn -0.24412479 -0.34999934 -0.90438020
vn 0.65365162 0.06014944 0.75440149
vn 0.50632200 0.06449434 0.85992937
vn 0.52691819 0.26264907 -0.80831472
vn 0.57300980 0.15570010 -0.80462243
vn 0.48635342 0.14534806 -0.86158824
vn -0.42853865 0.05133346 0.90206402
vn -0.09115659 -0.37490410 -0.92257107
vn 0.03266635 -0.38057414 -0.92417327
vn 0.64614329 -0.15987801 0.74628270
vn 0.51873654 -0.15682006 0.84042838
vn 0.57379389 -0.11770806 -0.81049700
vn 0.48567648 -0.11798531 -0.86613961
vn -0.42429584 0.02616327 0.90514558
vn 0.49341337 -0.55689710 -0.66813836
vn 0.36203263 -0.34802781 -0.86475951
vn 0.61356566 -0.36064613 0.70247530
vn 0.52539882 -0.35576127 0.77291008
vn 0.45155975 -0.23489416 -0.86076625
vn 0.47393281 -0.32846143 -0.81700721
vn -0.43137646 -0.00195127 0.90216991
vn 0.87034853 -0.24140264 -0.42920648
vn 0.69922166 -0.17586674 -0.69293576
vn 0.58905176 -0.10353217 -0.80143566
vn 0.53830613 -0.45792001 0.70748553
vn 0.63330654 -0.52150134 0.57180344
vn 0.51645707 -0.52401285 0.67726112
vn 0.57508523 -0.53419303 -0.61960857
vn 0.44419960 -0.52878250 -0.72323978
vn -0.45426299 -0.06682294 0.88835794
vn 0.87559172 0.27437342 -0.39756554
vn 0.70576164 0.26329469 -0.65770542
vn 0.62938222 0.23685043 -0.74012154
vn 0.51498434 -0.64383829 0.56591818
vn 0.61095351 -0.69949666 0.37072933
vn 0.51168737 -0.70949652 0.48455209
vn 0.64975214 -0.74007002 0.17354688
vn 0.63334264 -0.73691731 -0.23628368
vn 0.56195263 -0.69721391 -0.44508652
vn 0.45294810 -0.70300731 -0.54828710
vn 0.44839361 -0.64888173 -0.61473219
vn -0.73728370 0.07884721 0.67096636
vn -0.54611867 -0.13199966 0.82724270
vn 0.54025556 0.65063499 -0.53366473
vn 0.51082760 0.54918183 -0.66140342
vn 0.49462181 -0.79075227 0.36063849
vn 0.50314154 -0.84802595 0.16643491
vn 0.49806219 -0.86643791 -0.03492012
vn 0.48056026 -0.84446082 -0.23653277
vn 0.44200261 -0.78320357 -0.43729379
vn -0.82195820 0.00824019 0.56948820
vn -0.59444102 -0.17449425 0.78497875
vn -0.79743029 -0.16129663 0.58145364
vn -0.66586786 -0.29113982 0.68691892
vn 0.32398093 0.70748835 -0.62808964
vn 0.10401671 0.77516196 -0.62314080
vn -0.88599490 -0.10307138 0.45209438
vn -0.86418351 -0.24511999 0.43943492
vn -0.75205435 -0.42416186 0.50448090
vn 0.05500758 0.82527945 -0.56203914
vn -0.08889558 0.84622753 -0.52535374
vn -0.13756898 0.83333883 -0.53537013
vn -0.94774732 -0.18376805 0.26077639
vn -0.88827969 -0.35063028 0.29667761
vn -0.74426376 -0.50315645 0.43920956
vn -0.83426010 -0.48210479 0.26755383
vn -0.71911519 -0.60997356 0.33287475
vn -0.17872761 0.85174241 -0.49253558
vn -0.31295924 0.85172177 -0.42026959
vn -0.22119527 0.82516732 -0.51978029
vn -0.48239385 0.86660489 0.12764063
vn -0.55312816 0.83220933 0.03843002
vn -0.72209174 0.68653665 -0.08515253
vn -0.87026757 0.48652880 -0.07696801
vn -0.93668051 0.32604361 -0.12777004
vn -0.83587216 -0.53660204 0.11565461
vn -0.68578936 -0.65399981 0.31933870
vn -0.72934946 -0.66633381 0.15507619
vn -0.58836186 -0.75858280 0.27996867
vn -0.53849144 -0.74639214 0.39105720
vn -0.45745831 -0.78159355 0.42407950
vn -0.25281002 0.85291315 -0.45675622
vn -0.31292040 0.91173353 -0.26612552
vn -0.36990578 0.92893115 -0.01601959
vn -0.44671381 0.89087139 0.08243137
vn -0.57534655 0.80996462 -0.11372626
vn -0.70328730 0.65046283 -0.28685377
vn -0.77311256 0.47329189 -0.42224609
vn -0.87333840 0.36260661 -0.32526371
vn -0.94261861 0.18614864 -0.27716214
vn -0.94749768 0.05754466 -0.31454213
vn -0.38782921 -0.79534168 0.46585418
vn -0.24712889 -0.83357410 0.49404608
vn -0.24243249 -0.80810199 0.53684044
vn -0.18144560 -0.76298587 0.62042732
vn -0.83401052 0.10720966 -0.54123242
vn -0.76347027 0.17617843 -0.62134878
vn -0.90913502 -0.06121790 -0.41197802
vn -0.05715477 -0.79225467 0.60750792
vn 0.06557272 -0.66189193 0.74672571
vn -0.75617566 -0.18539768 -0.62755564
vn -0.71241153 -0.17814900 -0.67877297
vn -0.83355084 -0.26045372 -0.48719283
vn 0.19098893 -0.59682443 0.77930984
vn 0.27327214 -0.32961515 0.90370138
vn -0.73774227 -0.36449881 -0.56822263
vn -0.66717052 -0.38851252 -0.63556394
vn 0.26891818 0.04210101 0.96224244
vn -0.72388070 -0.34784366 -0.59582004
vn -0.65072362 -0.45465367 -0.60815196
vn -0.64144470 -0.35656043 -0.67927414
vn 0.13917622 0.23913094 0.96096117
vn -0.76986740 -0.16202927 -0.61729304
vn -0.63004584 -0.14991981 -0.76194901
vn -0.07185383 0.50148676 0.86217635
vn -0.00404826 0.30897565 0.95106133
vn -0.76970775 0.00905322 -0.63833222
vn -0.61023557 0.04126043 -0.79114482
vn -0.34941417 0.69107761 0.63270963
vn -0.26139300 0.63802701 0.72428947
vn -0.72590260 0.22097379 -0.65133402
vn -0.58429404 0.23328495 -0.77728927
vn -0.46332950 0.63547628 0.61765336
vn -0.39585711 0.62453207 0.67324352
vn -0.32876610 0.65730640 0.67813063
vn -0.60428280 0.49469418 -0.62459584
vn -0.52676212 0.49737993 -0.68930028
vn -0.58030168 0.57056876 0.58112069
vn -0.46889126 0.56429352 0.67949526
vn -0.43317096 0.60366821 0.66928889
vn -0.49629065 0.64256546 -0.58378526
vn -0.49972085 0.67040174 -0.54848936
vn -0.54126793 0.72810719 -0.42058168
vn -0.46371347 0.73792313 -0.49034607
vn -0.72707703 0.58880994 0.35307484
vn -0.67165696 0.55484474 0.49094220
vn -0.49514757 0.60384294 0.62466198
vn -0.48912174 0.59359859 0.63906232
vn -0.47666922 0.81111355 -0.33894138
vn -0.48266288 0.86669266 -0.12601738
vn -0.49355104 0.86413341 -0.09839116
vn -0.48661831 0.86221897 -0.14064520
vn -0.49633348 0.85309279 -0.16089053
vn -0.65367960 0.75418555 0.06250703
vn -0.69913528 0.64164609 0.31543644
vn -0.40479208 0.73349608 0.54600995
vn -0.45172199 0.70354158 0.54861325
vn -0.50070083 0.85430272 -0.13951896
vn -0.49449542 0.86837043 0.03751114
vn -0.42469136 0.82709268 0.36817787
vn -0.26843780 -0.85176754 -0.44992578
vn -0.22708299 -0.78988200 -0.56966635
vn -0.16007002 -0.77403300 -0.61257694
vn -0.41643097 -0.82425815 -0.38364535
vn -0.56650335 -0.82405691 -0.00203858
vn -0.63849925 -0.72801855 0.24961510
vn -0.56585335 -0.76636431 0.30413111
vn -0.57835326 -0.71988106 0.38376916
vn -0.48573977 -0.75052240 0.44807700
vn -0.42278850 -0.74140616 0.52112071
vn -0.03501181 -0.82488581 -0.56421412
vn 0.05697540 -0.84025940 -0.53918266
vn -0.48090888 -0.72475521 0.49341316
vn -0.35435236 -0.76653911 0.53558584
vn -0.32948958 -0.73215885 0.59613760
vn 0.23073178 -0.80467183 -0.54705219
vn 0.32157036 -0.71354395 -0.62245284
vn 0.13602563 -0.83161321 -0.53843894
vn -0.32261773 -0.69976823 0.63737134
vn -0.33348089 -0.62227249 0.70821426
vn 0.60169667 -0.38714147 -0.69862909
vn 0.44856326 -0.42509634 -0.78618325
vn -0.33505313 -0.55862757 0.75873225
vn -0.45543676 -0.49239375 0.74170463
vn -0.33022503 -0.49342080 0.80466598
vn 0.46656645 -0.28047797 -0.83883720
vn 0.53110173 -0.10161121 -0.84119327
vn -0.34839658 -0.44064201 0.82731762
vn 0.43564940 0.27451954 -0.85723312
vn -0.34603221 -0.41021530 0.84379210
vn -0.45951480 -0.37827711 0.80358732
vn -0.33183891 -0.37693418 0.86475636
vn 0.36821217 0.48518070 -0.79310749
vn 0.41834392 0.53198598 -0.73619243
vn 0.34044542 0.53656320 -0.77213784
vn -0.32912687 -0.32688446 0.88590183
vn 0.27877633 0.57616169 -0.76832380
vn 0.28702746 0.63062644 -0.72105861
vn 0.20407604 0.50352264 -0.83953435
vn -0.31849941 -0.29162925 0.90194817
vn -0.41170467 -0.26154455 0.87297979
vn -0.30000658 -0.25214236 0.92001102
vn 0.05314121 0.27375787 -0.96032944
vn -0.41167092 -0.21967953 0.88445913
vn -0.29027448 -0.20485822 0.93475871
vn -0.32175745 0.15909349 -0.93336028
vn -0.13235119 0.03060339 -0.99073033
vn -0.27624248 -0.16912041 0.94609110
vn -0.38798168 -0.20951362 -0.89753789
vn -0.24262601 -0.25977188 -0.93469310
vn -0.26550114 -0.14879737 0.95255892
vn -0.21945558 -0.35492561 -0.90877228
vn -0.26095200 -0.13656903 0.95564269
vn -0.26148367 -0.31201981 -0.91338378
vn -0.17381283 -0.34409273 -0.92270759
vn -0.16342873 -0.29896965 -0.94016392
vn -0.25626467 -0.12973508 0.95786076
vn -0.33216633 -0.11653842 0.93599376
vn -0.23763822 -0.11270159 0.96479346
vn -0.16978430 -0.25424520 -0.95212009
vn 0.38226065 0.91289408 0.14318236
vn 0.28951610 0.92659469 0.24000563
vn 0.28075105 0.94956260 0.13967720
vn 0.28475432 0.95717939 -0.05217852
vn 0.38916373 0.91954065 -0.05474115
vn 0.28808243 0.94555005 -0.15147151
vn -0.34121980 -0.07967979 0.93660033
vn -0.24081864 -0.07635669 0.96756190
vn -0.18977604 -0.21115278 -0.95885325
vn 0.40606945 0.74128800 0.53441529
vn 0.29501210 0.72712869 0.61988042
vn 0.28499963 0.81896718 0.49806422
vn 0.29235569 0.89580517 0.33475550
vn 0.30026444 0.92019681 -0.25115554
vn 0.29274895 0.84902112 -0.43984224
vn 0.30783798 0.75436475 -0.57980135
vn -0.34712829 -0.02689066 0.93743205
vn -0.24160864 -0.02269661 0.97010831
vn -0.21414769 -0.14528530 -0.96593631
vn 0.42041528 0.56806120 0.70750086
vn 0.29258455 0.55564367 0.77823801
vn 0.29581111 0.66251447 0.68816449
vn 0.30427194 0.68438301 -0.66259978
vn 0.28299704 0.55175265 -0.78452641
vn -0.34660611 0.02454726 0.93768952
vn -0.23647509 0.02745809 0.97124950
vn -0.16546515 -0.09244780 -0.98187305
vn 0.27003590 0.29935989 0.91513074
vn 0.29808056 0.46738941 -0.83228308
vn 0.41530491 0.36441808 -0.83349943
vn 0.30115168 0.36445270 -0.88118210
vn -0.34110218 0.05246097 0.93856121
vn -0.22687037 0.05203285 0.97253402
vn 0.06043635 -0.05991271 -0.99637238
vn 0.46458036 0.09609576 0.88030148
vn 0.44823325 0.13212611 0.88409821
vn 0.33743549 0.25906017 0.90500006
vn 0.28630308 0.12474353 -0.94998400
vn -0.33207314 0.05118869 0.94186366
vn -0.21618400 0.05123734 0.97500729
vn 0.19201553 -0.11594286 -0.97451900
vn 0.20584355 -0.14140573 -0.96831444
vn 0.48986535 -0.17438464 0.85417910
vn 0.48335843 -0.20319119 0.85151510
vn 0.28136822 -0.10071598 -0.95429986
vn -0.31456052 0.03454306 0.94860869
vn -0.20122466 0.03991263 0.97873164
vn 0.40273452 -0.08692094 -0.91118036
vn 0.39947865 -0.30592882 0.86419000
vn 0.32762339 -0.32749974 0.88623182
vn 0.41250697 -0.33608290 -0.84669138
vn 0.29941796 -0.34831255 -0.88827206
vn -0.28730847 -0.00106587 0.95783752
vn -0.17215149 0.00687621 0.98504649
vn 0.48872739 0.01431107 -0.87231917
vn 0.45551553 -0.54382501 0.70481200
vn 0.34926624 -0.53653937 0.76820479
vn 0.29547792 -0.46305364 -0.83562798
vn 0.27920299 -0.54215660 -0.79253511
vn -0.29609007 -0.09549562 0.95037427
vn -0.14623991 -0.10575478 0.98358010
vn 0.48501100 0.23754833 -0.84162647
vn 0.34238778 -0.63316417 0.69417126
vn 0.43595175 -0.69996664 0.56567903
vn 0.33426277 -0.68849779 0.64361417
vn 0.29184852 -0.68423833 -0.66831307
vn 0.28782191 -0.75352775 -0.59106216
vn -0.39461729 -0.18625515 0.89977009
vn -0.22518108 -0.29024259 0.93008210
vn 0.42740405 0.36054811 -0.82905418
vn 0.46702094 0.50933267 -0.72282202
vn 0.34882198 0.43692460 -0.82910802
vn 0.31624067 -0.78502825 0.53265607
vn 0.30501507 -0.88318442 0.35630196
vn 0.41228537 -0.89513570 0.16956667
vn 0.30877339 -0.91007993 0.27642993
vn 0.41188461 -0.91016185 -0.04423211
vn 0.38399958 -0.88573517 -0.26080172
vn 0.28696022 -0.88538554 -0.36571338
vn 0.27923147 -0.84751514 -0.45138440
vn -0.34308224 -0.50892639 0.78948623
vn 0.19739421 0.60554708 -0.77093985
vn 0.15752413 0.69944543 -0.69710992
vn 0.14309834 0.67465118 -0.72413303
vn 0.32177450 -0.93052905 0.17486238
vn 0.31256713 -0.94862921 -0.04903489
vn 0.29898028 -0.91421927 -0.27352132
vn -0.39537032 -0.62794752 0.67034635
vn -0.63359542 -0.55482398 0.53919124
vn -0.42954131 -0.67419478 0.60079585
vn -0.00278615 0.78199816 -0.62327452
vn -0.03724127 0.79763435 -0.60199047
vn -0.58714595 -0.71465866 0.38016133
vn -0.41408686 -0.72525789 0.55003005
vn -0.45824358 -0.74809871 0.47995952
vn -0.35454986 -0.76123105 0.54297485
vn -0.32719347 -0.75202531 0.57219085
vn -0.08129569 0.83205109 -0.54870939
vn -0.11599506 0.81926609 -0.56155874
vn -0.33448436 -0.78314705 0.52421456
vn -0.27643090 -0.76912115 0.57622792
vn -0.24350401 -0.74572759 0.62015817
vn -0.12670270 0.85635534 -0.50060160
vn -0.14690380 0.94340492 -0.29733218
vn -0.15594818 0.98260531 -0.10083143
vn -0.28366427 0.95288878 -0.10741295
vn -0.65389834 0.68844670 -0.31378034
vn -0.39173563 0.88108814 -0.26500357
vn -0.72764574 0.57723844 -0.37057721
vn -0.18167457 -0.75263980 0.63287257
vn -0.12925348 -0.70407356 0.69826497
vn -0.49308321 0.71678634 -0.49303782
vn -0.62003396 0.36838215 -0.69271385
vn -0.78247795 0.26627800 -0.56287147
vn -0.06837008 -0.70529025 0.70561406
vn 0.02613287 -0.56111257 0.82732687
vn -0.75036317 -0.13459605 -0.64717773
vn -0.60059010 -0.11101917 -0.79181202
vn 0.76473025 0.53306962 0.36197297
vn 0.57645120 0.54980960 0.60449435
vn 0.54376476 0.76164456 0.35244496
vn 0.59553825 0.80058134 -0.06636048
vn 0.84075495 0.53595915 -0.07667397
vn 0.69420371 0.62768335 -0.35227095
vn 0.15074217 -0.47313965 0.86799520
vn 0.17490808 -0.27616240 0.94506163
vn -0.64489989 -0.37579124 -0.66549611
vn -0.49023111 -0.37195499 -0.78824041
vn 0.91711170 0.14571817 0.37104224
vn 0.67457802 0.14995899 0.72281173
vn 0.98574481 0.14235051 -0.08968558
vn 0.70559960 0.42498946 -0.56702130
vn 0.85955633 0.13616875 -0.49256572
vn 0.62349334 0.14934347 -0.76743246
vn 0.15609028 -0.01915446 0.98755705
vn -0.55139723 -0.31270351 -0.77341943
vn -0.39426611 -0.41463835 -0.82013979
vn -0.37822647 -0.29100890 -0.87878243
vn 0.86829997 -0.33371556 0.36700012
vn 0.64470798 -0.34654910 0.68136286
vn 0.93906709 -0.33330609 -0.08402415
vn 0.82942698 -0.29808203 -0.47243835
vn 0.61360058 -0.29285276 -0.73330184
vn 0.05517023 0.08330041 0.99499612
vn -0.51724049 -0.11822980 -0.84763435
vn -0.34767817 -0.07863442 -0.93431072
vn 0.67080624 -0.62419536 0.40049861
vn 0.73660800 -0.67245790 -0.07217365
vn 0.65813625 -0.56973989 -0.49219217
vn -0.10551580 0.31377327 0.94361684
vn -0.03914507 0.14889126 0.98807847
vn -0.48058958 0.05745678 -0.87506135
vn -0.32717991 0.06625195 -0.94263672
vn -0.24618875 0.50721810 0.82590611
vn -0.45864130 0.21096820 -0.86321526
vn -0.32268384 0.19144683 -0.92694296
vn -0.28735020 0.62819263 0.72305179
vn -0.25548261 0.60811137 0.75161772
vn -0.36915402 0.31848721 -0.87309290
vn -0.38427575 0.51356003 -0.76719505
vn -0.29859284 0.64752015 0.70111338
vn -0.29961223 0.63347834 0.71339870
vn -0.39054031 0.66387481 -0.63776837
vn -0.46235746 0.71544168 -0.52380223
vn -0.39872284 0.71118329 -0.57899778
vn -0.19179588 0.77332433 0.60430441
vn -0.23867508 0.72881995 0.64175984
vn -0.42091151 0.74136794 -0.52269215
vn -0.53545747 0.77111428 -0.34448232
vn -0.46747496 0.72774158 -0.50185591
vn -0.55157272 0.82458741 -0.12579002
vn -0.54875484 0.82852309 -0.11143438
vn -0.02857395 0.83142295 0.55490486
vn -0.06619069 0.84668351 0.52796385
vn -0.55543737 0.74414258 -0.37113495
vn -0.59542765 0.79442391 -0.11981891
vn -0.58207496 0.80773577 -0.09355037
vn -0.50214437 0.86410507 -0.03425584
vn -0.28539070 0.92922396 0.23472322
vn -0.05813119 0.87120759 0.48746088
vn -0.40060034 -0.75260505 -0.52259450
vn -0.21192247 -0.74704063 -0.63009457
vn -0.16214891 -0.66541364 -0.72865109
vn -0.56585222 -0.82289722 -0.05149197
vn -0.30967948 -0.94733863 -0.08153609
vn -0.52978615 -0.75945980 0.37755456
vn -0.29412943 -0.83597077 0.46329337
vn -0.24002999 -0.76851575 0.59310130
vn -0.08343052 -0.71814388 -0.69087532
vn -0.03608703 -0.72694644 -0.68574528
vn -0.17944616 -0.79418969 0.58057025
vn -0.13653873 -0.77330298 0.61916046
vn 0.00746728 -0.77176027 -0.63586974
vn 0.02735360 -0.79368758 -0.60771030
vn -0.11510943 -0.78947922 0.60288670
vn -0.18769895 -0.75284882 0.63086271
vn -0.09748177 -0.77222525 0.62782598
vn -0.09595123 -0.73785529 0.66810399
vn 0.22471285 -0.68336674 -0.69463230
vn 0.10429525 -0.72303404 -0.68289404
vn 0.06142877 -0.79700067 -0.60084644
vn -0.21474082 -0.61731855 0.75683828
vn -0.10917966 -0.67667667 0.72814043
vn -0.11309260 -0.60097462 0.79122662
vn 0.10813763 -0.57531364 -0.81075303
vn 0.15795014 -0.44155419 -0.88322231
vn -0.12314715 -0.52549430 0.84183758
vn 0.36754914 -0.12866167 -0.92106124
vn 0.18934926 -0.16428249 -0.96806927
vn -0.12405625 -0.47595256 0.87067744
vn -0.23518803 -0.44592522 0.86361872
vn -0.11848218 -0.43570182 0.89225887
vn 0.32579961 0.26199906 -0.90841131
vn 0.17173118 0.26589622 -0.94858189
vn -0.11710077 -0.39043072 0.91315457
vn 0.14575289 0.57573189 -0.80454266
vn -0.11217206 -0.35800382 0.92695776
vn -0.21689281 -0.32761998 0.91957743
vn -0.10782200 -0.31748798 0.94211241
vn 0.13050133 0.58305270 -0.80188463
vn 0.10438822 0.42785578 -0.89779872
vn -0.10375677 -0.25350678 0.96175301
vn 0.04835144 0.17641648 -0.98312734
vn -0.09806004 -0.20005338 0.97486557
vn -0.02022907 -0.10568817 -0.99419354
vn -0.09300746 -0.16548027 0.98181765
vn -0.05765562 -0.29391629 -0.95409069
vn -0.08901702 -0.14700571 0.98512197
vn -0.05857160 -0.35186828 -0.93421522
vn -0.08607258 -0.13938745 0.98649007
vn -0.16857729 -0.13562796 0.97631284
vn -0.08271754 -0.13176577 0.98782366
vn -0.04964006 -0.33600573 -0.94055091
vn -0.04593806 -0.29823789 -0.95338547
vn -0.08349422 -0.11591987 0.98974305
vn -0.04743011 -0.26588790 -0.96283644
vn 0.19738571 0.92789529 0.31630556
vn 0.10063496 0.90609363 0.41093422
vn 0.10140145 0.94342923 0.31568820
vn 0.10422792 0.98394762 0.14485726
vn 0.10448176 0.99316761 -0.05197747
vn 0.10378590 0.96438869 -0.24327546
vn 0.20795591 0.94559499 -0.25020881
vn 0.10716504 0.93044728 -0.35040478
vn -0.08551940 -0.08009766 0.99311167
vn -0.06005321 -0.23584608 -0.96993311
vn 0.10044818 0.74409716 0.66047679
vn 0.10080708 0.85150535 0.51456446
vn 0.10419975 0.88660941 -0.45062864
vn 0.10078632 0.80173207 -0.58912461
vn 0.20580382 0.74636969 -0.63291159
vn 0.10650560 0.70440091 -0.70176628
vn -0.08690280 -0.02251431 0.99596235
vn -0.06913411 -0.13384679 -0.98858763
vn 0.09876600 0.54240995 0.83428815
vn 0.10250810 0.67645271 0.72931737
vn 0.10245003 0.64762812 -0.75503762
vn 0.20378267 0.54646817 -0.81230854
vn 0.10591818 0.56584986 -0.81767675
vn -0.08473540 0.03399306 0.99582347
vn -0.01786996 0.04640409 -0.99876290
vn 0.24859385 0.37449160 0.89328447
vn 0.15768236 0.47701419 0.86463503
vn 0.12062958 0.51006261 0.85163645
vn 0.09572007 0.35091952 -0.93150049
vn -0.07839746 0.06308442 0.99492422
vn 0.08272147 0.14585478 -0.98584154
vn 0.16355903 0.15059515 0.97497156
vn 0.09022832 0.11815198 -0.98888774
vn -0.06899760 0.06644729 0.99540147
vn 0.30406556 -0.09081047 -0.94831302
vn 0.17449519 0.00022611 -0.98465800
vn 0.18441945 -0.16358742 0.96913808
vn 0.09272549 -0.09558788 -0.99109280
vn -0.05640673 0.06493007 0.99629432
vn 0.37761070 -0.06997481 -0.92331668
vn 0.22994747 -0.06164579 -0.97124866
vn 0.31890683 -0.39680032 0.86072524
vn 0.20309389 -0.50709319 0.83762125
vn 0.09709194 -0.33395120 -0.93757653
vn -0.04296356 0.03835740 0.99834004
vn 0.38975080 0.02600141 -0.92055323
vn 0.22858444 0.01148064 -0.97345639
vn 0.15187789 -0.52328113 0.83851653
vn 0.12535397 -0.53863799 0.83315995
vn 0.19955085 -0.55259526 -0.80920822
vn 0.10330809 -0.56872062 -0.81601734
vn -0.03952638 -0.09384392 0.99480198
vn 0.36854414 0.23837636 -0.89852765
vn 0.18169383 0.21051075 -0.96055847
vn 0.12366247 -0.66770202 0.73408555
vn 0.11875825 -0.72499950 0.67843364
vn 0.19844141 -0.75091587 -0.62987806
vn 0.10006138 -0.69814368 -0.70893097
vn 0.09743720 -0.64756355 -0.75575621
vn -0.05941330 -0.36431889 0.92937711
vn 0.13260125 0.38311933 -0.91413155
vn 0.11237759 -0.83559037 0.53773600
vn 0.22500757 -0.90104946 0.37078494
vn 0.11802228 -0.88291009 0.45446728
vn 0.09512706 -0.88433616 -0.45705624
vn 0.10220638 -0.92225439 -0.37282797
vn 0.09793959 -0.79168329 -0.60303019
vn -0.08237108 -0.59755807 0.79758345
vn 0.08817218 0.51046385 -0.85536678
vn 0.06726420 0.62097421 -0.78093954
vn 0.11927657 -0.92006687 0.37316225
vn 0.11303783 -0.97980045 0.16496520
vn 0.10846713 -0.99263669 -0.05391914
vn 0.10696875 -0.95546542 -0.27503366
vn -0.08065662 -0.70471526 0.70489071
vn -0.21171270 -0.79655826 0.56627967
vn -0.09038051 -0.78914262 0.60752390
vn -0.08974143 -0.80727195 0.58331679
vn 0.01259066 0.72517086 -0.68845385
vn -0.00475783 0.77014630 -0.63784955
vn -0.08906666 -0.79697929 0.59740366
vn -0.09281244 -0.78776223 0.60894706
vn -0.02574424 0.81126778 -0.58410772
vn -0.03980306 0.81229769 -0.58188330
vn -0.08630952 -0.77497155 0.62607488
vn -0.10156168 -0.75660683 0.64593447
vn -0.04660573 0.85831226 -0.51100682
vn -0.05545209 0.95584416 -0.28859489
vn -0.06161900 0.99025807 -0.12486817
vn -0.11667853 0.97827274 -0.17137260
vn -0.08415513 0.98934331 -0.11881802
vn -0.10135599 -0.72798510 0.67805947
vn -0.10852846 -0.67962224 0.72548962
vn -0.12104054 0.94390937 -0.30722026
vn -0.20320216 0.73489010 -0.64702815
vn -0.23431696 0.42955858 -0.87210950
vn -0.09126977 -0.63398464 0.76794095
vn -0.02995404 -0.48057206 0.87644352
vn -0.22319299 -0.06313593 -0.97272748
vn 0.26263925 0.61720383 0.74167382
vn 0.25313057 0.88772725 0.38453250
vn 0.25924563 0.96447563 -0.05077862
vn 0.25737720 0.83795511 -0.48123613
vn 0.58174502 0.60828828 -0.53996121
vn 0.27401906 0.54029375 -0.79561060
vn 0.13870894 -0.31073200 0.94032200
vn 0.06716333 -0.26459605 0.96201768
vn -0.16258350 -0.37583986 -0.91231080
vn 0.53064610 0.15371389 0.83353869
vn 0.24260851 0.13832159 0.96021261
vn 0.26415605 0.43210222 0.86226983
vn 0.27208890 0.37465661 -0.88634082
vn 0.48817725 0.13371572 -0.86244019
vn 0.24904937 0.12712240 -0.96011161
vn 0.08446766 -0.12716106 0.98827895
vn 0.05811635 -0.07537912 0.99545993
vn -0.13818008 -0.42735733 -0.89346067
vn -0.13321191 -0.29270193 -0.94687917
vn 0.49951051 -0.34705641 0.79375128
vn 0.23504725 -0.31019827 0.92115679
vn 0.23416593 -0.08645503 -0.96834490
vn 0.26982198 -0.31694814 -0.90925243
vn -0.00157078 -0.00387797 0.99999125
vn -0.12760006 -0.06374044 -0.98977542
vn 0.25633216 -0.58233979 0.77147534
vn 0.52702955 -0.74780946 0.40375843
vn 0.26143266 -0.70862996 0.65535986
vn 0.59435662 -0.80128057 -0.06848109
vn 0.51184336 -0.71011872 -0.48347470
vn 0.24828375 -0.65644597 -0.71234392
vn -0.07928037 0.22231810 0.97174548
vn -0.05986864 0.14200644 0.98805360
vn -0.12493827 0.07147295 -0.98958681
vn 0.24448923 -0.89891598 0.36355890
vn 0.26296009 -0.96343502 -0.05142912
vn 0.24595260 -0.86159683 -0.44402502
vn -0.11097518 0.46220779 0.87980024
vn -0.08039693 0.27573713 0.95786501
vn -0.12357083 0.18897661 -0.97417560
vn -0.11033701 0.63726716 0.76270329
vn -0.11249014 0.60658045 0.78702358
vn -0.29764524 0.46747769 -0.83238929
vn -0.12177095 0.37947500 -0.91715351
vn -0.21347215 0.65087120 0.72855770
vn -0.09853682 0.65561655 0.74863705
vn -0.14695960 0.57177567 -0.80714029
vn -0.35091028 0.68807871 -0.63514538
vn -0.17000215 0.68618407 -0.70728402
vn -0.02364463 0.85403372 0.51968004
vn -0.04034270 0.79887171 0.60014702
vn -0.08114409 0.70232940 0.70721216
vn -0.15654501 0.75750005 -0.63378808
vn -0.44069025 0.68960548 -0.57466198
vn -0.19873748 0.71746047 -0.66764803
vn 0.02658084 0.83838473 0.54443044
vn 0.02644488 0.87216842 0.48849045
vn -0.22663924 0.70694765 -0.66996990
vn -0.67280901 0.60169936 -0.43044852
vn -0.31889639 0.63714614 -0.70167648
vn -0.73543891 0.66150801 -0.14675410
vn -0.74504476 0.66203307 -0.08136653
vn -0.64426603 0.74853199 0.15691126
vn -0.31952248 0.82196984 0.47145622
vn -0.15032499 0.86782141 0.47359096
vn 0.00553468 0.81721739 0.57630297
vn -0.40371164 0.68167647 -0.61019186
vn -0.46057024 0.84510496 -0.27142707
vn -0.48278149 0.87344992 -0.06330302
vn -0.41055111 0.86129805 0.29935507
vn -0.90003260 0.34290566 -0.26899261
vn -0.32052591 -0.87635573 -0.35953273
vn -0.29812395 0.21780497 -0.92934553
vn -0.90760289 0.41973812 -0.00876929
vn -0.41576825 -0.90573311 -0.08236685
vn -0.90346799 0.42805468 -0.02268895
vn -0.46859914 -0.88341087 0.00029354
vn -0.92815590 0.31580937 0.19695446
vn -0.39711402 -0.87087865 0.28960461
vn -0.37241322 0.25732680 0.89167893
vn -0.04933764 0.99803413 -0.03864798
vn -0.06518026 0.99784331 -0.00776307
vn -0.06772567 0.99769652 -0.00385857
vn -0.05012840 0.99804726 0.03726665
vn 0.23229597 -0.75771334 -0.60984349
vn 0.15275123 -0.66797991 -0.72833364
vn 0.30516778 -0.94841647 -0.08590005
vn 0.28779481 -0.83290510 0.47269784
vn 0.24122154 -0.76439238 0.59792681
vn 0.07221839 -0.72015792 -0.69004136
vn 0.03864982 -0.71632392 -0.69669666
vn 0.18373705 -0.79060613 0.58410841
vn 0.12503871 -0.78355833 0.60860633
vn -0.01154073 -0.78268998 -0.62230475
vn -0.03711083 -0.78484975 -0.61857389
vn 0.10025683 -0.78873005 0.60650925
vn 0.07829609 -0.78072426 0.61995109
vn 0.07521179 -0.74584697 0.66185760
vn -0.05900872 -0.79809629 -0.59963346
vn -0.10000020 -0.72029065 -0.68642650
vn 0.08048642 -0.68215067 0.72676846
vn 0.08382299 -0.60307394 0.79326889
vn -0.11934843 -0.58177506 -0.80454567
vn -0.15320684 -0.42308794 -0.89304214
vn 0.09865185 -0.52467506 0.84556720
vn -0.15760726 -0.16088971 -0.97430717
vn 0.10310859 -0.47541726 0.87369734
vn 0.10030417 -0.43453830 0.89505058
vn -0.14127352 0.26559036 -0.95367896
vn 0.10210685 -0.38973911 0.91524730
vn -0.11964484 0.57956304 -0.80609664
vn 0.09822384 -0.35707523 0.92889685
vn 0.09615460 -0.31678134 0.94361214
vn -0.10814143 0.58784429 -0.80171349
vn -0.09644558 0.41439312 -0.90497326
vn 0.09515207 -0.25122187 0.96324122
vn -0.06405153 0.16516398 -0.98418406
vn 0.09232884 -0.19941884 0.97555498
vn -0.01152903 -0.10779993 -0.99410576
vn 0.08858573 -0.16490313 0.98232353
vn 0.02840215 -0.28967437 -0.95670376
vn 0.08517498 -0.14719973 0.98543263
vn 0.04282700 -0.34737142 -0.93674914
vn 0.08109973 -0.13879957 0.98699418
vn 0.07936984 -0.13214208 0.98804802
vn 0.04306490 -0.33390195 -0.94162355
vn 0.04117263 -0.29645197 -0.95415986
vn 0.07834996 -0.11724090 0.99000801
vn 0.04168419 -0.26990896 -0.96198315
vn -0.09273017 0.90551698 0.41405329
vn -0.08781933 0.94458953 0.31628844
vn -0.09019221 0.98530342 0.14506043
vn -0.09131453 0.99440783 -0.05305391
vn -0.09130359 0.96578901 -0.24272464
vn -0.09284791 0.93191490 -0.35059077
vn 0.07668771 -0.08223673 0.99365795
vn 0.03933612 -0.24593240 -0.96848847
vn -0.08630089 0.74299762 0.66370679
vn -0.08571752 0.85387547 0.51337042
vn -0.09015216 0.88783374 -0.45124698
vn -0.08844877 0.80281687 -0.58962860
vn -0.09610362 0.70352579 -0.70414171
vn 0.07429372 -0.02340426 0.99696173
vn 0.03518472 -0.13128453 -0.99072015
vn -0.08233109 0.54015638 0.83752772
vn -0.08704167 0.67978765 0.72822558
vn -0.09293110 0.64881444 -0.75525071
vn -0.09081968 0.56553637 -0.81970751
vn 0.07247446 0.03607236 0.99671773
vn 0.01777288 0.07883933 -0.99672889
vn -0.13485553 0.47823080 0.86781870
vn -0.10262498 0.50881215 0.85473874
vn -0.08574099 0.34686483 -0.93398783
vn 0.07228344 0.06740837 0.99510362
vn -0.04635225 0.13809080 -0.98933432
vn -0.12652910 0.16025115 0.97893307
vn -0.08095407 0.12081591 -0.98936846
vn 0.07132442 0.06921345 0.99504891
vn -0.14854901 -0.00433806 -0.98889553
vn -0.14356670 -0.16870082 0.97515570
vn -0.07748046 -0.09240163 -0.99270273
vn 0.06147352 0.05982750 0.99631405
vn -0.21579523 -0.05776864 -0.97472827
vn -0.17071866 -0.50910546 0.84360344
vn -0.08063267 -0.33630449 -0.93829508
vn 0.03344684 0.02072086 0.99922568
vn -0.21896844 0.00694082 -0.97570725
vn -0.13627718 -0.52728668 0.83868784
vn -0.10975305 -0.53891087 0.83518222
vn -0.09027235 -0.56734942 -0.81851423
vn -0.00265790 -0.11861691 0.99293654
vn -0.19372681 0.19835877 -0.96079328
vn -0.10812476 -0.66859017 0.73572836
vn -0.10337203 -0.72615601 0.67971441
vn -0.08813741 -0.64883056 -0.75581128
vn -0.09062337 -0.69619172 -0.71211270
vn -0.00856478 -0.37939073 0.92519691
vn -0.13416524 0.40187106 -0.90581419
vn -0.09785872 -0.83704167 0.53831674
vn -0.09928590 -0.88567097 0.45357385
vn -0.08251543 -0.88578930 -0.45669302
vn -0.08949207 -0.92340932 -0.37323772
vn -0.08481002 -0.79287729 -0.60345080
vn 0.04782444 -0.57679020 0.81549119
vn -0.07732799 0.49833050 -0.86353176
vn -0.07723210 0.62255614 -0.77875481
vn -0.10472039 -0.92193228 0.37292696
vn -0.09646271 -0.98133570 0.16635861
vn -0.09390877 -0.99393658 -0.05719464
vn -0.09456597 -0.95711721 -0.27383193
vn 0.06602703 -0.68962493 0.72115039
vn 0.11833593 -0.75825488 0.64112881
vn 0.13748670 -0.78418912 0.60509903
vn -0.02207287 0.72372290 -0.68973760
vn -0.00087275 0.77294873 -0.63446788
vn 0.15622450 -0.78798690 0.59554223
vn 0.15820750 -0.78870317 0.59406876
vn 0.01382569 0.80492088 -0.59322105
vn 0.02058765 0.81324177 -0.58156167
vn 0.12492995 -0.79228106 0.59722963
vn 0.06507022 -0.79535025 0.60264736
vn 0.02838033 0.85642556 -0.51548988
vn 0.02844867 0.95339356 -0.30038541
vn -0.05364761 0.98858058 -0.14082032
vn 0.01767859 0.98833654 -0.15125594
vn 0.02986118 -0.75270606 0.65767917
vn -0.05214347 -0.70336505 0.70891372
vn 0.01482054 0.98994308 -0.14068778
vn 0.07925645 0.94004418 -0.33171579
vn 0.12871486 0.72587362 -0.67567742
vn 0.15594398 0.46108323 -0.87354664
vn -0.06384087 -0.59883029 0.79832739
vn -0.03983019 -0.43199216 0.90099741
vn 0.18223687 -0.04516852 -0.98221664
vn -0.17977384 0.62191747 0.76216798
vn -0.16439074 0.90519593 0.39191326
vn -0.18200397 0.98113801 -0.06513649
vn -0.19405543 0.85897243 -0.47382365
vn -0.18528238 0.55620645 -0.81012643
vn -0.00043841 -0.21681507 0.97621260
vn 0.15572688 -0.36148212 -0.91928223
vn -0.17449444 0.14013459 0.97463531
vn -0.19190269 0.44107887 0.87671135
vn -0.18217349 0.37470050 -0.90907225
vn -0.17499711 0.12937704 -0.97603155
vn 0.03938798 -0.12318896 0.99160126
vn -0.00947542 -0.13870037 0.99028906
vn 0.13711922 -0.42204386 -0.89614580
vn 0.13059325 -0.28250588 -0.95033459
vn -0.16771474 -0.31170477 0.93526034
vn 0.04618054 -0.33386482 -0.94148905
vn -0.16989890 -0.28059653 -0.94466923
vn -0.01291810 -0.11473617 0.99331200
vn -0.05694014 -0.05475266 0.99687510
vn 0.11689608 -0.06956774 -0.99070462
vn -0.18192221 -0.59249118 0.78476653
vn -0.18791263 -0.71916858 0.66894350
vn -0.17649221 -0.51551965 -0.83850461
vn -0.18834275 -0.65411388 -0.73257221
vn -0.07320483 0.13618740 0.98797472
vn 0.10414697 0.07008584 -0.99208940
vn -0.17402727 -0.91271781 0.36967650
vn -0.18325895 -0.98175401 -0.05074660
vn -0.17316789 -0.87624748 -0.44967013
vn 0.05568372 0.47363633 0.87895844
vn -0.01984873 0.34717805 0.93758916
vn 0.10882003 0.20103744 -0.97352049
vn 0.13745238 0.64433567 0.75228877
vn 0.12282088 0.63686242 0.76113159
vn 0.13243760 0.40941347 -0.90268538
vn 0.13452350 0.65472771 0.74379772
vn 0.15848396 0.58991467 -0.79175976
vn 0.20043791 0.70331911 -0.68203143
vn 0.03741092 0.85592159 0.51575057
vn 0.04833210 0.78835015 0.61332540
vn 0.11718473 0.69260132 0.71173812
vn 0.20013444 0.75099014 -0.62925354
vn 0.22183046 0.70554014 -0.67305598
vn -0.06652190 0.83466155 0.54673114
vn -0.03315748 0.85616556 0.51563660
vn 0.25773423 0.68922080 -0.67716154
vn 0.30352242 0.82577722 -0.47535894
vn 0.03921036 0.81725089 -0.57494655
vn 0.38005989 0.84301872 -0.38062306
vn 0.26439007 0.83850691 0.47644943
vn 0.07203723 0.88742030 0.45529754
vn -0.07224723 0.79651786 0.60028296
vn 0.46607235 0.83567868 -0.29054725
vn 0.45906666 0.88565007 -0.06986958
vn 0.36211418 0.89090704 0.27414954
vn 0.49215195 -0.79950991 -0.34434049
vn 0.48998848 0.25956087 -0.83218955
vn 0.56430428 -0.81840645 -0.10849685
vn 0.54187044 -0.83868110 -0.05468498
vn 0.42175669 -0.86005890 0.28708882
vn 0.40043971 0.25529743 0.88004049
vn 0.07257415 0.99641789 -0.04340948
vn 0.08920573 0.99597677 -0.00852114
vn 0.09038883 0.99590310 -0.00262249
vn 0.06269844 0.99758111 0.03001393
vn 0.38384471 -0.78623455 -0.48425041
vn 0.53981591 -0.84126916 -0.02941055
vn 0.51454714 -0.76357901 0.39011324
vn 0.23802459 -0.79212367 -0.56203594
vn 0.15818731 -0.76654686 -0.62240074
vn 0.44303525 -0.81847599 -0.36580981
vn 0.58597402 -0.81032433 -0.00298737
vn 0.54770131 -0.77964781 0.30359934
vn 0.42965880 -0.76421887 0.48100192
vn 0.37889581 -0.76810341 0.51619291
vn 0.00877747 -0.84406460 -0.53616966
vn -0.08184809 -0.81597632 -0.57226178
vn 0.32627342 -0.77959945 0.53457492
vn 0.15971040 -0.75428598 0.63682434
vn 0.29631071 -0.74907336 0.59252769
vn -0.14312353 -0.83471381 -0.53175982
vn -0.25879899 -0.73477127 -0.62700420
vn 0.29184861 -0.71240972 0.63819808
vn 0.18682913 -0.62770456 0.75569958
vn 0.31097097 -0.62587723 0.71524454
vn -0.28378373 -0.61877602 -0.73251828
vn -0.41733056 -0.42047315 -0.80562866
vn 0.32059598 -0.55800696 0.76540607
vn 0.31542459 -0.49164359 0.81166121
vn -0.35347033 -0.13763614 -0.92526484
vn -0.51287458 -0.28145520 -0.81101334
vn -0.52662638 -0.11832948 -0.84182112
vn 0.32103654 -0.44376564 0.83666457
vn 0.31552984 -0.40790074 0.85677179
vn -0.30769166 0.25380853 -0.91700985
vn -0.43650710 0.29706661 -0.84924259
vn 0.32636646 -0.37448957 0.86789544
vn -0.35336237 0.49119657 -0.79615386
vn -0.31499916 0.55607838 -0.76912442
vn 0.20735624 -0.32236285 0.92362632
vn 0.32306092 -0.32577671 0.88853879
vn -0.24993523 0.56766163 -0.78440593
vn -0.18503217 0.48923746 -0.85229678
vn 0.30628852 -0.28870048 0.90710494
vn 0.29218405 -0.25064703 0.92293258
vn -0.02311724 0.24814059 -0.96844816
vn 0.28474663 -0.19942717 0.93762901
vn 0.14401291 0.00025069 -0.98957578
vn 0.27485999 -0.16713681 0.94684596
vn 0.22957730 -0.25342082 -0.93971919
vn 0.26554174 -0.14802942 0.95266724
vn 0.20833020 -0.33921403 -0.91735073
vn 0.16782427 -0.13459000 0.97658617
vn 0.26072764 -0.13820884 0.95546817
vn 0.18627056 -0.33232530 -0.92458811
vn 0.16800371 -0.28872322 -0.94255698
vn 0.24494253 -0.13017709 0.96075860
vn 0.23806324 -0.11639586 0.96424991
vn 0.17478337 -0.26508456 -0.94825152
vn -0.18701231 0.92321453 0.33571017
vn -0.27409604 0.93100226 0.24105217
vn -0.27019663 0.95255985 0.14008399
vn -0.27293455 0.96055411 -0.05331533
vn -0.26450058 0.93472230 -0.23734712
vn -0.27422880 0.90056608 -0.33731186
vn 0.23722600 -0.08311170 0.96789270
vn 0.17925255 -0.24193550 -0.95359097
vn -0.28076480 0.72811044 0.62532097
vn -0.27438860 0.82340811 0.49669909
vn -0.27820512 0.89995043 0.33569501
vn -0.28031029 0.85222518 -0.44174470
vn -0.19100437 0.73815687 -0.64702532
vn -0.28661647 0.76199866 -0.58069702
vn 0.23290529 -0.02764528 0.97210641
vn 0.18070729 -0.14779398 -0.97236918
vn -0.28149394 0.54913351 0.78690123
vn -0.28493847 0.66573018 0.68964729
vn -0.28529500 0.68434090 -0.67103226
vn -0.19425302 0.58126547 -0.79018746
vn -0.26972313 0.55514777 -0.78680391
vn 0.22418292 0.03053708 0.97406853
vn 0.13798205 -0.00627118 -0.99041488
vn -0.23084561 0.36798851 0.90071903
vn -0.25534923 0.29819378 0.91971585
vn -0.28571350 0.46743409 -0.83658422
vn -0.28620406 0.36089330 -0.88760535
vn 0.21467892 0.06221460 0.97470114
vn -0.00696858 -0.02603366 -0.99963678
vn -0.42936202 0.14905069 0.89074808
vn -0.33480982 0.26706730 0.90364675
vn -0.26665768 0.12676152 -0.95541886
vn 0.20626036 0.05974060 0.97667176
vn -0.25174766 -0.07833277 -0.96461759
vn -0.19943672 -0.11621711 -0.97299465
vn -0.15269653 -0.06414604 -0.98618916
vn -0.46387217 -0.21183553 0.86020249
vn -0.26823327 -0.09612371 -0.95854637
vn 0.19458640 0.03580937 0.98023151
vn -0.34260716 -0.06899908 -0.93694155
vn -0.32139020 -0.12057372 -0.93923922
vn -0.37100494 -0.30766106 0.87618492
vn -0.29901068 -0.42127108 0.85622619
vn -0.30795728 -0.32972204 0.89243806
vn -0.28721000 -0.35176164 -0.89094005
vn 0.17965985 -0.01277906 0.98364579
vn -0.38826401 0.01056376 -0.92148764
vn -0.46148910 -0.03267795 -0.88654383
vn -0.33282497 -0.53939585 0.77348539
vn -0.19113045 -0.57036413 -0.79884536
vn -0.28288149 -0.46270824 -0.84016615
vn -0.25847984 -0.54717939 -0.79610482
vn 0.19653112 -0.11685113 0.97350980
vn -0.38210361 0.21209734 -0.89945069
vn -0.49407779 0.21285853 -0.84295811
vn -0.32454371 -0.63640238 0.69975952
vn -0.31539862 -0.69483742 0.64631623
vn -0.18403726 -0.71911360 -0.67007903
vn -0.27291099 -0.68692221 -0.67354100
vn -0.27993542 -0.75249111 -0.59614872
vn 0.29046146 -0.29719381 0.90956472
vn -0.41425847 0.34590885 -0.84186518
vn -0.34812394 0.47157022 -0.81020445
vn -0.30440317 -0.78998084 0.53223021
vn -0.20889065 -0.91270664 0.35118555
vn -0.29297498 -0.88796365 0.35452252
vn -0.30030931 -0.91271436 0.27706824
vn -0.26524598 -0.85156449 -0.45219739
vn -0.26559609 -0.89322378 -0.36278092
vn 0.38071224 -0.47754923 0.79183643
vn -0.14147798 0.61645041 -0.77457916
vn -0.16390882 0.63885023 -0.75166767
vn -0.31159775 -0.93398759 0.17485429
vn -0.30167694 -0.95198567 -0.05209898
vn -0.28561481 -0.91945093 -0.27024835
vn 0.38966708 -0.59441598 0.70344098
vn 0.26062079 -0.72489214 0.63765836
vn 0.43454649 -0.64411711 0.62950972
vn -0.09899707 0.74002940 -0.66524888
vn 0.00598139 0.76481153 -0.64422632
vn 0.02245047 0.80431919 -0.59377321
vn 0.41189632 -0.71111124 0.56979139
vn 0.28688020 -0.75674927 0.58739279
vn 0.40669073 -0.73267226 0.54570506
vn 0.06407475 0.81720362 -0.57277628
vn 0.09304177 0.82488911 -0.55758514
vn 0.36704422 -0.76396578 0.53069277
vn 0.28786740 -0.80725979 0.51523198
vn 0.25348642 -0.81630581 0.51902742
vn 0.12018275 0.85969709 -0.49646451
vn 0.17066734 0.94265401 -0.28683805
vn 0.22059752 0.97188061 -0.08237004
vn 0.10231594 0.98598266 -0.13179394
vn 0.31987760 0.93514007 -0.15228716
vn 0.18559563 0.95270859 -0.24062544
vn 0.39685300 0.86698845 -0.30139463
vn 0.18710095 -0.80843597 0.55805423
vn 0.05751427 -0.77499857 0.62934039
vn 0.45791355 0.71526098 -0.52793647
vn 0.55244772 0.41149901 -0.72489315
vn 0.02152889 -0.63632372 0.77112167
vn -0.06366130 -0.44237396 0.89456834
vn 0.55067155 -0.07880723 -0.83099354
vn -0.52429098 0.55629019 0.64471714
vn -0.50232057 0.78857989 0.35470523
vn -0.53374934 0.84120885 -0.08648303
vn -0.52323793 0.71654152 -0.46129202
vn -0.53264628 0.49967492 -0.68309071
vn -0.11354160 -0.22062736 0.96872694
vn 0.45601714 -0.36884986 -0.80993713
vn -0.46011146 0.15977151 0.87336734
vn -0.62183768 0.14516005 0.76957551
vn -0.42207938 0.13255762 -0.89681518
vn -0.58140319 0.14126443 -0.80125819
vn -0.11335792 -0.15430283 0.98149917
vn -0.06369178 -0.13913687 0.98822279
vn -0.12026690 -0.14074059 0.98271459
vn 0.41302566 -0.42400172 -0.80599773
vn 0.39501695 -0.29496532 -0.87003280
vn -0.43155834 -0.34557580 0.83326753
vn -0.60244918 -0.34744617 0.71856534
vn -0.41334669 -0.30333218 -0.85856514
vn -0.55872580 -0.30486613 -0.77128602
vn -0.12658807 -0.06571286 0.98977638
vn 0.34562376 -0.09606712 -0.93344273
vn -0.46269746 -0.78186745 0.41784489
vn -0.62532136 -0.66036769 0.41579769
vn -0.63274498 -0.75078990 0.18960041
vn -0.44385781 -0.72943724 -0.52049164
vn -0.60547885 -0.60449680 -0.51766686
vn -0.58176132 -0.75196245 -0.31001008
vn -0.01693492 0.26123973 0.96512539
vn 0.32770936 0.06111899 -0.94279958
vn -0.52112873 -0.85187258 -0.05232547
vn 0.23731471 0.56670122 0.78900662
vn 0.09601030 0.52641597 0.84478888
vn 0.32146873 0.21069114 -0.92318314
vn 0.31368046 0.63735637 0.70383338
vn 0.29220989 0.67048111 0.68195928
vn 0.37631839 0.35358465 -0.85636579
vn 0.28510662 0.46418175 -0.83859973
vn 0.36746604 0.53013797 -0.76414818
vn 0.24894897 0.64618166 0.72143862
vn 0.31456448 0.63538328 0.70522143
vn 0.31431213 0.63157496 0.70874604
vn 0.35607976 0.67839834 -0.64263746
vn 0.33950743 0.71467688 -0.61153223
vn 0.35355618 0.71118998 -0.60762393
vn 0.16103642 0.77970644 0.60508275
vn 0.23435604 0.69286070 0.68192470
vn 0.37357206 0.75222587 -0.54277081
vn 0.41074406 0.70145108 -0.58245661
vn 0.42517207 0.73927346 -0.52221018
vn -0.01852560 0.82539169 0.56425647
vn 0.03352397 0.80217453 0.59614777
vn 0.52070371 0.76204910 -0.38490104
vn 0.58645375 0.79766239 -0.14073627
vn 0.72313233 0.66830559 -0.17449147
vn 0.58748789 0.79912704 -0.12749103
vn 0.70913577 0.69774476 -0.10138394
vn 0.48008237 0.87502904 -0.06200880
vn 0.59166975 0.79314702 0.14437695
vn 0.22383839 0.95596696 0.18979867
vn -0.00571661 0.82911955 0.55904212
vn 0.90113581 0.36413765 -0.23528287
vn 0.89626205 0.44081952 -0.04891304
vn 0.87809377 0.47278042 -0.07368862
vn 0.91233110 0.36608273 0.18339958
vn 0.28002465 -0.85300685 -0.44041515
vn 0.43301765 -0.86185761 -0.26400221
vn 0.55196047 -0.81593440 -0.17201948
vn 0.66426256 -0.74493829 0.06182394
vn 0.62695497 -0.73977611 0.24425146
vn 0.64489648 -0.74635818 0.16449316
vn 0.55147183 -0.73047640 0.40284371
vn 0.11036049 -0.92338456 -0.36767038
vn -0.02544092 -0.89241152 -0.45050465
vn 0.32637714 -0.88685561 -0.32705518
vn 0.61609921 -0.75599828 0.22110715
vn 0.57288811 -0.74957675 0.33156283
vn 0.44532094 -0.74548251 0.49592852
vn 0.55405465 -0.73384128 0.39306541
vn -0.35462428 -0.70095888 -0.61878774
vn -0.28608012 -0.87554996 -0.38932049
vn -0.50090098 -0.70127608 -0.50725741
vn -0.09143199 -0.90441472 -0.41674236
vn 0.54616572 -0.68974697 0.47534422
vn 0.50417268 -0.63435035 0.58601156
vn 0.51185938 -0.54430341 0.66463055
vn -0.59964661 -0.41455755 -0.68451880
vn -0.62280816 -0.55304047 -0.55340423
vn -0.69849516 -0.34281643 -0.62815716
vn 0.45134659 -0.48662653 0.74798454
vn 0.55270860 -0.46957410 0.68848629
vn -0.64697675 -0.00122651 -0.76250874
vn 0.55250855 -0.41376352 0.72355653
vn 0.42914357 -0.39827700 0.81068565
vn 0.54313492 -0.37940347 0.74903769
vn -0.52456252 0.34639081 -0.77771946
vn 0.45708587 -0.36117540 0.81278831
vn 0.56386545 -0.35276874 0.74673286
vn -0.42967716 0.52016332 -0.73811087
vn -0.36766915 0.59925393 -0.71113580
vn 0.53830804 -0.33206692 0.77456828
vn 0.52304513 -0.30708399 0.79506177
vn -0.30297337 0.56552399 -0.76706567
vn -0.24520753 0.66611185 -0.70439213
vn 0.40951683 -0.25995162 0.87448335
vn 0.52338623 -0.25966324 0.81156753
vn -0.15450384 0.66128709 -0.73404900
vn 0.17667957 0.46846503 -0.86563552
vn 0.50109807 -0.23666358 0.83240079
vn 0.45828177 -0.20309024 0.86529311
vn 0.30890535 0.37013101 -0.87611673
vn 0.33398583 0.10960329 -0.93618405
vn 0.39311033 0.16166428 -0.90516790
vn 0.44268736 -0.17195579 0.88003358
vn 0.39777606 -0.23937105 -0.88570634
vn 0.44764445 -0.20519292 -0.87035068
vn 0.43424558 -0.14816539 0.88852563
vn 0.45318899 -0.34689646 -0.82114712
vn 0.41658946 -0.34913074 -0.83938129
vn 0.43033372 -0.13347324 0.89274732
vn 0.27707441 -0.31355094 -0.90824863
vn 0.40179779 -0.31655025 -0.85927555
vn 0.33050362 -0.11914843 0.93625371
vn 0.43102423 -0.11689685 0.89473641
vn 0.39005207 -0.28251106 -0.87638284
vn 0.35743507 -0.25182328 -0.89934710
vn -0.37121842 0.91764782 0.14184272
vn -0.37861617 0.92385490 -0.05605291
vn -0.36243070 0.89887445 -0.24631018
vn 0.33732253 -0.08683574 0.93737563
vn 0.43679416 -0.08546307 0.89549256
vn 0.35942784 -0.22510509 -0.90561544
vn -0.39345979 0.75132516 0.52981119
vn -0.48334587 0.74588809 0.45828781
vn -0.45455904 0.82999904 0.32323005
vn -0.47481123 0.86903893 0.13901663
vn -0.47799885 0.87664854 -0.05481278
vn -0.46537402 0.85082709 -0.24396779
vn -0.43023034 0.79790293 -0.42219991
vn -0.44181861 0.72342385 -0.53052261
vn 0.34349484 -0.03431846 0.93852732
vn 0.44259005 -0.03408422 0.89607607
vn 0.36143564 -0.14557058 -0.92096334
vn -0.40444390 0.55931823 0.72359398
vn -0.48260004 0.54780765 0.68337690
vn -0.49360962 0.67840947 0.54416003
vn -0.44646001 0.65502949 -0.60959809
vn -0.44151838 0.54257690 -0.71461306
vn 0.34292253 0.02561937 0.93901426
vn 0.44271292 0.02529914 0.89630644
vn 0.33297908 -0.08630091 -0.93897662
vn -0.48252475 0.31854004 0.81590570
vn -0.49884859 0.46580973 0.73087029
vn -0.40076208 0.34770712 -0.84763761
vn -0.46570716 0.34570850 -0.81461799
vn 0.33535180 0.06421963 0.93990159
vn 0.43371451 0.06462869 0.89872958
vn 0.19848594 -0.24347036 -0.94938165
vn -0.45532996 0.10338085 0.88430030
vn -0.49242146 0.06518991 0.86791208
vn -0.44290218 0.25533633 -0.85944227
vn -0.47342056 0.14572632 -0.86869834
vn 0.32644147 0.06412271 0.94303990
vn 0.41928484 0.06399410 0.90559648
vn 0.01660286 -0.35471208 -0.93482816
vn -0.03154381 -0.31957437 -0.94703601
vn -0.47860265 -0.16955173 0.86150550
vn -0.50674509 -0.15128200 0.84871855
vn -0.47470944 -0.11592690 -0.87247459
vn 0.31967123 0.03434299 0.94690594
vn 0.40844799 0.03277408 0.91219302
vn -0.37649575 -0.38623224 -0.84206628
vn -0.51306043 -0.35756788 0.78032955
vn -0.40655691 -0.35309300 -0.84263682
vn -0.51209193 -0.23873110 -0.82508746
vn -0.46213447 -0.32276135 -0.82598841
vn 0.31858997 -0.01588801 0.94775947
vn 0.41724479 -0.00671190 0.90876935
vn -0.61707736 -0.13468409 -0.77529074
vn -0.52920162 -0.46172355 0.71186867
vn -0.43972288 -0.53393381 0.72219005
vn -0.51447806 -0.52056723 0.68141183
vn -0.43529057 -0.52473915 -0.73155378
vn 0.35000250 -0.07965618 0.93335585
vn 0.46663128 -0.04815773 0.88313990
vn -0.63005968 0.21970706 -0.74481784
vn -0.42415154 -0.71938536 0.55007288
vn -0.51068307 -0.64880064 0.56414585
vn -0.50448845 -0.71324753 0.48658953
vn -0.43819275 -0.65092140 -0.61991003
vn -0.43532915 -0.71152871 -0.55155728
vn 0.45132059 -0.15420826 0.87893660
vn 0.56242003 -0.11088870 0.81938233
vn -0.46913722 0.50287774 -0.72596436
vn -0.50529129 0.55338764 -0.66215016
vn -0.48389958 -0.79746048 0.36041363
vn -0.40041779 -0.90032221 0.17054474
vn -0.49036788 -0.85525035 0.16758932
vn -0.39712127 -0.91686192 -0.04072987
vn -0.48504466 -0.87384547 -0.03355265
vn -0.37022129 -0.89458930 -0.25029220
vn -0.47248886 -0.84815112 -0.23957036
vn -0.43917133 -0.78847602 -0.43062061
vn 0.61722264 -0.18030923 0.76584907
vn 0.67021588 -0.28051183 0.68711264
vn -0.35473693 0.71293494 -0.60488469
vn -0.15573265 0.77328875 -0.61463148
vn 0.61262678 -0.55189861 0.56577058
vn 0.69978950 -0.47393855 0.53448751
vn -0.05536722 0.83949459 -0.54053982
vn 0.06246701 0.81684385 -0.57346665
vn 0.10088713 0.84425938 -0.52635339
vn 0.66563733 -0.56513186 0.48739401
vn 0.54111436 -0.68245926 0.49137013
vn 0.68064138 -0.61562612 0.39715463
vn 0.16386459 0.84166182 -0.51454231
vn 0.21545714 0.82723040 -0.51891048
vn 0.60336402 -0.69377483 0.39322811
vn 0.47655640 -0.77286162 0.41902137
vn 0.35316127 -0.80989727 0.46834125
vn 0.42827424 -0.79713007 0.42563462
vn 0.23288551 0.86339837 -0.44755737
vn 0.29414748 0.92668453 -0.23395092
vn 0.33530558 0.94210669 -0.00226840
vn 0.39128194 0.92011368 -0.01700769
vn 0.50679700 0.84288963 -0.18081448
vn 0.61271465 0.70893074 -0.34928208
vn 0.68215939 0.66959241 -0.29377640
vn 0.73984236 0.52884266 -0.41588306
vn 0.81225191 0.46913563 -0.34663901
vn 0.38199720 -0.82170049 0.42294970
vn 0.27051330 -0.85815996 0.43633019
vn 0.22881813 -0.83442699 0.50137197
vn 0.74001266 0.28837202 -0.60763709
vn 0.85573544 0.12314056 -0.50254677
vn 0.14376111 -0.75280159 0.64235699
vn -0.09547161 -0.55536144 0.82611067
vn 0.67533974 -0.10771991 -0.72959760
vn 0.75585320 -0.17391278 -0.63122127
vn -0.76214482 0.54051525 0.35634047
vn -0.83472674 0.54446417 -0.08240165
vn -0.71527757 0.50704594 -0.48091830
vn -0.16825691 -0.28282590 0.94429822
vn -0.17547412 -0.20370730 0.96317816
vn -0.20798485 -0.21675044 0.95381421
vn 0.60325138 -0.36240117 -0.71045982
vn 0.67927235 -0.36099727 -0.63896012
vn -0.91490473 0.13378961 0.38085389
vn -0.98668842 0.13495168 -0.09074137
vn -0.85308493 0.13614475 -0.50369704
vn -0.24940538 -0.14793401 0.95703317
vn 0.52309701 -0.31584912 -0.79158629
vn 0.61938479 -0.33441519 -0.71030202
vn 0.64140945 -0.42558048 -0.63833782
vn -0.86200983 -0.33256570 0.38254295
vn -0.94058340 -0.32821373 -0.08705525
vn -0.82114904 -0.30232456 -0.48406003
vn -0.19317066 0.03565806 0.98051701
vn 0.50098949 -0.12025897 -0.85705736
vn 0.63332070 -0.13819649 -0.76145034
vn -0.73525939 -0.67548241 -0.05583142
vn 0.07210874 0.50367817 0.86087666
vn 0.47544367 0.05291769 -0.87815320
vn 0.61779338 0.03950281 -0.78534761
vn 0.30448478 0.69621989 0.65005145
vn 0.14127929 0.68974197 0.71013814
vn 0.45184825 0.23553963 -0.86043840
vn 0.57623503 0.22805111 -0.78482220
vn 0.38813231 0.64096926 0.66220217
vn 0.33648404 0.70653989 0.62255913
vn 0.49136943 0.48638499 -0.72248580
vn 0.42760030 0.57442651 0.69799153
vn 0.40998211 0.60480179 0.68273675
vn 0.43921025 0.64529250 -0.62505355
vn 0.38861136 0.68574801 -0.61541114
vn 0.42194602 0.61778392 0.66355450
vn 0.44046502 0.55772103 0.70351817
vn 0.36636792 0.77326687 -0.51752574
vn 0.44164093 0.84218411 -0.30932057
vn 0.49363677 0.79976574 -0.34161015
vn 0.48025825 0.87052637 -0.10740512
vn 0.54818163 0.82709693 -0.12412725
vn 0.50183328 0.85717048 -0.11585395
vn 0.55556278 0.82117854 -0.13044464
vn 0.53117218 0.82643848 -0.18669643
vn 0.36755436 0.72850750 0.57808357
vn 0.39290276 0.66666868 0.63338794
vn 0.51874161 0.82883962 -0.20959967
vn 0.53373531 0.84553723 -0.01390721
vn 0.40051566 0.81395295 0.42079426
vn 0.57811350 -0.80699738 -0.12058196
vn 0.65057819 -0.75380961 0.09229891
vn 0.25177050 -0.95188096 -0.17474052
vn 0.17452888 -0.95150855 -0.25332023
vn 0.41092883 -0.90340743 -0.12244390
vn 0.56391385 -0.82581036 0.00619845
vn 0.63654204 -0.75627581 0.15119900
vn 0.65513104 -0.72081986 0.22632288
vn 0.64775452 -0.73405759 0.20389590
vn 0.64809520 -0.69628007 0.30849097
vn -0.89788711 -0.41545362 -0.14559200
vn -0.76619419 -0.63864280 -0.07128705
vn -0.91659766 -0.37080857 -0.14949827
vn -0.77624047 -0.58687983 -0.23026680
vn -0.61316927 -0.78103309 -0.11836704
vn -0.58077994 -0.68486569 -0.44006095
vn -0.37452838 -0.90456072 -0.20371157
vn -0.16329457 -0.96943366 -0.18312089
vn 0.03420761 -0.97294842 -0.22847586
vn 0.68335715 -0.68893186 0.24165245
vn 0.69670826 -0.64889503 0.30583140
vn 0.68599173 -0.59690950 0.41607018
vn 0.62129557 -0.52879174 0.57824832
vn 0.69303520 -0.52019990 0.49909346
vn -0.92183411 -0.02441809 -0.38681473
vn -0.87624808 0.19832119 -0.43915601
vn -0.84478680 -0.26440017 -0.46521803
vn 0.67158653 -0.43128178 0.60246789
vn 0.73937616 -0.41801854 0.52780999
vn -0.75421704 0.31158121 -0.57799118
vn -0.67225647 0.45229762 -0.58608711
vn -0.75841647 0.08158558 -0.64664383
vn 0.73413703 -0.36261794 0.57406537
vn 0.64854023 -0.35109227 0.67537382
vn 0.72058325 -0.33381701 0.60772196
vn -0.58992856 0.48986643 -0.64188408
vn -0.49069035 0.52523124 -0.69523746
vn -0.56801891 0.41060168 -0.71327469
vn 0.70348754 -0.31643848 0.63637408
vn 0.69320606 -0.30568606 0.65270314
vn -0.41505747 0.59426818 -0.68889232
vn -0.38490979 0.61234410 -0.69056437
vn -0.34556200 0.65293809 -0.67398720
vn 0.63307753 -0.30228338 0.71262725
vn 0.70463024 -0.28959157 0.64779082
vn -0.28257926 0.76056138 -0.58454712
vn -0.12021535 0.83477527 -0.53730673
vn 0.63881974 -0.26339919 0.72286251
vn 0.71473238 -0.26120504 0.64879083
vn 0.00029271 0.86635214 -0.49943356
vn 0.29580063 0.75282858 -0.58800606
vn 0.31137757 0.54767672 -0.77659141
vn 0.47836809 0.55576040 -0.67992231
vn 0.68517308 -0.24129009 0.68725319
vn 0.56523742 -0.21446801 0.79656144
vn 0.64803753 -0.22465948 0.72771937
vn 0.57763687 0.19523404 -0.79260288
vn 0.55706197 -0.18133911 0.81043080
vn 0.64451798 -0.18727224 0.74130000
vn 0.57273707 -0.17784481 -0.80021464
vn 0.55108791 -0.15631722 0.81967496
vn 0.64275908 -0.15838542 0.74951640
vn 0.50075472 -0.35813119 -0.78802714
vn 0.56714424 -0.32920918 -0.75496273
vn 0.54953453 -0.13562379 0.82438946
vn 0.64375350 -0.13597309 0.75305561
vn 0.56075410 -0.33990737 -0.75499525
vn 0.54134422 -0.29250486 -0.78828126
vn 0.61280869 -0.12440398 0.78037757
vn 0.57534494 -0.10840158 0.81069556
vn 0.47873352 -0.25768205 -0.83929386
vn 0.55139846 -0.25032868 -0.79579853
vn 0.57555061 -0.07842585 0.81399685
vn 0.49080006 -0.24119048 -0.83722306
vn 0.56508035 -0.24023648 -0.78928489
vn -0.58327685 0.73891820 0.33732479
vn -0.59076965 0.77077636 0.23852677
vn -0.57007921 0.80998051 0.13762731
vn -0.57935621 0.81333300 -0.05325234
vn -0.60900069 0.75135257 -0.25414064
vn -0.67319696 0.72114148 -0.16358735
vn -0.54457963 0.71865393 -0.43239977
vn 0.57246602 -0.03685694 0.81909964
vn 0.55059691 -0.22952809 -0.80259573
vn 0.50329225 -0.16253181 -0.84869330
vn -0.62229037 0.54984389 0.55715921
vn -0.68194304 0.55590776 0.47531069
vn -0.64888891 0.67700216 0.34729132
vn -0.67838211 0.68990962 -0.25263102
vn -0.60311083 0.66584667 -0.43921013
vn -0.56377601 0.54527527 -0.62034788
vn -0.61551874 0.56370464 -0.55079376
vn 0.55954828 0.00676986 0.82877011
vn 0.46820972 -0.13712059 -0.87291328
vn -0.60970581 0.32526004 0.72281722
vn -0.66573200 0.31999788 0.67409366
vn -0.68805343 0.46017883 0.56108638
vn -0.59679176 0.48649671 -0.63809133
vn -0.60063091 0.36558284 -0.71104971
vn 0.53736029 0.03577731 0.84259356
vn 0.39340237 -0.34079986 -0.85386769
vn -0.64474372 0.05979381 0.76205658
vn -0.70306857 0.05672213 0.70885626
vn -0.56534387 0.14453112 -0.81209424
vn -0.62857813 0.13919128 -0.76518973
vn 0.51586036 0.04155215 0.85566437
vn 0.10317769 -0.50812766 -0.85507932
vn 0.27266357 -0.57406478 -0.77207785
vn -0.63976969 -0.15782153 0.75218822
vn -0.69724232 -0.15449376 0.69998916
vn -0.57048168 -0.12356874 -0.81196146
vn -0.62794496 -0.11072534 -0.77034085
vn 0.50980199 0.03710333 0.85949129
vn -0.42553144 -0.65111467 -0.62846852
vn -0.17854294 -0.83965513 -0.51293439
vn -0.36852447 -0.78400180 -0.49953067
vn 0.21544903 -0.70435637 -0.67636072
vn -0.60750385 -0.36107184 0.70750703
vn -0.65899732 -0.35502522 0.66308343
vn -0.60009266 -0.33740287 -0.72529174
vn 0.53154500 0.04461381 0.84585431
vn -0.86682391 -0.31601607 -0.38568141
vn -0.68296053 -0.66130066 -0.31023595
vn -0.87210586 -0.38550317 -0.30136138
vn -0.66874292 -0.21172406 -0.71271020
vn -0.62618890 -0.53218671 0.56979362
vn -0.68795837 -0.45362377 0.56651456
vn -0.68947406 -0.52854513 0.49524293
vn -0.56906558 -0.53573199 -0.62382337
vn -0.63810115 -0.46375899 -0.61461738
vn -0.63335903 -0.53485927 -0.55926908
vn 0.58552964 0.06114394 0.80834179
vn -0.87749039 0.26048222 -0.40269048
vn -0.82113483 0.41192594 -0.39503747
vn -0.71262561 0.25333855 -0.65420510
vn -0.60382484 -0.70338946 0.37501845
vn -0.66704426 -0.64166241 0.37857800
vn -0.66794484 -0.68206037 0.29773031
vn -0.62175794 -0.74933024 -0.22786236
vn -0.69343600 -0.68104947 -0.23519807
vn -0.61366363 -0.77759875 -0.13695672
vn -0.55272872 -0.71714461 -0.42449330
vn -0.63170204 -0.65025525 -0.42204341
vn 0.69189763 0.04668745 0.72048453
vn 0.71779657 0.09337243 0.68996353
vn 0.65280503 0.09754344 0.75121959
vn -0.59943263 0.69274134 -0.40098624
vn -0.37930388 0.81186092 -0.44385854
vn -0.53076486 0.66787065 -0.52176380
vn -0.62331962 -0.75962901 0.18557051
vn -0.61727342 -0.78626996 -0.02744202
vn 0.79160616 -0.01825095 0.61075902
vn 0.81171119 0.05146583 0.58178709
vn 0.74012475 -0.18653671 0.64608003
vn -0.21880290 0.88126423 -0.41892559
vn -0.03540410 0.86386205 -0.50248274
vn 0.08318480 0.87331547 -0.48000039
vn 0.90075935 -0.06741549 0.42905448
vn 0.92109587 0.02285833 0.38866425
vn 0.82433845 -0.30544978 0.47661993
vn 0.10285940 0.89570615 -0.43258576
vn 0.22356875 0.85978240 -0.45912006
vn 0.27604688 0.84823006 -0.45199988
vn 0.97620827 -0.05515632 0.20970265
vn 0.98169417 -0.03852487 0.18652716
vn 0.92199074 -0.28814630 0.25865961
vn 0.80255848 -0.50180715 0.32262900
vn 0.30059191 0.85376275 -0.42512783
vn 0.39284225 0.83962318 -0.37511048
vn 0.30464192 0.84688591 -0.43586415
vn 0.43089004 0.83954267 -0.33091067
vn 0.60642156 0.79181548 0.07267150
vn 0.53701385 0.83327926 0.13138415
vn 0.58623129 0.79902951 0.13373373
vn 0.68727176 0.72368395 0.06276199
vn 0.76759810 0.64093019 -0.00128187
vn 0.79441375 0.60647830 -0.03302818
vn 0.86389957 0.49300050 -0.10309234
vn 0.91637094 0.39795337 -0.04355940
vn 0.94859810 0.29314604 -0.11927716
vn 0.97883305 0.19844767 -0.05004388
vn 0.98498233 -0.11541968 0.12840605
vn 0.92830145 -0.36345384 0.07847109
vn 0.79176818 -0.60155287 0.10600612
vn 0.63852478 -0.74009380 0.21106222
vn 0.50925267 -0.78880285 0.34416824
vn 0.57265680 -0.77965825 0.25337167
vn 0.43902244 0.87399360 -0.20831345
vn 0.43145386 0.90207681 0.01024725
vn 0.44554915 0.89158672 0.08098818
vn 0.88159300 0.36126894 -0.30377383
vn 0.92719416 0.19376526 -0.32057139
vn 0.95838654 0.01697713 -0.28496846
vn 0.52209013 -0.80222707 0.28957489
vn 0.41239491 -0.84878434 0.33090117
vn 0.31627974 -0.86288782 0.39419758
vn 0.40080021 -0.85478299 0.32970476
vn 0.87544476 0.05659053 -0.47999374
vn 0.89197217 -0.03969588 -0.45034418
vn 0.88087549 -0.12214598 -0.45731689
vn 0.35327989 -0.86633082 0.35307821
vn 0.18484337 -0.85219740 0.48948189
vn -0.01360889 -0.75686537 0.65342912
vn 0.79662486 -0.20819945 -0.56748729
vn 0.83108076 -0.26151793 -0.49082904
vn 0.83188358 -0.27876054 -0.47985650
vn -0.10126950 -0.48502902 0.86861461
vn -0.30280376 -0.34566914 0.88815693
vn 0.75072360 -0.35292995 -0.55843936
vn 0.80513776 -0.35529712 -0.47488645
vn 0.81215240 -0.34945856 -0.46721215
vn -0.34985806 -0.08816641 0.93264464
vn 0.71992140 -0.33413148 -0.60833324
vn 0.79996796 -0.29218358 -0.52409924
vn 0.78768837 -0.35477263 -0.50366995
vn -0.17678301 0.23974917 0.95460364
vn 0.76399288 -0.14996171 -0.62755586
vn 0.84388782 -0.14014408 -0.51789283
vn 0.17270125 0.64223216 0.74680127
vn 0.29272040 0.68005317 0.67219227
vn 0.20215013 0.64531401 0.73668525
vn 0.75598936 0.00036085 -0.65458380
vn 0.85051855 -0.01532508 -0.52572173
vn 0.35523457 0.71361557 0.60378906
vn 0.43614803 0.69983301 0.56569307
vn 0.38128720 0.75865372 0.52826566
vn 0.70285259 0.17251199 -0.69009988
vn 0.82078067 0.11629381 -0.55928064
vn 0.44516973 0.63666241 0.62967046
vn 0.52948861 0.62793214 0.57038850
vn 0.46505953 0.68646484 0.55900416
vn 0.56788601 0.47567329 -0.67174430
vn 0.71014089 0.34850878 -0.61175284
vn 0.54900983 0.55733621 0.62286800
vn 0.67787298 0.52030111 0.51939868
vn 0.60063520 0.58141611 0.54881022
vn 0.66032842 0.52872588 -0.53330602
vn 0.41785762 0.68816515 -0.59314731
vn 0.55743797 0.66972532 -0.49064336
vn 0.63693567 0.55112781 0.53904647
vn 0.75973134 0.49124318 0.42601458
vn 0.72484997 0.49278485 0.48141002
vn 0.50373940 0.81360051 -0.29034606
vn 0.48981229 0.86583811 -0.10202105
vn 0.49740023 0.86414674 -0.07644223
vn 0.58579810 0.80815092 -0.06109559
vn 0.52954002 0.82695085 -0.18904937
vn 0.71919536 0.68346792 0.12501851
vn 0.67100672 0.74143702 0.00459601
vn 0.76960877 0.52043445 0.36993286
vn 0.68480535 0.64223936 0.34434029
vn -0.89314695 -0.39811299 -0.20927152
vn -0.74474512 -0.65323896 -0.13650485
vn -0.90102975 -0.21841943 -0.37475104
vn -0.82584052 -0.56020602 -0.06447214
vn -0.66211598 -0.74855242 0.03566095
vn -0.76187460 -0.64236611 0.08314375
vn -0.54761165 -0.82726894 0.12548938
vn -0.67763046 -0.72740130 0.10818648
vn -0.43823413 -0.88328496 0.16660889
vn -0.39557906 -0.90442139 0.15980973
vn 0.31236264 -0.93964287 -0.13964550
vn 0.45790981 -0.88895663 -0.00864441
vn 0.58202136 -0.80677053 0.10184521
vn 0.64625150 -0.74067685 0.18373022
vn -0.80700748 0.33802559 -0.48422890
vn -0.60099916 0.56579157 -0.56451742
vn -0.94373747 0.02771438 -0.32953225
vn -0.96292103 -0.24895690 -0.10394011
vn -0.37645996 -0.91575840 0.14022998
vn -0.16160261 -0.98406492 0.07416760
vn 0.05605513 -0.99833737 0.01342798
vn 0.24979563 -0.96805943 -0.02151917
vn 0.41208374 -0.90995865 -0.04649993
vn 0.57295053 -0.81471131 0.08929261
vn 0.67440419 -0.71925138 0.16690248
vn 0.71267485 -0.66112986 0.23452478
vn 0.75006293 -0.59405944 0.29068709
vn 0.77775435 -0.56468552 0.27609496
vn 0.76223021 -0.55376792 0.33518085
vn 0.75595103 -0.50651969 0.41469970
vn -0.46949955 0.69370733 -0.54620538
vn -0.45350994 0.66173232 -0.59702518
vn -0.64364485 0.55614985 -0.52575532
vn -0.83872491 0.35244550 -0.41511768
vn 0.81863139 -0.49187818 0.29647682
vn 0.82349392 -0.44591371 0.35074025
vn 0.80007904 -0.39486630 0.45161282
vn 0.83479241 -0.37800204 0.40029500
vn -0.43633179 0.67807626 -0.59146187
vn -0.42175457 0.67947439 -0.60036458
vn -0.57514320 0.59651819 -0.55980027
vn 0.83327292 -0.30932597 0.45822886
vn 0.86225557 -0.29966109 0.40831185
vn 0.78634477 -0.31207638 0.53316999
vn -0.40862825 0.67751158 -0.61155622
vn -0.45761528 0.60200386 -0.65435435
vn -0.30473331 0.69857223 -0.64740594
vn 0.85711201 -0.26946205 0.43903212
vn 0.80723106 -0.27766742 0.52084433
vn 0.84460860 -0.26235803 0.46669538
vn 0.75584812 -0.28688186 0.58855112
vn -0.24717837 0.70988408 -0.65952062
vn -0.30868117 0.68974224 -0.65495921
vn -0.11281729 0.72740053 -0.67687571
vn 0.82879692 -0.25825624 0.49638632
vn 0.77236687 -0.26927273 0.57527526
vn 0.81943554 -0.25042586 0.51556987
vn -0.07137771 0.78283858 -0.61811729
vn 0.09572500 0.86853092 -0.48630316
vn 0.18258644 0.90539004 -0.38331588
vn 0.78623767 -0.24728882 0.56628488
vn 0.83247499 -0.23781774 0.50042794
vn 0.18105133 0.91998484 -0.34763243
vn 0.37410406 0.85747110 -0.35325551
vn 0.62823065 0.69836485 -0.34294722
vn 0.64713345 0.52124502 -0.55634696
vn 0.78543049 0.46351398 -0.41018744
vn 0.80385324 -0.23645580 0.54581006
vn 0.73801674 -0.22229346 0.63711609
vn 0.79112974 -0.21976598 0.57080352
vn 0.69481601 0.17480326 -0.69762063
vn 0.84719492 0.12868991 -0.51546065
vn 0.73984084 -0.18827543 0.64590084
vn 0.79744262 -0.18804173 0.57334594
vn 0.68552328 -0.17722299 -0.70615143
vn 0.79727515 -0.19626200 -0.57081833
vn 0.74061889 -0.15976098 0.65265618
vn 0.80105833 -0.16024328 0.57673880
vn 0.66664107 -0.31082585 -0.67747840
vn 0.74789993 -0.31470541 -0.58447087
vn 0.74108000 -0.13558806 0.65758370
vn 0.80237223 -0.13671922 0.58095324
vn 0.61671857 -0.29407093 -0.73019209
vn 0.68016981 -0.27532761 -0.67938483
vn 0.70724813 -0.31166711 -0.63455787
vn 0.76157085 -0.12220569 0.63645550
vn 0.67023662 -0.10891268 0.73411232
vn 0.73822779 -0.10836842 0.66578977
vn 0.62949943 -0.25123415 -0.73526313
vn 0.70145033 -0.24236525 -0.67024362
vn 0.67275632 -0.07864361 0.73567256
vn 0.73897517 -0.07902016 0.66908259
vn 0.64006575 -0.23325381 -0.73205772
vn 0.72584926 -0.22417740 -0.65029788
vn -0.65546102 0.74290970 0.13585297
vn -0.67539670 0.73536715 -0.05544774
vn 0.67210328 -0.04207124 0.73926124
vn 0.73767213 -0.04549908 0.67362427
vn 0.59267002 -0.17881286 -0.78534592
vn 0.66559971 -0.17529974 -0.72542886
vn 0.69557162 -0.20405769 -0.68886906
vn -0.77304970 0.52648677 0.35384438
vn -0.82660765 0.54913407 0.12317290
vn -0.83492192 0.54830629 -0.04759832
vn -0.80128886 0.54998312 -0.23548827
vn -0.71038875 0.55268026 -0.43576640
vn 0.66501629 -0.00492717 0.74681260
vn 0.73312734 -0.01255222 0.67997555
vn 0.56676760 -0.16339998 -0.80751157
vn 0.65265928 -0.19028904 -0.73336617
vn -0.78544504 0.33135899 0.52275933
vn -0.78592684 0.37213119 0.49379893
vn -0.78010816 0.50208885 0.37328012
vn -0.86283924 0.48372124 0.14670450
vn -0.87010038 0.48977627 -0.05517725
vn -0.82944153 0.49271900 -0.26316295
vn -0.83959537 0.37983508 -0.38833611
vn -0.83988936 0.33224133 -0.42918710
vn -0.68811251 0.36579134 -0.62665610
vn 0.65098660 0.02216203 0.75876564
vn 0.72540003 0.01106539 0.68823858
vn 0.50712040 -0.37012052 -0.77835705
vn 0.60347283 -0.36786601 -0.70745681
vn -0.82694759 0.05654022 0.55942907
vn -0.86000622 0.07029811 0.50541813
vn -0.81076018 0.28193445 -0.51301159
vn -0.80091498 0.15639341 -0.57799333
vn -0.76847897 0.13794917 -0.62482805
vn 0.63410326 0.03342356 0.77252568
vn 0.71631471 0.02188736 0.69743399
vn 0.55633424 -0.50172342 -0.66239401
vn 0.45928524 -0.60698788 -0.64855438
vn -0.81321614 -0.15092146 0.56205179
vn -0.84568168 -0.16764504 0.50667310
vn -0.77412499 -0.10860840 -0.62364631
vn -0.80766212 -0.12406806 -0.57644516
vn 0.62176466 0.03986746 0.78218878
vn 0.70829040 0.03243450 0.70517566
vn -0.88625371 -0.43265010 -0.16543353
vn -0.53202314 -0.84421718 -0.06518231
vn -0.82993323 -0.51401488 -0.21679378
vn -0.82138224 -0.56441327 -0.08227318
vn -0.37840234 -0.92537812 -0.02206811
vn -0.75579076 -0.65350749 0.04133145
vn -0.31116174 -0.94743334 0.07448784
vn -0.69447107 -0.71305260 0.09625964
vn -0.28056241 -0.95128612 0.12782587
vn -0.32530487 -0.92485202 0.19704185
vn 0.14243696 -0.94860457 -0.28259702
vn 0.05661349 -0.95186706 -0.30123748
vn 0.34780918 -0.77313649 -0.53036661
vn -0.75997611 -0.36274199 0.53930934
vn -0.77140181 -0.38576868 0.50608475
vn -0.85477647 -0.31265376 -0.41425211
vn -0.86230943 -0.25539673 -0.43725846
vn -0.86262642 -0.34397936 -0.37088254
vn -0.70572177 -0.34498681 -0.61882217
vn 0.62056548 0.06003614 0.78185302
vn 0.70287988 0.06324316 0.70849148
vn -0.90379668 -0.38305386 -0.19084368
vn -0.64144333 -0.71477611 -0.27864953
vn -0.72347354 -0.52394772 -0.44951621
vn -0.97740234 -0.20615107 0.04675900
vn -0.76071953 -0.64577912 -0.06538448
vn -0.98163790 -0.05304557 0.18322989
vn -0.89353000 -0.42820423 0.13507506
vn -0.97018080 -0.08427845 0.22725836
vn -0.97945746 0.12578290 -0.15761266
vn -0.98283147 -0.08728533 -0.16255330
vn -0.95006478 0.26817651 -0.15955647
vn -0.95268184 0.14109152 -0.26924059
vn -0.96158884 0.07258556 -0.26472295
vn -0.98795229 -0.08748269 -0.12765987
vn -0.96423005 -0.25950038 -0.05403665
vn -0.25754097 -0.96140152 0.09684917
vn -0.89639810 -0.40185049 -0.18704714
vn -0.10279726 -0.99053363 -0.09097168
vn -0.76748219 -0.51047930 0.38779113
vn -0.76491718 -0.48589544 0.42285615
vn -0.82884097 -0.53001409 0.17918626
vn -0.85721772 -0.47436912 0.20037892
vn -0.84885308 -0.52848364 -0.01238929
vn -0.87990203 -0.47488218 -0.01610401
vn -0.81808989 -0.53392884 -0.21365610
vn -0.85160870 -0.47100825 -0.23003011
vn -0.73215639 -0.53949355 -0.41580493
vn 0.63915360 0.09297441 0.76343856
vn 0.69685220 0.12194498 0.70677184
vn -0.86500495 0.05643061 -0.49858000
vn -0.72895009 -0.30225006 -0.61422852
vn -0.62709038 0.07114457 -0.77569073
vn -0.98344684 0.17144722 -0.05863584
vn -0.94259488 0.27481790 0.18971035
vn -0.80837811 0.48259792 0.33708170
vn -0.94034345 0.22372507 0.25632262
vn -0.85564847 0.48056921 -0.19214299
vn -0.73321504 0.59059191 -0.33704139
vn -0.56762967 0.77171580 -0.28679485
vn -0.72077633 0.64540156 -0.25286027
vn -0.72535190 0.65703548 -0.20535092
vn -0.78480041 0.59646737 -0.16827060
vn -0.80185790 0.51231513 -0.30750140
vn -0.69013784 -0.69635444 0.19697780
vn -0.71250145 -0.70134686 -0.02131351
vn 0.73416565 0.18782414 0.65247444
vn 0.80244455 0.21239991 0.55764596
vn 0.74886262 0.16699027 0.64134158
vn -0.66620048 0.50639855 -0.54748281
vn -0.68171867 0.72941611 -0.05667276
vn -0.67915633 0.67980781 0.27678155
vn -0.30674563 0.94005427 -0.14901369
vn -0.16882757 0.97725788 -0.12831324
vn -0.12591618 0.98416526 -0.12475522
vn -0.07081139 0.97309560 -0.21925030
vn 0.06716365 0.92999107 -0.36139403
vn 0.16911256 0.91556452 -0.36488704
vn 0.79776372 0.22822837 0.55810829
vn 0.81419740 0.30521707 0.49388777
vn 0.14335972 0.94668556 -0.28850380
vn 0.26067033 0.89745322 -0.35584926
vn 0.38063803 0.84526037 -0.37503279
vn 0.22235056 0.87900050 -0.42180370
vn 0.40570094 0.84402863 -0.35074552
vn 0.86325570 0.36528488 0.34836266
vn 0.81545835 0.45000152 0.36404164
vn 0.82587021 0.37387945 0.42208121
vn 0.88508307 0.18777403 0.42587424
vn 0.40003815 0.84848296 -0.34647677
vn 0.50883313 0.79999825 -0.31794913
vn 0.40244389 0.82798087 -0.39049533
vn 0.54698734 0.77641755 -0.31301860
vn 0.72463292 0.65576486 0.21184801
vn 0.70612893 0.66814555 0.23444286
vn 0.74683048 0.61273252 0.25846294
vn 0.78596824 0.53495181 0.30996854
vn 0.83154542 0.52191865 0.19008720
vn 0.92156194 0.34754187 0.17302669
vn 0.96598548 0.13246639 0.22209168
vn 0.54566760 0.78965484 -0.28052112
vn 0.61528123 0.77037686 -0.16717805
vn 0.53552753 0.81878456 -0.20688672
vn 0.63961430 0.76869458 -0.00148053
vn 0.53011119 0.84792521 0.00222934
vn 0.63515021 0.76086078 0.13294768
vn 0.50584428 0.85519261 0.11299187
vn 0.64533718 0.73909129 0.19309062
vn 0.99652400 0.08018207 -0.02259989
vn 0.99284124 -0.11561053 -0.03000798
vn 0.94699952 -0.31609856 -0.05721552
vn 0.83663633 -0.54775859 0.00042833
vn 0.68438480 -0.71526141 0.14148695
vn 0.95740636 -0.05207886 -0.28400856
vn 0.95924182 -0.20604476 -0.19339259
vn 0.92078424 -0.32336061 -0.21816119
vn 0.86787074 -0.44093291 -0.22886358
vn 0.79399384 -0.60051968 -0.09460385
vn 0.65824083 -0.74212878 0.12634825
vn 0.50732279 -0.81558969 0.27827513
vn 0.88852553 -0.16971841 -0.42628399
vn 0.91233078 -0.26469479 -0.31239273
vn 0.87481109 -0.36001406 -0.32418425
vn 0.85925545 -0.38271809 -0.33942148
vn 0.84959956 -0.44264606 -0.28678397
vn 0.81209569 -0.56259959 -0.15486215
vn 0.70755956 -0.70380204 0.06342048
vn 0.56269284 -0.80395167 0.19245383
vn 0.45413984 -0.86420230 0.21659036
vn 0.30673949 -0.89801923 0.31539237
vn 0.27600000 -0.87088909 0.40666472
vn 0.86315066 -0.25927175 -0.43330024
vn 0.87857358 -0.28967642 -0.37973153
vn 0.88947333 -0.29350918 -0.35027068
vn 0.87950700 -0.33304617 -0.33992306
vn 0.11167500 -0.81110712 0.57413755
vn -0.31684236 -0.46403463 0.82721386
vn 0.85561903 -0.29780362 -0.42335456
vn 0.88641549 -0.23031636 -0.40152454
vn 0.91191077 -0.20014782 -0.35827308
vn 0.89974455 -0.23602096 -0.36708835
vn -0.35975899 -0.22334157 0.90592053
vn -0.51624034 0.02371820 0.85611527
vn -0.48324635 -0.01389352 0.87537417
vn 0.87111356 -0.23858478 -0.42923009
vn 0.90456224 -0.20424470 -0.37423422
vn 0.92277879 -0.16418115 -0.34860273
vn 0.94098487 -0.12790966 -0.31334742
vn 0.11022405 0.48629314 0.86681581
vn -0.35305717 0.39892054 0.84629370
vn 0.90510688 -0.11904928 -0.40817741
vn 0.93110179 -0.09736455 -0.35152469
vn 0.95074952 -0.06480660 -0.30310963
vn 0.94247690 -0.08762425 -0.32258222
vn 0.43097570 0.76542099 0.47790235
vn 0.34714270 0.80329124 0.48395777
vn -0.98202770 0.09808058 0.16125073
vn -0.77242456 -0.60112812 0.20495191
vn -0.35734059 0.12694460 -0.92530685
vn -0.05863679 0.01913733 0.99809593
vn 0.90760985 -0.02934965 -0.41878749
vn 0.94203195 -0.04032229 -0.33309146
vn 0.95764740 -0.02815815 -0.28656340
vn 0.52250867 0.68806207 0.50354273
vn 0.65513236 0.65389022 0.37845630
vn 0.56484122 0.71629461 0.40972726
vn 0.45914082 0.79817531 0.39000754
vn -0.43856020 0.87524662 0.20398116
vn 0.89019827 0.06994072 -0.45017257
vn 0.94130173 0.03098598 -0.33614122
vn 0.96100753 0.02956037 -0.27493764
vn 0.77653352 0.54916459 0.30889149
vn 0.84725034 0.47958887 0.22838865
vn 0.80863605 0.53717931 0.23988774
vn 0.71725522 0.62410383 0.30990217
vn 0.64712434 0.61037991 0.45680024
vn 0.82269825 0.28352284 -0.49272953
vn 0.90178994 0.25749426 -0.34709019
vn 0.97642277 0.07955404 -0.20067320
vn 0.94093664 0.26878076 -0.20590080
vn 0.96592394 0.22944173 -0.11978079
vn 0.87644620 0.43308024 0.21043661
vn 0.89503568 0.40693447 0.18252524
vn 0.91264909 0.36760371 0.17871527
vn 0.87389271 0.44121044 0.20407079
vn 0.83972434 0.46031288 0.28805397
vn 0.78041662 0.48068962 0.39985921
vn 0.71289768 0.62118357 -0.32543491
vn 0.74215186 0.65440151 -0.14480773
vn 0.90202258 0.42976857 -0.04067240
vn 0.74271604 0.66851902 -0.03814721
vn 0.89520227 0.42735145 0.12642637
vn 0.79945955 0.59585302 0.07631259
vn 0.84935431 0.48844526 0.20004619
vn 0.85856722 0.40837385 0.30998893
vn -0.79682785 -0.53213726 -0.28617358
vn -0.60462290 -0.73045955 -0.31758463
vn -0.61645436 -0.59632453 -0.51418000
vn -0.83306540 -0.54761650 -0.07821898
vn -0.65135548 -0.75293277 -0.09395899
vn -0.84318951 -0.53748872 -0.01171885
vn -0.66691233 -0.74506705 -0.01015061
vn -0.82826669 -0.55937680 -0.03273962
vn -0.64582118 -0.76339777 0.01178309
vn -0.78161447 -0.62356491 -0.01567224
vn -0.55267512 -0.83210370 0.04640729
vn -0.68512424 -0.72842550 -0.00103252
vn -0.39527892 -0.91146746 0.11393702
vn -0.54906525 -0.81959776 0.16366694
vn -0.25276234 -0.94772905 0.19473276
vn -0.22733511 -0.92380293 0.30806962
vn -0.94553857 -0.02956272 -0.32416487
vn -0.70915078 -0.07104670 -0.70146813
vn -0.99706946 0.00635723 -0.07623697
vn -0.99619155 0.08459495 0.02112103
vn -0.98395578 0.11571417 -0.13579855
vn -0.97675485 -0.02360544 -0.21305572
vn -0.13200639 -0.94263796 0.30660722
vn -0.01389896 -0.95004502 0.31180326
vn -0.15160976 -0.96022241 0.23449392
vn 0.07671454 -0.95426462 0.28895314
vn 0.15777254 -0.93629478 0.31378322
vn -0.78231569 0.58457823 -0.21505919
vn -0.61752639 0.62832650 -0.47314582
vn -0.72504865 0.68701769 0.04807430
vn -0.57178110 0.79656724 0.19633391
vn -0.66428060 0.73212364 0.15075230
vn -0.61733885 0.77631798 -0.12737008
vn -0.42067278 0.86519987 -0.27288017
vn -0.51859180 0.76453078 -0.38282533
vn 0.26900912 -0.93031160 0.24930787
vn 0.38748275 -0.90523545 0.17437286
vn 0.49187722 -0.86045826 0.13292248
vn 0.61228602 -0.78088758 0.12377563
vn 0.71071885 -0.66660443 0.22476045
vn 0.76648514 -0.60928313 0.20316150
vn 0.75507612 -0.60663567 0.24870309
vn 0.78183909 -0.56302967 0.26781567
vn -0.44053203 0.88260222 -0.16414888
vn -0.43470856 0.89726270 0.07712404
vn -0.31502840 0.88495825 -0.34293731
vn -0.26357028 0.75116671 -0.60521012
vn -0.20419819 0.74301830 -0.63735933
vn 0.82640353 -0.51284912 0.23247149
vn 0.84304561 -0.45951607 0.27949792
vn 0.86573908 -0.39254646 0.31048853
vn 0.88333897 -0.35810692 0.30244288
vn 0.86255616 -0.39169758 0.32026533
vn 0.85805689 -0.37183006 0.35423267
vn -0.11925118 0.74255283 -0.65908607
vn -0.05419327 0.78827230 -0.61293545
vn 0.90962256 -0.28660269 0.30074190
vn 0.91084641 -0.25762638 0.32247088
vn 0.92284260 -0.23514449 0.30507149
vn 0.88832971 -0.27946901 0.36437261
vn 0.06484709 0.79889779 -0.59796085
vn 0.17401152 0.78387473 -0.59603724
vn 0.93431681 -0.19145744 0.30065953
vn 0.91818362 -0.20635391 0.33816698
vn 0.94418852 -0.15129957 0.29260295
vn 0.87892469 -0.24142761 0.41134425
vn 0.15648123 0.81508791 -0.55780403
vn 0.36657140 0.79952387 -0.47580142
vn 0.08272374 0.80661166 -0.58526439
vn 0.41876012 0.80302652 -0.42401460
vn 0.95017756 -0.14327229 0.27683144
vn 0.96846903 -0.10494284 0.22595297
vn 0.90394589 -0.20547582 0.37504869
vn 0.85285881 -0.23610192 0.46571207
vn 0.44607856 0.82450199 -0.34815284
vn 0.54404447 0.81693103 -0.19141398
vn 0.38707227 0.86974355 -0.30613921
vn 0.65137135 0.75387682 -0.08593662
vn 0.57491025 0.79716031 -0.18442791
vn 0.76323608 0.64363609 -0.05659741
vn 0.71728714 0.69156100 -0.08510310
vn 0.76108874 0.64390737 -0.07827656
vn 0.96517402 -0.11294176 0.23597302
vn 0.93217833 -0.17118176 0.31896765
vn 0.96519448 -0.10855101 0.23794180
vn 0.87501470 -0.21606970 0.43320105
vn 0.81270516 0.56757428 -0.13179437
vn 0.85724293 0.36995986 -0.35814000
vn 0.92343897 0.34706643 -0.16372340
vn 0.93584537 0.20195213 -0.28880580
vn 0.97394126 0.17653123 -0.14239084
vn 0.98059457 0.08032523 -0.17883552
vn 0.98855692 0.07495953 -0.13090561
vn 0.95412182 -0.14908376 0.25966439
vn 0.97775230 -0.11571523 0.17495834
vn 0.89706490 -0.18959343 0.39916023
vn 0.83724020 -0.20857076 0.50549687
vn 0.86402614 0.09894573 -0.49362798
vn 0.91582778 0.02455495 -0.40081982
vn 0.96610201 -0.04996439 -0.25327942
vn 0.98011016 -0.07384504 -0.18420366
vn 0.96169689 -0.14522586 0.23248342
vn 0.91372345 -0.16883731 0.36959901
vn 0.94759548 -0.14833044 0.28295031
vn 0.85095676 -0.17972349 0.49353019
vn 0.82745202 -0.20175195 -0.52404132
vn 0.88487311 -0.20662780 -0.41749794
vn 0.92505834 -0.20043286 -0.32263562
vn 0.95828702 -0.14379088 -0.24700238
vn 0.92147004 -0.15698278 0.35531588
vn 0.95038971 -0.15221949 0.27127223
vn 0.85960407 -0.15524391 0.48680610
vn 0.81295995 -0.29934587 -0.49948791
vn 0.87389766 -0.26624743 -0.40671266
vn 0.89609192 -0.26574092 -0.35552923
vn 0.92533363 -0.15173103 0.34746995
vn 0.86238301 -0.13667433 0.48745838
vn 0.90000511 -0.14302803 0.41174480
vn 0.76344682 -0.26164469 -0.59050065
vn 0.83962725 -0.26069165 -0.47651437
vn 0.89227001 -0.23517209 -0.38541967
vn 0.86042543 -0.11918629 0.49544192
vn 0.89710342 -0.12596612 0.42348317
vn 0.80199593 -0.10572569 0.58789847
vn 0.79107905 -0.20772866 -0.57536313
vn 0.85975454 -0.18067445 -0.47768072
vn 0.88236371 -0.19753747 -0.42709862
vn 0.85432615 -0.09901294 0.51021884
vn 0.89382186 -0.10216041 0.43662998
vn 0.80150085 -0.07946390 0.59269037
vn 0.80789548 -0.19544103 -0.55597454
vn 0.87382133 -0.17164338 -0.45494487
vn 0.86276337 -0.08595225 0.49824851
vn 0.79723480 -0.04953389 0.60163366
vn 0.83266559 -0.06325224 0.55015196
vn 0.74664092 -0.17569681 -0.64160577
vn 0.80066280 -0.21107589 -0.56070140
vn 0.88282118 -0.18660656 -0.43105075
vn 0.79133147 -0.01870367 0.61110120
vn 0.82852919 -0.02986847 0.55914868
vn 0.72037560 -0.21799653 -0.65843489
vn 0.81666534 -0.21877269 -0.53403768
vn 0.84051653 -0.19596102 -0.50510517
vn -0.81619736 0.41168129 0.40538917
vn -0.91165872 0.37607792 0.16566164
vn -0.92317668 0.38088383 -0.05169462
vn -0.86622973 0.40932403 -0.28653079
vn 0.78449407 0.00347894 0.62012656
vn 0.82558188 -0.00502159 0.56426000
vn 0.66814438 -0.36909343 -0.64602873
vn 0.78926491 -0.34120228 -0.51053100
vn -0.90873222 0.08770341 0.40806110
vn -0.98428340 0.08633536 0.15405319
vn -0.99519852 0.09169213 -0.03424112
vn -0.96360276 0.11497902 -0.24134944
vn -0.84050407 0.16226406 -0.51693644
vn 0.77815901 0.01502609 0.62788755
vn 0.82503201 0.01048532 0.56498872
vn 0.58701171 -0.55738758 -0.58714252
vn 0.67333163 -0.49752357 -0.54689561
vn 0.72413214 -0.41730503 -0.54908028
vn -0.88437116 -0.18162777 0.42999885
vn -0.97549613 -0.13994204 0.16977495
vn -0.99257622 -0.11954224 -0.02240745
vn -0.96768699 -0.11466280 -0.22457590
vn -0.84885399 -0.14022397 -0.50969024
vn 0.77389894 0.02786453 0.63269581
vn 0.82710166 0.02772603 0.56136807
vn -0.48129474 -0.82254430 -0.30294595
vn -0.16515951 -0.94918011 -0.26791688
vn -0.21971572 -0.88021309 -0.42065416
vn -0.58995220 -0.78675412 -0.18158841
vn -0.15046345 -0.97146088 -0.18336988
vn -0.74946449 -0.66074600 -0.04144514
vn -0.15279867 -0.98300984 -0.10170650
vn -0.83508087 -0.55011419 -0.00378428
vn -0.14593234 -0.98881495 -0.03080185
vn -0.84201520 -0.53454613 -0.07260057
vn -0.11289469 -0.99359022 -0.00576774
vn -0.79391563 -0.56913956 -0.21395827
vn 0.01994893 -0.99938186 0.02894729
vn 0.18340256 -0.97901123 0.08888479
vn 0.28538317 -0.95366352 0.09530127
vn 0.36471889 -0.92179863 0.13140557
vn 0.39635967 -0.90602247 0.14839912
vn 0.51806794 -0.83158603 0.20017561
vn 0.34442970 -0.91080191 -0.22761385
vn 0.56110275 -0.79617761 -0.22641756
vn 0.55227331 -0.77717415 -0.30165299
vn 0.63706367 -0.61202972 -0.46858244
vn -0.78038639 -0.42101573 0.46232331
vn -0.89323829 -0.39685330 0.21126480
vn -0.92461247 -0.38054933 -0.01655240
vn -0.88312371 -0.39643012 -0.25086985
vn 0.77333085 0.06647853 0.63050773
vn 0.82730937 0.07386335 0.55686929
vn -0.59662414 -0.53359140 -0.59943295
vn -0.25376950 -0.80330870 -0.53879139
vn -0.29434063 -0.47750414 -0.82786073
vn -0.98526907 0.05504700 0.16190949
vn -0.97724364 0.20793099 -0.04194729
vn 0.57075375 -0.80548925 0.15945914
vn 0.58193792 -0.81317883 0.00940453
vn 0.62914588 -0.75509743 -0.18439991
vn 0.82894616 0.16051164 0.53580246
vn 0.88262432 0.15649728 0.44326393
vn 0.84240952 0.10910568 0.52767617
vn 0.77428427 0.12686940 0.61999034
vn -0.28390467 0.14929902 -0.94715782
vn -0.76736507 0.55519552 0.32079400
vn -0.77315782 0.59370317 0.22303258
vn -0.75780262 0.64691917 0.08503401
vn -0.65591316 0.75298092 -0.05289292
vn -0.43653059 0.87187446 -0.22198192
vn 0.82987602 0.24914233 0.49923330
vn 0.86791848 0.25606709 0.42561386
vn -0.47672563 0.76129515 -0.43950241
vn -0.15972757 0.70922090 -0.68665335
vn -0.45504790 0.89045577 -0.00446425
vn -0.39635187 0.88782598 0.23381663
vn -0.14695047 0.94241374 0.30043618
vn -0.22606197 0.93438816 0.27534477
vn -0.25165114 0.93991892 0.23070354
vn -0.20550962 0.97020099 0.12835822
vn -0.07998987 0.99554113 0.04999486
vn 0.10683138 0.99421919 -0.01073555
vn 0.23737020 0.97141244 -0.00364038
vn 0.33082338 0.94305726 -0.03462506
vn 0.41553468 0.90813956 -0.05112211
vn 0.49059018 0.86576201 -0.09888084
vn 0.57264308 0.80111620 -0.17404809
vn 0.65332832 0.71585290 -0.24640768
vn 0.42846141 0.85606618 -0.28908739
vn 0.60228294 0.76446559 -0.22988608
vn 0.83818364 0.37850763 0.39265781
vn 0.86249533 0.37093168 0.34425497
vn 0.86821442 0.31411155 0.38410629
vn 0.82834189 0.33196022 0.45127833
vn -0.08832267 0.95935665 -0.26801853
vn -0.05344090 0.99812815 0.02973675
vn -0.06178586 0.98512061 0.16037421
vn 0.54121555 0.81134230 -0.22092851
vn 0.60924965 0.75731156 -0.23514693
vn 0.67337359 0.70165196 -0.23292173
vn 0.57734237 0.75897522 -0.30105217
vn 0.74061186 0.64119288 -0.20091233
vn 0.65513862 0.72180800 -0.22312910
vn 0.71562506 0.67682099 -0.17260974
vn 0.80122638 0.54605568 0.24466198
vn 0.84477744 0.50163196 0.18632353
vn 0.86847351 0.43688346 0.23427889
vn 0.85344044 0.42437493 0.30256458
vn 0.80149485 0.52100586 0.29352836
vn 0.81561918 0.46242536 0.34774724
vn 0.71710440 0.67876923 -0.15822012
vn 0.66422462 0.70683083 -0.24330196
vn 0.77135734 0.63086300 -0.08378383
vn 0.72593644 0.67493398 -0.13221349
vn 0.80440223 0.59384370 0.01693258
vn 0.74994788 0.66149615 0.00101158
vn 0.81106652 0.57153700 0.12456545
vn 0.73979627 0.66055672 0.12793084
vn 0.71701577 0.66457192 0.21031535
vn 0.88412414 -0.35483903 -0.30399633
vn 0.88313004 -0.40383718 -0.23874017
vn 0.85866992 -0.49453681 -0.13460800
vn 0.78040260 -0.62522792 -0.00786342
vn 0.65502139 -0.74708370 0.11319420
vn 0.50201286 -0.82588206 0.25671368
vn 0.92058750 -0.24091069 -0.30737712
vn 0.91731367 -0.22858855 -0.32601059
vn 0.92085556 -0.25082608 -0.29851519
vn 0.92645879 -0.26302934 -0.26923906
vn 0.89747754 -0.39201783 -0.20212888
vn 0.85708547 -0.51004209 -0.07253664
vn 0.77067321 -0.63565681 0.04475736
vn 0.64035988 -0.75519522 0.14006929
vn 0.50032532 -0.83744083 0.21992597
vn -0.28154993 -0.50314349 0.81705340
vn 0.19244445 -0.84628270 0.49676023
vn 0.15818615 -0.54282257 0.82481562
vn 0.94335543 -0.15190575 -0.29496640
vn 0.94820943 -0.12011908 -0.29405832
vn 0.94291591 -0.09077191 -0.32042168
vn 0.94908166 -0.06412233 -0.30843531
vn 0.94530626 -0.14130451 -0.29398827
vn 0.23374343 0.17028445 0.95727071
vn 0.96436133 -0.07604921 -0.25342403
vn 0.96477143 -0.03372705 -0.26091870
vn 0.96224660 0.02897439 -0.27063255
vn 0.95931760 0.08830865 -0.26816287
vn 0.57657319 0.69598476 0.42798197
vn 0.34824861 0.74973926 0.56268459
vn -0.61207372 -0.74253635 0.27203958
vn -0.12414242 -0.91568847 0.38223460
vn -0.13532229 -0.54665497 -0.82635115
vn -0.01926647 -0.09024272 0.99573343
vn 0.96508040 -0.04819690 -0.25748181
vn 0.97523624 -0.01913886 -0.22033606
vn 0.97885929 0.03304719 -0.20184739
vn 0.97568175 0.12802689 -0.17791637
vn 0.96774127 0.17057290 -0.18542309
vn 0.95730453 0.25736567 -0.13164709
vn 0.96017797 0.27156807 -0.06564334
vn 0.91343331 0.40606823 -0.02735294
vn 0.91788109 0.39566957 0.03065759
vn 0.84686359 0.52774082 0.06566339
vn 0.83938784 0.52880665 0.12566459
vn 0.71576025 0.65512301 0.24187002
vn 0.69080585 0.68142660 0.24175412
vn 0.53926057 0.76266275 0.35713243
vn 0.54178497 0.80856854 0.22953422
vn -0.09213149 0.23970919 -0.96646329
vn -0.01360043 0.03886807 0.99915179
vn 0.97268745 -0.01673440 -0.23151475
vn 0.98389324 0.02222183 -0.17737044
vn 0.98819690 0.09980694 -0.11621301
vn 0.97446369 0.21924761 -0.04848720
vn 0.94023506 0.34037746 0.01006049
vn 0.87676497 0.45986691 0.14073242
vn 0.75884266 0.61199614 0.22275221
vn -0.10446145 0.96083843 0.25666575
vn 0.97873712 0.03724626 -0.20170861
vn 0.98958593 0.09074018 -0.11174033
vn 0.98556198 0.16788674 -0.02194574
vn 0.95660181 0.27393556 0.09935940
vn 0.89656829 0.41951203 0.14203857
vn 0.97525592 0.21719093 -0.04127933
vn 0.95273117 0.29470580 0.07383637
vn -0.17593490 -0.89408838 -0.41188941
vn -0.12625703 -0.66323890 -0.73768105
vn -0.21255699 -0.96906046 -0.12546454
vn -0.16979501 -0.98530491 0.01854444
vn -0.05509281 -0.98973104 0.13189860
vn 0.08599186 -0.97248375 0.21651965
vn 0.21638666 -0.93151121 0.29234171
vn 0.33582078 -0.89080770 0.30608175
vn 0.42709329 -0.81462261 0.39240454
vn -0.51692944 -0.07972489 -0.85230740
vn -0.07073990 -0.47378811 -0.87779308
vn -0.02495480 -0.06813654 -0.99736386
vn 0.50881630 -0.77954123 0.36526901
vn 0.54297914 -0.76915165 0.33701540
vn 0.41083786 -0.83679785 0.36191382
vn 0.63140977 -0.68172705 0.36955369
vn -0.41368774 0.61144731 -0.67453291
vn 0.00027876 0.53541720 -0.84458767
vn -0.45490120 0.87734296 0.15275542
vn -0.41267031 0.90681944 -0.08591694
vn 0.68692384 -0.65199451 0.32099657
vn 0.69415963 -0.67442871 0.25157171
vn 0.70110356 -0.67265642 0.23661600
vn 0.80560196 -0.54041380 0.24281354
vn 0.73301214 -0.65101575 0.19715906
vn 0.77489212 -0.60228240 0.19182831
vn 0.01038927 0.87305031 -0.48751946
vn -0.02454804 0.97644405 -0.21436978
vn -0.08655178 0.99455525 0.05804001
vn -0.12551317 0.98201222 0.14106186
vn -0.09723604 0.99426044 -0.04462424
vn 0.02843923 0.95121942 -0.30720160
vn 0.27827077 0.83355082 -0.47724041
vn 0.33829771 0.80882487 -0.48099583
vn 0.86235459 -0.45154646 0.22902041
vn 0.86909352 -0.44040522 0.22521033
vn 0.89864347 -0.35851487 0.25279834
vn 0.92155799 -0.30381576 0.24171649
vn 0.89638202 -0.35504735 0.26540657
vn 0.89472196 -0.34659878 0.28167694
vn 0.44933222 0.75267184 -0.48123347
vn 0.51094029 0.76417313 -0.39367429
vn 0.95016977 -0.19553284 0.24278452
vn 0.95828337 -0.12421982 0.25741486
vn 0.96300991 -0.07610190 0.25849646
vn 0.94616991 -0.17073372 0.27497728
vn 0.93451435 -0.20978185 0.28753175
vn 0.54789096 0.75197580 -0.36653498
vn 0.69619067 0.64008055 -0.32498530
vn 0.52984037 0.69409467 -0.48734153
vn 0.83150717 0.49998933 -0.24208780
vn 0.71792515 0.62687603 -0.30267133
vn 0.80989766 0.55942477 -0.17637941
vn 0.97075266 0.17044809 0.16907609
vn 0.96501102 0.21110406 0.15552754
vn 0.97539843 0.03612999 0.21746845
vn 0.97442171 0.09330885 0.20444019
vn 0.97507430 0.02003565 0.22097214
vn 0.96933419 -0.06551406 0.23685258
vn 0.95043461 -0.13123787 0.28186997
vn 0.81339238 0.56034145 -0.15623797
vn 0.72060781 0.63934287 -0.26826309
vn 0.88007044 0.47360024 -0.03433404
vn 0.80472659 0.58385074 -0.10739380
vn 0.91833638 0.38422518 0.09502261
vn 0.85844303 0.51260407 0.01768156
vn 0.89704202 0.43671394 0.06779792
vn 0.93635152 0.33533634 0.10390078
vn 0.97141356 0.20865357 0.11322269
vn 0.98811312 0.07780678 0.13258421
vn 0.98091768 -0.04718289 0.18861145
vn 0.85703960 0.51157333 -0.06144803
vn 0.94866402 0.31204619 -0.05161159
vn 0.98793605 0.15406165 -0.01572804
vn 0.99778535 0.01534169 0.06472267
vn 0.97779396 -0.08380397 0.19208296
vn 0.99842768 0.00299362 -0.05597509
vn 0.99158987 -0.08435647 0.09815046
vn 0.98925494 -0.09243289 -0.11327325
vn 0.99274041 -0.11079008 0.04681928
vn 0.96871891 -0.13700766 0.20691200
vn 0.95674266 -0.17552012 -0.23202621
vn 0.98299260 -0.15130690 -0.10407579
vn 0.98906885 -0.14281134 0.03671158
vn 0.97138375 -0.14532896 0.18786461
vn 0.91832197 -0.23537389 -0.31825130
vn 0.96100366 -0.19420356 -0.19686781
vn 0.98158938 -0.17367630 -0.07949110
vn 0.98654127 -0.15672236 0.04663068
vn 0.97142427 -0.14747776 0.18597097
vn 0.93462391 -0.14157409 0.32624365
vn 0.94256234 -0.19060531 -0.27430976
vn 0.96972187 -0.17151028 -0.17384971
vn 0.98482879 -0.16194060 -0.06234975
vn 0.98652260 -0.15311485 0.05769757
vn 0.97117218 -0.14065888 0.19245695
vn 0.93475368 -0.12763157 0.33158068
vn 0.91836843 -0.14984773 -0.36625822
vn 0.95561090 -0.13022671 -0.26428926
vn 0.97577628 -0.13700510 -0.17055868
vn 0.98716651 -0.14780598 -0.06046213
vn 0.98733082 -0.14352231 0.06766979
vn 0.97088686 -0.12381338 0.20505840
vn 0.93414684 -0.10376835 0.34147006
vn 0.93555524 -0.12203290 -0.33142775
vn 0.95839393 -0.10587061 -0.26508957
vn 0.97550582 -0.12221086 -0.18290133
vn 0.98763005 -0.14020691 -0.07020613
vn 0.98755026 -0.13267767 0.08450512
vn 0.96835092 -0.10031691 0.22854541
vn 0.93273901 -0.07221845 0.35324557
vn 0.88026162 -0.06423321 0.47012082
vn 0.94467491 -0.12525024 -0.30315293
vn 0.95680559 -0.11437219 -0.26728649
vn 0.96586470 -0.14497982 -0.21467704
vn 0.98239682 -0.12833683 -0.13574291
vn 0.99047950 -0.12452381 -0.05868718
vn 0.98835515 -0.11896859 0.09487132
vn 0.96125301 -0.07250925 0.26596064
vn 0.97986602 -0.09429416 0.17598635
vn 0.92921303 -0.03564064 0.36782181
vn 0.87979812 -0.03119519 0.47432281
vn 0.90178483 -0.18794011 -0.38918200
vn 0.94047358 -0.17885456 -0.28899912
vn 0.93892248 -0.19805826 -0.28142050
vn 0.96377591 -0.15804413 -0.21484424
vn 0.97499591 -0.13113449 -0.17940657
vn 0.94859468 -0.03654793 0.31437619
vn 0.97579048 -0.04925251 0.21308948
vn 0.92379668 -0.00340730 0.38286822
vn 0.88056724 -0.00510117 0.47389377
vn 0.89113258 -0.27603920 -0.36011816
vn 0.91657966 -0.27304190 -0.29211272
vn 0.94712353 -0.21981538 -0.23374818
vn 0.94871384 -0.19856815 -0.24599338
vn 0.93252325 0.00870528 0.36100499
vn 0.96619779 -0.00184929 0.25779528
vn 0.91998834 0.01893322 0.39148817
vn 0.88359170 0.01198750 0.46810469
vn 0.82101284 -0.39211373 -0.41495149
vn 0.89524261 -0.31865049 -0.31145230
vn 0.93557633 -0.25488324 -0.24440024
vn 0.93409271 -0.24970037 -0.25518725
vn 0.92524007 0.05682654 0.37510207
vn 0.95760179 0.04398535 0.28471758
vn 0.92148149 0.03969316 0.38638881
vn 0.88796188 0.02931002 0.45898217
vn 0.06567290 -0.94154215 -0.33043220
vn 0.44272788 -0.87167729 -0.21016832
vn 0.37900340 -0.91660573 -0.12724133
vn 0.45014829 -0.89177268 -0.04591290
vn 0.52047791 -0.85311931 0.03591907
vn 0.61416882 -0.78488432 0.08217831
vn 0.68949808 -0.69174660 0.21466031
vn 0.79232636 -0.58335746 0.17864213
vn 0.75743412 -0.62943944 0.17349220
vn 0.79842567 -0.58517410 0.14173119
vn 0.80254775 -0.58070408 0.13674746
vn 0.78526758 -0.60418620 0.13532871
vn 0.74733969 -0.62622626 -0.22209022
vn 0.82816979 -0.43451693 -0.35401954
vn 0.90351702 -0.31682469 -0.28858121
vn 0.94386802 -0.23310959 -0.23403647
vn 0.93533233 -0.25852644 -0.24149018
vn 0.92953934 0.10406841 0.35373207
vn 0.95407665 0.09344816 0.28461409
vn 0.92575429 0.07707967 0.37018606
vn 0.89116513 0.06694837 0.44871218
vn 0.32008673 -0.82511860 -0.46553601
vn 0.31130875 -0.46553047 -0.82847344
vn 0.41772237 -0.85074237 -0.31897561
vn 0.91656114 -0.34365914 0.20448490
vn 0.93528301 -0.30047095 0.18698369
vn 0.98548283 0.07201104 0.15374657
vn 0.96590480 0.13099983 0.22330911
vn 0.99203417 -0.00903996 0.12564429
vn 0.99185498 -0.08657716 0.09342426
vn 0.98313108 -0.17625249 0.04887072
vn 0.96608611 -0.25729325 -0.02185873
vn 0.95216585 -0.28289309 -0.11554950
vn 0.95141613 -0.25820296 -0.16774557
vn 0.95974200 -0.15855975 -0.23184932
vn 0.97968916 -0.06913682 -0.18822661
vn 0.95873160 -0.19986156 -0.20221046
vn 0.93289111 0.16868766 0.31821164
vn 0.94453925 0.17334653 0.27892040
vn 0.92386121 0.14187891 0.35545864
vn 0.33835618 0.19439639 -0.92071990
vn 0.49630154 0.84416501 0.20265789
vn 0.66512791 0.70932630 0.23336894
vn 0.80437329 0.53359277 0.26127068
vn 0.86144225 0.47077888 0.19048490
vn 0.63679145 0.76691507 0.07961108
vn 0.71443943 0.69948363 0.01729015
vn 0.76873127 0.63940013 0.01482259
vn 0.82435019 0.56601081 -0.00886135
vn 0.87475817 0.48226317 -0.04712086
vn 0.91581308 0.38980897 -0.09661973
vn 0.94017625 0.30970836 -0.14194840
vn 0.95005075 0.26274691 -0.16842694
vn 0.95470698 0.24404674 -0.17022274
vn 0.98522734 0.07644698 -0.15324144
vn 0.95769570 0.24467168 -0.15150814
vn 0.96441617 0.23502909 -0.12108998
vn 0.92900163 0.26805258 0.25515444
vn 0.94306750 0.26281899 0.20383787
vn 0.94578896 0.21791013 0.24082861
vn 0.92903587 0.23224283 0.28802017
vn 0.90831116 0.23184547 0.34816449
vn 0.46126729 0.79932015 -0.38512308
vn 0.16842323 0.90272357 -0.39588353
vn 0.51874516 0.85340955 0.05094692
vn 0.22659270 0.97251774 0.05352556
vn 0.48991385 0.84994621 0.19384496
vn 0.19781436 0.95811717 0.20707718
vn 0.45471788 0.86319341 0.21938272
vn 0.43980107 0.87008736 0.22253766
vn 0.47417312 0.86241170 0.17721713
vn 0.75247288 0.62949461 -0.19370364
vn 0.79834192 0.57149918 -0.18983903
vn 0.83664557 0.52272568 -0.16365223
vn 0.92697505 0.36242339 -0.09678091
vn 0.86757773 0.48216984 -0.12174210
vn 0.93509664 0.35033893 -0.05345006
vn 0.89179365 0.44698538 -0.07005828
vn 0.94164567 0.33644656 0.01035119
vn 0.90800534 0.41895721 -0.00107798
vn 0.94236716 0.32412799 0.08297703
vn 0.91589666 0.39378047 0.07791186
vn 0.93657050 0.31474646 0.15417640
vn 0.91483190 0.36997522 0.16186702
vn 0.91339102 0.34481764 0.21637385
vn 0.89989733 0.33494382 0.27928020
vn 0.80404629 0.58238349 -0.11974574
vn 0.84278769 0.53610456 -0.04796681
vn 0.86710271 0.49672080 0.03743441
vn 0.87650506 0.46418988 0.12754069
vn 0.95042954 -0.22668279 -0.21283470
vn 0.95239040 -0.26987942 -0.14183661
vn 0.94406656 -0.32205326 -0.07085214
vn 0.92673548 -0.37571367 0.00076438
vn 0.88993881 -0.43274153 0.14402666
vn 0.73469108 -0.48501789 0.47432759
vn 0.96732278 -0.04577164 -0.24938243
vn 0.97768071 -0.01483503 -0.20957182
vn 0.98898273 0.02073683 -0.14657129
vn 0.99504258 0.06878624 -0.07182420
vn 0.99072899 0.13558477 0.00853486
vn 0.97512009 0.19134711 0.11192452
vn 0.87420571 0.19789334 0.44339891
vn 0.97512156 0.09894118 -0.19836480
vn 0.97364941 0.17346132 -0.14804731
vn 0.96223933 0.26326254 -0.06919752
vn 0.93102562 0.36412035 0.02465100
vn 0.87047075 0.47730911 0.12023596
vn 0.76283648 0.61740902 0.19205885
vn 0.04286599 -0.88345580 0.46654942
vn 0.08947944 -0.60437239 -0.79166119
vn 0.01043754 -0.11150349 0.99370923
vn 0.13468006 0.23830472 -0.96180671
vn 0.01994461 0.04167913 0.99893196
vn 0.15462467 0.95040815 0.26984357
vn 0.46182409 -0.78072927 -0.42092793
vn 0.52229939 -0.51501211 -0.67968072
vn 0.47505851 -0.87439357 -0.09876885
vn 0.51703197 -0.84832287 0.11413260
vn 0.61197926 -0.74989091 0.25128672
vn 0.72795856 -0.62718494 0.27697542
vn 0.73054627 -0.59585759 0.33355041
vn 0.84437574 -0.42185004 0.33026074
vn 0.71109746 -0.63668156 0.29829012
vn 0.57296106 -0.28901901 -0.76693131
vn 0.56322668 -0.01139931 -0.82622380
vn 0.95662178 -0.13091956 0.26025919
vn 0.96021564 0.02711290 0.27794033
vn 0.91316841 -0.31572267 0.25776473
vn 0.86888448 -0.42373892 0.25590054
vn 0.80900762 -0.51541363 0.28258709
vn 0.68576661 0.32987269 -0.64877436
vn 0.42477300 0.63647270 -0.64379376
vn 0.66338564 0.59444914 -0.45447740
vn 0.71278530 0.69303028 0.10791730
vn 0.75655802 0.64465411 0.10973169
vn 0.88374462 0.39010932 0.25847663
vn 0.92608155 0.37668229 0.02198662
vn 0.98729601 0.13093436 0.09001551
vn 0.98895242 -0.06773893 0.13185051
vn 0.95788849 -0.22741647 0.17530374
vn 0.91369616 -0.35182930 0.20340960
vn 0.87208626 -0.44053719 0.21305523
vn 0.53805448 0.81016036 -0.23267480
vn 0.50426350 0.86326856 -0.02203907
vn 0.46167373 0.88064833 0.10637618
vn 0.52467926 0.84821234 0.07243968
vn 0.84151827 0.49789101 -0.20964623
vn 0.95454975 0.29046690 -0.06681133
vn 0.99342711 0.11294771 0.01858454
vn 0.99562618 -0.03996101 0.08444896
vn 0.97725023 -0.16184338 0.13707188
vn 0.95526489 -0.23910059 0.17406867
vn 0.93936581 -0.27351102 0.20684197
vn 0.81973404 0.52342089 -0.23252243
vn 0.90927113 0.39009487 -0.14509307
vn 0.96455156 0.25761662 -0.05721855
vn 0.99055291 0.13433279 0.02756160
vn 0.99370312 0.03492238 0.10646380
vn 0.98345295 -0.02732375 0.17909135
vn 0.97261042 -0.06498768 0.22317162
vn 0.92411701 0.37342942 -0.08098279
vn 0.95768397 0.28719356 0.01900724
vn 0.97056778 0.20842376 0.12065534
vn 0.99560638 -0.08491030 -0.03947378
vn 0.99472580 -0.07558621 0.06933481
vn 0.99112072 -0.08675716 -0.10076165
vn 0.99815135 -0.05609463 -0.02339404
vn 0.99612345 -0.04112532 0.07776104
vn 0.98356098 -0.12692753 -0.12844145
vn 0.99480528 -0.08081887 -0.06189311
vn 0.99893266 -0.04601490 0.00402204
vn 0.99538844 -0.01631622 0.09452852
vn 0.97541600 -0.16177306 -0.14964327
vn 0.99036486 -0.11356224 -0.07925311
vn 0.99705440 -0.07364246 -0.02143153
vn 0.99860266 -0.02751649 0.04511730
vn 0.99248012 0.01088836 0.12192073
vn 0.73298386 -0.67646823 -0.07159185
vn 0.81322315 -0.58194940 -0.00173027
vn 0.86355947 -0.49964135 0.06799675
vn 0.89622413 -0.42892444 0.11316415
vn 0.97556849 -0.15131199 -0.15928212
vn 0.99017518 -0.09951888 -0.09822984
vn 0.99720738 -0.06312957 -0.03990108
vn 0.99947869 -0.02118488 0.02436282
vn 0.99585147 0.02090934 0.08855878
vn 0.98613908 0.05797355 0.15546311
vn 0.79309260 -0.44816514 -0.41249501
vn 0.92835266 -0.34501682 -0.13829222
vn 0.96993509 -0.23705764 0.05504176
vn 0.98160219 -0.14303295 0.12648600
vn 0.98323765 -0.04582703 0.17647552
vn 0.98279538 0.02099571 0.18350047
vn 0.98499656 0.04865235 0.16557395
vn 0.98854414 0.04540447 0.14394070
vn 0.98815311 -0.04037050 -0.14806639
vn 0.99411428 -0.00389842 -0.10826631
vn 0.99766617 0.02336260 -0.06415920
vn 0.99862363 0.05235009 -0.00321100
vn 0.99500425 0.07949650 0.06038913
vn 0.98725210 0.10414239 0.12036466
vn 0.97316453 0.13231208 0.18826657
vn 0.89655729 0.22468566 -0.38170850
vn 0.94862084 0.31632416 -0.00758484
vn 0.90758663 0.39792888 0.13393699
vn 0.86542550 0.46147913 0.19513001
vn 0.83575227 0.50710138 0.21063317
vn 0.82595196 0.53149329 0.18793147
vn 0.97378467 0.20826320 -0.09148693
vn 0.97644375 0.21100664 -0.04509777
vn 0.97706960 0.21251735 0.01309059
vn 0.97367538 0.21485114 0.07612656
vn 0.96543776 0.22208883 0.13640555
vn 0.69638733 -0.71639090 0.04276414
vn 0.84685449 -0.53115949 0.02659072
vn 0.30572917 0.26654556 -0.91404767
vn 0.05398391 0.05511353 0.99701968
vn 0.38326508 0.88572052 0.26192946
vn 0.86979976 -0.35152266 -0.34623720
vn 0.93398578 -0.34887219 -0.07719299
vn 0.92822223 -0.34503476 0.13912045
vn 0.91676163 -0.32789384 0.22810908
vn 0.91066330 -0.31760487 0.26423378
vn 0.85034666 0.03981966 -0.52471417
vn 0.94437577 0.11736595 -0.30721269
vn 0.98515864 0.15727319 -0.06875755
vn 0.97989393 0.15203363 0.12920394
vn 0.96955999 0.11175220 0.21786435
vn 0.97916321 0.03844650 0.19940229
vn 0.84138645 0.48766651 -0.23291675
vn 0.84622304 0.53124693 -0.04102755
vn 0.84095966 0.53464611 0.08330901
vn 0.87207863 0.47333961 0.12421139
vn 0.92296317 0.35234209 0.15490006
vn -0.97208508 0.16608060 -0.16573424
vn -0.63715304 -0.69910318 -0.32448536
vn -0.16581226 0.28379974 -0.94443846
vn -0.63626644 0.32507142 0.69963819
vn -0.16583101 0.94449780 -0.28359123
vn -0.95263365 -0.21434499 -0.21574371
vn 0.26364993 -0.92802213 -0.26317988
vn 0.26363085 -0.26254400 -0.92820764
vn 0.21775031 -0.21527818 0.95196644
vn -0.95155458 -0.21756804 0.21727411
vn 0.26389921 -0.92774540 0.26390469
vn 0.21725052 -0.21755704 -0.95156248
vn 0.26390160 -0.26403163 0.92770860
vn 0.21896753 0.95109165 -0.21789424
vn 0.21699272 0.95174727 0.21700530
vn -0.96486645 -0.02585669 0.26146541
vn 0.01155481 -0.99986639 0.01156197
vn 0.26130306 -0.02584916 -0.96491063
vn 0.26363100 -0.00670012 0.96460033
vn -0.96499121 -0.00067955 0.26228134
vn 0.26202385 -0.00068087 -0.96506116
vn 0.26291675 -0.00019095 0.96481850
vn -0.96487433 0.00393144 0.26268247
vn 0.26238624 0.00392123 -0.96495497
vn 0.26225094 0.00101245 0.96499918
vn -0.96483785 -0.00328656 0.26282528
vn 0.26255796 -0.00329982 -0.96491058
vn 0.26198980 -0.00085436 0.96507026
vn -0.96468069 -0.01377954 0.26306139
vn 0.26284548 -0.01381824 -0.96473898
vn 0.26225595 -0.00355735 0.96499179
vn -0.96436800 -0.02233087 0.26362035
vn 0.26338120 -0.02239987 -0.96443175
vn 0.26298797 -0.00571019 0.96478221
vn -0.96405115 -0.02702411 0.26433893
vn 0.26417972 -0.02709219 -0.96409288
vn 0.26398861 -0.00682911 0.96450162
vn -0.96380460 -0.02805501 0.26512944
vn 0.26504216 -0.02810708 -0.96382708
vn 0.26501530 -0.00699507 0.96421883
vn -0.96364024 -0.02636274 0.26589940
vn 0.26596690 -0.02637816 -0.96362119
vn 0.26602744 -0.00648054 0.96394367
vn -0.96354825 -0.02268352 0.26657125
vn 0.26687121 -0.02265507 -0.96346588
vn 0.26697084 -0.00549544 0.96368894
vn -0.96349474 -0.01767351 0.26714329
vn 0.26774689 -0.01759006 -0.96332870
vn 0.26781824 -0.00422724 0.96346018
vn -0.96343383 -0.01285630 0.26763777
vn 0.26862266 -0.01274063 -0.96316122
vn 0.26849185 -0.00305449 0.96327711
vn -0.96329863 -0.01124922 0.26819621
vn 0.26956975 -0.01114205 -0.96291641
vn 0.26897765 -0.00266913 0.96314272
vn -0.96301933 -0.01615957 0.26894727
vn 0.27068187 -0.01610079 -0.96253420
vn 0.26941366 -0.00378452 0.96301711
vn -0.96244300 -0.02811155 0.27002447
vn 0.27200792 -0.02811582 -0.96188419
vn 0.27014712 -0.00639578 0.96279781
vn -0.96164566 -0.04075936 0.27124952
vn 0.27334328 -0.04081303 -0.96105034
vn 0.27156358 -0.00887313 0.96237960
vn -0.96167291 -0.03733812 0.27164515
vn 0.27384591 -0.03727890 -0.96105083
vn 0.27378213 -0.00750752 0.96176244
vn -0.96286821 0.00755003 0.26986629
vn 0.27241070 0.00798558 -0.96214793
vn 0.27621180 0.00261851 0.96109322
vn -0.95750961 0.10766894 0.26754952
vn 0.27049624 0.10751640 -0.95669849
vn 0.27710182 0.02503575 0.96051434
vn -0.93487057 0.23253502 0.26822468
vn 0.27143570 0.22981691 -0.93461589
vn 0.27393929 0.05661102 0.96007940
vn 0.08140627 0.99341261 0.08064993
vn -0.69916713 -0.63707668 -0.32449751
vn 0.16608339 -0.97207767 -0.16577489
vn 0.28380793 -0.16580275 -0.94443767
vn 0.32502533 -0.63627792 0.69964915
vn 0.26811791 0.26812659 -0.92532206
vn -0.69837621 0.32497740 0.63769926
vn 0.32489711 -0.69831902 0.63780281
vn 0.16637770 0.16642872 0.97191561
vn -0.96474393 0.26234786 -0.02104176
vn 0.26258258 -0.96468111 -0.02099377
vn 0.00560389 0.00559925 -0.99996862
vn -0.96464301 0.26289631 -0.01869197
vn 0.26334369 -0.96452211 -0.01863345
vn -0.96458863 0.26336028 -0.01449596
vn 0.26401313 -0.96441081 -0.01445187
vn -0.96458154 0.26366287 -0.00802156
vn 0.26453531 -0.96434272 -0.00801151
vn -0.96457304 0.26381491 -0.00073445
vn 0.26489581 -0.96427675 -0.00074951
vn -0.96452294 0.26396489 0.00424786
vn 0.26516786 -0.96419300 0.00422557
vn -0.96449928 0.26404560 0.00458826
vn 0.26532799 -0.96414725 0.00459744
vn -0.96450808 0.26404028 0.00262739
vn 0.26541887 -0.96412953 0.00266015
vn -0.96456760 0.26370268 0.00838138
vn 0.26510610 -0.96418305 0.00835421
vn -0.96415332 0.26261818 0.03794822
vn 0.26396341 -0.96379473 0.03772327
vn 0.01597821 0.01590213 0.99974588
vn -0.95264505 0.21426124 0.21577659
vn 0.21647141 -0.95191285 0.21679955
vn 0.21516584 0.21397865 -0.95284668
vn 0.26152936 0.26099689 0.92923787
vn 0.26811265 0.92537478 -0.26794984
vn 0.28372789 0.94438061 0.16626408
vn 0.26257940 0.96489498 -0.00545240
vn 0.26335642 0.96468670 -0.00479234
vn 0.26412217 0.96448223 -0.00367416
vn 0.26471583 0.96432437 -0.00201194
vn 0.26497483 0.96425531 -0.00017700
vn 0.26493827 0.96426479 0.00106715
vn 0.26474566 0.96431758 0.00115575
vn 0.26484169 0.96429166 0.00069520
vn 0.26545217 0.96412154 0.00218958
vn 0.26629772 0.96384245 0.00965670
vn 0.26155071 0.92903486 0.26169727
vn 0.92834928 -0.26252941 -0.26314621
vn 0.92770694 -0.26403180 0.26390725
vn 0.96458753 -0.00668838 0.26367815
vn 0.96479755 -0.00019139 0.26299365
vn 0.96497450 0.00100457 0.26234177
vn 0.96504673 -0.00086040 0.26207645
vn 0.96497069 -0.00357428 0.26233336
vn 0.96475601 -0.00574074 0.26308341
vn 0.96447883 -0.00686158 0.26407102
vn 0.96419903 -0.00702308 0.26508660
vn 0.96393470 -0.00649750 0.26605952
vn 0.96369863 -0.00549941 0.26693577
vn 0.96349683 -0.00421068 0.26768661
vn 0.96334932 -0.00302653 0.26823296
vn 0.96325021 -0.00265367 0.26859263
vn 0.96314956 -0.00382056 0.26893925
vn 0.96292917 -0.00651789 0.26967559
vn 0.96247852 -0.00907927 0.27120594
vn 0.96183005 -0.00764398 0.27354073
vn 0.96120566 0.00288686 0.27581759
vn 0.96073350 0.02547598 0.27630076
vn 0.96042836 0.05613616 0.27281147
vn 0.94449953 -0.16580918 -0.28359821
vn 0.92537218 0.26812140 -0.26795009
vn 0.94437403 0.28375428 0.16625644
vn 0.96491750 0.26249702 -0.00543367
vn 0.96472936 0.26320045 -0.00477376
vn 0.96454331 0.26389916 -0.00366619
vn 0.96440286 0.26442964 -0.00201954
vn 0.96434903 0.26463356 -0.00018810
vn 0.96436707 0.26456574 0.00106264
vn 0.96442761 0.26434450 0.00117079
vn 0.96441393 0.26439603 0.00071995
vn 0.96424849 0.26499064 0.00219435
vn 0.96396203 0.26586608 0.00961401
vn 0.92919401 0.26100151 0.26168053
f 3//3 2//2 1//1
f 4//4 1//1 2//2
f 5//5 3//3 1//1
f 5//5 1//1 4//4
f 8//8 7//7 6//6
f 9//9 6//6 7//7
f 12//12 11//11 10//10
f 13//13 10//10 11//11
f 14//14 8//8 6//6
f 14//14 6//6 9//9
f 15//15 12//12 10//10
f 15//15 10//10 13//13
f 3//3 16//16 2//2
f 16//16 4//4 2//2
f 5//5 16//16 3//3
f 16//16 5//5 4//4
f 8//8 17//17 7//7
f 17//17 9//9 7//7
f 12//12 18//18 11//11
f 18//18 13//13 11//11
f 14//14 17//17 8//8
f 17//17 14//14 9//9
f 15//15 18//18 12//12
f 18//18 15//15 13//13
f 21//21 20//20 19//19
f 23//23 22//22 19//19
f 23//23 19//19 20//20
f 25//25 24//24 22//22
f 25//25 22//22 23//23
f 27//27 26//26 24//24
f 27//27 24//24 25//25
f 28//28 26//26 27//27
f 21//21 19//19 29//29
f 21//21 29//29 30//30
f 31//31 19//19 22//22
f 29//29 19//19 31//31
f 32//32 22//22 24//24
f 31//31 22//22 32//32
f 33//33 24//24 26//26
f 32//32 24//24 33//33
f 26//26 28//28 34//34
f 35//35 26//26 34//34
f 33//33 26//26 35//35
f 36//36 35//35 34//34
f 30//30 29//29 37//37
f 30//30 37//37 38//38
f 39//39 29//29 31//31
f 37//37 29//29 39//39
f 40//40 31//31 32//32
f 39//39 31//31 40//40
f 33//33 42//42 41//41
f 40//40 33//33 41//41
f 32//32 33//33 40//40
f 42//42 33//33 35//35
f 42//42 35//35 43//43
f 43//43 35//35 36//36
f 44//44 38//38 37//37
f 44//44 37//37 39//39
f 44//44 39//39 45//45
f 45//45 39//39 40//40
f 45//45 40//40 46//46
f 46//46 40//40 41//41
f 49//49 48//48 47//47
f 50//50 47//47 48//48
f 49//49 47//47 51//51
f 49//49 51//51 52//52
f 47//47 50//50 53//53
f 47//47 53//53 51//51
f 54//54 52//52 51//51
f 54//54 51//51 53//53
f 56//56 55//55 20//20
f 56//56 20//20 21//21
f 20//20 57//57 23//23
f 55//55 57//57 20//20
f 23//23 58//58 25//25
f 57//57 58//58 23//23
f 25//25 59//59 27//27
f 58//58 59//59 25//25
f 61//61 60//60 28//28
f 27//27 61//61 28//28
f 59//59 61//61 27//27
f 63//63 62//62 60//60
f 63//63 60//60 61//61
f 65//65 64//64 62//62
f 65//65 62//62 63//63
f 66//66 64//64 65//65
f 69//69 68//68 67//67
f 68//68 56//56 67//67
f 56//56 30//30 67//67
f 56//56 21//21 30//30
f 60//60 34//34 28//28
f 34//34 60//60 36//36
f 60//60 70//70 36//36
f 60//60 62//62 70//70
f 71//71 62//62 64//64
f 70//70 62//62 71//71
f 64//64 66//66 72//72
f 73//73 64//64 72//72
f 71//71 64//64 73//73
f 75//75 74//74 73//73
f 75//75 73//73 72//72
f 76//76 74//74 75//75
f 69//69 67//67 77//77
f 69//69 77//77 78//78
f 38//38 77//77 30//30
f 30//30 77//77 67//67
f 79//79 41//41 42//42
f 43//43 80//80 42//42
f 42//42 80//80 79//79
f 36//36 70//70 43//43
f 70//70 80//80 43//43
f 70//70 81//81 80//80
f 82//82 70//70 71//71
f 81//81 70//70 82//82
f 83//83 71//71 73//73
f 82//82 71//71 83//83
f 84//84 73//73 74//74
f 83//83 73//73 84//84
f 74//74 76//76 85//85
f 86//86 74//74 85//85
f 84//84 74//74 86//86
f 88//88 87//87 86//86
f 88//88 86//86 85//85
f 89//89 87//87 88//88
f 90//90 78//78 77//77
f 90//90 77//77 38//38
f 44//44 90//90 38//38
f 91//91 90//90 44//44
f 92//92 44//44 45//45
f 92//92 91//91 44//44
f 93//93 45//45 46//46
f 93//93 92//92 45//45
f 46//46 41//41 79//79
f 94//94 46//46 79//79
f 93//93 46//46 94//94
f 94//94 79//79 80//80
f 94//94 80//80 95//95
f 95//95 80//80 81//81
f 95//95 81//81 96//96
f 98//98 97//97 96//96
f 81//81 98//98 96//96
f 82//82 98//98 81//81
f 99//99 82//82 83//83
f 98//98 82//82 99//99
f 100//100 83//83 84//84
f 99//99 83//83 100//100
f 101//101 84//84 86//86
f 100//100 84//84 101//101
f 102//102 86//86 87//87
f 101//101 86//86 102//102
f 87//87 89//89 103//103
f 104//104 87//87 103//103
f 102//102 87//87 104//104
f 105//105 104//104 103//103
f 106//106 97//97 98//98
f 106//106 98//98 99//99
f 106//106 99//99 107//107
f 109//109 108//108 107//107
f 99//99 109//109 107//107
f 100//100 109//109 99//99
f 110//110 100//100 101//101
f 109//109 100//100 110//110
f 111//111 101//101 102//102
f 110//110 101//101 111//111
f 112//112 102//102 104//104
f 111//111 102//102 112//112
f 104//104 105//105 113//113
f 114//114 104//104 113//113
f 112//112 104//104 114//114
f 115//115 114//114 113//113
f 116//116 108//108 109//109
f 116//116 109//109 110//110
f 116//116 110//110 117//117
f 119//119 118//118 117//117
f 110//110 119//119 117//117
f 111//111 119//119 110//110
f 120//120 111//111 112//112
f 119//119 111//111 120//120
f 121//121 112//112 114//114
f 120//120 112//112 121//121
f 114//114 115//115 122//122
f 114//114 122//122 121//121
f 123//123 118//118 119//119
f 123//123 119//119 120//120
f 123//123 120//120 124//124
f 124//124 120//120 121//121
f 124//124 121//121 125//125
f 125//125 121//121 122//122
f 128//128 127//127 126//126
f 130//130 129//129 126//126
f 130//130 126//126 127//127
f 131//131 129//129 130//130
f 134//134 133//133 132//132
f 132//132 133//133 128//128
f 126//126 132//132 128//128
f 135//135 132//132 126//126
f 136//136 126//126 129//129
f 135//135 126//126 136//136
f 129//129 131//131 137//137
f 129//129 137//137 136//136
f 140//140 139//139 138//138
f 138//138 139//139 134//134
f 132//132 138//138 134//134
f 141//141 138//138 132//132
f 142//142 132//132 135//135
f 141//141 132//132 142//142
f 143//143 135//135 136//136
f 142//142 135//135 143//143
f 136//136 137//137 144//144
f 136//136 144//144 143//143
f 147//147 146//146 145//145
f 149//149 148//148 145//145
f 149//149 145//145 146//146
f 151//151 150//150 148//148
f 151//151 148//148 149//149
f 153//153 152//152 150//150
f 153//153 150//150 151//151
f 154//154 152//152 153//153
f 157//157 156//156 155//155
f 155//155 156//156 140//140
f 138//138 155//155 140//140
f 158//158 155//155 138//138
f 159//159 138//138 141//141
f 158//158 138//138 159//159
f 160//160 141//141 142//142
f 159//159 141//141 160//160
f 161//161 142//142 143//143
f 160//160 142//142 161//161
f 143//143 144//144 162//162
f 143//143 162//162 161//161
f 165//165 164//164 163//163
f 167//167 166//166 163//163
f 167//167 163//163 164//164
f 166//166 167//167 147//147
f 145//145 166//166 147//147
f 168//168 166//166 145//145
f 169//169 145//145 148//148
f 168//168 145//145 169//169
f 170//170 148//148 150//150
f 169//169 148//148 170//170
f 171//171 150//150 152//152
f 170//170 150//150 171//171
f 152//152 154//154 172//172
f 173//173 152//152 172//172
f 171//171 152//152 173//173
f 174//174 173//173 172//172
f 177//177 176//176 175//175
f 175//175 176//176 157//157
f 155//155 175//175 157//157
f 178//178 175//175 155//155
f 179//179 155//155 158//158
f 178//178 155//155 179//179
f 180//180 158//158 159//159
f 179//179 158//158 180//180
f 181//181 159//159 160//160
f 180//180 159//159 181//181
f 161//161 183//183 182//182
f 181//181 161//161 182//182
f 160//160 161//161 181//181
f 183//183 161//161 162//162
f 165//165 163//163 184//184
f 165//165 184//184 185//185
f 186//186 163//163 166//166
f 184//184 163//163 186//186
f 187//187 166//166 168//168
f 186//186 166//166 187//187
f 188//188 168//168 169//169
f 187//187 168//168 188//188
f 189//189 169//169 170//170
f 188//188 169//169 189//189
f 171//171 191//191 190//190
f 189//189 171//171 190//190
f 170//170 171//171 189//189
f 191//191 171//171 173//173
f 191//191 173//173 192//192
f 192//192 173//173 174//174
f 177//177 175//175 193//193
f 177//177 193//193 194//194
f 195//195 175//175 178//178
f 193//193 175//175 195//195
f 196//196 178//178 179//179
f 195//195 178//178 196//196
f 197//197 179//179 180//180
f 196//196 179//179 197//197
f 181//181 199//199 198//198
f 197//197 181//181 198//198
f 180//180 181//181 197//197
f 199//199 181//181 182//182
f 200//200 185//185 184//184
f 200//200 184//184 186//186
f 200//200 186//186 201//201
f 201//201 186//186 187//187
f 201//201 187//187 202//202
f 202//202 187//187 188//188
f 202//202 188//188 203//203
f 203//203 188//188 189//189
f 203//203 189//189 204//204
f 204//204 189//189 190//190
f 205//205 194//194 193//193
f 205//205 193//193 195//195
f 205//205 195//195 206//206
f 206//206 195//195 196//196
f 206//206 196//196 207//207
f 207//207 196//196 197//197
f 207//207 197//197 208//208
f 208//208 197//197 198//198
f 210//210 209//209 48//48
f 210//210 48//48 49//49
f 50//50 48//48 209//209
f 50//50 209//209 211//211
f 52//52 210//210 49//49
f 52//52 212//212 210//210
f 211//211 53//53 50//50
f 213//213 53//53 211//211
f 214//214 212//212 52//52
f 214//214 52//52 54//54
f 54//54 53//53 213//213
f 54//54 213//213 214//214
f 216//216 215//215 55//55
f 216//216 55//55 56//56
f 55//55 217//217 57//57
f 215//215 217//217 55//55
f 57//57 218//218 58//58
f 217//217 218//218 57//57
f 58//58 219//219 59//59
f 218//218 219//219 58//58
f 59//59 220//220 61//61
f 219//219 220//220 59//59
f 61//61 221//221 63//63
f 220//220 221//221 61//61
f 63//63 222//222 65//65
f 221//221 222//222 63//63
f 66//66 65//65 222//222
f 66//66 222//222 223//223
f 69//69 224//224 68//68
f 224//224 225//225 68//68
f 225//225 56//56 68//68
f 225//225 216//216 56//56
f 223//223 226//226 66//66
f 66//66 226//226 72//72
f 72//72 227//227 75//75
f 226//226 227//227 72//72
f 229//229 228//228 76//76
f 75//75 229//229 76//76
f 227//227 229//229 75//75
f 230//230 228//228 229//229
f 78//78 231//231 224//224
f 78//78 224//224 69//69
f 225//225 224//224 232//232
f 232//232 224//224 231//231
f 235//235 234//234 233//233
f 233//233 236//236 235//235
f 228//228 85//85 76//76
f 230//230 237//237 228//228
f 237//237 85//85 228//228
f 237//237 88//88 85//85
f 239//239 238//238 89//89
f 88//88 239//239 89//89
f 237//237 239//239 88//88
f 241//241 240//240 238//238
f 241//241 238//238 239//239
f 243//243 242//242 240//240
f 243//243 240//240 241//241
f 244//244 242//242 243//243
f 90//90 231//231 78//78
f 245//245 232//232 231//231
f 90//90 245//245 231//231
f 91//91 245//245 90//90
f 246//246 91//91 92//92
f 246//246 245//245 91//91
f 247//247 92//92 93//93
f 247//247 246//246 92//92
f 94//94 233//233 234//234
f 247//247 94//94 234//234
f 93//93 94//94 247//247
f 248//248 236//236 233//233
f 94//94 248//248 233//233
f 95//95 248//248 94//94
f 249//249 95//95 96//96
f 249//249 248//248 95//95
f 96//96 97//97 249//249
f 249//249 97//97 250//250
f 238//238 103//103 89//89
f 103//103 238//238 105//105
f 238//238 251//251 105//105
f 238//238 240//240 251//251
f 252//252 240//240 242//242
f 251//251 240//240 252//252
f 242//242 244//244 253//253
f 254//254 242//242 253//253
f 252//252 242//242 254//254
f 256//256 255//255 254//254
f 256//256 254//254 253//253
f 257//257 255//255 256//256
f 258//258 250//250 97//97
f 258//258 97//97 106//106
f 260//260 258//258 259//259
f 258//258 107//107 259//259
f 258//258 106//106 107//107
f 108//108 259//259 107//107
f 251//251 113//113 105//105
f 113//113 251//251 115//115
f 251//251 261//261 115//115
f 251//251 252//252 261//261
f 262//262 252//252 254//254
f 261//261 252//252 262//262
f 263//263 254//254 255//255
f 262//262 254//254 263//263
f 255//255 257//257 264//264
f 265//265 255//255 264//264
f 263//263 255//255 265//265
f 266//266 265//265 264//264
f 267//267 260//260 259//259
f 269//269 267//267 268//268
f 268//268 267//267 116//116
f 267//267 259//259 116//116
f 259//259 108//108 116//116
f 117//117 270//270 116//116
f 116//116 270//270 268//268
f 118//118 270//270 117//117
f 271//271 122//122 261//261
f 261//261 122//122 115//115
f 272//272 261//261 262//262
f 271//271 261//261 272//272
f 273//273 262//262 263//263
f 272//272 262//262 273//273
f 274//274 263//263 265//265
f 273//273 263//263 274//274
f 265//265 266//266 275//275
f 265//265 275//275 274//274
f 276//276 269//269 268//268
f 276//276 268//268 270//270
f 276//276 270//270 277//277
f 279//279 277//277 278//278
f 278//278 277//277 123//123
f 277//277 270//270 123//123
f 270//270 118//118 123//123
f 124//124 280//280 123//123
f 123//123 280//280 278//278
f 125//125 281//281 124//124
f 124//124 281//281 280//280
f 122//122 271//271 125//125
f 271//271 281//281 125//125
f 271//271 282//282 281//281
f 283//283 271//271 272//272
f 282//282 271//271 283//283
f 284//284 272//272 273//273
f 283//283 272//272 284//284
f 285//285 273//273 274//274
f 284//284 273//273 285//285
f 274//274 275//275 286//286
f 287//287 274//274 286//286
f 285//285 274//274 287//287
f 288//288 287//287 286//286
f 289//289 279//279 278//278
f 289//289 278//278 280//280
f 289//289 280//280 290//290
f 290//290 280//280 281//281
f 290//290 281//281 291//291
f 291//291 281//281 282//282
f 291//291 282//282 292//292
f 292//292 282//282 283//283
f 292//292 283//283 293//293
f 295//295 294//294 293//293
f 283//283 295//295 293//293
f 284//284 295//295 283//283
f 296//296 284//284 285//285
f 295//295 284//284 296//296
f 297//297 285//285 287//287
f 296//296 285//285 297//297
f 287//287 288//288 298//298
f 287//287 298//298 297//297
f 299//299 294//294 295//295
f 299//299 295//295 296//296
f 299//299 296//296 300//300
f 302//302 301//301 300//300
f 296//296 302//302 300//300
f 297//297 302//302 296//296
f 297//297 298//298 303//303
f 304//304 297//297 303//303
f 302//302 297//297 304//304
f 305//305 304//304 303//303
f 301//301 302//302 306//306
f 301//301 306//306 307//307
f 308//308 302//302 304//304
f 306//306 302//302 308//308
f 304//304 305//305 309//309
f 304//304 309//309 308//308
f 312//312 311//311 310//310
f 310//310 311//311 307//307
f 306//306 310//310 307//307
f 313//313 310//310 306//306
f 314//314 306//306 308//308
f 313//313 306//306 314//314
f 308//308 309//309 315//315
f 316//316 308//308 315//315
f 314//314 308//308 316//316
f 317//317 316//316 315//315
f 312//312 310//310 318//318
f 312//312 318//318 319//319
f 320//320 310//310 313//313
f 318//318 310//310 320//320
f 321//321 313//313 314//314
f 320//320 313//313 321//321
f 322//322 314//314 316//316
f 321//321 314//314 322//322
f 316//316 317//317 323//323
f 316//316 323//323 322//322
f 326//326 325//325 324//324
f 324//324 325//325 319//319
f 318//318 324//324 319//319
f 327//327 324//324 318//318
f 328//328 318//318 320//320
f 327//327 318//318 328//328
f 329//329 320//320 321//321
f 328//328 320//320 329//329
f 330//330 321//321 322//322
f 329//329 321//321 330//330
f 322//322 323//323 331//331
f 332//332 322//322 331//331
f 330//330 322//322 332//332
f 333//333 332//332 331//331
f 336//336 335//335 334//334
f 334//334 335//335 326//326
f 324//324 334//334 326//326
f 337//337 334//334 324//324
f 338//338 324//324 327//327
f 337//337 324//324 338//338
f 339//339 327//327 328//328
f 338//338 327//327 339//339
f 340//340 328//328 329//329
f 339//339 328//328 340//340
f 341//341 329//329 330//330
f 340//340 329//329 341//341
f 342//342 330//330 332//332
f 341//341 330//330 342//342
f 332//332 333//333 343//343
f 332//332 343//343 342//342
f 336//336 334//334 344//344
f 336//336 344//344 345//345
f 346//346 334//334 337//337
f 344//344 334//334 346//346
f 347//347 337//337 338//338
f 346//346 337//337 347//347
f 348//348 338//338 339//339
f 347//347 338//338 348//348
f 349//349 339//339 340//340
f 348//348 339//339 349//349
f 350//350 340//340 341//341
f 349//349 340//340 350//350
f 351//351 341//341 342//342
f 350//350 341//341 351//351
f 342//342 343//343 352//352
f 342//342 352//352 351//351
f 345//345 344//344 353//353
f 345//345 353//353 354//354
f 355//355 344//344 346//346
f 353//353 344//344 355//355
f 356//356 346//346 347//347
f 355//355 346//346 356//356
f 357//357 347//347 348//348
f 356//356 347//347 357//357
f 358//358 348//348 349//349
f 357//357 348//348 358//358
f 359//359 349//349 350//350
f 358//358 349//349 359//359
f 360//360 350//350 351//351
f 359//359 350//350 360//360
f 351//351 352//352 361//361
f 351//351 361//361 360//360
f 364//364 363//363 362//362
f 362//362 363//363 354//354
f 353//353 362//362 354//354
f 365//365 362//362 353//353
f 366//366 353//353 355//355
f 365//365 353//353 366//366
f 367//367 355//355 356//356
f 366//366 355//355 367//367
f 128//128 367//367 127//127
f 367//367 357//357 127//127
f 367//367 356//356 357//357
f 127//127 357//357 130//130
f 130//130 357//357 358//358
f 130//130 358//358 131//131
f 358//358 368//368 131//131
f 358//358 359//359 368//368
f 369//369 359//359 360//360
f 368//368 359//359 369//369
f 360//360 361//361 370//370
f 371//371 360//360 370//370
f 369//369 360//360 371//371
f 372//372 371//371 370//370
f 364//364 362//362 373//373
f 364//364 373//373 374//374
f 375//375 362//362 365//365
f 373//373 362//362 375//375
f 376//376 365//365 366//366
f 375//375 365//365 376//376
f 134//134 376//376 133//133
f 376//376 367//367 133//133
f 376//376 366//366 367//367
f 133//133 367//367 128//128
f 377//377 137//137 368//368
f 368//368 137//137 131//131
f 378//378 368//368 369//369
f 377//377 368//368 378//378
f 379//379 369//369 371//371
f 378//378 369//369 379//379
f 371//371 372//372 380//380
f 371//371 380//380 379//379
f 383//383 382//382 381//381
f 381//381 382//382 374//374
f 373//373 381//381 374//374
f 384//384 381//381 373//373
f 385//385 373//373 375//375
f 384//384 373//373 385//385
f 140//140 385//385 139//139
f 385//385 376//376 139//139
f 385//385 375//375 376//376
f 139//139 376//376 134//134
f 386//386 144//144 377//377
f 377//377 144//144 137//137
f 387//387 377//377 378//378
f 386//386 377//377 387//387
f 379//379 389//389 388//388
f 387//387 379//379 388//388
f 378//378 379//379 387//387
f 389//389 379//379 380//380
f 392//392 391//391 390//390
f 146//146 147//147 390//390
f 391//391 146//146 390//390
f 393//393 146//146 391//391
f 146//146 394//394 149//149
f 393//393 394//394 146//146
f 149//149 395//395 151//151
f 394//394 395//395 149//149
f 151//151 396//396 153//153
f 395//395 396//396 151//151
f 398//398 397//397 154//154
f 153//153 398//398 154//154
f 396//396 398//398 153//153
f 400//400 399//399 397//397
f 400//400 397//397 398//398
f 402//402 401//401 399//399
f 402//402 399//399 400//400
f 404//404 403//403 401//401
f 404//404 401//401 402//402
f 405//405 403//403 404//404
f 408//408 407//407 406//406
f 406//406 407//407 383//383
f 381//381 406//406 383//383
f 409//409 406//406 381//381
f 410//410 381//381 384//384
f 409//409 381//381 410//410
f 157//157 410//410 156//156
f 410//410 385//385 156//156
f 410//410 384//384 385//385
f 156//156 385//385 140//140
f 411//411 162//162 386//386
f 386//386 162//162 144//144
f 412//412 386//386 387//387
f 411//411 386//386 412//412
f 387//387 388//388 413//413
f 387//387 413//413 412//412
f 415//415 414//414 164//164
f 415//415 164//164 165//165
f 390//390 167//167 392//392
f 167//167 414//414 392//392
f 167//167 164//164 414//414
f 167//167 390//390 147//147
f 397//397 172//172 154//154
f 172//172 397//397 174//174
f 397//397 416//416 174//174
f 397//397 399//399 416//416
f 417//417 399//399 401//401
f 416//416 399//399 417//417
f 418//418 401//401 403//403
f 417//417 401//401 418//418
f 403//403 405//405 419//419
f 420//420 403//403 419//419
f 418//418 403//403 420//420
f 422//422 421//421 420//420
f 422//422 420//420 419//419
f 424//424 423//423 421//421
f 424//424 421//421 422//422
f 426//426 425//425 423//423
f 426//426 423//423 424//424
f 428//428 427//427 425//425
f 428//428 425//425 426//426
f 427//427 428//428 408//408
f 406//406 427//427 408//408
f 429//429 427//427 406//406
f 430//430 406//406 409//409
f 429//429 406//406 430//430
f 177//177 430//430 176//176
f 430//430 410//410 176//176
f 430//430 409//409 410//410
f 176//176 410//410 157//157
f 431//431 182//182 183//183
f 162//162 411//411 183//183
f 411//411 431//431 183//183
f 411//411 432//432 431//431
f 433//433 411//411 412//412
f 432//432 411//411 433//433
f 412//412 413//413 434//434
f 412//412 434//434 433//433
f 185//185 415//415 165//165
f 185//185 435//435 415//415
f 436//436 190//190 191//191
f 192//192 437//437 191//191
f 191//191 437//437 436//436
f 174//174 416//416 192//192
f 416//416 437//437 192//192
f 416//416 438//438 437//437
f 439//439 416//416 417//417
f 438//438 416//416 439//439
f 440//440 417//417 418//418
f 439//439 417//417 440//440
f 441//441 418//418 420//420
f 440//440 418//418 441//441
f 442//442 420//420 421//421
f 441//441 420//420 442//442
f 443//443 421//421 423//423
f 442//442 421//421 443//443
f 444//444 423//423 425//425
f 443//443 423//423 444//444
f 445//445 425//425 427//427
f 444//444 425//425 445//445
f 446//446 427//427 429//429
f 445//445 427//427 446//446
f 447//447 429//429 430//430
f 446//446 429//429 447//447
f 194//194 447//447 177//177
f 177//177 447//447 430//430
f 448//448 198//198 199//199
f 182//182 431//431 199//199
f 431//431 448//448 199//199
f 431//431 449//449 448//448
f 450//450 431//431 432//432
f 449//449 431//431 450//450
f 451//451 432//432 433//433
f 450//450 432//432 451//451
f 433//433 434//434 452//452
f 433//433 452//452 451//451
f 185//185 200//200 453//453
f 454//454 185//185 453//453
f 435//435 185//185 454//454
f 201//201 455//455 200//200
f 200//200 455//455 453//453
f 202//202 456//456 201//201
f 201//201 456//456 455//455
f 456//456 202//202 457//457
f 202//202 458//458 457//457
f 202//202 203//203 458//458
f 459//459 203//203 204//204
f 459//459 458//458 203//203
f 204//204 190//190 436//436
f 460//460 204//204 436//436
f 459//459 204//204 460//460
f 460//460 436//436 437//437
f 460//460 437//437 461//461
f 461//461 437//437 438//438
f 461//461 438//438 462//462
f 462//462 438//438 439//439
f 462//462 439//439 463//463
f 463//463 439//439 440//440
f 463//463 440//440 464//464
f 464//464 440//440 441//441
f 464//464 441//441 465//465
f 465//465 441//441 442//442
f 465//465 442//442 466//466
f 466//466 442//442 443//443
f 466//466 443//443 467//467
f 467//467 443//443 444//444
f 467//467 444//444 468//468
f 468//468 444//444 445//445
f 468//468 445//445 469//469
f 471//471 470//470 469//469
f 445//445 471//471 469//469
f 446//446 471//471 445//445
f 472//472 446//446 447//447
f 471//471 446//446 472//472
f 205//205 473//473 194//194
f 473//473 447//447 194//194
f 473//473 472//472 447//447
f 206//206 474//474 205//205
f 205//205 474//474 473//473
f 207//207 475//475 206//206
f 206//206 475//475 474//474
f 208//208 476//476 207//207
f 207//207 476//476 475//475
f 198//198 448//448 208//208
f 448//448 476//476 208//208
f 448//448 477//477 476//476
f 478//478 448//448 449//449
f 477//477 448//448 478//478
f 479//479 449//449 450//450
f 478//478 449//449 479//479
f 451//451 481//481 480//480
f 479//479 451//451 480//480
f 450//450 451//451 479//479
f 481//481 451//451 452//452
f 482//482 454//454 453//453
f 482//482 453//453 455//455
f 482//482 455//455 483//483
f 483//483 455//455 456//456
f 483//483 456//456 484//484
f 484//484 456//456 457//457
f 485//485 470//470 471//471
f 485//485 471//471 472//472
f 485//485 472//472 486//486
f 486//486 472//472 473//473
f 486//486 473//473 487//487
f 489//489 488//488 487//487
f 473//473 489//489 487//487
f 474//474 489//489 473//473
f 490//490 474//474 475//475
f 489//489 474//474 490//490
f 491//491 475//475 476//476
f 490//490 475//475 491//491
f 492//492 476//476 477//477
f 491//491 476//476 492//492
f 478//478 494//494 493//493
f 492//492 478//478 493//493
f 477//477 478//478 492//492
f 494//494 478//478 479//479
f 494//494 479//479 495//495
f 495//495 479//479 480//480
f 496//496 488//488 489//489
f 496//496 489//489 490//490
f 496//496 490//490 497//497
f 497//497 490//490 491//491
f 497//497 491//491 498//498
f 498//498 491//491 492//492
f 498//498 492//492 499//499
f 499//499 492//492 493//493
f 502//502 501//501 500//500
f 504//504 503//503 500//500
f 504//504 500//500 501//501
f 506//506 505//505 503//503
f 506//506 503//503 504//504
f 508//508 507//507 505//505
f 508//508 505//505 506//506
f 510//510 509//509 507//507
f 510//510 507//507 508//508
f 512//512 511//511 509//509
f 512//512 509//509 510//510
f 513//513 511//511 512//512
f 516//516 515//515 514//514
f 514//514 515//515 502//502
f 500//500 514//514 502//502
f 517//517 514//514 500//500
f 518//518 500//500 503//503
f 517//517 500//500 518//518
f 519//519 503//503 505//505
f 518//518 503//503 519//519
f 520//520 505//505 507//507
f 519//519 505//505 520//520
f 521//521 507//507 509//509
f 520//520 507//507 521//521
f 522//522 509//509 511//511
f 521//521 509//509 522//522
f 511//511 513//513 523//523
f 511//511 523//523 522//522
f 516//516 514//514 524//524
f 516//516 524//524 525//525
f 526//526 514//514 517//517
f 524//524 514//514 526//526
f 527//527 517//517 518//518
f 526//526 517//517 527//527
f 528//528 518//518 519//519
f 527//527 518//518 528//528
f 529//529 519//519 520//520
f 528//528 519//519 529//529
f 530//530 520//520 521//521
f 529//529 520//520 530//530
f 522//522 532//532 531//531
f 530//530 522//522 531//531
f 521//521 522//522 530//530
f 532//532 522//522 523//523
f 210//210 533//533 209//209
f 533//533 211//211 209//209
f 534//534 525//525 524//524
f 534//534 524//524 526//526
f 534//534 526//526 535//535
f 535//535 526//526 527//527
f 535//535 527//527 536//536
f 536//536 527//527 528//528
f 536//536 528//528 537//537
f 537//537 528//528 529//529
f 537//537 529//529 538//538
f 538//538 529//529 530//530
f 538//538 530//530 539//539
f 539//539 530//530 531//531
f 212//212 540//540 533//533
f 212//212 533//533 210//210
f 540//540 213//213 211//211
f 540//540 211//211 533//533
f 214//214 540//540 212//212
f 540//540 214//214 213//213
f 216//216 541//541 215//215
f 542//542 217//217 215//215
f 542//542 215//215 541//541
f 543//543 218//218 217//217
f 543//543 217//217 542//542
f 544//544 219//219 218//218
f 544//544 218//218 543//543
f 545//545 220//220 219//219
f 545//545 219//219 544//544
f 546//546 221//221 220//220
f 546//546 220//220 545//545
f 547//547 222//222 221//221
f 547//547 221//221 546//546
f 547//547 223//223 222//222
f 225//225 548//548 541//541
f 225//225 541//541 216//216
f 541//541 549//549 542//542
f 541//541 548//548 549//549
f 542//542 550//550 543//543
f 542//542 549//549 550//550
f 543//543 551//551 544//544
f 543//543 550//550 551//551
f 553//553 545//545 552//552
f 545//545 551//551 552//552
f 545//545 544//544 551//551
f 545//545 553//553 546//546
f 546//546 553//553 554//554
f 546//546 554//554 547//547
f 547//547 554//554 555//555
f 547//547 555//555 223//223
f 555//555 226//226 223//223
f 555//555 556//556 226//226
f 226//226 557//557 227//227
f 556//556 557//557 226//226
f 557//557 559//559 558//558
f 229//229 557//557 558//558
f 227//227 557//557 229//229
f 558//558 230//230 229//229
f 232//232 560//560 548//548
f 232//232 548//548 225//225
f 548//548 561//561 549//549
f 548//548 560//560 561//561
f 549//549 562//562 550//550
f 549//549 561//561 562//562
f 562//562 234//234 235//235
f 551//551 562//562 235//235
f 550//550 562//562 551//551
f 564//564 563//563 236//236
f 236//236 563//563 235//235
f 563//563 552//552 235//235
f 552//552 551//551 235//235
f 564//564 565//565 563//563
f 559//559 566//566 558//558
f 558//558 566//566 230//230
f 566//566 237//237 230//230
f 566//566 567//567 237//237
f 237//237 568//568 239//239
f 567//567 568//568 237//237
f 239//239 569//569 241//241
f 568//568 569//569 239//239
f 241//241 570//570 243//243
f 569//569 570//570 241//241
f 572//572 571//571 244//244
f 243//243 572//572 244//244
f 570//570 572//572 243//243
f 574//574 573//573 571//571
f 574//574 571//571 572//572
f 576//576 575//575 573//573
f 576//576 573//573 574//574
f 577//577 575//575 576//576
f 245//245 560//560 232//232
f 560//560 245//245 246//246
f 560//560 246//246 561//561
f 561//561 246//246 247//247
f 561//561 247//247 562//562
f 562//562 247//247 234//234
f 248//248 564//564 236//236
f 578//578 565//565 564//564
f 248//248 578//578 564//564
f 249//249 578//578 248//248
f 249//249 250//250 578//578
f 578//578 250//250 579//579
f 571//571 253//253 244//244
f 253//253 571//571 256//256
f 256//256 571//571 573//573
f 256//256 573//573 257//257
f 573//573 580//580 257//257
f 573//573 575//575 580//580
f 575//575 577//577 581//581
f 582//582 575//575 581//581
f 580//580 575//575 582//582
f 583//583 582//582 581//581
f 584//584 579//579 250//250
f 584//584 250//250 258//258
f 258//258 260//260 584//584
f 584//584 260//260 585//585
f 580//580 264//264 257//257
f 264//264 580//580 266//266
f 580//580 586//586 266//266
f 580//580 582//582 586//586
f 582//582 583//583 587//587
f 588//588 582//582 587//587
f 586//586 582//582 588//588
f 589//589 588//588 587//587
f 590//590 585//585 260//260
f 590//590 260//260 267//267
f 267//267 269//269 590//590
f 590//590 269//269 591//591
f 592//592 275//275 586//586
f 586//586 275//275 266//266
f 593//593 586//586 588//588
f 592//592 586//586 593//593
f 588//588 589//589 594//594
f 595//595 588//588 594//594
f 593//593 588//588 595//595
f 596//596 595//595 594//594
f 597//597 591//591 269//269
f 597//597 269//269 276//276
f 598//598 276//276 277//277
f 598//598 597//597 276//276
f 277//277 279//279 598//598
f 598//598 279//279 599//599
f 592//592 286//286 275//275
f 286//286 592//592 288//288
f 592//592 600//600 288//288
f 592//592 593//593 600//600
f 601//601 593//593 595//595
f 600//600 593//593 601//601
f 595//595 596//596 602//602
f 603//603 595//595 602//602
f 601//601 595//595 603//603
f 604//604 603//603 602//602
f 605//605 599//599 279//279
f 605//605 279//279 289//289
f 607//607 605//605 606//606
f 605//605 290//290 606//606
f 605//605 289//289 290//290
f 291//291 608//608 290//290
f 290//290 608//608 606//606
f 292//292 609//609 291//291
f 291//291 609//609 608//608
f 293//293 610//610 292//292
f 292//292 610//610 609//609
f 294//294 610//610 293//293
f 611//611 298//298 600//600
f 600//600 298//298 288//288
f 612//612 600//600 601//601
f 611//611 600//600 612//612
f 613//613 601//601 603//603
f 612//612 601//601 613//613
f 603//603 604//604 614//614
f 603//603 614//614 613//613
f 615//615 607//607 606//606
f 615//615 606//606 608//608
f 615//615 608//608 616//616
f 616//616 608//608 609//609
f 616//616 609//609 617//617
f 619//619 618//618 617//617
f 609//609 619//619 617//617
f 610//610 619//619 609//609
f 299//299 620//620 294//294
f 620//620 610//610 294//294
f 620//620 619//619 610//610
f 300//300 621//621 299//299
f 299//299 621//621 620//620
f 301//301 621//621 300//300
f 611//611 303//303 298//298
f 303//303 611//611 305//305
f 611//611 622//622 305//305
f 611//611 612//612 622//622
f 623//623 612//612 613//613
f 622//622 612//612 623//623
f 613//613 614//614 624//624
f 613//613 624//624 623//623
f 625//625 618//618 619//619
f 627//627 626//626 625//625
f 619//619 627//627 625//625
f 620//620 627//627 619//619
f 628//628 620//620 621//621
f 627//627 620//620 628//628
f 307//307 628//628 301//301
f 301//301 628//628 621//621
f 629//629 309//309 622//622
f 622//622 309//309 305//305
f 630//630 622//622 623//623
f 629//629 622//622 630//630
f 623//623 624//624 631//631
f 632//632 623//623 631//631
f 630//630 623//623 632//632
f 633//633 632//632 631//631
f 636//636 635//635 634//634
f 634//634 635//635 626//626
f 627//627 634//634 626//626
f 637//637 634//634 627//627
f 312//312 637//637 311//311
f 637//637 628//628 311//311
f 637//637 627//627 628//628
f 311//311 628//628 307//307
f 629//629 315//315 309//309
f 315//315 629//629 317//317
f 629//629 638//638 317//317
f 629//629 630//630 638//638
f 639//639 630//630 632//632
f 638//638 630//630 639//639
f 632//632 633//633 640//640
f 632//632 640//640 639//639
f 636//636 634//634 641//641
f 636//636 641//641 642//642
f 643//643 634//634 637//637
f 641//641 634//634 643//643
f 319//319 643//643 312//312
f 312//312 643//643 637//637
f 644//644 323//323 638//638
f 638//638 323//323 317//317
f 645//645 638//638 639//639
f 644//644 638//638 645//645
f 639//639 640//640 646//646
f 639//639 646//646 645//645
f 649//649 648//648 647//647
f 647//647 648//648 642//642
f 641//641 647//647 642//642
f 650//650 647//647 641//641
f 326//326 650//650 325//325
f 650//650 643//643 325//325
f 650//650 641//641 643//643
f 325//325 643//643 319//319
f 644//644 331//331 323//323
f 331//331 644//644 333//333
f 644//644 651//651 333//333
f 644//644 645//645 651//651
f 645//645 646//646 652//652
f 653//653 645//645 652//652
f 651//651 645//645 653//653
f 654//654 653//653 652//652
f 649//649 647//647 655//655
f 649//649 655//655 656//656
f 336//336 655//655 335//335
f 655//655 650//650 335//335
f 655//655 647//647 650//650
f 335//335 650//650 326//326
f 657//657 343//343 651//651
f 651//651 343//343 333//333
f 658//658 651//651 653//653
f 657//657 651//651 658//658
f 653//653 654//654 659//659
f 653//653 659//659 658//658
f 662//662 661//661 660//660
f 660//660 661//661 656//656
f 655//655 660//660 656//656
f 663//663 660//660 655//655
f 345//345 663//663 336//336
f 336//336 663//663 655//655
f 664//664 352//352 657//657
f 657//657 352//352 343//343
f 665//665 657//657 658//658
f 664//664 657//657 665//665
f 658//658 659//659 666//666
f 658//658 666//666 665//665
f 662//662 660//660 667//667
f 662//662 667//667 668//668
f 669//669 660//660 663//663
f 667//667 660//660 669//669
f 354//354 669//669 345//345
f 345//345 669//669 663//663
f 670//670 361//361 664//664
f 664//664 361//361 352//352
f 671//671 664//664 665//665
f 670//670 664//664 671//671
f 665//665 666//666 672//672
f 665//665 672//672 671//671
f 668//668 667//667 673//673
f 668//668 673//673 674//674
f 364//364 673//673 363//363
f 673//673 669//669 363//363
f 673//673 667//667 669//669
f 363//363 669//669 354//354
f 677//677 676//676 675//675
f 679//679 678//678 675//675
f 675//675 678//678 677//677
f 681//681 680//680 679//679
f 679//679 680//680 678//678
f 683//683 682//682 681//681
f 681//681 682//682 680//680
f 683//683 684//684 682//682
f 670//670 370//370 361//361
f 370//370 670//670 372//372
f 670//670 685//685 372//372
f 670//670 671//671 685//685
f 671//671 672//672 686//686
f 671//671 686//686 685//685
f 674//674 673//673 687//687
f 674//674 687//687 688//688
f 374//374 687//687 364//364
f 364//364 687//687 673//673
f 675//675 676//676 689//689
f 689//689 676//676 690//690
f 675//675 691//691 679//679
f 675//675 689//689 691//691
f 679//679 692//692 681//681
f 679//679 691//691 692//692
f 681//681 693//693 683//683
f 681//681 692//692 693//693
f 684//684 683//683 694//694
f 683//683 695//695 694//694
f 683//683 693//693 695//695
f 695//695 696//696 694//694
f 697//697 380//380 685//685
f 685//685 380//380 372//372
f 685//685 686//686 698//698
f 685//685 698//698 697//697
f 701//701 700//700 699//699
f 699//699 700//700 688//688
f 699//699 688//688 687//687
f 383//383 699//699 687//687
f 382//382 383//383 687//687
f 382//382 687//687 374//374
f 689//689 690//690 702//702
f 702//702 690//690 703//703
f 689//689 704//704 691//691
f 689//689 702//702 704//704
f 691//691 705//705 692//692
f 691//691 704//704 705//705
f 692//692 706//706 693//693
f 692//692 705//705 706//706
f 693//693 707//707 695//695
f 693//693 706//706 707//707
f 696//696 695//695 708//708
f 708//708 695//695 707//707
f 709//709 388//388 389//389
f 380//380 697//697 389//389
f 697//697 709//709 389//389
f 697//697 710//710 709//709
f 697//697 698//698 711//711
f 697//697 711//711 710//710
f 392//392 712//712 391//391
f 713//713 393//393 391//391
f 713//713 391//391 712//712
f 714//714 394//394 393//393
f 714//714 393//393 713//713
f 715//715 395//395 394//394
f 715//715 394//394 714//714
f 716//716 396//396 395//395
f 716//716 395//395 715//715
f 717//717 398//398 396//396
f 717//717 396//396 716//716
f 398//398 717//717 718//718
f 719//719 398//398 718//718
f 400//400 398//398 719//719
f 400//400 720//720 402//402
f 719//719 720//720 400//400
f 402//402 721//721 404//404
f 720//720 721//721 402//402
f 405//405 404//404 721//721
f 405//405 721//721 722//722
f 725//725 724//724 723//723
f 727//727 726//726 723//723
f 727//727 723//723 724//724
f 726//726 727//727 701//701
f 726//726 701//701 699//699
f 408//408 726//726 699//699
f 407//407 408//408 699//699
f 407//407 699//699 383//383
f 703//703 728//728 702//702
f 730//730 729//729 728//728
f 729//729 702//702 728//728
f 729//729 704//704 702//702
f 704//704 731//731 705//705
f 704//704 729//729 731//731
f 705//705 732//732 706//706
f 705//705 731//731 732//732
f 734//734 707//707 733//733
f 707//707 732//732 733//733
f 707//707 706//706 732//732
f 707//707 734//734 708//708
f 735//735 413//413 709//709
f 709//709 413//413 388//388
f 736//736 709//709 710//710
f 735//735 709//709 736//736
f 710//710 711//711 737//737
f 710//710 737//737 736//736
f 415//415 738//738 414//414
f 738//738 739//739 414//414
f 414//414 739//739 392//392
f 739//739 740//740 392//392
f 740//740 712//712 392//392
f 712//712 740//740 713//713
f 713//713 740//740 741//741
f 713//713 741//741 714//714
f 714//714 741//741 742//742
f 744//744 743//743 742//742
f 743//743 714//714 742//742
f 743//743 715//715 714//714
f 715//715 745//745 716//716
f 715//715 743//743 745//745
f 747//747 717//717 746//746
f 717//717 745//745 746//746
f 717//717 716//716 745//745
f 717//717 747//747 718//718
f 722//722 748//748 405//405
f 405//405 748//748 419//419
f 419//419 749//749 422//422
f 748//748 749//749 419//419
f 422//422 750//750 424//424
f 749//749 750//750 422//422
f 723//723 426//426 725//725
f 426//426 750//750 725//725
f 426//426 424//424 750//750
f 426//426 723//723 428//428
f 428//428 723//723 726//726
f 428//428 726//726 408//408
f 730//730 751//751 729//729
f 729//729 751//751 731//731
f 731//731 751//751 752//752
f 731//731 752//752 732//732
f 732//732 752//752 753//753
f 732//732 753//753 733//733
f 754//754 434//434 735//735
f 735//735 434//434 413//413
f 736//736 756//756 755//755
f 754//754 736//736 755//755
f 735//735 736//736 754//754
f 756//756 736//736 737//737
f 758//758 757//757 738//738
f 415//415 758//758 738//738
f 435//435 758//758 415//415
f 738//738 757//757 739//739
f 761//761 760//760 759//759
f 761//761 759//759 744//744
f 759//759 743//743 744//744
f 759//759 762//762 743//743
f 743//743 763//763 745//745
f 743//743 762//762 763//763
f 746//746 745//745 764//764
f 745//745 765//765 764//764
f 745//745 763//763 765//765
f 767//767 766//766 765//765
f 765//765 766//766 764//764
f 767//767 768//768 766//766
f 769//769 452//452 754//754
f 754//754 452//452 434//434
f 754//754 755//755 770//770
f 754//754 770//770 769//769
f 454//454 772//772 771//771
f 758//758 454//454 771//771
f 435//435 454//454 758//758
f 774//774 773//773 772//772
f 772//772 773//773 771//771
f 776//776 775//775 774//774
f 774//774 775//775 773//773
f 775//775 776//776 760//760
f 760//760 776//776 759//759
f 776//776 457//457 759//759
f 457//457 458//458 759//759
f 759//759 458//458 459//459
f 759//759 459//459 762//762
f 762//762 459//459 460//460
f 762//762 460//460 763//763
f 763//763 460//460 461//461
f 763//763 461//461 765//765
f 765//765 461//461 462//462
f 765//765 462//462 767//767
f 777//777 768//768 767//767
f 462//462 777//777 767//767
f 463//463 777//777 462//462
f 778//778 463//463 464//464
f 778//778 777//777 463//463
f 779//779 464//464 465//465
f 779//779 778//778 464//464
f 780//780 465//465 466//466
f 780//780 779//779 465//465
f 781//781 466//466 467//467
f 781//781 780//780 466//466
f 783//783 781//781 782//782
f 781//781 468//468 782//782
f 781//781 467//467 468//468
f 469//469 784//784 468//468
f 468//468 784//784 782//782
f 470//470 784//784 469//469
f 785//785 480//480 481//481
f 452//452 769//769 481//481
f 769//769 785//785 481//481
f 769//769 786//786 785//785
f 769//769 770//770 787//787
f 769//769 787//787 786//786
f 482//482 772//772 454//454
f 772//772 482//482 483//483
f 772//772 483//483 774//774
f 774//774 483//483 484//484
f 774//774 484//484 776//776
f 776//776 484//484 457//457
f 788//788 783//783 782//782
f 788//788 782//782 784//784
f 788//788 784//784 789//789
f 789//789 784//784 470//470
f 485//485 789//789 470//470
f 790//790 789//789 485//485
f 792//792 790//790 791//791
f 790//790 486//486 791//791
f 790//790 485//485 486//486
f 487//487 793//793 486//486
f 486//486 793//793 791//791
f 488//488 793//793 487//487
f 794//794 493//493 494//494
f 495//495 795//795 494//494
f 494//494 795//795 794//794
f 480//480 785//785 495//495
f 785//785 795//795 495//495
f 785//785 796//796 795//795
f 786//786 798//798 797//797
f 796//796 786//786 797//797
f 785//785 786//786 796//796
f 798//798 786//786 787//787
f 799//799 792//792 791//791
f 799//799 791//791 793//793
f 799//799 793//793 800//800
f 802//802 800//800 801//801
f 801//801 800//800 496//496
f 800//800 793//793 496//496
f 793//793 488//488 496//496
f 497//497 803//803 496//496
f 496//496 803//803 801//801
f 498//498 804//804 497//497
f 497//497 804//804 803//803
f 499//499 805//805 498//498
f 498//498 805//805 804//804
f 493//493 794//794 499//499
f 794//794 805//805 499//499
f 794//794 806//806 805//805
f 795//795 808//808 807//807
f 806//806 795//795 807//807
f 794//794 795//795 806//806
f 808//808 795//795 796//796
f 808//808 796//796 809//809
f 809//809 796//796 797//797
f 810//810 802//802 801//801
f 810//810 801//801 803//803
f 810//810 803//803 811//811
f 811//811 803//803 804//804
f 811//811 804//804 812//812
f 812//812 804//804 805//805
f 812//812 805//805 813//813
f 813//813 805//805 806//806
f 813//813 806//806 814//814
f 814//814 806//806 807//807
f 817//817 816//816 815//815
f 819//819 818//818 815//815
f 819//819 815//815 816//816
f 821//821 820//820 818//818
f 821//821 818//818 819//819
f 823//823 822//822 820//820
f 823//823 820//820 821//821
f 825//825 824//824 822//822
f 825//825 822//822 823//823
f 827//827 826//826 824//824
f 827//827 824//824 825//825
f 828//828 826//826 827//827
f 831//831 830//830 829//829
f 829//829 830//830 817//817
f 815//815 829//829 817//817
f 832//832 829//829 815//815
f 833//833 815//815 818//818
f 832//832 815//815 833//833
f 502//502 833//833 501//501
f 833//833 820//820 501//501
f 833//833 818//818 820//820
f 501//501 820//820 504//504
f 504//504 820//820 822//822
f 504//504 822//822 506//506
f 506//506 822//822 824//824
f 506//506 824//824 508//508
f 508//508 824//824 826//826
f 828//828 834//834 826//826
f 834//834 508//508 826//826
f 834//834 510//510 508//508
f 510//510 835//835 512//512
f 834//834 835//835 510//510
f 513//513 512//512 835//835
f 513//513 835//835 836//836
f 839//839 838//838 837//837
f 837//837 838//838 831//831
f 829//829 837//837 831//831
f 840//840 837//837 829//829
f 841//841 829//829 832//832
f 840//840 829//829 841//841
f 516//516 841//841 515//515
f 841//841 833//833 515//515
f 841//841 832//832 833//833
f 515//515 833//833 502//502
f 836//836 523//523 513//513
f 842//842 523//523 836//836
f 839//839 837//837 843//843
f 839//839 843//843 844//844
f 845//845 837//837 840//840
f 843//843 837//837 845//845
f 846//846 840//840 841//841
f 845//845 840//840 846//846
f 525//525 846//846 516//516
f 516//516 846//846 841//841
f 848//848 847//847 532//532
f 532//532 847//847 531//531
f 532//532 523//523 842//842
f 532//532 842//842 848//848
f 844//844 843//843 849//849
f 844//844 849//849 850//850
f 851//851 843//843 845//845
f 849//849 843//843 851//851
f 852//852 845//845 846//846
f 851//851 845//845 852//852
f 534//534 853//853 525//525
f 853//853 846//846 525//525
f 853//853 852//852 846//846
f 535//535 854//854 534//534
f 534//534 854//854 853//853
f 536//536 855//855 535//535
f 535//535 855//855 854//854
f 537//537 856//856 536//536
f 536//536 856//856 855//855
f 538//538 857//857 537//537
f 537//537 857//857 856//856
f 857//857 538//538 858//858
f 538//538 859//859 858//858
f 538//538 539//539 859//859
f 539//539 531//531 847//847
f 539//539 847//847 859//859
f 862//862 861//861 860//860
f 860//860 861//861 850//850
f 849//849 860//860 850//850
f 863//863 860//860 849//849
f 864//864 849//849 851//851
f 863//863 849//849 864//864
f 865//865 851//851 852//852
f 864//864 851//851 865//865
f 866//866 852//852 853//853
f 865//865 852//852 866//866
f 867//867 853//853 854//854
f 866//866 853//853 867//867
f 868//868 854//854 855//855
f 867//867 854//854 868//868
f 856//856 870//870 869//869
f 868//868 856//856 869//869
f 855//855 856//856 868//868
f 870//870 856//856 857//857
f 870//870 857//857 871//871
f 871//871 857//857 858//858
f 862//862 860//860 872//872
f 862//862 872//872 873//873
f 874//874 860//860 863//863
f 872//872 860//860 874//874
f 875//875 863//863 864//864
f 874//874 863//863 875//875
f 876//876 864//864 865//865
f 875//875 864//864 876//876
f 877//877 865//865 866//866
f 876//876 865//865 877//877
f 867//867 879//879 878//878
f 877//877 867//867 878//878
f 866//866 867//867 877//877
f 879//879 867//867 868//868
f 879//879 868//868 880//880
f 880//880 868//868 869//869
f 881//881 873//873 872//872
f 883//883 882//882 881//881
f 872//872 883//883 881//881
f 874//874 883//883 872//872
f 875//875 885//885 884//884
f 883//883 875//875 884//884
f 874//874 875//875 883//883
f 885//885 875//875 876//876
f 885//885 876//876 886//886
f 886//886 876//876 877//877
f 886//886 877//877 887//887
f 887//887 877//877 878//878
f 888//888 882//882 883//883
f 888//888 883//883 884//884
f 552//552 889//889 553//553
f 890//890 554//554 553//553
f 890//890 553//553 889//889
f 891//891 555//555 554//554
f 891//891 554//554 890//890
f 892//892 556//556 555//555
f 892//892 555//555 891//891
f 893//893 557//557 556//556
f 893//893 556//556 892//892
f 893//893 559//559 557//557
f 896//896 895//895 894//894
f 898//898 897//897 894//894
f 898//898 894//894 895//895
f 900//900 899//899 897//897
f 900//900 897//897 898//898
f 902//902 901//901 899//899
f 902//902 899//899 900//900
f 903//903 901//901 902//902
f 563//563 889//889 552//552
f 889//889 563//563 565//565
f 904//904 889//889 565//565
f 890//890 889//889 904//904
f 890//890 905//905 891//891
f 890//890 904//904 905//905
f 907//907 892//892 906//906
f 892//892 905//905 906//906
f 892//892 891//891 905//905
f 892//892 907//907 893//893
f 893//893 907//907 908//908
f 893//893 908//908 559//559
f 908//908 566//566 559//559
f 908//908 909//909 566//566
f 566//566 910//910 567//567
f 909//909 910//910 566//566
f 567//567 911//911 568//568
f 910//910 911//911 567//567
f 568//568 912//912 569//569
f 911//911 912//912 568//568
f 894//894 570//570 896//896
f 570//570 912//912 896//896
f 570//570 569//569 912//912
f 570//570 894//894 572//572
f 572//572 894//894 897//897
f 572//572 897//897 574//574
f 574//574 897//897 899//899
f 574//574 899//899 576//576
f 576//576 899//899 901//901
f 914//914 913//913 577//577
f 914//914 577//577 576//576
f 903//903 914//914 576//576
f 901//901 903//903 576//576
f 916//916 915//915 913//913
f 916//916 913//913 914//914
f 917//917 915//915 916//916
f 578//578 904//904 565//565
f 904//904 578//578 579//579
f 918//918 904//904 579//579
f 905//905 904//904 918//918
f 906//906 905//905 919//919
f 905//905 920//920 919//919
f 905//905 918//918 920//920
f 920//920 921//921 919//919
f 913//913 581//581 577//577
f 581//581 913//913 583//583
f 913//913 922//922 583//583
f 913//913 915//915 922//922
f 915//915 917//917 923//923
f 924//924 915//915 923//923
f 922//922 915//915 924//924
f 925//925 924//924 923//923
f 584//584 918//918 579//579
f 918//918 584//584 585//585
f 926//926 918//918 585//585
f 920//920 918//918 926//926
f 921//921 920//920 927//927
f 927//927 920//920 926//926
f 922//922 587//587 583//583
f 587//587 922//922 589//589
f 922//922 928//928 589//589
f 922//922 924//924 928//928
f 924//924 925//925 929//929
f 930//930 924//924 929//929
f 928//928 924//924 930//930
f 931//931 930//930 929//929
f 590//590 926//926 585//585
f 933//933 932//932 591//591
f 591//591 932//932 590//590
f 932//932 927//927 590//590
f 927//927 926//926 590//590
f 933//933 934//934 932//932
f 928//928 594//594 589//589
f 594//594 928//928 596//596
f 928//928 935//935 596//596
f 928//928 930//930 935//935
f 930//930 931//931 936//936
f 930//930 936//936 935//935
f 597//597 933//933 591//591
f 937//937 934//934 933//933
f 597//597 937//937 933//933
f 598//598 937//937 597//597
f 598//598 599//599 937//937
f 937//937 599//599 938//938
f 935//935 602//602 596//596
f 940//940 939//939 604//604
f 940//940 604//604 602//602
f 936//936 940//940 602//602
f 935//935 936//936 602//602
f 941//941 939//939 940//940
f 942//942 938//938 599//599
f 942//942 599//599 605//605
f 605//605 607//607 942//942
f 942//942 607//607 943//943
f 944//944 614//614 939//939
f 939//939 614//614 604//604
f 939//939 941//941 945//945
f 939//939 945//945 944//944
f 946//946 943//943 607//607
f 946//946 607//607 615//615
f 947//947 615//615 616//616
f 947//947 946//946 615//615
f 949//949 947//947 948//948
f 947//947 617//617 948//948
f 947//947 616//616 617//617
f 618//618 948//948 617//617
f 950//950 624//624 944//944
f 944//944 624//624 614//614
f 944//944 945//945 951//951
f 952//952 944//944 951//951
f 950//950 944//944 952//952
f 953//953 952//952 951//951
f 949//949 948//948 954//954
f 949//949 954//954 955//955
f 625//625 956//956 618//618
f 956//956 948//948 618//618
f 956//956 954//954 948//948
f 626//626 956//956 625//625
f 950//950 631//631 624//624
f 631//631 950//950 633//633
f 950//950 957//957 633//633
f 950//950 952//952 957//957
f 952//952 953//953 958//958
f 952//952 958//958 957//957
f 955//955 954//954 959//959
f 955//955 959//959 960//960
f 636//636 959//959 635//635
f 959//959 956//956 635//635
f 959//959 954//954 956//956
f 635//635 956//956 626//626
f 961//961 640//640 957//957
f 957//957 640//640 633//633
f 957//957 958//958 962//962
f 957//957 962//962 961//961
f 960//960 959//959 963//963
f 960//960 963//963 964//964
f 642//642 963//963 636//636
f 636//636 963//963 959//959
f 965//965 646//646 961//961
f 961//961 646//646 640//640
f 961//961 962//962 966//966
f 961//961 966//966 965//965
f 969//969 968//968 967//967
f 967//967 968//968 964//964
f 967//967 964//964 963//963
f 649//649 967//967 963//963
f 648//648 649//649 963//963
f 648//648 963//963 642//642
f 965//965 652//652 646//646
f 971//971 970//970 654//654
f 971//971 654//654 652//652
f 966//966 971//971 652//652
f 965//965 966//966 652//652
f 972//972 970//970 971//971
f 969//969 967//967 973//973
f 969//969 973//973 974//974
f 656//656 973//973 649//649
f 649//649 973//973 967//967
f 975//975 659//659 970//970
f 970//970 659//659 654//654
f 970//970 972//972 976//976
f 970//970 976//976 975//975
f 974//974 973//973 661//661
f 662//662 974//974 661//661
f 977//977 974//974 662//662
f 661//661 973//973 656//656
f 980//980 979//979 978//978
f 978//978 981//981 980//980
f 982//982 666//666 975//975
f 975//975 666//666 659//659
f 975//975 976//976 983//983
f 975//975 983//983 982//982
f 668//668 977//977 662//662
f 668//668 984//984 977//977
f 987//987 986//986 985//985
f 989//989 988//988 985//985
f 985//985 988//988 987//987
f 988//988 989//989 979//979
f 989//989 978//978 979//979
f 989//989 990//990 978//978
f 981//981 978//978 991//991
f 978//978 992//992 991//991
f 978//978 990//990 992//992
f 994//994 993//993 992//992
f 992//992 993//993 991//991
f 994//994 995//995 993//993
f 996//996 672//672 982//982
f 982//982 672//672 666//666
f 982//982 983//983 997//997
f 982//982 997//997 996//996
f 1000//1000 999//999 998//998
f 999//999 984//984 998//998
f 984//984 674//674 998//998
f 984//984 668//668 674//674
f 1003//1003 1002//1002 1001//1001
f 1003//1003 1001//1001 986//986
f 986//986 1001//1001 985//985
f 1001//1001 676//676 985//985
f 676//676 677//677 985//985
f 985//985 677//677 678//678
f 985//985 678//678 989//989
f 989//989 678//678 680//680
f 989//989 680//680 990//990
f 990//990 680//680 682//682
f 990//990 682//682 992//992
f 992//992 682//682 684//684
f 1004//1004 992//992 684//684
f 994//994 992//992 1004//1004
f 995//995 994//994 1005//1005
f 994//994 1006//1006 1005//1005
f 994//994 1004//1004 1006//1006
f 1006//1006 1007//1007 1005//1005
f 1008//1008 686//686 996//996
f 996//996 686//686 672//672
f 996//996 997//997 1009//1009
f 996//996 1009//1009 1008//1008
f 1000//1000 998//998 1010//1010
f 1000//1000 1010//1010 1011//1011
f 688//688 1010//1010 674//674
f 674//674 1010//1010 998//998
f 1001//1001 1002//1002 1012//1012
f 1012//1012 1002//1002 1013//1013
f 1012//1012 690//690 676//676
f 1012//1012 676//676 1001//1001
f 694//694 1004//1004 684//684
f 1004//1004 694//694 696//696
f 1014//1014 1004//1004 696//696
f 1006//1006 1004//1004 1014//1014
f 1007//1007 1006//1006 1015//1015
f 1015//1015 1006//1006 1014//1014
f 1016//1016 698//698 1008//1008
f 1008//1008 698//698 686//686
f 1008//1008 1009//1009 1017//1017
f 1008//1008 1017//1017 1016//1016
f 1020//1020 1019//1019 1018//1018
f 1018//1018 1019//1019 1011//1011
f 1018//1018 1011//1011 1010//1010
f 701//701 1018//1018 1010//1010
f 700//700 701//701 1010//1010
f 700//700 1010//1010 688//688
f 1012//1012 1013//1013 1021//1021
f 1021//1021 1013//1013 1022//1022
f 1021//1021 703//703 690//690
f 1021//1021 690//690 1012//1012
f 708//708 1023//1023 1014//1014
f 708//708 1014//1014 696//696
f 1015//1015 1014//1014 1024//1024
f 1024//1024 1014//1014 1023//1023
f 1025//1025 711//711 1016//1016
f 1016//1016 711//711 698//698
f 1016//1016 1017//1017 1026//1026
f 1016//1016 1026//1026 1025//1025
f 718//718 1027//1027 719//719
f 1028//1028 720//720 719//719
f 1028//1028 719//719 1027//1027
f 1029//1029 721//721 720//720
f 1029//1029 720//720 1028//1028
f 1029//1029 722//722 721//721
f 1031//1031 1030//1030 724//724
f 1031//1031 724//724 725//725
f 1018//1018 727//727 1020//1020
f 727//727 1030//1030 1020//1020
f 727//727 724//724 1030//1030
f 727//727 1018//1018 701//701
f 1021//1021 1022//1022 1032//1032
f 1032//1032 1022//1022 1033//1033
f 1034//1034 728//728 703//703
f 1021//1021 1034//1034 703//703
f 1032//1032 1034//1034 1021//1021
f 1034//1034 730//730 728//728
f 733//733 1035//1035 734//734
f 1023//1023 708//708 734//734
f 1035//1035 1023//1023 734//734
f 1036//1036 1023//1023 1035//1035
f 1024//1024 1023//1023 1037//1037
f 1037//1037 1023//1023 1036//1036
f 1038//1038 737//737 1025//1025
f 1025//1025 737//737 711//711
f 1025//1025 1026//1026 1039//1039
f 1025//1025 1039//1039 1038//1038
f 739//739 1040//1040 740//740
f 1041//1041 741//741 740//740
f 1041//1041 740//740 1040//1040
f 1042//1042 742//742 741//741
f 1042//1042 741//741 1041//1041
f 1042//1042 744//744 742//742
f 746//746 1043//1043 747//747
f 1027//1027 718//718 747//747
f 1043//1043 1027//1027 747//747
f 1044//1044 1027//1027 1043//1043
f 1027//1027 1045//1045 1028//1028
f 1027//1027 1044//1044 1045//1045
f 1028//1028 1046//1046 1029//1029
f 1028//1028 1045//1045 1046//1046
f 1047//1047 748//748 722//722
f 1029//1029 1047//1047 722//722
f 1046//1046 1047//1047 1029//1029
f 1048//1048 749//749 748//748
f 1048//1048 748//748 1047//1047
f 749//749 1048//1048 1049//1049
f 1050//1050 749//749 1049//1049
f 750//750 749//749 1050//1050
f 725//725 750//750 1031//1031
f 1031//1031 750//750 1050//1050
f 1033//1033 1051//1051 1032//1032
f 1053//1053 1052//1052 1051//1051
f 1052//1052 1032//1032 1051//1051
f 1052//1052 1034//1034 1032//1032
f 1054//1054 751//751 730//730
f 1034//1034 1054//1054 730//730
f 1052//1052 1054//1054 1034//1034
f 1055//1055 752//752 751//751
f 1055//1055 751//751 1054//1054
f 1056//1056 753//753 752//752
f 1056//1056 752//752 1055//1055
f 1035//1035 733//733 753//753
f 1056//1056 1035//1035 753//753
f 1057//1057 1035//1035 1056//1056
f 1059//1059 1036//1036 1058//1058
f 1036//1036 1057//1057 1058//1058
f 1036//1036 1035//1035 1057//1057
f 1036//1036 1059//1059 1037//1037
f 1060//1060 755//755 756//756
f 737//737 1038//1038 756//756
f 1038//1038 1060//1060 756//756
f 1038//1038 1061//1061 1060//1060
f 1038//1038 1039//1039 1062//1062
f 1038//1038 1062//1062 1061//1061
f 758//758 1063//1063 757//757
f 1040//1040 739//739 757//757
f 1063//1063 1040//1040 757//757
f 1064//1064 1040//1040 1063//1063
f 1040//1040 1065//1065 1041//1041
f 1040//1040 1064//1064 1065//1065
f 1065//1065 760//760 761//761
f 1042//1042 1065//1065 761//761
f 1041//1041 1065//1065 1042//1042
f 1042//1042 761//761 744//744
f 764//764 1043//1043 746//746
f 1043//1043 764//764 766//766
f 1043//1043 766//766 1044//1044
f 1044//1044 766//766 768//768
f 1066//1066 1044//1044 768//768
f 1045//1045 1044//1044 1066//1066
f 1045//1045 1067//1067 1046//1046
f 1045//1045 1066//1066 1067//1067
f 1046//1046 1068//1068 1047//1047
f 1046//1046 1067//1067 1068//1068
f 1047//1047 1069//1069 1048//1048
f 1047//1047 1068//1068 1069//1069
f 1049//1049 1048//1048 1070//1070
f 1070//1070 1048//1048 1069//1069
f 1053//1053 1071//1071 1052//1052
f 1052//1052 1071//1071 1054//1054
f 1054//1054 1071//1071 1072//1072
f 1074//1074 1073//1073 1072//1072
f 1073//1073 1054//1054 1072//1072
f 1073//1073 1055//1055 1054//1054
f 1076//1076 1056//1056 1075//1075
f 1056//1056 1073//1073 1075//1075
f 1056//1056 1055//1055 1073//1073
f 1056//1056 1076//1076 1057//1057
f 1057//1057 1076//1076 1077//1077
f 1057//1057 1077//1077 1058//1058
f 1078//1078 770//770 1060//1060
f 1060//1060 770//770 755//755
f 1061//1061 1080//1080 1079//1079
f 1078//1078 1061//1061 1079//1079
f 1060//1060 1061//1061 1078//1078
f 1080//1080 1061//1061 1062//1062
f 771//771 1063//1063 758//758
f 1063//1063 771//771 773//773
f 1063//1063 773//773 1064//1064
f 1064//1064 773//773 775//775
f 1064//1064 775//775 1065//1065
f 1065//1065 775//775 760//760
f 777//777 1066//1066 768//768
f 1066//1066 777//777 778//778
f 1066//1066 778//778 1067//1067
f 1067//1067 778//778 779//779
f 1067//1067 779//779 1068//1068
f 1068//1068 779//779 780//780
f 1068//1068 780//780 1069//1069
f 1081//1081 1070//1070 1069//1069
f 780//780 1081//1081 1069//1069
f 781//781 1081//1081 780//780
f 781//781 783//783 1081//1081
f 1081//1081 783//783 1082//1082
f 1074//1074 1083//1083 1073//1073
f 1073//1073 1083//1083 1075//1075
f 1084//1084 787//787 1078//1078
f 1078//1078 787//787 770//770
f 1078//1078 1079//1079 1085//1085
f 1078//1078 1085//1085 1084//1084
f 1086//1086 1082//1082 783//783
f 1086//1086 783//783 788//788
f 1087//1087 788//788 789//789
f 1087//1087 1086//1086 788//788
f 1089//1089 1087//1087 1088//1088
f 1087//1087 790//790 1088//1088
f 1087//1087 789//789 790//790
f 792//792 1088//1088 790//790
f 1090//1090 797//797 798//798
f 787//787 1084//1084 798//798
f 1084//1084 1090//1090 798//798
f 1084//1084 1091//1091 1090//1090
f 1084//1084 1085//1085 1092//1092
f 1084//1084 1092//1092 1091//1091
f 1093//1093 1089//1089 1088//1088
f 1093//1093 1088//1088 792//792
f 799//799 1093//1093 792//792
f 1094//1094 1093//1093 799//799
f 1096//1096 1094//1094 1095//1095
f 1094//1094 800//800 1095//1095
f 1094//1094 799//799 800//800
f 802//802 1095//1095 800//800
f 1097//1097 807//807 808//808
f 809//809 1098//1098 808//808
f 808//808 1098//1098 1097//1097
f 797//797 1090//1090 809//809
f 1090//1090 1098//1098 809//809
f 1090//1090 1099//1099 1098//1098
f 1100//1100 1090//1090 1091//1091
f 1099//1099 1090//1090 1100//1100
f 1091//1091 1092//1092 1101//1101
f 1091//1091 1101//1101 1100//1100
f 1102//1102 1096//1096 1095//1095
f 1102//1102 1095//1095 802//802
f 810//810 1102//1102 802//802
f 1103//1103 1102//1102 810//810
f 1105//1105 1103//1103 1104//1104
f 1103//1103 811//811 1104//1104
f 1103//1103 810//810 811//811
f 812//812 1106//1106 811//811
f 811//811 1106//1106 1104//1104
f 1106//1106 812//812 1107//1107
f 812//812 1108//1108 1107//1107
f 812//812 813//813 1108//1108
f 1109//1109 813//813 814//814
f 1109//1109 1108//1108 813//813
f 814//814 807//807 1097//1097
f 1110//1110 814//814 1097//1097
f 1109//1109 814//814 1110//1110
f 1110//1110 1097//1097 1098//1098
f 1110//1110 1098//1098 1111//1111
f 1111//1111 1098//1098 1099//1099
f 1111//1111 1099//1099 1112//1112
f 1114//1114 1113//1113 1112//1112
f 1099//1099 1114//1114 1112//1112
f 1100//1100 1114//1114 1099//1099
f 1100//1100 1101//1101 1115//1115
f 1116//1116 1100//1100 1115//1115
f 1114//1114 1100//1100 1116//1116
f 1118//1118 1117//1117 1116//1116
f 1118//1118 1116//1116 1115//1115
f 1119//1119 1117//1117 1118//1118
f 1120//1120 1105//1105 1104//1104
f 1120//1120 1104//1104 1106//1106
f 1120//1120 1106//1106 1121//1121
f 1121//1121 1106//1106 1107//1107
f 1122//1122 1113//1113 1114//1114
f 1124//1124 1123//1123 1122//1122
f 1114//1114 1124//1124 1122//1122
f 1116//1116 1124//1124 1114//1114
f 1125//1125 1116//1116 1117//1117
f 1124//1124 1116//1116 1125//1125
f 1117//1117 1119//1119 1126//1126
f 1127//1127 1117//1117 1126//1126
f 1125//1125 1117//1117 1127//1127
f 1129//1129 1128//1128 1127//1127
f 1129//1129 1127//1127 1126//1126
f 1131//1131 1130//1130 1128//1128
f 1131//1131 1128//1128 1129//1129
f 1133//1133 1132//1132 1130//1130
f 1133//1133 1130//1130 1131//1131
f 1134//1134 1132//1132 1133//1133
f 1137//1137 1136//1136 1135//1135
f 1135//1135 1136//1136 1123//1123
f 1124//1124 1135//1135 1123//1123
f 1138//1138 1135//1135 1124//1124
f 1139//1139 1124//1124 1125//1125
f 1138//1138 1124//1124 1139//1139
f 817//817 1139//1139 816//816
f 1139//1139 1127//1127 816//816
f 1139//1139 1125//1125 1127//1127
f 816//816 1127//1127 819//819
f 819//819 1127//1127 1128//1128
f 819//819 1128//1128 821//821
f 821//821 1128//1128 1130//1130
f 821//821 1130//1130 823//823
f 823//823 1130//1130 1132//1132
f 1134//1134 1140//1140 1132//1132
f 1140//1140 823//823 1132//1132
f 1140//1140 825//825 823//823
f 825//825 1141//1141 827//827
f 1140//1140 1141//1141 825//825
f 828//828 827//827 1141//1141
f 828//828 1141//1141 1142//1142
f 1137//1137 1135//1135 1143//1143
f 1137//1137 1143//1143 1144//1144
f 1145//1145 1135//1135 1138//1138
f 1143//1143 1135//1135 1145//1145
f 831//831 1145//1145 830//830
f 1145//1145 1139//1139 830//830
f 1145//1145 1138//1138 1139//1139
f 830//830 1139//1139 817//817
f 1142//1142 1146//1146 828//828
f 828//828 1146//1146 834//834
f 1146//1146 1148//1148 1147//1147
f 835//835 1146//1146 1147//1147
f 834//834 1146//1146 835//835
f 1147//1147 836//836 835//835
f 1151//1151 1150//1150 1149//1149
f 1149//1149 1150//1150 1144//1144
f 1143//1143 1149//1149 1144//1144
f 1152//1152 1149//1149 1143//1143
f 839//839 1152//1152 838//838
f 1152//1152 1145//1145 838//838
f 1152//1152 1143//1143 1145//1145
f 838//838 1145//1145 831//831
f 1147//1147 1148//1148 1153//1153
f 1153//1153 1148//1148 1154//1154
f 1153//1153 842//842 836//836
f 1153//1153 836//836 1147//1147
f 1157//1157 1156//1156 1155//1155
f 1155//1155 1156//1156 1151//1151
f 1149//1149 1155//1155 1151//1151
f 1158//1158 1155//1155 1149//1149
f 1159//1159 1149//1149 1152//1152
f 1158//1158 1149//1149 1159//1159
f 844//844 1159//1159 839//839
f 839//839 1159//1159 1152//1152
f 1153//1153 1154//1154 848//848
f 1154//1154 847//847 848//848
f 1154//1154 1160//1160 847//847
f 1153//1153 848//848 842//842
f 1157//1157 1155//1155 1161//1161
f 1157//1157 1161//1161 1162//1162
f 1163//1163 1155//1155 1158//1158
f 1161//1161 1155//1155 1163//1163
f 1164//1164 1158//1158 1159//1159
f 1163//1163 1158//1158 1164//1164
f 850//850 1164//1164 844//844
f 844//844 1164//1164 1159//1159
f 1166//1166 1165//1165 859//859
f 859//859 1165//1165 858//858
f 859//859 847//847 1160//1160
f 859//859 1160//1160 1166//1166
f 1162//1162 1161//1161 1167//1167
f 1162//1162 1167//1167 1168//1168
f 1169//1169 1161//1161 1163//1163
f 1167//1167 1161//1161 1169//1169
f 862//862 1169//1169 861//861
f 1169//1169 1164//1164 861//861
f 1169//1169 1163//1163 1164//1164
f 861//861 1164//1164 850//850
f 1170//1170 869//869 870//870
f 1170//1170 870//870 1171//1171
f 870//870 1172//1172 1171//1171
f 870//870 871//871 1172//1172
f 871//871 858//858 1165//1165
f 871//871 1165//1165 1172//1172
f 1168//1168 1167//1167 1173//1173
f 1168//1168 1173//1173 1174//1174
f 1175//1175 1167//1167 1169//1169
f 1173//1173 1167//1167 1175//1175
f 873//873 1175//1175 862//862
f 862//862 1175//1175 1169//1169
f 1176//1176 878//878 879//879
f 880//880 1177//1177 879//879
f 879//879 1177//1177 1176//1176
f 1178//1178 1177//1177 880//880
f 1178//1178 880//880 869//869
f 1179//1179 1178//1178 869//869
f 1170//1170 1179//1179 869//869
f 1179//1179 1170//1170 1171//1171
f 1174//1174 1173//1173 1180//1180
f 1174//1174 1180//1180 1181//1181
f 1182//1182 1173//1173 1175//1175
f 1180//1180 1173//1173 1182//1182
f 881//881 1183//1183 873//873
f 1183//1183 1175//1175 873//873
f 1183//1183 1182//1182 1175//1175
f 882//882 1183//1183 881//881
f 1184//1184 884//884 885//885
f 886//886 1185//1185 885//885
f 885//885 1185//1185 1184//1184
f 887//887 1186//1186 886//886
f 886//886 1186//1186 1185//1185
f 878//878 1176//1176 887//887
f 1176//1176 1186//1186 887//887
f 1176//1176 1187//1187 1186//1186
f 1177//1177 1189//1189 1188//1188
f 1187//1187 1177//1177 1188//1188
f 1176//1176 1177//1177 1187//1187
f 1189//1189 1177//1177 1178//1178
f 1190//1190 1181//1181 1180//1180
f 1190//1190 1180//1180 1182//1182
f 1190//1190 1182//1182 1191//1191
f 1193//1193 1192//1192 1191//1191
f 1182//1182 1193//1193 1191//1191
f 1183//1183 1193//1193 1182//1182
f 888//888 1194//1194 882//882
f 1194//1194 1183//1183 882//882
f 1194//1194 1193//1193 1183//1183
f 884//884 1184//1184 888//888
f 1184//1184 1194//1194 888//888
f 1184//1184 1195//1195 1194//1194
f 1196//1196 1184//1184 1185//1185
f 1195//1195 1184//1184 1196//1196
f 1186//1186 1198//1198 1197//1197
f 1196//1196 1186//1186 1197//1197
f 1185//1185 1186//1186 1196//1196
f 1198//1198 1186//1186 1187//1187
f 1198//1198 1187//1187 1199//1199
f 1199//1199 1187//1187 1188//1188
f 1200//1200 1192//1192 1193//1193
f 1200//1200 1193//1193 1194//1194
f 1200//1200 1194//1194 1201//1201
f 1201//1201 1194//1194 1195//1195
f 1201//1201 1195//1195 1202//1202
f 1202//1202 1195//1195 1196//1196
f 1202//1202 1196//1196 1203//1203
f 1203//1203 1196//1196 1197//1197
f 1206//1206 1205//1205 1204//1204
f 1208//1208 1207//1207 1204//1204
f 1208//1208 1204//1204 1205//1205
f 1209//1209 1207//1207 1208//1208
f 1211//1211 1210//1210 895//895
f 1211//1211 895//895 896//896
f 895//895 1212//1212 898//898
f 1210//1210 1212//1212 895//895
f 1204//1204 900//900 1206//1206
f 900//900 1212//1212 1206//1206
f 900//900 898//898 1212//1212
f 900//900 1204//1204 902//902
f 902//902 1204//1204 1207//1207
f 1214//1214 1213//1213 903//903
f 1214//1214 903//903 902//902
f 1209//1209 1214//1214 902//902
f 1207//1207 1209//1209 902//902
f 1216//1216 1215//1215 1213//1213
f 1216//1216 1213//1213 1214//1214
f 1217//1217 1215//1215 1216//1216
f 906//906 1218//1218 907//907
f 1219//1219 908//908 907//907
f 1219//1219 907//907 1218//1218
f 1220//1220 909//909 908//908
f 1220//1220 908//908 1219//1219
f 1221//1221 910//910 909//909
f 1221//1221 909//909 1220//1220
f 910//910 1221//1221 1222//1222
f 1223//1223 910//910 1222//1222
f 911//911 910//910 1223//1223
f 911//911 1224//1224 912//912
f 1223//1223 1224//1224 911//911
f 896//896 912//912 1211//1211
f 1211//1211 912//912 1224//1224
f 1213//1213 914//914 903//903
f 914//914 1213//1213 916//916
f 916//916 1213//1213 1215//1215
f 1226//1226 1225//1225 917//917
f 1226//1226 917//917 916//916
f 1217//1217 1226//1226 916//916
f 1215//1215 1217//1217 916//916
f 1228//1228 1227//1227 1225//1225
f 1228//1228 1225//1225 1226//1226
f 1229//1229 1227//1227 1228//1228
f 919//919 1218//1218 906//906
f 1218//1218 919//919 921//921
f 1230//1230 1218//1218 921//921
f 1219//1219 1218//1218 1230//1230
f 1219//1219 1231//1231 1220//1220
f 1219//1219 1230//1230 1231//1231
f 1233//1233 1221//1221 1232//1232
f 1221//1221 1231//1231 1232//1232
f 1221//1221 1220//1220 1231//1231
f 1221//1221 1233//1233 1222//1222
f 1225//1225 923//923 917//917
f 923//923 1225//1225 925//925
f 1225//1225 1234//1234 925//925
f 1225//1225 1227//1227 1234//1234
f 1227//1227 1229//1229 1235//1235
f 1227//1227 1235//1235 1234//1234
f 927//927 1236//1236 1230//1230
f 927//927 1230//1230 921//921
f 1230//1230 1237//1237 1231//1231
f 1230//1230 1236//1236 1237//1237
f 1232//1232 1231//1231 1238//1238
f 1238//1238 1231//1231 1237//1237
f 1234//1234 929//929 925//925
f 1240//1240 1239//1239 931//931
f 1240//1240 931//931 929//929
f 1235//1235 1240//1240 929//929
f 1234//1234 1235//1235 929//929
f 1241//1241 1239//1239 1240//1240
f 932//932 1236//1236 927//927
f 1236//1236 932//932 934//934
f 1242//1242 1236//1236 934//934
f 1237//1237 1236//1236 1242//1242
f 1238//1238 1237//1237 1243//1243
f 1243//1243 1237//1237 1242//1242
f 1244//1244 936//936 1239//1239
f 1239//1239 936//936 931//931
f 1239//1239 1241//1241 1245//1245
f 1239//1239 1245//1245 1244//1244
f 937//937 1242//1242 934//934
f 937//937 938//938 1242//1242
f 938//938 1243//1243 1242//1242
f 938//938 1246//1246 1243//1243
f 1244//1244 940//940 936//936
f 1248//1248 1247//1247 941//941
f 1248//1248 941//941 940//940
f 1245//1245 1248//1248 940//940
f 1244//1244 1245//1245 940//940
f 1249//1249 1247//1247 1248//1248
f 1250//1250 1246//1246 938//938
f 1250//1250 938//938 942//942
f 942//942 943//943 1250//1250
f 1250//1250 943//943 1251//1251
f 1252//1252 945//945 1247//1247
f 1247//1247 945//945 941//941
f 1247//1247 1249//1249 1253//1253
f 1247//1247 1253//1253 1252//1252
f 1254//1254 1251//1251 943//943
f 1254//1254 943//943 946//946
f 1256//1256 1254//1254 1255//1255
f 1254//1254 947//947 1255//1255
f 1254//1254 946//946 947//947
f 949//949 1255//1255 947//947
f 1252//1252 951//951 945//945
f 953//953 951//951 1252//1252
f 1253//1253 953//953 1252//1252
f 1257//1257 953//953 1253//1253
f 1258//1258 1256//1256 1255//1255
f 1255//1255 949//949 1258//1258
f 949//949 1259//1259 1258//1258
f 949//949 955//955 1259//1259
f 1261//1261 958//958 1260//1260
f 958//958 1257//1257 1260//1260
f 958//958 953//953 1257//1257
f 1262//1262 1261//1261 1260//1260
f 960//960 1259//1259 955//955
f 960//960 1263//1263 1259//1259
f 1264//1264 962//962 1261//1261
f 1261//1261 962//962 958//958
f 1261//1261 1262//1262 1265//1265
f 1261//1261 1265//1265 1264//1264
f 1268//1268 1267//1267 1266//1266
f 1267//1267 1263//1263 1266//1266
f 1263//1263 964//964 1266//1266
f 1263//1263 960//960 964//964
f 1269//1269 966//966 1264//1264
f 1264//1264 966//966 962//962
f 1264//1264 1265//1265 1270//1270
f 1264//1264 1270//1270 1269//1269
f 1268//1268 1266//1266 968//968
f 969//969 1268//1268 968//968
f 1271//1271 1268//1268 969//969
f 968//968 1266//1266 964//964
f 1269//1269 971//971 966//966
f 972//972 971//971 1269//1269
f 1270//1270 972//972 1269//1269
f 1272//1272 972//972 1270//1270
f 1275//1275 1274//1274 1273//1273
f 1274//1274 1271//1271 1273//1273
f 1271//1271 974//974 1273//1273
f 1271//1271 969//969 974//974
f 1272//1272 976//976 972//972
f 1276//1276 976//976 1272//1272
f 1275//1275 1273//1273 1277//1277
f 1275//1275 1277//1277 1278//1278
f 977//977 1277//1277 974//974
f 974//974 1277//1277 1273//1273
f 1281//1281 1280//1280 1279//1279
f 1283//1283 1282//1282 1279//1279
f 1279//1279 1282//1282 1281//1281
f 979//979 980//980 1283//1283
f 980//980 1282//1282 1283//1283
f 980//980 1284//1284 1282//1282
f 1286//1286 1285//1285 981//981
f 1285//1285 980//980 981//981
f 1285//1285 1284//1284 980//980
f 1288//1288 1287//1287 1286//1286
f 1286//1286 1287//1287 1285//1285
f 1288//1288 1289//1289 1287//1287
f 1276//1276 983//983 976//976
f 1290//1290 983//983 1276//1276
f 1278//1278 1277//1277 1291//1291
f 1278//1278 1291//1291 1292//1292
f 984//984 1291//1291 977//977
f 977//977 1291//1291 1277//1277
f 1295//1295 1294//1294 1293//1293
f 1295//1295 1293//1293 1280//1280
f 1280//1280 1293//1293 1279//1279
f 1293//1293 986//986 1279//1279
f 986//986 987//987 1279//1279
f 1279//1279 987//987 988//988
f 1279//1279 988//988 1283//1283
f 1283//1283 988//988 979//979
f 991//991 1286//1286 981//981
f 1286//1286 991//991 993//993
f 1286//1286 993//993 1288//1288
f 1297//1297 1296//1296 995//995
f 995//995 1296//1296 993//993
f 1296//1296 1289//1289 993//993
f 1289//1289 1288//1288 993//993
f 1297//1297 1298//1298 1296//1296
f 1290//1290 997//997 983//983
f 1299//1299 997//997 1290//1290
f 1292//1292 1291//1291 999//999
f 1000//1000 1292//1292 999//999
f 1300//1300 1292//1292 1000//1000
f 999//999 1291//1291 984//984
f 1303//1303 1302//1302 1301//1301
f 1303//1303 1301//1301 1294//1294
f 1294//1294 1301//1301 1293//1293
f 1301//1301 1002//1002 1293//1293
f 1002//1002 1003//1003 1293//1293
f 1293//1293 1003//1003 986//986
f 1005//1005 1297//1297 995//995
f 1005//1005 1007//1007 1297//1297
f 1007//1007 1298//1298 1297//1297
f 1007//1007 1304//1304 1298//1298
f 1299//1299 1009//1009 997//997
f 1305//1305 1009//1009 1299//1299
f 1011//1011 1300//1300 1000//1000
f 1011//1011 1306//1306 1300//1300
f 1301//1301 1302//1302 1307//1307
f 1307//1307 1302//1302 1308//1308
f 1307//1307 1013//1013 1002//1002
f 1307//1307 1002//1002 1301//1301
f 1015//1015 1310//1310 1309//1309
f 1304//1304 1015//1015 1309//1309
f 1007//1007 1015//1015 1304//1304
f 1310//1310 1311//1311 1309//1309
f 1305//1305 1017//1017 1009//1009
f 1312//1312 1017//1017 1305//1305
f 1314//1314 1313//1313 1019//1019
f 1314//1314 1019//1019 1020//1020
f 1011//1011 1019//1019 1306//1306
f 1306//1306 1019//1019 1313//1313
f 1307//1307 1308//1308 1315//1315
f 1315//1315 1308//1308 1316//1316
f 1315//1315 1022//1022 1013//1013
f 1315//1315 1013//1013 1307//1307
f 1024//1024 1317//1317 1310//1310
f 1024//1024 1310//1310 1015//1015
f 1311//1311 1310//1310 1318//1318
f 1318//1318 1310//1310 1317//1317
f 1312//1312 1026//1026 1017//1017
f 1319//1319 1026//1026 1312//1312
f 1031//1031 1320//1320 1030//1030
f 1320//1320 1321//1321 1030//1030
f 1321//1321 1020//1020 1030//1030
f 1321//1321 1314//1314 1020//1020
f 1315//1315 1316//1316 1322//1322
f 1322//1322 1316//1316 1323//1323
f 1322//1322 1033//1033 1022//1022
f 1322//1322 1022//1022 1315//1315
f 1325//1325 1324//1324 1317//1317
f 1024//1024 1325//1325 1317//1317
f 1037//1037 1325//1325 1024//1024
f 1317//1317 1324//1324 1318//1318
f 1319//1319 1039//1039 1026//1026
f 1326//1326 1039//1039 1319//1319
f 1049//1049 1327//1327 1050//1050
f 1320//1320 1031//1031 1050//1050
f 1327//1327 1320//1320 1050//1050
f 1328//1328 1320//1320 1327//1327
f 1321//1321 1320//1320 1329//1329
f 1329//1329 1320//1320 1328//1328
f 1323//1323 1330//1330 1322//1322
f 1330//1330 1332//1332 1331//1331
f 1330//1330 1331//1331 1051//1051
f 1322//1322 1330//1330 1051//1051
f 1033//1033 1322//1322 1051//1051
f 1331//1331 1053//1053 1051//1051
f 1058//1058 1333//1333 1059//1059
f 1333//1333 1334//1334 1059//1059
f 1334//1334 1037//1037 1059//1059
f 1334//1334 1325//1325 1037//1037
f 1326//1326 1062//1062 1039//1039
f 1335//1335 1062//1062 1326//1326
f 1070//1070 1336//1336 1327//1327
f 1070//1070 1327//1327 1049//1049
f 1327//1327 1337//1337 1328//1328
f 1327//1327 1336//1336 1337//1337
f 1329//1329 1328//1328 1338//1338
f 1338//1338 1328//1328 1337//1337
f 1332//1332 1339//1339 1331//1331
f 1339//1339 1341//1341 1340//1340
f 1339//1339 1340//1340 1071//1071
f 1331//1331 1339//1339 1071//1071
f 1053//1053 1331//1331 1071//1071
f 1342//1342 1072//1072 1071//1071
f 1342//1342 1071//1071 1340//1340
f 1342//1342 1074//1074 1072//1072
f 1075//1075 1343//1343 1076//1076
f 1344//1344 1077//1077 1076//1076
f 1344//1344 1076//1076 1343//1343
f 1344//1344 1345//1345 1077//1077
f 1077//1077 1345//1345 1058//1058
f 1345//1345 1346//1346 1058//1058
f 1346//1346 1333//1333 1058//1058
f 1333//1333 1346//1346 1334//1334
f 1347//1347 1079//1079 1080//1080
f 1348//1348 1347//1347 1080//1080
f 1062//1062 1348//1348 1080//1080
f 1335//1335 1348//1348 1062//1062
f 1081//1081 1336//1336 1070//1070
f 1336//1336 1081//1081 1082//1082
f 1349//1349 1336//1336 1082//1082
f 1337//1337 1336//1336 1349//1349
f 1338//1338 1337//1337 1350//1350
f 1350//1350 1337//1337 1349//1349
f 1341//1341 1351//1351 1340//1340
f 1340//1340 1351//1351 1342//1342
f 1342//1342 1351//1351 1352//1352
f 1342//1342 1352//1352 1074//1074
f 1352//1352 1083//1083 1074//1074
f 1352//1352 1353//1353 1083//1083
f 1075//1075 1083//1083 1343//1343
f 1083//1083 1354//1354 1343//1343
f 1083//1083 1353//1353 1354//1354
f 1343//1343 1354//1354 1344//1344
f 1344//1344 1354//1354 1355//1355
f 1344//1344 1355//1355 1345//1345
f 1356//1356 1085//1085 1347//1347
f 1347//1347 1085//1085 1079//1079
f 1347//1347 1348//1348 1357//1357
f 1358//1358 1347//1347 1357//1357
f 1356//1356 1347//1347 1358//1358
f 1359//1359 1358//1358 1357//1357
f 1086//1086 1349//1349 1082//1082
f 1360//1360 1350//1350 1349//1349
f 1086//1086 1360//1360 1349//1349
f 1087//1087 1360//1360 1086//1086
f 1087//1087 1089//1089 1360//1360
f 1360//1360 1089//1089 1361//1361
f 1362//1362 1092//1092 1356//1356
f 1356//1356 1092//1092 1085//1085
f 1363//1363 1356//1356 1358//1358
f 1362//1362 1356//1356 1363//1363
f 1358//1358 1359//1359 1364//1364
f 1358//1358 1364//1364 1363//1363
f 1365//1365 1361//1361 1089//1089
f 1365//1365 1089//1089 1093//1093
f 1366//1366 1093//1093 1094//1094
f 1366//1366 1365//1365 1093//1093
f 1094//1094 1096//1096 1366//1366
f 1366//1366 1096//1096 1367//1367
f 1368//1368 1101//1101 1362//1362
f 1362//1362 1101//1101 1092//1092
f 1369//1369 1362//1362 1363//1363
f 1368//1368 1362//1362 1369//1369
f 1363//1363 1364//1364 1370//1370
f 1371//1371 1363//1363 1370//1370
f 1369//1369 1363//1363 1371//1371
f 1372//1372 1371//1371 1370//1370
f 1373//1373 1367//1367 1096//1096
f 1373//1373 1096//1096 1102//1102
f 1375//1375 1373//1373 1374//1374
f 1373//1373 1103//1103 1374//1374
f 1373//1373 1102//1102 1103//1103
f 1105//1105 1374//1374 1103//1103
f 1376//1376 1107//1107 1108//1108
f 1109//1109 1377//1377 1108//1108
f 1108//1108 1377//1377 1376//1376
f 1110//1110 1378//1378 1109//1109
f 1109//1109 1378//1378 1377//1377
f 1111//1111 1379//1379 1110//1110
f 1110//1110 1379//1379 1378//1378
f 1112//1112 1380//1380 1111//1111
f 1111//1111 1380//1380 1379//1379
f 1113//1113 1380//1380 1112//1112
f 1368//1368 1115//1115 1101//1101
f 1115//1115 1368//1368 1118//1118
f 1118//1118 1368//1368 1369//1369
f 1118//1118 1369//1369 1119//1119
f 1369//1369 1381//1381 1119//1119
f 1369//1369 1371//1371 1381//1381
f 1371//1371 1372//1372 1382//1382
f 1383//1383 1371//1371 1382//1382
f 1381//1381 1371//1371 1383//1383
f 1385//1385 1384//1384 1383//1383
f 1385//1385 1383//1383 1382//1382
f 1386//1386 1384//1384 1385//1385
f 1387//1387 1375//1375 1374//1374
f 1387//1387 1374//1374 1105//1105
f 1120//1120 1387//1387 1105//1105
f 1388//1388 1387//1387 1120//1120
f 1389//1389 1120//1120 1121//1121
f 1389//1389 1388//1388 1120//1120
f 1121//1121 1107//1107 1376//1376
f 1390//1390 1121//1121 1376//1376
f 1389//1389 1121//1121 1390//1390
f 1390//1390 1376//1376 1377//1377
f 1390//1390 1377//1377 1391//1391
f 1391//1391 1377//1377 1378//1378
f 1391//1391 1378//1378 1392//1392
f 1394//1394 1393//1393 1392//1392
f 1378//1378 1394//1394 1392//1392
f 1379//1379 1394//1394 1378//1378
f 1395//1395 1379//1379 1380//1380
f 1394//1394 1379//1379 1395//1395
f 1122//1122 1396//1396 1113//1113
f 1396//1396 1380//1380 1113//1113
f 1396//1396 1395//1395 1380//1380
f 1123//1123 1396//1396 1122//1122
f 1381//1381 1126//1126 1119//1119
f 1126//1126 1381//1381 1129//1129
f 1129//1129 1381//1381 1383//1383
f 1129//1129 1383//1383 1131//1131
f 1131//1131 1383//1383 1384//1384
f 1386//1386 1397//1397 1384//1384
f 1397//1397 1131//1131 1384//1384
f 1397//1397 1133//1133 1131//1131
f 1399//1399 1398//1398 1134//1134
f 1133//1133 1399//1399 1134//1134
f 1397//1397 1399//1399 1133//1133
f 1400//1400 1398//1398 1399//1399
f 1393//1393 1394//1394 1401//1401
f 1393//1393 1401//1401 1402//1402
f 1403//1403 1394//1394 1395//1395
f 1401//1401 1394//1394 1403//1403
f 1137//1137 1403//1403 1136//1136
f 1403//1403 1396//1396 1136//1136
f 1403//1403 1395//1395 1396//1396
f 1136//1136 1396//1396 1123//1123
f 1398//1398 1140//1140 1134//1134
f 1400//1400 1404//1404 1398//1398
f 1404//1404 1140//1140 1398//1398
f 1404//1404 1141//1141 1140//1140
f 1142//1142 1141//1141 1404//1404
f 1142//1142 1404//1404 1405//1405
f 1402//1402 1401//1401 1406//1406
f 1402//1402 1406//1406 1407//1407
f 1408//1408 1401//1401 1403//1403
f 1406//1406 1401//1401 1408//1408
f 1144//1144 1408//1408 1137//1137
f 1137//1137 1408//1408 1403//1403
f 1405//1405 1409//1409 1142//1142
f 1142//1142 1409//1409 1146//1146
f 1148//1148 1146//1146 1409//1409
f 1148//1148 1409//1409 1410//1410
f 1407//1407 1406//1406 1411//1411
f 1407//1407 1411//1411 1412//1412
f 1151//1151 1411//1411 1150//1150
f 1411//1411 1408//1408 1150//1150
f 1411//1411 1406//1406 1408//1408
f 1150//1150 1408//1408 1144//1144
f 1410//1410 1154//1154 1148//1148
f 1413//1413 1154//1154 1410//1410
f 1416//1416 1415//1415 1414//1414
f 1414//1414 1415//1415 1412//1412
f 1414//1414 1412//1412 1411//1411
f 1157//1157 1414//1414 1411//1411
f 1156//1156 1157//1157 1411//1411
f 1156//1156 1411//1411 1151//1151
f 1413//1413 1160//1160 1154//1154
f 1417//1417 1160//1160 1413//1413
f 1416//1416 1414//1414 1418//1418
f 1416//1416 1418//1418 1419//1419
f 1162//1162 1418//1418 1157//1157
f 1157//1157 1418//1418 1414//1414
f 1421//1421 1420//1420 1166//1166
f 1166//1166 1420//1420 1165//1165
f 1166//1166 1160//1160 1417//1417
f 1166//1166 1417//1417 1421//1421
f 1419//1419 1418//1418 1422//1422
f 1419//1419 1422//1422 1423//1423
f 1168//1168 1422//1422 1162//1162
f 1162//1162 1422//1422 1418//1418
f 1424//1424 1171//1171 1172//1172
f 1425//1425 1424//1424 1172//1172
f 1165//1165 1425//1425 1172//1172
f 1420//1420 1425//1425 1165//1165
f 1423//1423 1422//1422 1426//1426
f 1423//1423 1426//1426 1427//1427
f 1174//1174 1426//1426 1168//1168
f 1168//1168 1426//1426 1422//1422
f 1428//1428 1178//1178 1179//1179
f 1429//1429 1428//1428 1179//1179
f 1429//1429 1179//1179 1171//1171
f 1430//1430 1429//1429 1171//1171
f 1424//1424 1430//1430 1171//1171
f 1430//1430 1424//1424 1425//1425
f 1427//1427 1426//1426 1431//1431
f 1427//1427 1431//1431 1432//1432
f 1181//1181 1431//1431 1174//1174
f 1174//1174 1431//1431 1426//1426
f 1433//1433 1188//1188 1189//1189
f 1434//1434 1433//1433 1189//1189
f 1434//1434 1189//1189 1178//1178
f 1435//1435 1434//1434 1178//1178
f 1428//1428 1435//1435 1178//1178
f 1435//1435 1428//1428 1429//1429
f 1436//1436 1432//1432 1431//1431
f 1436//1436 1431//1431 1181//1181
f 1190//1190 1436//1436 1181//1181
f 1437//1437 1436//1436 1190//1190
f 1439//1439 1437//1437 1438//1438
f 1437//1437 1191//1191 1438//1438
f 1437//1437 1190//1190 1191//1191
f 1192//1192 1438//1438 1191//1191
f 1440//1440 1197//1197 1198//1198
f 1199//1199 1441//1441 1198//1198
f 1198//1198 1441//1441 1440//1440
f 1442//1442 1441//1441 1199//1199
f 1442//1442 1199//1199 1188//1188
f 1443//1443 1442//1442 1188//1188
f 1433//1433 1443//1443 1188//1188
f 1443//1443 1433//1433 1434//1434
f 1444//1444 1439//1439 1438//1438
f 1444//1444 1438//1438 1192//1192
f 1200//1200 1444//1444 1192//1192
f 1445//1445 1444//1444 1200//1200
f 1446//1446 1200//1200 1201//1201
f 1446//1446 1445//1445 1200//1200
f 1448//1448 1446//1446 1447//1447
f 1446//1446 1202//1202 1447//1447
f 1446//1446 1201//1201 1202//1202
f 1203//1203 1449//1449 1202//1202
f 1202//1202 1449//1449 1447//1447
f 1197//1197 1440//1440 1203//1203
f 1440//1440 1449//1449 1203//1203
f 1440//1440 1450//1450 1449//1449
f 1441//1441 1452//1452 1451//1451
f 1450//1450 1441//1441 1451//1451
f 1440//1440 1441//1441 1450//1450
f 1452//1452 1441//1441 1442//1442
f 1453//1453 1448//1448 1447//1447
f 1453//1453 1447//1447 1449//1449
f 1453//1453 1449//1449 1454//1454
f 1454//1454 1449//1449 1450//1450
f 1454//1454 1450//1450 1455//1455
f 1455//1455 1450//1450 1451//1451
f 1458//1458 1457//1457 1456//1456
f 1205//1205 1206//1206 1456//1456
f 1457//1457 1205//1205 1456//1456
f 1459//1459 1205//1205 1457//1457
f 1205//1205 1460//1460 1208//1208
f 1459//1459 1460//1460 1205//1205
f 1462//1462 1461//1461 1209//1209
f 1208//1208 1462//1462 1209//1209
f 1460//1460 1462//1462 1208//1208
f 1464//1464 1463//1463 1461//1461
f 1464//1464 1461//1461 1462//1462
f 1465//1465 1463//1463 1464//1464
f 1467//1467 1466//1466 1210//1210
f 1467//1467 1210//1210 1211//1211
f 1456//1456 1212//1212 1458//1458
f 1212//1212 1466//1466 1458//1458
f 1212//1212 1210//1210 1466//1466
f 1212//1212 1456//1456 1206//1206
f 1461//1461 1214//1214 1209//1209
f 1214//1214 1461//1461 1216//1216
f 1216//1216 1461//1461 1463//1463
f 1469//1469 1468//1468 1217//1217
f 1469//1469 1217//1217 1216//1216
f 1465//1465 1469//1469 1216//1216
f 1463//1463 1465//1465 1216//1216
f 1470//1470 1468//1468 1469//1469
f 1472//1472 1471//1471 1223//1223
f 1472//1472 1223//1223 1222//1222
f 1223//1223 1473//1473 1224//1224
f 1471//1471 1473//1473 1223//1223
f 1211//1211 1224//1224 1467//1467
f 1467//1467 1224//1224 1473//1473
f 1468//1468 1226//1226 1217//1217
f 1470//1470 1474//1474 1468//1468
f 1474//1474 1226//1226 1468//1468
f 1474//1474 1228//1228 1226//1226
f 1229//1229 1228//1228 1474//1474
f 1229//1229 1474//1474 1475//1475
f 1232//1232 1476//1476 1233//1233
f 1476//1476 1477//1477 1233//1233
f 1477//1477 1222//1222 1233//1233
f 1477//1477 1472//1472 1222//1222
f 1479//1479 1235//1235 1478//1478
f 1235//1235 1475//1475 1478//1478
f 1235//1235 1229//1229 1475//1475
f 1480//1480 1479//1479 1478//1478
f 1482//1482 1481//1481 1476//1476
f 1232//1232 1482//1482 1476//1476
f 1238//1238 1482//1482 1232//1232
f 1476//1476 1481//1481 1477//1477
f 1479//1479 1240//1240 1235//1235
f 1241//1241 1240//1240 1479//1479
f 1480//1480 1241//1241 1479//1479
f 1483//1483 1241//1241 1480//1480
f 1243//1243 1482//1482 1238//1238
f 1243//1243 1484//1484 1482//1482
f 1486//1486 1245//1245 1485//1485
f 1245//1245 1483//1483 1485//1485
f 1245//1245 1241//1241 1483//1483
f 1487//1487 1486//1486 1485//1485
f 1246//1246 1489//1489 1488//1488
f 1484//1484 1246//1246 1488//1488
f 1243//1243 1246//1246 1484//1484
f 1489//1489 1490//1490 1488//1488
f 1486//1486 1248//1248 1245//1245
f 1249//1249 1248//1248 1486//1486
f 1487//1487 1249//1249 1486//1486
f 1491//1491 1249//1249 1487//1487
f 1250//1250 1489//1489 1246//1246
f 1493//1493 1492//1492 1251//1251
f 1251//1251 1492//1492 1250//1250
f 1492//1492 1490//1490 1250//1250
f 1490//1490 1489//1489 1250//1250
f 1493//1493 1494//1494 1492//1492
f 1496//1496 1253//1253 1495//1495
f 1253//1253 1491//1491 1495//1495
f 1253//1253 1249//1249 1491//1491
f 1497//1497 1496//1496 1495//1495
f 1254//1254 1493//1493 1251//1251
f 1254//1254 1256//1256 1493//1493
f 1256//1256 1494//1494 1493//1493
f 1256//1256 1498//1498 1494//1494
f 1499//1499 1257//1257 1496//1496
f 1496//1496 1257//1257 1253//1253
f 1496//1496 1497//1497 1500//1500
f 1496//1496 1500//1500 1499//1499
f 1256//1256 1258//1258 1501//1501
f 1502//1502 1256//1256 1501//1501
f 1498//1498 1256//1256 1502//1502
f 1259//1259 1501//1501 1258//1258
f 1499//1499 1260//1260 1257//1257
f 1262//1262 1260//1260 1499//1499
f 1500//1500 1262//1262 1499//1499
f 1503//1503 1262//1262 1500//1500
f 1502//1502 1501//1501 1504//1504
f 1502//1502 1504//1504 1505//1505
f 1263//1263 1504//1504 1259//1259
f 1259//1259 1504//1504 1501//1501
f 1503//1503 1265//1265 1262//1262
f 1506//1506 1265//1265 1503//1503
f 1505//1505 1504//1504 1267//1267
f 1268//1268 1505//1505 1267//1267
f 1507//1507 1505//1505 1268//1268
f 1267//1267 1504//1504 1263//1263
f 1506//1506 1270//1270 1265//1265
f 1508//1508 1270//1270 1506//1506
f 1511//1511 1510//1510 1509//1509
f 1510//1510 1507//1507 1509//1509
f 1507//1507 1271//1271 1509//1509
f 1507//1507 1268//1268 1271//1271
f 1513//1513 1272//1272 1512//1512
f 1272//1272 1508//1508 1512//1512
f 1272//1272 1270//1270 1508//1508
f 1514//1514 1513//1513 1512//1512
f 1511//1511 1509//1509 1274//1274
f 1275//1275 1511//1511 1274//1274
f 1515//1515 1511//1511 1275//1275
f 1274//1274 1509//1509 1271//1271
f 1518//1518 1517//1517 1516//1516
f 1520//1520 1519//1519 1516//1516
f 1516//1516 1519//1519 1518//1518
f 1520//1520 1521//1521 1519//1519
f 1522//1522 1276//1276 1513//1513
f 1513//1513 1276//1276 1272//1272
f 1513//1513 1514//1514 1523//1523
f 1513//1513 1523//1523 1522//1522
f 1278//1278 1515//1515 1275//1275
f 1278//1278 1524//1524 1515//1515
f 1527//1527 1526//1526 1525//1525
f 1280//1280 1281//1281 1525//1525
f 1281//1281 1527//1527 1525//1525
f 1281//1281 1528//1528 1527//1527
f 1282//1282 1516//1516 1517//1517
f 1528//1528 1282//1282 1517//1517
f 1281//1281 1282//1282 1528//1528
f 1516//1516 1282//1282 1284//1284
f 1516//1516 1284//1284 1520//1520
f 1529//1529 1521//1521 1520//1520
f 1284//1284 1529//1529 1520//1520
f 1285//1285 1529//1529 1284//1284
f 1530//1530 1285//1285 1287//1287
f 1530//1530 1529//1529 1285//1285
f 1287//1287 1289//1289 1530//1530
f 1530//1530 1289//1289 1531//1531
f 1532//1532 1290//1290 1522//1522
f 1522//1522 1290//1290 1276//1276
f 1522//1522 1523//1523 1533//1533
f 1522//1522 1533//1533 1532//1532
f 1292//1292 1524//1524 1278//1278
f 1292//1292 1534//1534 1524//1524
f 1537//1537 1536//1536 1535//1535
f 1537//1537 1535//1535 1526//1526
f 1526//1526 1535//1535 1525//1525
f 1535//1535 1294//1294 1525//1525
f 1294//1294 1295//1295 1525//1525
f 1525//1525 1295//1295 1280//1280
f 1538//1538 1531//1531 1289//1289
f 1538//1538 1289//1289 1296//1296
f 1296//1296 1298//1298 1538//1538
f 1538//1538 1298//1298 1539//1539
f 1540//1540 1299//1299 1532//1532
f 1532//1532 1299//1299 1290//1290
f 1532//1532 1533//1533 1541//1541
f 1532//1532 1541//1541 1540//1540
f 1300//1300 1534//1534 1292//1292
f 1300//1300 1542//1542 1534//1534
f 1535//1535 1536//1536 1303//1303
f 1536//1536 1302//1302 1303//1303
f 1536//1536 1543//1543 1302//1302
f 1535//1535 1303//1303 1294//1294
f 1304//1304 1545//1545 1544//1544
f 1539//1539 1304//1304 1544//1544
f 1298//1298 1304//1304 1539//1539
f 1545//1545 1546//1546 1544//1544
f 1547//1547 1305//1305 1540//1540
f 1540//1540 1305//1305 1299//1299
f 1540//1540 1541//1541 1548//1548
f 1540//1540 1548//1548 1547//1547
f 1306//1306 1542//1542 1300//1300
f 1306//1306 1549//1549 1542//1542
f 1552//1552 1551//1551 1550//1550
f 1543//1543 1552//1552 1550//1550
f 1308//1308 1543//1543 1550//1550
f 1302//1302 1543//1543 1308//1308
f 1309//1309 1545//1545 1304//1304
f 1309//1309 1311//1311 1545//1545
f 1311//1311 1546//1546 1545//1545
f 1311//1311 1553//1553 1546//1546
f 1554//1554 1312//1312 1547//1547
f 1547//1547 1312//1312 1305//1305
f 1547//1547 1548//1548 1555//1555
f 1547//1547 1555//1555 1554//1554
f 1557//1557 1556//1556 1313//1313
f 1557//1557 1313//1313 1314//1314
f 1306//1306 1313//1313 1549//1549
f 1549//1549 1313//1313 1556//1556
f 1550//1550 1551//1551 1558//1558
f 1558//1558 1551//1551 1559//1559
f 1558//1558 1316//1316 1308//1308
f 1558//1558 1308//1308 1550//1550
f 1318//1318 1553//1553 1311//1311
f 1318//1318 1560//1560 1553//1553
f 1561//1561 1319//1319 1554//1554
f 1554//1554 1319//1319 1312//1312
f 1554//1554 1555//1555 1562//1562
f 1554//1554 1562//1562 1561//1561
f 1321//1321 1557//1557 1314//1314
f 1321//1321 1563//1563 1557//1557
f 1559//1559 1564//1564 1558//1558
f 1316//1316 1558//1558 1564//1564
f 1565//1565 1316//1316 1564//1564
f 1323//1323 1316//1316 1565//1565
f 1325//1325 1566//1566 1324//1324
f 1566//1566 1567//1567 1324//1324
f 1567//1567 1318//1318 1324//1324
f 1567//1567 1560//1560 1318//1318
f 1568//1568 1326//1326 1561//1561
f 1561//1561 1326//1326 1319//1319
f 1561//1561 1562//1562 1569//1569
f 1561//1561 1569//1569 1568//1568
f 1329//1329 1563//1563 1321//1321
f 1329//1329 1570//1570 1563//1563
f 1330//1330 1323//1323 1571//1571
f 1323//1323 1572//1572 1571//1571
f 1323//1323 1565//1565 1572//1572
f 1571//1571 1332//1332 1330//1330
f 1574//1574 1573//1573 1566//1566
f 1325//1325 1574//1574 1566//1566
f 1334//1334 1574//1574 1325//1325
f 1566//1566 1573//1573 1567//1567
f 1575//1575 1335//1335 1568//1568
f 1568//1568 1335//1335 1326//1326
f 1568//1568 1569//1569 1576//1576
f 1568//1568 1576//1576 1575//1575
f 1338//1338 1570//1570 1329//1329
f 1338//1338 1577//1577 1570//1570
f 1572//1572 1578//1578 1571//1571
f 1578//1578 1580//1580 1579//1579
f 1578//1578 1579//1579 1339//1339
f 1571//1571 1578//1578 1339//1339
f 1332//1332 1571//1571 1339//1339
f 1579//1579 1341//1341 1339//1339
f 1582//1582 1581//1581 1346//1346
f 1582//1582 1346//1346 1345//1345
f 1334//1334 1346//1346 1574//1574
f 1574//1574 1346//1346 1581//1581
f 1583//1583 1348//1348 1575//1575
f 1575//1575 1348//1348 1335//1335
f 1575//1575 1576//1576 1584//1584
f 1575//1575 1584//1584 1583//1583
f 1350//1350 1586//1586 1585//1585
f 1577//1577 1350//1350 1585//1585
f 1338//1338 1350//1350 1577//1577
f 1586//1586 1587//1587 1585//1585
f 1580//1580 1588//1588 1579//1579
f 1579//1579 1588//1588 1341//1341
f 1588//1588 1351//1351 1341//1341
f 1588//1588 1589//1589 1351//1351
f 1589//1589 1591//1591 1590//1590
f 1352//1352 1589//1589 1590//1590
f 1351//1351 1589//1589 1352//1352
f 1592//1592 1353//1353 1352//1352
f 1592//1592 1352//1352 1590//1590
f 1593//1593 1354//1354 1353//1353
f 1593//1593 1353//1353 1592//1592
f 1354//1354 1593//1593 1594//1594
f 1595//1595 1354//1354 1594//1594
f 1355//1355 1354//1354 1595//1595
f 1345//1345 1355//1355 1582//1582
f 1582//1582 1355//1355 1595//1595
f 1583//1583 1357//1357 1348//1348
f 1359//1359 1357//1357 1583//1583
f 1584//1584 1359//1359 1583//1583
f 1596//1596 1359//1359 1584//1584
f 1360//1360 1586//1586 1350//1350
f 1598//1598 1597//1597 1361//1361
f 1361//1361 1597//1597 1360//1360
f 1597//1597 1587//1587 1360//1360
f 1587//1587 1586//1586 1360//1360
f 1598//1598 1599//1599 1597//1597
f 1591//1591 1600//1600 1590//1590
f 1590//1590 1600//1600 1592//1592
f 1592//1592 1600//1600 1601//1601
f 1592//1592 1601//1601 1593//1593
f 1593//1593 1601//1601 1602//1602
f 1593//1593 1602//1602 1594//1594
f 1604//1604 1364//1364 1603//1603
f 1364//1364 1596//1596 1603//1603
f 1364//1364 1359//1359 1596//1596
f 1605//1605 1604//1604 1603//1603
f 1365//1365 1598//1598 1361//1361
f 1606//1606 1599//1599 1598//1598
f 1365//1365 1606//1606 1598//1598
f 1366//1366 1606//1606 1365//1365
f 1366//1366 1367//1367 1606//1606
f 1606//1606 1367//1367 1607//1607
f 1604//1604 1370//1370 1364//1364
f 1609//1609 1608//1608 1372//1372
f 1609//1609 1372//1372 1370//1370
f 1605//1605 1609//1609 1370//1370
f 1604//1604 1605//1605 1370//1370
f 1611//1611 1610//1610 1608//1608
f 1611//1611 1608//1608 1609//1609
f 1612//1612 1610//1610 1611//1611
f 1613//1613 1607//1607 1367//1367
f 1613//1613 1367//1367 1373//1373
f 1373//1373 1375//1375 1613//1613
f 1613//1613 1375//1375 1614//1614
f 1608//1608 1382//1382 1372//1372
f 1382//1382 1608//1608 1385//1385
f 1385//1385 1608//1608 1610//1610
f 1616//1616 1615//1615 1386//1386
f 1616//1616 1386//1386 1385//1385
f 1612//1612 1616//1616 1385//1385
f 1610//1610 1612//1612 1385//1385
f 1617//1617 1615//1615 1616//1616
f 1618//1618 1614//1614 1375//1375
f 1618//1618 1375//1375 1387//1387
f 1619//1619 1387//1387 1388//1388
f 1619//1619 1618//1618 1387//1387
f 1620//1620 1388//1388 1389//1389
f 1620//1620 1619//1619 1388//1388
f 1621//1621 1389//1389 1390//1390
f 1621//1621 1620//1620 1389//1389
f 1623//1623 1621//1621 1622//1622
f 1621//1621 1391//1391 1622//1622
f 1621//1621 1390//1390 1391//1391
f 1392//1392 1624//1624 1391//1391
f 1391//1391 1624//1624 1622//1622
f 1393//1393 1624//1624 1392//1392
f 1615//1615 1397//1397 1386//1386
f 1617//1617 1625//1625 1615//1615
f 1625//1625 1397//1397 1615//1615
f 1625//1625 1399//1399 1397//1397
f 1400//1400 1399//1399 1625//1625
f 1400//1400 1625//1625 1626//1626
f 1627//1627 1623//1623 1622//1622
f 1629//1629 1628//1628 1627//1627
f 1622//1622 1629//1629 1627//1627
f 1624//1624 1629//1629 1622//1622
f 1402//1402 1629//1629 1393//1393
f 1393//1393 1629//1629 1624//1624
f 1626//1626 1630//1630 1400//1400
f 1400//1400 1630//1630 1404//1404
f 1405//1405 1404//1404 1630//1630
f 1405//1405 1630//1630 1631//1631
f 1628//1628 1629//1629 1632//1632
f 1628//1628 1632//1632 1633//1633
f 1407//1407 1632//1632 1402//1402
f 1402//1402 1632//1632 1629//1629
f 1636//1636 1635//1635 1634//1634
f 1638//1638 1637//1637 1634//1634
f 1634//1634 1637//1637 1636//1636
f 1638//1638 1639//1639 1637//1637
f 1631//1631 1640//1640 1405//1405
f 1405//1405 1640//1640 1409//1409
f 1410//1410 1409//1409 1640//1640
f 1410//1410 1640//1640 1641//1641
f 1633//1633 1632//1632 1642//1642
f 1633//1633 1642//1642 1643//1643
f 1412//1412 1642//1642 1407//1407
f 1407//1407 1642//1642 1632//1632
f 1634//1634 1635//1635 1644//1644
f 1644//1644 1635//1635 1645//1645
f 1634//1634 1646//1646 1638//1638
f 1634//1634 1644//1644 1646//1646
f 1639//1639 1638//1638 1647//1647
f 1638//1638 1648//1648 1647//1647
f 1638//1638 1646//1646 1648//1648
f 1648//1648 1649//1649 1647//1647
f 1641//1641 1413//1413 1410//1410
f 1650//1650 1413//1413 1641//1641
f 1653//1653 1652//1652 1651//1651
f 1651//1651 1652//1652 1643//1643
f 1651//1651 1643//1643 1642//1642
f 1416//1416 1651//1651 1642//1642
f 1415//1415 1416//1416 1642//1642
f 1415//1415 1642//1642 1412//1412
f 1644//1644 1645//1645 1654//1654
f 1654//1654 1645//1645 1655//1655
f 1644//1644 1656//1656 1646//1646
f 1644//1644 1654//1654 1656//1656
f 1646//1646 1657//1657 1648//1648
f 1646//1646 1656//1656 1657//1657
f 1649//1649 1648//1648 1658//1658
f 1658//1658 1648//1648 1657//1657
f 1650//1650 1417//1417 1413//1413
f 1659//1659 1417//1417 1650//1650
f 1653//1653 1651//1651 1660//1660
f 1653//1653 1660//1660 1661//1661
f 1419//1419 1660//1660 1416//1416
f 1416//1416 1660//1660 1651//1651
f 1655//1655 1662//1662 1654//1654
f 1654//1654 1662//1662 1656//1656
f 1656//1656 1662//1662 1663//1663
f 1656//1656 1663//1663 1657//1657
f 1657//1657 1663//1663 1664//1664
f 1657//1657 1664//1664 1658//1658
f 1666//1666 1665//1665 1421//1421
f 1421//1421 1665//1665 1420//1420
f 1421//1421 1417//1417 1659//1659
f 1421//1421 1659//1659 1666//1666
f 1661//1661 1660//1660 1667//1667
f 1661//1661 1667//1667 1668//1668
f 1423//1423 1667//1667 1419//1419
f 1419//1419 1667//1667 1660//1660
f 1665//1665 1425//1425 1420//1420
f 1669//1669 1425//1425 1665//1665
f 1668//1668 1667//1667 1670//1670
f 1668//1668 1670//1670 1671//1671
f 1427//1427 1670//1670 1423//1423
f 1423//1423 1670//1670 1667//1667
f 1673//1673 1672//1672 1430//1430
f 1430//1430 1672//1672 1429//1429
f 1430//1430 1425//1425 1669//1669
f 1430//1430 1669//1669 1673//1673
f 1674//1674 1671//1671 1670//1670
f 1670//1670 1427//1427 1674//1674
f 1427//1427 1675//1675 1674//1674
f 1427//1427 1432//1432 1675//1675
f 1677//1677 1676//1676 1435//1435
f 1435//1435 1676//1676 1434//1434
f 1435//1435 1429//1429 1672//1672
f 1435//1435 1672//1672 1677//1677
f 1678//1678 1675//1675 1432//1432
f 1678//1678 1432//1432 1436//1436
f 1680//1680 1678//1678 1679//1679
f 1678//1678 1437//1437 1679//1679
f 1678//1678 1436//1436 1437//1437
f 1439//1439 1679//1679 1437//1437
f 1682//1682 1681//1681 1443//1443
f 1443//1443 1681//1681 1442//1442
f 1443//1443 1434//1434 1676//1676
f 1443//1443 1676//1676 1682//1682
f 1683//1683 1680//1680 1679//1679
f 1685//1685 1683//1683 1684//1684
f 1684//1684 1683//1683 1444//1444
f 1683//1683 1679//1679 1444//1444
f 1679//1679 1439//1439 1444//1444
f 1445//1445 1686//1686 1444//1444
f 1444//1444 1686//1686 1684//1684
f 1446//1446 1687//1687 1445//1445
f 1445//1445 1687//1687 1686//1686
f 1448//1448 1687//1687 1446//1446
f 1689//1689 1688//1688 1452//1452
f 1452//1452 1688//1688 1451//1451
f 1452//1452 1442//1442 1681//1681
f 1452//1452 1681//1681 1689//1689
f 1690//1690 1685//1685 1684//1684
f 1690//1690 1684//1684 1686//1686
f 1690//1690 1686//1686 1691//1691
f 1691//1691 1686//1686 1687//1687
f 1691//1691 1687//1687 1692//1692
f 1692//1692 1687//1687 1448//1448
f 1453//1453 1692//1692 1448//1448
f 1693//1693 1692//1692 1453//1453
f 1694//1694 1453//1453 1454//1454
f 1694//1694 1693//1693 1453//1453
f 1695//1695 1454//1454 1455//1455
f 1695//1695 1694//1694 1454//1454
f 1455//1455 1451//1451 1688//1688
f 1455//1455 1688//1688 1695//1695
f 1698//1698 1697//1697 1696//1696
f 1700//1700 1699//1699 1696//1696
f 1700//1700 1696//1696 1697//1697
f 1702//1702 1701//1701 1699//1699
f 1702//1702 1699//1699 1700//1700
f 1703//1703 1701//1701 1702//1702
f 1705//1705 1704//1704 1457//1457
f 1705//1705 1457//1457 1458//1458
f 1696//1696 1459//1459 1698//1698
f 1459//1459 1704//1704 1698//1698
f 1459//1459 1457//1457 1704//1704
f 1459//1459 1696//1696 1460//1460
f 1460//1460 1696//1696 1699//1699
f 1460//1460 1699//1699 1462//1462
f 1462//1462 1699//1699 1701//1701
f 1703//1703 1706//1706 1701//1701
f 1706//1706 1462//1462 1701//1701
f 1706//1706 1464//1464 1462//1462
f 1465//1465 1464//1464 1706//1706
f 1465//1465 1706//1706 1707//1707
f 1709//1709 1708//1708 1466//1466
f 1709//1709 1466//1466 1467//1467
f 1458//1458 1466//1466 1705//1705
f 1705//1705 1466//1466 1708//1708
f 1707//1707 1710//1710 1465//1465
f 1465//1465 1710//1710 1469//1469
f 1712//1712 1711//1711 1470//1470
f 1469//1469 1712//1712 1470//1470
f 1710//1710 1712//1712 1469//1469
f 1713//1713 1711//1711 1712//1712
f 1472//1472 1714//1714 1471//1471
f 1471//1471 1714//1714 1715//1715
f 1716//1716 1471//1471 1715//1715
f 1473//1473 1471//1471 1716//1716
f 1467//1467 1473//1473 1709//1709
f 1709//1709 1473//1473 1716//1716
f 1711//1711 1474//1474 1470//1470
f 1718//1718 1717//1717 1475//1475
f 1718//1718 1475//1475 1474//1474
f 1713//1713 1718//1718 1474//1474
f 1711//1711 1713//1713 1474//1474
f 1719//1719 1717//1717 1718//1718
f 1721//1721 1720//1720 1714//1714
f 1472//1472 1721//1721 1714//1714
f 1477//1477 1721//1721 1472//1472
f 1714//1714 1720//1720 1715//1715
f 1717//1717 1478//1478 1475//1475
f 1480//1480 1478//1478 1717//1717
f 1719//1719 1480//1480 1717//1717
f 1722//1722 1480//1480 1719//1719
f 1482//1482 1723//1723 1481//1481
f 1723//1723 1724//1724 1481//1481
f 1724//1724 1477//1477 1481//1481
f 1724//1724 1721//1721 1477//1477
f 1726//1726 1483//1483 1725//1725
f 1483//1483 1722//1722 1725//1725
f 1483//1483 1480//1480 1722//1722
f 1727//1727 1726//1726 1725//1725
f 1484//1484 1728//1728 1723//1723
f 1484//1484 1723//1723 1482//1482
f 1724//1724 1723//1723 1729//1729
f 1729//1729 1723//1723 1728//1728
f 1726//1726 1485//1485 1483//1483
f 1487//1487 1485//1485 1726//1726
f 1727//1727 1487//1487 1726//1726
f 1730//1730 1487//1487 1727//1727
f 1488//1488 1728//1728 1484//1484
f 1488//1488 1490//1490 1728//1728
f 1490//1490 1729//1729 1728//1728
f 1490//1490 1731//1731 1729//1729
f 1733//1733 1491//1491 1732//1732
f 1491//1491 1730//1730 1732//1732
f 1491//1491 1487//1487 1730//1730
f 1734//1734 1733//1733 1732//1732
f 1735//1735 1731//1731 1490//1490
f 1735//1735 1490//1490 1492//1492
f 1492//1492 1494//1494 1735//1735
f 1735//1735 1494//1494 1736//1736
f 1733//1733 1495//1495 1491//1491
f 1497//1497 1495//1495 1733//1733
f 1734//1734 1497//1497 1733//1733
f 1737//1737 1497//1497 1734//1734
f 1498//1498 1736//1736 1494//1494
f 1498//1498 1738//1738 1736//1736
f 1737//1737 1500//1500 1497//1497
f 1739//1739 1500//1500 1737//1737
f 1502//1502 1738//1738 1498//1498
f 1502//1502 1740//1740 1738//1738
f 1739//1739 1503//1503 1500//1500
f 1741//1741 1503//1503 1739//1739
f 1505//1505 1740//1740 1502//1502
f 1505//1505 1742//1742 1740//1740
f 1741//1741 1506//1506 1503//1503
f 1743//1743 1506//1506 1741//1741
f 1507//1507 1742//1742 1505//1505
f 1507//1507 1744//1744 1742//1742
f 1746//1746 1508//1508 1745//1745
f 1508//1508 1743//1743 1745//1745
f 1508//1508 1506//1506 1743//1743
f 1747//1747 1746//1746 1745//1745
f 1749//1749 1748//1748 1510//1510
f 1749//1749 1510//1510 1511//1511
f 1507//1507 1510//1510 1744//1744
f 1744//1744 1510//1510 1748//1748
f 1746//1746 1512//1512 1508//1508
f 1514//1514 1512//1512 1746//1746
f 1747//1747 1514//1514 1746//1746
f 1750//1750 1514//1514 1747//1747
f 1515//1515 1749//1749 1511//1511
f 1515//1515 1751//1751 1749//1749
f 1754//1754 1753//1753 1752//1752
f 1517//1517 1518//1518 1752//1752
f 1518//1518 1754//1754 1752//1752
f 1518//1518 1755//1755 1754//1754
f 1756//1756 1518//1518 1519//1519
f 1756//1756 1755//1755 1518//1518
f 1758//1758 1757//1757 1521//1521
f 1757//1757 1519//1519 1521//1521
f 1757//1757 1756//1756 1519//1519
f 1758//1758 1759//1759 1757//1757
f 1750//1750 1523//1523 1514//1514
f 1760//1760 1523//1523 1750//1750
f 1524//1524 1751//1751 1515//1515
f 1524//1524 1761//1761 1751//1751
f 1763//1763 1762//1762 1527//1527
f 1527//1527 1762//1762 1526//1526
f 1528//1528 1752//1752 1753//1753
f 1763//1763 1528//1528 1753//1753
f 1527//1527 1528//1528 1763//1763
f 1752//1752 1528//1528 1517//1517
f 1529//1529 1758//1758 1521//1521
f 1764//1764 1759//1759 1758//1758
f 1529//1529 1764//1764 1758//1758
f 1530//1530 1764//1764 1529//1529
f 1766//1766 1765//1765 1531//1531
f 1765//1765 1530//1530 1531//1531
f 1765//1765 1764//1764 1530//1530
f 1766//1766 1767//1767 1765//1765
f 1760//1760 1533//1533 1523//1523
f 1768//1768 1533//1533 1760//1760
f 1534//1534 1761//1761 1524//1524
f 1534//1534 1769//1769 1761//1761
f 1771//1771 1770//1770 1537//1537
f 1537//1537 1770//1770 1536//1536
f 1537//1537 1526//1526 1762//1762
f 1537//1537 1762//1762 1771//1771
f 1538//1538 1766//1766 1531//1531
f 1773//1773 1772//1772 1539//1539
f 1539//1539 1772//1772 1538//1538
f 1772//1772 1767//1767 1538//1538
f 1767//1767 1766//1766 1538//1538
f 1773//1773 1774//1774 1772//1772
f 1768//1768 1541//1541 1533//1533
f 1775//1775 1541//1541 1768//1768
f 1542//1542 1769//1769 1534//1534
f 1542//1542 1776//1776 1769//1769
f 1779//1779 1778//1778 1777//1777
f 1770//1770 1779//1779 1777//1777
f 1543//1543 1770//1770 1777//1777
f 1536//1536 1770//1770 1543//1543
f 1544//1544 1773//1773 1539//1539
f 1544//1544 1546//1546 1773//1773
f 1546//1546 1774//1774 1773//1773
f 1546//1546 1780//1780 1774//1774
f 1775//1775 1548//1548 1541//1541
f 1781//1781 1548//1548 1775//1775
f 1549//1549 1776//1776 1542//1542
f 1549//1549 1782//1782 1776//1776
f 1777//1777 1778//1778 1552//1552
f 1778//1778 1551//1551 1552//1552
f 1778//1778 1783//1783 1551//1551
f 1777//1777 1552//1552 1543//1543
f 1553//1553 1780//1780 1546//1546
f 1553//1553 1784//1784 1780//1780
f 1781//1781 1555//1555 1548//1548
f 1785//1785 1555//1555 1781//1781
f 1557//1557 1786//1786 1556//1556
f 1786//1786 1787//1787 1556//1556
f 1787//1787 1549//1549 1556//1556
f 1787//1787 1782//1782 1549//1549
f 1783//1783 1559//1559 1551//1551
f 1788//1788 1559//1559 1783//1783
f 1560//1560 1784//1784 1553//1553
f 1560//1560 1789//1789 1784//1784
f 1785//1785 1562//1562 1555//1555
f 1790//1790 1562//1562 1785//1785
f 1563//1563 1791//1791 1786//1786
f 1563//1563 1786//1786 1557//1557
f 1787//1787 1786//1786 1792//1792
f 1792//1792 1786//1786 1791//1791
f 1564//1564 1559//1559 1793//1793
f 1559//1559 1794//1794 1793//1793
f 1559//1559 1788//1788 1794//1794
f 1793//1793 1565//1565 1564//1564
f 1567//1567 1789//1789 1560//1560
f 1567//1567 1795//1795 1789//1789
f 1790//1790 1569//1569 1562//1562
f 1796//1796 1569//1569 1790//1790
f 1570//1570 1797//1797 1791//1791
f 1570//1570 1791//1791 1563//1563
f 1792//1792 1791//1791 1798//1798
f 1798//1798 1791//1791 1797//1797
f 1794//1794 1799//1799 1793//1793
f 1565//1565 1793//1793 1799//1799
f 1800//1800 1565//1565 1799//1799
f 1572//1572 1565//1565 1800//1800
f 1574//1574 1801//1801 1573//1573
f 1801//1801 1802//1802 1573//1573
f 1802//1802 1567//1567 1573//1573
f 1802//1802 1795//1795 1567//1567
f 1796//1796 1576//1576 1569//1569
f 1803//1803 1576//1576 1796//1796
f 1577//1577 1804//1804 1797//1797
f 1577//1577 1797//1797 1570//1570
f 1798//1798 1797//1797 1805//1805
f 1805//1805 1797//1797 1804//1804
f 1800//1800 1806//1806 1572//1572
f 1572//1572 1806//1806 1578//1578
f 1580//1580 1578//1578 1806//1806
f 1580//1580 1806//1806 1807//1807
f 1582//1582 1808//1808 1581//1581
f 1808//1808 1809//1809 1581//1581
f 1581//1581 1809//1809 1574//1574
f 1809//1809 1810//1810 1574//1574
f 1810//1810 1801//1801 1574//1574
f 1801//1801 1810//1810 1802//1802
f 1803//1803 1584//1584 1576//1576
f 1811//1811 1584//1584 1803//1803
f 1585//1585 1804//1804 1577//1577
f 1585//1585 1587//1587 1804//1804
f 1587//1587 1805//1805 1804//1804
f 1587//1587 1812//1812 1805//1805
f 1807//1807 1813//1813 1580//1580
f 1580//1580 1813//1813 1588//1588
f 1813//1813 1815//1815 1814//1814
f 1589//1589 1813//1813 1814//1814
f 1588//1588 1813//1813 1589//1589
f 1814//1814 1591//1591 1589//1589
f 1817//1817 1816//1816 1595//1595
f 1817//1817 1595//1595 1594//1594
f 1582//1582 1595//1595 1808//1808
f 1595//1595 1818//1818 1808//1808
f 1595//1595 1816//1816 1818//1818
f 1808//1808 1818//1818 1809//1809
f 1811//1811 1596//1596 1584//1584
f 1819//1819 1596//1596 1811//1811
f 1820//1820 1812//1812 1587//1587
f 1820//1820 1587//1587 1597//1597
f 1597//1597 1599//1599 1820//1820
f 1820//1820 1599//1599 1821//1821
f 1815//1815 1822//1822 1814//1814
f 1814//1814 1822//1822 1591//1591
f 1822//1822 1600//1600 1591//1591
f 1822//1822 1823//1823 1600//1600
f 1600//1600 1824//1824 1601//1601
f 1823//1823 1824//1824 1600//1600
f 1601//1601 1825//1825 1602//1602
f 1824//1824 1825//1825 1601//1601
f 1594//1594 1602//1602 1817//1817
f 1817//1817 1602//1602 1825//1825
f 1819//1819 1826//1826 1596//1596
f 1596//1596 1826//1826 1603//1603
f 1828//1828 1827//1827 1605//1605
f 1603//1603 1828//1828 1605//1605
f 1826//1826 1828//1828 1603//1603
f 1829//1829 1827//1827 1828//1828
f 1830//1830 1821//1821 1599//1599
f 1830//1830 1599//1599 1606//1606
f 1606//1606 1607//1607 1830//1830
f 1830//1830 1607//1607 1831//1831
f 1827//1827 1609//1609 1605//1605
f 1829//1829 1832//1832 1827//1827
f 1832//1832 1609//1609 1827//1827
f 1832//1832 1611//1611 1609//1609
f 1612//1612 1611//1611 1832//1832
f 1612//1612 1832//1832 1833//1833
f 1834//1834 1831//1831 1607//1607
f 1834//1834 1607//1607 1613//1613
f 1613//1613 1614//1614 1834//1834
f 1834//1834 1614//1614 1835//1835
f 1833//1833 1836//1836 1612//1612
f 1612//1612 1836//1836 1616//1616
f 1617//1617 1616//1616 1836//1836
f 1617//1617 1836//1836 1837//1837
f 1838//1838 1835//1835 1614//1614
f 1838//1838 1614//1614 1618//1618
f 1839//1839 1618//1618 1619//1619
f 1839//1839 1838//1838 1618//1618
f 1840//1840 1619//1619 1620//1620
f 1840//1840 1839//1839 1619//1619
f 1842//1842 1840//1840 1841//1841
f 1840//1840 1621//1621 1841//1841
f 1840//1840 1620//1620 1621//1621
f 1623//1623 1841//1841 1621//1621
f 1837//1837 1843//1843 1617//1617
f 1617//1617 1843//1843 1625//1625
f 1626//1626 1625//1625 1843//1843
f 1626//1626 1843//1843 1844//1844
f 1845//1845 1842//1842 1841//1841
f 1845//1845 1841//1841 1623//1623
f 1627//1627 1845//1845 1623//1623
f 1846//1846 1845//1845 1627//1627
f 1627//1627 1628//1628 1846//1846
f 1846//1846 1628//1628 1847//1847
f 1844//1844 1848//1848 1626//1626
f 1626//1626 1848//1848 1630//1630
f 1631//1631 1630//1630 1848//1848
f 1631//1631 1848//1848 1849//1849
f 1633//1633 1847//1847 1628//1628
f 1633//1633 1850//1850 1847//1847
f 1852//1852 1851//1851 1636//1636
f 1636//1636 1851//1851 1635//1635
f 1853//1853 1636//1636 1637//1637
f 1853//1853 1852//1852 1636//1636
f 1855//1855 1854//1854 1639//1639
f 1854//1854 1637//1637 1639//1639
f 1854//1854 1853//1853 1637//1637
f 1855//1855 1856//1856 1854//1854
f 1640//1640 1631//1631 1857//1857
f 1631//1631 1858//1858 1857//1857
f 1631//1631 1849//1849 1858//1858
f 1857//1857 1641//1641 1640//1640
f 1643//1643 1850//1850 1633//1633
f 1643//1643 1859//1859 1850//1850
f 1862//1862 1861//1861 1860//1860
f 1851//1851 1862//1862 1860//1860
f 1645//1645 1851//1851 1860//1860
f 1635//1635 1851//1851 1645//1645
f 1647//1647 1855//1855 1639//1639
f 1864//1864 1863//1863 1649//1649
f 1649//1649 1863//1863 1647//1647
f 1863//1863 1856//1856 1647//1647
f 1856//1856 1855//1855 1647//1647
f 1864//1864 1865//1865 1863//1863
f 1858//1858 1866//1866 1857//1857
f 1641//1641 1857//1857 1866//1866
f 1867//1867 1641//1641 1866//1866
f 1650//1650 1641//1641 1867//1867
f 1869//1869 1868//1868 1652//1652
f 1869//1869 1652//1652 1653//1653
f 1643//1643 1652//1652 1859//1859
f 1859//1859 1652//1652 1868//1868
f 1860//1860 1861//1861 1870//1870
f 1870//1870 1861//1861 1871//1871
f 1870//1870 1655//1655 1645//1645
f 1870//1870 1645//1645 1860//1860
f 1873//1873 1872//1872 1864//1864
f 1649//1649 1873//1873 1864//1864
f 1658//1658 1873//1873 1649//1649
f 1864//1864 1872//1872 1865//1865
f 1867//1867 1659//1659 1650//1650
f 1874//1874 1659//1659 1867//1867
f 1661//1661 1869//1869 1653//1653
f 1661//1661 1875//1875 1869//1869
f 1871//1871 1876//1876 1870//1870
f 1876//1876 1878//1878 1877//1877
f 1876//1876 1877//1877 1662//1662
f 1870//1870 1876//1876 1662//1662
f 1655//1655 1870//1870 1662//1662
f 1879//1879 1663//1663 1662//1662
f 1879//1879 1662//1662 1877//1877
f 1880//1880 1664//1664 1663//1663
f 1880//1880 1663//1663 1879//1879
f 1880//1880 1881//1881 1664//1664
f 1881//1881 1658//1658 1664//1664
f 1881//1881 1873//1873 1658//1658
f 1882//1882 1665//1665 1666//1666
f 1883//1883 1882//1882 1666//1666
f 1659//1659 1883//1883 1666//1666
f 1874//1874 1883//1883 1659//1659
f 1668//1668 1875//1875 1661//1661
f 1668//1668 1884//1884 1875//1875
f 1878//1878 1885//1885 1877//1877
f 1877//1877 1885//1885 1879//1879
f 1879//1879 1885//1885 1886//1886
f 1879//1879 1886//1886 1880//1880
f 1880//1880 1886//1886 1887//1887
f 1880//1880 1887//1887 1881//1881
f 1889//1889 1888//1888 1882//1882
f 1888//1888 1665//1665 1882//1882
f 1888//1888 1669//1669 1665//1665
f 1889//1889 1882//1882 1883//1883
f 1671//1671 1884//1884 1668//1668
f 1671//1671 1890//1890 1884//1884
f 1892//1892 1891//1891 1673//1673
f 1673//1673 1891//1891 1672//1672
f 1673//1673 1669//1669 1888//1888
f 1673//1673 1888//1888 1892//1892
f 1671//1671 1674//1674 1893//1893
f 1894//1894 1671//1671 1893//1893
f 1890//1890 1671//1671 1894//1894
f 1675//1675 1893//1893 1674//1674
f 1895//1895 1676//1676 1677//1677
f 1896//1896 1895//1895 1677//1677
f 1672//1672 1896//1896 1677//1677
f 1891//1891 1896//1896 1672//1672
f 1897//1897 1894//1894 1893//1893
f 1899//1899 1897//1897 1898//1898
f 1898//1898 1897//1897 1678//1678
f 1897//1897 1893//1893 1678//1678
f 1893//1893 1675//1675 1678//1678
f 1680//1680 1898//1898 1678//1678
f 1901//1901 1900//1900 1682//1682
f 1682//1682 1900//1900 1681//1681
f 1682//1682 1676//1676 1895//1895
f 1902//1902 1682//1682 1895//1895
f 1901//1901 1682//1682 1902//1902
f 1902//1902 1895//1895 1896//1896
f 1903//1903 1899//1899 1898//1898
f 1905//1905 1903//1903 1904//1904
f 1904//1904 1903//1903 1683//1683
f 1903//1903 1898//1898 1683//1683
f 1898//1898 1680//1680 1683//1683
f 1685//1685 1904//1904 1683//1683
f 1907//1907 1906//1906 1689//1689
f 1689//1689 1906//1906 1688//1688
f 1689//1689 1681//1681 1900//1900
f 1689//1689 1900//1900 1907//1907
f 1908//1908 1905//1905 1904//1904
f 1910//1910 1908//1908 1909//1909
f 1909//1909 1908//1908 1690//1690
f 1908//1908 1904//1904 1690//1690
f 1904//1904 1685//1685 1690//1690
f 1691//1691 1911//1911 1690//1690
f 1690//1690 1911//1911 1909//1909
f 1692//1692 1912//1912 1691//1691
f 1691//1691 1912//1912 1911//1911
f 1693//1693 1913//1913 1692//1692
f 1692//1692 1913//1913 1912//1912
f 1913//1913 1693//1693 1914//1914
f 1693//1693 1915//1915 1914//1914
f 1693//1693 1694//1694 1915//1915
f 1916//1916 1694//1694 1695//1695
f 1916//1916 1915//1915 1694//1694
f 1695//1695 1688//1688 1906//1906
f 1695//1695 1906//1906 1916//1916
f 1917//1917 1910//1910 1909//1909
f 1917//1917 1909//1909 1911//1911
f 1917//1917 1911//1911 1918//1918
f 1918//1918 1911//1911 1912//1912
f 1918//1918 1912//1912 1919//1919
f 1919//1919 1912//1912 1913//1913
f 1919//1919 1913//1913 1920//1920
f 1920//1920 1913//1913 1914//1914
f 1923//1923 1922//1922 1921//1921
f 1925//1925 1924//1924 1921//1921
f 1925//1925 1921//1921 1922//1922
f 1927//1927 1926//1926 1924//1924
f 1927//1927 1924//1924 1925//1925
f 1929//1929 1928//1928 1926//1926
f 1929//1929 1926//1926 1927//1927
f 1930//1930 1928//1928 1929//1929
f 1931//1931 1923//1923 1921//1921
f 1931//1931 1921//1921 1924//1924
f 1931//1931 1924//1924 1932//1932
f 1932//1932 1924//1924 1926//1926
f 1932//1932 1926//1926 1933//1933
f 1933//1933 1926//1926 1928//1928
f 1933//1933 1928//1928 1934//1934
f 1934//1934 1928//1928 1930//1930
f 1936//1936 1935//1935 1697//1697
f 1936//1936 1697//1697 1698//1698
f 1697//1697 1937//1937 1700//1700
f 1935//1935 1937//1937 1697//1697
f 1700//1700 1938//1938 1702//1702
f 1937//1937 1938//1938 1700//1700
f 1703//1703 1702//1702 1938//1938
f 1703//1703 1938//1938 1939//1939
f 1941//1941 1940//1940 1704//1704
f 1941//1941 1704//1704 1705//1705
f 1698//1698 1704//1704 1936//1936
f 1936//1936 1704//1704 1940//1940
f 1939//1939 1942//1942 1703//1703
f 1703//1703 1942//1942 1706//1706
f 1707//1707 1706//1706 1942//1942
f 1707//1707 1942//1942 1943//1943
f 1945//1945 1944//1944 1708//1708
f 1945//1945 1708//1708 1709//1709
f 1705//1705 1708//1708 1941//1941
f 1941//1941 1708//1708 1944//1944
f 1943//1943 1946//1946 1707//1707
f 1707//1707 1946//1946 1710//1710
f 1710//1710 1947//1947 1712//1712
f 1946//1946 1947//1947 1710//1710
f 1713//1713 1712//1712 1947//1947
f 1713//1713 1947//1947 1948//1948
f 1950//1950 1949//1949 1716//1716
f 1950//1950 1716//1716 1715//1715
f 1709//1709 1716//1716 1945//1945
f 1945//1945 1716//1716 1949//1949
f 1948//1948 1951//1951 1713//1713
f 1713//1713 1951//1951 1718//1718
f 1719//1719 1718//1718 1951//1951
f 1719//1719 1951//1951 1952//1952
f 1954//1954 1953//1953 1720//1720
f 1954//1954 1720//1720 1721//1721
f 1715//1715 1720//1720 1950//1950
f 1950//1950 1720//1720 1953//1953
f 1952//1952 1722//1722 1719//1719
f 1955//1955 1722//1722 1952//1952
f 1724//1724 1954//1954 1721//1721
f 1724//1724 1956//1956 1954//1954
f 1955//1955 1957//1957 1722//1722
f 1722//1722 1957//1957 1725//1725
f 1727//1727 1725//1725 1957//1957
f 1727//1727 1957//1957 1958//1958
f 1729//1729 1956//1956 1724//1724
f 1729//1729 1959//1959 1956//1956
f 1958//1958 1730//1730 1727//1727
f 1960//1960 1730//1730 1958//1958
f 1731//1731 1959//1959 1729//1729
f 1731//1731 1961//1961 1959//1959
f 1960//1960 1962//1962 1730//1730
f 1730//1730 1962//1962 1732//1732
f 1734//1734 1732//1732 1962//1962
f 1734//1734 1962//1962 1963//1963
f 1964//1964 1961//1961 1731//1731
f 1964//1964 1731//1731 1735//1735
f 1735//1735 1736//1736 1964//1964
f 1964//1964 1736//1736 1965//1965
f 1963//1963 1737//1737 1734//1734
f 1966//1966 1737//1737 1963//1963
f 1738//1738 1965//1965 1736//1736
f 1738//1738 1967//1967 1965//1965
f 1966//1966 1739//1739 1737//1737
f 1968//1968 1739//1739 1966//1966
f 1740//1740 1967//1967 1738//1738
f 1740//1740 1969//1969 1967//1967
f 1968//1968 1741//1741 1739//1739
f 1970//1970 1741//1741 1968//1968
f 1742//1742 1969//1969 1740//1740
f 1742//1742 1971//1971 1969//1969
f 1970//1970 1743//1743 1741//1741
f 1972//1972 1743//1743 1970//1970
f 1744//1744 1971//1971 1742//1742
f 1744//1744 1973//1973 1971//1971
f 1972//1972 1974//1974 1743//1743
f 1743//1743 1974//1974 1745//1745
f 1747//1747 1745//1745 1974//1974
f 1747//1747 1974//1974 1975//1975
f 1977//1977 1976//1976 1748//1748
f 1977//1977 1748//1748 1749//1749
f 1744//1744 1748//1748 1973//1973
f 1973//1973 1748//1748 1976//1976
f 1975//1975 1750//1750 1747//1747
f 1978//1978 1750//1750 1975//1975
f 1751//1751 1977//1977 1749//1749
f 1751//1751 1979//1979 1977//1977
f 1981//1981 1980//1980 1754//1754
f 1754//1754 1980//1980 1753//1753
f 1982//1982 1754//1754 1755//1755
f 1982//1982 1981//1981 1754//1754
f 1983//1983 1755//1755 1756//1756
f 1983//1983 1982//1982 1755//1755
f 1984//1984 1756//1756 1757//1757
f 1984//1984 1983//1983 1756//1756
f 1757//1757 1759//1759 1984//1984
f 1984//1984 1759//1759 1985//1985
f 1978//1978 1760//1760 1750//1750
f 1986//1986 1760//1760 1978//1978
f 1761//1761 1979//1979 1751//1751
f 1761//1761 1987//1987 1979//1979
f 1989//1989 1988//1988 1763//1763
f 1763//1763 1988//1988 1762//1762
f 1763//1763 1753//1753 1980//1980
f 1763//1763 1980//1980 1989//1989
f 1990//1990 1985//1985 1759//1759
f 1990//1990 1759//1759 1764//1764
f 1991//1991 1764//1764 1765//1765
f 1991//1991 1990//1990 1764//1764
f 1765//1765 1767//1767 1991//1991
f 1991//1991 1767//1767 1992//1992
f 1986//1986 1768//1768 1760//1760
f 1993//1993 1768//1768 1986//1986
f 1769//1769 1987//1987 1761//1761
f 1769//1769 1994//1994 1987//1987
f 1996//1996 1995//1995 1771//1771
f 1771//1771 1995//1995 1770//1770
f 1771//1771 1762//1762 1988//1988
f 1771//1771 1988//1988 1996//1996
f 1997//1997 1992//1992 1767//1767
f 1997//1997 1767//1767 1772//1772
f 1772//1772 1774//1774 1997//1997
f 1997//1997 1774//1774 1998//1998
f 1993//1993 1775//1775 1768//1768
f 1999//1999 1775//1775 1993//1993
f 1776//1776 1994//1994 1769//1769
f 1776//1776 2000//2000 1994//1994
f 2002//2002 2001//2001 1779//1779
f 1779//1779 2001//2001 1778//1778
f 1779//1779 1770//1770 1995//1995
f 1779//1779 1995//1995 2002//2002
f 1780//1780 1998//1998 1774//1774
f 1780//1780 2003//2003 1998//1998
f 1999//1999 1781//1781 1775//1775
f 2004//2004 1781//1781 1999//1999
f 1782//1782 2000//2000 1776//1776
f 1782//1782 2005//2005 2000//2000
f 2001//2001 1783//1783 1778//1778
f 2006//2006 1783//1783 2001//2001
f 1784//1784 2003//2003 1780//1780
f 1784//1784 2007//2007 2003//2003
f 2004//2004 1785//1785 1781//1781
f 2008//2008 1785//1785 2004//2004
f 1787//1787 2005//2005 1782//1782
f 1787//1787 2009//2009 2005//2005
f 2006//2006 1788//1788 1783//1783
f 2010//2010 1788//1788 2006//2006
f 1789//1789 2007//2007 1784//1784
f 1789//1789 2011//2011 2007//2007
f 2008//2008 1790//1790 1785//1785
f 2012//2012 1790//1790 2008//2008
f 1792//1792 2009//2009 1787//1787
f 1792//1792 2013//2013 2009//2009
f 2010//2010 1794//1794 1788//1788
f 2014//2014 1794//1794 2010//2010
f 1795//1795 2011//2011 1789//1789
f 1795//1795 2015//2015 2011//2011
f 2012//2012 1796//1796 1790//1790
f 2016//2016 1796//1796 2012//2012
f 1798//1798 2013//2013 1792//1792
f 1798//1798 2017//2017 2013//2013
f 2014//2014 2018//2018 1794//1794
f 1794//1794 2018//2018 1799//1799
f 1800//1800 1799//1799 2018//2018
f 1800//1800 2018//2018 2019//2019
f 1802//1802 2015//2015 1795//1795
f 1802//1802 2020//2020 2015//2015
f 2016//2016 1803//1803 1796//1796
f 2021//2021 1803//1803 2016//2016
f 1805//1805 2017//2017 1798//1798
f 1805//1805 2022//2022 2017//2017
f 2019//2019 2023//2023 1800//1800
f 1800//1800 2023//2023 1806//1806
f 1807//1807 1806//1806 2023//2023
f 1807//1807 2023//2023 2024//2024
f 2026//2026 2025//2025 1810//1810
f 2026//2026 1810//1810 1809//1809
f 1802//1802 1810//1810 2020//2020
f 2020//2020 1810//1810 2025//2025
f 2021//2021 1811//1811 1803//1803
f 2027//2027 1811//1811 2021//2021
f 1812//1812 2022//2022 1805//1805
f 1812//1812 2028//2028 2022//2022
f 2024//2024 2029//2029 1807//1807
f 1807//1807 2029//2029 1813//1813
f 1815//1815 1813//1813 2029//2029
f 1815//1815 2029//2029 2030//2030
f 2032//2032 2031//2031 1816//1816
f 2032//2032 1816//1816 1817//1817
f 1816//1816 2033//2033 1818//1818
f 2031//2031 2033//2033 1816//1816
f 1809//1809 1818//1818 2026//2026
f 2026//2026 1818//1818 2033//2033
f 2027//2027 1819//1819 1811//1811
f 2034//2034 1819//1819 2027//2027
f 2035//2035 2028//2028 1812//1812
f 2035//2035 1812//1812 1820//1820
f 1820//1820 1821//1821 2035//2035
f 2035//2035 1821//1821 2036//2036
f 2030//2030 2037//2037 1815//1815
f 1815//1815 2037//2037 1822//1822
f 1822//1822 2038//2038 1823//1823
f 2037//2037 2038//2038 1822//1822
f 1823//1823 2039//2039 1824//1824
f 2038//2038 2039//2039 1823//1823
f 1824//1824 2040//2040 1825//1825
f 2039//2039 2040//2040 1824//1824
f 1817//1817 1825//1825 2032//2032
f 2032//2032 1825//1825 2040//2040
f 2034//2034 2041//2041 1819//1819
f 1819//1819 2041//2041 1826//1826
f 1826//1826 2042//2042 1828//1828
f 2041//2041 2042//2042 1826//1826
f 1829//1829 1828//1828 2042//2042
f 1829//1829 2042//2042 2043//2043
f 2044//2044 2036//2036 1821//1821
f 2044//2044 1821//1821 1830//1830
f 1830//1830 1831//1831 2044//2044
f 2044//2044 1831//1831 2045//2045
f 2043//2043 2046//2046 1829//1829
f 1829//1829 2046//2046 1832//1832
f 1833//1833 1832//1832 2046//2046
f 1833//1833 2046//2046 2047//2047
f 2048//2048 2045//2045 1831//1831
f 2048//2048 1831//1831 1834//1834
f 1834//1834 1835//1835 2048//2048
f 2048//2048 1835//1835 2049//2049
f 2047//2047 2050//2050 1833//1833
f 1833//1833 2050//2050 1836//1836
f 1837//1837 1836//1836 2050//2050
f 1837//1837 2050//2050 2051//2051
f 2052//2052 2049//2049 1835//1835
f 2052//2052 1835//1835 1838//1838
f 2053//2053 1838//1838 1839//1839
f 2053//2053 2052//2052 1838//1838
f 2055//2055 2053//2053 2054//2054
f 2053//2053 1840//1840 2054//2054
f 2053//2053 1839//1839 1840//1840
f 1842//1842 2054//2054 1840//1840
f 2051//2051 2056//2056 1837//1837
f 1837//1837 2056//2056 1843//1843
f 1844//1844 1843//1843 2056//2056
f 1844//1844 2056//2056 2057//2057
f 2058//2058 2055//2055 2054//2054
f 2058//2058 2054//2054 1842//1842
f 1845//1845 2058//2058 1842//1842
f 2059//2059 2058//2058 1845//1845
f 2060//2060 1845//1845 1846//1846
f 2060//2060 2059//2059 1845//1845
f 1846//1846 1847//1847 2060//2060
f 2060//2060 1847//1847 2061//2061
f 2057//2057 2062//2062 1844//1844
f 1844//1844 2062//2062 1848//1848
f 1849//1849 1848//1848 2062//2062
f 1849//1849 2062//2062 2063//2063
f 1850//1850 2061//2061 1847//1847
f 1850//1850 2064//2064 2061//2061
f 2066//2066 2065//2065 1852//1852
f 1852//1852 2065//2065 1851//1851
f 2067//2067 1852//1852 1853//1853
f 2067//2067 2066//2066 1852//1852
f 2068//2068 1853//1853 1854//1854
f 2068//2068 2067//2067 1853//1853
f 1854//1854 1856//1856 2068//2068
f 2068//2068 1856//1856 2069//2069
f 2063//2063 1858//1858 1849//1849
f 2070//2070 1858//1858 2063//2063
f 1859//1859 2064//2064 1850//1850
f 1859//1859 2071//2071 2064//2064
f 2073//2073 2072//2072 1862//1862
f 1862//1862 2072//2072 1861//1861
f 1862//1862 1851//1851 2065//2065
f 1862//1862 2065//2065 2073//2073
f 2074//2074 2069//2069 1856//1856
f 2074//2074 1856//1856 1863//1863
f 1863//1863 1865//1865 2074//2074
f 2074//2074 1865//1865 2075//2075
f 1866//1866 1858//1858 2076//2076
f 1858//1858 2077//2077 2076//2076
f 1858//1858 2070//2070 2077//2077
f 2076//2076 1867//1867 1866//1866
f 2079//2079 2078//2078 1868//1868
f 2079//2079 1868//1868 1869//1869
f 1859//1859 1868//1868 2071//2071
f 2071//2071 1868//1868 2078//2078
f 2072//2072 1871//1871 1861//1861
f 2080//2080 1871//1871 2072//2072
f 1873//1873 2081//2081 1872//1872
f 2081//2081 2082//2082 1872//1872
f 2082//2082 1865//1865 1872//1872
f 2082//2082 2075//2075 1865//1865
f 2077//2077 2083//2083 2076//2076
f 1867//1867 2076//2076 2083//2083
f 2084//2084 1867//1867 2083//2083
f 1874//1874 1867//1867 2084//2084
f 1875//1875 2079//2079 1869//1869
f 1875//1875 2085//2085 2079//2079
f 2080//2080 2086//2086 1871//1871
f 1871//1871 2086//2086 1876//1876
f 1878//1878 1876//1876 2086//2086
f 1878//1878 2086//2086 2087//2087
f 2089//2089 2088//2088 2081//2081
f 1873//1873 2089//2089 2081//2081
f 1881//1881 2089//2089 1873//1873
f 2081//2081 2088//2088 2082//2082
f 2084//2084 1883//1883 1874//1874
f 2090//2090 1883//1883 2084//2084
f 1884//1884 2085//2085 1875//1875
f 1884//1884 2091//2091 2085//2085
f 2087//2087 2092//2092 1878//1878
f 1878//1878 2092//2092 1885//1885
f 1885//1885 2093//2093 1886//1886
f 2092//2092 2093//2093 1885//1885
f 1886//1886 2094//2094 1887//1887
f 2093//2093 2094//2094 1886//1886
f 1881//1881 1887//1887 2089//2089
f 2089//2089 1887//1887 2094//2094
f 2096//2096 2095//2095 1889//1889
f 1889//1889 2095//2095 1888//1888
f 1889//1889 1883//1883 2090//2090
f 1889//1889 2090//2090 2096//2096
f 1890//1890 2091//2091 1884//1884
f 1890//1890 2097//2097 2091//2091
f 2099//2099 2098//2098 1892//1892
f 1892//1892 2098//2098 1891//1891
f 1892//1892 1888//1888 2095//2095
f 1892//1892 2095//2095 2099//2099
f 1894//1894 2097//2097 1890//1890
f 1894//1894 2100//2100 2097//2097
f 2098//2098 1896//1896 1891//1891
f 2101//2101 1896//1896 2098//2098
f 2102//2102 2100//2100 1894//1894
f 2102//2102 1894//1894 1897//1897
f 1897//1897 1899//1899 2102//2102
f 2102//2102 1899//1899 2103//2103
f 2105//2105 2104//2104 1901//1901
f 1901//1901 2104//2104 1900//1900
f 2106//2106 1901//1901 1902//1902
f 2106//2106 2105//2105 1901//1901
f 1902//1902 1896//1896 2101//2101
f 1902//1902 2101//2101 2106//2106
f 2107//2107 2103//2103 1899//1899
f 2107//2107 1899//1899 1903//1903
f 1903//1903 1905//1905 2107//2107
f 2107//2107 1905//1905 2108//2108
f 2110//2110 2109//2109 1907//1907
f 1907//1907 2109//2109 1906//1906
f 1907//1907 1900//1900 2104//2104
f 1907//1907 2104//2104 2110//2110
f 2111//2111 2108//2108 1905//1905
f 2111//2111 1905//1905 1908//1908
f 2113//2113 2112//2112 1910//1910
f 2112//2112 1908//1908 1910//1910
f 2112//2112 2111//2111 1908//1908
f 2113//2113 2114//2114 2112//2112
f 2116//2116 2115//2115 1915//1915
f 1915//1915 2115//2115 1914//1914
f 2117//2117 1915//1915 1916//1916
f 2117//2117 2116//2116 1915//1915
f 1916//1916 1906//1906 2109//2109
f 1916//1916 2109//2109 2117//2117
f 1917//1917 2113//2113 1910//1910
f 2118//2118 2114//2114 2113//2113
f 1917//1917 2118//2118 2113//2113
f 1918//1918 2118//2118 1917//1917
f 2119//2119 1918//1918 1919//1919
f 2119//2119 2118//2118 1918//1918
f 2120//2120 1919//1919 1920//1920
f 2120//2120 2119//2119 1919//1919
f 1920//1920 1914//1914 2115//2115
f 1920//1920 2115//2115 2120//2120
f 2122//2122 2121//2121 1922//1922
f 2122//2122 1922//1922 1923//1923
f 1922//1922 2123//2123 1925//1925
f 2121//2121 2123//2123 1922//1922
f 1925//1925 2124//2124 1927//1927
f 2123//2123 2124//2124 1925//1925
f 1927//1927 2125//2125 1929//1929
f 2124//2124 2125//2125 1927//1927
f 1930//1930 1929//1929 2125//2125
f 1930//1930 2125//2125 2126//2126
f 2127//2127 2122//2122 1923//1923
f 2127//2127 1923//1923 1931//1931
f 2128//2128 1931//1931 1932//1932
f 2128//2128 2127//2127 1931//1931
f 2129//2129 1932//1932 1933//1933
f 2129//2129 2128//2128 1932//1932
f 2130//2130 1933//1933 1934//1934
f 2130//2130 2129//2129 1933//1933
f 1934//1934 1930//1930 2126//2126
f 1934//1934 2126//2126 2130//2130
f 1936//1936 2131//2131 1935//1935
f 2132//2132 1937//1937 1935//1935
f 2132//2132 1935//1935 2131//2131
f 2133//2133 1938//1938 1937//1937
f 2133//2133 1937//1937 2132//2132
f 2133//2133 1939//1939 1938//1938
f 2135//2135 2134//2134 1940//1940
f 2135//2135 1940//1940 1941//1941
f 1936//1936 1940//1940 2131//2131
f 1940//1940 2136//2136 2131//2131
f 1940//1940 2134//2134 2136//2136
f 2131//2131 2136//2136 2132//2132
f 2132//2132 2136//2136 2137//2137
f 2132//2132 2137//2137 2133//2133
f 2133//2133 2137//2137 2138//2138
f 2133//2133 2138//2138 1939//1939
f 2138//2138 1942//1942 1939//1939
f 2138//2138 2139//2139 1942//1942
f 1943//1943 1942//1942 2139//2139
f 1943//1943 2139//2139 2140//2140
f 2142//2142 2141//2141 1944//1944
f 2142//2142 1944//1944 1945//1945
f 1941//1941 1944//1944 2135//2135
f 2135//2135 1944//1944 2141//2141
f 2140//2140 2143//2143 1943//1943
f 1943//1943 2143//2143 1946//1946
f 2143//2143 2145//2145 2144//2144
f 1947//1947 2143//2143 2144//2144
f 1946//1946 2143//2143 1947//1947
f 2144//2144 1948//1948 1947//1947
f 2147//2147 2146//2146 1949//1949
f 2147//2147 1949//1949 1950//1950
f 1945//1945 1949//1949 2142//2142
f 2142//2142 1949//1949 2146//2146
f 2145//2145 2148//2148 2144//2144
f 2148//2148 2150//2150 2149//2149
f 2148//2148 2149//2149 1951//1951
f 2144//2144 2148//2148 1951//1951
f 1948//1948 2144//2144 1951//1951
f 2149//2149 1952//1952 1951//1951
f 2152//2152 2151//2151 1953//1953
f 2152//2152 1953//1953 1954//1954
f 1950//1950 1953//1953 2147//2147
f 2147//2147 1953//1953 2151//2151
f 2150//2150 2153//2153 2149//2149
f 1952//1952 2149//2149 2153//2153
f 2154//2154 1952//1952 2153//2153
f 1955//1955 1952//1952 2154//2154
f 2157//2157 2156//2156 2155//2155
f 2156//2156 2152//2152 2155//2155
f 2152//2152 1956//1956 2155//2155
f 2152//2152 1954//1954 1956//1956
f 2154//2154 2158//2158 1955//1955
f 1955//1955 2158//2158 1957//1957
f 1958//1958 1957//1957 2158//2158
f 1958//1958 2158//2158 2159//2159
f 2157//2157 2155//2155 2160//2160
f 2157//2157 2160//2160 2161//2161
f 1959//1959 2160//2160 1956//1956
f 1956//1956 2160//2160 2155//2155
f 2159//2159 1960//1960 1958//1958
f 2162//2162 1960//1960 2159//2159
f 2163//2163 2161//2161 2160//2160
f 2160//2160 1959//1959 2163//2163
f 1959//1959 2164//2164 2163//2163
f 1959//1959 1961//1961 2164//2164
f 1962//1962 1960//1960 2165//2165
f 1960//1960 2166//2166 2165//2165
f 1960//1960 2162//2162 2166//2166
f 2165//2165 1963//1963 1962//1962
f 2167//2167 2164//2164 1961//1961
f 2167//2167 1961//1961 1964//1964
f 1964//1964 1965//1965 2167//2167
f 2167//2167 1965//1965 2168//2168
f 2166//2166 2169//2169 2165//2165
f 1963//1963 2165//2165 2169//2169
f 2170//2170 1963//1963 2169//2169
f 1966//1966 1963//1963 2170//2170
f 1967//1967 2168//2168 1965//1965
f 1967//1967 2171//2171 2168//2168
f 2170//2170 1968//1968 1966//1966
f 2172//2172 1968//1968 2170//2170
f 1969//1969 2171//2171 1967//1967
f 1969//1969 2173//2173 2171//2171
f 2172//2172 1970//1970 1968//1968
f 2174//2174 1970//1970 2172//2172
f 1971//1971 2173//2173 1969//1969
f 1971//1971 2175//2175 2173//2173
f 2174//2174 1972//1972 1970//1970
f 2176//2176 1972//1972 2174//2174
f 1973//1973 2175//2175 1971//1971
f 1973//1973 2177//2177 2175//2175
f 1974//1974 1972//1972 2178//2178
f 1972//1972 2179//2179 2178//2178
f 1972//1972 2176//2176 2179//2179
f 2178//2178 1975//1975 1974//1974
f 2181//2181 2180//2180 1976//1976
f 2181//2181 1976//1976 1977//1977
f 1973//1973 1976//1976 2177//2177
f 2177//2177 1976//1976 2180//2180
f 2179//2179 2182//2182 2178//2178
f 1975//1975 2178//2178 2182//2182
f 2183//2183 1975//1975 2182//2182
f 1978//1978 1975//1975 2183//2183
f 1979//1979 2181//2181 1977//1977
f 1979//1979 2184//2184 2181//2181
f 2185//2185 1980//1980 1981//1981
f 2185//2185 1981//1981 2186//2186
f 1981//1981 2187//2187 2186//2186
f 1981//1981 1982//1982 2187//2187
f 2188//2188 1982//1982 1983//1983
f 2188//2188 2187//2187 1982//1982
f 2189//2189 1983//1983 1984//1984
f 2189//2189 2188//2188 1983//1983
f 1984//1984 1985//1985 2189//2189
f 2189//2189 1985//1985 2190//2190
f 2183//2183 1986//1986 1978//1978
f 2191//2191 1986//1986 2183//2183
f 1987//1987 2184//2184 1979//1979
f 1987//1987 2192//2192 2184//2184
f 2194//2194 2193//2193 1989//1989
f 1989//1989 2193//2193 1988//1988
f 1989//1989 1980//1980 2185//2185
f 2195//2195 1989//1989 2185//2185
f 2194//2194 1989//1989 2195//2195
f 2195//2195 2185//2185 2186//2186
f 2196//2196 2190//2190 1985//1985
f 2196//2196 1985//1985 1990//1990
f 2198//2198 2196//2196 2197//2197
f 2196//2196 1991//1991 2197//2197
f 2196//2196 1990//1990 1991//1991
f 1992//1992 2197//2197 1991//1991
f 2191//2191 1993//1993 1986//1986
f 2199//2199 1993//1993 2191//2191
f 1994//1994 2192//2192 1987//1987
f 1994//1994 2200//2200 2192//2192
f 2202//2202 2201//2201 1996//1996
f 1996//1996 2201//2201 1995//1995
f 1996//1996 1988//1988 2193//2193
f 1996//1996 2193//2193 2202//2202
f 2203//2203 2198//2198 2197//2197
f 2205//2205 2203//2203 2204//2204
f 2204//2204 2203//2203 1997//1997
f 2203//2203 2197//2197 1997//1997
f 2197//2197 1992//1992 1997//1997
f 1998//1998 2204//2204 1997//1997
f 2199//2199 1999//1999 1993//1993
f 2206//2206 1999//1999 2199//2199
f 2000//2000 2200//2200 1994//1994
f 2000//2000 2207//2207 2200//2200
f 2208//2208 2001//2001 2002//2002
f 2209//2209 2208//2208 2002//2002
f 1995//1995 2209//2209 2002//2002
f 2201//2201 2209//2209 1995//1995
f 2210//2210 2205//2205 2204//2204
f 2204//2204 1998//1998 2210//2210
f 1998//1998 2211//2211 2210//2210
f 1998//1998 2003//2003 2211//2211
f 2206//2206 2004//2004 1999//1999
f 2212//2212 2004//2004 2206//2206
f 2005//2005 2207//2207 2000//2000
f 2005//2005 2213//2213 2207//2207
f 2215//2215 2214//2214 2208//2208
f 2214//2214 2001//2001 2208//2208
f 2214//2214 2006//2006 2001//2001
f 2215//2215 2208//2208 2209//2209
f 2007//2007 2211//2211 2003//2003
f 2007//2007 2216//2216 2211//2211
f 2212//2212 2008//2008 2004//2004
f 2217//2217 2008//2008 2212//2212
f 2220//2220 2219//2219 2218//2218
f 2219//2219 2213//2213 2218//2218
f 2213//2213 2009//2009 2218//2218
f 2213//2213 2005//2005 2009//2009
f 2214//2214 2010//2010 2006//2006
f 2221//2221 2010//2010 2214//2214
f 2011//2011 2216//2216 2007//2007
f 2011//2011 2222//2222 2216//2216
f 2217//2217 2012//2012 2008//2008
f 2223//2223 2012//2012 2217//2217
f 2220//2220 2218//2218 2224//2224
f 2220//2220 2224//2224 2225//2225
f 2013//2013 2224//2224 2009//2009
f 2009//2009 2224//2224 2218//2218
f 2227//2227 2014//2014 2226//2226
f 2014//2014 2221//2221 2226//2226
f 2014//2014 2010//2010 2221//2221
f 2228//2228 2227//2227 2226//2226
f 2015//2015 2222//2222 2011//2011
f 2015//2015 2229//2229 2222//2222
f 2223//2223 2016//2016 2012//2012
f 2230//2230 2016//2016 2223//2223
f 2225//2225 2224//2224 2231//2231
f 2225//2225 2231//2231 2232//2232
f 2017//2017 2231//2231 2013//2013
f 2013//2013 2231//2231 2224//2224
f 2227//2227 2018//2018 2014//2014
f 2019//2019 2018//2018 2227//2227
f 2228//2228 2019//2019 2227//2227
f 2233//2233 2019//2019 2228//2228
f 2236//2236 2235//2235 2234//2234
f 2235//2235 2229//2229 2234//2234
f 2229//2229 2020//2020 2234//2234
f 2229//2229 2015//2015 2020//2020
f 2230//2230 2021//2021 2016//2016
f 2237//2237 2021//2021 2230//2230
f 2232//2232 2231//2231 2238//2238
f 2232//2232 2238//2238 2239//2239
f 2022//2022 2238//2238 2017//2017
f 2017//2017 2238//2238 2231//2231
f 2233//2233 2240//2240 2019//2019
f 2019//2019 2240//2240 2023//2023
f 2024//2024 2023//2023 2240//2240
f 2024//2024 2240//2240 2241//2241
f 2244//2244 2243//2243 2242//2242
f 2242//2242 2243//2243 2236//2236
f 2242//2242 2236//2236 2234//2234
f 2026//2026 2242//2242 2234//2234
f 2025//2025 2026//2026 2234//2234
f 2025//2025 2234//2234 2020//2020
f 2237//2237 2027//2027 2021//2021
f 2245//2245 2027//2027 2237//2237
f 2246//2246 2239//2239 2238//2238
f 2238//2238 2022//2022 2246//2246
f 2022//2022 2247//2247 2246//2246
f 2022//2022 2028//2028 2247//2247
f 2241//2241 2248//2248 2024//2024
f 2024//2024 2248//2248 2029//2029
f 2250//2250 2249//2249 2030//2030
f 2029//2029 2250//2250 2030//2030
f 2248//2248 2250//2250 2029//2029
f 2251//2251 2249//2249 2250//2250
f 2253//2253 2252//2252 2031//2031
f 2253//2253 2031//2031 2032//2032
f 2242//2242 2033//2033 2244//2244
f 2033//2033 2252//2252 2244//2244
f 2033//2033 2031//2031 2252//2252
f 2033//2033 2242//2242 2026//2026
f 2245//2245 2034//2034 2027//2027
f 2254//2254 2034//2034 2245//2245
f 2028//2028 2035//2035 2255//2255
f 2256//2256 2028//2028 2255//2255
f 2247//2247 2028//2028 2256//2256
f 2036//2036 2255//2255 2035//2035
f 2249//2249 2037//2037 2030//2030
f 2251//2251 2257//2257 2249//2249
f 2257//2257 2037//2037 2249//2249
f 2257//2257 2038//2038 2037//2037
f 2038//2038 2258//2258 2039//2039
f 2257//2257 2258//2258 2038//2038
f 2039//2039 2259//2259 2040//2040
f 2258//2258 2259//2259 2039//2039
f 2032//2032 2040//2040 2253//2253
f 2253//2253 2040//2040 2259//2259
f 2254//2254 2260//2260 2034//2034
f 2034//2034 2260//2260 2041//2041
f 2260//2260 2262//2262 2261//2261
f 2042//2042 2260//2260 2261//2261
f 2041//2041 2260//2260 2042//2042
f 2261//2261 2043//2043 2042//2042
f 2263//2263 2256//2256 2255//2255
f 2263//2263 2255//2255 2036//2036
f 2044//2044 2263//2263 2036//2036
f 2264//2264 2263//2263 2044//2044
f 2044//2044 2045//2045 2264//2264
f 2264//2264 2045//2045 2265//2265
f 2262//2262 2266//2266 2261//2261
f 2266//2266 2268//2268 2267//2267
f 2266//2266 2267//2267 2046//2046
f 2261//2261 2266//2266 2046//2046
f 2043//2043 2261//2261 2046//2046
f 2267//2267 2047//2047 2046//2046
f 2269//2269 2265//2265 2045//2045
f 2269//2269 2045//2045 2048//2048
f 2048//2048 2049//2049 2269//2269
f 2269//2269 2049//2049 2270//2270
f 2268//2268 2271//2271 2267//2267
f 2267//2267 2271//2271 2047//2047
f 2271//2271 2050//2050 2047//2047
f 2271//2271 2272//2272 2050//2050
f 2051//2051 2050//2050 2272//2272
f 2051//2051 2272//2272 2273//2273
f 2274//2274 2270//2270 2049//2049
f 2274//2274 2049//2049 2052//2052
f 2275//2275 2052//2052 2053//2053
f 2275//2275 2274//2274 2052//2052
f 2277//2277 2276//2276 2055//2055
f 2276//2276 2053//2053 2055//2055
f 2276//2276 2275//2275 2053//2053
f 2279//2279 2278//2278 2277//2277
f 2277//2277 2278//2278 2276//2276
f 2279//2279 2280//2280 2278//2278
f 2273//2273 2281//2281 2051//2051
f 2051//2051 2281//2281 2056//2056
f 2057//2057 2056//2056 2281//2281
f 2057//2057 2281//2281 2282//2282
f 2058//2058 2277//2277 2055//2055
f 2277//2277 2058//2058 2059//2059
f 2277//2277 2059//2059 2279//2279
f 2283//2283 2280//2280 2279//2279
f 2059//2059 2283//2283 2279//2279
f 2060//2060 2283//2283 2059//2059
f 2060//2060 2061//2061 2283//2283
f 2283//2283 2061//2061 2284//2284
f 2282//2282 2285//2285 2057//2057
f 2057//2057 2285//2285 2062//2062
f 2063//2063 2062//2062 2285//2285
f 2063//2063 2285//2285 2286//2286
f 2064//2064 2284//2284 2061//2061
f 2064//2064 2287//2287 2284//2284
f 2289//2289 2288//2288 2066//2066
f 2066//2066 2288//2288 2065//2065
f 2290//2290 2066//2066 2067//2067
f 2290//2290 2289//2289 2066//2066
f 2291//2291 2067//2067 2068//2068
f 2291//2291 2290//2290 2067//2067
f 2068//2068 2069//2069 2291//2291
f 2291//2291 2069//2069 2292//2292
f 2286//2286 2070//2070 2063//2063
f 2293//2293 2070//2070 2286//2286
f 2071//2071 2287//2287 2064//2064
f 2071//2071 2294//2294 2287//2287
f 2295//2295 2072//2072 2073//2073
f 2296//2296 2295//2295 2073//2073
f 2065//2065 2296//2296 2073//2073
f 2288//2288 2296//2296 2065//2065
f 2069//2069 2074//2074 2297//2297
f 2298//2298 2069//2069 2297//2297
f 2292//2292 2069//2069 2298//2298
f 2075//2075 2297//2297 2074//2074
f 2300//2300 2077//2077 2299//2299
f 2077//2077 2293//2293 2299//2299
f 2077//2077 2070//2070 2293//2293
f 2301//2301 2300//2300 2299//2299
f 2303//2303 2302//2302 2078//2078
f 2303//2303 2078//2078 2079//2079
f 2071//2071 2078//2078 2294//2294
f 2294//2294 2078//2078 2302//2302
f 2304//2304 2080//2080 2295//2295
f 2295//2295 2080//2080 2072//2072
f 2295//2295 2296//2296 2305//2305
f 2295//2295 2305//2305 2304//2304
f 2298//2298 2297//2297 2306//2306
f 2298//2298 2306//2306 2307//2307
f 2082//2082 2306//2306 2075//2075
f 2075//2075 2306//2306 2297//2297
f 2300//2300 2083//2083 2077//2077
f 2084//2084 2083//2083 2300//2300
f 2301//2301 2084//2084 2300//2300
f 2308//2308 2084//2084 2301//2301
f 2085//2085 2303//2303 2079//2079
f 2085//2085 2309//2309 2303//2303
f 2304//2304 2086//2086 2080//2080
f 2311//2311 2310//2310 2087//2087
f 2311//2311 2087//2087 2086//2086
f 2305//2305 2311//2311 2086//2086
f 2304//2304 2305//2305 2086//2086
f 2312//2312 2310//2310 2311//2311
f 2315//2315 2314//2314 2313//2313
f 2313//2313 2314//2314 2307//2307
f 2313//2313 2307//2307 2306//2306
f 2089//2089 2313//2313 2306//2306
f 2088//2088 2089//2089 2306//2306
f 2088//2088 2306//2306 2082//2082
f 2308//2308 2090//2090 2084//2084
f 2316//2316 2090//2090 2308//2308
f 2091//2091 2309//2309 2085//2085
f 2091//2091 2317//2317 2309//2309
f 2310//2310 2092//2092 2087//2087
f 2312//2312 2318//2318 2310//2310
f 2318//2318 2092//2092 2310//2310
f 2318//2318 2093//2093 2092//2092
f 2313//2313 2094//2094 2315//2315
f 2094//2094 2318//2318 2315//2315
f 2094//2094 2093//2093 2318//2318
f 2094//2094 2313//2313 2089//2089
f 2320//2320 2319//2319 2096//2096
f 2096//2096 2319//2319 2095//2095
f 2096//2096 2090//2090 2316//2316
f 2096//2096 2316//2316 2320//2320
f 2097//2097 2317//2317 2091//2091
f 2097//2097 2321//2321 2317//2317
f 2323//2323 2322//2322 2099//2099
f 2099//2099 2322//2322 2098//2098
f 2099//2099 2095//2095 2319//2319
f 2099//2099 2319//2319 2323//2323
f 2100//2100 2325//2325 2324//2324
f 2321//2321 2100//2100 2324//2324
f 2097//2097 2100//2100 2321//2321
f 2325//2325 2326//2326 2324//2324
f 2329//2329 2328//2328 2327//2327
f 2322//2322 2329//2329 2327//2327
f 2101//2101 2322//2322 2327//2327
f 2098//2098 2322//2322 2101//2101
f 2102//2102 2325//2325 2100//2100
f 2331//2331 2330//2330 2103//2103
f 2103//2103 2330//2330 2102//2102
f 2330//2330 2326//2326 2102//2102
f 2326//2326 2325//2325 2102//2102
f 2331//2331 2332//2332 2330//2330
f 2334//2334 2333//2333 2105//2105
f 2105//2105 2333//2333 2104//2104
f 2106//2106 2327//2327 2328//2328
f 2334//2334 2106//2106 2328//2328
f 2105//2105 2106//2106 2334//2334
f 2327//2327 2106//2106 2101//2101
f 2107//2107 2331//2331 2103//2103
f 2336//2336 2335//2335 2108//2108
f 2108//2108 2335//2335 2107//2107
f 2335//2335 2332//2332 2107//2107
f 2332//2332 2331//2331 2107//2107
f 2336//2336 2337//2337 2335//2335
f 2339//2339 2338//2338 2110//2110
f 2110//2110 2338//2338 2109//2109
f 2110//2110 2104//2104 2333//2333
f 2110//2110 2333//2333 2339//2339
f 2111//2111 2336//2336 2108//2108
f 2340//2340 2337//2337 2336//2336
f 2111//2111 2340//2340 2336//2336
f 2112//2112 2340//2340 2111//2111
f 2342//2342 2341//2341 2114//2114
f 2341//2341 2112//2112 2114//2114
f 2341//2341 2340//2340 2112//2112
f 2344//2344 2343//2343 2342//2342
f 2342//2342 2343//2343 2341//2341
f 2346//2346 2345//2345 2344//2344
f 2344//2344 2345//2345 2343//2343
f 2115//2115 2116//2116 2346//2346
f 2116//2116 2345//2345 2346//2346
f 2116//2116 2347//2347 2345//2345
f 2348//2348 2116//2116 2117//2117
f 2348//2348 2347//2347 2116//2116
f 2117//2117 2109//2109 2338//2338
f 2117//2117 2338//2338 2348//2348
f 2118//2118 2342//2342 2114//2114
f 2342//2342 2118//2118 2119//2119
f 2342//2342 2119//2119 2344//2344
f 2344//2344 2119//2119 2120//2120
f 2344//2344 2120//2120 2346//2346
f 2346//2346 2120//2120 2115//2115
f 2122//2122 2349//2349 2121//2121
f 2350//2350 2123//2123 2121//2121
f 2350//2350 2121//2121 2349//2349
f 2351//2351 2124//2124 2123//2123
f 2351//2351 2123//2123 2350//2350
f 2352//2352 2125//2125 2124//2124
f 2352//2352 2124//2124 2351//2351
f 2352//2352 2126//2126 2125//2125
f 2127//2127 2349//2349 2122//2122
f 2349//2349 2127//2127 2128//2128
f 2349//2349 2128//2128 2350//2350
f 2350//2350 2128//2128 2129//2129
f 2350//2350 2129//2129 2351//2351
f 2351//2351 2129//2129 2130//2130
f 2351//2351 2130//2130 2352//2352
f 2352//2352 2130//2130 2126//2126
f 2135//2135 2353//2353 2134//2134
f 2134//2134 2353//2353 2354//2354
f 2355//2355 2134//2134 2354//2354
f 2136//2136 2134//2134 2355//2355
f 2136//2136 2356//2356 2137//2137
f 2355//2355 2356//2356 2136//2136
f 2356//2356 2358//2358 2357//2357
f 2138//2138 2356//2356 2357//2357
f 2137//2137 2356//2356 2138//2138
f 2359//2359 2139//2139 2138//2138
f 2359//2359 2138//2138 2357//2357
f 2359//2359 2140//2140 2139//2139
f 2361//2361 2360//2360 2141//2141
f 2361//2361 2141//2141 2142//2142
f 2135//2135 2141//2141 2353//2353
f 2141//2141 2362//2362 2353//2353
f 2141//2141 2360//2360 2362//2362
f 2353//2353 2362//2362 2354//2354
f 2358//2358 2363//2363 2357//2357
f 2357//2357 2363//2363 2359//2359
f 2359//2359 2363//2363 2364//2364
f 2364//2364 2366//2366 2365//2365
f 2364//2364 2365//2365 2143//2143
f 2359//2359 2364//2364 2143//2143
f 2140//2140 2359//2359 2143//2143
f 2365//2365 2145//2145 2143//2143
f 2369//2369 2368//2368 2367//2367
f 2146//2146 2147//2147 2367//2367
f 2368//2368 2146//2146 2367//2367
f 2370//2370 2146//2146 2368//2368
f 2142//2142 2146//2146 2361//2361
f 2361//2361 2146//2146 2370//2370
f 2366//2366 2371//2371 2365//2365
f 2365//2365 2371//2371 2145//2145
f 2371//2371 2148//2148 2145//2145
f 2371//2371 2372//2372 2148//2148
f 2150//2150 2148//2148 2372//2372
f 2150//2150 2372//2372 2373//2373
f 2376//2376 2375//2375 2374//2374
f 2374//2374 2375//2375 2369//2369
f 2374//2374 2369//2369 2367//2367
f 2152//2152 2374//2374 2367//2367
f 2151//2151 2152//2152 2367//2367
f 2151//2151 2367//2367 2147//2147
f 2153//2153 2150//2150 2377//2377
f 2150//2150 2378//2378 2377//2377
f 2150//2150 2373//2373 2378//2378
f 2377//2377 2154//2154 2153//2153
f 2376//2376 2374//2374 2156//2156
f 2157//2157 2376//2376 2156//2156
f 2379//2379 2376//2376 2157//2157
f 2156//2156 2374//2374 2152//2152
f 2378//2378 2380//2380 2377//2377
f 2380//2380 2382//2382 2381//2381
f 2380//2380 2381//2381 2158//2158
f 2377//2377 2380//2380 2158//2158
f 2154//2154 2377//2377 2158//2158
f 2381//2381 2159//2159 2158//2158
f 2161//2161 2379//2379 2157//2157
f 2161//2161 2383//2383 2379//2379
f 2381//2381 2382//2382 2384//2384
f 2384//2384 2382//2382 2385//2385
f 2384//2384 2162//2162 2159//2159
f 2384//2384 2159//2159 2381//2381
f 2386//2386 2383//2383 2161//2161
f 2386//2386 2161//2161 2163//2163
f 2163//2163 2164//2164 2386//2386
f 2386//2386 2164//2164 2387//2387
f 2385//2385 2388//2388 2384//2384
f 2162//2162 2384//2384 2388//2388
f 2389//2389 2162//2162 2388//2388
f 2166//2166 2162//2162 2389//2389
f 2164//2164 2167//2167 2390//2390
f 2391//2391 2164//2164 2390//2390
f 2387//2387 2164//2164 2391//2391
f 2168//2168 2390//2390 2167//2167
f 2169//2169 2166//2166 2392//2392
f 2166//2166 2393//2393 2392//2392
f 2166//2166 2389//2389 2393//2393
f 2392//2392 2170//2170 2169//2169
f 2394//2394 2391//2391 2390//2390
f 2390//2390 2168//2168 2394//2394
f 2168//2168 2395//2395 2394//2394
f 2168//2168 2171//2171 2395//2395
f 2393//2393 2396//2396 2392//2392
f 2170//2170 2392//2392 2396//2396
f 2397//2397 2170//2170 2396//2396
f 2172//2172 2170//2170 2397//2397
f 2173//2173 2399//2399 2398//2398
f 2395//2395 2173//2173 2398//2398
f 2171//2171 2173//2173 2395//2395
f 2399//2399 2400//2400 2398//2398
f 2397//2397 2174//2174 2172//2172
f 2401//2401 2174//2174 2397//2397
f 2175//2175 2402//2402 2399//2399
f 2175//2175 2399//2399 2173//2173
f 2400//2400 2399//2399 2403//2403
f 2403//2403 2399//2399 2402//2402
f 2401//2401 2176//2176 2174//2174
f 2404//2404 2176//2176 2401//2401
f 2406//2406 2405//2405 2402//2402
f 2175//2175 2406//2406 2402//2402
f 2177//2177 2406//2406 2175//2175
f 2402//2402 2405//2405 2403//2403
f 2404//2404 2179//2179 2176//2176
f 2407//2407 2179//2179 2404//2404
f 2181//2181 2408//2408 2180//2180
f 2408//2408 2409//2409 2180//2180
f 2409//2409 2177//2177 2180//2180
f 2409//2409 2406//2406 2177//2177
f 2182//2182 2179//2179 2410//2410
f 2179//2179 2411//2411 2410//2410
f 2179//2179 2407//2407 2411//2411
f 2410//2410 2183//2183 2182//2182
f 2413//2413 2412//2412 2408//2408
f 2181//2181 2413//2413 2408//2408
f 2184//2184 2413//2413 2181//2181
f 2408//2408 2412//2412 2409//2409
f 2414//2414 2186//2186 2187//2187
f 2188//2188 2415//2415 2187//2187
f 2187//2187 2415//2415 2414//2414
f 2189//2189 2416//2416 2188//2188
f 2188//2188 2416//2416 2415//2415
f 2190//2190 2416//2416 2189//2189
f 2410//2410 2411//2411 2417//2417
f 2417//2417 2411//2411 2418//2418
f 2417//2417 2191//2191 2183//2183
f 2417//2417 2183//2183 2410//2410
f 2192//2192 2413//2413 2184//2184
f 2192//2192 2419//2419 2413//2413
f 2420//2420 2193//2193 2194//2194
f 2420//2420 2194//2194 2421//2421
f 2194//2194 2422//2422 2421//2421
f 2194//2194 2195//2195 2422//2422
f 2195//2195 2186//2186 2414//2414
f 2423//2423 2195//2195 2414//2414
f 2422//2422 2195//2195 2423//2423
f 2423//2423 2414//2414 2415//2415
f 2423//2423 2415//2415 2424//2424
f 2424//2424 2415//2415 2416//2416
f 2424//2424 2416//2416 2425//2425
f 2425//2425 2416//2416 2190//2190
f 2196//2196 2425//2425 2190//2190
f 2426//2426 2425//2425 2196//2196
f 2196//2196 2198//2198 2426//2426
f 2426//2426 2198//2198 2427//2427
f 2417//2417 2418//2418 2428//2428
f 2428//2428 2418//2418 2429//2429
f 2428//2428 2199//2199 2191//2191
f 2428//2428 2191//2191 2417//2417
f 2200//2200 2419//2419 2192//2192
f 2200//2200 2430//2430 2419//2419
f 2431//2431 2201//2201 2202//2202
f 2432//2432 2431//2431 2202//2202
f 2432//2432 2202//2202 2193//2193
f 2433//2433 2432//2432 2193//2193
f 2420//2420 2433//2433 2193//2193
f 2433//2433 2420//2420 2421//2421
f 2434//2434 2427//2427 2198//2198
f 2434//2434 2198//2198 2203//2203
f 2203//2203 2205//2205 2434//2434
f 2434//2434 2205//2205 2435//2435
f 2428//2428 2429//2429 2436//2436
f 2436//2436 2429//2429 2437//2437
f 2436//2436 2206//2206 2199//2199
f 2436//2436 2199//2199 2428//2428
f 2207//2207 2430//2430 2200//2200
f 2207//2207 2438//2438 2430//2430
f 2440//2440 2439//2439 2431//2431
f 2439//2439 2201//2201 2431//2431
f 2439//2439 2209//2209 2201//2201
f 2440//2440 2431//2431 2432//2432
f 2205//2205 2210//2210 2441//2441
f 2442//2442 2205//2205 2441//2441
f 2435//2435 2205//2205 2442//2442
f 2211//2211 2441//2441 2210//2210
f 2436//2436 2437//2437 2443//2443
f 2443//2443 2437//2437 2444//2444
f 2443//2443 2212//2212 2206//2206
f 2443//2443 2206//2206 2436//2436
f 2213//2213 2438//2438 2207//2207
f 2213//2213 2445//2445 2438//2438
f 2446//2446 2214//2214 2215//2215
f 2447//2447 2446//2446 2215//2215
f 2209//2209 2447//2447 2215//2215
f 2439//2439 2447//2447 2209//2209
f 2448//2448 2442//2442 2441//2441
f 2441//2441 2211//2211 2448//2448
f 2211//2211 2449//2449 2448//2448
f 2211//2211 2216//2216 2449//2449
f 2443//2443 2444//2444 2450//2450
f 2450//2450 2444//2444 2451//2451
f 2450//2450 2217//2217 2212//2212
f 2450//2450 2212//2212 2443//2443
f 2453//2453 2452//2452 2219//2219
f 2453//2453 2219//2219 2220//2220
f 2213//2213 2219//2219 2445//2445
f 2445//2445 2219//2219 2452//2452
f 2454//2454 2221//2221 2446//2446
f 2446//2446 2221//2221 2214//2214
f 2446//2446 2447//2447 2455//2455
f 2446//2446 2455//2455 2454//2454
f 2222//2222 2449//2449 2216//2216
f 2222//2222 2456//2456 2449//2449
f 2450//2450 2451//2451 2457//2457
f 2457//2457 2451//2451 2458//2458
f 2457//2457 2223//2223 2217//2217
f 2457//2457 2217//2217 2450//2450
f 2225//2225 2453//2453 2220//2220
f 2225//2225 2459//2459 2453//2453
f 2454//2454 2226//2226 2221//2221
f 2228//2228 2226//2226 2454//2454
f 2455//2455 2228//2228 2454//2454
f 2460//2460 2228//2228 2455//2455
f 2463//2463 2462//2462 2461//2461
f 2462//2462 2456//2456 2461//2461
f 2456//2456 2229//2229 2461//2461
f 2456//2456 2222//2222 2229//2229
f 2457//2457 2458//2458 2464//2464
f 2464//2464 2458//2458 2465//2465
f 2464//2464 2230//2230 2223//2223
f 2464//2464 2223//2223 2457//2457
f 2232//2232 2459//2459 2225//2225
f 2232//2232 2466//2466 2459//2459
f 2468//2468 2233//2233 2467//2467
f 2233//2233 2460//2460 2467//2467
f 2233//2233 2228//2228 2460//2460
f 2469//2469 2468//2468 2467//2467
f 2463//2463 2461//2461 2235//2235
f 2236//2236 2463//2463 2235//2235
f 2470//2470 2463//2463 2236//2236
f 2235//2235 2461//2461 2229//2229
f 2464//2464 2465//2465 2471//2471
f 2471//2471 2465//2465 2472//2472
f 2471//2471 2237//2237 2230//2230
f 2471//2471 2230//2230 2464//2464
f 2239//2239 2466//2466 2232//2232
f 2239//2239 2473//2473 2466//2466
f 2468//2468 2240//2240 2233//2233
f 2475//2475 2474//2474 2241//2241
f 2475//2475 2241//2241 2240//2240
f 2469//2469 2475//2475 2240//2240
f 2468//2468 2469//2469 2240//2240
f 2476//2476 2474//2474 2475//2475
f 2478//2478 2477//2477 2243//2243
f 2478//2478 2243//2243 2244//2244
f 2236//2236 2243//2243 2470//2470
f 2470//2470 2243//2243 2477//2477
f 2471//2471 2472//2472 2479//2479
f 2479//2479 2472//2472 2480//2480
f 2479//2479 2245//2245 2237//2237
f 2479//2479 2237//2237 2471//2471
f 2239//2239 2246//2246 2481//2481
f 2482//2482 2239//2239 2481//2481
f 2473//2473 2239//2239 2482//2482
f 2247//2247 2481//2481 2246//2246
f 2474//2474 2248//2248 2241//2241
f 2476//2476 2483//2483 2474//2474
f 2483//2483 2248//2248 2474//2474
f 2483//2483 2250//2250 2248//2248
f 2485//2485 2484//2484 2251//2251
f 2250//2250 2485//2485 2251//2251
f 2483//2483 2485//2485 2250//2250
f 2487//2487 2486//2486 2484//2484
f 2487//2487 2484//2484 2485//2485
f 2489//2489 2488//2488 2486//2486
f 2489//2489 2486//2486 2487//2487
f 2252//2252 2253//2253 2488//2488
f 2489//2489 2252//2252 2488//2488
f 2490//2490 2252//2252 2489//2489
f 2244//2244 2252//2252 2478//2478
f 2478//2478 2252//2252 2490//2490
f 2480//2480 2491//2491 2479//2479
f 2245//2245 2479//2479 2491//2491
f 2492//2492 2245//2245 2491//2491
f 2254//2254 2245//2245 2492//2492
f 2493//2493 2482//2482 2481//2481
f 2481//2481 2247//2247 2493//2493
f 2247//2247 2494//2494 2493//2493
f 2247//2247 2256//2256 2494//2494
f 2484//2484 2257//2257 2251//2251
f 2257//2257 2484//2484 2258//2258
f 2258//2258 2484//2484 2486//2486
f 2258//2258 2486//2486 2259//2259
f 2259//2259 2486//2486 2488//2488
f 2259//2259 2488//2488 2253//2253
f 2260//2260 2254//2254 2495//2495
f 2254//2254 2496//2496 2495//2495
f 2254//2254 2492//2492 2496//2496
f 2495//2495 2262//2262 2260//2260
f 2497//2497 2494//2494 2256//2256
f 2497//2497 2256//2256 2263//2263
f 2498//2498 2263//2263 2264//2264
f 2498//2498 2497//2497 2263//2263
f 2264//2264 2265//2265 2498//2498
f 2498//2498 2265//2265 2499//2499
f 2496//2496 2500//2500 2495//2495
f 2500//2500 2502//2502 2501//2501
f 2500//2500 2501//2501 2266//2266
f 2495//2495 2500//2500 2266//2266
f 2262//2262 2495//2495 2266//2266
f 2501//2501 2268//2268 2266//2266
f 2503//2503 2499//2499 2265//2265
f 2503//2503 2265//2265 2269//2269
f 2269//2269 2270//2270 2503//2503
f 2503//2503 2270//2270 2504//2504
f 2502//2502 2505//2505 2501//2501
f 2501//2501 2505//2505 2268//2268
f 2505//2505 2271//2271 2268//2268
f 2505//2505 2506//2506 2271//2271
f 2506//2506 2508//2508 2507//2507
f 2272//2272 2506//2506 2507//2507
f 2271//2271 2506//2506 2272//2272
f 2507//2507 2273//2273 2272//2272
f 2509//2509 2504//2504 2270//2270
f 2509//2509 2270//2270 2274//2274
f 2510//2510 2274//2274 2275//2275
f 2510//2510 2509//2509 2274//2274
f 2511//2511 2275//2275 2276//2276
f 2511//2511 2510//2510 2275//2275
f 2512//2512 2276//2276 2278//2278
f 2512//2512 2511//2511 2276//2276
f 2514//2514 2513//2513 2280//2280
f 2513//2513 2278//2278 2280//2280
f 2513//2513 2512//2512 2278//2278
f 2516//2516 2515//2515 2514//2514
f 2514//2514 2515//2515 2513//2513
f 2516//2516 2517//2517 2515//2515
f 2508//2508 2518//2518 2507//2507
f 2507//2507 2518//2518 2273//2273
f 2518//2518 2281//2281 2273//2273
f 2518//2518 2519//2519 2281//2281
f 2282//2282 2281//2281 2519//2519
f 2282//2282 2519//2519 2520//2520
f 2283//2283 2514//2514 2280//2280
f 2514//2514 2283//2283 2284//2284
f 2521//2521 2514//2514 2284//2284
f 2516//2516 2514//2514 2521//2521
f 2517//2517 2516//2516 2522//2522
f 2522//2522 2516//2516 2521//2521
f 2520//2520 2523//2523 2282//2282
f 2282//2282 2523//2523 2285//2285
f 2286//2286 2285//2285 2523//2523
f 2286//2286 2523//2523 2524//2524
f 2287//2287 2525//2525 2521//2521
f 2287//2287 2521//2521 2284//2284
f 2522//2522 2521//2521 2526//2526
f 2526//2526 2521//2521 2525//2525
f 2527//2527 2288//2288 2289//2289
f 2290//2290 2528//2528 2289//2289
f 2289//2289 2528//2528 2527//2527
f 2291//2291 2529//2529 2290//2290
f 2290//2290 2529//2529 2528//2528
f 2292//2292 2529//2529 2291//2291
f 2531//2531 2293//2293 2530//2530
f 2293//2293 2524//2524 2530//2530
f 2293//2293 2286//2286 2524//2524
f 2532//2532 2531//2531 2530//2530
f 2294//2294 2533//2533 2525//2525
f 2294//2294 2525//2525 2287//2287
f 2526//2526 2525//2525 2534//2534
f 2534//2534 2525//2525 2533//2533
f 2535//2535 2296//2296 2527//2527
f 2527//2527 2296//2296 2288//2288
f 2536//2536 2527//2527 2528//2528
f 2535//2535 2527//2527 2536//2536
f 2537//2537 2528//2528 2529//2529
f 2536//2536 2528//2528 2537//2537
f 2298//2298 2537//2537 2292//2292
f 2292//2292 2537//2537 2529//2529
f 2531//2531 2299//2299 2293//2293
f 2301//2301 2299//2299 2531//2531
f 2532//2532 2301//2301 2531//2531
f 2538//2538 2301//2301 2532//2532
f 2303//2303 2539//2539 2302//2302
f 2539//2539 2540//2540 2302//2302
f 2302//2302 2540//2540 2294//2294
f 2540//2540 2541//2541 2294//2294
f 2541//2541 2533//2533 2294//2294
f 2533//2533 2541//2541 2534//2534
f 2542//2542 2305//2305 2535//2535
f 2535//2535 2305//2305 2296//2296
f 2543//2543 2535//2535 2536//2536
f 2542//2542 2535//2535 2543//2543
f 2544//2544 2536//2536 2537//2537
f 2543//2543 2536//2536 2544//2544
f 2307//2307 2544//2544 2298//2298
f 2298//2298 2544//2544 2537//2537
f 2538//2538 2308//2308 2301//2301
f 2545//2545 2308//2308 2538//2538
f 2309//2309 2546//2546 2539//2539
f 2309//2309 2539//2539 2303//2303
f 2540//2540 2539//2539 2547//2547
f 2547//2547 2539//2539 2546//2546
f 2542//2542 2311//2311 2305//2305
f 2311//2311 2542//2542 2312//2312
f 2542//2542 2548//2548 2312//2312
f 2542//2542 2543//2543 2548//2548
f 2315//2315 2548//2548 2314//2314
f 2548//2548 2544//2544 2314//2314
f 2548//2548 2543//2543 2544//2544
f 2314//2314 2544//2544 2307//2307
f 2545//2545 2316//2316 2308//2308
f 2549//2549 2316//2316 2545//2545
f 2317//2317 2550//2550 2546//2546
f 2317//2317 2546//2546 2309//2309
f 2547//2547 2546//2546 2551//2551
f 2551//2551 2546//2546 2550//2550
f 2548//2548 2318//2318 2312//2312
f 2318//2318 2548//2548 2315//2315
f 2553//2553 2552//2552 2320//2320
f 2320//2320 2552//2552 2319//2319
f 2320//2320 2316//2316 2549//2549
f 2320//2320 2549//2549 2553//2553
f 2321//2321 2554//2554 2550//2550
f 2321//2321 2550//2550 2317//2317
f 2551//2551 2550//2550 2555//2555
f 2555//2555 2550//2550 2554//2554
f 2557//2557 2556//2556 2323//2323
f 2323//2323 2556//2556 2322//2322
f 2323//2323 2319//2319 2552//2552
f 2323//2323 2552//2552 2557//2557
f 2324//2324 2554//2554 2321//2321
f 2324//2324 2326//2326 2554//2554
f 2326//2326 2555//2555 2554//2554
f 2326//2326 2558//2558 2555//2555
f 2560//2560 2559//2559 2329//2329
f 2329//2329 2559//2559 2328//2328
f 2329//2329 2322//2322 2556//2556
f 2329//2329 2556//2556 2560//2560
f 2561//2561 2558//2558 2326//2326
f 2561//2561 2326//2326 2330//2330
f 2330//2330 2332//2332 2561//2561
f 2561//2561 2332//2332 2562//2562
f 2564//2564 2563//2563 2334//2334
f 2334//2334 2563//2563 2333//2333
f 2334//2334 2328//2328 2559//2559
f 2334//2334 2559//2559 2564//2564
f 2565//2565 2562//2562 2332//2332
f 2565//2565 2332//2332 2335//2335
f 2567//2567 2566//2566 2337//2337
f 2566//2566 2335//2335 2337//2337
f 2566//2566 2565//2565 2335//2335
f 2569//2569 2568//2568 2567//2567
f 2567//2567 2568//2568 2566//2566
f 2571//2571 2570//2570 2569//2569
f 2569//2569 2570//2570 2568//2568
f 2571//2571 2572//2572 2570//2570
f 2574//2574 2573//2573 2339//2339
f 2339//2339 2573//2573 2338//2338
f 2339//2339 2333//2333 2563//2563
f 2339//2339 2563//2563 2574//2574
f 2340//2340 2567//2567 2337//2337
f 2567//2567 2340//2340 2341//2341
f 2567//2567 2341//2341 2569//2569
f 2569//2569 2341//2341 2343//2343
f 2569//2569 2343//2343 2571//2571
f 2575//2575 2572//2572 2571//2571
f 2343//2343 2575//2575 2571//2571
f 2345//2345 2575//2575 2343//2343
f 2576//2576 2345//2345 2347//2347
f 2576//2576 2575//2575 2345//2345
f 2577//2577 2347//2347 2348//2348
f 2577//2577 2576//2576 2347//2347
f 2348//2348 2338//2338 2573//2573
f 2348//2348 2573//2573 2577//2577
f 2354//2354 2578//2578 2355//2355
f 2579//2579 2356//2356 2355//2355
f 2579//2579 2355//2355 2578//2578
f 2579//2579 2358//2358 2356//2356
f 2581//2581 2580//2580 2360//2360
f 2581//2581 2360//2360 2361//2361
f 2360//2360 2582//2582 2362//2362
f 2580//2580 2582//2582 2360//2360
f 2354//2354 2362//2362 2578//2578
f 2362//2362 2583//2583 2578//2578
f 2362//2362 2582//2582 2583//2583
f 2578//2578 2583//2583 2579//2579
f 2579//2579 2583//2583 2584//2584
f 2584//2584 2586//2586 2585//2585
f 2584//2584 2585//2585 2363//2363
f 2579//2579 2584//2584 2363//2363
f 2358//2358 2579//2579 2363//2363
f 2587//2587 2364//2364 2363//2363
f 2587//2587 2363//2363 2585//2585
f 2587//2587 2366//2366 2364//2364
f 2590//2590 2589//2589 2588//2588
f 2592//2592 2591//2591 2588//2588
f 2592//2592 2588//2588 2589//2589
f 2594//2594 2593//2593 2591//2591
f 2594//2594 2591//2591 2592//2592
f 2368//2368 2369//2369 2593//2593
f 2594//2594 2368//2368 2593//2593
f 2595//2595 2368//2368 2594//2594
f 2368//2368 2596//2596 2370//2370
f 2595//2595 2596//2596 2368//2368
f 2361//2361 2370//2370 2581//2581
f 2581//2581 2370//2370 2596//2596
f 2586//2586 2597//2597 2585//2585
f 2585//2585 2597//2597 2587//2587
f 2587//2587 2597//2597 2598//2598
f 2587//2587 2598//2598 2366//2366
f 2598//2598 2371//2371 2366//2366
f 2598//2598 2599//2599 2371//2371
f 2599//2599 2601//2601 2600//2600
f 2372//2372 2599//2599 2600//2600
f 2371//2371 2599//2599 2372//2372
f 2600//2600 2373//2373 2372//2372
f 2590//2590 2588//2588 2602//2602
f 2590//2590 2602//2602 2603//2603
f 2604//2604 2588//2588 2591//2591
f 2602//2602 2588//2588 2604//2604
f 2376//2376 2604//2604 2375//2375
f 2604//2604 2593//2593 2375//2375
f 2604//2604 2591//2591 2593//2593
f 2375//2375 2593//2593 2369//2369
f 2600//2600 2601//2601 2605//2605
f 2605//2605 2601//2601 2606//2606
f 2605//2605 2378//2378 2373//2373
f 2605//2605 2373//2373 2600//2600
f 2603//2603 2602//2602 2607//2607
f 2603//2603 2607//2607 2608//2608
f 2609//2609 2602//2602 2604//2604
f 2607//2607 2602//2602 2609//2609
f 2379//2379 2609//2609 2376//2376
f 2376//2376 2609//2609 2604//2604
f 2606//2606 2610//2610 2605//2605
f 2610//2610 2612//2612 2611//2611
f 2610//2610 2611//2611 2380//2380
f 2605//2605 2610//2610 2380//2380
f 2378//2378 2605//2605 2380//2380
f 2611//2611 2382//2382 2380//2380
f 2613//2613 2608//2608 2607//2607
f 2615//2615 2614//2614 2613//2613
f 2607//2607 2615//2615 2613//2613
f 2609//2609 2615//2615 2607//2607
f 2383//2383 2615//2615 2379//2379
f 2379//2379 2615//2615 2609//2609
f 2612//2612 2616//2616 2611//2611
f 2382//2382 2611//2611 2616//2616
f 2617//2617 2382//2382 2616//2616
f 2385//2385 2382//2382 2617//2617
f 2618//2618 2614//2614 2615//2615
f 2620//2620 2618//2618 2619//2619
f 2619//2619 2618//2618 2386//2386
f 2618//2618 2615//2615 2386//2386
f 2615//2615 2383//2383 2386//2386
f 2387//2387 2619//2619 2386//2386
f 2388//2388 2385//2385 2621//2621
f 2385//2385 2622//2622 2621//2621
f 2385//2385 2617//2617 2622//2622
f 2621//2621 2389//2389 2388//2388
f 2623//2623 2620//2620 2619//2619
f 2619//2619 2387//2387 2623//2623
f 2387//2387 2624//2624 2623//2623
f 2387//2387 2391//2391 2624//2624
f 2621//2621 2622//2622 2625//2625
f 2625//2625 2622//2622 2626//2626
f 2625//2625 2393//2393 2389//2389
f 2625//2625 2389//2389 2621//2621
f 2627//2627 2624//2624 2391//2391
f 2627//2627 2391//2391 2394//2394
f 2629//2629 2628//2628 2395//2395
f 2628//2628 2394//2394 2395//2395
f 2628//2628 2627//2627 2394//2394
f 2629//2629 2630//2630 2628//2628
f 2626//2626 2631//2631 2625//2625
f 2631//2631 2633//2633 2632//2632
f 2631//2631 2632//2632 2396//2396
f 2625//2625 2631//2631 2396//2396
f 2393//2393 2625//2625 2396//2396
f 2632//2632 2397//2397 2396//2396
f 2398//2398 2629//2629 2395//2395
f 2398//2398 2400//2400 2629//2629
f 2400//2400 2630//2630 2629//2629
f 2400//2400 2634//2634 2630//2630
f 2632//2632 2633//2633 2635//2635
f 2635//2635 2633//2633 2636//2636
f 2635//2635 2401//2401 2397//2397
f 2635//2635 2397//2397 2632//2632
f 2403//2403 2634//2634 2400//2400
f 2403//2403 2637//2637 2634//2634
f 2635//2635 2636//2636 2638//2638
f 2638//2638 2636//2636 2639//2639
f 2638//2638 2404//2404 2401//2401
f 2638//2638 2401//2401 2635//2635
f 2406//2406 2640//2640 2405//2405
f 2640//2640 2641//2641 2405//2405
f 2641//2641 2403//2403 2405//2405
f 2641//2641 2637//2637 2403//2403
f 2638//2638 2639//2639 2642//2642
f 2642//2642 2639//2639 2643//2643
f 2642//2642 2407//2407 2404//2404
f 2642//2642 2404//2404 2638//2638
f 2645//2645 2644//2644 2640//2640
f 2406//2406 2645//2645 2640//2640
f 2409//2409 2645//2645 2406//2406
f 2640//2640 2644//2644 2641//2641
f 2643//2643 2646//2646 2642//2642
f 2407//2407 2642//2642 2646//2646
f 2647//2647 2407//2407 2646//2646
f 2411//2411 2407//2407 2647//2647
f 2413//2413 2648//2648 2412//2412
f 2648//2648 2649//2649 2412//2412
f 2649//2649 2409//2409 2412//2412
f 2649//2649 2645//2645 2409//2409
f 2647//2647 2418//2418 2411//2411
f 2650//2650 2418//2418 2647//2647
f 2419//2419 2651//2651 2648//2648
f 2419//2419 2648//2648 2413//2413
f 2649//2649 2648//2648 2652//2652
f 2652//2652 2648//2648 2651//2651
f 2653//2653 2421//2421 2422//2422
f 2653//2653 2422//2422 2654//2654
f 2422//2422 2655//2655 2654//2654
f 2422//2422 2423//2423 2655//2655
f 2656//2656 2423//2423 2424//2424
f 2656//2656 2655//2655 2423//2423
f 2658//2658 2656//2656 2657//2657
f 2656//2656 2425//2425 2657//2657
f 2656//2656 2424//2424 2425//2425
f 2426//2426 2659//2659 2425//2425
f 2425//2425 2659//2659 2657//2657
f 2427//2427 2659//2659 2426//2426
f 2650//2650 2429//2429 2418//2418
f 2660//2660 2429//2429 2650//2650
f 2662//2662 2661//2661 2651//2651
f 2419//2419 2662//2662 2651//2651
f 2430//2430 2662//2662 2419//2419
f 2651//2651 2661//2661 2652//2652
f 2663//2663 2432//2432 2433//2433
f 2664//2664 2663//2663 2433//2433
f 2664//2664 2433//2433 2421//2421
f 2665//2665 2664//2664 2421//2421
f 2653//2653 2665//2665 2421//2421
f 2665//2665 2653//2653 2654//2654
f 2666//2666 2658//2658 2657//2657
f 2666//2666 2657//2657 2659//2659
f 2666//2666 2659//2659 2667//2667
f 2669//2669 2667//2667 2668//2668
f 2668//2668 2667//2667 2434//2434
f 2667//2667 2659//2659 2434//2434
f 2659//2659 2427//2427 2434//2434
f 2435//2435 2668//2668 2434//2434
f 2660//2660 2437//2437 2429//2429
f 2670//2670 2437//2437 2660//2660
f 2438//2438 2662//2662 2430//2430
f 2438//2438 2671//2671 2662//2662
f 2672//2672 2439//2439 2440//2440
f 2673//2673 2672//2672 2440//2440
f 2673//2673 2440//2440 2432//2432
f 2674//2674 2673//2673 2432//2432
f 2663//2663 2674//2674 2432//2432
f 2674//2674 2663//2663 2664//2664
f 2675//2675 2669//2669 2668//2668
f 2668//2668 2435//2435 2675//2675
f 2435//2435 2676//2676 2675//2675
f 2435//2435 2442//2442 2676//2676
f 2670//2670 2444//2444 2437//2437
f 2677//2677 2444//2444 2670//2670
f 2445//2445 2671//2671 2438//2438
f 2445//2445 2678//2678 2671//2671
f 2679//2679 2447//2447 2672//2672
f 2672//2672 2447//2447 2439//2439
f 2672//2672 2673//2673 2680//2680
f 2672//2672 2680//2680 2679//2679
f 2442//2442 2448//2448 2681//2681
f 2682//2682 2442//2442 2681//2681
f 2676//2676 2442//2442 2682//2682
f 2449//2449 2681//2681 2448//2448
f 2677//2677 2451//2451 2444//2444
f 2683//2683 2451//2451 2677//2677
f 2453//2453 2684//2684 2452//2452
f 2684//2684 2685//2685 2452//2452
f 2685//2685 2445//2445 2452//2452
f 2685//2685 2678//2678 2445//2445
f 2686//2686 2455//2455 2679//2679
f 2679//2679 2455//2455 2447//2447
f 2679//2679 2680//2680 2687//2687
f 2679//2679 2687//2687 2686//2686
f 2682//2682 2681//2681 2688//2688
f 2682//2682 2688//2688 2689//2689
f 2456//2456 2688//2688 2449//2449
f 2449//2449 2688//2688 2681//2681
f 2683//2683 2458//2458 2451//2451
f 2690//2690 2458//2458 2683//2683
f 2693//2693 2692//2692 2691//2691
f 2692//2692 2694//2694 2684//2684
f 2459//2459 2692//2692 2684//2684
f 2453//2453 2459//2459 2684//2684
f 2691//2691 2692//2692 2459//2459
f 2684//2684 2694//2694 2685//2685
f 2695//2695 2460//2460 2686//2686
f 2686//2686 2460//2460 2455//2455
f 2686//2686 2687//2687 2696//2696
f 2686//2686 2696//2696 2695//2695
f 2689//2689 2688//2688 2462//2462
f 2463//2463 2689//2689 2462//2462
f 2697//2697 2689//2689 2463//2463
f 2462//2462 2688//2688 2456//2456
f 2690//2690 2465//2465 2458//2458
f 2698//2698 2465//2465 2690//2690
f 2701//2701 2700//2700 2699//2699
f 2699//2699 2700//2700 2693//2693
f 2691//2691 2699//2699 2693//2693
f 2702//2702 2699//2699 2691//2691
f 2466//2466 2702//2702 2459//2459
f 2459//2459 2702//2702 2691//2691
f 2695//2695 2467//2467 2460//2460
f 2704//2704 2703//2703 2469//2469
f 2704//2704 2469//2469 2467//2467
f 2696//2696 2704//2704 2467//2467
f 2695//2695 2696//2696 2467//2467
f 2705//2705 2703//2703 2704//2704
f 2708//2708 2707//2707 2706//2706
f 2707//2707 2697//2697 2706//2706
f 2697//2697 2470//2470 2706//2706
f 2697//2697 2463//2463 2470//2470
f 2698//2698 2472//2472 2465//2465
f 2709//2709 2472//2472 2698//2698
f 2701//2701 2699//2699 2710//2710
f 2701//2701 2710//2710 2711//2711
f 2712//2712 2699//2699 2702//2702
f 2710//2710 2699//2699 2712//2712
f 2473//2473 2712//2712 2466//2466
f 2466//2466 2712//2712 2702//2702
f 2703//2703 2475//2475 2469//2469
f 2714//2714 2713//2713 2476//2476
f 2714//2714 2476//2476 2475//2475
f 2705//2705 2714//2714 2475//2475
f 2703//2703 2705//2705 2475//2475
f 2715//2715 2713//2713 2714//2714
f 2718//2718 2717//2717 2716//2716
f 2720//2720 2719//2719 2716//2716
f 2720//2720 2716//2716 2717//2717
f 2719//2719 2720//2720 2708//2708
f 2719//2719 2708//2708 2706//2706
f 2478//2478 2719//2719 2706//2706
f 2477//2477 2478//2478 2706//2706
f 2477//2477 2706//2706 2470//2470
f 2723//2723 2722//2722 2721//2721
f 2709//2709 2723//2723 2721//2721
f 2480//2480 2709//2709 2721//2721
f 2472//2472 2709//2709 2480//2480
f 2724//2724 2711//2711 2710//2710
f 2726//2726 2725//2725 2724//2724
f 2710//2710 2726//2726 2724//2724
f 2712//2712 2726//2726 2710//2710
f 2482//2482 2726//2726 2473//2473
f 2473//2473 2726//2726 2712//2712
f 2713//2713 2483//2483 2476//2476
f 2715//2715 2727//2727 2713//2713
f 2727//2727 2483//2483 2713//2713
f 2727//2727 2485//2485 2483//2483
f 2485//2485 2728//2728 2487//2487
f 2727//2727 2728//2728 2485//2485
f 2716//2716 2489//2489 2718//2718
f 2489//2489 2728//2728 2718//2718
f 2489//2489 2487//2487 2728//2728
f 2489//2489 2716//2716 2490//2490
f 2490//2490 2716//2716 2719//2719
f 2490//2490 2719//2719 2478//2478
f 2721//2721 2722//2722 2729//2729
f 2729//2729 2722//2722 2730//2730
f 2731//2731 2491//2491 2480//2480
f 2721//2721 2731//2731 2480//2480
f 2729//2729 2731//2731 2721//2721
f 2731//2731 2492//2492 2491//2491
f 2732//2732 2725//2725 2726//2726
f 2732//2732 2726//2726 2482//2482
f 2493//2493 2732//2732 2482//2482
f 2733//2733 2732//2732 2493//2493
f 2493//2493 2494//2494 2733//2733
f 2733//2733 2494//2494 2734//2734
f 2729//2729 2730//2730 2735//2735
f 2735//2735 2730//2730 2736//2736
f 2729//2729 2737//2737 2731//2731
f 2729//2729 2735//2735 2737//2737
f 2737//2737 2496//2496 2492//2492
f 2737//2737 2492//2492 2731//2731
f 2738//2738 2734//2734 2494//2494
f 2738//2738 2494//2494 2497//2497
f 2739//2739 2497//2497 2498//2498
f 2739//2739 2738//2738 2497//2497
f 2498//2498 2499//2499 2739//2739
f 2739//2739 2499//2499 2740//2740
f 2735//2735 2736//2736 2741//2741
f 2741//2741 2736//2736 2742//2742
f 2735//2735 2743//2743 2737//2737
f 2735//2735 2741//2741 2743//2743
f 2744//2744 2500//2500 2496//2496
f 2737//2737 2744//2744 2496//2496
f 2743//2743 2744//2744 2737//2737
f 2744//2744 2502//2502 2500//2500
f 2745//2745 2740//2740 2499//2499
f 2745//2745 2499//2499 2503//2503
f 2747//2747 2746//2746 2504//2504
f 2746//2746 2503//2503 2504//2504
f 2746//2746 2745//2745 2503//2503
f 2747//2747 2748//2748 2746//2746
f 2751//2751 2750//2750 2749//2749
f 2753//2753 2752//2752 2749//2749
f 2749//2749 2752//2752 2751//2751
f 2755//2755 2754//2754 2753//2753
f 2753//2753 2754//2754 2752//2752
f 2757//2757 2756//2756 2755//2755
f 2755//2755 2756//2756 2754//2754
f 2757//2757 2758//2758 2756//2756
f 2742//2742 2759//2759 2741//2741
f 2741//2741 2759//2759 2743//2743
f 2743//2743 2759//2759 2760//2760
f 2743//2743 2760//2760 2744//2744
f 2744//2744 2760//2760 2761//2761
f 2744//2744 2761//2761 2502//2502
f 2761//2761 2505//2505 2502//2502
f 2761//2761 2762//2762 2505//2505
f 2762//2762 2764//2764 2763//2763
f 2506//2506 2762//2762 2763//2763
f 2505//2505 2762//2762 2506//2506
f 2763//2763 2508//2508 2506//2506
f 2509//2509 2747//2747 2504//2504
f 2765//2765 2748//2748 2747//2747
f 2509//2509 2765//2765 2747//2747
f 2510//2510 2765//2765 2509//2509
f 2766//2766 2510//2510 2511//2511
f 2766//2766 2765//2765 2510//2510
f 2767//2767 2511//2511 2512//2512
f 2767//2767 2766//2766 2511//2511
f 2513//2513 2749//2749 2750//2750
f 2767//2767 2513//2513 2750//2750
f 2512//2512 2513//2513 2767//2767
f 2749//2749 2513//2513 2515//2515
f 2749//2749 2515//2515 2753//2753
f 2753//2753 2515//2515 2517//2517
f 2768//2768 2753//2753 2517//2517
f 2755//2755 2753//2753 2768//2768
f 2755//2755 2769//2769 2757//2757
f 2755//2755 2768//2768 2769//2769
f 2758//2758 2757//2757 2770//2770
f 2770//2770 2757//2757 2769//2769
f 2764//2764 2771//2771 2763//2763
f 2763//2763 2771//2771 2508//2508
f 2771//2771 2518//2518 2508//2508
f 2771//2771 2772//2772 2518//2518
f 2772//2772 2774//2774 2773//2773
f 2519//2519 2772//2772 2773//2773
f 2518//2518 2772//2772 2519//2519
f 2773//2773 2520//2520 2519//2519
f 2522//2522 2775//2775 2768//2768
f 2522//2522 2768//2768 2517//2517
f 2768//2768 2776//2776 2769//2769
f 2768//2768 2775//2775 2776//2776
f 2770//2770 2769//2769 2777//2777
f 2777//2777 2769//2769 2776//2776
f 2774//2774 2778//2778 2773//2773
f 2773//2773 2778//2778 2520//2520
f 2778//2778 2523//2523 2520//2520
f 2778//2778 2779//2779 2523//2523
f 2524//2524 2523//2523 2779//2779
f 2524//2524 2779//2779 2780//2780
f 2526//2526 2781//2781 2775//2775
f 2526//2526 2775//2775 2522//2522
f 2775//2775 2782//2782 2776//2776
f 2775//2775 2781//2781 2782//2782
f 2777//2777 2776//2776 2783//2783
f 2783//2783 2776//2776 2782//2782
f 2780//2780 2784//2784 2524//2524
f 2524//2524 2784//2784 2530//2530
f 2532//2532 2530//2530 2784//2784
f 2532//2532 2784//2784 2785//2785
f 2534//2534 2786//2786 2781//2781
f 2534//2534 2781//2781 2526//2526
f 2788//2788 2782//2782 2787//2787
f 2782//2782 2786//2786 2787//2787
f 2782//2782 2781//2781 2786//2786
f 2782//2782 2788//2788 2783//2783
f 2785//2785 2538//2538 2532//2532
f 2789//2789 2538//2538 2785//2785
f 2540//2540 2790//2790 2541//2541
f 2790//2790 2791//2791 2541//2541
f 2541//2541 2791//2791 2534//2534
f 2791//2791 2792//2792 2534//2534
f 2792//2792 2786//2786 2534//2534
f 2786//2786 2792//2792 2787//2787
f 2789//2789 2545//2545 2538//2538
f 2793//2793 2545//2545 2789//2789
f 2547//2547 2794//2794 2790//2790
f 2547//2547 2790//2790 2540//2540
f 2791//2791 2790//2790 2795//2795
f 2795//2795 2790//2790 2794//2794
f 2798//2798 2797//2797 2796//2796
f 2793//2793 2798//2798 2796//2796
f 2549//2549 2793//2793 2796//2796
f 2545//2545 2793//2793 2549//2549
f 2551//2551 2799//2799 2794//2794
f 2551//2551 2794//2794 2547//2547
f 2795//2795 2794//2794 2800//2800
f 2800//2800 2794//2794 2799//2799
f 2803//2803 2802//2802 2801//2801
f 2803//2803 2801//2801 2797//2797
f 2797//2797 2801//2801 2796//2796
f 2801//2801 2552//2552 2796//2796
f 2552//2552 2553//2553 2796//2796
f 2796//2796 2553//2553 2549//2549
f 2555//2555 2804//2804 2799//2799
f 2555//2555 2799//2799 2551//2551
f 2800//2800 2799//2799 2805//2805
f 2805//2805 2799//2799 2804//2804
f 2808//2808 2807//2807 2806//2806
f 2808//2808 2806//2806 2802//2802
f 2802//2802 2806//2806 2801//2801
f 2806//2806 2556//2556 2801//2801
f 2556//2556 2557//2557 2801//2801
f 2801//2801 2557//2557 2552//2552
f 2558//2558 2809//2809 2804//2804
f 2558//2558 2804//2804 2555//2555
f 2805//2805 2804//2804 2810//2810
f 2810//2810 2804//2804 2809//2809
f 2813//2813 2812//2812 2811//2811
f 2813//2813 2811//2811 2807//2807
f 2807//2807 2811//2811 2806//2806
f 2811//2811 2559//2559 2806//2806
f 2559//2559 2560//2560 2806//2806
f 2806//2806 2560//2560 2556//2556
f 2561//2561 2809//2809 2558//2558
f 2815//2815 2814//2814 2562//2562
f 2562//2562 2814//2814 2561//2561
f 2814//2814 2810//2810 2561//2561
f 2810//2810 2809//2809 2561//2561
f 2815//2815 2816//2816 2814//2814
f 2819//2819 2818//2818 2817//2817
f 2819//2819 2817//2817 2812//2812
f 2812//2812 2817//2817 2811//2811
f 2817//2817 2563//2563 2811//2811
f 2563//2563 2564//2564 2811//2811
f 2811//2811 2564//2564 2559//2559
f 2565//2565 2815//2815 2562//2562
f 2820//2820 2816//2816 2815//2815
f 2565//2565 2820//2820 2815//2815
f 2566//2566 2820//2820 2565//2565
f 2821//2821 2566//2566 2568//2568
f 2821//2821 2820//2820 2566//2566
f 2822//2822 2568//2568 2570//2570
f 2822//2822 2821//2821 2568//2568
f 2824//2824 2823//2823 2572//2572
f 2823//2823 2570//2570 2572//2572
f 2823//2823 2822//2822 2570//2570
f 2826//2826 2825//2825 2824//2824
f 2824//2824 2825//2825 2823//2823
f 2828//2828 2827//2827 2826//2826
f 2826//2826 2827//2827 2825//2825
f 2827//2827 2828//2828 2818//2818
f 2818//2818 2828//2828 2817//2817
f 2828//2828 2573//2573 2817//2817
f 2573//2573 2574//2574 2817//2817
f 2817//2817 2574//2574 2563//2563
f 2575//2575 2824//2824 2572//2572
f 2824//2824 2575//2575 2576//2576
f 2824//2824 2576//2576 2826//2826
f 2826//2826 2576//2576 2577//2577
f 2826//2826 2577//2577 2828//2828
f 2828//2828 2577//2577 2573//2573
f 2831//2831 2830//2830 2829//2829
f 2833//2833 2832//2832 2829//2829
f 2833//2833 2829//2829 2830//2830
f 2835//2835 2834//2834 2832//2832
f 2835//2835 2832//2832 2833//2833
f 2837//2837 2836//2836 2834//2834
f 2837//2837 2834//2834 2835//2835
f 2838//2838 2836//2836 2837//2837
f 2581//2581 2839//2839 2580//2580
f 2840//2840 2582//2582 2580//2580
f 2840//2840 2580//2580 2839//2839
f 2841//2841 2583//2583 2582//2582
f 2841//2841 2582//2582 2840//2840
f 2842//2842 2584//2584 2583//2583
f 2842//2842 2583//2583 2841//2841
f 2842//2842 2586//2586 2584//2584
f 2831//2831 2829//2829 2843//2843
f 2831//2831 2843//2843 2844//2844
f 2845//2845 2829//2829 2832//2832
f 2843//2843 2829//2829 2845//2845
f 2846//2846 2832//2832 2834//2834
f 2845//2845 2832//2832 2846//2846
f 2590//2590 2846//2846 2589//2589
f 2846//2846 2836//2836 2589//2589
f 2846//2846 2834//2834 2836//2836
f 2838//2838 2847//2847 2836//2836
f 2847//2847 2589//2589 2836//2836
f 2847//2847 2592//2592 2589//2589
f 2592//2592 2848//2848 2594//2594
f 2847//2847 2848//2848 2592//2592
f 2594//2594 2849//2849 2595//2595
f 2848//2848 2849//2849 2594//2594
f 2595//2595 2850//2850 2596//2596
f 2849//2849 2850//2850 2595//2595
f 2581//2581 2596//2596 2839//2839
f 2596//2596 2851//2851 2839//2839
f 2596//2596 2850//2850 2851//2851
f 2839//2839 2851//2851 2840//2840
f 2840//2840 2851//2851 2852//2852
f 2840//2840 2852//2852 2841//2841
f 2841//2841 2852//2852 2853//2853
f 2841//2841 2853//2853 2842//2842
f 2842//2842 2853//2853 2854//2854
f 2854//2854 2856//2856 2855//2855
f 2854//2854 2855//2855 2597//2597
f 2842//2842 2854//2854 2597//2597
f 2586//2586 2842//2842 2597//2597
f 2857//2857 2598//2598 2597//2597
f 2857//2857 2597//2597 2855//2855
f 2858//2858 2599//2599 2598//2598
f 2858//2858 2598//2598 2857//2857
f 2858//2858 2601//2601 2599//2599
f 2859//2859 2844//2844 2843//2843
f 2861//2861 2860//2860 2859//2859
f 2843//2843 2861//2861 2859//2859
f 2845//2845 2861//2861 2843//2843
f 2862//2862 2845//2845 2846//2846
f 2861//2861 2845//2845 2862//2862
f 2603//2603 2862//2862 2590//2590
f 2590//2590 2862//2862 2846//2846
f 2856//2856 2863//2863 2855//2855
f 2855//2855 2863//2863 2857//2857
f 2857//2857 2863//2863 2864//2864
f 2866//2866 2865//2865 2864//2864
f 2865//2865 2857//2857 2864//2864
f 2865//2865 2858//2858 2857//2857
f 2865//2865 2606//2606 2601//2601
f 2865//2865 2601//2601 2858//2858
f 2867//2867 2860//2860 2861//2861
f 2869//2869 2868//2868 2867//2867
f 2861//2861 2869//2869 2867//2867
f 2862//2862 2869//2869 2861//2861
f 2608//2608 2869//2869 2603//2603
f 2603//2603 2869//2869 2862//2862
f 2865//2865 2866//2866 2870//2870
f 2870//2870 2866//2866 2871//2871
f 2872//2872 2610//2610 2606//2606
f 2865//2865 2872//2872 2606//2606
f 2870//2870 2872//2872 2865//2865
f 2872//2872 2612//2612 2610//2610
f 2873//2873 2868//2868 2869//2869
f 2875//2875 2873//2873 2874//2874
f 2874//2874 2873//2873 2613//2613
f 2873//2873 2869//2869 2613//2613
f 2869//2869 2608//2608 2613//2613
f 2614//2614 2874//2874 2613//2613
f 2871//2871 2876//2876 2870//2870
f 2878//2878 2877//2877 2876//2876
f 2877//2877 2870//2870 2876//2876
f 2877//2877 2872//2872 2870//2870
f 2879//2879 2616//2616 2612//2612
f 2872//2872 2879//2879 2612//2612
f 2877//2877 2879//2879 2872//2872
f 2879//2879 2617//2617 2616//2616
f 2880//2880 2875//2875 2874//2874
f 2882//2882 2880//2880 2881//2881
f 2881//2881 2880//2880 2618//2618
f 2880//2880 2874//2874 2618//2618
f 2874//2874 2614//2614 2618//2618
f 2620//2620 2881//2881 2618//2618
f 2878//2878 2883//2883 2877//2877
f 2885//2885 2884//2884 2883//2883
f 2884//2884 2877//2877 2883//2883
f 2884//2884 2879//2879 2877//2877
f 2884//2884 2622//2622 2617//2617
f 2884//2884 2617//2617 2879//2879
f 2886//2886 2882//2882 2881//2881
f 2886//2886 2881//2881 2620//2620
f 2623//2623 2886//2886 2620//2620
f 2887//2887 2886//2886 2623//2623
f 2623//2623 2624//2624 2887//2887
f 2887//2887 2624//2624 2888//2888
f 2884//2884 2885//2885 2889//2889
f 2889//2889 2885//2885 2890//2890
f 2889//2889 2626//2626 2622//2622
f 2889//2889 2622//2622 2884//2884
f 2891//2891 2888//2888 2624//2624
f 2891//2891 2624//2624 2627//2627
f 2892//2892 2627//2627 2628//2628
f 2892//2892 2891//2891 2627//2627
f 2894//2894 2893//2893 2630//2630
f 2893//2893 2628//2628 2630//2630
f 2893//2893 2892//2892 2628//2628
f 2894//2894 2895//2895 2893//2893
f 2890//2890 2896//2896 2889//2889
f 2896//2896 2898//2898 2897//2897
f 2896//2896 2897//2897 2631//2631
f 2889//2889 2896//2896 2631//2631
f 2626//2626 2889//2889 2631//2631
f 2897//2897 2633//2633 2631//2631
f 2634//2634 2899//2899 2894//2894
f 2634//2634 2894//2894 2630//2630
f 2895//2895 2894//2894 2900//2900
f 2900//2900 2894//2894 2899//2899
f 2897//2897 2898//2898 2901//2901
f 2901//2901 2898//2898 2902//2902
f 2901//2901 2636//2636 2633//2633
f 2901//2901 2633//2633 2897//2897
f 2637//2637 2903//2903 2899//2899
f 2637//2637 2899//2899 2634//2634
f 2900//2900 2899//2899 2904//2904
f 2904//2904 2899//2899 2903//2903
f 2901//2901 2902//2902 2905//2905
f 2905//2905 2902//2902 2906//2906
f 2905//2905 2639//2639 2636//2636
f 2905//2905 2636//2636 2901//2901
f 2641//2641 2907//2907 2903//2903
f 2641//2641 2903//2903 2637//2637
f 2904//2904 2903//2903 2908//2908
f 2908//2908 2903//2903 2907//2907
f 2905//2905 2906//2906 2909//2909
f 2909//2909 2906//2906 2910//2910
f 2909//2909 2643//2643 2639//2639
f 2909//2909 2639//2639 2905//2905
f 2645//2645 2911//2911 2644//2644
f 2911//2911 2912//2912 2644//2644
f 2644//2644 2912//2912 2641//2641
f 2912//2912 2913//2913 2641//2641
f 2913//2913 2907//2907 2641//2641
f 2907//2907 2913//2913 2908//2908
f 2910//2910 2914//2914 2909//2909
f 2914//2914 2916//2916 2915//2915
f 2914//2914 2915//2915 2646//2646
f 2909//2909 2914//2914 2646//2646
f 2643//2643 2909//2909 2646//2646
f 2915//2915 2647//2647 2646//2646
f 2649//2649 2917//2917 2911//2911
f 2649//2649 2911//2911 2645//2645
f 2912//2912 2911//2911 2918//2918
f 2918//2918 2911//2911 2917//2917
f 2915//2915 2916//2916 2919//2919
f 2919//2919 2916//2916 2920//2920
f 2919//2919 2650//2650 2647//2647
f 2919//2919 2647//2647 2915//2915
f 2652//2652 2921//2921 2917//2917
f 2652//2652 2917//2917 2649//2649
f 2918//2918 2917//2917 2922//2922
f 2922//2922 2917//2917 2921//2921
f 2923//2923 2654//2654 2655//2655
f 2656//2656 2924//2924 2655//2655
f 2655//2655 2924//2924 2923//2923
f 2658//2658 2924//2924 2656//2656
f 2919//2919 2920//2920 2925//2925
f 2925//2925 2920//2920 2926//2926
f 2925//2925 2660//2660 2650//2650
f 2925//2925 2650//2650 2919//2919
f 2662//2662 2927//2927 2661//2661
f 2927//2927 2928//2928 2661//2661
f 2661//2661 2928//2928 2652//2652
f 2928//2928 2929//2929 2652//2652
f 2929//2929 2921//2921 2652//2652
f 2921//2921 2929//2929 2922//2922
f 2930//2930 2664//2664 2665//2665
f 2654//2654 2923//2923 2665//2665
f 2923//2923 2930//2930 2665//2665
f 2923//2923 2931//2931 2930//2930
f 2932//2932 2923//2923 2924//2924
f 2931//2931 2923//2923 2932//2932
f 2666//2666 2933//2933 2658//2658
f 2933//2933 2924//2924 2658//2658
f 2933//2933 2932//2932 2924//2924
f 2667//2667 2934//2934 2666//2666
f 2666//2666 2934//2934 2933//2933
f 2669//2669 2934//2934 2667//2667
f 2925//2925 2926//2926 2935//2935
f 2935//2935 2926//2926 2936//2936
f 2935//2935 2670//2670 2660//2660
f 2935//2935 2660//2660 2925//2925
f 2671//2671 2937//2937 2927//2927
f 2671//2671 2927//2927 2662//2662
f 2928//2928 2927//2927 2938//2938
f 2938//2938 2927//2927 2937//2937
f 2939//2939 2673//2673 2674//2674
f 2940//2940 2939//2939 2674//2674
f 2940//2940 2674//2674 2664//2664
f 2941//2941 2940//2940 2664//2664
f 2930//2930 2941//2941 2664//2664
f 2941//2941 2930//2930 2931//2931
f 2941//2941 2931//2931 2942//2942
f 2942//2942 2931//2931 2932//2932
f 2942//2942 2932//2932 2943//2943
f 2943//2943 2932//2932 2933//2933
f 2943//2943 2933//2933 2944//2944
f 2946//2946 2945//2945 2944//2944
f 2933//2933 2946//2946 2944//2944
f 2934//2934 2946//2946 2933//2933
f 2675//2675 2947//2947 2669//2669
f 2947//2947 2934//2934 2669//2669
f 2947//2947 2946//2946 2934//2934
f 2676//2676 2947//2947 2675//2675
f 2935//2935 2936//2936 2948//2948
f 2948//2948 2936//2936 2949//2949
f 2948//2948 2677//2677 2670//2670
f 2948//2948 2670//2670 2935//2935
f 2678//2678 2950//2950 2937//2937
f 2678//2678 2937//2937 2671//2671
f 2938//2938 2937//2937 2951//2951
f 2951//2951 2937//2937 2950//2950
f 2952//2952 2680//2680 2939//2939
f 2939//2939 2680//2680 2673//2673
f 2939//2939 2940//2940 2953//2953
f 2939//2939 2953//2953 2952//2952
f 2954//2954 2945//2945 2946//2946
f 2956//2956 2955//2955 2954//2954
f 2946//2946 2956//2956 2954//2954
f 2947//2947 2956//2956 2946//2946
f 2682//2682 2956//2956 2676//2676
f 2676//2676 2956//2956 2947//2947
f 2948//2948 2949//2949 2957//2957
f 2957//2957 2949//2949 2958//2958
f 2957//2957 2683//2683 2677//2677
f 2957//2957 2677//2677 2948//2948
f 2960//2960 2959//2959 2950//2950
f 2678//2678 2960//2960 2950//2950
f 2685//2685 2960//2960 2678//2678
f 2950//2950 2959//2959 2951//2951
f 2961//2961 2687//2687 2952//2952
f 2952//2952 2687//2687 2680//2680
f 2952//2952 2953//2953 2962//2962
f 2952//2952 2962//2962 2961//2961
f 2955//2955 2956//2956 2963//2963
f 2955//2955 2963//2963 2964//2964
f 2689//2689 2963//2963 2682//2682
f 2682//2682 2963//2963 2956//2956
f 2957//2957 2958//2958 2965//2965
f 2965//2965 2958//2958 2966//2966
f 2965//2965 2690//2690 2683//2683
f 2965//2965 2683//2683 2957//2957
f 2969//2969 2968//2968 2967//2967
f 2971//2971 2970//2970 2967//2967
f 2971//2971 2967//2967 2968//2968
f 2973//2973 2972//2972 2970//2970
f 2973//2973 2970//2970 2971//2971
f 2975//2975 2974//2974 2972//2972
f 2975//2975 2972//2972 2973//2973
f 2976//2976 2974//2974 2975//2975
f 2978//2978 2977//2977 2692//2692
f 2978//2978 2692//2692 2693//2693
f 2692//2692 2979//2979 2694//2694
f 2977//2977 2979//2979 2692//2692
f 2685//2685 2694//2694 2960//2960
f 2960//2960 2694//2694 2979//2979
f 2980//2980 2696//2696 2961//2961
f 2961//2961 2696//2696 2687//2687
f 2961//2961 2962//2962 2981//2981
f 2961//2961 2981//2981 2980//2980
f 2984//2984 2983//2983 2982//2982
f 2982//2982 2983//2983 2964//2964
f 2963//2963 2982//2982 2964//2964
f 2985//2985 2982//2982 2963//2963
f 2697//2697 2985//2985 2689//2689
f 2689//2689 2985//2985 2963//2963
f 2965//2965 2966//2966 2986//2986
f 2986//2986 2966//2966 2987//2987
f 2986//2986 2698//2698 2690//2690
f 2986//2986 2690//2690 2965//2965
f 2990//2990 2989//2989 2988//2988
f 2992//2992 2991//2991 2988//2988
f 2992//2992 2988//2988 2989//2989
f 2994//2994 2993//2993 2991//2991
f 2994//2994 2991//2991 2992//2992
f 2995//2995 2993//2993 2994//2994
f 2998//2998 2997//2997 2996//2996
f 2996//2996 2997//2997 2969//2969
f 2967//2967 2996//2996 2969//2969
f 2999//2999 2996//2996 2967//2967
f 3000//3000 2967//2967 2970//2970
f 2999//2999 2967//2967 3000//3000
f 3001//3001 2970//2970 2972//2972
f 3000//3000 2970//2970 3001//3001
f 3002//3002 2972//2972 2974//2974
f 3001//3001 2972//2972 3002//3002
f 2974//2974 2976//2976 3003//3003
f 3004//3004 2974//2974 3003//3003
f 3002//3002 2974//2974 3004//3004
f 2700//2700 2701//2701 3004//3004
f 3003//3003 2700//2700 3004//3004
f 3005//3005 2700//2700 3003//3003
f 2693//2693 2700//2700 2978//2978
f 2978//2978 2700//2700 3005//3005
f 2980//2980 2704//2704 2696//2696
f 3007//3007 3006//3006 2705//2705
f 3007//3007 2705//2705 2704//2704
f 2981//2981 3007//3007 2704//2704
f 2980//2980 2981//2981 2704//2704
f 3009//3009 3008//3008 3006//3006
f 3009//3009 3006//3006 3007//3007
f 3011//3011 3010//3010 3008//3008
f 3011//3011 3008//3008 3009//3009
f 3013//3013 3012//3012 3010//3010
f 3013//3013 3010//3010 3011//3011
f 3012//3012 3013//3013 2984//2984
f 2982//2982 3012//3012 2984//2984
f 3014//3014 3012//3012 2982//2982
f 2708//2708 3014//3014 2707//2707
f 3014//3014 2985//2985 2707//2707
f 3014//3014 2982//2982 2985//2985
f 2707//2707 2985//2985 2697//2697
f 2986//2986 2987//2987 3015//3015
f 3015//3015 2987//2987 3016//3016
f 3015//3015 2709//2709 2698//2698
f 3015//3015 2698//2698 2986//2986
f 3019//3019 3018//3018 3017//3017
f 3017//3017 3018//3018 2990//2990
f 2988//2988 3017//3017 2990//2990
f 3020//3020 3017//3017 2988//2988
f 3021//3021 2988//2988 2991//2991
f 3020//3020 2988//2988 3021//3021
f 2993//2993 3023//3023 3022//3022
f 3021//3021 2993//2993 3022//3022
f 2991//2991 2993//2993 3021//3021
f 3023//3023 2993//2993 2995//2995
f 3024//3024 2998//2998 2996//2996
f 3024//3024 2996//2996 2999//2999
f 3024//3024 2999//2999 3025//3025
f 3027//3027 3026//3026 3025//3025
f 2999//2999 3027//3027 3025//3025
f 3000//3000 3027//3027 2999//2999
f 3028//3028 3000//3000 3001//3001
f 3027//3027 3000//3000 3028//3028
f 3029//3029 3001//3001 3002//3002
f 3028//3028 3001//3001 3029//3029
f 3030//3030 3002//3002 3004//3004
f 3029//3029 3002//3002 3030//3030
f 2711//2711 3030//3030 2701//2701
f 2701//2701 3030//3030 3004//3004
f 3006//3006 2714//2714 2705//2705
f 2714//2714 3006//3006 2715//2715
f 3006//3006 3031//3031 2715//2715
f 3006//3006 3008//3008 3031//3031
f 3032//3032 3008//3008 3010//3010
f 3031//3031 3008//3008 3032//3032
f 2718//2718 3032//3032 2717//2717
f 3032//3032 3012//3012 2717//2717
f 3032//3032 3010//3010 3012//3012
f 2717//2717 3012//3012 2720//2720
f 2720//2720 3012//3012 3014//3014
f 2720//2720 3014//3014 2708//2708
f 3035//3035 3034//3034 3033//3033
f 3035//3035 3033//3033 3016//3016
f 3016//3016 3033//3033 3015//3015
f 3033//3033 2722//2722 3015//3015
f 2722//2722 2723//2723 3015//3015
f 3015//3015 2723//2723 2709//2709
f 3036//3036 3019//3019 3017//3017
f 3036//3036 3017//3017 3020//3020
f 3036//3036 3020//3020 3037//3037
f 3037//3037 3020//3020 3021//3021
f 3037//3037 3021//3021 3038//3038
f 3038//3038 3021//3021 3022//3022
f 3039//3039 3026//3026 3027//3027
f 3039//3039 3027//3027 3028//3028
f 3039//3039 3028//3028 3040//3040
f 3040//3040 3028//3028 3029//3029
f 3040//3040 3029//3029 3041//3041
f 3041//3041 3029//3029 3030//3030
f 3041//3041 3030//3030 3042//3042
f 3042//3042 3030//3030 2711//2711
f 2724//2724 3042//3042 2711//2711
f 3043//3043 3042//3042 2724//2724
f 2724//2724 2725//2725 3043//3043
f 3043//3043 2725//2725 3044//3044
f 3031//3031 2727//2727 2715//2715
f 2727//2727 3031//3031 2728//2728
f 2728//2728 3031//3031 3032//3032
f 2728//2728 3032//3032 2718//2718
f 3033//3033 3034//3034 3045//3045
f 3045//3045 3034//3034 3046//3046
f 3045//3045 2730//2730 2722//2722
f 3045//3045 2722//2722 3033//3033
f 3047//3047 3044//3044 2725//2725
f 3047//3047 2725//2725 2732//2732
f 3048//3048 2732//2732 2733//2733
f 3048//3048 3047//3047 2732//2732
f 3050//3050 3049//3049 2734//2734
f 3049//3049 2733//2733 2734//2734
f 3049//3049 3048//3048 2733//2733
f 3050//3050 3051//3051 3049//3049
f 3054//3054 3053//3053 3052//3052
f 3054//3054 3052//3052 3046//3046
f 3052//3052 3045//3045 3046//3046
f 3052//3052 3055//3055 3045//3045
f 3055//3055 2736//2736 2730//2730
f 3055//3055 2730//2730 3045//3045
f 2738//2738 3050//3050 2734//2734
f 3056//3056 3051//3051 3050//3050
f 2738//2738 3056//3056 3050//3050
f 2739//2739 3056//3056 2738//2738
f 3058//3058 3057//3057 2740//2740
f 3057//3057 2739//2739 2740//2740
f 3057//3057 3056//3056 2739//2739
f 3058//3058 3059//3059 3057//3057
f 3062//3062 3061//3061 3060//3060
f 3064//3064 3063//3063 3060//3060
f 3060//3060 3063//3063 3062//3062
f 3063//3063 3064//3064 3053//3053
f 3064//3064 3052//3052 3053//3053
f 3064//3064 3065//3065 3052//3052
f 3052//3052 3066//3066 3055//3055
f 3052//3052 3065//3065 3066//3066
f 3066//3066 2742//2742 2736//2736
f 3066//3066 2736//2736 3055//3055
f 2745//2745 3058//3058 2740//2740
f 3067//3067 3059//3059 3058//3058
f 2745//2745 3067//3067 3058//3058
f 2746//2746 3067//3067 2745//2745
f 3069//3069 3068//3068 2748//2748
f 3068//3068 2746//2746 2748//2748
f 3068//3068 3067//3067 2746//2746
f 3071//3071 3070//3070 3069//3069
f 3069//3069 3070//3070 3068//3068
f 3073//3073 3072//3072 3071//3071
f 3071//3071 3072//3072 3070//3070
f 2750//2750 2751//2751 3073//3073
f 2751//2751 3072//3072 3073//3073
f 2751//2751 3074//3074 3072//3072
f 2752//2752 3060//3060 3061//3061
f 3074//3074 2752//2752 3061//3061
f 2751//2751 2752//2752 3074//3074
f 3060//3060 2752//2752 2754//2754
f 3060//3060 2754//2754 3064//3064
f 3064//3064 2754//2754 2756//2756
f 3064//3064 2756//2756 3065//3065
f 3065//3065 2756//2756 2758//2758
f 3075//3075 3065//3065 2758//2758
f 3066//3066 3065//3065 3075//3075
f 3076//3076 2759//2759 2742//2742
f 3066//3066 3076//3076 2742//2742
f 3075//3075 3076//3076 3066//3066
f 3077//3077 2760//2760 2759//2759
f 3077//3077 2759//2759 3076//3076
f 3078//3078 2761//2761 2760//2760
f 3078//3078 2760//2760 3077//3077
f 3079//3079 2762//2762 2761//2761
f 3079//3079 2761//2761 3078//3078
f 3079//3079 2764//2764 2762//2762
f 2765//2765 3069//3069 2748//2748
f 3069//3069 2765//2765 2766//2766
f 3069//3069 2766//2766 3071//3071
f 3071//3071 2766//2766 2767//2767
f 3071//3071 2767//2767 3073//3073
f 3073//3073 2767//2767 2750//2750
f 2770//2770 3080//3080 3075//3075
f 2770//2770 3075//3075 2758//2758
f 3075//3075 3081//3081 3076//3076
f 3075//3075 3080//3080 3081//3081
f 3076//3076 3082//3082 3077//3077
f 3076//3076 3081//3081 3082//3082
f 3077//3077 3083//3083 3078//3078
f 3077//3077 3082//3082 3083//3083
f 3078//3078 3084//3084 3079//3079
f 3078//3078 3083//3083 3084//3084
f 3085//3085 2771//2771 2764//2764
f 3079//3079 3085//3085 2764//2764
f 3084//3084 3085//3085 3079//3079
f 3086//3086 2772//2772 2771//2771
f 3086//3086 2771//2771 3085//3085
f 3086//3086 2774//2774 2772//2772
f 2777//2777 3087//3087 3080//3080
f 2777//2777 3080//3080 2770//2770
f 3080//3080 3088//3088 3081//3081
f 3080//3080 3087//3087 3088//3088
f 3081//3081 3089//3089 3082//3082
f 3081//3081 3088//3088 3089//3089
f 3091//3091 3083//3083 3090//3090
f 3083//3083 3089//3089 3090//3090
f 3083//3083 3082//3082 3089//3089
f 3083//3083 3091//3091 3084//3084
f 3084//3084 3091//3091 3092//3092
f 3084//3084 3092//3092 3085//3085
f 3085//3085 3092//3092 3093//3093
f 3085//3085 3093//3093 3086//3086
f 3086//3086 3093//3093 3094//3094
f 3086//3086 3094//3094 2774//2774
f 3094//3094 2778//2778 2774//2774
f 3094//3094 3095//3095 2778//2778
f 2778//2778 3096//3096 2779//2779
f 3095//3095 3096//3096 2778//2778
f 2780//2780 2779//2779 3096//3096
f 2780//2780 3096//3096 3097//3097
f 2783//2783 3098//3098 3087//3087
f 2783//2783 3087//3087 2777//2777
f 3087//3087 3099//3099 3088//3088
f 3087//3087 3098//3098 3099//3099
f 3101//3101 3089//3089 3100//3100
f 3089//3089 3099//3099 3100//3100
f 3089//3089 3088//3088 3099//3099
f 3089//3089 3101//3101 3090//3090
f 3097//3097 3102//3102 2780//2780
f 2780//2780 3102//3102 2784//2784
f 2785//2785 2784//2784 3102//3102
f 2785//2785 3102//3102 3103//3103
f 2787//2787 3104//3104 2788//2788
f 3098//3098 2783//2783 2788//2788
f 3104//3104 3098//3098 2788//2788
f 3105//3105 3098//3098 3104//3104
f 3107//3107 3099//3099 3106//3106
f 3099//3099 3105//3105 3106//3106
f 3099//3099 3098//3098 3105//3105
f 3099//3099 3107//3107 3100//3100
f 3109//3109 2789//2789 3108//3108
f 2789//2789 3103//3103 3108//3108
f 2789//2789 2785//2785 3103//3103
f 3110//3110 3109//3109 3108//3108
f 2791//2791 3111//3111 2792//2792
f 3104//3104 2787//2787 2792//2792
f 3111//3111 3104//3104 2792//2792
f 3112//3112 3104//3104 3111//3111
f 3104//3104 3113//3113 3105//3105
f 3104//3104 3112//3112 3113//3113
f 3106//3106 3105//3105 3114//3114
f 3114//3114 3105//3105 3113//3113
f 3116//3116 3115//3115 3109//3109
f 3115//3115 2789//2789 3109//3109
f 3115//3115 2793//2793 2789//2789
f 3116//3116 3109//3109 3110//3110
f 2795//2795 3117//3117 3111//3111
f 2795//2795 3111//3111 2791//2791
f 3111//3111 3118//3118 3112//3112
f 3111//3111 3117//3117 3118//3118
f 3120//3120 3113//3113 3119//3119
f 3113//3113 3118//3118 3119//3119
f 3113//3113 3112//3112 3118//3118
f 3113//3113 3120//3120 3114//3114
f 3122//3122 3121//3121 2798//2798
f 2798//2798 3121//3121 2797//2797
f 2798//2798 2793//2793 3115//3115
f 2798//2798 3115//3115 3122//3122
f 3125//3125 3124//3124 3123//3123
f 3126//3126 3123//3123 3124//3124
f 2800//2800 3127//3127 3117//3117
f 2800//2800 3117//3117 2795//2795
f 3117//3117 3128//3128 3118//3118
f 3117//3117 3127//3127 3128//3128
f 3119//3119 3118//3118 3129//3129
f 3129//3129 3118//3118 3128//3128
f 3132//3132 3131//3131 3130//3130
f 2802//2802 2803//2803 3130//3130
f 2803//2803 3132//3132 3130//3130
f 2803//2803 3133//3133 3132//3132
f 2803//2803 2797//2797 3121//3121
f 2803//2803 3121//3121 3133//3133
f 3134//3134 3125//3125 3123//3123
f 3134//3134 3123//3123 3126//3126
f 2805//2805 3135//3135 3127//3127
f 2805//2805 3127//3127 2800//2800
f 3127//3127 3136//3136 3128//3128
f 3127//3127 3135//3135 3136//3136
f 3129//3129 3128//3128 3137//3137
f 3137//3137 3128//3128 3136//3136
f 3140//3140 3139//3139 3138//3138
f 3142//3142 3141//3141 3138//3138
f 3138//3138 3141//3141 3140//3140
f 3141//3141 3142//3142 3131//3131
f 3131//3131 3142//3142 3130//3130
f 3142//3142 2807//2807 3130//3130
f 2807//2807 2808//2808 3130//3130
f 3130//3130 2808//2808 2802//2802
f 2810//2810 3143//3143 3135//3135
f 2810//2810 3135//3135 2805//2805
f 3135//3135 3144//3144 3136//3136
f 3135//3135 3143//3143 3144//3144
f 3137//3137 3136//3136 3145//3145
f 3136//3136 3146//3146 3145//3145
f 3136//3136 3144//3144 3146//3146
f 3146//3146 3147//3147 3145//3145
f 3150//3150 3149//3149 3148//3148
f 3152//3152 3151//3151 3148//3148
f 3148//3148 3151//3151 3150//3150
f 3151//3151 3152//3152 3139//3139
f 3152//3152 3138//3138 3139//3139
f 3152//3152 3153//3153 3138//3138
f 3153//3153 2812//2812 2813//2813
f 3142//3142 3153//3153 2813//2813
f 3138//3138 3153//3153 3142//3142
f 3142//3142 2813//2813 2807//2807
f 2814//2814 3143//3143 2810//2810
f 3143//3143 2814//2814 2816//2816
f 3154//3154 3143//3143 2816//2816
f 3144//3144 3143//3143 3154//3154
f 3144//3144 3155//3155 3146//3146
f 3144//3144 3154//3154 3155//3155
f 3147//3147 3146//3146 3156//3156
f 3146//3146 3157//3157 3156//3156
f 3146//3146 3155//3155 3157//3157
f 3159//3159 3158//3158 3157//3157
f 3157//3157 3158//3158 3156//3156
f 3158//3158 3159//3159 3149//3149
f 3159//3159 3148//3148 3149//3149
f 3159//3159 3160//3160 3148//3148
f 3148//3148 3161//3161 3152//3152
f 3148//3148 3160//3160 3161//3161
f 3161//3161 2818//2818 2819//2819
f 3153//3153 3161//3161 2819//2819
f 3152//3152 3161//3161 3153//3153
f 3153//3153 2819//2819 2812//2812
f 2820//2820 3154//3154 2816//2816
f 3154//3154 2820//2820 2821//2821
f 3154//3154 2821//2821 3155//3155
f 3155//3155 2821//2821 2822//2822
f 3155//3155 2822//2822 3157//3157
f 3157//3157 2822//2822 2823//2823
f 3157//3157 2823//2823 3159//3159
f 3159//3159 2823//2823 2825//2825
f 3159//3159 2825//2825 3160//3160
f 3160//3160 2825//2825 2827//2827
f 3160//3160 2827//2827 3161//3161
f 3161//3161 2827//2827 2818//2818
f 3164//3164 3163//3163 3162//3162
f 3166//3166 3165//3165 3162//3162
f 3166//3166 3162//3162 3163//3163
f 3168//3168 3167//3167 3165//3165
f 3168//3168 3165//3165 3166//3166
f 3170//3170 3169//3169 3167//3167
f 3170//3170 3167//3167 3168//3168
f 3172//3172 3171//3171 3169//3169
f 3172//3172 3169//3169 3170//3170
f 3174//3174 3173//3173 3171//3171
f 3174//3174 3171//3171 3172//3172
f 3176//3176 3175//3175 3173//3173
f 3176//3176 3173//3173 3174//3174
f 3177//3177 3175//3175 3176//3176
f 3164//3164 3162//3162 3178//3178
f 3164//3164 3178//3178 3179//3179
f 3180//3180 3162//3162 3165//3165
f 3178//3178 3162//3162 3180//3180
f 3181//3181 3165//3165 3167//3167
f 3180//3180 3165//3165 3181//3181
f 3182//3182 3167//3167 3169//3169
f 3181//3181 3167//3167 3182//3182
f 3183//3183 3169//3169 3171//3171
f 3182//3182 3169//3169 3183//3183
f 2831//2831 3183//3183 2830//2830
f 3183//3183 3173//3173 2830//2830
f 3183//3183 3171//3171 3173//3173
f 2830//2830 3173//3173 2833//2833
f 2833//2833 3173//3173 3175//3175
f 3177//3177 3184//3184 3175//3175
f 3184//3184 2833//2833 3175//3175
f 3184//3184 2835//2835 2833//2833
f 2835//2835 3185//3185 2837//2837
f 3184//3184 3185//3185 2835//2835
f 3187//3187 3186//3186 2838//2838
f 2837//2837 3187//3187 2838//2838
f 3185//3185 3187//3187 2837//2837
f 3188//3188 3186//3186 3187//3187
f 3179//3179 3178//3178 3189//3189
f 3179//3179 3189//3189 3190//3190
f 3191//3191 3178//3178 3180//3180
f 3189//3189 3178//3178 3191//3191
f 3181//3181 3193//3193 3192//3192
f 3191//3191 3181//3181 3192//3192
f 3180//3180 3181//3181 3191//3191
f 3193//3193 3181//3181 3182//3182
f 3193//3193 3182//3182 3194//3194
f 3196//3196 3195//3195 3194//3194
f 3182//3182 3196//3196 3194//3194
f 3183//3183 3196//3196 3182//3182
f 2844//2844 3196//3196 2831//2831
f 2831//2831 3196//3196 3183//3183
f 3186//3186 2847//2847 2838//2838
f 3188//3188 3197//3197 3186//3186
f 3197//3197 2847//2847 3186//3186
f 3197//3197 2848//2848 2847//2847
f 2848//2848 3198//3198 2849//2849
f 3197//3197 3198//3198 2848//2848
f 2849//2849 3199//3199 2850//2850
f 3198//3198 3199//3199 2849//2849
f 2850//2850 3200//3200 2851//2851
f 3199//3199 3200//3200 2850//2850
f 3200//3200 3202//3202 3201//3201
f 2852//2852 3200//3200 3201//3201
f 2851//2851 3200//3200 2852//2852
f 3203//3203 2853//2853 2852//2852
f 3203//3203 2852//2852 3201//3201
f 3204//3204 2854//2854 2853//2853
f 3204//3204 2853//2853 3203//3203
f 3204//3204 2856//2856 2854//2854
f 3205//3205 3190//3190 3189//3189
f 3205//3205 3189//3189 3191//3191
f 3205//3205 3191//3191 3206//3206
f 3206//3206 3191//3191 3192//3192
f 3207//3207 3195//3195 3196//3196
f 3207//3207 3196//3196 2844//2844
f 2859//2859 3207//3207 2844//2844
f 3208//3208 3207//3207 2859//2859
f 2859//2859 2860//2860 3208//3208
f 3208//3208 2860//2860 3209//3209
f 3202//3202 3210//3210 3201//3201
f 3201//3201 3210//3210 3203//3203
f 3203//3203 3210//3210 3211//3211
f 3213//3213 3212//3212 3211//3211
f 3212//3212 3203//3203 3211//3211
f 3212//3212 3204//3204 3203//3203
f 3214//3214 2863//2863 2856//2856
f 3204//3204 3214//3214 2856//2856
f 3212//3212 3214//3214 3204//3204
f 3215//3215 2864//2864 2863//2863
f 3215//3215 2863//2863 3214//3214
f 3215//3215 2866//2866 2864//2864
f 3216//3216 3209//3209 2860//2860
f 3216//3216 2860//2860 2867//2867
f 2867//2867 2868//2868 3216//3216
f 3216//3216 2868//2868 3217//3217
f 3213//3213 3218//3218 3212//3212
f 3220//3220 3219//3219 3218//3218
f 3219//3219 3212//3212 3218//3218
f 3219//3219 3214//3214 3212//3212
f 3214//3214 3221//3221 3215//3215
f 3214//3214 3219//3219 3221//3221
f 3221//3221 2871//2871 2866//2866
f 3221//3221 2866//2866 3215//3215
f 3222//3222 3217//3217 2868//2868
f 3222//3222 2868//2868 2873//2873
f 2873//2873 2875//2875 3222//3222
f 3222//3222 2875//2875 3223//3223
f 3220//3220 3224//3224 3219//3219
f 3226//3226 3225//3225 3224//3224
f 3225//3225 3219//3219 3224//3224
f 3225//3225 3221//3221 3219//3219
f 3227//3227 2876//2876 2871//2871
f 3221//3221 3227//3227 2871//2871
f 3225//3225 3227//3227 3221//3221
f 3227//3227 2878//2878 2876//2876
f 3228//3228 3223//3223 2875//2875
f 3228//3228 2875//2875 2880//2880
f 3230//3230 3229//3229 2882//2882
f 3229//3229 2880//2880 2882//2882
f 3229//3229 3228//3228 2880//2880
f 3230//3230 3231//3231 3229//3229
f 3225//3225 3226//3226 3232//3232
f 3232//3232 3226//3226 3233//3233
f 3225//3225 3234//3234 3227//3227
f 3225//3225 3232//3232 3234//3234
f 3235//3235 2883//2883 2878//2878
f 3227//3227 3235//3235 2878//2878
f 3234//3234 3235//3235 3227//3227
f 3235//3235 2885//2885 2883//2883
f 2886//2886 3230//3230 2882//2882
f 3236//3236 3231//3231 3230//3230
f 2886//2886 3236//3236 3230//3230
f 2887//2887 3236//3236 2886//2886
f 3238//3238 3237//3237 2888//2888
f 3237//3237 2887//2887 2888//2888
f 3237//3237 3236//3236 2887//2887
f 3240//3240 3239//3239 3238//3238
f 3238//3238 3239//3239 3237//3237
f 3242//3242 3241//3241 3240//3240
f 3240//3240 3241//3241 3239//3239
f 3242//3242 3243//3243 3241//3241
f 3233//3233 3244//3244 3232//3232
f 3246//3246 3245//3245 3244//3244
f 3245//3245 3232//3232 3244//3244
f 3245//3245 3234//3234 3232//3232
f 3234//3234 3247//3247 3235//3235
f 3234//3234 3245//3245 3247//3247
f 3247//3247 2890//2890 2885//2885
f 3247//3247 2885//2885 3235//3235
f 2891//2891 3238//3238 2888//2888
f 3238//3238 2891//2891 2892//2892
f 3238//3238 2892//2892 3240//3240
f 3240//3240 2892//2892 2893//2893
f 3240//3240 2893//2893 3242//3242
f 3249//3249 3248//3248 2895//2895
f 2895//2895 3248//3248 2893//2893
f 3248//3248 3243//3243 2893//2893
f 3243//3243 3242//3242 2893//2893
f 3251//3251 3250//3250 3249//3249
f 3249//3249 3250//3250 3248//3248
f 3253//3253 3252//3252 3251//3251
f 3251//3251 3252//3252 3250//3250
f 3253//3253 3254//3254 3252//3252
f 3245//3245 3246//3246 3255//3255
f 3255//3255 3246//3246 3256//3256
f 3245//3245 3257//3257 3247//3247
f 3245//3245 3255//3255 3257//3257
f 3258//3258 2896//2896 2890//2890
f 3247//3247 3258//3258 2890//2890
f 3257//3257 3258//3258 3247//3247
f 3258//3258 2898//2898 2896//2896
f 2900//2900 3259//3259 3249//3249
f 2900//2900 3249//3249 2895//2895
f 3249//3249 3260//3260 3251//3251
f 3249//3249 3259//3259 3260//3260
f 3251//3251 3261//3261 3253//3253
f 3251//3251 3260//3260 3261//3261
f 3254//3254 3253//3253 3262//3262
f 3262//3262 3253//3253 3261//3261
f 3256//3256 3263//3263 3255//3255
f 3265//3265 3264//3264 3263//3263
f 3264//3264 3255//3255 3263//3263
f 3264//3264 3257//3257 3255//3255
f 3257//3257 3266//3266 3258//3258
f 3257//3257 3264//3264 3266//3266
f 3266//3266 2902//2902 2898//2898
f 3266//3266 2898//2898 3258//3258
f 2904//2904 3267//3267 3259//3259
f 2904//2904 3259//3259 2900//2900
f 3259//3259 3268//3268 3260//3260
f 3259//3259 3267//3267 3268//3268
f 3270//3270 3261//3261 3269//3269
f 3261//3261 3268//3268 3269//3269
f 3261//3261 3260//3260 3268//3268
f 3261//3261 3270//3270 3262//3262
f 3264//3264 3265//3265 3271//3271
f 3271//3271 3265//3265 3272//3272
f 3264//3264 3273//3273 3266//3266
f 3264//3264 3271//3271 3273//3273
f 3273//3273 2906//2906 2902//2902
f 3273//3273 2902//2902 3266//3266
f 2908//2908 3274//3274 3267//3267
f 2908//2908 3267//3267 2904//2904
f 3276//3276 3268//3268 3275//3275
f 3268//3268 3274//3274 3275//3275
f 3268//3268 3267//3267 3274//3274
f 3268//3268 3276//3276 3269//3269
f 3272//3272 3277//3277 3271//3271
f 3279//3279 3278//3278 3277//3277
f 3278//3278 3271//3271 3277//3277
f 3278//3278 3273//3273 3271//3271
f 3278//3278 2910//2910 2906//2906
f 3278//3278 2906//2906 3273//3273
f 2912//2912 3280//3280 2913//2913
f 3274//3274 2908//2908 2913//2913
f 3280//3280 3274//3274 2913//2913
f 3281//3281 3274//3274 3280//3280
f 3275//3275 3274//3274 3282//3282
f 3282//3282 3274//3274 3281//3281
f 3278//3278 3279//3279 3283//3283
f 3283//3283 3279//3279 3284//3284
f 3285//3285 2914//2914 2910//2910
f 3278//3278 3285//3285 2910//2910
f 3283//3283 3285//3285 3278//3278
f 3285//3285 2916//2916 2914//2914
f 2918//2918 3286//3286 3280//3280
f 2918//2918 3280//3280 2912//2912
f 3288//3288 3281//3281 3287//3287
f 3281//3281 3286//3286 3287//3287
f 3281//3281 3280//3280 3286//3286
f 3281//3281 3288//3288 3282//3282
f 3283//3283 3284//3284 3289//3289
f 3289//3289 3284//3284 3290//3290
f 3283//3283 3291//3291 3285//3285
f 3283//3283 3289//3289 3291//3291
f 3291//3291 2920//2920 2916//2916
f 3291//3291 2916//2916 3285//3285
f 2922//2922 3292//3292 3286//3286
f 2922//2922 3286//3286 2918//2918
f 3287//3287 3286//3286 3293//3293
f 3293//3293 3286//3286 3292//3292
f 3290//3290 3294//3294 3289//3289
f 3296//3296 3295//3295 3294//3294
f 3295//3295 3289//3289 3294//3294
f 3295//3295 3291//3291 3289//3289
f 3295//3295 2926//2926 2920//2920
f 3295//3295 2920//2920 3291//3291
f 2928//2928 3297//3297 2929//2929
f 3292//3292 2922//2922 2929//2929
f 3297//3297 3292//3292 2929//2929
f 3298//3298 3292//3292 3297//3297
f 3293//3293 3292//3292 3299//3299
f 3299//3299 3292//3292 3298//3298
f 3295//3295 3296//3296 3300//3300
f 3300//3300 3296//3296 3301//3301
f 3300//3300 2936//2936 2926//2926
f 3300//3300 2926//2926 3295//3295
f 2938//2938 3302//3302 3297//3297
f 2938//2938 3297//3297 2928//2928
f 3304//3304 3298//3298 3303//3303
f 3298//3298 3302//3302 3303//3303
f 3298//3298 3297//3297 3302//3302
f 3298//3298 3304//3304 3299//3299
f 3305//3305 2940//2940 2941//2941
f 2942//2942 3306//3306 2941//2941
f 2941//2941 3306//3306 3305//3305
f 2943//2943 3307//3307 2942//2942
f 2942//2942 3307//3307 3306//3306
f 2944//2944 3308//3308 2943//2943
f 2943//2943 3308//3308 3307//3307
f 2945//2945 3308//3308 2944//2944
f 3300//3300 3301//3301 3309//3309
f 3309//3309 3301//3301 3310//3310
f 3309//3309 2949//2949 2936//2936
f 3309//3309 2936//2936 3300//3300
f 2951//2951 3311//3311 3302//3302
f 2951//2951 3302//3302 2938//2938
f 3303//3303 3302//3302 3312//3312
f 3312//3312 3302//3302 3311//3311
f 3313//3313 2953//2953 3305//3305
f 3305//3305 2953//2953 2940//2940
f 3314//3314 3305//3305 3306//3306
f 3313//3313 3305//3305 3314//3314
f 3315//3315 3306//3306 3307//3307
f 3314//3314 3306//3306 3315//3315
f 3316//3316 3307//3307 3308//3308
f 3315//3315 3307//3307 3316//3316
f 2954//2954 3317//3317 2945//2945
f 3317//3317 3308//3308 2945//2945
f 3317//3317 3316//3316 3308//3308
f 2955//2955 3317//3317 2954//2954
f 3309//3309 3310//3310 3318//3318
f 3318//3318 3310//3310 3319//3319
f 3318//3318 2958//2958 2949//2949
f 3318//3318 2949//2949 3309//3309
f 2960//2960 3320//3320 2959//2959
f 3320//3320 3321//3321 2959//2959
f 2959//2959 3321//3321 2951//2951
f 3321//3321 3322//3322 2951//2951
f 3322//3322 3311//3311 2951//2951
f 3311//3311 3322//3322 3312//3312
f 3323//3323 2962//2962 3313//3313
f 3313//3313 2962//2962 2953//2953
f 3324//3324 3313//3313 3314//3314
f 3323//3323 3313//3313 3324//3324
f 3325//3325 3314//3314 3315//3315
f 3324//3324 3314//3314 3325//3325
f 3326//3326 3315//3315 3316//3316
f 3325//3325 3315//3315 3326//3326
f 3327//3327 3316//3316 3317//3317
f 3326//3326 3316//3316 3327//3327
f 2964//2964 3327//3327 2955//2955
f 2955//2955 3327//3327 3317//3317
f 3318//3318 3319//3319 3328//3328
f 3328//3328 3319//3319 3329//3329
f 3328//3328 2966//2966 2958//2958
f 3328//3328 2958//2958 3318//3318
f 3332//3332 3331//3331 3330//3330
f 3334//3334 3333//3333 3330//3330
f 3334//3334 3330//3330 3331//3331
f 3336//3336 3335//3335 3333//3333
f 3336//3336 3333//3333 3334//3334
f 3338//3338 3337//3337 3335//3335
f 3338//3338 3335//3335 3336//3336
f 3340//3340 3339//3339 3337//3337
f 3340//3340 3337//3337 3338//3338
f 3342//3342 3341//3341 3339//3339
f 3342//3342 3339//3339 3340//3340
f 2968//2968 2969//2969 3341//3341
f 3342//3342 2968//2968 3341//3341
f 3343//3343 2968//2968 3342//3342
f 2968//2968 3344//3344 2971//2971
f 3343//3343 3344//3344 2968//2968
f 2971//2971 3345//3345 2973//2973
f 3344//3344 3345//3345 2971//2971
f 2973//2973 3346//3346 2975//2975
f 3345//3345 3346//3346 2973//2973
f 2976//2976 2975//2975 3346//3346
f 2976//2976 3346//3346 3347//3347
f 2978//2978 3348//3348 2977//2977
f 2977//2977 3348//3348 3349//3349
f 3350//3350 2977//2977 3349//3349
f 2979//2979 2977//2977 3350//3350
f 2960//2960 2979//2979 3320//3320
f 2979//2979 3351//3351 3320//3320
f 2979//2979 3350//3350 3351//3351
f 3320//3320 3351//3351 3321//3321
f 3352//3352 2981//2981 3323//3323
f 3323//3323 2981//2981 2962//2962
f 3353//3353 3323//3323 3324//3324
f 3352//3352 3323//3323 3353//3353
f 3354//3354 3324//3324 3325//3325
f 3353//3353 3324//3324 3354//3354
f 3355//3355 3325//3325 3326//3326
f 3354//3354 3325//3325 3355//3355
f 2984//2984 3355//3355 2983//2983
f 3355//3355 3327//3327 2983//2983
f 3355//3355 3326//3326 3327//3327
f 2983//2983 3327//3327 2964//2964
f 3328//3328 3329//3329 3356//3356
f 3356//3356 3329//3329 3357//3357
f 3356//3356 2987//2987 2966//2966
f 3356//3356 2966//2966 3328//3328
f 3360//3360 3359//3359 3358//3358
f 3358//3358 3359//3359 3332//3332
f 3358//3358 3332//3332 3330//3330
f 2990//2990 3358//3358 3330//3330
f 2989//2989 2990//2990 3330//3330
f 2989//2989 3330//3330 2992//2992
f 2992//2992 3330//3330 3333//3333
f 2992//2992 3333//3333 2994//2994
f 2994//2994 3333//3333 3335//3335
f 2994//2994 3335//3335 2995//2995
f 3335//3335 3361//3361 2995//2995
f 3335//3335 3337//3337 3361//3361
f 3362//3362 3337//3337 3339//3339
f 3361//3361 3337//3337 3362//3362
f 2998//2998 3362//3362 2997//2997
f 3362//3362 3341//3341 2997//2997
f 3362//3362 3339//3339 3341//3341
f 2997//2997 3341//3341 2969//2969
f 3347//3347 3363//3363 2976//2976
f 2976//2976 3363//3363 3003//3003
f 3003//3003 3364//3364 3005//3005
f 3363//3363 3364//3364 3003//3003
f 2978//2978 3005//3005 3348//3348
f 3005//3005 3365//3365 3348//3348
f 3005//3005 3364//3364 3365//3365
f 3348//3348 3365//3365 3349//3349
f 3352//3352 3007//3007 2981//2981
f 3007//3007 3352//3352 3009//3009
f 3009//3009 3352//3352 3353//3353
f 3009//3009 3353//3353 3011//3011
f 3011//3011 3353//3353 3354//3354
f 3011//3011 3354//3354 3013//3013
f 3013//3013 3354//3354 3355//3355
f 3013//3013 3355//3355 2984//2984
f 3368//3368 3367//3367 3366//3366
f 3368//3368 3366//3366 3357//3357
f 3366//3366 3356//3356 3357//3357
f 3366//3366 3369//3369 3356//3356
f 3369//3369 3016//3016 2987//2987
f 3369//3369 2987//2987 3356//3356
f 3360//3360 3358//3358 3018//3018
f 3019//3019 3360//3360 3018//3018
f 3370//3370 3360//3360 3019//3019
f 3018//3018 3358//3358 2990//2990
f 3371//3371 3022//3022 3023//3023
f 2995//2995 3361//3361 3023//3023
f 3361//3361 3371//3371 3023//3023
f 3361//3361 3372//3372 3371//3371
f 3373//3373 3361//3361 3362//3362
f 3372//3372 3361//3361 3373//3373
f 3024//3024 3374//3374 2998//2998
f 3374//3374 3362//3362 2998//2998
f 3374//3374 3373//3373 3362//3362
f 3025//3025 3375//3375 3024//3024
f 3024//3024 3375//3375 3374//3374
f 3026//3026 3375//3375 3025//3025
f 3366//3366 3367//3367 3376//3376
f 3376//3376 3367//3367 3377//3377
f 3376//3376 3034//3034 3035//3035
f 3369//3369 3376//3376 3035//3035
f 3366//3366 3376//3376 3369//3369
f 3369//3369 3035//3035 3016//3016
f 3019//3019 3036//3036 3378//3378
f 3379//3379 3019//3019 3378//3378
f 3370//3370 3019//3019 3379//3379
f 3037//3037 3380//3380 3036//3036
f 3036//3036 3380//3380 3378//3378
f 3038//3038 3381//3381 3037//3037
f 3037//3037 3381//3381 3380//3380
f 3382//3382 3381//3381 3038//3038
f 3382//3382 3038//3038 3022//3022
f 3383//3383 3382//3382 3022//3022
f 3371//3371 3383//3383 3022//3022
f 3383//3383 3371//3371 3372//3372
f 3383//3383 3372//3372 3384//3384
f 3384//3384 3372//3372 3373//3373
f 3384//3384 3373//3373 3385//3385
f 3385//3385 3373//3373 3374//3374
f 3385//3385 3374//3374 3386//3386
f 3386//3386 3374//3374 3375//3375
f 3386//3386 3375//3375 3387//3387
f 3387//3387 3375//3375 3026//3026
f 3039//3039 3387//3387 3026//3026
f 3388//3388 3387//3387 3039//3039
f 3389//3389 3039//3039 3040//3040
f 3389//3389 3388//3388 3039//3039
f 3390//3390 3040//3040 3041//3041
f 3390//3390 3389//3389 3040//3040
f 3391//3391 3041//3041 3042//3042
f 3391//3391 3390//3390 3041//3041
f 3392//3392 3042//3042 3043//3043
f 3392//3392 3391//3391 3042//3042
f 3394//3394 3393//3393 3044//3044
f 3393//3393 3043//3043 3044//3044
f 3393//3393 3392//3392 3043//3043
f 3394//3394 3395//3395 3393//3393
f 3398//3398 3397//3397 3396//3396
f 3398//3398 3396//3396 3377//3377
f 3396//3396 3376//3376 3377//3377
f 3396//3396 3399//3399 3376//3376
f 3399//3399 3046//3046 3034//3034
f 3399//3399 3034//3034 3376//3376
f 3400//3400 3379//3379 3378//3378
f 3400//3400 3378//3378 3380//3380
f 3400//3400 3380//3380 3401//3401
f 3401//3401 3380//3380 3381//3381
f 3401//3401 3381//3381 3402//3402
f 3402//3402 3381//3381 3382//3382
f 3047//3047 3394//3394 3044//3044
f 3403//3403 3395//3395 3394//3394
f 3047//3047 3403//3403 3394//3394
f 3048//3048 3403//3403 3047//3047
f 3404//3404 3048//3048 3049//3049
f 3404//3404 3403//3403 3048//3048
f 3406//3406 3405//3405 3051//3051
f 3405//3405 3049//3049 3051//3051
f 3405//3405 3404//3404 3049//3049
f 3408//3408 3407//3407 3406//3406
f 3406//3406 3407//3407 3405//3405
f 3408//3408 3409//3409 3407//3407
f 3412//3412 3411//3411 3410//3410
f 3414//3414 3413//3413 3410//3410
f 3410//3410 3413//3413 3412//3412
f 3413//3413 3414//3414 3397//3397
f 3414//3414 3396//3396 3397//3397
f 3414//3414 3415//3415 3396//3396
f 3415//3415 3053//3053 3054//3054
f 3399//3399 3415//3415 3054//3054
f 3396//3396 3415//3415 3399//3399
f 3399//3399 3054//3054 3046//3046
f 3056//3056 3406//3406 3051//3051
f 3406//3406 3056//3056 3057//3057
f 3406//3406 3057//3057 3408//3408
f 3417//3417 3416//3416 3059//3059
f 3059//3059 3416//3416 3057//3057
f 3416//3416 3409//3409 3057//3057
f 3409//3409 3408//3408 3057//3057
f 3419//3419 3418//3418 3417//3417
f 3417//3417 3418//3418 3416//3416
f 3421//3421 3420//3420 3419//3419
f 3419//3419 3420//3420 3418//3418
f 3423//3423 3422//3422 3421//3421
f 3421//3421 3422//3422 3420//3420
f 3422//3422 3423//3423 3411//3411
f 3423//3423 3410//3410 3411//3411
f 3423//3423 3424//3424 3410//3410
f 3424//3424 3061//3061 3062//3062
f 3414//3414 3424//3424 3062//3062
f 3410//3410 3424//3424 3414//3414
f 3414//3414 3062//3062 3063//3063
f 3414//3414 3063//3063 3415//3415
f 3415//3415 3063//3063 3053//3053
f 3067//3067 3417//3417 3059//3059
f 3417//3417 3067//3067 3068//3068
f 3417//3417 3068//3068 3419//3419
f 3419//3419 3068//3068 3070//3070
f 3419//3419 3070//3070 3421//3421
f 3421//3421 3070//3070 3072//3072
f 3421//3421 3072//3072 3423//3423
f 3423//3423 3072//3072 3074//3074
f 3423//3423 3074//3074 3424//3424
f 3424//3424 3074//3074 3061//3061
f 3090//3090 3425//3425 3091//3091
f 3426//3426 3092//3092 3091//3091
f 3426//3426 3091//3091 3425//3425
f 3427//3427 3093//3093 3092//3092
f 3427//3427 3092//3092 3426//3426
f 3428//3428 3094//3094 3093//3093
f 3428//3428 3093//3093 3427//3427
f 3429//3429 3095//3095 3094//3094
f 3429//3429 3094//3094 3428//3428
f 3430//3430 3096//3096 3095//3095
f 3430//3430 3095//3095 3429//3429
f 3430//3430 3097//3097 3096//3096
f 3100//3100 3431//3431 3101//3101
f 3425//3425 3090//3090 3101//3101
f 3431//3431 3425//3425 3101//3101
f 3432//3432 3425//3425 3431//3431
f 3425//3425 3433//3433 3426//3426
f 3425//3425 3432//3432 3433//3433
f 3435//3435 3427//3427 3434//3434
f 3427//3427 3433//3433 3434//3434
f 3427//3427 3426//3426 3433//3433
f 3427//3427 3435//3435 3428//3428
f 3428//3428 3435//3435 3436//3436
f 3428//3428 3436//3436 3429//3429
f 3429//3429 3436//3436 3437//3437
f 3429//3429 3437//3437 3430//3430
f 3430//3430 3437//3437 3438//3438
f 3430//3430 3438//3438 3097//3097
f 3438//3438 3102//3102 3097//3097
f 3438//3438 3439//3439 3102//3102
f 3441//3441 3440//3440 3103//3103
f 3102//3102 3441//3441 3103//3103
f 3439//3439 3441//3441 3102//3102
f 3442//3442 3440//3440 3441//3441
f 3106//3106 3443//3443 3107//3107
f 3431//3431 3100//3100 3107//3107
f 3443//3443 3431//3431 3107//3107
f 3444//3444 3431//3431 3443//3443
f 3431//3431 3445//3445 3432//3432
f 3431//3431 3444//3444 3445//3445
f 3447//3447 3433//3433 3446//3446
f 3433//3433 3445//3445 3446//3446
f 3433//3433 3432//3432 3445//3445
f 3433//3433 3447//3447 3434//3434
f 3440//3440 3108//3108 3103//3103
f 3110//3110 3108//3108 3440//3440
f 3442//3442 3110//3110 3440//3440
f 3448//3448 3110//3110 3442//3442
f 3114//3114 3449//3449 3443//3443
f 3114//3114 3443//3443 3106//3106
f 3443//3443 3450//3450 3444//3444
f 3443//3443 3449//3449 3450//3450
f 3444//3444 3451//3451 3445//3445
f 3444//3444 3450//3450 3451//3451
f 3446//3446 3445//3445 3452//3452
f 3452//3452 3445//3445 3451//3451
f 3454//3454 3453//3453 3116//3116
f 3116//3116 3453//3453 3115//3115
f 3116//3116 3110//3110 3448//3448
f 3116//3116 3448//3448 3454//3454
f 3457//3457 3456//3456 3455//3455
f 3458//3458 3455//3455 3456//3456
f 3119//3119 3459//3459 3120//3120
f 3449//3449 3114//3114 3120//3120
f 3459//3459 3449//3449 3120//3120
f 3460//3460 3449//3449 3459//3459
f 3449//3449 3461//3461 3450//3450
f 3449//3449 3460//3460 3461//3461
f 3450//3450 3462//3462 3451//3451
f 3450//3450 3461//3461 3462//3462
f 3452//3452 3451//3451 3463//3463
f 3451//3451 3464//3464 3463//3463
f 3451//3451 3462//3462 3464//3464
f 3466//3466 3465//3465 3464//3464
f 3464//3464 3465//3465 3463//3463
f 3468//3468 3467//3467 3466//3466
f 3466//3466 3467//3467 3465//3465
f 3470//3470 3469//3469 3468//3468
f 3468//3468 3469//3469 3467//3467
f 3472//3472 3471//3471 3470//3470
f 3470//3470 3471//3471 3469//3469
f 3121//3121 3122//3122 3472//3472
f 3122//3122 3471//3471 3472//3472
f 3122//3122 3473//3473 3471//3471
f 3122//3122 3115//3115 3453//3453
f 3122//3122 3453//3453 3473//3473
f 3457//3457 3455//3455 3124//3124
f 3125//3125 3457//3457 3124//3124
f 3474//3474 3457//3457 3125//3125
f 3126//3126 3124//3124 3455//3455
f 3458//3458 3126//3126 3455//3455
f 3475//3475 3126//3126 3458//3458
f 3129//3129 3476//3476 3459//3459
f 3129//3129 3459//3459 3119//3119
f 3459//3459 3477//3477 3460//3460
f 3459//3459 3476//3476 3477//3477
f 3460//3460 3478//3478 3461//3461
f 3460//3460 3477//3477 3478//3478
f 3461//3461 3479//3479 3462//3462
f 3461//3461 3478//3478 3479//3479
f 3462//3462 3480//3480 3464//3464
f 3462//3462 3479//3479 3480//3480
f 3464//3464 3481//3481 3466//3466
f 3464//3464 3480//3480 3481//3481
f 3466//3466 3482//3482 3468//3468
f 3466//3466 3481//3481 3482//3482
f 3482//3482 3131//3131 3132//3132
f 3470//3470 3482//3482 3132//3132
f 3468//3468 3482//3482 3470//3470
f 3470//3470 3132//3132 3133//3133
f 3470//3470 3133//3133 3472//3472
f 3472//3472 3133//3133 3121//3121
f 3483//3483 3474//3474 3125//3125
f 3483//3483 3125//3125 3134//3134
f 3134//3134 3126//3126 3475//3475
f 3134//3134 3475//3475 3483//3483
f 3137//3137 3484//3484 3476//3476
f 3137//3137 3476//3476 3129//3129
f 3476//3476 3485//3485 3477//3477
f 3476//3476 3484//3484 3485//3485
f 3477//3477 3486//3486 3478//3478
f 3477//3477 3485//3485 3486//3486
f 3478//3478 3487//3487 3479//3479
f 3478//3478 3486//3486 3487//3487
f 3479//3479 3488//3488 3480//3480
f 3479//3479 3487//3487 3488//3488
f 3488//3488 3139//3139 3140//3140
f 3481//3481 3488//3488 3140//3140
f 3480//3480 3488//3488 3481//3481
f 3481//3481 3140//3140 3141//3141
f 3481//3481 3141//3141 3482//3482
f 3482//3482 3141//3141 3131//3131
f 3145//3145 3484//3484 3137//3137
f 3484//3484 3145//3145 3147//3147
f 3489//3489 3484//3484 3147//3147
f 3485//3485 3484//3484 3489//3489
f 3485//3485 3490//3490 3486//3486
f 3485//3485 3489//3489 3490//3490
f 3490//3490 3149//3149 3150//3150
f 3487//3487 3490//3490 3150//3150
f 3486//3486 3490//3490 3487//3487
f 3487//3487 3150//3150 3151//3151
f 3487//3487 3151//3151 3488//3488
f 3488//3488 3151//3151 3139//3139
f 3156//3156 3489//3489 3147//3147
f 3489//3489 3156//3156 3158//3158
f 3489//3489 3158//3158 3490//3490
f 3490//3490 3158//3158 3149//3149
f 3492//3492 3491//3491 3163//3163
f 3492//3492 3163//3163 3164//3164
f 3163//3163 3493//3493 3166//3166
f 3491//3491 3493//3493 3163//3163
f 3166//3166 3494//3494 3168//3168
f 3493//3493 3494//3494 3166//3166
f 3168//3168 3495//3495 3170//3170
f 3494//3494 3495//3495 3168//3168
f 3170//3170 3496//3496 3172//3172
f 3495//3495 3496//3496 3170//3170
f 3172//3172 3497//3497 3174//3174
f 3496//3496 3497//3497 3172//3172
f 3174//3174 3498//3498 3176//3176
f 3497//3497 3498//3498 3174//3174
f 3177//3177 3176//3176 3498//3498
f 3177//3177 3498//3498 3499//3499
f 3502//3502 3501//3501 3500//3500
f 3501//3501 3492//3492 3500//3500
f 3492//3492 3179//3179 3500//3500
f 3492//3492 3164//3164 3179//3179
f 3499//3499 3503//3503 3177//3177
f 3177//3177 3503//3503 3184//3184
f 3184//3184 3504//3504 3185//3185
f 3503//3503 3504//3504 3184//3184
f 3504//3504 3506//3506 3505//3505
f 3187//3187 3504//3504 3505//3505
f 3185//3185 3504//3504 3187//3187
f 3505//3505 3188//3188 3187//3187
f 3502//3502 3500//3500 3507//3507
f 3502//3502 3507//3507 3508//3508
f 3190//3190 3507//3507 3179//3179
f 3179//3179 3507//3507 3500//3500
f 3509//3509 3192//3192 3193//3193
f 3194//3194 3510//3510 3193//3193
f 3193//3193 3510//3510 3509//3509
f 3195//3195 3510//3510 3194//3194
f 3506//3506 3511//3511 3505//3505
f 3505//3505 3511//3511 3188//3188
f 3511//3511 3197//3197 3188//3188
f 3511//3511 3512//3512 3197//3197
f 3512//3512 3514//3514 3513//3513
f 3198//3198 3512//3512 3513//3513
f 3197//3197 3512//3512 3198//3198
f 3515//3515 3199//3199 3198//3198
f 3515//3515 3198//3198 3513//3513
f 3516//3516 3200//3200 3199//3199
f 3516//3516 3199//3199 3515//3515
f 3516//3516 3202//3202 3200//3200
f 3517//3517 3508//3508 3507//3507
f 3517//3517 3507//3507 3190//3190
f 3205//3205 3517//3517 3190//3190
f 3518//3518 3517//3517 3205//3205
f 3519//3519 3205//3205 3206//3206
f 3519//3519 3518//3518 3205//3205
f 3206//3206 3192//3192 3509//3509
f 3520//3520 3206//3206 3509//3509
f 3519//3519 3206//3206 3520//3520
f 3520//3520 3509//3509 3510//3510
f 3520//3520 3510//3510 3521//3521
f 3521//3521 3510//3510 3195//3195
f 3207//3207 3521//3521 3195//3195
f 3522//3522 3521//3521 3207//3207
f 3523//3523 3207//3207 3208//3208
f 3523//3523 3522//3522 3207//3207
f 3208//3208 3209//3209 3523//3523
f 3523//3523 3209//3209 3524//3524
f 3514//3514 3525//3525 3513//3513
f 3513//3513 3525//3525 3515//3515
f 3515//3515 3525//3525 3526//3526
f 3528//3528 3527//3527 3526//3526
f 3527//3527 3515//3515 3526//3526
f 3527//3527 3516//3516 3515//3515
f 3529//3529 3210//3210 3202//3202
f 3516//3516 3529//3529 3202//3202
f 3527//3527 3529//3529 3516//3516
f 3530//3530 3211//3211 3210//3210
f 3530//3530 3210//3210 3529//3529
f 3530//3530 3213//3213 3211//3211
f 3531//3531 3524//3524 3209//3209
f 3531//3531 3209//3209 3216//3216
f 3216//3216 3217//3217 3531//3531
f 3531//3531 3217//3217 3532//3532
f 3528//3528 3533//3533 3527//3527
f 3535//3535 3534//3534 3533//3533
f 3534//3534 3527//3527 3533//3533
f 3534//3534 3529//3529 3527//3527
f 3529//3529 3536//3536 3530//3530
f 3529//3529 3534//3534 3536//3536
f 3537//3537 3218//3218 3213//3213
f 3530//3530 3537//3537 3213//3213
f 3536//3536 3537//3537 3530//3530
f 3537//3537 3220//3220 3218//3218
f 3538//3538 3532//3532 3217//3217
f 3538//3538 3217//3217 3222//3222
f 3540//3540 3539//3539 3223//3223
f 3539//3539 3222//3222 3223//3223
f 3539//3539 3538//3538 3222//3222
f 3542//3542 3541//3541 3540//3540
f 3540//3540 3541//3541 3539//3539
f 3542//3542 3543//3543 3541//3541
f 3546//3546 3545//3545 3544//3544
f 3546//3546 3544//3544 3535//3535
f 3544//3544 3534//3534 3535//3535
f 3544//3544 3547//3547 3534//3534
f 3534//3534 3548//3548 3536//3536
f 3534//3534 3547//3547 3548//3548
f 3536//3536 3549//3549 3537//3537
f 3536//3536 3548//3548 3549//3549
f 3550//3550 3224//3224 3220//3220
f 3537//3537 3550//3550 3220//3220
f 3549//3549 3550//3550 3537//3537
f 3550//3550 3226//3226 3224//3224
f 3228//3228 3540//3540 3223//3223
f 3540//3540 3228//3228 3229//3229
f 3540//3540 3229//3229 3542//3542
f 3552//3552 3551//3551 3231//3231
f 3231//3231 3551//3551 3229//3229
f 3551//3551 3543//3543 3229//3229
f 3543//3543 3542//3542 3229//3229
f 3554//3554 3553//3553 3552//3552
f 3552//3552 3553//3553 3551//3551
f 3556//3556 3555//3555 3554//3554
f 3554//3554 3555//3555 3553//3553
f 3555//3555 3556//3556 3545//3545
f 3556//3556 3544//3544 3545//3545
f 3556//3556 3557//3557 3544//3544
f 3544//3544 3558//3558 3547//3547
f 3544//3544 3557//3557 3558//3558
f 3547//3547 3559//3559 3548//3548
f 3547//3547 3558//3558 3559//3559
f 3548//3548 3560//3560 3549//3549
f 3548//3548 3559//3559 3560//3560
f 3549//3549 3561//3561 3550//3550
f 3549//3549 3560//3560 3561//3561
f 3561//3561 3233//3233 3226//3226
f 3561//3561 3226//3226 3550//3550
f 3236//3236 3552//3552 3231//3231
f 3552//3552 3236//3236 3237//3237
f 3552//3552 3237//3237 3554//3554
f 3554//3554 3237//3237 3239//3239
f 3554//3554 3239//3239 3556//3556
f 3556//3556 3239//3239 3241//3241
f 3556//3556 3241//3241 3557//3557
f 3557//3557 3241//3241 3243//3243
f 3562//3562 3557//3557 3243//3243
f 3558//3558 3557//3557 3562//3562
f 3558//3558 3563//3563 3559//3559
f 3558//3558 3562//3562 3563//3563
f 3559//3559 3564//3564 3560//3560
f 3559//3559 3563//3563 3564//3564
f 3560//3560 3565//3565 3561//3561
f 3560//3560 3564//3564 3565//3565
f 3566//3566 3244//3244 3233//3233
f 3561//3561 3566//3566 3233//3233
f 3565//3565 3566//3566 3561//3561
f 3566//3566 3246//3246 3244//3244
f 3248//3248 3562//3562 3243//3243
f 3562//3562 3248//3248 3250//3250
f 3562//3562 3250//3250 3563//3563
f 3563//3563 3250//3250 3252//3252
f 3563//3563 3252//3252 3564//3564
f 3564//3564 3252//3252 3254//3254
f 3567//3567 3564//3564 3254//3254
f 3565//3565 3564//3564 3567//3567
f 3565//3565 3568//3568 3566//3566
f 3565//3565 3567//3567 3568//3568
f 3568//3568 3256//3256 3246//3246
f 3568//3568 3246//3246 3566//3566
f 3262//3262 3569//3569 3567//3567
f 3262//3262 3567//3567 3254//3254
f 3567//3567 3570//3570 3568//3568
f 3567//3567 3569//3569 3570//3570
f 3571//3571 3263//3263 3256//3256
f 3568//3568 3571//3571 3256//3256
f 3570//3570 3571//3571 3568//3568
f 3571//3571 3265//3265 3263//3263
f 3269//3269 3572//3572 3270//3270
f 3569//3569 3262//3262 3270//3270
f 3572//3572 3569//3569 3270//3270
f 3573//3573 3569//3569 3572//3572
f 3569//3569 3574//3574 3570//3570
f 3569//3569 3573//3573 3574//3574
f 3570//3570 3575//3575 3571//3571
f 3570//3570 3574//3574 3575//3575
f 3575//3575 3272//3272 3265//3265
f 3575//3575 3265//3265 3571//3571
f 3275//3275 3576//3576 3276//3276
f 3572//3572 3269//3269 3276//3276
f 3576//3576 3572//3572 3276//3276
f 3577//3577 3572//3572 3576//3576
f 3572//3572 3578//3578 3573//3573
f 3572//3572 3577//3577 3578//3578
f 3573//3573 3579//3579 3574//3574
f 3573//3573 3578//3578 3579//3579
f 3574//3574 3580//3580 3575//3575
f 3574//3574 3579//3579 3580//3580
f 3581//3581 3277//3277 3272//3272
f 3575//3575 3581//3581 3272//3272
f 3580//3580 3581//3581 3575//3575
f 3581//3581 3279//3279 3277//3277
f 3282//3282 3582//3582 3576//3576
f 3282//3282 3576//3576 3275//3275
f 3576//3576 3583//3583 3577//3577
f 3576//3576 3582//3582 3583//3583
f 3577//3577 3584//3584 3578//3578
f 3577//3577 3583//3583 3584//3584
f 3578//3578 3585//3585 3579//3579
f 3578//3578 3584//3584 3585//3585
f 3579//3579 3586//3586 3580//3580
f 3579//3579 3585//3585 3586//3586
f 3580//3580 3587//3587 3581//3581
f 3580//3580 3586//3586 3587//3587
f 3587//3587 3284//3284 3279//3279
f 3587//3587 3279//3279 3581//3581
f 3287//3287 3588//3588 3288//3288
f 3582//3582 3282//3282 3288//3288
f 3588//3588 3582//3582 3288//3288
f 3589//3589 3582//3582 3588//3588
f 3582//3582 3590//3590 3583//3583
f 3582//3582 3589//3589 3590//3590
f 3583//3583 3591//3591 3584//3584
f 3583//3583 3590//3590 3591//3591
f 3584//3584 3592//3592 3585//3585
f 3584//3584 3591//3591 3592//3592
f 3585//3585 3593//3593 3586//3586
f 3585//3585 3592//3592 3593//3593
f 3586//3586 3594//3594 3587//3587
f 3586//3586 3593//3593 3594//3594
f 3594//3594 3290//3290 3284//3284
f 3594//3594 3284//3284 3587//3587
f 3293//3293 3595//3595 3588//3588
f 3293//3293 3588//3588 3287//3287
f 3588//3588 3596//3596 3589//3589
f 3588//3588 3595//3595 3596//3596
f 3589//3589 3597//3597 3590//3590
f 3589//3589 3596//3596 3597//3597
f 3590//3590 3598//3598 3591//3591
f 3590//3590 3597//3597 3598//3598
f 3591//3591 3599//3599 3592//3592
f 3591//3591 3598//3598 3599//3599
f 3592//3592 3600//3600 3593//3593
f 3592//3592 3599//3599 3600//3600
f 3593//3593 3601//3601 3594//3594
f 3593//3593 3600//3600 3601//3601
f 3602//3602 3294//3294 3290//3290
f 3594//3594 3602//3602 3290//3290
f 3601//3601 3602//3602 3594//3594
f 3602//3602 3296//3296 3294//3294
f 3299//3299 3603//3603 3595//3595
f 3299//3299 3595//3595 3293//3293
f 3595//3595 3604//3604 3596//3596
f 3595//3595 3603//3603 3604//3604
f 3596//3596 3605//3605 3597//3597
f 3596//3596 3604//3604 3605//3605
f 3607//3607 3598//3598 3606//3606
f 3598//3598 3605//3605 3606//3606
f 3598//3598 3597//3597 3605//3605
f 3598//3598 3607//3607 3599//3599
f 3599//3599 3607//3607 3608//3608
f 3610//3610 3609//3609 3608//3608
f 3609//3609 3599//3599 3608//3608
f 3609//3609 3600//3600 3599//3599
f 3600//3600 3611//3611 3601//3601
f 3600//3600 3609//3609 3611//3611
f 3601//3601 3612//3612 3602//3602
f 3601//3601 3611//3611 3612//3612
f 3612//3612 3301//3301 3296//3296
f 3612//3612 3296//3296 3602//3602
f 3303//3303 3613//3613 3304//3304
f 3603//3603 3299//3299 3304//3304
f 3613//3613 3603//3603 3304//3304
f 3614//3614 3603//3603 3613//3613
f 3603//3603 3615//3615 3604//3604
f 3603//3603 3614//3614 3615//3615
f 3617//3617 3605//3605 3616//3616
f 3605//3605 3615//3615 3616//3616
f 3605//3605 3604//3604 3615//3615
f 3605//3605 3617//3617 3606//3606
f 3609//3609 3610//3610 3618//3618
f 3618//3618 3610//3610 3619//3619
f 3609//3609 3620//3620 3611//3611
f 3609//3609 3618//3618 3620//3620
f 3611//3611 3621//3621 3612//3612
f 3611//3611 3620//3620 3621//3621
f 3621//3621 3310//3310 3301//3301
f 3621//3621 3301//3301 3612//3612
f 3312//3312 3622//3622 3613//3613
f 3312//3312 3613//3613 3303//3303
f 3613//3613 3623//3623 3614//3614
f 3613//3613 3622//3622 3623//3623
f 3625//3625 3615//3615 3624//3624
f 3615//3615 3623//3623 3624//3624
f 3615//3615 3614//3614 3623//3623
f 3615//3615 3625//3625 3616//3616
f 3618//3618 3619//3619 3626//3626
f 3626//3626 3619//3619 3627//3627
f 3618//3618 3628//3628 3620//3620
f 3618//3618 3626//3626 3628//3628
f 3620//3620 3629//3629 3621//3621
f 3620//3620 3628//3628 3629//3629
f 3629//3629 3319//3319 3310//3310
f 3629//3629 3310//3310 3621//3621
f 3321//3321 3630//3630 3322//3322
f 3622//3622 3312//3312 3322//3322
f 3630//3630 3622//3622 3322//3322
f 3631//3631 3622//3622 3630//3630
f 3633//3633 3623//3623 3632//3632
f 3623//3623 3631//3631 3632//3632
f 3623//3623 3622//3622 3631//3631
f 3623//3623 3633//3633 3624//3624
f 3626//3626 3627//3627 3634//3634
f 3634//3634 3627//3627 3635//3635
f 3626//3626 3636//3636 3628//3628
f 3626//3626 3634//3634 3636//3636
f 3628//3628 3637//3637 3629//3629
f 3628//3628 3636//3636 3637//3637
f 3637//3637 3329//3329 3319//3319
f 3637//3637 3319//3319 3629//3629
f 3332//3332 3638//3638 3331//3331
f 3331//3331 3638//3638 3639//3639
f 3640//3640 3331//3331 3639//3639
f 3334//3334 3331//3331 3640//3640
f 3334//3334 3641//3641 3336//3336
f 3640//3640 3641//3641 3334//3334
f 3336//3336 3642//3642 3338//3338
f 3641//3641 3642//3642 3336//3336
f 3338//3338 3643//3643 3340//3340
f 3642//3642 3643//3643 3338//3338
f 3643//3643 3645//3645 3644//3644
f 3342//3342 3643//3643 3644//3644
f 3340//3340 3643//3643 3342//3342
f 3646//3646 3343//3343 3342//3342
f 3646//3646 3342//3342 3644//3644
f 3647//3647 3344//3344 3343//3343
f 3647//3647 3343//3343 3646//3646
f 3648//3648 3345//3345 3344//3344
f 3648//3648 3344//3344 3647//3647
f 3649//3649 3346//3346 3345//3345
f 3649//3649 3345//3345 3648//3648
f 3649//3649 3347//3347 3346//3346
f 3349//3349 3650//3650 3350//3350
f 3651//3651 3351//3351 3350//3350
f 3651//3651 3350//3350 3650//3650
f 3630//3630 3321//3321 3351//3351
f 3651//3651 3630//3630 3351//3351
f 3652//3652 3630//3630 3651//3651
f 3654//3654 3631//3631 3653//3653
f 3631//3631 3652//3652 3653//3653
f 3631//3631 3630//3630 3652//3652
f 3631//3631 3654//3654 3632//3632
f 3634//3634 3635//3635 3655//3655
f 3655//3655 3635//3635 3656//3656
f 3634//3634 3657//3657 3636//3636
f 3634//3634 3655//3655 3657//3657
f 3636//3636 3658//3658 3637//3637
f 3636//3636 3657//3657 3658//3658
f 3658//3658 3357//3357 3329//3329
f 3658//3658 3329//3329 3637//3637
f 3660//3660 3659//3659 3359//3359
f 3660//3660 3359//3359 3360//3360
f 3332//3332 3359//3359 3638//3638
f 3359//3359 3661//3661 3638//3638
f 3359//3359 3659//3659 3661//3661
f 3638//3638 3661//3661 3639//3639
f 3645//3645 3662//3662 3644//3644
f 3644//3644 3662//3662 3646//3646
f 3646//3646 3662//3662 3663//3663
f 3665//3665 3664//3664 3663//3663
f 3664//3664 3646//3646 3663//3663
f 3664//3664 3647//3647 3646//3646
f 3647//3647 3666//3666 3648//3648
f 3647//3647 3664//3664 3666//3666
f 3648//3648 3667//3667 3649//3649
f 3648//3648 3666//3666 3667//3667
f 3668//3668 3363//3363 3347//3347
f 3649//3649 3668//3668 3347//3347
f 3667//3667 3668//3668 3649//3649
f 3669//3669 3364//3364 3363//3363
f 3669//3669 3363//3363 3668//3668
f 3670//3670 3365//3365 3364//3364
f 3670//3670 3364//3364 3669//3669
f 3650//3650 3349//3349 3365//3365
f 3670//3670 3650//3650 3365//3365
f 3671//3671 3650//3650 3670//3670
f 3650//3650 3672//3672 3651//3651
f 3650//3650 3671//3671 3672//3672
f 3674//3674 3652//3652 3673//3673
f 3652//3652 3672//3672 3673//3673
f 3652//3652 3651//3651 3672//3672
f 3652//3652 3674//3674 3653//3653
f 3655//3655 3656//3656 3675//3675
f 3675//3675 3656//3656 3676//3676
f 3655//3655 3677//3677 3657//3657
f 3655//3655 3675//3675 3677//3677
f 3677//3677 3367//3367 3368//3368
f 3658//3658 3677//3677 3368//3368
f 3657//3657 3677//3677 3658//3658
f 3658//3658 3368//3368 3357//3357
f 3370//3370 3660//3660 3360//3360
f 3370//3370 3678//3678 3660//3660
f 3681//3681 3680//3680 3679//3679
f 3683//3683 3682//3682 3679//3679
f 3679//3679 3682//3682 3681//3681
f 3682//3682 3683//3683 3665//3665
f 3683//3683 3664//3664 3665//3665
f 3683//3683 3684//3684 3664//3664
f 3664//3664 3685//3685 3666//3666
f 3664//3664 3684//3684 3685//3685
f 3666//3666 3686//3686 3667//3667
f 3666//3666 3685//3685 3686//3686
f 3667//3667 3687//3687 3668//3668
f 3667//3667 3686//3686 3687//3687
f 3668//3668 3688//3688 3669//3669
f 3668//3668 3687//3687 3688//3688
f 3669//3669 3689//3689 3670//3670
f 3669//3669 3688//3688 3689//3689
f 3670//3670 3690//3690 3671//3671
f 3670//3670 3689//3689 3690//3690
f 3671//3671 3691//3691 3672//3672
f 3671//3671 3690//3690 3691//3691
f 3673//3673 3672//3672 3692//3692
f 3672//3672 3693//3693 3692//3692
f 3672//3672 3691//3691 3693//3693
f 3693//3693 3694//3694 3692//3692
f 3697//3697 3696//3696 3695//3695
f 3697//3697 3695//3695 3676//3676
f 3695//3695 3675//3675 3676//3676
f 3695//3695 3698//3698 3675//3675
f 3675//3675 3699//3699 3677//3677
f 3675//3675 3698//3698 3699//3699
f 3699//3699 3377//3377 3367//3367
f 3699//3699 3367//3367 3677//3677
f 3379//3379 3701//3701 3700//3700
f 3678//3678 3379//3379 3700//3700
f 3370//3370 3379//3379 3678//3678
f 3703//3703 3702//3702 3701//3701
f 3701//3701 3702//3702 3700//3700
f 3705//3705 3704//3704 3703//3703
f 3703//3703 3704//3704 3702//3702
f 3382//3382 3383//3383 3705//3705
f 3383//3383 3704//3704 3705//3705
f 3383//3383 3706//3706 3704//3704
f 3707//3707 3383//3383 3384//3384
f 3707//3707 3706//3706 3383//3383
f 3708//3708 3384//3384 3385//3385
f 3708//3708 3707//3707 3384//3384
f 3386//3386 3679//3679 3680//3680
f 3708//3708 3386//3386 3680//3680
f 3385//3385 3386//3386 3708//3708
f 3679//3679 3386//3386 3387//3387
f 3679//3679 3387//3387 3683//3683
f 3683//3683 3387//3387 3388//3388
f 3683//3683 3388//3388 3684//3684
f 3684//3684 3388//3388 3389//3389
f 3684//3684 3389//3389 3685//3685
f 3685//3685 3389//3389 3390//3390
f 3685//3685 3390//3390 3686//3686
f 3686//3686 3390//3390 3391//3391
f 3686//3686 3391//3391 3687//3687
f 3687//3687 3391//3391 3392//3392
f 3687//3687 3392//3392 3688//3688
f 3688//3688 3392//3392 3393//3393
f 3688//3688 3393//3393 3689//3689
f 3689//3689 3393//3393 3395//3395
f 3709//3709 3689//3689 3395//3395
f 3690//3690 3689//3689 3709//3709
f 3690//3690 3710//3710 3691//3691
f 3690//3690 3709//3709 3710//3710
f 3691//3691 3711//3711 3693//3693
f 3691//3691 3710//3710 3711//3711
f 3694//3694 3693//3693 3712//3712
f 3693//3693 3713//3713 3712//3712
f 3693//3693 3711//3711 3713//3713
f 3715//3715 3714//3714 3713//3713
f 3713//3713 3714//3714 3712//3712
f 3717//3717 3716//3716 3715//3715
f 3715//3715 3716//3716 3714//3714
f 3719//3719 3718//3718 3717//3717
f 3717//3717 3718//3718 3716//3716
f 3721//3721 3720//3720 3719//3719
f 3719//3719 3720//3720 3718//3718
f 3720//3720 3721//3721 3696//3696
f 3721//3721 3695//3695 3696//3696
f 3721//3721 3722//3722 3695//3695
f 3695//3695 3723//3723 3698//3698
f 3695//3695 3722//3722 3723//3723
f 3723//3723 3397//3397 3398//3398
f 3699//3699 3723//3723 3398//3398
f 3698//3698 3723//3723 3699//3699
f 3699//3699 3398//3398 3377//3377
f 3400//3400 3701//3701 3379//3379
f 3701//3701 3400//3400 3401//3401
f 3701//3701 3401//3401 3703//3703
f 3703//3703 3401//3401 3402//3402
f 3703//3703 3402//3402 3705//3705
f 3705//3705 3402//3402 3382//3382
f 3403//3403 3709//3709 3395//3395
f 3709//3709 3403//3403 3404//3404
f 3709//3709 3404//3404 3710//3710
f 3710//3710 3404//3404 3405//3405
f 3710//3710 3405//3405 3711//3711
f 3711//3711 3405//3405 3407//3407
f 3711//3711 3407//3407 3713//3713
f 3713//3713 3407//3407 3409//3409
f 3724//3724 3713//3713 3409//3409
f 3715//3715 3713//3713 3724//3724
f 3715//3715 3725//3725 3717//3717
f 3715//3715 3724//3724 3725//3725
f 3717//3717 3726//3726 3719//3719
f 3717//3717 3725//3725 3726//3726
f 3719//3719 3727//3727 3721//3721
f 3719//3719 3726//3726 3727//3727
f 3727//3727 3411//3411 3412//3412
f 3722//3722 3727//3727 3412//3412
f 3721//3721 3727//3727 3722//3722
f 3722//3722 3412//3412 3413//3413
f 3722//3722 3413//3413 3723//3723
f 3723//3723 3413//3413 3397//3397
f 3416//3416 3724//3724 3409//3409
f 3724//3724 3416//3416 3418//3418
f 3724//3724 3418//3418 3725//3725
f 3725//3725 3418//3418 3420//3420
f 3725//3725 3420//3420 3726//3726
f 3726//3726 3420//3420 3422//3422
f 3726//3726 3422//3422 3727//3727
f 3727//3727 3422//3422 3411//3411
f 3434//3434 3728//3728 3435//3435
f 3729//3729 3436//3436 3435//3435
f 3729//3729 3435//3435 3728//3728
f 3730//3730 3437//3437 3436//3436
f 3730//3730 3436//3436 3729//3729
f 3731//3731 3438//3438 3437//3437
f 3731//3731 3437//3437 3730//3730
f 3732//3732 3439//3439 3438//3438
f 3732//3732 3438//3438 3731//3731
f 3733//3733 3441//3441 3439//3439
f 3733//3733 3439//3439 3732//3732
f 3733//3733 3442//3442 3441//3441
f 3446//3446 3734//3734 3447//3447
f 3728//3728 3434//3434 3447//3447
f 3734//3734 3728//3728 3447//3447
f 3735//3735 3728//3728 3734//3734
f 3728//3728 3736//3736 3729//3729
f 3728//3728 3735//3735 3736//3736
f 3729//3729 3737//3737 3730//3730
f 3729//3729 3736//3736 3737//3737
f 3730//3730 3738//3738 3731//3731
f 3730//3730 3737//3737 3738//3738
f 3731//3731 3739//3739 3732//3732
f 3731//3731 3738//3738 3739//3739
f 3732//3732 3740//3740 3733//3733
f 3732//3732 3739//3739 3740//3740
f 3740//3740 3448//3448 3442//3442
f 3740//3740 3442//3442 3733//3733
f 3452//3452 3741//3741 3734//3734
f 3452//3452 3734//3734 3446//3446
f 3734//3734 3742//3742 3735//3735
f 3734//3734 3741//3741 3742//3742
f 3735//3735 3743//3743 3736//3736
f 3735//3735 3742//3742 3743//3743
f 3736//3736 3744//3744 3737//3737
f 3736//3736 3743//3743 3744//3744
f 3737//3737 3745//3745 3738//3738
f 3737//3737 3744//3744 3745//3745
f 3738//3738 3746//3746 3739//3739
f 3738//3738 3745//3745 3746//3746
f 3746//3746 3453//3453 3454//3454
f 3740//3740 3746//3746 3454//3454
f 3739//3739 3746//3746 3740//3740
f 3740//3740 3454//3454 3448//3448
f 3748//3748 3747//3747 3456//3456
f 3748//3748 3456//3456 3457//3457
f 3458//3458 3456//3456 3747//3747
f 3458//3458 3747//3747 3749//3749
f 3463//3463 3741//3741 3452//3452
f 3741//3741 3463//3463 3465//3465
f 3741//3741 3465//3465 3742//3742
f 3742//3742 3465//3465 3467//3467
f 3742//3742 3467//3467 3743//3743
f 3743//3743 3467//3467 3469//3469
f 3743//3743 3469//3469 3744//3744
f 3744//3744 3469//3469 3471//3471
f 3744//3744 3471//3471 3745//3745
f 3745//3745 3471//3471 3473//3473
f 3745//3745 3473//3473 3746//3746
f 3746//3746 3473//3473 3453//3453
f 3474//3474 3748//3748 3457//3457
f 3474//3474 3750//3750 3748//3748
f 3749//3749 3475//3475 3458//3458
f 3751//3751 3475//3475 3749//3749
f 3752//3752 3750//3750 3474//3474
f 3752//3752 3474//3474 3483//3483
f 3483//3483 3475//3475 3751//3751
f 3483//3483 3751//3751 3752//3752
f 3754//3754 3753//3753 3491//3491
f 3754//3754 3491//3491 3492//3492
f 3491//3491 3755//3755 3493//3493
f 3753//3753 3755//3755 3491//3491
f 3493//3493 3756//3756 3494//3494
f 3755//3755 3756//3756 3493//3493
f 3494//3494 3757//3757 3495//3495
f 3756//3756 3757//3757 3494//3494
f 3495//3495 3758//3758 3496//3496
f 3757//3757 3758//3758 3495//3495
f 3758//3758 3760//3760 3759//3759
f 3497//3497 3758//3758 3759//3759
f 3496//3496 3758//3758 3497//3497
f 3761//3761 3498//3498 3497//3497
f 3761//3761 3497//3497 3759//3759
f 3761//3761 3499//3499 3498//3498
f 3763//3763 3762//3762 3501//3501
f 3763//3763 3501//3501 3502//3502
f 3492//3492 3501//3501 3754//3754
f 3754//3754 3501//3501 3762//3762
f 3759//3759 3760//3760 3764//3764
f 3764//3764 3760//3760 3765//3765
f 3759//3759 3766//3766 3761//3761
f 3759//3759 3764//3764 3766//3766
f 3767//3767 3503//3503 3499//3499
f 3761//3761 3767//3767 3499//3499
f 3766//3766 3767//3767 3761//3761
f 3768//3768 3504//3504 3503//3503
f 3768//3768 3503//3503 3767//3767
f 3768//3768 3506//3506 3504//3504
f 3508//3508 3770//3770 3769//3769
f 3763//3763 3508//3508 3769//3769
f 3502//3502 3508//3508 3763//3763
f 3770//3770 3771//3771 3769//3769
f 3774//3774 3773//3773 3772//3772
f 3774//3774 3772//3772 3765//3765
f 3772//3772 3764//3764 3765//3765
f 3772//3772 3775//3775 3764//3764
f 3764//3764 3776//3776 3766//3766
f 3764//3764 3775//3775 3776//3776
f 3766//3766 3777//3777 3767//3767
f 3766//3766 3776//3776 3777//3777
f 3767//3767 3778//3778 3768//3768
f 3767//3767 3777//3777 3778//3778
f 3779//3779 3511//3511 3506//3506
f 3768//3768 3779//3779 3506//3506
f 3778//3778 3779//3779 3768//3768
f 3780//3780 3512//3512 3511//3511
f 3780//3780 3511//3511 3779//3779
f 3780//3780 3514//3514 3512//3512
f 3517//3517 3770//3770 3508//3508
f 3781//3781 3771//3771 3770//3770
f 3517//3517 3781//3781 3770//3770
f 3518//3518 3781//3781 3517//3517
f 3782//3782 3518//3518 3519//3519
f 3782//3782 3781//3781 3518//3518
f 3783//3783 3519//3519 3520//3520
f 3783//3783 3782//3782 3519//3519
f 3784//3784 3520//3520 3521//3521
f 3784//3784 3783//3783 3520//3520
f 3522//3522 3772//3772 3773//3773
f 3784//3784 3522//3522 3773//3773
f 3521//3521 3522//3522 3784//3784
f 3772//3772 3522//3522 3523//3523
f 3772//3772 3523//3523 3775//3775
f 3775//3775 3523//3523 3524//3524
f 3785//3785 3775//3775 3524//3524
f 3776//3776 3775//3775 3785//3785
f 3776//3776 3786//3786 3777//3777
f 3776//3776 3785//3785 3786//3786
f 3777//3777 3787//3787 3778//3778
f 3777//3777 3786//3786 3787//3787
f 3778//3778 3788//3788 3779//3779
f 3778//3778 3787//3787 3788//3788
f 3779//3779 3789//3789 3780//3780
f 3779//3779 3788//3788 3789//3789
f 3790//3790 3525//3525 3514//3514
f 3780//3780 3790//3790 3514//3514
f 3789//3789 3790//3790 3780//3780
f 3791//3791 3526//3526 3525//3525
f 3791//3791 3525//3525 3790//3790
f 3791//3791 3528//3528 3526//3526
f 3531//3531 3785//3785 3524//3524
f 3785//3785 3531//3531 3532//3532
f 3792//3792 3785//3785 3532//3532
f 3786//3786 3785//3785 3792//3792
f 3786//3786 3793//3793 3787//3787
f 3786//3786 3792//3792 3793//3793
f 3787//3787 3794//3794 3788//3788
f 3787//3787 3793//3793 3794//3794
f 3788//3788 3795//3795 3789//3789
f 3788//3788 3794//3794 3795//3795
f 3789//3789 3796//3796 3790//3790
f 3789//3789 3795//3795 3796//3796
f 3790//3790 3797//3797 3791//3791
f 3790//3790 3796//3796 3797//3797
f 3798//3798 3533//3533 3528//3528
f 3791//3791 3798//3798 3528//3528
f 3797//3797 3798//3798 3791//3791
f 3798//3798 3535//3535 3533//3533
f 3538//3538 3792//3792 3532//3532
f 3792//3792 3538//3538 3539//3539
f 3792//3792 3539//3539 3793//3793
f 3793//3793 3539//3539 3541//3541
f 3793//3793 3541//3541 3794//3794
f 3794//3794 3541//3541 3543//3543
f 3799//3799 3794//3794 3543//3543
f 3795//3795 3794//3794 3799//3799
f 3795//3795 3800//3800 3796//3796
f 3795//3795 3799//3799 3800//3800
f 3796//3796 3801//3801 3797//3797
f 3796//3796 3800//3800 3801//3801
f 3801//3801 3545//3545 3546//3546
f 3798//3798 3801//3801 3546//3546
f 3797//3797 3801//3801 3798//3798
f 3798//3798 3546//3546 3535//3535
f 3551//3551 3799//3799 3543//3543
f 3799//3799 3551//3551 3553//3553
f 3799//3799 3553//3553 3800//3800
f 3800//3800 3553//3553 3555//3555
f 3800//3800 3555//3555 3801//3801
f 3801//3801 3555//3555 3545//3545
f 3606//3606 3802//3802 3607//3607
f 3803//3803 3608//3608 3607//3607
f 3803//3803 3607//3607 3802//3802
f 3803//3803 3610//3610 3608//3608
f 3616//3616 3804//3804 3617//3617
f 3802//3802 3606//3606 3617//3617
f 3804//3804 3802//3802 3617//3617
f 3805//3805 3802//3802 3804//3804
f 3802//3802 3806//3806 3803//3803
f 3802//3802 3805//3805 3806//3806
f 3806//3806 3619//3619 3610//3610
f 3806//3806 3610//3610 3803//3803
f 3624//3624 3807//3807 3625//3625
f 3804//3804 3616//3616 3625//3625
f 3807//3807 3804//3804 3625//3625
f 3808//3808 3804//3804 3807//3807
f 3804//3804 3809//3809 3805//3805
f 3804//3804 3808//3808 3809//3809
f 3805//3805 3810//3810 3806//3806
f 3805//3805 3809//3809 3810//3810
f 3810//3810 3627//3627 3619//3619
f 3810//3810 3619//3619 3806//3806
f 3632//3632 3811//3811 3633//3633
f 3807//3807 3624//3624 3633//3633
f 3811//3811 3807//3807 3633//3633
f 3812//3812 3807//3807 3811//3811
f 3807//3807 3813//3813 3808//3808
f 3807//3807 3812//3812 3813//3813
f 3808//3808 3814//3814 3809//3809
f 3808//3808 3813//3813 3814//3814
f 3809//3809 3815//3815 3810//3810
f 3809//3809 3814//3814 3815//3815
f 3815//3815 3635//3635 3627//3627
f 3815//3815 3627//3627 3810//3810
f 3639//3639 3816//3816 3640//3640
f 3817//3817 3641//3641 3640//3640
f 3817//3817 3640//3640 3816//3816
f 3818//3818 3642//3642 3641//3641
f 3818//3818 3641//3641 3817//3817
f 3819//3819 3643//3643 3642//3642
f 3819//3819 3642//3642 3818//3818
f 3819//3819 3645//3645 3643//3643
f 3653//3653 3820//3820 3654//3654
f 3811//3811 3632//3632 3654//3654
f 3820//3820 3811//3811 3654//3654
f 3821//3821 3811//3811 3820//3820
f 3811//3811 3822//3822 3812//3812
f 3811//3811 3821//3821 3822//3822
f 3812//3812 3823//3823 3813//3813
f 3812//3812 3822//3822 3823//3823
f 3813//3813 3824//3824 3814//3814
f 3813//3813 3823//3823 3824//3824
f 3814//3814 3825//3825 3815//3815
f 3814//3814 3824//3824 3825//3825
f 3825//3825 3656//3656 3635//3635
f 3825//3825 3635//3635 3815//3815
f 3660//3660 3826//3826 3659//3659
f 3827//3827 3661//3661 3659//3659
f 3827//3827 3659//3659 3826//3826
f 3816//3816 3639//3639 3661//3661
f 3827//3827 3816//3816 3661//3661
f 3828//3828 3816//3816 3827//3827
f 3816//3816 3829//3829 3817//3817
f 3816//3816 3828//3828 3829//3829
f 3817//3817 3830//3830 3818//3818
f 3817//3817 3829//3829 3830//3830
f 3818//3818 3831//3831 3819//3819
f 3818//3818 3830//3830 3831//3831
f 3832//3832 3662//3662 3645//3645
f 3819//3819 3832//3832 3645//3645
f 3831//3831 3832//3832 3819//3819
f 3833//3833 3663//3663 3662//3662
f 3833//3833 3662//3662 3832//3832
f 3833//3833 3665//3665 3663//3663
f 3673//3673 3834//3834 3674//3674
f 3820//3820 3653//3653 3674//3674
f 3834//3834 3820//3820 3674//3674
f 3835//3835 3820//3820 3834//3834
f 3820//3820 3836//3836 3821//3821
f 3820//3820 3835//3835 3836//3836
f 3821//3821 3837//3837 3822//3822
f 3821//3821 3836//3836 3837//3837
f 3822//3822 3838//3838 3823//3823
f 3822//3822 3837//3837 3838//3838
f 3823//3823 3839//3839 3824//3824
f 3823//3823 3838//3838 3839//3839
f 3824//3824 3840//3840 3825//3825
f 3824//3824 3839//3839 3840//3840
f 3840//3840 3676//3676 3656//3656
f 3840//3840 3656//3656 3825//3825
f 3678//3678 3841//3841 3826//3826
f 3678//3678 3826//3826 3660//3660
f 3826//3826 3842//3842 3827//3827
f 3826//3826 3841//3841 3842//3842
f 3827//3827 3843//3843 3828//3828
f 3827//3827 3842//3842 3843//3843
f 3828//3828 3844//3844 3829//3829
f 3828//3828 3843//3843 3844//3844
f 3829//3829 3845//3845 3830//3830
f 3829//3829 3844//3844 3845//3845
f 3830//3830 3846//3846 3831//3831
f 3830//3830 3845//3845 3846//3846
f 3846//3846 3680//3680 3681//3681
f 3832//3832 3846//3846 3681//3681
f 3831//3831 3846//3846 3832//3832
f 3832//3832 3681//3681 3682//3682
f 3832//3832 3682//3682 3833//3833
f 3833//3833 3682//3682 3665//3665
f 3692//3692 3834//3834 3673//3673
f 3834//3834 3692//3692 3694//3694
f 3847//3847 3834//3834 3694//3694
f 3835//3835 3834//3834 3847//3847
f 3835//3835 3848//3848 3836//3836
f 3835//3835 3847//3847 3848//3848
f 3836//3836 3849//3849 3837//3837
f 3836//3836 3848//3848 3849//3849
f 3837//3837 3850//3850 3838//3838
f 3837//3837 3849//3849 3850//3850
f 3838//3838 3851//3851 3839//3839
f 3838//3838 3850//3850 3851//3851
f 3851//3851 3696//3696 3697//3697
f 3840//3840 3851//3851 3697//3697
f 3839//3839 3851//3851 3840//3840
f 3840//3840 3697//3697 3676//3676
f 3700//3700 3841//3841 3678//3678
f 3841//3841 3700//3700 3702//3702
f 3841//3841 3702//3702 3842//3842
f 3842//3842 3702//3702 3704//3704
f 3842//3842 3704//3704 3843//3843
f 3843//3843 3704//3704 3706//3706
f 3843//3843 3706//3706 3844//3844
f 3844//3844 3706//3706 3707//3707
f 3844//3844 3707//3707 3845//3845
f 3845//3845 3707//3707 3708//3708
f 3845//3845 3708//3708 3846//3846
f 3846//3846 3708//3708 3680//3680
f 3712//3712 3847//3847 3694//3694
f 3847//3847 3712//3712 3714//3714
f 3847//3847 3714//3714 3848//3848
f 3848//3848 3714//3714 3716//3716
f 3848//3848 3716//3716 3849//3849
f 3849//3849 3716//3716 3718//3718
f 3849//3849 3718//3718 3850//3850
f 3850//3850 3718//3718 3720//3720
f 3850//3850 3720//3720 3851//3851
f 3851//3851 3720//3720 3696//3696
f 3748//3748 3852//3852 3747//3747
f 3852//3852 3749//3749 3747//3747
f 3854//3854 3853//3853 3852//3852
f 3748//3748 3854//3854 3852//3852
f 3750//3750 3854//3854 3748//3748
f 3749//3749 3852//3852 3853//3853
f 3855//3855 3749//3749 3853//3853
f 3751//3751 3749//3749 3855//3855
f 3856//3856 3854//3854 3750//3750
f 3856//3856 3750//3750 3752//3752
f 3752//3752 3751//3751 3855//3855
f 3752//3752 3855//3855 3856//3856
f 3754//3754 3857//3857 3753//3753
f 3858//3858 3755//3755 3753//3753
f 3858//3858 3753//3753 3857//3857
f 3859//3859 3756//3756 3755//3755
f 3859//3859 3755//3755 3858//3858
f 3860//3860 3757//3757 3756//3756
f 3860//3860 3756//3756 3859//3859
f 3861//3861 3758//3758 3757//3757
f 3861//3861 3757//3757 3860//3860
f 3861//3861 3760//3760 3758//3758
f 3763//3763 3862//3862 3762//3762
f 3857//3857 3754//3754 3762//3762
f 3862//3862 3857//3857 3762//3762
f 3863//3863 3857//3857 3862//3862
f 3857//3857 3864//3864 3858//3858
f 3857//3857 3863//3863 3864//3864
f 3858//3858 3865//3865 3859//3859
f 3858//3858 3864//3864 3865//3865
f 3859//3859 3866//3866 3860//3860
f 3859//3859 3865//3865 3866//3866
f 3860//3860 3867//3867 3861//3861
f 3860//3860 3866//3866 3867//3867
f 3867//3867 3765//3765 3760//3760
f 3867//3867 3760//3760 3861//3861
f 3769//3769 3862//3862 3763//3763
f 3862//3862 3769//3769 3771//3771
f 3868//3868 3862//3862 3771//3771
f 3863//3863 3862//3862 3868//3868
f 3863//3863 3869//3869 3864//3864
f 3863//3863 3868//3868 3869//3869
f 3864//3864 3870//3870 3865//3865
f 3864//3864 3869//3869 3870//3870
f 3865//3865 3871//3871 3866//3866
f 3865//3865 3870//3870 3871//3871
f 3871//3871 3773//3773 3774//3774
f 3867//3867 3871//3871 3774//3774
f 3866//3866 3871//3871 3867//3867
f 3867//3867 3774//3774 3765//3765
f 3781//3781 3868//3868 3771//3771
f 3868//3868 3781//3781 3782//3782
f 3868//3868 3782//3782 3869//3869
f 3869//3869 3782//3782 3783//3783
f 3869//3869 3783//3783 3870//3870
f 3870//3870 3783//3783 3784//3784
f 3870//3870 3784//3784 3871//3871
f 3871//3871 3784//3784 3773//3773
f 3854//3854 3872//3872 3853//3853
f 3872//3872 3855//3855 3853//3853
f 3856//3856 3872//3872 3854//3854
f 3872//3872 3856//3856 3855//3855
f 3875//3875 3874//3874 3873//3873
f 3876//3876 3873//3873 3874//3874
f 3877//3877 3875//3875 3873//3873
f 3877//3877 3873//3873 3876//3876
f 3880//3880 3879//3879 3878//3878
f 3881//3881 3878//3878 3879//3879
f 3884//3884 3883//3883 3882//3882
f 3885//3885 3882//3882 3883//3883
f 3886//3886 3880//3880 3878//3878
f 3886//3886 3878//3878 3881//3881
f 3887//3887 3884//3884 3882//3882
f 3887//3887 3882//3882 3885//3885
f 3890//3890 3889//3889 3888//3888
f 3891//3891 3888//3888 3889//3889
f 3890//3890 3888//3888 3892//3892
f 3890//3890 3892//3892 3893//3893
f 3888//3888 3891//3891 3894//3894
f 3888//3888 3894//3894 3892//3892
f 3893//3893 3892//3892 3895//3895
f 3893//3893 3895//3895 3896//3896
f 3892//3892 3894//3894 3897//3897
f 3892//3892 3897//3897 3895//3895
f 3896//3896 3895//3895 3898//3898
f 3896//3896 3898//3898 3899//3899
f 3895//3895 3897//3897 3900//3900
f 3895//3895 3900//3900 3898//3898
f 3899//3899 3898//3898 3901//3901
f 3899//3899 3901//3901 3902//3902
f 3898//3898 3900//3900 3903//3903
f 3898//3898 3903//3903 3901//3901
f 3902//3902 3901//3901 3904//3904
f 3902//3902 3904//3904 3905//3905
f 3901//3901 3903//3903 3906//3906
f 3901//3901 3906//3906 3904//3904
f 3905//3905 3904//3904 3907//3907
f 3905//3905 3907//3907 3908//3908
f 3904//3904 3906//3906 3909//3909
f 3904//3904 3909//3909 3907//3907
f 3908//3908 3907//3907 3910//3910
f 3908//3908 3910//3910 3911//3911
f 3907//3907 3909//3909 3912//3912
f 3907//3907 3912//3912 3910//3910
f 3911//3911 3910//3910 3913//3913
f 3911//3911 3913//3913 3914//3914
f 3910//3910 3912//3912 3915//3915
f 3910//3910 3915//3915 3913//3913
f 3914//3914 3913//3913 3916//3916
f 3914//3914 3916//3916 3917//3917
f 3913//3913 3915//3915 3918//3918
f 3913//3913 3918//3918 3916//3916
f 3917//3917 3916//3916 3919//3919
f 3917//3917 3919//3919 3920//3920
f 3916//3916 3918//3918 3921//3921
f 3916//3916 3921//3921 3919//3919
f 3920//3920 3919//3919 3922//3922
f 3920//3920 3922//3922 3923//3923
f 3919//3919 3921//3921 3924//3924
f 3919//3919 3924//3924 3922//3922
f 3923//3923 3922//3922 3925//3925
f 3923//3923 3925//3925 3926//3926
f 3922//3922 3924//3924 3927//3927
f 3922//3922 3927//3927 3925//3925
f 3926//3926 3925//3925 3928//3928
f 3926//3926 3928//3928 3929//3929
f 3925//3925 3927//3927 3930//3930
f 3925//3925 3930//3930 3928//3928
f 3929//3929 3928//3928 3931//3931
f 3929//3929 3931//3931 3932//3932
f 3928//3928 3930//3930 3933//3933
f 3928//3928 3933//3933 3931//3931
f 3932//3932 3931//3931 3934//3934
f 3932//3932 3934//3934 3935//3935
f 3931//3931 3933//3933 3936//3936
f 3931//3931 3936//3936 3934//3934
f 3935//3935 3934//3934 3937//3937
f 3935//3935 3937//3937 3938//3938
f 3934//3934 3936//3936 3939//3939
f 3934//3934 3939//3939 3937//3937
f 3938//3938 3937//3937 3940//3940
f 3938//3938 3940//3940 3941//3941
f 3937//3937 3939//3939 3942//3942
f 3937//3937 3942//3942 3940//3940
f 3941//3941 3940//3940 3943//3943
f 3941//3941 3943//3943 3944//3944
f 3940//3940 3942//3942 3945//3945
f 3940//3940 3945//3945 3943//3943
f 3944//3944 3943//3943 3946//3946
f 3944//3944 3946//3946 3947//3947
f 3943//3943 3945//3945 3948//3948
f 3943//3943 3948//3948 3946//3946
f 3949//3949 3947//3947 3946//3946
f 3949//3949 3946//3946 3948//3948
f 3952//3952 3951//3951 3950//3950
f 3953//3953 3950//3950 3951//3951
f 3952//3952 3950//3950 3874//3874
f 3875//3875 3952//3952 3874//3874
f 3954//3954 3952//3952 3875//3875
f 3956//3956 3955//3955 3876//3876
f 3956//3956 3876//3876 3874//3874
f 3953//3953 3956//3956 3874//3874
f 3950//3950 3953//3953 3874//3874
f 3957//3957 3955//3955 3956//3956
f 3960//3960 3959//3959 3958//3958
f 3962//3962 3961//3961 3958//3958
f 3962//3962 3958//3958 3959//3959
f 3964//3964 3963//3963 3961//3961
f 3964//3964 3961//3961 3962//3962
f 3966//3966 3965//3965 3963//3963
f 3966//3966 3963//3963 3964//3964
f 3968//3968 3967//3967 3965//3965
f 3968//3968 3965//3965 3966//3966
f 3970//3970 3969//3969 3967//3967
f 3970//3970 3967//3967 3968//3968
f 3972//3972 3971//3971 3969//3969
f 3972//3972 3969//3969 3970//3970
f 3974//3974 3973//3973 3971//3971
f 3974//3974 3971//3971 3972//3972
f 3976//3976 3975//3975 3973//3973
f 3976//3976 3973//3973 3974//3974
f 3978//3978 3977//3977 3975//3975
f 3978//3978 3975//3975 3976//3976
f 3979//3979 3977//3977 3978//3978
f 3982//3982 3981//3981 3980//3980
f 3983//3983 3980//3980 3981//3981
f 3984//3984 3954//3954 3875//3875
f 3984//3984 3875//3875 3877//3877
f 3877//3877 3876//3876 3955//3955
f 3985//3985 3877//3877 3955//3955
f 3984//3984 3877//3877 3985//3985
f 3985//3985 3955//3955 3957//3957
f 3986//3986 3960//3960 3958//3958
f 3986//3986 3958//3958 3961//3961
f 3986//3986 3961//3961 3987//3987
f 3987//3987 3961//3961 3963//3963
f 3987//3987 3963//3963 3988//3988
f 3988//3988 3963//3963 3965//3965
f 3988//3988 3965//3965 3989//3989
f 3989//3989 3965//3965 3967//3967
f 3989//3989 3967//3967 3990//3990
f 3990//3990 3967//3967 3969//3969
f 3990//3990 3969//3969 3991//3991
f 3991//3991 3969//3969 3971//3971
f 3991//3991 3971//3971 3992//3992
f 3992//3992 3971//3971 3973//3973
f 3992//3992 3973//3973 3993//3993
f 3993//3993 3973//3973 3975//3975
f 3993//3993 3975//3975 3994//3994
f 3994//3994 3975//3975 3977//3977
f 3994//3994 3977//3977 3995//3995
f 3995//3995 3977//3977 3979//3979
f 3996//3996 3982//3982 3980//3980
f 3996//3996 3980//3980 3983//3983
f 3880//3880 3997//3997 3879//3879
f 3997//3997 3881//3881 3879//3879
f 3884//3884 3998//3998 3883//3883
f 3998//3998 3885//3885 3883//3883
f 3886//3886 3997//3997 3880//3880
f 3997//3997 3886//3886 3881//3881
f 3887//3887 3998//3998 3884//3884
f 3998//3998 3887//3887 3885//3885
f 3890//3890 3999//3999 3889//3889
f 3999//3999 3891//3891 3889//3889
f 3893//3893 4000//4000 3999//3999
f 3893//3893 3999//3999 3890//3890
f 4000//4000 3894//3894 3891//3891
f 4000//4000 3891//3891 3999//3999
f 3896//3896 4001//4001 4000//4000
f 3896//3896 4000//4000 3893//3893
f 4001//4001 3897//3897 3894//3894
f 4001//4001 3894//3894 4000//4000
f 3899//3899 4002//4002 4001//4001
f 3899//3899 4001//4001 3896//3896
f 4002//4002 3900//3900 3897//3897
f 4002//4002 3897//3897 4001//4001
f 3902//3902 4003//4003 4002//4002
f 3902//3902 4002//4002 3899//3899
f 4003//4003 3903//3903 3900//3900
f 4003//4003 3900//3900 4002//4002
f 3905//3905 4004//4004 4003//4003
f 3905//3905 4003//4003 3902//3902
f 4004//4004 3906//3906 3903//3903
f 4004//4004 3903//3903 4003//4003
f 3908//3908 4005//4005 4004//4004
f 3908//3908 4004//4004 3905//3905
f 4005//4005 3909//3909 3906//3906
f 4005//4005 3906//3906 4004//4004
f 3911//3911 4006//4006 4005//4005
f 3911//3911 4005//4005 3908//3908
f 4006//4006 3912//3912 3909//3909
f 4006//4006 3909//3909 4005//4005
f 3914//3914 4007//4007 4006//4006
f 3914//3914 4006//4006 3911//3911
f 4007//4007 3915//3915 3912//3912
f 4007//4007 3912//3912 4006//4006
f 3917//3917 4008//4008 4007//4007
f 3917//3917 4007//4007 3914//3914
f 4008//4008 3918//3918 3915//3915
f 4008//4008 3915//3915 4007//4007
f 3920//3920 4009//4009 4008//4008
f 3920//3920 4008//4008 3917//3917
f 4009//4009 3921//3921 3918//3918
f 4009//4009 3918//3918 4008//4008
f 3923//3923 4010//4010 4009//4009
f 3923//3923 4009//4009 3920//3920
f 4010//4010 3924//3924 3921//3921
f 4010//4010 3921//3921 4009//4009
f 3926//3926 4011//4011 4010//4010
f 3926//3926 4010//4010 3923//3923
f 4011//4011 3927//3927 3924//3924
f 4011//4011 3924//3924 4010//4010
f 3929//3929 4012//4012 4011//4011
f 3929//3929 4011//4011 3926//3926
f 4012//4012 3930//3930 3927//3927
f 4012//4012 3927//3927 4011//4011
f 3932//3932 4013//4013 4012//4012
f 3932//3932 4012//4012 3929//3929
f 4013//4013 3933//3933 3930//3930
f 4013//4013 3930//3930 4012//4012
f 3935//3935 4014//4014 4013//4013
f 3935//3935 4013//4013 3932//3932
f 4014//4014 3936//3936 3933//3933
f 4014//4014 3933//3933 4013//4013
f 3938//3938 4015//4015 4014//4014
f 3938//3938 4014//4014 3935//3935
f 4015//4015 3939//3939 3936//3936
f 4015//4015 3936//3936 4014//4014
f 3941//3941 4016//4016 4015//4015
f 3941//3941 4015//4015 3938//3938
f 4016//4016 3942//3942 3939//3939
f 4016//4016 3939//3939 4015//4015
f 3944//3944 4017//4017 4016//4016
f 3944//3944 4016//4016 3941//3941
f 4017//4017 3945//3945 3942//3942
f 4017//4017 3942//3942 4016//4016
f 3947//3947 4018//4018 4017//4017
f 3947//3947 4017//4017 3944//3944
f 4018//4018 3948//3948 3945//3945
f 4018//4018 3945//3945 4017//4017
f 3949//3949 4018//4018 3947//3947
f 4018//4018 3949//3949 3948//3948
f 3952//3952 4019//4019 3951//3951
f 4019//4019 3953//3953 3951//3951
f 3954//3954 4020//4020 4019//4019
f 3954//3954 4019//4019 3952//3952
f 4021//4021 3956//3956 3953//3953
f 4019//4019 4021//4021 3953//3953
f 4020//4020 4021//4021 4019//4019
f 4021//4021 3957//3957 3956//3956
f 3960//3960 4022//4022 3959//3959
f 4023//4023 3962//3962 3959//3959
f 4023//4023 3959//3959 4022//4022
f 4024//4024 3964//3964 3962//3962
f 4024//4024 3962//3962 4023//4023
f 4025//4025 3966//3966 3964//3964
f 4025//4025 3964//3964 4024//4024
f 4026//4026 3968//3968 3966//3966
f 4026//4026 3966//3966 4025//4025
f 4027//4027 3970//3970 3968//3968
f 4027//4027 3968//3968 4026//4026
f 4028//4028 3972//3972 3970//3970
f 4028//4028 3970//3970 4027//4027
f 4029//4029 3974//3974 3972//3972
f 4029//4029 3972//3972 4028//4028
f 4030//4030 3976//3976 3974//3974
f 4030//4030 3974//3974 4029//4029
f 4031//4031 3978//3978 3976//3976
f 4031//4031 3976//3976 4030//4030
f 4031//4031 3979//3979 3978//3978
f 3982//3982 4032//4032 3981//3981
f 4032//4032 3983//3983 3981//3981
f 3984//3984 4020//4020 3954//3954
f 4020//4020 3984//3984 3985//3985
f 4020//4020 3985//3985 4021//4021
f 4021//4021 3985//3985 3957//3957
f 3986//3986 4022//4022 3960//3960
f 4022//4022 3986//3986 3987//3987
f 4022//4022 3987//3987 4023//4023
f 4023//4023 3987//3987 3988//3988
f 4023//4023 3988//3988 4024//4024
f 4024//4024 3988//3988 3989//3989
f 4024//4024 3989//3989 4025//4025
f 4025//4025 3989//3989 3990//3990
f 4025//4025 3990//3990 4026//4026
f 4026//4026 3990//3990 3991//3991
f 4026//4026 3991//3991 4027//4027
f 4027//4027 3991//3991 3992//3992
f 4027//4027 3992//3992 4028//4028
f 4028//4028 3992//3992 3993//3993
f 4028//4028 3993//3993 4029//4029
f 4029//4029 3993//3993 3994//3994
f 4029//4029 3994//3994 4030//4030
f 4030//4030 3994//3994 3995//3995
f 4030//4030 3995//3995 4031//4031
f 4031//4031 3995//3995 3979//3979
f 3996//3996 4032//4032 3982//3982
f 4032//4032 3996//3996 3983//3983

