# https://github.com/mikedh/trimesh
v -0.51888717 -0.50505920 -0.47840752
v -0.51675007 -0.50719630 -0.47840752
v -0.51675007 -0.50505920 -0.48054462
v -0.51675007 -0.50505920 -0.46710677
v -0.51701029 -0.50505920 0.56579749
v -0.51675007 -0.50531942 0.56579749
v -0.51675007 -0.50505920 0.56427574
v -0.52092068 -0.50505920 0.58849766
v -0.51675007 -0.50922981 0.58849766
v -0.51675007 -0.50505920 0.59266823
v -0.51675007 -0.49377439 -0.47840752
v -0.51675007 -0.50390766 0.56579749
v -0.51675007 -0.48235907 0.58725389
v -0.51703207 -0.48235907 0.58849766
v -0.51675007 -0.48235907 0.58877969
v -0.51675007 -0.48069620 0.58849766
v -0.51684971 -0.18725765 0.58849766
v -0.51675007 -0.19005180 0.58849766
v -0.51675007 -0.18725765 0.58809741
v -0.51675007 -0.18725765 0.58859730
v -0.51710642 -0.16455755 -0.16060597
v -0.51675007 -0.17385350 -0.16060597
v -0.51675007 -0.16455755 -0.17541094
v -0.51675007 -0.16455755 -0.15623816
v -0.51717753 -0.16455755 0.58849766
v -0.51675007 -0.16455755 0.58675758
v -0.51675007 -0.16455755 0.58892515
v -0.51704171 -0.14185745 -0.18330610
v -0.51675007 -0.15558590 -0.18330610
v -0.51675007 -0.14185745 -0.18671720
v -0.51675007 -0.15713758 -0.16060597
v -0.51675007 -0.14185745 -0.17686381
v -0.51707360 -0.14185745 0.58849766
v -0.51675007 -0.14185745 0.58719038
v -0.51675007 -0.14185745 0.58882113
v -0.51675007 -0.13519179 -0.18330610
v -0.51675007 -0.12505080 0.58849766
v -0.51720789 0.13054390 -0.16060597
v -0.51675007 0.12273134 -0.16060597
v -0.51675007 0.13054390 -0.16783165
v -0.51758125 0.13054390 -0.13790587
v -0.51675007 0.12413382 -0.13790587
v -0.51732163 0.13054390 -0.11520577
v -0.51675007 0.12657785 -0.11520577
v -0.51675007 0.13054390 -0.10490245
v -0.51675007 0.13628735 -0.16060597
v -0.51675007 0.15324400 -0.13973432
v -0.51687026 0.15324400 -0.13790587
v -0.51756126 0.15324400 -0.11520577
v -0.51675007 0.14129295 -0.09250564
v -0.51750822 0.15324400 -0.09250564
v -0.51699945 0.15324400 -0.06980554
v -0.51675007 0.15126273 -0.06980554
v -0.51675007 0.15324400 -0.05650512
v -0.51777169 0.15324400 0.17989568
v -0.51675007 0.14533849 0.17989568
v -0.51675007 0.15324400 0.17183046
v -0.51836235 0.15324400 0.20259578
v -0.51675007 0.13350493 0.20259578
v -0.51675007 0.15324400 0.21973449
v -0.51685130 0.15324400 0.58849766
v -0.51675007 0.14359915 0.58849766
v -0.51675007 0.15324400 0.58810278
v -0.51675007 0.15324400 0.58859883
v -0.51675007 0.15401751 -0.13790587
v -0.51675007 0.15960893 -0.11520577
v -0.51675007 0.16135145 -0.09250564
v -0.51675007 0.15756885 -0.06980554
v -0.51768216 0.17594410 0.13449541
v -0.51675007 0.17174044 0.13449541
v -0.51675007 0.17594410 0.11960913
v -0.51904638 0.17594410 0.15719558
v -0.51675007 0.16304505 0.15719558
v -0.51984309 0.17594410 0.17989568
v -0.51910323 0.17594410 0.20259578
v -0.51675007 0.17594410 0.22242926
v -0.51707261 0.17594410 0.58849766
v -0.51675007 0.17594410 0.58722393
v -0.51675007 0.17594410 0.58882020
v -0.51788221 0.19864420 0.11179531
v -0.51675007 0.18274965 0.11179531
v -0.51675007 0.19864420 0.10254421
v -0.51955708 0.19864420 0.13449541
v -0.52023608 0.19864420 0.15719558
v -0.51989179 0.19864420 0.17989568
v -0.51817638 0.19864420 0.20259578
v -0.51675007 0.19864420 0.21268251
v -0.51720998 0.19864420 0.58849766
v -0.51675007 0.19864420 0.58665237
v -0.51675007 0.19864420 0.58895750
v -0.51734868 0.22134430 0.11179531
v -0.51675007 0.22134430 0.10581439
v -0.51865814 0.22134430 0.13449541
v -0.51882442 0.22134430 0.15719558
v -0.51778701 0.22134430 0.17989568
v -0.51675007 0.22134430 0.18984603
v -0.51675007 0.21049918 0.20259578
v -0.51709704 0.22134430 0.58849766
v -0.51675007 0.22134430 0.58709783
v -0.51675007 0.22134430 0.58884460
v -0.51675007 0.22606575 0.11179531
v -0.51675007 0.23449090 0.13449541
v -0.51675007 0.23432032 0.15719558
v -0.51675007 0.22736553 0.17989568
v -0.51675007 0.23586793 0.58849766
v -0.51679485 0.53914581 0.58849766
v -0.51675007 0.53888486 0.58849766
v -0.51675007 0.53914581 0.58830201
v -0.51675007 0.53914581 0.58854241
v -0.52010053 0.56184598 -0.47840752
v -0.51675007 0.54338653 -0.47840752
v -0.51675007 0.56184598 -0.48175799
v -0.51675007 0.56184598 -0.45993707
v -0.51678839 0.56184598 0.56579749
v -0.51675007 0.56167844 0.56579749
v -0.51675007 0.56184598 0.56557479
v -0.52076597 0.56184598 0.58849766
v -0.51675007 0.56184598 0.59251349
v -0.51675007 0.56519644 -0.47840752
v -0.51675007 0.56188430 0.56579749
v -0.51675007 0.56586182 0.58849766
v -0.50553540 -0.50505920 -0.47840752
v -0.51560154 -0.50505920 0.56579749
v -0.49404993 -0.50505920 0.58730965
v -0.49404993 -0.50532874 0.58849766
v -0.49404993 -0.50505920 0.58876716
v -0.49404993 -0.50386712 0.58849766
v -0.51550521 -0.48235907 0.58849766
v -0.51635267 -0.18725765 0.58849766
v -0.51384251 -0.16455755 -0.16060597
v -0.51502428 -0.16455755 0.58849766
v -0.51462738 -0.14185745 -0.18330610
v -0.51545588 -0.14185745 0.58849766
v -0.51381410 0.13054390 -0.16060597
v -0.50975921 0.13054390 -0.13790587
v -0.51054319 0.13054390 -0.11520577
v -0.51613379 0.15324400 -0.13790587
v -0.51193576 0.15324400 -0.11520577
v -0.51159419 0.15324400 -0.09250564
v -0.51486314 0.15324400 -0.06980554
v -0.50455769 0.15324400 0.17989568
v -0.50541354 0.15324400 0.20259578
v -0.51635725 0.15324400 0.58849766
v -0.50474104 0.17594410 0.13449541
v -0.49404993 0.17594410 0.14855707
v -0.49404993 0.17244188 0.15719558
v -0.49404993 0.16646705 0.17989568
v -0.50200507 0.17594410 0.20259578
v -0.49404993 0.17594410 0.18711685
v -0.51548171 0.17594410 0.58849766
v -0.50909676 0.19864420 0.11179531
v -0.49404993 0.19864420 0.13387115
v -0.49404993 0.19702983 0.13449541
v -0.49599255 0.19864420 0.17989568
v -0.49404993 0.19864420 0.17288540
v -0.49404993 0.19091345 0.17989568
v -0.50937846 0.19864420 0.20259578
v -0.51491181 0.19864420 0.58849766
v -0.51351781 0.22134430 0.11179531
v -0.49404993 0.19932263 0.13449541
v -0.50557992 0.22134430 0.13449541
v -0.49404993 0.20461405 0.15719558
v -0.50503418 0.22134430 0.15719558
v -0.51159485 0.22134430 0.17989568
v -0.51535528 0.22134430 0.58849766
v -0.51655415 0.53914581 0.58849766
v -0.49828807 0.56184598 -0.47840752
v -0.51658256 0.56184598 0.56579749
v -0.49404993 0.56184598 0.58829598
v -0.49404993 0.56164403 0.58849766
v -0.49404993 0.56184598 0.58854380
v -0.49404993 0.56189212 0.58849766
v -0.49246745 -0.50505920 0.58849766
v -0.48311813 0.17594410 0.15719558
v -0.48787313 0.17594410 0.17989568
v -0.49342285 0.19864420 0.13449541
v -0.48801298 0.19864420 0.15719558
v -0.49378086 0.56184598 0.58849766
v -0.44875333 -0.02835689 0.06639512
v -0.44864974 -0.02960990 0.06639512
v -0.44864974 -0.02835689 0.06381915
v -0.44864974 -0.02835689 0.06829490
v -0.44930119 -0.00565679 0.04369502
v -0.44864974 -0.01572575 0.04369502
v -0.44864974 -0.00565679 0.03926060
v -0.44976730 -0.00565679 0.06639512
v -0.44864974 -0.00565679 0.07709239
v -0.44903914 0.01704334 0.04369502
v -0.44864974 0.01704334 0.03812518
v -0.44864974 0.01704334 0.05534759
v -0.44864974 0.01143120 0.06639512
v -0.44868829 0.03974344 -0.09250564
v -0.44864974 0.03434455 -0.09250564
v -0.44864974 0.03974344 -0.09302128
v -0.44864974 0.03974344 -0.08907516
v -0.44917757 0.03974344 -0.02440531
v -0.44864974 0.03373792 -0.02440531
v -0.44864974 0.03974344 -0.04459512
v -0.44864974 0.03974344 -0.01302642
v -0.44864974 0.02062131 0.04369502
v -0.44864974 0.04019487 -0.09250564
v -0.44864974 0.04632808 -0.02440531
v -0.43194455 -0.11915732 -0.13790587
v -0.42594960 -0.12328855 -0.13790587
v -0.42594960 -0.11915732 -0.14158395
v -0.43783614 -0.11915732 -0.11520577
v -0.42594960 -0.13234573 -0.11520577
v -0.43661684 -0.11915732 -0.09250564
v -0.42594960 -0.13099277 -0.09250564
v -0.43364024 -0.11915732 -0.06980554
v -0.42594960 -0.12574826 -0.06980554
v -0.42855759 -0.11915732 -0.04710544
v -0.42594960 -0.12090336 -0.04710544
v -0.42594960 -0.11915732 -0.02798945
v -0.42668313 -0.11915732 -0.00170521
v -0.42594960 -0.11955806 -0.00170521
v -0.42594960 -0.11915732 -0.01506802
v -0.42996571 -0.11915732 0.02099489
v -0.42594960 -0.12151904 0.02099489
v -0.43230018 -0.11915732 0.04369502
v -0.42594960 -0.12366148 0.04369502
v -0.43372407 -0.11915732 0.06639512
v -0.42594960 -0.12593293 0.06639512
v -0.43556754 -0.11915732 0.08909522
v -0.42594960 -0.12831120 0.08909522
v -0.43521446 -0.11915732 0.11179531
v -0.42594960 -0.12823316 0.11179531
v -0.42723099 -0.11915732 0.13449541
v -0.42594960 -0.12030117 0.13449541
v -0.42594960 -0.11915732 0.13581449
v -0.44052909 -0.09645722 -0.13790587
v -0.42594960 -0.09645722 -0.15094746
v -0.44477435 -0.09645722 -0.11520577
v -0.44414017 -0.09645722 -0.09250564
v -0.44166949 -0.09645722 -0.06980554
v -0.43701033 -0.09645722 -0.04710544
v -0.42594960 -0.11779273 -0.02440531
v -0.43528809 -0.09645722 -0.02440531
v -0.43882764 -0.09645722 -0.00170521
v -0.44244936 -0.09645722 0.02099489
v -0.44385632 -0.09645722 0.04369502
v -0.44402501 -0.09645722 0.06639512
v -0.44351488 -0.09645722 0.08909522
v -0.43931191 -0.09645722 0.11179531
v -0.43237254 -0.09645722 0.13449541
v -0.42594960 -0.09645722 0.14338174
v -0.44284483 -0.07375712 -0.13790587
v -0.42594960 -0.07375712 -0.15393471
v -0.44802146 -0.07375712 -0.11520577
v -0.44709653 -0.07375712 -0.09250564
v -0.43994142 -0.07375712 -0.06980554
v -0.42594960 -0.07375712 -0.05002407
v -0.42594960 -0.07715124 -0.04710544
v -0.42594960 -0.07945081 -0.02440531
v -0.42594960 -0.07375712 -0.01877355
v -0.43692533 -0.07375712 -0.00170521
v -0.44480508 -0.07375712 0.02099489
v -0.44629123 -0.07375712 0.04369502
v -0.44626077 -0.07375712 0.06639512
v -0.44300915 -0.07375712 0.08909522
v -0.42594960 -0.07375712 0.10594128
v -0.42594960 -0.08015825 0.11179531
v -0.42594960 -0.08454098 0.13449541
v -0.44306352 -0.05105699 -0.13790587
v -0.42594960 -0.05105699 -0.15416924
v -0.44721474 -0.05105699 -0.11520577
v -0.44604526 -0.05105699 -0.09250564
v -0.43500930 -0.05105699 -0.06980554
v -0.42594960 -0.05105699 -0.06094328
v -0.43038707 -0.05105699 -0.00170521
v -0.42594960 -0.05105699 -0.00632258
v -0.44342776 -0.05105699 0.02099489
v -0.44599179 -0.05105699 0.04369502
v -0.44626063 -0.05105699 0.06639512
v -0.44188592 -0.05105699 0.08909522
v -0.42594960 -0.05105699 0.10115532
v -0.44136090 -0.02835689 -0.13790587
v -0.42594960 -0.02835689 -0.15330070
v -0.44492730 -0.02835689 -0.11520577
v -0.44543389 -0.02835689 -0.09250564
v -0.44013972 -0.02835689 -0.06980554
v -0.42594960 -0.02835689 -0.04852370
v -0.43518937 -0.02835689 -0.00170521
v -0.42594960 -0.02835689 -0.02014858
v -0.44347457 -0.02835689 0.02099489
v -0.44763268 -0.02835689 0.04369502
v -0.44680004 -0.02835689 0.08909522
v -0.42594960 -0.04005610 0.11179531
v -0.43924104 -0.02835689 0.11179531
v -0.43261012 -0.02835689 0.13449541
v -0.42594960 -0.03719217 0.13449541
v -0.42594960 -0.02835689 0.14325246
v -0.44117928 -0.00565679 -0.13790587
v -0.42594960 -0.00565679 -0.15232883
v -0.44503915 -0.00565679 -0.11520577
v -0.44665054 -0.00565679 -0.09250564
v -0.44530590 -0.00565679 -0.06980554
v -0.42594960 -0.02729734 -0.04710544
v -0.44206360 -0.00565679 -0.04710544
v -0.44007962 -0.00565679 -0.02440531
v -0.42594960 -0.02576969 -0.02440531
v -0.44120676 -0.00565679 -0.00170521
v -0.44524467 -0.00565679 0.02099489
v -0.44718371 -0.00565679 0.08909522
v -0.44406400 -0.00565679 0.11179531
v -0.43958387 -0.00565679 0.13449541
v -0.42594960 -0.00565679 0.14910682
v -0.44224022 0.01704334 -0.13790587
v -0.42594960 0.01704334 -0.15078218
v -0.44690953 0.01704334 -0.11520577
v -0.44849334 0.01704334 -0.09250564
v -0.44768701 0.01704334 -0.06980554
v -0.44699211 0.01704334 -0.04710544
v -0.44665206 0.01704334 -0.02440531
v -0.44597270 0.01704334 -0.00170521
v -0.44710107 0.01704334 0.02099489
v -0.44818773 0.01704334 0.06639512
v -0.44496082 0.01704334 0.08909522
v -0.44303554 0.01704334 0.11179531
v -0.43915449 0.01704334 0.13449541
v -0.42594960 0.01704334 0.14779842
v -0.43904377 0.03974344 -0.13790587
v -0.42594960 0.03974344 -0.14667320
v -0.44619971 0.03974344 -0.11520577
v -0.44829799 0.03974344 -0.06980554
v -0.44855052 0.03974344 -0.04710544
v -0.44789963 0.03974344 -0.00170521
v -0.44557719 0.03974344 0.02099489
v -0.44500789 0.03974344 0.04369502
v -0.44499738 0.03974344 0.06639512
v -0.44393743 0.03974344 0.08909522
v -0.44315053 0.03974344 0.11179531
v -0.43875010 0.03974344 0.13449541
v -0.42594960 0.03974344 0.14612988
v -0.42598123 0.06244354 -0.13790587
v -0.42594960 0.06244354 -0.13792052
v -0.44068877 0.06244354 -0.11520577
v -0.44424184 0.06244354 -0.09250564
v -0.44305941 0.06244354 -0.06980554
v -0.44391071 0.06244354 -0.04710544
v -0.44628460 0.06244354 -0.02440531
v -0.44432614 0.06244354 -0.00170521
v -0.43852568 0.06244354 0.02099489
v -0.43518950 0.06244354 0.04369502
v -0.43967198 0.06244354 0.06639512
v -0.44467756 0.06244354 0.08909522
v -0.44467935 0.06244354 0.11179531
v -0.43948058 0.06244354 0.13449541
v -0.42594960 0.06244354 0.14610416
v -0.42594960 0.06246489 -0.13790587
v -0.42594960 0.07820039 -0.11520577
v -0.42594960 0.08476613 -0.09250564
v -0.42594960 0.08514364 -0.08975879
v -0.42902814 0.08514364 -0.06980554
v -0.43189635 0.08514364 -0.04710544
v -0.43381129 0.08514364 -0.02440531
v -0.42844468 0.08514364 -0.00170521
v -0.42594960 0.08514364 0.00376525
v -0.42594960 0.07930645 0.02099489
v -0.42594960 0.07498630 0.04369502
v -0.42594960 0.08514364 0.06263453
v -0.42843597 0.08514364 0.06639512
v -0.44270720 0.08514364 0.08909522
v -0.44308208 0.08514364 0.11179531
v -0.43846591 0.08514364 0.13449541
v -0.42594960 0.08514364 0.14779855
v -0.42594960 0.08692906 -0.06980554
v -0.42594960 0.08952743 -0.04710544
v -0.42594960 0.08975914 -0.02440531
v -0.42594960 0.08626541 -0.00170521
v -0.42594960 0.08715746 0.06639512
v -0.42594960 0.10784374 0.08060721
v -0.43301803 0.10784374 0.08909522
v -0.43889609 0.10784374 0.11179531
v -0.43707145 0.10784374 0.13449541
v -0.42594960 0.10784374 0.15125291
v -0.42594960 0.11573731 0.08909522
v -0.42594960 0.13054390 0.10179822
v -0.43339772 0.13054390 0.11179531
v -0.43762090 0.13054390 0.13449541
v -0.42594960 0.13054390 0.15456459
v -0.42594960 0.14235724 0.11179531
v -0.42594960 0.15324400 0.12612708
v -0.43436475 0.15324400 0.13449541
v -0.42594960 0.15324400 0.14355843
v -0.42594960 0.15774905 0.13449541
v -0.40324950 -0.12488203 -0.13790587
v -0.40324950 -0.11915732 -0.14336596
v -0.40324950 -0.13476453 -0.11520577
v -0.40324950 -0.13420643 -0.09250564
v -0.40324950 -0.12830162 -0.06980554
v -0.40324950 -0.12224713 -0.04710544
v -0.41978178 -0.11915732 -0.02440531
v -0.40324950 -0.11984563 -0.02440531
v -0.40324950 -0.12096697 -0.00170521
v -0.40324950 -0.12368849 0.02099489
v -0.40324950 -0.12687451 0.04369502
v -0.40324950 -0.13006841 0.06639512
v -0.40324950 -0.13251966 0.08909522
v -0.40324950 -0.13185515 0.11179531
v -0.40324950 -0.12327665 0.13449541
v -0.40324950 -0.11915732 0.13907757
v -0.40324950 -0.09645722 -0.15413208
v -0.40324950 -0.10645647 -0.02440531
v -0.40594898 -0.09645722 -0.02440531
v -0.40324950 -0.09645722 -0.04225501
v -0.40324950 -0.09645722 -0.02238937
v -0.40324950 -0.09645722 0.14788580
v -0.40324950 -0.07375712 -0.15755359
v -0.41218831 -0.07375712 -0.06980554
v -0.40324950 -0.07375712 -0.07442725
v -0.40324950 -0.08074522 -0.06980554
v -0.40324950 -0.09626499 -0.04710544
v -0.40324950 -0.08524099 -0.00170521
v -0.41648078 -0.07375712 -0.00170521
v -0.40324950 -0.07375712 0.00651286
v -0.40324950 -0.07375712 0.10358212
v -0.40324950 -0.08175163 0.11179531
v -0.40324950 -0.08091468 0.13449541
v -0.40324950 -0.05105699 -0.15754251
v -0.42099985 -0.05105699 -0.06980554
v -0.40324950 -0.05105699 -0.08106446
v -0.42387983 -0.05105699 -0.00170521
v -0.40324950 -0.05105699 0.01355264
v -0.40324950 -0.05105699 0.09728335
v -0.40324950 -0.02835689 -0.15639131
v -0.41132832 -0.02835689 -0.06980554
v -0.40324950 -0.02835689 -0.07402004
v -0.41548742 -0.02835689 -0.00170521
v -0.40324950 -0.02835689 0.00530019
v -0.40324950 -0.03712106 0.11179531
v -0.40324950 -0.04000959 0.13449541
v -0.40324950 -0.02835689 0.15127505
v -0.40324950 -0.00565679 -0.15483034
v -0.40324950 -0.02285782 -0.06980554
v -0.40324950 -0.00904578 -0.04710544
v -0.40324950 -0.00914466 -0.02440531
v -0.40324950 -0.02074953 -0.00170521
v -0.40324950 -0.00565679 0.15542919
v -0.40324950 0.01704334 -0.15211283
v -0.40324950 0.01704334 0.15457221
v -0.40324950 0.03974344 -0.14613916
v -0.40324950 0.03974344 0.15317311
v -0.40324950 0.05553059 -0.13790587
v -0.42587813 0.06244354 -0.13790587
v -0.40324950 0.06244354 -0.12264805
v -0.40938835 0.06244354 -0.09250564
v -0.40324950 0.06244354 -0.10676255
v -0.40324950 0.05753512 -0.09250564
v -0.40324950 0.05597731 -0.06980554
v -0.41023366 0.06244354 -0.06980554
v -0.40324950 0.06244354 -0.05718346
v -0.41173741 0.06244354 0.02099489
v -0.40324950 0.06244354 0.00847738
v -0.40324950 0.05671368 0.02099489
v -0.40324950 0.04707493 0.04369502
v -0.42051564 0.06244354 0.04369502
v -0.40324950 0.04725898 0.06639512
v -0.41914140 0.06244354 0.06639512
v -0.40324950 0.06244354 0.08366052
v -0.40324950 0.06244354 0.15306014
v -0.40324950 0.06518565 -0.11520577
v -0.42412132 0.08514364 -0.06980554
v -0.40324950 0.06910953 -0.04710544
v -0.42014417 0.08514364 -0.04710544
v -0.40324950 0.07331418 -0.02440531
v -0.41935754 0.08514364 -0.02440531
v -0.40324950 0.06734174 -0.00170521
v -0.42461946 0.08514364 -0.00170521
v -0.42508109 0.08514364 0.06639512
v -0.40324950 0.08514364 0.08717030
v -0.40324950 0.08514364 0.15505360
v -0.40324950 0.10784374 0.08468835
v -0.40324950 0.10215088 0.15719558
v -0.40683483 0.10784374 0.15719558
v -0.40324950 0.10784374 0.15763912
v -0.40324950 0.12182305 0.08909522
v -0.40324950 0.13054390 0.09206625
v -0.40529044 0.13054390 0.15719558
v -0.40324950 0.13054390 0.15727872
v -0.40361060 0.15324400 0.11179531
v -0.40324950 0.15324400 0.11168619
v -0.40324950 0.15324400 0.14288490
v -0.40324950 0.13085736 0.15719558
v -0.40324950 0.15332886 0.11179531
v -0.40324950 0.15841668 0.13449541
v -0.38054941 -0.12300453 -0.13790587
v -0.38054941 -0.11915732 -0.14182750
v -0.38054941 -0.13277969 -0.11520577
v -0.38054941 -0.13225221 -0.09250564
v -0.38054941 -0.12565856 -0.06980554
v -0.38296606 -0.11915732 -0.04710544
v -0.38054941 -0.11915732 -0.04829285
v -0.39837192 -0.11915732 -0.02440531
v -0.38578076 -0.11915732 -0.00170521
v -0.38054941 -0.11915732 0.00146422
v -0.38054941 -0.12202477 0.02099489
v -0.38054941 -0.12580286 0.04369502
v -0.38054941 -0.12949731 0.06639512
v -0.38054941 -0.13208382 0.08909522
v -0.38054941 -0.13109245 0.11179531
v -0.38054941 -0.12177876 0.13449541
v -0.38054941 -0.11915732 0.13733021
v -0.38054941 -0.09645722 -0.15392162
v -0.40290150 -0.09645722 -0.04710544
v -0.38054941 -0.09645722 -0.06738429
v -0.38403635 -0.09645722 -0.00170521
v -0.38054941 -0.09645722 0.00037587
v -0.38054941 -0.09645722 0.14876286
v -0.38054941 -0.07375712 -0.15787285
v -0.38054941 -0.07375712 -0.08659038
v -0.38054941 -0.09526408 -0.06980554
v -0.38054941 -0.07391441 0.02099489
v -0.38070614 -0.07375712 0.02099489
v -0.38054941 -0.07375712 0.02109529
v -0.39503889 -0.07375712 0.11179531
v -0.39672450 -0.07375712 0.13449541
v -0.38054941 -0.07375712 0.15028740
v -0.38054941 -0.05105699 -0.15787881
v -0.38054941 -0.05105699 -0.09171765
v -0.39158450 -0.05105699 0.02099489
v -0.38054941 -0.05105699 0.02826701
v -0.38855158 -0.05105699 0.11179531
v -0.39193705 -0.05105699 0.13449541
v -0.38054941 -0.05105699 0.15081706
v -0.38054941 -0.02835689 -0.15650855
v -0.38054941 -0.02835689 -0.08624782
v -0.38054941 -0.03450469 0.02099489
v -0.38054941 -0.02835689 0.01866890
v -0.38054941 -0.02835689 0.15569352
v -0.38054941 -0.00565679 -0.15445482
v -0.38054941 -0.00798682 -0.06980554
v -0.39677459 -0.00565679 -0.04710544
v -0.38054941 -0.00565679 -0.06458238
v -0.39594221 -0.00565679 -0.02440531
v -0.38054941 -0.00565679 -0.00853841
v -0.38054941 -0.00847949 -0.00170521
v -0.38054941 -0.00565679 0.15694782
v -0.38054941 0.01704334 -0.15051957
v -0.38054941 0.00520288 -0.04710544
v -0.38054941 0.00330850 -0.02440531
v -0.38054941 0.01704334 0.15640192
v -0.38054941 0.03974344 -0.14157981
v -0.38635076 0.03974344 -0.09250564
v -0.38054941 0.03974344 -0.10062284
v -0.38054941 0.03557525 -0.09250564
v -0.38054941 0.03070356 -0.06980554
v -0.39011072 0.03974344 -0.06980554
v -0.38054941 0.03974344 -0.05154768
v -0.38351739 0.03974344 0.02099489
v -0.38054941 0.03974344 0.01480343
v -0.38054941 0.03759013 0.02099489
v -0.38054941 0.03127923 0.04369502
v -0.39507012 0.03974344 0.04369502
v -0.38054941 0.03217738 0.06639512
v -0.39493805 0.03974344 0.06639512
v -0.38054941 0.03974344 0.07938181
v -0.38054941 0.03974344 0.15552797
v -0.38054941 0.04503559 -0.13790587
v -0.38054941 0.04810223 -0.11520577
v -0.40021340 0.06244354 -0.11520577
v -0.38054941 0.04205043 -0.04710544
v -0.39941579 0.06244354 -0.04710544
v -0.38054941 0.04865847 -0.02440531
v -0.39454848 0.06244354 -0.02440531
v -0.38054941 0.04469024 -0.00170521
v -0.39961187 0.06244354 -0.00170521
v -0.38054941 0.04823065 0.08909522
v -0.39810149 0.06244354 0.08909522
v -0.38054941 0.06244354 0.09896588
v -0.38054941 0.06244354 0.15553327
v -0.40116438 0.08514364 0.08909522
v -0.38054941 0.08514364 0.10017112
v -0.38054941 0.08514364 0.15702910
v -0.39541497 0.10784374 0.08909522
v -0.38054941 0.10784374 0.09520549
v -0.38054941 0.08824800 0.15719558
v -0.38054941 0.10784374 0.15781103
v -0.38054941 0.13054390 0.09559387
v -0.40201005 0.13054390 0.15719558
v -0.38054941 0.13054390 0.15477561
v -0.38054941 0.11549724 0.15719558
v -0.38054941 0.15324400 0.11144791
v -0.38054941 0.15324400 0.13872115
v -0.38054941 0.15348460 0.11179531
v -0.38054941 0.15611135 0.13449541
v -0.35784931 -0.12126545 -0.13790587
v -0.35784931 -0.11915732 -0.14019967
v -0.35784931 -0.13084141 -0.11520577
v -0.35784931 -0.13051536 -0.09250564
v -0.35784931 -0.12408327 -0.06980554
v -0.35784931 -0.11915732 -0.05285210
v -0.35784931 -0.12068209 0.02099489
v -0.35784931 -0.11915732 0.00954559
v -0.35784931 -0.12455767 0.04369502
v -0.35784931 -0.12859253 0.06639512
v -0.35784931 -0.13132609 0.08909522
v -0.35784931 -0.13008843 0.11179531
v -0.35784931 -0.12007363 0.13449541
v -0.35784931 -0.11915732 0.13546490
v -0.35784931 -0.09645722 -0.15371079
v -0.36899821 -0.09645722 -0.06980554
v -0.35784931 -0.09645722 -0.07128987
v -0.35784931 -0.10065955 -0.06980554
v -0.35784931 -0.09645722 0.00550021
v -0.35784931 -0.09645722 0.14882373
v -0.35784931 -0.07375712 -0.15832281
v -0.35784931 -0.07375712 -0.08908994
v -0.35784931 -0.08781553 0.02099489
v -0.35784931 -0.07375712 0.03819018
v -0.35784931 -0.07375712 0.15421619
v -0.35784931 -0.05105699 -0.15846333
v -0.37265610 -0.05105699 -0.09250564
v -0.35784931 -0.05105699 -0.09443022
v -0.35784931 -0.05854773 -0.09250564
v -0.35784931 -0.06232059 0.04369502
v -0.36205542 -0.05105699 0.04369502
v -0.35784931 -0.05105699 0.04668863
v -0.35784931 -0.05105699 0.15593425
v -0.35784931 -0.02835689 -0.15689173
v -0.35784931 -0.04416419 -0.09250564
v -0.35784931 -0.02835689 -0.08856091
v -0.37155415 -0.02835689 0.02099489
v -0.35784931 -0.02835689 0.02647755
v -0.35784931 -0.04620964 0.04369502
v -0.35784931 -0.02835689 0.15666864
v -0.35784931 -0.00565679 -0.15427363
v -0.35784931 -0.00567933 -0.06980554
v -0.35784931 -0.00565679 -0.06974637
v -0.35784931 -0.00711420 -0.00170521
v -0.35784931 -0.00565679 -0.00518224
v -0.35784931 -0.02314944 0.02099489
v -0.35784931 -0.00565679 0.15684559
v -0.35784931 0.01704334 -0.14893716
v -0.35784931 0.00908151 -0.04710544
v -0.35784931 0.00665094 -0.02440531
v -0.35784931 0.01704334 0.15653518
v -0.35784931 0.03765835 -0.13790587
v -0.36376970 0.03974344 -0.13790587
v -0.35784931 0.03974344 -0.12547227
v -0.35784931 0.03974344 -0.11288297
v -0.35784931 0.03045262 -0.09250564
v -0.35784931 0.02510667 -0.06980554
v -0.35784931 0.02823759 -0.04710544
v -0.37528915 0.03974344 -0.04710544
v -0.35784931 0.03234127 -0.02440531
v -0.36546390 0.03974344 -0.02440531
v -0.35784931 0.02942811 -0.00170521
v -0.37201947 0.03974344 -0.00170521
v -0.35784931 0.02754066 0.02099489
v -0.35784931 0.02719799 0.04369502
v -0.35784931 0.03099746 0.06639512
v -0.35784931 0.03974344 0.08032053
v -0.35784931 0.03974344 0.15615515
v -0.35784931 0.04088669 -0.11520577
v -0.35784931 0.04782437 0.08909522
v -0.35784931 0.06244354 0.09927291
v -0.35784931 0.06244354 0.15634490
v -0.35784931 0.08514364 0.10222982
v -0.35784931 0.08276723 0.15719558
v -0.36701167 0.08514364 0.15719558
v -0.35784931 0.08514364 0.15725598
v -0.35784931 0.10784374 0.10042544
v -0.35784931 0.10784374 0.15721553
v -0.35784931 0.13054390 0.10115731
v -0.35784931 0.13054390 0.15188553
v -0.35784931 0.10800895 0.15719558
v -0.35784931 0.14980423 0.11179531
v -0.37786836 0.15324400 0.11179531
v -0.35784931 0.15324400 0.13036090
v -0.35784931 0.15324400 0.13503382
v -0.35784931 0.15363052 0.13449541
v -0.33514918 -0.12033153 -0.13790587
v -0.33514918 -0.11915732 -0.13926131
v -0.33514918 -0.12978826 -0.11520577
v -0.33514918 -0.13012383 -0.09250564
v -0.33514918 -0.12495228 -0.06980554
v -0.33886126 -0.11915732 -0.04710544
v -0.33514918 -0.11946604 -0.04710544
v -0.33514918 -0.11915732 -0.04347116
v -0.33514918 -0.12119958 0.02099489
v -0.33514918 -0.11915732 0.00160779
v -0.33514918 -0.12464578 0.04369502
v -0.33514918 -0.12847333 0.06639512
v -0.33514918 -0.13093102 0.08909522
v -0.33514918 -0.12923420 0.11179531
v -0.34417397 -0.11915732 0.13449541
v -0.33514918 -0.11915732 0.13339883
v -0.33514918 -0.09645722 -0.15411229
v -0.35333968 -0.09645722 -0.06980554
v -0.33514918 -0.09645722 -0.05808837
v -0.33514918 -0.11753148 -0.04710544
v -0.34419681 -0.09645722 -0.00170521
v -0.33514918 -0.11451940 -0.00170521
v -0.33514918 -0.09645722 -0.00954605
v -0.33514918 -0.11822579 0.13449541
v -0.33514918 -0.09645722 0.14798962
v -0.33514918 -0.07375712 -0.15939821
v -0.33514918 -0.07375712 -0.08205712
v -0.33514918 -0.09063952 -0.06980554
v -0.33514918 -0.09341829 -0.00170521
v -0.33514918 -0.08753357 0.02099489
v -0.33514918 -0.07722513 0.04369502
v -0.34567043 -0.07375712 0.04369502
v -0.33514918 -0.07375712 0.04629982
v -0.33514918 -0.07375712 0.15387216
v -0.33514918 -0.05105699 -0.15974174
v -0.35166660 -0.05105699 -0.09250564
v -0.33514918 -0.05105699 -0.08773098
v -0.33514918 -0.05105699 0.05354758
v -0.33514918 -0.05105699 0.15528565
v -0.33514918 -0.02835689 -0.15799885
v -0.33514918 -0.02835689 -0.08086749
v -0.33514918 -0.03753500 0.04369502
v -0.33514918 -0.02835689 0.02353608
v -0.33514918 -0.02835689 0.15539763
v -0.33514918 -0.00565679 -0.15477697
v -0.33514918 -0.01391895 -0.06980554
v -0.33514918 -0.00565679 -0.05050321
v -0.33589195 -0.00565679 -0.02440531
v -0.33514918 -0.00596286 -0.02440531
v -0.33514918 -0.00565679 -0.02856969
v -0.33514918 -0.01570265 -0.00170521
v -0.33514918 -0.02667871 0.02099489
v -0.33514918 -0.00565679 0.15573091
v -0.33514918 0.01704334 -0.14798710
v -0.33514918 -0.00261568 -0.04710544
v -0.33514918 0.01704334 0.15603953
v -0.33514918 0.03258193 -0.13790587
v -0.33514918 0.03895528 -0.11520577
v -0.34425253 0.03974344 -0.11520577
v -0.33514918 0.03364291 -0.09250564
v -0.33514918 0.02996500 -0.06980554
v -0.33514918 0.02998774 -0.04710544
v -0.33514918 0.02784619 -0.02440531
v -0.33514918 0.02522952 -0.00170521
v -0.33514918 0.02528521 0.02099489
v -0.33514918 0.02864188 0.04369502
v -0.33514918 0.03737293 0.06639512
v -0.33514918 0.03974344 0.06964713
v -0.33514918 0.03974344 0.15627058
v -0.33514918 0.05914532 0.08909522
v -0.33514918 0.06244354 0.09154853
v -0.33514918 0.06244354 0.15676616
v -0.33514918 0.08514364 0.09922922
v -0.33514918 0.07738186 0.15719558
v -0.33514918 0.08514364 0.15733660
v -0.33514918 0.10784374 0.10152434
v -0.35667340 0.10784374 0.15719558
v -0.33514918 0.10784374 0.15654154
v -0.33514918 0.09179312 0.15719558
v -0.33514918 0.13054390 0.10400934
v -0.33514918 0.13054390 0.15016269
v -0.33514918 0.14647896 0.11179531
v -0.33514918 0.15136669 0.13449541
v -0.35213198 0.15324400 0.13449541
v -0.31244908 -0.11994674 -0.13790587
v -0.31244908 -0.11915732 -0.13886342
v -0.31244908 -0.12923238 -0.11520577
v -0.31244908 -0.13016550 -0.09250564
v -0.31244908 -0.12606281 -0.06980554
v -0.31244908 -0.12144558 -0.04710544
v -0.32023100 -0.11915732 -0.02440531
v -0.31244908 -0.11992456 -0.02440531
v -0.33132431 -0.11915732 -0.00170521
v -0.31244908 -0.12098186 -0.00170521
v -0.31244908 -0.12313663 0.02099489
v -0.31244908 -0.12603493 0.04369502
v -0.31244908 -0.12910678 0.06639512
v -0.31244908 -0.13082272 0.08909522
v -0.31244908 -0.12850538 0.11179531
v -0.31244908 -0.11915732 0.13135531
v -0.31244908 -0.09645722 -0.15475529
v -0.31729010 -0.09645722 -0.04710544
v -0.32090218 -0.09645722 -0.02440531
v -0.31244908 -0.11640974 0.13449541
v -0.31244908 -0.09645722 0.14692275
v -0.31244908 -0.07375712 -0.16054700
v -0.31244908 -0.07375712 -0.07343509
v -0.31244908 -0.07978021 -0.06980554
v -0.31244908 -0.09473279 -0.04710544
v -0.31244908 -0.09267316 -0.02440531
v -0.31244908 -0.07693097 -0.00170521
v -0.31878871 -0.07375712 0.02099489
v -0.31244908 -0.07375712 0.00351199
v -0.33108066 -0.07375712 0.04369502
v -0.31244908 -0.07375712 0.15216982
v -0.32050253 -0.05105699 -0.16060597
v -0.31244908 -0.07131525 -0.16060597
v -0.31244908 -0.05105699 -0.16093809
v -0.31244908 -0.05105699 -0.07872343
v -0.31244908 -0.05147560 0.02099489
v -0.31244908 -0.05105699 0.02122027
v -0.32097232 -0.05105699 0.04369502
v -0.31244908 -0.05105699 0.15166615
v -0.31244908 -0.04542532 -0.16060597
v -0.31244908 -0.02835689 -0.15922660
v -0.31244908 -0.02835689 -0.07012106
v -0.31749443 -0.02835689 -0.00170521
v -0.31244908 -0.03547722 -0.00170521
v -0.31244908 -0.02835689 -0.00754724
v -0.33285800 -0.02835689 0.02099489
v -0.31244908 -0.05087885 0.02099489
v -0.31244908 -0.02835689 0.15100197
v -0.31244908 -0.00565679 -0.15545865
v -0.31244908 -0.02790918 -0.06980554
v -0.33169180 -0.00565679 -0.04710544
v -0.31244908 -0.01435649 -0.04710544
v -0.31244908 -0.01735176 -0.02440531
v -0.31244908 -0.00565679 0.15357475
v -0.31244908 0.01704334 -0.14724966
v -0.31244908 0.01704334 0.15542958
v -0.31244908 0.02934404 -0.13790587
v -0.31244908 0.03721534 -0.11520577
v -0.31244908 0.03531330 -0.09250564
v -0.31244908 0.03403891 -0.06980554
v -0.31244908 0.03330399 -0.04710544
v -0.31244908 0.02944144 -0.02440531
v -0.31244908 0.02646450 -0.00170521
v -0.31244908 0.02688613 0.02099489
v -0.31244908 0.03176520 0.04369502
v -0.32648859 0.03974344 0.06639512
v -0.31244908 0.03974344 0.05930568
v -0.31244908 0.03974344 0.15645542
v -0.31244908 0.04357391 0.06639512
v -0.32734023 0.06244354 0.08909522
v -0.31244908 0.06244354 0.08466097
v -0.31244908 0.05887939 0.15719558
v -0.31852209 0.06244354 0.15719558
v -0.31244908 0.06244354 0.15729025
v -0.31244908 0.07154759 0.08909522
v -0.31244908 0.08514364 0.09545232
v -0.31244908 0.08514364 0.15769103
v -0.31244908 0.10784374 0.10015063
v -0.31244908 0.10784374 0.15683186
v -0.31244908 0.10148504 0.15719558
v -0.31244908 0.13054390 0.10391971
v -0.31244908 0.13054390 0.15000457
v -0.31244908 0.14630466 0.11179531
v -0.31244908 0.15113902 0.13449541
v -0.28974894 -0.11970790 -0.13790587
v -0.28974894 -0.11915732 -0.13860115
v -0.28974894 -0.12864796 -0.11520577
v -0.28974894 -0.12973592 -0.09250564
v -0.28974894 -0.12587386 -0.06980554
v -0.28974894 -0.12139891 -0.04710544
v -0.28974894 -0.12055327 -0.02440531
v -0.28974894 -0.12239136 -0.00170521
v -0.28974894 -0.12479674 0.02099489
v -0.28974894 -0.12733485 0.04369502
v -0.28974894 -0.12968089 0.06639512
v -0.28974894 -0.13066668 0.08909522
v -0.28974894 -0.12789013 0.11179531
v -0.28974894 -0.11915732 0.13029354
v -0.28974894 -0.09645722 -0.15514953
v -0.30640527 -0.09645722 -0.04710544
v -0.28974894 -0.09645722 -0.05504006
v -0.28974894 -0.10967420 -0.04710544
v -0.28974894 -0.10036211 -0.02440531
v -0.29275870 -0.09645722 -0.02440531
v -0.28974894 -0.09645722 -0.02362922
v -0.28974894 -0.11543167 0.13449541
v -0.28974894 -0.09645722 0.14644712
v -0.31044059 -0.07375712 -0.16060597
v -0.28974894 -0.07615408 -0.16060597
v -0.28974894 -0.07375712 -0.16104003
v -0.28974894 -0.07375712 -0.07951165
v -0.28974894 -0.08856504 -0.06980554
v -0.28974894 -0.07389953 -0.00170521
v -0.28974894 -0.07375712 -0.00160699
v -0.28974894 -0.07375712 0.15077987
v -0.28974894 -0.05105699 -0.16150210
v -0.28974894 -0.05105699 -0.08382875
v -0.31227958 -0.05105699 0.02099489
v -0.28974894 -0.05105699 0.00454969
v -0.29210911 -0.05105699 0.11179531
v -0.28974894 -0.05105699 0.10861736
v -0.28974894 -0.05292406 0.11179531
v -0.28974894 -0.05105699 0.11840442
v -0.28974894 -0.05105699 0.14460051
v -0.28974894 -0.03612383 -0.16060597
v -0.28974894 -0.02835689 -0.15996765
v -0.28974894 -0.02835689 -0.07457476
v -0.28974894 -0.03994508 -0.00170521
v -0.28974894 -0.02835689 -0.00774999
v -0.30074857 -0.02835689 0.11179531
v -0.28974894 -0.02835689 0.09751560
v -0.28974894 -0.02835689 0.13195021
v -0.28974894 -0.02835689 0.13914553
v -0.28974894 -0.00565679 -0.15575650
v -0.28974894 -0.02229352 -0.06980554
v -0.28974894 -0.01099137 -0.04710544
v -0.28974894 -0.01468238 -0.02440531
v -0.28974894 -0.01792972 0.11179531
v -0.28974894 -0.00565679 0.15141076
v -0.28974894 0.01704334 -0.14632546
v -0.28974894 0.01704334 0.15529182
v -0.28974894 0.02702674 -0.13790587
v -0.28974894 0.03651576 -0.11520577
v -0.28974894 0.03687848 -0.09250564
v -0.28974894 0.03627708 -0.06980554
v -0.28974894 0.03494316 -0.04710544
v -0.28974894 0.03149842 -0.02440531
v -0.28974894 0.02920396 -0.00170521
v -0.28974894 0.02953472 0.02099489
v -0.28974894 0.03339959 0.04369502
v -0.28974894 0.03974344 0.05783829
v -0.28974894 0.03974344 0.15692985
v -0.28974894 0.04388816 0.06639512
v -0.28974894 0.06244354 0.08423361
v -0.28974894 0.04495994 0.15719558
v -0.28974894 0.06244354 0.15779896
v -0.28974894 0.07344864 0.08909522
v -0.28974894 0.08514364 0.09392931
v -0.28974894 0.08514364 0.15828400
v -0.28974894 0.10784374 0.09791876
v -0.30467646 0.10784374 0.15719558
v -0.28974894 0.10784374 0.15758899
v -0.28974894 0.13054390 0.10209099
v -0.28974894 0.13054390 0.15105481
v -0.28974894 0.11029924 0.15719558
v -0.28974894 0.14830177 0.11179531
v -0.28974894 0.15268504 0.13449541
v -0.26704885 -0.11942802 -0.13790587
v -0.26704885 -0.11915732 -0.13825888
v -0.26704885 -0.12796687 -0.11520577
v -0.26704885 -0.12900053 -0.09250564
v -0.26704885 -0.12515651 -0.06980554
v -0.26704885 -0.12059248 -0.04710544
v -0.26704885 -0.12021418 -0.02440531
v -0.26704885 -0.12261008 -0.00170521
v -0.26704885 -0.12509605 0.02099489
v -0.26704885 -0.12742621 0.04369502
v -0.26704885 -0.12948243 0.06639512
v -0.26704885 -0.13019195 0.08909522
v -0.26704885 -0.12738534 0.11179531
v -0.26704885 -0.11915732 0.13014662
v -0.26704885 -0.09645722 -0.15517556
v -0.26704885 -0.09645722 -0.06517151
v -0.26704885 -0.11602922 -0.04710544
v -0.26704885 -0.11496510 -0.02440531
v -0.26704885 -0.09645722 -0.01463055
v -0.26704885 -0.11557445 0.13449541
v -0.26704885 -0.09645722 0.14715022
v -0.26704885 -0.07656961 -0.16060597
v -0.26704885 -0.07375712 -0.16111750
v -0.26704885 -0.07375712 -0.08404638
v -0.26704885 -0.09417841 -0.06980554
v -0.26704885 -0.08457254 -0.00170521
v -0.26704885 -0.07375712 0.00780316
v -0.26704885 -0.07375712 0.15227463
v -0.26704885 -0.05105699 -0.16163599
v -0.26704885 -0.05105699 -0.08766525
v -0.26704885 -0.05105699 0.01435853
v -0.28479966 -0.05105699 0.11179531
v -0.26704885 -0.05105699 0.14979825
v -0.26704885 -0.03394715 -0.16060597
v -0.26704885 -0.02835689 -0.16014281
v -0.26704885 -0.02835689 -0.07911648
v -0.26940977 -0.02835689 -0.00170521
v -0.26704885 -0.02835689 -0.00082858
v -0.26917587 -0.02835689 0.11179531
v -0.26704885 -0.02835689 0.14773345
v -0.26704885 -0.00565679 -0.15557408
v -0.26704885 -0.01723146 -0.06980554
v -0.26704885 -0.00754905 -0.04710544
v -0.26704885 -0.01015207 -0.02440531
v -0.26704885 -0.02755703 -0.00170521
v -0.26704885 -0.00565679 0.15331101
v -0.26704885 0.01704334 -0.14510580
v -0.26704885 0.01704334 0.15616357
v -0.26704885 0.02498070 -0.13790587
v -0.26704885 0.03608641 -0.11520577
v -0.26704885 0.03854178 -0.09250564
v -0.26704885 0.03729987 -0.06980554
v -0.26704885 0.03405211 -0.04710544
v -0.26704885 0.03125073 -0.02440531
v -0.26704885 0.03018849 -0.00170521
v -0.26704885 0.02971141 0.02099489
v -0.26704885 0.03021163 0.04369502
v -0.26704885 0.03634146 0.06639512
v -0.27759194 0.03974344 0.06639512
v -0.26704885 0.03974344 0.07091966
v -0.26704885 0.03227371 0.15719558
v -0.28164607 0.03974344 0.15719558
v -0.26704885 0.03974344 0.15751772
v -0.26704885 0.05846218 0.08909522
v -0.27562582 0.06244354 0.08909522
v -0.26704885 0.06244354 0.09179575
v -0.26704885 0.06244354 0.15833492
v -0.26704885 0.08514364 0.09732990
v -0.26704885 0.08514364 0.15891649
v -0.26704885 0.10784374 0.09761060
v -0.26704885 0.10784374 0.15835004
v -0.26704885 0.13054390 0.10069554
v -0.26704885 0.13054390 0.15266129
v -0.26704885 0.11524365 0.15719558
v -0.26704885 0.15031851 0.11179531
v -0.28431445 0.15324400 0.13449541
v -0.26704885 0.15324400 0.12512809
v -0.26704885 0.15324400 0.13594808
v -0.26704885 0.15440621 0.13449541
v -0.24854246 -0.11915732 -0.13790587
v -0.24434875 -0.11915732 -0.13774662
v -0.24434875 -0.12738040 -0.11520577
v -0.24434875 -0.12856429 -0.09250564
v -0.24434875 -0.12543427 -0.06980554
v -0.24434875 -0.12156187 -0.04710544
v -0.24434875 -0.12082609 -0.02440531
v -0.24434875 -0.12233213 -0.00170521
v -0.24434875 -0.12407120 0.02099489
v -0.24434875 -0.12615003 0.04369502
v -0.24434875 -0.12838896 0.06639512
v -0.24434875 -0.12935188 0.08909522
v -0.24434875 -0.12690238 0.11179531
v -0.24434875 -0.11915732 0.13040857
v -0.24434875 -0.11906337 -0.13790587
v -0.24434875 -0.09645722 -0.15496552
v -0.24434875 -0.09645722 -0.05781899
v -0.24434875 -0.11159169 -0.04710544
v -0.24434875 -0.11043869 -0.02440531
v -0.24434875 -0.09645722 -0.01590093
v -0.24434875 -0.11619238 0.13449541
v -0.24434875 -0.09645722 0.14842355
v -0.24434875 -0.07575476 -0.16060597
v -0.24434875 -0.07375712 -0.16096756
v -0.24434875 -0.07375712 -0.08028324
v -0.24434875 -0.08971718 -0.06980554
v -0.24434875 -0.08842647 -0.00170521
v -0.24434875 -0.08229174 0.02099489
v -0.25363602 -0.07375712 0.02099489
v -0.24434875 -0.07517846 0.04369502
v -0.24557971 -0.07375712 0.04369502
v -0.24434875 -0.07375712 0.04493523
v -0.24434875 -0.07375712 0.15486989
v -0.24434875 -0.05105699 -0.16153740
v -0.24434875 -0.05105699 -0.08424298
v -0.26125336 -0.05105699 0.02099489
v -0.25431826 -0.05105699 0.04369502
v -0.24434875 -0.05105699 0.05433484
v -0.24434875 -0.05105699 0.15600002
v -0.24434875 -0.03558817 -0.16060597
v -0.24434875 -0.02835689 -0.16000700
v -0.24434875 -0.02835689 -0.07491749
v -0.24434875 -0.03090219 0.02099489
v -0.24434875 -0.02835689 0.01272812
v -0.24434875 -0.03711646 0.04369502
v -0.24434875 -0.02835689 0.15566852
v -0.24434875 -0.00565679 -0.15512073
v -0.24434875 -0.02202952 -0.06980554
v -0.24434875 -0.01019798 -0.04710544
v -0.24434875 -0.01203339 -0.02440531
v -0.24434875 -0.02394190 -0.00170521
v -0.24434875 -0.00565679 0.15634616
v -0.24434875 0.01704334 -0.14360188
v -0.24434875 0.01339244 0.15719558
v -0.24730984 0.01704334 0.15719558
v -0.24434875 0.01704334 0.15729463
v -0.24434875 0.02286787 -0.13790587
v -0.24434875 0.03444685 -0.11520577
v -0.24434875 0.03771106 -0.09250564
v -0.24434875 0.03567907 -0.06980554
v -0.24434875 0.03144100 -0.04710544
v -0.24434875 0.02907182 -0.02440531
v -0.24434875 0.02882672 -0.00170521
v -0.24434875 0.02819065 0.02099489
v -0.24434875 0.02735353 0.04369502
v -0.24434875 0.03214423 0.06639512
v -0.24434875 0.03974344 0.07656624
v -0.24434875 0.03974344 0.15796908
v -0.24434875 0.05249842 0.08909522
v -0.24434875 0.06244354 0.09576107
v -0.24434875 0.06244354 0.15872383
v -0.24434875 0.08514364 0.09952895
v -0.24434875 0.08514364 0.15937886
v -0.24434875 0.10784374 0.09799520
v -0.24434875 0.10784374 0.15897888
v -0.24434875 0.13054390 0.10046409
v -0.24434875 0.13054390 0.15421592
v -0.24434875 0.11998672 0.15719558
v -0.24434875 0.15141018 0.11179531
v -0.24434875 0.15324400 0.11828860
v -0.24434875 0.15324400 0.13780610
v -0.24434875 0.15587619 0.13449541
v -0.22164865 -0.12691057 -0.11520577
v -0.22164865 -0.11915732 -0.13674131
v -0.22164865 -0.12837060 -0.09250564
v -0.22164865 -0.12620781 -0.06980554
v -0.22164865 -0.12337593 -0.04710544
v -0.22164865 -0.12209630 -0.02440531
v -0.22164865 -0.12197736 -0.00170521
v -0.22164865 -0.12235202 0.02099489
v -0.22164865 -0.12403232 0.04369502
v -0.22164865 -0.12671691 0.06639512
v -0.22164865 -0.12825892 0.08909522
v -0.22164865 -0.12632867 0.11179531
v -0.22164865 -0.11915732 0.13034055
v -0.22164865 -0.11847090 -0.13790587
v -0.22164865 -0.09645722 -0.15458938
v -0.23248329 -0.09645722 -0.04710544
v -0.23471368 -0.09645722 -0.02440531
v -0.22164865 -0.11644140 0.13449541
v -0.22164865 -0.09645722 0.14916245
v -0.22164865 -0.07432908 -0.16060597
v -0.22164865 -0.07375712 -0.16070956
v -0.22264727 -0.07375712 -0.06980554
v -0.22164865 -0.07375712 -0.06868467
v -0.22164865 -0.09009939 -0.04710544
v -0.22164865 -0.09013801 -0.02440531
v -0.22164865 -0.08721656 -0.00170521
v -0.22164865 -0.09158912 0.02099489
v -0.22164865 -0.08845117 0.04369502
v -0.22164865 -0.07375712 0.05791096
v -0.22164865 -0.07375712 0.15610318
v -0.22164865 -0.05105699 -0.16134490
v -0.22164865 -0.05105699 -0.07483187
v -0.22164865 -0.07134236 -0.06980554
v -0.22164865 -0.05105699 0.06450826
v -0.22164865 -0.05954808 0.15719558
v -0.23064715 -0.05105699 0.15719558
v -0.22164865 -0.05105699 0.15764071
v -0.22164865 -0.03863357 -0.16060597
v -0.22164865 -0.02835689 -0.15976110
v -0.22164865 -0.03925866 -0.06980554
v -0.23184669 -0.02835689 -0.06980554
v -0.22164865 -0.02835689 -0.06005700
v -0.23964115 -0.02835689 0.02099489
v -0.23056773 -0.02835689 0.04369502
v -0.22164865 -0.02835689 0.04979299
v -0.22748547 -0.02835689 0.15719558
v -0.22164865 -0.02835689 0.15748484
v -0.22164865 -0.00565679 -0.15456843
v -0.22164865 -0.02049199 -0.04710544
v -0.22164865 -0.02121677 -0.02440531
v -0.22164865 -0.02463101 -0.00170521
v -0.22164865 -0.02002777 0.02099489
v -0.22164865 -0.02302808 0.04369502
v -0.22746469 -0.00565679 0.15719558
v -0.22164865 -0.00565679 0.15737591
v -0.22164865 0.01704334 -0.14193298
v -0.22164865 0.01704334 0.15759529
v -0.22164865 0.02084815 -0.13790587
v -0.22164865 0.03217181 -0.11520577
v -0.22164865 0.03564201 -0.09250564
v -0.22164865 0.03369058 -0.06980554
v -0.22164865 0.02983518 -0.04710544
v -0.22164865 0.02778934 -0.02440531
v -0.22164865 0.02782601 -0.00170521
v -0.22164865 0.02837310 0.02099489
v -0.22164865 0.02971160 0.04369502
v -0.22164865 0.03745760 0.06639512
v -0.22164865 0.03974344 0.06908770
v -0.22164865 0.03974344 0.15807954
v -0.22164865 0.06120793 0.08909522
v -0.22164865 0.06244354 0.08992348
v -0.22164865 0.06244354 0.15880120
v -0.22164865 0.08514364 0.09548454
v -0.22164865 0.08514364 0.15951119
v -0.22164865 0.10784374 0.09603754
v -0.22164865 0.10784374 0.15925780
v -0.22164865 0.13054390 0.10016781
v -0.22164865 0.13054390 0.15521869
v -0.22164865 0.12302936 0.15719558
v -0.22164865 0.15184643 0.11179531
v -0.22164865 0.15324400 0.11602039
v -0.22164865 0.15324400 0.13915998
v -0.22164865 0.15690507 0.13449541
v -0.19894852 -0.12647025 -0.11520577
v -0.19894852 -0.11915732 -0.13563140
v -0.19894852 -0.12803679 -0.09250564
v -0.19894852 -0.12635612 -0.06980554
v -0.19894852 -0.12415378 -0.04710544
v -0.19894852 -0.12265768 -0.02440531
v -0.19894852 -0.12131404 -0.00170521
v -0.19894852 -0.12028595 0.02099489
v -0.19894852 -0.12150469 0.04369502
v -0.19894852 -0.12481206 0.06639512
v -0.19894852 -0.12709548 0.08909522
v -0.19894852 -0.12567384 0.11179531
v -0.19894852 -0.11915732 0.12955564
v -0.19894852 -0.11780934 -0.13790587
v -0.19894852 -0.09645722 -0.15405418
v -0.20555649 -0.09645722 0.02099489
v -0.19894852 -0.09645722 0.01436702
v -0.19894852 -0.10913460 0.02099489
v -0.19894852 -0.09918328 0.04369502
v -0.20007224 -0.09645722 0.04369502
v -0.19894852 -0.09645722 0.04444651
v -0.19894852 -0.11606572 0.13449541
v -0.19894852 -0.09645722 0.14891058
v -0.21456176 -0.07375712 -0.16060597
v -0.19894852 -0.07375712 -0.16028071
v -0.19894852 -0.07375712 -0.06800713
v -0.19894852 -0.08220419 -0.04710544
v -0.19894852 -0.08109485 -0.02440531
v -0.19894852 -0.08946441 -0.00170521
v -0.19894852 -0.07795893 0.06639512
v -0.20439173 -0.07375712 0.06639512
v -0.19894852 -0.07375712 0.06890425
v -0.19894852 -0.07375712 0.15565255
v -0.19894852 -0.06677247 -0.16060597
v -0.19894852 -0.05105699 -0.16110003
v -0.19894852 -0.05105699 -0.07933769
v -0.19894852 -0.07266634 -0.06980554
v -0.21721022 -0.05105699 0.06639512
v -0.19894852 -0.05105699 0.07502580
v -0.20004675 -0.05105699 0.15719558
v -0.19894852 -0.05105699 0.15715925
v -0.19894852 -0.04237436 -0.16060597
v -0.19894852 -0.02835689 -0.15947724
v -0.19894852 -0.03031452 -0.06980554
v -0.19894852 -0.02835689 -0.06593931
v -0.19894852 -0.02919769 0.06639512
v -0.19894852 -0.02835689 0.06588210
v -0.21007216 -0.02835689 0.15719558
v -0.19894852 -0.02835689 0.15674249
v -0.19894852 -0.00565679 -0.15401308
v -0.19894852 -0.02276570 -0.04710544
v -0.19894852 -0.02632020 -0.02440531
v -0.19894852 -0.02066357 -0.00170521
v -0.19894852 -0.01143876 0.02099489
v -0.19894852 -0.01217503 0.04369502
v -0.21407046 -0.00565679 0.15719558
v -0.19894852 -0.00565679 0.15664145
v -0.19894852 0.01704334 -0.14032991
v -0.20142543 0.01704334 0.15719558
v -0.19894852 0.01704334 0.15712358
v -0.19894852 0.01917723 -0.13790587
v -0.19894852 0.03014433 -0.11520577
v -0.19894852 0.03397374 -0.09250564
v -0.19894852 0.03278434 -0.06980554
v -0.19894852 0.02978752 -0.04710544
v -0.19894852 0.02814139 -0.02440531
v -0.19894852 0.02805258 -0.00170521
v -0.19894852 0.02909032 0.02099489
v -0.19894852 0.03336936 0.04369502
v -0.21440762 0.03974344 0.06639512
v -0.19894852 0.03974344 0.05489477
v -0.19894852 0.01901231 0.15719558
v -0.19894852 0.03974344 0.15770946
v -0.19894852 0.04525464 0.06639512
v -0.21892089 0.06244354 0.08909522
v -0.19894852 0.06244354 0.08183360
v -0.19894852 0.06244354 0.15847925
v -0.19894852 0.08117474 0.08909522
v -0.19894852 0.08514364 0.09047323
v -0.19894852 0.08514364 0.15923917
v -0.19894852 0.10784374 0.09400204
v -0.19894852 0.10784374 0.15910518
v -0.19894852 0.13054390 0.09967269
v -0.19894852 0.13054390 0.15540790
v -0.19894852 0.12316248 0.15719558
v -0.19894852 0.15202059 0.11179531
v -0.19894852 0.15324400 0.11532094
v -0.19894852 0.15324400 0.13976277
v -0.19894852 0.15734231 0.13449541
v -0.18471743 -0.50505920 0.58849766
v -0.17624842 -0.50527427 0.58849766
v -0.17624842 -0.50505920 0.58764970
v -0.17624842 -0.50505920 0.58871273
v -0.17624842 -0.50421164 0.58849766
v -0.17624842 -0.12618858 -0.11520577
v -0.17624842 -0.11915732 -0.13476624
v -0.17624842 -0.12775213 -0.09250564
v -0.17624842 -0.12618709 -0.06980554
v -0.17624842 -0.12429218 -0.04710544
v -0.17624842 -0.12284282 -0.02440531
v -0.17624842 -0.12088562 -0.00170521
v -0.18157193 -0.11915732 0.02099489
v -0.17624842 -0.11915732 0.01738175
v -0.17624842 -0.11915732 0.03141987
v -0.17624842 -0.11958246 0.04369502
v -0.17624842 -0.12344153 0.06639512
v -0.17624842 -0.12628528 0.08909522
v -0.17624842 -0.12515207 0.11179531
v -0.17624842 -0.11915732 0.12843911
v -0.17624842 -0.11727699 -0.13790587
v -0.17624842 -0.09645722 -0.15353321
v -0.17624842 -0.09645722 0.00309162
v -0.17624842 -0.11787951 0.04369502
v -0.17624842 -0.09645722 0.05766923
v -0.17624842 -0.11527945 0.13449541
v -0.17624842 -0.09645722 0.14793718
v -0.17624842 -0.07375712 -0.15982179
v -0.19818091 -0.07375712 -0.06980554
v -0.17624842 -0.07375712 -0.08269746
v -0.17624842 -0.08585966 -0.06980554
v -0.17624842 -0.08826348 -0.04710544
v -0.17624842 -0.08306309 -0.02440531
v -0.17624842 -0.09364881 -0.00170521
v -0.17624842 -0.09078561 0.06639512
v -0.17624842 -0.07375712 0.07929854
v -0.17624842 -0.07375712 0.15379055
v -0.17624842 -0.05922169 -0.16060597
v -0.17624842 -0.05105699 -0.16090017
v -0.17725065 -0.05105699 -0.09250564
v -0.17624842 -0.05105699 -0.09296967
v -0.17624842 -0.05230453 -0.09250564
v -0.17624842 -0.05105699 0.08759833
v -0.17624842 -0.05105699 0.15376217
v -0.17624842 -0.04544432 -0.16060597
v -0.17624842 -0.02835689 -0.15930579
v -0.17624842 -0.04967102 -0.09250564
v -0.19779857 -0.02835689 -0.06980554
v -0.17624842 -0.02835689 -0.08440535
v -0.19834513 -0.02835689 0.06639512
v -0.17624842 -0.02835689 0.08433723
v -0.17624842 -0.02835689 0.15233311
v -0.17624842 -0.00565679 -0.15365845
v -0.17624842 -0.01554973 -0.06980554
v -0.17624842 -0.01413469 -0.04710544
v -0.17624842 -0.02188327 -0.02440531
v -0.17624842 -0.01508047 -0.00170521
v -0.17856943 -0.00565679 0.02099489
v -0.17624842 -0.00565679 0.01931385
v -0.18096914 -0.00565679 0.04369502
v -0.17624842 -0.00565679 0.04799063
v -0.17624842 -0.01357039 0.06639512
v -0.17624842 -0.00565679 0.15370993
v -0.17624842 0.01704334 -0.13911705
v -0.17624842 -0.00405717 0.02099489
v -0.17624842 -0.00183166 0.04369502
v -0.17624842 0.01704334 0.15552976
v -0.17624842 0.01805293 -0.13790587
v -0.17624842 0.02879907 -0.11520577
v -0.17624842 0.03319964 -0.09250564
v -0.17624842 0.03320819 -0.06980554
v -0.17624842 0.03136250 -0.04710544
v -0.17624842 0.03014520 -0.02440531
v -0.17624842 0.02918128 -0.00170521
v -0.17624842 0.02750777 0.02099489
v -0.17624842 0.02840194 0.04369502
v -0.17624842 0.03969504 0.06639512
v -0.17639328 0.03974344 0.06639512
v -0.17624842 0.03974344 0.06643735
v -0.18271448 0.03974344 0.15719558
v -0.17624842 0.03974344 0.15687854
v -0.17624842 0.06244354 0.08751691
v -0.17624842 0.04518788 0.15719558
v -0.17624842 0.06244354 0.15785658
v -0.17624842 0.06699361 0.08909522
v -0.17624842 0.08514364 0.09471767
v -0.17624842 0.08514364 0.15866064
v -0.17624842 0.10784374 0.09594876
v -0.17624842 0.10784374 0.15862749
v -0.17624842 0.13054390 0.09984593
v -0.17624842 0.13054390 0.15490695
v -0.17624842 0.12032371 0.15719558
v -0.17624842 0.15189847 0.11179531
v -0.17624842 0.15324400 0.11559310
v -0.17624842 0.15324400 0.13964661
v -0.17624842 0.15725135 0.13449541
v -0.15354832 -0.50551431 0.58849766
v -0.15354832 -0.50505920 0.58669964
v -0.15354832 -0.50505920 0.58895273
v -0.15354832 -0.50326184 0.58849766
v -0.15354832 -0.12633265 -0.11520577
v -0.15354832 -0.11915732 -0.13468625
v -0.15354832 -0.12810484 -0.09250564
v -0.15354832 -0.12681434 -0.06980554
v -0.15354832 -0.12515996 -0.04710544
v -0.15354832 -0.12384934 -0.02440531
v -0.15354832 -0.12207147 -0.00170521
v -0.17069664 -0.11915732 0.02099489
v -0.15354832 -0.12019628 0.02099489
v -0.15354832 -0.12078448 0.04369502
v -0.15354832 -0.12406441 0.06639512
v -0.15354832 -0.12648205 0.08909522
v -0.15354832 -0.12512283 0.11179531
v -0.15354832 -0.11915732 0.12801718
v -0.15354832 -0.11718490 -0.13790587
v -0.15354832 -0.09645722 -0.15332692
v -0.15354832 -0.09645722 0.01188192
v -0.15354832 -0.11377381 0.02099489
v -0.15354832 -0.11265668 0.04369502
v -0.15354832 -0.09645722 0.05283567
v -0.15354832 -0.11474575 0.13449541
v -0.15354832 -0.09645722 0.14710122
v -0.15354832 -0.07375712 -0.15961580
v -0.15354832 -0.07375712 -0.07946558
v -0.15354832 -0.08277124 -0.06980554
v -0.15354832 -0.08421015 -0.04710544
v -0.15354832 -0.07483693 -0.02440531
v -0.15354832 -0.08778679 -0.00170521
v -0.15354832 -0.08834324 0.06639512
v -0.15354832 -0.07375712 0.07932347
v -0.15354832 -0.07375712 0.15175890
v -0.15354832 -0.05762396 -0.16060597
v -0.15354832 -0.05105699 -0.16088134
v -0.17180442 -0.05105699 -0.09250564
v -0.15354832 -0.05105699 -0.09101058
v -0.15354832 -0.05981646 0.08909522
v -0.17097271 -0.05105699 0.08909522
v -0.15354832 -0.05203075 0.11179531
v -0.15481237 -0.05105699 0.11179531
v -0.15354832 -0.05105699 0.11402891
v -0.15354832 -0.05105699 0.14766317
v -0.15354832 -0.04525043 -0.16060597
v -0.15354832 -0.02835689 -0.15945523
v -0.15354832 -0.02835689 -0.08162071
v -0.15378587 -0.02835689 -0.02440531
v -0.15354832 -0.02848206 -0.02440531
v -0.15354832 -0.02835689 -0.02449611
v -0.15354832 -0.02835689 -0.02422763
v -0.17069787 -0.02835689 0.08909522
v -0.16742421 -0.02835689 0.11179531
v -0.15354832 -0.02835689 0.13185395
v -0.15354832 -0.02835689 0.13997691
v -0.15354832 -0.00565679 -0.15374596
v -0.15354832 -0.01806845 -0.06980554
v -0.15354832 -0.01744640 -0.04710544
v -0.15354832 -0.02015639 -0.00170521
v -0.17091536 -0.00565679 0.02099489
v -0.15354832 -0.00726142 0.02099489
v -0.15354832 -0.00565679 0.03951178
v -0.15354832 -0.01151003 0.06639512
v -0.15354832 -0.00565679 0.04556656
v -0.15354832 -0.01428349 0.08909522
v -0.15354832 -0.01203034 0.11179531
v -0.15354832 -0.00565679 0.14913626
v -0.15354832 0.01704334 -0.13854894
v -0.15354832 -0.00410524 0.04369502
v -0.15354832 0.01704334 0.15380474
v -0.15354832 0.01755994 -0.13790587
v -0.15354832 0.02830060 -0.11520577
v -0.15354832 0.03333217 -0.09250564
v -0.15354832 0.03458229 -0.06980554
v -0.15354832 0.03384041 -0.04710544
v -0.15354832 0.03281822 -0.02440531
v -0.15354832 0.03074314 -0.00170521
v -0.15354832 0.02605514 0.02099489
v -0.15354832 0.02320513 0.04369502
v -0.15354832 0.02863094 0.06639512
v -0.15354832 0.03974344 0.07825533
v -0.15354832 0.03974344 0.15577215
v -0.15354832 0.05056754 0.08909522
v -0.17300870 0.06244354 0.08909522
v -0.15354832 0.06244354 0.09675714
v -0.15354832 0.06154765 0.15719558
v -0.15354832 0.06244354 0.15723271
v -0.15354832 0.08514364 0.10144067
v -0.15354832 0.08514364 0.15805799
v -0.15354832 0.10784374 0.09971784
v -0.15354832 0.10784374 0.15809034
v -0.15354832 0.13054390 0.10069481
v -0.15354832 0.13054390 0.15413451
v -0.15354832 0.11611581 0.15719558
v -0.15354832 0.15142722 0.11179531
v -0.15354832 0.15324400 0.11680881
v -0.15354832 0.15324400 0.13912517
v -0.15354832 0.15686357 0.13449541
v -0.13084819 -0.50553565 0.58849766
v -0.13084819 -0.50505920 0.58663003
v -0.13084819 -0.50505920 0.58897408
v -0.13084819 -0.50319197 0.58849766
v -0.13084819 -0.12684169 -0.11520577
v -0.13084819 -0.11915732 -0.13533498
v -0.13084819 -0.12898303 -0.09250564
v -0.13084819 -0.12811326 -0.06980554
v -0.13084819 -0.12666871 -0.04710544
v -0.13084819 -0.12553043 -0.02440531
v -0.13084819 -0.12444261 -0.00170521
v -0.13084819 -0.12365707 0.02099489
v -0.13084819 -0.12432665 0.04369502
v -0.13084819 -0.12636175 0.06639512
v -0.13084819 -0.12766899 0.08909522
v -0.13084819 -0.12571116 0.11179531
v -0.13084819 -0.11915732 0.12882675
v -0.13084819 -0.11753741 -0.13790587
v -0.13084819 -0.09645722 -0.15347622
v -0.14750951 -0.09645722 0.02099489
v -0.14662088 -0.09645722 0.04369502
v -0.13084819 -0.11513760 0.13449541
v -0.13084819 -0.09645722 0.14723462
v -0.13084819 -0.07375712 -0.15968959
v -0.14447549 -0.07375712 -0.06980554
v -0.14313716 -0.07375712 -0.04710544
v -0.15267553 -0.07375712 -0.02440531
v -0.14182842 -0.07375712 -0.00170521
v -0.13084819 -0.07375712 0.01429956
v -0.13084819 -0.07955099 0.02099489
v -0.13084819 -0.08158682 0.04369502
v -0.13904325 -0.07375712 0.06639512
v -0.13084819 -0.07375712 0.05375374
v -0.13084819 -0.07375712 0.15193591
v -0.13084819 -0.05982275 -0.16060597
v -0.13084819 -0.05105699 -0.16102117
v -0.13375876 -0.05105699 -0.06980554
v -0.13316356 -0.05105699 -0.04710544
v -0.14295520 -0.05105699 -0.02440531
v -0.13509037 -0.05105699 -0.00170521
v -0.13084819 -0.05105699 0.00405862
v -0.13084819 -0.05643055 0.06639512
v -0.14017719 -0.05105699 0.08909522
v -0.13084819 -0.05105699 0.07424692
v -0.14985711 -0.05105699 0.11179531
v -0.13084819 -0.05105699 0.14883102
v -0.13084819 -0.04152183 -0.16060597
v -0.13084819 -0.02835689 -0.15982037
v -0.14268477 -0.02835689 -0.06980554
v -0.14197779 -0.02835689 -0.04710544
v -0.14554151 -0.02835689 -0.00170521
v -0.13084819 -0.02835689 0.02013102
v -0.13399869 -0.02835689 0.06639512
v -0.13084819 -0.03992685 0.06639512
v -0.13084819 -0.02835689 0.05764099
v -0.13084819 -0.02835689 0.07743820
v -0.13084819 -0.03669215 0.08909522
v -0.13084819 -0.04416333 0.11179531
v -0.13084819 -0.02835689 0.12752518
v -0.13084819 -0.02835689 0.14321533
v -0.13084819 -0.00565679 -0.15417292
v -0.13084819 -0.02768041 0.02099489
v -0.15274700 -0.00565679 0.04369502
v -0.13084819 -0.02310628 0.04369502
v -0.13084819 -0.02455656 0.08909522
v -0.13084819 -0.01706870 0.11179531
v -0.13084819 -0.00565679 0.14956740
v -0.13084819 0.01704334 -0.13854976
v -0.13084819 0.01704334 0.15355691
v -0.13084819 0.01754983 -0.13790587
v -0.13084819 0.02837758 -0.11520577
v -0.13084819 0.03366220 -0.09250564
v -0.13084819 0.03514603 -0.06980554
v -0.13084819 0.03442245 -0.04710544
v -0.13084819 0.03329445 -0.02440531
v -0.13084819 0.03162975 -0.00170521
v -0.13084819 0.02808775 0.02099489
v -0.13084819 0.02551845 0.04369502
v -0.13084819 0.03003063 0.06639512
v -0.13084819 0.03974344 0.07824837
v -0.13084819 0.03974344 0.15533332
v -0.13084819 0.05025063 0.08909522
v -0.13084819 0.06244354 0.09720744
v -0.15099556 0.06244354 0.15719558
v -0.13084819 0.06244354 0.15670073
v -0.13084819 0.08514364 0.10188772
v -0.13084819 0.07079451 0.15719558
v -0.13084819 0.08514364 0.15771496
v -0.13084819 0.10784374 0.10015368
v -0.13084819 0.10784374 0.15775514
v -0.13084819 0.13054390 0.10099760
v -0.13084819 0.13054390 0.15355711
v -0.13084819 0.11309359 0.15719558
v -0.13084819 0.15090273 0.11179531
v -0.13084819 0.15324400 0.11838088
v -0.13084819 0.15324400 0.13858603
v -0.13084819 0.15645391 0.13449541
v -0.10814809 -0.50546266 0.58849766
v -0.10814809 -0.50505920 0.58693036
v -0.10814809 -0.50505920 0.58890108
v -0.10814809 -0.50349207 0.58849766
v -0.10814809 -0.12733631 -0.11520577
v -0.10814809 -0.11915732 -0.13610706
v -0.10814809 -0.12966508 -0.09250564
v -0.10814809 -0.12896400 -0.06980554
v -0.10814809 -0.12760097 -0.04710544
v -0.10814809 -0.12668380 -0.02440531
v -0.10814809 -0.12625548 -0.00170521
v -0.10814809 -0.12631700 0.02099489
v -0.10814809 -0.12714709 0.04369502
v -0.10814809 -0.12847581 0.06639512
v -0.10814809 -0.12901588 0.08909522
v -0.10814809 -0.12657291 0.11179531
v -0.10814809 -0.11915732 0.13025323
v -0.10814809 -0.11800399 -0.13790587
v -0.10814809 -0.09645722 -0.15372474
v -0.10814809 -0.11615668 0.13449541
v -0.10814809 -0.09645722 0.14812269
v -0.10814809 -0.07375712 -0.15981357
v -0.12781702 -0.07375712 0.02099489
v -0.12658399 -0.07375712 0.04369502
v -0.10814809 -0.07375712 0.15372458
v -0.10814809 -0.06177830 -0.16060597
v -0.10814809 -0.05105699 -0.16114024
v -0.12277846 -0.05105699 0.02099489
v -0.12126917 -0.05105699 0.04369502
v -0.12905037 -0.05105699 0.06639512
v -0.10814809 -0.05105699 0.15402299
v -0.10814809 -0.03823087 -0.16060597
v -0.10814809 -0.02835689 -0.16006753
v -0.13045815 -0.02835689 0.02099489
v -0.12788636 -0.02835689 0.04369502
v -0.12886791 -0.02835689 0.08909522
v -0.12385253 -0.02835689 0.11179531
v -0.10814809 -0.02835689 0.15289592
v -0.10814809 -0.00565679 -0.15455036
v -0.10814809 -0.00565679 0.15346549
v -0.10814809 0.01704334 -0.13878559
v -0.10814809 0.01704334 0.15462545
v -0.10814809 0.01773033 -0.13790587
v -0.10814809 0.02855675 -0.11520577
v -0.10814809 0.03354207 -0.09250564
v -0.10814809 0.03426327 -0.06980554
v -0.10814809 0.03270551 -0.04710544
v -0.10814809 0.03133850 -0.02440531
v -0.10814809 0.03091161 -0.00170521
v -0.10814809 0.03070562 0.02099489
v -0.10814809 0.03156147 0.04369502
v -0.10814809 0.03868273 0.06639512
v -0.10814809 0.03974344 0.06780051
v -0.10814809 0.03974344 0.15558287
v -0.10814809 0.06125646 0.08909522
v -0.10814809 0.06244354 0.08992653
v -0.10814809 0.06244354 0.15670099
v -0.10814809 0.08514364 0.09673115
v -0.10814809 0.07140936 0.15719558
v -0.10814809 0.08514364 0.15767750
v -0.10814809 0.10784374 0.09746919
v -0.10814809 0.10784374 0.15769196
v -0.10814809 0.13054390 0.10072538
v -0.10814809 0.13054390 0.15336989
v -0.10814809 0.11240998 0.15719558
v -0.10814809 0.15049201 0.11179531
v -0.10814809 0.15324400 0.11984575
v -0.10814809 0.15324400 0.13823982
v -0.10814809 0.15617698 0.13449541
v -0.08544799 -0.50537916 0.58849766
v -0.08544799 -0.50505920 0.58726245
v -0.08544799 -0.50505920 0.58881761
v -0.08544799 -0.50382399 0.58849766
v -0.08544799 -0.12756759 -0.11520577
v -0.08544799 -0.11915732 -0.13659107
v -0.08544799 -0.12981551 -0.09250564
v -0.08544799 -0.12894319 -0.06980554
v -0.08544799 -0.12748001 -0.04710544
v -0.08544799 -0.12678205 -0.02440531
v -0.08544799 -0.12683009 -0.00170521
v -0.08544799 -0.12734940 0.02099489
v -0.08544799 -0.12834730 0.04369502
v -0.08544799 -0.12954312 0.06639512
v -0.08544799 -0.12987524 0.08909522
v -0.08544799 -0.12726398 0.11179531
v -0.08544799 -0.11915732 0.13147982
v -0.08544799 -0.11831360 -0.13790587
v -0.08544799 -0.09645722 -0.15387040
v -0.08544799 -0.11706756 0.13449541
v -0.08544799 -0.09645722 0.14898510
v -0.08544799 -0.07375712 -0.15983810
v -0.08544799 -0.07375712 0.15510525
v -0.08544799 -0.06164848 -0.16060597
v -0.08544799 -0.05105699 -0.16112061
v -0.08544799 -0.05105699 0.15643653
v -0.08544799 -0.03873407 -0.16060597
v -0.08544799 -0.02835689 -0.16005142
v -0.08544799 -0.02835689 0.15601885
v -0.08544799 -0.00565679 -0.15465614
v -0.08544799 -0.00565679 0.15558684
v -0.08544799 0.01704334 -0.13901422
v -0.08544799 0.01704334 0.15556622
v -0.08544799 0.01791328 -0.13790587
v -0.08544799 0.02869167 -0.11520577
v -0.08544799 0.03322907 -0.09250564
v -0.08544799 0.03310457 -0.06980554
v -0.08544799 0.03077928 -0.04710544
v -0.08544799 0.02918473 -0.02440531
v -0.08544799 0.02925938 -0.00170521
v -0.08544799 0.03034940 0.02099489
v -0.08544799 0.03260547 0.04369502
v -0.09420414 0.03974344 0.06639512
v -0.08544799 0.03974344 0.06484552
v -0.08544799 0.03974344 0.15593949
v -0.08544799 0.04038355 0.06639512
v -0.10055461 0.06244354 0.08909522
v -0.08544799 0.06244354 0.08747508
v -0.08544799 0.06244354 0.15687595
v -0.08544799 0.06743430 0.08909522
v -0.08544799 0.08514364 0.09447130
v -0.08544799 0.06841366 0.15719558
v -0.08544799 0.08514364 0.15778099
v -0.08544799 0.10784374 0.09640463
v -0.08544799 0.10784374 0.15779306
v -0.08544799 0.13054390 0.10091499
v -0.08544799 0.13054390 0.15346436
v -0.08544799 0.11321617 0.15719558
v -0.08544799 0.15008706 0.11179531
v -0.08544799 0.15324400 0.12093563
v -0.08544799 0.15324400 0.13811067
v -0.08544799 0.15605579 0.13449541
v -0.06274786 -0.50532128 0.58849766
v -0.06274786 -0.50505920 0.58748866
v -0.06274786 -0.50505920 0.58875973
v -0.06274786 -0.50405013 0.58849766
v -0.06274786 -0.12754425 -0.11520577
v -0.06274786 -0.11915732 -0.13670680
v -0.06274786 -0.12960027 -0.09250564
v -0.06274786 -0.12841658 -0.06980554
v -0.06274786 -0.12673349 -0.04710544
v -0.06274786 -0.12613455 -0.02440531
v -0.06274786 -0.12639235 -0.00170521
v -0.06274786 -0.12703975 0.02099489
v -0.06274786 -0.12816935 0.04369502
v -0.06274786 -0.12958121 0.06639512
v -0.06274786 -0.13011140 0.08909522
v -0.06274786 -0.12760336 0.11179531
v -0.06274786 -0.11915732 0.13220546
v -0.06274786 -0.11839545 -0.13790587
v -0.06274786 -0.09645722 -0.15389175
v -0.06274786 -0.11760484 0.13449541
v -0.06274786 -0.09645722 0.14946861
v -0.06274786 -0.07375712 -0.15977363
v -0.06304428 -0.07375712 -0.04710544
v -0.06274786 -0.07375712 -0.04750009
v -0.06274786 -0.07403209 -0.04710544
v -0.06274786 -0.07375712 -0.04671412
v -0.06274786 -0.07375712 0.15574278
v -0.06274786 -0.05970925 -0.16060597
v -0.06274786 -0.05105699 -0.16099770
v -0.07555044 -0.05105699 -0.04710544
v -0.06274786 -0.05105699 -0.06367392
v -0.06274786 -0.05105699 -0.03192775
v -0.06274786 -0.05264806 0.15719558
v -0.06578158 -0.05105699 0.15719558
v -0.06274786 -0.05105699 0.15727984
v -0.06274786 -0.04195784 -0.16060597
v -0.06274786 -0.02835689 -0.15986025
v -0.06274786 -0.03829312 -0.04710544
v -0.06274786 -0.02835689 0.15700325
v -0.06274786 -0.04316245 0.15719558
v -0.06274786 -0.00565679 -0.15455666
v -0.06274786 -0.00565679 0.15635544
v -0.06274786 0.01704334 -0.13920655
v -0.06274786 0.01704334 0.15597124
v -0.06274786 0.01807929 -0.13790587
v -0.06274786 0.02893273 -0.11520577
v -0.06274786 0.03336485 -0.09250564
v -0.06274786 0.03297754 -0.06980554
v -0.06274786 0.03034787 -0.04710544
v -0.06274786 0.02854773 -0.02440531
v -0.06274786 0.02831121 -0.00170521
v -0.06274786 0.02838719 0.02099489
v -0.06274786 0.02859911 0.04369502
v -0.06274786 0.03416302 0.06639512
v -0.08368524 0.03974344 0.06639512
v -0.06274786 0.03974344 0.07438496
v -0.06274786 0.03974344 0.15610072
v -0.06274786 0.05593249 0.08909522
v -0.08019396 0.06244354 0.08909522
v -0.06274786 0.06244354 0.09364144
v -0.06274786 0.06244354 0.15698939
v -0.06274786 0.08514364 0.09799799
v -0.06274786 0.06610554 0.15719558
v -0.06274786 0.08514364 0.15789543
v -0.06274786 0.10784374 0.09779730
v -0.06274786 0.10784374 0.15794853
v -0.06274786 0.13054390 0.10129859
v -0.06274786 0.13054390 0.15370416
v -0.06274786 0.11455169 0.15719558
v -0.06274786 0.14994624 0.11179531
v -0.06274786 0.15324400 0.12103064
v -0.06274786 0.15324400 0.13818891
v -0.06274786 0.15609239 0.13449541
v -0.04004776 -0.50529201 0.58849766
v -0.04004776 -0.50505920 0.58760183
v -0.04004776 -0.50505920 0.58873036
v -0.04004776 -0.50416334 0.58849766
v -0.04004776 -0.12735666 -0.11520577
v -0.04004776 -0.11915732 -0.13650777
v -0.04004776 -0.12926059 -0.09250564
v -0.04004776 -0.12785778 -0.06980554
v -0.04004776 -0.12595518 -0.04710544
v -0.04004776 -0.12522987 -0.02440531
v -0.04004776 -0.12538189 -0.00170521
v -0.04004776 -0.12588440 0.02099489
v -0.04004776 -0.12709392 0.04369502
v -0.04004776 -0.12893782 0.06639512
v -0.04004776 -0.12991075 0.08909522
v -0.04004776 -0.12766339 0.11179531
v -0.04004776 -0.11915732 0.13252449
v -0.04004776 -0.11828108 -0.13790587
v -0.04004776 -0.09645722 -0.15383500
v -0.04004776 -0.11784756 0.13449541
v -0.04004776 -0.09645722 0.14963476
v -0.04004776 -0.07375712 -0.15967637
v -0.06030035 -0.07375712 -0.04710544
v -0.04004776 -0.07375712 0.15591343
v -0.04004776 -0.05707150 -0.16060597
v -0.04004776 -0.05105699 -0.16085999
v -0.04004776 -0.05105699 -0.05658021
v -0.04004776 -0.06827990 -0.04710544
v -0.04004776 -0.05105699 -0.03480895
v -0.04495783 -0.05105699 0.04369502
v -0.04004776 -0.05105699 0.02379292
v -0.04004776 -0.06375061 0.04369502
v -0.04004776 -0.05105699 0.04999371
v -0.04004776 -0.05544261 0.15719558
v -0.04004776 -0.05105699 0.15743220
v -0.04004776 -0.04531119 -0.16060597
v -0.04004776 -0.02835689 -0.15964928
v -0.04004776 -0.04329578 -0.04710544
v -0.04004776 -0.04299336 0.04369502
v -0.04004776 -0.02835689 0.15718597
v -0.04004776 -0.02910984 0.15719558
v -0.04004776 -0.00565679 -0.15441471
v -0.04004776 -0.00565679 0.15648652
v -0.04004776 0.01704334 -0.13938821
v -0.04004776 0.01704334 0.15602680
v -0.04004776 0.01824507 -0.13790587
v -0.04004776 0.02934358 -0.11520577
v -0.04004776 0.03417144 -0.09250564
v -0.04004776 0.03433056 -0.06980554
v -0.04004776 0.03199983 -0.04710544
v -0.04004776 0.03006305 -0.02440531
v -0.04004776 0.02916424 -0.00170521
v -0.04004776 0.02799175 0.02099489
v -0.04004776 0.02731355 0.04369502
v -0.04004776 0.03278799 0.06639512
v -0.04004776 0.03974344 0.07605561
v -0.04004776 0.03974344 0.15612267
v -0.04004776 0.05410775 0.08909522
v -0.04004776 0.06244354 0.09489031
v -0.04004776 0.06244354 0.15706444
v -0.04004776 0.08514364 0.09897801
v -0.04004776 0.06461004 0.15719558
v -0.04004776 0.08514364 0.15800694
v -0.04004776 0.10784374 0.09825947
v -0.04004776 0.10784374 0.15811388
v -0.04004776 0.13054390 0.10105309
v -0.04004776 0.13054390 0.15401079
v -0.04004776 0.11601848 0.15719558
v -0.04004776 0.15040059 0.11179531
v -0.04004776 0.15324400 0.11983958
v -0.04004776 0.15324400 0.13843249
v -0.04004776 0.15626171 0.13449541
v -0.01734766 -0.50528021 0.58849766
v -0.01734766 -0.50505920 0.58764698
v -0.01734766 -0.50505920 0.58871863
v -0.01734766 -0.50420852 0.58849766
v -0.01734766 -0.12706074 -0.11520577
v -0.01734766 -0.11915732 -0.13608657
v -0.01734766 -0.12880608 -0.09250564
v -0.01734766 -0.12715922 -0.06980554
v -0.01734766 -0.12498049 -0.04710544
v -0.01734766 -0.12412060 -0.02440531
v -0.01734766 -0.12423400 -0.00170521
v -0.01734766 -0.12465751 0.02099489
v -0.01734766 -0.12596648 0.04369502
v -0.01734766 -0.12822594 0.06639512
v -0.01734766 -0.12961539 0.08909522
v -0.01734766 -0.12761775 0.11179531
v -0.01734766 -0.11915732 0.13265205
v -0.01734766 -0.11803585 -0.13790587
v -0.01734766 -0.09645722 -0.15372454
v -0.01734766 -0.11795052 0.13449541
v -0.01734766 -0.09645722 0.14967036
v -0.01734766 -0.07375712 -0.15956790
v -0.02295691 -0.07375712 0.02099489
v -0.01734766 -0.07375712 0.01440060
v -0.01734766 -0.07770885 0.02099489
v -0.01734766 -0.08171514 0.04369502
v -0.03057485 -0.07375712 0.04369502
v -0.01734766 -0.07375712 0.05209713
v -0.01734766 -0.07375712 0.15590044
v -0.01734766 -0.05461169 -0.16060597
v -0.01734766 -0.05105699 -0.16075093
v -0.01734766 -0.05105699 -0.05651914
v -0.01734766 -0.07188004 -0.04710544
v -0.01734766 -0.05775742 -0.02440531
v -0.02230169 -0.05105699 -0.02440531
v -0.01734766 -0.05105699 -0.01602076
v -0.03839659 -0.05105699 0.02099489
v -0.01734766 -0.05105699 0.00213453
v -0.01734766 -0.05105699 0.06177702
v -0.01734766 -0.05464974 0.15719558
v -0.01734766 -0.05105699 0.15738194
v -0.01734766 -0.04778595 -0.16060597
v -0.01734766 -0.02835689 -0.15950087
v -0.01734766 -0.04091228 -0.04710544
v -0.01734766 -0.04787042 -0.02440531
v -0.01734766 -0.03374468 0.02099489
v -0.01734766 -0.02939158 0.04369502
v -0.01734766 -0.02835689 0.15709421
v -0.01734766 -0.03550606 0.15719558
v -0.01734766 -0.00565679 -0.15431145
v -0.01734766 -0.00565679 0.15638926
v -0.01734766 0.01704334 -0.13950811
v -0.01734766 0.01704334 0.15594897
v -0.01734766 0.01835904 -0.13790587
v -0.01734766 0.02970915 -0.11520577
v -0.01734766 0.03508988 -0.09250564
v -0.01734766 0.03618606 -0.06980554
v -0.01734766 0.03461074 -0.04710544
v -0.01734766 0.03276585 -0.02440531
v -0.01734766 0.03128918 -0.00170521
v -0.01734766 0.02954553 0.02099489
v -0.01734766 0.02979421 0.04369502
v -0.01734766 0.03731525 0.06639512
v -0.01734766 0.03974344 0.06958189
v -0.01734766 0.03974344 0.15609562
v -0.01734766 0.06056729 0.08909522
v -0.01734766 0.06244354 0.09045997
v -0.01734766 0.06244354 0.15711575
v -0.01734766 0.08514364 0.09681535
v -0.01734766 0.06370129 0.15719558
v -0.01734766 0.08514364 0.15809300
v -0.01734766 0.10784374 0.09756976
v -0.01734766 0.10784374 0.15823779
v -0.01734766 0.13054390 0.10046582
v -0.01734766 0.13054390 0.15425782
v -0.01734766 0.11713356 0.15719558
v -0.01734766 0.15105005 0.11179531
v -0.01734766 0.15324400 0.11825094
v -0.01734766 0.15324400 0.13867812
v -0.01734766 0.15644052 0.13449541
v 0.00535247 -0.50527427 0.58849766
v 0.00535247 -0.50505920 0.58766972
v 0.00535247 -0.50505920 0.58871273
v 0.00535247 -0.50423126 0.58849766
v 0.00535247 -0.12679051 -0.11520577
v 0.00535247 -0.11915732 -0.13566873
v 0.00535247 -0.12836838 -0.09250564
v 0.00535247 -0.12640972 -0.06980554
v 0.00535247 -0.12392100 -0.04710544
v 0.00535247 -0.12314140 -0.02440531
v 0.00535247 -0.12356458 -0.00170521
v 0.00535247 -0.12421547 0.02099489
v 0.00535247 -0.12564765 0.04369502
v 0.00535247 -0.12800427 0.06639512
v 0.00535247 -0.12949303 0.08909522
v 0.00535247 -0.12758446 0.11179531
v 0.00535247 -0.11915732 0.13272411
v 0.00535247 -0.11779790 -0.13790587
v 0.00535247 -0.09645722 -0.15361747
v 0.00535247 -0.11800575 0.13449541
v 0.00535247 -0.09645722 0.14971398
v 0.00535247 -0.07375712 -0.15948092
v -0.01669014 -0.07375712 -0.04710544
v 0.00535247 -0.07375712 -0.06818918
v 0.00535247 -0.08973080 -0.04710544
v 0.00535247 -0.08529049 -0.02440531
v -0.01101339 -0.07375712 -0.02440531
v 0.00535247 -0.07375712 -0.00606305
v 0.00535247 -0.07375712 0.00631615
v 0.00535247 -0.07927502 0.02099489
v 0.00535247 -0.08252033 0.04369502
v 0.00535247 -0.07375712 0.05306983
v 0.00535247 -0.07375712 0.15588558
v 0.00535247 -0.05311178 -0.16060597
v 0.00535247 -0.05105699 -0.16068987
v -0.00543732 -0.05105699 -0.06980554
v 0.00535247 -0.05105699 -0.07483714
v 0.00535247 -0.07027482 -0.06980554
v 0.00535247 -0.06461349 -0.00170521
v -0.00736008 -0.05105699 -0.00170521
v 0.00535247 -0.05105699 0.06261882
v 0.00535247 -0.05353374 0.15719558
v 0.00535247 -0.05105699 0.15731816
v 0.00535247 -0.04913808 -0.16060597
v 0.00535247 -0.02835689 -0.15943418
v 0.00535247 -0.04023955 -0.06980554
v -0.00701483 -0.02835689 -0.04710544
v 0.00535247 -0.02835689 -0.05875762
v 0.00056800 -0.02835689 -0.02440531
v 0.00535247 -0.02835689 -0.01853885
v 0.00535247 -0.04387178 -0.00170521
v 0.00535247 -0.03201160 0.02099489
v 0.00535247 -0.02866820 0.04369502
v 0.00535247 -0.02835689 0.15697878
v 0.00535247 -0.04196325 0.15719558
v 0.00535247 -0.00565679 -0.15425361
v 0.00535247 -0.02090142 -0.04710544
v 0.00535247 -0.02561074 -0.02440531
v 0.00535247 -0.00565679 0.15626727
v 0.00535247 0.01704334 -0.13949018
v 0.00535247 0.01704334 0.15584090
v 0.00535247 0.01834820 -0.13790587
v 0.00535247 0.02975728 -0.11520577
v 0.00535247 0.03528778 -0.09250564
v 0.00535247 0.03671068 -0.06980554
v 0.00535247 0.03548740 -0.04710544
v 0.00535247 0.03381330 -0.02440531
v 0.00535247 0.03213077 -0.00170521
v 0.00535247 0.02985594 0.02099489
v 0.00535247 0.02982325 0.04369502
v 0.00535247 0.03736571 0.06639512
v 0.00535247 0.03974344 0.06951758
v 0.00535247 0.03974344 0.15601149
v 0.00535247 0.06008947 0.08909522
v 0.00535247 0.06244354 0.09083635
v 0.00535247 0.06244354 0.15706225
v 0.00535247 0.08514364 0.09741356
v 0.00535247 0.06448838 0.15719558
v 0.00535247 0.08514364 0.15808259
v 0.00535247 0.10784374 0.09797723
v 0.00535247 0.10784374 0.15824641
v 0.00535247 0.13054390 0.10045760
v 0.00535247 0.13054390 0.15429429
v 0.00535247 0.11725727 0.15719558
v 0.00535247 0.15114068 0.11179531
v 0.00535247 0.15324400 0.11797076
v 0.00535247 0.15324400 0.13872546
v 0.00535247 0.15647307 0.13449541
v 0.02805257 -0.50526771 0.58849766
v 0.02805257 -0.50505920 0.58769524
v 0.02805257 -0.50505920 0.58870616
v 0.02805257 -0.50425679 0.58849766
v 0.02805257 -0.12677801 -0.11520577
v 0.02805257 -0.11915732 -0.13559673
v 0.02805257 -0.12841797 -0.09250564
v 0.02805257 -0.12656671 -0.06980554
v 0.02805257 -0.12417377 -0.04710544
v 0.02805257 -0.12345821 -0.02440531
v 0.02805257 -0.12400713 -0.00170521
v 0.02805257 -0.12484796 0.02099489
v 0.02805257 -0.12626864 0.04369502
v 0.02805257 -0.12831720 0.06639512
v 0.02805257 -0.12953639 0.08909522
v 0.02805257 -0.12753984 0.11179531
v 0.02805257 -0.11915732 0.13269554
v 0.02805257 -0.11775209 -0.13790587
v 0.02805257 -0.09645722 -0.15363391
v 0.02805257 -0.11798655 0.13449541
v 0.02805257 -0.09645722 0.14977054
v 0.02805257 -0.07375712 -0.15949938
v 0.02805257 -0.07375712 -0.06801011
v 0.02805257 -0.08949169 -0.04710544
v 0.02805257 -0.08383527 -0.02440531
v 0.02805257 -0.07375712 -0.01205528
v 0.01460053 -0.07375712 0.02099489
v 0.02155134 -0.07375712 0.04369502
v 0.02805257 -0.07375712 0.15589938
v 0.02805257 -0.05359841 -0.16060597
v 0.02805257 -0.05105699 -0.16071155
v 0.02805257 -0.05105699 -0.07504814
v 0.02805257 -0.06997655 -0.06980554
v 0.01978580 -0.05105699 -0.00170521
v 0.02805257 -0.05105699 -0.00360891
v 0.02805257 -0.05105699 0.00901039
v 0.02805257 -0.05702645 0.02099489
v 0.02805257 -0.06781723 0.04369502
v 0.02805257 -0.05105699 0.05234207
v 0.02805257 -0.05289863 0.15719558
v 0.02805257 -0.05105699 0.15728356
v 0.02805257 -0.04864985 -0.16060597
v 0.02805257 -0.02835689 -0.15946438
v 0.02805257 -0.03987567 -0.06980554
v 0.02805257 -0.02835689 -0.05906090
v 0.02805257 -0.02835689 -0.02140258
v 0.02805257 -0.04739297 0.02099489
v 0.02805257 -0.04004891 0.04369502
v 0.02805257 -0.02835689 0.15689956
v 0.02805257 -0.04516477 0.15719558
v 0.02805257 -0.00565679 -0.15424154
v 0.02805257 -0.02057476 -0.04710544
v 0.02805257 -0.02646287 -0.02440531
v 0.02805257 -0.00565679 0.15616921
v 0.02805257 0.01704334 -0.13932327
v 0.02805257 0.01704334 0.15572786
v 0.02805257 0.01820343 -0.13790587
v 0.02805257 0.02947359 -0.11520577
v 0.02805257 0.03462075 -0.09250564
v 0.02805257 0.03537370 -0.06980554
v 0.02805257 0.03361049 -0.04710544
v 0.02805257 0.03198869 -0.02440531
v 0.02805257 0.03080599 -0.00170521
v 0.02805257 0.02857127 0.02099489
v 0.02805257 0.02731919 0.04369502
v 0.02805257 0.03293444 0.06639512
v 0.02805257 0.03974344 0.07584803
v 0.02805257 0.03974344 0.15587073
v 0.02805257 0.05347593 0.08909522
v 0.02805257 0.06244354 0.09555820
v 0.02805257 0.06244354 0.15688398
v 0.02805257 0.08514364 0.10018849
v 0.02805257 0.06721664 0.15719558
v 0.02805257 0.08514364 0.15795808
v 0.02805257 0.10784374 0.09912261
v 0.02805257 0.10784374 0.15811845
v 0.02805257 0.13054390 0.10103048
v 0.02805257 0.13054390 0.15407696
v 0.02805257 0.11617985 0.15719558
v 0.02805257 0.15051847 0.11179531
v 0.02805257 0.15324400 0.11943762
v 0.02805257 0.15324400 0.13851463
v 0.02805257 0.15631296 0.13449541
v 0.05075267 -0.50526065 0.58849766
v 0.05075267 -0.50505920 0.58772296
v 0.05075267 -0.50505920 0.58869914
v 0.05075267 -0.50428450 0.58849766
v 0.05075267 -0.12707831 -0.11520577
v 0.05075267 -0.11915732 -0.13594857
v 0.05075267 -0.12907088 -0.09250564
v 0.05075267 -0.12782168 -0.06980554
v 0.05075267 -0.12592117 -0.04710544
v 0.05075267 -0.12505411 -0.02440531
v 0.05075267 -0.12522447 -0.00170521
v 0.05075267 -0.12590479 0.02099489
v 0.05075267 -0.12710960 0.04369502
v 0.05075267 -0.12868658 0.06639512
v 0.05075267 -0.12950722 0.08909522
v 0.05075267 -0.12736475 0.11179531
v 0.05075267 -0.11915732 0.13239116
v 0.05075267 -0.11794111 -0.13790587
v 0.05075267 -0.09645722 -0.15381587
v 0.05075267 -0.11777954 0.13449541
v 0.05075267 -0.09645722 0.14970304
v 0.05075267 -0.07375712 -0.15964726
v 0.04357903 -0.07375712 -0.04710544
v 0.03687466 -0.07375712 -0.02440531
v 0.05075267 -0.07375712 0.15579926
v 0.05075267 -0.05596265 -0.16060597
v 0.05075267 -0.05105699 -0.16081100
v 0.03548511 -0.05105699 -0.06980554
v 0.05022547 -0.05105699 -0.04710544
v 0.04467515 -0.05105699 -0.02440531
v 0.03005598 -0.05105699 0.02099489
v 0.03489545 -0.05105699 0.04369502
v 0.04412885 -0.05105699 0.15719558
v 0.05075267 -0.05105699 0.15715056
v 0.05075267 -0.04658946 -0.16060597
v 0.05075267 -0.02835689 -0.15955073
v 0.03726350 -0.02835689 -0.04710544
v 0.03013998 -0.02835689 -0.02440531
v 0.05075267 -0.02835689 0.15672028
v 0.05075267 -0.00565679 -0.15422964
v 0.05075267 -0.00565679 0.15599597
v 0.05075267 0.01704334 -0.13903242
v 0.05075267 0.01704334 0.15556855
v 0.05075267 0.01795591 -0.13790587
v 0.05075267 0.02906785 -0.11520577
v 0.05075267 0.03377312 -0.09250564
v 0.05075267 0.03382729 -0.06980554
v 0.05075267 0.03160973 -0.04710544
v 0.05075267 0.03000458 -0.02440531
v 0.05075267 0.02956641 -0.00170521
v 0.05075267 0.02874848 0.02099489
v 0.05075267 0.02828499 0.04369502
v 0.05075267 0.03401127 0.06639512
v 0.05075267 0.03974344 0.07445344
v 0.05075267 0.03974344 0.15569743
v 0.05075267 0.05500882 0.08909522
v 0.05075267 0.06244354 0.09446745
v 0.05075267 0.06244354 0.15664305
v 0.05075267 0.08514364 0.09924380
v 0.05075267 0.07127676 0.15719558
v 0.05075267 0.08514364 0.15776316
v 0.05075267 0.10784374 0.09858990
v 0.05075267 0.10784374 0.15789118
v 0.05075267 0.13054390 0.10138883
v 0.05075267 0.13054390 0.15368003
v 0.05075267 0.11417870 0.15719558
v 0.05075267 0.14973561 0.11179531
v 0.05075267 0.15324400 0.12140894
v 0.05075267 0.15324400 0.13814522
v 0.05075267 0.15603908 0.13449541
v 0.04508322 0.56184598 0.58849766
v 0.05075267 0.56138693 0.58849766
v 0.05075267 0.56184598 0.58803860
v 0.05075267 0.56184598 0.58861553
v 0.05075267 0.56196386 0.58849766
v 0.07345277 -0.50526035 0.58849766
v 0.07345277 -0.50505920 0.58772475
v 0.07345277 -0.50505920 0.58869881
v 0.07345277 -0.50428639 0.58849766
v 0.07345277 -0.12746519 -0.11520577
v 0.07345277 -0.11915732 -0.13639062
v 0.07345277 -0.12984909 -0.09250564
v 0.07345277 -0.12916078 -0.06980554
v 0.07345277 -0.12764218 -0.04710544
v 0.07345277 -0.12657096 -0.02440531
v 0.07345277 -0.12625372 -0.00170521
v 0.07345277 -0.12657397 0.02099489
v 0.07345277 -0.12747305 0.04369502
v 0.07345277 -0.12867935 0.06639512
v 0.07345277 -0.12921418 0.08909522
v 0.07345277 -0.12697833 0.11179531
v 0.07345277 -0.11915732 0.13165631
v 0.07345277 -0.11818883 -0.13790587
v 0.07345277 -0.09645722 -0.15403350
v 0.07345277 -0.11726247 0.13449541
v 0.07345277 -0.09645722 0.14928921
v 0.07345277 -0.07375712 -0.15980121
v 0.07345277 -0.07375712 0.15526927
v 0.07345277 -0.05788385 -0.16060597
v 0.07345277 -0.05105699 -0.16088081
v 0.07345277 -0.05105699 0.15649619
v 0.07345277 -0.04553157 -0.16060597
v 0.07345277 -0.02835689 -0.15954085
v 0.07345277 -0.02835689 0.15605670
v 0.07345277 -0.00565679 -0.15406827
v 0.07345277 -0.00565679 0.15547964
v 0.07345277 0.01704334 -0.13859054
v 0.07345277 0.01704334 0.15521405
v 0.07345277 0.01759332 -0.13790587
v 0.07345277 0.02868762 -0.11520577
v 0.07345277 0.03332846 -0.09250564
v 0.07345277 0.03325500 -0.06980554
v 0.07345277 0.03091930 -0.04710544
v 0.07345277 0.02918579 -0.02440531
v 0.07345277 0.02909430 -0.00170521
v 0.07345277 0.02993742 0.02099489
v 0.07345277 0.03220887 0.04369502
v 0.07083331 0.03974344 0.06639512
v 0.07345277 0.03974344 0.06394101
v 0.07345277 0.03974344 0.15541195
v 0.07345277 0.04074488 0.06639512
v 0.06843715 0.06244354 0.08909522
v 0.07345277 0.06244354 0.08724389
v 0.07345277 0.06244354 0.15630837
v 0.07345277 0.06791191 0.08909522
v 0.07345277 0.08514364 0.09454410
v 0.07345277 0.07743470 0.15719558
v 0.07345277 0.08514364 0.15749677
v 0.07345277 0.10784374 0.09667838
v 0.07345277 0.10784374 0.15758647
v 0.07345277 0.13054390 0.10136483
v 0.07345277 0.13054390 0.15317523
v 0.07345277 0.11145522 0.15719558
v 0.07345277 0.14922909 0.11179531
v 0.07345277 0.15324400 0.12295860
v 0.07345277 0.15324400 0.13774106
v 0.07345277 0.15574584 0.13449541
v 0.07345277 0.56017864 0.58849766
v 0.07345277 0.56184598 0.58683025
v 0.07345277 0.56184598 0.58892217
v 0.07345277 0.56227049 0.58849766
v 0.09615287 -0.50527994 0.58849766
v 0.09615287 -0.50505920 0.58764943
v 0.09615287 -0.50505920 0.58871836
v 0.09615287 -0.50421107 0.58849766
v 0.09615287 -0.12767108 -0.11520577
v 0.09615287 -0.11915732 -0.13653946
v 0.09615287 -0.13031626 -0.09250564
v 0.09615287 -0.12993899 -0.06980554
v 0.09615287 -0.12858942 -0.04710544
v 0.09615287 -0.12736972 -0.02440531
v 0.09615287 -0.12671406 -0.00170521
v 0.09615287 -0.12672119 0.02099489
v 0.09615287 -0.12736823 0.04369502
v 0.09615287 -0.12835180 0.06639512
v 0.09615287 -0.12873047 0.08909522
v 0.09615287 -0.12644383 0.11179531
v 0.09615287 -0.11915732 0.13052983
v 0.09615287 -0.11826083 -0.13790587
v 0.09615287 -0.09645722 -0.15408581
v 0.09615287 -0.11637394 0.13449541
v 0.09615287 -0.09645722 0.14833332
v 0.09615287 -0.07375712 -0.15977018
v 0.09615287 -0.07375712 0.15378312
v 0.09615287 -0.05505231 -0.16060597
v 0.09615287 -0.05105699 -0.16074825
v 0.09615287 -0.05105699 0.15441303
v 0.09615287 -0.04845547 -0.16060597
v 0.09615287 -0.02835689 -0.15921012
v 0.09615287 -0.02835689 0.15402763
v 0.09615287 -0.00565679 -0.15352678
v 0.09615287 -0.00565679 0.15418039
v 0.09615287 0.01702090 -0.13790587
v 0.09556394 0.01704334 -0.13790587
v 0.09615287 0.01704334 -0.13787796
v 0.09615287 0.01704334 0.15448741
v 0.09615287 0.02825227 -0.11520577
v 0.09615287 0.03328072 -0.09250564
v 0.09615287 0.03358013 -0.06980554
v 0.09615287 0.03107046 -0.04710544
v 0.09615287 0.02865520 -0.02440531
v 0.09615287 0.02818329 -0.00170521
v 0.09615287 0.02892418 0.02099489
v 0.09615287 0.03138955 0.04369502
v 0.09615287 0.03974344 0.06485560
v 0.09615287 0.03974344 0.15488905
v 0.09615287 0.04033098 0.06639512
v 0.09615287 0.06244354 0.08801150
v 0.09615287 0.06244354 0.15576897
v 0.09615287 0.06553027 0.08909522
v 0.09615287 0.08514364 0.09492147
v 0.09248285 0.08514364 0.15719558
v 0.09615287 0.08514364 0.15709487
v 0.09615287 0.10784374 0.09720472
v 0.09615287 0.10111059 0.15719558
v 0.09615287 0.10784374 0.15722137
v 0.09615287 0.13054390 0.10171137
v 0.09615287 0.13054390 0.15261063
v 0.09615287 0.10808944 0.15719558
v 0.09615287 0.14884522 0.11179531
v 0.09615287 0.15324400 0.12399611
v 0.09615287 0.15324400 0.13738623
v 0.09615287 0.15549238 0.13449541
v 0.09615287 0.55948204 0.58849766
v 0.09615287 0.56184598 0.58613358
v 0.09615287 0.56184598 0.58909792
v 0.09615287 0.56244625 0.58849766
v 0.11885303 -0.50533202 0.58849766
v 0.11885303 -0.50505920 0.58744662
v 0.11885303 -0.50505920 0.58877047
v 0.11885303 -0.50400840 0.58849766
v 0.11885303 -0.12757870 -0.11520577
v 0.11885303 -0.11915732 -0.13622046
v 0.11885303 -0.13035084 -0.09250564
v 0.11885303 -0.13012174 -0.06980554
v 0.11885303 -0.12886005 -0.04710544
v 0.11885303 -0.12759782 -0.02440531
v 0.11885303 -0.12681033 -0.00170521
v 0.11885303 -0.12668088 0.02099489
v 0.11885303 -0.12721153 0.04369502
v 0.11885303 -0.12808339 0.06639512
v 0.11885303 -0.12835916 0.08909522
v 0.11885303 -0.12600397 0.11179531
v 0.11885303 -0.11915732 0.12948105
v 0.11885303 -0.11802484 -0.13790587
v 0.11885303 -0.09645722 -0.15384063
v 0.11885303 -0.11530471 0.13449541
v 0.11885303 -0.09645722 0.14698606
v 0.11885303 -0.07375712 -0.15940192
v 0.11885303 -0.07375712 0.15076064
v 0.10316739 -0.05105699 -0.16060597
v 0.11885303 -0.05105699 -0.16018329
v 0.11885303 -0.05105699 0.14795091
v 0.11885303 -0.02835689 -0.15829272
v 0.10113110 -0.02835689 0.04369502
v 0.11885303 -0.02835689 0.02420022
v 0.11885303 -0.04599887 0.04369502
v 0.11885303 -0.02835689 0.06408295
v 0.11885303 -0.02835689 0.14820967
v 0.11885303 -0.00565679 -0.15235207
v 0.11885303 -0.00680233 0.04369502
v 0.11885303 -0.00565679 0.15178721
v 0.11885303 0.01564149 -0.13790587
v 0.11885303 0.01704334 -0.13620154
v 0.11885303 0.01704334 0.15351528
v 0.11885303 0.02750065 -0.11520577
v 0.11885303 0.03319069 -0.09250564
v 0.11885303 0.03419339 -0.06980554
v 0.11885303 0.03066305 -0.04710544
v 0.11885303 0.02476752 -0.02440531
v 0.11885303 0.02419096 -0.00170521
v 0.11885303 0.02490546 0.02099489
v 0.11885303 0.02442910 0.04369502
v 0.11885303 0.02893677 0.06639512
v 0.09722903 0.03974344 0.06639512
v 0.11885303 0.03974344 0.08092087
v 0.11885303 0.03974344 0.15426936
v 0.11885303 0.04718002 0.08909522
v 0.09785959 0.06244354 0.08909522
v 0.11885303 0.06244354 0.09877149
v 0.11885303 0.06244354 0.15514516
v 0.11885303 0.08514364 0.10120160
v 0.11885303 0.08514364 0.15646265
v 0.11885303 0.10784374 0.10034854
v 0.09796541 0.10784374 0.15719558
v 0.11885303 0.10784374 0.15665107
v 0.11885303 0.13054390 0.10252200
v 0.11885303 0.13054390 0.15214290
v 0.11885303 0.14858752 0.11179531
v 0.11885303 0.15324400 0.12429372
v 0.11885303 0.15324400 0.13720537
v 0.11885303 0.15537033 0.13449541
v 0.11885303 0.55907556 0.58849766
v 0.11885303 0.56184598 0.58572704
v 0.11885303 0.56184598 0.58920049
v 0.11885303 0.56254881 0.58849766
v 0.14155313 -0.50541280 0.58849766
v 0.14155313 -0.50505920 0.58712673
v 0.14155313 -0.50505920 0.58885116
v 0.14155313 -0.50368861 0.58849766
v 0.14155313 -0.12725227 -0.11520577
v 0.14155313 -0.11915732 -0.13553838
v 0.14155313 -0.13005879 -0.09250564
v 0.14155313 -0.12991933 -0.06980554
v 0.14155313 -0.12876938 -0.04710544
v 0.14155313 -0.12759431 -0.02440531
v 0.14155313 -0.12686953 -0.00170521
v 0.14155313 -0.12679617 0.02099489
v 0.14155313 -0.12736077 0.04369502
v 0.14155313 -0.12821801 0.06639512
v 0.14155313 -0.12843952 0.08909522
v 0.14155313 -0.12601992 0.11179531
v 0.14155313 -0.11915732 0.12942105
v 0.14155313 -0.11753307 -0.13790587
v 0.14155313 -0.09645722 -0.15335115
v 0.14155313 -0.11497312 0.13449541
v 0.14155313 -0.09645722 0.14630564
v 0.14155313 -0.07375712 -0.15870141
v 0.14155313 -0.07375712 0.14807097
v 0.14155313 -0.05105699 -0.15905038
v 0.12874969 -0.05105699 0.11179531
v 0.14155313 -0.05105699 0.09784384
v 0.14155313 -0.06134013 0.11179531
v 0.14155313 -0.05272437 0.13449541
v 0.13967204 -0.05105699 0.13449541
v 0.14155313 -0.02835689 -0.15660369
v 0.13807743 -0.02835689 0.04369502
v 0.13266004 -0.02835689 0.11179531
v 0.14155313 -0.02835689 0.10050288
v 0.14155313 -0.02835689 0.13147929
v 0.14155313 -0.04140392 0.13449541
v 0.14155313 -0.02835689 0.13716333
v 0.14155313 -0.00565679 -0.15053711
v 0.12751322 -0.00565679 -0.02440531
v 0.14155313 -0.00565679 -0.04005247
v 0.14155313 -0.01936558 -0.02440531
v 0.14155313 -0.00836787 -0.00170521
v 0.13793403 -0.00565679 -0.00170521
v 0.14155313 -0.00565679 0.00235773
v 0.14155313 -0.02175498 0.11179531
v 0.14155313 -0.00565679 0.15000092
v 0.14155313 0.01372178 -0.13790587
v 0.14155313 0.01704334 -0.13401779
v 0.13107239 0.01704334 -0.02440531
v 0.14155313 0.01704334 -0.03404900
v 0.13805012 0.01704334 -0.00170521
v 0.14155313 0.01704334 0.00186019
v 0.14155313 0.01704334 0.15312405
v 0.14155313 0.02637281 -0.11520577
v 0.14155313 0.03266408 -0.09250564
v 0.14155313 0.03470070 -0.06980554
v 0.14155313 0.02890535 -0.04710544
v 0.14155313 0.02395046 0.02099489
v 0.14155313 0.02389195 0.04369502
v 0.14155313 0.02670510 0.06639512
v 0.14155313 0.03974344 0.08604774
v 0.14155313 0.03974344 0.15411694
v 0.14155313 0.04236787 0.08909522
v 0.14155313 0.06244354 0.10178708
v 0.14155313 0.06244354 0.15496317
v 0.14155313 0.08514364 0.10341319
v 0.14155313 0.08514364 0.15623299
v 0.14155313 0.10784374 0.10159482
v 0.14155313 0.10784374 0.15643275
v 0.14155313 0.13054390 0.10251272
v 0.14155313 0.13054390 0.15203841
v 0.14155313 0.14906785 0.11179531
v 0.14155313 0.15324400 0.12313051
v 0.14155313 0.15324400 0.13735739
v 0.14155313 0.15550306 0.13449541
v 0.14155313 0.55877781 0.58849766
v 0.14155313 0.56184598 0.58542942
v 0.14155313 0.56184598 0.58927428
v 0.14155313 0.56262260 0.58849766
v 0.16425323 -0.50548049 0.58849766
v 0.16425323 -0.50505920 0.58684855
v 0.16425323 -0.50505920 0.58891892
v 0.16425323 -0.50341052 0.58849766
v 0.16425323 -0.12689314 -0.11520577
v 0.16425323 -0.11915732 -0.13487228
v 0.16425323 -0.12967651 -0.09250564
v 0.16425323 -0.12960809 -0.06980554
v 0.16425323 -0.12860417 -0.04710544
v 0.16425323 -0.12760323 -0.02440531
v 0.16425323 -0.12705507 -0.00170521
v 0.16425323 -0.12714398 0.02099489
v 0.16425323 -0.12782669 0.04369502
v 0.16425323 -0.12874406 0.06639512
v 0.16425323 -0.12899453 0.08909522
v 0.16425323 -0.12659168 0.11179531
v 0.16425323 -0.11915732 0.13072243
v 0.16425323 -0.11706315 -0.13790587
v 0.16425323 -0.09645722 -0.15291600
v 0.16425323 -0.11614889 0.13449541
v 0.16425323 -0.09645722 0.14730098
v 0.16425323 -0.07375712 -0.15804476
v 0.16425323 -0.07375712 0.15065894
v 0.16425323 -0.05105699 -0.15793507
v 0.15637769 -0.05105699 0.11179531
v 0.14392364 -0.05105699 0.13449541
v 0.16425323 -0.05105699 0.14650725
v 0.16425323 -0.02835689 -0.15500510
v 0.15311925 -0.02835689 -0.09250564
v 0.16425323 -0.02835689 -0.10604918
v 0.16425323 -0.04436030 -0.09250564
v 0.16425323 -0.02835689 -0.07875313
v 0.15172751 -0.02835689 0.11179531
v 0.16425323 -0.02835689 0.14720213
v 0.16425323 -0.00565679 -0.14917524
v 0.16425323 -0.01604100 -0.09250564
v 0.16425323 -0.00565679 -0.02792746
v 0.16425323 -0.00793580 -0.02440531
v 0.14612084 -0.00565679 -0.00170521
v 0.16425323 -0.00565679 -0.01952955
v 0.16425323 -0.00565679 0.15198663
v 0.16425323 0.01256679 -0.13790587
v 0.16425323 0.01704334 -0.13289131
v 0.16425323 0.00911927 -0.02440531
v 0.15980049 0.01704334 -0.02440531
v 0.14563699 0.01704334 -0.00170521
v 0.16425323 0.01704334 0.15398487
v 0.16425323 0.02579555 -0.11520577
v 0.16425323 0.03229042 -0.09250564
v 0.16425323 0.03543509 -0.06980554
v 0.16425323 0.03303150 -0.04710544
v 0.16425323 0.02082710 -0.02440531
v 0.16425323 0.02546256 -0.00170521
v 0.16425323 0.02844331 0.02099489
v 0.16425323 0.02860051 0.04369502
v 0.16425323 0.03314388 0.06639512
v 0.16425323 0.03974344 0.07643749
v 0.16425323 0.03974344 0.15475858
v 0.16425323 0.05172836 0.08909522
v 0.16425323 0.06244354 0.09624625
v 0.16425323 0.06244354 0.15552234
v 0.16425323 0.08514364 0.10051534
v 0.16425323 0.08514364 0.15666095
v 0.16425323 0.10784374 0.09983333
v 0.16425323 0.10784374 0.15676517
v 0.16425323 0.13054390 0.10123183
v 0.16425323 0.13054390 0.15240776
v 0.16425323 0.15026209 0.11179531
v 0.16425323 0.15324400 0.12047877
v 0.16425323 0.15324400 0.13785801
v 0.16425323 0.15590032 0.13449541
v 0.16425323 0.55853695 0.58849766
v 0.16425323 0.56184598 0.58518869
v 0.16425323 0.56184598 0.58933129
v 0.16425323 0.56267962 0.58849766
v 0.18695333 -0.50543959 0.58849766
v 0.18695333 -0.50505920 0.58699652
v 0.18695333 -0.50505920 0.58887801
v 0.18695333 -0.50355856 0.58849766
v 0.18695333 -0.12668725 -0.11520577
v 0.18695333 -0.11915732 -0.13462154
v 0.18695333 -0.12940608 -0.09250564
v 0.18695333 -0.12937738 -0.06980554
v 0.18695333 -0.12850386 -0.04710544
v 0.18695333 -0.12768597 -0.02440531
v 0.18695333 -0.12732812 -0.00170521
v 0.18695333 -0.12757306 0.02099489
v 0.18695333 -0.12835038 0.04369502
v 0.18695333 -0.12931214 0.06639512
v 0.18695333 -0.12960256 0.08909522
v 0.18695333 -0.12726623 0.11179531
v 0.18695333 -0.11915732 0.13240031
v 0.18695333 -0.11693091 -0.13790587
v 0.18695333 -0.09645722 -0.15282497
v 0.18695333 -0.11761770 0.13449541
v 0.18695333 -0.09645722 0.14892397
v 0.18695333 -0.07375712 -0.15790275
v 0.18695333 -0.07375712 0.15407829
v 0.18695333 -0.05105699 -0.15790155
v 0.18695333 -0.05105699 0.15443577
v 0.18695333 -0.02835689 -0.15529993
v 0.17700901 -0.02835689 -0.09250564
v 0.18695333 -0.02835689 0.15414929
v 0.18695333 -0.00565679 -0.14969992
v 0.16595949 -0.00565679 -0.02440531
v 0.18695333 -0.00565679 0.15475221
v 0.18695333 0.01404708 -0.13790587
v 0.18695333 0.01704334 -0.13462873
v 0.18695333 0.01704334 0.15535374
v 0.18695333 0.02686869 -0.11520577
v 0.18695333 0.03284991 -0.09250564
v 0.18695333 0.03543536 -0.06980554
v 0.18695333 0.03541302 -0.04710544
v 0.18695333 0.03417138 -0.02440531
v 0.18695333 0.03289871 -0.00170521
v 0.18695333 0.03072803 0.02099489
v 0.18695333 0.03003766 0.04369502
v 0.18695333 0.03596150 0.06639512
v 0.18695333 0.03974344 0.07208778
v 0.18695333 0.03974344 0.15579356
v 0.18695333 0.05714124 0.08909522
v 0.18695333 0.06244354 0.09291023
v 0.18695333 0.06244354 0.15648751
v 0.18695333 0.08514364 0.09886729
v 0.18695333 0.07841506 0.15719558
v 0.17812660 0.08514364 0.15719558
v 0.18695333 0.08514364 0.15738155
v 0.18695333 0.10784374 0.09854170
v 0.17721401 0.10784374 0.15719558
v 0.18695333 0.10784374 0.15737120
v 0.18695333 0.13054390 0.10031141
v 0.18695333 0.13054390 0.15311066
v 0.18695333 0.10959534 0.15719558
v 0.18695333 0.15114532 0.11179531
v 0.18695333 0.15324400 0.11800364
v 0.18695333 0.15324400 0.13854036
v 0.18695333 0.15642189 0.13449541
v 0.18695333 0.55848318 0.58849766
v 0.18695333 0.56184598 0.58513526
v 0.18695333 0.56184598 0.58933998
v 0.18695333 0.56268830 0.58849766
v 0.20965343 -0.50514817 0.58849766
v 0.20965343 -0.50505920 0.58814753
v 0.20965343 -0.50505920 0.58858656
v 0.20965343 -0.50470921 0.58849766
v 0.20965343 -0.12667226 -0.11520577
v 0.20965343 -0.11915732 -0.13490106
v 0.20965343 -0.12927594 -0.09250564
v 0.20965343 -0.12923464 -0.06980554
v 0.20965343 -0.12844286 -0.04710544
v 0.20965343 -0.12777275 -0.02440531
v 0.20965343 -0.12756839 -0.00170521
v 0.20965343 -0.12790896 0.02099489
v 0.20965343 -0.12869702 0.04369502
v 0.20965343 -0.12961221 0.06639512
v 0.20965343 -0.12986431 0.08909522
v 0.20965343 -0.12755456 0.11179531
v 0.20965343 -0.11915732 0.13325112
v 0.20965343 -0.11718096 -0.13790587
v 0.20965343 -0.09645722 -0.15300779
v 0.20965343 -0.11828178 0.13449541
v 0.20965343 -0.09645722 0.14983060
v 0.20965343 -0.07375712 -0.15804923
v 0.20965343 -0.07375712 0.15554375
v 0.20965343 -0.05105699 -0.15831794
v 0.20965343 -0.05105699 0.15649135
v 0.20965343 -0.02835689 -0.15623865
v 0.20965343 -0.02835689 0.15604841
v 0.20965343 -0.00565679 -0.15099732
v 0.20965343 -0.00565679 0.15601606
v 0.20965343 0.01684706 -0.13790587
v 0.20965343 0.01704334 -0.13769286
v 0.20965343 0.01704334 0.15633476
v 0.20965343 0.02862928 -0.11520577
v 0.20965343 0.03320793 -0.09250564
v 0.20965343 0.03402327 -0.06980554
v 0.20965343 0.03361374 -0.04710544
v 0.20965343 0.03338846 -0.02440531
v 0.20965343 0.03289858 -0.00170521
v 0.20965343 0.03085433 0.02099489
v 0.20965343 0.02994080 0.04369502
v 0.20965343 0.03589050 0.06639512
v 0.20965343 0.03974344 0.07218994
v 0.20965343 0.03974344 0.15677889
v 0.20965343 0.05768569 0.08909522
v 0.20965343 0.06244354 0.09253054
v 0.20965343 0.05258899 0.15719558
v 0.20200682 0.06244354 0.15719558
v 0.20965343 0.06244354 0.15741244
v 0.20965343 0.08514364 0.09858440
v 0.20965343 0.08514364 0.15799136
v 0.20965343 0.10784374 0.09827611
v 0.20965343 0.10784374 0.15791684
v 0.20965343 0.13054390 0.10039972
v 0.20965343 0.13054390 0.15396684
v 0.20965343 0.11473693 0.15719558
v 0.20965343 0.15139500 0.11179531
v 0.20965343 0.15324400 0.11693166
v 0.20965343 0.15324400 0.13922376
v 0.20965343 0.15692364 0.13449541
v 0.20965343 0.55893129 0.58849766
v 0.20965343 0.56184598 0.58558370
v 0.20965343 0.56184598 0.58922641
v 0.20965343 0.56257473 0.58849766
v 0.21265364 -0.50505920 0.58849766
v 0.23235353 -0.12684033 -0.11520577
v 0.23235353 -0.11915732 -0.13569269
v 0.23235353 -0.12925330 -0.09250564
v 0.23235353 -0.12911178 -0.06980554
v 0.23235353 -0.12833254 -0.04710544
v 0.23235353 -0.12777249 -0.02440531
v 0.23235353 -0.12769522 -0.00170521
v 0.23235353 -0.12809344 0.02099489
v 0.23235353 -0.12883973 0.04369502
v 0.23235353 -0.12964807 0.06639512
v 0.23235353 -0.12979874 0.08909522
v 0.23235353 -0.12744043 0.11179531
v 0.23235353 -0.11915732 0.13296942
v 0.23235353 -0.11773482 -0.13790587
v 0.23235353 -0.09645722 -0.15326128
v 0.23235353 -0.11806571 0.13449541
v 0.23235353 -0.09645722 0.14969913
v 0.23235353 -0.07375712 -0.15810791
v 0.23235353 -0.07375712 0.15532324
v 0.23235353 -0.05105699 -0.15842359
v 0.23235353 -0.05105699 0.15577473
v 0.23235353 -0.02835689 -0.15661301
v 0.23235353 -0.02835689 0.15493500
v 0.23235353 -0.00565679 -0.15184475
v 0.23235353 -0.00565679 0.15562848
v 0.21119911 0.01704334 -0.13790587
v 0.23235353 0.01704334 -0.13958909
v 0.23235353 0.01704334 0.15667341
v 0.23235353 0.01869623 -0.13790587
v 0.23235353 0.03020095 -0.11520577
v 0.23235353 0.03311272 -0.09250564
v 0.23235353 0.03229685 -0.06980554
v 0.23235353 0.03112058 -0.04710544
v 0.23235353 0.03101914 -0.02440531
v 0.23235353 0.03154430 -0.00170521
v 0.23235353 0.03119145 0.02099489
v 0.23235353 0.03115943 0.04369502
v 0.23235353 0.03694206 0.06639512
v 0.23235353 0.03974344 0.07060932
v 0.23235353 0.03090485 0.15719558
v 0.22237188 0.03974344 0.15719558
v 0.23235353 0.03974344 0.15741582
v 0.23235353 0.06017666 0.08909522
v 0.23235353 0.06244354 0.09062293
v 0.23235353 0.06244354 0.15801742
v 0.23235353 0.08514364 0.09654830
v 0.23235353 0.08514364 0.15861218
v 0.23235353 0.10784374 0.09717575
v 0.23235353 0.10784374 0.15847938
v 0.23235353 0.13054390 0.10056792
v 0.23235353 0.13054390 0.15477184
v 0.23235353 0.11940382 0.15719558
v 0.23235353 0.15145056 0.11179531
v 0.23235353 0.15324400 0.11651736
v 0.23235353 0.15324400 0.13974255
v 0.23235353 0.15729497 0.13449541
v 0.23235353 0.56026953 0.58849766
v 0.23235353 0.56184598 0.58692187
v 0.23235353 0.56184598 0.58889545
v 0.23235353 0.56224377 0.58849766
v 0.25505363 -0.12725397 -0.11520577
v 0.25505363 -0.11915732 -0.13708549
v 0.25505363 -0.12936249 -0.09250564
v 0.25505363 -0.12895452 -0.06980554
v 0.25505363 -0.12807471 -0.04710544
v 0.25505363 -0.12760873 -0.02440531
v 0.25505363 -0.12768723 -0.00170521
v 0.25505363 -0.12817661 0.02099489
v 0.25505363 -0.12892350 0.04369502
v 0.25505363 -0.12968043 0.06639512
v 0.25505363 -0.12976996 0.08909522
v 0.25505363 -0.12731334 0.11179531
v 0.25505363 -0.11915732 0.13216283
v 0.25505363 -0.11863409 -0.13790587
v 0.25505363 -0.09645722 -0.15354730
v 0.25505363 -0.11739119 0.13449541
v 0.25505363 -0.09645722 0.14890481
v 0.25505363 -0.07375712 -0.15807937
v 0.25505363 -0.07375712 0.15405177
v 0.25505363 -0.05105699 -0.15829096
v 0.25505363 -0.05105699 0.15236394
v 0.25505363 -0.02835689 -0.15658586
v 0.24959182 -0.02835689 0.11179531
v 0.25505363 -0.02835689 0.10103115
v 0.25505363 -0.04052125 0.11179531
v 0.25505363 -0.02835689 0.12293831
v 0.25505363 -0.02835689 0.14936114
v 0.25505363 -0.00565679 -0.15228537
v 0.25505363 -0.02129291 0.11179531
v 0.25505363 -0.00565679 0.15389795
v 0.25505363 0.01704334 -0.14132118
v 0.25505363 0.01704334 0.15655772
v 0.25505363 0.02070537 -0.13790587
v 0.25505363 0.03193851 -0.11520577
v 0.25505363 0.03344952 -0.09250564
v 0.25505363 0.03146288 -0.06980554
v 0.25505363 0.02969185 -0.04710544
v 0.25505363 0.02950634 -0.02440531
v 0.25505363 0.03046310 -0.00170521
v 0.25505363 0.03080135 0.02099489
v 0.25505363 0.03017351 0.04369502
v 0.25505363 0.03409043 0.06639512
v 0.25505363 0.03974344 0.07466918
v 0.25505363 0.02702260 0.15719558
v 0.25505363 0.03974344 0.15769467
v 0.25505363 0.05714661 0.08909522
v 0.25505363 0.06244354 0.09229293
v 0.25505363 0.06244354 0.15843788
v 0.25505363 0.08514364 0.09620666
v 0.25505363 0.08514364 0.15906546
v 0.25505363 0.10784374 0.09651383
v 0.25505363 0.10784374 0.15886975
v 0.25505363 0.13054390 0.10054093
v 0.25505363 0.13054390 0.15519429
v 0.25505363 0.12193344 0.15719558
v 0.25505363 0.15166709 0.11179531
v 0.25505363 0.15324400 0.11600037
v 0.25505363 0.15324400 0.13985307
v 0.25505363 0.15737646 0.13449541
v 0.24693504 0.56184598 0.58849766
v 0.26406500 -0.11915732 -0.13790587
v 0.27775379 -0.11971181 -0.13790587
v 0.27775379 -0.11915732 -0.13862786
v 0.27775379 -0.12801577 -0.11520577
v 0.27775379 -0.12967410 -0.09250564
v 0.27775379 -0.12872596 -0.06980554
v 0.27775379 -0.12756984 -0.04710544
v 0.27775379 -0.12721999 -0.02440531
v 0.27775379 -0.12754057 -0.00170521
v 0.27775379 -0.12821175 0.02099489
v 0.27775379 -0.12908526 0.04369502
v 0.27775379 -0.12996402 0.06639512
v 0.27775379 -0.13015695 0.08909522
v 0.27775379 -0.12761914 0.11179531
v 0.27775379 -0.11915732 0.13174787
v 0.27775379 -0.09645722 -0.15392835
v 0.27775379 -0.11696115 0.13449541
v 0.27775379 -0.09645722 0.14818839
v 0.27775379 -0.07375712 -0.15812077
v 0.27775379 -0.07375712 0.15335404
v 0.27775379 -0.05105699 -0.15818717
v 0.27775379 -0.05105699 0.15173165
v 0.27775379 -0.02835689 -0.15652960
v 0.27775379 -0.02835689 0.10178788
v 0.27775379 -0.03893725 0.11179531
v 0.27775379 -0.02835689 0.12157429
v 0.27775379 -0.02835689 0.14899133
v 0.27775379 -0.00565679 -0.15266373
v 0.27775379 -0.02226657 0.11179531
v 0.27775379 -0.00565679 0.15363800
v 0.27775379 0.01704334 -0.14307013
v 0.27775379 0.01704334 0.15646457
v 0.27775379 0.02319366 -0.13790587
v 0.27775379 0.03431505 -0.11520577
v 0.27775379 0.03487991 -0.09250564
v 0.27775379 0.03217871 -0.06980554
v 0.27775379 0.03001386 -0.04710544
v 0.27775379 0.02961222 -0.02440531
v 0.27775379 0.03036034 -0.00170521
v 0.27775379 0.03037413 0.02099489
v 0.27775379 0.02900466 0.04369502
v 0.27775379 0.03210120 0.06639512
v 0.27775379 0.03974344 0.07717526
v 0.27775379 0.02751855 0.15719558
v 0.27775379 0.03974344 0.15771708
v 0.27775379 0.05471492 0.08909522
v 0.27775379 0.06244354 0.09363528
v 0.27775379 0.06244354 0.15851618
v 0.27775379 0.08514364 0.09674428
v 0.27775379 0.08514364 0.15914814
v 0.27775379 0.10784374 0.09661646
v 0.27775379 0.10784374 0.15887764
v 0.27775379 0.13054390 0.10037870
v 0.27775379 0.13054390 0.15490125
v 0.27775379 0.12118181 0.15719558
v 0.27775379 0.15198366 0.11179531
v 0.27775379 0.15324400 0.11551818
v 0.27775379 0.15324400 0.13931432
v 0.27775379 0.15698390 0.13449541
v 0.30045389 -0.12089739 -0.13790587
v 0.30045389 -0.11915732 -0.14007006
v 0.30045389 -0.12922665 -0.11520577
v 0.30045389 -0.13037606 -0.09250564
v 0.30045389 -0.12864299 -0.06980554
v 0.30045389 -0.12700773 -0.04710544
v 0.30045389 -0.12673591 -0.02440531
v 0.30045389 -0.12729729 -0.00170521
v 0.30045389 -0.12818742 0.02099489
v 0.30045389 -0.12931015 0.04369502
v 0.30045389 -0.13051748 0.06639512
v 0.30045389 -0.13103534 0.08909522
v 0.30045389 -0.12850283 0.11179531
v 0.30045389 -0.11915732 0.13211198
v 0.30045389 -0.09645722 -0.15441435
v 0.30045389 -0.11717111 0.13449541
v 0.30045389 -0.09645722 0.14785133
v 0.30045389 -0.07375712 -0.15832391
v 0.30045389 -0.07375712 0.15358927
v 0.30045389 -0.05105699 -0.15828439
v 0.30045389 -0.05105699 0.15432193
v 0.30045389 -0.02835689 -0.15666737
v 0.28295982 -0.02835689 0.11179531
v 0.30045389 -0.02835689 0.15382575
v 0.30045389 -0.00565679 -0.15315577
v 0.30045389 -0.00565679 0.15493917
v 0.30045389 0.01704334 -0.14469723
v 0.30045389 0.01704334 0.15636605
v 0.30045389 0.02600545 -0.13790587
v 0.30045389 0.03677691 -0.11520577
v 0.30045389 0.03678201 -0.09250564
v 0.30045389 0.03401763 -0.06980554
v 0.30045389 0.03178827 -0.04710544
v 0.30045389 0.03099833 -0.02440531
v 0.30045389 0.03083967 -0.00170521
v 0.30045389 0.03018392 0.02099489
v 0.30045389 0.03004422 0.04369502
v 0.30045389 0.03570453 0.06639512
v 0.30045389 0.03974344 0.07173984
v 0.30045389 0.03300479 0.15719558
v 0.30045389 0.03974344 0.15742404
v 0.30045389 0.06039504 0.08909522
v 0.30045389 0.06244354 0.09036914
v 0.30045389 0.06244354 0.15816970
v 0.30045389 0.08514364 0.09623345
v 0.30045389 0.08514364 0.15876898
v 0.30045389 0.10784374 0.09758813
v 0.30045389 0.10784374 0.15842880
v 0.30045389 0.13054390 0.10060160
v 0.30045389 0.13054390 0.15385413
v 0.30045389 0.11729108 0.15719558
v 0.30045389 0.15196676 0.11179531
v 0.30045389 0.15324400 0.11629274
v 0.30045389 0.15324400 0.13813176
v 0.30045389 0.15608324 0.13449541
v 0.32315399 -0.12222446 -0.13790587
v 0.32315399 -0.11915732 -0.14148517
v 0.32315399 -0.13089442 -0.11520577
v 0.32315399 -0.13172922 -0.09250564
v 0.32315399 -0.12937018 -0.06980554
v 0.32315399 -0.12717713 -0.04710544
v 0.32315399 -0.12661435 -0.02440531
v 0.32315399 -0.12709067 -0.00170521
v 0.32315399 -0.12807434 0.02099489
v 0.32315399 -0.12948780 0.04369502
v 0.32315399 -0.13117506 0.06639512
v 0.32315399 -0.13221423 0.08909522
v 0.32315399 -0.12983208 0.11179531
v 0.32315399 -0.11915732 0.13318303
v 0.32315399 -0.09645722 -0.15484950
v 0.32315399 -0.11800989 0.13449541
v 0.32315399 -0.09645722 0.14775864
v 0.32315399 -0.07375712 -0.15857021
v 0.32315399 -0.07375712 0.15370469
v 0.32315399 -0.05105699 -0.15851747
v 0.32315399 -0.05105699 0.15523957
v 0.32315399 -0.02835689 -0.15696194
v 0.32315399 -0.02835689 0.15517221
v 0.32315399 -0.00565679 -0.15368500
v 0.32315399 -0.00565679 0.15535679
v 0.32315399 0.01704334 -0.14584605
v 0.32315399 0.01704334 0.15593849
v 0.32315399 0.02811199 -0.13790587
v 0.32315399 0.03663165 -0.11520577
v 0.32315399 0.03583149 -0.09250564
v 0.32315399 0.03428004 -0.06980554
v 0.32315399 0.03292218 -0.04710544
v 0.32315399 0.03192863 -0.02440531
v 0.32315399 0.03043684 -0.00170521
v 0.32315399 0.02823540 0.02099489
v 0.32315399 0.02797955 0.04369502
v 0.32315399 0.03504300 0.06639512
v 0.32315399 0.03974344 0.07196148
v 0.30972203 0.03974344 0.15719558
v 0.32315399 0.03974344 0.15670199
v 0.32315399 0.05921559 0.08909522
v 0.32315399 0.06244354 0.09123566
v 0.32315399 0.05110403 0.15719558
v 0.32315399 0.06244354 0.15752787
v 0.32315399 0.08514364 0.09881863
v 0.32315399 0.08514364 0.15809353
v 0.32315399 0.10784374 0.10040774
v 0.32315399 0.10784374 0.15772583
v 0.32315399 0.13054390 0.10163638
v 0.32315399 0.13054390 0.15248599
v 0.32315399 0.11189418 0.15719558
v 0.32315399 0.15146342 0.11179531
v 0.32315399 0.15324400 0.11953759
v 0.32315399 0.15324400 0.13671197
v 0.32315399 0.15496902 0.13449541
v 0.34585409 -0.12346089 -0.13790587
v 0.34585409 -0.11915732 -0.14255373
v 0.34585409 -0.13275734 -0.11520577
v 0.34585409 -0.13350304 -0.09250564
v 0.34585409 -0.13087453 -0.06980554
v 0.34585409 -0.12821148 -0.04710544
v 0.34585409 -0.12697382 -0.02440531
v 0.34585409 -0.12699341 -0.00170521
v 0.34585409 -0.12790628 0.02099489
v 0.34585409 -0.12959308 0.04369502
v 0.34585409 -0.13182376 0.06639512
v 0.34585409 -0.13350784 0.08909522
v 0.34585409 -0.13147503 0.11179531
v 0.33897455 -0.11915732 0.13449541
v 0.34585409 -0.11950177 0.13449541
v 0.34585409 -0.11915732 0.13481875
v 0.34585409 -0.09645722 -0.15493904
v 0.34585409 -0.09645722 0.14806613
v 0.34585409 -0.07375712 -0.15852814
v 0.34585409 -0.07375712 0.15383669
v 0.34585409 -0.05105699 -0.15855566
v 0.34585409 -0.05105699 0.15547308
v 0.34585409 -0.02835689 -0.15711950
v 0.33510126 -0.02835689 0.06639512
v 0.34585409 -0.02835689 0.05862015
v 0.34585409 -0.04107448 0.06639512
v 0.34585409 -0.02835689 0.08123154
v 0.34585409 -0.02835689 0.15542043
v 0.34585409 -0.00565679 -0.15404676
v 0.34585409 -0.01787611 0.06639512
v 0.34585409 -0.00565679 0.15527478
v 0.34585409 0.01704334 -0.14647466
v 0.34585409 0.01704334 0.15544709
v 0.34585409 0.02881008 -0.13790587
v 0.34585409 0.03251796 -0.11520577
v 0.34585409 0.03026573 -0.09250564
v 0.34585409 0.03069501 -0.06980554
v 0.34585409 0.03068009 -0.04710544
v 0.34585409 0.03068646 -0.02440531
v 0.34585409 0.02971220 -0.00170521
v 0.34585409 0.02653285 0.02099489
v 0.34585409 0.02480352 0.04369502
v 0.34585409 0.02964928 0.06639512
v 0.34585409 0.03974344 0.07846563
v 0.34585409 0.03974344 0.15591476
v 0.34585409 0.05185632 0.08909522
v 0.34585409 0.06244354 0.09594386
v 0.33625465 0.06244354 0.15719558
v 0.34585409 0.06244354 0.15679096
v 0.34585409 0.08514364 0.10184297
v 0.34585409 0.07222994 0.15719558
v 0.34585409 0.08514364 0.15752661
v 0.34585409 0.10784374 0.10220503
v 0.34554573 0.10784374 0.15719558
v 0.34585409 0.10784374 0.15718219
v 0.34585409 0.10738031 0.15719558
v 0.34585409 0.13054390 0.10179915
v 0.34585409 0.13054390 0.15155649
v 0.34585409 0.15150340 0.11179531
v 0.34585409 0.15324400 0.12249365
v 0.34585409 0.15324400 0.13570503
v 0.34585409 0.15416900 0.13449541
v 0.36855419 -0.12443445 -0.13790587
v 0.36855419 -0.11915732 -0.14314031
v 0.36855419 -0.13442734 -0.11520577
v 0.36855419 -0.13504955 -0.09250564
v 0.36855419 -0.13218674 -0.06980554
v 0.36855419 -0.12915912 -0.04710544
v 0.36855419 -0.12734808 -0.02440531
v 0.36855419 -0.12693175 -0.00170521
v 0.36855419 -0.12775734 0.02099489
v 0.36855419 -0.12969389 0.04369502
v 0.36855419 -0.13243669 0.06639512
v 0.36855419 -0.13478310 0.08909522
v 0.36855419 -0.13331906 0.11179531
v 0.36855419 -0.12136466 0.13449541
v 0.36855419 -0.11915732 0.13648649
v 0.36855419 -0.09645722 -0.15451874
v 0.36855419 -0.09645722 0.14904563
v 0.36855419 -0.07375712 -0.15796023
v 0.36855419 -0.07375712 0.15451480
v 0.36855419 -0.05105699 -0.15810062
v 0.36855419 -0.05105699 0.15603920
v 0.36855419 -0.02835689 -0.15685477
v 0.35532948 -0.02835689 0.06639512
v 0.36855419 -0.02835689 0.15586702
v 0.36855419 -0.00565679 -0.15415200
v 0.36855419 -0.00565679 0.15545524
v 0.36855419 0.01704334 -0.14745476
v 0.36855419 0.01704334 0.15534611
v 0.36855419 0.03082476 -0.13790587
v 0.36855419 0.03110480 -0.11520577
v 0.36855419 0.02792015 -0.09250564
v 0.36855419 0.02916802 -0.06980554
v 0.36855419 0.02891078 -0.04710544
v 0.36855419 0.03015488 -0.02440531
v 0.36855419 0.03195588 -0.00170521
v 0.36855419 0.02899472 0.02099489
v 0.36855419 0.02576173 0.04369502
v 0.36855419 0.02831088 0.06639512
v 0.36855419 0.03974344 0.08188286
v 0.36855419 0.03974344 0.15565473
v 0.36855419 0.04833414 0.08909522
v 0.36855419 0.06244354 0.09780154
v 0.36855419 0.06244354 0.15652212
v 0.36855419 0.08514364 0.10111587
v 0.36855419 0.07706761 0.15719558
v 0.36855419 0.08514364 0.15742656
v 0.36855419 0.10784374 0.09977260
v 0.36855419 0.10784374 0.15709872
v 0.36855419 0.10376021 0.15719558
v 0.36855419 0.13054390 0.09868769
v 0.36855419 0.13054390 0.15157021
v 0.36855419 0.15277229 0.11179531
v 0.36855419 0.15324400 0.11762906
v 0.36855419 0.15324400 0.13542644
v 0.36855419 0.15393211 0.13449541
v 0.39125429 -0.12512399 -0.13790587
v 0.39125429 -0.11915732 -0.14333301
v 0.39125429 -0.13567395 -0.11520577
v 0.39125429 -0.13598893 -0.09250564
v 0.39125429 -0.13277932 -0.06980554
v 0.39125429 -0.12948359 -0.04710544
v 0.39125429 -0.12738553 -0.02440531
v 0.39125429 -0.12676034 -0.00170521
v 0.39125429 -0.12756825 0.02099489
v 0.39125429 -0.12969607 0.04369502
v 0.39125429 -0.13282222 0.06639512
v 0.39125429 -0.13575788 0.08909522
v 0.39125429 -0.13504577 0.11179531
v 0.39125429 -0.12374177 0.13449541
v 0.39125429 -0.11915732 0.13857529
v 0.39125429 -0.09645722 -0.15367131
v 0.39125429 -0.09645722 0.15058634
v 0.39125429 -0.07375712 -0.15690194
v 0.39125429 -0.07375712 0.15571301
v 0.39125429 -0.05105699 -0.15712019
v 0.39125429 -0.05105699 0.15696870
v 0.39125429 -0.02835689 -0.15610082
v 0.39125429 -0.02835689 0.15651569
v 0.39125429 -0.00565679 -0.15398705
v 0.39125429 -0.00565679 0.15577394
v 0.39125429 0.01704334 -0.14921959
v 0.39125429 0.01704334 0.15543449
v 0.39125429 0.03893851 -0.13790587
v 0.39125429 0.03943084 -0.11520577
v 0.39125429 0.03563889 -0.09250564
v 0.39125429 0.03626973 -0.06980554
v 0.39125429 0.03547878 -0.04710544
v 0.39125429 0.03733183 -0.02440531
v 0.38871293 0.03974344 -0.00170521
v 0.39125429 0.03974344 -0.00865466
v 0.39125429 0.03974344 0.00862772
v 0.39125429 0.03835037 0.02099489
v 0.39125429 0.03380024 0.04369502
v 0.39125429 0.03584442 0.06639512
v 0.39125429 0.03974344 0.07227693
v 0.39125429 0.03974344 0.15575206
v 0.39125429 0.04118431 -0.00170521
v 0.39125429 0.05945997 0.08909522
v 0.39125429 0.06244354 0.09100428
v 0.39125429 0.06244354 0.15680687
v 0.39125429 0.08514364 0.09349055
v 0.39125429 0.07007172 0.15719558
v 0.39125429 0.08514364 0.15768778
v 0.39125429 0.10784374 0.09093838
v 0.37318455 0.10784374 0.15719558
v 0.39125429 0.10784374 0.15741098
v 0.39125429 0.13054390 0.09200639
v 0.39125429 0.13054390 0.15193499
v 0.39125429 0.10951168 0.15719558
v 0.39125429 0.15268530 0.11179531
v 0.39125429 0.15324400 0.12308735
v 0.39125429 0.15324400 0.13497104
v 0.39125429 0.15357569 0.13449541
v 0.41395445 -0.12529905 -0.13790587
v 0.41395445 -0.11915732 -0.14304073
v 0.41395445 -0.13604840 -0.11520577
v 0.41395445 -0.13570541 -0.09250564
v 0.41395445 -0.13201109 -0.06980554
v 0.41395445 -0.12863138 -0.04710544
v 0.41395445 -0.12658173 -0.02440531
v 0.41395445 -0.12598624 -0.00170521
v 0.41395445 -0.12679839 0.02099489
v 0.41395445 -0.12891700 0.04369502
v 0.41395445 -0.13210616 0.06639512
v 0.41395445 -0.13543587 0.08909522
v 0.41395445 -0.13561050 0.11179531
v 0.41395445 -0.12549719 0.13449541
v 0.41395445 -0.11915732 0.14018244
v 0.41395445 -0.09645722 -0.15230559
v 0.41395445 -0.09645722 0.15186564
v 0.41395445 -0.07375712 -0.15522700
v 0.41395445 -0.07375712 0.15666817
v 0.41395445 -0.05105699 -0.15544337
v 0.41395445 -0.05762118 0.15719558
v 0.40376595 -0.05105699 0.15719558
v 0.41395445 -0.05105699 0.15734893
v 0.41395445 -0.02835689 -0.15462425
v 0.41395445 -0.02835689 0.15630651
v 0.41395445 -0.04682936 0.15719558
v 0.41395445 -0.00565679 -0.15312119
v 0.41395445 -0.00565679 0.15496317
v 0.41395445 0.01704334 -0.15029127
v 0.41395445 0.01704334 0.15431975
v 0.39285222 0.03974344 -0.13790587
v 0.41395445 0.03974344 -0.14435712
v 0.39179813 0.03974344 -0.11520577
v 0.39797239 0.03974344 -0.09250564
v 0.39722222 0.03974344 -0.06980554
v 0.39848932 0.03974344 -0.04710544
v 0.39550151 0.03974344 -0.02440531
v 0.39371125 0.03974344 0.02099489
v 0.40063056 0.03974344 0.04369502
v 0.39731258 0.03974344 0.06639512
v 0.41395445 0.03974344 0.15476839
v 0.41395445 0.05331204 -0.13790587
v 0.41395445 0.06244354 -0.11696206
v 0.41355693 0.06244354 -0.11520577
v 0.41395445 0.06244354 -0.10858076
v 0.41395445 0.06094592 -0.09250564
v 0.41395445 0.06112579 -0.06980554
v 0.41395445 0.06043071 -0.04710544
v 0.41395445 0.06223350 -0.02440531
v 0.41284912 0.06244354 -0.00170521
v 0.41395445 0.06244354 -0.02194099
v 0.41395445 0.06244354 0.00735472
v 0.41395445 0.06009690 0.02099489
v 0.41395445 0.05587103 0.04369502
v 0.41395445 0.06199364 0.06639512
v 0.39430753 0.06244354 0.08909522
v 0.41395445 0.06244354 0.06683905
v 0.41395445 0.06244354 0.15613977
v 0.41395445 0.06311441 -0.11520577
v 0.41395445 0.06475106 -0.00170521
v 0.39880748 0.08514364 0.08909522
v 0.41395445 0.08514364 0.07440630
v 0.41395445 0.08142866 0.15719558
v 0.41395445 0.08514364 0.15733123
v 0.39571234 0.10784374 0.08909522
v 0.41395445 0.10784374 0.07825878
v 0.40009560 0.10784374 0.15719558
v 0.41395445 0.10784374 0.15649719
v 0.41395445 0.09149179 0.15719558
v 0.41395445 0.12833066 0.08909522
v 0.41395445 0.13054390 0.09060656
v 0.41395445 0.13054390 0.14968660
v 0.41395445 0.14639310 0.11179531
v 0.41395445 0.14891815 0.13449541
v 0.39407350 0.15324400 0.13449541
v 0.43665455 -0.12331948 -0.13790587
v 0.43665455 -0.11915732 -0.14110697
v 0.43665455 -0.13307534 -0.11520577
v 0.43665455 -0.13085471 -0.09250564
v 0.43665455 -0.12670650 -0.06980554
v 0.43665455 -0.12421998 -0.04710544
v 0.43665455 -0.12310507 -0.02440531
v 0.43665455 -0.12291960 -0.00170521
v 0.43665455 -0.12356465 0.02099489
v 0.43665455 -0.12484053 0.04369502
v 0.43665455 -0.12659207 0.06639512
v 0.43665455 -0.12895790 0.08909522
v 0.43665455 -0.13018380 0.11179531
v 0.43665455 -0.12260073 0.13449541
v 0.43665455 -0.11915732 0.13768006
v 0.43665455 -0.09645722 -0.14896222
v 0.43665455 -0.09645722 0.14966797
v 0.43665455 -0.07375712 -0.15120149
v 0.43665455 -0.07375712 0.15453687
v 0.43665455 -0.05105699 -0.15128837
v 0.41615112 -0.05105699 0.15719558
v 0.43665455 -0.05105699 0.15448039
v 0.43665455 -0.02835689 -0.15064756
v 0.43665455 -0.02835689 0.15215245
v 0.43665455 -0.00565679 -0.14953361
v 0.43665455 -0.00565679 0.14961772
v 0.43665455 0.01704334 -0.14806341
v 0.43665455 0.01704334 0.14839570
v 0.43665455 0.03974344 -0.14576885
v 0.43665455 0.03974344 0.14911537
v 0.42916129 0.06244354 -0.13790587
v 0.43665455 0.06244354 -0.14030714
v 0.41587280 0.06244354 -0.09250564
v 0.41564984 0.06244354 -0.06980554
v 0.41647207 0.06244354 -0.04710544
v 0.41424948 0.06244354 -0.02440531
v 0.41738958 0.06244354 0.02099489
v 0.42194151 0.06244354 0.04369502
v 0.41458343 0.06244354 0.06639512
v 0.43665455 0.06244354 0.15070236
v 0.43665455 0.06675765 -0.13790587
v 0.43665455 0.08474412 -0.11520577
v 0.43241105 0.08514364 -0.09250564
v 0.43665455 0.08514364 -0.11372006
v 0.43078302 0.08514364 -0.06980554
v 0.43014801 0.08514364 -0.04710544
v 0.43036633 0.08514364 -0.02440531
v 0.43212099 0.08514364 -0.00170521
v 0.43443302 0.08514364 0.02099489
v 0.43404153 0.08514364 0.04369502
v 0.42627312 0.08514364 0.06639512
v 0.41502047 0.08514364 0.15719558
v 0.43665455 0.08514364 0.15039381
v 0.43665455 0.08852274 -0.09250564
v 0.43665455 0.09004144 -0.06980554
v 0.43665455 0.09069044 -0.04710544
v 0.43665455 0.09022721 -0.02440531
v 0.43665455 0.08876546 -0.00170521
v 0.43665455 0.08732168 0.02099489
v 0.43665455 0.08826530 0.04369502
v 0.43665455 0.09551625 0.06639512
v 0.43665455 0.10784374 0.08656055
v 0.43665455 0.10784374 0.14412806
v 0.43665455 0.10903466 0.08909522
v 0.43665455 0.11976521 0.11179531
v 0.42980763 0.13054390 0.11179531
v 0.43665455 0.12287163 0.13449541
v 0.43252011 0.13054390 0.13449541
v 0.44689755 -0.11915732 -0.13790587
v 0.45367127 -0.11915732 -0.11520577
v 0.44933588 -0.11915732 -0.09250564
v 0.44648186 -0.11915732 -0.06980554
v 0.44584207 -0.11915732 -0.04710544
v 0.44630000 -0.11915732 -0.02440531
v 0.44689828 -0.11915732 -0.00170521
v 0.44741859 -0.11915732 0.02099489
v 0.44679160 -0.11915732 0.04369502
v 0.44524811 -0.11915732 0.06639512
v 0.44460143 -0.11915732 0.08909522
v 0.44524201 -0.11915732 0.11179531
v 0.44111863 -0.11915732 0.13449541
v 0.45518633 -0.09645722 -0.13790587
v 0.45484827 -0.09645722 -0.11520577
v 0.45280661 -0.09645722 -0.09250564
v 0.45366656 -0.09645722 -0.06980554
v 0.45633071 -0.09645722 -0.04710544
v 0.45760032 -0.09645722 -0.02440531
v 0.45720963 -0.09645722 -0.00170521
v 0.45734083 -0.09645722 0.02099489
v 0.45681979 -0.09645722 0.04369502
v 0.45401563 -0.09645722 0.06639512
v 0.45162941 -0.09645722 0.08909522
v 0.45171997 -0.09645722 0.11179531
v 0.45160992 -0.09645722 0.13449541
v 0.45421286 -0.07375712 -0.13790587
v 0.45322740 -0.07375712 -0.11520577
v 0.45192464 -0.07375712 -0.09250564
v 0.45351328 -0.07375712 -0.06980554
v 0.45569504 -0.07375712 -0.04710544
v 0.45499360 -0.07375712 -0.02440531
v 0.45346946 -0.07375712 -0.00170521
v 0.45439731 -0.07375712 0.02099489
v 0.45705296 -0.07375712 0.04369502
v 0.45790271 -0.07375712 0.06639512
v 0.45685473 -0.07375712 0.08909522
v 0.45658741 -0.07375712 0.11179531
v 0.45591588 -0.07375712 0.13449541
v 0.45440420 -0.05105699 -0.13790587
v 0.45376555 -0.05105699 -0.11520577
v 0.45249368 -0.05105699 -0.09250564
v 0.45371218 -0.05105699 -0.06980554
v 0.45481068 -0.05105699 -0.04710544
v 0.45295995 -0.05105699 -0.02440531
v 0.45104035 -0.05105699 -0.00170521
v 0.45216212 -0.05105699 0.02099489
v 0.45600087 -0.05105699 0.04369502
v 0.45921184 -0.05105699 0.06639512
v 0.45935465 -0.05105699 0.07192163
v 0.45935465 -0.05441975 0.08909522
v 0.45935465 -0.05187037 0.11179531
v 0.45743882 -0.05105699 0.13449541
v 0.45935465 -0.05105699 0.11339165
v 0.45506228 -0.02835689 -0.13790587
v 0.45516677 -0.02835689 -0.11520577
v 0.45362427 -0.02835689 -0.09250564
v 0.45430064 -0.02835689 -0.06980554
v 0.45500467 -0.02835689 -0.04710544
v 0.45329549 -0.02835689 -0.02440531
v 0.45158346 -0.02835689 -0.00170521
v 0.45249666 -0.02835689 0.02099489
v 0.45539086 -0.02835689 0.04369502
v 0.45734885 -0.02835689 0.06639512
v 0.45935465 -0.04580386 0.08909522
v 0.45787023 -0.02835689 0.08909522
v 0.45935465 -0.04851882 0.11179531
v 0.45850663 -0.02835689 0.11179531
v 0.45667254 -0.02835689 0.13449541
v 0.45399030 -0.00565679 -0.13790587
v 0.45447276 -0.00565679 -0.11520577
v 0.45251224 -0.00565679 -0.09250564
v 0.45314466 -0.00565679 -0.06980554
v 0.45462445 -0.00565679 -0.04710544
v 0.45411945 -0.00565679 -0.02440531
v 0.45315268 -0.00565679 -0.00170521
v 0.45371609 -0.00565679 0.02099489
v 0.45440500 -0.00565679 0.04369502
v 0.45347125 -0.00565679 0.06639512
v 0.45310177 -0.00565679 0.08909522
v 0.45484051 -0.00565679 0.11179531
v 0.45422506 -0.00565679 0.13449541
v 0.45293589 0.01704334 -0.13790587
v 0.45324033 0.01704334 -0.11520577
v 0.45068392 0.01704334 -0.09250564
v 0.45126709 0.01704334 -0.06980554
v 0.45326891 0.01704334 -0.04710544
v 0.45336928 0.01704334 -0.02440531
v 0.45296108 0.01704334 -0.00170521
v 0.45362201 0.01704334 0.02099489
v 0.45298157 0.01704334 0.04369502
v 0.45049955 0.01704334 0.06639512
v 0.44996724 0.01704334 0.08909522
v 0.45240258 0.01704334 0.11179531
v 0.45267016 0.01704334 0.13449541
v 0.45505565 0.03974344 -0.13790587
v 0.45529963 0.03974344 -0.11520577
v 0.45150172 0.03974344 -0.09250564
v 0.45146877 0.03974344 -0.06980554
v 0.45302811 0.03974344 -0.04710544
v 0.45264603 0.03974344 -0.02440531
v 0.45223790 0.03974344 -0.00170521
v 0.45332950 0.03974344 0.02099489
v 0.45276908 0.03974344 0.04369502
v 0.45014061 0.03974344 0.06639512
v 0.45014764 0.03974344 0.08909522
v 0.45311682 0.03974344 0.11179531
v 0.45367764 0.03974344 0.13449541
v 0.45935465 0.06005473 -0.13790587
v 0.45935465 0.06244354 -0.13821764
v 0.45935465 0.05469496 -0.11520577
v 0.45633077 0.06244354 -0.09250564
v 0.45935465 0.06244354 -0.10351883
v 0.45469764 0.06244354 -0.06980554
v 0.45554944 0.06244354 -0.04710544
v 0.45462365 0.06244354 -0.02440531
v 0.45382197 0.06244354 -0.00170521
v 0.45491278 0.06244354 0.02099489
v 0.45434666 0.06244354 0.04369502
v 0.45163756 0.06244354 0.06639512
v 0.45184740 0.06244354 0.08909522
v 0.45411328 0.06244354 0.11179531
v 0.45387163 0.06244354 0.13449541
v 0.45935465 0.06345658 -0.13790587
v 0.45935465 0.08486200 -0.11520577
v 0.45072198 0.08514364 -0.09250564
v 0.44913738 0.08514364 -0.06980554
v 0.45030098 0.08514364 -0.04710544
v 0.44942220 0.08514364 -0.02440531
v 0.44600470 0.08514364 -0.00170521
v 0.44257044 0.08514364 0.02099489
v 0.44266538 0.08514364 0.04369502
v 0.44556826 0.08514364 0.06639512
v 0.44756617 0.08514364 0.08909522
v 0.44892522 0.08514364 0.11179531
v 0.44827841 0.08514364 0.13449541
v 0.43734558 0.10784374 0.08909522
v 0.44077076 0.10784374 0.11179531
v 0.44097390 0.10784374 0.13449541
v 0.45981330 -0.05105699 0.08909522
v 0.45945164 -0.05105699 0.11179531
v 0.45983870 0.06244354 -0.13790587
v 0.46125251 0.06244354 -0.11520577
v 0.52656966 0.08514364 -0.16060597
v 0.52745495 0.08462173 -0.16060597
v 0.52745495 0.08514364 -0.16150263
v 0.52745495 0.08514364 -0.15989442
v 0.52405642 0.10784374 -0.16060597
v 0.52745495 0.10784374 -0.16457106
v 0.52745495 0.10784374 -0.15520811
v 0.52745495 0.11294243 -0.16060597
v 0.51589745 0.56184598 0.58849766
v 0.52745495 0.55309954 0.58849766
v 0.52745495 0.56184598 0.57976090
v 0.52745495 0.56184598 0.59033950
v 0.52745495 0.56368782 0.58849766
v 0.53717650 -0.50505920 -0.47840752
v 0.55015511 -0.50760165 -0.47840752
v 0.55015511 -0.50505920 -0.48094997
v 0.55015511 -0.50505920 -0.46492259
v 0.53346703 -0.50505920 0.58849766
v 0.55015511 -0.50813360 0.58849766
v 0.55015511 -0.50505920 0.57169786
v 0.55015511 -0.50505920 0.59157199
v 0.55015511 -0.49066953 -0.47840752
v 0.55015511 -0.48830267 0.58849766
v 0.54491806 -0.18725765 0.13449541
v 0.55015511 -0.19795900 0.13449541
v 0.55015511 -0.18725765 0.12121647
v 0.54330919 -0.18725765 0.15719558
v 0.55015511 -0.19841739 0.15719558
v 0.55015511 -0.18725765 0.17817762
v 0.55015511 -0.17496109 0.13449541
v 0.55015511 -0.16455755 0.14363792
v 0.54256618 -0.16455755 0.15719558
v 0.55015511 -0.18427113 0.17989568
v 0.54625881 -0.16455755 0.17989568
v 0.55015511 -0.16455755 0.18687188
v 0.55015511 -0.15339108 0.15719558
v 0.55015511 -0.15463289 0.17989568
v 0.54907312 0.06244354 -0.18330610
v 0.55015511 0.06144747 -0.18330610
v 0.55015511 0.06244354 -0.18519047
v 0.55015511 0.06244354 -0.16698645
v 0.53616021 0.08514364 -0.18330610
v 0.55015511 0.08514364 -0.19969657
v 0.55015511 0.06294051 -0.16060597
v 0.54813015 0.08514364 -0.13790587
v 0.55015511 0.08325917 -0.13790587
v 0.55015511 0.08514364 -0.13703431
v 0.53685754 0.10784374 -0.18330610
v 0.55015511 0.10784374 -0.19832412
v 0.53943934 0.10784374 -0.13790587
v 0.55015511 0.10784374 -0.13343039
v 0.54590663 0.13054390 -0.18330610
v 0.55015511 0.13054390 -0.18861241
v 0.53469879 0.13054390 -0.16060597
v 0.53924900 0.13054390 -0.13790587
v 0.55015511 0.13054390 -0.12976206
v 0.55015511 0.13724921 -0.18330610
v 0.55015511 0.15324400 -0.16273558
v 0.54912211 0.15324400 -0.16060597
v 0.54725528 0.15324400 -0.13790587
v 0.55015511 0.15324400 -0.13119987
v 0.55015511 0.15453192 -0.16060597
v 0.55015511 0.15728072 -0.13790587
v 0.54138925 0.53914581 0.58849766
v 0.55015511 0.52752162 0.58849766
v 0.55015511 0.53914581 0.57972861
v 0.55015511 0.53914581 0.59034553
v 0.53027628 0.56184598 -0.47840752
v 0.55015511 0.54197597 -0.47840752
v 0.55015511 0.56184598 -0.48197107
v 0.55015511 0.56184598 -0.45853943
v 0.54141431 0.56184598 0.56579749
v 0.55015511 0.55309225 0.56579749
v 0.55015511 0.56184598 0.55422647
v 0.55015511 0.56184598 0.59375984
v 0.55015511 0.56540953 -0.47840752
v 0.55015511 0.56368901 0.56579749
v 0.55015511 0.56710816 0.58849766
v 0.55269760 -0.50505920 -0.47840752
v 0.55322944 -0.50505920 0.58849766
v 0.55094466 -0.18725765 0.13449541
v 0.55128464 -0.18725765 0.15719558
v 0.55113699 -0.16455755 0.15719558
v 0.55077984 -0.16455755 0.17989568
v 0.55029673 0.06244354 -0.18330610
v 0.55207499 0.08514364 -0.18330610
v 0.55239919 0.08514364 -0.16060597
v 0.55031628 0.08514364 -0.13790587
v 0.55223868 0.10784374 -0.18330610
v 0.55303413 0.10784374 -0.16060597
v 0.55109814 0.10784374 -0.13790587
v 0.55096223 0.13054390 -0.18330610
v 0.55243048 0.13054390 -0.16060597
v 0.55142102 0.13054390 -0.13790587
v 0.55035984 0.15324400 -0.16060597
v 0.55063657 0.15324400 -0.13790587
v 0.55200299 0.53914581 0.58849766
v 0.55371866 0.56184598 -0.47840752
v 0.55199815 0.56184598 0.56579749
v 0.55541730 0.56184598 0.58849766
vn -0.93065240 -0.25867852 -0.25878858
vn -0.25817510 -0.93079655 -0.25877287
vn -0.25817155 -0.25865926 -0.93082911
vn -0.21208243 -0.21313779 0.95372602
vn -0.94413088 -0.28253197 -0.16968374
vn -0.28227042 -0.94420561 -0.16970319
vn -0.16692503 -0.16735231 -0.97166313
vn -0.92631389 -0.26660271 0.26620587
vn -0.26636768 -0.92638342 0.26619923
vn -0.26637857 -0.26660731 0.92626292
vn -0.21228491 0.95358220 -0.21357929
vn -0.32288556 0.69705542 -0.64020204
vn -0.32301914 0.63682884 -0.70007690
vn -0.94443055 0.16859451 0.28218227
vn -0.28234207 0.16863076 0.94437631
vn -0.16591387 0.97210839 0.16576448
vn -0.96353129 -0.02406488 0.26651143
vn -0.03529242 -0.99874182 0.03562600
vn -0.26061304 -0.09492442 -0.96076542
vn -0.26573745 -0.02413191 0.96374336
vn -0.99957857 0.00482800 0.02862479
vn -0.09682499 -0.97414878 0.20410556
vn -0.05875780 0.03327120 -0.99771767
vn -0.20130734 0.03701963 0.97882833
vn -0.96337659 -0.00475323 0.26810998
vn -0.26152067 -0.01893267 -0.96501217
vn -0.26720530 -0.00470353 0.96362815
vn -0.99973703 0.01122491 -0.01999668
vn -0.04485624 -0.99680049 -0.06615657
vn -0.19704922 0.09531736 -0.97574905
vn -0.12177538 0.97008934 0.20999389
vn -0.10499888 0.12576332 0.98648813
vn -0.96347749 0.01149249 0.26754261
vn -0.26173761 0.04602861 -0.96404086
vn -0.26631249 0.01145837 0.96381864
vn -0.09360763 0.99014069 -0.10420668
vn -0.01921484 0.99962570 0.01947437
vn -0.99912870 0.00132180 -0.04171445
vn -0.16295204 -0.89508523 -0.41505309
vn -0.11683916 0.05549057 -0.99159942
vn -0.99849410 -0.05438578 -0.00719218
vn -0.35048672 -0.93549594 0.04479290
vn -0.99617108 -0.08327723 0.02660973
vn -0.39670041 -0.89486601 0.20455711
vn -0.28775115 -0.74505709 0.60173848
vn -0.23797218 0.75580557 -0.61002228
vn -0.19761952 0.80665547 -0.55700402
vn -0.99426045 0.09857827 -0.04157496
vn -0.99794786 0.06339716 -0.00899276
vn -0.22709123 -0.80539357 0.54751327
vn -0.99958697 0.02215184 0.01830789
vn -0.99932973 -0.03184144 0.01806122
vn -0.35310468 -0.89846052 0.26093251
vn -0.04109185 -0.05594881 0.99758769
vn -0.99220177 -0.10793362 -0.06233762
vn -0.34914377 -0.84082711 -0.41365252
vn -0.49006659 -0.69259956 -0.52928309
vn -0.99786708 -0.05404956 0.03660504
vn -0.16446265 -0.97529106 0.14751064
vn -0.22920846 -0.36259950 0.90331892
vn -0.96442841 -0.00976358 0.26416379
vn -0.01007187 -0.99989781 0.01014508
vn -0.26275593 -0.03829223 -0.96410219
vn -0.26334595 -0.00981096 0.96465157
vn -0.25500669 0.92264049 -0.28932009
vn -0.25035228 0.95794863 -0.14020757
vn -0.22440118 0.97261514 0.06053021
vn -0.18544470 0.94346651 0.27473844
vn -0.98806288 -0.14087271 -0.06234285
vn -0.48790411 -0.83111705 -0.26682209
vn -0.32113756 -0.75485925 -0.57189000
vn -0.99393878 -0.09706748 -0.05161023
vn -0.47715185 -0.79107485 -0.38278805
vn -0.99914425 -0.04115505 0.00412607
vn -0.99758853 -0.00144023 0.06939058
vn -0.22962297 0.11890707 0.96598882
vn -0.96413288 -0.00762748 0.26531042
vn -0.26361480 -0.03055067 -0.96414413
vn -0.26488213 -0.00770203 0.96425004
vn -0.99529973 -0.02310126 -0.09404665
vn -0.27601292 -0.63076987 -0.72522151
vn -0.24295083 -0.15783173 -0.95711234
vn -0.99863258 -0.01854168 -0.04887923
vn -0.99996112 0.00491662 -0.00732026
vn -0.99848969 0.03877832 0.03891768
vn -0.99189264 0.07094909 0.10542876
vn -0.25087776 0.47106815 0.84566846
vn -0.96374145 -0.00057805 0.26683718
vn -0.26323701 -0.00261749 -0.96472764
vn -0.26639891 -0.00054080 0.96386271
vn -0.99415925 0.07275725 -0.07971055
vn -0.19771052 0.46219734 -0.86445599
vn -0.99546596 0.08901920 -0.03351280
vn -0.99421274 0.10597546 0.01761311
vn -0.98926033 0.12947859 0.06781805
vn -0.25254948 0.76120236 0.59731878
vn -0.25604392 0.70672447 0.65953167
vn -0.96356035 0.01383982 0.26713277
vn -0.26193731 0.05477488 -0.96352922
vn -0.26670837 0.01386927 0.96367748
vn -0.23182388 0.86341528 -0.44807560
vn -0.25052204 0.95359247 -0.16703327
vn -0.26185851 0.95654111 0.12829349
vn -0.26496891 0.88666504 0.37896779
vn -0.02397789 0.99942212 0.02409328
vn -0.94422874 -0.17118703 0.28129536
vn -0.16575505 -0.97216746 0.16557683
vn -0.32185033 -0.63804934 -0.69950368
vn -0.28116176 -0.17109531 0.94428516
vn -0.92873606 0.26213155 -0.26217625
vn -0.21597075 -0.95219739 -0.21604805
vn -0.26214084 0.26213047 -0.92874636
vn -0.21588368 0.21586033 0.95225971
vn -0.94419385 0.28121120 -0.17151744
vn -0.32171792 -0.69859813 -0.63910737
vn -0.16594907 0.16598127 -0.97206539
vn -0.92714423 0.26501521 0.26489719
vn -0.26503896 0.26501771 0.92710300
vn -0.26214224 0.92873295 -0.26217657
vn -0.28120337 0.94419363 -0.17153146
vn -0.26503558 0.92713861 0.26489647
vn 0.95294515 -0.21423478 -0.21447379
vn 0.69772982 -0.32360643 -0.63910248
vn 0.63764594 -0.32348989 -0.69911512
vn 0.16920632 -0.94432565 0.28216714
vn 0.16919831 -0.28249335 0.94422955
vn 0.63927178 0.69808091 0.32251300
vn 0.69971547 0.63738054 0.32271397
vn 0.96012060 -0.09431933 0.26319631
vn 0.98285443 0.03230459 0.18153122
vn 0.96418503 -0.01867570 0.26457219
vn 0.99104158 0.07266105 -0.11205779
vn 0.96303981 0.04547275 0.26549304
vn 0.95461233 0.02436275 -0.29685310
vn 0.96110232 -0.26873076 -0.06376604
vn 0.86631259 -0.46722329 0.17664908
vn 0.86486501 0.45794639 -0.20565412
vn 0.92981137 0.36148243 -0.06914668
vn 0.98495688 0.12787266 0.11622621
vn 0.97354489 -0.13961662 0.18087990
vn 0.69919933 -0.67946886 -0.22235638
vn 0.90422963 -0.35437413 0.23830183
vn 0.96357235 -0.03816533 0.26471065
vn 0.56831059 -0.69194046 -0.44524316
vn 0.49919236 -0.69974281 -0.51104500
vn 0.38228886 -0.89445490 -0.23196046
vn 0.77279867 -0.62677946 0.09964796
vn 0.87318414 0.01313148 0.48721352
vn 0.84701802 -0.06480510 0.52759906
vn 0.96373526 -0.03054296 0.26510653
vn 0.82586532 -0.07833223 -0.55839998
vn 0.76264456 0.10495271 -0.63824620
vn 0.70475113 -0.30643383 -0.63986261
vn 0.85231175 0.38789855 0.35085524
vn 0.85686294 0.43580377 0.27542871
vn 0.86961694 0.27657351 0.40899079
vn 0.77960354 0.36963117 0.50556019
vn 0.96435105 -0.00254327 0.26461403
vn 0.85561329 0.37034700 -0.36161997
vn 0.76916566 0.53410418 -0.35088020
vn 0.82555685 0.52754488 -0.20038038
vn 0.79125136 0.60847074 0.06070131
vn 0.78888012 0.60671573 0.09779664
vn 0.75849509 0.57241215 0.31149563
vn 0.96317780 0.05461568 0.26325966
vn 0.69909419 -0.63863933 0.32156977
vn 0.95221185 0.21592720 -0.21602785
vn 0.69858936 0.32175179 -0.63909991
vn 0.63792803 0.32187255 -0.69960409
vn 0.63848686 -0.69926112 0.32150960
vn 0.17105989 0.28130761 0.94424814
vn 0.17106886 0.94428622 0.28117428
vn 0.97188745 -0.16676038 0.16621001
vn 0.85790693 -0.48671217 -0.16464192
vn 0.91344737 -0.16982035 0.36983097
vn 0.82517541 0.24722889 -0.50790100
vn 0.87825210 0.47684953 0.03588551
vn 0.97217819 0.16574126 0.16552762
vn -0.99800808 -0.06171337 0.01308919
vn -0.99486278 -0.10072630 0.01011274
vn -0.99546370 -0.08363519 -0.04535620
vn -0.99518510 -0.06599049 0.07246984
vn -0.99605707 -0.02388170 -0.08543996
vn -0.99112955 -0.07358264 -0.11066981
vn -0.98695283 -0.04668253 -0.15409364
vn -0.99882235 0.00356823 0.04838580
vn -0.99371519 0.02031291 0.11007959
vn -0.99762332 0.06328245 -0.02725886
vn -0.99283952 0.08210891 -0.08676301
vn -0.99426772 0.10009044 0.03759780
vn -0.99412508 0.07450571 0.07851261
vn -0.99874060 0.03894880 -0.03162616
vn -0.99882992 -0.00912624 -0.04749204
vn -0.99126520 0.07950708 -0.10522323
vn -0.99785062 0.06337238 0.01667588
vn -0.99994177 -0.00383032 0.01008845
vn -0.99417127 -0.10707939 0.01254985
vn -0.99923886 0.00289703 -0.03890119
vn -0.99803253 -0.00344449 0.06260362
vn -0.98709164 0.15722845 -0.03048443
vn -0.98617465 0.15303544 -0.06355876
vn -0.99268680 0.12003561 0.01282105
vn -0.69429812 -0.48445460 -0.53221598
vn -0.28488056 -0.79238580 -0.53941431
vn -0.29352672 -0.48043426 -0.82645326
vn -0.86999867 -0.48476087 -0.09005122
vn -0.42904039 -0.89324598 -0.13429800
vn -0.85707712 -0.50795655 0.08601720
vn -0.45650803 -0.88023189 0.12958487
vn -0.81523885 -0.56067080 0.14503057
vn -0.40072681 -0.89623493 0.19021298
vn -0.76962420 -0.62464122 0.13229489
vn -0.32569724 -0.93589724 0.13422992
vn -0.57475462 -0.79862541 0.17847852
vn -0.71048679 -0.69858067 -0.08481491
vn -0.27961557 -0.95807596 -0.06249476
vn -0.56533581 -0.82263988 -0.06049006
vn -0.72166127 -0.68619722 -0.09131471
vn -0.31259807 -0.94551901 -0.09097388
vn -0.76466288 -0.64103814 -0.06603629
vn -0.37075750 -0.92424410 -0.09116870
vn -0.80956016 -0.58477657 -0.05146569
vn -0.42829781 -0.89954838 -0.08587025
vn -0.85325509 -0.52142889 -0.00822587
vn -0.44514050 -0.89465067 -0.03808036
vn -0.87699354 -0.45682090 0.14898660
vn -0.42958816 -0.88961030 0.15507266
vn -0.76460117 -0.46119461 0.45020505
vn -0.37432955 -0.80954206 0.45223782
vn -0.39328202 -0.49817237 0.77275710
vn -0.85038055 -0.21215160 -0.48150246
vn -0.40100575 -0.23683481 -0.88493145
vn -0.97160353 -0.22190597 -0.08212377
vn -0.97635287 -0.19399348 0.09540230
vn -0.97971774 -0.12672179 0.15522476
vn -0.97889556 0.02493836 0.20283382
vn -0.67463392 -0.73414270 0.07683461
vn -0.99658352 -0.01101971 -0.08185267
vn -0.95888780 -0.22312392 -0.17535652
vn -0.95007135 -0.29437712 -0.10347240
vn -0.95730507 -0.28681404 -0.03612083
vn -0.96808960 -0.25004518 0.01673089
vn -0.98202991 -0.16652707 0.08880306
vn -0.94606202 0.13178782 0.29597065
vn -0.89911836 0.15633314 0.40883508
vn -0.48605772 0.13092618 0.86406379
vn -0.87109085 -0.04584974 -0.48897702
vn -0.43552352 -0.06543868 -0.89779566
vn -0.99531479 -0.04654930 -0.08474447
vn -0.98181663 -0.02357638 0.18836202
vn -0.91023776 0.17429649 0.37561677
vn 0.00132255 0.58433188 0.81151371
vn -0.14561214 0.85703232 0.49425976
vn -0.17351394 0.90286439 -0.39335582
vn -0.02654982 0.66105754 -0.74986534
vn -0.89615964 0.18965058 -0.40116152
vn -0.98335264 -0.00557098 -0.18162202
vn -0.99829916 -0.04795203 -0.03315693
vn -0.99610190 -0.04387640 0.07652364
vn -0.92034871 0.11267475 0.37451656
vn -0.33082579 0.45154598 0.82864982
vn -0.41733925 0.77713990 0.47104302
vn -0.51513204 0.73696494 0.43763188
vn -0.88235648 0.03191675 -0.46949798
vn -0.44029414 0.01702104 -0.89769224
vn -0.99547039 0.05285229 -0.07902743
vn -0.97527879 0.00585690 0.22090038
vn -0.82957004 -0.05253807 0.55592563
vn 0.14124075 -0.11230275 0.98358484
vn -0.81727197 0.07694211 -0.57109232
vn 0.17774829 0.08367966 -0.98051173
vn -0.95379469 0.04415857 -0.29719643
vn -0.99813623 -0.02355743 -0.05629484
vn -0.99539040 -0.06212324 0.07306616
vn -0.87368406 -0.16997259 0.45583493
vn -0.28747645 -0.32129323 0.90229039
vn -0.88706429 0.03179539 -0.46054966
vn -0.44226833 0.03459032 -0.89621551
vn -0.99441521 0.03836704 -0.09831767
vn -0.99548392 -0.02555792 0.09142516
vn -0.90290884 -0.23293444 0.36124391
vn -0.03091747 -0.71717421 0.69620777
vn -0.90662888 -0.26505409 -0.32828403
vn -0.05569578 -0.77825576 -0.62547258
vn -0.95665210 -0.06121767 -0.28472647
vn -0.99214670 -0.07176485 -0.10244377
vn -0.97334174 -0.12479880 0.19243471
vn -0.31018907 -0.84193391 0.44150881
vn -0.85290363 -0.40584667 0.32839590
vn -0.81444950 -0.39836693 0.42187179
vn -0.41999156 -0.81062519 0.40803662
vn -0.50292235 -0.44882842 0.73866241
vn -0.88017356 -0.01806676 -0.47430801
vn -0.41297802 0.04280138 -0.90973468
vn -0.99218153 -0.04156561 -0.11767799
vn -0.99793545 -0.06416486 -0.00277468
vn -0.98221439 -0.15479143 0.10627557
vn -0.11556430 -0.91388628 0.38917447
vn -0.91869666 -0.36585607 0.14881462
vn -0.92235177 -0.38584149 -0.01983848
vn -0.16744085 -0.95609453 -0.24051363
vn -0.97189503 -0.21530900 -0.09519494
vn -0.97476192 -0.10019905 -0.19949775
vn -0.99169641 0.03111273 0.12478069
vn -0.98098927 -0.05935090 0.18476343
vn -0.88386166 -0.10668671 0.45541905
vn -0.51896429 -0.07977215 0.85106549
vn -0.85471671 0.03565296 -0.51786891
vn -0.35026160 0.11342549 -0.92975883
vn -0.99112772 -0.02095694 -0.13125036
vn -0.99880174 -0.04237989 -0.02447510
vn -0.99722010 -0.06788920 0.03071052
vn -0.99123254 -0.12702662 0.03636326
vn -0.98323289 -0.18009265 0.02863065
vn -0.99066376 -0.13632711 -0.00048445
vn -0.99665954 0.00255123 -0.08162878
vn -0.99172354 0.10549063 0.07318573
vn -0.99224596 0.06460553 0.10617949
vn -0.99029318 0.02919972 0.13589258
vn -0.88482113 0.02557630 0.46522835
vn -0.51379104 0.04984496 0.85646614
vn -0.77469205 0.23210777 -0.58819912
vn -0.27711560 0.26594991 -0.92329713
vn -0.97262351 0.13297535 -0.19058086
vn -0.99547920 0.09473753 0.00678009
vn -0.99816265 0.05685387 -0.02095132
vn -0.99386995 0.04597942 0.10054057
vn -0.98229416 0.17826522 0.05761673
vn -0.96773543 0.25120647 -0.01958188
vn -0.98837855 0.15172362 -0.00936889
vn -0.99874866 0.01365877 0.04810986
vn -0.99202517 -0.02537400 0.12345940
vn -0.87025324 -0.00565029 0.49257220
vn -0.50214343 0.02452730 0.86443646
vn -0.55456887 0.55243968 -0.62230521
vn -0.12883949 0.47329111 -0.87143325
vn -0.83553811 0.47636076 -0.27378184
vn -0.90573746 0.41820824 -0.06885878
vn -0.92760330 0.37355962 -0.00230649
vn -0.93738112 0.34286155 -0.06134003
vn -0.94148072 0.33688259 0.01114310
vn -0.91766568 0.36610934 0.15444624
vn -0.88636924 0.43252605 0.16513869
vn -0.88049352 0.47014382 -0.06079432
vn -0.92579294 0.30894277 -0.21785728
vn -0.99537122 0.05753002 -0.07698333
vn -0.99358996 0.00282932 0.11300876
vn -0.86579746 -0.01142670 0.50026412
vn -0.48703142 -0.03501564 0.87268225
vn -0.12471060 0.76200812 -0.63544543
vn -0.15112977 0.90739325 -0.39216998
vn -0.01860673 0.98988075 -0.14067652
vn 0.10400512 0.98608635 -0.12967900
vn -0.68102324 0.72841913 -0.07491942
vn -0.74882834 0.65873185 -0.07299636
vn -0.73311706 0.67757855 0.05853783
vn -0.63382780 0.74906145 0.19279329
vn 0.04326908 0.94129079 0.33481254
vn -0.03142417 0.96394913 0.26422451
vn 0.10837762 0.98661880 -0.12180986
vn 0.24478600 0.85466839 -0.45784468
vn -0.70085861 0.54336736 -0.46211375
vn -0.93695114 0.24275008 -0.25138607
vn -0.99049288 0.11276984 0.07878336
vn -0.89502810 0.03042191 0.44497101
vn -0.52400869 -0.08558798 0.84740167
vn 0.11824882 0.98871763 -0.09194928
vn 0.01428108 0.99711624 -0.07453363
vn 0.04252116 0.99709478 0.06319768
vn 0.13096121 0.97469385 0.18116581
vn 0.23265896 0.68930526 -0.68609625
vn -0.24997211 0.50076590 -0.82870227
vn -0.78364544 0.43395992 -0.44449816
vn -0.97515645 0.20404883 -0.08622049
vn -0.94143610 0.02501267 0.33626245
vn -0.58371446 -0.10065288 0.80569624
vn -0.42569764 0.63456372 -0.64506620
vn -0.51111484 0.54402443 -0.66543146
vn -0.86038468 0.34813182 -0.37221289
vn -0.97015113 0.11166288 0.21526308
vn -0.51211766 0.17956770 0.83993509
vn -0.52290407 0.59894820 -0.60649187
vn -0.40357443 0.76875480 -0.49612874
vn -0.81768913 0.56573392 0.10644067
vn -0.35716157 0.60970278 0.70760026
vn -0.27030281 0.96229280 0.03047890
vn 0.00405626 -0.82383763 -0.56681135
vn -0.00984189 -0.55636529 -0.83087954
vn -0.00552804 -0.98259285 -0.18568990
vn -0.01901084 -0.98914164 0.14573057
vn -0.00170146 -0.96791868 0.25125792
vn 0.03422177 -0.98302244 0.18026577
vn -0.08426757 -0.99603157 0.02863717
vn 0.04052825 -0.99888558 0.02418819
vn 0.01645463 -0.99596291 -0.08824472
vn -0.01016716 -0.99169501 -0.12820931
vn -0.04354939 -0.98972019 -0.13622550
vn -0.07280785 -0.99024150 -0.11883095
vn -0.07937661 -0.99617044 -0.03665792
vn -0.06029621 -0.97946646 0.19237939
vn -0.03074481 -0.85862396 0.51168315
vn -0.03461410 -0.55497879 0.83114403
vn -0.05825883 -0.29336868 -0.95422258
vn 0.85714989 0.29690772 -0.42087988
vn 0.75731472 0.54054446 -0.36645068
vn 0.86505226 0.49645837 0.07220573
vn 0.61257915 0.46088969 -0.64212730
vn -0.19841402 0.04220623 0.97920912
vn -0.08124945 -0.07819224 -0.99362191
vn 0.58703231 0.44228713 0.67806723
vn 0.44256890 0.36981320 0.81692776
vn 0.46686359 0.62983311 0.62076456
vn 0.54139817 0.79854955 0.26307155
vn 0.49531746 0.66146012 -0.56314396
vn 0.66192859 0.45415812 -0.59631446
vn 0.49217877 0.38968521 -0.77839932
vn -0.29040891 0.45441574 0.84212172
vn -0.31107917 0.89619483 0.31632985
vn -0.44792362 0.79099658 0.41675993
vn -0.07936003 0.02385493 -0.99656055
vn 0.74021254 -0.02519895 0.67190059
vn 0.47893830 -0.01070607 0.87778328
vn 0.78647125 -0.00877988 -0.61756448
vn 0.55343483 -0.03298359 -0.83223913
vn -0.26282129 -0.23026602 0.93696453
vn -0.06808679 0.05749894 -0.99602111
vn 0.58749199 -0.50669454 0.63096261
vn 0.41698192 -0.41765123 0.80727537
vn 0.60762490 -0.50575808 -0.61237304
vn 0.46238731 -0.45260052 -0.76246361
vn -0.27166484 -0.91992924 0.28271613
vn -0.43498728 -0.85889621 0.27033935
vn -0.31926185 -0.42918946 0.84490726
vn -0.04280957 0.09000555 -0.99502077
vn 0.45900450 -0.66411839 0.59013696
vn 0.53786433 -0.81611414 0.21132836
vn 0.50871338 -0.83910510 -0.19264821
vn 0.44157052 -0.72387396 -0.53011505
vn -0.18480301 -0.05163362 0.98141827
vn 0.00857581 0.18350954 -0.98298052
vn -0.18346623 0.04839893 0.98183384
vn 0.10741972 0.36184300 -0.92602951
vn -0.19775303 0.02935500 0.97981224
vn 0.31158398 0.70890726 -0.63274475
vn 0.22487605 0.75029803 -0.62167807
vn 0.42131299 0.84431154 -0.33110934
vn 0.72884855 0.66602933 0.15869695
vn 0.71183846 0.65789065 0.24589817
vn 0.67165730 0.72583026 0.14848200
vn 0.71179999 0.68673990 -0.14740789
vn 0.75059034 0.64452238 -0.14561954
vn 0.71421412 0.61002885 -0.34316613
vn 0.64708713 0.70237081 0.29656955
vn 0.62398640 0.71269261 0.32048435
vn 0.57304905 0.74978475 0.33081356
vn 0.65140673 0.74435110 0.14700582
vn 0.82816663 0.54947800 0.11051682
vn 0.63930614 0.70872649 -0.29831934
vn 0.81775594 0.45185536 -0.35651361
vn 0.66731899 0.38636841 -0.63671409
vn -0.20284460 -0.03962247 0.97840898
vn 0.59705277 0.79257128 -0.12393048
vn 0.76576165 0.63799569 -0.08105920
vn 0.76024530 0.60423970 -0.23858221
vn 0.65877273 0.74258480 -0.12077380
vn 0.70039410 0.71271283 0.03858137
vn 0.59054940 0.80424991 0.06658447
vn 0.69479208 0.67551086 0.24687862
vn 0.65323953 0.73445754 0.18398435
vn 0.83237412 0.34503782 -0.43370754
vn 0.63808410 0.08469255 -0.76529462
vn -0.19338212 -0.10321131 0.97567965
vn 0.33480462 0.08512962 -0.93843424
vn -0.15650506 -0.11139064 0.98137571
vn -0.20424595 -0.08947944 0.97482153
vn -0.07060126 -0.02553169 0.99717782
vn 0.18370214 0.38746680 -0.90339526
vn -0.06602873 0.44392188 -0.89362944
vn -0.09057121 0.27306832 0.95772154
vn 0.00142731 0.14287776 0.98973931
vn -0.25198002 0.77446553 -0.58026650
vn -0.10643386 0.69860222 -0.70754984
vn 0.04432253 0.70531968 0.70750241
vn 0.01041045 0.41301345 0.91066542
vn -0.07052789 0.90082607 -0.42841360
vn 0.03704607 0.98574602 0.16411087
vn 0.06605246 -0.82921148 -0.55501837
vn 0.05247160 -0.59176170 -0.80440340
vn 0.08285239 -0.97797958 -0.19155003
vn 0.07947290 -0.98528565 0.15131507
vn 0.08966048 -0.95707832 0.27561220
vn 0.50531564 -0.45099355 0.73570437
vn 0.37960731 -0.36025972 0.85212160
vn 0.73447274 -0.67188604 -0.09549315
vn 0.49013820 -0.72128822 -0.48939540
vn 0.31930627 -0.68192346 -0.65804552
vn 0.06693041 -0.98632256 -0.15062577
vn 0.05166276 -0.98562727 -0.16084105
vn 0.03409080 -0.99026288 -0.13497126
vn 0.02835105 -0.99906029 -0.03278351
vn 0.03949723 -0.97557895 0.21606869
vn 0.05676520 -0.84408316 0.53319915
vn 0.05156742 -0.59072466 0.80522368
vn 0.01217104 -0.32828777 -0.94449934
vn 0.59843313 0.70748414 0.37595742
vn 0.30011951 0.76788238 0.56593722
vn 0.57805762 0.39673907 -0.71305505
vn 0.40096396 0.34526749 -0.84853890
vn -0.01110690 -0.27167967 0.96232364
vn -0.01340759 -0.08966055 -0.99588213
vn 0.25553000 0.41018794 0.87547146
vn 0.24683020 0.75229751 0.61083820
vn 0.39351630 0.53904175 -0.74470055
vn 0.50311079 0.36681439 -0.78251309
vn 0.48698698 0.40827040 -0.77211331
vn -0.83660969 0.45923059 0.29864944
vn -0.83238418 0.44090637 0.33576501
vn -0.35316697 0.02777812 0.93514783
vn -0.01832810 0.02806502 -0.99943806
vn 0.26860436 -0.01364890 0.96315388
vn 0.54076038 -0.04272079 -0.84009115
vn 0.56126261 -0.09306965 -0.82238818
vn -0.93313016 -0.22834165 0.27771964
vn -0.91621185 -0.30875515 0.25539403
vn -0.44668796 -0.19460412 0.87326920
vn -0.00939671 0.07359837 -0.99724369
vn 0.26164897 -0.42054969 0.86872192
vn 0.38769732 -0.35296490 -0.85153189
vn 0.32559523 -0.51192935 -0.79493149
vn -0.12237606 -0.12465367 0.98462458
vn 0.01567439 0.12707744 -0.99176894
vn 0.25363872 -0.76613736 0.59050905
vn 0.49011831 -0.84788745 0.20216556
vn 0.27774226 -0.85192570 0.44393900
vn 0.45709702 -0.86178684 -0.21996762
vn 0.23843511 -0.87712788 -0.41688772
vn 0.24183776 -0.82305775 -0.51389731
vn -0.03873975 -0.00791790 0.99921796
vn 0.07488743 0.26181072 -0.96220945
vn 0.34043190 -0.91452303 0.21852632
vn 0.30474219 -0.90936895 -0.28316126
vn -0.04466919 0.03278683 0.99846366
vn 0.16303047 0.48003385 -0.86196785
vn 0.63721787 0.73252549 0.23949904
vn 0.40045645 0.80703519 0.43396870
vn 0.39457012 0.86763182 0.30253834
vn 0.48708286 0.87071608 -0.06785127
vn 0.73411342 0.66776218 -0.12317128
vn 0.57643931 0.71634167 -0.39315688
vn 0.58872242 0.76075973 0.27322251
vn 0.57564720 0.77131642 0.27147979
vn 0.48784297 0.84790414 0.20752786
vn 0.32581505 0.94070242 0.09446432
vn 0.58861517 0.79597539 0.14126344
vn 0.25412757 0.93167255 -0.25962557
vn 0.56490057 0.77290850 -0.28896331
vn 0.26687122 0.76950477 -0.58020872
vn -0.06340219 0.01702500 0.99784283
vn 0.29191862 0.79804895 -0.52716353
vn 0.43634644 0.88707567 0.15066037
vn 0.64630270 0.76281308 0.02022433
vn 0.56402053 0.76700164 -0.30592373
vn 0.77319106 0.59527558 -0.21868371
vn 0.62037429 0.78367854 -0.03136381
vn 0.73697150 0.67591684 -0.00306922
vn 0.58977852 0.78528807 0.18837185
vn 0.72631385 0.65429523 0.21063225
vn 0.25845207 0.65657396 -0.70859943
vn 0.58326664 0.36312242 -0.72659626
vn 0.24031581 0.30484819 -0.92158336
vn -0.06834052 -0.03669947 0.99698682
vn 0.57190134 -0.01965451 -0.82008692
vn 0.27534293 -0.06464717 -0.95916996
vn -0.05229762 -0.05665840 0.99702296
vn 0.42764660 0.07523418 -0.90080975
vn 0.27370327 -0.03541460 -0.96116197
vn -0.03508315 -0.05262896 0.99799768
vn 0.01318540 0.02055717 0.99970173
vn 0.16780732 0.31995790 -0.93245249
vn 0.08803402 0.25034680 0.96414547
vn 0.11774461 0.36844859 0.92216150
vn 0.07210027 0.12599360 0.98940748
vn 0.05129004 0.69622432 -0.71598954
vn 0.11209753 0.71475216 0.69033578
vn 0.04095023 0.93666390 -0.34782729
vn 0.08806270 0.97059384 0.22403697
vn 0.04953161 -0.84013681 -0.54010810
vn 0.03979310 -0.62488074 -0.77970543
vn 0.05991047 -0.97878876 -0.19591656
vn 0.04091564 -0.98936982 0.13954668
vn 0.00849536 -0.96217122 0.27231300
vn -0.09870892 -0.36065943 0.92745961
vn 0.01698541 -0.98932648 -0.14472255
vn -0.01043731 -0.77953046 -0.62627735
vn 0.02672123 -0.98508941 -0.16995540
vn 0.02565481 -0.98924196 -0.14402146
vn 0.02871475 -0.99915621 -0.02936564
vn 0.03842866 -0.97209297 0.23142708
vn 0.05298220 -0.83186158 0.55244837
vn 0.04796030 -0.61881943 0.78406780
vn -0.00170549 -0.36308933 -0.93175277
vn 0.13223466 0.71182483 0.68979664
vn -0.08603055 0.49388836 0.86525894
vn -0.10886747 0.54648856 0.83036024
vn -0.11347203 0.46291454 -0.87910991
vn -0.00530739 -0.35342556 0.93544760
vn -0.03053745 -0.10604978 -0.99389180
vn -0.08210060 0.41927779 0.90413806
vn 0.16590281 0.82946113 -0.53335775
vn 0.43721333 0.54879508 -0.71250857
vn -0.08081159 -0.14887629 0.98554824
vn -0.03876748 0.02923030 -0.99882064
vn 0.10485953 -0.00012914 0.99448704
vn -0.08327280 -0.01002111 0.99647640
vn -0.08046212 0.22832155 0.97025518
vn 0.45481303 0.29661863 -0.83973954
vn 0.61293206 -0.13254282 -0.77893946
vn 0.41607727 -0.12560107 -0.90061317
vn -0.07522691 -0.07440581 0.99438659
vn -0.03052972 0.08969139 -0.99550158
vn -0.07883377 -0.24880606 0.96533972
vn -0.08857362 -0.43960963 0.89381099
vn 0.27179002 -0.57908005 -0.76863287
vn 0.14389818 -0.67017028 -0.72812438
vn 0.36887682 -0.60091481 -0.70910597
vn 0.00901827 -0.02257315 0.99970452
vn -0.00278791 0.16795774 -0.98579025
vn -0.10345403 -0.81742933 0.56666264
vn -0.13002331 -0.89264473 0.43160088
vn -0.11619786 -0.87985168 -0.46082435
vn -0.14401270 -0.88824190 -0.43621860
vn 0.05269549 -0.75894352 -0.64902074
vn 0.02633980 0.00337634 0.99964735
vn 0.06940976 0.35386879 -0.93271601
vn -0.14345716 -0.96597342 0.21521012
vn -0.15976165 -0.93523401 -0.31593284
vn 0.00866990 0.01451707 0.99985703
vn 0.21535609 0.77835328 -0.58973547
vn 0.26747101 0.80556361 -0.52870268
vn 0.17128625 0.97656870 -0.13028659
vn 0.16108402 0.88757740 0.43157653
vn 0.05251200 0.95617174 0.28805917
vn 0.02935021 0.99775911 0.06012749
vn 0.22956065 0.95945124 -0.16357024
vn 0.47044158 0.80008728 -0.37221642
vn 0.45319240 0.88990808 -0.05177122
vn 0.60856921 0.79090238 -0.06416346
vn 0.36235985 0.92341142 0.12651751
vn 0.53451256 0.81783051 0.21318908
vn 0.23445770 0.97175830 0.02674679
vn 0.06284746 0.99557166 -0.06990902
vn -0.08971197 0.93983309 -0.32964453
vn -0.13509018 0.77626957 -0.61575661
vn -0.01400475 0.00184113 0.99990023
vn 0.19207159 0.96686096 0.16819152
vn -0.15136274 0.65996326 -0.73589253
vn -0.13558957 0.34102047 -0.93022605
vn -0.02109666 -0.02856183 0.99936938
vn -0.02758976 0.03221546 -0.99910008
vn -0.00863691 -0.03379973 0.99939131
vn -0.00948856 -0.03916172 0.99918783
vn -0.00145743 -0.01553662 0.99987824
vn 0.11665466 -0.00273129 -0.99316878
vn 0.02167675 0.06143489 0.99787568
vn 0.14516068 0.28464143 -0.94757988
vn 0.08247826 0.41703567 0.90514009
vn 0.03896259 0.17129108 0.98444974
vn 0.12461140 0.80077786 -0.58585563
vn 0.11344459 0.86804535 -0.48335038
vn 0.10332962 0.98571608 -0.13299171
vn 0.08609490 0.71369809 0.69514222
vn 0.08246708 0.96225516 0.25935339
vn 0.02521949 -0.85020831 -0.52584199
vn 0.01770283 -0.65358164 -0.75664896
vn 0.03075593 -0.97779576 -0.20729090
vn 0.00560702 -0.99472339 0.10243992
vn -0.04038225 -0.97226665 0.23036238
vn -0.33529147 -0.35395618 0.87309487
vn -0.08094145 -0.98333500 0.16279053
vn -0.74221947 -0.24664993 0.62311642
vn -0.05184943 -0.99103507 -0.12313051
vn -0.33172764 -0.81739260 -0.47098420
vn -0.03038883 -0.98722930 -0.15638040
vn -0.00830298 -0.99092663 -0.13414723
vn 0.01298843 -0.99980704 -0.01473696
vn 0.03390877 -0.96823379 0.24773682
vn 0.06011465 -0.76010983 0.64700795
vn 0.05647889 -0.84022566 0.53928747
vn -0.02046528 -0.39412247 -0.91883004
vn -0.33446685 0.56879253 0.75140334
vn -0.35566559 0.69645394 0.62326070
vn -0.44007737 0.63747740 0.63241954
vn -0.50704012 0.34213682 -0.79110853
vn -0.66011628 -0.40051609 -0.63547885
vn -0.64964471 0.37715910 -0.66008543
vn 0.06051725 -0.65091933 0.75673092
vn 0.03931077 -0.38777436 0.92091569
vn -0.04699831 -0.12312483 -0.99127768
vn -0.29089109 0.41079134 0.86407919
vn -0.27156838 0.72363802 0.63450660
vn -0.37072079 0.85950454 -0.35187787
vn -0.31790584 0.89187377 -0.32170958
vn -0.20383784 0.76382476 -0.61239029
vn 0.27284937 0.54009425 -0.79614787
vn -0.14442158 0.42821784 -0.89206047
vn 0.04277281 -0.15520594 0.98695573
vn -0.05487345 0.02935788 -0.99806163
vn -0.28250490 -0.00711443 0.95923947
vn -0.32710630 -0.02080565 0.94475848
vn -0.14288518 -0.13951619 -0.97985665
vn 0.08618446 -0.02649736 0.99592677
vn -0.04781927 0.10523423 -0.99329707
vn -0.32778903 -0.43726218 0.83747008
vn -0.16944005 -0.79246374 -0.58591065
vn -0.29128795 -0.79680541 -0.52938878
vn 0.11831576 -0.00470790 0.99296486
vn -0.02092963 0.20964008 -0.97755460
vn -0.34087000 -0.73819978 0.58212433
vn -0.44106993 -0.75998338 0.47737048
vn -0.41141558 -0.87526958 -0.25424472
vn -0.39317571 -0.89059886 -0.22857498
vn -0.43668030 -0.89473912 -0.09355326
vn -0.41513878 -0.81916474 -0.39576372
vn -0.35825890 -0.80147541 -0.47883998
vn 0.08053579 -0.02282465 0.99649035
vn 0.03399634 0.43249575 -0.90099482
vn -0.55924869 -0.79869945 0.22208128
vn 0.02946515 -0.01700331 0.99942118
vn 0.12228773 0.78318831 -0.60964069
vn 0.05389336 0.99853466 0.00490302
vn 0.08365912 0.98384502 0.15827235
vn -0.11762693 0.97659828 0.18005471
vn -0.17952774 0.97948368 0.09155060
vn -0.11834021 0.99221094 0.03889796
vn 0.03100594 0.99689326 0.07240481
vn 0.06337503 0.99645661 0.05529763
vn 0.01683599 0.99727294 -0.07185561
vn -0.07663694 0.96940274 -0.23320614
vn -0.20872454 0.86605968 -0.45428482
vn -0.26403764 0.73444266 -0.62520246
vn -0.00392120 -0.01869371 0.99981757
vn -0.27036383 0.62189239 -0.73495120
vn -0.24015584 0.44678696 -0.86180426
vn -0.01988504 -0.02751128 0.99942369
vn -0.12250669 0.18803289 -0.97449256
vn -0.01442617 -0.02441828 0.99959774
vn -0.00722780 -0.00082672 0.99997354
vn -0.00916119 0.10805157 -0.99410308
vn 0.02447520 0.11705831 0.99282341
vn 0.01418513 0.15151595 0.98835302
vn 0.00268106 0.02927013 0.99956794
vn 0.05240169 0.28717265 -0.95644442
vn 0.03565804 0.44618372 0.89423072
vn 0.06854072 0.78217125 -0.61928209
vn 0.06254600 0.93118314 0.35914614
vn 0.09934608 0.92265866 0.37260079
vn 0.01331537 -0.85907211 -0.51168135
vn 0.00701551 -0.67544061 -0.73738101
vn 0.02281324 -0.97642721 -0.21463798
vn 0.01052776 -0.99743877 0.07074655
vn -0.01488657 -0.98099645 0.19345375
vn -0.04116220 -0.99005789 0.13450295
vn -0.66620081 -0.74421524 -0.04816803
vn -0.06597441 -0.99779479 0.00727578
vn -0.41004801 -0.82166797 -0.39588178
vn -0.07896914 -0.99418442 -0.07322037
vn -0.07658405 -0.99115956 -0.10834030
vn -0.05765644 -0.98994150 -0.12919579
vn -0.02651303 -0.99413738 -0.10482330
vn 0.00425742 -0.99992387 0.01158110
vn 0.02632059 -0.96364176 0.26589806
vn 0.03834768 -0.83560294 0.54799378
vn -0.02085115 -0.41688245 -0.90872122
vn -0.52904200 0.77163331 0.35312406
vn -0.76635423 0.52088147 -0.37601023
vn 0.03922447 -0.64601613 0.76231529
vn 0.03532599 -0.38605989 0.92179707
vn -0.03926260 -0.13662553 -0.98984439
vn -0.03728983 0.39878393 0.91628644
vn -0.02116407 0.66417756 0.74727522
vn -0.04233587 0.96914744 0.24281867
vn -0.17420343 0.91699267 -0.35885596
vn -0.37182233 0.80305022 -0.46568069
vn -0.78483676 0.51547314 -0.34397485
vn -0.62681572 0.56399113 -0.53760213
vn -0.64141628 0.48589027 -0.59371357
vn 0.07329987 -0.10786029 0.99146018
vn -0.05380382 0.02915720 -0.99812575
vn -0.04052278 -0.02073673 -0.99896341
vn -0.03240692 0.02083998 -0.99925747
vn -0.08656267 -0.06636871 0.99403325
vn -0.87163203 0.28246124 -0.40059114
vn -0.85880836 -0.22387168 -0.46079244
vn -0.79066837 -0.17453291 -0.58684051
vn 0.20232661 0.05111179 0.97798340
vn -0.04014237 0.07062319 -0.99669502
vn -0.04067344 0.11878712 -0.99208633
vn -0.11451802 -0.48161193 0.86887028
vn -0.61527632 -0.64537172 -0.45269239
vn -0.43259558 -0.65922276 -0.61504993
vn -0.31217283 -0.72722022 -0.61130914
vn -0.58138851 -0.70237740 -0.41067431
vn -0.58415305 -0.60821038 -0.53744334
vn 0.29857109 -0.00463340 0.95437615
vn -0.01616263 0.24817592 -0.96858014
vn -0.13490380 -0.71110142 0.69002590
vn -0.50017407 -0.84587214 0.18527338
vn -0.17220789 -0.96544311 0.19561200
vn -0.21058074 -0.91519310 -0.34362382
vn 0.13395979 -0.13619403 0.98158340
vn 0.03065551 0.48660633 -0.87308334
vn 0.02309945 -0.06995794 0.99728246
vn 0.07922443 0.79535441 -0.60094497
vn 0.04856747 0.99039352 -0.12946768
vn -0.05600710 0.99483849 0.08461430
vn -0.12108387 0.99081323 0.06023153
vn -0.11407630 0.98909402 0.09316450
vn -0.09243919 0.98647838 0.13533439
vn -0.08831398 0.99462259 0.05409752
vn -0.08519636 0.99059317 -0.10708293
vn -0.10506384 0.94368137 -0.31373087
vn -0.22725250 0.79440515 -0.56327326
vn -0.13061848 0.88166204 -0.45344334
vn -0.01384597 -0.04359531 0.99895332
vn -0.11831339 0.78985627 -0.60177156
vn -0.26072827 0.54547316 -0.79654240
vn -0.13003862 0.57272414 -0.80936828
vn -0.02032321 -0.03287541 0.99925281
vn -0.02104286 -0.03062971 0.99930927
vn -0.01810379 -0.02292650 0.99957322
vn -0.14872374 0.42604230 -0.89239521
vn -0.10931626 0.28484611 -0.95231962
vn -0.01981728 0.00548779 0.99978856
vn -0.06733895 0.17233715 -0.98273362
vn -0.02875737 0.17010147 0.98500685
vn -0.02594573 0.04261561 0.99875459
vn -0.03767153 0.31589937 -0.94804454
vn -0.01748520 0.45290636 0.89138662
vn -0.03023101 0.78628127 -0.61712872
vn -0.02718368 0.93456056 0.35476415
vn 0.01183357 -0.86756924 -0.49717561
vn 0.00732122 -0.69072365 -0.72308176
vn 0.02581702 -0.97708970 -0.21125626
vn 0.02634992 -0.99779077 0.06098574
vn 0.02138591 -0.98301626 0.18226812
vn 0.01686529 -0.99334230 0.11395895
vn -0.00572131 -0.99976024 -0.02113614
vn -0.03187003 -0.99550279 -0.08921042
vn -0.04035409 -0.99358060 -0.10568412
vn -0.03078519 -0.99375357 -0.10726654
vn -0.01066311 -0.99708711 -0.07552210
vn 0.01001538 -0.99932730 0.03527948
vn 0.02058714 -0.96097938 0.27585285
vn 0.01500889 -0.83743039 0.54633787
vn -0.00857019 -0.43106849 -0.90227851
vn 0.35666381 0.90631131 0.22669527
vn 0.30291934 0.69503433 0.65204843
vn 0.48189596 0.82533924 0.29426420
vn 0.44507625 0.52763870 -0.72353613
vn 0.36428743 0.68789560 -0.62776932
vn 0.23930811 0.48076843 -0.84355992
vn 0.01092941 -0.64538787 0.76377683
vn 0.00319156 -0.37486997 0.92707190
vn -0.02608006 -0.13821964 -0.99005816
vn -0.01440234 -0.22072372 -0.97523003
vn -0.01260314 -0.09905446 -0.99500220
vn 0.20355803 0.36927456 0.90675268
vn 0.21524016 0.71841573 0.66147601
vn 0.09684909 0.65591645 -0.74859460
vn 0.06515333 0.44290540 -0.89419788
vn 0.03328606 0.00381461 0.99943859
vn -0.01503018 0.01949295 -0.99969701
vn 0.19211030 -0.09852817 0.97641479
vn -0.71364474 -0.07742940 -0.69621539
vn -0.08423987 -0.08806189 -0.99254660
vn 0.83803914 0.53582152 0.10288681
vn 0.15723951 0.61813086 0.77018828
vn 0.13750538 0.98393415 0.11386773
vn 0.18910470 0.70970721 -0.67864209
vn 0.08110588 0.20397025 0.97561159
vn -0.01820624 0.07173352 -0.99725766
vn -0.01766257 0.12992191 -0.99136690
vn 0.16231466 -0.49608009 0.85297039
vn 0.01147649 -0.53832763 -0.84265749
vn 0.10672260 -0.65535305 -0.74774505
vn 0.97958383 -0.18991413 0.06594038
vn 0.12440836 -0.19484609 0.97291190
vn 0.11966271 -0.20127113 -0.97219893
vn 0.03479211 -0.09701526 0.99467459
vn 0.00159755 0.28044790 -0.95986792
vn 0.17348053 -0.76814615 0.61632459
vn 0.16228277 -0.97310752 0.16348105
vn 0.15241344 -0.90276398 -0.40222797
vn 0.12266974 -0.99031814 0.06497784
vn -0.03902240 -0.28710446 0.95710411
vn 0.03802246 0.52612501 -0.84955680
vn -0.02501374 -0.11154908 0.99344407
vn 0.06268217 0.79642083 -0.60148550
vn 0.02077847 0.97793106 -0.20789202
vn -0.05498777 0.99826171 0.02121104
vn -0.05732845 0.99674480 0.05668555
vn -0.02307762 0.99496497 0.09753012
vn -0.04388979 0.99169645 0.12087944
vn -0.07348534 0.99598224 0.05117894
vn -0.04401058 0.99629530 -0.07388325
vn 0.05457576 0.95745010 -0.28339159
vn 0.13025100 0.89959628 -0.41684674
vn -0.02757674 -0.06067289 0.99777669
vn 0.13455696 0.79741917 -0.58823218
vn 0.13864572 0.55717830 -0.81873665
vn -0.02370393 -0.04096960 0.99887918
vn -0.02327469 -0.02763831 0.99934699
vn 0.12787437 0.39381694 -0.91025071
vn 0.05631634 0.26515674 -0.96255928
vn -0.02645148 0.00408846 0.99964174
vn -0.03269200 0.15483424 -0.98739941
vn -0.03796983 0.16090234 0.98623969
vn -0.02901876 0.09391041 0.99515765
vn -0.05948472 0.32936486 -0.94232710
vn -0.05400815 0.45039425 0.89119478
vn -0.04264026 0.22272296 0.97394881
vn -0.07531344 0.80276202 -0.59152432
vn -0.08194842 0.93029701 0.35753592
vn 0.01305010 -0.87478076 -0.48434319
vn 0.01004257 -0.70162543 -0.71247520
vn 0.02448028 -0.97865605 -0.20404180
vn 0.02159885 -0.99814304 0.05695574
vn 0.00590051 -0.98391669 0.17853048
vn -0.00204649 -0.99408645 0.10857228
vn 0.00143953 -0.99932268 -0.03677115
vn 0.00842980 -0.99497054 -0.09981268
vn 0.01769511 -0.99445550 -0.10365882
vn 0.02380263 -0.99487662 -0.09825448
vn 0.02538824 -0.99764698 -0.06368632
vn 0.02544334 -0.99877757 0.04237930
vn 0.01838109 -0.96242336 0.27093065
vn -0.00093390 -0.85285796 0.52214215
vn 0.00314623 -0.43743909 -0.89924254
vn 0.02657927 0.81051348 0.58511660
vn 0.02186684 0.92857271 0.37050583
vn 0.11126464 0.84518157 -0.52276982
vn 0.14969987 0.63727335 -0.75595809
vn -0.01209813 -0.66553254 0.74627078
vn -0.04034181 -0.39254008 0.91884973
vn 0.00190355 -0.22201532 -0.97504132
vn 0.00129508 -0.10085292 -0.99490050
vn 0.00823311 0.36648095 0.93038913
vn 0.02267527 0.76759050 0.64053935
vn 0.28909247 0.71521358 -0.63631367
vn 0.50366237 0.43003873 -0.74926024
vn -0.10265735 -0.04434992 0.99372761
vn -0.00049312 0.01836049 -0.99983131
vn 0.01007717 -0.09988876 0.99494758
vn 0.56397900 -0.18251141 -0.80536779
vn -0.67794259 0.71920099 0.15213081
vn -0.24089361 0.09499243 0.96589166
vn -0.00082105 0.07188084 -0.99741289
vn 0.00105191 0.13823987 -0.99039822
vn 0.01159119 -0.49829862 0.86692798
vn 0.26243048 -0.62528907 -0.73494477
vn 0.34687101 -0.61141836 -0.71122998
vn -0.97785083 -0.19697702 0.07076581
vn -0.29955357 -0.11601161 0.94699998
vn 0.01656918 0.30678934 -0.95163321
vn 0.01798489 -0.80637171 0.59113553
vn 0.02817423 -0.98793298 0.15229786
vn 0.06729323 -0.93423415 -0.35025445
vn 0.22310475 -0.76575085 -0.60319972
vn -0.12743207 -0.16032276 0.97880421
vn 0.04727225 0.55672842 -0.82934842
vn -0.05472317 -0.08651798 0.99474621
vn 0.06679562 0.79433106 -0.60380172
vn 0.04680898 0.96079591 -0.27327669
vn -0.00248638 0.99993916 -0.01074649
vn 0.01475196 0.99489594 0.09982204
vn 0.06355921 0.99083378 0.11920000
vn 0.05219935 0.99512544 0.08366953
vn 0.01593766 0.99900975 0.04153916
vn 0.03245241 0.99947045 0.00237961
vn 0.11914014 0.98114082 -0.15221146
vn 0.19679693 0.87286978 -0.44650791
vn 0.27209942 0.81990299 -0.50370725
vn 0.20858249 0.73609176 -0.64394275
vn -0.03421514 -0.05450807 0.99792695
vn -0.02756770 -0.04910900 0.99841290
vn -0.02282303 -0.03765662 0.99903007
vn 0.21053930 0.61406667 -0.76065454
vn 0.27653018 0.47157466 -0.83734604
vn 0.19579168 0.41238677 -0.88972061
vn -0.02123236 -0.02991251 0.99932699
vn 0.11015516 0.13486300 -0.98472220
vn -0.02440927 -0.00003093 0.99970205
vn 0.00582261 0.06953884 -0.99756225
vn -0.02966188 0.08884178 0.99560399
vn -0.03229226 0.31169414 -0.94963360
vn -0.06140017 0.44502714 0.89340968
vn -0.04656474 0.21797397 0.97484310
vn -0.06007580 0.80492321 -0.59033002
vn -0.09392760 0.93812306 0.33332076
vn -0.07758966 0.98103853 -0.17760417
vn -0.05720317 0.69171962 0.71989706
vn -0.06353562 0.96030144 0.27163277
vn 0.01462958 -0.79861856 -0.60165969
vn 0.01773102 -0.90390690 -0.42736159
vn 0.01942094 -0.97922008 -0.20186842
vn 0.00941568 -0.99923248 0.03802365
vn -0.02467139 -0.98828388 0.15061968
vn -0.05406835 -0.99279021 0.10697765
vn -0.03445197 -0.99935652 -0.00998060
vn 0.01652418 -0.99750177 -0.06868161
vn 0.05820199 -0.99463107 -0.08556612
vn 0.07036380 -0.99267195 -0.09824120
vn 0.05844014 -0.99566746 -0.07232603
vn 0.04107427 -0.99867235 0.03108754
vn 0.02117942 -0.96720073 0.25312880
vn -0.00139790 -0.87426431 0.48544820
vn 0.01782695 -0.74623807 -0.66544041
vn 0.01247913 -0.43966568 -0.89807481
vn -0.36924001 0.70272609 0.60814296
vn -0.46536298 0.80149515 0.37555668
vn -0.46556073 0.75994665 -0.45357944
vn -0.27784329 0.71726930 -0.63900537
vn -0.01373696 -0.69850811 0.71547028
vn -0.04465104 -0.42614546 0.90355206
vn 0.01085272 -0.22097535 -0.97521901
vn 0.00862947 -0.10162669 -0.99478518
vn -0.26590818 0.35912090 0.89460886
vn -0.31244173 0.70309846 0.63877439
vn 0.03156250 0.95087690 -0.30795604
vn 0.46949617 0.83149192 -0.29697564
vn 0.72912467 0.49504345 -0.47255602
vn 0.55104258 0.68956362 -0.46995115
vn 0.75700276 0.45398049 -0.46994525
vn 0.53605904 0.45142192 -0.71334350
vn -0.10009176 -0.14500159 0.98435572
vn 0.00670249 0.01710068 -0.99983131
vn -0.26522365 -0.09886809 0.95910454
vn 0.84792468 -0.21470281 -0.48469212
vn 0.87499735 -0.13279463 -0.46555905
vn 0.57030030 -0.11424240 -0.81345328
vn -0.18004213 -0.01271918 0.98357666
vn 0.00740529 0.07154621 -0.99740980
vn 0.01006031 0.14505362 -0.98937265
vn -0.24647908 -0.49008797 0.83609919
vn 0.62914606 -0.74655973 -0.21638808
vn 0.48087469 -0.80231337 -0.35362804
vn 0.61813495 -0.64966558 -0.44254245
vn -0.18647157 -0.03364595 0.98188406
vn 0.02415377 0.33089963 -0.94335679
vn -0.25974516 -0.74959609 0.60880059
vn -0.26141351 -0.94792723 0.18192567
vn -0.19191722 -0.95162735 -0.23994410
vn 0.09705835 -0.93275427 -0.34720187
vn -0.08543804 -0.04270450 0.99542788
vn 0.05324444 0.58709509 -0.80776506
vn -0.04170300 -0.03566748 0.99849321
vn -0.04208411 -0.04315578 0.99818160
vn -0.02381378 -0.02792102 0.99932643
vn 0.07087402 0.80253624 -0.59237865
vn 0.08291194 0.95035932 -0.29990459
vn 0.06752574 0.99746039 -0.02265029
vn 0.07224005 0.98890139 0.12982839
vn 0.08459143 0.98705128 0.13628668
vn 0.07659149 0.99537852 0.05792530
vn 0.04993378 0.99860173 0.01735518
vn 0.01657388 0.99967082 0.01958472
vn -0.01155916 0.99418614 -0.10705280
vn -0.02881923 0.91229977 -0.40850776
vn -0.02936962 0.74245668 -0.66924996
vn -0.01307019 -0.03075902 0.99944137
vn -0.03851170 0.64120088 -0.76640608
vn -0.04627315 0.36783871 -0.92873757
vn -0.01085084 -0.03044881 0.99947743
vn -0.05845149 0.06703323 -0.99603713
vn -0.01370919 -0.00500064 0.99989352
vn -0.04943970 0.03530504 -0.99815293
vn -0.01969527 0.08123042 0.99650074
vn -0.01993083 0.30721235 -0.95143225
vn -0.05025663 0.43659108 0.89825525
vn -0.03586480 0.20823594 0.97742085
vn -0.03102479 0.78625520 -0.61712253
vn -0.04769271 0.97326583 -0.22467539
vn -0.04976941 0.68838140 0.72363945
vn -0.05025508 0.96596991 0.25372535
vn 0.01881491 -0.97882941 -0.20381114
vn 0.02038898 -0.90466161 -0.42564264
vn 0.01049273 -0.99984328 0.01425878
vn -0.01830586 -0.99363559 0.11114504
vn -0.04987692 -0.99404696 0.09686550
vn -0.03654152 -0.99873620 0.03450695
vn 0.02119096 -0.99975188 -0.00686411
vn 0.07804447 -0.99569548 -0.04999574
vn 0.09573132 -0.99029244 -0.10077893
vn 0.07656115 -0.99262676 -0.09397076
vn 0.05003803 -0.99870753 0.00891477
vn 0.02611014 -0.97272103 0.23050392
vn 0.00940688 -0.89051434 0.45485790
vn 0.02069068 -0.74667169 -0.66487088
vn 0.01806287 -0.44106999 -0.89729092
vn -0.60356177 0.75102755 0.26771404
vn -0.58273230 0.75145271 -0.30942187
vn 0.00203961 -0.72392097 0.68987990
vn -0.01209706 -0.44519604 0.89535141
vn 0.01565644 -0.22058991 -0.97524098
vn 0.01208053 -0.10349274 -0.99455684
vn -0.54487043 0.46196436 0.69978936
vn -0.33965295 0.63281623 0.69583008
vn -0.39025200 0.88337273 0.25953033
vn -0.30324163 0.95142124 -0.05331166
vn 0.02254179 0.99926823 0.03090104
vn 0.26225440 0.96499773 -0.00142027
vn 0.37746544 0.82973087 -0.41117699
vn 0.41099935 0.46459044 -0.78436934
vn -0.02000134 -0.17954512 0.98354639
vn 0.00944299 0.01556265 -0.99983430
vn -0.11892385 -0.09594209 0.98825717
vn -0.26769013 0.32022843 0.90873305
vn 0.43082144 -0.10919601 -0.89580641
vn -0.02350449 -0.06982971 0.99728198
vn -0.07414754 -0.03583027 0.99660340
vn -0.01406929 -0.02234433 0.99965133
vn 0.01065640 0.07086512 -0.99742898
vn 0.01332912 0.15107202 -0.98843289
vn -0.13166010 -0.48423037 0.86497778
vn -0.42661355 -0.58540365 0.68942254
vn -0.21462637 -0.79930421 0.56129163
vn 0.43918960 -0.87139275 -0.21860276
vn 0.46780320 -0.78690424 -0.40242002
vn 0.43072053 -0.60926171 -0.66579276
vn -0.06415786 0.00134446 0.99793886
vn -0.01232318 0.00575992 0.99990748
vn 0.02641597 0.35462365 -0.93463590
vn -0.28486571 -0.93138524 0.22665627
vn -0.25724987 -0.96531839 -0.04452988
vn 0.04966139 -0.99875996 0.00350610
vn 0.35195053 -0.93587611 -0.01633206
vn 0.44962143 -0.81797772 -0.35882171
vn -0.03838646 -0.01598530 0.99913510
vn -0.00259244 -0.00613623 0.99997781
vn 0.05298611 0.61742644 -0.78484207
vn 0.00387273 -0.01697672 0.99984838
vn 0.06521759 0.81740652 -0.57235763
vn 0.08674466 0.94855797 -0.30448832
vn 0.07899530 0.99622943 -0.03587009
vn 0.05896791 0.99073194 0.12236427
vn 0.03584858 0.99108026 0.12835416
vn 0.02286672 0.99865618 0.04650743
vn 0.01588406 0.99977579 -0.01400267
vn -0.02922833 0.99827487 -0.05092146
vn -0.11689110 0.97685920 -0.17911609
vn -0.20630007 0.85289728 -0.47958994
vn -0.23534681 0.70282562 -0.67130323
vn 0.00589809 -0.02673405 0.99962518
vn -0.24225688 0.60027296 -0.76222305
vn -0.22976558 0.39272207 -0.89049265
vn 0.00534602 -0.03148014 0.99949008
vn -0.18273276 0.11819197 -0.97603248
vn 0.00254350 -0.00951849 0.99995146
vn -0.09433763 0.10889854 -0.98956633
vn -0.00311696 0.07317191 0.99731447
vn -0.02275781 0.34292010 -0.93908886
vn -0.02350050 0.42429480 0.90521912
vn -0.01408134 0.19519999 0.98066237
vn -0.01353336 0.76944391 -0.63857100
vn -0.01814295 0.96598717 -0.25795274
vn -0.02938623 0.68689052 0.72616656
vn -0.02743990 0.97160232 0.23502335
vn 0.01573855 -0.97862288 -0.20505990
vn 0.01875387 -0.90488655 -0.42523949
vn 0.01357280 -0.99990488 0.00245318
vn 0.00141777 -0.99628026 0.08616051
vn -0.01691649 -0.99629220 0.08435448
vn -0.01423103 -0.99780996 0.06459693
vn 0.01728916 -0.99881748 0.04543934
vn 0.06680287 -0.99775977 -0.00358046
vn 0.09147070 -0.99035767 -0.10404229
vn 0.07175966 -0.98998938 -0.12153837
vn 0.04592575 -0.99881120 -0.01634026
vn 0.02605341 -0.97728796 0.21030800
vn 0.01977576 -0.89775017 0.44006086
vn 0.01990155 -0.74503289 -0.66673077
vn 0.02072653 -0.44186198 -0.89684358
vn 0.55218784 0.81770895 0.16260582
vn 0.38954250 0.71357750 0.58229184
vn 0.67866236 0.66889068 0.30331940
vn 0.62249388 0.46113627 -0.63234065
vn 0.56590961 0.69953233 -0.43634943
vn 0.39037226 0.55717555 -0.73291535
vn 0.01959506 -0.73283913 0.68011973
vn 0.02346666 -0.44372004 0.89585816
vn 0.01778420 -0.14167105 -0.98975403
vn 0.02095858 -0.15642974 -0.98746669
vn 0.34958166 0.82413186 0.44564486
vn -0.02295118 0.99324544 0.11373980
vn -0.12426447 0.97879214 0.16286277
vn 0.10732157 0.95030792 0.29222753
vn 0.33958282 0.58445442 -0.73695084
vn 0.40039986 0.36896740 -0.83877471
vn 0.37387012 0.37590979 -0.84788735
vn 0.04546271 -0.17154705 0.98412639
vn 0.01601311 -0.03966064 -0.99908489
vn 0.00998643 0.01295344 -0.99986623
vn 0.35876760 -0.02513712 0.93308839
vn 0.36053758 0.56591078 0.74145643
vn 0.40328175 -0.05336623 -0.91351840
vn 0.47322632 -0.01051363 -0.88087815
vn 0.02981210 -0.03159580 0.99905603
vn 0.08118762 -0.01790458 0.99653801
vn 0.01044853 0.06875004 -0.99757920
vn 0.01183479 0.15575797 -0.98772435
vn 0.45062221 -0.54276823 0.70876108
vn 0.35112684 -0.88470691 0.30660010
vn 0.54639957 -0.39096609 -0.74067065
vn 0.48682807 -0.60567940 -0.62940519
vn 0.03156761 0.00880331 0.99946285
vn 0.11022939 0.01722697 0.99375687
vn 0.02220895 0.37614434 -0.92629488
vn 0.17008148 -0.98457466 0.04104915
vn 0.00691899 -0.99793804 0.06381069
vn 0.15029236 -0.95396299 0.25955120
vn 0.29241691 -0.94238648 0.16248098
vn 0.36558441 -0.87933583 -0.30515002
vn 0.02917392 -0.00536578 0.99955995
vn 0.09030926 -0.01617627 0.99578239
vn 0.04413512 0.64390308 -0.76383304
vn 0.02470870 -0.02237658 0.99944423
vn 0.05395160 -0.03904646 0.99777983
vn 0.05035607 0.83163323 -0.55303747
vn 0.06576298 0.94909269 -0.30805567
vn 0.04901922 0.99687441 -0.06195589
vn 0.00844152 0.99593876 0.08963665
vn -0.03111065 0.99410748 0.10383852
vn -0.04467282 0.99798508 0.04505691
vn -0.01560338 0.99985607 -0.00666162
vn 0.04016459 0.99467518 -0.09491091
vn 0.02271459 0.95277726 -0.30281931
vn -0.27141120 0.77650578 -0.56866048
vn -0.05122821 0.87978136 -0.47261023
vn 0.03292833 -0.03108971 0.99897405
vn 0.02361514 -0.02915479 0.99929591
vn -0.04707730 0.78845921 -0.61328281
vn -0.28537924 0.46899933 -0.83582195
vn -0.04975251 0.53966632 -0.84040761
vn 0.02051497 -0.03339318 0.99923172
vn -0.04791680 0.33766552 -0.94004573
vn -0.00932970 0.21333053 -0.97693554
vn 0.01831211 -0.01336166 0.99974303
vn 0.01868251 0.17747381 -0.98394817
vn 0.01325179 0.06537248 0.99777293
vn 0.00246243 0.36065423 -0.93269634
vn 0.00596575 0.41009465 0.91202346
vn 0.00999820 0.18016019 0.98358647
vn -0.00348384 0.76745947 -0.64108800
vn -0.00209339 0.96293939 -0.26970975
vn -0.00600869 0.68430580 0.72917039
vn -0.00550905 0.97449658 0.22433472
vn -0.99938368 -0.02481427 0.02482978
vn -0.01731460 -0.96418150 0.26467763
vn -0.06733876 -0.26146982 -0.96285982
vn -0.01730357 -0.26461742 0.96419822
vn -0.06728481 0.96281499 0.26164870
vn 0.00277303 -0.97820112 -0.20764122
vn 0.00883114 -0.90423259 -0.42694898
vn -0.00302731 -0.99999430 -0.00149266
vn -0.01074905 -0.99710269 0.07530400
vn -0.02117036 -0.99700726 0.07435278
vn -0.02688922 -0.99689035 0.07407153
vn -0.01532617 -0.99682376 0.07815044
vn 0.78083571 -0.42747908 0.45558450
vn 0.00110574 -0.57221430 0.82010339
vn -0.25583980 -0.23834847 -0.93687566
vn 0.01522694 -0.99496009 -0.09910882
vn 0.02158664 -0.98980580 -0.14077814
vn 0.01783129 -0.99929307 -0.03309702
vn 0.01279650 -0.97993710 0.19889577
vn 0.01617387 -0.89645555 0.44283840
vn 0.01039300 -0.74186093 -0.67047322
vn 0.01355852 -0.44176989 -0.89702594
vn 0.00994552 0.75994931 0.64990625
vn 0.14526212 0.85279631 -0.50163470
vn 0.12765202 0.72459814 -0.67724626
vn 0.02238136 -0.72581676 0.68752390
vn 0.03862532 -0.42478506 0.90446986
vn 0.01399814 -0.16106670 -0.98684425
vn 0.57356665 0.60674517 0.55034680
vn 0.16895384 0.56302231 0.80898732
vn 0.12071785 0.90177790 0.41499857
vn 0.02113495 0.99664161 -0.07911266
vn -0.09973262 0.98447384 0.14444603
vn -0.03596602 0.88658109 0.46117287
vn 0.13589378 0.72548838 -0.67468473
vn 0.19231565 0.46188707 -0.86583776
vn 0.08695236 -0.12702859 0.98808047
vn 0.00934403 -0.04523947 -0.99893247
vn 0.00503773 0.00842058 -0.99995186
vn 0.48506333 0.00682387 0.87445240
vn 0.15558635 0.01552964 0.98770022
vn 0.18416575 0.38154413 0.90581844
vn 0.34653063 0.13002353 -0.92898353
vn 0.18773175 0.04749957 0.98107114
vn 0.00403885 0.06420414 -0.99792861
vn 0.00232358 0.15750909 -0.98751480
vn 0.19755677 -0.34910071 0.91602402
vn 0.62779152 -0.61083019 0.48245652
vn 0.20278602 -0.54058147 0.81648607
vn 0.52900631 -0.56154451 -0.63625473
vn 0.54804960 -0.42428365 -0.72085021
vn 0.30351529 0.04003397 0.95198516
vn 0.00875530 0.39283947 -0.91956539
vn 0.16036020 -0.91401692 0.37263611
vn 0.10509849 -0.98613448 -0.12842542
vn 0.00326655 -0.99997475 -0.00631048
vn 0.02430657 -0.93473192 0.35452142
vn 0.38149462 -0.88624966 0.26272304
vn 0.10573149 -0.85137868 0.51378517
vn 0.43472920 -0.87722109 -0.20369999
vn 0.20300873 -0.83067658 -0.51842441
vn 0.34687066 -0.84592888 -0.40507417
vn 0.19334037 -0.10029623 0.97599189
vn 0.02676032 0.66416632 -0.74710574
vn 0.16882170 -0.90020696 0.40140586
vn 0.25827224 -0.92493180 -0.27892045
vn 0.08789263 -0.08458714 0.99253207
vn 0.02911993 0.84170505 -0.53915178
vn 0.03410532 0.94813520 -0.31603239
vn 0.01031253 0.99497167 -0.09962441
vn -0.03901454 0.99840184 0.04088554
vn -0.08343628 0.99388714 0.07229615
vn -0.09389548 0.99399527 0.05618753
vn -0.04738648 0.99644721 0.06962386
vn 0.07229450 0.99712403 0.02274143
vn 0.22346027 0.94717888 -0.23003841
vn 0.29131943 0.74533250 -0.59967696
vn 0.22997911 0.75070063 -0.61932073
vn 0.26839210 0.65396027 -0.70732005
vn 0.03969130 -0.03820348 0.99848139
vn 0.05388693 -0.06023151 0.99672883
vn 0.30800416 0.49287644 -0.81376056
vn 0.03703408 -0.04788251 0.99816619
vn 0.02776477 -0.03605312 0.99896411
vn 0.30273555 0.30052946 -0.90445189
vn 0.23162496 0.17162532 -0.95754615
vn 0.02556601 -0.01652797 0.99953650
vn 0.13033497 0.10483399 -0.98591208
vn 0.02163593 0.05837118 0.99806046
vn 0.03481283 0.31544514 -0.94830503
vn 0.02531135 0.39697059 0.91748226
vn 0.02495393 0.16597889 0.98581353
vn 0.01025455 0.76557075 -0.64326999
vn 0.01006383 0.96235674 -0.27160305
vn 0.01132914 0.68091445 0.73227533
vn 0.01018630 0.97460106 0.22371635
vn -0.00550009 -0.96419827 0.26512535
vn -0.02144807 -0.26275698 -0.96462363
vn -0.00554865 -0.26507778 0.96421107
vn -0.02152568 0.96458876 0.26287863
vn -0.01461715 -0.97600640 -0.21725065
vn -0.00603814 -0.90077985 -0.43423404
vn -0.02828158 -0.99953108 -0.01173784
vn -0.04193866 -0.99700170 0.06502893
vn -0.05177822 -0.99651165 0.06544878
vn -0.06198311 -0.99597616 0.06472694
vn -0.08280967 -0.99374022 0.07498625
vn -0.64994685 -0.44395543 0.61682466
vn -0.10391753 -0.99419948 0.02772270
vn -0.09662559 -0.99229731 -0.07752127
vn -0.06081407 -0.99073472 -0.12143460
vn -0.02951077 -0.99931821 -0.02218640
vn -0.01255807 -0.97910248 0.20297940
vn -0.00456187 -0.88892979 0.45802075
vn -0.00414918 -0.73714899 -0.67571751
vn 0.00055643 -0.44029921 -0.89785093
vn -0.52250714 0.60435671 0.60144763
vn -0.58309733 0.70168039 0.40944125
vn -0.56133172 0.70944128 -0.42614524
vn -0.43078042 0.65614723 -0.61959587
vn 0.00261166 -0.71038682 0.70380661
vn 0.01993025 -0.39830666 0.91703576
vn 0.00172003 -0.16403609 -0.98645284
vn -0.39350945 0.54294360 0.74186425
vn -0.40020648 0.84603236 0.35222724
vn -0.43944111 0.88739488 -0.13936223
vn -0.60044984 0.79620636 0.07426589
vn -0.48397231 0.74953930 0.45162112
vn -0.33881022 0.71725058 -0.60890003
vn -0.26810027 0.56317219 -0.78163887
vn 0.06360583 -0.03460351 0.99737500
vn -0.00075844 -0.05175577 -0.99865948
vn -0.00255568 0.00281898 -0.99999276
vn -0.08998016 -0.03234568 0.99541817
vn -0.41280942 0.03131214 0.91027904
vn -0.14036101 0.79259695 -0.59337077
vn 0.51452759 0.38434401 -0.76651226
vn 0.16112360 0.91188767 -0.37749180
vn 0.67877649 0.58244020 -0.44724254
vn 0.29285367 0.74086127 -0.60445125
vn 0.14214344 0.21246854 0.96677421
vn -0.00553063 0.05817329 -0.99829118
vn -0.01005840 0.15557376 -0.98777307
vn -0.39062530 -0.52581433 0.75559987
vn -0.30802838 -0.94010804 -0.14599793
vn -0.80879489 -0.57762072 -0.11047687
vn -0.55247644 -0.62673618 -0.54951937
vn -0.59448088 -0.71328481 0.37123748
vn 0.77284709 -0.43527286 -0.46178449
vn 0.90429277 -0.19184294 -0.38138021
vn 0.31450109 -0.09064983 -0.94491887
vn 0.14451904 -0.00687942 0.98947811
vn -0.00732843 0.40352509 -0.91493923
vn -0.38185006 -0.86489248 0.32580906
vn -0.42426774 -0.89070175 -0.16323992
vn -0.45624845 -0.80468628 0.37989123
vn -0.16821821 -0.94402015 0.28377560
vn -0.37903253 -0.88781187 0.26100655
vn -0.49106177 -0.85096223 0.18633738
vn -0.27516879 -0.94897637 -0.15403239
vn -0.39142983 -0.82469882 -0.40823345
vn 0.10374073 -0.98993926 -0.09621918
vn 0.28906410 -0.92518816 -0.24590408
vn 0.05828734 -0.26221905 0.96324647
vn 0.00756407 0.67770338 -0.73529648
vn -0.52675040 -0.83025787 -0.18222480
vn 0.03600826 -0.13727542 0.98987821
vn 0.00867710 0.84701226 -0.53150253
vn 0.00741673 0.94546412 -0.32564181
vn -0.00802113 0.99093393 -0.13411041
vn -0.03590606 0.99934520 -0.00446480
vn -0.06043063 0.99714080 0.04536929
vn -0.07000770 0.99531908 0.06662471
vn -0.06556396 0.98876147 0.13435822
vn -0.03005273 0.98887914 0.14565326
vn 0.04513044 0.99662324 -0.06859565
vn 0.13671181 0.86707603 -0.47905015
vn 0.17549547 0.70768273 -0.68438768
vn 0.03349502 -0.07406443 0.99669080
vn 0.18586297 0.62598072 -0.75736589
vn 0.36819760 0.42898309 -0.82486607
vn 0.16631961 0.37827239 -0.91063043
vn 0.02657163 -0.05168864 0.99830969
vn 0.02097490 -0.03866249 0.99903216
vn 0.13565444 0.07750854 -0.98771975
vn 0.02046199 -0.01851817 0.99961912
vn 0.07616428 -0.00040135 -0.99709520
vn 0.01861857 0.05361479 0.99838810
vn 0.02513561 0.26221090 -0.96468318
vn 0.02730093 0.38808189 0.92122045
vn 0.02443554 0.15644298 0.98738468
vn 0.01930022 0.75709939 -0.65301456
vn 0.01679179 0.96247656 -0.27084480
vn 0.01717265 0.67835123 0.73453707
vn 0.01628097 0.97351681 0.22803496
vn 0.00113890 -0.96440051 0.26444348
vn 0.00480675 -0.26344890 -0.96466138
vn 0.00113737 -0.26444002 0.96440146
vn 0.00480300 0.96465057 0.26348852
vn -0.02149383 -0.97311486 -0.22931525
vn -0.01486225 -0.89523466 -0.44534707
vn -0.03324005 -0.99908871 -0.02677385
vn -0.04535857 -0.99757942 0.05270581
vn -0.05365961 -0.99695083 0.05665411
vn -0.06490850 -0.99682125 0.04619821
vn -0.09254729 -0.99489654 0.04019787
vn -0.12859309 -0.99166822 0.00761310
vn -0.13437485 -0.98942141 -0.05466881
vn -0.09891963 -0.99222574 -0.07551807
vn -0.05913552 -0.99819075 0.01087319
vn -0.03279324 -0.97493212 0.22007264
vn -0.02516658 -0.88072415 0.47296048
vn -0.01299327 -0.73219656 -0.68096944
vn -0.00794152 -0.43733664 -0.89926281
vn -0.80612977 0.52548913 0.27205876
vn -0.78211666 0.57029455 -0.25111282
vn -0.02245878 -0.70077475 0.71302900
vn -0.02007358 -0.39194177 0.91977100
vn -0.00542181 -0.16459313 -0.98634665
vn -0.77935313 0.52883201 0.33607350
vn -0.82558146 0.54597704 -0.14256342
vn -0.84728418 0.53048160 0.02643456
vn -0.78012782 0.42821022 0.45611029
vn -0.79910641 0.38291653 0.46346939
vn -0.77243152 0.58227942 0.25357487
vn -0.76975606 0.61263617 -0.17931125
vn -0.67425939 0.48408797 -0.55770342
vn -0.79704045 0.42823868 -0.42583818
vn -0.04388852 -0.03377832 0.99846523
vn -0.00538019 -0.05670610 -0.99837642
vn -0.00555948 -0.00181838 -0.99998289
vn -0.93605839 0.03080052 0.35049396
vn -0.98396501 0.02434592 -0.17669218
vn -0.99880620 -0.00646267 -0.04841911
vn -0.87212533 -0.06188985 0.48535250
vn -0.84502480 -0.06915752 0.53023610
vn -0.81198291 0.38439414 -0.43923216
vn -0.73698993 0.60235769 -0.30661223
vn -0.88656520 0.16482035 -0.43224576
vn -0.36651205 0.87283091 -0.32223458
vn -0.12902057 0.17984779 0.97519663
vn -0.00901490 0.05264885 -0.99857240
vn -0.01323906 0.15109192 -0.98843106
vn -0.79330263 -0.51429104 0.32584608
vn -0.82110177 -0.54326859 -0.17507465
vn -0.75522623 -0.53012994 0.38548097
vn -0.78318108 -0.43679922 0.44253118
vn -0.87065382 -0.47934432 -0.11041260
vn -0.93893172 -0.20246451 -0.27823614
vn -0.84690030 -0.46760004 -0.25319969
vn -0.95362858 -0.16420128 0.25225080
vn -0.86825552 0.46588749 0.17053213
vn -0.62209268 0.76046893 -0.18624635
vn -0.55201473 -0.08394578 -0.82959800
vn -0.22855411 -0.04957189 0.97226830
vn -0.01375408 0.40845064 -0.91267678
vn -0.75208365 -0.60365500 0.26451997
vn -0.75414253 -0.65108035 -0.08581035
vn -0.74914006 -0.65907995 -0.06635355
vn -0.71378841 -0.67932296 0.17037142
vn -0.55274615 -0.81827923 -0.15776820
vn -0.12029289 -0.19420620 0.97355718
vn -0.00432019 0.68491206 -0.72861294
vn -0.03236868 -0.11149570 0.99323762
vn -0.00327367 0.84936619 -0.52779386
vn -0.00333369 0.94442314 -0.32871541
vn 0.00097178 0.99001988 -0.14092441
vn 0.01287308 0.99985845 -0.01083334
vn 0.02629877 0.99876615 0.04212540
vn 0.02511031 0.99822410 0.05401969
vn -0.01954135 0.99501400 0.09780220
vn -0.11358251 0.98621269 0.12034758
vn -0.18917907 0.98060417 -0.05125171
vn -0.18723807 0.88648357 -0.42318882
vn -0.15354601 0.73301059 -0.66266062
vn -0.00034044 -0.06459478 0.99791152
vn -0.14783915 0.63918572 -0.75470869
vn -0.13296921 0.37533823 -0.91730060
vn 0.01931416 -0.05037960 0.99854337
vn 0.01053507 -0.05867780 0.99822138
vn -0.11071817 0.07276978 -0.99118416
vn 0.00991238 -0.04631972 0.99887748
vn 0.00820678 -0.01885587 0.99978853
vn -0.06357546 -0.00530649 -0.99796293
vn 0.00851078 0.05242145 0.99858878
vn -0.01037503 0.27496273 -0.96139891
vn 0.01575682 0.38492901 0.92281167
vn 0.01261159 0.15397264 0.98799462
vn 0.01603411 0.75638764 -0.65392709
vn 0.01670981 0.96406977 -0.26512309
vn 0.01357439 0.67812850 0.73481799
vn 0.01401846 0.97266120 0.23180523
vn 0.00334850 -0.96463758 0.26355858
vn 0.01334118 -0.26348883 -0.96457019
vn 0.00337401 -0.26355726 0.96463785
vn 0.01338557 0.96456768 0.26349575
vn -0.01487064 -0.97187583 -0.23502389
vn -0.01330437 -0.89114189 -0.45352962
vn -0.01634442 -0.99929884 -0.03368508
vn -0.01676934 -0.99876022 0.04687025
vn -0.01859426 -0.99860607 0.04939818
vn -0.02894152 -0.99918306 0.02820644
vn -0.05138241 -0.99863692 0.00917355
vn -0.07728498 -0.99688279 -0.01586630
vn -0.08644119 -0.99520694 -0.04572824
vn -0.07246130 -0.99641442 -0.04367682
vn -0.05176421 -0.99792209 0.03836629
vn -0.03419623 -0.97068998 0.23788986
vn -0.02944480 -0.87724147 0.47914549
vn -0.01214005 -0.72897314 -0.68443464
vn -0.00754532 -0.43369804 -0.90102668
vn -0.03061326 -0.70257042 0.71095544
vn -0.03902907 -0.40728773 0.91246558
vn -0.00389903 -0.16263764 -0.98667816
vn -0.91675438 0.32938659 0.22597762
vn -0.92291164 0.35420312 -0.15091144
vn -0.08508897 -0.11130833 0.99013652
vn -0.00249589 -0.05782752 -0.99832347
vn -0.00199805 -0.00392687 -0.99999029
vn -0.96715268 -0.04487622 0.25020354
vn -0.99127011 -0.02733569 -0.12898187
vn -0.96085420 0.04974056 -0.27255290
vn -0.18138306 0.03479943 0.98279662
vn -0.00348894 0.04893753 -0.99879575
vn -0.00562624 0.14648288 -0.98919721
vn -0.88532331 -0.39627593 0.24324478
vn -0.92491274 -0.37426629 -0.06679199
vn -0.97457099 -0.12912600 0.18313348
vn -0.99171783 -0.07324923 -0.10550020
vn -0.23509046 -0.02172340 0.97173071
vn -0.00848818 0.40884016 -0.91256653
vn -0.12129631 -0.04775340 0.99146700
vn -0.00698318 0.68662495 -0.72697828
vn -0.04615820 -0.04455585 0.99793998
vn -0.00661570 0.85051157 -0.52591472
vn -0.00416042 0.94661676 -0.32233429
vn 0.01255664 0.99262320 -0.12058823
vn 0.04489245 0.99882372 0.01832612
vn 0.07653295 0.99521208 0.06079161
vn 0.08606953 0.99566434 0.03527818
vn 0.05179846 0.99856507 0.01359143
vn -0.03901228 0.99923200 -0.00366682
vn -0.13409113 0.97929021 -0.15169129
vn -0.17832896 0.87369940 -0.45260152
vn -0.17792035 0.74441624 -0.64357503
vn -0.01518217 -0.04382187 0.99892399
vn -0.18748577 0.62047345 -0.76148656
vn -0.17897059 0.42505842 -0.88729638
vn -0.00476419 -0.05107363 0.99868353
vn -0.14654294 0.14696316 -0.97822645
vn -0.00247376 -0.04489945 0.99898845
vn -0.00132326 -0.01798720 0.99983734
vn -0.07548116 0.08069860 -0.99387642
vn -0.00074303 0.05373969 0.99855470
vn -0.00843143 0.32512268 -0.94563426
vn 0.00227443 0.38690088 0.92211851
vn -0.00010644 0.15694574 0.98760722
vn 0.01196992 0.76489926 -0.64403870
vn 0.01425472 0.96526996 -0.26086531
vn 0.00680379 0.68042333 0.73278769
vn 0.00848800 0.97279463 0.23151364
vn 0.00301330 -0.96482259 0.26288457
vn 0.01182332 -0.26319835 -0.96466929
vn 0.00303375 -0.26290547 0.96481683
vn 0.01185952 0.96467460 0.26317724
vn -0.00374370 -0.97246475 -0.23301996
vn -0.00621916 -0.89025968 -0.45541084
vn 0.00269961 -0.99957970 -0.02886404
vn 0.01229969 -0.99859106 0.05161990
vn 0.01798879 -0.99875905 0.04644093
vn 0.01214667 -0.99982307 0.01436282
vn -0.00109669 -0.99994344 -0.01057851
vn -0.01410981 -0.99940075 -0.03160781
vn -0.02273574 -0.99856335 -0.04852130
vn -0.02612402 -0.99903098 -0.03542073
vn -0.02578606 -0.99850569 0.04818156
vn -0.02187211 -0.96854866 0.24786107
vn -0.02108933 -0.87786609 0.47844161
vn -0.00605668 -0.72829578 -0.68523615
vn -0.00300188 -0.43027475 -0.90269298
vn -0.02307536 -0.70882933 0.70500249
vn -0.02917466 -0.42160067 0.90631215
vn 0.00066899 -0.15926233 -0.98723607
vn -0.04872154 -0.15516001 0.98668718
vn 0.00230263 -0.05553356 -0.99845417
vn 0.00313171 -0.00341544 -0.99998926
vn -0.07522423 -0.01809575 0.99700244
vn 0.00384391 0.04782709 -0.99884823
vn 0.00373698 0.14360260 -0.98962838
vn -0.08447168 0.01319966 0.99633845
vn -0.00012867 0.40608034 -0.91383737
vn -0.05820460 0.00466206 0.99829379
vn -0.00571519 0.68380786 -0.72963974
vn -0.02841390 -0.00897848 0.99955592
vn -0.00685457 0.85003503 -0.52668155
vn -0.00752194 0.94920406 -0.31457126
vn 0.00293844 0.99530294 -0.09676483
vn 0.02528854 0.99838946 0.05078361
vn 0.04859365 0.99537681 0.08284724
vn 0.06168327 0.99752304 0.03380767
vn 0.06545979 0.99770607 -0.01725157
vn 0.06919185 0.99608272 -0.05506093
vn 0.07968321 0.97836359 -0.19093264
vn -0.06424762 0.84747687 -0.52692998
vn 0.10503996 0.93537495 -0.33769854
vn -0.01174430 -0.02848869 0.99952512
vn 0.11497850 0.81349156 -0.57009774
vn -0.10153987 0.50500557 -0.85712253
vn 0.09049308 0.51991017 -0.84941416
vn -0.00670814 -0.04714757 0.99886541
vn 0.08679462 0.29598306 -0.95124167
vn 0.04713363 0.16935468 -0.98442745
vn -0.00532571 -0.04441288 0.99899907
vn -0.00458020 -0.01796299 0.99982816
vn 0.02558006 0.12155553 -0.99225496
vn -0.00530725 0.05478236 0.99848421
vn 0.01586852 0.33818726 -0.94094504
vn -0.00634840 0.39138549 0.92020492
vn -0.00733305 0.16067275 0.98698049
vn 0.00877773 0.76575832 -0.64306854
vn 0.00732639 0.96409799 -0.26544564
vn 0.00032482 0.68391026 0.72956607
vn 0.00239750 0.97389144 0.22700159
vn 0.00185404 -0.96491042 0.26257275
vn 0.00720313 -0.26289747 -0.96479689
vn 0.00186392 -0.26258624 0.96490673
vn 0.00722093 0.96480488 0.26286765
vn 0.00479792 -0.97373392 -0.22763838
vn 0.00110321 -0.89167959 -0.45266575
vn 0.01237159 -0.99974371 -0.01895935
vn 0.02334487 -0.99777277 0.06248612
vn 0.03301751 -0.99822135 0.04963846
vn 0.03529466 -0.99933966 0.00863311
vn 0.03382492 -0.99926618 -0.01797177
vn 0.03248530 -0.99871783 -0.03882538
vn 0.02589211 -0.99800843 -0.05752188
vn 0.01206075 -0.99896056 -0.04395830
vn -0.00111186 -0.99907534 0.04297942
vn -0.00773882 -0.96853014 0.24877598
vn -0.01077205 -0.88036842 0.47416813
vn 0.00052561 -0.72962435 -0.68384796
vn 0.00100689 -0.42788214 -0.90383398
vn -0.01231828 -0.71406894 0.69996701
vn -0.01376732 -0.42745605 0.90393129
vn 0.00368930 -0.15582442 -0.98777788
vn 0.81383456 0.58100631 -0.01024618
vn 0.29550366 0.64658226 0.70328441
vn 0.27502634 0.96143514 -0.00172639
vn 0.31553879 0.63833177 -0.70211668
vn -0.01892421 -0.16714514 0.98575067
vn 0.00495217 -0.05175973 -0.99864729
vn 0.00552290 -0.00129410 -0.99998391
vn 0.99306592 -0.11622709 -0.01764517
vn 0.24871910 -0.11842068 0.96130919
vn 0.30857888 -0.12429482 -0.94304288
vn -0.02099256 -0.06197691 0.99785679
vn -0.03547024 -0.02889458 0.99895293
vn -0.01718990 -0.02114027 0.99962873
vn 0.00702824 0.04869414 -0.99878901
vn 0.00810449 0.14230473 -0.98978972
vn 0.25261529 -0.96755335 -0.00510275
vn -0.02380191 0.02030729 0.99951042
vn -0.02010730 0.01208251 0.99972482
vn 0.00405233 0.40124102 -0.91596355
vn -0.01809030 0.02100638 0.99961566
vn -0.00491209 0.67788871 -0.73514813
vn -0.00921763 0.00468309 0.99994655
vn -0.00722328 0.84702833 -0.53149866
vn -0.01539311 0.94872377 -0.31573131
vn -0.02426565 0.99551926 -0.09139246
vn -0.03002333 0.99755510 0.06310649
vn -0.02757824 0.99499115 0.09608356
vn -0.01673378 0.99874440 0.04721866
vn 0.00725469 0.99993585 0.00869916
vn 0.05112980 0.99866751 -0.00699568
vn 0.10319811 0.98562904 -0.13373687
vn 0.13370334 0.90032463 -0.41417264
vn 0.26251622 0.83444826 -0.48454240
vn 0.14899406 0.73726322 -0.65897171
vn -0.00395601 -0.02249260 0.99973918
vn 0.14257974 0.62304708 -0.76907955
vn 0.24699981 0.45370500 -0.85623762
vn 0.12780947 0.39278635 -0.91070502
vn -0.00394933 -0.04802419 0.99883837
vn 0.08744555 0.09961465 -0.99117617
vn -0.00390141 -0.04630528 0.99891972
vn -0.00487084 -0.01963616 0.99979533
vn 0.03810968 0.07470660 -0.99647708
vn -0.00670711 0.05435805 0.99849898
vn 0.00676373 0.31561997 -0.94886157
vn -0.01072772 0.39523427 0.91851771
vn -0.00995019 0.16261942 0.98663870
vn -0.00449211 0.75919306 -0.65085000
vn -0.00612722 0.96271630 -0.27044369
vn -0.00522233 0.68680636 0.72682167
vn -0.00414103 0.97486395 0.22276251
vn 0.00087319 -0.96490595 0.26259426
vn 0.00336478 -0.26268084 -0.96487691
vn 0.00087473 -0.26244351 0.96494696
vn 0.00336814 0.96486716 0.26271662
vn 0.01056035 -0.97497362 -0.22206961
vn 0.00659679 -0.89401048 -0.44799749
vn 0.01799327 -0.99978324 -0.01047429
vn 0.02791458 -0.99694996 0.07288038
vn 0.03806115 -0.99763403 0.05725121
vn 0.04383328 -0.99896523 0.01212919
vn 0.04733490 -0.99877316 -0.01454576
vn 0.05101949 -0.99793716 -0.03896705
vn 0.04651374 -0.99654164 -0.06885659
vn 0.02986072 -0.99764228 -0.06179171
vn 0.01199349 -0.99950779 0.02898840
vn 0.00076082 -0.96994900 0.24330712
vn -0.00426294 -0.88345882 0.46848943
vn 0.00569045 -0.73206180 -0.68121446
vn 0.00365257 -0.42704795 -0.90422160
vn -0.00517352 -0.71747685 0.69656314
vn -0.00419243 -0.42825565 0.90364790
vn 0.00484304 -0.15346843 -0.98814168
vn -0.25170552 0.96774808 0.01039202
vn -0.00341492 -0.16851569 0.98569306
vn 0.00532563 -0.04868536 -0.99879997
vn 0.00521634 0.00081213 -0.99998607
vn -0.11986436 -0.17152994 0.97785992
vn 0.02232875 0.98947346 0.14298149
vn 0.21269075 -0.23091593 -0.94944219
vn 0.97918127 -0.07905648 -0.18696019
vn 0.89474257 -0.07981295 0.43939233
vn 0.78079041 0.57345904 -0.24801423
vn 0.60907746 -0.09309031 -0.78762862
vn -0.00260213 -0.06209563 0.99806681
vn -0.00231477 -0.02151030 0.99976595
vn 0.00644636 0.04998051 -0.99872939
vn 0.00741733 0.14145021 -0.98991758
vn -0.02433622 -0.99523262 0.09444459
vn 0.66705823 -0.70499312 -0.24086929
vn -0.00169585 0.02151874 0.99976701
vn -0.00201971 0.01219920 0.99992355
vn 0.00386898 0.39572906 -0.91835916
vn -0.00035918 0.02513824 0.99968392
vn -0.00414000 0.67133631 -0.74114130
vn 0.00078271 0.00772088 0.99996989
vn -0.00620197 0.84240567 -0.53880815
vn -0.01795942 0.94461314 -0.32769418
vn -0.04080130 0.99297653 -0.11105343
vn -0.07156987 0.99635671 0.04637962
vn -0.09189440 0.99129332 0.09430260
vn -0.08981669 0.99387247 0.06442418
vn -0.06584746 0.99681575 0.04497186
vn -0.03738634 0.99888757 0.02873811
vn -0.04101173 0.99221595 -0.11758210
vn -0.06317830 0.90980882 -0.41019070
vn -0.06646496 0.73980124 -0.66953457
vn 0.00010000 -0.02282933 0.99973937
vn -0.06328007 0.62607819 -0.77718835
vn -0.06504256 0.37796577 -0.92353199
vn -0.00238792 -0.05139419 0.99867559
vn -0.04031087 0.08739745 -0.99535758
vn -0.00277506 -0.04963892 0.99876337
vn -0.00436125 -0.02208505 0.99974658
vn -0.01698765 0.05739750 -0.99820687
vn -0.00614795 0.05333644 0.99855767
vn -0.01688513 0.30610906 -0.95184670
vn -0.01103500 0.39696236 0.91776855
vn -0.00930854 0.16333665 0.98652648
vn -0.01818964 0.75940003 -0.65036969
vn -0.01597472 0.96375964 -0.26629339
vn -0.00768984 0.68821474 0.72546629
vn -0.00814052 0.97477360 0.22304743
vn 0.00037606 -0.96492009 0.26254348
vn 0.00144474 -0.26256525 -0.96491316
vn 0.00037515 -0.26248835 0.96493509
vn 0.00144331 0.96490826 0.26258324
vn 0.01250735 -0.97629919 -0.21606356
vn 0.00875326 -0.89694140 -0.44206278
vn 0.02048798 -0.99978922 -0.00132325
vn 0.03211678 -0.99592593 0.08426178
vn 0.04272366 -0.99698814 0.06472507
vn 0.04350549 -0.99895546 0.01397364
vn 0.03852446 -0.99916941 -0.01327954
vn 0.03557836 -0.99859793 -0.03919645
vn 0.03174161 -0.99642816 -0.07825210
vn 0.02222734 -0.99667820 -0.07834864
vn 0.01100680 -0.99982501 0.01512639
vn 0.00256285 -0.97170372 0.23618915
vn -0.00178724 -0.88597210 0.46373510
vn 0.00772451 -0.73510974 -0.67790412
vn 0.00459973 -0.42771444 -0.90390221
vn -0.00218228 -0.71949927 0.69448977
vn -0.00130265 -0.42737885 0.90407169
vn 0.00452398 -0.15271559 -0.98825983
vn 0.66122098 0.65224829 0.37061972
vn 0.42605777 0.63179450 0.64754188
vn 0.32648352 0.89572700 0.30179736
vn 0.26360070 0.92850547 -0.26151914
vn 0.65792880 0.70315023 -0.26964689
vn 0.23729111 0.55209429 -0.79930271
vn 0.00065971 -0.16633676 0.98606878
vn 0.00415802 -0.04738895 -0.99886786
vn 0.00365490 0.00169715 -0.99999188
vn 0.47558866 -0.16411412 0.86422334
vn 0.75973124 0.57942708 0.29508083
vn 0.65485694 0.51442907 -0.55364711
vn 0.64638956 -0.21933122 -0.73080391
vn 0.83415452 -0.09358739 -0.54353256
vn 0.81233407 -0.10336563 0.57395897
vn 0.50440077 -0.12806120 0.85392049
vn 0.23587698 -0.13430459 -0.96245744
vn 0.00236654 -0.06005009 0.99819256
vn 0.00259945 -0.02002578 0.99979608
vn 0.00427776 0.05038577 -0.99872067
vn 0.00451129 0.14050969 -0.99006903
vn 0.49083101 -0.83369381 0.25306036
vn 0.55629413 -0.76103008 -0.33372153
vn 0.33632481 -0.85895982 0.38610058
vn 0.25410737 -0.91671622 -0.30831934
vn 0.00458108 0.02257177 0.99973473
vn 0.00389113 0.01332092 0.99990370
vn 0.00238579 0.39150029 -0.92017489
vn 0.00468460 0.02535937 0.99966742
vn -0.00153894 0.66700879 -0.74504826
vn 0.00389161 0.00666946 0.99997019
vn -0.00205166 0.83882664 -0.54439476
vn -0.00820334 0.94015026 -0.34066141
vn -0.02321517 0.99005311 -0.13876560
vn -0.04905307 0.99870272 0.01366284
vn -0.07304270 0.99426698 0.07808924
vn -0.08037939 0.99398625 0.07436730
vn -0.06524853 0.99538598 0.07035186
vn -0.04259442 0.99860351 0.03125280
vn -0.04961628 0.98580188 -0.16041468
vn -0.08216561 0.88490628 -0.45846450
vn -0.09279749 0.74384403 -0.66187966
vn 0.00214906 -0.02538339 0.99967548
vn -0.08123692 0.62931025 -0.77289661
vn -0.06943946 0.42918537 -0.90054322
vn 0.00017969 -0.05431208 0.99852399
vn -0.02719291 0.14627975 -0.98886945
vn -0.00033609 -0.05252481 0.99861956
vn -0.00174283 -0.02402002 0.99970996
vn -0.00458249 0.07831291 -0.99691830
vn -0.00281999 0.05254522 0.99861456
vn -0.01034993 0.30778942 -0.95139821
vn -0.00570352 0.39709992 0.91775766
vn -0.00450636 0.16356954 0.98652151
vn -0.01269156 0.76683600 -0.64171759
vn -0.01052233 0.96581522 -0.25901785
vn -0.00456795 0.68853512 0.72518861
vn -0.00555793 0.97408191 0.22612725
vn 0.00026612 -0.96492947 0.26250914
vn 0.00102635 -0.26250185 -0.96493094
vn 0.00026499 -0.26250940 0.96492940
vn 0.00102439 0.96493102 0.26250158
vn 0.00582165 -0.97722717 -0.21211595
vn 0.00517758 -0.89964283 -0.43659588
vn 0.00703980 -0.99995188 0.00683191
vn 0.01076274 -0.99539331 0.09526971
vn 0.01566204 -0.99745119 0.06961203
vn 0.01431763 -0.99986870 0.00758854
vn 0.00565443 -0.99971974 -0.02298842
vn -0.00287145 -0.99900547 -0.04449524
vn -0.00427450 -0.99672464 -0.08075714
vn 0.00000610 -0.99660142 -0.08237481
vn 0.00276990 -0.99994390 0.01022405
vn 0.00183839 -0.97271258 0.23200618
vn -0.00026636 -0.88718605 0.46141179
vn 0.00438707 -0.73761381 -0.67520857
vn 0.00197329 -0.42906084 -0.90327344
vn -0.00051706 -0.72061281 0.69333751
vn -0.00139750 -0.42666277 0.90440971
vn 0.00147020 -0.15300695 -0.98822402
vn 0.79511622 0.56611033 0.21750700
vn 0.29867699 0.58524955 0.75384018
vn 0.27233686 0.94158601 0.19811215
vn 0.25270329 0.90421056 -0.34430264
vn 0.73081658 0.56227483 -0.38698080
vn 0.24114210 0.58360404 -0.77540751
vn -0.17973490 0.75576841 0.62968999
vn -0.21763122 0.94533104 0.24287010
vn -0.20281198 0.93986968 -0.27479497
vn -0.18272390 0.55834324 -0.80923717
vn 0.00011902 -0.16380264 0.98649312
vn 0.00108099 -0.04747562 -0.99887181
vn 0.00087270 0.00144674 -0.99999857
vn 0.61881053 -0.11931200 0.77642654
vn 0.21082721 -0.08468656 0.97384808
vn 0.29197665 0.34681745 0.89132895
vn 0.17576693 0.97236277 -0.15367704
vn 0.85335105 -0.17083872 0.49255063
vn -0.17940894 -0.13924729 -0.97386992
vn 0.00196396 -0.05737072 0.99835101
vn 0.00229196 -0.01810751 0.99983342
vn 0.00091388 0.04989484 -0.99875406
vn 0.00076489 0.13993838 -0.99015992
vn 0.27720926 -0.55875842 0.78162910
vn 0.66715673 -0.72172410 0.18443487
vn 0.27795652 -0.72570587 0.62935774
vn 0.59961102 -0.72679051 -0.33502563
vn 0.23227765 -0.78244312 -0.57778012
vn 0.01324769 -0.99553257 -0.09348475
vn -0.22029433 -0.92514372 0.30915936
vn -0.18900222 -0.92669471 -0.32483085
vn 0.00421113 0.02350945 0.99971475
vn 0.00327144 0.01488897 0.99988380
vn 0.00102492 0.39028826 -0.92069214
vn 0.24988304 -0.95460544 0.16213241
vn 0.22174841 -0.92593992 -0.30571705
vn 0.00466491 0.02523440 0.99967068
vn 0.00244988 0.66666063 -0.74535737
vn 0.00465572 0.00584703 0.99997207
vn 0.00354644 0.83833800 -0.54513926
vn 0.00718186 0.93939669 -0.34275688
vn 0.01470007 0.98923048 -0.14562611
vn 0.02257773 0.99974502 0.00036550
vn 0.02354873 0.99758835 0.06529120
vn 0.01523427 0.99729254 0.07194101
vn 0.00922431 0.99630059 0.08544030
vn 0.02518639 0.99819805 0.05446367
vn 0.06259589 0.98654486 -0.15103306
vn 0.08484334 0.87888305 -0.46943178
vn 0.08698077 0.74865647 -0.65722739
vn 0.00463064 -0.02656134 0.99963646
vn 0.09730342 0.63758802 -0.76420780
vn 0.10232205 0.44355638 -0.89038640
vn 0.00488744 -0.05545073 0.99844946
vn 0.08277588 0.14362181 -0.98616476
vn 0.00410758 -0.05413643 0.99852510
vn 0.00281949 -0.02491522 0.99968559
vn 0.04079594 0.06006663 -0.99736036
vn 0.00256291 0.05200025 0.99864378
vn 0.01394088 0.29675126 -0.95485305
vn 0.00367873 0.39668847 0.91794593
vn 0.00337449 0.16304579 0.98661273
vn 0.00914514 0.76776290 -0.64066879
vn 0.00713906 0.96539409 -0.26069768
vn 0.00266468 0.68858518 0.72515057
vn 0.00258263 0.97386055 0.22713204
vn 0.00029126 -0.96493984 0.26247097
vn 0.00113004 -0.26246657 -0.96494042
vn 0.00028999 -0.26247256 0.96493941
vn 0.00112786 0.96494086 0.26246498
vn -0.00724421 -0.97634141 -0.21611333
vn -0.00274761 -0.89975661 -0.43638343
vn -0.01845068 -0.99982840 0.00165851
vn -0.03305623 -0.99530829 0.09093232
vn -0.04247267 -0.99668056 0.06945461
vn -0.03961114 -0.99919662 0.00608861
vn -0.03493735 -0.99896856 -0.02900341
vn -0.03491185 -0.99826161 -0.04748591
vn -0.02958494 -0.99684628 -0.07363571
vn -0.01448217 -0.99735294 -0.07125578
vn -0.00099633 -0.99986581 0.01635151
vn 0.00404719 -0.97269112 0.23206812
vn 0.00373420 -0.88736474 0.46105301
vn -0.00272386 -0.73774775 -0.67507099
vn -0.00375236 -0.42998293 -0.90282922
vn 0.00329879 -0.72126329 0.69265315
vn 0.00077240 -0.42668149 0.90440163
vn -0.00384874 -0.15304477 -0.98821176
vn -0.38657679 0.56380522 0.72985071
vn -0.35928166 0.91734104 0.17147041
vn -0.40898535 0.83175437 -0.37538734
vn -0.48113352 0.50937506 -0.71347571
vn -0.63215967 0.71723448 0.29317036
vn -0.60157897 0.74667268 -0.28387082
vn 0.00203652 -0.16164174 0.98684740
vn -0.00311225 -0.04789449 -0.99884755
vn -0.00256533 0.00122975 -0.99999595
vn -0.28135019 -0.07863604 0.95637777
vn -0.39950245 0.34437220 0.84959142
vn -0.72495077 -0.19359790 -0.66103421
vn -0.49798229 -0.14317943 -0.85528550
vn -0.85828915 -0.18478360 0.47874290
vn -0.83460409 0.48898560 0.25363180
vn -0.75935423 0.59423410 -0.26507921
vn -0.58062024 -0.10227597 -0.80772505
vn 0.00368400 -0.05539519 0.99845771
vn 0.00360802 -0.01648908 0.99985754
vn -0.00281039 0.04987224 -0.99875165
vn -0.00250333 0.14066092 -0.99005466
vn -0.34932439 -0.54675492 0.76094121
vn -0.34544815 -0.70391610 0.62061880
vn -0.40625522 -0.67079390 -0.62047743
vn -0.70738838 -0.66630508 0.23587968
vn -0.62815435 -0.72947198 -0.27072633
vn 0.00546258 0.02480322 0.99967743
vn 0.00420942 0.01637385 0.99985708
vn 0.00060201 0.39276485 -0.91963874
vn -0.31017047 -0.93974245 0.14379986
vn -0.33934603 -0.86806423 -0.36236552
vn 0.00608924 0.02568253 0.99965160
vn 0.00640918 0.66999973 -0.74233367
vn 0.00622804 0.00634379 0.99996048
vn 0.00793050 0.84048450 -0.54177755
vn 0.01603509 0.94258681 -0.33357604
vn 0.03489707 0.99143561 -0.12584760
vn 0.06214559 0.99784825 0.02089968
vn 0.08186702 0.99410511 0.07108325
vn 0.07969186 0.99514944 0.05767839
vn 0.05126035 0.99623294 0.06994495
vn 0.02015805 0.99717327 0.07238181
vn 0.02595578 0.99464603 -0.10002781
vn 0.05549542 0.90409911 -0.42370398
vn 0.06997914 0.74945294 -0.65834885
vn 0.00704439 -0.02557616 0.99964806
vn 0.07076992 0.64410230 -0.76165861
vn 0.06003980 0.40398288 -0.91279409
vn 0.00905046 -0.05433721 0.99848163
vn 0.02988147 0.08613663 -0.99583512
vn 0.00817072 -0.05407800 0.99850328
vn 0.00689324 -0.02466221 0.99967208
vn 0.00807447 0.02390342 -0.99968166
vn 0.00756328 0.05180363 0.99862865
vn 0.01499093 0.29016903 -0.95685799
vn 0.01251022 0.39612199 0.91811266
vn 0.01079448 0.16169175 0.98678227
vn 0.02383573 0.75992543 -0.64957309
vn 0.02028228 0.96261918 -0.27009803
vn 0.00937330 0.68850448 0.72517151
vn 0.01035569 0.97445947 0.22432455
vn 0.00015812 -0.96496947 0.26236214
vn 0.00062569 -0.26247125 -0.96493961
vn 0.00015828 -0.26242402 0.96495264
vn 0.00062600 0.96494537 0.26245008
vn -0.01576044 -0.97366459 -0.22743983
vn -0.00836423 -0.89635845 -0.44325114
vn -0.03266370 -0.99931409 -0.01744786
vn -0.05569566 -0.99597004 0.07029704
vn -0.07221058 -0.99530360 0.06446989
vn -0.06655183 -0.99763570 0.01714228
vn -0.04951630 -0.99859615 -0.01881154
vn -0.03716113 -0.99848178 -0.04065932
vn -0.02561793 -0.99785220 -0.06028859
vn -0.00897102 -0.99851547 -0.05372506
vn 0.00540684 -0.99961292 0.02729058
vn 0.01093327 -0.97221429 0.23383720
vn 0.01136629 -0.88706364 0.46150721
vn -0.00745292 -0.73520159 -0.67780755
vn -0.00759446 -0.42998317 -0.90280496
vn 0.01110271 -0.72118106 0.69265764
vn 0.00956754 -0.42643530 0.90446747
vn -0.00678402 -0.15182732 -0.98838375
vn -0.86000564 0.48790976 0.14944687
vn -0.79875780 0.46764933 -0.37853677
vn 0.01308664 -0.15950904 0.98710972
vn -0.00470608 -0.04745046 -0.99886251
vn -0.00352304 0.00219595 -0.99999138
vn -0.72954538 -0.08735054 0.67833135
vn -0.98271882 -0.11290861 0.14668119
vn -0.90058153 -0.11772711 -0.41844143
vn -0.97910641 -0.09274371 0.18096751
vn -0.97510184 -0.07759341 -0.20773942
vn 0.00673949 -0.02162094 0.99974352
vn 0.01693563 -0.01998927 0.99965675
vn -0.00339075 0.05166567 -0.99865868
vn -0.00160808 0.14342298 -0.98966018
vn -0.77419226 -0.61887809 0.13272625
vn -0.72419509 -0.58743616 -0.36119280
vn 0.01846891 0.02550053 0.99950419
vn 0.00383564 0.39820674 -0.91728767
vn 0.01591575 0.02462337 0.99957010
vn 0.01079455 0.67495663 -0.73777844
vn 0.01228471 0.00560631 0.99990882
vn 0.01131172 0.84296946 -0.53784248
vn 0.01598421 0.94584714 -0.32421860
vn 0.02664605 0.99412663 -0.10489152
vn 0.04338800 0.99807715 0.04426614
vn 0.05716350 0.99499322 0.08198060
vn 0.05968254 0.99729015 0.04301569
vn 0.03259759 0.99921338 0.02258361
vn -0.03727044 0.99908394 0.02102850
vn -0.10109598 0.98904280 -0.10758222
vn -0.13084733 0.89674603 -0.42275942
vn -0.14907254 0.74407091 -0.65125714
vn 0.01085386 -0.02440390 0.99964326
vn -0.15272867 0.63685809 -0.75570214
vn -0.14257316 0.40442816 -0.90338849
vn 0.01273925 -0.05144243 0.99859471
vn -0.11912082 0.08574836 -0.98917008
vn 0.01190901 -0.05223160 0.99856399
vn 0.01021071 -0.02335146 0.99967517
vn -0.06404855 0.05732348 -0.99629905
vn 0.01142471 0.05209414 0.99857683
vn -0.00180879 0.31629391 -0.94865952
vn 0.01835583 0.39494630 0.91852081
vn 0.01620554 0.15975573 0.98702355
vn 0.02059341 0.75637579 -0.65381311
vn 0.02066057 0.96095094 -0.27594642
vn 0.01271037 0.68761232 0.72596677
vn 0.01340476 0.97525545 0.22067425
vn -0.99959925 0.02001670 0.02001670
vn -0.06415959 -0.96287476 0.26221318
vn -0.06408250 0.26223932 -0.96287277
vn -0.01656661 0.26357262 0.96449729
vn -0.01652403 0.96450456 0.26354869
vn -0.00040994 -0.96497865 0.26232809
vn -0.00156766 -0.26250115 -0.96493041
vn -0.00040708 -0.26231394 0.96498250
vn -0.00156243 0.96491791 0.26254712
vn -0.01335293 -0.97094470 -0.23893115
vn -0.00668846 -0.89141934 -0.45313003
vn -0.02697354 -0.99896177 -0.03671244
vn -0.04435800 -0.99773187 0.05063090
vn -0.05564869 -0.99665976 0.05977073
vn -0.05017020 -0.99825117 0.03126585
vn -0.03374839 -0.99942984 -0.00102484
vn -0.01856464 -0.99945118 -0.02743524
vn -0.00614408 -0.99888640 -0.04677834
vn 0.00619217 -0.99920089 -0.03948721
vn 0.01579379 -0.99922715 0.03599514
vn 0.01868432 -0.97197399 0.23434476
vn 0.02065204 -0.88557746 0.46403238
vn -0.00535461 -0.73142396 -0.68190198
vn -0.00489229 -0.42922062 -0.90318643
vn 0.02219105 -0.71800689 0.69568216
vn 0.02653158 -0.42262695 0.90591530
vn -0.00275395 -0.14903656 -0.98882785
vn 0.04171592 -0.15278627 0.98737842
vn 0.00023174 -0.04495060 -0.99898918
vn 0.00144166 0.00476873 -0.99998759
vn 0.05688034 -0.01408074 0.99828170
vn 0.00267424 0.05555573 -0.99845201
vn 0.00732698 0.14868820 -0.98885698
vn 0.05862110 0.02285986 0.99801853
vn 0.01415405 0.40501445 -0.91420072
vn 0.04306297 0.01542379 0.99895330
vn 0.01782947 0.67902000 -0.73390323
vn 0.02657619 -0.00128042 0.99964597
vn 0.01656346 0.84385178 -0.53632064
vn 0.01482649 0.94585517 -0.32425017
vn 0.00838606 0.99480125 -0.10148965
vn 0.00568728 0.99857085 0.05314046
vn 0.01491620 0.99561824 0.09231372
vn 0.03106993 0.99865609 0.04148098
vn 0.03291852 0.99935899 -0.01407055
vn 0.00419623 0.99816651 -0.06038215
vn -0.06676326 0.97787528 -0.19824887
vn -0.28058170 0.81197569 -0.51182946
vn -0.15072274 0.92145044 -0.35806666
vn 0.01918879 -0.02547943 0.99949116
vn -0.14812416 0.81122992 -0.56565470
vn -0.28669025 0.47039031 -0.83459071
vn -0.13964280 0.52767902 -0.83788707
vn 0.01921024 -0.04911707 0.99860827
vn -0.13378972 0.30248020 -0.94371926
vn -0.08893099 0.17001630 -0.98142026
vn 0.01696916 -0.04978206 0.99861594
vn 0.01402306 -0.02167409 0.99966674
vn -0.02094711 0.13870588 -0.99011206
vn 0.01464134 0.05196902 0.99854136
vn 0.00695915 0.34708800 -0.93780674
vn 0.02169453 0.39220777 0.91962080
vn 0.02020706 0.15660352 0.98745481
vn 0.01369799 0.76108408 -0.64850859
vn 0.01595118 0.96125576 -0.27519614
vn 0.01289028 0.68515706 0.72828130
vn 0.01225678 0.97538389 0.22017276
vn -0.04019317 -0.96385319 0.26338477
vn -0.04018279 0.26338741 -0.96385290
vn -0.01025587 0.26461983 0.96429828
vn -0.01024977 0.96430176 0.26460738
vn -0.00153167 -0.96495905 0.26239606
vn -0.00591714 -0.26266516 -0.96486890
vn -0.00152375 -0.26232305 0.96497891
vn -0.00590268 0.96485132 0.26273007
vn -0.00294026 -0.96925525 -0.24603987
vn 0.00121725 -0.88705687 -0.46165856
vn -0.01042635 -0.99874219 -0.04904410
vn -0.01990820 -0.99903289 0.03920392
vn -0.02560358 -0.99800880 0.05764446
vn -0.02268316 -0.99889472 0.04116818
vn -0.01336912 -0.99982390 0.01316917
vn -0.00343801 -0.99987413 -0.01548853
vn 0.00498398 -0.99931526 -0.03666302
vn 0.01246136 -0.99945272 -0.03064286
vn 0.01832860 -0.99897637 0.04135554
vn 0.02006475 -0.97209986 0.23370764
vn 0.02541199 -0.88061745 0.47314600
vn 0.00266819 -0.72728072 -0.68633493
vn 0.00427901 -0.42773126 -0.90389582
vn 0.03113885 -0.70673542 0.70679234
vn 0.04630996 -0.40841088 0.91162270
vn 0.00998801 -0.14309782 -0.98965815
vn 0.09239775 -0.12521042 0.98781831
vn 0.01469302 -0.04081919 -0.99905851
vn 0.01277188 0.00930081 -0.99987518
vn 0.16496234 0.01307805 0.98621316
vn 0.01610319 0.06157550 -0.99797252
vn 0.02648343 0.15713909 -0.98722132
vn 0.16871215 0.00567888 0.98564900
vn 0.03273269 0.41060720 -0.91122462
vn 0.09629460 -0.02537924 0.99502927
vn 0.03461030 0.68103468 -0.73143277
vn 0.02341665 0.78111886 -0.62394310
vn 0.03260058 0.84174909 -0.53888373
vn 0.04404862 -0.02226118 0.99878134
vn 0.02167930 0.94209425 -0.33464672
vn 0.00119094 0.99311719 -0.11711883
vn -0.01301051 0.99834216 0.05606833
vn 0.02329915 0.99181570 0.12553396
vn 0.09319432 0.99383563 0.06004630
vn 0.10507642 0.99443322 -0.00784306
vn 0.12496150 0.99065400 -0.05467425
vn 0.18556323 0.95936893 -0.21255010
vn 0.22817323 0.90917623 -0.34833254
vn 0.02717574 -0.03023172 0.99917342
vn 0.24206737 0.80932996 -0.53515269
vn 0.27061041 0.51833349 -0.81123388
vn 0.02556028 -0.04848637 0.99849674
vn 0.25580759 0.29317583 -0.92120053
vn 0.16549044 0.16846773 -0.97171577
vn 0.02311632 -0.03174272 0.99922872
vn 0.02685911 -0.03299309 0.99909461
vn 0.09564754 0.13097079 -0.98676147
vn 0.01970378 -0.00503063 0.99979321
vn 0.01500398 0.05041705 0.99861554
vn 0.03342007 0.32730669 -0.94432697
vn 0.02152719 0.38667744 0.92196374
vn 0.02117427 0.15194967 0.98816140
vn 0.01140688 0.76072387 -0.64897541
vn 0.00954987 0.96146677 -0.27475526
vn 0.00963811 0.68119260 0.73204081
vn 0.00797055 0.97473683 0.22321422
vn -0.02332937 -0.96415873 0.26429849
vn -0.02334060 0.26428942 -0.96416094
vn -0.00591575 0.26502638 0.96422301
vn -0.00592163 0.96422441 0.26502119
vn -0.00285105 -0.96488298 0.26266463
vn -0.01110922 -0.26291247 -0.96475573
vn -0.00282981 -0.26261978 0.96489525
vn -0.01106880 0.96472900 0.26301222
vn 0.00846389 -0.96859537 -0.24849822
vn 0.01032437 -0.88390297 -0.46755636
vn 0.00585767 -0.99844329 -0.05546790
vn 0.00063530 -0.99945515 0.03299990
vn -0.00395308 -0.99845027 0.05551068
vn -0.00552062 -0.99899326 0.04451946
vn -0.00445815 -0.99980660 0.01915433
vn -0.00259042 -0.99994888 -0.00977340
vn -0.00039620 -0.99950573 -0.03143475
vn 0.00262995 -0.99966924 -0.02558321
vn 0.00618863 -0.99894959 0.04540284
vn 0.00851679 -0.97215726 0.23417457
vn 0.01375413 -0.87155180 0.49011048
vn 0.01180067 -0.72246886 -0.69130275
vn 0.01501339 -0.42494044 -0.90509680
vn 0.02209218 -0.68409981 0.72905376
vn 0.04824864 -0.37298718 0.92658115
vn 0.02219708 -0.13570489 -0.99050062
vn 0.13281880 -0.02901534 0.99071554
vn 0.02583581 0.01126575 -0.99960272
vn 0.03628251 0.02364491 -0.99906181
vn 0.34338339 0.09960605 0.93389854
vn 0.05470888 0.16995339 -0.98393231
vn 0.99917108 0.03972766 0.00888084
vn 0.01580325 0.03888708 0.99911864
vn 0.01615179 0.99983051 0.00883622
vn 0.01561788 0.03852492 -0.99913558
vn 0.32873499 -0.06204987 0.94238162
vn 0.05691609 0.41059400 -0.91004018
vn 0.01537955 -0.99984522 0.00854404
vn 0.12890892 -0.15299859 0.97978259
vn 0.04997763 0.67420118 -0.73685481
vn 0.04746278 0.83753916 -0.54431189
vn 0.03564231 -0.06020911 0.99754924
vn 0.03595270 0.93653945 -0.34871373
vn 0.01120743 0.98915951 -0.14641669
vn -0.00852841 0.99743382 0.07108469
vn 0.04106547 0.97954538 0.19698849
vn 0.28729510 0.94100514 0.17880396
vn 0.24156619 0.96821934 -0.06478499
vn 0.10610910 0.99432500 -0.00765835
vn 0.15134093 0.98424444 -0.09142646
vn 0.22761524 0.88483810 -0.40651303
vn 0.41582501 0.79367596 -0.44403607
vn 0.26259302 0.74807046 -0.60945507
vn 0.01832658 -0.03720569 0.99913957
vn 0.27161522 0.61956304 -0.73645557
vn 0.44126252 0.42239838 -0.79174933
vn 0.23717094 0.33366837 -0.91236800
vn 0.01760602 -0.04812259 0.99868626
vn 0.16955946 0.04577757 -0.98445620
vn 0.01870973 -0.03286820 0.99928456
vn 0.08877504 0.03642982 -0.99538528
vn 0.02314610 0.09027523 0.99564785
vn 0.01740359 0.09459164 0.99536402
vn 0.02272647 0.27403431 -0.96145135
vn 0.01108372 0.38018815 0.92484276
vn -0.00093524 0.74881844 -0.66277452
vn -0.00464980 0.96143463 -0.27499423
vn 0.00136598 0.67669855 0.73625892
vn -0.00062657 0.97367985 0.22791918
vn -0.01492438 -0.96414653 0.26495043
vn -0.01490177 0.26493929 -0.96414994
vn -0.00376418 0.26522001 0.96418057
vn -0.00375109 0.96418250 0.26521320
vn -0.00320146 -0.96467815 0.26341189
vn -0.01266620 -0.26315402 -0.96467068
vn -0.00317466 -0.26324358 0.96472418
vn -0.01261598 0.96462802 0.26331278
vn 0.01424996 -0.96873469 -0.24768941
vn 0.01446937 -0.88213528 -0.47077381
vn 0.01462005 -0.99817496 -0.05859183
vn 0.01099958 -0.99954560 0.02806437
vn 0.00528593 -0.99869478 0.05080149
vn -0.00061209 -0.99914605 0.04131341
vn -0.00593823 -0.99983743 0.01702478
vn -0.01053922 -0.99988222 -0.01115706
vn -0.01368406 -0.99941193 -0.03144099
vn -0.01478617 -0.99960288 -0.02398846
vn -0.01437223 -0.99875253 0.04782078
vn -0.01271430 -0.97163382 0.23614841
vn -0.01483278 -0.86391516 0.50341889
vn 0.01546783 -0.71759123 -0.69629273
vn 0.01908040 -0.42013816 -0.90725954
vn -0.01199986 -0.66362320 0.74797075
vn 0.00573149 -0.33035509 0.94383932
vn 0.03087025 -0.12426671 -0.99176853
vn 0.01834575 0.13560611 0.99059296
vn 0.04993051 0.04538734 -0.99772087
vn 0.94433467 0.30398171 0.12580597
vn 0.03868486 0.32482045 0.94498421
vn 0.02992207 0.99278224 0.11613826
vn 0.03653059 0.91645058 0.39847692
vn 0.86249439 0.37704548 0.33755020
vn 0.06901295 0.18472718 -0.98036375
vn -0.99918981 0.03927298 0.00879556
vn 0.87972412 -0.46206474 0.11216798
vn 0.04239944 -0.47653985 0.87812986
vn 0.01410193 -0.56996468 -0.82154818
vn -0.21219564 -0.78162323 0.58654764
vn -0.01438978 -0.25834492 0.96594556
vn 0.06228378 0.40315352 -0.91301039
vn 0.94445727 0.29523547 0.14434849
vn 0.13721902 0.25511680 0.95712400
vn 0.13347222 0.98502794 0.10911058
vn 0.08140116 0.87497119 -0.47728322
vn 0.77511671 0.39561333 -0.49262986
vn 0.04967279 0.39127848 -0.91893077
vn 0.02760717 -0.99556508 0.08993337
vn -0.05241998 -0.27753968 0.95928300
vn 0.04685856 0.66048766 -0.74937329
vn 0.04149394 0.83407245 -0.55009217
vn 0.81280944 0.49105689 0.31337509
vn 0.13240492 0.36404026 0.92192387
vn 0.68577947 0.56406894 -0.45992690
vn 0.00250633 0.71835550 -0.69567169
vn -0.01777368 -0.08272255 0.99641411
vn 0.03377278 0.93290119 -0.35854536
vn 0.01658553 0.98319539 -0.18180139
vn -0.03990818 0.99691898 0.06752687
vn -0.02762131 0.92197198 0.38627029
vn -0.06581632 0.99201225 -0.10760999
vn -0.09618772 0.99315419 -0.06627730
vn -0.08623123 0.93213461 -0.35169481
vn -0.06624783 0.78650480 -0.61402070
vn -0.01180757 -0.03943185 0.99915250
vn -0.06716427 0.66559366 -0.74328598
vn -0.05665424 0.30964863 -0.94916175
vn -0.00848807 -0.04635642 0.99888890
vn -0.03413789 0.01513787 -0.99930248
vn -0.00514969 -0.03155750 0.99948867
vn -0.02449132 -0.00663891 -0.99967800
vn -0.00364484 0.09228492 0.99572597
vn -0.02665328 0.25653688 -0.96616688
vn -0.00629127 0.37465011 0.92714493
vn -0.02576485 0.74404948 -0.66762755
vn -0.02288266 0.96327831 -0.26752810
vn -0.01019084 0.67305785 0.73951962
vn -0.01219771 0.97226870 0.23354828
vn -0.01139748 -0.96408636 0.26534428
vn -0.01134955 0.26537234 -0.96407920
vn -0.00282141 0.26551374 0.96410295
vn -0.00279492 0.96411219 0.26548046
vn -0.00060568 -0.96443928 0.26430383
vn -0.00268321 -0.26305677 -0.96477662
vn -0.00060895 -0.26420251 0.96446704
vn -0.00268769 0.96473650 0.26320384
vn 0.01183844 -0.96945155 -0.24499703
vn 0.01009318 -0.88259472 -0.47002626
vn 0.01400560 -0.99811181 -0.05980519
vn 0.01160768 -0.99966167 0.02327668
vn 0.00563867 -0.99901947 0.04391243
vn -0.00210827 -0.99941936 0.03400725
vn -0.00998673 -0.99989784 0.01022586
vn -0.01673359 -0.99972193 -0.01661448
vn -0.02137322 -0.99916547 -0.03480739
vn -0.02397428 -0.99938496 -0.02559180
vn -0.02578640 -0.99856309 0.04697670
vn -0.02622251 -0.97107983 0.23731064
vn -0.03379112 -0.86615198 0.49863706
vn 0.00980501 -0.71576818 -0.69826912
vn 0.01135028 -0.41489785 -0.90979720
vn -0.03908911 -0.66994341 0.74138240
vn -0.05989526 -0.34876927 0.93529276
vn 0.01975793 -0.11078633 -0.99364783
vn -0.12162997 0.00700923 0.99255077
vn 0.02849645 0.06334883 -0.99758452
vn -0.93911855 0.32120143 0.12200813
vn -0.83527656 0.44096992 0.32841833
vn -0.33686515 0.08899324 0.93733776
vn 0.02870377 0.18844508 -0.98166417
vn 0.99864809 -0.05189041 0.00306153
vn 0.02614587 -0.05059765 0.99837682
vn 0.02444224 0.99969721 0.00283908
vn 0.02601829 -0.05047562 -0.99838633
vn -0.85922597 -0.50116294 0.10279320
vn -0.31288380 -0.15043730 0.93780187
vn 0.01631088 0.39041337 -0.92049517
vn 0.02673834 -0.99963797 0.00299943
vn -0.66177007 0.28179365 0.69473211
vn -0.60634512 0.79340558 0.05341520
vn -0.66341634 0.38578037 -0.64113358
vn -0.75917584 0.32553293 -0.56363140
vn -0.11965858 -0.13001054 0.98426576
vn -0.00234228 0.64246418 -0.76631214
vn -0.00818799 0.83026960 -0.55730184
vn -0.90996979 -0.41270436 0.04037434
vn -0.88796023 0.38273372 0.25503239
vn -0.65458781 0.49331540 -0.57284790
vn -0.05543650 -0.05436987 0.99698080
vn -0.00768665 0.93327350 -0.35908423
vn 0.00008114 0.97921352 -0.20283212
vn -0.02324008 0.99946202 -0.02314255
vn -0.17256225 0.95184219 0.25341412
vn -0.47316274 0.86062519 0.18825863
vn -0.30254709 0.93956732 -0.16024515
vn -0.14214489 0.98782570 -0.06320775
vn -0.13938399 0.98438703 -0.10749082
vn -0.17699516 0.91218538 -0.36958158
vn -0.19097510 0.76904308 -0.61000102
vn -0.03826458 -0.03243973 0.99874095
vn -0.19747381 0.62653195 -0.75396406
vn -0.16782848 0.36308365 -0.91651725
vn -0.03318593 -0.04217523 0.99855893
vn -0.10208497 0.08009693 -0.99154583
vn -0.02849872 -0.02742648 0.99921750
vn -0.06640013 0.01505620 -0.99767947
vn -0.02421647 0.09342156 0.99533209
vn -0.04638768 0.27668025 -0.95984177
vn -0.02248542 0.37149163 0.92816398
vn -0.03590005 0.75866756 -0.65048806
vn -0.02958982 0.96614345 -0.25630309
vn -0.01939963 0.67156444 0.74069215
vn -0.02068415 0.97111113 0.23772956
vn -0.00616765 -0.96410527 0.26544865
vn -0.00614221 0.26551124 -0.96408820
vn -0.00144855 0.26600505 0.96397055
vn -0.00143528 0.96398644 0.26594752
vn 0.00705000 -0.96423222 0.26496514
vn 0.02736079 -0.26226669 -0.96460747
vn 0.00700769 -0.26487441 0.96425745
vn 0.02727733 0.96456816 0.26241992
vn 0.00468524 -0.97051614 -0.24099061
vn -0.00000364 -0.88565246 -0.46434870
vn 0.00852561 -0.99820837 -0.05922296
vn 0.00799329 -0.99977534 0.01963088
vn 0.00345450 -0.99930434 0.03713361
vn -0.00357097 -0.99965432 0.02604770
vn -0.01078451 -0.99993732 0.00300787
vn -0.01604391 -0.99963567 -0.02170543
vn -0.01837730 -0.99912782 -0.03749510
vn -0.01865514 -0.99945855 -0.02710353
vn -0.01905381 -0.99880878 0.04492178
vn -0.02014161 -0.97141131 0.23654679
vn -0.02707690 -0.87477892 0.48376512
vn -0.00136767 -0.71882167 -0.69519316
vn -0.00154535 -0.41274633 -0.91084471
vn -0.03329049 -0.69222414 0.72091434
vn -0.05907988 -0.39115965 0.91842457
vn -0.00089264 -0.10904731 -0.99403616
vn -0.12724061 -0.09761456 0.98705685
vn -0.00872492 0.05737188 -0.99831475
vn -0.20325717 -0.00975893 0.97907675
vn -0.02511683 0.17548318 -0.98416198
vn -0.99866228 -0.05161825 0.00303528
vn -0.16829719 -0.02826215 0.98533107
vn -0.03698086 0.37771816 -0.92518183
vn -0.96929503 0.24037052 0.05185714
vn -0.08413005 -0.03057517 0.99598559
vn -0.05843356 0.63145680 -0.77320620
vn -0.06085547 0.82186833 -0.56641774
vn -0.05139194 -0.02317909 0.99840953
vn -0.05015376 0.93646170 -0.34716579
vn -0.01282063 0.98403369 -0.17751993
vn 0.03005970 0.99792006 -0.05702597
vn -0.00513689 0.99936415 0.03528337
vn -0.19547393 0.97508918 0.10483811
vn -0.18718309 0.98131489 0.04453729
vn -0.07973550 0.99616450 0.03603533
vn -0.03418392 0.99251230 -0.11726374
vn -0.04880999 0.91362365 -0.40362037
vn -0.06120403 0.77045671 -0.63454749
vn -0.04403475 -0.02534771 0.99870838
vn -0.07571926 0.63893569 -0.76552451
vn -0.06570278 0.42025622 -0.90502368
vn -0.04341467 -0.03861158 0.99831073
vn -0.04079754 0.11961067 -0.99198228
vn -0.03291813 -0.03586449 0.99881436
vn -0.03158583 -0.02367692 0.99922057
vn -0.02423438 -0.01329670 0.99961787
vn -0.03229501 0.02976041 -0.99903521
vn -0.02919615 0.09267085 0.99526866
vn -0.02153809 0.05029362 0.99850221
vn -0.02055772 0.28892928 -0.95712969
vn -0.03217843 0.37190452 0.92771309
vn -0.02903367 0.14596784 0.98886320
vn -0.02091446 0.76825161 -0.63980626
vn -0.02116783 0.96567354 -0.25889485
vn -0.02284499 0.67295033 0.73933481
vn -0.02184037 0.97161420 0.23556072
vn 0.00842743 -0.96418489 0.26509712
vn 0.00836197 0.26518003 -0.96416266
vn 0.00221007 0.26650587 0.96383076
vn 0.00217275 0.96384540 0.26645325
vn 0.02043772 -0.96415720 0.26454335
vn 0.07914759 -0.26089158 -0.96211810
vn 0.02043741 -0.26423512 0.96424173
vn 0.07913713 0.96206062 0.26110664
vn -0.00294456 -0.97188031 -0.23545698
vn -0.01062637 -0.88993732 -0.45595905
vn 0.00328433 -0.99841176 -0.05624205
vn 0.00571067 -0.99981800 0.01820300
vn 0.00361556 -0.99948046 0.03202700
vn -0.00179200 -0.99981079 0.01936960
vn -0.00755782 -0.99996838 -0.00247190
vn -0.01070192 -0.99965245 -0.02409266
vn -0.01012389 -0.99926983 -0.03684167
vn -0.00709351 -0.99965239 -0.02539257
vn -0.00426123 -0.99896999 0.04517526
vn -0.00381303 -0.97194075 0.23519489
vn -0.00578913 -0.88001957 0.47490214
vn -0.01189374 -0.72313118 -0.69060831
vn -0.00855957 -0.41177678 -0.91124454
vn -0.00820707 -0.70632886 0.70783627
vn -0.01845567 -0.41276990 0.91064834
vn -0.00702211 -0.11240932 -0.99363717
vn -0.03077830 -0.13957457 0.98973311
vn -0.01407661 0.04231926 -0.99900497
vn -0.03120137 -0.00920994 0.99947069
vn -0.02892465 0.15871742 -0.98690027
vn -0.01593464 0.00916636 0.99983102
vn -0.04566478 0.36096136 -0.93146209
vn -0.01372591 -0.01186011 0.99983546
vn -0.07694881 0.62525738 -0.77661579
vn -0.07944224 0.81658097 -0.57173809
vn -0.02507317 -0.02076933 0.99946984
vn -0.06036533 0.94542973 -0.32018534
vn -0.00413553 0.99328433 -0.11562498
vn 0.06343540 0.99788092 -0.01447827
vn 0.09131698 0.99575970 0.01112754
vn 0.06920504 0.99747813 0.01574923
vn 0.02481826 0.99840586 0.05069303
vn -0.01434992 0.99804600 0.06081340
vn -0.02484512 0.99385273 -0.10788634
vn -0.01955199 0.91277144 -0.40800247
vn -0.02399185 0.76080445 -0.64853758
vn -0.03606486 -0.02796349 0.99895814
vn -0.04021431 0.63922225 -0.76796987
vn -0.04397670 0.42576583 -0.90376408
vn -0.03338560 -0.02771779 0.99905812
vn -0.03738972 -0.03187234 0.99879235
vn -0.02674054 -0.02448383 0.99934253
vn -0.04963991 0.12190935 -0.99129914
vn -0.02665436 -0.01154342 0.99957806
vn -0.03325828 0.04305546 -0.99851896
vn -0.02460803 0.05399483 0.99823795
vn -0.00260627 0.29805891 -0.95454392
vn -0.03425996 0.37711231 0.92553366
vn -0.03296419 0.15381018 0.98755040
vn -0.00523903 0.76126062 -0.64842487
vn -0.00993283 0.96130991 -0.27529003
vn -0.02044252 0.67676839 0.73591212
vn -0.01701960 0.97382483 0.22666172
vn 0.03757864 -0.96373609 0.26419801
vn 0.03747003 0.26427769 -0.96371848
vn 0.00946656 0.26650548 0.96378691
vn 0.00940833 0.96379134 0.26649152
vn 0.99916534 -0.02887352 0.02889542
vn -0.01136434 -0.97355288 -0.22817895
vn -0.02124024 -0.89355499 -0.44845103
vn -0.00147675 -0.99877836 -0.04939245
vn 0.00616972 -0.99977543 0.02027350
vn 0.00765673 -0.99954901 0.02903710
vn 0.00336050 -0.99989936 0.01378328
vn -0.00241958 -0.99997347 -0.00687054
vn -0.00557937 -0.99967473 -0.02488581
vn -0.00493237 -0.99940389 -0.03416935
vn -0.00175338 -0.99977020 -0.02136534
vn 0.00205358 -0.99882584 0.04840165
vn 0.00487580 -0.97181106 0.23571061
vn 0.01135255 -0.87789823 0.47871267
vn -0.02164463 -0.72423611 -0.68921228
vn -0.01040973 -0.40722123 -0.91327023
vn 0.01361449 -0.70480941 0.70926606
vn 0.01768040 -0.41354555 0.91031175
vn -0.00259953 -0.10994984 -0.99393374
vn 0.03275511 -0.13096424 0.99084584
vn -0.00145185 0.03487626 -0.99939058
vn 0.08068366 0.01793665 0.99657836
vn -0.00948690 0.14468882 -0.98943173
vn 0.12921097 0.01883399 0.99143825
vn -0.02411995 0.34116943 -0.93969232
vn 0.06320863 -0.05493774 0.99648709
vn -0.06992967 0.70987641 -0.70084615
vn -0.05436857 0.59770639 -0.79986945
vn -0.00044596 -0.05013113 0.99874254
vn -0.06531990 0.81052481 -0.58205055
vn -0.06200221 0.95616821 -0.28617841
vn -0.00790459 0.99879581 -0.04841943
vn 0.05057359 0.99799365 0.03809170
vn 0.08226645 0.99631377 0.02431273
vn 0.08346102 0.99645038 -0.01099566
vn 0.05534211 0.99846543 -0.00201064
vn 0.01375102 0.99968363 0.02106051
vn 0.00982532 0.99394762 -0.10941481
vn 0.03531358 0.91141619 -0.40996765
vn 0.03190172 0.75834700 -0.65106997
vn -0.01762095 -0.03235901 0.99932097
vn -0.02750809 -0.02936513 0.99919017
vn -0.01638611 -0.02628847 0.99952009
vn 0.00750901 0.61603384 -0.78768390
vn -0.00241175 0.41340765 -0.91054286
vn -0.02188040 -0.02702794 0.99939519
vn -0.03609648 0.12565001 -0.99141773
vn -0.02314813 -0.01067046 0.99967510
vn -0.03002641 0.07921171 -0.99640550
vn -0.02090026 0.05822114 0.99808491
vn -0.00094458 0.31811975 -0.94805007
vn -0.02514639 0.38625382 0.92204970
vn -0.02611345 0.16459985 0.98601469
vn -0.00446146 0.75219435 -0.65892621
vn -0.00586628 0.95769085 -0.28773916
vn -0.01121631 0.68131598 0.73190350
vn -0.00785993 0.97605847 0.21736626
vn 0.07918471 -0.96158060 0.26285458
vn 0.07929056 0.26295892 -0.96154335
vn 0.02013899 0.26533822 0.96394505
vn 0.02021624 0.96394432 0.26533499
vn -0.02321784 -0.97544639 -0.21900977
vn -0.03338049 -0.89522463 -0.44436314
vn -0.00795150 -0.99931973 -0.03601169
vn 0.00854596 -0.99956007 0.02840115
vn 0.01559851 -0.99947398 0.02843325
vn 0.01135331 -0.99990577 0.00771768
vn 0.00326296 -0.99991467 -0.01264951
vn -0.00279977 -0.99962024 -0.02741429
vn -0.00607176 -0.99941114 -0.03377126
vn -0.00780990 -0.99977955 -0.01948972
vn -0.00777393 -0.99861537 0.05202805
vn -0.00334957 -0.97061374 0.24061950
vn 0.01171843 -0.86929488 0.49415493
vn -0.03679452 -0.72295071 -0.68991915
vn -0.01613226 -0.39482929 -0.91861286
vn 0.01769772 -0.69183767 0.72183615
vn 0.03118135 -0.40182615 0.91518494
vn -0.00152936 -0.10177192 -0.99480658
vn 0.05515225 -0.08618227 0.99475165
vn 0.00382558 0.03419805 -0.99940775
vn 0.10021224 0.09026854 0.99086281
vn -0.00041883 0.13295345 -0.99112220
vn 0.99459224 -0.10367979 0.00606410
vn 0.41641327 -0.11445602 0.90194224
vn 0.42503280 0.90517256 0.00312199
vn 0.41169514 -0.10911547 -0.90476568
vn 0.10847662 -0.01440267 0.99399466
vn -0.02066403 0.31663733 -0.94832157
vn 0.37109343 -0.92856527 0.00749685
vn 0.03516109 -0.14823580 0.98832679
vn -0.06094979 0.55611382 -0.82886823
vn 0.00499928 -0.09141849 0.99580001
vn -0.07773019 0.79995615 -0.59500266
vn -0.08338727 0.96315124 -0.25570737
vn -0.04267431 0.99906652 0.00670750
vn -0.00163661 0.99693323 0.07823973
vn 0.02224412 0.99891543 0.04090428
vn 0.03159825 0.99936824 -0.01626878
vn 0.03021334 0.99924704 -0.02434137
vn 0.02587724 0.99956353 0.01425185
vn 0.04847359 0.99634919 -0.07027518
vn 0.08695641 0.91994001 -0.38229435
vn 0.09702447 0.73186390 -0.67450832
vn -0.00140052 -0.04904172 0.99879575
vn -0.00709484 -0.03545240 0.99934618
vn 0.07516820 0.58376875 -0.80843292
vn 0.05176053 0.35809066 -0.93225100
vn -0.01085272 -0.03030425 0.99948180
vn 0.00690791 0.08949501 -0.99596331
vn -0.01143144 -0.00987771 0.99988587
vn -0.00643990 0.08854437 -0.99605142
vn -0.00847813 0.06321685 0.99796380
vn -0.00253310 0.32517397 -0.94565082
vn -0.00262874 0.39700726 0.91781171
vn -0.00661313 0.17624682 0.98432379
vn -0.00816816 0.75172988 -0.65942056
vn -0.00442544 0.95948851 -0.28171299
vn 0.00588650 0.68461239 0.72888355
vn 0.00662541 0.97632987 0.21618530
vn 0.99927958 0.02684330 0.02682831
vn -0.03850413 -0.82718613 -0.56060730
vn -0.03925269 -0.87476137 -0.48296146
vn -0.03829861 -0.68735099 -0.72531499
vn -0.03969237 -0.97742714 -0.20751071
vn -0.02046987 -0.99969615 -0.01373279
vn 0.00651473 -0.99892209 0.04595883
vn 0.02153738 -0.99928142 0.03118955
vn 0.01853524 -0.99982821 -0.00004268
vn 0.00871463 -0.99972633 -0.02171003
vn -0.00060788 -0.99940887 -0.03437364
vn -0.00961867 -0.99916636 -0.03967453
vn -0.01954630 -0.99950360 -0.02470825
vn -0.02729056 -0.99827744 0.05193620
vn -0.02330188 -0.96774808 0.25083996
vn -0.00265194 -0.85737939 0.51467811
vn -0.01985261 -0.37609976 -0.92636648
vn 0.00439230 -0.67727414 0.73571764
vn 0.01913938 -0.39345255 0.91914568
vn -0.00608749 -0.09193751 -0.99574617
vn 0.01286687 -0.07893793 0.99679649
vn -0.00069997 0.03582306 -0.99935790
vn -0.03143570 0.08427143 0.99594685
vn -0.00389768 0.12261443 -0.99244673
vn -0.44700422 -0.11714272 0.88682851
vn -0.46981102 0.88274966 -0.00553527
vn -0.45273050 -0.11301555 -0.88445609
vn -0.08408603 -0.05131978 0.99513608
vn -0.02297623 0.28494972 -0.95826706
vn -0.38920161 -0.92115202 -0.00103358
vn -0.04283082 -0.14236186 0.98888757
vn -0.06272299 0.51291871 -0.85614264
vn -0.00153275 -0.08728700 0.99618203
vn -0.08781010 0.78606271 -0.61187810
vn -0.10043987 0.96695258 -0.23433854
vn -0.07800163 0.99607444 0.04185040
vn -0.05937560 0.99292705 0.10281248
vn -0.04598893 0.99735881 0.05621758
vn -0.02901913 0.99957149 -0.00383715
vn -0.00575486 0.99988207 -0.01423839
vn 0.00504558 0.99976087 0.02127773
vn -0.01492350 0.99836022 -0.05526453
vn -0.03824996 0.93059232 -0.36405339
vn -0.03836888 0.72027739 -0.69262422
vn 0.00776076 -0.05638233 0.99837909
vn 0.00511913 -0.03819101 0.99925734
vn -0.03838817 0.57349769 -0.81830724
vn -0.04436257 0.32789734 -0.94367118
vn 0.00558553 -0.03118584 0.99949800
vn -0.01653715 0.08223796 -0.99647551
vn 0.00676070 -0.00818906 0.99994361
vn 0.01391390 0.08868405 -0.99596262
vn 0.01002399 0.06834459 0.99761142
vn 0.00437503 0.31592289 -0.94877478
vn 0.02700677 0.40624463 0.91336517
vn 0.01965695 0.18508454 0.98252599
vn -0.00348309 0.76237060 -0.64713132
vn 0.00367708 0.96746036 -0.25299593
vn 0.02682447 0.68579782 0.72729760
vn 0.02455213 0.97352649 0.22725177
vn -0.04826728 -0.86811139 -0.49401710
vn -0.04288708 -0.66842443 -0.74254258
vn -0.06021918 -0.97839162 -0.19779658
vn -0.04459064 -0.99891467 0.01345941
vn -0.01538602 -0.99723264 0.07273469
vn 0.00761613 -0.99913446 0.04089400
vn 0.01423414 -0.99988369 -0.00547680
vn 0.01071544 -0.99945756 -0.03114113
vn 0.00263042 -0.99899769 -0.04468444
vn -0.01011800 -0.99856881 -0.05251624
vn -0.02770542 -0.99885462 -0.03901108
vn -0.04426728 -0.99800308 0.04505830
vn -0.04326051 -0.96344180 0.26440203
vn -0.02076502 -0.84368570 0.53643569
vn -0.02163280 -0.35609932 -0.93419767
vn -0.01393978 -0.66380199 0.74777845
vn 0.00290135 -0.39358842 0.91928219
vn -0.01030038 -0.08386845 -0.99642360
vn -0.01962026 -0.12772166 0.99161597
vn -0.00756589 0.03671568 -0.99929711
vn -0.08458867 0.00246091 0.99641292
vn -0.01103585 0.11363199 -0.99346161
vn -0.99410578 -0.10833598 -0.00412505
vn -0.11294464 -0.03509726 0.99298121
vn -0.02602125 0.25646383 -0.96620350
vn -0.03518278 -0.05841011 0.99767251
vn -0.05319243 0.47587226 -0.87790441
vn 0.00923219 -0.05036711 0.99868810
vn -0.07053347 0.78299488 -0.61801622
vn -0.04624841 0.97549166 -0.21512114
vn -0.03045108 0.99825430 0.05060721
vn -0.05103930 0.99325482 0.10411463
vn -0.06302638 0.99576434 0.06694064
vn -0.04574584 0.99861297 0.02606623
vn 0.00180077 0.99976882 0.02142576
vn 0.04394539 0.99892938 0.01445307
vn 0.02171014 0.99251707 -0.12016047
vn -0.04896279 0.90583831 -0.42078451
vn -0.07119458 0.72797568 -0.68189643
vn 0.02205568 -0.04579748 0.99870723
vn 0.01951613 -0.03319051 0.99925848
vn -0.05672440 0.57849506 -0.81371113
vn -0.03590337 0.38406753 -0.92260668
vn 0.02193268 -0.02978287 0.99931573
vn 0.04403961 0.15708747 -0.98660227
vn 0.02341840 -0.00590141 0.99970833
vn 0.07727080 0.10061539 -0.99192024
vn 0.02556463 0.07207225 0.99707173
vn 0.03271711 0.28850282 -0.95691991
vn 0.04840095 0.41189398 0.90994543
vn 0.03879270 0.18830901 0.98134339
vn 0.01206308 0.77647076 -0.63003780
vn 0.01834698 0.97753765 -0.20996078
vn 0.04125185 0.68605229 0.72638182
vn 0.03775353 0.96839901 0.24653199
vn -0.04909201 -0.85595264 -0.51471843
vn -0.03829242 -0.64506934 -0.76316396
vn -0.07388572 -0.97763280 -0.19691369
vn -0.06894802 -0.99707128 0.03309139
vn -0.04968339 -0.99386762 0.09878621
vn -0.02576881 -0.99779800 0.06111570
vn -0.00432615 -0.99998668 0.00281497
vn 0.00661064 -0.99945910 -0.03221515
vn 0.00519757 -0.99854322 -0.05370675
vn -0.00759567 -0.99755216 -0.06951259
vn -0.02961416 -0.99770965 -0.06081491
vn -0.05341192 -0.99811301 0.03029157
vn -0.05495661 -0.95846760 0.27985645
vn -0.03674259 -0.83047337 0.55584527
vn -0.01415817 -0.33681069 -0.94146593
vn -0.03341696 -0.64683084 0.76190103
vn -0.00856930 -0.38937393 0.92103991
vn -0.00512079 -0.07931933 -0.99683611
vn -0.01073302 -0.15587730 0.98771811
vn -0.00586541 0.03525497 -0.99936114
vn -0.02712355 -0.03044891 0.99916824
vn -0.01051361 0.10629398 -0.99427916
vn -0.02989852 -0.00777100 0.99952273
vn -0.02103178 0.23755070 -0.97114743
vn -0.00455735 -0.01970825 0.99979539
vn -0.03265061 0.45817863 -0.88826025
vn 0.01797767 -0.02735986 0.99946398
vn -0.02143458 0.81134683 -0.58417197
vn 0.08763713 0.98276983 -0.16273661
vn 0.12573338 0.99139633 0.03639268
vn 0.07181803 0.99541275 0.06321090
vn 0.02360518 0.99841696 0.05105261
vn 0.00289610 0.99871038 0.05068712
vn 0.02272547 0.99661280 0.07903469
vn 0.07968557 0.99538564 0.05345684
vn 0.12491681 0.98323983 -0.13279772
vn 0.12004062 0.87207713 -0.47441726
vn 0.10093960 0.71403195 -0.69279837
vn 0.03088873 -0.04015733 0.99871581
vn 0.03235863 -0.03860560 0.99873046
vn 0.10942250 0.59785305 -0.79410229
vn 0.11971524 0.42937351 -0.89515733
vn 0.03111799 -0.03635050 0.99885450
vn 0.02651244 -0.02775953 0.99926298
vn 0.13062590 0.18341940 -0.97431730
vn 0.02750642 -0.00450861 0.99961146
vn 0.09787368 0.06467063 -0.99309539
vn 0.02743540 0.07291714 0.99696058
vn 0.03388268 0.24132173 -0.96985349
vn 0.04679355 0.41367955 0.90921922
vn 0.03882528 0.18649625 0.98168821
vn 0.01472348 0.78236353 -0.62264800
vn 0.01922088 0.98661064 -0.16195677
vn 0.03850386 0.68788835 0.72479450
vn 0.03555749 0.96335481 0.26586306
vn -0.04135316 -0.83950386 -0.54177780
vn -0.02590636 -0.61822307 -0.78557565
vn -0.07219524 -0.97609580 -0.20499962
vn -0.07206683 -0.99651953 0.04189520
vn -0.06098638 -0.99136692 0.11607022
vn -0.04287417 -0.99537070 0.08601728
vn -0.01746519 -0.99952270 0.02548202
vn 0.00146428 -0.99974441 -0.02256045
vn 0.00521178 -0.99824989 -0.05890660
vn -0.00581617 -0.99616965 -0.08724795
vn -0.02832523 -0.99584786 -0.08651425
vn -0.05608186 -0.99839415 0.00799639
vn -0.07159390 -0.95596802 0.28460405
vn -0.04239820 -0.70999818 0.70292601
vn -0.05418512 -0.79486386 0.60436364
vn -0.04544548 -0.60027454 0.79850184
vn 0.00308059 -0.31819377 -0.94802069
vn -0.02842151 -0.37713221 0.92572324
vn 0.01214484 -0.07764415 -0.99690716
vn -0.01977975 -0.15770682 0.98728786
vn 0.00914057 0.03100653 -0.99947739
vn -0.01829812 -0.03411892 0.99925026
vn 0.00228928 0.09874516 -0.99511012
vn 0.99146117 -0.03797951 0.12474894
vn -0.02550323 -0.03735879 0.99897643
vn -0.02329313 0.99274007 0.11800248
vn -0.02176327 -0.03464850 -0.99916257
vn -0.01414181 0.00320700 0.99989486
vn -0.00934046 0.22555487 -0.97418569
vn -0.02471325 -0.99201300 0.12369096
vn -0.00137973 -0.00137582 0.99999810
vn -0.02981895 0.45192370 -0.89155807
vn 0.01312090 -0.01416964 0.99981351
vn -0.03220891 0.85859967 -0.51163384
vn 0.10010248 0.99357681 -0.05276955
vn 0.15847599 0.98698308 0.02738159
vn 0.12362904 0.99232423 0.00291101
vn 0.08853293 0.99607301 0.00069515
vn 0.02925396 0.99950564 0.01151855
vn -0.03159081 0.99519483 0.09267835
vn -0.01337995 0.99382843 0.11011825
vn 0.05212232 0.99671527 -0.06198329
vn 0.11770435 0.88988866 -0.44073104
vn 0.14098669 0.71090386 -0.68901267
vn 0.02217139 -0.02870073 0.99934213
vn 0.14336137 0.59924922 -0.78762166
vn 0.12332174 0.40326551 -0.90673517
vn 0.03368784 -0.03546582 0.99880294
vn 0.02549535 -0.04123805 0.99882401
vn 0.05624689 0.12659873 -0.99035804
vn 0.01852437 -0.03195710 0.99931756
vn 0.01482068 -0.00527735 0.99987624
vn -0.01349058 -0.00132134 -0.99990812
vn 0.03556055 0.12392814 0.99165380
vn 0.02326554 0.13586504 0.99045414
vn 0.01491652 0.01965449 0.99969555
vn -0.04729657 0.22239406 -0.97380897
vn 0.01922072 0.41353749 0.91028419
vn -0.01699703 0.79535729 -0.60590254
vn -0.00223639 0.99421506 -0.10738442
vn 0.01950120 0.69306286 0.72061334
vn 0.01752521 0.95949072 0.28119465
vn -0.02963792 -0.82114361 -0.56995155
vn -0.01165277 -0.58833854 -0.80853075
vn -0.05752586 -0.97518420 -0.21379090
vn -0.05334911 -0.99731688 0.05012894
vn -0.04138493 -0.99081573 0.12873025
vn -0.02827217 -0.99402042 0.10547079
vn -0.01105772 -0.99883542 0.04696318
vn 0.00282997 -0.99993203 -0.01131045
vn 0.00590329 -0.99804521 -0.06221662
vn -0.00297308 -0.99465494 -0.10321201
vn -0.02227274 -0.99348304 -0.11178272
vn -0.05000021 -0.99855251 -0.01982090
vn -0.07534224 -0.95983347 0.27026518
vn -0.07331819 -0.78682062 0.61281135
vn -0.06439414 -0.58223010 0.81046993
vn 0.02262175 -0.29850604 -0.95413961
vn -0.05262690 -0.36138848 0.93092899
vn 0.03391217 -0.07640830 -0.99649974
vn -0.04205334 -0.14991086 0.98780476
vn 0.03096415 0.02492162 -0.99920976
vn -0.03373406 -0.02889834 0.99901296
vn 0.02157365 0.08729213 -0.99594913
vn -0.99118081 -0.03823855 0.12687956
vn -0.02419544 0.01293797 0.99962352
vn 0.00004288 0.20253240 -0.97927556
vn -0.01125868 0.01173710 0.99986773
vn -0.06248398 0.40659865 -0.91146766
vn -0.00011518 -0.00400103 0.99999199
vn -0.19168502 0.85671380 -0.47885104
vn -0.16098346 0.98581570 0.04745245
vn -0.11243725 0.99287773 0.03939127
vn -0.11095288 0.99372169 -0.01437574
vn -0.10575578 0.99405275 -0.02597768
vn -0.13372391 0.98924083 -0.05933369
vn -0.21395263 0.97642993 0.02844070
vn -0.23698439 0.96149548 0.13915762
vn -0.19349825 0.98106495 0.00836595
vn -0.12627791 0.92030090 -0.37027037
vn -0.09107903 0.71805147 -0.69000485
vn 0.00367970 -0.02598642 0.99965552
vn -0.09494057 0.59496900 -0.79812166
vn -0.11176653 0.34643072 -0.93139358
vn 0.00035505 -0.04337457 0.99905882
vn -0.18060586 0.04744947 -0.98241034
vn -0.00176287 -0.03535668 0.99937320
vn -0.00346243 -0.00819315 0.99996044
vn -0.23401658 -0.05432532 -0.97071366
vn -0.00845499 0.13213901 0.99119513
vn -0.00572341 0.01657125 0.99984631
vn -0.18498237 0.28253543 -0.94125196
vn -0.00641846 0.41478674 0.90989602
vn -0.02578210 0.84109488 -0.54027279
vn -0.00228805 0.99817474 -0.06034862
vn 0.00853524 0.70267838 0.71145642
vn 0.00880657 0.95683150 0.29050978
vn -0.01332107 -0.80424774 -0.59414487
vn 0.00392488 -0.55579402 -0.83131077
vn -0.02840816 -0.97601524 -0.21584074
vn -0.01346169 -0.99785251 0.06410262
vn 0.00238534 -0.99009007 0.14041354
vn 0.00981893 -0.99317385 0.11622944
vn 0.01511305 -0.99819657 0.05809657
vn 0.01965012 -0.99979343 -0.00519337
vn 0.02102808 -0.99769471 -0.06452204
vn 0.01769776 -0.99329849 -0.11421427
vn 0.00713428 -0.99117122 -0.13239603
vn -0.01602793 -0.99860958 -0.05021963
vn -0.05013642 -0.96911217 0.24147038
vn -0.06866566 -0.79123209 0.60764859
vn -0.06376156 -0.57116495 0.81835509
vn 0.04284100 -0.27622211 -0.96013853
vn -0.05779849 -0.34654959 0.93624928
vn 0.05780105 -0.07317204 -0.99564295
vn -0.04715860 -0.13778605 0.98933870
vn 0.05713680 0.01885365 -0.99818832
vn -0.02764534 -0.01273232 0.99953670
vn 0.04681006 0.07084304 -0.99638852
vn -0.00785972 0.02448969 0.99966919
vn 0.01562619 0.15610199 -0.98761733
vn 0.00878509 0.02585085 0.99962721
vn -0.07716258 0.29719607 -0.95169345
vn 0.02086965 0.00220395 0.99977978
vn -0.32995072 0.79086181 -0.51543198
vn -0.42428186 0.90323372 0.06444962
vn -0.42283303 0.90420558 0.06020388
vn -0.40734092 0.91327613 -0.00027531
vn -0.39627867 0.91783080 -0.02344844
vn -0.40238308 0.91060278 -0.09428910
vn -0.41745195 0.90831595 -0.02638179
vn -0.49589750 0.85479406 -0.15301238
vn -0.53983141 0.83453296 0.11016707
vn -0.43601128 0.88951559 0.13658763
vn -0.43939765 0.89736253 0.04086795
vn -0.40145859 0.86150118 -0.31088054
vn -0.41171477 0.67904278 -0.60777615
vn 0.01919267 -0.02989850 0.99936866
vn -0.61774912 0.78606034 -0.02225246
vn -0.42588379 0.55142318 -0.71732522
vn -0.38876081 0.31096513 -0.86727488
vn 0.00960024 -0.05090350 0.99865743
vn -0.41184779 0.01085855 -0.91118796
vn 0.00502233 -0.04330928 0.99904909
vn 0.00224034 -0.01032335 0.99994420
vn -0.32602057 0.00008623 -0.94536267
vn -0.01740200 0.12776381 0.99165194
vn 0.00518592 0.07134363 0.99743832
vn -0.12969423 0.39507850 -0.90944620
vn 0.03326242 0.42771376 0.90330203
vn 0.00995357 0.19093749 0.98155173
vn 0.08760020 0.88886952 -0.44970789
vn 0.10683173 0.99334479 -0.04304768
vn 0.05904479 0.71815501 0.69337371
vn 0.06176279 0.95754468 0.28159111
vn 0.03841196 -0.79484150 -0.60560012
vn 0.04407176 -0.52024409 -0.85287969
vn 0.06660538 -0.97778415 -0.19875081
vn 0.10902546 -0.99032598 0.08583645
vn 0.12287782 -0.98166802 0.14570153
vn 0.10857379 -0.98767744 0.11271653
vn 0.09157161 -0.99422420 0.05597209
vn 0.08523838 -0.99635379 -0.00367966
vn 0.09212614 -0.99396492 -0.05955263
vn 0.11301511 -0.98772972 -0.10778490
vn 0.13880458 -0.98102329 -0.13537574
vn 0.14089231 -0.98689337 -0.07868183
vn 0.09507911 -0.97638613 0.19398476
vn 0.02598417 -0.80918182 0.58698348
vn 0.01833300 -0.56551284 0.82453571
vn 0.09457789 -0.24816355 -0.96409018
vn 0.02193400 -0.33611159 0.94156673
vn 0.12022128 -0.06454123 -0.99064690
vn 0.03299705 -0.11898418 0.99234770
vn 0.12514736 0.01494965 -0.99202553
vn 0.03825723 -0.03047159 0.99880322
vn -0.01787639 0.00940844 0.99979594
vn 0.02729735 0.00644235 0.99960660
vn 0.11632553 0.05309759 -0.99179081
vn 0.08785125 0.05315379 0.99471445
vn 0.05086554 0.04785802 0.99755817
vn 0.08840850 0.10290174 -0.99075485
vn 0.12835814 0.04810230 0.99056063
vn 0.03235613 0.18080313 -0.98298693
vn 0.14806964 0.00803920 0.98894426
vn -0.45014000 0.70768751 -0.54456621
vn -0.14303671 0.32247434 -0.93570871
vn -0.60548258 0.79291262 0.06841358
vn -0.66586493 0.74372871 0.05908886
vn -0.65673890 0.75407314 0.00822875
vn -0.67098868 0.74092763 -0.02829196
vn -0.64617421 0.75392656 -0.11854800
vn -0.59684618 0.78824426 0.14981862
vn -0.66154858 0.74901866 0.03639414
vn -0.64300410 0.68595855 -0.34059741
vn 0.14294869 -0.03936482 0.98894696
vn -0.40575249 0.64793395 -0.64462898
vn -0.68950596 0.67064502 -0.27352658
vn -0.79893222 0.59870358 -0.05710804
vn -0.76878932 0.63819264 0.04090405
vn -0.71312061 0.70050805 0.02733966
vn -0.70744809 0.70668910 0.01037903
vn -0.71568338 0.69803146 -0.02343882
vn -0.67080822 0.73820542 -0.07119753
vn -0.81052093 0.58510432 0.02662238
vn -0.79205032 0.60696805 -0.06516184
vn -0.70418821 0.69635988 0.13857089
vn -0.64397928 0.75246857 0.13813663
vn -0.71824906 0.69551544 -0.01940506
vn -0.63819701 0.64959800 -0.41319126
vn -0.61464395 0.35219673 -0.70581179
vn -0.60401272 0.42247549 -0.67578332
vn 0.14088762 -0.05084467 0.98871912
vn -0.74308699 0.65558263 -0.13428756
vn -0.82339890 0.56585416 0.04270031
vn -0.62175000 0.03107830 -0.78259892
vn -0.51868406 0.28237652 -0.80698844
vn 0.10261343 -0.04764039 0.99357983
vn 0.07215445 -0.00870837 0.99735545
vn -0.45682747 0.16190578 -0.87469719
vn -0.07369578 0.31849467 -0.94505559
vn 0.03962080 0.13926945 0.98946158
vn 0.24266464 0.17745947 0.95374106
vn 0.16125076 0.03497252 0.98629362
vn 0.07048435 0.58054692 -0.81117028
vn 0.27515961 0.59310841 -0.75664364
vn 0.31620080 0.45172045 0.83424558
vn 0.43665467 0.82430064 -0.36036253
vn 0.43399216 0.83407165 0.34055146
vn 0.16769377 0.90498659 0.39099627
vn 0.23455408 -0.79540010 -0.55885872
vn 0.17351860 -0.47160110 -0.86457139
vn 0.38031893 -0.91444415 -0.13838138
vn 0.44009751 -0.89166590 0.10604765
vn 0.41612515 -0.90172108 0.11721328
vn 0.33815429 -0.93851315 0.06960417
vn 0.26959243 -0.96252455 0.02943484
vn 0.24589003 -0.96928837 -0.00426087
vn 0.27023609 -0.96231362 -0.03041316
vn 0.34758879 -0.93639648 -0.04841141
vn 0.46431663 -0.88290239 -0.06995310
vn 0.54522715 -0.83542677 -0.06920601
vn 0.51989991 -0.84722495 0.10915111
vn 0.33835447 -0.78991904 0.51141389
vn 0.32891847 -0.51938582 0.78870211
vn 0.31638842 -0.18877686 -0.92965674
vn 0.40629558 -0.30475059 0.86142381
vn 0.38647139 -0.03455757 -0.92165375
vn 0.41865919 -0.09856147 0.90277911
vn 0.40031375 0.01188680 -0.91630104
vn 0.10707661 0.01321281 0.99416298
vn 0.42576784 0.02992608 0.90433742
vn 0.38176240 0.03263054 -0.92368432
vn 0.43933315 0.08753714 0.89404901
vn 0.35915491 0.05868688 -0.93143094
vn 0.45761029 0.07090079 0.88632156
vn 0.30552372 0.09484138 -0.94744940
vn 0.46695950 0.01054211 0.88421586
vn 0.15006676 0.10932458 -0.98261290
vn 0.46419245 -0.03770126 0.88493163
vn -0.39512375 0.66163565 -0.63727191
vn -0.06996326 0.38387907 -0.92072906
vn -0.72507634 0.68784095 0.03375097
vn -0.73548713 0.67752856 0.00370646
vn -0.74810207 0.66347928 -0.01177029
vn -0.69456706 0.71691027 -0.06013540
vn -0.69046559 0.71301830 0.12191052
vn -0.78466745 0.61825051 -0.04542346
vn -0.66111448 0.55632528 -0.50341815
vn 0.49037229 -0.00239378 0.87150977
vn -0.19739349 0.66784999 -0.71764350
vn -0.35839944 0.84626682 -0.39418562
vn -0.70533275 0.70496212 -0.07439169
vn -0.32333707 0.93901067 -0.11709869
vn -0.73987856 0.67197290 -0.03212681
vn -0.75881854 0.65130062 -0.00138998
vn -0.73799831 0.67438481 0.02374064
vn -0.70668355 0.70489181 0.06104009
vn -0.74782978 0.66339323 0.02569144
vn -0.80518942 0.57924361 -0.12707021
vn -0.66721000 0.50090237 -0.55129633
vn 0.22176097 -0.00583960 0.97508357
vn 0.59285089 0.08845194 0.80043993
vn -0.21450530 0.97089171 -0.10656816
vn -0.17155493 0.98472195 -0.02985931
vn -0.15760949 0.98749021 -0.00472562
vn -0.14793272 0.98817228 0.04039127
vn -0.15272267 0.98609037 0.06558631
vn -0.21516732 0.97647618 0.01404591
vn -0.20093892 0.96208696 -0.18442407
vn 0.08531744 0.88857382 -0.45072997
vn 0.47210311 0.74116295 -0.47727994
vn 0.72456571 0.24459288 0.64434374
vn 0.65590274 0.64498367 -0.39215770
vn 0.85769644 0.47404500 -0.19909331
vn 0.75161206 0.58739652 -0.30007439
vn 0.87893267 0.40180537 0.25696267
vn 0.76258579 0.57043324 0.30507184
vn 0.62484149 -0.58182888 -0.52062296
vn 0.88747424 -0.45408464 -0.07871858
vn 0.86249827 -0.49450722 0.10751436
vn 0.81050477 -0.58293052 0.05721917
vn 0.73508829 -0.67782113 0.01427306
vn 0.68945054 -0.72433204 -0.00102543
vn 0.68365598 -0.72971186 -0.01162308
vn 0.69962274 -0.71450903 -0.00220796
vn 0.73916037 -0.67285014 0.03024283
vn 0.81256527 -0.58217045 0.02855278
vn 0.87626489 -0.48164568 -0.01331458
vn 0.88305505 -0.46728638 0.04309542
vn 0.70799026 -0.51519537 0.48303574
vn 0.88439831 -0.14203173 -0.44459713
vn 0.99941543 -0.03271916 0.00991259
vn 0.99824630 -0.04806628 0.03455382
vn 0.99027121 -0.12795036 -0.05469585
vn 0.98307058 -0.17389972 -0.05771594
vn 0.98675060 -0.16200996 -0.00871927
vn 0.99008039 -0.14045366 -0.00368633
vn 0.98707408 -0.15985681 -0.01142658
vn 0.97215203 -0.22882615 0.05058681
vn 0.95582191 -0.27791678 0.09574303
vn 0.96273935 -0.26723954 0.04142430
vn 0.97027350 -0.24201029 0.00058829
vn 0.88572490 -0.26156617 0.38350299
vn 0.90248368 0.01377868 -0.43050362
vn 0.99871122 0.02005939 0.04662110
vn 0.99991608 0.01295394 -0.00019433
vn 0.99730404 0.00893268 -0.07283450
vn 0.99889618 0.03711024 -0.02879690
vn 0.99485659 0.09301678 0.04010285
vn 0.99184523 0.12731297 0.00586981
vn 0.99059511 0.11083504 -0.08023039
vn 0.99712699 0.02236741 -0.07237029
vn 0.99533547 -0.09341024 0.02412125
vn 0.98663446 -0.16070624 0.02694343
vn 0.98635144 -0.16255499 0.02620505
vn 0.91750674 -0.12096994 0.37887682
vn 0.89642393 -0.01560127 -0.44292296
vn 0.99819796 -0.03923478 0.04540339
vn 0.99940418 -0.03424520 0.00430686
vn 0.99855963 -0.01718314 -0.05082715
vn 0.99991637 0.00846718 0.00977574
vn 0.99671172 0.02980099 0.07535015
vn 0.99905553 0.04021920 0.01644562
vn 0.99367494 0.04752505 -0.10174220
vn 0.98889686 0.04945693 -0.14013215
vn 0.99802147 0.01621345 -0.06074766
vn 0.99941625 -0.02235767 -0.02583196
vn 0.99138096 -0.13088422 -0.00575380
vn 0.99099832 -0.12571261 0.04602902
vn 0.90938133 -0.01666126 0.41562964
vn 0.99472023 -0.06261129 0.08131101
vn 0.88531918 0.00754477 -0.46492261
vn 0.99923776 -0.00914175 0.03795157
vn 0.99984000 -0.00165639 0.01781111
vn 0.99927781 0.00522802 -0.03763676
vn 0.99990078 -0.00468760 0.01328398
vn 0.99700321 -0.02878089 0.07180712
vn 0.99884846 -0.04335056 0.02055422
vn 0.99709531 -0.02324476 -0.07253014
vn 0.99437819 0.04573471 -0.09550049
vn 0.99082834 0.12291160 -0.05614213
vn 0.99628725 0.08572309 -0.00795439
vn 0.99059389 0.13425474 -0.02644650
vn 0.99833244 0.04657061 0.03411047
vn 0.99542098 0.09333987 0.02060939
vn 0.89641840 0.06920396 0.43777261
vn 0.87498223 0.04634045 -0.48193222
vn 0.99815154 0.04766053 0.03770898
vn 0.99766969 0.06261531 0.02710180
vn 0.99675561 0.06348509 -0.04947620
vn 0.99902644 0.03909206 -0.02044441
vn 0.99935180 0.00194421 0.03594717
vn 0.99956479 -0.02674723 0.01244230
vn 0.99956694 -0.01935058 -0.02216955
vn 0.99878201 0.04931302 0.00165185
vn 0.99082459 0.13446126 0.01366748
vn 0.98596238 0.16254287 -0.03818374
vn 0.99065549 0.13438891 -0.02326630
vn 0.89632212 0.08832173 0.43451804
vn 0.85663472 0.00323161 -0.51591329
vn 0.99839374 -0.01230609 0.05530372
vn 0.99881493 0.02228229 0.04326923
vn 0.99775472 0.03886798 -0.05454162
vn 0.99834689 0.04063281 -0.04065039
vn 0.99930920 0.03576330 0.01010465
vn 0.99977080 0.02084972 -0.00486248
vn 0.99996287 0.00861045 -0.00035410
vn 0.99764060 0.02944159 0.06201952
vn 0.99661404 0.06144751 0.05463202
vn 0.99713617 0.06055574 -0.04530409
vn 0.99756304 0.03998725 -0.05717516
vn 0.90722030 0.01567426 0.42036371
vn 0.81715854 -0.12676513 -0.56230110
vn 0.98350709 -0.16382933 0.07664042
vn 0.98924498 -0.11957603 0.08423737
vn 0.99667716 -0.07446063 -0.03301892
vn 0.99845232 -0.04951094 -0.02533054
vn 0.99946481 -0.02800937 0.01689856
vn 0.99970898 -0.01888302 -0.01501290
vn 0.99961893 -0.02599434 -0.00928957
vn 0.99706265 -0.02908505 0.07085288
vn 0.99810091 -0.02685302 0.05543899
vn 0.99770719 -0.03443923 -0.05826056
vn 0.99708885 -0.03025324 -0.06998976
vn 0.91396835 -0.02162492 0.40520885
vn 0.84485634 -0.18361234 -0.50249803
vn 0.35948537 0.12887711 -0.92420829
vn 0.96371309 -0.25764978 0.06981175
vn 0.98948794 0.05899205 0.13203620
vn 0.96523785 -0.11587950 0.23428152
vn 0.99920198 0.03937185 0.00672828
vn 0.99854041 0.05395099 -0.00251976
vn 0.99564820 0.07954026 0.04855930
vn 0.98834734 0.15154788 0.01423965
vn 0.97797834 0.20821954 -0.01424783
vn 0.98375742 0.17414509 0.04352965
vn 0.99509029 0.08823462 0.04483275
vn 0.99690309 0.06198459 -0.04839566
vn 0.99505496 0.08815585 -0.04576212
vn 0.91571765 0.09417191 0.39063133
vn 0.46221700 0.49709391 -0.73433854
vn 0.58244423 0.81239411 0.02783025
vn 0.73595555 0.64374642 -0.20966633
vn 0.74545493 0.66653181 0.00568297
vn 0.76496650 0.64406656 -0.00212648
vn 0.76287168 0.64243593 0.07282081
vn 0.72468022 0.68238452 0.09586418
vn 0.66359488 0.74784855 0.01908860
vn 0.72176039 0.68656667 -0.08768209
vn 0.88557310 0.45244551 -0.10513489
vn 0.95185550 0.29826378 -0.07078016
vn 0.96210389 0.27161238 -0.02414179
vn 0.91284528 0.22815024 0.33861625
vn 0.87290139 0.45262136 -0.18214574
vn 0.93902394 0.33673220 -0.06960935
vn 0.93741451 0.26277382 0.22848186
vn 0.99966383 -0.02505935 -0.00665215
vn 0.99846734 -0.04056170 0.03765266
vn 0.86006505 0.04826091 -0.50789664
vn 0.99585775 -0.07615128 0.04968227
vn -0.87330391 -0.48634310 0.02847236
vn -0.61061996 -0.78911544 0.06663400
vn -0.78516283 -0.40502429 -0.46848122
vn -0.61373568 -0.44914714 0.64930375
vn -0.97546973 0.21005369 -0.06585024
vn -0.83446740 0.16093205 -0.52703418
vn -0.80113122 0.18552089 0.56900858
vn -0.89140217 0.45318810 0.00476598
vn -0.97029092 0.17116819 0.17098826
vn -0.63715228 -0.69530996 0.33253726
vn -0.63666846 0.33285174 -0.69560261
vn -0.15461076 0.29013817 0.94441270
vn -0.15461757 0.94444379 0.29003332
vn -0.94799555 -0.23047420 -0.21951330
vn 0.25591680 -0.93137213 -0.25894505
vn 0.25607450 -0.26400009 -0.92990849
vn 0.20751027 -0.22496084 0.95201476
vn -0.95215718 -0.21587940 0.21631639
vn 0.26095457 -0.92926915 0.26146044
vn 0.21421891 -0.21490924 -0.95285061
vn 0.26094655 -0.26125254 0.92932987
vn 0.19819211 0.95856315 -0.20463765
vn 0.21459373 0.95258278 0.21572105
vn -0.96135180 -0.09224041 -0.25941169
vn 0.16406181 -0.94065990 -0.29705670
vn 0.11353386 -0.02476513 -0.99322543
vn -0.95052501 -0.29632689 0.09323401
vn 0.19175379 -0.96546930 0.17635054
vn 0.14170715 -0.63270364 0.76131805
vn 0.24965677 0.64227889 -0.72467187
vn 0.26506308 0.66986188 -0.69356083
vn -0.94464041 0.31360267 -0.09647727
vn 0.14993059 -0.47355115 0.86791136
vn -0.94036571 0.12591769 0.31600170
vn 0.16836448 0.10872768 0.97971001
vn 0.20294884 0.95675313 -0.20841115
vn 0.13169495 0.90575809 0.40281350
vn -0.74329783 -0.63017743 -0.22446547
vn 0.29885014 -0.93707462 -0.18049863
vn 0.28211982 -0.68198004 -0.67476783
vn 0.29801324 -0.95167352 0.07419984
vn -0.84467033 -0.20742724 -0.49346324
vn 0.25681850 -0.21829113 -0.94148459
vn 0.30456941 -0.89553198 0.32443788
vn -0.55233132 -0.37091173 0.74656185
vn 0.39529473 -0.60077370 0.69484749
vn 0.44752969 -0.25194814 0.85804388
vn -0.82875598 0.16379533 -0.53510243
vn 0.27028135 0.20485106 -0.94073590
vn -0.70074434 -0.09604845 0.70691730
vn 0.46936369 -0.13360584 0.87283859
vn -0.77477391 0.38837750 -0.49888707
vn 0.26463528 0.46207816 -0.84643484
vn -0.92113925 0.37821228 -0.09196713
vn -0.85969057 0.11545787 0.49759582
vn 0.37712007 0.00433410 0.92615424
vn 0.25354850 0.71817851 -0.64802221
vn 0.25254957 0.77970984 -0.57294964
vn -0.79567968 0.56413361 -0.22056093
vn -0.86116008 0.47714594 0.17531423
vn 0.21010809 0.53663977 0.81723458
vn 0.23525109 0.93013315 -0.28197386
vn 0.21474043 0.96040602 0.17750164
vn -0.69627825 -0.63605629 0.33260938
vn 0.17067958 -0.97042096 0.17073851
vn 0.33251876 -0.63619210 -0.69619744
vn 0.29004284 -0.15430654 0.94449174
vn -0.95194365 0.21657604 -0.21655971
vn 0.21671604 -0.95189697 -0.21662483
vn 0.26311337 0.26308045 -0.92820258
vn 0.21673024 0.21665537 0.95188679
vn -0.69580338 0.33287706 -0.63643579
vn 0.33247003 -0.69543015 -0.63705619
vn 0.17089250 0.17113262 -0.97031406
vn 0.27570854 0.27581982 0.92081932
vn 0.26311314 0.92820474 -0.26307305
vn 0.29001615 0.94445941 -0.15455439
vn 0.27570614 0.92084750 0.27572815
vn 0.92901482 -0.26409677 -0.25919944
vn 0.92917872 -0.26126848 0.26146835
vn 0.99894404 -0.01198997 -0.04435149
vn 0.99860932 -0.04993883 0.01689779
vn 0.99835307 0.05254339 -0.02302918
vn 0.99815521 0.02034319 0.05720426
vn 0.99338543 -0.10764221 -0.03998185
vn 0.99663432 -0.04291322 -0.06984612
vn 0.99724464 -0.06216932 0.04047345
vn 0.98902372 -0.06116021 0.13450467
vn 0.99567916 0.02129669 -0.09038510
vn 0.99974154 -0.00316854 0.02251236
vn 0.98895743 -0.02301024 0.14640266
vn 0.99033066 0.08365923 -0.11066310
vn 0.99837865 0.05533337 -0.01335271
vn 0.99430209 0.01285613 0.10582099
vn 0.99064881 0.12649106 -0.05113648
vn 0.99612492 0.07765479 0.04129019
vn 0.94448315 -0.15430133 0.29007357
vn 0.92821465 0.26307921 -0.26307203
vn 0.94441963 0.29015220 -0.15454210
vn 0.92081238 0.27582041 0.27573115
f 3//3 2//2 1//1
f 4//4 1//1 2//2
f 7//7 6//6 5//5
f 9//9 8//8 5//5
f 9//9 5//5 6//6
f 10//10 8//8 9//9
f 11//11 3//3 1//1
f 11//11 1//1 4//4
f 12//12 7//7 5//5
f 14//14 13//13 12//12
f 5//5 14//14 12//12
f 8//8 14//14 5//5
f 8//8 10//10 15//15
f 8//8 15//15 14//14
f 16//16 13//13 14//14
f 16//16 14//14 15//15
f 19//19 18//18 17//17
f 20//20 17//17 18//18
f 23//23 22//22 21//21
f 24//24 21//21 22//22
f 19//19 17//17 25//25
f 19//19 25//25 26//26
f 17//17 20//20 27//27
f 17//17 27//27 25//25
f 30//30 29//29 28//28
f 23//23 21//21 31//31
f 29//29 32//32 28//28
f 31//31 21//21 24//24
f 26//26 25//25 33//33
f 26//26 33//33 34//34
f 25//25 27//27 35//35
f 25//25 35//35 33//33
f 36//36 30//30 28//28
f 36//36 28//28 32//32
f 37//37 34//34 33//33
f 37//37 33//33 35//35
f 40//40 39//39 38//38
f 42//42 41//41 38//38
f 42//42 38//38 39//39
f 44//44 43//43 41//41
f 44//44 41//41 42//42
f 45//45 43//43 44//44
f 46//46 40//40 38//38
f 48//48 47//47 46//46
f 38//38 48//48 46//46
f 41//41 48//48 38//38
f 49//49 41//41 43//43
f 48//48 41//41 49//49
f 43//43 45//45 50//50
f 51//51 43//43 50//50
f 49//49 43//43 51//51
f 53//53 52//52 51//51
f 53//53 51//51 50//50
f 54//54 52//52 53//53
f 57//57 56//56 55//55
f 59//59 58//58 55//55
f 59//59 55//55 56//56
f 60//60 58//58 59//59
f 63//63 62//62 61//61
f 64//64 61//61 62//62
f 65//65 47//47 48//48
f 65//65 48//48 49//49
f 65//65 49//49 66//66
f 66//66 49//49 51//51
f 66//66 51//51 67//67
f 67//67 51//51 52//52
f 67//67 52//52 68//68
f 68//68 52//52 54//54
f 71//71 70//70 69//69
f 73//73 72//72 69//69
f 73//73 69//69 70//70
f 72//72 73//73 57//57
f 55//55 72//72 57//57
f 74//74 72//72 55//55
f 75//75 55//55 58//58
f 74//74 55//55 75//75
f 58//58 60//60 76//76
f 58//58 76//76 75//75
f 63//63 61//61 77//77
f 63//63 77//77 78//78
f 61//61 64//64 79//79
f 61//61 79//79 77//77
f 82//82 81//81 80//80
f 80//80 81//81 71//71
f 69//69 80//80 71//71
f 83//83 80//80 69//69
f 84//84 69//69 72//72
f 83//83 69//69 84//84
f 85//85 72//72 74//74
f 84//84 72//72 85//85
f 86//86 74//74 75//75
f 85//85 74//74 86//86
f 75//75 76//76 87//87
f 75//75 87//87 86//86
f 78//78 77//77 88//88
f 78//78 88//88 89//89
f 77//77 79//79 90//90
f 77//77 90//90 88//88
f 82//82 80//80 91//91
f 82//82 91//91 92//92
f 93//93 80//80 83//83
f 91//91 80//80 93//93
f 94//94 83//83 84//84
f 93//93 83//83 94//94
f 95//95 84//84 85//85
f 94//94 84//84 95//95
f 86//86 97//97 96//96
f 95//95 86//86 96//96
f 85//85 86//86 95//95
f 97//97 86//86 87//87
f 89//89 88//88 98//98
f 89//89 98//98 99//99
f 88//88 90//90 100//100
f 88//88 100//100 98//98
f 101//101 92//92 91//91
f 101//101 91//91 93//93
f 101//101 93//93 102//102
f 102//102 93//93 94//94
f 102//102 94//94 103//103
f 103//103 94//94 95//95
f 103//103 95//95 104//104
f 104//104 95//95 96//96
f 105//105 99//99 98//98
f 105//105 98//98 100//100
f 108//108 107//107 106//106
f 109//109 106//106 107//107
f 112//112 111//111 110//110
f 113//113 110//110 111//111
f 116//116 115//115 114//114
f 114//114 115//115 108//108
f 106//106 114//114 108//108
f 117//117 114//114 106//106
f 106//106 109//109 118//118
f 106//106 118//118 117//117
f 119//119 112//112 110//110
f 119//119 110//110 113//113
f 120//120 116//116 114//114
f 120//120 114//114 117//117
f 120//120 117//117 121//121
f 121//121 117//117 118//118
f 3//3 122//122 2//2
f 122//122 4//4 2//2
f 7//7 123//123 6//6
f 6//6 123//123 124//124
f 125//125 6//6 124//124
f 9//9 6//6 125//125
f 10//10 9//9 125//125
f 10//10 125//125 126//126
f 11//11 122//122 3//3
f 122//122 11//11 4//4
f 12//12 123//123 7//7
f 128//128 127//127 13//13
f 13//13 127//127 12//12
f 127//127 124//124 12//12
f 124//124 123//123 12//12
f 126//126 127//127 128//128
f 15//15 126//126 128//128
f 10//10 126//126 15//15
f 16//16 128//128 13//13
f 128//128 16//16 15//15
f 19//19 129//129 18//18
f 129//129 20//20 18//18
f 23//23 130//130 22//22
f 130//130 24//24 22//22
f 26//26 131//131 129//129
f 26//26 129//129 19//19
f 131//131 27//27 20//20
f 131//131 20//20 129//129
f 30//30 132//132 29//29
f 31//31 130//130 23//23
f 32//32 29//29 132//132
f 130//130 31//31 24//24
f 34//34 133//133 131//131
f 34//34 131//131 26//26
f 133//133 35//35 27//27
f 133//133 27//27 131//131
f 36//36 132//132 30//30
f 132//132 36//36 32//32
f 37//37 133//133 34//34
f 133//133 37//37 35//35
f 40//40 134//134 39//39
f 135//135 42//42 39//39
f 135//135 39//39 134//134
f 136//136 44//44 42//42
f 136//136 42//42 135//135
f 136//136 45//45 44//44
f 46//46 134//134 40//40
f 134//134 46//46 47//47
f 137//137 134//134 47//47
f 135//135 134//134 137//137
f 135//135 138//138 136//136
f 135//135 137//137 138//138
f 139//139 50//50 45//45
f 136//136 139//139 45//45
f 138//138 139//139 136//136
f 140//140 53//53 50//50
f 140//140 50//50 139//139
f 140//140 54//54 53//53
f 57//57 141//141 56//56
f 142//142 59//59 56//56
f 142//142 56//56 141//141
f 142//142 60//60 59//59
f 63//63 143//143 62//62
f 143//143 64//64 62//62
f 65//65 137//137 47//47
f 137//137 65//65 66//66
f 137//137 66//66 138//138
f 138//138 66//66 67//67
f 138//138 67//67 139//139
f 139//139 67//67 68//68
f 139//139 68//68 140//140
f 140//140 68//68 54//54
f 71//71 144//144 70//70
f 70//70 144//144 145//145
f 146//146 70//70 145//145
f 73//73 70//70 146//146
f 57//57 73//73 141//141
f 73//73 147//147 141//141
f 73//73 146//146 147//147
f 149//149 148//148 147//147
f 148//148 141//141 147//147
f 148//148 142//142 141//141
f 148//148 76//76 60//60
f 148//148 60//60 142//142
f 78//78 150//150 143//143
f 78//78 143//143 63//63
f 150//150 79//79 64//64
f 150//150 64//64 143//143
f 82//82 151//151 81//81
f 151//151 152//152 81//81
f 81//81 152//152 71//71
f 152//152 153//153 71//71
f 153//153 144//144 71//71
f 144//144 153//153 145//145
f 156//156 155//155 154//154
f 156//156 154//154 149//149
f 154//154 148//148 149//149
f 154//154 157//157 148//148
f 157//157 87//87 76//76
f 157//157 76//76 148//148
f 89//89 158//158 150//150
f 89//89 150//150 78//78
f 158//158 90//90 79//79
f 158//158 79//79 150//150
f 92//92 159//159 151//151
f 92//92 151//151 82//82
f 152//152 151//151 160//160
f 151//151 161//161 160//160
f 151//151 159//159 161//161
f 163//163 162//162 161//161
f 161//161 162//162 160//160
f 162//162 163//163 155//155
f 163//163 154//154 155//155
f 163//163 164//164 154//154
f 164//164 96//96 97//97
f 157//157 164//164 97//97
f 154//154 164//164 157//157
f 157//157 97//97 87//87
f 99//99 165//165 158//158
f 99//99 158//158 89//89
f 165//165 100//100 90//90
f 165//165 90//90 158//158
f 101//101 159//159 92//92
f 159//159 101//101 102//102
f 159//159 102//102 161//161
f 161//161 102//102 103//103
f 161//161 103//103 163//163
f 163//163 103//103 104//104
f 163//163 104//104 164//164
f 164//164 104//104 96//96
f 105//105 165//165 99//99
f 165//165 105//105 100//100
f 108//108 166//166 107//107
f 166//166 109//109 107//107
f 112//112 167//167 111//111
f 167//167 113//113 111//111
f 116//116 168//168 115//115
f 168//168 169//169 115//115
f 115//115 169//169 108//108
f 169//169 170//170 108//108
f 170//170 166//166 108//108
f 109//109 166//166 170//170
f 171//171 109//109 170//170
f 118//118 109//109 171//171
f 119//119 167//167 112//112
f 167//167 119//119 113//113
f 120//120 168//168 116//116
f 172//172 169//169 168//168
f 120//120 172//172 168//168
f 121//121 172//172 120//120
f 121//121 118//118 171//171
f 121//121 171//171 172//172
f 124//124 173//173 125//125
f 173//173 126//126 125//125
f 127//127 173//173 124//124
f 173//173 127//127 126//126
f 145//145 174//174 146//146
f 175//175 147//147 146//146
f 175//175 146//146 174//174
f 175//175 149//149 147//147
f 152//152 176//176 153//153
f 174//174 145//145 153//153
f 176//176 174//174 153//153
f 177//177 174//174 176//176
f 177//177 155//155 156//156
f 175//175 177//177 156//156
f 174//174 177//177 175//175
f 175//175 156//156 149//149
f 160//160 176//176 152//152
f 176//176 160//160 162//162
f 176//176 162//162 177//177
f 177//177 162//162 155//155
f 169//169 178//178 170//170
f 178//178 171//171 170//170
f 172//172 178//178 169//169
f 178//178 172//172 171//171
f 181//181 180//180 179//179
f 182//182 179//179 180//180
f 185//185 184//184 183//183
f 183//183 184//184 181//181
f 179//179 183//183 181//181
f 186//186 183//183 179//179
f 179//179 182//182 187//187
f 179//179 187//187 186//186
f 185//185 183//183 188//188
f 185//185 188//188 189//189
f 186//186 191//191 190//190
f 188//188 186//186 190//190
f 183//183 186//186 188//188
f 191//191 186//186 187//187
f 194//194 193//193 192//192
f 195//195 192//192 193//193
f 198//198 197//197 196//196
f 199//199 196//196 197//197
f 200//200 189//189 188//188
f 200//200 188//188 190//190
f 201//201 194//194 192//192
f 201//201 192//192 195//195
f 202//202 198//198 196//196
f 202//202 196//196 199//199
f 205//205 204//204 203//203
f 207//207 206//206 203//203
f 207//207 203//203 204//204
f 209//209 208//208 206//206
f 209//209 206//206 207//207
f 211//211 210//210 208//208
f 211//211 208//208 209//209
f 213//213 212//212 210//210
f 213//213 210//210 211//211
f 214//214 212//212 213//213
f 217//217 216//216 215//215
f 219//219 218//218 215//215
f 219//219 215//215 216//216
f 221//221 220//220 218//218
f 221//221 218//218 219//219
f 223//223 222//222 220//220
f 223//223 220//220 221//221
f 225//225 224//224 222//222
f 225//225 222//222 223//223
f 227//227 226//226 224//224
f 227//227 224//224 225//225
f 229//229 228//228 226//226
f 229//229 226//226 227//227
f 230//230 228//228 229//229
f 205//205 203//203 231//231
f 205//205 231//231 232//232
f 233//233 203//203 206//206
f 231//231 203//203 233//233
f 234//234 206//206 208//208
f 233//233 206//206 234//234
f 235//235 208//208 210//210
f 234//234 208//208 235//235
f 236//236 210//210 212//212
f 235//235 210//210 236//236
f 212//212 214//214 237//237
f 238//238 212//212 237//237
f 236//236 212//212 238//238
f 238//238 237//237 217//217
f 215//215 238//238 217//217
f 239//239 238//238 215//215
f 240//240 215//215 218//218
f 239//239 215//215 240//240
f 241//241 218//218 220//220
f 240//240 218//218 241//241
f 242//242 220//220 222//222
f 241//241 220//220 242//242
f 243//243 222//222 224//224
f 242//242 222//222 243//243
f 244//244 224//224 226//226
f 243//243 224//224 244//244
f 245//245 226//226 228//228
f 244//244 226//226 245//245
f 228//228 230//230 246//246
f 228//228 246//246 245//245
f 232//232 231//231 247//247
f 232//232 247//247 248//248
f 249//249 231//231 233//233
f 247//247 231//231 249//249
f 250//250 233//233 234//234
f 249//249 233//233 250//250
f 251//251 234//234 235//235
f 250//250 234//234 251//251
f 236//236 253//253 252//252
f 251//251 236//236 252//252
f 235//235 236//236 251//251
f 253//253 236//236 238//238
f 253//253 238//238 254//254
f 256//256 255//255 254//254
f 238//238 256//256 254//254
f 239//239 256//256 238//238
f 257//257 239//239 240//240
f 256//256 239//239 257//257
f 258//258 240//240 241//241
f 257//257 240//240 258//258
f 259//259 241//241 242//242
f 258//258 241//241 259//259
f 260//260 242//242 243//243
f 259//259 242//242 260//260
f 244//244 262//262 261//261
f 260//260 244//244 261//261
f 243//243 244//244 260//260
f 262//262 244//244 245//245
f 262//262 245//245 263//263
f 263//263 245//245 246//246
f 248//248 247//247 264//264
f 248//248 264//264 265//265
f 266//266 247//247 249//249
f 264//264 247//247 266//266
f 267//267 249//249 250//250
f 266//266 249//249 267//267
f 268//268 250//250 251//251
f 267//267 250//250 268//268
f 251//251 252//252 269//269
f 251//251 269//269 268//268
f 255//255 256//256 270//270
f 255//255 270//270 271//271
f 272//272 256//256 257//257
f 270//270 256//256 272//272
f 273//273 257//257 258//258
f 272//272 257//257 273//273
f 274//274 258//258 259//259
f 273//273 258//258 274//274
f 275//275 259//259 260//260
f 274//274 259//259 275//275
f 260//260 261//261 276//276
f 260//260 276//276 275//275
f 265//265 264//264 277//277
f 265//265 277//277 278//278
f 279//279 264//264 266//266
f 277//277 264//264 279//279
f 280//280 266//266 267//267
f 279//279 266//266 280//280
f 281//281 267//267 268//268
f 280//280 267//267 281//281
f 268//268 269//269 282//282
f 268//268 282//282 281//281
f 271//271 270//270 283//283
f 271//271 283//283 284//284
f 285//285 270//270 272//272
f 283//283 270//270 285//285
f 286//286 272//272 273//273
f 285//285 272//272 286//286
f 181//181 286//286 180//180
f 286//286 274//274 180//180
f 286//286 273//273 274//274
f 180//180 274//274 182//182
f 274//274 287//287 182//182
f 274//274 275//275 287//287
f 275//275 276//276 288//288
f 289//289 275//275 288//288
f 287//287 275//275 289//289
f 291//291 290//290 289//289
f 291//291 289//289 288//288
f 292//292 290//290 291//291
f 278//278 277//277 293//293
f 278//278 293//293 294//294
f 295//295 277//277 279//279
f 293//293 277//277 295//295
f 296//296 279//279 280//280
f 295//295 279//279 296//296
f 297//297 280//280 281//281
f 296//296 280//280 297//297
f 281//281 282//282 298//298
f 299//299 281//281 298//298
f 297//297 281//281 299//299
f 301//301 300//300 299//299
f 301//301 299//299 298//298
f 300//300 301//301 284//284
f 283//283 300//300 284//284
f 302//302 300//300 283//283
f 303//303 283//283 285//285
f 302//302 283//283 303//303
f 185//185 303//303 184//184
f 303//303 286//286 184//184
f 303//303 285//285 286//286
f 184//184 286//286 181//181
f 304//304 187//187 287//287
f 287//287 187//187 182//182
f 305//305 287//287 289//289
f 304//304 287//287 305//305
f 306//306 289//289 290//290
f 305//305 289//289 306//306
f 290//290 292//292 307//307
f 290//290 307//307 306//306
f 294//294 293//293 308//308
f 294//294 308//308 309//309
f 310//310 293//293 295//295
f 308//308 293//293 310//310
f 311//311 295//295 296//296
f 310//310 295//295 311//311
f 312//312 296//296 297//297
f 311//311 296//296 312//312
f 313//313 297//297 299//299
f 312//312 297//297 313//313
f 314//314 299//299 300//300
f 313//313 299//299 314//314
f 315//315 300//300 302//302
f 314//314 300//300 315//315
f 316//316 302//302 303//303
f 315//315 302//302 316//316
f 189//189 316//316 185//185
f 185//185 316//316 303//303
f 317//317 190//190 191//191
f 187//187 304//304 191//191
f 304//304 317//317 191//191
f 304//304 318//318 317//317
f 319//319 304//304 305//305
f 318//318 304//304 319//319
f 320//320 305//305 306//306
f 319//319 305//305 320//320
f 306//306 307//307 321//321
f 306//306 321//321 320//320
f 309//309 308//308 322//322
f 309//309 322//322 323//323
f 324//324 308//308 310//310
f 322//322 308//308 324//324
f 194//194 324//324 193//193
f 324//324 311//311 193//193
f 324//324 310//310 311//311
f 193//193 311//311 195//195
f 311//311 325//325 195//195
f 311//311 312//312 325//325
f 326//326 312//312 313//313
f 325//325 312//312 326//326
f 198//198 326//326 197//197
f 326//326 314//314 197//197
f 326//326 313//313 314//314
f 197//197 314//314 199//199
f 314//314 327//327 199//199
f 314//314 315//315 327//327
f 328//328 315//315 316//316
f 327//327 315//315 328//328
f 200//200 329//329 189//189
f 329//329 316//316 189//189
f 329//329 328//328 316//316
f 190//190 317//317 200//200
f 317//317 329//329 200//200
f 317//317 330//330 329//329
f 331//331 317//317 318//318
f 330//330 317//317 331//331
f 332//332 318//318 319//319
f 331//331 318//318 332//332
f 333//333 319//319 320//320
f 332//332 319//319 333//333
f 320//320 321//321 334//334
f 320//320 334//334 333//333
f 323//323 322//322 335//335
f 323//323 335//335 336//336
f 337//337 322//322 324//324
f 335//335 322//322 337//337
f 201//201 338//338 194//194
f 338//338 324//324 194//194
f 338//338 337//337 324//324
f 195//195 325//325 201//201
f 325//325 338//338 201//201
f 325//325 339//339 338//338
f 340//340 325//325 326//326
f 339//339 325//325 340//340
f 202//202 341//341 198//198
f 341//341 326//326 198//198
f 341//341 340//340 326//326
f 199//199 327//327 202//202
f 327//327 341//341 202//202
f 327//327 342//342 341//341
f 343//343 327//327 328//328
f 342//342 327//327 343//343
f 344//344 328//328 329//329
f 343//343 328//328 344//344
f 345//345 329//329 330//330
f 344//344 329//329 345//345
f 346//346 330//330 331//331
f 345//345 330//330 346//346
f 347//347 331//331 332//332
f 346//346 331//331 347//347
f 348//348 332//332 333//333
f 347//347 332//332 348//348
f 333//333 334//334 349//349
f 333//333 349//349 348//348
f 350//350 336//336 335//335
f 350//350 335//335 337//337
f 350//350 337//337 351//351
f 351//351 337//337 338//338
f 351//351 338//338 352//352
f 354//354 353//353 352//352
f 338//338 354//354 352//352
f 339//339 354//354 338//338
f 355//355 339//339 340//340
f 354//354 339//339 355//355
f 356//356 340//340 341//341
f 355//355 340//340 356//356
f 357//357 341//341 342//342
f 356//356 341//341 357//357
f 343//343 359//359 358//358
f 357//357 343//343 358//358
f 342//342 343//343 357//357
f 359//359 343//343 344//344
f 359//359 344//344 360//360
f 362//362 361//361 360//360
f 344//344 362//362 360//360
f 345//345 362//362 344//344
f 363//363 345//345 346//346
f 362//362 345//345 363//363
f 364//364 346//346 347//347
f 363//363 346//346 364//364
f 365//365 347//347 348//348
f 364//364 347//347 365//365
f 348//348 349//349 366//366
f 348//348 366//366 365//365
f 367//367 353//353 354//354
f 367//367 354//354 355//355
f 367//367 355//355 368//368
f 368//368 355//355 356//356
f 368//368 356//356 369//369
f 369//369 356//356 357//357
f 369//369 357//357 370//370
f 370//370 357//357 358//358
f 371//371 361//361 362//362
f 373//373 372//372 371//371
f 362//362 373//373 371//371
f 363//363 373//373 362//362
f 374//374 363//363 364//364
f 373//373 363//363 374//374
f 375//375 364//364 365//365
f 374//374 364//364 375//375
f 365//365 366//366 376//376
f 365//365 376//376 375//375
f 377//377 372//372 373//373
f 379//379 378//378 377//377
f 373//373 379//379 377//377
f 374//374 379//379 373//373
f 380//380 374//374 375//375
f 379//379 374//374 380//380
f 375//375 376//376 381//381
f 375//375 381//381 380//380
f 382//382 378//378 379//379
f 384//384 383//383 382//382
f 379//379 384//384 382//382
f 380//380 384//384 379//379
f 380//380 381//381 385//385
f 380//380 385//385 384//384
f 386//386 383//383 384//384
f 386//386 384//384 385//385
f 388//388 387//387 204//204
f 388//388 204//204 205//205
f 204//204 389//389 207//207
f 387//387 389//389 204//204
f 207//207 390//390 209//209
f 389//389 390//390 207//207
f 209//209 391//391 211//211
f 390//390 391//391 209//209
f 211//211 392//392 213//213
f 391//391 392//392 211//211
f 394//394 393//393 214//214
f 213//213 394//394 214//214
f 392//392 394//394 213//213
f 216//216 217//217 393//393
f 394//394 216//216 393//393
f 395//395 216//216 394//394
f 216//216 396//396 219//219
f 395//395 396//396 216//216
f 219//219 397//397 221//221
f 396//396 397//397 219//219
f 221//221 398//398 223//223
f 397//397 398//398 221//221
f 223//223 399//399 225//225
f 398//398 399//399 223//223
f 225//225 400//400 227//227
f 399//399 400//400 225//225
f 227//227 401//401 229//229
f 400//400 401//401 227//227
f 230//230 229//229 401//401
f 230//230 401//401 402//402
f 232//232 388//388 205//205
f 232//232 403//403 388//388
f 237//237 214//214 393//393
f 406//406 405//405 404//404
f 393//393 217//217 237//237
f 407//407 404//404 405//405
f 402//402 246//246 230//230
f 408//408 246//246 402//402
f 248//248 403//403 232//232
f 248//248 409//409 403//403
f 412//412 411//411 410//410
f 252//252 253//253 410//410
f 253//253 412//412 410//410
f 253//253 413//413 412//412
f 254//254 405//405 406//406
f 413//413 254//254 406//406
f 253//253 254//254 413//413
f 415//415 414//414 255//255
f 255//255 414//414 254//254
f 414//414 407//407 254//254
f 407//407 405//405 254//254
f 415//415 416//416 414//414
f 418//418 417//417 262//262
f 262//262 417//417 261//261
f 419//419 262//262 263//263
f 419//419 418//418 262//262
f 263//263 246//246 408//408
f 263//263 408//408 419//419
f 265//265 409//409 248//248
f 265//265 420//420 409//409
f 410//410 411//411 421//421
f 421//421 411//411 422//422
f 421//421 269//269 252//252
f 421//421 252//252 410//410
f 271//271 423//423 415//415
f 271//271 415//415 255//255
f 416//416 415//415 424//424
f 424//424 415//415 423//423
f 417//417 276//276 261//261
f 425//425 276//276 417//417
f 278//278 420//420 265//265
f 278//278 426//426 420//420
f 421//421 422//422 427//427
f 427//427 422//422 428//428
f 427//427 282//282 269//269
f 427//427 269//269 421//421
f 284//284 429//429 423//423
f 284//284 423//423 271//271
f 424//424 423//423 430//430
f 430//430 423//423 429//429
f 425//425 431//431 276//276
f 276//276 431//431 288//288
f 288//288 432//432 291//291
f 431//431 432//432 288//288
f 292//292 291//291 432//432
f 292//292 432//432 433//433
f 294//294 426//426 278//278
f 294//294 434//434 426//426
f 428//428 435//435 427//427
f 427//427 435//435 282//282
f 435//435 298//298 282//282
f 435//435 436//436 298//298
f 298//298 437//437 301//301
f 436//436 437//437 298//298
f 284//284 301//301 429//429
f 301//301 438//438 429//429
f 301//301 437//437 438//438
f 429//429 438//438 430//430
f 433//433 307//307 292//292
f 439//439 307//307 433//433
f 309//309 434//434 294//294
f 309//309 440//440 434//434
f 439//439 321//321 307//307
f 441//441 321//321 439//439
f 323//323 440//440 309//309
f 323//323 442//442 440//440
f 441//441 334//334 321//321
f 443//443 334//334 441//441
f 336//336 445//445 444//444
f 442//442 336//336 444//444
f 323//323 336//336 442//442
f 445//445 446//446 444//444
f 449//449 448//448 447//447
f 451//451 450//450 447//447
f 447//447 450//450 449//449
f 451//451 452//452 450//450
f 455//455 454//454 453//453
f 457//457 456//456 453//453
f 453//453 456//456 455//455
f 459//459 458//458 457//457
f 457//457 458//458 456//456
f 459//459 460//460 458//458
f 443//443 349//349 334//334
f 461//461 349//349 443//443
f 350//350 445//445 336//336
f 462//462 446//446 445//445
f 350//350 462//462 445//445
f 351//351 462//462 350//350
f 352//352 447//447 448//448
f 462//462 352//352 448//448
f 351//351 352//352 462//462
f 447//447 352//352 353//353
f 463//463 447//447 353//353
f 451//451 447//447 463//463
f 452//452 451//451 464//464
f 451//451 465//465 464//464
f 451//451 463//463 465//465
f 467//467 466//466 465//465
f 465//465 466//466 464//464
f 469//469 468//468 467//467
f 467//467 468//468 466//466
f 468//468 469//469 454//454
f 454//454 469//469 453//453
f 469//469 358//358 453//453
f 358//358 359//359 453//453
f 453//453 359//359 360//360
f 453//453 360//360 457//457
f 457//457 360//360 361//361
f 470//470 457//457 361//361
f 459//459 457//457 470//470
f 460//460 459//459 471//471
f 471//471 459//459 470//470
f 461//461 366//366 349//349
f 472//472 366//366 461//461
f 367//367 463//463 353//353
f 463//463 367//367 368//368
f 463//463 368//368 465//465
f 465//465 368//368 369//369
f 465//465 369//369 467//467
f 467//467 369//369 370//370
f 467//467 370//370 469//469
f 469//469 370//370 358//358
f 371//371 470//470 361//361
f 371//371 372//372 470//470
f 372//372 471//471 470//470
f 372//372 473//473 471//471
f 475//475 376//376 474//474
f 376//376 472//472 474//474
f 376//376 366//366 472//472
f 476//476 475//475 474//474
f 477//477 473//473 372//372
f 477//477 372//372 377//377
f 377//377 378//378 477//477
f 477//477 378//378 478//478
f 479//479 381//381 475//475
f 475//475 381//381 376//376
f 475//475 476//476 480//480
f 475//475 480//480 479//479
f 378//378 382//382 481//481
f 482//482 378//378 481//481
f 478//478 378//378 482//482
f 383//383 481//481 382//382
f 484//484 483//483 479//479
f 483//483 381//381 479//479
f 483//483 385//385 381//381
f 484//484 479//479 480//480
f 485//485 482//482 481//481
f 485//485 481//481 383//383
f 386//386 485//485 383//383
f 486//486 485//485 386//386
f 386//386 385//385 483//483
f 386//386 483//483 486//486
f 488//488 487//487 387//387
f 488//488 387//387 388//388
f 387//387 489//489 389//389
f 487//487 489//489 387//387
f 389//389 490//490 390//390
f 489//489 490//490 389//389
f 390//390 491//491 391//391
f 490//490 491//491 390//390
f 491//491 493//493 492//492
f 392//392 491//491 492//492
f 391//391 491//491 392//392
f 494//494 394//394 392//392
f 494//494 392//392 492//492
f 495//495 395//395 394//394
f 495//495 394//394 494//494
f 395//395 495//495 496//496
f 497//497 395//395 496//496
f 396//396 395//395 497//497
f 396//396 498//498 397//397
f 497//497 498//498 396//396
f 397//397 499//499 398//398
f 498//498 499//499 397//397
f 398//398 500//500 399//399
f 499//499 500//500 398//398
f 399//399 501//501 400//400
f 500//500 501//501 399//399
f 400//400 502//502 401//401
f 501//501 502//502 400//400
f 402//402 401//401 502//502
f 402//402 502//502 503//503
f 403//403 488//488 388//388
f 403//403 504//504 488//488
f 492//492 493//493 505//505
f 505//505 493//493 506//506
f 505//505 406//406 404//404
f 494//494 505//505 404//404
f 492//492 505//505 494//494
f 494//494 404//404 407//407
f 507//507 494//494 407//407
f 495//495 494//494 507//507
f 496//496 495//495 508//508
f 508//508 495//495 507//507
f 503//503 408//408 402//402
f 509//509 408//408 503//503
f 409//409 504//504 403//403
f 409//409 510//510 504//504
f 512//512 511//511 412//412
f 412//412 511//511 411//411
f 413//413 505//505 506//506
f 512//512 413//413 506//506
f 412//412 413//413 512//512
f 505//505 413//413 406//406
f 414//414 507//507 407//407
f 514//514 513//513 416//416
f 416//416 513//513 414//414
f 513//513 508//508 414//414
f 508//508 507//507 414//414
f 514//514 515//515 513//513
f 516//516 417//417 418//418
f 419//419 517//517 418//418
f 418//418 517//517 516//516
f 518//518 517//517 419//419
f 408//408 518//518 419//419
f 509//509 518//518 408//408
f 420//420 510//510 409//409
f 420//420 519//519 510//510
f 511//511 422//422 411//411
f 520//520 422//422 511//511
f 424//424 521//521 514//514
f 424//424 514//514 416//416
f 515//515 514//514 522//522
f 522//522 514//514 521//521
f 523//523 425//425 516//516
f 516//516 425//425 417//417
f 524//524 516//516 517//517
f 523//523 516//516 524//524
f 517//517 518//518 525//525
f 517//517 525//525 524//524
f 426//426 519//519 420//420
f 426//426 526//526 519//519
f 520//520 428//428 422//422
f 527//527 428//428 520//520
f 529//529 528//528 521//521
f 424//424 529//529 521//521
f 430//430 529//529 424//424
f 521//521 528//528 522//522
f 523//523 431//431 425//425
f 431//431 523//523 432//432
f 432//432 523//523 524//524
f 433//433 432//432 524//524
f 525//525 433//433 524//524
f 530//530 433//433 525//525
f 434//434 526//526 426//426
f 434//434 531//531 526//526
f 527//527 532//532 428//428
f 428//428 532//532 435//435
f 532//532 534//534 533//533
f 436//436 532//532 533//533
f 435//435 532//532 436//436
f 535//535 437//437 436//436
f 535//535 436//436 533//533
f 437//437 535//535 536//536
f 537//537 437//437 536//536
f 438//438 437//437 537//537
f 430//430 438//438 529//529
f 529//529 438//438 537//537
f 530//530 439//439 433//433
f 538//538 439//439 530//530
f 440//440 531//531 434//434
f 440//440 539//539 531//531
f 534//534 540//540 533//533
f 533//533 540//540 535//535
f 535//535 540//540 541//541
f 535//535 541//541 536//536
f 538//538 441//441 439//439
f 542//542 441//441 538//538
f 442//442 539//539 440//440
f 442//442 543//543 539//539
f 546//546 545//545 544//544
f 548//548 547//547 544//544
f 544//544 547//547 546//546
f 548//548 549//549 547//547
f 552//552 551//551 550//550
f 554//554 553//553 550//550
f 550//550 553//553 552//552
f 556//556 555//555 554//554
f 554//554 555//555 553//553
f 556//556 557//557 555//555
f 542//542 443//443 441//441
f 558//558 443//443 542//542
f 559//559 543//543 442//442
f 559//559 442//442 444//444
f 561//561 560//560 446//446
f 560//560 444//444 446//446
f 560//560 559//559 444//444
f 560//560 561//561 545//545
f 545//545 561//561 544//544
f 561//561 448//448 544//544
f 448//448 449//449 544//544
f 544//544 449//449 450//450
f 544//544 450//450 548//548
f 563//563 562//562 452//452
f 452//452 562//562 450//450
f 562//562 549//549 450//450
f 549//549 548//548 450//450
f 565//565 564//564 563//563
f 563//563 564//564 562//562
f 567//567 566//566 565//565
f 565//565 566//566 564//564
f 566//566 567//567 551//551
f 551//551 567//567 550//550
f 567//567 454//454 550//550
f 454//454 455//455 550//550
f 550//550 455//455 456//456
f 550//550 456//456 554//554
f 554//554 456//456 458//458
f 554//554 458//458 556//556
f 569//569 568//568 460//460
f 460//460 568//568 458//458
f 568//568 557//557 458//458
f 557//557 556//556 458//458
f 569//569 570//570 568//568
f 558//558 461//461 443//443
f 571//571 461//461 558//558
f 462//462 561//561 446//446
f 561//561 462//462 448//448
f 464//464 563//563 452//452
f 563//563 464//464 466//466
f 563//563 466//466 565//565
f 565//565 466//466 468//468
f 565//565 468//468 567//567
f 567//567 468//468 454//454
f 471//471 572//572 569//569
f 471//471 569//569 460//460
f 570//570 569//569 573//573
f 573//573 569//569 572//572
f 571//571 472//472 461//461
f 574//574 472//472 571//571
f 473//473 575//575 572//572
f 473//473 572//572 471//471
f 573//573 572//572 576//576
f 576//576 572//572 575//575
f 574//574 577//577 472//472
f 472//472 577//577 474//474
f 476//476 474//474 577//577
f 476//476 577//577 578//578
f 477//477 575//575 473//473
f 477//477 478//478 575//575
f 478//478 576//576 575//575
f 478//478 579//579 576//576
f 582//582 581//581 580//580
f 578//578 582//582 580//580
f 480//480 578//578 580//580
f 476//476 578//578 480//480
f 482//482 579//579 478//478
f 482//482 583//583 579//579
f 580//580 581//581 484//484
f 581//581 483//483 484//484
f 581//581 584//584 483//483
f 580//580 484//484 480//480
f 585//585 583//583 482//482
f 585//585 482//482 485//485
f 586//586 485//485 486//486
f 586//586 585//585 485//485
f 486//486 483//483 584//584
f 486//486 584//584 586//586
f 588//588 587//587 487//487
f 588//588 487//487 488//488
f 487//487 589//589 489//489
f 587//587 589//589 487//487
f 489//489 590//590 490//490
f 589//589 590//590 489//489
f 490//490 591//591 491//491
f 590//590 591//591 490//490
f 493//493 491//491 591//591
f 493//493 591//591 592//592
f 594//594 593//593 497//497
f 594//594 497//497 496//496
f 497//497 595//595 498//498
f 593//593 595//595 497//497
f 498//498 596//596 499//499
f 595//595 596//596 498//498
f 499//499 597//597 500//500
f 596//596 597//597 499//499
f 500//500 598//598 501//501
f 597//597 598//598 500//500
f 501//501 599//599 502//502
f 598//598 599//599 501//501
f 503//503 502//502 599//599
f 503//503 599//599 600//600
f 504//504 588//588 488//488
f 504//504 601//601 588//588
f 604//604 603//603 602//602
f 592//592 604//604 602//602
f 506//506 592//592 602//602
f 493//493 592//592 506//506
f 508//508 594//594 496//496
f 508//508 605//605 594//594
f 600//600 509//509 503//503
f 606//606 509//509 600//600
f 510//510 601//601 504//504
f 510//510 607//607 601//601
f 602//602 603//603 512//512
f 603//603 511//511 512//512
f 603//603 608//608 511//511
f 602//602 512//512 506//506
f 609//609 605//605 508//508
f 609//609 508//508 513//513
f 513//513 515//515 609//609
f 609//609 515//515 610//610
f 606//606 518//518 509//509
f 611//611 518//518 606//606
f 519//519 607//607 510//510
f 519//519 612//612 607//607
f 615//615 614//614 613//613
f 608//608 615//615 613//613
f 520//520 608//608 613//613
f 511//511 608//608 520//520
f 522//522 617//617 616//616
f 610//610 522//522 616//616
f 515//515 522//522 610//610
f 617//617 618//618 616//616
f 611//611 525//525 518//518
f 619//619 525//525 611//611
f 526//526 612//612 519//519
f 526//526 620//620 612//612
f 614//614 621//621 613//613
f 520//520 613//613 621//621
f 622//622 520//520 621//621
f 527//527 520//520 622//622
f 529//529 623//623 528//528
f 623//623 624//624 528//528
f 528//528 624//624 522//522
f 624//624 625//625 522//522
f 625//625 617//617 522//522
f 617//617 625//625 618//618
f 619//619 530//530 525//525
f 626//626 530//530 619//619
f 531//531 620//620 526//526
f 531//531 627//627 620//620
f 622//622 628//628 527//527
f 527//527 628//628 532//532
f 534//534 532//532 628//628
f 534//534 628//628 629//629
f 631//631 630//630 537//537
f 631//631 537//537 536//536
f 529//529 537//537 623//623
f 537//537 632//632 623//623
f 537//537 630//630 632//632
f 623//623 632//632 624//624
f 626//626 538//538 530//530
f 633//633 538//538 626//626
f 539//539 627//627 531//531
f 539//539 634//634 627//627
f 629//629 635//635 534//534
f 534//534 635//635 540//540
f 540//540 636//636 541//541
f 635//635 636//636 540//540
f 536//536 541//541 631//631
f 631//631 541//541 636//636
f 633//633 542//542 538//538
f 637//637 542//542 633//633
f 543//543 639//639 638//638
f 634//634 543//543 638//638
f 539//539 543//543 634//634
f 639//639 640//640 638//638
f 642//642 641//641 546//546
f 546//546 641//641 545//545
f 643//643 546//546 547//547
f 643//643 642//642 546//546
f 645//645 644//644 549//549
f 644//644 547//547 549//549
f 644//644 643//643 547//547
f 647//647 646//646 645//645
f 645//645 646//646 644//644
f 649//649 648//648 647//647
f 647//647 648//648 646//646
f 551//551 552//552 649//649
f 552//552 648//648 649//649
f 552//552 650//650 648//648
f 651//651 552//552 553//553
f 651//651 650//650 552//552
f 652//652 553//553 555//555
f 652//652 651//651 553//553
f 555//555 557//557 652//652
f 652//652 557//557 653//653
f 637//637 558//558 542//542
f 654//654 558//558 637//637
f 559//559 639//639 543//543
f 655//655 640//640 639//639
f 559//559 655//655 639//639
f 560//560 655//655 559//559
f 560//560 545//545 641//641
f 560//560 641//641 655//655
f 562//562 645//645 549//549
f 645//645 562//562 564//564
f 645//645 564//564 647//647
f 647//647 564//564 566//566
f 647//647 566//566 649//649
f 649//649 566//566 551//551
f 656//656 653//653 557//557
f 656//656 557//557 568//568
f 568//568 570//570 656//656
f 656//656 570//570 657//657
f 654//654 571//571 558//558
f 658//658 571//571 654//654
f 573//573 657//657 570//570
f 573//573 659//659 657//657
f 661//661 574//574 660//660
f 574//574 658//658 660//660
f 574//574 571//571 658//658
f 662//662 661//661 660//660
f 576//576 659//659 573//573
f 576//576 663//663 659//659
f 661//661 577//577 574//574
f 578//578 577//577 661//661
f 662//662 578//578 661//661
f 664//664 578//578 662//662
f 579//579 663//663 576//576
f 579//579 665//665 663//663
f 667//667 666//666 582//582
f 582//582 666//666 581//581
f 582//582 578//578 664//664
f 582//582 664//664 667//667
f 583//583 669//669 668//668
f 665//665 583//583 668//668
f 579//579 583//583 665//665
f 669//669 670//670 668//668
f 666//666 584//584 581//581
f 671//671 584//584 666//666
f 585//585 669//669 583//583
f 672//672 670//670 669//669
f 585//585 672//672 669//669
f 586//586 672//672 585//585
f 586//586 584//584 671//671
f 586//586 671//671 672//672
f 674//674 673//673 587//587
f 674//674 587//587 588//588
f 587//587 675//675 589//589
f 673//673 675//675 587//587
f 589//589 676//676 590//590
f 675//675 676//676 589//589
f 590//590 677//677 591//591
f 676//676 677//677 590//590
f 679//679 678//678 592//592
f 591//591 679//679 592//592
f 677//677 679//679 591//591
f 680//680 678//678 679//679
f 682//682 681//681 593//593
f 682//682 593//593 594//594
f 593//593 683//683 595//595
f 681//681 683//683 593//593
f 595//595 684//684 596//596
f 683//683 684//684 595//595
f 596//596 685//685 597//597
f 684//684 685//685 596//596
f 597//597 686//686 598//598
f 685//685 686//686 597//597
f 686//686 688//688 687//687
f 599//599 686//686 687//687
f 598//598 686//686 599//599
f 687//687 600//600 599//599
f 601//601 674//674 588//588
f 601//601 689//689 674//674
f 690//690 603//603 604//604
f 691//691 690//690 604//604
f 691//691 604//604 592//592
f 692//692 691//691 592//592
f 678//678 692//692 592//592
f 692//692 678//678 680//680
f 695//695 694//694 693//693
f 694//694 682//682 693//693
f 682//682 605//605 693//693
f 682//682 594//594 605//605
f 688//688 696//696 687//687
f 600//600 687//687 696//696
f 697//697 600//600 696//696
f 606//606 600//600 697//697
f 607//607 689//689 601//601
f 607//607 698//698 689//689
f 700//700 699//699 690//690
f 699//699 603//603 690//690
f 699//699 608//608 603//603
f 700//700 690//690 691//691
f 701//701 695//695 693//693
f 701//701 693//693 605//605
f 609//609 701//701 605//605
f 702//702 701//701 609//609
f 704//704 703//703 610//610
f 703//703 609//609 610//610
f 703//703 702//702 609//609
f 704//704 705//705 703//703
f 697//697 611//611 606//606
f 706//706 611//611 697//697
f 612//612 698//698 607//607
f 612//612 707//707 698//698
f 708//708 614//614 615//615
f 709//709 708//708 615//615
f 608//608 709//709 615//615
f 699//699 709//709 608//608
f 616//616 704//704 610//610
f 616//616 618//618 704//704
f 618//618 705//705 704//704
f 618//618 710//710 705//705
f 706//706 619//619 611//611
f 711//711 619//619 706//706
f 620//620 707//707 612//612
f 620//620 712//712 707//707
f 708//708 621//621 614//614
f 622//622 621//621 708//708
f 709//709 622//622 708//708
f 713//713 622//622 709//709
f 715//715 714//714 625//625
f 715//715 625//625 624//624
f 618//618 625//625 710//710
f 710//710 625//625 714//714
f 711//711 626//626 619//619
f 716//716 626//626 711//711
f 627//627 712//712 620//620
f 627//627 717//717 712//712
f 713//713 718//718 622//622
f 622//622 718//718 628//628
f 629//629 628//628 718//718
f 629//629 718//718 719//719
f 722//722 721//721 720//720
f 630//630 631//631 720//720
f 721//721 630//630 720//720
f 723//723 630//630 721//721
f 630//630 724//724 632//632
f 723//723 724//724 630//630
f 624//624 632//632 715//715
f 715//715 632//632 724//724
f 716//716 633//633 626//626
f 725//725 633//633 716//716
f 634//634 717//717 627//627
f 634//634 726//726 717//717
f 719//719 727//727 629//629
f 629//629 727//727 635//635
f 720//720 636//636 722//722
f 636//636 727//727 722//722
f 636//636 635//635 727//727
f 636//636 720//720 631//631
f 725//725 637//637 633//633
f 728//728 637//637 725//725
f 729//729 726//726 634//634
f 729//729 634//634 638//638
f 731//731 730//730 640//640
f 730//730 638//638 640//640
f 730//730 729//729 638//638
f 641//641 642//642 731//731
f 642//642 730//730 731//731
f 642//642 732//732 730//730
f 733//733 642//642 643//643
f 733//733 732//732 642//642
f 734//734 643//643 644//644
f 734//734 733//733 643//643
f 735//735 644//644 646//646
f 735//735 734//734 644//644
f 736//736 646//646 648//648
f 736//736 735//735 646//646
f 737//737 648//648 650//650
f 737//737 736//736 648//648
f 738//738 650//650 651//651
f 738//738 737//737 650//650
f 739//739 651//651 652//652
f 739//739 738//738 651//651
f 652//652 653//653 739//739
f 739//739 653//653 740//740
f 728//728 654//654 637//637
f 741//741 654//654 728//728
f 655//655 731//731 640//640
f 731//731 655//655 641//641
f 742//742 740//740 653//653
f 742//742 653//653 656//656
f 656//656 657//657 742//742
f 742//742 657//657 743//743
f 741//741 658//658 654//654
f 744//744 658//658 741//741
f 659//659 743//743 657//657
f 659//659 745//745 743//743
f 744//744 746//746 658//658
f 658//658 746//746 660//660
f 662//662 660//660 746//746
f 662//662 746//746 747//747
f 663//663 745//745 659//659
f 663//663 748//748 745//745
f 751//751 750//750 749//749
f 747//747 751//751 749//749
f 664//664 747//747 749//749
f 662//662 747//747 664//664
f 665//665 748//748 663//663
f 665//665 752//752 748//748
f 749//749 750//750 667//667
f 750//750 666//666 667//667
f 750//750 753//753 666//666
f 749//749 667//667 664//664
f 754//754 752//752 665//665
f 754//754 665//665 668//668
f 756//756 755//755 670//670
f 755//755 668//668 670//670
f 755//755 754//754 668//668
f 753//753 755//755 756//756
f 671//671 753//753 756//756
f 666//666 753//753 671//671
f 672//672 756//756 670//670
f 756//756 672//672 671//671
f 758//758 757//757 673//673
f 758//758 673//673 674//674
f 673//673 759//759 675//675
f 757//757 759//759 673//673
f 675//675 760//760 676//676
f 759//759 760//760 675//675
f 676//676 761//761 677//677
f 760//760 761//761 676//676
f 677//677 762//762 679//679
f 761//761 762//762 677//677
f 764//764 763//763 680//680
f 679//679 764//764 680//680
f 762//762 764//764 679//679
f 766//766 765//765 763//763
f 766//766 763//763 764//764
f 681//681 682//682 765//765
f 766//766 681//681 765//765
f 767//767 681//681 766//766
f 681//681 768//768 683//683
f 767//767 768//768 681//681
f 683//683 769//769 684//684
f 768//768 769//769 683//683
f 684//684 770//770 685//685
f 769//769 770//770 684//684
f 685//685 771//771 686//686
f 770//770 771//771 685//685
f 688//688 686//686 771//771
f 688//688 771//771 772//772
f 689//689 758//758 674//674
f 689//689 773//773 758//758
f 774//774 691//691 692//692
f 680//680 763//763 692//692
f 763//763 774//774 692//692
f 763//763 775//775 774//774
f 695//695 775//775 694//694
f 775//775 765//765 694//694
f 775//775 763//763 765//765
f 694//694 765//765 682//682
f 772//772 776//776 688//688
f 688//688 776//776 696//696
f 697//697 696//696 776//776
f 697//697 776//776 777//777
f 698//698 773//773 689//689
f 698//698 778//778 773//773
f 780//780 779//779 700//700
f 700//700 779//779 699//699
f 700//700 691//691 774//774
f 781//781 700//700 774//774
f 780//780 700//700 781//781
f 781//781 774//774 775//775
f 781//781 775//775 782//782
f 782//782 775//775 695//695
f 701//701 782//782 695//695
f 783//783 782//782 701//701
f 785//785 783//783 784//784
f 783//783 702//702 784//784
f 783//783 701//701 702//702
f 703//703 786//786 702//702
f 702//702 786//786 784//784
f 705//705 786//786 703//703
f 777//777 706//706 697//697
f 787//787 706//706 777//777
f 790//790 789//789 788//788
f 789//789 778//778 788//788
f 778//778 707//707 788//788
f 778//778 698//698 707//707
f 779//779 709//709 699//699
f 791//791 709//709 779//779
f 792//792 785//785 784//784
f 794//794 793//793 792//792
f 784//784 794//794 792//792
f 786//786 794//794 784//784
f 710//710 794//794 705//705
f 705//705 794//794 786//786
f 787//787 711//711 706//706
f 795//795 711//711 787//787
f 796//796 790//790 788//788
f 788//788 707//707 796//796
f 707//707 797//797 796//796
f 707//707 712//712 797//797
f 791//791 713//713 709//709
f 798//798 713//713 791//791
f 801//801 800//800 799//799
f 803//803 802//802 799//799
f 803//803 799//799 800//800
f 802//802 803//803 793//793
f 802//802 793//793 794//794
f 715//715 802//802 794//794
f 714//714 715//715 794//794
f 714//714 794//794 710//710
f 795//795 716//716 711//711
f 804//804 716//716 795//795
f 717//717 797//797 712//712
f 717//717 805//805 797//797
f 798//798 806//806 713//713
f 713//713 806//806 718//718
f 808//808 807//807 719//719
f 718//718 808//808 719//719
f 806//806 808//808 718//718
f 721//721 722//722 807//807
f 808//808 721//721 807//807
f 809//809 721//721 808//808
f 799//799 723//723 801//801
f 723//723 809//809 801//801
f 723//723 721//721 809//809
f 723//723 799//799 724//724
f 724//724 799//799 802//802
f 724//724 802//802 715//715
f 804//804 725//725 716//716
f 810//810 725//725 804//804
f 726//726 805//805 717//717
f 726//726 811//811 805//805
f 807//807 727//727 719//719
f 727//727 807//807 722//722
f 810//810 728//728 725//725
f 812//812 728//728 810//810
f 813//813 811//811 726//726
f 813//813 726//726 729//729
f 814//814 729//729 730//730
f 814//814 813//813 729//729
f 815//815 730//730 732//732
f 815//815 814//814 730//730
f 816//816 732//732 733//733
f 816//816 815//815 732//732
f 817//817 733//733 734//734
f 817//817 816//816 733//733
f 818//818 734//734 735//735
f 818//818 817//817 734//734
f 819//819 735//735 736//736
f 819//819 818//818 735//735
f 820//820 736//736 737//737
f 820//820 819//819 736//736
f 821//821 737//737 738//738
f 821//821 820//820 737//737
f 823//823 821//821 822//822
f 821//821 739//739 822//822
f 821//821 738//738 739//739
f 740//740 822//822 739//739
f 812//812 741//741 728//728
f 824//824 741//741 812//812
f 825//825 823//823 822//822
f 827//827 825//825 826//826
f 826//826 825//825 742//742
f 825//825 822//822 742//742
f 822//822 740//740 742//742
f 743//743 826//826 742//742
f 829//829 744//744 828//828
f 744//744 824//824 828//828
f 744//744 741//741 824//824
f 830//830 829//829 828//828
f 831//831 827//827 826//826
f 826//826 743//743 831//831
f 743//743 832//832 831//831
f 743//743 745//745 832//832
f 829//829 746//746 744//744
f 747//747 746//746 829//829
f 830//830 747//747 829//829
f 833//833 747//747 830//830
f 748//748 832//832 745//745
f 748//748 834//834 832//832
f 836//836 835//835 751//751
f 751//751 835//835 750//750
f 751//751 747//747 833//833
f 751//751 833//833 836//836
f 752//752 834//834 748//748
f 752//752 837//837 834//834
f 835//835 753//753 750//750
f 838//838 753//753 835//835
f 839//839 837//837 752//752
f 839//839 752//752 754//754
f 840//840 754//754 755//755
f 840//840 839//839 754//754
f 755//755 753//753 838//838
f 755//755 838//838 840//840
f 842//842 841//841 757//757
f 842//842 757//757 758//758
f 757//757 843//843 759//759
f 841//841 843//843 757//757
f 759//759 844//844 760//760
f 843//843 844//844 759//759
f 760//760 845//845 761//761
f 844//844 845//845 760//760
f 761//761 846//846 762//762
f 845//845 846//846 761//761
f 762//762 847//847 764//764
f 846//846 847//847 762//762
f 764//764 848//848 766//766
f 847//847 848//848 764//764
f 766//766 849//849 767//767
f 848//848 849//849 766//766
f 767//767 850//850 768//768
f 849//849 850//850 767//767
f 768//768 851//851 769//769
f 850//850 851//851 768//768
f 769//769 852//852 770//770
f 851//851 852//852 769//769
f 770//770 853//853 771//771
f 852//852 853//853 770//770
f 772//772 771//771 853//853
f 772//772 853//853 854//854
f 773//773 842//842 758//758
f 773//773 855//855 842//842
f 858//858 857//857 856//856
f 860//860 859//859 856//856
f 856//856 859//859 858//858
f 860//860 861//861 859//859
f 854//854 862//862 772//772
f 772//772 862//862 776//776
f 777//777 776//776 862//862
f 777//777 862//862 863//863
f 866//866 865//865 864//864
f 865//865 855//855 864//864
f 855//855 778//778 864//864
f 855//855 773//773 778//778
f 868//868 867//867 780//780
f 780//780 867//867 779//779
f 781//781 856//856 857//857
f 868//868 781//781 857//857
f 780//780 781//781 868//868
f 856//856 781//781 782//782
f 856//856 782//782 860//860
f 869//869 861//861 860//860
f 782//782 869//869 860//860
f 783//783 869//869 782//782
f 783//783 785//785 869//869
f 869//869 785//785 870//870
f 863//863 787//787 777//777
f 871//871 787//787 863//863
f 866//866 864//864 789//789
f 790//790 866//866 789//789
f 872//872 866//866 790//790
f 789//789 864//864 778//778
f 867//867 791//791 779//779
f 873//873 791//791 867//867
f 785//785 792//792 874//874
f 875//875 785//785 874//874
f 870//870 785//785 875//875
f 793//793 874//874 792//792
f 878//878 877//877 876//876
f 876//876 879//879 878//878
f 871//871 795//795 787//787
f 880//880 795//795 871//871
f 881//881 872//872 790//790
f 881//881 790//790 796//796
f 796//796 797//797 881//881
f 881//881 797//797 882//882
f 873//873 798//798 791//791
f 883//883 798//798 873//873
f 885//885 884//884 800//800
f 885//885 800//800 801//801
f 874//874 803//803 875//875
f 803//803 884//884 875//875
f 803//803 800//800 884//884
f 803//803 874//874 793//793
f 876//876 877//877 886//886
f 886//886 877//877 887//887
f 879//879 876//876 888//888
f 888//888 876//876 886//886
f 880//880 804//804 795//795
f 889//889 804//804 880//880
f 805//805 882//882 797//797
f 805//805 890//890 882//882
f 883//883 891//891 798//798
f 798//798 891//891 806//806
f 806//806 892//892 808//808
f 891//891 892//892 806//806
f 808//808 893//893 809//809
f 892//892 893//893 808//808
f 801//801 809//809 885//885
f 885//885 809//809 893//893
f 887//887 894//894 886//886
f 886//886 894//894 888//888
f 889//889 810//810 804//804
f 895//895 810//810 889//889
f 811//811 890//890 805//805
f 811//811 896//896 890//890
f 895//895 812//812 810//810
f 897//897 812//812 895//895
f 898//898 896//896 811//811
f 898//898 811//811 813//813
f 899//899 813//813 814//814
f 899//899 898//898 813//813
f 900//900 814//814 815//815
f 900//900 899//899 814//814
f 901//901 815//815 816//816
f 901//901 900//900 815//815
f 902//902 816//816 817//817
f 902//902 901//901 816//816
f 903//903 817//817 818//818
f 903//903 902//902 817//817
f 904//904 818//818 819//819
f 904//904 903//903 818//818
f 905//905 819//819 820//820
f 905//905 904//904 819//819
f 906//906 820//820 821//821
f 906//906 905//905 820//820
f 821//821 823//823 906//906
f 906//906 823//823 907//907
f 897//897 824//824 812//812
f 908//908 824//824 897//897
f 909//909 907//907 823//823
f 909//909 823//823 825//825
f 825//825 827//827 909//909
f 909//909 827//827 910//910
f 908//908 911//911 824//824
f 824//824 911//911 828//828
f 830//830 828//828 911//911
f 830//830 911//911 912//912
f 913//913 910//910 827//827
f 913//913 827//827 831//831
f 831//831 832//832 913//913
f 913//913 832//832 914//914
f 912//912 833//833 830//830
f 915//915 833//833 912//912
f 834//834 914//914 832//832
f 834//834 916//916 914//914
f 917//917 835//835 836//836
f 918//918 917//917 836//836
f 833//833 918//918 836//836
f 915//915 918//918 833//833
f 837//837 916//916 834//834
f 837//837 919//919 916//916
f 921//921 920//920 917//917
f 920//920 835//835 917//917
f 920//920 838//838 835//835
f 921//921 917//917 918//918
f 922//922 919//919 837//837
f 922//922 837//837 839//839
f 923//923 839//839 840//840
f 923//923 922//922 839//839
f 840//840 838//838 920//920
f 840//840 920//920 923//923
f 925//925 924//924 841//841
f 925//925 841//841 842//842
f 841//841 926//926 843//843
f 924//924 926//926 841//841
f 843//843 927//927 844//844
f 926//926 927//927 843//843
f 844//844 928//928 845//845
f 927//927 928//928 844//844
f 845//845 929//929 846//846
f 928//928 929//929 845//845
f 846//846 930//930 847//847
f 929//929 930//930 846//846
f 847//847 931//931 848//848
f 930//930 931//931 847//847
f 848//848 932//932 849//849
f 931//931 932//932 848//848
f 849//849 933//933 850//850
f 932//932 933//933 849//849
f 850//850 934//934 851//851
f 933//933 934//934 850//850
f 851//851 935//935 852//852
f 934//934 935//935 851//851
f 852//852 936//936 853//853
f 935//935 936//936 852//852
f 854//854 853//853 936//936
f 854//854 936//936 937//937
f 855//855 925//925 842//842
f 855//855 938//938 925//925
f 940//940 939//939 858//858
f 858//858 939//939 857//857
f 941//941 858//858 859//859
f 941//941 940//940 858//858
f 859//859 861//861 941//941
f 941//941 861//861 942//942
f 937//937 943//943 854//854
f 854//854 943//943 862//862
f 863//863 862//862 943//943
f 863//863 943//943 944//944
f 946//946 945//945 865//865
f 946//946 865//865 866//866
f 855//855 865//865 938//938
f 938//938 865//865 945//945
f 948//948 947//947 868//868
f 868//868 947//947 867//867
f 868//868 857//857 939//939
f 868//868 939//939 948//948
f 949//949 942//942 861//861
f 949//949 861//861 869//869
f 869//869 870//870 949//949
f 949//949 870//870 950//950
f 944//944 871//871 863//863
f 951//951 871//871 944//944
f 872//872 946//946 866//866
f 872//872 952//952 946//946
f 947//947 873//873 867//867
f 953//953 873//873 947//947
f 875//875 950//950 870//870
f 875//875 954//954 950//950
f 955//955 877//877 878//878
f 879//879 955//955 878//878
f 951//951 880//880 871//871
f 956//956 880//880 951//951
f 957//957 952//952 872//872
f 957//957 872//872 881//881
f 881//881 882//882 957//957
f 957//957 882//882 958//958
f 953//953 883//883 873//873
f 959//959 883//883 953//953
f 885//885 960//960 884//884
f 960//960 961//961 884//884
f 961//961 875//875 884//884
f 961//961 954//954 875//875
f 962//962 887//887 955//955
f 955//955 887//887 877//877
f 888//888 962//962 879//879
f 879//879 962//962 955//955
f 956//956 889//889 880//880
f 963//963 889//889 956//956
f 890//890 958//958 882//882
f 890//890 964//964 958//958
f 959//959 965//965 883//883
f 883//883 965//965 891//891
f 891//891 966//966 892//892
f 965//965 966//966 891//891
f 892//892 967//967 893//893
f 966//966 967//967 892//892
f 885//885 893//893 960//960
f 893//893 968//968 960//960
f 893//893 967//967 968//968
f 960//960 968//968 961//961
f 962//962 894//894 887//887
f 894//894 962//962 888//888
f 963//963 895//895 889//889
f 969//969 895//895 963//963
f 896//896 964//964 890//890
f 896//896 970//970 964//964
f 969//969 897//897 895//895
f 971//971 897//897 969//969
f 972//972 970//970 896//896
f 972//972 896//896 898//898
f 973//973 898//898 899//899
f 973//973 972//972 898//898
f 974//974 899//899 900//900
f 974//974 973//973 899//899
f 975//975 900//900 901//901
f 975//975 974//974 900//900
f 976//976 901//901 902//902
f 976//976 975//975 901//901
f 977//977 902//902 903//903
f 977//977 976//976 902//902
f 978//978 903//903 904//904
f 978//978 977//977 903//903
f 979//979 904//904 905//905
f 979//979 978//978 904//904
f 980//980 905//905 906//906
f 980//980 979//979 905//905
f 982//982 981//981 907//907
f 981//981 906//906 907//907
f 981//981 980//980 906//906
f 982//982 983//983 981//981
f 985//985 908//908 984//984
f 908//908 971//971 984//984
f 908//908 897//897 971//971
f 986//986 985//985 984//984
f 909//909 982//982 907//907
f 988//988 987//987 910//910
f 910//910 987//987 909//909
f 987//987 983//983 909//909
f 983//983 982//982 909//909
f 988//988 989//989 987//987
f 985//985 911//911 908//908
f 912//912 911//911 985//985
f 986//986 912//912 985//985
f 990//990 912//912 986//986
f 913//913 988//988 910//910
f 913//913 914//914 988//988
f 914//914 989//989 988//988
f 914//914 991//991 989//989
f 990//990 915//915 912//912
f 992//992 915//915 990//990
f 916//916 991//991 914//914
f 916//916 993//993 991//991
f 992//992 918//918 915//915
f 994//994 918//918 992//992
f 919//919 993//993 916//916
f 919//919 995//995 993//993
f 997//997 996//996 921//921
f 921//921 996//996 920//920
f 921//921 918//918 994//994
f 921//921 994//994 997//997
f 998//998 995//995 919//919
f 998//998 919//919 922//922
f 1000//1000 998//998 999//999
f 998//998 923//923 999//999
f 998//998 922//922 923//923
f 1001//1001 999//999 923//923
f 920//920 1001//1001 923//923
f 996//996 1001//1001 920//920
f 1002//1002 1000//1000 999//999
f 1002//1002 999//999 1001//1001
f 925//925 1003//1003 924//924
f 924//924 1003//1003 1004//1004
f 1005//1005 924//924 1004//1004
f 926//926 924//924 1005//1005
f 926//926 1006//1006 927//927
f 1005//1005 1006//1006 926//926
f 927//927 1007//1007 928//928
f 1006//1006 1007//1007 927//927
f 928//928 1008//1008 929//929
f 1007//1007 1008//1008 928//928
f 929//929 1009//1009 930//930
f 1008//1008 1009//1009 929//929
f 930//930 1010//1010 931//931
f 1009//1009 1010//1010 930//930
f 931//931 1011//1011 932//932
f 1010//1010 1011//1011 931//931
f 932//932 1012//1012 933//933
f 1011//1011 1012//1012 932//932
f 933//933 1013//1013 934//934
f 1012//1012 1013//1013 933//933
f 934//934 1014//1014 935//935
f 1013//1013 1014//1014 934//934
f 935//935 1015//1015 936//936
f 1014//1014 1015//1015 935//935
f 937//937 936//936 1015//1015
f 937//937 1015//1015 1016//1016
f 1018//1018 1017//1017 1003//1003
f 925//925 1018//1018 1003//1003
f 938//938 1018//1018 925//925
f 1003//1003 1017//1017 1004//1004
f 1020//1020 1019//1019 940//940
f 940//940 1019//1019 939//939
f 1021//1021 940//940 941//941
f 1021//1021 1020//1020 940//940
f 941//941 942//942 1021//1021
f 1021//1021 942//942 1022//1022
f 1016//1016 1023//1023 937//937
f 937//937 1023//1023 943//943
f 944//944 943//943 1023//1023
f 944//944 1023//1023 1024//1024
f 1026//1026 1025//1025 945//945
f 1026//1026 945//945 946//946
f 938//938 945//945 1018//1018
f 1018//1018 945//945 1025//1025
f 1028//1028 1027//1027 948//948
f 948//948 1027//1027 947//947
f 948//948 939//939 1019//1019
f 948//948 1019//1019 1028//1028
f 1029//1029 1022//1022 942//942
f 1029//1029 942//942 949//949
f 1031//1031 1030//1030 950//950
f 1030//1030 949//949 950//950
f 1030//1030 1029//1029 949//949
f 1033//1033 1032//1032 1031//1031
f 1031//1031 1032//1032 1030//1030
f 1033//1033 1034//1034 1032//1032
f 1024//1024 951//951 944//944
f 1035//1035 951//951 1024//1024
f 952//952 1026//1026 946//946
f 952//952 1036//1036 1026//1026
f 1027//1027 953//953 947//947
f 1037//1037 953//953 1027//1027
f 954//954 1038//1038 1031//1031
f 954//954 1031//1031 950//950
f 1031//1031 1039//1039 1033//1033
f 1031//1031 1038//1038 1039//1039
f 1034//1034 1033//1033 1040//1040
f 1040//1040 1033//1033 1039//1039
f 1035//1035 956//956 951//951
f 1041//1041 956//956 1035//1035
f 1042//1042 1036//1036 952//952
f 1042//1042 952//952 957//957
f 957//957 958//958 1042//1042
f 1042//1042 958//958 1043//1043
f 1037//1037 959//959 953//953
f 1044//1044 959//959 1037//1037
f 1046//1046 1045//1045 1038//1038
f 954//954 1046//1046 1038//1038
f 961//961 1046//1046 954//954
f 1038//1038 1045//1045 1039//1039
f 1039//1039 1045//1045 1047//1047
f 1039//1039 1047//1047 1040//1040
f 1041//1041 963//963 956//956
f 1048//1048 963//963 1041//1041
f 964//964 1043//1043 958//958
f 964//964 1049//1049 1043//1043
f 1044//1044 1050//1050 959//959
f 959//959 1050//1050 965//965
f 965//965 1051//1051 966//966
f 1050//1050 1051//1051 965//965
f 966//966 1052//1052 967//967
f 1051//1051 1052//1052 966//966
f 967//967 1053//1053 968//968
f 1052//1052 1053//1053 967//967
f 961//961 968//968 1046//1046
f 1046//1046 968//968 1053//1053
f 1048//1048 969//969 963//963
f 1054//1054 969//969 1048//1048
f 970//970 1049//1049 964//964
f 970//970 1055//1055 1049//1049
f 1057//1057 971//971 1056//1056
f 971//971 1054//1054 1056//1056
f 971//971 969//969 1054//1054
f 1058//1058 1057//1057 1056//1056
f 1059//1059 1055//1055 970//970
f 1059//1059 970//970 972//972
f 1060//1060 972//972 973//973
f 1060//1060 1059//1059 972//972
f 1061//1061 973//973 974//974
f 1061//1061 1060//1060 973//973
f 1062//1062 974//974 975//975
f 1062//1062 1061//1061 974//974
f 1063//1063 975//975 976//976
f 1063//1063 1062//1062 975//975
f 1064//1064 976//976 977//977
f 1064//1064 1063//1063 976//976
f 1065//1065 977//977 978//978
f 1065//1065 1064//1064 977//977
f 1066//1066 978//978 979//979
f 1066//1066 1065//1065 978//978
f 1067//1067 979//979 980//980
f 1067//1067 1066//1066 979//979
f 1068//1068 980//980 981//981
f 1068//1068 1067//1067 980//980
f 981//981 983//983 1068//1068
f 1068//1068 983//983 1069//1069
f 1057//1057 984//984 971//971
f 986//986 984//984 1057//1057
f 1058//1058 986//986 1057//1057
f 1070//1070 986//986 1058//1058
f 1071//1071 1069//1069 983//983
f 1071//1071 983//983 987//987
f 987//987 989//989 1071//1071
f 1071//1071 989//989 1072//1072
f 1070//1070 990//990 986//986
f 1073//1073 990//990 1070//1070
f 991//991 1072//1072 989//989
f 991//991 1074//1074 1072//1072
f 1073//1073 992//992 990//990
f 1075//1075 992//992 1073//1073
f 993//993 1074//1074 991//991
f 993//993 1076//1076 1074//1074
f 1075//1075 994//994 992//992
f 1077//1077 994//994 1075//1075
f 995//995 1076//1076 993//993
f 995//995 1078//1078 1076//1076
f 1080//1080 1079//1079 997//997
f 997//997 1079//1079 996//996
f 997//997 994//994 1077//1077
f 997//997 1077//1077 1080//1080
f 1081//1081 1078//1078 995//995
f 1081//1081 995//995 998//998
f 998//998 1000//1000 1081//1081
f 1081//1081 1000//1000 1082//1082
f 1079//1079 1001//1001 996//996
f 1083//1083 1001//1001 1079//1079
f 1084//1084 1082//1082 1000//1000
f 1084//1084 1000//1000 1002//1002
f 1002//1002 1001//1001 1083//1083
f 1002//1002 1083//1083 1084//1084
f 1086//1086 1085//1085 1005//1005
f 1086//1086 1005//1005 1004//1004
f 1005//1005 1087//1087 1006//1006
f 1085//1085 1087//1087 1005//1005
f 1006//1006 1088//1088 1007//1007
f 1087//1087 1088//1088 1006//1006
f 1007//1007 1089//1089 1008//1008
f 1088//1088 1089//1089 1007//1007
f 1008//1008 1090//1090 1009//1009
f 1089//1089 1090//1090 1008//1008
f 1009//1009 1091//1091 1010//1010
f 1090//1090 1091//1091 1009//1009
f 1010//1010 1092//1092 1011//1011
f 1091//1091 1092//1092 1010//1010
f 1011//1011 1093//1093 1012//1012
f 1092//1092 1093//1093 1011//1011
f 1012//1012 1094//1094 1013//1013
f 1093//1093 1094//1094 1012//1012
f 1013//1013 1095//1095 1014//1014
f 1094//1094 1095//1095 1013//1013
f 1014//1014 1096//1096 1015//1015
f 1095//1095 1096//1096 1014//1014
f 1016//1016 1015//1015 1096//1096
f 1016//1016 1096//1096 1097//1097
f 1099//1099 1098//1098 1017//1017
f 1099//1099 1017//1017 1018//1018
f 1004//1004 1017//1017 1086//1086
f 1086//1086 1017//1017 1098//1098
f 1100//1100 1019//1019 1020//1020
f 1021//1021 1101//1101 1020//1020
f 1020//1020 1101//1101 1100//1100
f 1022//1022 1101//1101 1021//1021
f 1097//1097 1102//1102 1016//1016
f 1016//1016 1102//1102 1023//1023
f 1024//1024 1023//1023 1102//1102
f 1024//1024 1102//1102 1103//1103
f 1105//1105 1104//1104 1025//1025
f 1105//1105 1025//1025 1026//1026
f 1018//1018 1025//1025 1099//1099
f 1099//1099 1025//1025 1104//1104
f 1106//1106 1027//1027 1028//1028
f 1107//1107 1106//1106 1028//1028
f 1107//1107 1028//1028 1019//1019
f 1108//1108 1107//1107 1019//1019
f 1100//1100 1108//1108 1019//1019
f 1108//1108 1100//1100 1101//1101
f 1108//1108 1101//1101 1109//1109
f 1109//1109 1101//1101 1022//1022
f 1029//1029 1109//1109 1022//1022
f 1110//1110 1109//1109 1029//1029
f 1111//1111 1029//1029 1030//1030
f 1111//1111 1110//1110 1029//1029
f 1112//1112 1030//1030 1032//1032
f 1112//1112 1111//1111 1030//1030
f 1032//1032 1034//1034 1112//1112
f 1112//1112 1034//1034 1113//1113
f 1103//1103 1035//1035 1024//1024
f 1114//1114 1035//1035 1103//1103
f 1036//1036 1105//1105 1026//1026
f 1036//1036 1115//1115 1105//1105
f 1117//1117 1116//1116 1106//1106
f 1116//1116 1027//1027 1106//1106
f 1116//1116 1037//1037 1027//1027
f 1117//1117 1106//1106 1107//1107
f 1040//1040 1113//1113 1034//1034
f 1040//1040 1118//1118 1113//1113
f 1120//1120 1041//1041 1119//1119
f 1041//1041 1114//1114 1119//1119
f 1041//1041 1035//1035 1114//1114
f 1121//1121 1120//1120 1119//1119
f 1122//1122 1115//1115 1036//1036
f 1122//1122 1036//1036 1042//1042
f 1042//1042 1043//1043 1122//1122
f 1122//1122 1043//1043 1123//1123
f 1125//1125 1044//1044 1124//1124
f 1044//1044 1116//1116 1124//1124
f 1044//1044 1037//1037 1116//1116
f 1126//1126 1125//1125 1124//1124
f 1046//1046 1127//1127 1045//1045
f 1128//1128 1047//1047 1045//1045
f 1128//1128 1045//1045 1127//1127
f 1128//1128 1129//1129 1047//1047
f 1129//1129 1040//1040 1047//1047
f 1129//1129 1118//1118 1040//1040
f 1130//1130 1048//1048 1120//1120
f 1120//1120 1048//1048 1041//1041
f 1120//1120 1121//1121 1131//1131
f 1120//1120 1131//1131 1130//1130
f 1049//1049 1123//1123 1043//1043
f 1049//1049 1132//1132 1123//1123
f 1125//1125 1050//1050 1044//1044
f 1126//1126 1133//1133 1125//1125
f 1133//1133 1050//1050 1125//1125
f 1133//1133 1051//1051 1050//1050
f 1051//1051 1134//1134 1052//1052
f 1133//1133 1134//1134 1051//1051
f 1052//1052 1135//1135 1053//1053
f 1134//1134 1135//1135 1052//1052
f 1046//1046 1053//1053 1127//1127
f 1053//1053 1136//1136 1127//1127
f 1053//1053 1135//1135 1136//1136
f 1127//1127 1136//1136 1128//1128
f 1128//1128 1136//1136 1137//1137
f 1128//1128 1137//1137 1129//1129
f 1138//1138 1054//1054 1130//1130
f 1130//1130 1054//1054 1048//1048
f 1130//1130 1131//1131 1139//1139
f 1130//1130 1139//1139 1138//1138
f 1055//1055 1132//1132 1049//1049
f 1055//1055 1140//1140 1132//1132
f 1138//1138 1056//1056 1054//1054
f 1058//1058 1056//1056 1138//1138
f 1139//1139 1058//1058 1138//1138
f 1141//1141 1058//1058 1139//1139
f 1142//1142 1140//1140 1055//1055
f 1142//1142 1055//1055 1059//1059
f 1143//1143 1059//1059 1060//1060
f 1143//1143 1142//1142 1059//1059
f 1144//1144 1060//1060 1061//1061
f 1144//1144 1143//1143 1060//1060
f 1145//1145 1061//1061 1062//1062
f 1145//1145 1144//1144 1061//1061
f 1146//1146 1062//1062 1063//1063
f 1146//1146 1145//1145 1062//1062
f 1147//1147 1063//1063 1064//1064
f 1147//1147 1146//1146 1063//1063
f 1148//1148 1064//1064 1065//1065
f 1148//1148 1147//1147 1064//1064
f 1149//1149 1065//1065 1066//1066
f 1149//1149 1148//1148 1065//1065
f 1150//1150 1066//1066 1067//1067
f 1150//1150 1149//1149 1066//1066
f 1151//1151 1067//1067 1068//1068
f 1151//1151 1150//1150 1067//1067
f 1068//1068 1069//1069 1151//1151
f 1151//1151 1069//1069 1152//1152
f 1141//1141 1070//1070 1058//1058
f 1153//1153 1070//1070 1141//1141
f 1154//1154 1152//1152 1069//1069
f 1154//1154 1069//1069 1071//1071
f 1071//1071 1072//1072 1154//1154
f 1154//1154 1072//1072 1155//1155
f 1153//1153 1073//1073 1070//1070
f 1156//1156 1073//1073 1153//1153
f 1074//1074 1155//1155 1072//1072
f 1074//1074 1157//1157 1155//1155
f 1156//1156 1075//1075 1073//1073
f 1158//1158 1075//1075 1156//1156
f 1076//1076 1157//1157 1074//1074
f 1076//1076 1159//1159 1157//1157
f 1158//1158 1077//1077 1075//1075
f 1160//1160 1077//1077 1158//1158
f 1078//1078 1159//1159 1076//1076
f 1078//1078 1161//1161 1159//1159
f 1163//1163 1162//1162 1080//1080
f 1080//1080 1162//1162 1079//1079
f 1080//1080 1077//1077 1160//1160
f 1080//1080 1160//1160 1163//1163
f 1164//1164 1161//1161 1078//1078
f 1164//1164 1078//1078 1081//1081
f 1081//1081 1082//1082 1164//1164
f 1164//1164 1082//1082 1165//1165
f 1162//1162 1083//1083 1079//1079
f 1166//1166 1083//1083 1162//1162
f 1167//1167 1165//1165 1082//1082
f 1167//1167 1082//1082 1084//1084
f 1084//1084 1083//1083 1166//1166
f 1084//1084 1166//1166 1167//1167
f 1169//1169 1168//1168 1085//1085
f 1169//1169 1085//1085 1086//1086
f 1085//1085 1170//1170 1087//1087
f 1168//1168 1170//1170 1085//1085
f 1087//1087 1171//1171 1088//1088
f 1170//1170 1171//1171 1087//1087
f 1088//1088 1172//1172 1089//1089
f 1171//1171 1172//1172 1088//1088
f 1089//1089 1173//1173 1090//1090
f 1172//1172 1173//1173 1089//1089
f 1090//1090 1174//1174 1091//1091
f 1173//1173 1174//1174 1090//1090
f 1091//1091 1175//1175 1092//1092
f 1174//1174 1175//1175 1091//1091
f 1092//1092 1176//1176 1093//1093
f 1175//1175 1176//1176 1092//1092
f 1093//1093 1177//1177 1094//1094
f 1176//1176 1177//1177 1093//1093
f 1094//1094 1178//1178 1095//1095
f 1177//1177 1178//1178 1094//1094
f 1095//1095 1179//1179 1096//1096
f 1178//1178 1179//1179 1095//1095
f 1097//1097 1096//1096 1179//1179
f 1097//1097 1179//1179 1180//1180
f 1182//1182 1181//1181 1098//1098
f 1182//1182 1098//1098 1099//1099
f 1086//1086 1098//1098 1169//1169
f 1169//1169 1098//1098 1181//1181
f 1185//1185 1184//1184 1183//1183
f 1187//1187 1186//1186 1183//1183
f 1183//1183 1186//1186 1185//1185
f 1187//1187 1188//1188 1186//1186
f 1180//1180 1189//1189 1097//1097
f 1097//1097 1189//1189 1102//1102
f 1103//1103 1102//1102 1189//1189
f 1103//1103 1189//1189 1190//1190
f 1105//1105 1191//1191 1104//1104
f 1191//1191 1192//1192 1104//1104
f 1192//1192 1099//1099 1104//1104
f 1192//1192 1182//1182 1099//1099
f 1194//1194 1193//1193 1108//1108
f 1108//1108 1193//1193 1107//1107
f 1195//1195 1108//1108 1109//1109
f 1195//1195 1194//1194 1108//1108
f 1196//1196 1109//1109 1110//1110
f 1196//1196 1195//1195 1109//1109
f 1111//1111 1183//1183 1184//1184
f 1196//1196 1111//1111 1184//1184
f 1110//1110 1111//1111 1196//1196
f 1183//1183 1111//1111 1112//1112
f 1183//1183 1112//1112 1187//1187
f 1198//1198 1197//1197 1113//1113
f 1113//1113 1197//1197 1112//1112
f 1197//1197 1188//1188 1112//1112
f 1188//1188 1187//1187 1112//1112
f 1198//1198 1199//1199 1197//1197
f 1190//1190 1114//1114 1103//1103
f 1200//1200 1114//1114 1190//1190
f 1202//1202 1201//1201 1191//1191
f 1105//1105 1202//1202 1191//1191
f 1115//1115 1202//1202 1105//1105
f 1191//1191 1201//1201 1192//1192
f 1204//1204 1203//1203 1117//1117
f 1117//1117 1203//1203 1116//1116
f 1117//1117 1107//1107 1193//1193
f 1117//1117 1193//1193 1204//1204
f 1118//1118 1205//1205 1198//1198
f 1118//1118 1198//1198 1113//1113
f 1199//1199 1198//1198 1206//1206
f 1206//1206 1198//1198 1205//1205
f 1119//1119 1114//1114 1207//1207
f 1114//1114 1208//1208 1207//1207
f 1114//1114 1200//1200 1208//1208
f 1207//1207 1121//1121 1119//1119
f 1209//1209 1202//1202 1115//1115
f 1209//1209 1115//1115 1122//1122
f 1122//1122 1123//1123 1209//1209
f 1209//1209 1123//1123 1210//1210
f 1203//1203 1211//1211 1116//1116
f 1116//1116 1211//1211 1124//1124
f 1126//1126 1124//1124 1211//1211
f 1126//1126 1211//1211 1212//1212
f 1214//1214 1213//1213 1205//1205
f 1118//1118 1214//1214 1205//1205
f 1129//1129 1214//1214 1118//1118
f 1205//1205 1213//1213 1206//1206
f 1207//1207 1208//1208 1215//1215
f 1215//1215 1208//1208 1216//1216
f 1215//1215 1131//1131 1121//1121
f 1215//1215 1121//1121 1207//1207
f 1132//1132 1210//1210 1123//1123
f 1132//1132 1217//1217 1210//1210
f 1212//1212 1218//1218 1126//1126
f 1126//1126 1218//1218 1133//1133
f 1133//1133 1219//1219 1134//1134
f 1218//1218 1219//1219 1133//1133
f 1134//1134 1220//1220 1135//1135
f 1219//1219 1220//1220 1134//1134
f 1135//1135 1221//1221 1136//1136
f 1220//1220 1221//1221 1135//1135
f 1136//1136 1222//1222 1137//1137
f 1221//1221 1222//1222 1136//1136
f 1129//1129 1137//1137 1214//1214
f 1214//1214 1137//1137 1222//1222
f 1215//1215 1216//1216 1223//1223
f 1223//1223 1216//1216 1224//1224
f 1223//1223 1139//1139 1131//1131
f 1223//1223 1131//1131 1215//1215
f 1140//1140 1217//1217 1132//1132
f 1140//1140 1225//1225 1217//1217
f 1223//1223 1224//1224 1226//1226
f 1226//1226 1224//1224 1227//1227
f 1226//1226 1141//1141 1139//1139
f 1226//1226 1139//1139 1223//1223
f 1228//1228 1225//1225 1140//1140
f 1228//1228 1140//1140 1142//1142
f 1229//1229 1142//1142 1143//1143
f 1229//1229 1228//1228 1142//1142
f 1230//1230 1143//1143 1144//1144
f 1230//1230 1229//1229 1143//1143
f 1231//1231 1144//1144 1145//1145
f 1231//1231 1230//1230 1144//1144
f 1232//1232 1145//1145 1146//1146
f 1232//1232 1231//1231 1145//1145
f 1233//1233 1146//1146 1147//1147
f 1233//1233 1232//1232 1146//1146
f 1234//1234 1147//1147 1148//1148
f 1234//1234 1233//1233 1147//1147
f 1235//1235 1148//1148 1149//1149
f 1235//1235 1234//1234 1148//1148
f 1236//1236 1149//1149 1150//1150
f 1236//1236 1235//1235 1149//1149
f 1238//1238 1236//1236 1237//1237
f 1236//1236 1151//1151 1237//1237
f 1236//1236 1150//1150 1151//1151
f 1152//1152 1237//1237 1151//1151
f 1227//1227 1239//1239 1226//1226
f 1141//1141 1226//1226 1239//1239
f 1240//1240 1141//1141 1239//1239
f 1153//1153 1141//1141 1240//1240
f 1241//1241 1238//1238 1237//1237
f 1243//1243 1241//1241 1242//1242
f 1242//1242 1241//1241 1154//1154
f 1241//1241 1237//1237 1154//1154
f 1237//1237 1152//1152 1154//1154
f 1155//1155 1242//1242 1154//1154
f 1240//1240 1156//1156 1153//1153
f 1244//1244 1156//1156 1240//1240
f 1245//1245 1243//1243 1242//1242
f 1242//1242 1155//1155 1245//1245
f 1155//1155 1246//1246 1245//1245
f 1155//1155 1157//1157 1246//1246
f 1244//1244 1158//1158 1156//1156
f 1247//1247 1158//1158 1244//1244
f 1159//1159 1246//1246 1157//1157
f 1159//1159 1248//1248 1246//1246
f 1247//1247 1160//1160 1158//1158
f 1249//1249 1160//1160 1247//1247
f 1161//1161 1248//1248 1159//1159
f 1161//1161 1250//1250 1248//1248
f 1252//1252 1251//1251 1163//1163
f 1163//1163 1251//1251 1162//1162
f 1163//1163 1160//1160 1249//1249
f 1163//1163 1249//1249 1252//1252
f 1253//1253 1250//1250 1161//1161
f 1253//1253 1161//1161 1164//1164
f 1164//1164 1165//1165 1253//1253
f 1253//1253 1165//1165 1254//1254
f 1251//1251 1166//1166 1162//1162
f 1255//1255 1166//1166 1251//1251
f 1256//1256 1254//1254 1165//1165
f 1256//1256 1165//1165 1167//1167
f 1167//1167 1166//1166 1255//1255
f 1167//1167 1255//1255 1256//1256
f 1259//1259 1258//1258 1257//1257
f 1260//1260 1257//1257 1258//1258
f 1261//1261 1259//1259 1257//1257
f 1261//1261 1257//1257 1260//1260
f 1263//1263 1262//1262 1168//1168
f 1263//1263 1168//1168 1169//1169
f 1168//1168 1264//1264 1170//1170
f 1262//1262 1264//1264 1168//1168
f 1170//1170 1265//1265 1171//1171
f 1264//1264 1265//1265 1170//1170
f 1171//1171 1266//1266 1172//1172
f 1265//1265 1266//1266 1171//1171
f 1172//1172 1267//1267 1173//1173
f 1266//1266 1267//1267 1172//1172
f 1173//1173 1268//1268 1174//1174
f 1267//1267 1268//1268 1173//1173
f 1268//1268 1270//1270 1269//1269
f 1175//1175 1268//1268 1269//1269
f 1174//1174 1268//1268 1175//1175
f 1175//1175 1269//1269 1271//1271
f 1272//1272 1175//1175 1271//1271
f 1176//1176 1175//1175 1272//1272
f 1176//1176 1273//1273 1177//1177
f 1272//1272 1273//1273 1176//1176
f 1177//1177 1274//1274 1178//1178
f 1273//1273 1274//1274 1177//1177
f 1178//1178 1275//1275 1179//1179
f 1274//1274 1275//1275 1178//1178
f 1180//1180 1179//1179 1275//1275
f 1180//1180 1275//1275 1276//1276
f 1278//1278 1277//1277 1181//1181
f 1278//1278 1181//1181 1182//1182
f 1169//1169 1181//1181 1263//1263
f 1263//1263 1181//1181 1277//1277
f 1269//1269 1270//1270 1185//1185
f 1270//1270 1184//1184 1185//1185
f 1270//1270 1279//1279 1184//1184
f 1280//1280 1271//1271 1269//1269
f 1185//1185 1280//1280 1269//1269
f 1186//1186 1280//1280 1185//1185
f 1186//1186 1188//1188 1280//1280
f 1280//1280 1188//1188 1281//1281
f 1276//1276 1282//1282 1180//1180
f 1180//1180 1282//1282 1189//1189
f 1190//1190 1189//1189 1282//1282
f 1190//1190 1282//1282 1283//1283
f 1192//1192 1278//1278 1182//1182
f 1192//1192 1284//1284 1278//1278
f 1287//1287 1286//1286 1285//1285
f 1193//1193 1194//1194 1285//1285
f 1194//1194 1287//1287 1285//1285
f 1194//1194 1288//1288 1287//1287
f 1289//1289 1194//1194 1195//1195
f 1289//1289 1288//1288 1194//1194
f 1290//1290 1195//1195 1196//1196
f 1290//1290 1289//1289 1195//1195
f 1196//1196 1184//1184 1279//1279
f 1196//1196 1279//1279 1290//1290
f 1291//1291 1281//1281 1188//1188
f 1291//1291 1188//1188 1197//1197
f 1197//1197 1199//1199 1291//1291
f 1291//1291 1199//1199 1292//1292
f 1283//1283 1200//1200 1190//1190
f 1293//1293 1200//1200 1283//1283
f 1295//1295 1294//1294 1201//1201
f 1295//1295 1201//1201 1202//1202
f 1192//1192 1201//1201 1284//1284
f 1284//1284 1201//1201 1294//1294
f 1298//1298 1297//1297 1296//1296
f 1298//1298 1296//1296 1286//1286
f 1286//1286 1296//1296 1285//1285
f 1296//1296 1203//1203 1285//1285
f 1203//1203 1204//1204 1285//1285
f 1285//1285 1204//1204 1193//1193
f 1206//1206 1292//1292 1199//1199
f 1206//1206 1299//1299 1292//1292
f 1293//1293 1208//1208 1200//1200
f 1300//1300 1208//1208 1293//1293
f 1301//1301 1295//1295 1202//1202
f 1301//1301 1202//1202 1209//1209
f 1209//1209 1210//1210 1301//1301
f 1301//1301 1210//1210 1302//1302
f 1297//1297 1303//1303 1296//1296
f 1303//1303 1305//1305 1304//1304
f 1303//1303 1304//1304 1211//1211
f 1296//1296 1303//1303 1211//1211
f 1203//1203 1296//1296 1211//1211
f 1304//1304 1212//1212 1211//1211
f 1214//1214 1306//1306 1213//1213
f 1306//1306 1307//1307 1213//1213
f 1307//1307 1206//1206 1213//1213
f 1307//1307 1299//1299 1206//1206
f 1300//1300 1216//1216 1208//1208
f 1308//1308 1216//1216 1300//1300
f 1217//1217 1302//1302 1210//1210
f 1217//1217 1309//1309 1302//1302
f 1305//1305 1310//1310 1304//1304
f 1304//1304 1310//1310 1212//1212
f 1310//1310 1218//1218 1212//1212
f 1310//1310 1311//1311 1218//1218
f 1218//1218 1312//1312 1219//1219
f 1311//1311 1312//1312 1218//1218
f 1219//1219 1313//1313 1220//1220
f 1312//1312 1313//1313 1219//1219
f 1313//1313 1315//1315 1314//1314
f 1221//1221 1313//1313 1314//1314
f 1220//1220 1313//1313 1221//1221
f 1316//1316 1222//1222 1221//1221
f 1316//1316 1221//1221 1314//1314
f 1316//1316 1317//1317 1222//1222
f 1222//1222 1317//1317 1214//1214
f 1317//1317 1318//1318 1214//1214
f 1318//1318 1306//1306 1214//1214
f 1306//1306 1318//1318 1307//1307
f 1308//1308 1224//1224 1216//1216
f 1319//1319 1224//1224 1308//1308
f 1225//1225 1309//1309 1217//1217
f 1225//1225 1320//1320 1309//1309
f 1315//1315 1321//1321 1314//1314
f 1314//1314 1321//1321 1316//1316
f 1316//1316 1321//1321 1322//1322
f 1316//1316 1322//1322 1317//1317
f 1319//1319 1227//1227 1224//1224
f 1323//1323 1227//1227 1319//1319
f 1324//1324 1320//1320 1225//1225
f 1324//1324 1225//1225 1228//1228
f 1325//1325 1228//1228 1229//1229
f 1325//1325 1324//1324 1228//1228
f 1326//1326 1229//1229 1230//1230
f 1326//1326 1325//1325 1229//1229
f 1327//1327 1230//1230 1231//1231
f 1327//1327 1326//1326 1230//1230
f 1328//1328 1231//1231 1232//1232
f 1328//1328 1327//1327 1231//1231
f 1329//1329 1232//1232 1233//1233
f 1329//1329 1328//1328 1232//1232
f 1330//1330 1233//1233 1234//1234
f 1330//1330 1329//1329 1233//1233
f 1331//1331 1234//1234 1235//1235
f 1331//1331 1330//1330 1234//1234
f 1332//1332 1235//1235 1236//1236
f 1332//1332 1331//1331 1235//1235
f 1334//1334 1333//1333 1238//1238
f 1333//1333 1236//1236 1238//1238
f 1333//1333 1332//1332 1236//1236
f 1334//1334 1335//1335 1333//1333
f 1239//1239 1227//1227 1336//1336
f 1227//1227 1337//1337 1336//1336
f 1227//1227 1323//1323 1337//1337
f 1336//1336 1240//1240 1239//1239
f 1241//1241 1334//1334 1238//1238
f 1241//1241 1243//1243 1334//1334
f 1243//1243 1335//1335 1334//1334
f 1243//1243 1338//1338 1335//1335
f 1337//1337 1339//1339 1336//1336
f 1240//1240 1336//1336 1339//1339
f 1340//1340 1240//1240 1339//1339
f 1244//1244 1240//1240 1340//1340
f 1341//1341 1338//1338 1243//1243
f 1341//1341 1243//1243 1245//1245
f 1245//1245 1246//1246 1341//1341
f 1341//1341 1246//1246 1342//1342
f 1340//1340 1247//1247 1244//1244
f 1343//1343 1247//1247 1340//1340
f 1248//1248 1342//1342 1246//1246
f 1248//1248 1344//1344 1342//1342
f 1343//1343 1249//1249 1247//1247
f 1345//1345 1249//1249 1343//1343
f 1250//1250 1344//1344 1248//1248
f 1250//1250 1346//1346 1344//1344
f 1348//1348 1347//1347 1252//1252
f 1252//1252 1347//1347 1251//1251
f 1252//1252 1249//1249 1345//1345
f 1252//1252 1345//1345 1348//1348
f 1349//1349 1346//1346 1250//1250
f 1349//1349 1250//1250 1253//1253
f 1253//1253 1254//1254 1349//1349
f 1349//1349 1254//1254 1350//1350
f 1347//1347 1255//1255 1251//1251
f 1351//1351 1255//1255 1347//1347
f 1352//1352 1350//1350 1254//1254
f 1352//1352 1254//1254 1256//1256
f 1256//1256 1255//1255 1351//1351
f 1256//1256 1351//1351 1352//1352
f 1354//1354 1353//1353 1258//1258
f 1354//1354 1258//1258 1259//1259
f 1260//1260 1258//1258 1353//1353
f 1260//1260 1353//1353 1355//1355
f 1356//1356 1354//1354 1259//1259
f 1356//1356 1259//1259 1261//1261
f 1261//1261 1260//1260 1355//1355
f 1261//1261 1355//1355 1356//1356
f 1358//1358 1357//1357 1262//1262
f 1358//1358 1262//1262 1263//1263
f 1262//1262 1359//1359 1264//1264
f 1357//1357 1359//1359 1262//1262
f 1264//1264 1360//1360 1265//1265
f 1359//1359 1360//1360 1264//1264
f 1265//1265 1361//1361 1266//1266
f 1360//1360 1361//1361 1265//1265
f 1266//1266 1362//1362 1267//1267
f 1361//1361 1362//1362 1266//1266
f 1267//1267 1363//1363 1268//1268
f 1362//1362 1363//1363 1267//1267
f 1365//1365 1364//1364 1270//1270
f 1268//1268 1365//1365 1270//1270
f 1363//1363 1365//1365 1268//1268
f 1272//1272 1271//1271 1364//1364
f 1365//1365 1272//1272 1364//1364
f 1366//1366 1272//1272 1365//1365
f 1272//1272 1367//1367 1273//1273
f 1366//1366 1367//1367 1272//1272
f 1273//1273 1368//1368 1274//1274
f 1367//1367 1368//1368 1273//1273
f 1274//1274 1369//1369 1275//1275
f 1368//1368 1369//1369 1274//1274
f 1276//1276 1275//1275 1369//1369
f 1276//1276 1369//1369 1370//1370
f 1372//1372 1371//1371 1277//1277
f 1372//1372 1277//1277 1278//1278
f 1263//1263 1277//1277 1358//1358
f 1358//1358 1277//1277 1371//1371
f 1374//1374 1373//1373 1364//1364
f 1373//1373 1270//1270 1364//1364
f 1373//1373 1279//1279 1270//1270
f 1374//1374 1364//1364 1271//1271
f 1280//1280 1374//1374 1271//1271
f 1375//1375 1374//1374 1280//1280
f 1280//1280 1281//1281 1375//1375
f 1375//1375 1281//1281 1376//1376
f 1370//1370 1377//1377 1276//1276
f 1276//1276 1377//1377 1282//1282
f 1283//1283 1282//1282 1377//1377
f 1283//1283 1377//1377 1378//1378
f 1284//1284 1372//1372 1278//1278
f 1284//1284 1379//1379 1372//1372
f 1381//1381 1380//1380 1287//1287
f 1287//1287 1380//1380 1286//1286
f 1382//1382 1287//1287 1288//1288
f 1382//1382 1381//1381 1287//1287
f 1383//1383 1288//1288 1289//1289
f 1383//1383 1382//1382 1288//1288
f 1384//1384 1289//1289 1290//1290
f 1384//1384 1383//1383 1289//1289
f 1290//1290 1279//1279 1373//1373
f 1290//1290 1373//1373 1384//1384
f 1385//1385 1376//1376 1281//1281
f 1385//1385 1281//1281 1291//1291
f 1291//1291 1292//1292 1385//1385
f 1385//1385 1292//1292 1386//1386
f 1378//1378 1293//1293 1283//1283
f 1387//1387 1293//1293 1378//1378
f 1389//1389 1388//1388 1294//1294
f 1389//1389 1294//1294 1295//1295
f 1284//1284 1294//1294 1379//1379
f 1379//1379 1294//1294 1388//1388
f 1390//1390 1297//1297 1298//1298
f 1391//1391 1390//1390 1298//1298
f 1286//1286 1391//1391 1298//1298
f 1380//1380 1391//1391 1286//1286
f 1299//1299 1393//1393 1392//1392
f 1386//1386 1299//1299 1392//1392
f 1292//1292 1299//1299 1386//1386
f 1395//1395 1394//1394 1393//1393
f 1393//1393 1394//1394 1392//1392
f 1395//1395 1396//1396 1394//1394
f 1387//1387 1300//1300 1293//1293
f 1397//1397 1300//1300 1387//1387
f 1398//1398 1389//1389 1295//1295
f 1398//1398 1295//1295 1301//1301
f 1301//1301 1302//1302 1398//1398
f 1398//1398 1302//1302 1399//1399
f 1390//1390 1303//1303 1297//1297
f 1305//1305 1303//1303 1390//1390
f 1391//1391 1305//1305 1390//1390
f 1400//1400 1305//1305 1391//1391
f 1403//1403 1402//1402 1401//1401
f 1404//1404 1401//1401 1402//1402
f 1307//1307 1405//1405 1393//1393
f 1307//1307 1393//1393 1299//1299
f 1393//1393 1406//1406 1395//1395
f 1393//1393 1405//1405 1406//1406
f 1396//1396 1395//1395 1407//1407
f 1407//1407 1395//1395 1406//1406
f 1397//1397 1308//1308 1300//1300
f 1408//1408 1308//1308 1397//1397
f 1309//1309 1399//1399 1302//1302
f 1309//1309 1409//1409 1399//1399
f 1400//1400 1410//1410 1305//1305
f 1305//1305 1410//1410 1310//1310
f 1310//1310 1411//1411 1311//1311
f 1410//1410 1411//1411 1310//1310
f 1401//1401 1312//1312 1403//1403
f 1312//1312 1411//1411 1403//1403
f 1312//1312 1311//1311 1411//1411
f 1404//1404 1412//1412 1401//1401
f 1412//1412 1312//1312 1401//1401
f 1412//1412 1313//1313 1312//1312
f 1414//1414 1413//1413 1315//1315
f 1313//1313 1414//1414 1315//1315
f 1412//1412 1414//1414 1313//1313
f 1415//1415 1413//1413 1414//1414
f 1417//1417 1416//1416 1318//1318
f 1417//1417 1318//1318 1317//1317
f 1307//1307 1318//1318 1405//1405
f 1318//1318 1418//1418 1405//1405
f 1318//1318 1416//1416 1418//1418
f 1405//1405 1418//1418 1406//1406
f 1406//1406 1418//1418 1419//1419
f 1406//1406 1419//1419 1407//1407
f 1408//1408 1319//1319 1308//1308
f 1420//1420 1319//1319 1408//1408
f 1320//1320 1409//1409 1309//1309
f 1320//1320 1421//1421 1409//1409
f 1413//1413 1321//1321 1315//1315
f 1415//1415 1422//1422 1413//1413
f 1422//1422 1321//1321 1413//1413
f 1422//1422 1322//1322 1321//1321
f 1317//1317 1322//1322 1417//1417
f 1417//1417 1322//1322 1422//1422
f 1420//1420 1323//1323 1319//1319
f 1423//1423 1323//1323 1420//1420
f 1424//1424 1421//1421 1320//1320
f 1424//1424 1320//1320 1324//1324
f 1425//1425 1324//1324 1325//1325
f 1425//1425 1424//1424 1324//1324
f 1426//1426 1325//1325 1326//1326
f 1426//1426 1425//1425 1325//1325
f 1427//1427 1326//1326 1327//1327
f 1427//1427 1426//1426 1326//1326
f 1428//1428 1327//1327 1328//1328
f 1428//1428 1427//1427 1327//1327
f 1429//1429 1328//1328 1329//1329
f 1429//1429 1428//1428 1328//1328
f 1430//1430 1329//1329 1330//1330
f 1430//1430 1429//1429 1329//1329
f 1431//1431 1330//1330 1331//1331
f 1431//1431 1430//1430 1330//1330
f 1432//1432 1331//1331 1332//1332
f 1432//1432 1431//1431 1331//1331
f 1433//1433 1332//1332 1333//1333
f 1433//1433 1432//1432 1332//1332
f 1333//1333 1335//1335 1433//1433
f 1433//1433 1335//1335 1434//1434
f 1423//1423 1337//1337 1323//1323
f 1435//1435 1337//1337 1423//1423
f 1338//1338 1437//1437 1436//1436
f 1434//1434 1338//1338 1436//1436
f 1335//1335 1338//1338 1434//1434
f 1437//1437 1438//1438 1436//1436
f 1435//1435 1439//1439 1337//1337
f 1337//1337 1439//1439 1339//1339
f 1340//1340 1339//1339 1439//1439
f 1340//1340 1439//1439 1440//1440
f 1341//1341 1437//1437 1338//1338
f 1341//1341 1342//1342 1437//1437
f 1342//1342 1438//1438 1437//1437
f 1342//1342 1441//1441 1438//1438
f 1440//1440 1343//1343 1340//1340
f 1442//1442 1343//1343 1440//1440
f 1344//1344 1441//1441 1342//1342
f 1344//1344 1443//1443 1441//1441
f 1442//1442 1345//1345 1343//1343
f 1444//1444 1345//1345 1442//1442
f 1346//1346 1443//1443 1344//1344
f 1346//1346 1445//1445 1443//1443
f 1447//1447 1446//1446 1348//1348
f 1348//1348 1446//1446 1347//1347
f 1348//1348 1345//1345 1444//1444
f 1348//1348 1444//1444 1447//1447
f 1448//1448 1445//1445 1346//1346
f 1448//1448 1346//1346 1349//1349
f 1349//1349 1350//1350 1448//1448
f 1448//1448 1350//1350 1449//1449
f 1446//1446 1351//1351 1347//1347
f 1450//1450 1351//1351 1446//1446
f 1451//1451 1449//1449 1350//1350
f 1451//1451 1350//1350 1352//1352
f 1352//1352 1351//1351 1450//1450
f 1352//1352 1450//1450 1451//1451
f 1453//1453 1452//1452 1353//1353
f 1453//1453 1353//1353 1354//1354
f 1355//1355 1353//1353 1452//1452
f 1355//1355 1452//1452 1454//1454
f 1455//1455 1453//1453 1354//1354
f 1455//1455 1354//1354 1356//1356
f 1356//1356 1355//1355 1454//1454
f 1356//1356 1454//1454 1455//1455
f 1457//1457 1456//1456 1357//1357
f 1457//1457 1357//1357 1358//1358
f 1357//1357 1458//1458 1359//1359
f 1456//1456 1458//1458 1357//1357
f 1359//1359 1459//1459 1360//1360
f 1458//1458 1459//1459 1359//1359
f 1360//1360 1460//1460 1361//1361
f 1459//1459 1460//1460 1360//1360
f 1361//1361 1461//1461 1362//1362
f 1460//1460 1461//1461 1361//1361
f 1362//1362 1462//1462 1363//1363
f 1461//1461 1462//1462 1362//1362
f 1363//1363 1463//1463 1365//1365
f 1462//1462 1463//1463 1363//1363
f 1365//1365 1464//1464 1366//1366
f 1463//1463 1464//1464 1365//1365
f 1366//1366 1465//1465 1367//1367
f 1464//1464 1465//1465 1366//1366
f 1367//1367 1466//1466 1368//1368
f 1465//1465 1466//1466 1367//1367
f 1368//1368 1467//1467 1369//1369
f 1466//1466 1467//1467 1368//1368
f 1370//1370 1369//1369 1467//1467
f 1370//1370 1467//1467 1468//1468
f 1470//1470 1469//1469 1371//1371
f 1470//1470 1371//1371 1372//1372
f 1358//1358 1371//1371 1457//1457
f 1457//1457 1371//1371 1469//1469
f 1471//1471 1373//1373 1374//1374
f 1375//1375 1472//1472 1374//1374
f 1374//1374 1472//1472 1471//1471
f 1376//1376 1472//1472 1375//1375
f 1468//1468 1473//1473 1370//1370
f 1370//1370 1473//1473 1377//1377
f 1378//1378 1377//1377 1473//1473
f 1378//1378 1473//1473 1474//1474
f 1379//1379 1470//1470 1372//1372
f 1379//1379 1475//1475 1470//1470
f 1476//1476 1380//1380 1381//1381
f 1382//1382 1477//1477 1381//1381
f 1381//1381 1477//1477 1476//1476
f 1383//1383 1478//1478 1382//1382
f 1382//1382 1478//1478 1477//1477
f 1384//1384 1479//1479 1383//1383
f 1383//1383 1479//1479 1478//1478
f 1480//1480 1479//1479 1384//1384
f 1480//1480 1384//1384 1373//1373
f 1481//1481 1480//1480 1373//1373
f 1471//1471 1481//1481 1373//1373
f 1481//1481 1471//1471 1472//1472
f 1481//1481 1472//1472 1482//1482
f 1484//1484 1482//1482 1483//1483
f 1483//1483 1482//1482 1385//1385
f 1482//1482 1472//1472 1385//1385
f 1472//1472 1376//1376 1385//1385
f 1386//1386 1483//1483 1385//1385
f 1474//1474 1387//1387 1378//1378
f 1485//1485 1387//1387 1474//1474
f 1487//1487 1486//1486 1388//1388
f 1487//1487 1388//1388 1389//1389
f 1379//1379 1388//1388 1475//1475
f 1475//1475 1388//1388 1486//1486
f 1488//1488 1391//1391 1476//1476
f 1476//1476 1391//1391 1380//1380
f 1489//1489 1476//1476 1477//1477
f 1488//1488 1476//1476 1489//1489
f 1490//1490 1477//1477 1478//1478
f 1489//1489 1477//1477 1490//1490
f 1491//1491 1478//1478 1479//1479
f 1490//1490 1478//1478 1491//1491
f 1479//1479 1480//1480 1492//1492
f 1479//1479 1492//1492 1491//1491
f 1493//1493 1484//1484 1483//1483
f 1495//1495 1493//1493 1494//1494
f 1494//1494 1493//1493 1392//1392
f 1493//1493 1483//1483 1392//1392
f 1483//1483 1386//1386 1392//1392
f 1394//1394 1496//1496 1392//1392
f 1392//1392 1496//1496 1494//1494
f 1396//1396 1496//1496 1394//1394
f 1485//1485 1397//1397 1387//1387
f 1497//1497 1397//1397 1485//1485
f 1498//1498 1487//1487 1389//1389
f 1498//1498 1389//1389 1398//1398
f 1398//1398 1399//1399 1498//1498
f 1498//1498 1399//1399 1499//1499
f 1500//1500 1400//1400 1488//1488
f 1488//1488 1400//1400 1391//1391
f 1501//1501 1488//1488 1489//1489
f 1500//1500 1488//1488 1501//1501
f 1403//1403 1501//1501 1402//1402
f 1501//1501 1490//1490 1402//1402
f 1501//1501 1489//1489 1490//1490
f 1402//1402 1490//1490 1404//1404
f 1490//1490 1502//1502 1404//1404
f 1490//1490 1491//1491 1502//1502
f 1491//1491 1492//1492 1503//1503
f 1491//1491 1503//1503 1502//1502
f 1506//1506 1505//1505 1504//1504
f 1504//1504 1508//1508 1507//1507
f 1504//1504 1494//1494 1508//1508
f 1504//1504 1505//1505 1495//1495
f 1494//1494 1504//1504 1495//1495
f 1508//1508 1494//1494 1496//1496
f 1508//1508 1496//1496 1509//1509
f 1496//1496 1396//1396 1509//1509
f 1396//1396 1510//1510 1509//1509
f 1396//1396 1407//1407 1510//1510
f 1497//1497 1408//1408 1397//1397
f 1511//1511 1408//1408 1497//1497
f 1409//1409 1499//1499 1399//1399
f 1409//1409 1512//1512 1499//1499
f 1500//1500 1410//1410 1400//1400
f 1410//1410 1500//1500 1411//1411
f 1411//1411 1500//1500 1501//1501
f 1411//1411 1501//1501 1403//1403
f 1502//1502 1412//1412 1404//1404
f 1503//1503 1513//1513 1502//1502
f 1513//1513 1412//1412 1502//1502
f 1513//1513 1414//1414 1412//1412
f 1515//1515 1514//1514 1415//1415
f 1414//1414 1515//1515 1415//1415
f 1513//1513 1515//1515 1414//1414
f 1514//1514 1515//1515 1506//1506
f 1514//1514 1506//1506 1504//1504
f 1417//1417 1514//1514 1504//1504
f 1416//1416 1417//1417 1504//1504
f 1507//1507 1516//1516 1504//1504
f 1516//1516 1416//1416 1504//1504
f 1516//1516 1418//1418 1416//1416
f 1418//1418 1517//1517 1419//1419
f 1516//1516 1517//1517 1418//1418
f 1407//1407 1419//1419 1510//1510
f 1510//1510 1419//1419 1517//1517
f 1511//1511 1420//1420 1408//1408
f 1518//1518 1420//1420 1511//1511
f 1421//1421 1512//1512 1409//1409
f 1421//1421 1519//1519 1512//1512
f 1514//1514 1422//1422 1415//1415
f 1422//1422 1514//1514 1417//1417
f 1518//1518 1423//1423 1420//1420
f 1520//1520 1423//1423 1518//1518
f 1521//1521 1519//1519 1421//1421
f 1521//1521 1421//1421 1424//1424
f 1522//1522 1424//1424 1425//1425
f 1522//1522 1521//1521 1424//1424
f 1523//1523 1425//1425 1426//1426
f 1523//1523 1522//1522 1425//1425
f 1524//1524 1426//1426 1427//1427
f 1524//1524 1523//1523 1426//1426
f 1525//1525 1427//1427 1428//1428
f 1525//1525 1524//1524 1427//1427
f 1526//1526 1428//1428 1429//1429
f 1526//1526 1525//1525 1428//1428
f 1527//1527 1429//1429 1430//1430
f 1527//1527 1526//1526 1429//1429
f 1528//1528 1430//1430 1431//1431
f 1528//1528 1527//1527 1430//1430
f 1529//1529 1431//1431 1432//1432
f 1529//1529 1528//1528 1431//1431
f 1530//1530 1432//1432 1433//1433
f 1530//1530 1529//1529 1432//1432
f 1433//1433 1434//1434 1530//1530
f 1530//1530 1434//1434 1531//1531
f 1520//1520 1435//1435 1423//1423
f 1532//1532 1435//1435 1520//1520
f 1533//1533 1531//1531 1434//1434
f 1533//1533 1434//1434 1436//1436
f 1436//1436 1438//1438 1533//1533
f 1533//1533 1438//1438 1534//1534
f 1439//1439 1435//1435 1535//1535
f 1435//1435 1536//1536 1535//1535
f 1435//1435 1532//1532 1536//1536
f 1535//1535 1440//1440 1439//1439
f 1441//1441 1534//1534 1438//1438
f 1441//1441 1537//1537 1534//1534
f 1536//1536 1538//1538 1535//1535
f 1440//1440 1535//1535 1538//1538
f 1539//1539 1440//1440 1538//1538
f 1442//1442 1440//1440 1539//1539
f 1443//1443 1537//1537 1441//1441
f 1443//1443 1540//1540 1537//1537
f 1539//1539 1444//1444 1442//1442
f 1541//1541 1444//1444 1539//1539
f 1445//1445 1540//1540 1443//1443
f 1445//1445 1542//1542 1540//1540
f 1544//1544 1543//1543 1447//1447
f 1447//1447 1543//1543 1446//1446
f 1447//1447 1444//1444 1541//1541
f 1447//1447 1541//1541 1544//1544
f 1545//1545 1542//1542 1445//1445
f 1545//1545 1445//1445 1448//1448
f 1448//1448 1449//1449 1545//1545
f 1545//1545 1449//1449 1546//1546
f 1543//1543 1450//1450 1446//1446
f 1547//1547 1450//1450 1543//1543
f 1548//1548 1546//1546 1449//1449
f 1548//1548 1449//1449 1451//1451
f 1451//1451 1450//1450 1547//1547
f 1451//1451 1547//1547 1548//1548
f 1550//1550 1549//1549 1452//1452
f 1550//1550 1452//1452 1453//1453
f 1454//1454 1452//1452 1549//1549
f 1454//1454 1549//1549 1551//1551
f 1552//1552 1550//1550 1453//1453
f 1552//1552 1453//1453 1455//1455
f 1455//1455 1454//1454 1551//1551
f 1455//1455 1551//1551 1552//1552
f 1554//1554 1553//1553 1456//1456
f 1554//1554 1456//1456 1457//1457
f 1456//1456 1555//1555 1458//1458
f 1553//1553 1555//1555 1456//1456
f 1458//1458 1556//1556 1459//1459
f 1555//1555 1556//1556 1458//1458
f 1459//1459 1557//1557 1460//1460
f 1556//1556 1557//1557 1459//1459
f 1460//1460 1558//1558 1461//1461
f 1557//1557 1558//1558 1460//1460
f 1461//1461 1559//1559 1462//1462
f 1558//1558 1559//1559 1461//1461
f 1462//1462 1560//1560 1463//1463
f 1559//1559 1560//1560 1462//1462
f 1463//1463 1561//1561 1464//1464
f 1560//1560 1561//1561 1463//1463
f 1464//1464 1562//1562 1465//1465
f 1561//1561 1562//1562 1464//1464
f 1465//1465 1563//1563 1466//1466
f 1562//1562 1563//1563 1465//1465
f 1466//1466 1564//1564 1467//1467
f 1563//1563 1564//1564 1466//1466
f 1468//1468 1467//1467 1564//1564
f 1468//1468 1564//1564 1565//1565
f 1567//1567 1566//1566 1469//1469
f 1567//1567 1469//1469 1470//1470
f 1457//1457 1469//1469 1554//1554
f 1554//1554 1469//1469 1566//1566
f 1565//1565 1568//1568 1468//1468
f 1468//1468 1568//1568 1473//1473
f 1474//1474 1473//1473 1568//1568
f 1474//1474 1568//1568 1569//1569
f 1475//1475 1567//1567 1470//1470
f 1475//1475 1570//1570 1567//1567
f 1571//1571 1480//1480 1481//1481
f 1482//1482 1572//1572 1481//1481
f 1481//1481 1572//1572 1571//1571
f 1484//1484 1572//1572 1482//1482
f 1569//1569 1485//1485 1474//1474
f 1573//1573 1485//1485 1569//1569
f 1575//1575 1574//1574 1486//1486
f 1575//1575 1486//1486 1487//1487
f 1475//1475 1486//1486 1570//1570
f 1570//1570 1486//1486 1574//1574
f 1576//1576 1492//1492 1571//1571
f 1571//1571 1492//1492 1480//1480
f 1577//1577 1571//1571 1572//1572
f 1576//1576 1571//1571 1577//1577
f 1493//1493 1578//1578 1484//1484
f 1578//1578 1572//1572 1484//1484
f 1578//1578 1577//1577 1572//1572
f 1495//1495 1578//1578 1493//1493
f 1573//1573 1497//1497 1485//1485
f 1579//1579 1497//1497 1573//1573
f 1580//1580 1575//1575 1487//1487
f 1580//1580 1487//1487 1498//1498
f 1498//1498 1499//1499 1580//1580
f 1580//1580 1499//1499 1581//1581
f 1582//1582 1503//1503 1576//1576
f 1576//1576 1503//1503 1492//1492
f 1583//1583 1576//1576 1577//1577
f 1582//1582 1576//1576 1583//1583
f 1506//1506 1583//1583 1505//1505
f 1583//1583 1578//1578 1505//1505
f 1583//1583 1577//1577 1578//1578
f 1505//1505 1578//1578 1495//1495
f 1584//1584 1507//1507 1508//1508
f 1509//1509 1585//1585 1508//1508
f 1508//1508 1585//1585 1584//1584
f 1510//1510 1585//1585 1509//1509
f 1579//1579 1511//1511 1497//1497
f 1586//1586 1511//1511 1579//1579
f 1512//1512 1581//1581 1499//1499
f 1512//1512 1587//1587 1581//1581
f 1582//1582 1513//1513 1503//1503
f 1513//1513 1582//1582 1515//1515
f 1515//1515 1582//1582 1583//1583
f 1515//1515 1583//1583 1506//1506
f 1584//1584 1516//1516 1507//1507
f 1516//1516 1584//1584 1517//1517
f 1517//1517 1584//1584 1585//1585
f 1517//1517 1585//1585 1510//1510
f 1586//1586 1518//1518 1511//1511
f 1588//1588 1518//1518 1586//1586
f 1519//1519 1587//1587 1512//1512
f 1519//1519 1589//1589 1587//1587
f 1588//1588 1520//1520 1518//1518
f 1590//1590 1520//1520 1588//1588
f 1591//1591 1589//1589 1519//1519
f 1591//1591 1519//1519 1521//1521
f 1592//1592 1521//1521 1522//1522
f 1592//1592 1591//1591 1521//1521
f 1593//1593 1522//1522 1523//1523
f 1593//1593 1592//1592 1522//1522
f 1594//1594 1523//1523 1524//1524
f 1594//1594 1593//1593 1523//1523
f 1595//1595 1524//1524 1525//1525
f 1595//1595 1594//1594 1524//1524
f 1596//1596 1525//1525 1526//1526
f 1596//1596 1595//1595 1525//1525
f 1597//1597 1526//1526 1527//1527
f 1597//1597 1596//1596 1526//1526
f 1598//1598 1527//1527 1528//1528
f 1598//1598 1597//1597 1527//1527
f 1599//1599 1528//1528 1529//1529
f 1599//1599 1598//1598 1528//1528
f 1600//1600 1529//1529 1530//1530
f 1600//1600 1599//1599 1529//1529
f 1530//1530 1531//1531 1600//1600
f 1600//1600 1531//1531 1601//1601
f 1590//1590 1532//1532 1520//1520
f 1602//1602 1532//1532 1590//1590
f 1603//1603 1601//1601 1531//1531
f 1603//1603 1531//1531 1533//1533
f 1533//1533 1534//1534 1603//1603
f 1603//1603 1534//1534 1604//1604
f 1602//1602 1536//1536 1532//1532
f 1605//1605 1536//1536 1602//1602
f 1537//1537 1604//1604 1534//1534
f 1537//1537 1606//1606 1604//1604
f 1605//1605 1607//1607 1536//1536
f 1536//1536 1607//1607 1538//1538
f 1539//1539 1538//1538 1607//1607
f 1539//1539 1607//1607 1608//1608
f 1540//1540 1606//1606 1537//1537
f 1540//1540 1609//1609 1606//1606
f 1608//1608 1541//1541 1539//1539
f 1610//1610 1541//1541 1608//1608
f 1542//1542 1609//1609 1540//1540
f 1542//1542 1611//1611 1609//1609
f 1613//1613 1612//1612 1544//1544
f 1544//1544 1612//1612 1543//1543
f 1544//1544 1541//1541 1610//1610
f 1544//1544 1610//1610 1613//1613
f 1614//1614 1611//1611 1542//1542
f 1614//1614 1542//1542 1545//1545
f 1545//1545 1546//1546 1614//1614
f 1614//1614 1546//1546 1615//1615
f 1612//1612 1547//1547 1543//1543
f 1616//1616 1547//1547 1612//1612
f 1617//1617 1615//1615 1546//1546
f 1617//1617 1546//1546 1548//1548
f 1548//1548 1547//1547 1616//1616
f 1548//1548 1616//1616 1617//1617
f 1619//1619 1618//1618 1549//1549
f 1619//1619 1549//1549 1550//1550
f 1551//1551 1549//1549 1618//1618
f 1551//1551 1618//1618 1620//1620
f 1621//1621 1619//1619 1550//1550
f 1621//1621 1550//1550 1552//1552
f 1552//1552 1551//1551 1620//1620
f 1552//1552 1620//1620 1621//1621
f 1623//1623 1622//1622 1553//1553
f 1623//1623 1553//1553 1554//1554
f 1553//1553 1624//1624 1555//1555
f 1622//1622 1624//1624 1553//1553
f 1555//1555 1625//1625 1556//1556
f 1624//1624 1625//1625 1555//1555
f 1556//1556 1626//1626 1557//1557
f 1625//1625 1626//1626 1556//1556
f 1557//1557 1627//1627 1558//1558
f 1626//1626 1627//1627 1557//1557
f 1558//1558 1628//1628 1559//1559
f 1627//1627 1628//1628 1558//1558
f 1559//1559 1629//1629 1560//1560
f 1628//1628 1629//1629 1559//1559
f 1560//1560 1630//1630 1561//1561
f 1629//1629 1630//1630 1560//1560
f 1561//1561 1631//1631 1562//1562
f 1630//1630 1631//1631 1561//1561
f 1562//1562 1632//1632 1563//1563
f 1631//1631 1632//1632 1562//1562
f 1563//1563 1633//1633 1564//1564
f 1632//1632 1633//1633 1563//1563
f 1565//1565 1564//1564 1633//1633
f 1565//1565 1633//1633 1634//1634
f 1636//1636 1635//1635 1566//1566
f 1636//1636 1566//1566 1567//1567
f 1554//1554 1566//1566 1623//1623
f 1623//1623 1566//1566 1635//1635
f 1634//1634 1637//1637 1565//1565
f 1565//1565 1637//1637 1568//1568
f 1569//1569 1568//1568 1637//1637
f 1569//1569 1637//1637 1638//1638
f 1570//1570 1636//1636 1567//1567
f 1570//1570 1639//1639 1636//1636
f 1638//1638 1573//1573 1569//1569
f 1640//1640 1573//1573 1638//1638
f 1642//1642 1641//1641 1574//1574
f 1642//1642 1574//1574 1575//1575
f 1570//1570 1574//1574 1639//1639
f 1639//1639 1574//1574 1641//1641
f 1640//1640 1579//1579 1573//1573
f 1643//1643 1579//1579 1640//1640
f 1644//1644 1642//1642 1575//1575
f 1644//1644 1575//1575 1580//1580
f 1580//1580 1581//1581 1644//1644
f 1644//1644 1581//1581 1645//1645
f 1643//1643 1586//1586 1579//1579
f 1646//1646 1586//1586 1643//1643
f 1587//1587 1645//1645 1581//1581
f 1587//1587 1647//1647 1645//1645
f 1646//1646 1588//1588 1586//1586
f 1648//1648 1588//1588 1646//1646
f 1589//1589 1647//1647 1587//1587
f 1589//1589 1649//1649 1647//1647
f 1648//1648 1590//1590 1588//1588
f 1650//1650 1590//1590 1648//1648
f 1651//1651 1649//1649 1589//1589
f 1651//1651 1589//1589 1591//1591
f 1652//1652 1591//1591 1592//1592
f 1652//1652 1651//1651 1591//1591
f 1653//1653 1592//1592 1593//1593
f 1653//1653 1652//1652 1592//1592
f 1654//1654 1593//1593 1594//1594
f 1654//1654 1653//1653 1593//1593
f 1655//1655 1594//1594 1595//1595
f 1655//1655 1654//1654 1594//1594
f 1656//1656 1595//1595 1596//1596
f 1656//1656 1655//1655 1595//1595
f 1657//1657 1596//1596 1597//1597
f 1657//1657 1656//1656 1596//1596
f 1658//1658 1597//1597 1598//1598
f 1658//1658 1657//1657 1597//1597
f 1659//1659 1598//1598 1599//1599
f 1659//1659 1658//1658 1598//1598
f 1661//1661 1659//1659 1660//1660
f 1659//1659 1600//1600 1660//1660
f 1659//1659 1599//1599 1600//1600
f 1601//1601 1660//1660 1600//1600
f 1650//1650 1602//1602 1590//1590
f 1662//1662 1602//1602 1650//1650
f 1663//1663 1661//1661 1660//1660
f 1665//1665 1663//1663 1664//1664
f 1664//1664 1663//1663 1603//1603
f 1663//1663 1660//1660 1603//1603
f 1660//1660 1601//1601 1603//1603
f 1604//1604 1664//1664 1603//1603
f 1662//1662 1605//1605 1602//1602
f 1666//1666 1605//1605 1662//1662
f 1667//1667 1665//1665 1664//1664
f 1664//1664 1604//1604 1667//1667
f 1604//1604 1668//1668 1667//1667
f 1604//1604 1606//1606 1668//1668
f 1666//1666 1669//1669 1605//1605
f 1605//1605 1669//1669 1607//1607
f 1608//1608 1607//1607 1669//1669
f 1608//1608 1669//1669 1670//1670
f 1609//1609 1668//1668 1606//1606
f 1609//1609 1671//1671 1668//1668
f 1670//1670 1610//1610 1608//1608
f 1672//1672 1610//1610 1670//1670
f 1611//1611 1671//1671 1609//1609
f 1611//1611 1673//1673 1671//1671
f 1675//1675 1674//1674 1613//1613
f 1613//1613 1674//1674 1612//1612
f 1613//1613 1610//1610 1672//1672
f 1613//1613 1672//1672 1675//1675
f 1676//1676 1673//1673 1611//1611
f 1676//1676 1611//1611 1614//1614
f 1614//1614 1615//1615 1676//1676
f 1676//1676 1615//1615 1677//1677
f 1674//1674 1616//1616 1612//1612
f 1678//1678 1616//1616 1674//1674
f 1679//1679 1677//1677 1615//1615
f 1679//1679 1615//1615 1617//1617
f 1617//1617 1616//1616 1678//1678
f 1617//1617 1678//1678 1679//1679
f 1681//1681 1680//1680 1618//1618
f 1681//1681 1618//1618 1619//1619
f 1620//1620 1618//1618 1680//1680
f 1620//1620 1680//1680 1682//1682
f 1683//1683 1681//1681 1619//1619
f 1683//1683 1619//1619 1621//1621
f 1621//1621 1620//1620 1682//1682
f 1621//1621 1682//1682 1683//1683
f 1685//1685 1684//1684 1622//1622
f 1685//1685 1622//1622 1623//1623
f 1622//1622 1686//1686 1624//1624
f 1684//1684 1686//1686 1622//1622
f 1624//1624 1687//1687 1625//1625
f 1686//1686 1687//1687 1624//1624
f 1625//1625 1688//1688 1626//1626
f 1687//1687 1688//1688 1625//1625
f 1626//1626 1689//1689 1627//1627
f 1688//1688 1689//1689 1626//1626
f 1627//1627 1690//1690 1628//1628
f 1689//1689 1690//1690 1627//1627
f 1628//1628 1691//1691 1629//1629
f 1690//1690 1691//1691 1628//1628
f 1629//1629 1692//1692 1630//1630
f 1691//1691 1692//1692 1629//1629
f 1630//1630 1693//1693 1631//1631
f 1692//1692 1693//1693 1630//1630
f 1631//1631 1694//1694 1632//1632
f 1693//1693 1694//1694 1631//1631
f 1632//1632 1695//1695 1633//1633
f 1694//1694 1695//1695 1632//1632
f 1634//1634 1633//1633 1695//1695
f 1634//1634 1695//1695 1696//1696
f 1698//1698 1697//1697 1635//1635
f 1698//1698 1635//1635 1636//1636
f 1623//1623 1635//1635 1685//1685
f 1685//1685 1635//1635 1697//1697
f 1696//1696 1699//1699 1634//1634
f 1634//1634 1699//1699 1637//1637
f 1638//1638 1637//1637 1699//1699
f 1638//1638 1699//1699 1700//1700
f 1639//1639 1698//1698 1636//1636
f 1639//1639 1701//1701 1698//1698
f 1704//1704 1703//1703 1702//1702
f 1702//1702 1705//1705 1704//1704
f 1700//1700 1640//1640 1638//1638
f 1706//1706 1640//1640 1700//1700
f 1708//1708 1707//1707 1641//1641
f 1708//1708 1641//1641 1642//1642
f 1639//1639 1641//1641 1701//1701
f 1701//1701 1641//1641 1707//1707
f 1702//1702 1703//1703 1709//1709
f 1709//1709 1703//1703 1710//1710
f 1705//1705 1702//1702 1711//1711
f 1711//1711 1702//1702 1709//1709
f 1713//1713 1643//1643 1712//1712
f 1643//1643 1706//1706 1712//1712
f 1643//1643 1640//1640 1706//1706
f 1714//1714 1713//1713 1712//1712
f 1715//1715 1708//1708 1642//1642
f 1715//1715 1642//1642 1644//1644
f 1644//1644 1645//1645 1715//1715
f 1715//1715 1645//1645 1716//1716
f 1710//1710 1717//1717 1709//1709
f 1709//1709 1717//1717 1711//1711
f 1719//1719 1718//1718 1713//1713
f 1718//1718 1643//1643 1713//1713
f 1718//1718 1646//1646 1643//1643
f 1719//1719 1713//1713 1714//1714
f 1647//1647 1716//1716 1645//1645
f 1647//1647 1720//1720 1716//1716
f 1718//1718 1648//1648 1646//1646
f 1721//1721 1648//1648 1718//1718
f 1649//1649 1720//1720 1647//1647
f 1649//1649 1722//1722 1720//1720
f 1721//1721 1650//1650 1648//1648
f 1723//1723 1650//1650 1721//1721
f 1724//1724 1722//1722 1649//1649
f 1724//1724 1649//1649 1651//1651
f 1725//1725 1651//1651 1652//1652
f 1725//1725 1724//1724 1651//1651
f 1726//1726 1652//1652 1653//1653
f 1726//1726 1725//1725 1652//1652
f 1727//1727 1653//1653 1654//1654
f 1727//1727 1726//1726 1653//1653
f 1728//1728 1654//1654 1655//1655
f 1728//1728 1727//1727 1654//1654
f 1729//1729 1655//1655 1656//1656
f 1729//1729 1728//1728 1655//1655
f 1730//1730 1656//1656 1657//1657
f 1730//1730 1729//1729 1656//1656
f 1731//1731 1657//1657 1658//1658
f 1731//1731 1730//1730 1657//1657
f 1732//1732 1658//1658 1659//1659
f 1732//1732 1731//1731 1658//1658
f 1734//1734 1733//1733 1661//1661
f 1733//1733 1659//1659 1661//1661
f 1733//1733 1732//1732 1659//1659
f 1734//1734 1735//1735 1733//1733
f 1723//1723 1662//1662 1650//1650
f 1736//1736 1662//1662 1723//1723
f 1663//1663 1734//1734 1661//1661
f 1738//1738 1737//1737 1665//1665
f 1665//1665 1737//1737 1663//1663
f 1737//1737 1735//1735 1663//1663
f 1735//1735 1734//1734 1663//1663
f 1738//1738 1739//1739 1737//1737
f 1736//1736 1666//1666 1662//1662
f 1740//1740 1666//1666 1736//1736
f 1667//1667 1738//1738 1665//1665
f 1667//1667 1668//1668 1738//1738
f 1668//1668 1739//1739 1738//1738
f 1668//1668 1741//1741 1739//1739
f 1740//1740 1742//1742 1666//1666
f 1666//1666 1742//1742 1669//1669
f 1670//1670 1669//1669 1742//1742
f 1670//1670 1742//1742 1743//1743
f 1671//1671 1741//1741 1668//1668
f 1671//1671 1744//1744 1741//1741
f 1743//1743 1672//1672 1670//1670
f 1745//1745 1672//1672 1743//1743
f 1673//1673 1744//1744 1671//1671
f 1673//1673 1746//1746 1744//1744
f 1748//1748 1747//1747 1675//1675
f 1675//1675 1747//1747 1674//1674
f 1675//1675 1672//1672 1745//1745
f 1675//1675 1745//1745 1748//1748
f 1749//1749 1746//1746 1673//1673
f 1749//1749 1673//1673 1676//1676
f 1676//1676 1677//1677 1749//1749
f 1749//1749 1677//1677 1750//1750
f 1747//1747 1678//1678 1674//1674
f 1751//1751 1678//1678 1747//1747
f 1752//1752 1750//1750 1677//1677
f 1752//1752 1677//1677 1679//1679
f 1679//1679 1678//1678 1751//1751
f 1679//1679 1751//1751 1752//1752
f 1754//1754 1753//1753 1680//1680
f 1754//1754 1680//1680 1681//1681
f 1682//1682 1680//1680 1753//1753
f 1682//1682 1753//1753 1755//1755
f 1756//1756 1754//1754 1681//1681
f 1756//1756 1681//1681 1683//1683
f 1683//1683 1682//1682 1755//1755
f 1683//1683 1755//1755 1756//1756
f 1758//1758 1757//1757 1684//1684
f 1758//1758 1684//1684 1685//1685
f 1684//1684 1759//1759 1686//1686
f 1757//1757 1759//1759 1684//1684
f 1686//1686 1760//1760 1687//1687
f 1759//1759 1760//1760 1686//1686
f 1687//1687 1761//1761 1688//1688
f 1760//1760 1761//1761 1687//1687
f 1688//1688 1762//1762 1689//1689
f 1761//1761 1762//1762 1688//1688
f 1689//1689 1763//1763 1690//1690
f 1762//1762 1763//1763 1689//1689
f 1690//1690 1764//1764 1691//1691
f 1763//1763 1764//1764 1690//1690
f 1691//1691 1765//1765 1692//1692
f 1764//1764 1765//1765 1691//1691
f 1692//1692 1766//1766 1693//1693
f 1765//1765 1766//1766 1692//1692
f 1693//1693 1767//1767 1694//1694
f 1766//1766 1767//1767 1693//1693
f 1694//1694 1768//1768 1695//1695
f 1767//1767 1768//1768 1694//1694
f 1696//1696 1695//1695 1768//1768
f 1696//1696 1768//1768 1769//1769
f 1771//1771 1770//1770 1697//1697
f 1771//1771 1697//1697 1698//1698
f 1685//1685 1697//1697 1758//1758
f 1758//1758 1697//1697 1770//1770
f 1769//1769 1772//1772 1696//1696
f 1696//1696 1772//1772 1699//1699
f 1700//1700 1699//1699 1772//1772
f 1700//1700 1772//1772 1773//1773
f 1701//1701 1771//1771 1698//1698
f 1701//1701 1774//1774 1771//1771
f 1775//1775 1703//1703 1704//1704
f 1705//1705 1775//1775 1704//1704
f 1773//1773 1706//1706 1700//1700
f 1776//1776 1706//1706 1773//1773
f 1778//1778 1777//1777 1707//1707
f 1778//1778 1707//1707 1708//1708
f 1701//1701 1707//1707 1774//1774
f 1774//1774 1707//1707 1777//1777
f 1780//1780 1779//1779 1775//1775
f 1779//1779 1703//1703 1775//1775
f 1779//1779 1710//1710 1703//1703
f 1775//1775 1705//1705 1780//1780
f 1705//1705 1781//1781 1780//1780
f 1705//1705 1711//1711 1781//1781
f 1784//1784 1783//1783 1782//1782
f 1782//1782 1785//1785 1784//1784
f 1776//1776 1786//1786 1706//1706
f 1706//1706 1786//1786 1712//1712
f 1714//1714 1712//1712 1786//1786
f 1714//1714 1786//1786 1787//1787
f 1788//1788 1778//1778 1708//1708
f 1788//1788 1708//1708 1715//1715
f 1715//1715 1716//1716 1788//1788
f 1788//1788 1716//1716 1789//1789
f 1779//1779 1790//1790 1710//1710
f 1710//1710 1790//1790 1717//1717
f 1711//1711 1717//1717 1781//1781
f 1781//1781 1717//1717 1790//1790
f 1783//1783 1791//1791 1782//1782
f 1782//1782 1791//1791 1785//1785
f 1793//1793 1792//1792 1719//1719
f 1719//1719 1792//1792 1718//1718
f 1719//1719 1714//1714 1787//1787
f 1719//1719 1787//1787 1793//1793
f 1720//1720 1789//1789 1716//1716
f 1720//1720 1794//1794 1789//1789
f 1792//1792 1721//1721 1718//1718
f 1795//1795 1721//1721 1792//1792
f 1722//1722 1794//1794 1720//1720
f 1722//1722 1796//1796 1794//1794
f 1795//1795 1723//1723 1721//1721
f 1797//1797 1723//1723 1795//1795
f 1798//1798 1796//1796 1722//1722
f 1798//1798 1722//1722 1724//1724
f 1799//1799 1724//1724 1725//1725
f 1799//1799 1798//1798 1724//1724
f 1800//1800 1725//1725 1726//1726
f 1800//1800 1799//1799 1725//1725
f 1801//1801 1726//1726 1727//1727
f 1801//1801 1800//1800 1726//1726
f 1802//1802 1727//1727 1728//1728
f 1802//1802 1801//1801 1727//1727
f 1803//1803 1728//1728 1729//1729
f 1803//1803 1802//1802 1728//1728
f 1804//1804 1729//1729 1730//1730
f 1804//1804 1803//1803 1729//1729
f 1805//1805 1730//1730 1731//1731
f 1805//1805 1804//1804 1730//1730
f 1806//1806 1731//1731 1732//1732
f 1806//1806 1805//1805 1731//1731
f 1807//1807 1732//1732 1733//1733
f 1807//1807 1806//1806 1732//1732
f 1733//1733 1735//1735 1807//1807
f 1807//1807 1735//1735 1808//1808
f 1797//1797 1736//1736 1723//1723
f 1809//1809 1736//1736 1797//1797
f 1810//1810 1808//1808 1735//1735
f 1810//1810 1735//1735 1737//1737
f 1737//1737 1739//1739 1810//1810
f 1810//1810 1739//1739 1811//1811
f 1809//1809 1740//1740 1736//1736
f 1812//1812 1740//1740 1809//1809
f 1741//1741 1811//1811 1739//1739
f 1741//1741 1813//1813 1811//1811
f 1812//1812 1814//1814 1740//1740
f 1740//1740 1814//1814 1742//1742
f 1743//1743 1742//1742 1814//1814
f 1743//1743 1814//1814 1815//1815
f 1744//1744 1813//1813 1741//1741
f 1744//1744 1816//1816 1813//1813
f 1815//1815 1745//1745 1743//1743
f 1817//1817 1745//1745 1815//1815
f 1746//1746 1816//1816 1744//1744
f 1746//1746 1818//1818 1816//1816
f 1820//1820 1819//1819 1748//1748
f 1748//1748 1819//1819 1747//1747
f 1748//1748 1745//1745 1817//1817
f 1748//1748 1817//1817 1820//1820
f 1821//1821 1818//1818 1746//1746
f 1821//1821 1746//1746 1749//1749
f 1749//1749 1750//1750 1821//1821
f 1821//1821 1750//1750 1822//1822
f 1819//1819 1751//1751 1747//1747
f 1823//1823 1751//1751 1819//1819
f 1824//1824 1822//1822 1750//1750
f 1824//1824 1750//1750 1752//1752
f 1752//1752 1751//1751 1823//1823
f 1752//1752 1823//1823 1824//1824
f 1826//1826 1825//1825 1753//1753
f 1826//1826 1753//1753 1754//1754
f 1755//1755 1753//1753 1825//1825
f 1755//1755 1825//1825 1827//1827
f 1828//1828 1826//1826 1754//1754
f 1828//1828 1754//1754 1756//1756
f 1756//1756 1755//1755 1827//1827
f 1756//1756 1827//1827 1828//1828
f 1830//1830 1829//1829 1757//1757
f 1830//1830 1757//1757 1758//1758
f 1757//1757 1831//1831 1759//1759
f 1829//1829 1831//1831 1757//1757
f 1759//1759 1832//1832 1760//1760
f 1831//1831 1832//1832 1759//1759
f 1760//1760 1833//1833 1761//1761
f 1832//1832 1833//1833 1760//1760
f 1761//1761 1834//1834 1762//1762
f 1833//1833 1834//1834 1761//1761
f 1762//1762 1835//1835 1763//1763
f 1834//1834 1835//1835 1762//1762
f 1763//1763 1836//1836 1764//1764
f 1835//1835 1836//1836 1763//1763
f 1764//1764 1837//1837 1765//1765
f 1836//1836 1837//1837 1764//1764
f 1765//1765 1838//1838 1766//1766
f 1837//1837 1838//1838 1765//1765
f 1766//1766 1839//1839 1767//1767
f 1838//1838 1839//1839 1766//1766
f 1767//1767 1840//1840 1768//1768
f 1839//1839 1840//1840 1767//1767
f 1769//1769 1768//1768 1840//1840
f 1769//1769 1840//1840 1841//1841
f 1843//1843 1842//1842 1770//1770
f 1843//1843 1770//1770 1771//1771
f 1758//1758 1770//1770 1830//1830
f 1830//1830 1770//1770 1842//1842
f 1841//1841 1844//1844 1769//1769
f 1769//1769 1844//1844 1772//1772
f 1773//1773 1772//1772 1844//1844
f 1773//1773 1844//1844 1845//1845
f 1774//1774 1843//1843 1771//1771
f 1774//1774 1846//1846 1843//1843
f 1849//1849 1848//1848 1847//1847
f 1851//1851 1850//1850 1847//1847
f 1847//1847 1850//1850 1849//1849
f 1851//1851 1852//1852 1850//1850
f 1845//1845 1776//1776 1773//1773
f 1853//1853 1776//1776 1845//1845
f 1855//1855 1854//1854 1777//1777
f 1855//1855 1777//1777 1778//1778
f 1774//1774 1777//1777 1846//1846
f 1846//1846 1777//1777 1854//1854
f 1857//1857 1856//1856 1780//1780
f 1780//1780 1856//1856 1779//1779
f 1859//1859 1858//1858 1781//1781
f 1858//1858 1780//1780 1781//1781
f 1858//1858 1857//1857 1780//1780
f 1859//1859 1860//1860 1858//1858
f 1847//1847 1848//1848 1861//1861
f 1861//1861 1848//1848 1862//1862
f 1861//1861 1783//1783 1784//1784
f 1851//1851 1861//1861 1784//1784
f 1847//1847 1861//1861 1851//1851
f 1784//1784 1785//1785 1851//1851
f 1785//1785 1852//1852 1851//1851
f 1785//1785 1863//1863 1852//1852
f 1853//1853 1864//1864 1776//1776
f 1776//1776 1864//1864 1786//1786
f 1787//1787 1786//1786 1864//1864
f 1787//1787 1864//1864 1865//1865
f 1866//1866 1855//1855 1778//1778
f 1866//1866 1778//1778 1788//1788
f 1788//1788 1789//1789 1866//1866
f 1866//1866 1789//1789 1867//1867
f 1856//1856 1868//1868 1779//1779
f 1779//1779 1868//1868 1790//1790
f 1781//1781 1790//1790 1859//1859
f 1790//1790 1869//1869 1859//1859
f 1790//1790 1868//1868 1869//1869
f 1859//1859 1869//1869 1860//1860
f 1862//1862 1870//1870 1861//1861
f 1861//1861 1870//1870 1783//1783
f 1870//1870 1791//1791 1783//1783
f 1870//1870 1871//1871 1791//1791
f 1785//1785 1791//1791 1863//1863
f 1863//1863 1791//1791 1871//1871
f 1873//1873 1872//1872 1793//1793
f 1793//1793 1872//1872 1792//1792
f 1793//1793 1787//1787 1865//1865
f 1793//1793 1865//1865 1873//1873
f 1794//1794 1867//1867 1789//1789
f 1794//1794 1874//1874 1867//1867
f 1872//1872 1795//1795 1792//1792
f 1875//1875 1795//1795 1872//1872
f 1796//1796 1874//1874 1794//1794
f 1796//1796 1876//1876 1874//1874
f 1875//1875 1797//1797 1795//1795
f 1877//1877 1797//1797 1875//1875
f 1878//1878 1876//1876 1796//1796
f 1878//1878 1796//1796 1798//1798
f 1879//1879 1798//1798 1799//1799
f 1879//1879 1878//1878 1798//1798
f 1880//1880 1799//1799 1800//1800
f 1880//1880 1879//1879 1799//1799
f 1881//1881 1800//1800 1801//1801
f 1881//1881 1880//1880 1800//1800
f 1882//1882 1801//1801 1802//1802
f 1882//1882 1881//1881 1801//1801
f 1883//1883 1802//1802 1803//1803
f 1883//1883 1882//1882 1802//1802
f 1884//1884 1803//1803 1804//1804
f 1884//1884 1883//1883 1803//1803
f 1885//1885 1804//1804 1805//1805
f 1885//1885 1884//1884 1804//1804
f 1886//1886 1805//1805 1806//1806
f 1886//1886 1885//1885 1805//1805
f 1887//1887 1806//1806 1807//1807
f 1887//1887 1886//1886 1806//1806
f 1807//1807 1808//1808 1887//1887
f 1887//1887 1808//1808 1888//1888
f 1877//1877 1809//1809 1797//1797
f 1889//1889 1809//1809 1877//1877
f 1890//1890 1888//1888 1808//1808
f 1890//1890 1808//1808 1810//1810
f 1810//1810 1811//1811 1890//1890
f 1890//1890 1811//1811 1891//1891
f 1889//1889 1812//1812 1809//1809
f 1892//1892 1812//1812 1889//1889
f 1813//1813 1891//1891 1811//1811
f 1813//1813 1893//1893 1891//1891
f 1892//1892 1894//1894 1812//1812
f 1812//1812 1894//1894 1814//1814
f 1815//1815 1814//1814 1894//1894
f 1815//1815 1894//1894 1895//1895
f 1816//1816 1893//1893 1813//1813
f 1816//1816 1896//1896 1893//1893
f 1895//1895 1817//1817 1815//1815
f 1897//1897 1817//1817 1895//1895
f 1818//1818 1896//1896 1816//1816
f 1818//1818 1898//1898 1896//1896
f 1900//1900 1899//1899 1820//1820
f 1820//1820 1899//1899 1819//1819
f 1820//1820 1817//1817 1897//1897
f 1820//1820 1897//1897 1900//1900
f 1901//1901 1898//1898 1818//1818
f 1901//1901 1818//1818 1821//1821
f 1821//1821 1822//1822 1901//1901
f 1901//1901 1822//1822 1902//1902
f 1899//1899 1823//1823 1819//1819
f 1903//1903 1823//1823 1899//1899
f 1904//1904 1902//1902 1822//1822
f 1904//1904 1822//1822 1824//1824
f 1824//1824 1823//1823 1903//1903
f 1824//1824 1903//1903 1904//1904
f 1906//1906 1905//1905 1825//1825
f 1906//1906 1825//1825 1826//1826
f 1827//1827 1825//1825 1905//1905
f 1827//1827 1905//1905 1907//1907
f 1908//1908 1906//1906 1826//1826
f 1908//1908 1826//1826 1828//1828
f 1828//1828 1827//1827 1907//1907
f 1828//1828 1907//1907 1908//1908
f 1910//1910 1909//1909 1829//1829
f 1910//1910 1829//1829 1830//1830
f 1829//1829 1911//1911 1831//1831
f 1909//1909 1911//1911 1829//1829
f 1831//1831 1912//1912 1832//1832
f 1911//1911 1912//1912 1831//1831
f 1832//1832 1913//1913 1833//1833
f 1912//1912 1913//1913 1832//1832
f 1833//1833 1914//1914 1834//1834
f 1913//1913 1914//1914 1833//1833
f 1834//1834 1915//1915 1835//1835
f 1914//1914 1915//1915 1834//1834
f 1835//1835 1916//1916 1836//1836
f 1915//1915 1916//1916 1835//1835
f 1836//1836 1917//1917 1837//1837
f 1916//1916 1917//1917 1836//1836
f 1837//1837 1918//1918 1838//1838
f 1917//1917 1918//1918 1837//1837
f 1838//1838 1919//1919 1839//1839
f 1918//1918 1919//1919 1838//1838
f 1839//1839 1920//1920 1840//1840
f 1919//1919 1920//1920 1839//1839
f 1841//1841 1840//1840 1920//1920
f 1841//1841 1920//1920 1921//1921
f 1923//1923 1922//1922 1842//1842
f 1923//1923 1842//1842 1843//1843
f 1830//1830 1842//1842 1910//1910
f 1910//1910 1842//1842 1922//1922
f 1921//1921 1924//1924 1841//1841
f 1841//1841 1924//1924 1844//1844
f 1845//1845 1844//1844 1924//1924
f 1845//1845 1924//1924 1925//1925
f 1846//1846 1923//1923 1843//1843
f 1846//1846 1926//1926 1923//1923
f 1929//1929 1928//1928 1927//1927
f 1931//1931 1930//1930 1927//1927
f 1927//1927 1930//1930 1929//1929
f 1931//1931 1932//1932 1930//1930
f 1934//1934 1933//1933 1849//1849
f 1849//1849 1933//1933 1848//1848
f 1935//1935 1849//1849 1850//1850
f 1935//1935 1934//1934 1849//1849
f 1850//1850 1852//1852 1935//1935
f 1935//1935 1852//1852 1936//1936
f 1925//1925 1853//1853 1845//1845
f 1937//1937 1853//1853 1925//1925
f 1939//1939 1938//1938 1854//1854
f 1939//1939 1854//1854 1855//1855
f 1846//1846 1854//1854 1926//1926
f 1926//1926 1854//1854 1938//1938
f 1942//1942 1941//1941 1940//1940
f 1942//1942 1940//1940 1928//1928
f 1928//1928 1940//1940 1927//1927
f 1940//1940 1856//1856 1927//1927
f 1856//1856 1857//1857 1927//1927
f 1927//1927 1857//1857 1858//1858
f 1927//1927 1858//1858 1931//1931
f 1944//1944 1943//1943 1860//1860
f 1860//1860 1943//1943 1858//1858
f 1943//1943 1932//1932 1858//1858
f 1932//1932 1931//1931 1858//1858
f 1933//1933 1943//1943 1944//1944
f 1862//1862 1933//1933 1944//1944
f 1848//1848 1933//1933 1862//1862
f 1863//1863 1936//1936 1852//1852
f 1863//1863 1945//1945 1936//1936
f 1937//1937 1946//1946 1853//1853
f 1853//1853 1946//1946 1864//1864
f 1865//1865 1864//1864 1946//1946
f 1865//1865 1946//1946 1947//1947
f 1948//1948 1939//1939 1855//1855
f 1948//1948 1855//1855 1866//1866
f 1866//1866 1867//1867 1948//1948
f 1948//1948 1867//1867 1949//1949
f 1941//1941 1950//1950 1940//1940
f 1950//1950 1952//1952 1951//1951
f 1950//1950 1951//1951 1868//1868
f 1940//1940 1950//1950 1868//1868
f 1856//1856 1940//1940 1868//1868
f 1953//1953 1869//1869 1868//1868
f 1953//1953 1868//1868 1951//1951
f 1953//1953 1954//1954 1869//1869
f 1869//1869 1954//1954 1860//1860
f 1954//1954 1955//1955 1860//1860
f 1955//1955 1944//1944 1860//1860
f 1944//1944 1955//1955 1862//1862
f 1955//1955 1870//1870 1862//1862
f 1955//1955 1956//1956 1870//1870
f 1870//1870 1957//1957 1871//1871
f 1956//1956 1957//1957 1870//1870
f 1863//1863 1871//1871 1945//1945
f 1945//1945 1871//1871 1957//1957
f 1959//1959 1958//1958 1873//1873
f 1873//1873 1958//1958 1872//1872
f 1873//1873 1865//1865 1947//1947
f 1873//1873 1947//1947 1959//1959
f 1874//1874 1949//1949 1867//1867
f 1874//1874 1960//1960 1949//1949
f 1952//1952 1961//1961 1951//1951
f 1951//1951 1961//1961 1953//1953
f 1953//1953 1961//1961 1962//1962
f 1953//1953 1962//1962 1954//1954
f 1958//1958 1875//1875 1872//1872
f 1963//1963 1875//1875 1958//1958
f 1876//1876 1960//1960 1874//1874
f 1876//1876 1964//1964 1960//1960
f 1963//1963 1877//1877 1875//1875
f 1965//1965 1877//1877 1963//1963
f 1966//1966 1964//1964 1876//1876
f 1966//1966 1876//1876 1878//1878
f 1967//1967 1878//1878 1879//1879
f 1967//1967 1966//1966 1878//1878
f 1968//1968 1879//1879 1880//1880
f 1968//1968 1967//1967 1879//1879
f 1969//1969 1880//1880 1881//1881
f 1969//1969 1968//1968 1880//1880
f 1970//1970 1881//1881 1882//1882
f 1970//1970 1969//1969 1881//1881
f 1971//1971 1882//1882 1883//1883
f 1971//1971 1970//1970 1882//1882
f 1972//1972 1883//1883 1884//1884
f 1972//1972 1971//1971 1883//1883
f 1973//1973 1884//1884 1885//1885
f 1973//1973 1972//1972 1884//1884
f 1974//1974 1885//1885 1886//1886
f 1974//1974 1973//1973 1885//1885
f 1975//1975 1886//1886 1887//1887
f 1975//1975 1974//1974 1886//1886
f 1887//1887 1888//1888 1975//1975
f 1975//1975 1888//1888 1976//1976
f 1965//1965 1889//1889 1877//1877
f 1977//1977 1889//1889 1965//1965
f 1978//1978 1976//1976 1888//1888
f 1978//1978 1888//1888 1890//1890
f 1890//1890 1891//1891 1978//1978
f 1978//1978 1891//1891 1979//1979
f 1977//1977 1892//1892 1889//1889
f 1980//1980 1892//1892 1977//1977
f 1893//1893 1979//1979 1891//1891
f 1893//1893 1981//1981 1979//1979
f 1980//1980 1982//1982 1892//1892
f 1892//1892 1982//1982 1894//1894
f 1895//1895 1894//1894 1982//1982
f 1895//1895 1982//1982 1983//1983
f 1896//1896 1981//1981 1893//1893
f 1896//1896 1984//1984 1981//1981
f 1983//1983 1897//1897 1895//1895
f 1985//1985 1897//1897 1983//1983
f 1898//1898 1984//1984 1896//1896
f 1898//1898 1986//1986 1984//1984
f 1988//1988 1987//1987 1900//1900
f 1900//1900 1987//1987 1899//1899
f 1900//1900 1897//1897 1985//1985
f 1900//1900 1985//1985 1988//1988
f 1989//1989 1986//1986 1898//1898
f 1989//1989 1898//1898 1901//1901
f 1901//1901 1902//1902 1989//1989
f 1989//1989 1902//1902 1990//1990
f 1987//1987 1903//1903 1899//1899
f 1991//1991 1903//1903 1987//1987
f 1992//1992 1990//1990 1902//1902
f 1992//1992 1902//1902 1904//1904
f 1904//1904 1903//1903 1991//1991
f 1904//1904 1991//1991 1992//1992
f 1994//1994 1993//1993 1905//1905
f 1994//1994 1905//1905 1906//1906
f 1907//1907 1905//1905 1993//1993
f 1907//1907 1993//1993 1995//1995
f 1996//1996 1994//1994 1906//1906
f 1996//1996 1906//1906 1908//1908
f 1908//1908 1907//1907 1995//1995
f 1908//1908 1995//1995 1996//1996
f 1998//1998 1997//1997 1909//1909
f 1998//1998 1909//1909 1910//1910
f 1909//1909 1999//1999 1911//1911
f 1997//1997 1999//1999 1909//1909
f 1911//1911 2000//2000 1912//1912
f 1999//1999 2000//2000 1911//1911
f 1912//1912 2001//2001 1913//1913
f 2000//2000 2001//2001 1912//1912
f 1913//1913 2002//2002 1914//1914
f 2001//2001 2002//2002 1913//1913
f 1914//1914 2003//2003 1915//1915
f 2002//2002 2003//2003 1914//1914
f 1915//1915 2004//2004 1916//1916
f 2003//2003 2004//2004 1915//1915
f 1916//1916 2005//2005 1917//1917
f 2004//2004 2005//2005 1916//1916
f 1917//1917 2006//2006 1918//1918
f 2005//2005 2006//2006 1917//1917
f 1918//1918 2007//2007 1919//1919
f 2006//2006 2007//2007 1918//1918
f 1919//1919 2008//2008 1920//1920
f 2007//2007 2008//2008 1919//1919
f 1921//1921 1920//1920 2008//2008
f 1921//1921 2008//2008 2009//2009
f 2011//2011 2010//2010 1922//1922
f 2011//2011 1922//1922 1923//1923
f 1910//1910 1922//1922 1998//1998
f 1998//1998 1922//1922 2010//2010
f 2009//2009 2012//2012 1921//1921
f 1921//1921 2012//2012 1924//1924
f 1925//1925 1924//1924 2012//2012
f 1925//1925 2012//2012 2013//2013
f 1926//1926 2011//2011 1923//1923
f 1926//1926 2014//2014 2011//2011
f 2016//2016 2015//2015 1929//1929
f 1929//1929 2015//2015 1928//1928
f 2017//2017 1929//1929 1930//1930
f 2017//2017 2016//2016 1929//1929
f 1930//1930 1932//1932 2017//2017
f 2017//2017 1932//1932 2018//2018
f 2019//2019 1933//1933 1934//1934
f 1935//1935 2020//2020 1934//1934
f 1934//1934 2020//2020 2019//2019
f 1936//1936 2020//2020 1935//1935
f 2013//2013 1937//1937 1925//1925
f 2021//2021 1937//1937 2013//2013
f 2023//2023 2022//2022 1938//1938
f 2023//2023 1938//1938 1939//1939
f 1926//1926 1938//1938 2014//2014
f 2014//2014 1938//1938 2022//2022
f 2025//2025 2024//2024 1942//1942
f 1942//1942 2024//2024 1941//1941
f 1942//1942 1928//1928 2015//2015
f 1942//1942 2015//2015 2025//2025
f 1932//1932 1943//1943 2026//2026
f 2027//2027 1932//1932 2026//2026
f 2018//2018 1932//1932 2027//2027
f 2028//2028 2026//2026 1943//1943
f 2028//2028 1943//1943 1933//1933
f 2029//2029 2028//2028 1933//1933
f 2019//2019 2029//2029 1933//1933
f 2029//2029 2019//2019 2020//2020
f 2029//2029 2020//2020 2030//2030
f 2020//2020 1936//1936 2030//2030
f 1936//1936 2031//2031 2030//2030
f 1936//1936 1945//1945 2031//2031
f 2021//2021 2032//2032 1937//1937
f 1937//1937 2032//2032 1946//1946
f 1947//1947 1946//1946 2032//2032
f 1947//1947 2032//2032 2033//2033
f 2034//2034 2023//2023 1939//1939
f 2034//2034 1939//1939 1948//1948
f 1948//1948 1949//1949 2034//2034
f 2034//2034 1949//1949 2035//2035
f 2024//2024 2036//2036 1941//1941
f 1941//1941 2036//2036 1950//1950
f 1952//1952 1950//1950 2036//2036
f 1952//1952 2036//2036 2037//2037
f 2027//2027 2026//2026 1955//1955
f 1954//1954 2027//2027 1955//1955
f 2038//2038 2027//2027 1954//1954
f 2028//2028 2039//2039 2026//2026
f 2039//2039 1955//1955 2026//2026
f 2039//2039 1956//1956 1955//1955
f 1956//1956 2040//2040 1957//1957
f 2039//2039 2040//2040 1956//1956
f 1945//1945 1957//1957 2031//2031
f 2031//2031 1957//1957 2040//2040
f 2042//2042 2041//2041 1959//1959
f 1959//1959 2041//2041 1958//1958
f 1959//1959 1947//1947 2033//2033
f 1959//1959 2033//2033 2042//2042
f 1960//1960 2035//2035 1949//1949
f 1960//1960 2043//2043 2035//2035
f 2037//2037 2044//2044 1952//1952
f 1952//1952 2044//2044 1961//1961
f 1961//1961 2045//2045 1962//1962
f 2044//2044 2045//2045 1961//1961
f 1954//1954 1962//1962 2038//2038
f 2038//2038 1962//1962 2045//2045
f 2041//2041 1963//1963 1958//1958
f 2046//2046 1963//1963 2041//2041
f 1964//1964 2043//2043 1960//1960
f 1964//1964 2047//2047 2043//2043
f 2046//2046 1965//1965 1963//1963
f 2048//2048 1965//1965 2046//2046
f 2049//2049 2047//2047 1964//1964
f 2049//2049 1964//1964 1966//1966
f 2050//2050 1966//1966 1967//1967
f 2050//2050 2049//2049 1966//1966
f 2051//2051 1967//1967 1968//1968
f 2051//2051 2050//2050 1967//1967
f 2052//2052 1968//1968 1969//1969
f 2052//2052 2051//2051 1968//1968
f 2053//2053 1969//1969 1970//1970
f 2053//2053 2052//2052 1969//1969
f 2054//2054 1970//1970 1971//1971
f 2054//2054 2053//2053 1970//1970
f 2055//2055 1971//1971 1972//1972
f 2055//2055 2054//2054 1971//1971
f 2056//2056 1972//1972 1973//1973
f 2056//2056 2055//2055 1972//1972
f 2057//2057 1973//1973 1974//1974
f 2057//2057 2056//2056 1973//1973
f 2058//2058 1974//1974 1975//1975
f 2058//2058 2057//2057 1974//1974
f 1975//1975 1976//1976 2058//2058
f 2058//2058 1976//1976 2059//2059
f 2048//2048 1977//1977 1965//1965
f 2060//2060 1977//1977 2048//2048
f 2061//2061 2059//2059 1976//1976
f 2061//2061 1976//1976 1978//1978
f 1978//1978 1979//1979 2061//2061
f 2061//2061 1979//1979 2062//2062
f 2060//2060 1980//1980 1977//1977
f 2063//2063 1980//1980 2060//2060
f 1981//1981 2062//2062 1979//1979
f 1981//1981 2064//2064 2062//2062
f 2063//2063 2065//2065 1980//1980
f 1980//1980 2065//2065 1982//1982
f 1983//1983 1982//1982 2065//2065
f 1983//1983 2065//2065 2066//2066
f 1984//1984 2064//2064 1981//1981
f 1984//1984 2067//2067 2064//2064
f 2066//2066 1985//1985 1983//1983
f 2068//2068 1985//1985 2066//2066
f 1986//1986 2067//2067 1984//1984
f 1986//1986 2069//2069 2067//2067
f 2071//2071 2070//2070 1988//1988
f 1988//1988 2070//2070 1987//1987
f 1988//1988 1985//1985 2068//2068
f 1988//1988 2068//2068 2071//2071
f 2072//2072 2069//2069 1986//1986
f 2072//2072 1986//1986 1989//1989
f 1989//1989 1990//1990 2072//2072
f 2072//2072 1990//1990 2073//2073
f 2070//2070 1991//1991 1987//1987
f 2074//2074 1991//1991 2070//2070
f 2075//2075 2073//2073 1990//1990
f 2075//2075 1990//1990 1992//1992
f 1992//1992 1991//1991 2074//2074
f 1992//1992 2074//2074 2075//2075
f 2077//2077 2076//2076 1993//1993
f 2077//2077 1993//1993 1994//1994
f 1995//1995 1993//1993 2076//2076
f 1995//1995 2076//2076 2078//2078
f 2079//2079 2077//2077 1994//1994
f 2079//2079 1994//1994 1996//1996
f 1996//1996 1995//1995 2078//2078
f 1996//1996 2078//2078 2079//2079
f 2081//2081 2080//2080 1997//1997
f 2081//2081 1997//1997 1998//1998
f 1997//1997 2082//2082 1999//1999
f 2080//2080 2082//2082 1997//1997
f 1999//1999 2083//2083 2000//2000
f 2082//2082 2083//2083 1999//1999
f 2000//2000 2084//2084 2001//2001
f 2083//2083 2084//2084 2000//2000
f 2001//2001 2085//2085 2002//2002
f 2084//2084 2085//2085 2001//2001
f 2002//2002 2086//2086 2003//2003
f 2085//2085 2086//2086 2002//2002
f 2003//2003 2087//2087 2004//2004
f 2086//2086 2087//2087 2003//2003
f 2004//2004 2088//2088 2005//2005
f 2087//2087 2088//2088 2004//2004
f 2005//2005 2089//2089 2006//2006
f 2088//2088 2089//2089 2005//2005
f 2006//2006 2090//2090 2007//2007
f 2089//2089 2090//2090 2006//2006
f 2007//2007 2091//2091 2008//2008
f 2090//2090 2091//2091 2007//2007
f 2009//2009 2008//2008 2091//2091
f 2009//2009 2091//2091 2092//2092
f 2094//2094 2093//2093 2010//2010
f 2094//2094 2010//2010 2011//2011
f 1998//1998 2010//2010 2081//2081
f 2081//2081 2010//2010 2093//2093
f 2092//2092 2095//2095 2009//2009
f 2009//2009 2095//2095 2012//2012
f 2013//2013 2012//2012 2095//2095
f 2013//2013 2095//2095 2096//2096
f 2014//2014 2094//2094 2011//2011
f 2014//2014 2097//2097 2094//2094
f 2098//2098 2015//2015 2016//2016
f 2017//2017 2099//2099 2016//2016
f 2016//2016 2099//2099 2098//2098
f 2018//2018 2099//2099 2017//2017
f 2096//2096 2021//2021 2013//2013
f 2100//2100 2021//2021 2096//2096
f 2102//2102 2101//2101 2022//2022
f 2102//2102 2022//2022 2023//2023
f 2014//2014 2022//2022 2097//2097
f 2097//2097 2022//2022 2101//2101
f 2103//2103 2024//2024 2025//2025
f 2015//2015 2098//2098 2025//2025
f 2098//2098 2103//2103 2025//2025
f 2098//2098 2104//2104 2103//2103
f 2105//2105 2098//2098 2099//2099
f 2104//2104 2098//2098 2105//2105
f 2027//2027 2105//2105 2018//2018
f 2018//2018 2105//2105 2099//2099
f 2106//2106 2028//2028 2029//2029
f 2030//2030 2107//2107 2029//2029
f 2029//2029 2107//2107 2106//2106
f 2031//2031 2107//2107 2030//2030
f 2032//2032 2021//2021 2108//2108
f 2021//2021 2109//2109 2108//2108
f 2021//2021 2100//2100 2109//2109
f 2108//2108 2033//2033 2032//2032
f 2110//2110 2102//2102 2023//2023
f 2110//2110 2023//2023 2034//2034
f 2034//2034 2035//2035 2110//2110
f 2110//2110 2035//2035 2111//2111
f 2103//2103 2036//2036 2024//2024
f 2036//2036 2103//2103 2037//2037
f 2103//2103 2112//2112 2037//2037
f 2103//2103 2104//2104 2112//2112
f 2113//2113 2104//2104 2105//2105
f 2112//2112 2104//2104 2113//2113
f 2038//2038 2113//2113 2027//2027
f 2027//2027 2113//2113 2105//2105
f 2106//2106 2039//2039 2028//2028
f 2039//2039 2106//2106 2040//2040
f 2040//2040 2106//2106 2107//2107
f 2040//2040 2107//2107 2031//2031
f 2108//2108 2109//2109 2042//2042
f 2109//2109 2041//2041 2042//2042
f 2109//2109 2114//2114 2041//2041
f 2108//2108 2042//2042 2033//2033
f 2043//2043 2111//2111 2035//2035
f 2043//2043 2115//2115 2111//2111
f 2112//2112 2044//2044 2037//2037
f 2044//2044 2112//2112 2045//2045
f 2045//2045 2112//2112 2113//2113
f 2045//2045 2113//2113 2038//2038
f 2114//2114 2046//2046 2041//2041
f 2116//2116 2046//2046 2114//2114
f 2047//2047 2115//2115 2043//2043
f 2047//2047 2117//2117 2115//2115
f 2116//2116 2048//2048 2046//2046
f 2118//2118 2048//2048 2116//2116
f 2119//2119 2117//2117 2047//2047
f 2119//2119 2047//2047 2049//2049
f 2120//2120 2049//2049 2050//2050
f 2120//2120 2119//2119 2049//2049
f 2121//2121 2050//2050 2051//2051
f 2121//2121 2120//2120 2050//2050
f 2122//2122 2051//2051 2052//2052
f 2122//2122 2121//2121 2051//2051
f 2123//2123 2052//2052 2053//2053
f 2123//2123 2122//2122 2052//2052
f 2124//2124 2053//2053 2054//2054
f 2124//2124 2123//2123 2053//2053
f 2125//2125 2054//2054 2055//2055
f 2125//2125 2124//2124 2054//2054
f 2126//2126 2055//2055 2056//2056
f 2126//2126 2125//2125 2055//2055
f 2127//2127 2056//2056 2057//2057
f 2127//2127 2126//2126 2056//2056
f 2128//2128 2057//2057 2058//2058
f 2128//2128 2127//2127 2057//2057
f 2058//2058 2059//2059 2128//2128
f 2128//2128 2059//2059 2129//2129
f 2118//2118 2060//2060 2048//2048
f 2130//2130 2060//2060 2118//2118
f 2131//2131 2129//2129 2059//2059
f 2131//2131 2059//2059 2061//2061
f 2061//2061 2062//2062 2131//2131
f 2131//2131 2062//2062 2132//2132
f 2130//2130 2063//2063 2060//2060
f 2133//2133 2063//2063 2130//2130
f 2064//2064 2132//2132 2062//2062
f 2064//2064 2134//2134 2132//2132
f 2133//2133 2135//2135 2063//2063
f 2063//2063 2135//2135 2065//2065
f 2066//2066 2065//2065 2135//2135
f 2066//2066 2135//2135 2136//2136
f 2067//2067 2134//2134 2064//2064
f 2067//2067 2137//2137 2134//2134
f 2136//2136 2068//2068 2066//2066
f 2138//2138 2068//2068 2136//2136
f 2069//2069 2137//2137 2067//2067
f 2069//2069 2139//2139 2137//2137
f 2141//2141 2140//2140 2071//2071
f 2071//2071 2140//2140 2070//2070
f 2071//2071 2068//2068 2138//2138
f 2071//2071 2138//2138 2141//2141
f 2142//2142 2139//2139 2069//2069
f 2142//2142 2069//2069 2072//2072
f 2072//2072 2073//2073 2142//2142
f 2142//2142 2073//2073 2143//2143
f 2140//2140 2074//2074 2070//2070
f 2144//2144 2074//2074 2140//2140
f 2145//2145 2143//2143 2073//2073
f 2145//2145 2073//2073 2075//2075
f 2075//2075 2074//2074 2144//2144
f 2075//2075 2144//2144 2145//2145
f 2148//2148 2147//2147 2146//2146
f 2149//2149 2146//2146 2147//2147
f 2150//2150 2148//2148 2146//2146
f 2150//2150 2146//2146 2149//2149
f 2152//2152 2151//2151 2076//2076
f 2152//2152 2076//2076 2077//2077
f 2078//2078 2076//2076 2151//2151
f 2078//2078 2151//2151 2153//2153
f 2154//2154 2152//2152 2077//2077
f 2154//2154 2077//2077 2079//2079
f 2079//2079 2078//2078 2153//2153
f 2079//2079 2153//2153 2154//2154
f 2156//2156 2155//2155 2080//2080
f 2156//2156 2080//2080 2081//2081
f 2080//2080 2157//2157 2082//2082
f 2155//2155 2157//2157 2080//2080
f 2082//2082 2158//2158 2083//2083
f 2157//2157 2158//2158 2082//2082
f 2083//2083 2159//2159 2084//2084
f 2158//2158 2159//2159 2083//2083
f 2084//2084 2160//2160 2085//2085
f 2159//2159 2160//2160 2084//2084
f 2085//2085 2161//2161 2086//2086
f 2160//2160 2161//2161 2085//2085
f 2086//2086 2162//2162 2087//2087
f 2161//2161 2162//2162 2086//2086
f 2087//2087 2163//2163 2088//2088
f 2162//2162 2163//2163 2087//2087
f 2088//2088 2164//2164 2089//2089
f 2163//2163 2164//2164 2088//2088
f 2089//2089 2165//2165 2090//2090
f 2164//2164 2165//2165 2089//2089
f 2090//2090 2166//2166 2091//2091
f 2165//2165 2166//2166 2090//2090
f 2092//2092 2091//2091 2166//2166
f 2092//2092 2166//2166 2167//2167
f 2169//2169 2168//2168 2093//2093
f 2169//2169 2093//2093 2094//2094
f 2081//2081 2093//2093 2156//2156
f 2156//2156 2093//2093 2168//2168
f 2167//2167 2170//2170 2092//2092
f 2092//2092 2170//2170 2095//2095
f 2096//2096 2095//2095 2170//2170
f 2096//2096 2170//2170 2171//2171
f 2097//2097 2169//2169 2094//2094
f 2097//2097 2172//2172 2169//2169
f 2171//2171 2100//2100 2096//2096
f 2173//2173 2100//2100 2171//2171
f 2175//2175 2174//2174 2101//2101
f 2175//2175 2101//2101 2102//2102
f 2097//2097 2101//2101 2172//2172
f 2172//2172 2101//2101 2174//2174
f 2173//2173 2109//2109 2100//2100
f 2176//2176 2109//2109 2173//2173
f 2177//2177 2175//2175 2102//2102
f 2177//2177 2102//2102 2110//2110
f 2110//2110 2111//2111 2177//2177
f 2177//2177 2111//2111 2178//2178
f 2176//2176 2114//2114 2109//2109
f 2179//2179 2114//2114 2176//2176
f 2115//2115 2178//2178 2111//2111
f 2115//2115 2180//2180 2178//2178
f 2179//2179 2116//2116 2114//2114
f 2181//2181 2116//2116 2179//2179
f 2117//2117 2180//2180 2115//2115
f 2117//2117 2182//2182 2180//2180
f 2181//2181 2118//2118 2116//2116
f 2183//2183 2118//2118 2181//2181
f 2184//2184 2182//2182 2117//2117
f 2184//2184 2117//2117 2119//2119
f 2185//2185 2119//2119 2120//2120
f 2185//2185 2184//2184 2119//2119
f 2186//2186 2120//2120 2121//2121
f 2186//2186 2185//2185 2120//2120
f 2187//2187 2121//2121 2122//2122
f 2187//2187 2186//2186 2121//2121
f 2188//2188 2122//2122 2123//2123
f 2188//2188 2187//2187 2122//2122
f 2189//2189 2123//2123 2124//2124
f 2189//2189 2188//2188 2123//2123
f 2190//2190 2124//2124 2125//2125
f 2190//2190 2189//2189 2124//2124
f 2191//2191 2125//2125 2126//2126
f 2191//2191 2190//2190 2125//2125
f 2192//2192 2126//2126 2127//2127
f 2192//2192 2191//2191 2126//2126
f 2194//2194 2192//2192 2193//2193
f 2192//2192 2128//2128 2193//2193
f 2192//2192 2127//2127 2128//2128
f 2129//2129 2193//2193 2128//2128
f 2183//2183 2130//2130 2118//2118
f 2195//2195 2130//2130 2183//2183
f 2196//2196 2194//2194 2193//2193
f 2198//2198 2196//2196 2197//2197
f 2197//2197 2196//2196 2131//2131
f 2196//2196 2193//2193 2131//2131
f 2193//2193 2129//2129 2131//2131
f 2132//2132 2197//2197 2131//2131
f 2195//2195 2133//2133 2130//2130
f 2199//2199 2133//2133 2195//2195
f 2200//2200 2198//2198 2197//2197
f 2197//2197 2132//2132 2200//2200
f 2132//2132 2201//2201 2200//2200
f 2132//2132 2134//2134 2201//2201
f 2199//2199 2202//2202 2133//2133
f 2133//2133 2202//2202 2135//2135
f 2136//2136 2135//2135 2202//2202
f 2136//2136 2202//2202 2203//2203
f 2137//2137 2201//2201 2134//2134
f 2137//2137 2204//2204 2201//2201
f 2203//2203 2138//2138 2136//2136
f 2205//2205 2138//2138 2203//2203
f 2139//2139 2204//2204 2137//2137
f 2139//2139 2206//2206 2204//2204
f 2208//2208 2207//2207 2141//2141
f 2141//2141 2207//2207 2140//2140
f 2141//2141 2138//2138 2205//2205
f 2141//2141 2205//2205 2208//2208
f 2209//2209 2206//2206 2139//2139
f 2209//2209 2139//2139 2142//2142
f 2142//2142 2143//2143 2209//2209
f 2209//2209 2143//2143 2210//2210
f 2207//2207 2144//2144 2140//2140
f 2211//2211 2144//2144 2207//2207
f 2212//2212 2210//2210 2143//2143
f 2212//2212 2143//2143 2145//2145
f 2145//2145 2144//2144 2211//2211
f 2145//2145 2211//2211 2212//2212
f 2214//2214 2213//2213 2147//2147
f 2214//2214 2147//2147 2148//2148
f 2149//2149 2147//2147 2213//2213
f 2149//2149 2213//2213 2215//2215
f 2216//2216 2214//2214 2148//2148
f 2216//2216 2148//2148 2150//2150
f 2150//2150 2149//2149 2215//2215
f 2150//2150 2215//2215 2216//2216
f 2218//2218 2217//2217 2151//2151
f 2218//2218 2151//2151 2152//2152
f 2153//2153 2151//2151 2217//2217
f 2153//2153 2217//2217 2219//2219
f 2220//2220 2218//2218 2152//2152
f 2220//2220 2152//2152 2154//2154
f 2154//2154 2153//2153 2219//2219
f 2154//2154 2219//2219 2220//2220
f 2222//2222 2221//2221 2155//2155
f 2222//2222 2155//2155 2156//2156
f 2155//2155 2223//2223 2157//2157
f 2221//2221 2223//2223 2155//2155
f 2157//2157 2224//2224 2158//2158
f 2223//2223 2224//2224 2157//2157
f 2158//2158 2225//2225 2159//2159
f 2224//2224 2225//2225 2158//2158
f 2159//2159 2226//2226 2160//2160
f 2225//2225 2226//2226 2159//2159
f 2160//2160 2227//2227 2161//2161
f 2226//2226 2227//2227 2160//2160
f 2161//2161 2228//2228 2162//2162
f 2227//2227 2228//2228 2161//2161
f 2162//2162 2229//2229 2163//2163
f 2228//2228 2229//2229 2162//2162
f 2163//2163 2230//2230 2164//2164
f 2229//2229 2230//2230 2163//2163
f 2164//2164 2231//2231 2165//2165
f 2230//2230 2231//2231 2164//2164
f 2165//2165 2232//2232 2166//2166
f 2231//2231 2232//2232 2165//2165
f 2167//2167 2166//2166 2232//2232
f 2167//2167 2232//2232 2233//2233
f 2235//2235 2234//2234 2168//2168
f 2235//2235 2168//2168 2169//2169
f 2156//2156 2168//2168 2222//2222
f 2222//2222 2168//2168 2234//2234
f 2233//2233 2236//2236 2167//2167
f 2167//2167 2236//2236 2170//2170
f 2171//2171 2170//2170 2236//2236
f 2171//2171 2236//2236 2237//2237
f 2172//2172 2235//2235 2169//2169
f 2172//2172 2238//2238 2235//2235
f 2237//2237 2173//2173 2171//2171
f 2239//2239 2173//2173 2237//2237
f 2241//2241 2240//2240 2174//2174
f 2241//2241 2174//2174 2175//2175
f 2172//2172 2174//2174 2238//2238
f 2238//2238 2174//2174 2240//2240
f 2239//2239 2176//2176 2173//2173
f 2242//2242 2176//2176 2239//2239
f 2243//2243 2241//2241 2175//2175
f 2243//2243 2175//2175 2177//2177
f 2177//2177 2178//2178 2243//2243
f 2243//2243 2178//2178 2244//2244
f 2242//2242 2179//2179 2176//2176
f 2245//2245 2179//2179 2242//2242
f 2180//2180 2244//2244 2178//2178
f 2180//2180 2246//2246 2244//2244
f 2245//2245 2181//2181 2179//2179
f 2247//2247 2181//2181 2245//2245
f 2182//2182 2249//2249 2248//2248
f 2246//2246 2182//2182 2248//2248
f 2180//2180 2182//2182 2246//2246
f 2249//2249 2250//2250 2248//2248
f 2247//2247 2183//2183 2181//2181
f 2251//2251 2183//2183 2247//2247
f 2184//2184 2249//2249 2182//2182
f 2252//2252 2250//2250 2249//2249
f 2184//2184 2252//2252 2249//2249
f 2185//2185 2252//2252 2184//2184
f 2253//2253 2185//2185 2186//2186
f 2253//2253 2252//2252 2185//2185
f 2254//2254 2186//2186 2187//2187
f 2254//2254 2253//2253 2186//2186
f 2255//2255 2187//2187 2188//2188
f 2255//2255 2254//2254 2187//2187
f 2256//2256 2188//2188 2189//2189
f 2256//2256 2255//2255 2188//2188
f 2257//2257 2189//2189 2190//2190
f 2257//2257 2256//2256 2189//2189
f 2258//2258 2190//2190 2191//2191
f 2258//2258 2257//2257 2190//2190
f 2259//2259 2191//2191 2192//2192
f 2259//2259 2258//2258 2191//2191
f 2192//2192 2194//2194 2259//2259
f 2259//2259 2194//2194 2260//2260
f 2251//2251 2195//2195 2183//2183
f 2261//2261 2195//2195 2251//2251
f 2262//2262 2260//2260 2194//2194
f 2262//2262 2194//2194 2196//2196
f 2196//2196 2198//2198 2262//2262
f 2262//2262 2198//2198 2263//2263
f 2261//2261 2199//2199 2195//2195
f 2264//2264 2199//2199 2261//2261
f 2265//2265 2263//2263 2198//2198
f 2265//2265 2198//2198 2200//2200
f 2200//2200 2201//2201 2265//2265
f 2265//2265 2201//2201 2266//2266
f 2202//2202 2199//2199 2267//2267
f 2199//2199 2268//2268 2267//2267
f 2199//2199 2264//2264 2268//2268
f 2267//2267 2203//2203 2202//2202
f 2204//2204 2266//2266 2201//2201
f 2204//2204 2269//2269 2266//2266
f 2268//2268 2270//2270 2267//2267
f 2203//2203 2267//2267 2270//2270
f 2271//2271 2203//2203 2270//2270
f 2205//2205 2203//2203 2271//2271
f 2206//2206 2269//2269 2204//2204
f 2206//2206 2272//2272 2269//2269
f 2274//2274 2273//2273 2208//2208
f 2208//2208 2273//2273 2207//2207
f 2208//2208 2205//2205 2271//2271
f 2208//2208 2271//2271 2274//2274
f 2275//2275 2272//2272 2206//2206
f 2275//2275 2206//2206 2209//2209
f 2209//2209 2210//2210 2275//2275
f 2275//2275 2210//2210 2276//2276
f 2273//2273 2211//2211 2207//2207
f 2277//2277 2211//2211 2273//2273
f 2278//2278 2276//2276 2210//2210
f 2278//2278 2210//2210 2212//2212
f 2212//2212 2211//2211 2277//2277
f 2212//2212 2277//2277 2278//2278
f 2280//2280 2279//2279 2213//2213
f 2280//2280 2213//2213 2214//2214
f 2215//2215 2213//2213 2279//2279
f 2215//2215 2279//2279 2281//2281
f 2282//2282 2280//2280 2214//2214
f 2282//2282 2214//2214 2216//2216
f 2216//2216 2215//2215 2281//2281
f 2216//2216 2281//2281 2282//2282
f 2284//2284 2283//2283 2217//2217
f 2284//2284 2217//2217 2218//2218
f 2219//2219 2217//2217 2283//2283
f 2219//2219 2283//2283 2285//2285
f 2286//2286 2284//2284 2218//2218
f 2286//2286 2218//2218 2220//2220
f 2220//2220 2219//2219 2285//2285
f 2220//2220 2285//2285 2286//2286
f 2288//2288 2287//2287 2221//2221
f 2288//2288 2221//2221 2222//2222
f 2221//2221 2289//2289 2223//2223
f 2287//2287 2289//2289 2221//2221
f 2223//2223 2290//2290 2224//2224
f 2289//2289 2290//2290 2223//2223
f 2224//2224 2291//2291 2225//2225
f 2290//2290 2291//2291 2224//2224
f 2225//2225 2292//2292 2226//2226
f 2291//2291 2292//2292 2225//2225
f 2226//2226 2293//2293 2227//2227
f 2292//2292 2293//2293 2226//2226
f 2227//2227 2294//2294 2228//2228
f 2293//2293 2294//2294 2227//2227
f 2228//2228 2295//2295 2229//2229
f 2294//2294 2295//2295 2228//2228
f 2229//2229 2296//2296 2230//2230
f 2295//2295 2296//2296 2229//2229
f 2230//2230 2297//2297 2231//2231
f 2296//2296 2297//2297 2230//2230
f 2231//2231 2298//2298 2232//2232
f 2297//2297 2298//2298 2231//2231
f 2233//2233 2232//2232 2298//2298
f 2233//2233 2298//2298 2299//2299
f 2301//2301 2300//2300 2234//2234
f 2301//2301 2234//2234 2235//2235
f 2222//2222 2234//2234 2288//2288
f 2288//2288 2234//2234 2300//2300
f 2299//2299 2302//2302 2233//2233
f 2233//2233 2302//2302 2236//2236
f 2237//2237 2236//2236 2302//2302
f 2237//2237 2302//2302 2303//2303
f 2238//2238 2301//2301 2235//2235
f 2238//2238 2304//2304 2301//2301
f 2303//2303 2239//2239 2237//2237
f 2305//2305 2239//2239 2303//2303
f 2241//2241 2306//2306 2240//2240
f 2306//2306 2307//2307 2240//2240
f 2307//2307 2238//2238 2240//2240
f 2307//2307 2304//2304 2238//2238
f 2305//2305 2242//2242 2239//2239
f 2308//2308 2242//2242 2305//2305
f 2243//2243 2306//2306 2241//2241
f 2243//2243 2244//2244 2306//2306
f 2244//2244 2307//2307 2306//2306
f 2244//2244 2309//2309 2307//2307
f 2312//2312 2311//2311 2310//2310
f 2310//2310 2313//2313 2312//2312
f 2308//2308 2245//2245 2242//2242
f 2314//2314 2245//2245 2308//2308
f 2246//2246 2309//2309 2244//2244
f 2246//2246 2315//2315 2309//2309
f 2311//2311 2316//2316 2310//2310
f 2310//2310 2316//2316 2313//2313
f 2314//2314 2247//2247 2245//2245
f 2317//2317 2247//2247 2314//2314
f 2318//2318 2315//2315 2246//2246
f 2318//2318 2246//2246 2248//2248
f 2248//2248 2250//2250 2318//2318
f 2318//2318 2250//2250 2319//2319
f 2317//2317 2251//2251 2247//2247
f 2320//2320 2251//2251 2317//2317
f 2321//2321 2319//2319 2250//2250
f 2321//2321 2250//2250 2252//2252
f 2322//2322 2252//2252 2253//2253
f 2322//2322 2321//2321 2252//2252
f 2323//2323 2253//2253 2254//2254
f 2323//2323 2322//2322 2253//2253
f 2324//2324 2254//2254 2255//2255
f 2324//2324 2323//2323 2254//2254
f 2325//2325 2255//2255 2256//2256
f 2325//2325 2324//2324 2255//2255
f 2326//2326 2256//2256 2257//2257
f 2326//2326 2325//2325 2256//2256
f 2327//2327 2257//2257 2258//2258
f 2327//2327 2326//2326 2257//2257
f 2328//2328 2258//2258 2259//2259
f 2328//2328 2327//2327 2258//2258
f 2330//2330 2329//2329 2260//2260
f 2329//2329 2259//2259 2260//2260
f 2329//2329 2328//2328 2259//2259
f 2330//2330 2331//2331 2329//2329
f 2320//2320 2261//2261 2251//2251
f 2332//2332 2261//2261 2320//2320
f 2262//2262 2330//2330 2260//2260
f 2334//2334 2333//2333 2263//2263
f 2263//2263 2333//2333 2262//2262
f 2333//2333 2331//2331 2262//2262
f 2331//2331 2330//2330 2262//2262
f 2334//2334 2335//2335 2333//2333
f 2332//2332 2264//2264 2261//2261
f 2336//2336 2264//2264 2332//2332
f 2265//2265 2334//2334 2263//2263
f 2265//2265 2266//2266 2334//2334
f 2266//2266 2335//2335 2334//2334
f 2266//2266 2337//2337 2335//2335
f 2336//2336 2268//2268 2264//2264
f 2338//2338 2268//2268 2336//2336
f 2269//2269 2337//2337 2266//2266
f 2269//2269 2339//2339 2337//2337
f 2270//2270 2268//2268 2340//2340
f 2268//2268 2341//2341 2340//2340
f 2268//2268 2338//2338 2341//2341
f 2340//2340 2271//2271 2270//2270
f 2272//2272 2339//2339 2269//2269
f 2272//2272 2342//2342 2339//2339
f 2340//2340 2341//2341 2274//2274
f 2341//2341 2273//2273 2274//2274
f 2341//2341 2343//2343 2273//2273
f 2340//2340 2274//2274 2271//2271
f 2344//2344 2342//2342 2272//2272
f 2344//2344 2272//2272 2275//2275
f 2275//2275 2276//2276 2344//2344
f 2344//2344 2276//2276 2345//2345
f 2343//2343 2277//2277 2273//2273
f 2346//2346 2277//2277 2343//2343
f 2347//2347 2345//2345 2276//2276
f 2347//2347 2276//2276 2278//2278
f 2278//2278 2277//2277 2346//2346
f 2278//2278 2346//2346 2347//2347
f 2349//2349 2348//2348 2279//2279
f 2349//2349 2279//2279 2280//2280
f 2281//2281 2279//2279 2348//2348
f 2281//2281 2348//2348 2350//2350
f 2351//2351 2349//2349 2280//2280
f 2351//2351 2280//2280 2282//2282
f 2282//2282 2281//2281 2350//2350
f 2282//2282 2350//2350 2351//2351
f 2353//2353 2352//2352 2283//2283
f 2353//2353 2283//2283 2284//2284
f 2285//2285 2283//2283 2352//2352
f 2285//2285 2352//2352 2354//2354
f 2355//2355 2353//2353 2284//2284
f 2355//2355 2284//2284 2286//2286
f 2286//2286 2285//2285 2354//2354
f 2286//2286 2354//2354 2355//2355
f 2357//2357 2356//2356 2287//2287
f 2357//2357 2287//2287 2288//2288
f 2287//2287 2358//2358 2289//2289
f 2356//2356 2358//2358 2287//2287
f 2289//2289 2359//2359 2290//2290
f 2358//2358 2359//2359 2289//2289
f 2290//2290 2360//2360 2291//2291
f 2359//2359 2360//2360 2290//2290
f 2291//2291 2361//2361 2292//2292
f 2360//2360 2361//2361 2291//2291
f 2292//2292 2362//2362 2293//2293
f 2361//2361 2362//2362 2292//2292
f 2293//2293 2363//2363 2294//2294
f 2362//2362 2363//2363 2293//2293
f 2294//2294 2364//2364 2295//2295
f 2363//2363 2364//2364 2294//2294
f 2295//2295 2365//2365 2296//2296
f 2364//2364 2365//2365 2295//2295
f 2296//2296 2366//2366 2297//2297
f 2365//2365 2366//2366 2296//2296
f 2297//2297 2367//2367 2298//2298
f 2366//2366 2367//2367 2297//2297
f 2299//2299 2298//2298 2367//2367
f 2299//2299 2367//2367 2368//2368
f 2370//2370 2369//2369 2300//2300
f 2370//2370 2300//2300 2301//2301
f 2288//2288 2300//2300 2357//2357
f 2357//2357 2300//2300 2369//2369
f 2368//2368 2371//2371 2299//2299
f 2299//2299 2371//2371 2302//2302
f 2303//2303 2302//2302 2371//2371
f 2303//2303 2371//2371 2372//2372
f 2304//2304 2370//2370 2301//2301
f 2304//2304 2373//2373 2370//2370
f 2372//2372 2305//2305 2303//2303
f 2374//2374 2305//2305 2372//2372
f 2307//2307 2373//2373 2304//2304
f 2307//2307 2375//2375 2373//2373
f 2378//2378 2377//2377 2376//2376
f 2380//2380 2379//2379 2376//2376
f 2376//2376 2379//2379 2378//2378
f 2374//2374 2379//2379 2380//2380
f 2308//2308 2374//2374 2380//2380
f 2305//2305 2374//2374 2308//2308
f 2309//2309 2375//2375 2307//2307
f 2309//2309 2381//2381 2375//2375
f 2382//2382 2311//2311 2312//2312
f 2313//2313 2382//2382 2312//2312
f 2376//2376 2377//2377 2383//2383
f 2383//2383 2377//2377 2384//2384
f 2386//2386 2380//2380 2385//2385
f 2380//2380 2383//2383 2385//2385
f 2380//2380 2376//2376 2383//2383
f 2308//2308 2380//2380 2386//2386
f 2387//2387 2308//2308 2386//2386
f 2314//2314 2308//2308 2387//2387
f 2315//2315 2381//2381 2309//2309
f 2315//2315 2388//2388 2381//2381
f 2391//2391 2390//2390 2389//2389
f 2393//2393 2392//2392 2389//2389
f 2389//2389 2392//2392 2391//2391
f 2393//2393 2394//2394 2392//2392
f 2382//2382 2316//2316 2311//2311
f 2316//2316 2382//2382 2313//2313
f 2384//2384 2395//2395 2383//2383
f 2383//2383 2395//2395 2385//2385
f 2387//2387 2317//2317 2314//2314
f 2396//2396 2317//2317 2387//2387
f 2397//2397 2388//2388 2315//2315
f 2397//2397 2315//2315 2318//2318
f 2318//2318 2319//2319 2397//2397
f 2397//2397 2319//2319 2398//2398
f 2389//2389 2390//2390 2399//2399
f 2399//2399 2390//2390 2400//2400
f 2389//2389 2401//2401 2393//2393
f 2389//2389 2399//2399 2401//2401
f 2394//2394 2393//2393 2402//2402
f 2402//2402 2393//2393 2401//2401
f 2396//2396 2320//2320 2317//2317
f 2403//2403 2320//2320 2396//2396
f 2404//2404 2398//2398 2319//2319
f 2404//2404 2319//2319 2321//2321
f 2405//2405 2321//2321 2322//2322
f 2405//2405 2404//2404 2321//2321
f 2406//2406 2322//2322 2323//2323
f 2406//2406 2405//2405 2322//2322
f 2407//2407 2323//2323 2324//2324
f 2407//2407 2406//2406 2323//2323
f 2325//2325 2399//2399 2400//2400
f 2407//2407 2325//2325 2400//2400
f 2324//2324 2325//2325 2407//2407
f 2399//2399 2325//2325 2326//2326
f 2399//2399 2326//2326 2401//2401
f 2408//2408 2402//2402 2401//2401
f 2326//2326 2408//2408 2401//2401
f 2327//2327 2408//2408 2326//2326
f 2409//2409 2327//2327 2328//2328
f 2409//2409 2408//2408 2327//2327
f 2410//2410 2328//2328 2329//2329
f 2410//2410 2409//2409 2328//2328
f 2329//2329 2331//2331 2410//2410
f 2410//2410 2331//2331 2411//2411
f 2403//2403 2332//2332 2320//2320
f 2412//2412 2332//2332 2403//2403
f 2413//2413 2411//2411 2331//2331
f 2413//2413 2331//2331 2333//2333
f 2333//2333 2335//2335 2413//2413
f 2413//2413 2335//2335 2414//2414
f 2412//2412 2336//2336 2332//2332
f 2415//2415 2336//2336 2412//2412
f 2337//2337 2414//2414 2335//2335
f 2337//2337 2416//2416 2414//2414
f 2415//2415 2338//2338 2336//2336
f 2417//2417 2338//2338 2415//2415
f 2339//2339 2416//2416 2337//2337
f 2339//2339 2418//2418 2416//2416
f 2417//2417 2341//2341 2338//2338
f 2419//2419 2341//2341 2417//2417
f 2342//2342 2418//2418 2339//2339
f 2342//2342 2420//2420 2418//2418
f 2419//2419 2343//2343 2341//2341
f 2421//2421 2343//2343 2419//2419
f 2422//2422 2420//2420 2342//2342
f 2422//2422 2342//2342 2344//2344
f 2344//2344 2345//2345 2422//2422
f 2422//2422 2345//2345 2423//2423
f 2421//2421 2346//2346 2343//2343
f 2424//2424 2346//2346 2421//2421
f 2425//2425 2423//2423 2345//2345
f 2425//2425 2345//2345 2347//2347
f 2347//2347 2346//2346 2424//2424
f 2347//2347 2424//2424 2425//2425
f 2427//2427 2426//2426 2348//2348
f 2427//2427 2348//2348 2349//2349
f 2350//2350 2348//2348 2426//2426
f 2350//2350 2426//2426 2428//2428
f 2429//2429 2427//2427 2349//2349
f 2429//2429 2349//2349 2351//2351
f 2351//2351 2350//2350 2428//2428
f 2351//2351 2428//2428 2429//2429
f 2431//2431 2430//2430 2352//2352
f 2431//2431 2352//2352 2353//2353
f 2354//2354 2352//2352 2430//2430
f 2354//2354 2430//2430 2432//2432
f 2433//2433 2431//2431 2353//2353
f 2433//2433 2353//2353 2355//2355
f 2355//2355 2354//2354 2432//2432
f 2355//2355 2432//2432 2433//2433
f 2435//2435 2434//2434 2356//2356
f 2435//2435 2356//2356 2357//2357
f 2356//2356 2436//2436 2358//2358
f 2434//2434 2436//2436 2356//2356
f 2358//2358 2437//2437 2359//2359
f 2436//2436 2437//2437 2358//2358
f 2359//2359 2438//2438 2360//2360
f 2437//2437 2438//2438 2359//2359
f 2360//2360 2439//2439 2361//2361
f 2438//2438 2439//2439 2360//2360
f 2361//2361 2440//2440 2362//2362
f 2439//2439 2440//2440 2361//2361
f 2362//2362 2441//2441 2363//2363
f 2440//2440 2441//2441 2362//2362
f 2363//2363 2442//2442 2364//2364
f 2441//2441 2442//2442 2363//2363
f 2364//2364 2443//2443 2365//2365
f 2442//2442 2443//2443 2364//2364
f 2365//2365 2444//2444 2366//2366
f 2443//2443 2444//2444 2365//2365
f 2366//2366 2445//2445 2367//2367
f 2444//2444 2445//2445 2366//2366
f 2368//2368 2367//2367 2445//2445
f 2368//2368 2445//2445 2446//2446
f 2448//2448 2447//2447 2369//2369
f 2448//2448 2369//2369 2370//2370
f 2357//2357 2369//2369 2435//2435
f 2435//2435 2369//2369 2447//2447
f 2446//2446 2449//2449 2368//2368
f 2368//2368 2449//2449 2371//2371
f 2372//2372 2371//2371 2449//2449
f 2372//2372 2449//2449 2450//2450
f 2373//2373 2448//2448 2370//2370
f 2373//2373 2451//2451 2448//2448
f 2450//2450 2374//2374 2372//2372
f 2452//2452 2374//2374 2450//2450
f 2375//2375 2451//2451 2373//2373
f 2375//2375 2453//2453 2451//2451
f 2454//2454 2377//2377 2378//2378
f 2379//2379 2455//2455 2378//2378
f 2378//2378 2455//2455 2454//2454
f 2456//2456 2455//2455 2379//2379
f 2374//2374 2456//2456 2379//2379
f 2452//2452 2456//2456 2374//2374
f 2381//2381 2453//2453 2375//2375
f 2381//2381 2457//2457 2453//2453
f 2460//2460 2459//2459 2458//2458
f 2458//2458 2461//2461 2460//2460
f 2462//2462 2384//2384 2454//2454
f 2454//2454 2384//2384 2377//2377
f 2385//2385 2462//2462 2386//2386
f 2462//2462 2455//2455 2386//2386
f 2462//2462 2454//2454 2455//2455
f 2387//2387 2386//2386 2455//2455
f 2456//2456 2387//2387 2455//2455
f 2463//2463 2387//2387 2456//2456
f 2388//2388 2457//2457 2381//2381
f 2388//2388 2464//2464 2457//2457
f 2459//2459 2465//2465 2458//2458
f 2458//2458 2465//2465 2461//2461
f 2467//2467 2466//2466 2391//2391
f 2391//2391 2466//2466 2390//2390
f 2469//2469 2467//2467 2468//2468
f 2467//2467 2392//2392 2468//2468
f 2467//2467 2391//2391 2392//2392
f 2394//2394 2468//2468 2392//2392
f 2462//2462 2395//2395 2384//2384
f 2395//2395 2462//2462 2385//2385
f 2463//2463 2396//2396 2387//2387
f 2470//2470 2396//2396 2463//2463
f 2471//2471 2464//2464 2388//2388
f 2471//2471 2388//2388 2397//2397
f 2397//2397 2398//2398 2471//2471
f 2471//2471 2398//2398 2472//2472
f 2474//2474 2400//2400 2473//2473
f 2400//2400 2466//2466 2473//2473
f 2400//2400 2390//2390 2466//2466
f 2474//2474 2473//2473 2469//2469
f 2468//2468 2474//2474 2469//2469
f 2475//2475 2474//2474 2468//2468
f 2402//2402 2475//2475 2394//2394
f 2394//2394 2475//2475 2468//2468
f 2470//2470 2403//2403 2396//2396
f 2476//2476 2403//2403 2470//2470
f 2477//2477 2472//2472 2398//2398
f 2477//2477 2398//2398 2404//2404
f 2478//2478 2404//2404 2405//2405
f 2478//2478 2477//2477 2404//2404
f 2479//2479 2405//2405 2406//2406
f 2479//2479 2478//2478 2405//2405
f 2480//2480 2406//2406 2407//2407
f 2480//2480 2479//2479 2406//2406
f 2407//2407 2400//2400 2474//2474
f 2481//2481 2407//2407 2474//2474
f 2480//2480 2407//2407 2481//2481
f 2481//2481 2474//2474 2475//2475
f 2481//2481 2475//2475 2482//2482
f 2482//2482 2475//2475 2402//2402
f 2408//2408 2482//2482 2402//2402
f 2483//2483 2482//2482 2408//2408
f 2484//2484 2408//2408 2409//2409
f 2484//2484 2483//2483 2408//2408
f 2485//2485 2409//2409 2410//2410
f 2485//2485 2484//2484 2409//2409
f 2410//2410 2411//2411 2485//2485
f 2485//2485 2411//2411 2486//2486
f 2476//2476 2412//2412 2403//2403
f 2487//2487 2412//2412 2476//2476
f 2488//2488 2486//2486 2411//2411
f 2488//2488 2411//2411 2413//2413
f 2413//2413 2414//2414 2488//2488
f 2488//2488 2414//2414 2489//2489
f 2487//2487 2415//2415 2412//2412
f 2490//2490 2415//2415 2487//2487
f 2416//2416 2489//2489 2414//2414
f 2416//2416 2491//2491 2489//2489
f 2490//2490 2417//2417 2415//2415
f 2492//2492 2417//2417 2490//2490
f 2418//2418 2491//2491 2416//2416
f 2418//2418 2493//2493 2491//2491
f 2492//2492 2419//2419 2417//2417
f 2494//2494 2419//2419 2492//2492
f 2420//2420 2493//2493 2418//2418
f 2420//2420 2495//2495 2493//2493
f 2494//2494 2421//2421 2419//2419
f 2496//2496 2421//2421 2494//2494
f 2497//2497 2495//2495 2420//2420
f 2497//2497 2420//2420 2422//2422
f 2422//2422 2423//2423 2497//2497
f 2497//2497 2423//2423 2498//2498
f 2496//2496 2424//2424 2421//2421
f 2499//2499 2424//2424 2496//2496
f 2500//2500 2498//2498 2423//2423
f 2500//2500 2423//2423 2425//2425
f 2425//2425 2424//2424 2499//2499
f 2425//2425 2499//2499 2500//2500
f 2502//2502 2501//2501 2426//2426
f 2502//2502 2426//2426 2427//2427
f 2428//2428 2426//2426 2501//2501
f 2428//2428 2501//2501 2503//2503
f 2504//2504 2502//2502 2427//2427
f 2504//2504 2427//2427 2429//2429
f 2429//2429 2428//2428 2503//2503
f 2429//2429 2503//2503 2504//2504
f 2506//2506 2505//2505 2430//2430
f 2506//2506 2430//2430 2431//2431
f 2432//2432 2430//2430 2505//2505
f 2432//2432 2505//2505 2507//2507
f 2508//2508 2506//2506 2431//2431
f 2508//2508 2431//2431 2433//2433
f 2433//2433 2432//2432 2507//2507
f 2433//2433 2507//2507 2508//2508
f 2510//2510 2509//2509 2434//2434
f 2510//2510 2434//2434 2435//2435
f 2434//2434 2511//2511 2436//2436
f 2509//2509 2511//2511 2434//2434
f 2436//2436 2512//2512 2437//2437
f 2511//2511 2512//2512 2436//2436
f 2437//2437 2513//2513 2438//2438
f 2512//2512 2513//2513 2437//2437
f 2438//2438 2514//2514 2439//2439
f 2513//2513 2514//2514 2438//2438
f 2439//2439 2515//2515 2440//2440
f 2514//2514 2515//2515 2439//2439
f 2440//2440 2516//2516 2441//2441
f 2515//2515 2516//2516 2440//2440
f 2441//2441 2517//2517 2442//2442
f 2516//2516 2517//2517 2441//2441
f 2442//2442 2518//2518 2443//2443
f 2517//2517 2518//2518 2442//2442
f 2443//2443 2519//2519 2444//2444
f 2518//2518 2519//2519 2443//2443
f 2444//2444 2520//2520 2445//2445
f 2519//2519 2520//2520 2444//2444
f 2446//2446 2445//2445 2520//2520
f 2446//2446 2520//2520 2521//2521
f 2523//2523 2522//2522 2447//2447
f 2523//2523 2447//2447 2448//2448
f 2435//2435 2447//2447 2510//2510
f 2510//2510 2447//2447 2522//2522
f 2521//2521 2524//2524 2446//2446
f 2446//2446 2524//2524 2449//2449
f 2450//2450 2449//2449 2524//2524
f 2450//2450 2524//2524 2525//2525
f 2451//2451 2523//2523 2448//2448
f 2451//2451 2526//2526 2523//2523
f 2525//2525 2452//2452 2450//2450
f 2527//2527 2452//2452 2525//2525
f 2453//2453 2526//2526 2451//2451
f 2453//2453 2528//2528 2526//2526
f 2527//2527 2456//2456 2452//2452
f 2529//2529 2456//2456 2527//2527
f 2457//2457 2528//2528 2453//2453
f 2457//2457 2530//2530 2528//2528
f 2531//2531 2459//2459 2460//2460
f 2461//2461 2531//2531 2460//2460
f 2529//2529 2463//2463 2456//2456
f 2532//2532 2463//2463 2529//2529
f 2464//2464 2530//2530 2457//2457
f 2464//2464 2533//2533 2530//2530
f 2531//2531 2465//2465 2459//2459
f 2465//2465 2531//2531 2461//2461
f 2534//2534 2466//2466 2467//2467
f 2469//2469 2534//2534 2467//2467
f 2532//2532 2470//2470 2463//2463
f 2535//2535 2470//2470 2532//2532
f 2536//2536 2533//2533 2464//2464
f 2536//2536 2464//2464 2471//2471
f 2471//2471 2472//2472 2536//2536
f 2536//2536 2472//2472 2537//2537
f 2534//2534 2473//2473 2466//2466
f 2473//2473 2534//2534 2469//2469
f 2535//2535 2476//2476 2470//2470
f 2538//2538 2476//2476 2535//2535
f 2539//2539 2537//2537 2472//2472
f 2539//2539 2472//2472 2477//2477
f 2540//2540 2477//2477 2478//2478
f 2540//2540 2539//2539 2477//2477
f 2541//2541 2478//2478 2479//2479
f 2541//2541 2540//2540 2478//2478
f 2542//2542 2479//2479 2480//2480
f 2542//2542 2541//2541 2479//2479
f 2543//2543 2480//2480 2481//2481
f 2543//2543 2542//2542 2480//2480
f 2544//2544 2481//2481 2482//2482
f 2544//2544 2543//2543 2481//2481
f 2545//2545 2482//2482 2483//2483
f 2545//2545 2544//2544 2482//2482
f 2546//2546 2483//2483 2484//2484
f 2546//2546 2545//2545 2483//2483
f 2547//2547 2484//2484 2485//2485
f 2547//2547 2546//2546 2484//2484
f 2485//2485 2486//2486 2547//2547
f 2547//2547 2486//2486 2548//2548
f 2538//2538 2487//2487 2476//2476
f 2549//2549 2487//2487 2538//2538
f 2550//2550 2548//2548 2486//2486
f 2550//2550 2486//2486 2488//2488
f 2488//2488 2489//2489 2550//2550
f 2550//2550 2489//2489 2551//2551
f 2549//2549 2490//2490 2487//2487
f 2552//2552 2490//2490 2549//2549
f 2491//2491 2551//2551 2489//2489
f 2491//2491 2553//2553 2551//2551
f 2555//2555 2492//2492 2554//2554
f 2492//2492 2552//2552 2554//2554
f 2492//2492 2490//2490 2552//2552
f 2556//2556 2555//2555 2554//2554
f 2493//2493 2553//2553 2491//2491
f 2493//2493 2557//2557 2553//2553
f 2558//2558 2494//2494 2555//2555
f 2555//2555 2494//2494 2492//2492
f 2555//2555 2556//2556 2559//2559
f 2555//2555 2559//2559 2558//2558
f 2495//2495 2557//2557 2493//2493
f 2495//2495 2560//2560 2557//2557
f 2562//2562 2561//2561 2558//2558
f 2561//2561 2494//2494 2558//2558
f 2561//2561 2496//2496 2494//2494
f 2562//2562 2558//2558 2559//2559
f 2563//2563 2560//2560 2495//2495
f 2563//2563 2495//2495 2497//2497
f 2497//2497 2498//2498 2563//2563
f 2563//2563 2498//2498 2564//2564
f 2561//2561 2499//2499 2496//2496
f 2565//2565 2499//2499 2561//2561
f 2566//2566 2564//2564 2498//2498
f 2566//2566 2498//2498 2500//2500
f 2500//2500 2499//2499 2565//2565
f 2500//2500 2565//2565 2566//2566
f 2568//2568 2567//2567 2501//2501
f 2568//2568 2501//2501 2502//2502
f 2503//2503 2501//2501 2567//2567
f 2503//2503 2567//2567 2569//2569
f 2570//2570 2568//2568 2502//2502
f 2570//2570 2502//2502 2504//2504
f 2504//2504 2503//2503 2569//2569
f 2504//2504 2569//2569 2570//2570
f 2572//2572 2571//2571 2505//2505
f 2572//2572 2505//2505 2506//2506
f 2507//2507 2505//2505 2571//2571
f 2507//2507 2571//2571 2573//2573
f 2574//2574 2572//2572 2506//2506
f 2574//2574 2506//2506 2508//2508
f 2508//2508 2507//2507 2573//2573
f 2508//2508 2573//2573 2574//2574
f 2576//2576 2575//2575 2509//2509
f 2576//2576 2509//2509 2510//2510
f 2509//2509 2577//2577 2511//2511
f 2575//2575 2577//2577 2509//2509
f 2511//2511 2578//2578 2512//2512
f 2577//2577 2578//2578 2511//2511
f 2512//2512 2579//2579 2513//2513
f 2578//2578 2579//2579 2512//2512
f 2513//2513 2580//2580 2514//2514
f 2579//2579 2580//2580 2513//2513
f 2514//2514 2581//2581 2515//2515
f 2580//2580 2581//2581 2514//2514
f 2515//2515 2582//2582 2516//2516
f 2581//2581 2582//2582 2515//2515
f 2516//2516 2583//2583 2517//2517
f 2582//2582 2583//2583 2516//2516
f 2517//2517 2584//2584 2518//2518
f 2583//2583 2584//2584 2517//2517
f 2518//2518 2585//2585 2519//2519
f 2584//2584 2585//2585 2518//2518
f 2519//2519 2586//2586 2520//2520
f 2585//2585 2586//2586 2519//2519
f 2521//2521 2520//2520 2586//2586
f 2521//2521 2586//2586 2587//2587
f 2589//2589 2588//2588 2522//2522
f 2589//2589 2522//2522 2523//2523
f 2510//2510 2522//2522 2576//2576
f 2576//2576 2522//2522 2588//2588
f 2587//2587 2590//2590 2521//2521
f 2521//2521 2590//2590 2524//2524
f 2525//2525 2524//2524 2590//2590
f 2525//2525 2590//2590 2591//2591
f 2526//2526 2589//2589 2523//2523
f 2526//2526 2592//2592 2589//2589
f 2591//2591 2527//2527 2525//2525
f 2593//2593 2527//2527 2591//2591
f 2528//2528 2592//2592 2526//2526
f 2528//2528 2594//2594 2592//2592
f 2593//2593 2529//2529 2527//2527
f 2595//2595 2529//2529 2593//2593
f 2530//2530 2594//2594 2528//2528
f 2530//2530 2596//2596 2594//2594
f 2595//2595 2532//2532 2529//2529
f 2597//2597 2532//2532 2595//2595
f 2533//2533 2596//2596 2530//2530
f 2533//2533 2598//2598 2596//2596
f 2597//2597 2535//2535 2532//2532
f 2599//2599 2535//2535 2597//2597
f 2600//2600 2598//2598 2533//2533
f 2600//2600 2533//2533 2536//2536
f 2536//2536 2537//2537 2600//2600
f 2600//2600 2537//2537 2601//2601
f 2599//2599 2538//2538 2535//2535
f 2602//2602 2538//2538 2599//2599
f 2603//2603 2601//2601 2537//2537
f 2603//2603 2537//2537 2539//2539
f 2604//2604 2539//2539 2540//2540
f 2604//2604 2603//2603 2539//2539
f 2605//2605 2540//2540 2541//2541
f 2605//2605 2604//2604 2540//2540
f 2606//2606 2541//2541 2542//2542
f 2606//2606 2605//2605 2541//2541
f 2607//2607 2542//2542 2543//2543
f 2607//2607 2606//2606 2542//2542
f 2608//2608 2543//2543 2544//2544
f 2608//2608 2607//2607 2543//2543
f 2609//2609 2544//2544 2545//2545
f 2609//2609 2608//2608 2544//2544
f 2610//2610 2545//2545 2546//2546
f 2610//2610 2609//2609 2545//2545
f 2611//2611 2546//2546 2547//2547
f 2611//2611 2610//2610 2546//2546
f 2547//2547 2548//2548 2611//2611
f 2611//2611 2548//2548 2612//2612
f 2602//2602 2549//2549 2538//2538
f 2613//2613 2549//2549 2602//2602
f 2614//2614 2612//2612 2548//2548
f 2614//2614 2548//2548 2550//2550
f 2550//2550 2551//2551 2614//2614
f 2614//2614 2551//2551 2615//2615
f 2617//2617 2552//2552 2616//2616
f 2552//2552 2613//2613 2616//2616
f 2552//2552 2549//2549 2613//2613
f 2618//2618 2617//2617 2616//2616
f 2553//2553 2615//2615 2551//2551
f 2553//2553 2619//2619 2615//2615
f 2617//2617 2554//2554 2552//2552
f 2556//2556 2554//2554 2617//2617
f 2618//2618 2556//2556 2617//2617
f 2620//2620 2556//2556 2618//2618
f 2557//2557 2619//2619 2553//2553
f 2557//2557 2621//2621 2619//2619
f 2620//2620 2559//2559 2556//2556
f 2622//2622 2559//2559 2620//2620
f 2560//2560 2621//2621 2557//2557
f 2560//2560 2623//2623 2621//2621
f 2625//2625 2624//2624 2562//2562
f 2562//2562 2624//2624 2561//2561
f 2562//2562 2559//2559 2622//2622
f 2562//2562 2622//2622 2625//2625
f 2626//2626 2623//2623 2560//2560
f 2626//2626 2560//2560 2563//2563
f 2563//2563 2564//2564 2626//2626
f 2626//2626 2564//2564 2627//2627
f 2624//2624 2565//2565 2561//2561
f 2628//2628 2565//2565 2624//2624
f 2629//2629 2627//2627 2564//2564
f 2629//2629 2564//2564 2566//2566
f 2566//2566 2565//2565 2628//2628
f 2566//2566 2628//2628 2629//2629
f 2631//2631 2630//2630 2567//2567
f 2631//2631 2567//2567 2568//2568
f 2569//2569 2567//2567 2630//2630
f 2569//2569 2630//2630 2632//2632
f 2633//2633 2631//2631 2568//2568
f 2633//2633 2568//2568 2570//2570
f 2570//2570 2569//2569 2632//2632
f 2570//2570 2632//2632 2633//2633
f 2572//2572 2634//2634 2571//2571
f 2634//2634 2573//2573 2571//2571
f 2574//2574 2634//2634 2572//2572
f 2634//2634 2574//2574 2573//2573
f 2636//2636 2635//2635 2575//2575
f 2636//2636 2575//2575 2576//2576
f 2575//2575 2637//2637 2577//2577
f 2635//2635 2637//2637 2575//2575
f 2577//2577 2638//2638 2578//2578
f 2637//2637 2638//2638 2577//2577
f 2578//2578 2639//2639 2579//2579
f 2638//2638 2639//2639 2578//2578
f 2579//2579 2640//2640 2580//2580
f 2639//2639 2640//2640 2579//2579
f 2580//2580 2641//2641 2581//2581
f 2640//2640 2641//2641 2580//2580
f 2581//2581 2642//2642 2582//2582
f 2641//2641 2642//2642 2581//2581
f 2582//2582 2643//2643 2583//2583
f 2642//2642 2643//2643 2582//2582
f 2583//2583 2644//2644 2584//2584
f 2643//2643 2644//2644 2583//2583
f 2584//2584 2645//2645 2585//2585
f 2644//2644 2645//2645 2584//2584
f 2585//2585 2646//2646 2586//2586
f 2645//2645 2646//2646 2585//2585
f 2587//2587 2586//2586 2646//2646
f 2587//2587 2646//2646 2647//2647
f 2649//2649 2648//2648 2588//2588
f 2649//2649 2588//2588 2589//2589
f 2576//2576 2588//2588 2636//2636
f 2636//2636 2588//2588 2648//2648
f 2647//2647 2650//2650 2587//2587
f 2587//2587 2650//2650 2590//2590
f 2591//2591 2590//2590 2650//2650
f 2591//2591 2650//2650 2651//2651
f 2592//2592 2649//2649 2589//2589
f 2592//2592 2652//2652 2649//2649
f 2651//2651 2593//2593 2591//2591
f 2653//2653 2593//2593 2651//2651
f 2594//2594 2652//2652 2592//2592
f 2594//2594 2654//2654 2652//2652
f 2653//2653 2595//2595 2593//2593
f 2655//2655 2595//2595 2653//2653
f 2596//2596 2654//2654 2594//2594
f 2596//2596 2656//2656 2654//2654
f 2655//2655 2597//2597 2595//2595
f 2657//2657 2597//2597 2655//2655
f 2598//2598 2656//2656 2596//2596
f 2598//2598 2658//2658 2656//2656
f 2657//2657 2599//2599 2597//2597
f 2659//2659 2599//2599 2657//2657
f 2598//2598 2600//2600 2660//2660
f 2661//2661 2598//2598 2660//2660
f 2658//2658 2598//2598 2661//2661
f 2601//2601 2660//2660 2600//2600
f 2659//2659 2602//2602 2599//2599
f 2662//2662 2602//2602 2659//2659
f 2663//2663 2661//2661 2660//2660
f 2663//2663 2660//2660 2601//2601
f 2603//2603 2663//2663 2601//2601
f 2664//2664 2663//2663 2603//2603
f 2665//2665 2603//2603 2604//2604
f 2665//2665 2664//2664 2603//2603
f 2666//2666 2604//2604 2605//2605
f 2666//2666 2665//2665 2604//2604
f 2667//2667 2605//2605 2606//2606
f 2667//2667 2666//2666 2605//2605
f 2668//2668 2606//2606 2607//2607
f 2668//2668 2667//2667 2606//2606
f 2669//2669 2607//2607 2608//2608
f 2669//2669 2668//2668 2607//2607
f 2670//2670 2608//2608 2609//2609
f 2670//2670 2669//2669 2608//2608
f 2671//2671 2609//2609 2610//2610
f 2671//2671 2670//2670 2609//2609
f 2672//2672 2610//2610 2611//2611
f 2672//2672 2671//2671 2610//2610
f 2611//2611 2612//2612 2672//2672
f 2672//2672 2612//2612 2673//2673
f 2675//2675 2613//2613 2674//2674
f 2613//2613 2662//2662 2674//2674
f 2613//2613 2602//2602 2662//2662
f 2676//2676 2675//2675 2674//2674
f 2677//2677 2673//2673 2612//2612
f 2677//2677 2612//2612 2614//2614
f 2614//2614 2615//2615 2677//2677
f 2677//2677 2615//2615 2678//2678
f 2675//2675 2616//2616 2613//2613
f 2618//2618 2616//2616 2675//2675
f 2676//2676 2618//2618 2675//2675
f 2679//2679 2618//2618 2676//2676
f 2619//2619 2678//2678 2615//2615
f 2619//2619 2680//2680 2678//2678
f 2679//2679 2620//2620 2618//2618
f 2681//2681 2620//2620 2679//2679
f 2621//2621 2680//2680 2619//2619
f 2621//2621 2682//2682 2680//2680
f 2681//2681 2622//2622 2620//2620
f 2683//2683 2622//2622 2681//2681
f 2623//2623 2682//2682 2621//2621
f 2623//2623 2684//2684 2682//2682
f 2686//2686 2685//2685 2625//2625
f 2625//2625 2685//2685 2624//2624
f 2625//2625 2622//2622 2683//2683
f 2625//2625 2683//2683 2686//2686
f 2687//2687 2684//2684 2623//2623
f 2687//2687 2623//2623 2626//2626
f 2626//2626 2627//2627 2687//2687
f 2687//2687 2627//2627 2688//2688
f 2685//2685 2628//2628 2624//2624
f 2689//2689 2628//2628 2685//2685
f 2690//2690 2688//2688 2627//2627
f 2690//2690 2627//2627 2629//2629
f 2629//2629 2628//2628 2689//2689
f 2629//2629 2689//2689 2690//2690
f 2692//2692 2691//2691 2630//2630
f 2692//2692 2630//2630 2631//2631
f 2632//2632 2630//2630 2691//2691
f 2632//2632 2691//2691 2693//2693
f 2694//2694 2692//2692 2631//2631
f 2694//2694 2631//2631 2633//2633
f 2633//2633 2632//2632 2693//2693
f 2633//2633 2693//2693 2694//2694
f 2696//2696 2695//2695 2635//2635
f 2696//2696 2635//2635 2636//2636
f 2635//2635 2697//2697 2637//2637
f 2695//2695 2697//2697 2635//2635
f 2637//2637 2698//2698 2638//2638
f 2697//2697 2698//2698 2637//2637
f 2638//2638 2699//2699 2639//2639
f 2698//2698 2699//2699 2638//2638
f 2639//2639 2700//2700 2640//2640
f 2699//2699 2700//2700 2639//2639
f 2640//2640 2701//2701 2641//2641
f 2700//2700 2701//2701 2640//2640
f 2641//2641 2702//2702 2642//2642
f 2701//2701 2702//2702 2641//2641
f 2642//2642 2703//2703 2643//2643
f 2702//2702 2703//2703 2642//2642
f 2643//2643 2704//2704 2644//2644
f 2703//2703 2704//2704 2643//2643
f 2644//2644 2705//2705 2645//2645
f 2704//2704 2705//2705 2644//2644
f 2645//2645 2706//2706 2646//2646
f 2705//2705 2706//2706 2645//2645
f 2647//2647 2646//2646 2706//2706
f 2647//2647 2706//2706 2707//2707
f 2709//2709 2708//2708 2648//2648
f 2709//2709 2648//2648 2649//2649
f 2636//2636 2648//2648 2696//2696
f 2696//2696 2648//2648 2708//2708
f 2707//2707 2710//2710 2647//2647
f 2647//2647 2710//2710 2650//2650
f 2651//2651 2650//2650 2710//2710
f 2651//2651 2710//2710 2711//2711
f 2652//2652 2709//2709 2649//2649
f 2652//2652 2712//2712 2709//2709
f 2711//2711 2653//2653 2651//2651
f 2713//2713 2653//2653 2711//2711
f 2654//2654 2712//2712 2652//2652
f 2654//2654 2714//2714 2712//2712
f 2713//2713 2655//2655 2653//2653
f 2715//2715 2655//2655 2713//2713
f 2656//2656 2714//2714 2654//2654
f 2656//2656 2716//2716 2714//2714
f 2719//2719 2718//2718 2717//2717
f 2717//2717 2720//2720 2719//2719
f 2715//2715 2657//2657 2655//2655
f 2721//2721 2657//2657 2715//2715
f 2658//2658 2716//2716 2656//2656
f 2658//2658 2722//2722 2716//2716
f 2718//2718 2723//2723 2717//2717
f 2717//2717 2723//2723 2720//2720
f 2721//2721 2659//2659 2657//2657
f 2724//2724 2659//2659 2721//2721
f 2661//2661 2722//2722 2658//2658
f 2661//2661 2725//2725 2722//2722
f 2724//2724 2662//2662 2659//2659
f 2726//2726 2662//2662 2724//2724
f 2727//2727 2725//2725 2661//2661
f 2727//2727 2661//2661 2663//2663
f 2728//2728 2663//2663 2664//2664
f 2728//2728 2727//2727 2663//2663
f 2729//2729 2664//2664 2665//2665
f 2729//2729 2728//2728 2664//2664
f 2730//2730 2665//2665 2666//2666
f 2730//2730 2729//2729 2665//2665
f 2731//2731 2666//2666 2667//2667
f 2731//2731 2730//2730 2666//2666
f 2732//2732 2667//2667 2668//2668
f 2732//2732 2731//2731 2667//2667
f 2733//2733 2668//2668 2669//2669
f 2733//2733 2732//2732 2668//2668
f 2734//2734 2669//2669 2670//2670
f 2734//2734 2733//2733 2669//2669
f 2735//2735 2670//2670 2671//2671
f 2735//2735 2734//2734 2670//2670
f 2736//2736 2671//2671 2672//2672
f 2736//2736 2735//2735 2671//2671
f 2672//2672 2673//2673 2736//2736
f 2736//2736 2673//2673 2737//2737
f 2726//2726 2738//2738 2662//2662
f 2662//2662 2738//2738 2674//2674
f 2676//2676 2674//2674 2738//2738
f 2676//2676 2738//2738 2739//2739
f 2740//2740 2737//2737 2673//2673
f 2740//2740 2673//2673 2677//2677
f 2677//2677 2678//2678 2740//2740
f 2740//2740 2678//2678 2741//2741
f 2739//2739 2679//2679 2676//2676
f 2742//2742 2679//2679 2739//2739
f 2680//2680 2741//2741 2678//2678
f 2680//2680 2743//2743 2741//2741
f 2742//2742 2681//2681 2679//2679
f 2744//2744 2681//2681 2742//2742
f 2682//2682 2743//2743 2680//2680
f 2682//2682 2745//2745 2743//2743
f 2744//2744 2683//2683 2681//2681
f 2746//2746 2683//2683 2744//2744
f 2684//2684 2745//2745 2682//2682
f 2684//2684 2747//2747 2745//2745
f 2749//2749 2748//2748 2686//2686
f 2686//2686 2748//2748 2685//2685
f 2686//2686 2683//2683 2746//2746
f 2686//2686 2746//2746 2749//2749
f 2750//2750 2747//2747 2684//2684
f 2750//2750 2684//2684 2687//2687
f 2687//2687 2688//2688 2750//2750
f 2750//2750 2688//2688 2751//2751
f 2748//2748 2689//2689 2685//2685
f 2752//2752 2689//2689 2748//2748
f 2753//2753 2751//2751 2688//2688
f 2753//2753 2688//2688 2690//2690
f 2690//2690 2689//2689 2752//2752
f 2690//2690 2752//2752 2753//2753
f 2692//2692 2754//2754 2691//2691
f 2754//2754 2693//2693 2691//2691
f 2694//2694 2754//2754 2692//2692
f 2754//2754 2694//2694 2693//2693
f 2757//2757 2756//2756 2755//2755
f 2695//2695 2696//2696 2755//2755
f 2756//2756 2695//2695 2755//2755
f 2758//2758 2695//2695 2756//2756
f 2695//2695 2759//2759 2697//2697
f 2758//2758 2759//2759 2695//2695
f 2697//2697 2760//2760 2698//2698
f 2759//2759 2760//2760 2697//2697
f 2698//2698 2761//2761 2699//2699
f 2760//2760 2761//2761 2698//2698
f 2699//2699 2762//2762 2700//2700
f 2761//2761 2762//2762 2699//2699
f 2700//2700 2763//2763 2701//2701
f 2762//2762 2763//2763 2700//2700
f 2701//2701 2764//2764 2702//2702
f 2763//2763 2764//2764 2701//2701
f 2702//2702 2765//2765 2703//2703
f 2764//2764 2765//2765 2702//2702
f 2703//2703 2766//2766 2704//2704
f 2765//2765 2766//2766 2703//2703
f 2704//2704 2767//2767 2705//2705
f 2766//2766 2767//2767 2704//2704
f 2705//2705 2768//2768 2706//2706
f 2767//2767 2768//2768 2705//2705
f 2707//2707 2706//2706 2768//2768
f 2707//2707 2768//2768 2769//2769
f 2757//2757 2755//2755 2708//2708
f 2709//2709 2757//2757 2708//2708
f 2770//2770 2757//2757 2709//2709
f 2708//2708 2755//2755 2696//2696
f 2769//2769 2771//2771 2707//2707
f 2707//2707 2771//2771 2710//2710
f 2711//2711 2710//2710 2771//2771
f 2711//2711 2771//2771 2772//2772
f 2712//2712 2770//2770 2709//2709
f 2712//2712 2773//2773 2770//2770
f 2772//2772 2713//2713 2711//2711
f 2774//2774 2713//2713 2772//2772
f 2714//2714 2773//2773 2712//2712
f 2714//2714 2775//2775 2773//2773
f 2774//2774 2715//2715 2713//2713
f 2776//2776 2715//2715 2774//2774
f 2716//2716 2775//2775 2714//2714
f 2716//2716 2777//2777 2775//2775
f 2779//2779 2778//2778 2719//2719
f 2719//2719 2778//2778 2718//2718
f 2719//2719 2720//2720 2779//2779
f 2779//2779 2720//2720 2780//2780
f 2776//2776 2721//2721 2715//2715
f 2781//2781 2721//2721 2776//2776
f 2722//2722 2777//2777 2716//2716
f 2722//2722 2782//2782 2777//2777
f 2778//2778 2783//2783 2718//2718
f 2718//2718 2783//2783 2723//2723
f 2720//2720 2723//2723 2780//2780
f 2780//2780 2723//2723 2783//2783
f 2781//2781 2724//2724 2721//2721
f 2784//2784 2724//2724 2781//2781
f 2725//2725 2782//2782 2722//2722
f 2725//2725 2785//2785 2782//2782
f 2784//2784 2726//2726 2724//2724
f 2786//2786 2726//2726 2784//2784
f 2787//2787 2785//2785 2725//2725
f 2787//2787 2725//2725 2727//2727
f 2788//2788 2727//2727 2728//2728
f 2788//2788 2787//2787 2727//2727
f 2789//2789 2728//2728 2729//2729
f 2789//2789 2788//2788 2728//2728
f 2790//2790 2729//2729 2730//2730
f 2790//2790 2789//2789 2729//2729
f 2791//2791 2730//2730 2731//2731
f 2791//2791 2790//2790 2730//2730
f 2792//2792 2731//2731 2732//2732
f 2792//2792 2791//2791 2731//2731
f 2793//2793 2732//2732 2733//2733
f 2793//2793 2792//2792 2732//2732
f 2794//2794 2733//2733 2734//2734
f 2794//2794 2793//2793 2733//2733
f 2795//2795 2734//2734 2735//2735
f 2795//2795 2794//2794 2734//2734
f 2796//2796 2735//2735 2736//2736
f 2796//2796 2795//2795 2735//2735
f 2736//2736 2737//2737 2796//2796
f 2796//2796 2737//2737 2797//2797
f 2786//2786 2798//2798 2726//2726
f 2726//2726 2798//2798 2738//2738
f 2739//2739 2738//2738 2798//2798
f 2739//2739 2798//2798 2799//2799
f 2800//2800 2797//2797 2737//2737
f 2800//2800 2737//2737 2740//2740
f 2740//2740 2741//2741 2800//2800
f 2800//2800 2741//2741 2801//2801
f 2799//2799 2742//2742 2739//2739
f 2802//2802 2742//2742 2799//2799
f 2743//2743 2801//2801 2741//2741
f 2743//2743 2803//2803 2801//2801
f 2802//2802 2744//2744 2742//2742
f 2804//2804 2744//2744 2802//2802
f 2745//2745 2803//2803 2743//2743
f 2745//2745 2805//2805 2803//2803
f 2804//2804 2746//2746 2744//2744
f 2806//2806 2746//2746 2804//2804
f 2747//2747 2805//2805 2745//2745
f 2747//2747 2807//2807 2805//2805
f 2809//2809 2808//2808 2749//2749
f 2749//2749 2808//2808 2748//2748
f 2749//2749 2746//2746 2806//2806
f 2749//2749 2806//2806 2809//2809
f 2810//2810 2807//2807 2747//2747
f 2810//2810 2747//2747 2750//2750
f 2750//2750 2751//2751 2810//2810
f 2810//2810 2751//2751 2811//2811
f 2808//2808 2752//2752 2748//2748
f 2812//2812 2752//2752 2808//2808
f 2813//2813 2811//2811 2751//2751
f 2813//2813 2751//2751 2753//2753
f 2753//2753 2752//2752 2812//2812
f 2753//2753 2812//2812 2813//2813
f 2815//2815 2814//2814 2756//2756
f 2815//2815 2756//2756 2757//2757
f 2756//2756 2816//2816 2758//2758
f 2814//2814 2816//2816 2756//2756
f 2758//2758 2817//2817 2759//2759
f 2816//2816 2817//2817 2758//2758
f 2759//2759 2818//2818 2760//2760
f 2817//2817 2818//2818 2759//2759
f 2760//2760 2819//2819 2761//2761
f 2818//2818 2819//2819 2760//2760
f 2761//2761 2820//2820 2762//2762
f 2819//2819 2820//2820 2761//2761
f 2762//2762 2821//2821 2763//2763
f 2820//2820 2821//2821 2762//2762
f 2763//2763 2822//2822 2764//2764
f 2821//2821 2822//2822 2763//2763
f 2764//2764 2823//2823 2765//2765
f 2822//2822 2823//2823 2764//2764
f 2765//2765 2824//2824 2766//2766
f 2823//2823 2824//2824 2765//2765
f 2766//2766 2825//2825 2767//2767
f 2824//2824 2825//2825 2766//2766
f 2767//2767 2826//2826 2768//2768
f 2825//2825 2826//2826 2767//2767
f 2769//2769 2768//2768 2826//2826
f 2769//2769 2826//2826 2827//2827
f 2770//2770 2815//2815 2757//2757
f 2770//2770 2828//2828 2815//2815
f 2827//2827 2829//2829 2769//2769
f 2769//2769 2829//2829 2771//2771
f 2772//2772 2771//2771 2829//2829
f 2772//2772 2829//2829 2830//2830
f 2773//2773 2828//2828 2770//2770
f 2773//2773 2831//2831 2828//2828
f 2830//2830 2774//2774 2772//2772
f 2832//2832 2774//2774 2830//2830
f 2775//2775 2831//2831 2773//2773
f 2775//2775 2833//2833 2831//2831
f 2832//2832 2776//2776 2774//2774
f 2834//2834 2776//2776 2832//2832
f 2777//2777 2833//2833 2775//2775
f 2777//2777 2835//2835 2833//2833
f 2836//2836 2778//2778 2779//2779
f 2780//2780 2836//2836 2779//2779
f 2834//2834 2781//2781 2776//2776
f 2837//2837 2781//2781 2834//2834
f 2782//2782 2835//2835 2777//2777
f 2782//2782 2838//2838 2835//2835
f 2836//2836 2783//2783 2778//2778
f 2783//2783 2836//2836 2780//2780
f 2837//2837 2784//2784 2781//2781
f 2839//2839 2784//2784 2837//2837
f 2785//2785 2838//2838 2782//2782
f 2785//2785 2840//2840 2838//2838
f 2839//2839 2786//2786 2784//2784
f 2841//2841 2786//2786 2839//2839
f 2842//2842 2840//2840 2785//2785
f 2842//2842 2785//2785 2787//2787
f 2843//2843 2787//2787 2788//2788
f 2843//2843 2842//2842 2787//2787
f 2844//2844 2788//2788 2789//2789
f 2844//2844 2843//2843 2788//2788
f 2845//2845 2789//2789 2790//2790
f 2845//2845 2844//2844 2789//2789
f 2846//2846 2790//2790 2791//2791
f 2846//2846 2845//2845 2790//2790
f 2847//2847 2791//2791 2792//2792
f 2847//2847 2846//2846 2791//2791
f 2848//2848 2792//2792 2793//2793
f 2848//2848 2847//2847 2792//2792
f 2849//2849 2793//2793 2794//2794
f 2849//2849 2848//2848 2793//2793
f 2850//2850 2794//2794 2795//2795
f 2850//2850 2849//2849 2794//2794
f 2851//2851 2795//2795 2796//2796
f 2851//2851 2850//2850 2795//2795
f 2796//2796 2797//2797 2851//2851
f 2851//2851 2797//2797 2852//2852
f 2841//2841 2853//2853 2786//2786
f 2786//2786 2853//2853 2798//2798
f 2799//2799 2798//2798 2853//2853
f 2799//2799 2853//2853 2854//2854
f 2855//2855 2852//2852 2797//2797
f 2855//2855 2797//2797 2800//2800
f 2800//2800 2801//2801 2855//2855
f 2855//2855 2801//2801 2856//2856
f 2854//2854 2802//2802 2799//2799
f 2857//2857 2802//2802 2854//2854
f 2803//2803 2856//2856 2801//2801
f 2803//2803 2858//2858 2856//2856
f 2857//2857 2804//2804 2802//2802
f 2859//2859 2804//2804 2857//2857
f 2805//2805 2858//2858 2803//2803
f 2805//2805 2860//2860 2858//2858
f 2859//2859 2806//2806 2804//2804
f 2861//2861 2806//2806 2859//2859
f 2807//2807 2860//2860 2805//2805
f 2807//2807 2862//2862 2860//2860
f 2864//2864 2863//2863 2809//2809
f 2809//2809 2863//2863 2808//2808
f 2809//2809 2806//2806 2861//2861
f 2809//2809 2861//2861 2864//2864
f 2865//2865 2862//2862 2807//2807
f 2865//2865 2807//2807 2810//2810
f 2810//2810 2811//2811 2865//2865
f 2865//2865 2811//2811 2866//2866
f 2863//2863 2812//2812 2808//2808
f 2867//2867 2812//2812 2863//2863
f 2868//2868 2866//2866 2811//2811
f 2868//2868 2811//2811 2813//2813
f 2813//2813 2812//2812 2867//2867
f 2813//2813 2867//2867 2868//2868
f 2870//2870 2869//2869 2814//2814
f 2870//2870 2814//2814 2815//2815
f 2814//2814 2871//2871 2816//2816
f 2869//2869 2871//2871 2814//2814
f 2816//2816 2872//2872 2817//2817
f 2871//2871 2872//2872 2816//2816
f 2817//2817 2873//2873 2818//2818
f 2872//2872 2873//2873 2817//2817
f 2818//2818 2874//2874 2819//2819
f 2873//2873 2874//2874 2818//2818
f 2819//2819 2875//2875 2820//2820
f 2874//2874 2875//2875 2819//2819
f 2820//2820 2876//2876 2821//2821
f 2875//2875 2876//2876 2820//2820
f 2821//2821 2877//2877 2822//2822
f 2876//2876 2877//2877 2821//2821
f 2822//2822 2878//2878 2823//2823
f 2877//2877 2878//2878 2822//2822
f 2823//2823 2879//2879 2824//2824
f 2878//2878 2879//2879 2823//2823
f 2824//2824 2880//2880 2825//2825
f 2879//2879 2880//2880 2824//2824
f 2825//2825 2881//2881 2826//2826
f 2880//2880 2881//2881 2825//2825
f 2827//2827 2826//2826 2881//2881
f 2827//2827 2881//2881 2882//2882
f 2828//2828 2870//2870 2815//2815
f 2828//2828 2883//2883 2870//2870
f 2882//2882 2884//2884 2827//2827
f 2827//2827 2884//2884 2829//2829
f 2830//2830 2829//2829 2884//2884
f 2830//2830 2884//2884 2885//2885
f 2831//2831 2883//2883 2828//2828
f 2831//2831 2886//2886 2883//2883
f 2885//2885 2832//2832 2830//2830
f 2887//2887 2832//2832 2885//2885
f 2833//2833 2886//2886 2831//2831
f 2833//2833 2888//2888 2886//2886
f 2887//2887 2834//2834 2832//2832
f 2889//2889 2834//2834 2887//2887
f 2835//2835 2888//2888 2833//2833
f 2835//2835 2890//2890 2888//2888
f 2889//2889 2837//2837 2834//2834
f 2891//2891 2837//2837 2889//2889
f 2838//2838 2890//2890 2835//2835
f 2838//2838 2892//2892 2890//2890
f 2891//2891 2839//2839 2837//2837
f 2893//2893 2839//2839 2891//2891
f 2840//2840 2892//2892 2838//2838
f 2840//2840 2894//2894 2892//2892
f 2893//2893 2841//2841 2839//2839
f 2895//2895 2841//2841 2893//2893
f 2896//2896 2894//2894 2840//2840
f 2896//2896 2840//2840 2842//2842
f 2897//2897 2842//2842 2843//2843
f 2897//2897 2896//2896 2842//2842
f 2898//2898 2843//2843 2844//2844
f 2898//2898 2897//2897 2843//2843
f 2899//2899 2844//2844 2845//2845
f 2899//2899 2898//2898 2844//2844
f 2900//2900 2845//2845 2846//2846
f 2900//2900 2899//2899 2845//2845
f 2901//2901 2846//2846 2847//2847
f 2901//2901 2900//2900 2846//2846
f 2902//2902 2847//2847 2848//2848
f 2902//2902 2901//2901 2847//2847
f 2903//2903 2848//2848 2849//2849
f 2903//2903 2902//2902 2848//2848
f 2904//2904 2849//2849 2850//2850
f 2904//2904 2903//2903 2849//2849
f 2905//2905 2850//2850 2851//2851
f 2905//2905 2904//2904 2850//2850
f 2851//2851 2852//2852 2905//2905
f 2905//2905 2852//2852 2906//2906
f 2853//2853 2841//2841 2907//2907
f 2841//2841 2908//2908 2907//2907
f 2841//2841 2895//2895 2908//2908
f 2907//2907 2854//2854 2853//2853
f 2909//2909 2906//2906 2852//2852
f 2909//2909 2852//2852 2855//2855
f 2855//2855 2856//2856 2909//2909
f 2909//2909 2856//2856 2910//2910
f 2908//2908 2911//2911 2907//2907
f 2854//2854 2907//2907 2911//2911
f 2912//2912 2854//2854 2911//2911
f 2857//2857 2854//2854 2912//2912
f 2858//2858 2910//2910 2856//2856
f 2858//2858 2913//2913 2910//2910
f 2912//2912 2859//2859 2857//2857
f 2914//2914 2859//2859 2912//2912
f 2860//2860 2913//2913 2858//2858
f 2860//2860 2915//2915 2913//2913
f 2914//2914 2861//2861 2859//2859
f 2916//2916 2861//2861 2914//2914
f 2862//2862 2915//2915 2860//2860
f 2862//2862 2917//2917 2915//2915
f 2919//2919 2918//2918 2864//2864
f 2864//2864 2918//2918 2863//2863
f 2864//2864 2861//2861 2916//2916
f 2864//2864 2916//2916 2919//2919
f 2920//2920 2917//2917 2862//2862
f 2920//2920 2862//2862 2865//2865
f 2865//2865 2866//2866 2920//2920
f 2920//2920 2866//2866 2921//2921
f 2918//2918 2867//2867 2863//2863
f 2922//2922 2867//2867 2918//2918
f 2923//2923 2921//2921 2866//2866
f 2923//2923 2866//2866 2868//2868
f 2868//2868 2867//2867 2922//2922
f 2868//2868 2922//2922 2923//2923
f 2925//2925 2924//2924 2869//2869
f 2925//2925 2869//2869 2870//2870
f 2869//2869 2926//2926 2871//2871
f 2924//2924 2926//2926 2869//2869
f 2871//2871 2927//2927 2872//2872
f 2926//2926 2927//2927 2871//2871
f 2872//2872 2928//2928 2873//2873
f 2927//2927 2928//2928 2872//2872
f 2873//2873 2929//2929 2874//2874
f 2928//2928 2929//2929 2873//2873
f 2874//2874 2930//2930 2875//2875
f 2929//2929 2930//2930 2874//2874
f 2875//2875 2931//2931 2876//2876
f 2930//2930 2931//2931 2875//2875
f 2876//2876 2932//2932 2877//2877
f 2931//2931 2932//2932 2876//2876
f 2877//2877 2933//2933 2878//2878
f 2932//2932 2933//2933 2877//2877
f 2878//2878 2934//2934 2879//2879
f 2933//2933 2934//2934 2878//2878
f 2879//2879 2935//2935 2880//2880
f 2934//2934 2935//2935 2879//2879
f 2880//2880 2936//2936 2881//2881
f 2935//2935 2936//2936 2880//2880
f 2938//2938 2937//2937 2882//2882
f 2881//2881 2938//2938 2882//2882
f 2936//2936 2938//2938 2881//2881
f 2939//2939 2937//2937 2938//2938
f 2883//2883 2925//2925 2870//2870
f 2883//2883 2940//2940 2925//2925
f 2937//2937 2884//2884 2882//2882
f 2885//2885 2884//2884 2937//2937
f 2939//2939 2885//2885 2937//2937
f 2941//2941 2885//2885 2939//2939
f 2886//2886 2940//2940 2883//2883
f 2886//2886 2942//2942 2940//2940
f 2941//2941 2887//2887 2885//2885
f 2943//2943 2887//2887 2941//2941
f 2888//2888 2942//2942 2886//2886
f 2888//2888 2944//2944 2942//2942
f 2943//2943 2889//2889 2887//2887
f 2945//2945 2889//2889 2943//2943
f 2890//2890 2944//2944 2888//2888
f 2890//2890 2946//2946 2944//2944
f 2949//2949 2948//2948 2947//2947
f 2947//2947 2950//2950 2949//2949
f 2945//2945 2891//2891 2889//2889
f 2951//2951 2891//2891 2945//2945
f 2892//2892 2946//2946 2890//2890
f 2892//2892 2952//2952 2946//2946
f 2948//2948 2953//2953 2947//2947
f 2947//2947 2953//2953 2950//2950
f 2951//2951 2893//2893 2891//2891
f 2954//2954 2893//2893 2951//2951
f 2894//2894 2952//2952 2892//2892
f 2894//2894 2955//2955 2952//2952
f 2954//2954 2895//2895 2893//2893
f 2956//2956 2895//2895 2954//2954
f 2957//2957 2955//2955 2894//2894
f 2957//2957 2894//2894 2896//2896
f 2958//2958 2896//2896 2897//2897
f 2958//2958 2957//2957 2896//2896
f 2959//2959 2897//2897 2898//2898
f 2959//2959 2958//2958 2897//2897
f 2960//2960 2898//2898 2899//2899
f 2960//2960 2959//2959 2898//2898
f 2961//2961 2899//2899 2900//2900
f 2961//2961 2960//2960 2899//2899
f 2962//2962 2900//2900 2901//2901
f 2962//2962 2961//2961 2900//2900
f 2963//2963 2901//2901 2902//2902
f 2963//2963 2962//2962 2901//2901
f 2964//2964 2902//2902 2903//2903
f 2964//2964 2963//2963 2902//2902
f 2965//2965 2903//2903 2904//2904
f 2965//2965 2964//2964 2903//2903
f 2966//2966 2904//2904 2905//2905
f 2966//2966 2965//2965 2904//2904
f 2905//2905 2906//2906 2966//2966
f 2966//2966 2906//2906 2967//2967
f 2956//2956 2908//2908 2895//2895
f 2968//2968 2908//2908 2956//2956
f 2969//2969 2967//2967 2906//2906
f 2969//2969 2906//2906 2909//2909
f 2909//2909 2910//2910 2969//2969
f 2969//2969 2910//2910 2970//2970
f 2911//2911 2908//2908 2971//2971
f 2908//2908 2972//2972 2971//2971
f 2908//2908 2968//2968 2972//2972
f 2971//2971 2912//2912 2911//2911
f 2913//2913 2970//2970 2910//2910
f 2913//2913 2973//2973 2970//2970
f 2972//2972 2974//2974 2971//2971
f 2912//2912 2971//2971 2974//2974
f 2975//2975 2912//2912 2974//2974
f 2914//2914 2912//2912 2975//2975
f 2915//2915 2973//2973 2913//2913
f 2915//2915 2976//2976 2973//2973
f 2979//2979 2978//2978 2977//2977
f 2975//2975 2979//2979 2977//2977
f 2916//2916 2975//2975 2977//2977
f 2914//2914 2975//2975 2916//2916
f 2917//2917 2976//2976 2915//2915
f 2917//2917 2980//2980 2976//2976
f 2977//2977 2978//2978 2919//2919
f 2978//2978 2918//2918 2919//2919
f 2978//2978 2981//2981 2918//2918
f 2977//2977 2919//2919 2916//2916
f 2982//2982 2980//2980 2917//2917
f 2982//2982 2917//2917 2920//2920
f 2920//2920 2921//2921 2982//2982
f 2982//2982 2921//2921 2983//2983
f 2981//2981 2922//2922 2918//2918
f 2984//2984 2922//2922 2981//2981
f 2985//2985 2983//2983 2921//2921
f 2985//2985 2921//2921 2923//2923
f 2923//2923 2922//2922 2984//2984
f 2923//2923 2984//2984 2985//2985
f 2987//2987 2986//2986 2924//2924
f 2987//2987 2924//2924 2925//2925
f 2924//2924 2988//2988 2926//2926
f 2986//2986 2988//2988 2924//2924
f 2926//2926 2989//2989 2927//2927
f 2988//2988 2989//2989 2926//2926
f 2927//2927 2990//2990 2928//2928
f 2989//2989 2990//2990 2927//2927
f 2928//2928 2991//2991 2929//2929
f 2990//2990 2991//2991 2928//2928
f 2929//2929 2992//2992 2930//2930
f 2991//2991 2992//2992 2929//2929
f 2930//2930 2993//2993 2931//2931
f 2992//2992 2993//2993 2930//2930
f 2931//2931 2994//2994 2932//2932
f 2993//2993 2994//2994 2931//2931
f 2932//2932 2995//2995 2933//2933
f 2994//2994 2995//2995 2932//2932
f 2933//2933 2996//2996 2934//2934
f 2995//2995 2996//2996 2933//2933
f 2934//2934 2997//2997 2935//2935
f 2996//2996 2997//2997 2934//2934
f 2935//2935 2998//2998 2936//2936
f 2997//2997 2998//2998 2935//2935
f 2936//2936 2999//2999 2938//2938
f 2998//2998 2999//2999 2936//2936
f 2939//2939 2938//2938 2999//2999
f 2939//2939 2999//2999 3000//3000
f 2940//2940 2987//2987 2925//2925
f 2940//2940 3001//3001 2987//2987
f 3000//3000 2941//2941 2939//2939
f 3002//3002 2941//2941 3000//3000
f 2942//2942 3001//3001 2940//2940
f 2942//2942 3003//3003 3001//3001
f 3002//3002 2943//2943 2941//2941
f 3004//3004 2943//2943 3002//3002
f 2944//2944 3003//3003 2942//2942
f 2944//2944 3005//3005 3003//3003
f 3004//3004 2945//2945 2943//2943
f 3006//3006 2945//2945 3004//3004
f 2946//2946 3005//3005 2944//2944
f 2946//2946 3007//3007 3005//3005
f 3008//3008 2948//2948 2949//2949
f 2950//2950 3008//3008 2949//2949
f 3006//3006 2951//2951 2945//2945
f 3009//3009 2951//2951 3006//3006
f 2952//2952 3007//3007 2946//2946
f 2952//2952 3010//3010 3007//3007
f 3008//3008 2953//2953 2948//2948
f 2953//2953 3008//3008 2950//2950
f 3009//3009 2954//2954 2951//2951
f 3011//3011 2954//2954 3009//3009
f 2955//2955 3010//3010 2952//2952
f 2955//2955 3012//3012 3010//3010
f 3011//3011 2956//2956 2954//2954
f 3013//3013 2956//2956 3011//3011
f 3014//3014 3012//3012 2955//2955
f 3014//3014 2955//2955 2957//2957
f 3015//3015 2957//2957 2958//2958
f 3015//3015 3014//3014 2957//2957
f 3016//3016 2958//2958 2959//2959
f 3016//3016 3015//3015 2958//2958
f 3017//3017 2959//2959 2960//2960
f 3017//3017 3016//3016 2959//2959
f 3018//3018 2960//2960 2961//2961
f 3018//3018 3017//3017 2960//2960
f 3019//3019 2961//2961 2962//2962
f 3019//3019 3018//3018 2961//2961
f 3020//3020 2962//2962 2963//2963
f 3020//3020 3019//3019 2962//2962
f 3021//3021 2963//2963 2964//2964
f 3021//3021 3020//3020 2963//2963
f 3022//3022 2964//2964 2965//2965
f 3022//3022 3021//3021 2964//2964
f 3023//3023 2965//2965 2966//2966
f 3023//3023 3022//3022 2965//2965
f 2966//2966 2967//2967 3023//3023
f 3023//3023 2967//2967 3024//3024
f 3013//3013 2968//2968 2956//2956
f 3025//3025 2968//2968 3013//3013
f 3026//3026 3024//3024 2967//2967
f 3026//3026 2967//2967 2969//2969
f 2969//2969 2970//2970 3026//3026
f 3026//3026 2970//2970 3027//3027
f 3025//3025 2972//2972 2968//2968
f 3028//3028 2972//2972 3025//3025
f 2973//2973 3027//3027 2970//2970
f 2973//2973 3029//3029 3027//3027
f 3028//3028 3030//3030 2972//2972
f 2972//2972 3030//3030 2974//2974
f 2975//2975 2974//2974 3030//3030
f 2975//2975 3030//3030 3031//3031
f 2976//2976 3029//3029 2973//2973
f 2976//2976 3032//3032 3029//3029
f 3034//3034 3033//3033 2979//2979
f 2979//2979 3033//3033 2978//2978
f 2979//2979 2975//2975 3031//3031
f 2979//2979 3031//3031 3034//3034
f 2980//2980 3032//3032 2976//2976
f 2980//2980 3035//3035 3032//3032
f 3033//3033 2981//2981 2978//2978
f 3036//3036 2981//2981 3033//3033
f 3037//3037 3035//3035 2980//2980
f 3037//3037 2980//2980 2982//2982
f 2982//2982 2983//2983 3037//3037
f 3037//3037 2983//2983 3038//3038
f 3036//3036 2984//2984 2981//2981
f 3039//3039 2984//2984 3036//3036
f 3040//3040 3038//3038 2983//2983
f 3040//3040 2983//2983 2985//2985
f 2985//2985 2984//2984 3039//3039
f 2985//2985 3039//3039 3040//3040
f 3042//3042 3041//3041 2986//2986
f 3042//3042 2986//2986 2987//2987
f 2986//2986 3043//3043 2988//2988
f 3041//3041 3043//3043 2986//2986
f 2988//2988 3044//3044 2989//2989
f 3043//3043 3044//3044 2988//2988
f 2989//2989 3045//3045 2990//2990
f 3044//3044 3045//3045 2989//2989
f 2990//2990 3046//3046 2991//2991
f 3045//3045 3046//3046 2990//2990
f 2991//2991 3047//3047 2992//2992
f 3046//3046 3047//3047 2991//2991
f 2992//2992 3048//3048 2993//2993
f 3047//3047 3048//3048 2992//2992
f 2993//2993 3049//3049 2994//2994
f 3048//3048 3049//3049 2993//2993
f 2994//2994 3050//3050 2995//2995
f 3049//3049 3050//3050 2994//2994
f 2995//2995 3051//3051 2996//2996
f 3050//3050 3051//3051 2995//2995
f 2996//2996 3052//3052 2997//2997
f 3051//3051 3052//3052 2996//2996
f 2997//2997 3053//3053 2998//2998
f 3052//3052 3053//3053 2997//2997
f 2998//2998 3054//3054 2999//2999
f 3053//3053 3054//3054 2998//2998
f 3000//3000 2999//2999 3054//3054
f 3000//3000 3054//3054 3055//3055
f 3001//3001 3042//3042 2987//2987
f 3001//3001 3056//3056 3042//3042
f 3055//3055 3002//3002 3000//3000
f 3057//3057 3002//3002 3055//3055
f 3003//3003 3056//3056 3001//3001
f 3003//3003 3058//3058 3056//3056
f 3057//3057 3004//3004 3002//3002
f 3059//3059 3004//3004 3057//3057
f 3005//3005 3058//3058 3003//3003
f 3005//3005 3060//3060 3058//3058
f 3059//3059 3006//3006 3004//3004
f 3061//3061 3006//3006 3059//3059
f 3007//3007 3060//3060 3005//3005
f 3007//3007 3062//3062 3060//3060
f 3061//3061 3009//3009 3006//3006
f 3063//3063 3009//3009 3061//3061
f 3010//3010 3062//3062 3007//3007
f 3010//3010 3064//3064 3062//3062
f 3063//3063 3011//3011 3009//3009
f 3065//3065 3011//3011 3063//3063
f 3012//3012 3064//3064 3010//3010
f 3012//3012 3066//3066 3064//3064
f 3065//3065 3013//3013 3011//3011
f 3067//3067 3013//3013 3065//3065
f 3068//3068 3066//3066 3012//3012
f 3068//3068 3012//3012 3014//3014
f 3069//3069 3014//3014 3015//3015
f 3069//3069 3068//3068 3014//3014
f 3070//3070 3015//3015 3016//3016
f 3070//3070 3069//3069 3015//3015
f 3071//3071 3016//3016 3017//3017
f 3071//3071 3070//3070 3016//3016
f 3072//3072 3017//3017 3018//3018
f 3072//3072 3071//3071 3017//3017
f 3073//3073 3018//3018 3019//3019
f 3073//3073 3072//3072 3018//3018
f 3075//3075 3073//3073 3074//3074
f 3073//3073 3020//3020 3074//3074
f 3073//3073 3019//3019 3020//3020
f 3074//3074 3020//3020 3076//3076
f 3020//3020 3077//3077 3076//3076
f 3020//3020 3021//3021 3077//3077
f 3078//3078 3021//3021 3022//3022
f 3078//3078 3077//3077 3021//3021
f 3079//3079 3022//3022 3023//3023
f 3079//3079 3078//3078 3022//3022
f 3023//3023 3024//3024 3079//3079
f 3079//3079 3024//3024 3080//3080
f 3067//3067 3025//3025 3013//3013
f 3081//3081 3025//3025 3067//3067
f 3082//3082 3075//3075 3074//3074
f 3082//3082 3074//3074 3076//3076
f 3083//3083 3080//3080 3024//3024
f 3083//3083 3024//3024 3026//3026
f 3026//3026 3027//3027 3083//3083
f 3083//3083 3027//3027 3084//3084
f 3081//3081 3028//3028 3025//3025
f 3085//3085 3028//3028 3081//3081
f 3029//3029 3084//3084 3027//3027
f 3029//3029 3086//3086 3084//3084
f 3085//3085 3087//3087 3028//3028
f 3028//3028 3087//3087 3030//3030
f 3031//3031 3030//3030 3087//3087
f 3031//3031 3087//3087 3088//3088
f 3032//3032 3086//3086 3029//3029
f 3032//3032 3089//3089 3086//3086
f 3090//3090 3033//3033 3034//3034
f 3091//3091 3090//3090 3034//3034
f 3031//3031 3091//3091 3034//3034
f 3088//3088 3091//3091 3031//3031
f 3035//3035 3089//3089 3032//3032
f 3035//3035 3092//3092 3089//3089
f 3094//3094 3093//3093 3090//3090
f 3093//3093 3033//3033 3090//3090
f 3093//3093 3036//3036 3033//3033
f 3094//3094 3090//3090 3091//3091
f 3095//3095 3092//3092 3035//3035
f 3095//3095 3035//3035 3037//3037
f 3037//3037 3038//3038 3095//3095
f 3095//3095 3038//3038 3096//3096
f 3093//3093 3039//3039 3036//3036
f 3097//3097 3039//3039 3093//3093
f 3098//3098 3096//3096 3038//3038
f 3098//3098 3038//3038 3040//3040
f 3040//3040 3039//3039 3097//3097
f 3040//3040 3097//3097 3098//3098
f 3100//3100 3099//3099 3041//3041
f 3100//3100 3041//3041 3042//3042
f 3041//3041 3101//3101 3043//3043
f 3099//3099 3101//3101 3041//3041
f 3043//3043 3102//3102 3044//3044
f 3101//3101 3102//3102 3043//3043
f 3044//3044 3103//3103 3045//3045
f 3102//3102 3103//3103 3044//3044
f 3045//3045 3104//3104 3046//3046
f 3103//3103 3104//3104 3045//3045
f 3046//3046 3105//3105 3047//3047
f 3104//3104 3105//3105 3046//3046
f 3047//3047 3106//3106 3048//3048
f 3105//3105 3106//3106 3047//3047
f 3048//3048 3107//3107 3049//3049
f 3106//3106 3107//3107 3048//3048
f 3049//3049 3108//3108 3050//3050
f 3107//3107 3108//3108 3049//3049
f 3050//3050 3109//3109 3051//3051
f 3108//3108 3109//3109 3050//3050
f 3051//3051 3110//3110 3052//3052
f 3109//3109 3110//3110 3051//3051
f 3052//3052 3111//3111 3053//3053
f 3110//3110 3111//3111 3052//3052
f 3053//3053 3112//3112 3054//3054
f 3111//3111 3112//3112 3053//3053
f 3055//3055 3054//3054 3112//3112
f 3055//3055 3112//3112 3113//3113
f 3056//3056 3100//3100 3042//3042
f 3056//3056 3114//3114 3100//3100
f 3113//3113 3057//3057 3055//3055
f 3115//3115 3057//3057 3113//3113
f 3058//3058 3114//3114 3056//3056
f 3058//3058 3116//3116 3114//3114
f 3115//3115 3059//3059 3057//3057
f 3117//3117 3059//3059 3115//3115
f 3060//3060 3116//3116 3058//3058
f 3060//3060 3118//3118 3116//3116
f 3120//3120 3061//3061 3119//3119
f 3061//3061 3117//3117 3119//3119
f 3061//3061 3059//3059 3117//3117
f 3121//3121 3120//3120 3119//3119
f 3062//3062 3118//3118 3060//3060
f 3062//3062 3122//3122 3118//3118
f 3124//3124 3123//3123 3120//3120
f 3123//3123 3061//3061 3120//3120
f 3123//3123 3063//3063 3061//3061
f 3124//3124 3120//3120 3121//3121
f 3064//3064 3122//3122 3062//3062
f 3064//3064 3125//3125 3122//3122
f 3123//3123 3065//3065 3063//3063
f 3126//3126 3065//3065 3123//3123
f 3066//3066 3125//3125 3064//3064
f 3066//3066 3127//3127 3125//3125
f 3126//3126 3067//3067 3065//3065
f 3128//3128 3067//3067 3126//3126
f 3066//3066 3068//3068 3129//3129
f 3130//3130 3066//3066 3129//3129
f 3127//3127 3066//3066 3130//3130
f 3069//3069 3131//3131 3068//3068
f 3068//3068 3131//3131 3129//3129
f 3070//3070 3132//3132 3069//3069
f 3069//3069 3132//3132 3131//3131
f 3071//3071 3133//3133 3070//3070
f 3070//3070 3133//3133 3132//3132
f 3072//3072 3134//3134 3071//3071
f 3071//3071 3134//3134 3133//3133
f 3073//3073 3135//3135 3072//3072
f 3072//3072 3135//3135 3134//3134
f 3075//3075 3135//3135 3073//3073
f 3136//3136 3076//3076 3077//3077
f 3078//3078 3137//3137 3077//3077
f 3077//3077 3137//3137 3136//3136
f 3079//3079 3138//3138 3078//3078
f 3078//3078 3138//3138 3137//3137
f 3080//3080 3138//3138 3079//3079
f 3128//3128 3081//3081 3067//3067
f 3139//3139 3081//3081 3128//3128
f 3140//3140 3130//3130 3129//3129
f 3142//3142 3141//3141 3140//3140
f 3129//3129 3142//3142 3140//3140
f 3131//3131 3142//3142 3129//3129
f 3132//3132 3144//3144 3143//3143
f 3142//3142 3132//3132 3143//3143
f 3131//3131 3132//3132 3142//3142
f 3144//3144 3132//3132 3133//3133
f 3144//3144 3133//3133 3145//3145
f 3145//3145 3133//3133 3134//3134
f 3145//3145 3134//3134 3146//3146
f 3146//3146 3134//3134 3135//3135
f 3146//3146 3135//3135 3147//3147
f 3149//3149 3147//3147 3148//3148
f 3148//3148 3147//3147 3082//3082
f 3147//3147 3135//3135 3082//3082
f 3135//3135 3075//3075 3082//3082
f 3150//3150 3148//3148 3082//3082
f 3150//3150 3082//3082 3076//3076
f 3151//3151 3150//3150 3076//3076
f 3136//3136 3151//3151 3076//3076
f 3151//3151 3136//3136 3137//3137
f 3151//3151 3137//3137 3152//3152
f 3152//3152 3137//3137 3138//3138
f 3152//3152 3138//3138 3153//3153
f 3155//3155 3153//3153 3154//3154
f 3154//3154 3153//3153 3083//3083
f 3153//3153 3138//3138 3083//3083
f 3138//3138 3080//3080 3083//3083
f 3084//3084 3154//3154 3083//3083
f 3139//3139 3085//3085 3081//3081
f 3156//3156 3085//3085 3139//3139
f 3157//3157 3141//3141 3142//3142
f 3157//3157 3142//3142 3143//3143
f 3158//3158 3149//3149 3148//3148
f 3158//3158 3148//3148 3150//3150
f 3155//3155 3154//3154 3159//3159
f 3155//3155 3159//3159 3160//3160
f 3086//3086 3159//3159 3084//3084
f 3084//3084 3159//3159 3154//3154
f 3156//3156 3161//3161 3085//3085
f 3085//3085 3161//3161 3087//3087
f 3088//3088 3087//3087 3161//3161
f 3088//3088 3161//3161 3162//3162
f 3160//3160 3159//3159 3163//3163
f 3160//3160 3163//3163 3164//3164
f 3089//3089 3163//3163 3086//3086
f 3086//3086 3163//3163 3159//3159
f 3167//3167 3166//3166 3165//3165
f 3162//3162 3167//3167 3165//3165
f 3091//3091 3162//3162 3165//3165
f 3088//3088 3162//3162 3091//3091
f 3168//3168 3164//3164 3163//3163
f 3163//3163 3089//3089 3168//3168
f 3089//3089 3169//3169 3168//3168
f 3089//3089 3092//3092 3169//3169
f 3165//3165 3166//3166 3094//3094
f 3166//3166 3093//3093 3094//3094
f 3166//3166 3170//3170 3093//3093
f 3165//3165 3094//3094 3091//3091
f 3171//3171 3169//3169 3092//3092
f 3171//3171 3092//3092 3095//3095
f 3173//3173 3172//3172 3096//3096
f 3172//3172 3095//3095 3096//3096
f 3172//3172 3171//3171 3095//3095
f 3170//3170 3172//3172 3173//3173
f 3097//3097 3170//3170 3173//3173
f 3093//3093 3170//3170 3097//3097
f 3098//3098 3173//3173 3096//3096
f 3173//3173 3098//3098 3097//3097
f 3175//3175 3174//3174 3099//3099
f 3175//3175 3099//3099 3100//3100
f 3099//3099 3176//3176 3101//3101
f 3174//3174 3176//3176 3099//3099
f 3101//3101 3177//3177 3102//3102
f 3176//3176 3177//3177 3101//3101
f 3102//3102 3178//3178 3103//3103
f 3177//3177 3178//3178 3102//3102
f 3103//3103 3179//3179 3104//3104
f 3178//3178 3179//3179 3103//3103
f 3104//3104 3180//3180 3105//3105
f 3179//3179 3180//3180 3104//3104
f 3105//3105 3181//3181 3106//3106
f 3180//3180 3181//3181 3105//3105
f 3106//3106 3182//3182 3107//3107
f 3181//3181 3182//3182 3106//3106
f 3107//3107 3183//3183 3108//3108
f 3182//3182 3183//3183 3107//3107
f 3108//3108 3184//3184 3109//3109
f 3183//3183 3184//3184 3108//3108
f 3109//3109 3185//3185 3110//3110
f 3184//3184 3185//3185 3109//3109
f 3110//3110 3186//3186 3111//3111
f 3185//3185 3186//3186 3110//3110
f 3111//3111 3187//3187 3112//3112
f 3186//3186 3187//3187 3111//3111
f 3113//3113 3112//3112 3187//3187
f 3113//3113 3187//3187 3188//3188
f 3114//3114 3175//3175 3100//3100
f 3114//3114 3189//3189 3175//3175
f 3188//3188 3115//3115 3113//3113
f 3190//3190 3115//3115 3188//3188
f 3116//3116 3189//3189 3114//3114
f 3116//3116 3191//3191 3189//3189
f 3190//3190 3117//3117 3115//3115
f 3192//3192 3117//3117 3190//3190
f 3118//3118 3191//3191 3116//3116
f 3118//3118 3193//3193 3191//3191
f 3119//3119 3117//3117 3194//3194
f 3117//3117 3195//3195 3194//3194
f 3117//3117 3192//3192 3195//3195
f 3194//3194 3121//3121 3119//3119
f 3122//3122 3193//3193 3118//3118
f 3122//3122 3196//3196 3193//3193
f 3194//3194 3195//3195 3124//3124
f 3195//3195 3123//3123 3124//3124
f 3195//3195 3197//3197 3123//3123
f 3194//3194 3124//3124 3121//3121
f 3125//3125 3196//3196 3122//3122
f 3125//3125 3198//3198 3196//3196
f 3197//3197 3126//3126 3123//3123
f 3199//3199 3126//3126 3197//3197
f 3127//3127 3198//3198 3125//3125
f 3127//3127 3200//3200 3198//3198
f 3199//3199 3128//3128 3126//3126
f 3201//3201 3128//3128 3199//3199
f 3130//3130 3200//3200 3127//3127
f 3130//3130 3202//3202 3200//3200
f 3201//3201 3139//3139 3128//3128
f 3203//3203 3139//3139 3201//3201
f 3130//3130 3140//3140 3204//3204
f 3205//3205 3130//3130 3204//3204
f 3202//3202 3130//3130 3205//3205
f 3141//3141 3204//3204 3140//3140
f 3206//3206 3143//3143 3144//3144
f 3145//3145 3207//3207 3144//3144
f 3144//3144 3207//3207 3206//3206
f 3146//3146 3208//3208 3145//3145
f 3145//3145 3208//3208 3207//3207
f 3147//3147 3209//3209 3146//3146
f 3146//3146 3209//3209 3208//3208
f 3149//3149 3209//3209 3147//3147
f 3210//3210 3150//3150 3151//3151
f 3152//3152 3211//3211 3151//3151
f 3151//3151 3211//3211 3210//3210
f 3153//3153 3212//3212 3152//3152
f 3152//3152 3212//3212 3211//3211
f 3155//3155 3212//3212 3153//3153
f 3203//3203 3156//3156 3139//3139
f 3213//3213 3156//3156 3203//3203
f 3214//3214 3205//3205 3204//3204
f 3214//3214 3204//3204 3141//3141
f 3157//3157 3214//3214 3141//3141
f 3215//3215 3214//3214 3157//3157
f 3215//3215 3157//3157 3143//3143
f 3216//3216 3215//3215 3143//3143
f 3206//3206 3216//3216 3143//3143
f 3215//3215 3216//3216 3217//3217
f 3218//3218 3206//3206 3207//3207
f 3216//3216 3206//3206 3218//3218
f 3219//3219 3207//3207 3208//3208
f 3218//3218 3207//3207 3219//3219
f 3220//3220 3208//3208 3209//3209
f 3219//3219 3208//3208 3220//3220
f 3158//3158 3221//3221 3149//3149
f 3221//3221 3209//3209 3149//3149
f 3221//3221 3220//3220 3209//3209
f 3150//3150 3210//3210 3158//3158
f 3210//3210 3221//3221 3158//3158
f 3210//3210 3222//3222 3221//3221
f 3223//3223 3210//3210 3211//3211
f 3222//3222 3210//3210 3223//3223
f 3224//3224 3211//3211 3212//3212
f 3223//3223 3211//3211 3224//3224
f 3160//3160 3224//3224 3155//3155
f 3155//3155 3224//3224 3212//3212
f 3161//3161 3156//3156 3225//3225
f 3156//3156 3226//3226 3225//3225
f 3156//3156 3213//3213 3226//3226
f 3225//3225 3162//3162 3161//3161
f 3227//3227 3217//3217 3216//3216
f 3227//3227 3216//3216 3218//3218
f 3227//3227 3218//3218 3228//3228
f 3228//3228 3218//3218 3219//3219
f 3228//3228 3219//3219 3229//3229
f 3229//3229 3219//3219 3220//3220
f 3229//3229 3220//3220 3230//3230
f 3230//3230 3220//3220 3221//3221
f 3230//3230 3221//3221 3231//3231
f 3231//3231 3221//3221 3222//3222
f 3231//3231 3222//3222 3232//3232
f 3232//3232 3222//3222 3223//3223
f 3232//3232 3223//3223 3233//3233
f 3233//3233 3223//3223 3224//3224
f 3233//3233 3224//3224 3234//3234
f 3224//3224 3160//3160 3234//3234
f 3160//3160 3235//3235 3234//3234
f 3160//3160 3164//3164 3235//3235
f 3225//3225 3226//3226 3167//3167
f 3226//3226 3166//3166 3167//3167
f 3226//3226 3236//3236 3166//3166
f 3225//3225 3167//3167 3162//3162
f 3237//3237 3235//3235 3164//3164
f 3237//3237 3164//3164 3168//3168
f 3239//3239 3238//3238 3169//3169
f 3238//3238 3168//3168 3169//3169
f 3238//3238 3237//3237 3168//3168
f 3241//3241 3240//3240 3239//3239
f 3239//3239 3240//3240 3238//3238
f 3236//3236 3240//3240 3241//3241
f 3170//3170 3236//3236 3241//3241
f 3166//3166 3236//3236 3170//3170
f 3171//3171 3239//3239 3169//3169
f 3239//3239 3171//3171 3172//3172
f 3239//3239 3172//3172 3241//3241
f 3241//3241 3172//3172 3170//3170
f 3175//3175 3242//3242 3174//3174
f 3243//3243 3176//3176 3174//3174
f 3243//3243 3174//3174 3242//3242
f 3244//3244 3177//3177 3176//3176
f 3244//3244 3176//3176 3243//3243
f 3245//3245 3178//3178 3177//3177
f 3245//3245 3177//3177 3244//3244
f 3246//3246 3179//3179 3178//3178
f 3246//3246 3178//3178 3245//3245
f 3247//3247 3180//3180 3179//3179
f 3247//3247 3179//3179 3246//3246
f 3248//3248 3181//3181 3180//3180
f 3248//3248 3180//3180 3247//3247
f 3249//3249 3182//3182 3181//3181
f 3249//3249 3181//3181 3248//3248
f 3250//3250 3183//3183 3182//3182
f 3250//3250 3182//3182 3249//3249
f 3251//3251 3184//3184 3183//3183
f 3251//3251 3183//3183 3250//3250
f 3252//3252 3185//3185 3184//3184
f 3252//3252 3184//3184 3251//3251
f 3253//3253 3186//3186 3185//3185
f 3253//3253 3185//3185 3252//3252
f 3254//3254 3187//3187 3186//3186
f 3254//3254 3186//3186 3253//3253
f 3254//3254 3188//3188 3187//3187
f 3189//3189 3255//3255 3242//3242
f 3189//3189 3242//3242 3175//3175
f 3242//3242 3256//3256 3243//3243
f 3242//3242 3255//3255 3256//3256
f 3243//3243 3257//3257 3244//3244
f 3243//3243 3256//3256 3257//3257
f 3244//3244 3258//3258 3245//3245
f 3244//3244 3257//3257 3258//3258
f 3245//3245 3259//3259 3246//3246
f 3245//3245 3258//3258 3259//3259
f 3246//3246 3260//3260 3247//3247
f 3246//3246 3259//3259 3260//3260
f 3247//3247 3261//3261 3248//3248
f 3247//3247 3260//3260 3261//3261
f 3248//3248 3262//3262 3249//3249
f 3248//3248 3261//3261 3262//3262
f 3249//3249 3263//3263 3250//3250
f 3249//3249 3262//3262 3263//3263
f 3250//3250 3264//3264 3251//3251
f 3250//3250 3263//3263 3264//3264
f 3251//3251 3265//3265 3252//3252
f 3251//3251 3264//3264 3265//3265
f 3252//3252 3266//3266 3253//3253
f 3252//3252 3265//3265 3266//3266
f 3253//3253 3267//3267 3254//3254
f 3253//3253 3266//3266 3267//3267
f 3267//3267 3190//3190 3188//3188
f 3267//3267 3188//3188 3254//3254
f 3191//3191 3268//3268 3255//3255
f 3191//3191 3255//3255 3189//3189
f 3255//3255 3269//3269 3256//3256
f 3255//3255 3268//3268 3269//3269
f 3256//3256 3270//3270 3257//3257
f 3256//3256 3269//3269 3270//3270
f 3257//3257 3271//3271 3258//3258
f 3257//3257 3270//3270 3271//3271
f 3258//3258 3272//3272 3259//3259
f 3258//3258 3271//3271 3272//3272
f 3259//3259 3273//3273 3260//3260
f 3259//3259 3272//3272 3273//3273
f 3260//3260 3274//3274 3261//3261
f 3260//3260 3273//3273 3274//3274
f 3261//3261 3275//3275 3262//3262
f 3261//3261 3274//3274 3275//3275
f 3262//3262 3276//3276 3263//3263
f 3262//3262 3275//3275 3276//3276
f 3263//3263 3277//3277 3264//3264
f 3263//3263 3276//3276 3277//3277
f 3264//3264 3278//3278 3265//3265
f 3264//3264 3277//3277 3278//3278
f 3265//3265 3279//3279 3266//3266
f 3265//3265 3278//3278 3279//3279
f 3266//3266 3280//3280 3267//3267
f 3266//3266 3279//3279 3280//3280
f 3280//3280 3192//3192 3190//3190
f 3280//3280 3190//3190 3267//3267
f 3193//3193 3281//3281 3268//3268
f 3193//3193 3268//3268 3191//3191
f 3268//3268 3282//3282 3269//3269
f 3268//3268 3281//3281 3282//3282
f 3269//3269 3283//3283 3270//3270
f 3269//3269 3282//3282 3283//3283
f 3270//3270 3284//3284 3271//3271
f 3270//3270 3283//3283 3284//3284
f 3271//3271 3285//3285 3272//3272
f 3271//3271 3284//3284 3285//3285
f 3272//3272 3286//3286 3273//3273
f 3272//3272 3285//3285 3286//3286
f 3273//3273 3287//3287 3274//3274
f 3273//3273 3286//3286 3287//3287
f 3274//3274 3288//3288 3275//3275
f 3274//3274 3287//3287 3288//3288
f 3275//3275 3289//3289 3276//3276
f 3275//3275 3288//3288 3289//3289
f 3276//3276 3290//3290 3277//3277
f 3276//3276 3289//3289 3290//3290
f 3292//3292 3278//3278 3291//3291
f 3278//3278 3290//3290 3291//3291
f 3278//3278 3277//3277 3290//3290
f 3278//3278 3292//3292 3279//3279
f 3279//3279 3292//3292 3293//3293
f 3295//3295 3294//3294 3293//3293
f 3294//3294 3279//3279 3293//3293
f 3294//3294 3280//3280 3279//3279
f 3294//3294 3195//3195 3192//3192
f 3294//3294 3192//3192 3280//3280
f 3196//3196 3296//3296 3281//3281
f 3196//3196 3281//3281 3193//3193
f 3281//3281 3297//3297 3282//3282
f 3281//3281 3296//3296 3297//3297
f 3282//3282 3298//3298 3283//3283
f 3282//3282 3297//3297 3298//3298
f 3283//3283 3299//3299 3284//3284
f 3283//3283 3298//3298 3299//3299
f 3284//3284 3300//3300 3285//3285
f 3284//3284 3299//3299 3300//3300
f 3285//3285 3301//3301 3286//3286
f 3285//3285 3300//3300 3301//3301
f 3286//3286 3302//3302 3287//3287
f 3286//3286 3301//3301 3302//3302
f 3287//3287 3303//3303 3288//3288
f 3287//3287 3302//3302 3303//3303
f 3288//3288 3304//3304 3289//3289
f 3288//3288 3303//3303 3304//3304
f 3289//3289 3305//3305 3290//3290
f 3289//3289 3304//3304 3305//3305
f 3291//3291 3290//3290 3306//3306
f 3290//3290 3307//3307 3306//3306
f 3290//3290 3305//3305 3307//3307
f 3309//3309 3308//3308 3307//3307
f 3307//3307 3308//3308 3306//3306
f 3308//3308 3309//3309 3295//3295
f 3309//3309 3294//3294 3295//3295
f 3309//3309 3310//3310 3294//3294
f 3310//3310 3197//3197 3195//3195
f 3310//3310 3195//3195 3294//3294
f 3198//3198 3311//3311 3296//3296
f 3198//3198 3296//3296 3196//3196
f 3296//3296 3312//3312 3297//3297
f 3296//3296 3311//3311 3312//3312
f 3297//3297 3313//3313 3298//3298
f 3297//3297 3312//3312 3313//3313
f 3298//3298 3314//3314 3299//3299
f 3298//3298 3313//3313 3314//3314
f 3299//3299 3315//3315 3300//3300
f 3299//3299 3314//3314 3315//3315
f 3300//3300 3316//3316 3301//3301
f 3300//3300 3315//3315 3316//3316
f 3301//3301 3317//3317 3302//3302
f 3301//3301 3316//3316 3317//3317
f 3302//3302 3318//3318 3303//3303
f 3302//3302 3317//3317 3318//3318
f 3303//3303 3319//3319 3304//3304
f 3303//3303 3318//3318 3319//3319
f 3304//3304 3320//3320 3305//3305
f 3304//3304 3319//3319 3320//3320
f 3305//3305 3321//3321 3307//3307
f 3305//3305 3320//3320 3321//3321
f 3307//3307 3322//3322 3309//3309
f 3307//3307 3321//3321 3322//3322
f 3309//3309 3323//3323 3310//3310
f 3309//3309 3322//3322 3323//3323
f 3323//3323 3199//3199 3197//3197
f 3323//3323 3197//3197 3310//3310
f 3200//3200 3324//3324 3311//3311
f 3200//3200 3311//3311 3198//3198
f 3311//3311 3325//3325 3312//3312
f 3311//3311 3324//3324 3325//3325
f 3312//3312 3326//3326 3313//3313
f 3312//3312 3325//3325 3326//3326
f 3313//3313 3327//3327 3314//3314
f 3313//3313 3326//3326 3327//3327
f 3314//3314 3328//3328 3315//3315
f 3314//3314 3327//3327 3328//3328
f 3315//3315 3329//3329 3316//3316
f 3315//3315 3328//3328 3329//3329
f 3316//3316 3330//3330 3317//3317
f 3316//3316 3329//3329 3330//3330
f 3317//3317 3331//3331 3318//3318
f 3317//3317 3330//3330 3331//3331
f 3318//3318 3332//3332 3319//3319
f 3318//3318 3331//3331 3332//3332
f 3319//3319 3333//3333 3320//3320
f 3319//3319 3332//3332 3333//3333
f 3320//3320 3334//3334 3321//3321
f 3320//3320 3333//3333 3334//3334
f 3321//3321 3335//3335 3322//3322
f 3321//3321 3334//3334 3335//3335
f 3322//3322 3336//3336 3323//3323
f 3322//3322 3335//3335 3336//3336
f 3336//3336 3201//3201 3199//3199
f 3336//3336 3199//3199 3323//3323
f 3202//3202 3337//3337 3324//3324
f 3202//3202 3324//3324 3200//3200
f 3324//3324 3338//3338 3325//3325
f 3324//3324 3337//3337 3338//3338
f 3325//3325 3339//3339 3326//3326
f 3325//3325 3338//3338 3339//3339
f 3326//3326 3340//3340 3327//3327
f 3326//3326 3339//3339 3340//3340
f 3327//3327 3341//3341 3328//3328
f 3327//3327 3340//3340 3341//3341
f 3328//3328 3342//3342 3329//3329
f 3328//3328 3341//3341 3342//3342
f 3329//3329 3343//3343 3330//3330
f 3329//3329 3342//3342 3343//3343
f 3330//3330 3344//3344 3331//3331
f 3330//3330 3343//3343 3344//3344
f 3331//3331 3345//3345 3332//3332
f 3331//3331 3344//3344 3345//3345
f 3332//3332 3346//3346 3333//3333
f 3332//3332 3345//3345 3346//3346
f 3333//3333 3347//3347 3334//3334
f 3333//3333 3346//3346 3347//3347
f 3334//3334 3348//3348 3335//3335
f 3334//3334 3347//3347 3348//3348
f 3335//3335 3349//3349 3336//3336
f 3335//3335 3348//3348 3349//3349
f 3349//3349 3203//3203 3201//3201
f 3349//3349 3201//3201 3336//3336
f 3351//3351 3350//3350 3337//3337
f 3202//3202 3351//3351 3337//3337
f 3205//3205 3351//3351 3202//3202
f 3337//3337 3350//3350 3338//3338
f 3338//3338 3350//3350 3352//3352
f 3354//3354 3353//3353 3352//3352
f 3353//3353 3338//3338 3352//3352
f 3353//3353 3339//3339 3338//3338
f 3339//3339 3355//3355 3340//3340
f 3339//3339 3353//3353 3355//3355
f 3340//3340 3356//3356 3341//3341
f 3340//3340 3355//3355 3356//3356
f 3341//3341 3357//3357 3342//3342
f 3341//3341 3356//3356 3357//3357
f 3342//3342 3358//3358 3343//3343
f 3342//3342 3357//3357 3358//3358
f 3343//3343 3359//3359 3344//3344
f 3343//3343 3358//3358 3359//3359
f 3344//3344 3360//3360 3345//3345
f 3344//3344 3359//3359 3360//3360
f 3345//3345 3361//3361 3346//3346
f 3345//3345 3360//3360 3361//3361
f 3346//3346 3362//3362 3347//3347
f 3346//3346 3361//3361 3362//3362
f 3347//3347 3363//3363 3348//3348
f 3347//3347 3362//3362 3363//3363
f 3348//3348 3364//3364 3349//3349
f 3348//3348 3363//3363 3364//3364
f 3364//3364 3213//3213 3203//3203
f 3364//3364 3203//3203 3349//3349
f 3365//3365 3351//3351 3205//3205
f 3365//3365 3205//3205 3214//3214
f 3366//3366 3214//3214 3215//3215
f 3366//3366 3365//3365 3214//3214
f 3367//3367 3353//3353 3217//3217
f 3353//3353 3366//3366 3217//3217
f 3366//3366 3215//3215 3217//3217
f 3353//3353 3354//3354 3366//3366
f 3353//3353 3368//3368 3355//3355
f 3353//3353 3367//3367 3368//3368
f 3355//3355 3369//3369 3356//3356
f 3355//3355 3368//3368 3369//3369
f 3356//3356 3370//3370 3357//3357
f 3356//3356 3369//3369 3370//3370
f 3357//3357 3371//3371 3358//3358
f 3357//3357 3370//3370 3371//3371
f 3358//3358 3372//3372 3359//3359
f 3358//3358 3371//3371 3372//3372
f 3359//3359 3373//3373 3360//3360
f 3359//3359 3372//3372 3373//3373
f 3360//3360 3374//3374 3361//3361
f 3360//3360 3373//3373 3374//3374
f 3361//3361 3375//3375 3362//3362
f 3361//3361 3374//3374 3375//3375
f 3362//3362 3376//3376 3363//3363
f 3362//3362 3375//3375 3376//3376
f 3363//3363 3377//3377 3364//3364
f 3363//3363 3376//3376 3377//3377
f 3377//3377 3226//3226 3213//3213
f 3377//3377 3213//3213 3364//3364
f 3227//3227 3367//3367 3217//3217
f 3367//3367 3227//3227 3228//3228
f 3367//3367 3228//3228 3368//3368
f 3368//3368 3228//3228 3229//3229
f 3368//3368 3229//3229 3369//3369
f 3369//3369 3229//3229 3230//3230
f 3369//3369 3230//3230 3370//3370
f 3370//3370 3230//3230 3231//3231
f 3370//3370 3231//3231 3371//3371
f 3371//3371 3231//3231 3232//3232
f 3371//3371 3232//3232 3372//3372
f 3372//3372 3232//3232 3233//3233
f 3372//3372 3233//3233 3373//3373
f 3373//3373 3233//3233 3234//3234
f 3373//3373 3234//3234 3374//3374
f 3374//3374 3234//3234 3235//3235
f 3378//3378 3374//3374 3235//3235
f 3375//3375 3374//3374 3378//3378
f 3375//3375 3379//3379 3376//3376
f 3375//3375 3378//3378 3379//3379
f 3376//3376 3380//3380 3377//3377
f 3376//3376 3379//3379 3380//3380
f 3380//3380 3236//3236 3226//3226
f 3380//3380 3226//3226 3377//3377
f 3237//3237 3378//3378 3235//3235
f 3378//3378 3237//3237 3238//3238
f 3378//3378 3238//3238 3379//3379
f 3379//3379 3238//3238 3240//3240
f 3379//3379 3240//3240 3380//3380
f 3380//3380 3240//3240 3236//3236
f 3291//3291 3381//3381 3292//3292
f 3382//3382 3293//3293 3292//3292
f 3382//3382 3292//3292 3381//3381
f 3382//3382 3295//3295 3293//3293
f 3306//3306 3381//3381 3291//3291
f 3381//3381 3306//3306 3308//3308
f 3381//3381 3308//3308 3382//3382
f 3382//3382 3308//3308 3295//3295
f 3351//3351 3383//3383 3350//3350
f 3384//3384 3352//3352 3350//3350
f 3384//3384 3350//3350 3383//3383
f 3384//3384 3354//3354 3352//3352
f 3365//3365 3383//3383 3351//3351
f 3383//3383 3365//3365 3366//3366
f 3383//3383 3366//3366 3384//3384
f 3384//3384 3366//3366 3354//3354
f 3387//3387 3386//3386 3385//3385
f 3388//3388 3385//3385 3386//3386
f 3387//3387 3385//3385 3389//3389
f 3387//3387 3389//3389 3390//3390
f 3385//3385 3388//3388 3391//3391
f 3385//3385 3391//3391 3389//3389
f 3392//3392 3390//3390 3389//3389
f 3392//3392 3389//3389 3391//3391
f 3395//3395 3394//3394 3393//3393
f 3396//3396 3393//3393 3394//3394
f 3397//3397 3395//3395 3393//3393
f 3397//3397 3393//3393 3396//3396
f 3400//3400 3399//3399 3398//3398
f 3401//3401 3398//3398 3399//3399
f 3404//3404 3403//3403 3402//3402
f 3405//3405 3402//3402 3403//3403
f 3406//3406 3400//3400 3398//3398
f 3406//3406 3398//3398 3401//3401
f 3407//3407 3404//3404 3402//3402
f 3407//3407 3402//3402 3405//3405
f 3410//3410 3409//3409 3408//3408
f 3412//3412 3411//3411 3408//3408
f 3412//3412 3408//3408 3409//3409
f 3413//3413 3411//3411 3412//3412
f 3414//3414 3410//3410 3408//3408
f 3416//3416 3415//3415 3414//3414
f 3408//3408 3416//3416 3414//3414
f 3411//3411 3416//3416 3408//3408
f 3411//3411 3413//3413 3417//3417
f 3418//3418 3411//3411 3417//3417
f 3416//3416 3411//3411 3418//3418
f 3419//3419 3418//3418 3417//3417
f 3420//3420 3415//3415 3416//3416
f 3420//3420 3416//3416 3418//3418
f 3420//3420 3418//3418 3421//3421
f 3421//3421 3418//3418 3419//3419
f 3424//3424 3423//3423 3422//3422
f 3425//3425 3422//3422 3423//3423
f 3424//3424 3422//3422 3426//3426
f 3424//3424 3426//3426 3427//3427
f 3428//3428 3386//3386 3387//3387
f 3422//3422 3428//3428 3387//3387
f 3426//3426 3422//3422 3387//3387
f 3428//3428 3422//3422 3425//3425
f 3430//3430 3429//3429 3388//3388
f 3386//3386 3430//3430 3388//3388
f 3428//3428 3430//3430 3386//3386
f 3431//3431 3429//3429 3430//3430
f 3427//3427 3426//3426 3432//3432
f 3427//3427 3432//3432 3433//3433
f 3390//3390 3432//3432 3387//3387
f 3387//3387 3432//3432 3426//3426
f 3434//3434 3391//3391 3429//3429
f 3429//3429 3391//3391 3388//3388
f 3429//3429 3431//3431 3435//3435
f 3429//3429 3435//3435 3434//3434
f 3433//3433 3432//3432 3436//3436
f 3433//3433 3436//3436 3437//3437
f 3392//3392 3438//3438 3390//3390
f 3438//3438 3432//3432 3390//3390
f 3438//3438 3436//3436 3432//3432
f 3391//3391 3434//3434 3392//3392
f 3434//3434 3438//3438 3392//3392
f 3434//3434 3439//3439 3438//3438
f 3434//3434 3435//3435 3440//3440
f 3434//3434 3440//3440 3439//3439
f 3441//3441 3437//3437 3436//3436
f 3443//3443 3442//3442 3441//3441
f 3436//3436 3443//3443 3441//3441
f 3438//3438 3443//3443 3436//3436
f 3444//3444 3438//3438 3439//3439
f 3443//3443 3438//3438 3444//3444
f 3439//3439 3440//3440 3445//3445
f 3439//3439 3445//3445 3444//3444
f 3446//3446 3442//3442 3443//3443
f 3446//3446 3443//3443 3444//3444
f 3446//3446 3444//3444 3447//3447
f 3447//3447 3444//3444 3445//3445
f 3450//3450 3449//3449 3448//3448
f 3451//3451 3448//3448 3449//3449
f 3454//3454 3453//3453 3452//3452
f 3455//3455 3452//3452 3453//3453
f 3458//3458 3457//3457 3456//3456
f 3456//3456 3457//3457 3450//3450
f 3456//3456 3450//3450 3448//3448
f 3395//3395 3456//3456 3448//3448
f 3394//3394 3395//3395 3448//3448
f 3396//3396 3394//3394 3448//3448
f 3451//3451 3396//3396 3448//3448
f 3459//3459 3396//3396 3451//3451
f 3460//3460 3454//3454 3452//3452
f 3460//3460 3452//3452 3455//3455
f 3461//3461 3458//3458 3456//3456
f 3461//3461 3456//3456 3395//3395
f 3397//3397 3461//3461 3395//3395
f 3462//3462 3461//3461 3397//3397
f 3397//3397 3396//3396 3459//3459
f 3397//3397 3459//3459 3462//3462
f 3400//3400 3463//3463 3399//3399
f 3463//3463 3401//3401 3399//3399
f 3404//3404 3464//3464 3403//3403
f 3464//3464 3405//3405 3403//3403
f 3406//3406 3463//3463 3400//3400
f 3463//3463 3406//3406 3401//3401
f 3407//3407 3464//3464 3404//3404
f 3464//3464 3407//3407 3405//3405
f 3410//3410 3465//3465 3409//3409
f 3466//3466 3412//3412 3409//3409
f 3466//3466 3409//3409 3465//3465
f 3466//3466 3413//3413 3412//3412
f 3414//3414 3465//3465 3410//3410
f 3465//3465 3414//3414 3415//3415
f 3467//3467 3465//3465 3415//3415
f 3466//3466 3465//3465 3467//3467
f 3468//3468 3417//3417 3413//3413
f 3466//3466 3468//3468 3413//3413
f 3467//3467 3468//3468 3466//3466
f 3468//3468 3419//3419 3417//3417
f 3420//3420 3467//3467 3415//3415
f 3467//3467 3420//3420 3421//3421
f 3467//3467 3421//3421 3468//3468
f 3468//3468 3421//3421 3419//3419
f 3424//3424 3469//3469 3423//3423
f 3469//3469 3425//3425 3423//3423
f 3427//3427 3470//3470 3469//3469
f 3427//3427 3469//3469 3424//3424
f 3471//3471 3428//3428 3425//3425
f 3469//3469 3471//3471 3425//3425
f 3470//3470 3471//3471 3469//3469
f 3472//3472 3430//3430 3428//3428
f 3472//3472 3428//3428 3471//3471
f 3472//3472 3431//3431 3430//3430
f 3433//3433 3473//3473 3470//3470
f 3433//3433 3470//3470 3427//3427
f 3470//3470 3474//3474 3471//3471
f 3470//3470 3473//3473 3474//3474
f 3471//3471 3475//3475 3472//3472
f 3471//3471 3474//3474 3475//3475
f 3475//3475 3435//3435 3431//3431
f 3475//3475 3431//3431 3472//3472
f 3437//3437 3476//3476 3473//3473
f 3437//3437 3473//3473 3433//3433
f 3473//3473 3477//3477 3474//3474
f 3473//3473 3476//3476 3477//3477
f 3474//3474 3478//3478 3475//3475
f 3474//3474 3477//3477 3478//3478
f 3478//3478 3440//3440 3435//3435
f 3478//3478 3435//3435 3475//3475
f 3441//3441 3476//3476 3437//3437
f 3476//3476 3441//3441 3442//3442
f 3479//3479 3476//3476 3442//3442
f 3477//3477 3476//3476 3479//3479
f 3477//3477 3480//3480 3478//3478
f 3477//3477 3479//3479 3480//3480
f 3480//3480 3445//3445 3440//3440
f 3480//3480 3440//3440 3478//3478
f 3446//3446 3479//3479 3442//3442
f 3479//3479 3446//3446 3447//3447
f 3479//3479 3447//3447 3480//3480
f 3480//3480 3447//3447 3445//3445
f 3450//3450 3481//3481 3449//3449
f 3481//3481 3451//3451 3449//3449
f 3454//3454 3482//3482 3453//3453
f 3482//3482 3455//3455 3453//3453
f 3458//3458 3483//3483 3457//3457
f 3481//3481 3450//3450 3457//3457
f 3483//3483 3481//3481 3457//3457
f 3484//3484 3481//3481 3483//3483
f 3484//3484 3459//3459 3451//3451
f 3484//3484 3451//3451 3481//3481
f 3460//3460 3482//3482 3454//3454
f 3482//3482 3460//3460 3455//3455
f 3461//3461 3483//3483 3458//3458
f 3483//3483 3461//3461 3462//3462
f 3483//3483 3462//3462 3484//3484
f 3484//3484 3462//3462 3459//3459

