# https://github.com/mikedh/trimesh
v -0.29689521 0.16692395 -0.02717129
v -0.29616371 0.16578069 -0.02717129
v -0.29616371 0.16692395 -0.02772894
v -0.29616371 0.16692395 -0.02668901
v -0.29616371 0.16968265 -0.02717129
v -0.28574723 0.15069122 -0.02717129
v -0.27993097 0.14527556 -0.02717129
v -0.27993097 0.15069122 -0.03062178
v -0.27993097 0.15069122 -0.02125817
v -0.27993097 0.16692395 -0.03414338
v -0.27993097 0.16692395 -0.01936552
v -0.27993097 0.18280817 -0.02717129
v -0.26929342 0.13445848 -0.02717129
v -0.26369823 0.12979590 -0.02717129
v -0.26369823 0.13445848 -0.03066346
v -0.26640683 0.13445848 -0.01093856
v -0.26369823 0.12942585 -0.01093856
v -0.26369823 0.13445848 -0.00900576
v -0.26369823 0.15069122 -0.03585941
v -0.26884805 0.15069122 -0.01093856
v -0.26369823 0.15069122 -0.00837513
v -0.26369823 0.16692395 -0.03400107
v -0.26369823 0.15696404 -0.01093856
v -0.26369823 0.16692395 -0.01710359
v -0.26369823 0.17809538 -0.02717129
v -0.25082157 0.11822574 -0.02717129
v -0.24746550 0.11565293 -0.02717129
v -0.24746550 0.11822574 -0.02939204
v -0.25795966 0.11822574 -0.01093856
v -0.24746550 0.10274031 -0.01093856
v -0.24746550 0.11822574 -0.00285229
v -0.24746550 0.13445848 -0.03672132
v -0.24746550 0.13445848 0.00060615
v -0.24746550 0.15069122 -0.03528835
v -0.24746550 0.15069122 -0.00527399
v -0.24746550 0.16692395 -0.02844263
v -0.24746550 0.15765636 -0.01093856
v -0.24746550 0.16692395 -0.02464544
v -0.24746550 0.16880414 -0.02717129
v -0.24695116 0.10199300 -0.01093856
v -0.23123276 0.08847749 -0.01093856
v -0.23123276 0.10199300 -0.02639444
v -0.23123276 0.10199300 0.00199999
v -0.23123276 0.10291314 -0.02717129
v -0.23123276 0.11822574 -0.03687686
v -0.23593297 0.11822574 0.00529418
v -0.23123276 0.10974695 0.00529418
v -0.23123276 0.11822574 0.00828374
v -0.23123276 0.13445848 -0.03577455
v -0.23123276 0.13281067 0.00529418
v -0.23123276 0.13445848 0.00486795
v -0.23123276 0.15069122 -0.02882290
v -0.23123276 0.15069122 -0.00970689
v -0.24524675 0.16692395 -0.02717129
v -0.23123276 0.15359637 -0.02717129
v -0.23123276 0.15183480 -0.01093856
v -0.22766683 0.08576027 -0.01093856
v -0.21500002 0.07683902 -0.01093856
v -0.21500002 0.08576027 -0.02115026
v -0.21616263 0.08576027 0.00529418
v -0.21500002 0.08430139 0.00529418
v -0.21500002 0.08576027 0.00602744
v -0.23018458 0.10199300 -0.02717129
v -0.21500002 0.09170801 -0.02717129
v -0.21500002 0.10199300 -0.03576497
v -0.22714185 0.10199300 0.00529418
v -0.21500002 0.10199300 0.01334632
v -0.21500002 0.11822574 -0.03541543
v -0.21500002 0.11822574 0.01376626
v -0.21500002 0.13445848 -0.02814727
v -0.21500002 0.12801368 0.00529418
v -0.21500002 0.13445848 -0.00127372
v -0.22852265 0.15069122 -0.02717129
v -0.21500002 0.13623743 -0.02717129
v -0.22916672 0.15069122 -0.01093856
v -0.21500002 0.14290037 -0.01093856
v -0.20404509 0.06952753 -0.01093856
v -0.19876728 0.06286919 -0.01093856
v -0.19876728 0.06952753 -0.01478187
v -0.20405995 0.06952753 0.00529418
v -0.19876728 0.06356798 0.00529418
v -0.19876728 0.06952753 0.00861918
v -0.20599115 0.08576027 -0.02717129
v -0.19876728 0.08136370 -0.02717129
v -0.19876728 0.08576027 -0.03124484
v -0.19876728 0.08576027 0.01625173
v -0.19876728 0.10199300 -0.03360185
v -0.19876728 0.10199300 0.02041256
v -0.20017018 0.11822574 -0.02717129
v -0.19876728 0.11650504 -0.02717129
v -0.19876728 0.11822574 -0.02617476
v -0.19876728 0.11822574 0.00641783
v -0.21349230 0.13445848 -0.02717129
v -0.20152493 0.13445848 -0.01093856
v -0.19876728 0.13267907 -0.01093856
v -0.19876728 0.11916681 0.00529418
v -0.20226690 0.28055312 0.00529418
v -0.19876728 0.26851063 0.00529418
v -0.19876728 0.28055312 0.00135583
v -0.19876728 0.28055312 0.00999874
v -0.20564302 0.29678585 0.00529418
v -0.19876728 0.29678585 -0.00183295
v -0.19876728 0.29678585 0.01258313
v -0.20713275 0.31301859 0.00529418
v -0.19876728 0.31301859 -0.00168847
v -0.19876728 0.31301859 0.01128415
v -0.20431385 0.32925133 0.00529418
v -0.19876728 0.32925133 0.00207381
v -0.19876728 0.32925133 0.00766830
v -0.19876728 0.33800927 0.00529418
v -0.18960313 0.05329479 0.00529418
v -0.18253455 0.04543029 0.00529418
v -0.18253455 0.05329479 -0.00547925
v -0.18253455 0.05329479 0.00980637
v -0.18253455 0.05579436 -0.01093856
v -0.18253455 0.06952753 -0.02323049
v -0.18253455 0.06952753 0.01751658
v -0.18253455 0.07923608 -0.02717129
v -0.18253455 0.08576027 -0.03017714
v -0.18253455 0.08576027 0.02125783
v -0.18653593 0.10199300 -0.02717129
v -0.18253455 0.09382595 -0.02717129
v -0.18253455 0.10199300 -0.02450477
v -0.18253455 0.10199300 0.01230443
v -0.18253455 0.11822574 -0.01458338
v -0.19731499 0.11822574 0.00529418
v -0.18253455 0.10819778 0.00529418
v -0.18253455 0.11822574 -0.00771747
v -0.18253455 0.12069674 -0.01093856
v -0.18947995 0.24808764 0.00529418
v -0.18253455 0.23394166 0.00529418
v -0.18253455 0.24808764 -0.00072557
v -0.18253455 0.24808764 0.01929743
v -0.19714456 0.26432038 0.00529418
v -0.18253455 0.26432038 -0.00600061
v -0.18525208 0.26432038 0.02152692
v -0.18253455 0.25249602 0.02152692
v -0.18253455 0.26432038 0.02444086
v -0.18253455 0.28055312 -0.00812533
v -0.18588313 0.28055312 0.02152692
v -0.18253455 0.28055312 0.02391273
v -0.18253455 0.29678585 -0.00663838
v -0.18253455 0.29190742 0.02152692
v -0.18253455 0.29678585 0.02016865
v -0.18253455 0.31301859 -0.00342649
v -0.18253455 0.31301859 0.01483075
v -0.18253455 0.32925133 0.00144214
v -0.18253455 0.32925133 0.00894970
v -0.18253455 0.33765202 0.00529418
v -0.16719242 0.03706205 -0.01093856
v -0.16630181 0.03566310 -0.01093856
v -0.16630181 0.03706205 -0.01151838
v -0.17087617 0.03706205 0.00529418
v -0.16630181 0.03166762 0.00529418
v -0.16630181 0.03706205 0.00780700
v -0.17570749 0.05329479 -0.01093856
v -0.16630181 0.05329479 -0.02022749
v -0.16630181 0.05329479 0.01761006
v -0.17387397 0.06952753 -0.02717129
v -0.16630181 0.05979989 -0.02717129
v -0.16630181 0.06952753 -0.03082335
v -0.16630181 0.06952753 0.02109428
v -0.16948439 0.08576027 -0.02717129
v -0.16630181 0.08319789 -0.02717129
v -0.16630181 0.08576027 -0.02607558
v -0.16630181 0.08576027 0.01603407
v -0.16666349 0.10199300 -0.01093856
v -0.16630181 0.10144641 -0.01093856
v -0.17352015 0.10199300 0.00529418
v -0.16630181 0.09637662 0.00529418
v -0.17966452 0.11822574 -0.01093856
v -0.17266205 0.21562217 0.00529418
v -0.16630181 0.20398932 0.00529418
v -0.16630181 0.21562217 -0.00009467
v -0.17044719 0.21562217 0.02152692
v -0.16630181 0.20448613 0.02152692
v -0.16630181 0.21562217 0.02717542
v -0.18145815 0.23185490 0.00529418
v -0.16630181 0.23185490 -0.00692197
v -0.17613606 0.23185490 0.02152692
v -0.16630181 0.23185490 0.03389878
v -0.16710306 0.24808764 -0.01093856
v -0.16630181 0.24623303 -0.01093856
v -0.16630181 0.24808764 -0.01142856
v -0.18136635 0.24808764 0.02152692
v -0.16630181 0.24808764 0.03515430
v -0.16705362 0.26432038 -0.01093856
v -0.16630181 0.26432038 -0.01116614
v -0.16630181 0.26432038 0.03149449
v -0.16630181 0.26568865 -0.01093856
v -0.16630181 0.28055312 -0.00807782
v -0.16630181 0.28055312 0.02608618
v -0.16630181 0.29678585 -0.00269047
v -0.16630181 0.29175671 0.02152692
v -0.16630181 0.29678585 0.01776653
v -0.16630181 0.31301859 0.00461399
v -0.16630181 0.31301859 0.00618925
v -0.17711792 0.32925133 0.00529418
v -0.16630181 0.31433523 0.00529418
v -0.15693239 0.02082932 -0.01093856
v -0.15006907 0.01017328 -0.01093856
v -0.15006907 0.02082932 -0.02019477
v -0.15780591 0.02082932 0.00529418
v -0.15006907 0.01184680 0.00529418
v -0.15006907 0.02082932 0.01662319
v -0.15837765 0.03706205 -0.02717129
v -0.15006907 0.02361126 -0.02717129
v -0.15006907 0.03706205 -0.03279726
v -0.15006907 0.03706205 0.01788614
v -0.16035549 0.05329479 -0.02717129
v -0.15006907 0.05329479 -0.03091833
v -0.15006907 0.05329479 0.02034066
v -0.15125090 0.06952753 -0.02717129
v -0.15006907 0.06849572 -0.02717129
v -0.15006907 0.06952753 -0.02682660
v -0.15006907 0.06952753 0.01792007
v -0.15006907 0.08576027 -0.01464590
v -0.15006907 0.08576027 0.01473883
v -0.15006907 0.08875858 -0.01093856
v -0.15006907 0.09337227 0.00529418
v -0.15124098 0.13445848 0.00529418
v -0.15006907 0.13044737 0.00529418
v -0.15006907 0.13445848 0.00442412
v -0.15006907 0.13445848 0.00603978
v -0.15383355 0.15069122 0.00529418
v -0.15006907 0.15069122 0.00090785
v -0.15006907 0.15069122 0.00882450
v -0.15006907 0.15663101 0.00529418
v -0.15150137 0.16692395 0.02152692
v -0.15006907 0.16337464 0.02152692
v -0.15006907 0.16692395 0.01556126
v -0.15006907 0.16692395 0.02355664
v -0.15430824 0.18315669 0.00529418
v -0.15006907 0.17390291 0.00529418
v -0.15006907 0.18315669 0.00184462
v -0.15792151 0.18315669 0.02152692
v -0.15006907 0.18315669 0.03234517
v -0.16364733 0.19938943 0.00529418
v -0.15006907 0.19938943 -0.00545387
v -0.16431917 0.19938943 0.02152692
v -0.15204160 0.19938943 0.03775966
v -0.15006907 0.19405740 0.03775966
v -0.15006907 0.19938943 0.04011245
v -0.15181211 0.21562217 -0.01093856
v -0.15006907 0.21253842 -0.01093856
v -0.15006907 0.21562217 -0.01214541
v -0.15743698 0.21562217 0.03775966
v -0.15006907 0.21562217 0.04517068
v -0.15773491 0.23185490 -0.01093856
v -0.15006907 0.23185490 -0.01448607
v -0.15774628 0.23185490 0.03775966
v -0.15006907 0.23185490 0.04042634
v -0.15006907 0.24808764 -0.01111453
v -0.15006907 0.23834318 0.03775966
v -0.15006907 0.24808764 0.03348189
v -0.16565612 0.26432038 -0.01093856
v -0.15006907 0.24856955 -0.01093856
v -0.15006907 0.26432038 -0.00422830
v -0.15006907 0.26432038 0.02592693
v -0.15006907 0.28055312 0.00401229
v -0.15716404 0.28055312 0.02152692
v -0.15006907 0.27348379 0.02152692
v -0.15006907 0.28055312 0.00902937
v -0.15786213 0.29678585 0.00529418
v -0.15006907 0.28289743 0.00529418
v -0.16567267 0.31301859 0.00529418
v -0.13586028 -0.01163616 -0.01093856
v -0.13383633 -0.01465988 -0.01093856
v -0.13383633 -0.01163616 -0.01932587
v -0.13383633 -0.01163616 -0.00746925
v -0.14382753 0.00459658 -0.02717129
v -0.13383633 -0.00969250 -0.02717129
v -0.13383633 0.00459658 -0.03425074
v -0.14843523 0.00459658 -0.01093856
v -0.14654557 0.00459658 0.00529418
v -0.13383633 -0.00918362 0.00529418
v -0.14345821 0.00459658 0.02152692
v -0.13383633 -0.00602430 0.02152692
v -0.13383633 0.00459658 0.02750198
v -0.14627557 0.02082932 -0.02717129
v -0.13383633 0.02082932 -0.03317541
v -0.14758674 0.02082932 0.02152692
v -0.13383633 0.02082932 0.02892321
v -0.13383633 0.03706205 -0.03025824
v -0.14542219 0.03706205 0.02152692
v -0.13383633 0.03706205 0.02768207
v -0.13704316 0.05329479 -0.02717129
v -0.13383633 0.04853449 -0.02717129
v -0.13383633 0.05329479 -0.02608713
v -0.14647417 0.05329479 0.02152692
v -0.13383633 0.05329479 0.02601438
v -0.13383633 0.06952753 -0.01686874
v -0.13791606 0.06952753 0.02152692
v -0.13383633 0.06952753 0.02316431
v -0.14290481 0.08576027 -0.01093856
v -0.13383633 0.07927009 -0.01093856
v -0.13383633 0.08576027 -0.00291517
v -0.13542595 0.08576027 0.02152692
v -0.13383633 0.08576027 0.02201414
v -0.13383633 0.09507067 0.00529418
v -0.13383633 0.08701604 0.02152692
v -0.14088900 0.11822574 0.00529418
v -0.13383633 0.11176618 0.00529418
v -0.13383633 0.11822574 0.00361941
v -0.13383633 0.11822574 0.00899129
v -0.13383633 0.13445848 -0.00284729
v -0.13800410 0.13445848 0.02152692
v -0.13383633 0.12675115 0.02152692
v -0.13383633 0.13445848 0.02606232
v -0.13383633 0.15069122 -0.00866349
v -0.14436398 0.15069122 0.02152692
v -0.13383633 0.15069122 0.03488407
v -0.14582724 0.16692395 0.00529418
v -0.13383633 0.16692395 -0.00691843
v -0.13794805 0.16692395 0.03775966
v -0.13383633 0.15676619 0.03775966
v -0.13383633 0.16692395 0.04178181
v -0.13383633 0.18315669 -0.00918869
v -0.14433903 0.18315669 0.03775966
v -0.13383633 0.18315669 0.04558396
v -0.14010970 0.19938943 -0.01093856
v -0.13383633 0.18850938 -0.01093856
v -0.13383633 0.19938943 -0.01448649
v -0.13383633 0.19938943 0.04349512
v -0.14078485 0.21562217 -0.01093856
v -0.13383633 0.21208461 -0.01093856
v -0.13383633 0.21562217 -0.00972989
v -0.13529434 0.21562217 0.03775966
v -0.13383633 0.21398295 0.03775966
v -0.13383633 0.21562217 0.03706175
v -0.14467898 0.23185490 -0.01093856
v -0.13383633 0.23185490 -0.00202114
v -0.14592221 0.23185490 0.03775966
v -0.13383633 0.23185490 0.02953930
v -0.14987586 0.24808764 -0.01093856
v -0.13480523 0.24808764 0.00529418
v -0.13383633 0.24597791 0.00529418
v -0.13383633 0.24808764 0.01830971
v -0.13383633 0.24808764 0.02174326
v -0.14206373 0.26432038 0.00529418
v -0.14422252 0.26432038 0.02152692
v -0.13383633 0.24852526 0.02152692
v -0.14905186 0.28055312 0.00529418
v -0.12242464 -0.04410163 -0.01093856
v -0.11760360 -0.05684075 -0.01093856
v -0.11760360 -0.04410163 -0.02202937
v -0.11939024 -0.04410163 0.00529418
v -0.11760360 -0.04910893 0.00529418
v -0.11760360 -0.04410163 0.00774102
v -0.12167548 -0.02786890 -0.02717129
v -0.11760360 -0.03614077 -0.02717129
v -0.11760360 -0.02786890 -0.03601055
v -0.12704737 -0.02786890 -0.01093856
v -0.12291606 -0.02786890 0.00529418
v -0.11760360 -0.02786890 0.01140747
v -0.13191850 -0.01163616 -0.02717129
v -0.11760360 -0.01163616 -0.04237116
v -0.13148151 -0.01163616 0.00529418
v -0.12857743 -0.01163616 0.02152692
v -0.11760360 -0.02239921 0.02152692
v -0.11760360 -0.01163616 0.02910218
v -0.11760360 0.00459658 -0.03948489
v -0.11760360 0.00459658 0.03336294
v -0.11760360 0.02082932 -0.03522527
v -0.11760360 0.02082932 0.03494510
v -0.11760360 0.03706205 -0.02959883
v -0.11760360 0.03706205 0.03442575
v -0.11760360 0.04341524 -0.02717129
v -0.11760360 0.05329479 -0.02340063
v -0.11760360 0.05329479 0.02782265
v -0.11760360 0.06952753 -0.01709069
v -0.11760360 0.06952753 0.02713555
v -0.11760360 0.08429458 -0.01093856
v -0.11760360 0.08576027 -0.00967677
v -0.11760360 0.08576027 0.02701825
v -0.11760360 0.10130844 0.00529418
v -0.12267166 0.10199300 0.02152692
v -0.11760360 0.10199300 0.00728479
v -0.11760360 0.10199300 0.02497471
v -0.12919634 0.11822574 0.00529418
v -0.12871733 0.11822574 0.02152692
v -0.11760360 0.11822574 0.00940750
v -0.11760360 0.11822574 0.03316239
v -0.11760360 0.12231206 0.00529418
v -0.11760360 0.13445848 -0.00684129
v -0.11981417 0.13445848 0.03775966
v -0.11760360 0.12958915 0.03775966
v -0.11760360 0.13445848 0.03935548
v -0.12615070 0.15069122 -0.01093856
v -0.11760360 0.14507672 -0.01093856
v -0.11760360 0.15069122 -0.01307579
v -0.12833247 0.15069122 0.03775966
v -0.11760360 0.15069122 0.04219958
v -0.12612033 0.16692395 -0.01093856
v -0.11760360 0.16692395 -0.01417328
v -0.11760360 0.16692395 0.04267789
v -0.11760360 0.17188853 -0.01093856
v -0.11760360 0.18315669 -0.00349049
v -0.11760360 0.18315669 0.03856320
v -0.12999803 0.19938943 -0.01093856
v -0.11760360 0.19938943 0.00296508
v -0.12562764 0.19938943 0.03775966
v -0.11760360 0.18518389 0.03775966
v -0.11760360 0.19938943 0.03154216
v -0.12203094 0.21562217 0.00529418
v -0.11760360 0.20416181 0.00529418
v -0.11760360 0.21562217 0.01629731
v -0.11760360 0.21562217 0.02375778
v -0.12831302 0.23185490 0.00529418
v -0.12432551 0.23185490 0.02152692
v -0.11760360 0.22013873 0.02152692
v -0.13358325 0.24808764 0.02152692
v -0.10388467 -0.09279985 -0.02717129
v -0.10137086 -0.09755542 -0.02717129
v -0.10137086 -0.09279985 -0.03345719
v -0.10449376 -0.09279985 -0.01093856
v -0.10137086 -0.09861751 -0.01093856
v -0.10137086 -0.09279985 -0.00109907
v -0.10314694 -0.07656711 -0.04340403
v -0.10137086 -0.08076781 -0.04340403
v -0.10137086 -0.07656711 -0.04593664
v -0.10894108 -0.07656711 -0.02717129
v -0.11081792 -0.07656711 -0.01093856
v -0.10680789 -0.07656711 0.00529418
v -0.10137086 -0.08796609 0.00529418
v -0.10137086 -0.07656711 0.01161596
v -0.10711506 -0.06033437 -0.04340403
v -0.10137086 -0.06033437 -0.05084726
v -0.11316182 -0.06033437 -0.02717129
v -0.11670199 -0.06033437 -0.01093856
v -0.11367510 -0.06033437 0.00529418
v -0.10137086 -0.06033437 0.01772529
v -0.10973691 -0.04410163 -0.04340403
v -0.10137086 -0.04410163 -0.05210564
v -0.11602976 -0.04410163 -0.02717129
v -0.10137086 -0.04410163 0.02092163
v -0.11389719 -0.02786890 -0.04340403
v -0.10137086 -0.02786890 -0.05101382
v -0.11168676 -0.02786890 0.02152692
v -0.10137086 -0.04337586 0.02152692
v -0.10137086 -0.02786890 0.02927835
v -0.11638480 -0.01163616 -0.04340403
v -0.10137086 -0.01163616 -0.04912749
v -0.10137086 -0.01163616 0.03540826
v -0.10716494 0.00459658 -0.04340403
v -0.10137086 0.00459658 -0.04502425
v -0.10315344 0.00459658 0.03775966
v -0.10137086 0.00130032 0.03775966
v -0.10137086 0.00459658 0.03827286
v -0.10137086 0.00929462 -0.04340403
v -0.10137086 0.02082932 -0.03948091
v -0.10738718 0.02082932 0.03775966
v -0.10137086 0.02082932 0.03937959
v -0.10137086 0.03706205 -0.03346592
v -0.10137086 0.02843772 0.03775966
v -0.10137086 0.03706205 0.03120455
v -0.10162037 0.05329479 -0.02717129
v -0.10137086 0.05329479 -0.02723012
v -0.10137086 0.05329479 0.02995785
v -0.10137086 0.05344727 -0.02717129
v -0.10137086 0.06952753 -0.02088535
v -0.10137086 0.06952753 0.03260591
v -0.11481317 0.08576027 -0.01093856
v -0.10137086 0.08576027 -0.01400633
v -0.10137086 0.08576027 0.03305205
v -0.10137086 0.09233449 -0.01093856
v -0.11581769 0.10199300 0.00529418
v -0.10137086 0.10199300 -0.00077465
v -0.10137086 0.10199300 0.03286375
v -0.10137086 0.10743537 0.00529418
v -0.10137086 0.11822574 0.00896209
v -0.10294524 0.11822574 0.03775966
v -0.10137086 0.11607002 0.03775966
v -0.10137086 0.11822574 0.03835613
v -0.10137086 0.12584481 0.00529418
v -0.10137086 0.13445848 -0.00112172
v -0.10137086 0.13445848 0.04008048
v -0.10137086 0.14306161 -0.01093856
v -0.10137086 0.15069122 -0.01691254
v -0.10137086 0.15069122 0.03776296
v -0.10137086 0.16692395 -0.01978969
v -0.10322650 0.16692395 0.03775966
v -0.10137086 0.15075958 0.03775966
v -0.10137086 0.16692395 0.03677234
v -0.10137086 0.17796535 -0.01093856
v -0.10137086 0.18315669 -0.00694593
v -0.11526456 0.18315669 0.03775966
v -0.10137086 0.18315669 0.02692909
v -0.11285754 0.19938943 0.00529418
v -0.10137086 0.19429761 0.00529418
v -0.10656288 0.19938943 0.02152692
v -0.10137086 0.18897149 0.02152692
v -0.11514689 0.21562217 0.02152692
v -0.08530067 -0.12526532 -0.04340403
v -0.08513812 -0.12551995 -0.04340403
v -0.08513812 -0.12526532 -0.04370452
v -0.08831559 -0.12526532 -0.02717129
v -0.08513812 -0.13069605 -0.02717129
v -0.08661514 -0.12526532 -0.01093856
v -0.08513812 -0.12750741 -0.01093856
v -0.08513812 -0.12526532 -0.00787982
v -0.09194085 -0.10903258 -0.04340403
v -0.08513812 -0.10903258 -0.05746232
v -0.09615657 -0.10903258 -0.02717129
v -0.09576999 -0.10903258 -0.01093856
v -0.08809527 -0.10903258 0.00529418
v -0.08513812 -0.11341707 0.00529418
v -0.08513812 -0.10903258 0.00788682
v -0.08924352 -0.09279985 -0.05963677
v -0.08513812 -0.10472411 -0.05963677
v -0.08513812 -0.09279985 -0.06450693
v -0.09786339 -0.09279985 -0.04340403
v -0.09848311 -0.09279985 0.00529418
v -0.08513812 -0.09279985 0.01534382
v -0.09228409 -0.07656711 -0.05963677
v -0.08513812 -0.07656711 -0.06693787
v -0.08513812 -0.07656711 0.02071165
v -0.09368730 -0.06033437 -0.05963677
v -0.08513812 -0.06033437 -0.06644155
v -0.09188017 -0.06033437 0.02152692
v -0.08513812 -0.07219253 0.02152692
v -0.08513812 -0.06033437 0.02316538
v -0.09157203 -0.04410163 -0.05963677
v -0.08513812 -0.04410163 -0.06290101
v -0.10038916 -0.04410163 0.02152692
v -0.08513812 -0.04410163 0.02810495
v -0.08513812 -0.03050319 -0.05963677
v -0.08513812 -0.02786890 -0.05898917
v -0.08513812 -0.02786890 0.03620765
v -0.08513812 -0.01163616 -0.05441804
v -0.09324695 -0.01163616 0.03775966
v -0.08513812 -0.02188708 0.03775966
v -0.08513812 -0.01163616 0.03988825
v -0.08513812 0.00459658 -0.04930388
v -0.08513812 0.00459658 0.03852797
v -0.08543107 0.02082932 -0.04340403
v -0.08513812 0.02082932 -0.04347470
v -0.09698389 0.02082932 0.03775966
v -0.08513812 0.00649158 0.03775966
v -0.08513812 0.02082932 0.02924743
v -0.08513812 0.02101488 -0.04340403
v -0.08513812 0.03706205 -0.03730418
v -0.08513812 0.03706205 0.03243635
v -0.08513812 0.05329479 -0.03105683
v -0.08513812 0.05329479 0.03555933
v -0.08513812 0.06333546 -0.02717129
v -0.08513812 0.06952753 -0.02471602
v -0.08678851 0.06952753 0.03775966
v -0.08513812 0.06626533 0.03775966
v -0.08513812 0.06952753 0.03831943
v -0.08513812 0.08576027 -0.01777121
v -0.09097122 0.08576027 0.03775966
v -0.08513812 0.08576027 0.03966267
v -0.08513812 0.09989653 -0.01093856
v -0.08513812 0.10199300 -0.00853334
v -0.08513812 0.09847563 0.03775966
v -0.08513812 0.10199300 0.03600708
v -0.08513812 0.11355195 0.00529418
v -0.08513812 0.11822574 0.00961780
v -0.09950514 0.11822574 0.03775966
v -0.08513812 0.11822574 0.03035594
v -0.09541392 0.13445848 0.00529418
v -0.08513812 0.13445848 0.01818511
v -0.09760764 0.13445848 0.03775966
v -0.08513812 0.13445848 0.02453308
v -0.08513812 0.14887113 -0.01093856
v -0.08513812 0.15069122 -0.01302276
v -0.08513812 0.14054213 0.00529418
v -0.10136438 0.15069122 0.03775966
v -0.08513812 0.15069122 0.02776510
v -0.08513812 0.16692395 -0.01945426
v -0.09461418 0.16692395 0.03775966
v -0.08513812 0.16502674 0.03775966
v -0.08513812 0.16692395 0.03955999
v -0.09123630 0.18315669 -0.01093856
v -0.08513812 0.18315669 -0.01324810
v -0.08513812 0.17906673 0.03775966
v -0.08513812 0.18315669 0.03728588
v -0.08513812 0.18594777 -0.01093856
v -0.09305874 0.19938943 0.00529418
v -0.08513812 0.19938943 0.00017418
v -0.08513812 0.19560401 0.02152692
v -0.08513812 0.19938943 0.01479942
v -0.08513812 0.20425544 0.00529418
v -0.08529720 0.23185490 0.03775966
v -0.08513812 0.23082327 0.03775966
v -0.08513812 0.23185490 0.03749927
v -0.08513812 0.23185490 0.03789427
v -0.08770831 0.24808764 0.03775966
v -0.08513812 0.24808764 0.03224718
v -0.08513812 0.24808764 0.03989683
v -0.08995364 0.26432038 0.03775966
v -0.08513812 0.26432038 0.02239164
v -0.08513812 0.26432038 0.04175906
v -0.08826140 0.28055312 0.02152692
v -0.08513812 0.26534116 0.02152692
v -0.08513812 0.28055312 0.01664156
v -0.09191672 0.28055312 0.03775966
v -0.08513812 0.28055312 0.04334028
v -0.09123414 0.29678585 0.02152692
v -0.08513812 0.29678585 0.01249659
v -0.09348455 0.29678585 0.03775966
v -0.08513812 0.29678585 0.04447032
v -0.09381329 0.31301859 0.02152692
v -0.08513812 0.31301859 0.00990730
v -0.09451877 0.31301859 0.03775966
v -0.08513812 0.31301859 0.04493628
v -0.09602020 0.32925133 0.02152692
v -0.08513812 0.32925133 0.00903289
v -0.09479759 0.32925133 0.03775966
v -0.08513812 0.32925133 0.04450361
v -0.09790535 0.34548407 0.02152692
v -0.08513812 0.34548407 0.00955993
v -0.09386212 0.34548407 0.03775966
v -0.08513812 0.34548407 0.04298743
v -0.09944677 0.36171680 0.02152692
v -0.08513812 0.36171680 0.01099460
v -0.09060488 0.36171680 0.03775966
v -0.08513812 0.36171680 0.04034770
v -0.10040839 0.37794954 0.02152692
v -0.08513812 0.37794954 0.01294377
v -0.08513812 0.37339859 0.03775966
v -0.08513812 0.37794954 0.03596423
v -0.10019747 0.39418228 0.02152692
v -0.08513812 0.39418228 0.01515340
v -0.08513812 0.39418228 0.03033117
v -0.07174100 -0.20642901 -0.07586950
v -0.06890538 -0.21150647 -0.07586950
v -0.06890538 -0.20642901 -0.07844324
v -0.06890538 -0.20642901 -0.07223626
v -0.06890538 -0.20330662 -0.07586950
v -0.06967595 -0.19019627 -0.05963677
v -0.06890538 -0.19155495 -0.05963677
v -0.06890538 -0.19019627 -0.06077551
v -0.06890538 -0.19019627 -0.05894780
v -0.06890538 -0.18917076 -0.05963677
v -0.07167882 -0.14149806 -0.05963677
v -0.06890538 -0.14802133 -0.05963677
v -0.06890538 -0.14149806 -0.06305767
v -0.07664927 -0.14149806 -0.04340403
v -0.06890538 -0.15550173 -0.04340403
v -0.07855896 -0.14149806 -0.02717129
v -0.06890538 -0.15683456 -0.02717129
v -0.07517263 -0.14149806 -0.01093856
v -0.06890538 -0.15008944 -0.01093856
v -0.06890538 -0.14149806 -0.00239058
v -0.07778702 -0.12526532 -0.05963677
v -0.06890538 -0.12526532 -0.07283969
v -0.07488337 -0.12526532 0.00529418
v -0.06890538 -0.13201446 0.00529418
v -0.06890538 -0.12526532 0.00880826
v -0.07145040 -0.10903258 -0.07586950
v -0.06890538 -0.11636732 -0.07586950
v -0.06890538 -0.10903258 -0.07887007
v -0.08392519 -0.10903258 -0.05963677
v -0.06890538 -0.10903258 0.01552517
v -0.07373763 -0.09279985 -0.07586950
v -0.06890538 -0.09279985 -0.08092644
v -0.06890538 -0.09279985 0.02049284
v -0.07302879 -0.07656711 -0.07586950
v -0.06890538 -0.07656711 -0.07896907
v -0.08084305 -0.07656711 0.02152692
v -0.06890538 -0.08717085 0.02152692
v -0.06890538 -0.07656711 0.02305113
v -0.06890538 -0.06562747 -0.07586950
v -0.06890538 -0.06033437 -0.07475980
v -0.06890538 -0.06033437 0.02504053
v -0.06890538 -0.04410163 -0.07036031
v -0.06890538 -0.04410163 0.03287061
v -0.08326162 -0.02786890 -0.05963677
v -0.06890538 -0.02786890 -0.06414454
v -0.06890538 -0.02786890 0.03157764
v -0.06890538 -0.01343272 -0.05963677
v -0.06890538 -0.01163616 -0.05908844
v -0.08031930 -0.01163616 0.03775966
v -0.06890538 -0.01163616 0.02838840
v -0.06890538 0.00459658 -0.05338173
v -0.08259925 0.00459658 0.03775966
v -0.06890538 0.00459658 0.03168246
v -0.06890538 0.02082932 -0.04734971
v -0.06890538 0.02082932 0.03488425
v -0.06890538 0.03113086 -0.04340403
v -0.06890538 0.03706205 -0.04113374
v -0.06979275 0.03706205 0.03775966
v -0.06890538 0.03549228 0.03775966
v -0.06890538 0.03706205 0.03806747
v -0.06890538 0.05329479 -0.03488220
v -0.07876454 0.05329479 0.03775966
v -0.06890538 0.05329479 0.04115454
v -0.07488385 0.06952753 -0.02717129
v -0.06890538 0.06952753 -0.02857307
v -0.06890538 0.06952753 0.04378096
v -0.06890538 0.07304285 -0.02717129
v -0.06890538 0.08576027 -0.02164504
v -0.06890538 0.08576027 0.04501822
v -0.08047932 0.10199300 -0.01093856
v -0.06890538 0.10199300 -0.01366147
v -0.08295719 0.10199300 0.03775966
v -0.06890538 0.10199300 0.04267453
v -0.06890538 0.10703863 -0.01093856
v -0.07273687 0.11822574 0.00529418
v -0.06890538 0.11822574 0.00342178
v -0.07007276 0.11822574 0.02152692
v -0.06890538 0.11717624 0.02152692
v -0.06890538 0.11822574 0.01489472
v -0.06890538 0.11054679 0.03775966
v -0.06890538 0.11974003 0.00529418
v -0.07892799 0.13445848 0.02152692
v -0.08278991 0.15069122 -0.01093856
v -0.06956233 0.15069122 0.00529418
v -0.07191448 0.15069122 0.02152692
v -0.06890538 0.16087240 -0.01093856
v -0.06890538 0.16692395 -0.01659585
v -0.06890538 0.15111179 0.00529418
v -0.06890538 0.15207634 0.02152692
v -0.06890538 0.15975118 0.03775966
v -0.06890538 0.16692395 0.04274989
v -0.06890538 0.18315669 -0.01795842
v -0.08419865 0.18315669 0.03775966
v -0.06890538 0.18315669 0.04545448
v -0.06890538 0.19213322 -0.01093856
v -0.06890538 0.19938943 -0.00598339
v -0.07954576 0.19938943 0.02152692
v -0.07863925 0.19938943 0.03775966
v -0.06890538 0.19938943 0.04657358
v -0.06890538 0.21301423 0.00529418
v -0.07413805 0.21562217 0.02152692
v -0.06890538 0.21562217 0.01044832
v -0.08270648 0.21562217 0.03775966
v -0.06890538 0.21562217 0.04904352
v -0.07752382 0.23185490 0.02152692
v -0.06890538 0.23185490 0.00770898
v -0.06890538 0.23185490 0.05132818
v -0.07126410 0.24808764 0.00529418
v -0.06890538 0.23819824 0.00529418
v -0.06890538 0.24808764 0.00153041
v -0.08132224 0.24808764 0.02152692
v -0.06890538 0.24808764 0.05339385
v -0.07454278 0.26432038 0.00529418
v -0.06890538 0.26432038 -0.00312216
v -0.08492887 0.26432038 0.02152692
v -0.07035178 0.26432038 0.05399239
v -0.06890538 0.25350505 0.05399239
v -0.06890538 0.26432038 0.05519111
v -0.07666593 0.28055312 0.00529418
v -0.06890538 0.28055312 -0.00355670
v -0.07175780 0.28055312 0.05399239
v -0.06890538 0.28055312 0.05629090
v -0.07765955 0.29678585 0.00529418
v -0.06890538 0.29678585 -0.00164450
v -0.07168065 0.29678585 0.05399239
v -0.06890538 0.29678585 0.05603536
v -0.07762100 0.31301859 0.00529418
v -0.06890538 0.31301859 0.00085778
v -0.06890538 0.31223663 0.05399239
v -0.06890538 0.31301859 0.05387963
v -0.07455197 0.32925133 0.00529418
v -0.06890538 0.32925133 0.00359834
v -0.06890538 0.32925133 0.04991757
v -0.06890538 0.33874842 0.00529418
v -0.06890538 0.34548407 0.00650450
v -0.06890538 0.34548407 0.04506617
v -0.06890538 0.36171680 0.00951251
v -0.06890538 0.36171680 0.03973172
v -0.06890538 0.37794954 0.01255623
v -0.06890538 0.36733719 0.03775966
v -0.06890538 0.37794954 0.03338868
v -0.06890538 0.39418228 0.01605363
v -0.06890538 0.39418228 0.02775419
v -0.05326082 -0.22266175 -0.07586950
v -0.05267265 -0.22306222 -0.07586950
v -0.05267265 -0.22266175 -0.08111647
v -0.05267265 -0.22266175 -0.07560645
v -0.05267265 -0.20642901 -0.08747999
v -0.05710232 -0.20642901 -0.05963677
v -0.05267265 -0.20977396 -0.05963677
v -0.05267265 -0.20642901 -0.05664563
v -0.05658698 -0.19019627 -0.07586950
v -0.05267265 -0.19019627 -0.07887310
v -0.05267265 -0.19019627 -0.04555459
v -0.05267265 -0.18633427 -0.07586950
v -0.05991278 -0.17396353 -0.05963677
v -0.05267265 -0.17396353 -0.06725758
v -0.06093817 -0.17396353 -0.04340403
v -0.05267265 -0.18733206 -0.04340403
v -0.05591645 -0.17396353 -0.02717129
v -0.05267265 -0.17811988 -0.02717129
v -0.05267265 -0.17396353 -0.01951055
v -0.05383152 -0.15773080 -0.07586950
v -0.05267265 -0.16077226 -0.07586950
v -0.05267265 -0.15773080 -0.07869242
v -0.06482189 -0.15773080 -0.05963677
v -0.06752687 -0.15773080 -0.04340403
v -0.06826189 -0.15773080 -0.02717129
v -0.06220478 -0.15773080 -0.01093856
v -0.05267265 -0.16852461 -0.01093856
v -0.05267265 -0.15773080 -0.00243595
v -0.06047400 -0.14149806 -0.07586950
v -0.05267265 -0.14149806 -0.08873813
v -0.05797072 -0.14149806 0.00529418
v -0.05267265 -0.14595660 0.00529418
v -0.05267265 -0.14149806 0.00741772
v -0.05289858 -0.12526532 -0.09210224
v -0.05267265 -0.12631967 -0.09210224
v -0.05267265 -0.12526532 -0.09239767
v -0.06650788 -0.12526532 -0.07586950
v -0.05267265 -0.12526532 0.01362473
v -0.05267265 -0.11952507 -0.09210224
v -0.05267265 -0.10903258 -0.09180725
v -0.05267265 -0.10903258 0.01830271
v -0.05267265 -0.09279985 -0.08960128
v -0.05267265 -0.09279985 0.02129837
v -0.05267265 -0.07656711 -0.08677853
v -0.05267265 -0.08929990 0.02152692
v -0.05267265 -0.07656711 0.02264936
v -0.06634967 -0.06033437 -0.07586950
v -0.05267265 -0.06033437 -0.08239478
v -0.05267265 -0.06033437 0.02360724
v -0.05267265 -0.04735422 -0.07586950
v -0.05267265 -0.04410163 -0.07432319
v -0.05267265 -0.04410163 0.02715939
v -0.05267265 -0.02786890 -0.06875285
v -0.05267265 -0.02786890 0.03074554
v -0.06687402 -0.01163616 -0.05963677
v -0.05267265 -0.01163616 -0.06331024
v -0.05267265 -0.01163616 0.03410333
v -0.05267265 -0.00174354 -0.05963677
v -0.05267265 0.00459658 -0.05734011
v -0.05267265 0.00459658 0.03733018
v -0.05267265 0.02082932 -0.05119803
v -0.06062285 0.02082932 0.03775966
v -0.05267265 0.00678120 0.03775966
v -0.05267265 0.02082932 0.04051952
v -0.05927673 0.03706205 -0.04340403
v -0.05267265 0.03706205 -0.04496113
v -0.05267265 0.03706205 0.04369202
v -0.05267265 0.04110559 -0.04340403
v -0.05267265 0.05329479 -0.03870646
v -0.05267265 0.05329479 0.04672901
v -0.05267265 0.06952753 -0.03237377
v -0.05267265 0.06952753 0.04930098
v -0.05267265 0.08241261 -0.02717129
v -0.05267265 0.08576027 -0.02566499
v -0.05267265 0.08576027 0.05077024
v -0.05267265 0.10199300 -0.01800627
v -0.05267265 0.10199300 0.04937225
v -0.05267265 0.11393419 -0.01093856
v -0.05267265 0.11822574 -0.00507088
v -0.06732008 0.11822574 0.02152692
v -0.06128981 0.11822574 0.03775966
v -0.05267265 0.11822574 0.04745527
v -0.05412811 0.13445848 0.00529418
v -0.05267265 0.13445848 0.00313613
v -0.06057657 0.13445848 0.02152692
v -0.06335244 0.13445848 0.03775966
v -0.05354389 0.13445848 0.05399239
v -0.05267265 0.13119651 0.05399239
v -0.05267265 0.13445848 0.05462636
v -0.05267265 0.14266417 0.00529418
v -0.06270616 0.15069122 0.02152692
v -0.05267265 0.15069122 0.00811955
v -0.06609367 0.15069122 0.03775966
v -0.05267265 0.13748571 0.05399239
v -0.05267265 0.15069122 0.05200418
v -0.05884155 0.16692395 -0.01093856
v -0.05267265 0.15165677 0.00529418
v -0.05267265 0.16692395 -0.00602832
v -0.05267265 0.16692395 0.05221462
v -0.05267265 0.17395739 -0.01093856
v -0.05267265 0.18315669 -0.01553589
v -0.05526195 0.18315669 0.05399239
v -0.05267265 0.17613709 0.05399239
v -0.05267265 0.18315669 0.05550339
v -0.05503538 0.19938943 -0.01093856
v -0.05267265 0.19938943 -0.01179959
v -0.05863639 0.19938943 0.05399239
v -0.05267265 0.19938943 0.05840641
v -0.05267265 0.20117951 -0.01093856
v -0.06472047 0.21562217 0.00529418
v -0.05267265 0.21562217 -0.00245085
v -0.06233652 0.21562217 0.05399239
v -0.05267265 0.21562217 0.06143191
v -0.06656779 0.23185490 0.00529418
v -0.05267265 0.23185490 -0.00478760
v -0.06554445 0.23185490 0.05399239
v -0.05267265 0.23185490 0.06434024
v -0.05267265 0.24808764 -0.00348832
v -0.06818460 0.24808764 0.05399239
v -0.05267265 0.24808764 0.06687661
v -0.05267265 0.26432038 -0.00119797
v -0.05267265 0.26432038 0.06721720
v -0.05267265 0.28055312 0.00147687
v -0.05267265 0.28055312 0.06218734
v -0.05267265 0.29678585 0.00433786
v -0.05267265 0.29678585 0.05573644
v -0.05811276 0.31301859 0.00529418
v -0.05267265 0.30204872 0.00529418
v -0.05267265 0.31301859 0.00730931
v -0.05267265 0.30098156 0.05399239
v -0.05267265 0.31301859 0.04879462
v -0.06506442 0.32925133 0.00529418
v -0.05267265 0.32925133 0.01034139
v -0.05267265 0.32925133 0.04175459
v -0.05267265 0.34548407 0.01340594
v -0.05704974 0.34548407 0.03775966
v -0.05267265 0.33844493 0.03775966
v -0.05267265 0.34548407 0.03418874
v -0.05267265 0.36171680 0.01691270
v -0.06600939 0.36171680 0.03775966
v -0.05267265 0.36171680 0.02752663
v -0.05413111 0.37794954 0.02152692
v -0.05267265 0.37538834 0.02152692
v -0.06162178 0.39418228 0.02152692
v -0.03760737 -0.36875638 -0.10833498
v -0.03643991 -0.37150986 -0.10833498
v -0.03643991 -0.36875638 -0.11055540
v -0.04187300 -0.36875638 -0.09210224
v -0.03643991 -0.37790454 -0.09210224
v -0.04430571 -0.36875638 -0.07586950
v -0.03643991 -0.37919289 -0.07586950
v -0.04548421 -0.36875638 -0.05963677
v -0.03643991 -0.37879793 -0.05963677
v -0.04138597 -0.36875638 -0.04340403
v -0.03643991 -0.37358391 -0.04340403
v -0.03643991 -0.36875638 -0.03676202
v -0.03826944 -0.35252365 -0.10833498
v -0.03643991 -0.35252365 -0.11136467
v -0.04304756 -0.35252365 -0.09210224
v -0.04554242 -0.35252365 -0.07586950
v -0.04666181 -0.35252365 -0.05963677
v -0.04365293 -0.35252365 -0.04340403
v -0.03643991 -0.35252365 -0.02999044
v -0.03825774 -0.33629091 -0.10833498
v -0.03643991 -0.33629091 -0.11090748
v -0.04377656 -0.33629091 -0.09210224
v -0.04634028 -0.33629091 -0.07586950
v -0.04730449 -0.33629091 -0.05963677
v -0.04354549 -0.33629091 -0.04340403
v -0.03643991 -0.33629091 -0.03171577
v -0.03756852 -0.32005817 -0.10833498
v -0.03643991 -0.32005817 -0.10968062
v -0.04419362 -0.32005817 -0.09210224
v -0.04687046 -0.32005817 -0.07586950
v -0.04762149 -0.32005817 -0.05963677
v -0.04284604 -0.32005817 -0.04340403
v -0.03643991 -0.32005817 -0.03418193
v -0.03643991 -0.30832036 -0.10833498
v -0.04431464 -0.30382543 -0.09210224
v -0.03643991 -0.30382543 -0.10755076
v -0.04718644 -0.30382543 -0.07586950
v -0.04763952 -0.30382543 -0.05963677
v -0.04150954 -0.30382543 -0.04340403
v -0.03643991 -0.30382543 -0.03700916
v -0.04408362 -0.28759270 -0.09210224
v -0.03643991 -0.28759270 -0.10389505
v -0.04834954 -0.28759270 -0.07586950
v -0.04732672 -0.28759270 -0.05963677
v -0.03939646 -0.28759270 -0.04340403
v -0.03643991 -0.28759270 -0.04010650
v -0.04332184 -0.27135996 -0.09210224
v -0.03643991 -0.27135996 -0.10026026
v -0.04724724 -0.27135996 -0.07586950
v -0.05025905 -0.27135996 -0.05963677
v -0.03643991 -0.27208696 -0.04340403
v -0.03643991 -0.27135996 -0.04361501
v -0.04153755 -0.25512722 -0.09210224
v -0.03643991 -0.25512722 -0.09669728
v -0.04698917 -0.25512722 -0.07586950
v -0.04594003 -0.25512722 -0.05963677
v -0.04299629 -0.25512722 -0.04340403
v -0.03643991 -0.27091541 -0.04340403
v -0.03643991 -0.25512722 -0.03845765
v -0.03767240 -0.23889448 -0.09210224
v -0.03643991 -0.23889448 -0.09283014
v -0.04650800 -0.23889448 -0.07586950
v -0.04255275 -0.23889448 -0.05963677
v -0.04610612 -0.23889448 -0.04340403
v -0.03643991 -0.23889448 -0.03307500
v -0.03643991 -0.23281620 -0.09210224
v -0.03643991 -0.22266175 -0.09012787
v -0.04237418 -0.22266175 -0.05963677
v -0.03643991 -0.22613529 -0.04340403
v -0.03643991 -0.22266175 -0.04867357
v -0.03643991 -0.20642901 -0.08918986
v -0.03643991 -0.20642901 -0.04643805
v -0.03836657 -0.19019627 -0.10833498
v -0.03643991 -0.19733208 -0.10833498
v -0.03643991 -0.19019627 -0.11144118
v -0.03676837 -0.19019627 -0.09210224
v -0.03643991 -0.19134373 -0.09210224
v -0.05093796 -0.19019627 -0.04340403
v -0.03643991 -0.20377159 -0.04340403
v -0.04179325 -0.19019627 -0.02717129
v -0.03643991 -0.19748786 -0.02717129
v -0.03643991 -0.19019627 -0.01952416
v -0.04083871 -0.17396353 -0.10833498
v -0.03643991 -0.17396353 -0.11290500
v -0.04116329 -0.17396353 -0.09210224
v -0.04711926 -0.17396353 -0.07586950
v -0.04636876 -0.17396353 -0.01093856
v -0.03643991 -0.18245886 -0.01093856
v -0.03643991 -0.17396353 -0.00516938
v -0.03856284 -0.15773080 -0.10833498
v -0.03643991 -0.15773080 -0.10984787
v -0.04535338 -0.15773080 -0.09210224
v -0.03643991 -0.15773080 0.00420285
v -0.03643991 -0.15242157 -0.10833498
v -0.04920441 -0.14149806 -0.09210224
v -0.03643991 -0.14149806 -0.10591313
v -0.03643991 -0.15539524 0.00529418
v -0.03643991 -0.14149806 0.01028360
v -0.03643991 -0.12526532 -0.10436759
v -0.03643991 -0.12526532 0.01473059
v -0.05203799 -0.10903258 -0.09210224
v -0.03643991 -0.10903258 -0.10037631
v -0.03643991 -0.10903258 0.01767269
v -0.04551953 -0.09279985 -0.09210224
v -0.03643991 -0.09279985 -0.09598960
v -0.03643991 -0.09279985 0.01890989
v -0.03643991 -0.08276244 -0.09210224
v -0.03643991 -0.07656711 -0.09026846
v -0.04953001 -0.07656711 0.02152692
v -0.03643991 -0.07656711 0.01815740
v -0.03643991 -0.06033437 -0.08577913
v -0.03643991 -0.06089169 0.02152692
v -0.03643991 -0.06033437 0.02170367
v -0.04436921 -0.04410163 -0.07586950
v -0.03643991 -0.04410163 -0.07791624
v -0.03643991 -0.04410163 0.02868891
v -0.03643991 -0.03903306 -0.07586950
v -0.03643991 -0.02786890 -0.07134642
v -0.03643991 -0.02786890 0.03528100
v -0.03643991 -0.01163616 -0.06706499
v -0.04221771 -0.01163616 0.03775966
v -0.03643991 -0.01902915 0.03775966
v -0.03643991 -0.01163616 0.03977005
v -0.04310576 0.00459658 -0.05963677
v -0.03643991 0.00459658 -0.06122921
v -0.05143648 0.00459658 0.03775966
v -0.03643991 0.00459658 0.04296643
v -0.03643991 0.00876580 -0.05963677
v -0.03643991 0.02082932 -0.05503355
v -0.03643991 0.02082932 0.04615375
v -0.03643991 0.03706205 -0.04878804
v -0.03643991 0.03706205 0.04930934
v -0.03643991 0.05103660 -0.04340403
v -0.03643991 0.05329479 -0.04253235
v -0.03643991 0.05329479 0.05231259
v -0.03643991 0.06952753 -0.03618003
v -0.03920831 0.06952753 0.05399239
v -0.03643991 0.06374764 0.05399239
v -0.03643991 0.06952753 0.05493022
v -0.04674976 0.08576027 -0.02717129
v -0.03643991 0.08576027 -0.02956677
v -0.04420681 0.08576027 0.05399239
v -0.03643991 0.08576027 0.05660525
v -0.03643991 0.09136836 -0.02717129
v -0.03643991 0.10199300 -0.02174908
v -0.04701696 0.10199300 0.05399239
v -0.03643991 0.10199300 0.05889220
v -0.04616488 0.11822574 -0.01093856
v -0.03643991 0.11822574 -0.01549112
v -0.04694250 0.11822574 0.05399239
v -0.03643991 0.11822574 0.05834897
v -0.03785276 0.13445848 -0.01093856
v -0.03643991 0.13445848 -0.01151102
v -0.03643991 0.13445848 0.05592571
v -0.03643991 0.13679825 -0.01093856
v -0.05104411 0.15069122 0.00529418
v -0.03643991 0.15069122 -0.00613048
v -0.03807100 0.15069122 0.05399239
v -0.03643991 0.15069122 0.05431920
v -0.03643991 0.16692395 -0.00124061
v -0.04593311 0.16692395 0.05399239
v -0.03643991 0.16692395 0.05710674
v -0.04419549 0.18315669 -0.01093856
v -0.03643991 0.18315669 -0.00659260
v -0.03643991 0.18315669 0.05911871
v -0.05006963 0.19938943 -0.01093856
v -0.03643991 0.19938943 -0.00496945
v -0.03643991 0.19938943 0.06098941
v -0.03643991 0.21562217 -0.00196538
v -0.03643991 0.21562217 0.06136154
v -0.04016081 0.23185490 0.00529418
v -0.03643991 0.22678877 0.00529418
v -0.03643991 0.23185490 0.00819184
v -0.03643991 0.23185490 0.05862944
v -0.04210650 0.24808764 0.00529418
v -0.03643991 0.24808764 0.01000475
v -0.03699118 0.24808764 0.05399239
v -0.03643991 0.24607749 0.05399239
v -0.03643991 0.24808764 0.05332274
v -0.04473190 0.26432038 0.00529418
v -0.03643991 0.26432038 0.01204488
v -0.04114715 0.26432038 0.05399239
v -0.03643991 0.26432038 0.04719891
v -0.04786392 0.28055312 0.00529418
v -0.03643991 0.28055312 0.01427251
v -0.04594373 0.28055312 0.05399239
v -0.03643991 0.28055312 0.04073191
v -0.05142982 0.29678585 0.00529418
v -0.03643991 0.29678585 0.01667138
v -0.03906868 0.29678585 0.03775966
v -0.03643991 0.28774396 0.03775966
v -0.03643991 0.29678585 0.03218099
v -0.05124115 0.29678585 0.05399239
v -0.03643991 0.31301859 0.01920712
v -0.04413499 0.31301859 0.03775966
v -0.03643991 0.31301859 0.02545956
v -0.03763740 0.32925133 0.02152692
v -0.03643991 0.32482844 0.02152692
v -0.04951571 0.32925133 0.03775966
v -0.04324014 0.34548407 0.02152692
v -0.04796591 0.36171680 0.02152692
v -0.02020717 -0.37055627 -0.10833498
v -0.02020717 -0.36875638 -0.11207074
v -0.02020717 -0.37310689 -0.09210224
v -0.02020717 -0.37305587 -0.07586950
v -0.02020717 -0.37187285 -0.05963677
v -0.02530254 -0.36875638 -0.04340403
v -0.02020717 -0.36875638 -0.04981954
v -0.02676594 -0.35252365 -0.12456772
v -0.02020717 -0.36059512 -0.12456772
v -0.02020717 -0.35252365 -0.13006970
v -0.02020717 -0.36656313 -0.04340403
v -0.02362809 -0.35252365 -0.02717129
v -0.02020717 -0.35305471 -0.02717129
v -0.02020717 -0.35252365 -0.02676779
v -0.02480456 -0.33629091 -0.12456772
v -0.02020717 -0.33629091 -0.12804750
v -0.03327672 -0.33629091 -0.02717129
v -0.02020717 -0.33629091 -0.01629008
v -0.02117042 -0.32005817 -0.12456772
v -0.02020717 -0.32005817 -0.12521613
v -0.03123619 -0.32005817 -0.02717129
v -0.02020717 -0.32005817 -0.01655254
v -0.02020717 -0.31712726 -0.12456772
v -0.03596056 -0.30382543 -0.10833498
v -0.02020717 -0.30382543 -0.12130375
v -0.02814077 -0.30382543 -0.02717129
v -0.02020717 -0.30382543 -0.01992225
v -0.03281582 -0.28759270 -0.10833498
v -0.02020717 -0.28759270 -0.11708201
v -0.02411057 -0.28759270 -0.02717129
v -0.02020717 -0.28759270 -0.02377341
v -0.02741388 -0.27135996 -0.10833498
v -0.02020717 -0.27135996 -0.11376306
v -0.03629636 -0.27135996 -0.04340403
v -0.02020717 -0.27483277 -0.02717129
v -0.02020717 -0.27135996 -0.02815228
v -0.02020717 -0.25741502 -0.10833498
v -0.02020717 -0.25512722 -0.10758921
v -0.02043458 -0.25512722 -0.02717129
v -0.02020717 -0.25736278 -0.02717129
v -0.02020717 -0.25512722 -0.02703195
v -0.02371131 -0.23889448 -0.12456772
v -0.02020717 -0.24862194 -0.12456772
v -0.02020717 -0.23889448 -0.12811949
v -0.02234686 -0.23889448 -0.10833498
v -0.02020717 -0.25102555 -0.10833498
v -0.02773620 -0.23889448 -0.02717129
v -0.02020717 -0.23889448 -0.02311295
v -0.02470010 -0.22266175 -0.12456772
v -0.02020717 -0.22266175 -0.12857607
v -0.02843930 -0.22266175 -0.10833498
v -0.03364938 -0.22266175 -0.09210224
v -0.03356364 -0.22266175 -0.04340403
v -0.03295586 -0.22266175 -0.02717129
v -0.02020717 -0.22266175 -0.02059534
v -0.02100654 -0.20642901 -0.12456772
v -0.02020717 -0.20642901 -0.12522710
v -0.03379702 -0.20642901 -0.10833498
v -0.03343799 -0.20642901 -0.09210224
v -0.03407083 -0.20642901 -0.04340403
v -0.02627626 -0.20642901 -0.02717129
v -0.02020717 -0.20642901 -0.02067038
v -0.02540341 -0.19019627 -0.12456772
v -0.02020717 -0.19019627 -0.12914138
v -0.02417546 -0.19019627 -0.01093856
v -0.02020717 -0.19423685 -0.01093856
v -0.02020717 -0.19019627 -0.00917285
v -0.02403009 -0.17396353 -0.12456772
v -0.02020717 -0.17396353 -0.12730220
v -0.02020717 -0.17396353 -0.00100054
v -0.02020717 -0.16222538 -0.12456772
v -0.02020717 -0.15773080 -0.12324586
v -0.02707618 -0.15773080 0.00529418
v -0.02020717 -0.15937329 0.00529418
v -0.02020717 -0.15773080 0.00633047
v -0.03370008 -0.14149806 -0.10833498
v -0.02020717 -0.14149806 -0.11800320
v -0.02020717 -0.14149806 0.01218777
v -0.02931572 -0.12526532 -0.10833498
v -0.02020717 -0.12526532 -0.11252084
v -0.02020717 -0.12526532 0.01479804
v -0.02020717 -0.11387358 -0.10833498
v -0.02020717 -0.10903258 -0.10667176
v -0.02020717 -0.10903258 0.01597152
v -0.02020717 -0.09279985 -0.10017918
v -0.02020717 -0.09279985 0.01620347
v -0.02439362 -0.07656711 -0.09210224
v -0.02020717 -0.07656711 -0.09305376
v -0.02020717 -0.07656711 0.01513066
v -0.02020717 -0.07366736 -0.09210224
v -0.02020717 -0.06033437 -0.08737800
v -0.03568049 -0.06033437 0.02152692
v -0.02020717 -0.06033437 0.01743599
v -0.02020717 -0.04410163 -0.08081574
v -0.02020717 -0.05205764 0.02152692
v -0.02020717 -0.04410163 0.02489475
v -0.02020717 -0.03148903 -0.07586950
v -0.02020717 -0.02786890 -0.07459998
v -0.02020717 -0.02786890 0.03145703
v -0.02020717 -0.01163616 -0.06848933
v -0.02020717 -0.01171504 0.03775966
v -0.02020717 -0.01163616 0.03779019
v -0.02020717 0.00459658 -0.06194543
v -0.02020717 0.00459658 0.04404356
v -0.02020717 0.01006356 -0.05963677
v -0.02020717 0.02082932 -0.05535047
v -0.02020717 0.02082932 0.05028898
v -0.02020717 0.03706205 -0.05213290
v -0.02289497 0.03706205 0.05399239
v -0.02020717 0.03375863 0.05399239
v -0.02020717 0.03706205 0.05492170
v -0.03274310 0.05329479 -0.04340403
v -0.02020717 0.05329479 -0.04635589
v -0.03156471 0.05329479 0.05399239
v -0.02020717 0.05329479 0.05788356
v -0.02020717 0.06088942 -0.04340403
v -0.02020717 0.06952753 -0.04000091
v -0.02020717 0.06952753 0.06040944
v -0.02020717 0.08576027 -0.03335333
v -0.02020717 0.08576027 0.06202252
v -0.02020717 0.09997373 -0.02717129
v -0.02020717 0.10199300 -0.02609786
v -0.02020717 0.10199300 0.06248052
v -0.02020717 0.11822574 -0.01860537
v -0.02020717 0.11822574 0.06084988
v -0.02020717 0.13445848 -0.01470343
v -0.02020717 0.13445848 0.05654317
v -0.02020717 0.15048573 -0.01093856
v -0.02020717 0.15069122 -0.01083506
v -0.03519060 0.15069122 0.05399239
v -0.02020717 0.14024785 0.05399239
v -0.02020717 0.15069122 0.05081925
v -0.02558524 0.16692395 0.00529418
v -0.02020717 0.16338988 0.00529418
v -0.02020717 0.16692395 0.00960225
v -0.03065115 0.16692395 0.05399239
v -0.02020717 0.16692395 0.04815347
v -0.02020717 0.18126857 0.00529418
v -0.02020717 0.18315669 0.00503858
v -0.02927120 0.18315669 0.05399239
v -0.02020717 0.18315669 0.04629877
v -0.02029672 0.19938943 0.00529418
v -0.02020717 0.19571320 0.00529418
v -0.02020717 0.19938943 0.00544355
v -0.02952007 0.19938943 0.05399239
v -0.02020717 0.19938943 0.04295553
v -0.02307759 0.21562217 0.00529418
v -0.02020717 0.21562217 0.01303518
v -0.03091502 0.21562217 0.05399239
v -0.02020717 0.21562217 0.03839793
v -0.02034054 0.23185490 0.02152692
v -0.02020717 0.23074494 0.02152692
v -0.02318174 0.23185490 0.03775966
v -0.02020717 0.21756303 0.03775966
v -0.03345452 0.23185490 0.05399239
v -0.02258291 0.24808764 0.02152692
v -0.02677759 0.24808764 0.03775966
v -0.02499829 0.26432038 0.02152692
v -0.03056522 0.26432038 0.03775966
v -0.02760495 0.28055312 0.02152692
v -0.03456735 0.28055312 0.03775966
v -0.03067728 0.29678585 0.02152692
v -0.03402612 0.31301859 0.02152692
v -0.01707850 -0.36875638 -0.10833498
v -0.01137245 -0.36875638 -0.09210224
v -0.01120962 -0.36875638 -0.07586950
v -0.01359481 -0.36875638 -0.05963677
v -0.00397444 -0.36106185 -0.12456772
v -0.00397444 -0.35252365 -0.13341597
v -0.00397444 -0.36091563 -0.10833498
v -0.00397444 -0.36509422 -0.09210224
v -0.00397444 -0.36531083 -0.07586950
v -0.00397444 -0.36423413 -0.05963677
v -0.00397444 -0.35875246 -0.04340403
v -0.01923021 -0.35252365 -0.02717129
v -0.00397444 -0.35252365 -0.03593920
v -0.00397444 -0.33629091 -0.13326241
v -0.00397444 -0.34386190 -0.02717129
v -0.00397444 -0.33629091 -0.02167998
v -0.00397444 -0.32005817 -0.13439807
v -0.00636461 -0.32005817 -0.01093856
v -0.00397444 -0.32140227 -0.01093856
v -0.00397444 -0.32005817 -0.01011984
v -0.01517088 -0.30382543 -0.12456772
v -0.00397444 -0.30382543 -0.13136807
v -0.00932914 -0.30382543 -0.01093856
v -0.00397444 -0.30382543 -0.00719706
v -0.00693296 -0.28759270 -0.12456772
v -0.00397444 -0.28759270 -0.12839665
v -0.00446071 -0.28759270 -0.01093856
v -0.00397444 -0.28759270 -0.01056803
v -0.00946884 -0.27135996 -0.12456772
v -0.00397444 -0.27135996 -0.13220419
v -0.01910128 -0.27135996 -0.02717129
v -0.00397444 -0.28621964 -0.01093856
v -0.00397444 -0.27135996 -0.01504924
v -0.01708120 -0.25512722 -0.12456772
v -0.00397444 -0.25512722 -0.13432195
v -0.01904176 -0.25512722 -0.10833498
v -0.00397444 -0.25512722 -0.01817163
v -0.00397444 -0.23889448 -0.14012183
v -0.00397444 -0.23889448 -0.01519003
v -0.00534085 -0.22266175 -0.14080045
v -0.00397444 -0.23328670 -0.14080045
v -0.00397444 -0.22266175 -0.14144946
v -0.00397444 -0.22266175 -0.01316918
v -0.00397444 -0.21649986 -0.14080045
v -0.00397444 -0.20642901 -0.13953115
v -0.00397444 -0.20642901 -0.01179119
v -0.00397444 -0.19019627 -0.13623240
v -0.00397444 -0.20470070 -0.01093856
v -0.00397444 -0.19019627 -0.00370210
v -0.00397444 -0.17396353 -0.13225735
v -0.00457037 -0.17396353 0.00529418
v -0.00397444 -0.17466176 0.00529418
v -0.00397444 -0.17396353 0.00578237
v -0.01676640 -0.15773080 -0.12456772
v -0.00397444 -0.15773080 -0.12776412
v -0.00397444 -0.15773080 0.01360295
v -0.00397444 -0.14744735 -0.12456772
v -0.00397444 -0.14149806 -0.12253964
v -0.00397444 -0.14149806 0.01736858
v -0.00397444 -0.12526532 -0.11651835
v -0.00397444 -0.12526532 0.01972853
v -0.01301833 -0.10903258 -0.10833498
v -0.00397444 -0.10903258 -0.11027511
v -0.00397444 -0.10903258 0.02151718
v -0.00397444 -0.10439794 -0.10833498
v -0.00397444 -0.09279985 -0.10304027
v -0.00608286 -0.09279985 0.02152692
v -0.00397444 -0.10891430 0.02152692
v -0.00397444 -0.09279985 0.02277186
v -0.00397444 -0.07656711 -0.09589892
v -0.00760745 -0.07656711 0.02152692
v -0.00397444 -0.07656711 0.02368279
v -0.00397444 -0.06607761 -0.09210224
v -0.00397444 -0.06033437 -0.08996536
v -0.01002160 -0.06033437 0.02152692
v -0.00397444 -0.06033437 0.02425523
v -0.00397444 -0.04410163 -0.08354875
v -0.00397444 -0.04410163 0.02448417
v -0.01131770 -0.02786890 -0.07586950
v -0.00397444 -0.02786890 -0.07688983
v -0.00397444 -0.02786890 0.02784776
v -0.00397444 -0.02544063 -0.07586950
v -0.00397444 -0.01163616 -0.06993429
v -0.02007759 -0.01163616 0.03775966
v -0.00397444 -0.01163616 0.03396347
v -0.00397444 0.00459658 -0.06284228
v -0.00397444 -0.00178404 0.03775966
v -0.00397444 0.00459658 0.04021664
v -0.00397444 0.01186206 -0.05963677
v -0.00397444 0.02082932 -0.05514070
v -0.00397444 0.02082932 0.04766853
v -0.00397444 0.03706205 -0.04708060
v -0.00397444 0.03177376 0.05399239
v -0.00397444 0.03706205 0.05673034
v -0.00460418 0.05329479 -0.04340403
v -0.00397444 0.05270710 -0.04340403
v -0.00397444 0.05329479 -0.04328642
v -0.00397444 0.05329479 0.06071741
v -0.00397444 0.06952753 -0.03995323
v -0.00397444 0.06952753 0.06405943
v -0.00397444 0.08576027 -0.03639556
v -0.00397444 0.08576027 0.06769681
v -0.01631446 0.10199300 -0.02717129
v -0.00397444 0.10199300 -0.03005040
v -0.00397444 0.10199300 0.06797268
v -0.00397444 0.10818811 -0.02717129
v -0.00397444 0.11822574 -0.02130848
v -0.00397444 0.11822574 0.06482165
v -0.00397444 0.13445848 -0.01439617
v -0.00397444 0.13445848 0.05637365
v -0.00397444 0.13998768 -0.01093856
v -0.00423937 0.15069122 0.00529418
v -0.00397444 0.15048991 0.00529418
v -0.00397444 0.15069122 0.00623767
v -0.00471851 0.15069122 0.03775966
v -0.00397444 0.14918432 0.03775966
v -0.00397444 0.15069122 0.03347265
v -0.00397444 0.13742677 0.05399239
v -0.01294144 0.16692395 0.02152692
v -0.00397444 0.15426992 0.02152692
v -0.01022732 0.16692395 0.03775966
v -0.01996595 0.18315669 0.00529418
v -0.00419827 0.18315669 0.02152692
v -0.01382699 0.18315669 0.03775966
v -0.00397444 0.18423599 0.02152692
v -0.00397444 0.19938943 0.01922774
v -0.01656019 0.19938943 0.03775966
v -0.00397444 0.19938943 0.02310327
v -0.01567471 0.21562217 0.02152692
v -0.00397444 0.20356040 0.02152692
v -0.01980184 0.21562217 0.03775966
v 0.01225830 -0.35997024 -0.12456772
v 0.01225830 -0.35252365 -0.13473778
v 0.01225830 -0.35385743 -0.10833498
v 0.01225830 -0.35635955 -0.09210224
v 0.01225830 -0.35718639 -0.07586950
v 0.01225830 -0.35624047 -0.05963677
v 0.00839243 -0.35252365 -0.04340403
v 0.01225830 -0.35252365 -0.04875045
v 0.01225830 -0.33629091 -0.13681857
v 0.01225830 -0.35053173 -0.04340403
v 0.00838369 -0.33629091 -0.02717129
v 0.01225830 -0.33629091 -0.02921492
v 0.00924267 -0.33629091 -0.01093856
v 0.01225830 -0.33808069 -0.01093856
v 0.01225830 -0.33629091 -0.02047320
v 0.01197260 -0.33629091 0.00529418
v 0.01225830 -0.33658087 0.00529418
v 0.01225830 -0.33629091 0.00547408
v 0.01225830 -0.32005817 -0.13661887
v 0.01225830 -0.33470342 -0.02717129
v 0.01225830 -0.33439785 0.00529418
v 0.01225830 -0.32005817 0.00360429
v 0.01225830 -0.30382543 -0.13647997
v 0.01225830 -0.30382543 0.00064111
v 0.01225830 -0.28759270 -0.13665309
v 0.01225830 -0.28759270 -0.00299733
v 0.01225830 -0.27135996 -0.13673062
v 0.00154249 -0.27135996 -0.01093856
v 0.01225830 -0.27135996 -0.00328179
v 0.01225830 -0.25512722 -0.13631986
v 0.00726018 -0.25512722 -0.01093856
v 0.01225830 -0.25512722 -0.00769399
v 0.01225830 -0.23889448 -0.13683687
v 0.00602713 -0.23889448 -0.01093856
v 0.01225830 -0.23889448 -0.00840496
v 0.01225830 -0.22782143 -0.14080045
v 0.01225830 -0.22266175 -0.14224533
v 0.00167622 -0.22266175 -0.01093856
v 0.01225830 -0.22266175 -0.00694420
v 0.00720109 -0.20642901 -0.14080045
v 0.01225830 -0.20642901 -0.14120127
v -0.00167322 -0.20642901 -0.01093856
v 0.01225830 -0.20642901 -0.00595879
v 0.01225830 -0.20428579 -0.14080045
v 0.01225830 -0.19019627 -0.13793726
v 0.01225830 -0.19019627 0.00260776
v 0.01225830 -0.17396353 -0.13384790
v 0.01225830 -0.18612215 0.00529418
v 0.01225830 -0.17396353 0.01109249
v 0.01225830 -0.15773080 -0.12923239
v 0.01225830 -0.15773080 0.01688294
v 0.01225830 -0.14278562 -0.12456772
v 0.01225830 -0.14149806 -0.12413418
v 0.01017323 -0.14149806 0.02152692
v 0.01225830 -0.14310960 0.02152692
v 0.01225830 -0.14149806 0.02206032
v 0.01225830 -0.12526532 -0.11804614
v 0.00016300 -0.12526532 0.02152692
v 0.01225830 -0.12526532 0.02597459
v 0.01225830 -0.10903258 -0.11170764
v -0.00395601 -0.10903258 0.02152692
v 0.01225830 -0.10903258 0.02867452
v 0.01225830 -0.10098715 -0.10833498
v 0.01225830 -0.09279985 -0.10463056
v 0.01225830 -0.09279985 0.03028743
v 0.01225830 -0.07656711 -0.09792613
v 0.01225830 -0.07656711 0.03100117
v 0.01225830 -0.06270777 -0.09210224
v 0.01225830 -0.06033437 -0.09109302
v 0.01225830 -0.06033437 0.03198343
v 0.01225830 -0.04410163 -0.08400070
v 0.01225830 -0.04410163 0.03252977
v 0.01225830 -0.02786890 -0.07707999
v 0.01225830 -0.02786890 0.03264292
v 0.01225830 -0.02493447 -0.07586950
v 0.01225830 -0.01163616 -0.06996559
v 0.00751970 -0.01163616 0.03775966
v 0.01225830 -0.01645104 0.03775966
v 0.01225830 -0.01163616 0.04004022
v 0.01225830 0.00459658 -0.06270467
v 0.01225830 0.00459658 0.05242588
v 0.01225830 0.01138270 -0.05963677
v 0.01225830 0.02082932 -0.05479244
v 0.00411339 0.02082932 0.05399239
v 0.01225830 0.00721378 0.05399239
v 0.01225830 0.02082932 0.05889120
v 0.01225830 0.03706205 -0.04654241
v 0.01225830 0.03706205 0.06130358
v 0.01225830 0.04325746 -0.04340403
v 0.01225830 0.05329479 -0.03861406
v 0.01225830 0.05329479 0.06348767
v 0.01225830 0.06952753 -0.03409568
v 0.01225830 0.06952753 0.06526820
v 0.01225830 0.08576027 -0.03032503
v 0.01225830 0.08576027 0.06634490
v 0.00811889 0.10199300 -0.02717129
v 0.01225830 0.09823152 -0.02717129
v 0.01225830 0.10199300 -0.02596229
v 0.01225830 0.10199300 0.06721316
v 0.01225830 0.11822574 -0.02019026
v 0.01225830 0.11822574 0.06786492
v 0.01225830 0.13445848 -0.01368980
v 0.01225830 0.13445848 0.06185560
v 0.01225830 0.13887117 -0.01093856
v 0.01225830 0.14994439 0.00529418
v 0.00839748 0.15069122 0.02152692
v 0.01225830 0.14946299 0.02152692
v 0.01225830 0.14538414 0.03775966
v 0.01225830 0.14020294 0.05399239
v 0.00040387 0.19938943 0.02152692
v 0.02849104 -0.35504678 -0.12456772
v 0.02849104 -0.35252365 -0.12979585
v 0.01700408 -0.35252365 -0.10833498
v 0.02849104 -0.35252365 -0.11715930
v 0.01881349 -0.35252365 -0.09210224
v 0.02124154 -0.35252365 -0.07586950
v 0.01953621 -0.35252365 -0.05963677
v 0.02849104 -0.33629091 -0.13623791
v 0.02849104 -0.34953042 -0.10833498
v 0.02849104 -0.34659008 -0.09210224
v 0.02849104 -0.34874092 -0.07586950
v 0.02849104 -0.34793429 -0.05963677
v 0.02849104 -0.34179390 -0.04340403
v 0.02849104 -0.33629091 -0.02726794
v 0.02849104 -0.33797625 -0.01093856
v 0.02849104 -0.33629091 -0.02700233
v 0.01488261 -0.33629091 0.00529418
v 0.02849104 -0.33629091 -0.00029650
v 0.02849104 -0.32005817 -0.13626799
v 0.02849104 -0.33627237 -0.02717129
v 0.02849104 -0.32005817 0.00510323
v 0.02849104 -0.30382543 -0.13602096
v 0.02849104 -0.30382543 0.00484241
v 0.02849104 -0.28759270 -0.13602440
v 0.02849104 -0.28759270 0.00395048
v 0.02849104 -0.27135996 -0.13599515
v 0.02849104 -0.27135996 0.00236092
v 0.02849104 -0.25512722 -0.13554115
v 0.02849104 -0.25512722 -0.00035219
v 0.02849104 -0.23889448 -0.13487315
v 0.02849104 -0.23889448 -0.00086645
v 0.01514307 -0.22266175 -0.14080045
v 0.02849104 -0.22266175 -0.13365100
v 0.02849104 -0.22266175 -0.00201813
v 0.01343493 -0.20642901 -0.14080045
v 0.02849104 -0.20642901 -0.13354218
v 0.02849104 -0.20642901 -0.00134318
v 0.02849104 -0.19019627 -0.13528713
v 0.02746215 -0.19019627 0.00529418
v 0.02849104 -0.19052284 0.00529418
v 0.02849104 -0.19019627 0.00542328
v 0.02849104 -0.17396353 -0.13266139
v 0.02849104 -0.17396353 0.01455682
v 0.02849104 -0.15773080 -0.12843459
v 0.02087103 -0.15773080 0.02152692
v 0.02849104 -0.16522537 0.02152692
v 0.02849104 -0.15773080 0.02632611
v 0.02849104 -0.14494518 -0.12456772
v 0.02849104 -0.14149806 -0.12345504
v 0.02849104 -0.14149806 0.03296752
v 0.02849104 -0.12526532 -0.11754840
v 0.02849104 -0.12526532 0.03729598
v 0.02849104 -0.10903258 -0.11168390
v 0.02502715 -0.10903258 0.03775966
v 0.02849104 -0.12274067 0.03775966
v 0.02849104 -0.10903258 0.04009882
v 0.02849104 -0.10047339 -0.10833498
v 0.02849104 -0.09279985 -0.10524758
v 0.02241795 -0.09279985 0.03775966
v 0.02849104 -0.09279985 0.04191080
v 0.02849104 -0.07656711 -0.09830343
v 0.02113272 -0.07656711 0.03775966
v 0.02849104 -0.07656711 0.04279025
v 0.02849104 -0.06396385 -0.09210224
v 0.02849104 -0.06033437 -0.09033253
v 0.02256106 -0.06033437 0.03775966
v 0.02849104 -0.06033437 0.04110925
v 0.02849104 -0.04410163 -0.08239595
v 0.02849104 -0.04625141 0.03775966
v 0.02849104 -0.04410163 0.03725641
v 0.02413267 -0.02786890 -0.07586950
v 0.02849104 -0.02895519 -0.07586950
v 0.02849104 -0.02786890 -0.07538154
v 0.01855613 -0.02786890 0.03775966
v 0.02849104 -0.04307028 0.03775966
v 0.02849104 -0.02786890 0.04631753
v 0.02849104 -0.01163616 -0.06796517
v 0.02482726 -0.01163616 0.05399239
v 0.02849104 -0.01727007 0.05399239
v 0.02849104 -0.01163616 0.05643478
v 0.02849104 0.00459658 -0.06055283
v 0.01481642 0.00459658 0.05399239
v 0.02849104 0.00459658 0.05901912
v 0.02849104 0.00658023 -0.05963677
v 0.02849104 0.02082932 -0.05219621
v 0.02849104 0.02082932 0.06157648
v 0.02849104 0.03706205 -0.04387396
v 0.02849104 0.03706205 0.06403287
v 0.02849104 0.03797652 -0.04340403
v 0.02849104 0.05329479 -0.03375414
v 0.02849104 0.05329479 0.06626357
v 0.02849104 0.06952753 -0.02818122
v 0.02849104 0.06952753 0.06807642
v 0.02052861 0.08576027 -0.02717129
v 0.02849104 0.07345364 -0.02717129
v 0.02849104 0.08576027 -0.02341339
v 0.02849104 0.08576027 0.06912818
v 0.02849104 0.10199300 -0.01771215
v 0.02849104 0.10199300 0.06833524
v 0.02849104 0.11822574 -0.01124515
v 0.02849104 0.11822574 0.06600489
v 0.01700115 0.13445848 -0.01093856
v 0.02849104 0.11895200 -0.01093856
v 0.02849104 0.13445848 0.00463670
v 0.02832572 0.13445848 0.02152692
v 0.02849104 0.13428814 0.02152692
v 0.02849104 0.13445848 0.01732467
v 0.02849104 0.13445848 0.02158310
v 0.02849104 0.13445848 0.06476810
v 0.02849104 0.13512557 0.00529418
v 0.01428669 0.15069122 0.03775966
v 0.02849104 0.15069122 0.02458042
v 0.01528472 0.15069122 0.05399239
v 0.02849104 0.15069122 0.06823873
v 0.01905106 0.16692395 0.03775966
v 0.02849104 0.16692395 0.02751635
v 0.01568282 0.16692395 0.05399239
v 0.02633110 0.16692395 0.07022513
v 0.02849104 0.15967801 0.07022513
v 0.02849104 0.16692395 0.07196633
v 0.02246927 0.18315669 0.03775966
v 0.02849104 0.18315669 0.03036664
v 0.01453058 0.18315669 0.05399239
v 0.02446506 0.18315669 0.07022513
v 0.02849104 0.18315669 0.07479290
v 0.02510131 0.19938943 0.03775966
v 0.02849104 0.19938943 0.03315169
v 0.01558312 0.19938943 0.05399239
v 0.02206287 0.19938943 0.07022513
v 0.02849104 0.19938943 0.07802532
v 0.02710444 0.21562217 0.03775966
v 0.02849104 0.21562217 0.03585814
v 0.01694663 0.21562217 0.05399239
v 0.01960785 0.21562217 0.07022513
v 0.02849104 0.21562217 0.08133305
v 0.02849104 0.22568219 0.03775966
v 0.01858799 0.23185490 0.05399239
v 0.02849104 0.23185490 0.03906729
v 0.01739117 0.23185490 0.07022513
v 0.02849104 0.23185490 0.08427352
v 0.02047403 0.24808764 0.05399239
v 0.02849104 0.24808764 0.04420621
v 0.01577969 0.24808764 0.07022513
v 0.02849104 0.24808764 0.08441863
v 0.02121963 0.26432038 0.05399239
v 0.02849104 0.26432038 0.04736455
v 0.01451058 0.26432038 0.07022513
v 0.02849104 0.26432038 0.08173123
v 0.02226092 0.28055312 0.05399239
v 0.02849104 0.28055312 0.04811381
v 0.01676022 0.28055312 0.07022513
v 0.02849104 0.28055312 0.07957747
v 0.02382261 0.29678585 0.05399239
v 0.02849104 0.29678585 0.04888090
v 0.02024268 0.29678585 0.07022513
v 0.02849104 0.29678585 0.07747377
v 0.02568951 0.31301859 0.05399239
v 0.02849104 0.31301859 0.05039092
v 0.02380272 0.31301859 0.07022513
v 0.02849104 0.31301859 0.07508446
v 0.02756628 0.32925133 0.05399239
v 0.02849104 0.32925133 0.05273633
v 0.02699459 0.32925133 0.07022513
v 0.02849104 0.32925133 0.07206361
v 0.02849104 0.33561306 0.05399239
v 0.02849104 0.33668446 0.07022513
v 0.03427884 -0.35252365 -0.12456772
v 0.04472378 -0.34745036 -0.12456772
v 0.04472378 -0.33629091 -0.13359559
v 0.04472378 -0.34267550 -0.10833498
v 0.04472378 -0.33722715 -0.09210224
v 0.04472378 -0.33990670 -0.07586950
v 0.04472378 -0.33935822 -0.05963677
v 0.03837457 -0.33629091 -0.04340403
v 0.04472378 -0.33629091 -0.05175969
v 0.03388515 -0.33629091 -0.01093856
v 0.04472378 -0.32005817 -0.13369941
v 0.04472378 -0.33357249 -0.04340403
v 0.04472378 -0.33145453 -0.02717129
v 0.04472378 -0.33260336 -0.01093856
v 0.04472378 -0.32005817 0.00167909
v 0.04472378 -0.30382543 -0.13339342
v 0.04472378 -0.30382543 0.00206189
v 0.04472378 -0.28759270 -0.13280368
v 0.04472378 -0.28759270 0.00157973
v 0.04472378 -0.27135996 -0.13252850
v 0.04472378 -0.27135996 0.00058491
v 0.04472378 -0.25512722 -0.13182243
v 0.04472378 -0.25512722 0.00029390
v 0.04472378 -0.23889448 -0.13171396
v 0.04472378 -0.23889448 0.00054816
v 0.04472378 -0.22266175 -0.13112740
v 0.04472378 -0.22266175 0.00430789
v 0.04472378 -0.20642901 -0.13006523
v 0.04472378 -0.20642901 0.00171834
v 0.04472378 -0.19019627 -0.12850209
v 0.03408984 -0.19019627 0.00529418
v 0.04472378 -0.19019627 0.00503541
v 0.04472378 -0.17396353 -0.12638153
v 0.04472378 -0.18947015 0.00529418
v 0.04472378 -0.17396353 0.01413086
v 0.04228659 -0.15773080 -0.12456772
v 0.04472378 -0.16300346 -0.12456772
v 0.04472378 -0.15773080 -0.12366735
v 0.04472378 -0.16876826 0.02152692
v 0.04472378 -0.15773080 0.03546942
v 0.04472378 -0.14149806 -0.12051428
v 0.03577266 -0.14149806 0.03775966
v 0.04472378 -0.15409864 0.03775966
v 0.04472378 -0.14149806 0.04344925
v 0.04472378 -0.12526532 -0.11614592
v 0.02917259 -0.12526532 0.03775966
v 0.04472378 -0.12526532 0.04785400
v 0.04472378 -0.10903258 -0.11059066
v 0.04472378 -0.10903258 0.05071505
v 0.04472378 -0.10219181 -0.10833498
v 0.04472378 -0.09279985 -0.10506257
v 0.04472378 -0.09279985 0.05256193
v 0.04472378 -0.07656711 -0.09650378
v 0.04472378 -0.07656711 0.05346541
v 0.04472378 -0.06976271 -0.09210224
v 0.04472378 -0.06033437 -0.08567909
v 0.04472378 -0.06033437 0.05342786
v 0.04472378 -0.04410163 -0.07708757
v 0.02912539 -0.04410163 0.03775966
v 0.04472378 -0.04410163 0.05231358
v 0.04472378 -0.04139896 -0.07586950
v 0.04472378 -0.02786890 -0.06998162
v 0.03913579 -0.02786890 0.05399239
v 0.04472378 -0.03939157 0.05399239
v 0.04472378 -0.02786890 0.05641092
v 0.04472378 -0.01163616 -0.06281089
v 0.04472378 -0.01163616 0.05906850
v 0.03149245 0.00459658 -0.05963677
v 0.04472378 -0.00456211 -0.05963677
v 0.04472378 0.00459658 -0.05495706
v 0.04472378 0.00459658 0.06167120
v 0.04472378 0.02082932 -0.04671589
v 0.04472378 0.02082932 0.06424782
v 0.02993767 0.03706205 -0.04340403
v 0.04472378 0.02736656 -0.04340403
v 0.04472378 0.03706205 -0.03722826
v 0.04472378 0.03706205 0.06675195
v 0.04472378 0.05329479 -0.02747777
v 0.04472378 0.05329479 0.06905263
v 0.03105004 0.06952753 -0.02717129
v 0.04472378 0.05396797 -0.02717129
v 0.04472378 0.06952753 -0.02095343
v 0.04053921 0.06952753 0.07022513
v 0.04472378 0.06343746 0.07022513
v 0.04472378 0.06952753 0.07093103
v 0.04472378 0.08576027 -0.01532523
v 0.03467404 0.08576027 0.07022513
v 0.04472378 0.08576027 0.07176736
v 0.04104720 0.10199300 -0.01093856
v 0.04472378 0.09702464 -0.01093856
v 0.04472378 0.10199300 -0.00540653
v 0.04277250 0.10199300 0.07022513
v 0.04472378 0.10199300 0.07042000
v 0.02902915 0.11822574 -0.01093856
v 0.04034970 0.11822574 0.00529418
v 0.04472378 0.11192475 0.00529418
v 0.04472378 0.11822574 0.01026317
v 0.04472378 0.10268664 0.07022513
v 0.04472378 0.11822574 0.06692311
v 0.02896269 0.13445848 0.00529418
v 0.02863045 0.13445848 0.02152692
v 0.04472378 0.13445848 0.01265040
v 0.03777210 0.13445848 0.07022513
v 0.04472378 0.12465864 0.07022513
v 0.04472378 0.13445848 0.07437758
v 0.03316289 0.15069122 0.02152692
v 0.04472378 0.15069122 0.01406300
v 0.03127061 0.15069122 0.07022513
v 0.04472378 0.15069122 0.07891698
v 0.03779325 0.16692395 0.02152692
v 0.04472378 0.16692395 0.01717682
v 0.04472378 0.16692395 0.08253011
v 0.04323784 0.18315669 0.02152692
v 0.04472378 0.18315669 0.02063659
v 0.04472378 0.18315669 0.08556012
v 0.04472378 0.18727971 0.02152692
v 0.04472378 0.19938943 0.02394494
v 0.04166473 0.19938943 0.08645787
v 0.04472378 0.18921799 0.08645787
v 0.04472378 0.19938943 0.08828701
v 0.04472378 0.21562217 0.02737013
v 0.03878007 0.21562217 0.08645787
v 0.04472378 0.21562217 0.08906411
v 0.03238733 0.23185490 0.03775966
v 0.04472378 0.23185490 0.03417951
v 0.03367948 0.23185490 0.08645787
v 0.04472378 0.23185490 0.08978590
v 0.03886354 0.24808764 0.03775966
v 0.04472378 0.24808764 0.03532511
v 0.03264520 0.24808764 0.08645787
v 0.04472378 0.24808764 0.08997789
v 0.04177703 0.26432038 0.03775966
v 0.04472378 0.26432038 0.03615531
v 0.03591486 0.26432038 0.08645787
v 0.04472378 0.26432038 0.08949453
v 0.04345097 0.28055312 0.03775966
v 0.04472378 0.28055312 0.03712532
v 0.03999334 0.28055312 0.08645787
v 0.04472378 0.28055312 0.08825101
v 0.04472378 0.28762356 0.03775966
v 0.04472378 0.29678585 0.03891159
v 0.04472378 0.29559342 0.08645787
v 0.04472378 0.29678585 0.08630584
v 0.04472378 0.31301859 0.04179930
v 0.04472378 0.31301859 0.08344892
v 0.04472378 0.32925133 0.04542907
v 0.04472378 0.32925133 0.07982012
v 0.03359214 0.34548407 0.05399239
v 0.04472378 0.34548407 0.04973478
v 0.03276010 0.34548407 0.07022513
v 0.04472378 0.34548407 0.07542922
v 0.04472378 0.35947553 0.05399239
v 0.04458046 0.36171680 0.07022513
v 0.04472378 0.36171680 0.06908562
v 0.04472378 0.36171680 0.07028036
v 0.04472378 0.36186951 0.07022513
v 0.06095651 -0.33888940 -0.12456772
v 0.06095651 -0.33629091 -0.12708812
v 0.05643198 -0.33629091 -0.10833498
v 0.06095651 -0.33629091 -0.11675370
v 0.04617200 -0.33629091 -0.09210224
v 0.05111295 -0.33629091 -0.07586950
v 0.05036105 -0.33629091 -0.05963677
v 0.06095651 -0.32005817 -0.12957451
v 0.06095651 -0.33372176 -0.10833498
v 0.06095651 -0.32813078 -0.09210224
v 0.06095651 -0.33044049 -0.07586950
v 0.06095651 -0.33047640 -0.05963677
v 0.06095651 -0.32575310 -0.04340403
v 0.06095651 -0.32536312 -0.02717129
v 0.06095651 -0.32603429 -0.01093856
v 0.06095651 -0.32005817 -0.00402241
v 0.06095651 -0.30382543 -0.12911508
v 0.06095651 -0.30382543 -0.00194020
v 0.06095651 -0.28759270 -0.12824226
v 0.06095651 -0.28759270 -0.00212899
v 0.06095651 -0.27135996 -0.12702741
v 0.06095651 -0.27135996 -0.00146993
v 0.06095651 -0.25512722 -0.12515896
v 0.06095651 -0.25512722 -0.00087495
v 0.06095651 -0.23889448 -0.12531501
v 0.06095651 -0.23889448 0.00078550
v 0.06095651 -0.22266175 -0.12680453
v 0.06095651 -0.22266175 0.00182568
v 0.06095651 -0.20642901 -0.12472195
v 0.06095651 -0.20642901 0.00330315
v 0.05870709 -0.19019627 -0.12456772
v 0.06095651 -0.20350740 -0.12456772
v 0.06095651 -0.19019627 -0.12395966
v 0.05065922 -0.19019627 0.00529418
v 0.06095651 -0.19318090 0.00529418
v 0.06095651 -0.19019627 0.00578754
v 0.05296949 -0.17396353 -0.12456772
v 0.06095651 -0.17396353 -0.12247170
v 0.06095651 -0.17396353 0.00950792
v 0.06095651 -0.15773080 -0.12063145
v 0.06095651 -0.16453280 0.02152692
v 0.05662741 -0.15773080 0.03775966
v 0.06095651 -0.15831406 0.03775966
v 0.06095651 -0.15773080 0.03881278
v 0.06095651 -0.14149806 -0.11816795
v 0.06095651 -0.14149806 0.05348164
v 0.06095651 -0.12526532 -0.11481388
v 0.05447371 -0.12526532 0.05399239
v 0.06095651 -0.13995298 0.05399239
v 0.06095651 -0.12526532 0.05787960
v 0.06095651 -0.10903258 -0.11000078
v 0.04999777 -0.10903258 0.05399239
v 0.06095651 -0.10903258 0.06042452
v 0.06095651 -0.10491925 -0.10833498
v 0.06095651 -0.09279985 -0.10164071
v 0.04708934 -0.09279985 0.05399239
v 0.06095651 -0.09279985 0.06188330
v 0.05521722 -0.07656711 -0.09210224
v 0.06095651 -0.08019856 -0.09210224
v 0.06095651 -0.07656711 -0.09016403
v 0.04560154 -0.07656711 0.05399239
v 0.06095651 -0.07656711 0.06266656
v 0.06095651 -0.06033437 -0.07799549
v 0.04557152 -0.06033437 0.05399239
v 0.06095651 -0.06033437 0.06285721
v 0.04687421 -0.04410163 -0.07586950
v 0.06095651 -0.05740126 -0.07586950
v 0.06095651 -0.04410163 -0.06805589
v 0.04683885 -0.04410163 0.05399239
v 0.06095651 -0.04410163 0.06225297
v 0.06095651 -0.02786890 -0.06153793
v 0.06095651 -0.02786890 0.06054773
v 0.05119474 -0.01163616 -0.05963677
v 0.06095651 -0.02330257 -0.05963677
v 0.06095651 -0.01163616 -0.05405844
v 0.06095651 -0.01163616 0.06165796
v 0.06095651 0.00459658 -0.04628411
v 0.06095651 0.00459658 0.06431261
v 0.05130051 0.02082932 -0.04340403
v 0.06095651 0.01055505 -0.04340403
v 0.06095651 0.02082932 -0.03696885
v 0.06095651 0.02082932 0.06690546
v 0.06095651 0.03706205 -0.02747632
v 0.06095651 0.03706205 0.06945558
v 0.04527402 0.05329479 -0.02717129
v 0.06095651 0.03758887 -0.02717129
v 0.06095651 0.05329479 -0.01918523
v 0.05149679 0.05329479 0.07022513
v 0.06095651 0.04235339 0.07022513
v 0.06095651 0.05329479 0.07182484
v 0.06095651 0.06952753 -0.01304374
v 0.06095651 0.06952753 0.07363517
v 0.05306158 0.08576027 -0.01093856
v 0.06095651 0.07508913 -0.01093856
v 0.06095651 0.08576027 0.00222893
v 0.06095651 0.08576027 0.07397947
v 0.05161762 0.10199300 0.00529418
v 0.06095651 0.08836027 0.00529418
v 0.06095651 0.10199300 0.01889608
v 0.06095651 0.10199300 0.07070183
v 0.06095651 0.11822574 0.01542628
v 0.06095651 0.10297973 0.07022513
v 0.06095651 0.11822574 0.06563978
v 0.06095651 0.13445848 0.01527487
v 0.06095651 0.12757905 0.07022513
v 0.06095651 0.13445848 0.07328400
v 0.06095651 0.15069122 0.01725181
v 0.06095651 0.15069122 0.07702313
v 0.06095651 0.16692395 0.02053251
v 0.06095651 0.16692395 0.08114467
v 0.04873790 0.18315669 0.02152692
v 0.06095651 0.17159048 0.02152692
v 0.06095651 0.18315669 0.02398749
v 0.06095651 0.18315669 0.08401629
v 0.06095651 0.19938943 0.02735396
v 0.05857536 0.19938943 0.08645787
v 0.06095651 0.19938943 0.08621839
v 0.06095651 0.21562217 0.03065284
v 0.06095651 0.20243548 0.08645787
v 0.06095651 0.21562217 0.08780565
v 0.06095651 0.23185490 0.03472158
v 0.06086771 0.23185490 0.08645787
v 0.06095651 0.23159216 0.08645787
v 0.06095651 0.23185490 0.08644292
v 0.05640965 0.24808764 0.03775966
v 0.06095651 0.24300625 0.03775966
v 0.06095651 0.24808764 0.03862868
v 0.05933989 0.24808764 0.08645787
v 0.06095651 0.24808764 0.08609780
v 0.05440747 0.26432038 0.03775966
v 0.06095651 0.26432038 0.03909842
v 0.05859739 0.26432038 0.08645787
v 0.06095651 0.26432038 0.08593079
v 0.04905453 0.28055312 0.03775966
v 0.06095651 0.28055312 0.04020335
v 0.05465053 0.28055312 0.08645787
v 0.06095651 0.28055312 0.08524202
v 0.06095651 0.29678585 0.04212986
v 0.06095651 0.29678585 0.08375211
v 0.06095651 0.31301859 0.04483654
v 0.06095651 0.31301859 0.08134662
v 0.06095651 0.32925133 0.04824719
v 0.06095651 0.32925133 0.07800912
v 0.06095651 0.34548407 0.05230235
v 0.06095651 0.34548407 0.07375853
v 0.06095651 0.35134497 0.05399239
v 0.04528144 0.36171680 0.07022513
v 0.06095651 0.35667838 0.07022513
v 0.06465163 -0.33629091 -0.12456772
v 0.07609330 -0.32005817 -0.12456772
v 0.07718925 -0.32631620 -0.10833498
v 0.07718925 -0.32005817 -0.12231443
v 0.07718925 -0.32074766 -0.09210224
v 0.07718925 -0.32597725 -0.07586950
v 0.07718925 -0.32129642 -0.05963677
v 0.07002018 -0.32005817 -0.04340403
v 0.07718925 -0.32005817 -0.05647144
v 0.07340677 -0.32005817 -0.02717129
v 0.07426242 -0.32005817 -0.01093856
v 0.07433640 -0.30382543 -0.12456772
v 0.07718925 -0.30382543 -0.12353531
v 0.07718925 -0.31691627 -0.04340403
v 0.07718925 -0.31829865 -0.02717129
v 0.07718925 -0.31630576 -0.01093856
v 0.07718925 -0.30382543 -0.00684757
v 0.07118579 -0.28759270 -0.12456772
v 0.07718925 -0.28759270 -0.12232096
v 0.07718925 -0.28759270 -0.00674702
v 0.06708245 -0.27135996 -0.12456772
v 0.07718925 -0.27135996 -0.12078309
v 0.07718925 -0.27135996 -0.00732728
v 0.06213067 -0.25512722 -0.12456772
v 0.07718925 -0.25512722 -0.12018016
v 0.07718925 -0.25512722 -0.00794701
v 0.06271471 -0.23889448 -0.12456772
v 0.07718925 -0.23889448 -0.12105260
v 0.07718925 -0.23889448 -0.00855586
v 0.06802489 -0.22266175 -0.12456772
v 0.07718925 -0.22266175 -0.12249704
v 0.07718925 -0.22266175 -0.00517750
v 0.07718925 -0.20654003 -0.12456772
v 0.07718925 -0.20642901 -0.12458410
v 0.07718925 -0.20642901 -0.00258630
v 0.06765280 -0.19019627 -0.12456772
v 0.07718925 -0.19019627 -0.12535049
v 0.06243320 -0.19019627 0.00529418
v 0.07718925 -0.19019627 0.00087656
v 0.07718925 -0.18866465 -0.12456772
v 0.07718925 -0.17396353 -0.11499851
v 0.07718925 -0.17554168 0.00529418
v 0.07718925 -0.17396353 0.00576182
v 0.07718925 -0.15773080 -0.11209364
v 0.07658332 -0.15773080 0.02152692
v 0.07718925 -0.15773080 0.02069820
v 0.06251576 -0.15773080 0.03775966
v 0.07718925 -0.14149806 -0.11006342
v 0.07718925 -0.15747017 0.02152692
v 0.07718925 -0.15246098 0.03775966
v 0.06227557 -0.14149806 0.05399239
v 0.07718925 -0.14645766 0.05399239
v 0.07718925 -0.14149806 0.06046890
v 0.07486938 -0.12526532 -0.10833498
v 0.07718925 -0.13226427 -0.10833498
v 0.07718925 -0.12526532 -0.10641683
v 0.07718925 -0.12526532 0.06657254
v 0.06466118 -0.10903258 -0.10833498
v 0.07718925 -0.10903258 -0.09732802
v 0.07718925 -0.10903258 0.06866572
v 0.07196514 -0.09279985 -0.09210224
v 0.07718925 -0.10178860 -0.09210224
v 0.07718925 -0.09279985 -0.08803828
v 0.07718925 -0.09279985 0.07007792
v 0.07718925 -0.07656711 -0.07905424
v 0.07568617 -0.07656711 0.07022513
v 0.07718925 -0.09018944 0.07022513
v 0.07718925 -0.07656711 0.07097291
v 0.06412113 -0.06033437 -0.07586950
v 0.07718925 -0.07214374 -0.07586950
v 0.07718925 -0.06033437 -0.06766826
v 0.07487502 -0.06033437 0.07022513
v 0.07718925 -0.06033437 0.07140193
v 0.07352198 -0.04410163 -0.05963677
v 0.07718925 -0.04833323 -0.05963677
v 0.07718925 -0.04410163 -0.05670788
v 0.07513464 -0.04410163 0.07022513
v 0.07718925 -0.04410163 0.07130356
v 0.06392170 -0.02786890 -0.05963677
v 0.07718925 -0.02786890 -0.04965859
v 0.07681300 -0.02786890 0.07022513
v 0.07718925 -0.02786890 0.07043327
v 0.07602002 -0.01163616 -0.04340403
v 0.07718925 -0.01356751 -0.04340403
v 0.07718925 -0.01163616 -0.04194894
v 0.07718925 -0.02741683 0.07022513
v 0.07718925 -0.01163616 0.06415763
v 0.06526132 0.00459658 -0.04340403
v 0.07718925 0.00459658 -0.03239734
v 0.07718925 0.00459658 0.06690807
v 0.07288952 0.02082932 -0.02717129
v 0.07718925 0.01403965 -0.02717129
v 0.07718925 0.02082932 -0.02401553
v 0.07718925 0.02082932 0.06955483
v 0.06136169 0.03706205 -0.02717129
v 0.07718925 0.03706205 -0.01688880
v 0.06561083 0.03706205 0.07022513
v 0.07718925 0.02504655 0.07022513
v 0.07718925 0.03706205 0.07213408
v 0.07707793 0.05329479 -0.01093856
v 0.07718925 0.05314355 -0.01093856
v 0.07718925 0.05329479 -0.01070051
v 0.07718925 0.05329479 0.07456459
v 0.06507261 0.06952753 -0.01093856
v 0.07368006 0.06952753 0.00529418
v 0.07718925 0.06421664 0.00529418
v 0.07718925 0.06952753 0.01172991
v 0.07718925 0.06952753 0.07627270
v 0.06273822 0.08576027 0.00529418
v 0.06824007 0.08576027 0.02152692
v 0.07718925 0.07363094 0.02152692
v 0.07718925 0.08576027 0.03214379
v 0.07718925 0.08576027 0.07551198
v 0.06246188 0.10199300 0.02152692
v 0.07718925 0.10199300 0.02907736
v 0.06453902 0.10199300 0.07022513
v 0.07718925 0.09847905 0.07022513
v 0.07718925 0.10199300 0.06001038
v 0.06607266 0.11822574 0.02152692
v 0.07718925 0.11822574 0.03044114
v 0.07290612 0.11822574 0.05399239
v 0.07718925 0.10408427 0.05399239
v 0.07718925 0.11822574 0.04830595
v 0.06651125 0.13445848 0.02152692
v 0.07718925 0.13445848 0.03344252
v 0.07624349 0.13445848 0.05399239
v 0.07718925 0.13445848 0.05057404
v 0.06436280 0.13445848 0.07022513
v 0.06476692 0.15069122 0.02152692
v 0.07718925 0.15069122 0.03646994
v 0.07718925 0.14245603 0.05399239
v 0.06666275 0.15069122 0.07022513
v 0.07718925 0.15069122 0.05526831
v 0.06183010 0.16692395 0.02152692
v 0.07573078 0.16692395 0.03775966
v 0.07718925 0.15755310 0.03775966
v 0.07718925 0.16692395 0.04355684
v 0.07040901 0.16692395 0.07022513
v 0.07718925 0.16692395 0.05794860
v 0.07308021 0.18315669 0.03775966
v 0.07718925 0.18315669 0.04590668
v 0.07315995 0.18315669 0.07022513
v 0.07718925 0.18315669 0.06102635
v 0.07033519 0.19938943 0.03775966
v 0.07718925 0.19938943 0.04732623
v 0.07465254 0.19938943 0.07022513
v 0.07718925 0.19938943 0.06320329
v 0.06749601 0.21562217 0.03775966
v 0.07718925 0.21562217 0.05029295
v 0.07554552 0.21562217 0.07022513
v 0.07718925 0.21562217 0.06272192
v 0.06223685 0.21562217 0.08645787
v 0.06386362 0.23185490 0.03775966
v 0.07718925 0.23185490 0.05327405
v 0.07676757 0.23185490 0.07022513
v 0.07718925 0.23185490 0.06196281
v 0.07588481 0.24808764 0.05399239
v 0.07718925 0.23561531 0.05399239
v 0.07718925 0.23793383 0.07022513
v 0.07718925 0.24808764 0.06465746
v 0.07718925 0.24808764 0.07165083
v 0.07418892 0.26432038 0.05399239
v 0.07718925 0.26432038 0.06563468
v 0.07718925 0.26432038 0.07301823
v 0.07329444 0.28055312 0.05399239
v 0.07718925 0.28055312 0.06782254
v 0.07718925 0.28055312 0.07186612
v 0.07201508 0.29678585 0.05399239
v 0.07432086 0.29678585 0.07022513
v 0.07718925 0.28404233 0.07022513
v 0.06998489 0.31301859 0.05399239
v 0.07117033 0.31301859 0.07022513
v 0.06699633 0.32925133 0.05399239
v 0.06840532 0.32925133 0.07022513
v 0.06285591 0.34548407 0.05399239
v 0.06450179 0.34548407 0.07022513
v 0.08131494 -0.32005817 -0.10833498
v 0.09342199 -0.32458150 -0.09210224
v 0.09342199 -0.32005817 -0.09628231
v 0.08542528 -0.32005817 -0.07586950
v 0.09342199 -0.32005817 -0.08484328
v 0.07930778 -0.32005817 -0.05963677
v 0.09342199 -0.31041209 -0.10833498
v 0.09342199 -0.30382543 -0.11443255
v 0.09342199 -0.31446934 -0.07586950
v 0.09342199 -0.31162445 -0.05963677
v 0.09342199 -0.30931569 -0.04340403
v 0.09342199 -0.31002583 -0.02717129
v 0.08884867 -0.30382543 -0.01093856
v 0.09342199 -0.30382543 -0.01453891
v 0.09342199 -0.28759270 -0.11518957
v 0.08982486 -0.28759270 -0.01093856
v 0.09342199 -0.28759270 -0.01228129
v 0.09342199 -0.27135996 -0.11288103
v 0.08841936 -0.27135996 -0.01093856
v 0.09342199 -0.27135996 -0.01271859
v 0.09342199 -0.25512722 -0.11421440
v 0.08479460 -0.25512722 -0.01093856
v 0.09342199 -0.25512722 -0.01427919
v 0.09342199 -0.23889448 -0.11601796
v 0.08001044 -0.23889448 -0.01093856
v 0.09342199 -0.23889448 -0.02053056
v 0.09342199 -0.22266175 -0.11528828
v 0.08781235 -0.22266175 -0.01093856
v 0.09342199 -0.22266175 -0.01358186
v 0.07721443 -0.20642901 -0.12456772
v 0.09342199 -0.20642901 -0.11402654
v 0.09342199 -0.21570551 -0.01093856
v 0.09342199 -0.20642901 -0.00774188
v 0.07857746 -0.19019627 -0.12456772
v 0.09342199 -0.19019627 -0.11064339
v 0.09342199 -0.19019627 -0.00271734
v 0.09342199 -0.17396353 -0.11266538
v 0.07925634 -0.17396353 0.00529418
v 0.09342199 -0.17396353 0.00191693
v 0.09342199 -0.15773080 -0.11169783
v 0.09342199 -0.16150446 0.00529418
v 0.09342199 -0.15773080 0.00679003
v 0.08055615 -0.14149806 -0.10833498
v 0.09342199 -0.15230639 -0.10833498
v 0.09342199 -0.14149806 -0.09880243
v 0.09342199 -0.14850331 0.02152692
v 0.09342199 -0.14383088 0.03775966
v 0.08701008 -0.14149806 0.05399239
v 0.09342199 -0.14149806 0.04476967
v 0.08649468 -0.12526532 -0.09210224
v 0.09342199 -0.13517640 -0.09210224
v 0.09342199 -0.12526532 -0.08531619
v 0.09342199 -0.13802330 0.05399239
v 0.08932908 -0.12526532 0.07022513
v 0.09342199 -0.12713496 0.07022513
v 0.09342199 -0.12526532 0.07150296
v 0.08014858 -0.10903258 -0.09210224
v 0.08918361 -0.10903258 -0.07586950
v 0.09342199 -0.11482927 -0.07586950
v 0.09342199 -0.10903258 -0.07031571
v 0.08128628 -0.10903258 0.07022513
v 0.09342199 -0.10903258 0.07484240
v 0.08617471 -0.09279985 -0.07586950
v 0.09342199 -0.09279985 -0.06503316
v 0.07754453 -0.09279985 0.07022513
v 0.09342199 -0.09279985 0.07672951
v 0.07954642 -0.07656711 -0.07586950
v 0.09096529 -0.07656711 -0.05963677
v 0.09342199 -0.08311897 -0.05963677
v 0.09342199 -0.07656711 -0.05588129
v 0.09342199 -0.07656711 0.07799095
v 0.08432521 -0.06033437 -0.05963677
v 0.09342199 -0.06033437 -0.04878054
v 0.09342199 -0.06033437 0.07875503
v 0.09236252 -0.04410163 -0.04340403
v 0.09342199 -0.04654435 -0.04340403
v 0.09342199 -0.04410163 -0.04182826
v 0.09342199 -0.04410163 0.07901831
v 0.08466139 -0.02786890 -0.04340403
v 0.09342199 -0.02786890 -0.03351230
v 0.09342199 -0.02786890 0.07864784
v 0.09040404 -0.01163616 -0.02717129
v 0.09342199 -0.01641116 -0.02717129
v 0.09342199 -0.01163616 -0.02523510
v 0.09011546 -0.01163616 0.07022513
v 0.09342199 -0.01163616 0.07312872
v 0.08227264 0.00459658 -0.02717129
v 0.09342199 0.00459658 -0.01942633
v 0.09342199 -0.00101454 0.07022513
v 0.09342199 0.00459658 0.06938523
v 0.09342199 0.02082932 -0.01424717
v 0.08136003 0.02082932 0.07022513
v 0.09342199 0.00936927 0.07022513
v 0.09342199 0.02082932 0.07216626
v 0.08904853 0.03706205 -0.01093856
v 0.09342199 0.03110420 -0.01093856
v 0.09342199 0.03706205 0.00096562
v 0.09342199 0.03706205 0.07479097
v 0.08441745 0.05329479 0.00529418
v 0.09342199 0.03942474 0.00529418
v 0.09106824 0.05329479 0.02152692
v 0.09342199 0.04976249 0.02152692
v 0.09342199 0.05329479 0.02423497
v 0.09342199 0.05329479 0.07729319
v 0.08022780 0.06952753 0.02152692
v 0.09342199 0.06952753 0.03687660
v 0.09342199 0.06952753 0.07863230
v 0.08195251 0.08576027 0.03775966
v 0.09342199 0.07053759 0.03775966
v 0.09342199 0.08576027 0.05166505
v 0.09342199 0.08576027 0.07516743
v 0.08250893 0.10199300 0.03775966
v 0.07859244 0.10199300 0.05399239
v 0.09342199 0.08823924 0.05399239
v 0.09342199 0.09255640 0.07022513
v 0.08191331 0.11822574 0.03775966
v 0.08017713 0.13445848 0.03775966
v 0.07812635 0.15069122 0.03775966
v 0.07796538 0.15069122 0.05399239
v 0.07936595 0.16692395 0.05399239
v 0.08058689 0.18315669 0.05399239
v 0.08126959 0.19938943 0.05399239
v 0.07969777 0.21562217 0.05399239
v 0.07770288 0.23185490 0.05399239
v 0.07803425 0.24808764 0.07022513
v 0.07885664 0.26432038 0.07022513
v 0.07825968 0.28055312 0.07022513
v 0.09900944 -0.32005817 -0.09210224
v 0.09998930 -0.30382543 -0.10833498
v 0.10403935 -0.30382543 -0.09210224
v 0.10965473 -0.31514349 -0.07586950
v 0.10965473 -0.30382543 -0.08635503
v 0.10534442 -0.30382543 -0.05963677
v 0.10965473 -0.30382543 -0.06427675
v 0.10325827 -0.30382543 -0.04340403
v 0.10474550 -0.30382543 -0.02717129
v 0.10717701 -0.28759270 -0.10833498
v 0.10965306 -0.28759270 -0.09210224
v 0.10965473 -0.28759270 -0.09209941
v 0.10965473 -0.30074180 -0.05963677
v 0.10965473 -0.29999386 -0.04340403
v 0.10965473 -0.29966265 -0.02717129
v 0.10965473 -0.28759270 -0.01923867
v 0.10214200 -0.27135996 -0.10833498
v 0.10965473 -0.28759076 -0.09210224
v 0.10965473 -0.27135996 -0.10394339
v 0.10965473 -0.27135996 -0.01939562
v 0.10112057 -0.25512722 -0.10833498
v 0.10965473 -0.25512722 -0.10005887
v 0.10965473 -0.25512722 -0.02541213
v 0.10174024 -0.23889448 -0.10833498
v 0.10965473 -0.23889448 -0.10141603
v 0.10965473 -0.23889448 -0.02378158
v 0.10045674 -0.22266175 -0.10833498
v 0.10965473 -0.22266175 -0.10070599
v 0.10965473 -0.22266175 -0.01763689
v 0.09926868 -0.20642901 -0.10833498
v 0.10965473 -0.20642901 -0.10040672
v 0.10595952 -0.20642901 -0.01093856
v 0.10965473 -0.20642901 -0.01204209
v 0.09552345 -0.19019627 -0.10833498
v 0.10965473 -0.19019627 -0.09916541
v 0.10965473 -0.20290794 -0.01093856
v 0.10965473 -0.19019627 -0.00737580
v 0.09807619 -0.17396353 -0.10833498
v 0.10965473 -0.17396353 -0.09556716
v 0.10965473 -0.17396353 -0.00325362
v 0.09828854 -0.15773080 -0.10833498
v 0.10965473 -0.15773080 -0.09576763
v 0.09665411 -0.15773080 0.00529418
v 0.10965473 -0.15773080 0.00045540
v 0.10965473 -0.14149806 -0.09652940
v 0.10965473 -0.14449414 0.00529418
v 0.10965473 -0.14204851 0.02152692
v 0.10049116 -0.14149806 0.03775966
v 0.10965473 -0.14149806 0.02298542
v 0.10965473 -0.13252027 -0.09210224
v 0.10965473 -0.12526532 -0.08616418
v 0.10965473 -0.13667159 0.03775966
v 0.10965473 -0.12645477 0.05399239
v 0.09613673 -0.12526532 0.07022513
v 0.10965473 -0.12526532 0.05636126
v 0.10965473 -0.12085163 -0.07586950
v 0.10306476 -0.10903258 -0.05963677
v 0.10965473 -0.11897561 -0.05963677
v 0.10965473 -0.10903258 -0.05060948
v 0.10965473 -0.11602229 0.07022513
v 0.10965473 -0.10903258 0.07599405
v 0.09767202 -0.09279985 -0.05963677
v 0.10965473 -0.09279985 -0.04444978
v 0.10965473 -0.09279985 0.08118488
v 0.10503015 -0.07656711 -0.04340403
v 0.10965473 -0.08990846 -0.04340403
v 0.10965473 -0.07656711 -0.03803409
v 0.10965473 -0.07656711 0.08354042
v 0.09898242 -0.06033437 -0.04340403
v 0.10965473 -0.06033437 -0.03274262
v 0.10965473 -0.06033437 0.08497027
v 0.10965473 -0.04410163 -0.02853399
v 0.10965473 -0.04410163 0.08577533
v 0.09933414 -0.02786890 -0.02717129
v 0.10965473 -0.04168289 -0.02717129
v 0.10965473 -0.02786890 -0.01955990
v 0.10965473 -0.02786890 0.08598867
v 0.10965473 -0.01163616 -0.01645989
v 0.10965473 -0.01163616 0.08506675
v 0.10965473 0.00459658 -0.01227006
v 0.09975210 0.00459658 0.07022513
v 0.10965473 0.00459658 0.07518483
v 0.10098658 0.02082932 -0.01093856
v 0.10965473 0.00895181 -0.01093856
v 0.10538997 0.02082932 0.00529418
v 0.10965473 0.01388778 0.00529418
v 0.10965473 0.02082932 0.01260519
v 0.10965473 0.02082932 0.07455770
v 0.09495849 0.03706205 0.00529418
v 0.10182027 0.03706205 0.02152692
v 0.10965473 0.02497750 0.02152692
v 0.10965473 0.03706205 0.03059912
v 0.10965473 0.03706205 0.07739984
v 0.10513513 0.05329479 0.03775966
v 0.10965473 0.04645643 0.03775966
v 0.10965473 0.05329479 0.04296689
v 0.10965473 0.05329479 0.07999394
v 0.09412591 0.06952753 0.03775966
v 0.10810627 0.06952753 0.05399239
v 0.10965473 0.06746406 0.05399239
v 0.10965473 0.06952753 0.05622714
v 0.10965473 0.06952753 0.07984122
v 0.09540795 0.08576027 0.05399239
v 0.10463009 0.08576027 0.07022513
v 0.10965473 0.08318588 0.07022513
v 0.11835912 -0.30382543 -0.07586950
v 0.12032368 -0.28759270 -0.07586950
v 0.12588746 -0.29351516 -0.05963677
v 0.12588746 -0.28759270 -0.06534199
v 0.12588746 -0.28936298 -0.04340403
v 0.12553640 -0.28759270 -0.02717129
v 0.12588746 -0.28759270 -0.02876474
v 0.12263841 -0.27135996 -0.09210224
v 0.12089738 -0.27135996 -0.07586950
v 0.12588746 -0.27135996 -0.06631721
v 0.12550358 -0.27135996 -0.02717129
v 0.12588746 -0.27135996 -0.02764319
v 0.11945314 -0.25512722 -0.09210224
v 0.12389045 -0.25512722 -0.07586950
v 0.12588746 -0.25512722 -0.06700887
v 0.11233835 -0.25512722 -0.02717129
v 0.12588746 -0.25512722 -0.03641140
v 0.11773862 -0.23889448 -0.09210224
v 0.12588746 -0.24106925 -0.07586950
v 0.12588746 -0.23889448 -0.07640411
v 0.12093203 -0.23889448 -0.02717129
v 0.12588746 -0.23889448 -0.03078441
v 0.11714092 -0.22266175 -0.09210224
v 0.12588746 -0.22266175 -0.07629732
v 0.12588746 -0.23378793 -0.02717129
v 0.12588746 -0.22266175 -0.02363109
v 0.11697046 -0.20642901 -0.09210224
v 0.12588746 -0.20642901 -0.07689122
v 0.12588746 -0.20642901 -0.02216144
v 0.11607717 -0.19019627 -0.09210224
v 0.12490513 -0.19019627 -0.07586950
v 0.12588746 -0.20034778 -0.07586950
v 0.12588746 -0.19019627 -0.07117611
v 0.12449020 -0.19019627 -0.04340403
v 0.12588746 -0.20399037 -0.04340403
v 0.12588746 -0.19019627 -0.04852718
v 0.12588746 -0.19019627 -0.02734633
v 0.11887422 -0.19019627 -0.01093856
v 0.12588746 -0.19019627 -0.02704523
v 0.11235636 -0.17396353 -0.09210224
v 0.12194620 -0.17396353 -0.07586950
v 0.12586385 -0.17396353 -0.05963677
v 0.12588746 -0.17411616 -0.05963677
v 0.12468618 -0.17396353 -0.04340403
v 0.12221632 -0.17396353 -0.02717129
v 0.12588746 -0.19010270 -0.02717129
v 0.12215634 -0.17396353 -0.01093856
v 0.11215284 -0.15773080 -0.09210224
v 0.12030438 -0.15773080 -0.07586950
v 0.12194886 -0.15773080 -0.05963677
v 0.12411403 -0.15773080 -0.04340403
v 0.11819251 -0.15773080 -0.02717129
v 0.12003968 -0.15773080 -0.01093856
v 0.11238810 -0.14149806 -0.09210224
v 0.11688180 -0.14149806 -0.07586950
v 0.11970864 -0.14149806 -0.05963677
v 0.12256261 -0.14149806 -0.04340403
v 0.11864273 -0.14149806 -0.02717129
v 0.12211171 -0.14149806 -0.01093856
v 0.12588746 -0.14703917 0.00529418
v 0.12588746 -0.14149806 -0.00401580
v 0.12588746 -0.15205490 0.02152692
v 0.12588746 -0.14149806 0.03124537
v 0.11422013 -0.12526532 -0.07586950
v 0.11524456 -0.12526532 -0.05963677
v 0.12027733 -0.12526532 -0.04340403
v 0.12568352 -0.12526532 -0.02717129
v 0.12588746 -0.13842813 -0.01093856
v 0.12588746 -0.12526532 -0.02691828
v 0.12485503 -0.12526532 0.03775966
v 0.12588746 -0.12526532 0.03672001
v 0.11122819 -0.12526532 0.05399239
v 0.11569768 -0.10903258 -0.04340403
v 0.12567486 -0.10903258 -0.02717129
v 0.12588746 -0.10903258 -0.02702968
v 0.12588746 -0.12452092 0.03775966
v 0.12588746 -0.11350100 0.05399239
v 0.11868783 -0.10903258 0.07022513
v 0.12588746 -0.10903258 0.06212165
v 0.11064714 -0.09279985 -0.04340403
v 0.12588746 -0.10783179 -0.02717129
v 0.12588746 -0.09279985 -0.02917502
v 0.12588746 -0.10338674 0.07022513
v 0.12588746 -0.09279985 0.08027924
v 0.12588746 -0.07656711 -0.02882721
v 0.12457401 -0.07656711 0.08645787
v 0.12588746 -0.07748539 0.08645787
v 0.12588746 -0.07656711 0.08672185
v 0.11718715 -0.06033437 -0.02717129
v 0.12588746 -0.07226633 -0.02717129
v 0.12588746 -0.06033437 -0.02158430
v 0.11508473 -0.06033437 0.08645787
v 0.12588746 -0.06033437 0.08943264
v 0.11145013 -0.04410163 -0.02717129
v 0.12588746 -0.04410163 -0.01643017
v 0.11173058 -0.04410163 0.08645787
v 0.12588746 -0.04410163 0.09105647
v 0.12588746 -0.02786890 -0.01353593
v 0.11089802 -0.02786890 0.08645787
v 0.12588746 -0.02786890 0.09191857
v 0.12442516 -0.01163616 -0.01093856
v 0.12588746 -0.01453557 -0.01093856
v 0.12300044 -0.01163616 0.00529418
v 0.12588746 -0.01386280 0.00529418
v 0.12588746 -0.01163616 0.00932857
v 0.11200747 -0.01163616 0.08645787
v 0.12588746 -0.01163616 0.09204753
v 0.11285029 0.00459658 -0.01093856
v 0.11547365 0.00459658 0.00529418
v 0.12217404 0.00459658 0.02152692
v 0.12588746 -0.00175924 0.02152692
v 0.12588746 0.00459658 0.02656677
v 0.11714033 0.00459658 0.08645787
v 0.12588746 0.00459658 0.09089591
v 0.11233078 0.02082932 0.02152692
v 0.12586790 0.02082932 0.03775966
v 0.12588746 0.02079090 0.03775966
v 0.12588746 0.02082932 0.03778886
v 0.12588746 0.00916488 0.08645787
v 0.12588746 0.02082932 0.07589254
v 0.11581917 0.03706205 0.03775966
v 0.12588746 0.03706205 0.04966721
v 0.12588746 0.03706205 0.07851636
v 0.11919675 0.05329479 0.05399239
v 0.12588746 0.04281499 0.05399239
v 0.12588746 0.05329479 0.06175330
v 0.12588746 0.05329479 0.07951463
v 0.12125492 0.06952753 0.07022513
v 0.12588746 0.06429309 0.07022513
v 0.12851379 -0.28759270 -0.05963677
v 0.12818282 -0.28759270 -0.04340403
v 0.12902369 -0.27135996 -0.05963677
v 0.13392378 -0.27135996 -0.04340403
v 0.12923803 -0.25512722 -0.05963677
v 0.13221435 -0.25512722 -0.04340403
v 0.12646416 -0.23889448 -0.07586950
v 0.13193601 -0.23889448 -0.05963677
v 0.13116432 -0.23889448 -0.04340403
v 0.12626695 -0.22266175 -0.07586950
v 0.13097544 -0.22266175 -0.05963677
v 0.12901346 -0.22266175 -0.04340403
v 0.12966033 -0.22266175 -0.02717129
v 0.12663676 -0.20642901 -0.07586950
v 0.13145682 -0.20642901 -0.05963677
v 0.12624682 -0.20642901 -0.04340403
v 0.12881606 -0.20642901 -0.02717129
v 0.12969995 -0.19019627 -0.05963677
v 0.12590806 -0.19019627 -0.02717129
v 0.14055588 -0.14149806 -0.01093856
v 0.14212020 -0.14198964 -0.01093856
v 0.14212020 -0.14149806 -0.01134140
v 0.14212020 -0.15055552 0.00529418
v 0.13823494 -0.14149806 0.02152692
v 0.14212020 -0.14149806 0.01497226
v 0.14212020 -0.12526532 -0.02003161
v 0.14168717 -0.12526532 0.02152692
v 0.14212020 -0.12526532 0.02066619
v 0.14212020 -0.10903258 -0.02259406
v 0.14212020 -0.12442883 0.02152692
v 0.14010967 -0.10903258 0.03775966
v 0.14212020 -0.10903258 0.03313020
v 0.13140290 -0.10903258 0.05399239
v 0.12968279 -0.09279985 -0.02717129
v 0.14212020 -0.09279985 -0.01743530
v 0.14212020 -0.10731203 0.03775966
v 0.14212020 -0.09990677 0.05399239
v 0.13879700 -0.09279985 0.07022513
v 0.14212020 -0.09279985 0.06630882
v 0.12806151 -0.07656711 -0.02717129
v 0.14212020 -0.07656711 -0.01322654
v 0.14212020 -0.09002837 0.07022513
v 0.12816345 -0.07656711 0.08645787
v 0.14212020 -0.07656711 0.08397325
v 0.14078880 -0.06033437 -0.01093856
v 0.14212020 -0.06533473 -0.01093856
v 0.14212020 -0.06033437 -0.01000337
v 0.14212020 -0.07223785 0.08645787
v 0.14212020 -0.06033437 0.09122316
v 0.13429061 -0.04410163 -0.01093856
v 0.14212020 -0.04410163 -0.00564123
v 0.14212020 -0.04410163 0.09454620
v 0.13349832 -0.02786890 -0.01093856
v 0.14212020 -0.02786890 -0.00361819
v 0.14212020 -0.02786890 0.09647570
v 0.14212020 -0.02015057 0.00529418
v 0.14212020 -0.01163616 0.01193418
v 0.14212020 -0.01163616 0.09744422
v 0.14212020 -0.00414215 0.02152692
v 0.14065225 0.00459658 0.03775966
v 0.14212020 0.00378077 0.03775966
v 0.14212020 0.00459658 0.03997616
v 0.14212020 0.00459658 0.09738022
v 0.13779883 0.02082932 0.05399239
v 0.14212020 0.01382139 0.05399239
v 0.14051283 0.02082932 0.07022513
v 0.14212020 0.01971566 0.07022513
v 0.14212020 0.01661414 0.08645787
v 0.12954115 0.03706205 0.05399239
v 0.14044585 0.03706205 0.07022513
v 0.13315609 0.05329479 0.07022513
v 0.14290223 -0.14149806 -0.01093856
v 0.14697141 -0.14149806 0.00529418
v 0.15042114 -0.12526532 -0.01093856
v 0.14878882 -0.12526532 0.00529418
v 0.14820424 -0.10903258 -0.01093856
v 0.15212341 -0.10903258 0.00529418
v 0.14767989 -0.10903258 0.02152692
v 0.14742349 -0.09279985 -0.01093856
v 0.15835294 -0.10239914 0.00529418
v 0.15835294 -0.09279985 -0.00235444
v 0.15835294 -0.09979816 0.02152692
v 0.15835294 -0.09345009 0.03775966
v 0.15045643 -0.09279985 0.05399239
v 0.15835294 -0.09279985 0.03898113
v 0.14492092 -0.07656711 -0.01093856
v 0.15835294 -0.07656711 -0.00100932
v 0.15835294 -0.08575101 0.05399239
v 0.15779725 -0.07656711 0.07022513
v 0.15835294 -0.07656711 0.06953568
v 0.15835294 -0.06033437 0.00163626
v 0.15835294 -0.07607956 0.07022513
v 0.15835294 -0.06097580 0.08645787
v 0.15835294 -0.06033437 0.08697489
v 0.15801322 -0.04410163 0.00529418
v 0.15835294 -0.04503151 0.00529418
v 0.15835294 -0.04410163 0.00553820
v 0.15835294 -0.04410163 0.09519369
v 0.14905609 -0.02786890 0.00529418
v 0.15835294 -0.02786890 0.01147982
v 0.15835294 -0.02786890 0.09915076
v 0.15835294 -0.01163616 0.02009599
v 0.15835294 -0.01163616 0.10139726
v 0.15835294 -0.00969407 0.02152692
v 0.14979554 0.00459658 0.03775966
v 0.15835294 0.00459658 0.03631510
v 0.15835294 0.00459658 0.10248301
v 0.15835294 0.00554177 0.03775966
v 0.15835294 0.01318268 0.05399239
v 0.15835294 0.01893297 0.07022513
v 0.14960268 0.02082932 0.08645787
v 0.15835294 0.02082932 0.07488191
v 0.15095852 0.02082932 0.10269061
v 0.15835294 0.00519854 0.10269061
v 0.15835294 0.02082932 0.10774072
v 0.15835294 0.03045440 0.08645787
v 0.15835294 0.03222491 0.10269061
v 0.16782386 -0.09279985 0.00529418
v 0.16530355 -0.09279985 0.02152692
v 0.15895214 -0.09279985 0.03775966
v 0.16673926 -0.07656711 0.00529418
v 0.17458568 -0.08380609 0.02152692
v 0.17458568 -0.07656711 0.01328750
v 0.17458568 -0.07848844 0.03775966
v 0.16864835 -0.07656711 0.05399239
v 0.17458568 -0.07656711 0.04222383
v 0.16338367 -0.06033437 0.00529418
v 0.17458568 -0.06033437 0.01398317
v 0.17458568 -0.07100816 0.05399239
v 0.17458568 -0.06140724 0.07022513
v 0.15910661 -0.06033437 0.08645787
v 0.17458568 -0.06033437 0.07170478
v 0.17458568 -0.04410163 0.01753375
v 0.17458568 -0.04718912 0.08645787
v 0.17458568 -0.04410163 0.08915616
v 0.17294553 -0.02786890 0.02152692
v 0.17458568 -0.03124605 0.02152692
v 0.17458568 -0.02786890 0.02270074
v 0.17458568 -0.02786890 0.09864700
v 0.16062738 -0.01163616 0.02152692
v 0.17458568 -0.01163616 0.03041998
v 0.16955963 -0.01163616 0.10269061
v 0.17458568 -0.01401412 0.10269061
v 0.17458568 -0.01163616 0.10326605
v 0.16216045 0.00459658 0.03775966
v 0.17458568 -0.00054146 0.03775966
v 0.17458568 0.00459658 0.04207764
v 0.15937970 0.00459658 0.10269061
v 0.17458568 0.00459658 0.10559843
v 0.17458568 0.01418892 0.05399239
v 0.16737799 0.02082932 0.07022513
v 0.17458568 0.02082932 0.06676228
v 0.17135399 0.02082932 0.11892334
v 0.17458568 0.01800540 0.11892334
v 0.17458568 0.02082932 0.12104556
v 0.17278899 0.03706205 0.07022513
v 0.17458568 0.03706205 0.06884766
v 0.16038726 0.03706205 0.08645787
v 0.15969373 0.03706205 0.10269061
v 0.16969585 0.03706205 0.11892334
v 0.17458568 0.03706205 0.12318750
v 0.17458568 0.03904021 0.07022513
v 0.16929037 0.05329479 0.08645787
v 0.17458568 0.05329479 0.08151428
v 0.16786494 0.05329479 0.10269061
v 0.17458568 0.04872319 0.11892334
v 0.17458568 0.05329479 0.11579340
v 0.17458568 0.05723672 0.08645787
v 0.17458568 0.06342384 0.10269061
v 0.18206195 -0.07656711 0.02152692
v 0.17668216 -0.07656711 0.03775966
v 0.18419234 -0.06033437 0.02152692
v 0.19081841 -0.06267472 0.03775966
v 0.19081841 -0.06033437 0.03320408
v 0.18600065 -0.06033437 0.05399239
v 0.19081841 -0.06033437 0.04339456
v 0.17576514 -0.06033437 0.07022513
v 0.17992613 -0.04410163 0.02152692
v 0.19081841 -0.04410163 0.03029989
v 0.19081841 -0.05554035 0.05399239
v 0.19081841 -0.04611420 0.07022513
v 0.17804953 -0.04410163 0.08645787
v 0.19081841 -0.04410163 0.07303390
v 0.19081841 -0.02786890 0.03481163
v 0.19081841 -0.03258013 0.08645787
v 0.19081841 -0.02786890 0.09082656
v 0.18543185 -0.01163616 0.03775966
v 0.19081841 -0.02023962 0.03775966
v 0.19081841 -0.01163616 0.04154287
v 0.18173297 -0.01163616 0.10269061
v 0.19081841 -0.01163616 0.10168949
v 0.19081841 0.00459658 0.05117968
v 0.19081841 -0.00890215 0.10269061
v 0.19081841 0.00459658 0.10655479
v 0.19081841 0.00817227 0.05399239
v 0.19081841 0.02082932 0.06717193
v 0.19081841 0.02019641 0.11892334
v 0.19081841 0.02082932 0.11928497
v 0.19081841 0.03706205 0.06980082
v 0.19081841 0.03706205 0.13448145
v 0.18554961 0.05329479 0.07022513
v 0.19081841 0.05329479 0.06672637
v 0.17651819 0.05329479 0.11892334
v 0.19081841 0.05329479 0.13053363
v 0.19081841 0.05785529 0.07022513
v 0.18653008 0.06952753 0.08645787
v 0.19081841 0.06952753 0.08183191
v 0.17892122 0.06952753 0.10269061
v 0.18616039 0.06952753 0.11892334
v 0.19081841 0.06952753 0.12294425
v 0.19081841 0.07304943 0.08645787
v 0.19081841 0.08179759 0.10269061
v 0.19081841 0.07577345 0.11892334
v 0.19320663 -0.06033437 0.03775966
v 0.19995208 -0.04410163 0.03775966
v 0.20234239 -0.04410163 0.05399239
v 0.19294262 -0.04410163 0.07022513
v 0.19469004 -0.02786890 0.03775966
v 0.20705115 -0.03724611 0.05399239
v 0.20705115 -0.02786890 0.04808712
v 0.20705115 -0.03005521 0.07022513
v 0.19586125 -0.02786890 0.08645787
v 0.20705115 -0.02786890 0.07334993
v 0.20705115 -0.01163616 0.05352164
v 0.20705115 -0.01710111 0.08645787
v 0.20705115 -0.01163616 0.09178594
v 0.19509958 0.00459658 0.05399239
v 0.20705115 -0.01062307 0.05399239
v 0.20705115 0.00459658 0.06216513
v 0.20705115 0.00300533 0.10269061
v 0.20705115 0.00459658 0.10360568
v 0.19748049 0.02082932 0.07022513
v 0.20705115 0.01596494 0.07022513
v 0.20705115 0.02082932 0.07456593
v 0.19178059 0.02082932 0.11892334
v 0.20705115 0.02082932 0.10956795
v 0.19187893 0.03706205 0.07022513
v 0.20705115 0.03706205 0.07417956
v 0.20705115 0.02453523 0.11892334
v 0.19662602 0.03706205 0.13515608
v 0.20705115 0.03573877 0.13515608
v 0.20705115 0.03706205 0.13632940
v 0.20705115 0.04458617 0.07022513
v 0.20705115 0.05329479 0.06648983
v 0.19867254 0.05329479 0.13515608
v 0.20705115 0.05329479 0.13919874
v 0.20624594 0.06952753 0.07022513
v 0.20705115 0.06952753 0.06976218
v 0.20705115 0.06494609 0.13515608
v 0.20705115 0.06952753 0.13331022
v 0.20705115 0.07000772 0.07022513
v 0.20705115 0.08355277 0.08645787
v 0.19625309 0.08576027 0.10269061
v 0.20705115 0.08576027 0.09027467
v 0.20124400 0.08576027 0.11892334
v 0.20705115 0.08576027 0.12253536
v 0.20705115 0.09156545 0.10269061
v 0.20705115 0.08944030 0.11892334
v 0.21396942 -0.02786890 0.05399239
v 0.20924277 -0.02786890 0.07022513
v 0.20766211 -0.01163616 0.05399239
v 0.22328389 -0.01246041 0.07022513
v 0.22328389 -0.01163616 0.06940634
v 0.21258557 -0.01163616 0.08645787
v 0.22328389 -0.01163616 0.07147300
v 0.21806846 0.00459658 0.07022513
v 0.22328389 -0.00900254 0.07022513
v 0.22328389 -0.00033277 0.08645787
v 0.22328389 0.00459658 0.07828444
v 0.20878081 0.00459658 0.10269061
v 0.22328389 0.00459658 0.09151096
v 0.22328389 0.02082932 0.08475828
v 0.22328389 0.01827894 0.10269061
v 0.22328389 0.02082932 0.10432386
v 0.22328389 0.03706205 0.07989543
v 0.22328389 0.02761523 0.11892334
v 0.21019827 0.03706205 0.13515608
v 0.22328389 0.03706205 0.12895547
v 0.21949235 0.05329479 0.07022513
v 0.22328389 0.05329479 0.07150274
v 0.22328389 0.04276085 0.13515608
v 0.22328389 0.05329479 0.14313624
v 0.22328389 0.05791981 0.07022513
v 0.22328389 0.06952753 0.06735202
v 0.21150804 0.06952753 0.13515608
v 0.22328389 0.06952753 0.13938281
v 0.22328389 0.07453748 0.07022513
v 0.21200888 0.08576027 0.08645787
v 0.22328389 0.08576027 0.08024389
v 0.22328389 0.07756513 0.13515608
v 0.22328389 0.08576027 0.12948711
v 0.22328389 0.08999952 0.08645787
v 0.22328389 0.09704036 0.10269061
v 0.22328389 0.09554516 0.11892334
v 0.22403791 -0.01163616 0.07022513
v 0.22787049 0.00459658 0.08645787
v 0.22562162 0.02082932 0.08645787
v 0.22577736 0.02082932 0.10269061
v 0.23434426 0.03706205 0.08645787
v 0.23951663 0.02691034 0.10269061
v 0.23951663 0.03706205 0.09217899
v 0.23602682 0.03706205 0.11892334
v 0.23951663 0.03706205 0.11453513
v 0.23951663 0.04220354 0.08645787
v 0.23951663 0.05329479 0.08037957
v 0.23951663 0.03937478 0.11892334
v 0.23951663 0.05208222 0.13515608
v 0.23951663 0.05329479 0.13618497
v 0.23048903 0.06952753 0.07022513
v 0.23951663 0.06952753 0.07441380
v 0.23951663 0.06952753 0.14265997
v 0.23951663 0.08576027 0.07565871
v 0.23951663 0.08521872 0.13515608
v 0.23951663 0.08576027 0.13480015
v 0.23951663 0.09392537 0.08645787
v 0.23951663 0.10086651 0.10269061
v 0.23951663 0.09966931 0.11892334
v 0.24734736 0.03706205 0.10269061
v 0.24764060 0.05329479 0.08645787
v 0.25574936 0.04778833 0.10269061
v 0.25574936 0.05329479 0.09750042
v 0.25549591 0.05329479 0.11892334
v 0.25574936 0.05329479 0.11794390
v 0.24085756 0.05329479 0.13515608
v 0.25574936 0.06764312 0.08645787
v 0.25574936 0.06952753 0.08561586
v 0.25574936 0.05358913 0.11892334
v 0.25574936 0.06743439 0.13515608
v 0.25574936 0.06952753 0.13698582
v 0.25574936 0.08576027 0.08174008
v 0.24168611 0.08576027 0.13515608
v 0.25574936 0.08576027 0.13697956
v 0.25574936 0.09312303 0.08645787
v 0.24763562 0.10199300 0.10269061
v 0.25574936 0.10199300 0.09983127
v 0.25413503 0.10199300 0.11892334
v 0.25574936 0.08831174 0.13515608
v 0.25574936 0.10199300 0.11929878
v 0.25574936 0.10301840 0.10269061
v 0.25574936 0.10221422 0.11892334
v 0.25882951 0.05329479 0.10269061
v 0.25672090 0.06952753 0.08645787
v 0.26808595 0.06952753 0.10269061
v 0.26806866 0.06952753 0.11892334
v 0.25777933 0.06952753 0.13515608
v 0.26185033 0.08576027 0.08645787
v 0.27198210 0.07882444 0.10269061
v 0.27198210 0.08576027 0.09849624
v 0.27198210 0.07646816 0.11892334
v 0.26328463 0.08576027 0.13515608
v 0.27198210 0.08576027 0.12989396
v 0.27198210 0.10199300 0.10054861
v 0.27198210 0.10199300 0.11981726
v 0.27198210 0.10293562 0.10269061
v 0.27198210 0.10251267 0.11892334
v 0.27485384 0.08576027 0.10269061
v 0.27707164 0.08576027 0.11892334
v 0.27371933 0.10199300 0.10269061
v 0.27357575 0.10199300 0.11892334
f 3 1 2
f 2 1 4
f 3 5 1
f 1 5 4
f 8 6 7
f 7 6 9
f 6 3 2
f 6 8 3
f 8 10 3
f 2 9 6
f 2 4 9
f 4 11 9
f 10 5 3
f 12 5 10
f 12 4 5
f 11 4 12
f 15 13 14
f 14 16 17
f 13 16 14
f 17 16 18
f 13 8 7
f 13 15 8
f 15 19 8
f 7 9 20
f 7 20 13
f 13 20 16
f 18 20 21
f 16 20 18
f 19 22 8
f 22 10 8
f 23 20 9
f 23 9 24
f 24 9 11
f 20 23 21
f 22 12 10
f 25 12 22
f 25 11 12
f 24 11 25
f 28 26 27
f 27 29 30
f 26 29 27
f 30 29 31
f 26 15 14
f 26 28 15
f 28 32 15
f 29 26 14
f 17 29 14
f 17 31 29
f 17 18 31
f 18 33 31
f 32 34 15
f 34 19 15
f 33 18 35
f 35 18 21
f 34 36 19
f 36 22 19
f 24 38 37
f 23 24 37
f 37 21 23
f 35 21 37
f 36 25 22
f 39 25 36
f 39 24 25
f 38 24 39
f 42 40 41
f 41 40 43
f 28 44 45
f 27 44 28
f 40 42 44
f 40 44 30
f 30 44 27
f 30 31 46
f 40 30 46
f 40 46 47
f 40 47 43
f 47 46 48
f 45 49 28
f 49 32 28
f 50 46 31
f 50 31 51
f 51 31 33
f 46 50 48
f 49 52 32
f 52 34 32
f 51 33 53
f 53 33 35
f 54 52 55
f 54 36 52
f 36 34 52
f 38 54 55
f 38 55 37
f 37 55 56
f 56 35 37
f 53 35 56
f 54 39 36
f 54 38 39
f 59 57 58
f 58 60 61
f 57 60 58
f 61 60 62
f 65 63 64
f 57 42 41
f 59 42 57
f 59 63 42
f 59 64 63
f 41 43 66
f 41 66 57
f 57 66 60
f 62 66 67
f 60 66 62
f 63 45 44
f 63 65 45
f 65 68 45
f 63 44 42
f 66 43 47
f 47 67 66
f 47 48 67
f 48 69 67
f 68 70 45
f 70 49 45
f 51 72 71
f 50 51 71
f 71 48 50
f 69 48 71
f 73 70 74
f 73 52 70
f 52 49 70
f 74 76 75
f 73 74 75
f 76 53 75
f 76 72 53
f 72 51 53
f 73 55 52
f 75 55 73
f 56 55 75
f 75 53 56
f 79 77 78
f 78 80 81
f 77 80 78
f 81 80 82
f 85 83 84
f 77 59 58
f 79 59 77
f 79 83 59
f 79 84 83
f 80 77 58
f 61 80 58
f 61 82 80
f 61 62 82
f 62 86 82
f 83 65 64
f 83 85 65
f 85 87 65
f 83 64 59
f 86 62 88
f 88 62 67
f 89 87 90
f 89 68 87
f 68 65 87
f 90 91 89
f 88 67 92
f 92 67 69
f 93 68 89
f 70 68 93
f 91 95 94
f 91 94 89
f 89 94 93
f 72 94 95
f 72 95 71
f 71 95 96
f 96 69 71
f 92 69 96
f 93 74 70
f 94 74 93
f 76 74 94
f 94 72 76
f 99 97 98
f 98 97 100
f 102 97 99
f 101 97 102
f 100 101 103
f 97 101 100
f 105 101 102
f 104 101 105
f 103 104 106
f 101 104 103
f 108 104 105
f 107 104 108
f 106 107 109
f 104 107 106
f 108 110 107
f 107 110 109
f 113 111 112
f 112 111 114
f 79 115 116
f 78 115 79
f 111 113 115
f 111 115 81
f 81 115 78
f 81 114 111
f 81 82 114
f 82 117 114
f 85 118 119
f 84 118 85
f 118 84 79
f 116 118 79
f 117 82 120
f 120 82 86
f 121 119 122
f 121 87 119
f 87 85 119
f 122 123 121
f 120 86 124
f 124 86 88
f 121 90 87
f 90 121 123
f 90 123 91
f 91 123 125
f 128 127 126
f 127 92 126
f 127 124 92
f 124 88 92
f 125 95 91
f 129 95 125
f 126 129 128
f 126 96 129
f 96 95 129
f 126 92 96
f 132 130 131
f 131 130 133
f 135 130 132
f 134 130 135
f 133 136 137
f 133 130 136
f 130 134 136
f 137 136 138
f 134 99 98
f 134 135 99
f 135 139 99
f 98 100 140
f 98 140 134
f 134 140 136
f 138 140 141
f 136 140 138
f 139 142 99
f 142 102 99
f 143 140 100
f 143 100 144
f 144 100 103
f 140 143 141
f 142 145 102
f 145 105 102
f 144 103 146
f 146 103 106
f 145 147 105
f 147 108 105
f 146 106 148
f 148 106 109
f 147 110 108
f 149 110 147
f 149 109 110
f 148 109 149
f 152 150 151
f 151 153 154
f 150 153 151
f 154 153 155
f 157 150 152
f 156 150 157
f 113 112 153
f 113 153 156
f 156 153 150
f 112 155 153
f 112 114 155
f 114 158 155
f 161 159 160
f 156 116 115
f 157 116 156
f 157 159 116
f 157 160 159
f 156 115 113
f 158 114 162
f 162 114 117
f 159 161 164
f 118 163 119
f 163 118 116
f 163 116 165
f 159 164 116
f 164 165 116
f 162 117 166
f 166 117 120
f 163 122 119
f 122 167 123
f 163 167 122
f 163 168 167
f 163 165 168
f 168 170 169
f 167 168 169
f 170 124 169
f 170 166 124
f 166 120 124
f 171 123 167
f 125 123 171
f 128 169 127
f 128 171 169
f 171 167 169
f 169 124 127
f 171 129 125
f 171 128 129
f 174 172 173
f 173 175 176
f 172 175 173
f 176 175 177
f 179 172 174
f 178 172 179
f 172 178 175
f 175 178 180
f 177 180 181
f 175 180 177
f 184 182 183
f 178 132 131
f 179 132 178
f 179 182 132
f 179 183 182
f 131 133 185
f 131 185 178
f 178 185 180
f 181 185 186
f 180 185 181
f 188 182 184
f 187 182 188
f 182 187 135
f 132 182 135
f 185 133 137
f 137 186 185
f 137 138 186
f 138 189 186
f 188 190 187
f 187 190 191
f 187 191 135
f 135 191 139
f 189 138 192
f 192 138 141
f 191 193 139
f 193 142 139
f 144 195 194
f 143 144 194
f 194 141 143
f 192 141 194
f 193 196 142
f 196 145 142
f 195 144 197
f 197 144 146
f 198 196 199
f 198 147 196
f 147 145 196
f 199 148 198
f 199 197 148
f 197 146 148
f 198 149 147
f 198 148 149
f 202 200 201
f 201 203 204
f 200 203 201
f 204 203 205
f 208 206 207
f 200 152 151
f 202 152 200
f 202 206 152
f 202 207 206
f 203 200 151
f 154 203 151
f 154 205 203
f 154 155 205
f 155 209 205
f 211 206 208
f 210 206 211
f 206 210 157
f 152 206 157
f 209 155 212
f 212 155 158
f 210 211 214
f 160 213 161
f 213 160 157
f 213 157 215
f 210 214 157
f 214 215 157
f 212 158 216
f 216 158 162
f 213 164 161
f 164 213 215
f 164 215 165
f 165 215 217
f 216 162 218
f 218 162 166
f 217 168 165
f 219 168 217
f 219 220 168
f 168 220 170
f 220 166 170
f 218 166 220
f 223 221 222
f 222 221 224
f 226 221 223
f 225 221 226
f 224 225 227
f 221 225 224
f 226 228 225
f 227 225 228
f 230 231 229
f 230 229 232
f 235 233 234
f 234 229 231
f 234 233 229
f 233 236 229
f 232 236 237
f 229 236 232
f 239 233 235
f 238 233 239
f 233 238 236
f 236 238 240
f 237 241 242
f 237 236 241
f 236 240 241
f 242 241 243
f 246 244 245
f 238 174 173
f 239 174 238
f 239 244 174
f 239 245 244
f 240 238 173
f 176 240 173
f 176 177 247
f 176 247 240
f 240 247 241
f 243 247 248
f 241 247 243
f 250 244 246
f 249 244 250
f 244 249 179
f 174 244 179
f 251 247 177
f 181 251 177
f 248 251 252
f 247 251 248
f 249 184 183
f 249 250 184
f 250 253 184
f 249 183 179
f 254 251 181
f 254 181 255
f 255 181 186
f 251 254 252
f 256 253 257
f 256 188 253
f 188 184 253
f 257 258 256
f 255 186 259
f 259 186 189
f 256 190 188
f 190 256 258
f 190 258 191
f 191 258 260
f 263 262 261
f 262 192 261
f 262 259 192
f 259 189 192
f 264 260 265
f 264 193 260
f 193 191 260
f 261 194 195
f 263 261 195
f 263 195 264
f 263 264 265
f 261 192 194
f 266 193 264
f 196 193 266
f 264 197 266
f 195 197 264
f 266 199 196
f 266 197 199
f 269 267 268
f 268 267 270
f 273 271 272
f 272 267 269
f 272 271 267
f 271 274 267
f 270 275 276
f 270 267 275
f 267 274 275
f 276 277 278
f 275 277 276
f 278 277 279
f 281 271 273
f 280 271 281
f 202 201 274
f 202 274 280
f 280 274 271
f 275 274 201
f 204 275 201
f 204 205 282
f 204 282 275
f 275 282 277
f 279 282 283
f 277 282 279
f 280 208 207
f 280 281 208
f 281 284 208
f 280 207 202
f 285 282 205
f 209 285 205
f 283 285 286
f 282 285 283
f 287 284 288
f 287 211 284
f 211 208 284
f 288 289 287
f 290 285 209
f 212 290 209
f 286 290 291
f 285 290 286
f 287 214 211
f 214 287 289
f 214 289 215
f 215 289 292
f 293 290 212
f 216 293 212
f 291 293 294
f 290 293 291
f 295 292 296
f 295 217 292
f 217 215 292
f 296 297 295
f 298 293 216
f 218 298 216
f 294 298 299
f 293 298 294
f 295 219 217
f 297 219 295
f 297 300 219
f 300 220 219
f 218 301 298
f 218 220 301
f 220 300 301
f 298 301 299
f 304 302 303
f 303 302 305
f 302 223 222
f 302 304 223
f 304 306 223
f 222 224 307
f 302 222 307
f 302 307 308
f 302 308 305
f 308 307 309
f 306 310 223
f 310 226 223
f 311 307 224
f 227 311 224
f 309 311 312
f 307 311 309
f 228 314 313
f 228 226 314
f 226 310 314
f 231 230 311
f 231 311 313
f 227 228 311
f 228 313 311
f 230 232 315
f 311 230 315
f 311 315 316
f 311 316 312
f 316 315 317
f 313 235 234
f 313 314 235
f 314 318 235
f 313 234 231
f 319 315 232
f 237 319 232
f 317 319 320
f 315 319 317
f 323 321 322
f 322 321 239
f 322 239 318
f 318 239 235
f 319 237 242
f 242 320 319
f 242 243 320
f 243 324 320
f 321 323 326
f 245 325 246
f 325 245 239
f 325 239 327
f 321 326 239
f 326 327 239
f 330 329 328
f 329 248 328
f 329 324 248
f 324 243 248
f 331 246 325
f 250 246 331
f 327 332 331
f 325 327 331
f 334 330 328
f 333 334 328
f 328 252 333
f 248 252 328
f 335 250 331
f 253 250 335
f 332 337 336
f 332 336 331
f 331 336 335
f 337 338 336
f 333 254 255
f 333 255 334
f 334 255 339
f 333 252 254
f 335 257 253
f 257 340 258
f 257 335 340
f 335 336 340
f 338 342 341
f 338 341 336
f 336 341 340
f 342 259 341
f 342 339 259
f 339 255 259
f 343 258 340
f 260 258 343
f 263 341 262
f 263 343 341
f 343 340 341
f 341 259 262
f 343 265 260
f 343 263 265
f 346 344 345
f 345 347 348
f 344 347 345
f 348 347 349
f 352 350 351
f 351 344 346
f 351 350 344
f 350 353 344
f 344 353 347
f 347 353 354
f 349 354 355
f 347 354 349
f 357 350 352
f 356 350 357
f 269 268 353
f 269 353 356
f 356 353 350
f 268 270 358
f 268 358 353
f 353 358 354
f 355 359 360
f 355 354 359
f 354 358 359
f 360 359 361
f 356 273 272
f 356 357 273
f 357 362 273
f 356 272 269
f 358 270 276
f 359 358 276
f 278 359 276
f 278 361 359
f 278 279 361
f 279 363 361
f 362 364 273
f 364 281 273
f 363 279 365
f 365 279 283
f 364 366 281
f 366 284 281
f 365 283 367
f 367 283 286
f 366 288 284
f 368 288 366
f 288 368 369
f 289 288 369
f 367 286 370
f 370 286 291
f 369 371 289
f 371 292 289
f 370 291 372
f 372 291 294
f 371 296 292
f 373 296 371
f 296 373 374
f 297 296 374
f 372 294 375
f 375 294 299
f 374 300 297
f 376 300 374
f 378 377 301
f 378 301 376
f 376 301 300
f 377 299 301
f 377 379 299
f 379 375 299
f 303 380 304
f 382 377 378
f 382 381 377
f 305 380 303
f 379 381 383
f 377 381 379
f 384 304 380
f 384 385 304
f 385 306 304
f 381 382 384
f 381 384 308
f 380 305 384
f 305 308 384
f 308 309 386
f 381 308 386
f 381 386 387
f 381 387 383
f 387 386 388
f 391 389 390
f 390 389 310
f 390 310 385
f 385 310 306
f 392 386 309
f 312 392 309
f 388 392 393
f 386 392 388
f 395 389 391
f 394 389 395
f 389 394 314
f 310 389 314
f 392 312 316
f 316 393 392
f 316 317 393
f 317 396 393
f 395 397 394
f 394 397 398
f 394 398 314
f 314 398 318
f 396 317 399
f 399 317 320
f 322 400 323
f 400 322 318
f 400 318 401
f 401 318 398
f 404 403 402
f 403 324 402
f 403 399 324
f 399 320 324
f 400 326 323
f 326 405 327
f 400 405 326
f 400 406 405
f 400 401 406
f 406 407 405
f 402 329 330
f 402 330 404
f 404 330 408
f 402 324 329
f 409 327 405
f 332 327 409
f 407 411 410
f 407 410 405
f 405 410 409
f 411 334 410
f 411 408 334
f 408 330 334
f 409 337 332
f 337 412 338
f 337 409 412
f 409 410 412
f 410 339 412
f 334 339 410
f 412 342 338
f 412 339 342
f 415 413 414
f 414 416 417
f 413 416 414
f 417 416 418
f 421 419 420
f 420 413 415
f 420 419 413
f 419 422 413
f 413 422 416
f 416 422 423
f 418 424 425
f 418 416 424
f 416 423 424
f 425 424 426
f 428 419 421
f 427 419 428
f 419 427 422
f 422 427 429
f 422 429 423
f 423 429 430
f 423 430 424
f 424 430 431
f 426 431 432
f 424 431 426
f 434 427 428
f 433 427 434
f 427 433 429
f 429 433 435
f 346 345 430
f 346 430 435
f 435 430 429
f 431 430 345
f 348 431 345
f 348 432 431
f 348 349 432
f 349 436 432
f 438 433 434
f 437 433 438
f 352 351 435
f 352 435 437
f 437 435 433
f 435 351 346
f 439 440 436
f 439 436 355
f 355 436 349
f 440 439 441
f 443 437 438
f 442 437 443
f 437 442 357
f 352 437 357
f 439 355 360
f 360 441 439
f 360 361 441
f 361 444 441
f 446 442 443
f 445 442 446
f 442 445 362
f 357 442 362
f 447 448 444
f 447 444 363
f 363 444 361
f 448 447 449
f 446 450 445
f 445 450 451
f 445 451 362
f 362 451 364
f 452 447 363
f 365 452 363
f 449 452 453
f 447 452 449
f 451 454 364
f 454 366 364
f 455 452 365
f 455 365 456
f 456 365 367
f 452 455 453
f 368 458 457
f 368 366 458
f 366 454 458
f 368 457 369
f 456 367 459
f 459 367 370
f 458 460 457
f 457 460 461
f 457 461 369
f 369 461 371
f 459 370 462
f 462 370 372
f 373 464 463
f 373 371 464
f 371 461 464
f 373 463 374
f 462 372 465
f 465 372 375
f 464 466 463
f 468 467 376
f 466 468 376
f 466 376 374
f 466 374 463
f 376 467 378
f 465 375 469
f 469 375 379
f 468 470 467
f 467 470 471
f 467 471 378
f 378 471 382
f 472 473 469
f 472 469 383
f 383 469 379
f 473 472 474
f 385 475 476
f 384 475 385
f 475 384 382
f 471 475 382
f 472 383 387
f 387 474 472
f 387 388 474
f 388 477 474
f 391 478 479
f 390 478 391
f 478 390 385
f 476 478 385
f 477 388 480
f 480 388 393
f 479 481 391
f 481 395 391
f 484 483 482
f 483 396 482
f 483 480 396
f 480 393 396
f 481 397 395
f 485 397 481
f 397 485 486
f 398 397 486
f 488 484 482
f 487 488 482
f 482 399 487
f 396 399 482
f 489 486 490
f 489 401 486
f 401 398 486
f 490 492 491
f 489 490 491
f 487 403 404
f 488 487 404
f 488 404 491
f 488 491 492
f 487 399 403
f 489 406 401
f 406 493 407
f 406 489 493
f 489 491 493
f 491 408 493
f 404 408 491
f 493 411 407
f 493 408 411
f 496 494 495
f 495 497 498
f 494 497 495
f 498 499 500
f 497 499 498
f 500 499 501
f 503 494 496
f 502 494 503
f 494 502 497
f 497 502 504
f 497 504 499
f 499 504 505
f 501 506 507
f 501 499 506
f 499 505 506
f 507 506 508
f 511 509 510
f 510 502 503
f 510 509 502
f 509 512 502
f 415 414 504
f 415 504 512
f 512 504 502
f 505 504 414
f 417 505 414
f 417 418 513
f 417 513 505
f 505 513 506
f 508 513 514
f 506 513 508
f 516 509 511
f 515 509 516
f 421 420 512
f 421 512 515
f 515 512 509
f 512 420 415
f 513 418 425
f 425 514 513
f 425 426 514
f 426 517 514
f 519 515 516
f 518 515 519
f 515 518 428
f 421 515 428
f 520 521 517
f 520 517 432
f 432 517 426
f 521 520 522
f 524 518 519
f 523 518 524
f 518 523 434
f 428 518 434
f 525 520 432
f 436 525 432
f 522 525 526
f 520 525 522
f 524 527 523
f 523 527 528
f 523 528 434
f 434 528 438
f 525 436 440
f 440 526 525
f 440 441 526
f 441 529 526
f 528 530 438
f 530 443 438
f 531 532 529
f 531 529 444
f 444 529 441
f 532 531 533
f 530 534 443
f 534 446 443
f 531 444 448
f 448 533 531
f 448 449 533
f 449 535 533
f 450 537 536
f 450 446 537
f 446 534 537
f 450 536 451
f 540 539 538
f 539 453 538
f 539 535 453
f 535 449 453
f 537 541 536
f 536 541 542
f 536 542 451
f 451 542 454
f 538 455 456
f 538 456 540
f 540 456 543
f 538 453 455
f 542 544 454
f 544 458 454
f 543 456 545
f 545 456 459
f 544 460 458
f 546 460 544
f 460 546 547
f 461 460 547
f 548 549 545
f 548 545 462
f 462 545 459
f 549 548 550
f 547 551 461
f 551 464 461
f 552 548 462
f 465 552 462
f 550 552 553
f 548 552 550
f 551 466 464
f 554 466 551
f 466 554 555
f 468 466 555
f 556 552 465
f 556 465 557
f 557 465 469
f 552 556 553
f 555 470 468
f 558 470 555
f 470 558 559
f 471 470 559
f 473 560 561
f 473 561 469
f 469 561 557
f 473 474 560
f 475 562 476
f 562 475 471
f 562 471 563
f 563 471 559
f 565 561 560
f 564 565 560
f 560 477 564
f 474 477 560
f 479 566 567
f 478 566 479
f 476 562 568
f 476 568 478
f 478 568 566
f 562 563 568
f 570 565 564
f 569 570 564
f 564 480 569
f 477 480 564
f 567 571 479
f 571 481 479
f 572 573 570
f 572 570 484
f 569 483 570
f 483 484 570
f 569 480 483
f 573 572 574
f 485 576 575
f 485 481 576
f 481 571 576
f 485 575 486
f 577 572 484
f 577 484 578
f 578 484 488
f 572 577 574
f 576 579 575
f 581 580 490
f 579 581 490
f 579 490 486
f 579 486 575
f 580 583 582
f 580 582 490
f 490 582 492
f 582 488 492
f 578 488 582
f 581 584 580
f 580 584 583
f 587 585 586
f 586 585 588
f 590 585 587
f 589 585 590
f 588 589 591
f 585 589 588
f 593 589 590
f 592 589 593
f 591 592 594
f 589 592 591
f 597 595 596
f 596 592 593
f 596 595 592
f 595 598 592
f 594 598 599
f 592 598 594
f 601 595 597
f 600 595 601
f 595 600 598
f 598 600 602
f 599 602 603
f 598 602 599
f 605 600 601
f 604 600 605
f 600 604 602
f 602 604 606
f 603 606 607
f 602 606 603
f 609 604 605
f 608 604 609
f 604 608 606
f 606 608 610
f 607 610 611
f 606 610 607
f 613 608 609
f 612 608 613
f 608 612 610
f 610 612 614
f 611 614 615
f 610 614 611
f 617 612 613
f 616 612 617
f 612 616 614
f 614 616 618
f 615 618 619
f 614 618 615
f 621 616 617
f 620 616 621
f 622 620 623
f 622 618 620
f 618 616 620
f 618 622 619
f 625 620 621
f 624 620 625
f 623 624 626
f 620 624 623
f 629 627 628
f 628 627 630
f 629 631 627
f 630 627 631
f 633 634 632
f 633 632 635
f 634 636 632
f 632 636 635
f 639 637 638
f 638 640 641
f 637 640 638
f 641 642 643
f 640 642 641
f 643 644 645
f 642 644 643
f 645 644 646
f 648 637 639
f 647 637 648
f 496 495 640
f 496 640 647
f 647 640 637
f 642 640 495
f 498 642 495
f 644 642 498
f 500 644 498
f 500 501 649
f 644 500 649
f 644 649 650
f 644 650 646
f 650 649 651
f 654 652 653
f 653 647 648
f 653 652 647
f 652 655 647
f 647 655 503
f 496 647 503
f 649 501 507
f 507 651 649
f 507 508 651
f 508 656 651
f 658 652 654
f 657 652 658
f 511 510 655
f 511 655 657
f 657 655 652
f 655 510 503
f 656 508 659
f 659 508 514
f 661 657 658
f 660 657 661
f 657 660 516
f 511 657 516
f 662 663 659
f 662 659 517
f 517 659 514
f 663 662 664
f 661 665 660
f 660 665 666
f 660 666 516
f 516 666 519
f 662 517 521
f 521 664 662
f 521 522 664
f 522 667 664
f 666 668 519
f 668 524 519
f 667 522 669
f 669 522 526
f 527 671 670
f 527 524 671
f 524 668 671
f 527 670 528
f 669 526 672
f 672 526 529
f 671 673 670
f 670 673 674
f 670 674 528
f 528 674 530
f 532 675 676
f 532 676 529
f 529 676 672
f 532 533 675
f 674 677 530
f 677 534 530
f 679 676 675
f 678 679 675
f 675 535 678
f 533 535 675
f 677 680 534
f 680 537 534
f 678 539 540
f 678 540 679
f 679 540 681
f 678 535 539
f 680 541 537
f 682 541 680
f 541 682 683
f 542 541 683
f 684 685 681
f 684 681 543
f 543 681 540
f 685 684 686
f 683 687 542
f 687 544 542
f 688 684 543
f 545 688 543
f 686 688 689
f 684 688 686
f 546 691 690
f 546 544 691
f 544 687 691
f 546 690 547
f 688 545 549
f 549 689 688
f 549 550 689
f 550 692 689
f 691 693 690
f 690 693 694
f 690 694 547
f 547 694 551
f 692 550 695
f 695 550 553
f 554 697 696
f 554 551 697
f 551 694 697
f 554 696 555
f 556 557 698
f 698 553 556
f 698 699 553
f 699 695 553
f 697 700 696
f 702 701 558
f 700 702 558
f 700 558 555
f 700 555 696
f 703 559 558
f 703 558 704
f 701 705 558
f 705 704 558
f 703 704 706
f 703 706 557
f 703 557 561
f 698 557 706
f 698 706 699
f 702 707 701
f 559 708 563
f 559 703 708
f 705 701 707
f 703 565 708
f 561 565 703
f 566 709 567
f 568 709 566
f 710 709 568
f 563 710 568
f 563 708 710
f 708 711 710
f 708 570 711
f 565 570 708
f 712 567 709
f 712 713 567
f 713 571 567
f 709 710 714
f 712 709 714
f 710 711 715
f 714 710 715
f 711 570 573
f 711 573 715
f 715 573 716
f 573 717 716
f 574 717 573
f 713 718 571
f 718 576 571
f 577 578 719
f 719 574 577
f 719 720 574
f 720 717 574
f 718 579 576
f 721 579 718
f 579 721 722
f 581 579 722
f 582 583 723
f 578 582 723
f 578 723 719
f 719 723 724
f 720 724 725
f 719 724 720
f 722 584 581
f 726 584 722
f 583 584 726
f 583 726 727
f 583 727 723
f 727 726 728
f 723 727 724
f 724 727 729
f 725 729 730
f 724 729 725
f 732 727 728
f 731 727 732
f 587 586 729
f 587 729 731
f 731 729 727
f 586 730 729
f 586 588 730
f 588 733 730
f 736 734 735
f 735 731 732
f 735 734 731
f 734 737 731
f 731 737 590
f 587 731 590
f 733 588 738
f 738 588 591
f 740 734 736
f 739 734 740
f 734 739 737
f 737 739 741
f 737 741 593
f 590 737 593
f 742 743 738
f 742 738 594
f 594 738 591
f 743 742 744
f 746 739 740
f 745 739 746
f 597 596 741
f 597 741 745
f 745 741 739
f 741 596 593
f 747 742 594
f 599 747 594
f 744 747 748
f 742 747 744
f 750 745 746
f 749 745 750
f 745 749 601
f 597 745 601
f 751 747 599
f 603 751 599
f 748 751 752
f 747 751 748
f 754 749 750
f 753 749 754
f 749 753 605
f 601 749 605
f 755 751 603
f 755 603 756
f 756 603 607
f 751 755 752
f 758 753 754
f 757 753 758
f 753 757 609
f 605 753 609
f 756 607 759
f 759 607 611
f 758 760 757
f 757 760 761
f 757 761 609
f 609 761 613
f 759 611 762
f 762 611 615
f 761 763 613
f 763 617 613
f 762 615 764
f 764 615 619
f 763 765 617
f 765 621 617
f 623 767 766
f 622 623 766
f 766 619 622
f 764 619 766
f 765 768 621
f 768 625 621
f 767 623 769
f 769 623 626
f 772 770 771
f 771 770 773
f 770 629 628
f 770 772 629
f 772 774 629
f 628 630 775
f 770 628 775
f 770 775 776
f 770 776 773
f 776 775 777
f 631 779 778
f 631 629 779
f 629 774 779
f 634 633 775
f 634 775 778
f 630 631 775
f 631 778 775
f 633 777 775
f 633 635 777
f 635 780 777
f 779 781 778
f 783 782 636
f 781 783 636
f 781 636 634
f 781 634 778
f 785 780 635
f 785 635 782
f 785 782 784
f 636 782 635
f 785 786 787
f 784 786 785
f 787 786 788
f 791 789 790
f 790 782 783
f 790 789 782
f 789 792 782
f 782 792 784
f 784 792 793
f 784 793 786
f 786 793 794
f 788 795 796
f 788 786 795
f 786 794 795
f 796 795 797
f 799 789 791
f 798 789 799
f 639 638 792
f 639 792 798
f 798 792 789
f 793 792 638
f 641 793 638
f 794 793 641
f 643 794 641
f 795 794 643
f 645 795 643
f 645 646 800
f 795 645 800
f 795 800 801
f 795 801 797
f 801 800 802
f 805 803 804
f 804 798 799
f 804 803 798
f 803 806 798
f 798 806 648
f 639 798 648
f 800 646 650
f 650 802 800
f 650 651 802
f 651 807 802
f 805 808 803
f 808 809 654
f 808 654 806
f 808 806 803
f 653 806 654
f 806 653 648
f 807 651 810
f 810 651 656
f 809 811 654
f 811 658 654
f 810 656 812
f 812 656 659
f 811 813 658
f 813 661 658
f 812 659 663
f 814 812 663
f 663 815 814
f 664 815 663
f 665 817 816
f 665 661 817
f 661 813 817
f 665 816 666
f 815 664 818
f 818 664 667
f 817 819 816
f 816 819 820
f 816 820 666
f 666 820 668
f 818 667 821
f 821 667 669
f 820 822 668
f 822 671 668
f 821 669 823
f 823 669 672
f 673 825 824
f 673 671 825
f 671 822 825
f 673 824 674
f 823 672 826
f 826 672 676
f 825 827 824
f 824 827 828
f 824 828 674
f 674 828 677
f 826 676 829
f 829 676 679
f 828 830 677
f 830 680 677
f 831 832 829
f 831 829 681
f 681 829 679
f 832 831 833
f 682 835 834
f 682 680 835
f 680 830 835
f 682 834 683
f 831 681 685
f 685 833 831
f 685 686 833
f 686 836 833
f 835 837 834
f 834 837 838
f 834 838 683
f 683 838 687
f 836 686 839
f 839 686 689
f 838 840 687
f 840 691 687
f 839 689 841
f 841 689 692
f 840 693 691
f 842 693 840
f 693 842 843
f 694 693 843
f 841 692 844
f 844 692 695
f 843 845 694
f 845 697 694
f 844 695 846
f 846 695 699
f 845 700 697
f 847 700 845
f 700 847 848
f 702 700 848
f 704 705 849
f 706 704 849
f 850 706 849
f 850 699 706
f 850 851 699
f 851 846 699
f 707 853 852
f 707 702 853
f 702 848 853
f 705 707 852
f 705 852 849
f 849 852 854
f 849 854 850
f 850 854 855
f 851 856 857
f 851 850 856
f 850 855 856
f 857 856 858
f 853 859 852
f 861 852 859
f 861 860 852
f 860 854 852
f 854 860 855
f 855 860 862
f 863 862 864
f 863 856 862
f 856 855 862
f 856 863 858
f 712 865 713
f 865 866 867
f 865 712 866
f 712 714 866
f 860 861 866
f 860 866 715
f 715 866 714
f 862 860 715
f 716 862 715
f 716 864 862
f 716 717 864
f 717 868 864
f 869 713 865
f 869 870 713
f 870 718 713
f 865 867 869
f 871 872 868
f 871 868 720
f 720 868 717
f 872 871 873
f 721 875 874
f 721 718 875
f 718 870 875
f 721 874 722
f 876 871 720
f 725 876 720
f 873 876 877
f 871 876 873
f 875 878 874
f 880 879 726
f 878 880 726
f 878 726 722
f 878 722 874
f 726 879 728
f 881 876 725
f 730 881 725
f 877 881 882
f 876 881 877
f 884 879 880
f 883 879 884
f 879 883 732
f 728 879 732
f 885 881 730
f 733 885 730
f 882 885 886
f 881 885 882
f 883 736 735
f 883 884 736
f 884 887 736
f 883 735 732
f 888 885 733
f 738 888 733
f 886 888 889
f 885 888 886
f 887 890 736
f 890 740 736
f 888 738 743
f 743 889 888
f 743 744 889
f 744 891 889
f 890 892 740
f 892 746 740
f 891 744 893
f 893 744 748
f 892 894 746
f 894 750 746
f 893 748 895
f 895 748 752
f 896 894 897
f 896 754 894
f 754 750 894
f 897 898 896
f 756 900 899
f 755 756 899
f 899 752 755
f 895 752 899
f 901 754 896
f 758 754 901
f 898 902 901
f 896 898 901
f 900 756 903
f 903 756 759
f 901 760 758
f 760 901 902
f 760 902 761
f 761 902 904
f 907 906 905
f 906 762 905
f 906 903 762
f 903 759 762
f 904 908 761
f 908 763 761
f 910 907 905
f 909 910 905
f 905 764 909
f 762 764 905
f 911 908 912
f 911 765 908
f 765 763 908
f 909 766 767
f 910 909 767
f 910 767 911
f 910 911 912
f 909 764 766
f 913 765 911
f 768 765 913
f 911 769 913
f 767 769 911
f 916 914 915
f 915 917 918
f 914 917 915
f 918 919 920
f 917 919 918
f 920 921 922
f 919 921 920
f 922 923 924
f 921 923 922
f 924 923 925
f 927 914 916
f 926 914 927
f 914 926 917
f 917 926 928
f 917 928 919
f 919 928 929
f 919 929 921
f 921 929 930
f 921 930 923
f 923 930 931
f 925 931 932
f 923 931 925
f 934 926 927
f 933 926 934
f 926 933 928
f 928 933 935
f 928 935 929
f 929 935 936
f 929 936 930
f 930 936 937
f 930 937 931
f 931 937 938
f 932 938 939
f 931 938 932
f 941 933 934
f 940 933 941
f 933 940 935
f 935 940 942
f 935 942 936
f 936 942 943
f 936 943 937
f 937 943 944
f 937 944 938
f 938 944 945
f 939 945 946
f 938 945 939
f 941 947 940
f 949 940 947
f 949 948 940
f 948 942 940
f 942 948 943
f 943 948 950
f 943 950 944
f 944 950 951
f 944 951 945
f 945 951 952
f 946 952 953
f 945 952 946
f 955 948 949
f 954 948 955
f 948 954 950
f 950 954 956
f 950 956 951
f 951 956 957
f 951 957 952
f 952 957 958
f 953 958 959
f 952 958 953
f 961 954 955
f 960 954 961
f 954 960 956
f 956 960 962
f 956 962 957
f 957 962 963
f 964 963 965
f 964 958 963
f 958 957 963
f 958 964 959
f 967 960 961
f 966 960 967
f 960 966 962
f 962 966 968
f 962 968 963
f 963 968 969
f 965 970 971
f 965 963 970
f 963 969 970
f 971 970 972
f 974 966 967
f 973 966 974
f 966 973 968
f 968 973 975
f 968 975 969
f 969 975 976
f 969 976 970
f 970 976 977
f 972 977 978
f 970 977 972
f 974 979 973
f 979 980 772
f 979 772 975
f 979 975 973
f 771 975 772
f 771 773 981
f 771 981 975
f 975 981 976
f 982 981 983
f 982 977 981
f 977 976 981
f 977 982 978
f 980 984 772
f 984 774 772
f 981 773 776
f 776 983 981
f 776 777 983
f 777 985 983
f 988 986 987
f 987 989 990
f 986 989 987
f 990 989 779
f 990 779 984
f 984 779 774
f 991 992 985
f 991 985 780
f 780 985 777
f 992 993 994
f 991 993 992
f 994 993 995
f 997 986 988
f 996 986 997
f 986 996 989
f 989 996 998
f 781 779 989
f 781 989 999
f 999 989 998
f 781 999 783
f 991 780 785
f 993 991 785
f 787 993 785
f 787 788 1000
f 993 787 1000
f 993 1000 1001
f 993 1001 995
f 1001 1000 1002
f 1004 996 997
f 1003 996 1004
f 996 1003 998
f 998 1003 1005
f 791 790 999
f 791 999 1005
f 1005 999 998
f 999 790 783
f 1000 788 796
f 796 1002 1000
f 796 797 1002
f 797 1006 1002
f 1004 1007 1003
f 1009 1003 1007
f 1009 1008 1003
f 1008 1005 1003
f 1005 1008 799
f 791 1005 799
f 1006 797 801
f 1010 1006 801
f 801 1011 1010
f 802 1011 801
f 1008 805 804
f 1008 1009 805
f 1009 1012 805
f 1008 804 799
f 1011 802 1013
f 1013 802 807
f 808 1015 1014
f 808 805 1015
f 805 1012 1015
f 808 1014 809
f 1013 807 1016
f 1016 807 810
f 1018 1014 1015
f 1017 1014 1018
f 1014 1017 811
f 809 1014 811
f 1016 810 1019
f 1019 810 812
f 1018 1020 1017
f 1017 1020 1021
f 1017 1021 811
f 811 1021 813
f 814 1022 1023
f 814 1023 812
f 812 1023 1019
f 814 815 1022
f 1021 1024 813
f 1024 817 813
f 1023 1022 1025
f 1022 1026 1025
f 1022 815 1026
f 815 818 1026
f 819 1028 1027
f 819 817 1028
f 817 1024 1028
f 819 1027 820
f 1026 818 1029
f 1029 818 821
f 1028 1030 1027
f 1027 1030 1031
f 1027 1031 820
f 820 1031 822
f 1029 821 1032
f 1032 821 823
f 1031 1033 822
f 1033 825 822
f 1034 1035 1032
f 1034 1032 826
f 826 1032 823
f 1035 1034 1036
f 827 1038 1037
f 827 825 1038
f 825 1033 1038
f 827 1037 828
f 1039 1034 826
f 829 1039 826
f 1036 1039 1040
f 1034 1039 1036
f 1038 1041 1037
f 1037 1041 1042
f 1037 1042 828
f 828 1042 830
f 1039 829 832
f 832 1040 1039
f 832 833 1040
f 833 1043 1040
f 1042 1044 830
f 1044 835 830
f 1043 833 1045
f 1045 833 836
f 1044 837 835
f 1046 837 1044
f 837 1046 1047
f 838 837 1047
f 1045 836 1048
f 1048 836 839
f 1047 1049 838
f 1049 840 838
f 1050 1051 1048
f 1050 1048 841
f 841 1048 839
f 1051 1050 1052
f 842 1054 1053
f 842 840 1054
f 840 1049 1054
f 842 1053 843
f 1055 1050 841
f 844 1055 841
f 1052 1055 1056
f 1050 1055 1052
f 1054 1057 1053
f 1053 1057 1058
f 1053 1058 843
f 843 1058 845
f 1059 1055 844
f 846 1059 844
f 1056 1059 1060
f 1055 1059 1056
f 847 1062 1061
f 847 845 1062
f 845 1058 1062
f 847 1061 848
f 1063 1059 846
f 851 1063 846
f 1060 1063 1064
f 1059 1063 1060
f 1066 1061 1062
f 1065 1061 1066
f 1061 1065 853
f 848 1061 853
f 1063 851 857
f 857 1064 1063
f 857 858 1064
f 858 1067 1064
f 1066 1068 1065
f 1070 1069 859
f 1068 1070 859
f 1068 859 853
f 1068 853 1065
f 859 1069 861
f 863 864 1071
f 1071 858 863
f 1071 1072 858
f 1072 1067 858
f 1069 867 866
f 1069 1070 867
f 1070 1073 867
f 1069 866 861
f 1074 1071 864
f 868 1074 864
f 1072 1074 1075
f 1071 1074 1072
f 869 1076 870
f 1076 869 867
f 1076 867 1077
f 1077 867 1073
f 1074 868 872
f 872 1075 1074
f 872 873 1075
f 873 1078 1075
f 1079 870 1076
f 875 870 1079
f 1077 1080 1079
f 1076 1077 1079
f 1078 873 1081
f 1081 873 877
f 1079 878 875
f 878 1079 1080
f 878 1080 880
f 880 1080 1082
f 1081 877 1083
f 1083 877 882
f 1084 1082 1085
f 1084 884 1082
f 884 880 1082
f 1085 1086 1084
f 1083 882 1087
f 1087 882 886
f 1088 884 1084
f 887 884 1088
f 1086 1089 1088
f 1084 1086 1088
f 1092 1091 1090
f 1091 889 1090
f 1091 1087 889
f 1087 886 889
f 1093 887 1088
f 890 887 1093
f 1089 1094 1093
f 1088 1089 1093
f 1096 1092 1090
f 1095 1096 1090
f 1090 891 1095
f 889 891 1090
f 1097 890 1093
f 892 890 1097
f 1094 1098 1097
f 1093 1094 1097
f 1100 1096 1095
f 1099 1100 1095
f 1095 893 1099
f 891 893 1095
f 1101 892 1097
f 894 892 1101
f 1098 1102 1101
f 1097 1098 1101
f 1105 1104 1103
f 1104 1100 1099
f 1104 1099 1103
f 1103 1099 1106
f 1099 895 1106
f 893 895 1099
f 1101 897 894
f 897 1101 1102
f 897 1102 898
f 898 1102 1107
f 1109 1105 1103
f 1108 1109 1103
f 900 1106 899
f 900 1108 1106
f 1108 1103 1106
f 1106 895 899
f 1110 1107 1111
f 1110 902 1107
f 902 898 1107
f 1111 1109 1108
f 1111 1108 1110
f 1110 1108 1112
f 1108 903 1112
f 900 903 1108
f 1113 902 1110
f 904 902 1113
f 907 1112 906
f 907 1113 1112
f 1113 1110 1112
f 1112 903 906
f 1114 904 1113
f 908 904 1114
f 1113 910 1114
f 907 910 1113
f 1114 912 908
f 1114 910 912
f 916 1115 1116
f 915 1115 916
f 1115 915 1117
f 915 918 1117
f 1117 918 1118
f 918 920 1118
f 1118 920 1119
f 920 922 1119
f 1121 924 1120
f 1121 1119 924
f 1119 922 924
f 924 925 1120
f 1124 1122 1123
f 1123 1122 927
f 1123 927 1116
f 1116 927 916
f 1121 1120 1125
f 1120 925 932
f 1120 932 1127
f 1120 1127 1125
f 1127 932 1126
f 1127 1126 1128
f 1130 1122 1124
f 1129 1122 1130
f 1122 1129 934
f 927 1122 934
f 1131 1126 932
f 939 1131 932
f 1128 1131 1132
f 1126 1131 1128
f 1134 1129 1130
f 1133 1129 1134
f 1129 1133 941
f 934 1129 941
f 1135 1131 939
f 946 1135 939
f 1132 1135 1136
f 1131 1135 1132
f 1134 1137 1133
f 1139 1138 947
f 1137 1139 947
f 1137 947 941
f 1137 941 1133
f 947 1138 949
f 1140 1135 946
f 953 1140 946
f 1136 1140 1141
f 1135 1140 1136
f 1143 1138 1139
f 1142 1138 1143
f 1138 1142 955
f 949 1138 955
f 1144 1140 953
f 959 1144 953
f 1141 1144 1145
f 1140 1144 1141
f 1147 1142 1143
f 1146 1142 1147
f 1142 1146 961
f 955 1142 961
f 964 965 1148
f 1148 1150 1149
f 964 1148 1149
f 964 1149 1144
f 964 1144 959
f 1144 1149 1145
f 1147 1151 1146
f 1146 1151 1152
f 1146 1152 961
f 961 1152 967
f 1148 965 971
f 971 972 1153
f 1148 971 1153
f 1148 1153 1154
f 1148 1154 1150
f 1154 1153 1155
f 1158 1156 1157
f 1157 1159 1160
f 1156 1159 1157
f 1160 1159 974
f 1160 974 1152
f 1152 974 967
f 1161 1153 972
f 978 1161 972
f 1155 1161 1162
f 1153 1161 1155
f 1164 1156 1158
f 1163 1156 1164
f 1156 1163 1159
f 1159 1163 1165
f 979 974 1159
f 979 1159 1166
f 1166 1159 1165
f 979 1166 980
f 982 983 1167
f 978 982 1167
f 978 1167 1161
f 1161 1167 1168
f 1162 1168 1169
f 1161 1168 1162
f 1171 1163 1164
f 1170 1163 1171
f 1163 1170 1165
f 1165 1170 1172
f 1165 1172 1166
f 1166 1172 1173
f 1166 1173 984
f 980 1166 984
f 1174 1167 983
f 985 1174 983
f 1167 1174 1168
f 1168 1174 1175
f 1169 1175 1176
f 1168 1175 1169
f 1178 1170 1171
f 1177 1170 1178
f 988 987 1172
f 988 1172 1177
f 1177 1172 1170
f 1173 1172 987
f 990 1173 987
f 1173 990 984
f 1174 985 992
f 1175 1174 992
f 994 1175 992
f 994 995 1179
f 1175 994 1179
f 1175 1179 1180
f 1175 1180 1176
f 1180 1179 1181
f 1183 1177 1178
f 1182 1177 1183
f 1177 1182 997
f 988 1177 997
f 1179 995 1001
f 1001 1181 1179
f 1001 1002 1181
f 1002 1184 1181
f 1183 1185 1182
f 1182 1185 1186
f 1182 1186 997
f 997 1186 1004
f 1187 1188 1184
f 1187 1184 1006
f 1006 1184 1002
f 1188 1187 1189
f 1007 1191 1190
f 1007 1004 1191
f 1004 1186 1191
f 1007 1190 1009
f 1187 1006 1010
f 1010 1189 1187
f 1010 1011 1189
f 1011 1192 1189
f 1194 1190 1191
f 1193 1190 1194
f 1190 1193 1012
f 1009 1190 1012
f 1192 1011 1195
f 1195 1011 1013
f 1194 1196 1193
f 1193 1196 1197
f 1193 1197 1012
f 1012 1197 1015
f 1195 1013 1198
f 1198 1013 1016
f 1197 1199 1015
f 1199 1018 1015
f 1198 1016 1200
f 1200 1016 1019
f 1020 1202 1201
f 1020 1018 1202
f 1018 1199 1202
f 1020 1201 1021
f 1200 1019 1203
f 1203 1019 1023
f 1202 1204 1201
f 1201 1204 1205
f 1201 1205 1021
f 1021 1205 1024
f 1025 1206 1207
f 1025 1207 1023
f 1023 1207 1203
f 1025 1026 1206
f 1205 1208 1024
f 1208 1028 1024
f 1207 1206 1209
f 1206 1210 1209
f 1206 1026 1210
f 1026 1029 1210
f 1208 1030 1028
f 1211 1030 1208
f 1030 1211 1212
f 1031 1030 1212
f 1210 1029 1213
f 1213 1029 1032
f 1212 1214 1031
f 1214 1033 1031
f 1213 1032 1035
f 1215 1213 1035
f 1035 1216 1215
f 1036 1216 1035
f 1214 1217 1033
f 1217 1038 1033
f 1216 1036 1218
f 1218 1036 1040
f 1217 1041 1038
f 1219 1041 1217
f 1041 1219 1220
f 1042 1041 1220
f 1218 1040 1221
f 1221 1040 1043
f 1220 1222 1042
f 1222 1044 1042
f 1223 1224 1221
f 1223 1221 1045
f 1045 1221 1043
f 1224 1223 1225
f 1046 1227 1226
f 1046 1044 1227
f 1044 1222 1227
f 1046 1226 1047
f 1228 1223 1045
f 1048 1228 1045
f 1225 1228 1229
f 1223 1228 1225
f 1227 1230 1226
f 1226 1230 1231
f 1226 1231 1047
f 1047 1231 1049
f 1228 1048 1051
f 1051 1229 1228
f 1051 1052 1229
f 1052 1232 1229
f 1231 1233 1049
f 1233 1054 1049
f 1232 1052 1234
f 1234 1052 1056
f 1233 1057 1054
f 1235 1057 1233
f 1057 1235 1236
f 1058 1057 1236
f 1234 1056 1237
f 1237 1056 1060
f 1236 1238 1058
f 1238 1062 1058
f 1237 1060 1239
f 1239 1060 1064
f 1238 1240 1062
f 1240 1066 1062
f 1239 1064 1241
f 1241 1064 1067
f 1240 1068 1066
f 1242 1068 1240
f 1068 1242 1243
f 1070 1068 1243
f 1246 1245 1244
f 1245 1072 1244
f 1245 1241 1072
f 1241 1067 1072
f 1247 1243 1248
f 1247 1073 1243
f 1073 1070 1243
f 1248 1249 1247
f 1251 1246 1244
f 1250 1251 1244
f 1244 1075 1250
f 1072 1075 1244
f 1252 1073 1247
f 1252 1253 1073
f 1253 1077 1073
f 1247 1249 1252
f 1255 1251 1250
f 1254 1255 1250
f 1250 1078 1254
f 1075 1078 1250
f 1256 1253 1257
f 1256 1080 1253
f 1080 1077 1253
f 1257 1258 1256
f 1260 1255 1254
f 1259 1260 1254
f 1254 1081 1259
f 1078 1081 1254
f 1261 1080 1256
f 1082 1080 1261
f 1258 1262 1261
f 1256 1258 1261
f 1264 1260 1259
f 1263 1264 1259
f 1259 1083 1263
f 1081 1083 1259
f 1261 1085 1082
f 1085 1265 1086
f 1261 1265 1085
f 1261 1266 1265
f 1261 1262 1266
f 1266 1268 1267
f 1265 1266 1267
f 1268 1264 1263
f 1268 1263 1267
f 1267 1263 1269
f 1263 1087 1269
f 1083 1087 1263
f 1270 1086 1265
f 1089 1086 1270
f 1265 1267 1270
f 1267 1271 1270
f 1092 1269 1091
f 1092 1271 1269
f 1271 1267 1269
f 1269 1087 1091
f 1272 1089 1270
f 1094 1089 1272
f 1270 1271 1272
f 1271 1273 1272
f 1271 1096 1273
f 1092 1096 1271
f 1274 1094 1272
f 1098 1094 1274
f 1272 1273 1274
f 1273 1275 1274
f 1273 1100 1275
f 1096 1100 1273
f 1276 1098 1274
f 1102 1098 1276
f 1105 1275 1104
f 1105 1276 1275
f 1276 1274 1275
f 1275 1100 1104
f 1277 1102 1276
f 1107 1102 1277
f 1276 1109 1277
f 1105 1109 1276
f 1277 1111 1107
f 1277 1109 1111
f 1115 1278 1116
f 1117 1278 1115
f 1279 1278 1117
f 1118 1279 1117
f 1280 1279 1118
f 1119 1280 1118
f 1281 1280 1119
f 1119 1121 1281
f 1124 1282 1283
f 1123 1282 1124
f 1116 1278 1284
f 1116 1284 1123
f 1123 1284 1282
f 1278 1279 1285
f 1284 1278 1285
f 1279 1280 1286
f 1285 1279 1286
f 1280 1281 1287
f 1286 1280 1287
f 1281 1121 1125
f 1281 1125 1287
f 1287 1125 1288
f 1290 1127 1289
f 1290 1288 1127
f 1288 1125 1127
f 1127 1128 1289
f 1283 1291 1124
f 1291 1130 1124
f 1290 1289 1292
f 1289 1293 1292
f 1289 1128 1293
f 1128 1132 1293
f 1291 1294 1130
f 1294 1134 1130
f 1295 1296 1293
f 1295 1293 1136
f 1136 1293 1132
f 1296 1295 1297
f 1137 1299 1298
f 1137 1134 1299
f 1134 1294 1299
f 1137 1298 1139
f 1300 1295 1136
f 1141 1300 1136
f 1297 1300 1301
f 1295 1300 1297
f 1303 1298 1299
f 1302 1298 1303
f 1298 1302 1143
f 1139 1298 1143
f 1304 1300 1141
f 1145 1304 1141
f 1301 1304 1305
f 1300 1304 1301
f 1307 1302 1303
f 1306 1302 1307
f 1302 1306 1147
f 1143 1302 1147
f 1149 1150 1308
f 1308 1310 1309
f 1149 1308 1309
f 1149 1309 1304
f 1149 1304 1145
f 1304 1309 1305
f 1312 1306 1307
f 1311 1306 1312
f 1151 1147 1306
f 1151 1306 1313
f 1313 1306 1311
f 1151 1313 1152
f 1308 1150 1154
f 1154 1310 1308
f 1154 1155 1310
f 1155 1314 1310
f 1311 1158 1157
f 1311 1312 1158
f 1312 1315 1158
f 1313 1311 1157
f 1160 1313 1157
f 1313 1160 1152
f 1314 1155 1316
f 1316 1155 1162
f 1319 1317 1318
f 1318 1317 1164
f 1318 1164 1315
f 1315 1164 1158
f 1316 1162 1320
f 1320 1162 1169
f 1319 1321 1317
f 1317 1321 1322
f 1317 1322 1164
f 1164 1322 1171
f 1320 1169 1323
f 1323 1169 1176
f 1322 1324 1171
f 1324 1178 1171
f 1323 1176 1180
f 1325 1323 1180
f 1180 1326 1325
f 1181 1326 1180
f 1324 1327 1178
f 1327 1183 1178
f 1328 1329 1326
f 1328 1326 1184
f 1184 1326 1181
f 1329 1328 1330
f 1185 1332 1331
f 1185 1183 1332
f 1183 1327 1332
f 1185 1331 1186
f 1328 1184 1188
f 1188 1330 1328
f 1188 1189 1330
f 1189 1333 1330
f 1332 1334 1331
f 1331 1334 1335
f 1331 1335 1186
f 1186 1335 1191
f 1333 1189 1336
f 1336 1189 1192
f 1335 1337 1191
f 1337 1194 1191
f 1336 1192 1338
f 1338 1192 1195
f 1196 1340 1339
f 1196 1194 1340
f 1194 1337 1340
f 1196 1339 1197
f 1338 1195 1341
f 1341 1195 1198
f 1340 1342 1339
f 1339 1342 1343
f 1339 1343 1197
f 1197 1343 1199
f 1344 1345 1341
f 1344 1341 1200
f 1200 1341 1198
f 1345 1344 1346
f 1343 1347 1199
f 1347 1202 1199
f 1348 1344 1200
f 1203 1348 1200
f 1346 1348 1349
f 1344 1348 1346
f 1347 1204 1202
f 1350 1204 1347
f 1204 1350 1351
f 1205 1204 1351
f 1352 1348 1203
f 1207 1352 1203
f 1349 1352 1353
f 1348 1352 1349
f 1351 1354 1205
f 1354 1208 1205
f 1352 1207 1209
f 1209 1353 1352
f 1209 1210 1353
f 1210 1355 1353
f 1211 1357 1356
f 1211 1208 1357
f 1208 1354 1357
f 1211 1356 1212
f 1355 1210 1358
f 1358 1210 1213
f 1357 1359 1356
f 1356 1359 1360
f 1356 1360 1212
f 1212 1360 1214
f 1215 1361 1362
f 1215 1362 1213
f 1213 1362 1358
f 1215 1216 1361
f 1360 1363 1214
f 1363 1217 1214
f 1362 1361 1364
f 1361 1365 1364
f 1361 1216 1365
f 1216 1218 1365
f 1363 1219 1217
f 1366 1219 1363
f 1219 1366 1367
f 1220 1219 1367
f 1365 1218 1368
f 1368 1218 1221
f 1367 1369 1220
f 1369 1222 1220
f 1368 1221 1224
f 1370 1368 1224
f 1224 1371 1370
f 1225 1371 1224
f 1372 1369 1373
f 1372 1227 1369
f 1227 1222 1369
f 1373 1374 1372
f 1371 1225 1375
f 1375 1225 1229
f 1372 1230 1227
f 1230 1372 1374
f 1230 1374 1231
f 1231 1374 1376
f 1375 1229 1377
f 1377 1229 1232
f 1376 1378 1231
f 1378 1233 1231
f 1377 1232 1379
f 1379 1232 1234
f 1235 1381 1380
f 1235 1233 1381
f 1233 1378 1381
f 1235 1380 1236
f 1379 1234 1382
f 1382 1234 1237
f 1381 1383 1380
f 1380 1383 1384
f 1380 1384 1236
f 1236 1384 1238
f 1382 1237 1385
f 1385 1237 1239
f 1384 1386 1238
f 1386 1240 1238
f 1385 1239 1387
f 1387 1239 1241
f 1386 1242 1240
f 1388 1242 1386
f 1389 1243 1242
f 1389 1242 1390
f 1390 1242 1388
f 1390 1391 1389
f 1394 1393 1392
f 1246 1392 1393
f 1246 1393 1245
f 1245 1393 1395
f 1395 1241 1245
f 1387 1241 1395
f 1389 1248 1243
f 1248 1396 1249
f 1389 1396 1248
f 1389 1397 1396
f 1389 1391 1397
f 1397 1394 1392
f 1397 1392 1396
f 1396 1392 1398
f 1392 1251 1398
f 1246 1251 1392
f 1252 1399 1253
f 1249 1399 1252
f 1249 1396 1399
f 1396 1400 1399
f 1396 1398 1400
f 1398 1401 1400
f 1398 1255 1401
f 1251 1255 1398
f 1399 1257 1253
f 1402 1399 1400
f 1402 1258 1399
f 1402 1403 1258
f 1258 1257 1399
f 1405 1402 1400
f 1405 1400 1404
f 1404 1400 1401
f 1401 1260 1404
f 1255 1260 1401
f 1406 1403 1407
f 1406 1262 1403
f 1262 1258 1403
f 1407 1405 1404
f 1407 1404 1406
f 1406 1404 1408
f 1404 1264 1408
f 1260 1264 1404
f 1406 1266 1262
f 1408 1266 1406
f 1268 1266 1408
f 1408 1264 1268
f 1283 1409 1410
f 1282 1409 1283
f 1409 1282 1411
f 1282 1284 1411
f 1411 1284 1412
f 1284 1285 1412
f 1412 1285 1413
f 1285 1286 1413
f 1413 1286 1414
f 1286 1287 1414
f 1416 1288 1415
f 1416 1414 1288
f 1414 1287 1288
f 1288 1290 1415
f 1410 1417 1283
f 1417 1291 1283
f 1416 1415 1418
f 1420 1292 1419
f 1418 1292 1420
f 1418 1290 1292
f 1418 1415 1290
f 1419 1292 1293
f 1423 1421 1422
f 1422 1424 1425
f 1421 1424 1422
f 1425 1424 1426
f 1417 1427 1291
f 1427 1294 1291
f 1420 1419 1428
f 1421 1423 1428
f 1421 1428 1296
f 1419 1293 1428
f 1293 1296 1428
f 1429 1424 1421
f 1429 1421 1297
f 1429 1297 1430
f 1297 1421 1296
f 1424 1429 1426
f 1427 1431 1294
f 1431 1299 1294
f 1430 1297 1432
f 1432 1297 1301
f 1431 1433 1299
f 1433 1303 1299
f 1432 1301 1434
f 1434 1301 1305
f 1433 1435 1303
f 1435 1307 1303
f 1309 1310 1436
f 1436 1305 1309
f 1436 1437 1305
f 1437 1434 1305
f 1435 1438 1307
f 1438 1312 1307
f 1439 1436 1310
f 1314 1439 1310
f 1437 1439 1440
f 1436 1439 1437
f 1438 1441 1312
f 1441 1315 1312
f 1442 1439 1314
f 1316 1442 1314
f 1440 1442 1443
f 1439 1442 1440
f 1319 1444 1445
f 1318 1444 1319
f 1444 1318 1315
f 1441 1444 1315
f 1446 1442 1316
f 1320 1446 1316
f 1443 1446 1447
f 1442 1446 1443
f 1321 1449 1448
f 1321 1319 1449
f 1319 1445 1449
f 1321 1448 1322
f 1450 1446 1320
f 1323 1450 1320
f 1447 1450 1451
f 1446 1450 1447
f 1449 1452 1448
f 1448 1452 1453
f 1448 1453 1322
f 1322 1453 1324
f 1450 1323 1325
f 1325 1451 1450
f 1325 1326 1451
f 1326 1454 1451
f 1453 1455 1324
f 1455 1327 1324
f 1454 1326 1329
f 1456 1454 1329
f 1329 1457 1456
f 1330 1457 1329
f 1455 1458 1327
f 1458 1332 1327
f 1457 1330 1459
f 1459 1330 1333
f 1458 1334 1332
f 1460 1334 1458
f 1334 1460 1461
f 1335 1334 1461
f 1462 1463 1459
f 1462 1459 1336
f 1336 1459 1333
f 1463 1462 1464
f 1461 1465 1335
f 1465 1337 1335
f 1466 1462 1336
f 1338 1466 1336
f 1464 1466 1467
f 1462 1466 1464
f 1465 1468 1337
f 1468 1340 1337
f 1469 1466 1338
f 1341 1469 1338
f 1467 1469 1470
f 1466 1469 1467
f 1468 1342 1340
f 1471 1342 1468
f 1342 1471 1472
f 1343 1342 1472
f 1469 1341 1345
f 1345 1470 1469
f 1345 1346 1470
f 1346 1473 1470
f 1472 1474 1343
f 1474 1347 1343
f 1473 1346 1475
f 1475 1346 1349
f 1474 1350 1347
f 1476 1350 1474
f 1350 1476 1477
f 1351 1350 1477
f 1475 1349 1478
f 1478 1349 1353
f 1477 1479 1351
f 1479 1354 1351
f 1478 1353 1480
f 1480 1353 1355
f 1479 1481 1354
f 1481 1357 1354
f 1480 1355 1482
f 1482 1355 1358
f 1481 1359 1357
f 1483 1359 1481
f 1359 1483 1484
f 1360 1359 1484
f 1485 1486 1482
f 1485 1482 1362
f 1362 1482 1358
f 1486 1485 1487
f 1484 1488 1360
f 1488 1363 1360
f 1485 1362 1364
f 1364 1487 1485
f 1364 1365 1487
f 1365 1489 1487
f 1488 1366 1363
f 1490 1366 1488
f 1366 1490 1491
f 1367 1366 1491
f 1492 1493 1489
f 1492 1489 1368
f 1368 1489 1365
f 1493 1492 1494
f 1491 1495 1367
f 1495 1369 1367
f 1492 1368 1370
f 1370 1494 1492
f 1370 1371 1494
f 1371 1496 1494
f 1495 1373 1369
f 1497 1373 1495
f 1373 1497 1498
f 1374 1373 1498
f 1496 1371 1499
f 1499 1371 1375
f 1498 1500 1374
f 1500 1376 1374
f 1499 1375 1501
f 1501 1375 1377
f 1500 1502 1376
f 1502 1378 1376
f 1501 1377 1503
f 1503 1377 1379
f 1504 1502 1505
f 1504 1381 1502
f 1381 1378 1502
f 1505 1506 1504
f 1503 1379 1507
f 1507 1379 1382
f 1504 1383 1381
f 1383 1504 1506
f 1383 1506 1384
f 1384 1506 1508
f 1507 1382 1509
f 1509 1382 1385
f 1508 1510 1384
f 1510 1386 1384
f 1509 1385 1511
f 1511 1385 1387
f 1510 1388 1386
f 1512 1388 1510
f 1512 1513 1388
f 1388 1513 1390
f 1514 1391 1390
f 1514 1390 1515
f 1515 1390 1513
f 1394 1514 1515
f 1394 1515 1393
f 1393 1515 1516
f 1516 1517 1393
f 1393 1517 1395
f 1517 1387 1395
f 1511 1387 1517
f 1514 1397 1391
f 1514 1394 1397
f 1402 1518 1403
f 1402 1405 1518
f 1518 1407 1403
f 1518 1405 1407
f 1410 1519 1520
f 1409 1519 1410
f 1522 1411 1521
f 1522 1519 1411
f 1519 1409 1411
f 1412 1521 1411
f 1523 1521 1412
f 1413 1523 1412
f 1524 1523 1413
f 1414 1524 1413
f 1525 1524 1414
f 1414 1416 1525
f 1520 1526 1410
f 1526 1417 1410
f 1522 1521 1527
f 1521 1523 1528
f 1527 1521 1528
f 1523 1524 1529
f 1528 1523 1529
f 1524 1525 1530
f 1529 1524 1530
f 1525 1416 1418
f 1525 1418 1530
f 1530 1418 1531
f 1418 1532 1531
f 1420 1532 1418
f 1423 1533 1534
f 1422 1533 1423
f 1536 1425 1535
f 1536 1533 1425
f 1533 1422 1425
f 1425 1426 1535
f 1526 1537 1417
f 1537 1427 1417
f 1532 1420 1428
f 1538 1532 1428
f 1538 1428 1423
f 1534 1538 1423
f 1535 1429 1430
f 1535 1430 1536
f 1536 1430 1539
f 1535 1426 1429
f 1537 1540 1427
f 1540 1431 1427
f 1539 1430 1541
f 1541 1430 1432
f 1540 1542 1431
f 1542 1433 1431
f 1541 1432 1543
f 1543 1432 1434
f 1542 1544 1433
f 1544 1435 1433
f 1543 1434 1545
f 1545 1434 1437
f 1544 1546 1435
f 1546 1438 1435
f 1545 1437 1547
f 1547 1437 1440
f 1546 1548 1438
f 1548 1441 1438
f 1547 1440 1549
f 1549 1440 1443
f 1444 1550 1445
f 1550 1444 1441
f 1550 1441 1551
f 1551 1441 1548
f 1549 1443 1552
f 1552 1443 1447
f 1553 1445 1550
f 1449 1445 1553
f 1551 1554 1553
f 1550 1551 1553
f 1552 1447 1555
f 1555 1447 1451
f 1553 1452 1449
f 1452 1553 1554
f 1452 1554 1453
f 1453 1554 1556
f 1557 1558 1555
f 1557 1555 1454
f 1454 1555 1451
f 1558 1557 1559
f 1556 1560 1453
f 1560 1455 1453
f 1557 1454 1456
f 1456 1559 1557
f 1456 1457 1559
f 1457 1561 1559
f 1560 1562 1455
f 1562 1458 1455
f 1563 1564 1561
f 1563 1561 1459
f 1459 1561 1457
f 1564 1563 1565
f 1562 1460 1458
f 1566 1460 1562
f 1460 1566 1567
f 1461 1460 1567
f 1563 1459 1463
f 1463 1565 1563
f 1463 1464 1565
f 1464 1568 1565
f 1567 1569 1461
f 1569 1465 1461
f 1568 1464 1570
f 1570 1464 1467
f 1569 1571 1465
f 1571 1468 1465
f 1572 1573 1570
f 1572 1570 1470
f 1470 1570 1467
f 1573 1572 1574
f 1571 1471 1468
f 1575 1471 1571
f 1471 1575 1576
f 1472 1471 1576
f 1577 1572 1470
f 1473 1577 1470
f 1574 1577 1578
f 1572 1577 1574
f 1576 1579 1472
f 1579 1474 1472
f 1580 1577 1473
f 1475 1580 1473
f 1578 1580 1581
f 1577 1580 1578
f 1579 1476 1474
f 1582 1476 1579
f 1476 1582 1583
f 1477 1476 1583
f 1584 1580 1475
f 1478 1584 1475
f 1581 1584 1585
f 1580 1584 1581
f 1583 1586 1477
f 1586 1479 1477
f 1587 1584 1478
f 1587 1478 1588
f 1588 1478 1480
f 1584 1587 1585
f 1589 1586 1590
f 1589 1481 1586
f 1481 1479 1586
f 1590 1591 1589
f 1592 1593 1588
f 1592 1588 1482
f 1482 1588 1480
f 1593 1592 1594
f 1589 1483 1481
f 1483 1589 1591
f 1483 1591 1484
f 1484 1591 1595
f 1592 1482 1486
f 1486 1487 1596
f 1592 1486 1596
f 1592 1596 1597
f 1592 1597 1594
f 1597 1596 1598
f 1595 1599 1484
f 1599 1488 1484
f 1600 1596 1487
f 1489 1600 1487
f 1598 1600 1601
f 1596 1600 1598
f 1599 1490 1488
f 1602 1490 1599
f 1490 1602 1603
f 1491 1490 1603
f 1600 1489 1493
f 1493 1601 1600
f 1493 1494 1601
f 1494 1604 1601
f 1603 1605 1491
f 1605 1495 1491
f 1604 1494 1606
f 1606 1494 1496
f 1605 1497 1495
f 1607 1497 1605
f 1497 1607 1608
f 1498 1497 1608
f 1606 1496 1609
f 1609 1496 1499
f 1608 1610 1498
f 1610 1500 1498
f 1609 1499 1611
f 1611 1499 1501
f 1612 1610 1613
f 1612 1502 1610
f 1502 1500 1610
f 1613 1614 1612
f 1611 1501 1615
f 1615 1501 1503
f 1612 1505 1502
f 1505 1612 1614
f 1505 1614 1506
f 1506 1614 1616
f 1615 1503 1617
f 1617 1503 1507
f 1616 1618 1506
f 1618 1508 1506
f 1617 1507 1619
f 1619 1507 1509
f 1620 1618 1621
f 1620 1510 1618
f 1510 1508 1618
f 1621 1622 1620
f 1625 1624 1623
f 1624 1626 1623
f 1619 1509 1627
f 1627 1509 1511
f 1620 1512 1510
f 1622 1512 1620
f 1622 1628 1512
f 1628 1513 1512
f 1623 1628 1625
f 1623 1515 1628
f 1515 1513 1628
f 1623 1516 1515
f 1623 1630 1516
f 1623 1626 1630
f 1629 1516 1630
f 1517 1516 1629
f 1631 1517 1629
f 1631 1511 1517
f 1631 1632 1511
f 1632 1627 1511
f 1634 1629 1630
f 1633 1629 1634
f 1629 1633 1631
f 1631 1633 1635
f 1632 1636 1637
f 1632 1631 1636
f 1631 1635 1636
f 1637 1636 1638
f 1640 1633 1634
f 1639 1633 1640
f 1633 1639 1635
f 1635 1639 1641
f 1635 1641 1636
f 1636 1641 1642
f 1638 1642 1643
f 1636 1642 1638
f 1645 1639 1640
f 1644 1639 1645
f 1639 1644 1641
f 1641 1644 1646
f 1641 1646 1642
f 1642 1646 1647
f 1643 1647 1648
f 1642 1647 1643
f 1650 1644 1645
f 1649 1644 1650
f 1644 1649 1646
f 1646 1649 1651
f 1646 1651 1647
f 1647 1651 1652
f 1648 1652 1653
f 1647 1652 1648
f 1650 1654 1649
f 1656 1649 1654
f 1656 1655 1649
f 1655 1651 1649
f 1651 1655 1652
f 1652 1655 1657
f 1653 1657 1658
f 1652 1657 1653
f 1660 1655 1656
f 1659 1655 1660
f 1655 1659 1657
f 1657 1659 1661
f 1658 1661 1662
f 1657 1661 1658
f 1664 1659 1660
f 1663 1659 1664
f 1659 1663 1661
f 1661 1663 1665
f 1662 1665 1666
f 1661 1665 1662
f 1668 1663 1664
f 1667 1663 1668
f 1663 1667 1665
f 1665 1667 1669
f 1666 1669 1670
f 1665 1669 1666
f 1672 1667 1668
f 1671 1667 1672
f 1667 1671 1669
f 1669 1671 1673
f 1670 1673 1674
f 1669 1673 1670
f 1676 1671 1672
f 1675 1671 1676
f 1671 1675 1673
f 1673 1675 1677
f 1674 1677 1678
f 1673 1677 1674
f 1680 1675 1676
f 1679 1675 1680
f 1675 1679 1677
f 1677 1679 1681
f 1678 1681 1682
f 1677 1681 1678
f 1680 1683 1679
f 1679 1684 1681
f 1683 1684 1679
f 1681 1684 1682
f 1519 1685 1520
f 1519 1522 1685
f 1686 1520 1685
f 1686 1687 1520
f 1687 1526 1520
f 1685 1522 1527
f 1685 1527 1686
f 1686 1527 1688
f 1688 1527 1689
f 1527 1528 1689
f 1689 1528 1690
f 1528 1529 1690
f 1690 1529 1691
f 1529 1530 1691
f 1693 1531 1692
f 1693 1691 1531
f 1691 1530 1531
f 1531 1532 1692
f 1533 1694 1534
f 1533 1536 1694
f 1687 1695 1526
f 1695 1537 1526
f 1693 1692 1696
f 1692 1532 1538
f 1692 1538 1696
f 1696 1538 1697
f 1534 1694 1698
f 1534 1698 1538
f 1538 1698 1697
f 1694 1699 1698
f 1694 1536 1699
f 1536 1539 1699
f 1695 1700 1537
f 1700 1540 1537
f 1699 1539 1701
f 1701 1539 1541
f 1700 1702 1540
f 1702 1542 1540
f 1701 1541 1703
f 1703 1541 1543
f 1702 1704 1542
f 1704 1544 1542
f 1703 1543 1705
f 1705 1543 1545
f 1704 1706 1544
f 1706 1546 1544
f 1705 1545 1707
f 1707 1545 1547
f 1706 1708 1546
f 1708 1548 1546
f 1707 1547 1709
f 1709 1547 1549
f 1708 1710 1548
f 1710 1551 1548
f 1709 1549 1711
f 1711 1549 1552
f 1710 1712 1551
f 1712 1554 1551
f 1711 1552 1713
f 1713 1552 1555
f 1712 1714 1554
f 1714 1556 1554
f 1558 1715 1716
f 1558 1716 1555
f 1555 1716 1713
f 1558 1559 1715
f 1714 1717 1556
f 1717 1560 1556
f 1716 1715 1718
f 1715 1719 1718
f 1715 1559 1719
f 1559 1561 1719
f 1720 1717 1721
f 1720 1562 1717
f 1562 1560 1717
f 1721 1722 1720
f 1719 1561 1564
f 1723 1719 1564
f 1564 1724 1723
f 1565 1724 1564
f 1720 1566 1562
f 1566 1720 1722
f 1566 1722 1567
f 1567 1722 1725
f 1726 1727 1724
f 1726 1724 1568
f 1568 1724 1565
f 1727 1726 1728
f 1725 1729 1567
f 1729 1569 1567
f 1730 1726 1568
f 1570 1730 1568
f 1728 1730 1731
f 1726 1730 1728
f 1729 1732 1569
f 1732 1571 1569
f 1730 1570 1573
f 1573 1731 1730
f 1573 1574 1731
f 1574 1733 1731
f 1732 1575 1571
f 1734 1575 1732
f 1575 1734 1735
f 1576 1575 1735
f 1733 1574 1736
f 1736 1574 1578
f 1735 1737 1576
f 1737 1579 1576
f 1736 1578 1738
f 1738 1578 1581
f 1737 1582 1579
f 1739 1582 1737
f 1582 1739 1740
f 1583 1582 1740
f 1738 1581 1741
f 1741 1581 1585
f 1740 1742 1583
f 1742 1586 1583
f 1587 1588 1743
f 1743 1585 1587
f 1743 1744 1585
f 1744 1741 1585
f 1742 1590 1586
f 1745 1590 1742
f 1590 1745 1746
f 1591 1590 1746
f 1743 1588 1593
f 1593 1594 1747
f 1743 1593 1747
f 1743 1747 1748
f 1743 1748 1744
f 1748 1747 1749
f 1746 1750 1591
f 1750 1595 1591
f 1747 1594 1597
f 1597 1749 1747
f 1597 1598 1749
f 1598 1751 1749
f 1752 1750 1753
f 1752 1599 1750
f 1599 1595 1750
f 1753 1754 1752
f 1751 1598 1755
f 1755 1598 1601
f 1752 1602 1599
f 1602 1752 1754
f 1602 1754 1603
f 1603 1754 1756
f 1755 1601 1757
f 1757 1601 1604
f 1758 1756 1759
f 1758 1605 1756
f 1605 1603 1756
f 1759 1760 1758
f 1757 1604 1761
f 1761 1604 1606
f 1758 1607 1605
f 1607 1758 1760
f 1607 1760 1608
f 1608 1760 1762
f 1761 1606 1763
f 1763 1606 1609
f 1764 1762 1765
f 1764 1610 1762
f 1610 1608 1762
f 1765 1766 1764
f 1767 1768 1763
f 1767 1763 1611
f 1611 1763 1609
f 1768 1767 1769
f 1764 1613 1610
f 1613 1764 1766
f 1613 1766 1614
f 1614 1766 1770
f 1771 1767 1611
f 1615 1771 1611
f 1769 1771 1772
f 1767 1771 1769
f 1773 1770 1774
f 1773 1616 1770
f 1616 1614 1770
f 1774 1775 1773
f 1776 1771 1615
f 1617 1776 1615
f 1772 1776 1777
f 1771 1776 1772
f 1778 1616 1773
f 1618 1616 1778
f 1775 1780 1779
f 1775 1779 1773
f 1773 1779 1778
f 1780 1781 1779
f 1782 1776 1617
f 1782 1617 1783
f 1783 1617 1619
f 1776 1782 1777
f 1778 1621 1618
f 1621 1784 1622
f 1621 1778 1784
f 1778 1779 1784
f 1784 1779 1624
f 1784 1624 1625
f 1779 1781 1624
f 1785 1624 1786
f 1781 1786 1624
f 1624 1785 1626
f 1787 1788 1783
f 1787 1783 1627
f 1627 1783 1619
f 1788 1787 1789
f 1784 1628 1622
f 1785 1791 1790
f 1785 1786 1791
f 1784 1625 1628
f 1785 1790 1630
f 1626 1785 1630
f 1792 1787 1627
f 1632 1792 1627
f 1789 1792 1793
f 1787 1792 1789
f 1795 1790 1791
f 1794 1790 1795
f 1790 1794 1634
f 1630 1790 1634
f 1792 1632 1637
f 1637 1793 1792
f 1637 1638 1793
f 1638 1796 1793
f 1798 1794 1795
f 1797 1794 1798
f 1794 1797 1640
f 1634 1794 1640
f 1796 1638 1799
f 1799 1638 1643
f 1798 1800 1797
f 1797 1800 1801
f 1797 1801 1640
f 1640 1801 1645
f 1802 1803 1799
f 1802 1799 1648
f 1648 1799 1643
f 1803 1802 1804
f 1801 1805 1645
f 1805 1650 1645
f 1806 1802 1648
f 1653 1806 1648
f 1804 1806 1807
f 1802 1806 1804
f 1654 1809 1808
f 1654 1650 1809
f 1650 1805 1809
f 1654 1808 1656
f 1810 1806 1653
f 1658 1810 1653
f 1807 1810 1811
f 1806 1810 1807
f 1813 1808 1809
f 1812 1808 1813
f 1808 1812 1660
f 1656 1808 1660
f 1814 1810 1658
f 1662 1814 1658
f 1811 1814 1815
f 1810 1814 1811
f 1817 1812 1813
f 1816 1812 1817
f 1812 1816 1664
f 1660 1812 1664
f 1818 1814 1662
f 1666 1818 1662
f 1815 1818 1819
f 1814 1818 1815
f 1821 1816 1817
f 1820 1816 1821
f 1816 1820 1668
f 1664 1816 1668
f 1822 1818 1666
f 1670 1822 1666
f 1819 1822 1823
f 1818 1822 1819
f 1821 1824 1820
f 1820 1824 1825
f 1820 1825 1668
f 1668 1825 1672
f 1826 1822 1670
f 1826 1670 1827
f 1827 1670 1674
f 1822 1826 1823
f 1825 1828 1672
f 1828 1676 1672
f 1827 1674 1829
f 1829 1674 1678
f 1828 1830 1676
f 1830 1680 1676
f 1829 1678 1831
f 1831 1678 1682
f 1683 1833 1832
f 1683 1680 1833
f 1680 1830 1833
f 1684 1683 1832
f 1834 1684 1832
f 1834 1682 1684
f 1834 1835 1682
f 1835 1831 1682
f 1833 1836 1832
f 1838 1832 1836
f 1838 1837 1832
f 1837 1834 1832
f 1835 1837 1839
f 1834 1837 1835
f 1838 1840 1837
f 1837 1840 1839
f 1687 1841 1842
f 1686 1841 1687
f 1844 1688 1843
f 1844 1841 1688
f 1841 1686 1688
f 1689 1843 1688
f 1845 1843 1689
f 1690 1845 1689
f 1846 1845 1690
f 1691 1846 1690
f 1847 1846 1691
f 1691 1693 1847
f 1842 1848 1687
f 1848 1695 1687
f 1844 1843 1849
f 1843 1845 1850
f 1849 1843 1850
f 1845 1846 1851
f 1850 1845 1851
f 1846 1847 1852
f 1851 1846 1852
f 1847 1693 1696
f 1847 1696 1852
f 1852 1696 1853
f 1853 1696 1854
f 1696 1697 1854
f 1854 1697 1855
f 1697 1698 1855
f 1698 1856 1855
f 1699 1856 1698
f 1848 1857 1695
f 1857 1700 1695
f 1856 1699 1858
f 1858 1699 1701
f 1857 1859 1700
f 1859 1702 1700
f 1858 1701 1860
f 1860 1701 1703
f 1859 1861 1702
f 1861 1704 1702
f 1860 1703 1862
f 1862 1703 1705
f 1861 1863 1704
f 1863 1706 1704
f 1862 1705 1864
f 1864 1705 1707
f 1863 1865 1706
f 1865 1708 1706
f 1864 1707 1866
f 1866 1707 1709
f 1865 1867 1708
f 1867 1710 1708
f 1866 1709 1868
f 1868 1709 1711
f 1867 1869 1710
f 1869 1712 1710
f 1868 1711 1870
f 1870 1711 1713
f 1871 1869 1872
f 1871 1714 1869
f 1714 1712 1869
f 1872 1873 1871
f 1874 1875 1870
f 1874 1870 1716
f 1716 1870 1713
f 1875 1874 1876
f 1877 1714 1871
f 1717 1714 1877
f 1873 1878 1877
f 1871 1873 1877
f 1874 1716 1718
f 1718 1876 1874
f 1718 1719 1876
f 1719 1879 1876
f 1877 1721 1717
f 1721 1877 1878
f 1721 1878 1722
f 1722 1878 1880
f 1879 1719 1723
f 1881 1879 1723
f 1882 1723 1724
f 1882 1883 1723
f 1883 1881 1723
f 1883 1882 1884
f 1880 1885 1722
f 1885 1725 1722
f 1882 1724 1727
f 1727 1884 1882
f 1727 1728 1884
f 1728 1886 1884
f 1885 1887 1725
f 1887 1729 1725
f 1888 1889 1886
f 1888 1886 1731
f 1731 1886 1728
f 1889 1888 1890
f 1887 1891 1729
f 1891 1732 1729
f 1892 1888 1731
f 1733 1892 1731
f 1890 1892 1893
f 1888 1892 1890
f 1891 1734 1732
f 1894 1734 1891
f 1734 1894 1895
f 1735 1734 1895
f 1896 1892 1733
f 1736 1896 1733
f 1893 1896 1897
f 1892 1896 1893
f 1898 1895 1899
f 1898 1737 1895
f 1737 1735 1895
f 1899 1900 1898
f 1901 1896 1736
f 1738 1901 1736
f 1897 1901 1902
f 1896 1901 1897
f 1898 1739 1737
f 1739 1898 1900
f 1739 1900 1740
f 1740 1900 1903
f 1904 1901 1738
f 1741 1904 1738
f 1902 1904 1905
f 1901 1904 1902
f 1906 1903 1907
f 1906 1742 1903
f 1742 1740 1903
f 1907 1908 1906
f 1909 1904 1741
f 1744 1909 1741
f 1905 1909 1910
f 1904 1909 1905
f 1906 1745 1742
f 1745 1906 1908
f 1745 1908 1746
f 1746 1908 1911
f 1909 1744 1748
f 1748 1910 1909
f 1748 1749 1910
f 1749 1912 1910
f 1913 1911 1914
f 1913 1750 1911
f 1750 1746 1911
f 1914 1915 1913
f 1912 1749 1916
f 1916 1749 1751
f 1913 1753 1750
f 1753 1913 1915
f 1753 1915 1754
f 1754 1915 1917
f 1916 1751 1918
f 1918 1751 1755
f 1919 1917 1920
f 1919 1756 1917
f 1756 1754 1917
f 1920 1921 1919
f 1918 1755 1922
f 1922 1755 1757
f 1919 1759 1756
f 1759 1919 1921
f 1759 1921 1760
f 1760 1921 1923
f 1922 1757 1924
f 1924 1757 1761
f 1925 1923 1926
f 1925 1762 1923
f 1762 1760 1923
f 1926 1927 1925
f 1928 1929 1924
f 1928 1924 1763
f 1763 1924 1761
f 1929 1928 1930
f 1925 1765 1762
f 1765 1925 1927
f 1765 1927 1766
f 1766 1927 1931
f 1928 1763 1768
f 1768 1930 1928
f 1768 1769 1930
f 1769 1932 1930
f 1933 1931 1934
f 1933 1770 1931
f 1770 1766 1931
f 1934 1935 1933
f 1932 1769 1936
f 1936 1769 1772
f 1933 1774 1770
f 1774 1937 1775
f 1933 1937 1774
f 1933 1938 1937
f 1933 1935 1938
f 1938 1939 1937
f 1936 1772 1940
f 1940 1772 1777
f 1937 1780 1775
f 1780 1937 1939
f 1780 1939 1781
f 1781 1939 1941
f 1783 1943 1942
f 1782 1783 1942
f 1942 1777 1782
f 1940 1777 1942
f 1941 1944 1781
f 1944 1786 1781
f 1943 1783 1788
f 1945 1943 1788
f 1788 1946 1945
f 1789 1946 1788
f 1944 1947 1786
f 1947 1791 1786
f 1946 1789 1948
f 1948 1789 1793
f 1947 1949 1791
f 1949 1795 1791
f 1948 1793 1950
f 1950 1793 1796
f 1951 1949 1952
f 1951 1798 1949
f 1798 1795 1949
f 1952 1953 1951
f 1950 1796 1954
f 1954 1796 1799
f 1951 1800 1798
f 1800 1951 1953
f 1800 1953 1801
f 1801 1953 1955
f 1803 1956 1957
f 1803 1957 1799
f 1799 1957 1954
f 1803 1804 1956
f 1955 1958 1801
f 1958 1805 1801
f 1957 1956 1959
f 1956 1960 1959
f 1956 1804 1960
f 1804 1807 1960
f 1958 1961 1805
f 1961 1809 1805
f 1964 1963 1962
f 1963 1811 1962
f 1963 1960 1811
f 1960 1807 1811
f 1965 1961 1966
f 1965 1813 1961
f 1813 1809 1961
f 1966 1967 1965
f 1969 1964 1962
f 1968 1969 1962
f 1962 1815 1968
f 1811 1815 1962
f 1970 1813 1965
f 1817 1813 1970
f 1967 1971 1970
f 1965 1967 1970
f 1973 1969 1968
f 1972 1973 1968
f 1968 1819 1972
f 1815 1819 1968
f 1974 1817 1970
f 1821 1817 1974
f 1971 1975 1974
f 1970 1971 1974
f 1977 1973 1972
f 1976 1977 1972
f 1972 1823 1976
f 1819 1823 1972
f 1974 1824 1821
f 1824 1974 1975
f 1824 1975 1825
f 1825 1975 1978
f 1976 1826 1827
f 1976 1827 1977
f 1977 1827 1979
f 1976 1823 1826
f 1978 1980 1825
f 1980 1828 1825
f 1979 1827 1981
f 1981 1827 1829
f 1980 1982 1828
f 1982 1830 1828
f 1981 1829 1983
f 1983 1829 1831
f 1982 1984 1830
f 1984 1833 1830
f 1983 1831 1985
f 1985 1831 1835
f 1984 1836 1833
f 1986 1836 1984
f 1987 1838 1836
f 1987 1836 1988
f 1988 1836 1986
f 1988 1839 1987
f 1988 1985 1839
f 1985 1835 1839
f 1987 1840 1838
f 1987 1839 1840
f 1841 1989 1842
f 1841 1844 1989
f 1990 1842 1989
f 1848 1842 1990
f 1844 1990 1989
f 1844 1991 1990
f 1844 1849 1991
f 1992 1990 1991
f 1991 1849 1993
f 1849 1850 1993
f 1993 1850 1994
f 1850 1851 1994
f 1994 1851 1995
f 1851 1852 1995
f 1997 1853 1996
f 1997 1995 1853
f 1995 1852 1853
f 1854 1996 1853
f 1998 1996 1854
f 1855 1998 1854
f 1999 1998 1855
f 1855 1856 1999
f 2000 1848 1990
f 1857 1848 2000
f 1992 2001 2000
f 1990 1992 2000
f 1997 1996 2002
f 1996 1998 2003
f 2002 1996 2003
f 1998 1999 2004
f 2003 1998 2004
f 1999 2005 2004
f 1999 1856 2005
f 1856 1858 2005
f 2006 1857 2000
f 1859 1857 2006
f 2001 2007 2006
f 2000 2001 2006
f 2005 1858 2008
f 2008 1858 1860
f 2009 1859 2006
f 1861 1859 2009
f 2007 2010 2009
f 2006 2007 2009
f 2008 1860 2011
f 2011 1860 1862
f 2012 1861 2009
f 1863 1861 2012
f 2010 2013 2012
f 2009 2010 2012
f 2011 1862 2014
f 2014 1862 1864
f 2015 1863 2012
f 1865 1863 2015
f 2013 2016 2015
f 2012 2013 2015
f 2014 1864 2017
f 2017 1864 1866
f 2018 1865 2015
f 1867 1865 2018
f 2016 2019 2018
f 2015 2016 2018
f 2017 1866 2020
f 2020 1866 1868
f 2021 1867 2018
f 2021 2022 1867
f 2022 1869 1867
f 2018 2019 2021
f 2020 1868 2023
f 2023 1868 1870
f 1872 2025 2024
f 1872 1869 2025
f 1869 2022 2025
f 1872 2024 1873
f 1875 2026 2027
f 1875 2027 1870
f 1870 2027 2023
f 1875 1876 2026
f 2025 2028 2024
f 2024 2028 2029
f 2024 2029 1873
f 1873 2029 1878
f 2027 2026 2030
f 2026 2031 2030
f 2026 1876 2031
f 1876 1879 2031
f 2029 2032 1878
f 2032 1880 1878
f 1881 2033 2034
f 1881 2034 1879
f 1879 2034 2031
f 1883 2033 1881
f 2035 2033 1883
f 1883 1884 2035
f 2032 2036 1880
f 2036 1885 1880
f 2034 2033 2037
f 2033 2035 2038
f 2037 2033 2038
f 2035 1884 1886
f 2035 1886 2040
f 2035 2040 2038
f 2040 1886 2039
f 2040 2039 2041
f 2042 2036 2043
f 2042 1887 2036
f 1887 1885 2036
f 2043 2044 2042
f 2039 1886 1889
f 1889 2041 2039
f 1889 1890 2041
f 1890 2045 2041
f 2046 1887 2042
f 1891 1887 2046
f 2044 2047 2046
f 2042 2044 2046
f 2045 1890 2048
f 2048 1890 1893
f 2046 1894 1891
f 1894 2049 1895
f 2046 2049 1894
f 2046 2050 2049
f 2046 2047 2050
f 2050 2051 2049
f 2048 1893 2052
f 2052 1893 1897
f 2049 1899 1895
f 1899 2049 2051
f 1899 2051 1900
f 1900 2051 2053
f 2054 2055 2052
f 2054 2052 1902
f 1902 2052 1897
f 2055 2054 2056
f 2057 2053 2058
f 2057 1903 2053
f 1903 1900 2053
f 2058 2059 2057
f 2060 2054 1902
f 1905 2060 1902
f 2056 2060 2061
f 2054 2060 2056
f 2057 1907 1903
f 1907 2062 1908
f 2057 2062 1907
f 2057 2063 2062
f 2057 2059 2063
f 2063 2064 2062
f 2065 2060 1905
f 1910 2065 1905
f 2061 2065 2066
f 2060 2065 2061
f 2067 1908 2062
f 1911 1908 2067
f 2064 2068 2067
f 2062 2064 2067
f 2069 2065 1910
f 1912 2069 1910
f 2066 2069 2070
f 2065 2069 2066
f 2067 1914 1911
f 1914 2071 1915
f 2067 2071 1914
f 2067 2072 2071
f 2067 2068 2072
f 2072 2073 2071
f 2074 2069 1912
f 2074 1912 2075
f 2075 1912 1916
f 2069 2074 2070
f 2076 1915 2071
f 1917 1915 2076
f 2073 2077 2076
f 2071 2073 2076
f 2075 1916 2078
f 2078 1916 1918
f 2076 1920 1917
f 1920 2079 1921
f 2076 2079 1920
f 2076 2080 2079
f 2076 2077 2080
f 2080 2081 2079
f 2078 1918 2082
f 2082 1918 1922
f 2083 1921 2079
f 1923 1921 2083
f 2081 2084 2083
f 2079 2081 2083
f 2085 2086 2082
f 2085 2082 1924
f 1924 2082 1922
f 2086 2085 2087
f 2083 1926 1923
f 1926 2088 1927
f 2083 2088 1926
f 2083 2089 2088
f 2083 2084 2089
f 2089 2090 2088
f 2085 1924 1929
f 1929 2087 2085
f 1929 1930 2087
f 1930 2091 2087
f 2092 1927 2088
f 1931 1927 2092
f 2090 2094 2093
f 2090 2093 2088
f 2088 2093 2092
f 2094 2095 2093
f 2091 1930 2096
f 2096 1930 1932
f 2092 1934 1931
f 1934 2097 1935
f 1934 2092 2097
f 2092 2093 2097
f 2095 2099 2098
f 2095 2098 2093
f 2093 2098 2097
f 2099 2100 2098
f 2096 1932 2101
f 2101 1932 1936
f 2097 1938 1935
f 1938 2102 1939
f 1938 2097 2102
f 2097 2098 2102
f 2100 2103 2102
f 2098 2100 2102
f 2106 2105 2104
f 2105 1940 2104
f 2105 2101 1940
f 2101 1936 1940
f 2107 1939 2102
f 1941 1939 2107
f 2103 2108 2107
f 2102 2103 2107
f 2111 2110 2109
f 2104 1942 1943
f 2106 2104 1943
f 2106 1943 2109
f 2106 2109 2110
f 2104 1940 1942
f 2112 1941 2107
f 1944 1941 2112
f 2108 2113 2112
f 2107 2108 2112
f 2115 2111 2109
f 2114 2115 2109
f 1945 2109 1943
f 1945 2116 2109
f 2116 2114 2109
f 1945 1946 2116
f 2117 1944 2112
f 1947 1944 2117
f 2113 2118 2117
f 2112 2113 2117
f 2115 2114 2119
f 2121 2119 2114
f 2121 2114 2120
f 2120 2114 2116
f 2116 1948 2120
f 1946 1948 2116
f 2122 1947 2117
f 1949 1947 2122
f 2118 2124 2123
f 2118 2123 2117
f 2117 2123 2122
f 2124 2125 2123
f 2127 2121 2120
f 2126 2127 2120
f 2120 1950 2126
f 1948 1950 2120
f 2122 1952 1949
f 1952 2128 1953
f 1952 2122 2128
f 2122 2123 2128
f 2125 2129 2128
f 2123 2125 2128
f 2131 2127 2126
f 2130 2131 2126
f 2126 1954 2130
f 1950 1954 2126
f 2132 1953 2128
f 1955 1953 2132
f 2129 2133 2132
f 2128 2129 2132
f 2135 2131 2130
f 2134 2135 2130
f 2130 1957 2134
f 1954 1957 2130
f 2136 1955 2132
f 1958 1955 2136
f 2133 2137 2136
f 2132 2133 2136
f 2139 2135 2134
f 2138 2139 2134
f 1959 2134 1957
f 1959 2140 2134
f 2140 2138 2134
f 1959 1960 2140
f 2141 1958 2136
f 1961 1958 2141
f 2137 2142 2141
f 2136 2137 2141
f 2144 2139 2138
f 2143 2144 2138
f 1964 2140 1963
f 1964 2143 2140
f 2143 2138 2140
f 2140 1960 1963
f 2141 1966 1961
f 1966 2145 1967
f 2141 2145 1966
f 2141 2146 2145
f 2141 2142 2146
f 2147 2148 2145
f 2147 2145 2143
f 2146 2144 2145
f 2144 2143 2145
f 2143 2149 2147
f 2143 1964 2149
f 1964 1969 2149
f 2150 1967 2145
f 1971 1967 2150
f 2148 2151 2150
f 2145 2148 2150
f 2149 1969 2152
f 2152 1969 1973
f 2153 1971 2150
f 1975 1971 2153
f 2151 2154 2153
f 2150 2151 2153
f 2152 1973 2155
f 2155 1973 1977
f 2156 1975 2153
f 1978 1975 2156
f 2154 2158 2157
f 2154 2157 2153
f 2153 2157 2156
f 2158 1979 2157
f 2158 2155 1979
f 2155 1977 1979
f 2159 1978 2156
f 1980 1978 2159
f 2156 2157 2159
f 2157 2160 2159
f 2157 1981 2160
f 1979 1981 2157
f 2161 1980 2159
f 1982 1980 2161
f 2159 2160 2161
f 2160 2162 2161
f 2160 1983 2162
f 1981 1983 2160
f 2163 1982 2161
f 1984 1982 2163
f 2161 2162 2163
f 2162 2164 2163
f 2162 1985 2164
f 1983 1985 2162
f 2163 1986 1984
f 2164 1986 2163
f 1988 1986 2164
f 2164 1985 1988
f 1991 2165 1992
f 2165 2166 2167
f 2165 1991 2166
f 1991 1993 2166
f 2169 1994 2168
f 2169 2166 1994
f 2166 1993 1994
f 1995 2168 1994
f 2170 2168 1995
f 1995 1997 2170
f 2171 1992 2165
f 2171 2172 1992
f 2172 2001 1992
f 2165 2167 2171
f 2169 2168 2173
f 2168 2170 2174
f 2173 2168 2174
f 2170 1997 2002
f 2170 2002 2174
f 2174 2002 2175
f 2175 2002 2176
f 2002 2003 2176
f 2178 2004 2177
f 2178 2176 2004
f 2176 2003 2004
f 2004 2005 2177
f 2172 2179 2001
f 2179 2007 2001
f 2181 2178 2177
f 2180 2181 2177
f 2177 2008 2180
f 2005 2008 2177
f 2179 2182 2007
f 2182 2010 2007
f 2184 2181 2180
f 2183 2184 2180
f 2180 2011 2183
f 2008 2011 2180
f 2182 2185 2010
f 2185 2013 2010
f 2187 2184 2183
f 2186 2187 2183
f 2183 2014 2186
f 2011 2014 2183
f 2185 2188 2013
f 2188 2016 2013
f 2190 2187 2186
f 2189 2190 2186
f 2186 2017 2189
f 2014 2017 2186
f 2188 2191 2016
f 2191 2019 2016
f 2193 2190 2189
f 2192 2193 2189
f 2189 2020 2192
f 2017 2020 2189
f 2021 2194 2022
f 2194 2021 2019
f 2194 2019 2195
f 2195 2019 2191
f 2193 2192 2196
f 2192 2197 2196
f 2192 2020 2197
f 2020 2023 2197
f 2198 2022 2194
f 2025 2022 2198
f 2195 2199 2198
f 2194 2195 2198
f 2197 2023 2200
f 2200 2023 2027
f 2198 2028 2025
f 2028 2198 2199
f 2028 2199 2029
f 2029 2199 2201
f 2030 2202 2203
f 2030 2203 2027
f 2027 2203 2200
f 2030 2031 2202
f 2201 2204 2029
f 2204 2032 2029
f 2203 2202 2205
f 2202 2206 2205
f 2202 2031 2206
f 2031 2034 2206
f 2207 2204 2208
f 2207 2036 2204
f 2036 2032 2204
f 2208 2209 2207
f 2206 2034 2037
f 2210 2206 2037
f 2210 2037 2211
f 2037 2038 2211
f 2213 2040 2212
f 2213 2211 2040
f 2211 2038 2040
f 2040 2041 2212
f 2207 2043 2036
f 2043 2214 2044
f 2207 2214 2043
f 2207 2215 2214
f 2207 2209 2215
f 2215 2216 2214
f 2213 2212 2217
f 2212 2041 2045
f 2212 2045 2219
f 2212 2219 2217
f 2219 2045 2218
f 2219 2218 2220
f 2221 2044 2214
f 2047 2044 2221
f 2216 2223 2222
f 2216 2222 2214
f 2214 2222 2221
f 2223 2224 2222
f 2225 2218 2045
f 2048 2225 2045
f 2220 2225 2226
f 2218 2225 2220
f 2221 2050 2047
f 2050 2227 2051
f 2050 2221 2227
f 2221 2222 2227
f 2224 2228 2227
f 2222 2224 2227
f 2229 2225 2048
f 2052 2229 2048
f 2226 2229 2230
f 2225 2229 2226
f 2231 2051 2227
f 2053 2051 2231
f 2228 2233 2232
f 2228 2232 2227
f 2227 2232 2231
f 2233 2234 2232
f 2229 2052 2055
f 2055 2230 2229
f 2055 2056 2230
f 2056 2235 2230
f 2231 2058 2053
f 2058 2236 2059
f 2058 2231 2236
f 2231 2232 2236
f 2234 2237 2236
f 2232 2234 2236
f 2235 2056 2238
f 2238 2056 2061
f 2236 2063 2059
f 2063 2239 2064
f 2236 2239 2063
f 2236 2240 2239
f 2236 2237 2240
f 2240 2241 2239
f 2238 2061 2242
f 2242 2061 2066
f 2243 2064 2239
f 2068 2064 2243
f 2241 2244 2243
f 2239 2241 2243
f 2242 2066 2245
f 2245 2066 2070
f 2243 2072 2068
f 2072 2246 2073
f 2243 2246 2072
f 2243 2247 2246
f 2243 2244 2247
f 2247 2248 2246
f 2074 2075 2249
f 2249 2070 2074
f 2249 2250 2070
f 2250 2245 2070
f 2251 2073 2246
f 2077 2073 2251
f 2248 2252 2251
f 2246 2248 2251
f 2253 2249 2075
f 2253 2075 2254
f 2254 2075 2078
f 2249 2253 2250
f 2251 2080 2077
f 2080 2251 2252
f 2080 2252 2081
f 2081 2252 2255
f 2256 2257 2254
f 2256 2254 2082
f 2082 2254 2078
f 2257 2256 2258
f 2259 2255 2260
f 2259 2084 2255
f 2084 2081 2255
f 2260 2261 2259
f 2256 2082 2086
f 2086 2258 2256
f 2086 2087 2258
f 2087 2262 2258
f 2259 2089 2084
f 2089 2263 2090
f 2259 2263 2089
f 2259 2264 2263
f 2259 2261 2264
f 2264 2266 2265
f 2263 2264 2265
f 2266 2267 2265
f 2262 2087 2268
f 2268 2087 2091
f 2263 2094 2090
f 2094 2269 2095
f 2094 2263 2269
f 2263 2265 2269
f 2267 2270 2269
f 2265 2267 2269
f 2268 2091 2271
f 2271 2091 2096
f 2269 2099 2095
f 2099 2272 2100
f 2269 2272 2099
f 2269 2273 2272
f 2269 2270 2273
f 2273 2274 2272
f 2271 2096 2275
f 2275 2096 2101
f 2276 2100 2272
f 2103 2100 2276
f 2274 2278 2277
f 2274 2277 2272
f 2272 2277 2276
f 2106 2277 2278
f 2106 2278 2105
f 2105 2278 2279
f 2279 2101 2105
f 2275 2101 2279
f 2280 2103 2276
f 2108 2103 2280
f 2111 2277 2110
f 2111 2280 2277
f 2280 2276 2277
f 2277 2106 2110
f 2281 2108 2280
f 2113 2108 2281
f 2280 2115 2281
f 2111 2115 2280
f 2282 2113 2281
f 2118 2113 2282
f 2119 2281 2115
f 2119 2283 2281
f 2283 2282 2281
f 2119 2121 2283
f 2282 2124 2118
f 2124 2284 2125
f 2124 2282 2284
f 2282 2283 2284
f 2283 2127 2284
f 2121 2127 2283
f 2285 2125 2284
f 2129 2125 2285
f 2284 2131 2285
f 2127 2131 2284
f 2286 2129 2285
f 2133 2129 2286
f 2285 2135 2286
f 2131 2135 2285
f 2287 2133 2286
f 2137 2133 2287
f 2286 2139 2287
f 2135 2139 2286
f 2288 2137 2287
f 2142 2137 2288
f 2287 2144 2288
f 2139 2144 2287
f 2288 2146 2142
f 2146 2288 2144
f 2148 2147 2289
f 2147 2149 2289
f 2290 2148 2289
f 2151 2148 2290
f 2289 2152 2290
f 2149 2152 2289
f 2291 2151 2290
f 2154 2151 2291
f 2290 2155 2291
f 2152 2155 2290
f 2291 2158 2154
f 2291 2155 2158
f 2166 2292 2167
f 2166 2169 2292
f 2171 2293 2172
f 2167 2293 2171
f 2167 2292 2293
f 2292 2294 2293
f 2169 2294 2292
f 2169 2295 2294
f 2169 2173 2295
f 2296 2294 2295
f 2298 2174 2297
f 2298 2295 2174
f 2295 2173 2174
f 2175 2297 2174
f 2299 2297 2175
f 2176 2299 2175
f 2300 2299 2176
f 2176 2178 2300
f 2301 2172 2293
f 2179 2172 2301
f 2293 2294 2301
f 2294 2302 2301
f 2296 2303 2302
f 2294 2296 2302
f 2298 2297 2304
f 2297 2299 2305
f 2304 2297 2305
f 2299 2300 2306
f 2305 2299 2306
f 2300 2307 2306
f 2300 2178 2307
f 2178 2181 2307
f 2308 2179 2301
f 2182 2179 2308
f 2309 2310 2308
f 2309 2308 2302
f 2302 2308 2301
f 2302 2303 2309
f 2307 2181 2311
f 2311 2181 2184
f 2312 2182 2308
f 2185 2182 2312
f 2310 2313 2312
f 2308 2310 2312
f 2311 2184 2314
f 2314 2184 2187
f 2315 2185 2312
f 2188 2185 2315
f 2313 2316 2315
f 2312 2313 2315
f 2314 2187 2317
f 2317 2187 2190
f 2318 2188 2315
f 2191 2188 2318
f 2316 2319 2318
f 2315 2316 2318
f 2317 2190 2320
f 2320 2190 2193
f 2321 2191 2318
f 2195 2191 2321
f 2319 2322 2321
f 2318 2319 2321
f 2196 2323 2324
f 2196 2324 2193
f 2193 2324 2320
f 2196 2197 2323
f 2325 2195 2321
f 2199 2195 2325
f 2322 2326 2325
f 2321 2322 2325
f 2324 2323 2327
f 2323 2328 2327
f 2323 2197 2328
f 2197 2200 2328
f 2329 2199 2325
f 2201 2199 2329
f 2326 2330 2329
f 2325 2326 2329
f 2328 2200 2331
f 2331 2200 2203
f 2332 2201 2329
f 2204 2201 2332
f 2330 2333 2332
f 2329 2330 2332
f 2205 2334 2335
f 2205 2335 2203
f 2203 2335 2331
f 2205 2206 2334
f 2332 2208 2204
f 2208 2332 2333
f 2208 2333 2209
f 2209 2333 2336
f 2335 2334 2337
f 2334 2206 2210
f 2334 2210 2337
f 2337 2210 2338
f 2340 2211 2339
f 2340 2338 2211
f 2338 2210 2211
f 2211 2213 2339
f 2336 2215 2209
f 2341 2215 2336
f 2215 2341 2342
f 2216 2215 2342
f 2340 2339 2343
f 2339 2213 2217
f 2339 2217 2343
f 2343 2217 2344
f 2346 2219 2345
f 2346 2344 2219
f 2344 2217 2219
f 2219 2220 2345
f 2342 2223 2216
f 2347 2223 2342
f 2348 2224 2223
f 2348 2223 2349
f 2349 2223 2347
f 2349 2350 2348
f 2346 2345 2351
f 2345 2352 2351
f 2345 2220 2352
f 2220 2226 2352
f 2353 2224 2348
f 2228 2224 2353
f 2350 2354 2353
f 2348 2350 2353
f 2352 2226 2355
f 2355 2226 2230
f 2353 2233 2228
f 2233 2356 2234
f 2353 2356 2233
f 2353 2357 2356
f 2353 2354 2357
f 2357 2358 2356
f 2355 2230 2359
f 2359 2230 2235
f 2360 2234 2356
f 2237 2234 2360
f 2358 2361 2360
f 2356 2358 2360
f 2359 2235 2362
f 2362 2235 2238
f 2360 2240 2237
f 2240 2360 2361
f 2240 2361 2241
f 2241 2361 2363
f 2362 2238 2364
f 2364 2238 2242
f 2365 2363 2366
f 2365 2244 2363
f 2244 2241 2363
f 2366 2367 2365
f 2364 2242 2368
f 2368 2242 2245
f 2365 2247 2244
f 2247 2365 2367
f 2247 2367 2248
f 2248 2367 2369
f 2368 2245 2370
f 2370 2245 2250
f 2369 2371 2248
f 2371 2252 2248
f 2253 2254 2372
f 2372 2250 2253
f 2372 2373 2250
f 2373 2370 2250
f 2374 2371 2375
f 2374 2255 2371
f 2255 2252 2371
f 2375 2377 2376
f 2374 2375 2376
f 2377 2378 2376
f 2372 2254 2257
f 2257 2373 2372
f 2257 2258 2373
f 2258 2379 2373
f 2374 2260 2255
f 2260 2380 2261
f 2260 2374 2380
f 2374 2376 2380
f 2378 2382 2381
f 2378 2381 2376
f 2376 2381 2380
f 2382 2383 2381
f 2379 2258 2384
f 2384 2258 2262
f 2380 2264 2261
f 2381 2264 2380
f 2266 2264 2381
f 2266 2385 2267
f 2381 2385 2266
f 2381 2386 2385
f 2381 2383 2386
f 2386 2387 2385
f 2384 2262 2388
f 2388 2262 2268
f 2389 2267 2385
f 2270 2267 2389
f 2387 2391 2390
f 2387 2390 2385
f 2385 2390 2389
f 2391 2392 2390
f 2388 2268 2393
f 2393 2268 2271
f 2389 2273 2270
f 2273 2394 2274
f 2273 2389 2394
f 2389 2390 2394
f 2392 2396 2395
f 2392 2395 2390
f 2390 2395 2394
f 2396 2275 2395
f 2396 2393 2275
f 2393 2271 2275
f 2394 2278 2274
f 2395 2278 2394
f 2279 2278 2395
f 2395 2275 2279
f 2295 2397 2296
f 2295 2298 2397
f 2398 2296 2397
f 2303 2296 2398
f 2298 2398 2397
f 2298 2399 2398
f 2298 2304 2399
f 2400 2398 2399
f 2399 2304 2401
f 2304 2305 2401
f 2403 2306 2402
f 2403 2401 2306
f 2401 2305 2306
f 2306 2307 2402
f 2309 2404 2310
f 2303 2404 2309
f 2303 2398 2404
f 2398 2405 2404
f 2400 2406 2405
f 2398 2400 2405
f 2408 2403 2402
f 2407 2408 2402
f 2402 2311 2407
f 2307 2311 2402
f 2409 2310 2404
f 2313 2310 2409
f 2404 2405 2409
f 2405 2410 2409
f 2406 2411 2410
f 2405 2406 2410
f 2413 2408 2407
f 2412 2413 2407
f 2407 2314 2412
f 2311 2314 2407
f 2414 2313 2409
f 2316 2313 2414
f 2415 2416 2414
f 2415 2414 2410
f 2410 2414 2409
f 2410 2411 2415
f 2418 2413 2412
f 2417 2418 2412
f 2412 2317 2417
f 2314 2317 2412
f 2419 2316 2414
f 2319 2316 2419
f 2416 2420 2419
f 2414 2416 2419
f 2418 2417 2421
f 2417 2422 2421
f 2417 2317 2422
f 2317 2320 2422
f 2423 2319 2419
f 2322 2319 2423
f 2420 2424 2423
f 2419 2420 2423
f 2422 2320 2425
f 2425 2320 2324
f 2426 2322 2423
f 2326 2322 2426
f 2424 2428 2427
f 2424 2427 2423
f 2423 2427 2426
f 2428 2429 2427
f 2432 2431 2430
f 2431 2433 2430
f 2327 2434 2435
f 2327 2435 2324
f 2324 2435 2425
f 2327 2328 2434
f 2436 2326 2426
f 2330 2326 2436
f 2426 2427 2436
f 2427 2437 2436
f 2429 2439 2438
f 2429 2438 2427
f 2427 2438 2437
f 2439 2432 2430
f 2439 2430 2438
f 2438 2430 2440
f 2433 2442 2441
f 2433 2441 2430
f 2430 2441 2440
f 2442 2435 2434
f 2442 2434 2441
f 2441 2434 2443
f 2434 2331 2443
f 2328 2331 2434
f 2444 2330 2436
f 2333 2330 2444
f 2436 2437 2444
f 2437 2445 2444
f 2437 2438 2445
f 2438 2446 2445
f 2438 2440 2446
f 2440 2447 2446
f 2440 2441 2447
f 2441 2448 2447
f 2441 2443 2448
f 2443 2449 2448
f 2443 2335 2449
f 2331 2335 2443
f 2450 2333 2444
f 2336 2333 2450
f 2444 2445 2450
f 2445 2451 2450
f 2445 2446 2451
f 2446 2452 2451
f 2446 2447 2452
f 2447 2453 2452
f 2447 2448 2453
f 2448 2454 2453
f 2448 2449 2454
f 2449 2455 2454
f 2335 2455 2449
f 2335 2456 2455
f 2335 2337 2456
f 2457 2455 2456
f 2456 2337 2458
f 2337 2338 2458
f 2338 2459 2458
f 2340 2459 2338
f 2450 2341 2336
f 2341 2460 2342
f 2341 2450 2460
f 2450 2451 2460
f 2451 2452 2460
f 2452 2461 2460
f 2452 2453 2461
f 2453 2462 2461
f 2453 2454 2462
f 2454 2463 2462
f 2464 2465 2463
f 2464 2463 2455
f 2455 2463 2454
f 2455 2457 2464
f 2343 2466 2467
f 2343 2467 2340
f 2340 2467 2459
f 2344 2466 2343
f 2468 2466 2344
f 2344 2346 2468
f 2460 2347 2342
f 2461 2347 2460
f 2349 2347 2461
f 2349 2469 2350
f 2349 2461 2469
f 2461 2462 2469
f 2462 2463 2469
f 2463 2470 2469
f 2465 2471 2470
f 2463 2465 2470
f 2467 2466 2472
f 2466 2468 2473
f 2472 2466 2473
f 2475 2351 2474
f 2473 2351 2475
f 2473 2346 2351
f 2473 2468 2346
f 2351 2352 2474
f 2476 2350 2469
f 2354 2350 2476
f 2477 2478 2476
f 2477 2476 2470
f 2470 2476 2469
f 2470 2471 2477
f 2475 2474 2479
f 2474 2480 2479
f 2474 2352 2480
f 2352 2355 2480
f 2476 2357 2354
f 2357 2476 2478
f 2357 2478 2358
f 2358 2478 2481
f 2482 2483 2480
f 2482 2480 2359
f 2359 2480 2355
f 2483 2482 2484
f 2485 2481 2486
f 2485 2361 2481
f 2361 2358 2481
f 2486 2487 2485
f 2488 2482 2359
f 2362 2488 2359
f 2484 2488 2489
f 2482 2488 2484
f 2490 2361 2485
f 2363 2361 2490
f 2487 2491 2490
f 2485 2487 2490
f 2492 2488 2362
f 2364 2492 2362
f 2489 2492 2493
f 2488 2492 2489
f 2490 2366 2363
f 2366 2490 2491
f 2366 2491 2367
f 2367 2491 2494
f 2495 2492 2364
f 2368 2495 2364
f 2493 2495 2496
f 2492 2495 2493
f 2497 2494 2498
f 2497 2369 2494
f 2369 2367 2494
f 2498 2500 2499
f 2497 2498 2499
f 2500 2501 2499
f 2502 2495 2368
f 2370 2502 2368
f 2496 2502 2503
f 2495 2502 2496
f 2504 2369 2497
f 2371 2369 2504
f 2497 2499 2504
f 2499 2505 2504
f 2501 2507 2506
f 2501 2506 2499
f 2499 2506 2505
f 2507 2508 2506
f 2509 2502 2370
f 2373 2509 2370
f 2503 2509 2510
f 2502 2509 2503
f 2504 2375 2371
f 2505 2375 2504
f 2377 2375 2505
f 2377 2511 2378
f 2377 2505 2511
f 2505 2506 2511
f 2508 2513 2512
f 2508 2512 2506
f 2506 2512 2511
f 2513 2514 2512
f 2515 2509 2373
f 2515 2373 2516
f 2516 2373 2379
f 2509 2515 2510
f 2511 2382 2378
f 2382 2517 2383
f 2382 2511 2517
f 2511 2512 2517
f 2514 2518 2517
f 2512 2514 2517
f 2516 2379 2519
f 2519 2379 2384
f 2517 2386 2383
f 2386 2520 2387
f 2517 2520 2386
f 2517 2521 2520
f 2517 2518 2521
f 2521 2522 2520
f 2519 2384 2523
f 2523 2384 2388
f 2520 2391 2387
f 2391 2524 2392
f 2520 2524 2391
f 2520 2525 2524
f 2520 2522 2525
f 2525 2393 2524
f 2525 2523 2393
f 2523 2388 2393
f 2524 2396 2392
f 2524 2393 2396
f 2399 2526 2400
f 2401 2526 2399
f 2527 2526 2401
f 2401 2403 2527
f 2528 2400 2526
f 2406 2400 2528
f 2526 2527 2528
f 2527 2529 2528
f 2527 2408 2529
f 2403 2408 2527
f 2530 2406 2528
f 2411 2406 2530
f 2528 2529 2530
f 2529 2531 2530
f 2529 2413 2531
f 2408 2413 2529
f 2415 2532 2416
f 2411 2532 2415
f 2411 2530 2532
f 2530 2533 2532
f 2530 2531 2533
f 2531 2534 2533
f 2531 2418 2534
f 2413 2418 2531
f 2535 2416 2532
f 2420 2416 2535
f 2532 2533 2535
f 2533 2536 2535
f 2533 2534 2536
f 2534 2537 2536
f 2421 2534 2418
f 2421 2538 2534
f 2538 2537 2534
f 2421 2422 2538
f 2539 2420 2535
f 2424 2420 2539
f 2535 2536 2539
f 2536 2540 2539
f 2536 2537 2540
f 2537 2541 2540
f 2537 2538 2541
f 2538 2542 2541
f 2538 2425 2542
f 2422 2425 2538
f 2539 2428 2424
f 2428 2543 2429
f 2428 2539 2543
f 2539 2540 2543
f 2432 2541 2431
f 2432 2543 2541
f 2543 2540 2541
f 2431 2544 2433
f 2431 2541 2544
f 2541 2542 2544
f 2542 2435 2544
f 2425 2435 2542
f 2543 2439 2429
f 2543 2432 2439
f 2544 2442 2433
f 2544 2435 2442
f 2547 2545 2546
f 2457 2546 2545
f 2457 2456 2546
f 2456 2548 2546
f 2550 2458 2549
f 2550 2548 2458
f 2548 2456 2458
f 2458 2459 2549
f 2545 2465 2464
f 2545 2547 2465
f 2547 2551 2465
f 2545 2464 2457
f 2553 2550 2549
f 2552 2553 2549
f 2549 2467 2552
f 2459 2467 2549
f 2551 2554 2465
f 2554 2471 2465
f 2553 2552 2555
f 2557 2472 2556
f 2555 2472 2557
f 2555 2467 2472
f 2555 2552 2467
f 2473 2556 2472
f 2558 2556 2473
f 2473 2475 2558
f 2477 2559 2478
f 2559 2477 2471
f 2559 2471 2560
f 2560 2471 2554
f 2557 2556 2561
f 2556 2558 2562
f 2561 2556 2562
f 2564 2479 2563
f 2562 2479 2564
f 2562 2475 2479
f 2562 2558 2475
f 2479 2480 2563
f 2565 2478 2559
f 2481 2478 2565
f 2560 2566 2565
f 2559 2560 2565
f 2564 2563 2567
f 2569 2483 2568
f 2567 2483 2569
f 2567 2480 2483
f 2567 2563 2480
f 2483 2484 2568
f 2565 2486 2481
f 2486 2570 2487
f 2565 2570 2486
f 2565 2571 2570
f 2565 2566 2571
f 2571 2572 2570
f 2569 2568 2573
f 2568 2574 2573
f 2568 2484 2574
f 2484 2489 2574
f 2575 2487 2570
f 2491 2487 2575
f 2572 2576 2575
f 2570 2572 2575
f 2574 2489 2577
f 2577 2489 2493
f 2578 2491 2575
f 2494 2491 2578
f 2576 2579 2578
f 2575 2576 2578
f 2577 2493 2580
f 2580 2493 2496
f 2578 2498 2494
f 2579 2498 2578
f 2579 2581 2498
f 2581 2500 2498
f 2500 2581 2582
f 2501 2500 2582
f 2580 2496 2583
f 2583 2496 2503
f 2582 2507 2501
f 2584 2507 2582
f 2585 2508 2507
f 2585 2507 2586
f 2586 2507 2584
f 2586 2587 2585
f 2583 2503 2588
f 2588 2503 2510
f 2585 2513 2508
f 2513 2589 2514
f 2585 2589 2513
f 2585 2590 2589
f 2585 2587 2590
f 2590 2592 2591
f 2589 2590 2591
f 2516 2591 2592
f 2516 2592 2515
f 2515 2592 2593
f 2593 2510 2515
f 2588 2510 2593
f 2594 2514 2589
f 2518 2514 2594
f 2589 2591 2594
f 2591 2595 2594
f 2591 2519 2595
f 2516 2519 2591
f 2594 2521 2518
f 2521 2596 2522
f 2521 2594 2596
f 2594 2595 2596
f 2595 2523 2596
f 2519 2523 2595
f 2596 2525 2522
f 2596 2523 2525
f 2546 2597 2547
f 2548 2597 2546
f 2598 2597 2548
f 2548 2550 2598
f 2599 2547 2597
f 2551 2547 2599
f 2597 2598 2599
f 2598 2600 2599
f 2598 2553 2600
f 2550 2553 2598
f 2601 2551 2599
f 2554 2551 2601
f 2599 2600 2601
f 2600 2602 2601
f 2555 2600 2553
f 2555 2603 2600
f 2603 2602 2600
f 2555 2557 2603
f 2604 2554 2601
f 2560 2554 2604
f 2605 2606 2604
f 2605 2604 2602
f 2602 2604 2601
f 2602 2603 2607
f 2605 2602 2607
f 2603 2557 2561
f 2603 2561 2607
f 2607 2561 2608
f 2610 2562 2609
f 2610 2608 2562
f 2608 2561 2562
f 2562 2564 2609
f 2611 2560 2604
f 2566 2560 2611
f 2606 2612 2611
f 2604 2606 2611
f 2610 2609 2613
f 2615 2567 2614
f 2613 2567 2615
f 2613 2564 2567
f 2613 2609 2564
f 2567 2569 2614
f 2611 2571 2566
f 2571 2611 2612
f 2571 2612 2572
f 2572 2612 2616
f 2615 2614 2617
f 2614 2569 2573
f 2614 2573 2617
f 2617 2573 2618
f 2573 2619 2618
f 2574 2619 2573
f 2620 2616 2621
f 2620 2576 2616
f 2576 2572 2616
f 2621 2622 2620
f 2619 2574 2623
f 2623 2574 2577
f 2624 2576 2620
f 2579 2576 2624
f 2622 2625 2624
f 2620 2622 2624
f 2623 2577 2626
f 2626 2577 2580
f 2624 2581 2579
f 2581 2624 2625
f 2581 2625 2582
f 2582 2625 2627
f 2626 2580 2628
f 2628 2580 2583
f 2627 2584 2582
f 2629 2584 2627
f 2631 2630 2586
f 2631 2586 2629
f 2629 2586 2584
f 2586 2630 2587
f 2628 2583 2632
f 2632 2583 2588
f 2631 2633 2630
f 2630 2590 2587
f 2630 2633 2590
f 2633 2634 2590
f 2634 2635 2590
f 2590 2635 2592
f 2637 2636 2593
f 2637 2593 2635
f 2635 2593 2592
f 2639 2632 2588
f 2639 2588 2636
f 2639 2636 2638
f 2593 2636 2588
f 2639 2638 2640
f 2637 2641 2636
f 2636 2642 2638
f 2641 2642 2636
f 2638 2642 2640
f 2605 2643 2606
f 2607 2643 2605
f 2644 2643 2607
f 2608 2644 2607
f 2645 2644 2608
f 2608 2610 2645
f 2646 2606 2643
f 2612 2606 2646
f 2647 2648 2646
f 2647 2646 2644
f 2644 2646 2643
f 2644 2645 2649
f 2647 2644 2649
f 2651 2613 2650
f 2649 2613 2651
f 2649 2610 2613
f 2649 2645 2610
f 2613 2615 2650
f 2652 2612 2646
f 2616 2612 2652
f 2648 2653 2652
f 2646 2648 2652
f 2651 2650 2654
f 2650 2615 2617
f 2650 2617 2654
f 2654 2617 2655
f 2657 2618 2656
f 2657 2655 2618
f 2655 2617 2618
f 2618 2619 2656
f 2652 2621 2616
f 2621 2652 2653
f 2621 2653 2622
f 2622 2653 2658
f 2657 2656 2659
f 2656 2660 2659
f 2656 2619 2660
f 2619 2623 2660
f 2661 2658 2662
f 2661 2625 2658
f 2625 2622 2658
f 2662 2663 2661
f 2660 2623 2664
f 2664 2623 2626
f 2665 2625 2661
f 2627 2625 2665
f 2663 2666 2665
f 2661 2663 2665
f 2667 2668 2664
f 2667 2664 2628
f 2628 2664 2626
f 2668 2667 2669
f 2665 2629 2627
f 2629 2670 2631
f 2665 2670 2629
f 2665 2671 2670
f 2665 2666 2671
f 2671 2672 2670
f 2673 2667 2628
f 2632 2673 2628
f 2669 2673 2674
f 2667 2673 2669
f 2670 2633 2631
f 2672 2633 2670
f 2672 2675 2633
f 2675 2634 2633
f 2677 2676 2635
f 2677 2635 2675
f 2675 2635 2634
f 2635 2676 2637
f 2673 2632 2639
f 2639 2640 2678
f 2673 2639 2678
f 2673 2678 2679
f 2673 2679 2674
f 2679 2678 2680
f 2682 2676 2677
f 2681 2676 2682
f 2641 2637 2676
f 2641 2676 2683
f 2683 2676 2681
f 2642 2641 2683
f 2684 2642 2683
f 2640 2642 2684
f 2640 2684 2678
f 2678 2684 2685
f 2680 2685 2686
f 2678 2685 2680
f 2682 2687 2681
f 2689 2681 2687
f 2689 2688 2681
f 2688 2683 2681
f 2683 2688 2684
f 2684 2688 2690
f 2691 2690 2692
f 2691 2685 2690
f 2685 2684 2690
f 2685 2691 2686
f 2689 2693 2688
f 2688 2694 2690
f 2693 2694 2688
f 2690 2694 2692
f 2647 2695 2648
f 2649 2695 2647
f 2696 2695 2649
f 2649 2651 2696
f 2697 2648 2695
f 2653 2648 2697
f 2698 2699 2697
f 2698 2697 2696
f 2696 2697 2695
f 2701 2654 2700
f 2698 2654 2701
f 2698 2651 2654
f 2698 2696 2651
f 2655 2700 2654
f 2702 2700 2655
f 2655 2657 2702
f 2703 2653 2697
f 2658 2653 2703
f 2699 2704 2703
f 2697 2699 2703
f 2701 2700 2705
f 2700 2702 2706
f 2705 2700 2706
f 2708 2659 2707
f 2706 2659 2708
f 2706 2657 2659
f 2706 2702 2657
f 2659 2660 2707
f 2703 2662 2658
f 2662 2703 2704
f 2662 2704 2663
f 2663 2704 2709
f 2708 2707 2710
f 2707 2711 2710
f 2707 2660 2711
f 2660 2664 2711
f 2712 2709 2713
f 2712 2666 2709
f 2666 2663 2709
f 2713 2714 2712
f 2668 2715 2716
f 2668 2716 2664
f 2664 2716 2711
f 2668 2669 2715
f 2712 2671 2666
f 2671 2712 2714
f 2671 2714 2672
f 2672 2714 2717
f 2716 2715 2718
f 2715 2719 2718
f 2715 2669 2719
f 2669 2674 2719
f 2717 2675 2672
f 2720 2675 2717
f 2675 2720 2721
f 2677 2675 2721
f 2719 2674 2679
f 2722 2719 2679
f 2679 2723 2722
f 2680 2723 2679
f 2721 2724 2677
f 2724 2682 2677
f 2723 2680 2725
f 2725 2680 2686
f 2687 2727 2726
f 2687 2682 2727
f 2682 2724 2727
f 2687 2726 2689
f 2691 2692 2728
f 2728 2686 2691
f 2728 2729 2686
f 2729 2725 2686
f 2727 2730 2726
f 2732 2731 2693
f 2730 2732 2693
f 2730 2693 2689
f 2730 2689 2726
f 2694 2693 2731
f 2733 2694 2731
f 2692 2694 2733
f 2692 2733 2728
f 2728 2733 2734
f 2729 2734 2735
f 2728 2734 2729
f 2732 2736 2731
f 2731 2737 2733
f 2736 2737 2731
f 2733 2738 2734
f 2737 2738 2733
f 2734 2738 2735
f 2698 2739 2699
f 2698 2701 2739
f 2740 2699 2739
f 2704 2699 2740
f 2705 2739 2701
f 2705 2741 2739
f 2741 2740 2739
f 2706 2741 2705
f 2742 2741 2706
f 2706 2708 2742
f 2743 2704 2740
f 2709 2704 2743
f 2744 2745 2743
f 2744 2743 2741
f 2741 2743 2740
f 2741 2742 2746
f 2744 2741 2746
f 2748 2710 2747
f 2746 2710 2748
f 2746 2708 2710
f 2746 2742 2708
f 2710 2711 2747
f 2743 2713 2709
f 2713 2743 2745
f 2713 2745 2714
f 2714 2745 2749
f 2748 2747 2750
f 2747 2751 2750
f 2747 2711 2751
f 2711 2716 2751
f 2752 2749 2753
f 2752 2717 2749
f 2717 2714 2749
f 2753 2754 2752
f 2751 2716 2718
f 2755 2751 2718
f 2718 2756 2755
f 2719 2756 2718
f 2752 2720 2717
f 2720 2757 2721
f 2752 2757 2720
f 2752 2758 2757
f 2752 2754 2758
f 2758 2759 2757
f 2722 2760 2761
f 2722 2761 2719
f 2719 2761 2756
f 2722 2723 2760
f 2762 2721 2757
f 2724 2721 2762
f 2759 2763 2762
f 2757 2759 2762
f 2761 2760 2764
f 2760 2723 2725
f 2760 2725 2766
f 2760 2766 2764
f 2766 2725 2765
f 2766 2765 2767
f 2768 2724 2762
f 2768 2769 2724
f 2769 2727 2724
f 2762 2763 2768
f 2770 2765 2725
f 2729 2770 2725
f 2767 2770 2771
f 2765 2770 2767
f 2730 2773 2772
f 2730 2727 2773
f 2727 2769 2773
f 2730 2772 2732
f 2774 2770 2729
f 2774 2729 2775
f 2775 2729 2735
f 2770 2774 2771
f 2773 2776 2772
f 2772 2736 2732
f 2772 2776 2736
f 2776 2777 2736
f 2779 2778 2737
f 2779 2737 2777
f 2777 2737 2736
f 2738 2737 2778
f 2780 2738 2778
f 2780 2735 2738
f 2780 2781 2735
f 2781 2775 2735
f 2779 2782 2778
f 2778 2783 2780
f 2782 2783 2778
f 2780 2783 2781
f 2744 2784 2745
f 2746 2784 2744
f 2785 2784 2746
f 2746 2748 2785
f 2786 2745 2784
f 2749 2745 2786
f 2787 2788 2786
f 2787 2786 2785
f 2785 2786 2784
f 2790 2750 2789
f 2787 2750 2790
f 2787 2748 2750
f 2787 2785 2748
f 2750 2751 2789
f 2786 2753 2749
f 2753 2791 2754
f 2786 2791 2753
f 2786 2792 2791
f 2786 2788 2792
f 2793 2794 2791
f 2793 2791 2789
f 2792 2790 2791
f 2790 2789 2791
f 2796 2755 2795
f 2793 2755 2796
f 2793 2751 2755
f 2793 2789 2751
f 2755 2756 2795
f 2791 2758 2754
f 2758 2791 2794
f 2758 2794 2759
f 2759 2794 2797
f 2796 2795 2798
f 2795 2799 2798
f 2795 2756 2799
f 2756 2761 2799
f 2797 2800 2759
f 2800 2763 2759
f 2799 2761 2764
f 2801 2799 2764
f 2803 2766 2802
f 2803 2801 2766
f 2801 2764 2766
f 2766 2767 2802
f 2768 2804 2769
f 2804 2768 2763
f 2804 2763 2805
f 2805 2763 2800
f 2803 2802 2806
f 2802 2807 2806
f 2802 2767 2807
f 2767 2771 2807
f 2808 2769 2804
f 2808 2809 2769
f 2809 2773 2769
f 2804 2805 2808
f 2774 2775 2810
f 2810 2771 2774
f 2810 2811 2771
f 2811 2807 2771
f 2809 2776 2773
f 2812 2776 2809
f 2814 2813 2777
f 2814 2777 2812
f 2812 2777 2776
f 2777 2813 2779
f 2815 2810 2775
f 2815 2775 2816
f 2816 2775 2781
f 2810 2815 2811
f 2814 2817 2813
f 2813 2782 2779
f 2813 2817 2782
f 2817 2818 2782
f 2818 2819 2782
f 2782 2819 2783
f 2819 2781 2783
f 2816 2781 2819
f 2787 2820 2788
f 2787 2790 2820
f 2820 2792 2788
f 2792 2820 2790
f 2794 2793 2821
f 2793 2796 2821
f 2822 2794 2821
f 2797 2794 2822
f 2798 2821 2796
f 2798 2823 2821
f 2823 2822 2821
f 2798 2799 2823
f 2824 2797 2822
f 2800 2797 2824
f 2825 2826 2824
f 2825 2824 2823
f 2823 2824 2822
f 2828 2801 2827
f 2825 2801 2828
f 2825 2799 2801
f 2825 2823 2799
f 2801 2803 2827
f 2829 2800 2824
f 2829 2830 2800
f 2830 2805 2800
f 2824 2826 2829
f 2828 2827 2831
f 2827 2803 2806
f 2827 2806 2831
f 2831 2806 2832
f 2806 2833 2832
f 2807 2833 2806
f 2808 2834 2809
f 2834 2808 2805
f 2834 2805 2835
f 2835 2805 2830
f 2833 2807 2836
f 2836 2807 2811
f 2834 2812 2809
f 2812 2834 2835
f 2812 2835 2814
f 2814 2835 2837
f 2816 2839 2838
f 2815 2816 2838
f 2838 2811 2815
f 2836 2811 2838
f 2837 2817 2814
f 2840 2817 2837
f 2840 2841 2817
f 2817 2841 2818
f 2841 2842 2818
f 2818 2842 2819
f 2842 2816 2819
f 2839 2816 2842
f 2825 2843 2826
f 2825 2828 2843
f 2829 2844 2830
f 2844 2845 2846
f 2829 2845 2844
f 2829 2843 2845
f 2829 2826 2843
f 2848 2831 2847
f 2845 2831 2848
f 2845 2828 2831
f 2845 2843 2828
f 2832 2847 2831
f 2849 2847 2832
f 2832 2833 2849
f 2850 2830 2844
f 2850 2851 2830
f 2851 2835 2830
f 2844 2846 2850
f 2848 2847 2852
f 2847 2849 2853
f 2852 2847 2853
f 2849 2854 2853
f 2849 2833 2854
f 2833 2836 2854
f 2851 2855 2835
f 2855 2837 2835
f 2838 2839 2856
f 2856 2836 2838
f 2856 2857 2836
f 2857 2854 2836
f 2855 2840 2837
f 2858 2840 2855
f 2860 2859 2841
f 2860 2841 2858
f 2858 2841 2840
f 2842 2841 2859
f 2861 2842 2859
f 2861 2863 2862
f 2842 2861 2862
f 2842 2862 2856
f 2842 2856 2839
f 2856 2862 2857
f 2860 2864 2859
f 2859 2865 2861
f 2864 2865 2859
f 2861 2865 2863
f 2845 2866 2846
f 2845 2848 2866
f 2850 2867 2851
f 2846 2867 2850
f 2846 2866 2867
f 2866 2868 2867
f 2852 2866 2848
f 2852 2869 2866
f 2869 2868 2866
f 2853 2869 2852
f 2870 2869 2853
f 2853 2854 2870
f 2871 2851 2867
f 2855 2851 2871
f 2872 2873 2871
f 2872 2871 2868
f 2868 2871 2867
f 2868 2869 2874
f 2872 2868 2874
f 2876 2874 2869
f 2876 2869 2875
f 2875 2869 2870
f 2870 2857 2875
f 2854 2857 2870
f 2871 2858 2855
f 2858 2871 2873
f 2858 2873 2860
f 2860 2873 2877
f 2875 2862 2863
f 2875 2863 2876
f 2876 2863 2878
f 2875 2857 2862
f 2877 2864 2860
f 2879 2864 2877
f 2879 2880 2864
f 2864 2880 2865
f 2880 2863 2865
f 2878 2863 2880
f 2872 2881 2873
f 2874 2881 2872
f 2882 2881 2874
f 2874 2876 2882
f 2883 2873 2881
f 2877 2873 2883
f 2881 2882 2883
f 2882 2884 2883
f 2882 2878 2884
f 2876 2878 2882
f 2883 2879 2877
f 2884 2879 2883
f 2880 2879 2884
f 2884 2878 2880

