# https://github.com/mikedh/trimesh
v -0.49517869 -0.20545864 -0.04549576
v -0.49753394 -0.20666179 -0.04549576
v -0.49753394 -0.20545864 -0.05137868
v -0.48766646 -0.20545864 -0.02534210
v -0.49753394 -0.21075504 -0.02534210
v -0.48076389 -0.20545864 -0.00518844
v -0.49753394 -0.21492528 -0.00518844
v -0.47738028 -0.20727531 0.01496523
v -0.47738028 -0.20545864 0.00548893
v -0.49753394 -0.21918977 0.01496523
v -0.47738028 -0.21114744 0.03511889
v -0.49753394 -0.22356627 0.03511889
v -0.47738028 -0.21511811 0.05527255
v -0.49753394 -0.22376036 0.05527255
v -0.47738028 -0.21360018 0.07542622
v -0.49753394 -0.21180379 0.07542622
v -0.47738028 -0.20545864 0.08757072
v -0.49753394 -0.20545864 0.08535892
v -0.48937131 -0.18530498 -0.12611041
v -0.49753394 -0.18934287 -0.12611041
v -0.49753394 -0.18530498 -0.14571381
v -0.48171852 -0.18530498 -0.10595675
v -0.49753394 -0.19355843 -0.10595675
v -0.47738028 -0.18680609 -0.08580309
v -0.47738028 -0.18530498 -0.09349700
v -0.49753394 -0.19786271 -0.08580309
v -0.47738028 -0.19072668 -0.06564943
v -0.49753394 -0.20227716 -0.06564943
v -0.47738028 -0.19474594 -0.04549576
v -0.47738028 -0.19888364 -0.02534210
v -0.47738028 -0.20315990 -0.00518844
v -0.47738028 -0.19870650 0.09557988
v -0.49753394 -0.19730313 0.09557988
v -0.47738028 -0.18530498 0.11042837
v -0.49753394 -0.18530498 0.10957821
v -0.49225189 -0.16515132 -0.22687873
v -0.49753394 -0.16752842 -0.22687873
v -0.49753394 -0.16515132 -0.23807563
v -0.48357050 -0.16515132 -0.20672507
v -0.49753394 -0.17180034 -0.20672507
v -0.47738028 -0.16600793 -0.18657140
v -0.47738028 -0.16515132 -0.19086162
v -0.49753394 -0.17614880 -0.18657140
v -0.47738028 -0.16998275 -0.16641774
v -0.49753394 -0.18059994 -0.16641774
v -0.47738028 -0.17405207 -0.14626408
v -0.49753394 -0.18518096 -0.14626408
v -0.47738028 -0.17824056 -0.12611041
v -0.47738028 -0.18257355 -0.10595675
v -0.47738028 -0.17884507 0.11573354
v -0.49753394 -0.17822511 0.11573354
v -0.47738028 -0.16515132 0.12638871
v -0.49753394 -0.16515132 0.12646671
v -0.49697209 -0.14499765 -0.32764705
v -0.49753394 -0.14522428 -0.32764705
v -0.49753394 -0.14499765 -0.32867437
v -0.48683025 -0.14499765 -0.30749338
v -0.49753394 -0.14957655 -0.30749338
v -0.47777801 -0.14499765 -0.28733972
v -0.49753394 -0.15398296 -0.28733972
v -0.47738028 -0.14885207 -0.26718606
v -0.47738028 -0.14499765 -0.28636801
v -0.49753394 -0.15847484 -0.26718606
v -0.47738028 -0.15297654 -0.24703239
v -0.49753394 -0.16308582 -0.24703239
v -0.47738028 -0.15721493 -0.22687873
v -0.47738028 -0.16159954 -0.20672507
v -0.47738028 -0.14736978 0.13588721
v -0.49753394 -0.14848447 0.13588721
v -0.47738028 -0.14499765 0.13710683
v -0.49753394 -0.14499765 0.13777898
v -0.49241817 -0.12484399 -0.40826170
v -0.49753394 -0.12677591 -0.40826170
v -0.49753394 -0.12484399 -0.41681562
v -0.48155048 -0.12484399 -0.38810804
v -0.49753394 -0.13127372 -0.38810804
v -0.47738028 -0.12724655 -0.36795437
v -0.47738028 -0.12484399 -0.37946393
v -0.49753394 -0.13582484 -0.36795437
v -0.47738028 -0.13144132 -0.34780071
v -0.49753394 -0.14046950 -0.34780071
v -0.47738028 -0.13573318 -0.32764705
v -0.47738028 -0.14016382 -0.30749338
v -0.47738028 -0.14477695 -0.28733972
v -0.47738028 -0.12484399 0.14394532
v -0.49753394 -0.12484399 0.14497405
v -0.47738028 -0.10933454 -0.44856903
v -0.47738028 -0.10502941 -0.46872269
v -0.49753394 -0.11253534 -0.46872269
v -0.49753394 -0.11724144 -0.44856903
v -0.47738028 -0.11369913 -0.42841536
v -0.49753394 -0.12204533 -0.42841536
v -0.47738028 -0.11817644 -0.40826170
v -0.47738028 -0.12282435 -0.38810804
v -0.47738028 -0.10469033 0.14808388
v -0.49753394 -0.10469033 0.14930703
v -0.47738028 -0.08453666 0.15044332
v -0.49753394 -0.08453666 0.15175811
v -0.47738028 -0.06438300 0.15174375
v -0.49753394 -0.06438300 0.15309235
v -0.47738028 -0.04422934 0.15251113
v -0.49753394 -0.04422934 0.15386745
v -0.47738028 -0.02407568 0.15308591
v -0.49753394 -0.02407568 0.15444257
v -0.47738028 -0.00392201 0.15363022
v -0.49753394 -0.00392201 0.15498668
v -0.47738028 0.01623165 0.15413514
v -0.49753394 0.01623165 0.15548675
v -0.47738028 0.03638531 0.15442182
v -0.49753394 0.03638531 0.15574835
v -0.47738028 0.05653898 0.15413810
v -0.49753394 0.05653898 0.15539236
v -0.47738028 0.07669264 0.15275992
v -0.49753394 0.07669264 0.15385704
v -0.47738028 0.09684630 0.14959866
v -0.49753394 0.09684630 0.15040566
v -0.49521698 0.11699997 -0.44856903
v -0.47738028 0.11021112 -0.44856903
v -0.47738028 0.10694117 -0.46872269
v -0.49753394 0.11416465 -0.46872269
v -0.49753394 0.11699997 -0.45300914
v -0.48569376 0.11699997 -0.42841536
v -0.47738028 0.11356028 -0.42841536
v -0.47738028 0.11699997 -0.40834574
v -0.47738028 0.11699997 0.14381555
v -0.49753394 0.11699997 0.14414454
v -0.49753394 0.11774703 -0.44856903
v -0.49753394 0.12105807 -0.42841536
v -0.47738028 0.11701274 -0.40826170
v -0.49753394 0.12436713 -0.40826170
v -0.47738028 0.11997862 -0.38810804
v -0.49753394 0.12769331 -0.38810804
v -0.47738028 0.12296126 -0.36795437
v -0.49753394 0.13105597 -0.36795437
v -0.47738028 0.12597845 -0.34780071
v -0.49753394 0.13447461 -0.34780071
v -0.49560286 0.13715363 -0.32764705
v -0.47738028 0.12904740 -0.32764705
v -0.49753394 0.13715363 -0.33220853
v -0.48778686 0.13715363 -0.30749338
v -0.47738028 0.13218452 -0.30749338
v -0.48079027 0.13715363 -0.28733972
v -0.47738028 0.13540520 -0.28733972
v -0.47738028 0.13715363 -0.27648933
v -0.47738028 0.13412586 0.13588721
v -0.47738028 0.13715363 0.13445039
v -0.49753394 0.13357468 0.13588721
v -0.49753394 0.13715363 0.13405537
v -0.49753394 0.13787258 -0.32764705
v -0.49753394 0.14098781 -0.30749338
v -0.49753394 0.14411746 -0.28733972
v -0.47738028 0.13846285 -0.26718606
v -0.49753394 0.14727483 -0.26718606
v -0.47738028 0.14127148 -0.24703239
v -0.49753394 0.15047297 -0.24703239
v -0.47738028 0.14411467 -0.22687873
v -0.49753394 0.15372466 -0.22687873
v -0.47738028 0.14700349 -0.20672507
v -0.49753394 0.15704221 -0.20672507
v -0.49130541 0.15730729 -0.18657140
v -0.47738028 0.14994840 -0.18657140
v -0.49753394 0.15730729 -0.20509687
v -0.48512559 0.15730729 -0.16641774
v -0.47738028 0.15295940 -0.16641774
v -0.47949676 0.15730729 -0.14626408
v -0.47738028 0.15604553 -0.14626408
v -0.47738028 0.15730729 -0.13804282
v -0.47738028 0.15730729 0.12043429
v -0.49753394 0.15730729 0.11901618
v -0.49753394 0.16003229 -0.18657140
v -0.49753394 0.16301085 -0.16641774
v -0.49753394 0.16601920 -0.14626408
v -0.47738028 0.16434759 -0.12611041
v -0.49753394 0.16906650 -0.12611041
v -0.47738028 0.17124564 -0.10595675
v -0.49753394 0.17216139 -0.10595675
v -0.47738028 0.17530254 -0.08580309
v -0.49753394 0.17531227 -0.08580309
v -0.47738028 0.17746096 -0.06929119
v -0.49753394 0.17746096 -0.07218405
v -0.47738028 0.16227009 0.11573354
v -0.47738028 0.17746096 0.10069922
v -0.49753394 0.16056806 0.11573354
v -0.49753394 0.17746096 0.09791727
v -0.48086953 0.19761462 -0.14626408
v -0.47738028 0.19055197 -0.14626408
v -0.47738028 0.19761462 -0.15408703
v -0.48981684 0.19761462 -0.12611041
v -0.47738028 0.18294844 -0.12611041
v -0.47738028 0.18011308 -0.10595675
v -0.49753394 0.19516964 -0.10595675
v -0.49753394 0.19761462 -0.10858451
v -0.47738028 0.17859279 -0.08580309
v -0.49753394 0.18248181 -0.08580309
v -0.47738028 0.18889483 0.09557988
v -0.47738028 0.19761462 0.08799911
v -0.49753394 0.18193423 0.09557988
v -0.49753394 0.19761462 0.07898219
v -0.47807849 0.21776828 -0.16641774
v -0.47738028 0.21549812 -0.16641774
v -0.47738028 0.21776828 -0.16798032
v -0.48705421 0.21776828 -0.14626408
v -0.49597560 0.21776828 -0.12611041
v -0.49753394 0.21776828 -0.12255329
v -0.47738028 0.20316919 0.09557988
v -0.49753394 0.20886386 0.09557988
v -0.47738028 0.21776828 0.10981463
v -0.49753394 0.21776828 0.10483464
v -0.48427283 0.23792195 -0.16641774
v -0.47738028 0.23792195 -0.18185865
v -0.49323010 0.23792195 -0.14626408
v -0.49753394 0.22288125 -0.12611041
v -0.49753394 0.23792195 -0.13650552
v -0.47738028 0.22514573 0.11573354
v -0.49753394 0.23046287 0.11573354
v -0.47738028 0.23792195 0.12413042
v -0.49753394 0.23792195 0.12090982
v -0.48147729 0.25807561 -0.18657140
v -0.47738028 0.24475976 -0.18657140
v -0.47738028 0.25807561 -0.19573483
v -0.49046112 0.25807561 -0.16641774
v -0.49753394 0.25199317 -0.14626408
v -0.49753394 0.25807561 -0.15046148
v -0.47738028 0.25807561 0.13532534
v -0.49753394 0.25807561 0.13284799
v -0.47867154 0.27822927 -0.20672507
v -0.47738028 0.27403555 -0.20672507
v -0.47738028 0.27822927 -0.20960992
v -0.48767430 0.27822927 -0.18657140
v -0.49664131 0.27822927 -0.16641774
v -0.49753394 0.27822927 -0.16439702
v -0.47738028 0.25921068 0.13588721
v -0.49753394 0.26394598 0.13588721
v -0.47738028 0.27822927 0.14455156
v -0.49753394 0.27822927 0.14263314
v -0.48487447 0.29838294 -0.20672507
v -0.47738028 0.29838294 -0.22347739
v -0.49386593 0.29838294 -0.18657140
v -0.49753394 0.28114515 -0.16641774
v -0.49753394 0.29838294 -0.17830759
v -0.47738028 0.29838294 0.15291009
v -0.49753394 0.29838294 0.14950108
v -0.48206537 0.31853660 -0.22687873
v -0.47738028 0.30332392 -0.22687873
v -0.47738028 0.31853660 -0.23734183
v -0.49107393 0.31853660 -0.20672507
v -0.49753394 0.31033628 -0.18657140
v -0.49753394 0.31853660 -0.19222145
v -0.48351912 0.31853660 0.15604087
v -0.47738028 0.30640435 0.15604087
v -0.49753394 0.31853660 0.13959161
v -0.47738028 0.31853660 0.16063510
v -0.47925001 0.33869026 -0.24703239
v -0.47738028 0.33262147 -0.24703239
v -0.47738028 0.33869026 -0.25120540
v -0.48827002 0.33869026 -0.22687873
v -0.49726867 0.33869026 -0.20672507
v -0.49753394 0.33869026 -0.20612820
v -0.49074725 0.33869026 0.13588721
v -0.49753394 0.32492169 0.13588721
v -0.49753394 0.33869026 0.12784305
v -0.47738028 0.33041893 0.15604087
v -0.47738028 0.33869026 0.15116915
v -0.48545792 0.35884393 -0.24703239
v -0.47738028 0.35884393 -0.26506561
v -0.49447181 0.35884393 -0.22687873
v -0.49753394 0.33955416 -0.20672507
v -0.49753394 0.35884393 -0.22001093
v -0.48040786 0.35884393 0.13588721
v -0.49753394 0.35884393 0.11617629
v -0.47738028 0.35884393 0.13928268
v -0.48264021 0.37899759 -0.26718606
v -0.47738028 0.36192666 -0.26718606
v -0.47738028 0.37899759 -0.27892299
v -0.49166402 0.37899759 -0.24703239
v -0.49753394 0.36880151 -0.22687873
v -0.49753394 0.37899759 -0.23389611
v -0.48770089 0.37899759 0.11573354
v -0.49753394 0.35960179 0.11573354
v -0.49753394 0.37899759 0.10434283
v -0.47738028 0.36458767 0.13588721
v -0.47738028 0.37899759 0.12734915
v -0.47981894 0.39915125 -0.28733972
v -0.47738028 0.39123792 -0.28733972
v -0.47738028 0.39915125 -0.29277974
v -0.48884895 0.39915125 -0.26718606
v -0.49753394 0.39806734 -0.24703239
v -0.49753394 0.39915125 -0.24777801
v -0.49496252 0.39915125 0.09557988
v -0.49753394 0.39403312 0.09557988
v -0.49753394 0.39915125 0.09257877
v -0.47738028 0.39866818 0.11573354
v -0.47738028 0.39915125 0.11544754
v -0.48602911 0.41930492 -0.28733972
v -0.47738028 0.41930492 -0.30663491
v -0.49505618 0.41930492 -0.26718606
v -0.49753394 0.41930492 -0.26164503
v -0.48448398 0.41930492 0.09557988
v -0.49753394 0.41930492 0.08075154
v -0.47738028 0.41930492 0.10347186
v -0.48320627 0.43945858 -0.30749338
v -0.47738028 0.42055362 -0.30749338
v -0.47738028 0.43945858 -0.32048828
v -0.49223839 0.43945858 -0.28733972
v -0.49753394 0.42735244 -0.26718606
v -0.49753394 0.43945858 -0.27551184
v -0.49182055 0.43945858 0.07542622
v -0.49753394 0.42838174 0.07542622
v -0.49753394 0.43945858 0.06889896
v -0.47738028 0.43261357 0.09557988
v -0.47738028 0.43945858 0.09151369
v -0.48038168 0.45961224 -0.32764705
v -0.47738028 0.44987315 -0.32764705
v -0.47738028 0.45961224 -0.33434094
v -0.48941643 0.45961224 -0.30749338
v -0.49753394 0.45665020 -0.28733972
v -0.49753394 0.45961224 -0.28937617
v -0.48111989 0.45961224 0.07542622
v -0.49753394 0.45961224 0.05706906
v -0.47738028 0.45961224 0.07953756
v -0.47755584 0.47976590 -0.34780071
v -0.47738028 0.47919623 -0.34780071
v -0.47738028 0.47976590 -0.34819223
v -0.48659203 0.47976590 -0.32764705
v -0.49562580 0.47976590 -0.30749338
v -0.49753394 0.47976590 -0.30323332
v -0.48851434 0.47976590 0.05527255
v -0.49753394 0.46265705 0.05527255
v -0.49753394 0.47976590 0.04514730
v -0.47738028 0.46652120 0.07542622
v -0.47738028 0.47976590 0.06753586
v -0.47446231 -0.20545864 0.01496523
v -0.46870822 -0.20545864 0.03511889
v -0.46341294 -0.20545864 0.05527255
v -0.45927266 -0.20545864 0.07542622
v -0.47479060 -0.18530498 -0.08580309
v -0.46853807 -0.18530498 -0.06564943
v -0.46283596 -0.18530498 -0.04549576
v -0.45763394 -0.18530498 -0.02534210
v -0.45722662 -0.18860168 -0.00518844
v -0.45722662 -0.18530498 -0.02363500
v -0.45722662 -0.19230212 0.01496523
v -0.45722662 -0.19613239 0.03511889
v -0.45722662 -0.20010991 0.05527255
v -0.45722662 -0.20425218 0.07542622
v -0.45722662 -0.20005403 0.09557988
v -0.45722662 -0.18530498 0.11110796
v -0.47577270 -0.16515132 -0.18657140
v -0.46884534 -0.16515132 -0.16641774
v -0.46259642 -0.16515132 -0.14626408
v -0.45722662 -0.16533017 -0.12611041
v -0.45722662 -0.16515132 -0.12708248
v -0.45722662 -0.16897295 -0.10595675
v -0.45722662 -0.17273396 -0.08580309
v -0.45722662 -0.17663508 -0.06564943
v -0.45722662 -0.18069859 -0.04549576
v -0.45722662 -0.18494649 -0.02534210
v -0.45722662 -0.17934879 0.11573354
v -0.45722662 -0.16515132 0.12621338
v -0.46988915 -0.14499765 -0.26718606
v -0.46287311 -0.14499765 -0.24703239
v -0.45722662 -0.14536469 -0.22687873
v -0.45722662 -0.14499765 -0.22883999
v -0.45722662 -0.14906618 -0.20672507
v -0.45722662 -0.15288929 -0.18657140
v -0.45722662 -0.15686242 -0.16641774
v -0.45722662 -0.16101434 -0.14626408
v -0.45722662 -0.14601531 0.13588721
v -0.45722662 -0.14499765 0.13638362
v -0.47214164 -0.12484399 -0.36795437
v -0.46399136 -0.12484399 -0.34780071
v -0.45722662 -0.12504759 -0.32764705
v -0.45722662 -0.12484399 -0.32870805
v -0.45722662 -0.12881538 -0.30749338
v -0.45722662 -0.13270234 -0.28733972
v -0.45722662 -0.13674635 -0.26718606
v -0.45722662 -0.14098584 -0.24703239
v -0.45722662 -0.12484399 0.14289275
v -0.46659683 -0.10469033 -0.44856903
v -0.47653079 -0.10469033 -0.46872269
v -0.45806975 -0.10469033 -0.42841536
v -0.45722662 -0.10813066 -0.40826170
v -0.45722662 -0.10469033 -0.42614834
v -0.45722662 -0.11208690 -0.38810804
v -0.45722662 -0.11619854 -0.36795437
v -0.45722662 -0.12051893 -0.34780071
v -0.45722662 -0.10469033 0.14685135
v -0.45722662 -0.09949014 -0.44856903
v -0.45722662 -0.09510340 -0.46872269
v -0.45722662 -0.10416506 -0.42841536
v -0.45722662 -0.08453666 0.14912573
v -0.45722662 -0.06438300 0.15039458
v -0.45722662 -0.04422934 0.15115477
v -0.45722662 -0.02407568 0.15172931
v -0.45722662 -0.00392201 0.15227376
v -0.45722662 0.01623165 0.15278298
v -0.45722662 0.03638531 0.15309226
v -0.45722662 0.05653898 0.15287402
v -0.45722662 0.07669264 0.15163913
v -0.45722662 0.09684630 0.14874264
v -0.45722662 0.10123208 -0.44856903
v -0.45722662 0.09849562 -0.46872269
v -0.45722662 0.10401071 -0.42841536
v -0.47734802 0.11699997 -0.40826170
v -0.45722662 0.10685443 -0.40826170
v -0.47033658 0.11699997 -0.38810804
v -0.45722662 0.10978442 -0.38810804
v -0.46418694 0.11699997 -0.36795437
v -0.45722662 0.11281984 -0.36795437
v -0.45878774 0.11699997 -0.34780071
v -0.45722662 0.11597777 -0.34780071
v -0.45722662 0.11699997 -0.34128683
v -0.45722662 0.11699997 0.14339708
v -0.45722662 0.11874224 -0.32764705
v -0.45722662 0.12131840 -0.30749338
v -0.45722662 0.12394597 -0.28733972
v -0.47461426 0.13715363 -0.26718606
v -0.45722662 0.12663745 -0.26718606
v -0.46916259 0.13715363 -0.24703239
v -0.45722662 0.12940436 -0.24703239
v -0.46425806 0.13715363 -0.22687873
v -0.45722662 0.13225709 -0.22687873
v -0.45983774 0.13715363 -0.20672507
v -0.45722662 0.13520515 -0.20672507
v -0.45722662 0.13715363 -0.19362520
v -0.45722662 0.13444864 0.13588721
v -0.45722662 0.13715363 0.13469629
v -0.45722662 0.13804178 -0.18657140
v -0.45722662 0.14046748 -0.16641774
v -0.45722662 0.14296514 -0.14626408
v -0.47443427 0.15730729 -0.12611041
v -0.45722662 0.14551924 -0.12611041
v -0.46984859 0.15730729 -0.10595675
v -0.45722662 0.14813679 -0.10595675
v -0.46564629 0.15730729 -0.08580309
v -0.45722662 0.15082423 -0.08580309
v -0.46178890 0.15730729 -0.06564943
v -0.45722662 0.15358739 -0.06564943
v -0.45824172 0.15730729 -0.04549576
v -0.45722662 0.15643161 -0.04549576
v -0.45722662 0.15730729 -0.03929061
v -0.45722662 0.15730729 0.12162423
v -0.46159662 0.17746096 -0.12611041
v -0.45722662 0.17582595 -0.12611041
v -0.45722662 0.17746096 -0.14040797
v -0.46756479 0.17746096 -0.10595675
v -0.45722662 0.17304924 -0.10595675
v -0.47320459 0.17746096 -0.08580309
v -0.45722662 0.16959898 -0.08580309
v -0.45722662 0.16525967 -0.06564943
v -0.45722662 0.15950903 -0.04549576
v -0.46347055 0.17746096 0.07542622
v -0.45722662 0.17207420 0.07542622
v -0.45722662 0.17746096 0.05869718
v -0.46539240 0.17746096 0.09557988
v -0.45722662 0.17406576 0.09557988
v -0.45722662 0.16391752 0.11573354
v -0.46286624 0.19761462 -0.18657140
v -0.45722662 0.18610909 -0.18657140
v -0.45722662 0.19761462 -0.19916399
v -0.47187976 0.19761462 -0.16641774
v -0.45722662 0.18027178 -0.16641774
v -0.45722662 0.17794317 -0.14626408
v -0.45722662 0.18411523 0.07542622
v -0.45811776 0.19761462 0.09557988
v -0.45722662 0.19662216 0.09557988
v -0.45722662 0.19761462 0.09584903
v -0.46004990 0.21776828 -0.20672507
v -0.45722662 0.20860521 -0.20672507
v -0.45722662 0.21776828 -0.21302593
v -0.46907229 0.21776828 -0.18657140
v -0.45722662 0.21776828 0.11425387
v -0.45723030 0.23792195 -0.22687873
v -0.45722662 0.23791000 -0.22687873
v -0.45722662 0.23792195 -0.22688694
v -0.46625865 0.23792195 -0.20672507
v -0.47527633 0.23792195 -0.18657140
v -0.45722662 0.21974044 0.11573354
v -0.45722662 0.23792195 0.12706050
v -0.46344062 0.25807561 -0.22687873
v -0.45722662 0.25807561 -0.24074431
v -0.47246601 0.25807561 -0.20672507
v -0.47246653 0.25807561 0.13588721
v -0.45722662 0.25466762 0.13588721
v -0.45722662 0.25807561 0.13751510
v -0.46061978 0.27822927 -0.24703239
v -0.45722662 0.26721957 -0.24703239
v -0.45722662 0.27822927 -0.25460169
v -0.46965017 0.27822927 -0.22687873
v -0.45722662 0.27822927 0.14634729
v -0.45779700 0.29838294 -0.26718606
v -0.45722662 0.29653238 -0.26718606
v -0.45722662 0.29838294 -0.26845825
v -0.46683057 0.29838294 -0.24703239
v -0.47585855 0.29838294 -0.22687873
v -0.45722662 0.29838294 0.15445185
v -0.46400857 0.31853660 -0.26718606
v -0.45722662 0.31853660 -0.28231347
v -0.47304078 0.31853660 -0.24703239
v -0.45722662 0.30254091 0.15604087
v -0.45722662 0.31853660 0.16199558
v -0.46118511 0.33869026 -0.28733972
v -0.45722662 0.32584749 -0.28733972
v -0.45722662 0.33869026 -0.29616832
v -0.47021974 0.33869026 -0.26718606
v -0.47307806 0.33869026 0.15604087
v -0.45722662 0.33869026 0.16866809
v -0.45836074 0.35884393 -0.30749338
v -0.45722662 0.35516450 -0.30749338
v -0.45722662 0.35884393 -0.31002266
v -0.46739674 0.35884393 -0.28733972
v -0.47643040 0.35884393 -0.26718606
v -0.46232793 0.35884393 0.15604087
v -0.45722662 0.35884393 0.16164081
v -0.46457257 0.37899759 -0.30749338
v -0.45722662 0.37899759 -0.32387643
v -0.47360812 0.37899759 -0.28733972
v -0.46973326 0.37899759 0.13588721
v -0.45722662 0.36825032 0.15604087
v -0.45722662 0.37899759 0.14963682
v -0.46174774 0.39915125 -0.32764705
v -0.45722662 0.38448295 -0.32764705
v -0.45722662 0.39915125 -0.33772975
v -0.47078422 0.39915125 -0.30749338
v -0.47712496 0.39915125 0.11573354
v -0.45883001 0.39915125 0.13588721
v -0.45722662 0.39915125 0.13763482
v -0.45892238 0.41930492 -0.34780071
v -0.45722662 0.41380304 -0.34780071
v -0.45722662 0.41930492 -0.35158246
v -0.46795934 0.41930492 -0.32764705
v -0.47699546 0.41930492 -0.30749338
v -0.46627149 0.41930492 0.11573354
v -0.45722662 0.40207959 0.13588721
v -0.45722662 0.41930492 0.12560146
v -0.46513385 0.43945858 -0.34780071
v -0.45722662 0.43945858 -0.36543470
v -0.47417070 0.43945858 -0.32764705
v -0.47370447 0.43945858 0.09557988
v -0.45722662 0.43584487 0.11573354
v -0.45722662 0.43945858 0.11357622
v -0.46230795 0.45961224 -0.36795437
v -0.45722662 0.44312469 -0.36795437
v -0.45722662 0.45961224 -0.37928618
v -0.47134503 0.45961224 -0.34780071
v -0.46271348 0.45961224 0.09557988
v -0.45722662 0.45961224 0.10153046
v -0.45948154 0.47976590 -0.38810804
v -0.45722662 0.47244886 -0.38810804
v -0.45722662 0.47976590 -0.39313673
v -0.46851873 0.47976590 -0.36795437
v -0.47017645 0.47976590 0.07542622
v -0.45722662 0.46956523 0.09557988
v -0.45722662 0.47976590 0.08947913
v -0.45293256 -0.18530498 -0.00518844
v -0.44863331 -0.18530498 0.01496523
v -0.44469306 -0.18530498 0.03511889
v -0.44107717 -0.18530498 0.05527255
v -0.43775428 -0.18530498 0.07542622
v -0.43707295 -0.18787186 0.09557988
v -0.43707295 -0.18530498 0.07988566
v -0.43707295 -0.18530498 0.10309221
v -0.45696296 -0.16515132 -0.12611041
v -0.45194120 -0.16515132 -0.10595675
v -0.44739388 -0.16515132 -0.08580309
v -0.44327100 -0.16515132 -0.06564943
v -0.43952723 -0.16515132 -0.04549576
v -0.43707295 -0.16608760 -0.02534210
v -0.43707295 -0.16515132 -0.03101482
v -0.43707295 -0.16941649 -0.00518844
v -0.43707295 -0.17289471 0.01496523
v -0.43707295 -0.17654023 0.03511889
v -0.43707295 -0.18037124 0.05527255
v -0.43707295 -0.18440594 0.07542622
v -0.43707295 -0.17972796 0.11573354
v -0.43707295 -0.16515132 0.12595006
v -0.45664099 -0.14499765 -0.22687873
v -0.45117441 -0.14499765 -0.20672507
v -0.44629202 -0.14499765 -0.18657140
v -0.44192537 -0.14499765 -0.16641774
v -0.43801329 -0.14499765 -0.14626408
v -0.43707295 -0.14743060 -0.12611041
v -0.43707295 -0.14499765 -0.14091843
v -0.43707295 -0.15083704 -0.10595675
v -0.43707295 -0.15441382 -0.08580309
v -0.43707295 -0.15818403 -0.06564943
v -0.43707295 -0.16217101 -0.04549576
v -0.44423655 -0.14499765 0.13588721
v -0.43707295 -0.14499765 0.13561321
v -0.45686857 -0.12484399 -0.32764705
v -0.45076203 -0.12484399 -0.30749338
v -0.44540399 -0.12484399 -0.28733972
v -0.44069698 -0.12484399 -0.26718606
v -0.43707295 -0.12527385 -0.24703239
v -0.43707295 -0.12484399 -0.24959640
v -0.43707295 -0.12860065 -0.22687873
v -0.43707295 -0.13209360 -0.20672507
v -0.43707295 -0.13578329 -0.18657140
v -0.43707295 -0.13970074 -0.16641774
v -0.43707295 -0.14387686 -0.14626408
v -0.43707295 -0.14412699 0.13588721
v -0.43707295 -0.12484399 0.14181854
v -0.45095368 -0.10469033 -0.40826170
v -0.44487448 -0.10469033 -0.38810804
v -0.43966080 -0.10469033 -0.36795437
v -0.43707295 -0.10614022 -0.34780071
v -0.43707295 -0.10469033 -0.35641939
v -0.43707295 -0.10954006 -0.32764705
v -0.43707295 -0.11312792 -0.30749338
v -0.43707295 -0.11694647 -0.28733972
v -0.43707295 -0.12103858 -0.26718606
v -0.43707295 -0.10469033 0.14561028
v -0.43707295 -0.08668729 -0.44856903
v -0.43707295 -0.08453666 -0.46121795
v -0.43897383 -0.08453666 -0.46872269
v -0.43707295 -0.09016446 -0.42841536
v -0.43707295 -0.09385276 -0.40826170
v -0.43707295 -0.09781510 -0.38810804
v -0.43707295 -0.10211488 -0.36795437
v -0.43707295 -0.08453666 0.14780562
v -0.43707295 -0.08278807 -0.46872269
v -0.43707295 -0.06438300 0.14904490
v -0.43707295 -0.04422934 0.14979837
v -0.43707295 -0.02407568 0.15037272
v -0.43707295 -0.00392201 0.15091730
v -0.43707295 0.01623165 0.15143033
v -0.43707295 0.03638531 0.15176000
v -0.43707295 0.05653898 0.15160130
v -0.43707295 0.07669264 0.15049699
v -0.44861088 0.09684630 -0.44856903
v -0.43707295 0.08798091 -0.44856903
v -0.43707295 0.08538124 -0.46872269
v -0.45371475 0.09684630 -0.46872269
v -0.44423869 0.09684630 -0.42841536
v -0.43707295 0.09072272 -0.42841536
v -0.44047522 0.09684630 -0.40826170
v -0.43707295 0.09362289 -0.40826170
v -0.43721768 0.09684630 -0.38810804
v -0.43707295 0.09669479 -0.38810804
v -0.43707295 0.09684630 -0.38709909
v -0.43707295 0.09684630 0.14784276
v -0.43707295 0.09888634 -0.36795437
v -0.43707295 0.10109182 -0.34780071
v -0.45413284 0.11699997 -0.32764705
v -0.43707295 0.10337461 -0.32764705
v -0.45005110 0.11699997 -0.30749338
v -0.43707295 0.10574598 -0.30749338
v -0.44642108 0.11699997 -0.28733972
v -0.43707295 0.10821594 -0.28733972
v -0.44318098 0.11699997 -0.26718606
v -0.43707295 0.11079326 -0.26718606
v -0.44027785 0.11699997 -0.24703239
v -0.43707295 0.11348552 -0.24703239
v -0.43766632 0.11699997 -0.22687873
v -0.43707295 0.11629926 -0.22687873
v -0.43707295 0.11699997 -0.22185759
v -0.43707295 0.11699997 0.14289826
v -0.43707295 0.11857084 -0.20672507
v -0.45587549 0.13715363 -0.18657140
v -0.43707295 0.12069789 -0.18657140
v -0.45233215 0.13715363 -0.16641774
v -0.43707295 0.12289244 -0.16641774
v -0.44910595 0.13715363 -0.14626408
v -0.43707295 0.12516058 -0.14626408
v -0.44616067 0.13715363 -0.12611041
v -0.43707295 0.12750778 -0.12611041
v -0.44346451 0.13715363 -0.10595675
v -0.43707295 0.12993903 -0.10595675
v -0.44098963 0.13715363 -0.08580309
v -0.43707295 0.13245867 -0.08580309
v -0.43871147 0.13715363 -0.06564943
v -0.43707295 0.13507074 -0.06564943
v -0.43707295 0.13715363 -0.04997745
v -0.43707295 0.13451306 0.13588721
v -0.43707295 0.13715363 0.13427343
v -0.43707295 0.13819049 -0.04549576
v -0.45281569 0.15730729 -0.02534210
v -0.43707295 0.14208046 -0.02534210
v -0.44887031 0.15730729 -0.00518844
v -0.43707295 0.14478386 -0.00518844
v -0.44695868 0.15730729 0.01496523
v -0.43707295 0.14619591 0.01496523
v -0.44651076 0.15730729 0.03511889
v -0.43707295 0.14640979 0.03511889
v -0.44433375 0.15730729 0.05527255
v -0.43707295 0.14851478 0.05527255
v -0.44211131 0.15730729 0.07542622
v -0.43707295 0.15089597 0.07542622
v -0.44003459 0.15730729 0.09557988
v -0.43707295 0.15335098 0.09557988
v -0.43993503 0.15730729 0.11573354
v -0.43707295 0.15588194 0.11573354
v -0.44283813 0.17746096 -0.18657140
v -0.43707295 0.17591050 -0.18657140
v -0.43707295 0.17746096 -0.20484349
v -0.44916655 0.17746096 -0.16641774
v -0.43707295 0.17420736 -0.16641774
v -0.45543583 0.17746096 -0.14626408
v -0.43707295 0.17251750 -0.14626408
v -0.43707295 0.17085185 -0.12611041
v -0.43707295 0.16922945 -0.10595675
v -0.43707295 0.16768199 -0.08580309
v -0.43707295 0.16626132 -0.06564943
v -0.43707295 0.16505067 -0.04549576
v -0.43707295 0.16418231 -0.02534210
v -0.43707295 0.16386565 -0.00518844
v -0.43707295 0.16443092 0.01496523
v -0.43707295 0.16639891 0.03511889
v -0.43707295 0.16792567 0.05527255
v -0.43707295 0.17746096 0.07365650
v -0.44480787 0.19761462 -0.22687873
v -0.43707295 0.18168734 -0.22687873
v -0.43707295 0.19761462 -0.24413207
v -0.45384018 0.19761462 -0.20672507
v -0.43707295 0.17766903 -0.20672507
v -0.43707295 0.17822739 0.07542622
v -0.43707295 0.19186913 0.09557988
v -0.43707295 0.19761462 0.10149667
v -0.44198481 0.21776828 -0.24703239
v -0.43707295 0.20183301 -0.24703239
v -0.43707295 0.21776828 -0.25798748
v -0.45101923 0.21776828 -0.22687873
v -0.44985081 0.21776828 0.11573354
v -0.43707295 0.21451337 0.11573354
v -0.43707295 0.21776828 0.11794039
v -0.43916086 0.23792195 -0.26718606
v -0.43707295 0.23114840 -0.26718606
v -0.43707295 0.23792195 -0.27184250
v -0.44819672 0.23792195 -0.24703239
v -0.43707295 0.23792195 0.12972978
v -0.44537314 0.25807561 -0.26718606
v -0.43707295 0.25807561 -0.28569746
v -0.45440845 0.25807561 -0.24703239
v -0.43707295 0.25017104 0.13588721
v -0.43707295 0.25807561 0.13952275
v -0.44254883 0.27822927 -0.28733972
v -0.43707295 0.26046453 -0.28733972
v -0.43707295 0.27822927 -0.29955168
v -0.45158516 0.27822927 -0.26718606
v -0.43707295 0.27822927 0.14803397
v -0.43972423 0.29838294 -0.30749338
v -0.43707295 0.28978188 -0.30749338
v -0.43707295 0.29838294 -0.31340601
v -0.44876106 0.29838294 -0.28733972
v -0.43707295 0.29838294 0.15591702
v -0.44593652 0.31853660 -0.30749338
v -0.43707295 0.31853660 -0.32726017
v -0.45497318 0.31853660 -0.28733972
v -0.43707295 0.29871324 0.15604087
v -0.43707295 0.31853660 0.16330804
v -0.44311169 0.33869026 -0.32764705
v -0.43707295 0.31909940 -0.32764705
v -0.43707295 0.33869026 -0.34111395
v -0.45214869 0.33869026 -0.30749338
v -0.43707295 0.33869026 0.17047345
v -0.44028670 0.35884393 -0.34780071
v -0.43707295 0.34841788 -0.34780071
v -0.43707295 0.35884393 -0.35496763
v -0.44932382 0.35884393 -0.32764705
v -0.43946222 0.35884393 0.17619453
v -0.43707295 0.35510703 0.17619453
v -0.43707295 0.35884393 0.17748768
v -0.43746159 0.37899759 -0.36795437
v -0.43707295 0.37773676 -0.36795437
v -0.43707295 0.37899759 -0.36882104
v -0.44649874 0.37899759 -0.34780071
v -0.45553589 0.37899759 -0.32764705
v -0.45137370 0.37899759 0.15604087
v -0.43707295 0.36479953 0.17619453
v -0.43707295 0.37899759 0.17156157
v -0.44367349 0.39915125 -0.36795437
v -0.43707295 0.39915125 -0.38267403
v -0.45271069 0.39915125 -0.34780071
v -0.44028086 0.39915125 0.15604087
v -0.43707295 0.39915125 0.15950613
v -0.44084792 0.41930492 -0.38810804
v -0.43707295 0.40705714 -0.38810804
v -0.43707295 0.41930492 -0.39652654
v -0.44988521 0.41930492 -0.36795437
v -0.44776361 0.41930492 0.13588721
v -0.43707295 0.40493934 0.15604087
v -0.43707295 0.41930492 0.14743902
v -0.43802225 0.43945858 -0.40826170
v -0.43707295 0.43637853 -0.40826170
v -0.43707295 0.43945858 -0.41037872
v -0.44705946 0.43945858 -0.38810804
v -0.45609675 0.43945858 -0.36795437
v -0.45524340 0.43945858 0.11573354
v -0.43707295 0.43860183 0.13588721
v -0.43707295 0.43945858 0.13537423
v -0.44423342 0.45961224 -0.40826170
v -0.43707295 0.45961224 -0.42423016
v -0.45327071 0.45961224 -0.38810804
v -0.44409336 0.45961224 0.11573354
v -0.43707295 0.45961224 0.12329458
v -0.44140694 0.47976590 -0.42841536
v -0.43707295 0.46570222 -0.42841536
v -0.43707295 0.47976590 -0.43808050
v -0.45044422 0.47976590 -0.40826170
v -0.45158777 0.47976590 0.09557988
v -0.43707295 0.47222724 0.11573354
v -0.43707295 0.47976590 0.11121479
v -0.43471197 -0.18530498 0.09557988
v -0.43612989 -0.16515132 -0.02534210
v -0.43304956 -0.16515132 -0.00518844
v -0.43023247 -0.16515132 0.01496523
v -0.42765099 -0.16515132 0.03511889
v -0.42528056 -0.16515132 0.05527255
v -0.42309936 -0.16515132 0.07542622
v -0.42108802 -0.16515132 0.09557988
v -0.42070439 -0.16515132 0.11573354
v -0.43452634 -0.14499765 -0.12611041
v -0.43139096 -0.14499765 -0.10595675
v -0.42855656 -0.14499765 -0.08580309
v -0.42598780 -0.14499765 -0.06564943
v -0.42365372 -0.14499765 -0.04549576
v -0.42152722 -0.14499765 -0.02534210
v -0.41958453 -0.14499765 -0.00518844
v -0.41780486 -0.14499765 0.01496523
v -0.41691929 -0.14635271 0.03511889
v -0.41691929 -0.14499765 0.02585696
v -0.41691929 -0.14937917 0.05527255
v -0.41691929 -0.15260469 0.07542622
v -0.41691929 -0.15604799 0.09557988
v -0.41691929 -0.15972865 0.11573354
v -0.41691929 -0.14499765 0.13288331
v -0.43656052 -0.12484399 -0.24703239
v -0.43294641 -0.12484399 -0.22687873
v -0.42973801 -0.12484399 -0.20672507
v -0.42688104 -0.12484399 -0.18657140
v -0.42432852 -0.12484399 -0.16641774
v -0.42204024 -0.12484399 -0.14626408
v -0.41998156 -0.12484399 -0.12611041
v -0.41812277 -0.12484399 -0.10595675
v -0.41691929 -0.12567383 -0.08580309
v -0.41691929 -0.12484399 -0.09158255
v -0.41691929 -0.12861103 -0.06564943
v -0.41691929 -0.13176503 -0.04549576
v -0.41691929 -0.13515953 -0.02534210
v -0.41691929 -0.13881931 -0.00518844
v -0.41691929 -0.14277044 0.01496523
v -0.41691929 -0.14136078 0.13588721
v -0.41691929 -0.12484399 0.14072474
v -0.43521255 -0.10469033 -0.34780071
v -0.43140376 -0.10469033 -0.32764705
v -0.42809410 -0.10469033 -0.30749338
v -0.42520632 -0.10469033 -0.28733972
v -0.42267519 -0.10469033 -0.26718606
v -0.42044621 -0.10469033 -0.24703239
v -0.41847365 -0.10469033 -0.22687873
v -0.41691929 -0.10501444 -0.20672507
v -0.41691929 -0.10469033 -0.20903574
v -0.41691929 -0.10783998 -0.18657140
v -0.41691929 -0.11090246 -0.16641774
v -0.41691929 -0.11423280 -0.14626408
v -0.41691929 -0.11786349 -0.12611041
v -0.41691929 -0.12182916 -0.10595675
v -0.41691929 -0.10469033 0.14436150
v -0.43403067 -0.08453666 -0.44856903
v -0.42992555 -0.08453666 -0.42841536
v -0.42646605 -0.08453666 -0.40826170
v -0.42353364 -0.08453666 -0.38810804
v -0.42103179 -0.08453666 -0.36795437
v -0.41888264 -0.08453666 -0.34780071
v -0.41702306 -0.08453666 -0.32764705
v -0.41691929 -0.08706456 -0.30749338
v -0.41691929 -0.08453666 -0.32636630
v -0.41691929 -0.09000605 -0.28733972
v -0.41691929 -0.09324859 -0.26718606
v -0.41691929 -0.09683701 -0.24703239
v -0.41691929 -0.10081910 -0.22687873
v -0.41691929 -0.08453666 0.14648322
v -0.41737056 -0.06438300 -0.44856903
v -0.41940705 -0.06438300 -0.46872269
v -0.41691929 -0.06628192 -0.42841536
v -0.41691929 -0.06438300 -0.44328078
v -0.41691929 -0.06905682 -0.40826170
v -0.41691929 -0.07217253 -0.38810804
v -0.41691929 -0.07569434 -0.36795437
v -0.41691929 -0.07969221 -0.34780071
v -0.41691929 -0.08424347 -0.32764705
v -0.41691929 -0.06438300 0.14769490
v -0.41691929 -0.06307914 -0.44856903
v -0.41691929 -0.05834660 -0.46872269
v -0.41691929 -0.04422934 0.14844196
v -0.41691929 -0.02407568 0.14901612
v -0.41691929 -0.00392201 0.14956084
v -0.41691929 0.01623165 0.15007725
v -0.41691929 0.03638531 0.15036728
v -0.41691929 0.05653898 0.14998106
v -0.42452948 0.07669264 -0.44856903
v -0.41691929 0.06237328 -0.44856903
v -0.41691929 0.06061057 -0.46872269
v -0.42646479 0.07669264 -0.46872269
v -0.42285400 0.07669264 -0.42841536
v -0.41691929 0.06429438 -0.42841536
v -0.42138873 0.07669264 -0.40826170
v -0.41691929 0.06638243 -0.40826170
v -0.42009515 0.07669264 -0.38810804
v -0.41691929 0.06864439 -0.38810804
v -0.41894267 0.07669264 -0.36795437
v -0.41691929 0.07108638 -0.36795437
v -0.41790722 0.07669264 -0.34780071
v -0.41691929 0.07371310 -0.34780071
v -0.41696936 0.07669264 -0.32764705
v -0.41691929 0.07652895 -0.32764705
v -0.41691929 0.07669264 -0.32647397
v -0.41691929 0.07669264 0.14857255
v -0.43444400 0.09684630 -0.36795437
v -0.43200320 0.09684630 -0.34780071
v -0.42983931 0.09684630 -0.32764705
v -0.42790966 0.09684630 -0.30749338
v -0.41691929 0.07815118 -0.30749338
v -0.42617886 0.09684630 -0.28733972
v -0.41691929 0.07979521 -0.28733972
v -0.42461765 0.09684630 -0.26718606
v -0.41691929 0.08154646 -0.26718606
v -0.42320162 0.09684630 -0.24703239
v -0.41691929 0.08340971 -0.24703239
v -0.42191053 0.09684630 -0.22687873
v -0.41691929 0.08538959 -0.22687873
v -0.42072748 0.09684630 -0.20672507
v -0.41691929 0.08748978 -0.20672507
v -0.41963803 0.09684630 -0.18657140
v -0.41691929 0.08971401 -0.18657140
v -0.41863018 0.09684630 -0.16641774
v -0.41691929 0.09206525 -0.16641774
v -0.41769380 0.09684630 -0.14626408
v -0.41691929 0.09454601 -0.14626408
v -0.41691929 0.09684630 -0.12840728
v -0.41691929 0.09684630 0.14530266
v -0.43533547 0.11699997 -0.20672507
v -0.43322480 0.11699997 -0.18657140
v -0.43129777 0.11699997 -0.16641774
v -0.42953194 0.11699997 -0.14626408
v -0.42790794 0.11699997 -0.12611041
v -0.41691929 0.09703484 -0.12611041
v -0.42640906 0.11699997 -0.10595675
v -0.41691929 0.09869225 -0.10595675
v -0.42502088 0.11699997 -0.08580309
v -0.41691929 0.10043336 -0.08580309
v -0.42373098 0.11699997 -0.06564943
v -0.41691929 0.10226127 -0.06564943
v -0.42252847 0.11699997 -0.04549576
v -0.41691929 0.10417857 -0.04549576
v -0.42039748 0.11699997 -0.02534210
v -0.41691929 0.10777863 -0.02534210
v -0.41691929 0.11699997 -0.02082702
v -0.41753642 0.11699997 0.05527255
v -0.41691929 0.11518540 0.05527255
v -0.41691929 0.11699997 0.05342213
v -0.41691929 0.11699997 0.07008111
v -0.41691929 0.11699997 0.13895379
v -0.43458742 0.13715363 -0.04549576
v -0.41691929 0.12128350 -0.02534210
v -0.41691929 0.13715363 -0.04139321
v -0.42594183 0.13715363 0.03511889
v -0.41691929 0.12736900 0.03511889
v -0.41691929 0.13715363 0.02836446
v -0.42821248 0.13715363 0.05527255
v -0.42684223 0.13715363 0.07542622
v -0.41691929 0.11745559 0.07542622
v -0.42555296 0.13715363 0.09557988
v -0.41691929 0.11918913 0.09557988
v -0.42433720 0.13715363 0.11573354
v -0.41691929 0.12099315 0.11573354
v -0.41691929 0.12286982 0.13588721
v -0.42891257 0.15730729 -0.04549576
v -0.41691929 0.14134185 -0.04549576
v -0.41691929 0.15730729 -0.06090722
v -0.43292510 0.15730729 -0.02534210
v -0.43093033 0.15730729 -0.00518844
v -0.41691929 0.15513385 0.01496523
v -0.41691929 0.15730729 0.01324684
v -0.41706942 0.17746096 -0.26718606
v -0.41691929 0.17734760 -0.26718606
v -0.41691929 0.17746096 -0.26763653
v -0.42116431 0.17746096 -0.24703239
v -0.41691929 0.17563144 -0.24703239
v -0.43010519 0.17746096 -0.22687873
v -0.41691929 0.17391597 -0.22687873
v -0.43647919 0.17746096 -0.20672507
v -0.41691929 0.17220186 -0.20672507
v -0.41691929 0.17049071 -0.18657140
v -0.41691929 0.16878564 -0.16641774
v -0.41691929 0.16709246 -0.14626408
v -0.41691929 0.16542121 -0.12611041
v -0.41691929 0.16378977 -0.10595675
v -0.41691929 0.16222813 -0.08580309
v -0.41691929 0.16078583 -0.06564943
v -0.41691929 0.15874910 0.01496523
v -0.41691929 0.16065245 0.03511889
v -0.41691929 0.16481960 0.05527255
v -0.43445680 0.17746096 0.07542622
v -0.41691929 0.17254736 0.07542622
v -0.41691929 0.17746096 0.08352602
v -0.41769924 0.19761462 -0.28733972
v -0.41691929 0.19508443 -0.28733972
v -0.41691929 0.19761462 -0.28907910
v -0.42673622 0.19761462 -0.26718606
v -0.43577268 0.19761462 -0.24703239
v -0.41691929 0.18626008 0.09557988
v -0.41691929 0.19761462 0.10651830
v -0.42391174 0.21776828 -0.28733972
v -0.41691929 0.21776828 -0.30293351
v -0.43294860 0.21776828 -0.26718606
v -0.41691929 0.20935499 0.11573354
v -0.41691929 0.21776828 0.12112639
v -0.42108704 0.23792195 -0.30749338
v -0.41691929 0.22440145 -0.30749338
v -0.41691929 0.23792195 -0.31678784
v -0.43012412 0.23792195 -0.28733972
v -0.41691929 0.23792195 0.13216613
v -0.41826241 0.25807561 -0.32764705
v -0.41691929 0.25371847 -0.32764705
v -0.41691929 0.25807561 -0.33064233
v -0.42729952 0.25807561 -0.30749338
v -0.43633659 0.25807561 -0.28733972
v -0.41691929 0.24566530 0.13588721
v -0.41691929 0.25807561 0.14139422
v -0.42447475 0.27822927 -0.32764705
v -0.41691929 0.27822927 -0.34449641
v -0.43351187 0.27822927 -0.30749338
v -0.41691929 0.27822927 0.14962425
v -0.42165001 0.29838294 -0.34780071
v -0.41691929 0.28303602 -0.34780071
v -0.41691929 0.29838294 -0.35835058
v -0.43068712 0.29838294 -0.32764705
v -0.43529851 0.29838294 0.15604087
v -0.41691929 0.29500200 0.15604087
v -0.41691929 0.29838294 0.15729958
v -0.41882512 0.31853660 -0.36795437
v -0.41691929 0.31235382 -0.36795437
v -0.41691929 0.31853660 -0.37220449
v -0.42786230 0.31853660 -0.34780071
v -0.43689947 0.31853660 -0.32764705
v -0.41691929 0.31853660 0.16457874
v -0.42503733 0.33869026 -0.36795437
v -0.41691929 0.33869026 -0.38605840
v -0.43407451 0.33869026 -0.34780071
v -0.41691929 0.33869026 0.17166984
v -0.42221230 0.35884393 -0.38810804
v -0.41691929 0.34167202 -0.38810804
v -0.41691929 0.35884393 -0.39991194
v -0.43124952 0.35884393 -0.36795437
v -0.41691929 0.35175948 0.17619453
v -0.41691929 0.35884393 0.17863309
v -0.41938713 0.37899759 -0.40826170
v -0.41691929 0.37099113 -0.40826170
v -0.41691929 0.37899759 -0.41376518
v -0.42842428 0.37899759 -0.38810804
v -0.43207378 0.37899759 0.17619453
v -0.41691929 0.37899759 0.18551594
v -0.42559902 0.39915125 -0.40826170
v -0.41691929 0.39915125 -0.42761826
v -0.43463624 0.39915125 -0.38810804
v -0.42159380 0.39915125 0.17619453
v -0.41691929 0.39915125 0.18122028
v -0.42277346 0.41930492 -0.42841536
v -0.41691929 0.40031095 -0.42841536
v -0.41691929 0.41930492 -0.44147062
v -0.43181072 0.41930492 -0.40826170
v -0.42909591 0.41930492 0.15604087
v -0.41691929 0.40753110 0.17619453
v -0.41691929 0.41930492 0.16913313
v -0.41994771 0.43945858 -0.44856903
v -0.41691929 0.42963266 -0.44856903
v -0.41691929 0.43945858 -0.45532267
v -0.42898497 0.43945858 -0.42841536
v -0.43659734 0.43945858 0.13588721
v -0.41785514 0.43945858 0.15604087
v -0.41691929 0.43945858 0.15704534
v -0.42615886 0.45961224 -0.44856903
v -0.41691929 0.45895553 -0.46872269
v -0.41712169 0.45961224 -0.46872269
v -0.43519622 0.45961224 -0.42841536
v -0.42536333 0.45961224 0.13588721
v -0.41691929 0.44113229 0.15604087
v -0.41691929 0.45961224 0.14495034
v -0.43236963 0.47976590 -0.44856903
v -0.42333237 0.47976590 -0.46872269
v -0.43287135 0.47976590 0.11573354
v -0.41691929 0.47471363 0.13588721
v -0.41691929 0.47976590 0.13285508
v -0.41617273 -0.14499765 0.03511889
v -0.41467134 -0.14499765 0.05527255
v -0.41328361 -0.14499765 0.07542622
v -0.41199750 -0.14499765 0.09557988
v -0.41080245 -0.14499765 0.11573354
v -0.40312949 -0.12484399 -0.10595675
v -0.39676563 -0.12517397 -0.10595675
v -0.39676563 -0.12484399 -0.10800433
v -0.39676563 -0.12666696 -0.08580309
v -0.39676563 -0.12654450 -0.06564943
v -0.41348295 -0.12484399 -0.04549576
v -0.39676563 -0.12484399 -0.06291999
v -0.41224090 -0.12484399 -0.02534210
v -0.41106481 -0.12484399 -0.00518844
v -0.40997930 -0.12484399 0.01496523
v -0.40897412 -0.12484399 0.03511889
v -0.40804017 -0.12484399 0.05527255
v -0.40716963 -0.12484399 0.07542622
v -0.40635563 -0.12484399 0.09557988
v -0.40559218 -0.12484399 0.11573354
v -0.40943600 -0.12484399 0.13588721
v -0.41672054 -0.10469033 -0.20672507
v -0.41515967 -0.10469033 -0.18657140
v -0.41375581 -0.10469033 -0.16641774
v -0.40606581 -0.10469033 -0.14626408
v -0.39676563 -0.12047164 -0.12611041
v -0.39676563 -0.10469033 -0.14263765
v -0.39676563 -0.11015545 -0.04549576
v -0.40686218 -0.10469033 -0.02534210
v -0.39676563 -0.10469033 -0.03796274
v -0.40615500 -0.10469033 -0.00518844
v -0.39676563 -0.11634588 0.01496523
v -0.39676563 -0.10469033 0.00174659
v -0.39676563 -0.11946633 0.03511889
v -0.39676563 -0.11651187 0.05527255
v -0.40373268 -0.10469033 0.07542622
v -0.39676563 -0.10469033 0.06925834
v -0.40320684 -0.10469033 0.09557988
v -0.40270603 -0.10469033 0.11573354
v -0.40469679 -0.10469033 0.13588721
v -0.41541106 -0.08453666 -0.30749338
v -0.41399383 -0.08453666 -0.28733972
v -0.41273898 -0.08453666 -0.26718606
v -0.41162043 -0.08453666 -0.24703239
v -0.41061693 -0.08453666 -0.22687873
v -0.40971075 -0.08453666 -0.20672507
v -0.40888742 -0.08453666 -0.18657140
v -0.40813471 -0.08453666 -0.16641774
v -0.40744253 -0.08453666 -0.14626408
v -0.40680240 -0.08453666 -0.12611041
v -0.39676563 -0.09202981 -0.12611041
v -0.40620715 -0.08453666 -0.10595675
v -0.39676563 -0.08884417 -0.10595675
v -0.39676563 -0.08453666 -0.10311004
v -0.39759906 -0.08453666 -0.02534210
v -0.39676563 -0.08453666 -0.02633284
v -0.39676563 -0.09401183 -0.00518844
v -0.39676563 -0.08453666 -0.02408481
v -0.40211510 -0.08453666 0.07542622
v -0.39676563 -0.08453666 0.07197234
v -0.40174750 -0.08453666 0.09557988
v -0.40139057 -0.08453666 0.11573354
v -0.40258017 -0.08453666 0.13588721
v -0.41567411 -0.06438300 -0.42841536
v -0.41423573 -0.06438300 -0.40826170
v -0.41300034 -0.06438300 -0.38810804
v -0.41192819 -0.06438300 -0.36795437
v -0.41098829 -0.06438300 -0.34780071
v -0.41015613 -0.06438300 -0.32764705
v -0.40941230 -0.06438300 -0.30749338
v -0.40874131 -0.06438300 -0.28733972
v -0.40813064 -0.06438300 -0.26718606
v -0.40757026 -0.06438300 -0.24703239
v -0.40705202 -0.06438300 -0.22687873
v -0.40656918 -0.06438300 -0.20672507
v -0.40611631 -0.06438300 -0.18657140
v -0.40568880 -0.06438300 -0.16641774
v -0.40528293 -0.06438300 -0.14626408
v -0.40489555 -0.06438300 -0.12611041
v -0.40452402 -0.06438300 -0.10595675
v -0.40416613 -0.06438300 -0.08580309
v -0.39676563 -0.06669920 -0.08580309
v -0.40382001 -0.06438300 -0.06564943
v -0.39676563 -0.06909988 -0.06564943
v -0.40348405 -0.06438300 -0.04549576
v -0.39676563 -0.07220141 -0.04549576
v -0.40315698 -0.06438300 -0.02534210
v -0.39878349 -0.06438300 -0.00518844
v -0.39676563 -0.06760519 -0.00518844
v -0.39676563 -0.06438300 -0.00133205
v -0.40161944 -0.06438300 0.07542622
v -0.39676563 -0.06438300 0.07191194
v -0.40132635 -0.06438300 0.09557988
v -0.40103673 -0.06438300 0.11573354
v -0.40186274 -0.06438300 0.13588721
v -0.41070199 -0.04422934 -0.44856903
v -0.41143255 -0.04422934 -0.46872269
v -0.41006277 -0.04422934 -0.42841536
v -0.40949494 -0.04422934 -0.40826170
v -0.40898330 -0.04422934 -0.38810804
v -0.40851640 -0.04422934 -0.36795437
v -0.40808524 -0.04422934 -0.34780071
v -0.40768291 -0.04422934 -0.32764705
v -0.40730399 -0.04422934 -0.30749338
v -0.40694425 -0.04422934 -0.28733972
v -0.40660013 -0.04422934 -0.26718606
v -0.40626897 -0.04422934 -0.24703239
v -0.40594851 -0.04422934 -0.22687873
v -0.40563704 -0.04422934 -0.20672507
v -0.40533307 -0.04422934 -0.18657140
v -0.40503539 -0.04422934 -0.16641774
v -0.40474303 -0.04422934 -0.14626408
v -0.40445510 -0.04422934 -0.12611041
v -0.40417105 -0.04422934 -0.10595675
v -0.40389019 -0.04422934 -0.08580309
v -0.40361210 -0.04422934 -0.06564943
v -0.40333640 -0.04422934 -0.04549576
v -0.40306272 -0.04422934 -0.02534210
v -0.40279079 -0.04422934 -0.00518844
v -0.40053017 -0.04422934 0.01496523
v -0.39676563 -0.05094764 0.01496523
v -0.39676563 -0.04422934 0.02323099
v -0.40171632 -0.04422934 0.07542622
v -0.39676563 -0.04422934 0.06977843
v -0.40145021 -0.04422934 0.09557988
v -0.40118482 -0.04422934 0.11573354
v -0.40178609 -0.04422934 0.13588721
v -0.40906884 -0.02407568 -0.44856903
v -0.40939282 -0.02407568 -0.46872269
v -0.40875848 -0.02407568 -0.42841536
v -0.40845851 -0.02407568 -0.40826170
v -0.40816669 -0.02407568 -0.38810804
v -0.40788112 -0.02407568 -0.36795437
v -0.40760051 -0.02407568 -0.34780071
v -0.40732384 -0.02407568 -0.32764705
v -0.40705027 -0.02407568 -0.30749338
v -0.40677919 -0.02407568 -0.28733972
v -0.40651011 -0.02407568 -0.26718606
v -0.40624258 -0.02407568 -0.24703239
v -0.40597639 -0.02407568 -0.22687873
v -0.40571131 -0.02407568 -0.20672507
v -0.40544704 -0.02407568 -0.18657140
v -0.40518347 -0.02407568 -0.16641774
v -0.40492053 -0.02407568 -0.14626408
v -0.40465809 -0.02407568 -0.12611041
v -0.40439603 -0.02407568 -0.10595675
v -0.40413425 -0.02407568 -0.08580309
v -0.40387278 -0.02407568 -0.06564943
v -0.40361151 -0.02407568 -0.04549576
v -0.40335042 -0.02407568 -0.02534210
v -0.40308950 -0.02407568 -0.00518844
v -0.40282873 -0.02407568 0.01496523
v -0.40256805 -0.02407568 0.03511889
v -0.39676563 -0.03515100 0.03511889
v -0.40230747 -0.02407568 0.05527255
v -0.39676563 -0.03019339 0.05527255
v -0.40204694 -0.02407568 0.07542622
v -0.40178647 -0.02407568 0.09557988
v -0.40152607 -0.02407568 0.11573354
v -0.40191933 -0.02407568 0.13588721
v -0.40920325 -0.00392201 -0.44856903
v -0.40946664 -0.00392201 -0.46872269
v -0.40894051 -0.00392201 -0.42841536
v -0.40867829 -0.00392201 -0.40826170
v -0.40841648 -0.00392201 -0.38810804
v -0.40815488 -0.00392201 -0.36795437
v -0.40789357 -0.00392201 -0.34780071
v -0.40763240 -0.00392201 -0.32764705
v -0.40737142 -0.00392201 -0.30749338
v -0.40711055 -0.00392201 -0.28733972
v -0.40684978 -0.00392201 -0.26718606
v -0.40658909 -0.00392201 -0.24703239
v -0.40632847 -0.00392201 -0.22687873
v -0.40606786 -0.00392201 -0.20672507
v -0.40580739 -0.00392201 -0.18657140
v -0.40554694 -0.00392201 -0.16641774
v -0.40528647 -0.00392201 -0.14626408
v -0.40502606 -0.00392201 -0.12611041
v -0.40476569 -0.00392201 -0.10595675
v -0.40450532 -0.00392201 -0.08580309
v -0.40424500 -0.00392201 -0.06564943
v -0.40398469 -0.00392201 -0.04549576
v -0.40372440 -0.00392201 -0.02534210
v -0.40346413 -0.00392201 -0.00518844
v -0.40320388 -0.00392201 0.01496523
v -0.40294361 -0.00392201 0.03511889
v -0.40268338 -0.00392201 0.05527255
v -0.40242321 -0.00392201 0.07542622
v -0.40216299 -0.00392201 0.09557988
v -0.40190282 -0.00392201 0.11573354
v -0.40207332 -0.00392201 0.13588721
v -0.40959213 0.01623165 -0.44856903
v -0.40985442 0.01623165 -0.46872269
v -0.40933023 0.01623165 -0.42841536
v -0.40906870 0.01623165 -0.40826170
v -0.40880746 0.01623165 -0.38810804
v -0.40854642 0.01623165 -0.36795437
v -0.40828564 0.01623165 -0.34780071
v -0.40802499 0.01623165 -0.32764705
v -0.40776446 0.01623165 -0.30749338
v -0.40750408 0.01623165 -0.28733972
v -0.40724374 0.01623165 -0.26718606
v -0.40698350 0.01623165 -0.24703239
v -0.40672332 0.01623165 -0.22687873
v -0.40646320 0.01623165 -0.20672507
v -0.40620315 0.01623165 -0.18657140
v -0.40594311 0.01623165 -0.16641774
v -0.40568313 0.01623165 -0.14626408
v -0.40542321 0.01623165 -0.12611041
v -0.40516330 0.01623165 -0.10595675
v -0.40490339 0.01623165 -0.08580309
v -0.40464349 0.01623165 -0.06564943
v -0.40438361 0.01623165 -0.04549576
v -0.40412376 0.01623165 -0.02534210
v -0.40386394 0.01623165 -0.00518844
v -0.40360415 0.01623165 0.01496523
v -0.40334435 0.01623165 0.03511889
v -0.40308453 0.01623165 0.05527255
v -0.40282477 0.01623165 0.07542622
v -0.40256495 0.01623165 0.09557988
v -0.40230522 0.01623165 0.11573354
v -0.40223962 0.01623165 0.13588721
v -0.41050549 0.03638531 -0.44856903
v -0.41081004 0.03638531 -0.46872269
v -0.41020701 0.03638531 -0.42841536
v -0.40991353 0.03638531 -0.40826170
v -0.40962425 0.03638531 -0.38810804
v -0.40933834 0.03638531 -0.36795437
v -0.40905551 0.03638531 -0.34780071
v -0.40877510 0.03638531 -0.32764705
v -0.40849686 0.03638531 -0.30749338
v -0.40822050 0.03638531 -0.28733972
v -0.40794569 0.03638531 -0.26718606
v -0.40767230 0.03638531 -0.24703239
v -0.40740009 0.03638531 -0.22687873
v -0.40712900 0.03638531 -0.20672507
v -0.40685886 0.03638531 -0.18657140
v -0.40658958 0.03638531 -0.16641774
v -0.40632097 0.03638531 -0.14626408
v -0.40605309 0.03638531 -0.12611041
v -0.40578582 0.03638531 -0.10595675
v -0.40551909 0.03638531 -0.08580309
v -0.40525284 0.03638531 -0.06564943
v -0.40498698 0.03638531 -0.04549576
v -0.40472158 0.03638531 -0.02534210
v -0.40445650 0.03638531 -0.00518844
v -0.40419180 0.03638531 0.01496523
v -0.40392735 0.03638531 0.03511889
v -0.40366325 0.03638531 0.05527255
v -0.40339934 0.03638531 0.07542622
v -0.40313570 0.03638531 0.09557988
v -0.40287226 0.03638531 0.11573354
v -0.39676563 0.03157167 0.13588721
v -0.39676563 0.03638531 0.13158321
v -0.39676563 0.03638531 0.13977302
v -0.41406816 0.05653898 -0.44856903
v -0.41472335 0.05653898 -0.46872269
v -0.41347089 0.05653898 -0.42841536
v -0.41292085 0.05653898 -0.40826170
v -0.41240963 0.05653898 -0.38810804
v -0.41193060 0.05653898 -0.36795437
v -0.41147859 0.05653898 -0.34780071
v -0.41104923 0.05653898 -0.32764705
v -0.41063909 0.05653898 -0.30749338
v -0.41024542 0.05653898 -0.28733972
v -0.40986581 0.05653898 -0.26718606
v -0.40949837 0.05653898 -0.24703239
v -0.40914147 0.05653898 -0.22687873
v -0.40879380 0.05653898 -0.20672507
v -0.40845422 0.05653898 -0.18657140
v -0.40812166 0.05653898 -0.16641774
v -0.40779542 0.05653898 -0.14626408
v -0.40747470 0.05653898 -0.12611041
v -0.40715894 0.05653898 -0.10595675
v -0.40684759 0.05653898 -0.08580309
v -0.40654017 0.05653898 -0.06564943
v -0.40623631 0.05653898 -0.04549576
v -0.40593563 0.05653898 -0.02534210
v -0.40563783 0.05653898 -0.00518844
v -0.40028661 0.05653898 0.01496523
v -0.39676563 0.04815242 0.03511889
v -0.39676563 0.05653898 0.02148686
v -0.39676563 0.04394640 0.05527255
v -0.39676563 0.04551577 0.07542622
v -0.40418368 0.05653898 0.09557988
v -0.39676563 0.05653898 0.08590319
v -0.40389849 0.05653898 0.11573354
v -0.39676563 0.05653898 0.12340981
v -0.39676563 0.05653898 0.14844687
v -0.41611949 0.07669264 -0.30749338
v -0.41533757 0.07669264 -0.28733972
v -0.41461333 0.07669264 -0.26718606
v -0.41393879 0.07669264 -0.24703239
v -0.41330706 0.07669264 -0.22687873
v -0.41271252 0.07669264 -0.20672507
v -0.41215043 0.07669264 -0.18657140
v -0.41161667 0.07669264 -0.16641774
v -0.41110787 0.07669264 -0.14626408
v -0.41062111 0.07669264 -0.12611041
v -0.41015382 0.07669264 -0.10595675
v -0.40970378 0.07669264 -0.08580309
v -0.40926922 0.07669264 -0.06564943
v -0.40884846 0.07669264 -0.04549576
v -0.40250501 0.07669264 -0.02534210
v -0.39676563 0.06732482 -0.00518844
v -0.39676563 0.07669264 -0.01924307
v -0.39676563 0.05898836 0.01496523
v -0.40618942 0.07669264 0.09557988
v -0.39676563 0.07669264 0.08228066
v -0.40584001 0.07669264 0.11573354
v -0.39676563 0.07669264 0.12168458
v -0.39676563 0.07669264 0.15040858
v -0.41682065 0.09684630 -0.12611041
v -0.41600638 0.09684630 -0.10595675
v -0.41524001 0.09684630 -0.08580309
v -0.41380612 0.09684630 -0.06564943
v -0.39676563 0.09589383 -0.04549576
v -0.39676563 0.09684630 -0.04639223
v -0.39676563 0.08072962 -0.02534210
v -0.40981316 0.09684630 0.09557988
v -0.39676563 0.09684630 0.07588095
v -0.39676563 0.09163631 0.11573354
v -0.39676563 0.09684630 0.11176051
v -0.39676563 0.09684630 0.15066473
v -0.40156189 0.11699997 -0.06564943
v -0.39676563 0.11429084 -0.06564943
v -0.39676563 0.11699997 -0.06847306
v -0.41189379 0.11699997 -0.04549576
v -0.41499991 0.11699997 -0.02534210
v -0.41615672 0.11699997 0.05527255
v -0.41618887 0.11699997 0.07542622
v -0.39676563 0.09784939 0.07542622
v -0.39676563 0.11699997 0.06990364
v -0.41590358 0.11699997 0.09557988
v -0.39676563 0.11699997 0.10542587
v -0.39676563 0.11699997 0.15030749
v -0.39847992 0.13715363 -0.08580309
v -0.39676563 0.13435720 -0.08580309
v -0.39676563 0.13715363 -0.08851976
v -0.40653266 0.13715363 -0.06564943
v -0.41516360 0.13715363 -0.04549576
v -0.41326093 0.13715363 0.03511889
v -0.40442811 0.13715363 0.05527255
v -0.39676563 0.13715363 0.06190281
v -0.41098671 0.13715363 0.11573354
v -0.39676563 0.13715363 0.10803866
v -0.41483641 0.13715363 0.13588721
v -0.39676563 0.13715363 0.14960182
v -0.40006683 0.15730729 -0.10595675
v -0.39676563 0.15547927 -0.10595675
v -0.39676563 0.15730729 -0.11242394
v -0.41220795 0.15730729 -0.08580309
v -0.41488651 0.15730729 -0.06564943
v -0.41609345 0.15730729 0.01496523
v -0.41345742 0.15730729 0.03511889
v -0.39676563 0.15379969 0.05527255
v -0.39676563 0.15730729 0.05351304
v -0.39676563 0.15448628 0.11573354
v -0.41234108 0.15730729 0.13588721
v -0.39676563 0.15730729 0.11660933
v -0.39676563 0.15730729 0.14864451
v -0.39952883 0.17746096 -0.30749338
v -0.39676563 0.17536268 -0.30749338
v -0.39676563 0.17746096 -0.31569090
v -0.40552925 0.17746096 -0.28733972
v -0.39676563 0.17364621 -0.28733972
v -0.39676563 0.17192973 -0.26718606
v -0.39676563 0.17021353 -0.24703239
v -0.39676563 0.16849784 -0.22687873
v -0.39676563 0.16678322 -0.20672507
v -0.39676563 0.16507117 -0.18657140
v -0.39676563 0.16336433 -0.16641774
v -0.39676563 0.16166798 -0.14626408
v -0.39676563 0.15999138 -0.12611041
v -0.39676563 0.15897984 0.05527255
v -0.39676563 0.16682194 0.07542622
v -0.39676563 0.17746096 0.09171399
v -0.41188783 0.17746096 0.13588721
v -0.39676563 0.17746096 0.11933047
v -0.39676563 0.17746096 0.14785962
v -0.39962487 0.19761462 -0.32764705
v -0.39676563 0.18833918 -0.32764705
v -0.39676563 0.19761462 -0.33402339
v -0.40866209 0.19761462 -0.30749338
v -0.39676563 0.18052792 0.09557988
v -0.39676563 0.19761462 0.11097632
v -0.41242672 0.19761462 0.13588721
v -0.39676563 0.19761462 0.11678871
v -0.39676563 0.19761462 0.14841578
v -0.39680027 0.21776828 -0.34780071
v -0.39676563 0.21765589 -0.34780071
v -0.39676563 0.21776828 -0.34787798
v -0.40583740 0.21776828 -0.32764705
v -0.41487459 0.21776828 -0.30749338
v -0.39676563 0.20411395 0.11573354
v -0.41196195 0.21776828 0.13588721
v -0.39676563 0.21776828 0.14737453
v -0.40301267 0.23792195 -0.34780071
v -0.39676563 0.23792195 -0.36173210
v -0.41204987 0.23792195 -0.32764705
v -0.40473123 0.23792195 0.13588721
v -0.39676563 0.23792195 0.13781114
v -0.40018801 0.25807561 -0.36795437
v -0.39676563 0.24697331 -0.36795437
v -0.39676563 0.25807561 -0.37558657
v -0.40922522 0.25807561 -0.34780071
v -0.39676563 0.25807561 0.14314466
v -0.39736320 0.27822927 -0.38810804
v -0.39676563 0.27629068 -0.38810804
v -0.39676563 0.27822927 -0.38944067
v -0.40640040 0.27822927 -0.36795437
v -0.41543760 0.27822927 -0.34780071
v -0.39676563 0.27822927 0.15112966
v -0.40357554 0.29838294 -0.38810804
v -0.39676563 0.29838294 -0.40329468
v -0.41261279 0.29838294 -0.36795437
v -0.39676563 0.29132241 0.15604087
v -0.39676563 0.29838294 0.15862827
v -0.40075064 0.31853660 -0.40826170
v -0.39676563 0.30560863 -0.40826170
v -0.39676563 0.31853660 -0.41714867
v -0.40978786 0.31853660 -0.38810804
v -0.39676563 0.31853660 0.16581337
v -0.39792569 0.33869026 -0.42841536
v -0.39676563 0.33492676 -0.42841536
v -0.39676563 0.33869026 -0.43100240
v -0.40696292 0.33869026 -0.40826170
v -0.41600020 0.33869026 -0.38810804
v -0.39676563 0.33869026 0.17284193
v -0.40413787 0.35884393 -0.42841536
v -0.39676563 0.35884393 -0.44485602
v -0.41317514 0.35884393 -0.40826170
v -0.39676563 0.34842830 0.17619453
v -0.39676563 0.35884393 0.17976361
v -0.40131265 0.37899759 -0.44856903
v -0.39676563 0.36424564 -0.44856903
v -0.39676563 0.37899759 -0.45870924
v -0.41034990 0.37899759 -0.42841536
v -0.39676563 0.37899759 0.18662383
v -0.40752455 0.39915125 -0.44856903
v -0.39676563 0.39356545 -0.46872269
v -0.39848732 0.39915125 -0.46872269
v -0.41656186 0.39915125 -0.42841536
v -0.39676563 0.39915125 0.19345205
v -0.41373622 0.41930492 -0.44856903
v -0.40469900 0.41930492 -0.46872269
v -0.41034449 0.41930492 0.17619453
v -0.39676563 0.41930492 0.19075814
v -0.41091047 0.43945858 -0.46872269
v -0.39906500 0.43945858 0.17619453
v -0.39676563 0.43945858 0.17865850
v -0.40657849 0.45961224 0.15604087
v -0.39676563 0.44356161 0.17619453
v -0.39676563 0.45961224 0.16655589
v -0.41409208 0.47976590 0.13588721
v -0.39676563 0.47712154 0.15604087
v -0.39676563 0.47976590 0.15445285
v -0.38592973 -0.12484399 -0.12611041
v -0.37661196 -0.12626981 -0.12611041
v -0.37661196 -0.12484399 -0.13465206
v -0.37661196 -0.12666967 -0.10595675
v -0.37661196 -0.12685831 -0.08580309
v -0.37661196 -0.12693167 -0.06564943
v -0.38024668 -0.12484399 -0.04549576
v -0.37661196 -0.12632955 -0.04549576
v -0.37661196 -0.12484399 -0.04089020
v -0.39316445 -0.10469033 -0.14626408
v -0.37661196 -0.11994514 -0.14626408
v -0.37661196 -0.10469033 -0.15271807
v -0.39027919 -0.10469033 -0.02534210
v -0.37661196 -0.11756350 -0.02534210
v -0.39317222 -0.10469033 -0.00518844
v -0.37661196 -0.11598090 -0.00518844
v -0.37661196 -0.11931883 0.01496523
v -0.37661196 -0.12454452 0.03511889
v -0.37661196 -0.11957861 0.05527255
v -0.37661196 -0.10469033 0.06844686
v -0.38678121 -0.10469033 0.13588721
v -0.37661196 -0.11219462 0.13588721
v -0.37661196 -0.10469033 0.13234467
v -0.37661196 -0.10469033 0.13953411
v -0.37661196 -0.09749533 -0.14626408
v -0.37661196 -0.08733082 -0.12611041
v -0.39145318 -0.08453666 -0.10595675
v -0.37661196 -0.08453666 -0.12114349
v -0.39661463 -0.08453666 -0.02534210
v -0.37661196 -0.08453666 0.07140491
v -0.39327264 -0.08453666 0.13588721
v -0.37661196 -0.08453666 0.12678573
v -0.37661196 -0.08453666 0.14512684
v -0.39166763 -0.06438300 -0.10595675
v -0.37661196 -0.06438300 -0.11500378
v -0.39349480 -0.06438300 -0.08580309
v -0.39413953 -0.06438300 -0.06564943
v -0.39458704 -0.06438300 -0.04549576
v -0.39492701 -0.06438300 -0.02534210
v -0.39633560 -0.06438300 -0.00518844
v -0.37661196 -0.06438300 0.07431847
v -0.39471640 -0.06438300 0.13588721
v -0.37661196 -0.06438300 0.12398864
v -0.37661196 -0.06438300 0.14790007
v -0.38250998 -0.04422934 -0.12611041
v -0.37661196 -0.04628104 -0.12611041
v -0.37661196 -0.04422934 -0.12853104
v -0.39096867 -0.04422934 -0.10595675
v -0.39272858 -0.04422934 -0.08580309
v -0.39362993 -0.04422934 -0.06564943
v -0.39422194 -0.04422934 -0.04549576
v -0.39464925 -0.04422934 -0.02534210
v -0.39497286 -0.04422934 -0.00518844
v -0.39585072 -0.04422934 0.01496523
v -0.38337036 -0.04422934 0.07542622
v -0.37661196 -0.05230081 0.07542622
v -0.37661196 -0.04422934 0.07726772
v -0.39521996 -0.04422934 0.13588721
v -0.37661196 -0.04422934 0.12237310
v -0.37661196 -0.04422934 0.14949777
v -0.37661196 -0.04153477 -0.12611041
v -0.37661196 -0.03373525 -0.10595675
v -0.37661196 -0.03136199 -0.08580309
v -0.37661196 -0.03013782 -0.06564943
v -0.37661196 -0.02933505 -0.04549576
v -0.37661196 -0.02875454 -0.02534210
v -0.37661196 -0.02831509 -0.00518844
v -0.37661196 -0.02797431 0.01496523
v -0.37661196 -0.02770659 0.03511889
v -0.37661196 -0.02796870 0.05527255
v -0.37661196 -0.04242725 0.07542622
v -0.39540041 -0.02407568 0.13588721
v -0.37661196 -0.02407568 0.12151515
v -0.37661196 -0.02407568 0.15034595
v -0.39548419 -0.00392201 0.13588721
v -0.37661196 -0.00392201 0.12098187
v -0.37661196 -0.00392201 0.15087283
v -0.39554271 0.01623165 0.13588721
v -0.37661196 0.01623165 0.11589874
v -0.37661196 0.01623165 0.15129512
v -0.37755652 0.03638531 0.07542622
v -0.37661196 0.03613784 0.07542622
v -0.37661196 0.03638531 0.07255723
v -0.37661196 0.03638531 0.07611182
v -0.39358347 0.03638531 0.11573354
v -0.37661196 0.01664151 0.11573354
v -0.37661196 0.03638531 0.10004215
v -0.37661196 0.03638531 0.15162434
v -0.38100944 0.05653898 -0.02534210
v -0.37661196 0.05419012 -0.02534210
v -0.37661196 0.05653898 -0.03138444
v -0.38719489 0.05653898 -0.00518844
v -0.37661196 0.04805700 -0.00518844
v -0.39406196 0.05653898 0.01496523
v -0.37661196 0.04355193 0.01496523
v -0.37661196 0.04026998 0.03511889
v -0.37661196 0.03788327 0.05527255
v -0.37661196 0.05653898 0.08925456
v -0.39479082 0.05653898 0.11573354
v -0.37661196 0.05653898 0.09790839
v -0.37661196 0.05653898 0.15185183
v -0.37947629 0.07669264 -0.06564943
v -0.37661196 0.07437490 -0.06564943
v -0.37661196 0.07669264 -0.06908956
v -0.38713896 0.07669264 -0.04549576
v -0.37661196 0.06286072 -0.04549576
v -0.39420469 0.07669264 -0.02534210
v -0.37661196 0.07669264 0.08911693
v -0.39504498 0.07669264 0.11573354
v -0.37661196 0.07669264 0.09721331
v -0.37661196 0.07669264 0.15195724
v -0.38157988 0.09684630 -0.08580309
v -0.37661196 0.08939306 -0.08580309
v -0.37661196 0.09684630 -0.09455500
v -0.38859584 0.09684630 -0.06564943
v -0.37661196 0.09684630 0.08826460
v -0.37661196 0.09684630 0.09703678
v -0.37661196 0.09684630 0.15191631
v -0.38082098 0.11699997 -0.10595675
v -0.37661196 0.10734640 -0.10595675
v -0.37661196 0.11699997 -0.11586721
v -0.38936153 0.11699997 -0.08580309
v -0.39078455 0.11699997 0.07542622
v -0.37661196 0.11699997 0.08642661
v -0.37661196 0.11699997 0.09724835
v -0.37661196 0.11699997 0.15170699
v -0.38127117 0.13715363 -0.12611041
v -0.37661196 0.12739558 -0.12611041
v -0.37661196 0.13715363 -0.13549051
v -0.38927479 0.13715363 -0.10595675
v -0.38486269 0.13715363 0.07542622
v -0.37661196 0.13715363 0.08325007
v -0.37661196 0.13715363 0.09794990
v -0.37661196 0.13715363 0.15130208
v -0.38831522 0.15730729 -0.14626408
v -0.37661196 0.14856607 -0.14626408
v -0.37661196 0.15730729 -0.16449651
v -0.39447139 0.15730729 -0.12611041
v -0.39568401 0.15730729 0.05527255
v -0.38287236 0.15730729 0.07542622
v -0.37661196 0.15730729 0.07984339
v -0.39609651 0.15730729 0.11573354
v -0.37661196 0.15730729 0.09808230
v -0.37661196 0.15730729 0.15080701
v -0.38195849 0.17746096 -0.34780071
v -0.37661196 0.17337791 -0.34780071
v -0.37661196 0.17746096 -0.36348742
v -0.38980422 0.17746096 -0.32764705
v -0.37661196 0.17166143 -0.32764705
v -0.37661196 0.16994492 -0.30749338
v -0.37661196 0.16822840 -0.28733972
v -0.37661196 0.16651196 -0.26718606
v -0.37661196 0.16479565 -0.24703239
v -0.37661196 0.16307978 -0.22687873
v -0.37661196 0.16136477 -0.20672507
v -0.37661196 0.15965187 -0.18657140
v -0.37661196 0.15794348 -0.16641774
v -0.38608675 0.17746096 0.09557988
v -0.37661196 0.17488291 0.09557988
v -0.38667213 0.17746096 0.11573354
v -0.37661196 0.17746096 0.15127050
v -0.38155052 0.19761462 -0.36795437
v -0.37661196 0.18159384 -0.36795437
v -0.37661196 0.19761462 -0.37896768
v -0.39058769 0.19761462 -0.34780071
v -0.37661196 0.19683413 0.11573354
v -0.37661196 0.19761462 0.11492966
v -0.37661196 0.19761462 0.11583847
v -0.37661196 0.19761462 0.15125706
v -0.37872579 0.21776828 -0.38810804
v -0.37661196 0.21091095 -0.38810804
v -0.37661196 0.21776828 -0.39282202
v -0.38776302 0.21776828 -0.36795437
v -0.37661196 0.19879090 0.11573354
v -0.37661196 0.21776828 0.15066265
v -0.38493826 0.23792195 -0.38810804
v -0.37661196 0.23792195 -0.40667632
v -0.39397547 0.23792195 -0.36795437
v -0.37661196 0.23792195 0.14837047
v -0.38211353 0.25807561 -0.40826170
v -0.37661196 0.24022819 -0.40826170
v -0.37661196 0.25807561 -0.42053071
v -0.39115080 0.25807561 -0.38810804
v -0.37661196 0.25807561 0.14478801
v -0.37928877 0.27822927 -0.42841536
v -0.37661196 0.26954540 -0.42841536
v -0.37661196 0.27822927 -0.43438483
v -0.38832597 0.27822927 -0.40826170
v -0.37661196 0.27822927 0.15256101
v -0.38550116 0.29838294 -0.42841536
v -0.37661196 0.29838294 -0.44823893
v -0.39453834 0.29838294 -0.40826170
v -0.37661196 0.28767100 0.15604087
v -0.37661196 0.29838294 0.15991158
v -0.38267623 0.31853660 -0.44856903
v -0.37661196 0.29886313 -0.44856903
v -0.37661196 0.31853660 -0.46209276
v -0.39171349 0.31853660 -0.42841536
v -0.37661196 0.31853660 0.16701718
v -0.38888845 0.33869026 -0.44856903
v -0.37661196 0.32818140 -0.46872269
v -0.37985128 0.33869026 -0.46872269
v -0.37661196 0.33869026 0.17399360
v -0.39510065 0.35884393 -0.44856903
v -0.38606343 0.35884393 -0.46872269
v -0.37661196 0.34511327 0.17619453
v -0.37661196 0.35884393 0.18088182
v -0.39227541 0.37899759 -0.46872269
v -0.37661196 0.37899759 0.18772375
v -0.37661196 0.39915125 0.19454071
v -0.38815165 0.41930492 0.19634820
v -0.37661196 0.40450505 0.19634820
v -0.37661196 0.41930492 0.20134183
v -0.38025156 0.43945858 0.19634820
v -0.37661196 0.43945858 0.20024538
v -0.38776726 0.45961224 0.17619453
v -0.37661196 0.44594614 0.19634820
v -0.37661196 0.45961224 0.18813891
v -0.39528305 0.47976590 0.15604087
v -0.37661196 0.47949554 0.17619453
v -0.37661196 0.47976590 0.17603212
v -0.35660145 -0.18530498 0.13588721
v -0.35645830 -0.18567741 0.13588721
v -0.35645830 -0.18530498 0.13578660
v -0.35645830 -0.18530498 0.13599360
v -0.36266049 -0.16515132 0.13588721
v -0.35645830 -0.16515132 0.13135150
v -0.35645830 -0.16515132 0.14058761
v -0.36811208 -0.14499765 0.13588721
v -0.35645830 -0.14499765 0.12811004
v -0.35645830 -0.14499765 0.14383542
v -0.35645830 -0.12649193 -0.12611041
v -0.35645830 -0.12484399 -0.13740245
v -0.35645830 -0.12656524 -0.10595675
v -0.35645830 -0.12657559 -0.08580309
v -0.35645830 -0.12655698 -0.06564943
v -0.35645830 -0.12649275 -0.04549576
v -0.36096156 -0.12484399 -0.02534210
v -0.35645830 -0.12590190 -0.02534210
v -0.35645830 -0.12484399 -0.02008695
v -0.36695669 -0.12484399 0.03511889
v -0.35645830 -0.12543382 0.03511889
v -0.35645830 -0.12484399 0.03277760
v -0.35645830 -0.12484399 0.03981735
v -0.37336111 -0.12484399 0.13588721
v -0.35645830 -0.12484399 0.12580915
v -0.35645830 -0.12484399 0.14609764
v -0.35645830 -0.12120835 -0.14626408
v -0.35645830 -0.10469033 -0.15208906
v -0.35645830 -0.12298208 -0.00518844
v -0.35645830 -0.12322976 0.01496523
v -0.35645830 -0.12338394 0.05527255
v -0.36011907 -0.10469033 0.07542622
v -0.35645830 -0.10766146 0.07542622
v -0.35645830 -0.10469033 0.07745737
v -0.35645830 -0.10469033 0.12420182
v -0.35645830 -0.10469033 0.14766717
v -0.36282607 -0.08453666 -0.14626408
v -0.35645830 -0.08453666 -0.15062186
v -0.37412737 -0.08453666 -0.12611041
v -0.36706642 -0.08453666 0.07542622
v -0.35645830 -0.08453666 0.08046988
v -0.35645830 -0.08453666 0.12307239
v -0.35645830 -0.08453666 0.14877170
v -0.35645830 -0.08001550 -0.14626408
v -0.36383670 -0.06438300 -0.12611041
v -0.35645830 -0.06438300 -0.13114420
v -0.37398128 -0.06438300 0.07542622
v -0.35645830 -0.06438300 0.08280141
v -0.35645830 -0.06438300 0.11798892
v -0.35645830 -0.06438300 0.14957504
v -0.35796569 -0.04422934 -0.14626408
v -0.35645830 -0.04498010 -0.14626408
v -0.35645830 -0.04422934 -0.14726102
v -0.35645830 -0.04422934 0.08381974
v -0.36586892 -0.04422934 0.11573354
v -0.35645830 -0.05727188 0.11573354
v -0.35645830 -0.04422934 0.10664091
v -0.35645830 -0.04422934 0.15018675
v -0.35645830 -0.04250669 -0.14626408
v -0.35645830 -0.02851708 -0.12611041
v -0.35645830 -0.02639240 -0.10595675
v -0.35645830 -0.02585536 -0.08580309
v -0.35645830 -0.02567489 -0.06564943
v -0.35645830 -0.02558594 -0.04549576
v -0.35645830 -0.02552896 -0.02534210
v -0.35645830 -0.02549019 -0.00518844
v -0.35645830 -0.02546509 0.01496523
v -0.35645830 -0.02545106 0.03511889
v -0.35645830 -0.02702064 0.05527255
v -0.35645830 -0.03370775 0.07542622
v -0.37031043 -0.02407568 0.11573354
v -0.35645830 -0.02407568 0.10296746
v -0.35645830 -0.02407568 0.15067541
v -0.37211322 -0.00392201 0.11573354
v -0.35645830 -0.00392201 0.10246866
v -0.35645830 -0.00392201 0.15108058
v -0.37650032 0.01623165 0.11573354
v -0.35645830 0.01623165 0.09883001
v -0.35645830 0.01623165 0.15142183
v -0.35787009 0.03638531 0.01496523
v -0.35645830 0.03590842 0.01496523
v -0.35645830 0.03638531 0.00969161
v -0.36331934 0.03638531 0.03511889
v -0.35645830 0.03456974 0.03511889
v -0.36991603 0.03638531 0.05527255
v -0.35645830 0.03360122 0.05527255
v -0.35645830 0.03289896 0.07542622
v -0.35645830 0.03638531 0.08492160
v -0.35645830 0.03638531 0.09628543
v -0.35645830 0.03638531 0.15170466
v -0.36295564 0.05653898 -0.06564943
v -0.35645830 0.04978514 -0.06564943
v -0.35645830 0.05653898 -0.08392822
v -0.37069361 0.05653898 -0.04549576
v -0.35645830 0.04437329 -0.04549576
v -0.35645830 0.04052912 -0.02534210
v -0.35645830 0.03781440 -0.00518844
v -0.35645830 0.05653898 0.09289211
v -0.35645830 0.05653898 0.09598120
v -0.35645830 0.05653898 0.15192444
v -0.36142654 0.07669264 -0.10595675
v -0.35645830 0.06829098 -0.10595675
v -0.35645830 0.07669264 -0.11839571
v -0.36954860 0.07669264 -0.08580309
v -0.35645830 0.05734590 -0.08580309
v -0.35645830 0.07669264 0.09390348
v -0.35645830 0.07669264 0.09579610
v -0.35645830 0.07669264 0.15206963
v -0.36330667 0.09684630 -0.12611041
v -0.35645830 0.08262397 -0.12611041
v -0.35645830 0.09684630 -0.14254286
v -0.37176446 0.09684630 -0.10595675
v -0.35645830 0.09684630 0.09460499
v -0.35645830 0.09684630 0.09570980
v -0.35645830 0.09684630 0.15211677
v -0.36363129 0.11699997 -0.14626408
v -0.35645830 0.10033458 -0.14626408
v -0.35645830 0.11699997 -0.16310617
v -0.37222827 0.11699997 -0.12611041
v -0.35645830 0.11699997 0.09486796
v -0.35645830 0.11699997 0.09569873
v -0.35645830 0.11699997 0.15198282
v -0.36371871 0.13715363 -0.16641774
v -0.35645830 0.12040496 -0.16641774
v -0.35645830 0.13715363 -0.18235748
v -0.37197765 0.13715363 -0.14626408
v -0.35645830 0.13715363 0.09450374
v -0.35645830 0.13715363 0.09585654
v -0.35645830 0.13715363 0.15191239
v -0.36151996 0.15730729 -0.20672507
v -0.35645830 0.15588811 -0.20672507
v -0.35645830 0.15730729 -0.22271341
v -0.37301161 0.15730729 -0.18657140
v -0.35645830 0.14164900 -0.18657140
v -0.37612435 0.15730729 -0.16641774
v -0.35645830 0.15730729 0.09323900
v -0.35645830 0.15730729 0.09714427
v -0.35645830 0.15730729 0.15224898
v -0.35726355 0.17746096 -0.40826170
v -0.35645830 0.17656536 -0.40826170
v -0.35645830 0.17746096 -0.41005747
v -0.36435898 0.17746096 -0.38810804
v -0.35645830 0.17139320 -0.38810804
v -0.37399292 0.17746096 -0.36795437
v -0.35645830 0.16967667 -0.36795437
v -0.35645830 0.16796013 -0.34780071
v -0.35645830 0.16624366 -0.32764705
v -0.35645830 0.16452713 -0.30749338
v -0.35645830 0.16281066 -0.28733972
v -0.35645830 0.16109420 -0.26718606
v -0.35645830 0.15937779 -0.24703239
v -0.35645830 0.15766181 -0.22687873
v -0.35645830 0.16467607 0.09557988
v -0.36389922 0.17746096 0.11573354
v -0.35645830 0.17360605 0.11573354
v -0.35645830 0.17746096 0.10327255
v -0.35645830 0.17746096 0.11662478
v -0.35645830 0.17746096 0.15232502
v -0.36347608 0.19761462 -0.40826170
v -0.35645830 0.19761462 -0.42391196
v -0.37251327 0.19761462 -0.38810804
v -0.37211231 0.19761462 0.11573354
v -0.35645830 0.19372104 0.11573354
v -0.35645830 0.19761462 0.15224361
v -0.36065143 0.21776828 -0.42841536
v -0.35645830 0.20416557 -0.42841536
v -0.35645830 0.21776828 -0.43776631
v -0.36968856 0.21776828 -0.40826170
v -0.35645830 0.21776828 0.15198539
v -0.35782672 0.23792195 -0.44856903
v -0.35645830 0.23348279 -0.44856903
v -0.35645830 0.23792195 -0.45162070
v -0.36686390 0.23792195 -0.42841536
v -0.37590106 0.23792195 -0.40826170
v -0.35645830 0.23792195 0.15125398
v -0.36403913 0.25807561 -0.44856903
v -0.35645830 0.25807561 -0.46547489
v -0.37307640 0.25807561 -0.42841536
v -0.35645830 0.25807561 0.14650442
v -0.37025154 0.27822927 -0.44856903
v -0.35645830 0.26280021 -0.46872269
v -0.36121433 0.27822927 -0.46872269
v -0.35645830 0.27822927 0.15392815
v -0.37646395 0.29838294 -0.44856903
v -0.36742666 0.29838294 -0.46872269
v -0.35645830 0.28405126 0.15604087
v -0.35645830 0.29838294 0.16115594
v -0.37363899 0.31853660 -0.46872269
v -0.35645830 0.31853660 0.16819476
v -0.35645830 0.33869026 0.17512823
v -0.35645830 0.34181421 0.17619453
v -0.35645830 0.35884393 0.18198994
v -0.35645830 0.37899759 0.18881731
v -0.35645830 0.39915125 0.19562555
v -0.35645830 0.40129337 0.19634820
v -0.35645830 0.41930492 0.20242175
v -0.35645830 0.43945858 0.20921265
v -0.36894368 0.45961224 0.19634820
v -0.35645830 0.45961224 0.20971229
v -0.37646025 0.47976590 0.17619453
v -0.35763144 0.47976590 0.19634820
v -0.35645830 0.47976590 0.19760376
v -0.34576522 -0.20545864 0.13588721
v -0.33630464 -0.21574789 0.13588721
v -0.33630464 -0.20545864 0.13307528
v -0.33630464 -0.20545864 0.13882168
v -0.33630464 -0.18530498 0.12914035
v -0.33630464 -0.18530498 0.14282325
v -0.33630464 -0.16515132 0.12654857
v -0.33630464 -0.16515132 0.14539195
v -0.33630464 -0.14499765 0.12175378
v -0.33630464 -0.14499765 0.14706739
v -0.33630464 -0.12631943 -0.12611041
v -0.33630464 -0.12484399 -0.13637965
v -0.33630464 -0.12635599 -0.10595675
v -0.33630464 -0.12632297 -0.08580309
v -0.33630464 -0.12627456 -0.06564943
v -0.33630464 -0.12621078 -0.04549576
v -0.33630464 -0.12609824 -0.02534210
v -0.34087202 -0.12484399 -0.00518844
v -0.33630464 -0.12553863 -0.00518844
v -0.34086857 -0.12484399 0.01496523
v -0.33630464 -0.12579148 0.01496523
v -0.33630464 -0.12566753 0.03511889
v -0.33660697 -0.12484399 0.05527255
v -0.33630464 -0.12486704 0.05527255
v -0.33630464 -0.12484399 0.05539503
v -0.33777890 -0.12484399 0.11573354
v -0.33630464 -0.12670624 0.11573354
v -0.33630464 -0.12484399 0.11439238
v -0.33630464 -0.12484399 0.14819567
v -0.33630464 -0.12029722 -0.14626408
v -0.33630464 -0.10469033 -0.15133027
v -0.33630464 -0.11889829 0.07542622
v -0.33630464 -0.10469033 0.08546336
v -0.34584517 -0.10469033 0.11573354
v -0.33630464 -0.10469033 0.10469408
v -0.33630464 -0.10469033 0.14898958
v -0.33630464 -0.08453666 -0.15283050
v -0.33630464 -0.08453666 0.08838462
v -0.34900018 -0.08453666 0.11573354
v -0.33630464 -0.08453666 0.10044385
v -0.33630464 -0.08453666 0.14957667
v -0.33630464 -0.07064275 -0.14626408
v -0.33630464 -0.06438300 -0.14232161
v -0.33630464 -0.06438300 0.09120541
v -0.35451707 -0.06438300 0.11573354
v -0.33630464 -0.06438300 0.09796962
v -0.33630464 -0.06438300 0.15003370
v -0.33630464 -0.05715404 -0.14626408
v -0.33630464 -0.04422934 -0.15909933
v -0.33630464 -0.04422934 0.08225723
v -0.33630464 -0.04422934 0.09826755
v -0.33630464 -0.04422934 0.15040761
v -0.33630464 -0.03119657 -0.14626408
v -0.33630464 -0.02680045 -0.12611041
v -0.33630464 -0.02574989 -0.10595675
v -0.33630464 -0.02531259 -0.08580309
v -0.33630464 -0.02510775 -0.06564943
v -0.33630464 -0.02503976 -0.04549576
v -0.33630464 -0.02502418 -0.02534210
v -0.33630464 -0.02502295 -0.00518844
v -0.33630464 -0.02502715 0.01496523
v -0.33630464 -0.02519299 0.03511889
v -0.33630464 -0.02619035 0.05527255
v -0.33630464 -0.03389445 0.07542622
v -0.33630464 -0.02407568 0.09845441
v -0.33630464 -0.02407568 0.15072682
v -0.33630464 -0.00392201 0.09955424
v -0.33630464 -0.00392201 0.15100720
v -0.33630464 0.01623165 0.09733160
v -0.33630464 0.01623165 0.15125544
v -0.33811476 0.03638531 -0.04549576
v -0.33630464 0.03570590 -0.04549576
v -0.33630464 0.03638531 -0.05222262
v -0.34368810 0.03638531 -0.02534210
v -0.33630464 0.03425584 -0.02534210
v -0.35055180 0.03638531 -0.00518844
v -0.33630464 0.03323947 -0.00518844
v -0.33630464 0.03252509 0.01496523
v -0.33630464 0.03202265 0.03511889
v -0.33630464 0.03167026 0.05527255
v -0.33630464 0.03142518 0.07542622
v -0.33630464 0.03638531 0.08853036
v -0.33630464 0.03638531 0.09591352
v -0.33630464 0.03638531 0.15147106
v -0.33975385 0.05653898 -0.12611041
v -0.33630464 0.05236119 -0.12611041
v -0.33630464 0.05653898 -0.13547940
v -0.34724046 0.05653898 -0.10595675
v -0.33630464 0.04565775 -0.10595675
v -0.35566544 0.05653898 -0.08580309
v -0.33630464 0.04101496 -0.08580309
v -0.33630464 0.03784415 -0.06564943
v -0.33630464 0.05653898 0.09452367
v -0.33630464 0.05653898 0.09571284
v -0.33630464 0.05653898 0.15164764
v -0.33675470 0.07669264 -0.16641774
v -0.33630464 0.07583324 -0.16641774
v -0.33630464 0.07669264 -0.16751573
v -0.34482724 0.07669264 -0.14626408
v -0.33630464 0.06224215 -0.14626408
v -0.35318521 0.07669264 -0.12611041
v -0.34088706 0.07669264 0.09557988
v -0.33630464 0.07044143 0.09557988
v -0.33630464 0.07669264 0.15177372
v -0.33784796 0.09684630 -0.18657140
v -0.33630464 0.09337946 -0.18657140
v -0.33630464 0.09684630 -0.19021656
v -0.34630388 0.09684630 -0.16641774
v -0.35487250 0.09684630 -0.14626408
v -0.34979493 0.09684630 0.09557988
v -0.33630464 0.09684630 0.15253343
v -0.33777318 0.11699997 -0.20672507
v -0.33630464 0.11344869 -0.20672507
v -0.33630464 0.11699997 -0.21014537
v -0.34639130 0.11699997 -0.18657140
v -0.35503854 0.11699997 -0.16641774
v -0.35289852 0.11699997 0.09557988
v -0.33630464 0.11699997 0.15293655
v -0.33781096 0.13715363 -0.22687873
v -0.33630464 0.13475171 -0.22687873
v -0.33630464 0.13715363 -0.22911916
v -0.34595563 0.13715363 -0.20672507
v -0.35464322 0.13715363 -0.18657140
v -0.35253880 0.13715363 0.09557988
v -0.33630464 0.13715363 0.15248293
v -0.34237137 0.15730729 -0.26718606
v -0.33630464 0.15567641 -0.26718606
v -0.33630464 0.15730729 -0.28633469
v -0.34875623 0.15730729 -0.24703239
v -0.33630464 0.15324169 -0.24703239
v -0.35600749 0.15730729 -0.22687873
v -0.35025529 0.15730729 0.09557988
v -0.34164252 0.15730729 0.11573354
v -0.33630464 0.15359190 0.11573354
v -0.33630464 0.15730729 0.10252086
v -0.33630464 0.15730729 0.11678293
v -0.33630464 0.15730729 0.15260501
v -0.33918920 0.17746096 -0.44856903
v -0.33630464 0.17423573 -0.44856903
v -0.33630464 0.17746096 -0.45500179
v -0.34673095 0.17746096 -0.42841536
v -0.33630464 0.16940841 -0.42841536
v -0.33630464 0.16769193 -0.40826170
v -0.33630464 0.16597544 -0.38810804
v -0.33630464 0.16425891 -0.36795437
v -0.33630464 0.16254238 -0.34780071
v -0.33630464 0.16082590 -0.32764705
v -0.33630464 0.15910943 -0.30749338
v -0.33630464 0.15739289 -0.28733972
v -0.33630464 0.17746096 0.10774835
v -0.33630464 0.17746096 0.11629560
v -0.33630464 0.17746096 0.15268078
v -0.34540169 0.19761462 -0.44856903
v -0.33630464 0.19742063 -0.46872269
v -0.33636444 0.19761462 -0.46872269
v -0.35443891 0.19761462 -0.42841536
v -0.33630464 0.18866852 0.11573354
v -0.33630464 0.19761462 0.15273898
v -0.35161415 0.21776828 -0.44856903
v -0.34257696 0.21776828 -0.46872269
v -0.33630464 0.21776828 0.15278508
v -0.34878947 0.23792195 -0.46872269
v -0.33630464 0.23792195 0.15271170
v -0.35500194 0.25807561 -0.46872269
v -0.33630464 0.25807561 0.15220724
v -0.33630464 0.27822927 0.15523996
v -0.33630464 0.28046642 0.15604087
v -0.33630464 0.29838294 0.16236701
v -0.33630464 0.31853660 0.16935036
v -0.33728308 0.33869026 0.17619453
v -0.33630464 0.33853114 0.17619453
v -0.33630464 0.33869026 0.17624880
v -0.33630464 0.35884393 0.18308978
v -0.33630464 0.37899759 0.18990585
v -0.34299769 0.39915125 0.19634820
v -0.33630464 0.39808642 0.19634820
v -0.33630464 0.39915125 0.19670738
v -0.33630464 0.41930492 0.20350011
v -0.33630464 0.43945858 0.21028917
v -0.33857232 0.45961224 0.21650186
v -0.33630464 0.45790643 0.21650186
v -0.33630464 0.45961224 0.21707629
v -0.33880008 0.47976590 0.21650186
v -0.33630464 0.47976590 0.21896620
v -0.31615097 -0.21475150 0.13588721
v -0.31615097 -0.20545864 0.13319873
v -0.31615097 -0.20545864 0.13867015
v -0.31615097 -0.18530498 0.12587606
v -0.31615097 -0.18530498 0.14303881
v -0.31669864 -0.16515132 0.11573354
v -0.31615097 -0.16589090 0.11573354
v -0.31615097 -0.16515132 0.11529708
v -0.31615097 -0.16515132 0.14585070
v -0.32846183 -0.14499765 0.11573354
v -0.31615097 -0.14499765 0.10792345
v -0.31615097 -0.14499765 0.14764519
v -0.31615097 -0.12610483 -0.12611041
v -0.31615097 -0.12484399 -0.13494240
v -0.31615097 -0.12616688 -0.10595675
v -0.31615097 -0.12611719 -0.08580309
v -0.31615097 -0.12605521 -0.06564943
v -0.31615097 -0.12598116 -0.04549576
v -0.31615097 -0.12589235 -0.02534210
v -0.31615097 -0.12574546 -0.00518844
v -0.31615097 -0.12563900 0.01496523
v -0.31615097 -0.12562344 0.03511889
v -0.31615097 -0.12542310 0.05527255
v -0.31615097 -0.12484399 0.06396173
v -0.31615097 -0.12484399 0.09998539
v -0.31615097 -0.12484399 0.14876650
v -0.31615097 -0.11908296 -0.14626408
v -0.31615097 -0.10469033 -0.15126250
v -0.31615097 -0.12371224 0.07542622
v -0.31615097 -0.10469033 0.09395569
v -0.31615097 -0.10469033 0.09626245
v -0.31615097 -0.10469033 0.14946028
v -0.31615097 -0.08453666 -0.15289925
v -0.31921902 -0.08453666 0.09557988
v -0.31615097 -0.09347070 0.09557988
v -0.31615097 -0.08453666 0.14991195
v -0.32980150 -0.06438300 -0.14626408
v -0.31615097 -0.06438300 -0.15415632
v -0.32487352 -0.06438300 0.09557988
v -0.31615097 -0.06438300 0.15024149
v -0.32382890 -0.04422934 -0.16641774
v -0.31615097 -0.04748101 -0.16641774
v -0.31615097 -0.04422934 -0.17092084
v -0.31615097 -0.05711233 0.09557988
v -0.31615097 -0.04422934 0.08705392
v -0.31615097 -0.04422934 0.09719080
v -0.31615097 -0.04422934 0.15051008
v -0.31615097 -0.03763271 -0.16641774
v -0.31615097 -0.02780239 -0.14626408
v -0.31615097 -0.02606440 -0.12611041
v -0.31615097 -0.02545537 -0.10595675
v -0.31615097 -0.02514838 -0.08580309
v -0.31615097 -0.02499931 -0.06564943
v -0.31615097 -0.02496035 -0.04549576
v -0.31615097 -0.02495665 -0.02534210
v -0.31615097 -0.02495967 -0.00518844
v -0.31615097 -0.02477345 0.01496523
v -0.31615097 -0.02513212 0.03511889
v -0.31615097 -0.02655605 0.05527255
v -0.31615097 -0.02843914 0.07542622
v -0.31615097 -0.02407568 0.09782271
v -0.31615097 -0.02407568 0.15074402
v -0.31615097 -0.00392201 0.09923193
v -0.31615097 -0.00392201 0.15155608
v -0.31615097 0.01623165 0.09728921
v -0.31615097 0.01623165 0.15243710
v -0.31809289 0.03638531 -0.10595675
v -0.31615097 0.03556047 -0.10595675
v -0.31615097 0.03638531 -0.11310683
v -0.32373991 0.03638531 -0.08580309
v -0.31615097 0.03396127 -0.08580309
v -0.33082478 0.03638531 -0.06564943
v -0.31615097 0.03288269 -0.06564943
v -0.31615097 0.03215262 -0.04549576
v -0.31615097 0.03165810 -0.02534210
v -0.31615097 0.03132435 -0.00518844
v -0.31615097 0.03110174 0.01496523
v -0.31615097 0.03095674 0.03511889
v -0.31615097 0.03086655 0.05527255
v -0.31615097 0.03081552 0.07542622
v -0.31615097 0.03638531 0.08993035
v -0.31615097 0.03638531 0.09585392
v -0.31615097 0.03638531 0.15329050
v -0.31633767 0.05653898 -0.18657140
v -0.31615097 0.05627320 -0.18657140
v -0.31615097 0.05653898 -0.18705892
v -0.32368825 0.05653898 -0.16641774
v -0.31615097 0.04768966 -0.16641774
v -0.33169431 0.05653898 -0.14626408
v -0.31615097 0.04186483 -0.14626408
v -0.31615097 0.03802829 -0.12611041
v -0.31615097 0.05653898 0.09518590
v -0.31615097 0.05653898 0.09563071
v -0.31615097 0.05653898 0.15409615
v -0.31993841 0.07669264 -0.20672507
v -0.31615097 0.06937489 -0.20672507
v -0.31615097 0.07669264 -0.21593473
v -0.32817763 0.07669264 -0.18657140
v -0.31615097 0.06107741 0.09557988
v -0.31615097 0.07669264 0.15480282
v -0.32069343 0.09684630 -0.22687873
v -0.31615097 0.08648045 -0.22687873
v -0.31615097 0.09684630 -0.23756481
v -0.32923265 0.09684630 -0.20672507
v -0.31615097 0.09684630 0.15500764
v -0.32044115 0.11699997 -0.24703239
v -0.31615097 0.10652598 -0.24703239
v -0.31615097 0.11699997 -0.25699883
v -0.32909952 0.11699997 -0.22687873
v -0.31615097 0.11699997 0.15371590
v -0.32130571 0.13715363 -0.26718606
v -0.31615097 0.12789290 -0.26718606
v -0.31615097 0.13715363 -0.27578085
v -0.32856777 0.13715363 -0.24703239
v -0.31615097 0.13715363 0.15254307
v -0.31683045 0.15730729 -0.34780071
v -0.31615097 0.15712464 -0.34780071
v -0.31615097 0.15730729 -0.34994530
v -0.32321555 0.15730729 -0.32764705
v -0.31615097 0.15540819 -0.32764705
v -0.32960085 0.15730729 -0.30749338
v -0.31615097 0.15369165 -0.30749338
v -0.33598622 0.15730729 -0.28733972
v -0.31615097 0.14957252 -0.28733972
v -0.31615097 0.14466627 0.11573354
v -0.31615097 0.15730729 0.10480812
v -0.31615097 0.15730729 0.11688514
v -0.31615097 0.15730729 0.15261788
v -0.31615097 0.16570719 -0.44856903
v -0.31615097 0.16742367 -0.46872269
v -0.32907473 0.17746096 -0.46872269
v -0.31615097 0.16399062 -0.42841536
v -0.31615097 0.16227416 -0.40826170
v -0.31615097 0.16055762 -0.38810804
v -0.31615097 0.15884115 -0.36795437
v -0.31615097 0.17746096 0.11204400
v -0.31615097 0.17746096 0.11604798
v -0.31615097 0.17746096 0.15267439
v -0.31615097 0.18354136 0.11573354
v -0.31615097 0.19761462 0.15271454
v -0.31615097 0.21776828 0.15273542
v -0.31615097 0.23792195 0.15272352
v -0.31615097 0.25807561 0.15259474
v -0.32356286 0.27822927 0.15604087
v -0.31615097 0.27693790 0.15604087
v -0.31615097 0.27822927 0.15650129
v -0.31615097 0.29838294 0.16354992
v -0.31615097 0.31853660 0.17048782
v -0.31615097 0.33527194 0.17619453
v -0.31615097 0.33869026 0.17735684
v -0.31615097 0.35884393 0.18418315
v -0.31615097 0.37899759 0.19099047
v -0.31615097 0.39488380 0.19634820
v -0.31615097 0.39915125 0.19778687
v -0.31615097 0.41930492 0.20457725
v -0.31615097 0.43945858 0.21136506
v -0.31615097 0.45471317 0.21650186
v -0.31615097 0.45961224 0.21815150
v -0.31615097 0.47976590 0.22493737
v -0.29599731 -0.20561507 0.13588721
v -0.29599731 -0.20545864 0.13578679
v -0.29599731 -0.20545864 0.13593563
v -0.29647660 -0.18530498 0.11573354
v -0.29599731 -0.18573792 0.11573354
v -0.29599731 -0.18530498 0.11551410
v -0.29599731 -0.18530498 0.14098847
v -0.29599731 -0.16515132 0.10850621
v -0.29599731 -0.16515132 0.14431634
v -0.29599731 -0.14499765 0.10491024
v -0.29599731 -0.14499765 0.14655556
v -0.29599731 -0.12588815 -0.12611041
v -0.29599731 -0.12484399 -0.13349741
v -0.29599731 -0.12600035 -0.10595675
v -0.29599731 -0.12594240 -0.08580309
v -0.29599731 -0.12587126 -0.06564943
v -0.29599731 -0.12578881 -0.04549576
v -0.29599731 -0.12569368 -0.02534210
v -0.29599731 -0.12558018 -0.00518844
v -0.29599731 -0.12552227 0.01496523
v -0.29599731 -0.12552925 0.03511889
v -0.29599731 -0.12549618 0.05527255
v -0.30214765 -0.12484399 0.07542622
v -0.29599731 -0.12512891 0.07542622
v -0.29599731 -0.12484399 0.07767562
v -0.29599731 -0.12484399 0.09701936
v -0.29599731 -0.12484399 0.14809051
v -0.29599731 -0.11784189 -0.14626408
v -0.29599731 -0.10469033 -0.15112667
v -0.31229124 -0.10469033 0.09557988
v -0.29599731 -0.11759200 0.09557988
v -0.29599731 -0.10469033 0.14914872
v -0.29599731 -0.08453666 -0.15276166
v -0.29599731 -0.08453666 0.15060368
v -0.29599731 -0.06438300 -0.16615881
v -0.29599731 -0.06438300 0.15200581
v -0.29599731 -0.06383281 -0.16641774
v -0.29599731 -0.04422934 -0.18228961
v -0.29599731 -0.05348264 0.09557988
v -0.29599731 -0.04422934 0.08927093
v -0.29599731 -0.04422934 0.09711714
v -0.29599731 -0.04422934 0.15288269
v -0.29599731 -0.02980365 -0.16641774
v -0.29599731 -0.02653899 -0.14626408
v -0.29599731 -0.02565605 -0.12611041
v -0.29599731 -0.02525669 -0.10595675
v -0.29599731 -0.02504639 -0.08580309
v -0.29599731 -0.02497033 -0.06564943
v -0.29599731 -0.02495728 -0.04549576
v -0.29599731 -0.02495749 -0.02534210
v -0.29599731 -0.02496018 -0.00518844
v -0.29599731 -0.02481038 0.01496523
v -0.29599731 -0.02501432 0.03511889
v -0.29599731 -0.02578918 0.05527255
v -0.29599731 -0.02665746 0.07542622
v -0.29599731 -0.02407568 0.09784582
v -0.29599731 -0.02407568 0.15351226
v -0.29599731 -0.00392201 0.09922326
v -0.29599731 -0.00392201 0.15399029
v -0.29599731 0.01623165 0.09727744
v -0.29599731 0.01623165 0.15433832
v -0.29778108 0.03638531 -0.16641774
v -0.29599731 0.03550859 -0.16641774
v -0.29599731 0.03638531 -0.17287296
v -0.30343796 0.03638531 -0.14626408
v -0.29599731 0.03369911 -0.14626408
v -0.31067120 0.03638531 -0.12611041
v -0.29599731 0.03253541 -0.12611041
v -0.29599731 0.03178378 -0.10595675
v -0.29599731 0.03129768 -0.08580309
v -0.29599731 0.03098502 -0.06564943
v -0.29599731 0.03078722 -0.04549576
v -0.29599731 0.03066658 -0.02534210
v -0.29599731 0.03059845 -0.00518844
v -0.29599731 0.03056656 0.01496523
v -0.29599731 0.03055997 0.03511889
v -0.29599731 0.03057124 0.05527255
v -0.29599731 0.03059525 0.07542622
v -0.29599731 0.03638531 0.09039630
v -0.29599731 0.03638531 0.09583559
v -0.29599731 0.03638531 0.15459163
v -0.29996004 0.05653898 -0.22687873
v -0.29599731 0.05098896 -0.22687873
v -0.29599731 0.05653898 -0.23727312
v -0.30767550 0.05653898 -0.20672507
v -0.29599731 0.04334398 -0.20672507
v -0.29599731 0.03847666 -0.18657140
v -0.29599731 0.05653898 0.09541349
v -0.29599731 0.05653898 0.09560274
v -0.29599731 0.05653898 0.15478935
v -0.30303899 0.07669264 -0.24703239
v -0.29599731 0.06291092 -0.24703239
v -0.29599731 0.07669264 -0.26406946
v -0.31146145 0.07669264 -0.22687873
v -0.29599731 0.05836603 0.09557988
v -0.29599731 0.07669264 0.15492807
v -0.30345974 0.09684630 -0.26718606
v -0.29599731 0.07954725 -0.26718606
v -0.29599731 0.09684630 -0.28465075
v -0.31208201 0.09684630 -0.24703239
v -0.29599731 0.09684630 0.15462640
v -0.30305421 0.11699997 -0.28733972
v -0.29599731 0.09963995 -0.28733972
v -0.29599731 0.11699997 -0.30367960
v -0.31175274 0.11699997 -0.26718606
v -0.29599731 0.11699997 0.15313042
v -0.30404965 0.13715363 -0.30749338
v -0.29599731 0.12110396 -0.30749338
v -0.29599731 0.13715363 -0.32233483
v -0.31114820 0.13715363 -0.28733972
v -0.29599731 0.13715363 0.15255262
v -0.29767434 0.15730729 -0.40826170
v -0.29599731 0.15685648 -0.40826170
v -0.29599731 0.15730729 -0.41355497
v -0.30405976 0.15730729 -0.38810804
v -0.29599731 0.15513997 -0.38810804
v -0.31044508 0.15730729 -0.36795437
v -0.29599731 0.15342346 -0.36795437
v -0.29599731 0.15170695 -0.34780071
v -0.29599731 0.14291240 -0.32764705
v -0.29599731 0.14479302 0.11573354
v -0.29599731 0.15730729 0.10678678
v -0.29599731 0.15730729 0.11669187
v -0.29599731 0.15730729 0.15261622
v -0.29599731 0.16028946 -0.44856903
v -0.29599731 0.16200593 -0.46872269
v -0.29599731 0.15857292 -0.42841536
v -0.29599731 0.17746096 0.11522084
v -0.29599731 0.17746096 0.11578088
v -0.29599731 0.17746096 0.15265820
v -0.29599731 0.17834484 0.11573354
v -0.29599731 0.19761462 0.15267838
v -0.29599731 0.21776828 0.15266723
v -0.29599731 0.23792195 0.15258585
v -0.29599731 0.25807561 0.15212943
v -0.29599731 0.27346926 0.15604087
v -0.29599731 0.27822927 0.15771956
v -0.29599731 0.29838294 0.16470929
v -0.29599731 0.31853660 0.17161031
v -0.29599731 0.33202166 0.17619453
v -0.29599731 0.33869026 0.17845650
v -0.29599731 0.35884393 0.18527140
v -0.29599731 0.37899759 0.19207214
v -0.29599731 0.39168310 0.19634820
v -0.29599731 0.39915125 0.19886488
v -0.29599731 0.41930492 0.20565351
v -0.29599731 0.43945858 0.21244042
v -0.29599731 0.45152034 0.21650186
v -0.29599731 0.45961224 0.21922650
v -0.29599731 0.47976590 0.22601226
v -0.29570386 -0.20545864 0.13588721
v -0.27584365 -0.18826088 0.11573354
v -0.27584365 -0.18530498 0.11507847
v -0.27584365 -0.19489841 0.13588721
v -0.27584365 -0.18530498 0.13834790
v -0.27584365 -0.16515132 0.11133984
v -0.27584365 -0.16515132 0.14218658
v -0.27584365 -0.14499765 0.10862542
v -0.27584365 -0.14499765 0.14479387
v -0.27584365 -0.12567166 -0.12611041
v -0.27584365 -0.12484399 -0.13205056
v -0.27584365 -0.12584676 -0.10595675
v -0.27584365 -0.12578482 -0.08580309
v -0.27584365 -0.12570496 -0.06564943
v -0.27584365 -0.12561298 -0.04549576
v -0.27584365 -0.12550654 -0.02534210
v -0.27584365 -0.12542564 -0.00518844
v -0.27584365 -0.12543504 0.01496523
v -0.27584365 -0.12544364 0.03511889
v -0.27584365 -0.12544584 0.05527255
v -0.27584365 -0.12537812 0.07542622
v -0.27584365 -0.12484399 0.08881958
v -0.27584365 -0.12484399 0.09592389
v -0.27584365 -0.12484399 0.14661620
v -0.27584365 -0.11662163 -0.14626408
v -0.27584365 -0.10469033 -0.15094444
v -0.27584365 -0.12414916 0.09557988
v -0.27584365 -0.10469033 0.14792463
v -0.27584365 -0.08453666 -0.15257352
v -0.27584365 -0.08453666 0.15008417
v -0.29555747 -0.06438300 -0.16641774
v -0.27584365 -0.07195281 -0.16641774
v -0.27584365 -0.06438300 -0.17721977
v -0.27818154 -0.06438300 0.09557988
v -0.27584365 -0.06530641 0.09557988
v -0.27584365 -0.06438300 0.09480517
v -0.27584365 -0.06438300 0.09587221
v -0.27584365 -0.06438300 0.15211357
v -0.27584365 -0.04422934 -0.18494797
v -0.27584365 -0.04422934 0.09036903
v -0.27584365 -0.04422934 0.09713551
v -0.27584365 -0.04422934 0.15296209
v -0.27584365 -0.02769277 -0.16641774
v -0.27584365 -0.02594154 -0.14626408
v -0.27584365 -0.02539584 -0.12611041
v -0.27584365 -0.02511831 -0.10595675
v -0.27584365 -0.02499190 -0.08580309
v -0.27584365 -0.02496236 -0.06564943
v -0.27584365 -0.02495955 -0.04549576
v -0.27584365 -0.02496160 -0.02534210
v -0.27584365 -0.02473805 -0.00518844
v -0.27584365 -0.02481658 0.01496523
v -0.27584365 -0.02487347 0.03511889
v -0.27584365 -0.02555255 0.05527255
v -0.27584365 -0.02600243 0.07542622
v -0.27584365 -0.02407568 0.09792229
v -0.27584365 -0.02407568 0.15318789
v -0.27584365 -0.00392201 0.09928573
v -0.27584365 -0.00392201 0.15334584
v -0.27584365 0.01623165 0.09734979
v -0.27584365 0.01623165 0.15350092
v -0.27712550 0.03638531 -0.22687873
v -0.27584365 0.03563687 -0.22687873
v -0.27584365 0.03638531 -0.23136039
v -0.28272659 0.03638531 -0.20672507
v -0.27584365 0.03350415 -0.20672507
v -0.29000035 0.03638531 -0.18657140
v -0.27584365 0.03221274 -0.18657140
v -0.27584365 0.03142651 -0.16641774
v -0.27584365 0.03094703 -0.14626408
v -0.27584365 0.03065679 -0.12611041
v -0.27584365 0.03048551 -0.10595675
v -0.27584365 0.03039026 -0.08580309
v -0.27584365 0.03034450 -0.06564943
v -0.27584365 0.03033137 -0.04549576
v -0.27584365 0.03034023 -0.02534210
v -0.27584365 0.03036401 -0.00518844
v -0.27584365 0.03039809 0.01496523
v -0.27584365 0.03043935 0.03511889
v -0.27584365 0.03048569 0.05527255
v -0.27584365 0.03053565 0.07542622
v -0.27584365 0.03638531 0.09048745
v -0.27584365 0.03638531 0.09585752
v -0.27584365 0.03638531 0.15365568
v -0.28351363 0.05653898 -0.26718606
v -0.27584365 0.04602965 -0.26718606
v -0.27584365 0.05653898 -0.28733456
v -0.29172687 0.05653898 -0.24703239
v -0.27584365 0.03944476 -0.24703239
v -0.27584365 0.05653898 0.09546215
v -0.27584365 0.05653898 0.09559973
v -0.27584365 0.05653898 0.15381015
v -0.27755236 0.07669264 -0.30749338
v -0.27584365 0.07293944 -0.30749338
v -0.27584365 0.07669264 -0.31150497
v -0.28601021 0.07669264 -0.28733972
v -0.27584365 0.05654236 -0.28733972
v -0.29465068 0.07669264 -0.26718606
v -0.27584365 0.05781095 0.09557988
v -0.27584365 0.07669264 0.15394608
v -0.27741249 0.09684630 -0.32764705
v -0.27584365 0.09304143 -0.32764705
v -0.27584365 0.09684630 -0.33126605
v -0.28610993 0.09684630 -0.30749338
v -0.29483387 0.09684630 -0.28733972
v -0.27584365 0.09684630 0.15377405
v -0.27681772 0.11699997 -0.34780071
v -0.27584365 0.11458162 -0.34780071
v -0.27584365 0.11699997 -0.35003906
v -0.28557957 0.11699997 -0.32764705
v -0.29434061 0.11699997 -0.30749338
v -0.27584365 0.11699997 0.15247204
v -0.27644687 0.13715363 -0.36795437
v -0.27584365 0.13641968 -0.36795437
v -0.27584365 0.13715363 -0.36872841
v -0.28622321 0.13715363 -0.34780071
v -0.29368545 0.13715363 -0.32764705
v -0.27584365 0.13715363 0.15255491
v -0.28490391 0.15730729 -0.44856903
v -0.27584365 0.15487169 -0.44856903
v -0.27584365 0.15658822 -0.46872269
v -0.27851856 0.15730729 -0.46872269
v -0.29128923 0.15730729 -0.42841536
v -0.27584365 0.15315520 -0.42841536
v -0.27584365 0.15143875 -0.40826170
v -0.27584365 0.14972227 -0.38810804
v -0.27584365 0.15307252 0.11573354
v -0.27584365 0.15730729 0.10844723
v -0.27584365 0.15730729 0.11648829
v -0.27584365 0.15730729 0.15260721
v -0.29251431 0.17746096 0.11573354
v -0.27584365 0.17343730 0.11573354
v -0.27584365 0.17746096 0.15263276
v -0.27584365 0.19761462 0.15262895
v -0.27584365 0.21776828 0.15257573
v -0.27584365 0.23792195 0.15238627
v -0.27584365 0.25807561 0.15181812
v -0.27584365 0.27002449 0.15604087
v -0.27584365 0.27822927 0.15890747
v -0.27584365 0.29838294 0.16584916
v -0.27584365 0.31853660 0.17272073
v -0.27584365 0.32878052 0.17619453
v -0.27584365 0.33869026 0.17954937
v -0.27584365 0.35884393 0.18635563
v -0.27584365 0.37899759 0.19315155
v -0.27584365 0.38848455 0.19634820
v -0.27584365 0.39915125 0.19994167
v -0.27584365 0.41930492 0.20672916
v -0.27584365 0.43945858 0.21351558
v -0.27584365 0.44832767 0.21650186
v -0.27584365 0.45961224 0.22030138
v -0.27584365 0.47976590 0.22708701
v -0.27448943 -0.18530498 0.11573354
v -0.25808867 -0.18530498 0.13588721
v -0.26524542 -0.16515132 0.11573354
v -0.25568999 -0.18400889 0.13588721
v -0.25568999 -0.16515132 0.12524851
v -0.25568999 -0.16515132 0.13994037
v -0.25595320 -0.14499765 0.11573354
v -0.25568999 -0.14499765 0.11596980
v -0.25568999 -0.14499765 0.14293087
v -0.25568999 -0.12545270 -0.12611041
v -0.25568999 -0.12484399 -0.13055944
v -0.25568999 -0.12569643 -0.10595675
v -0.25568999 -0.12563295 -0.08580309
v -0.25568999 -0.12554166 -0.06564943
v -0.25568999 -0.12543399 -0.04549576
v -0.25568999 -0.12535324 -0.02534210
v -0.25568999 -0.12536106 -0.00518844
v -0.25568999 -0.12536860 0.01496523
v -0.25568999 -0.12537557 0.03511889
v -0.25568999 -0.12538075 0.05527255
v -0.25568999 -0.12537335 0.07542622
v -0.26780449 -0.12484399 0.09557988
v -0.25568999 -0.12520316 0.09557988
v -0.25568999 -0.14442909 0.11573354
v -0.25568999 -0.12484399 0.14551809
v -0.25568999 -0.11542059 -0.14626408
v -0.25568999 -0.10469033 -0.15071620
v -0.25568999 -0.10469033 0.14736523
v -0.25568999 -0.08453666 -0.15234015
v -0.25568999 -0.08453666 0.14870978
v -0.25568999 -0.07283511 -0.16641774
v -0.25568999 -0.06438300 -0.18027134
v -0.25568999 -0.06771887 0.09557988
v -0.25568999 -0.06438300 0.09082503
v -0.25568999 -0.06438300 0.09785210
v -0.25568999 -0.06438300 0.15087928
v -0.25568999 -0.04422934 -0.17843110
v -0.25568999 -0.04422934 0.09090761
v -0.25568999 -0.04422934 0.09755841
v -0.25568999 -0.04422934 0.15192233
v -0.25568999 -0.02901866 -0.16641774
v -0.25568999 -0.02579334 -0.14626408
v -0.25568999 -0.02523532 -0.12611041
v -0.25568999 -0.02503141 -0.10595675
v -0.25568999 -0.02497128 -0.08580309
v -0.25568999 -0.02496234 -0.06564943
v -0.25568999 -0.02496326 -0.04549576
v -0.25568999 -0.02496604 -0.02534210
v -0.25568999 -0.02483461 -0.00518844
v -0.25568999 -0.02478503 0.01496523
v -0.25568999 -0.02482071 0.03511889
v -0.25568999 -0.02522096 0.05527255
v -0.25568999 -0.02576658 0.07542622
v -0.25568999 -0.02407568 0.09839139
v -0.25568999 -0.02407568 0.15218399
v -0.25568999 -0.00392201 0.09994635
v -0.25568999 -0.00392201 0.15234205
v -0.25568999 0.01623165 0.09783818
v -0.25568999 0.01623165 0.15249675
v -0.25589531 0.03638531 -0.28733972
v -0.25568999 0.03623891 -0.28733972
v -0.25568999 0.03638531 -0.28800210
v -0.26143752 0.03638531 -0.26718606
v -0.25568999 0.03351020 -0.26718606
v -0.26862746 0.03638531 -0.24703239
v -0.25568999 0.03197981 -0.24703239
v -0.25568999 0.03111645 -0.22687873
v -0.25568999 0.03062795 -0.20672507
v -0.25568999 0.03035435 -0.18657140
v -0.25568999 0.03020682 -0.16641774
v -0.25568999 0.03013498 -0.14626408
v -0.25568999 0.03010957 -0.12611041
v -0.25568999 0.03011329 -0.10595675
v -0.25568999 0.03013558 -0.08580309
v -0.25568999 0.03016996 -0.06564943
v -0.25568999 0.03021230 -0.04549576
v -0.25568999 0.03026001 -0.02534210
v -0.25568999 0.03031138 -0.00518844
v -0.25568999 0.03036527 0.01496523
v -0.25568999 0.03042092 0.03511889
v -0.25568999 0.03047779 0.05527255
v -0.25568999 0.03053555 0.07542622
v -0.25568999 0.03638531 0.09044157
v -0.25568999 0.03638531 0.09596559
v -0.25568999 0.03638531 0.15265144
v -0.25875384 0.05653898 -0.32764705
v -0.25568999 0.05145084 -0.32764705
v -0.25568999 0.05653898 -0.33507626
v -0.26686276 0.05653898 -0.30749338
v -0.25568999 0.04173532 -0.30749338
v -0.27584132 0.05653898 -0.28733972
v -0.25568999 0.05653898 0.09544461
v -0.25568999 0.05653898 0.09561209
v -0.25568999 0.05653898 0.15280605
v -0.25996271 0.07669264 -0.34780071
v -0.25568999 0.06726018 -0.34780071
v -0.25568999 0.07669264 -0.35756473
v -0.26871442 0.07669264 -0.32764705
v -0.25568999 0.05799341 0.09557988
v -0.25568999 0.07669264 0.15295050
v -0.25959313 0.09684630 -0.36795437
v -0.25568999 0.08746568 -0.36795437
v -0.25568999 0.09684630 -0.37675118
v -0.26851431 0.09684630 -0.34780071
v -0.25568999 0.09684630 0.15288327
v -0.25892539 0.11699997 -0.38810804
v -0.25568999 0.10911241 -0.38810804
v -0.25568999 0.11699997 -0.39538415
v -0.26788289 0.11699997 -0.36795437
v -0.25568999 0.11699997 0.15244812
v -0.26028810 0.13715363 -0.40826170
v -0.25568999 0.13097748 -0.40826170
v -0.25568999 0.13715363 -0.41400923
v -0.26786564 0.13715363 -0.38810804
v -0.25568999 0.13715363 0.15254986
v -0.25568999 0.14945398 -0.44856903
v -0.25568999 0.15117050 -0.46872269
v -0.25568999 0.14773750 -0.42841536
v -0.26716398 0.15730729 0.11573354
v -0.25568999 0.15730729 0.15259014
v -0.25568999 0.17746096 0.15259686
v -0.25568999 0.19761462 0.15256377
v -0.25568999 0.21776828 0.15245375
v -0.25568999 0.23792195 0.15208588
v -0.25568999 0.25807561 0.15305683
v -0.25568999 0.26660520 0.15604087
v -0.25568999 0.27822927 0.16007022
v -0.25568999 0.29838294 0.16697315
v -0.25568999 0.31853660 0.17382164
v -0.25568999 0.32554765 0.17619453
v -0.25568999 0.33869026 0.18063707
v -0.25568999 0.35884393 0.18743690
v -0.25568999 0.37899759 0.19422932
v -0.25568999 0.38528764 0.19634820
v -0.25568999 0.39915125 0.20101771
v -0.25568999 0.41930492 0.20780444
v -0.25568999 0.43945858 0.21459046
v -0.25568999 0.44513543 0.21650186
v -0.25568999 0.45961224 0.22137615
v -0.25568999 0.47976590 0.22816176
v -0.23553632 -0.17311139 0.13588721
v -0.23553632 -0.16515132 0.13087386
v -0.23553632 -0.16515132 0.13762392
v -0.23553632 -0.14499765 0.11941229
v -0.23553632 -0.14499765 0.14102235
v -0.23553632 -0.12522681 -0.12611041
v -0.23553632 -0.12484399 -0.12896929
v -0.23553632 -0.12553875 -0.10595675
v -0.23553632 -0.12547222 -0.08580309
v -0.23553632 -0.12535666 -0.06564943
v -0.23553632 -0.12529719 -0.04549576
v -0.23553632 -0.12530384 -0.02534210
v -0.23553632 -0.12531030 -0.00518844
v -0.23553632 -0.12531641 0.01496523
v -0.23553632 -0.12532169 0.03511889
v -0.23553632 -0.12532450 0.05527255
v -0.23553632 -0.12531809 0.07542622
v -0.23553632 -0.12525898 0.09557988
v -0.23553632 -0.13786930 0.11573354
v -0.23553632 -0.12484399 0.14567942
v -0.23553632 -0.11421845 -0.14626408
v -0.23553632 -0.10469033 -0.15043342
v -0.23553632 -0.10469033 0.14790148
v -0.23553632 -0.08453666 -0.15291489
v -0.23553632 -0.08453666 0.14746818
v -0.23553632 -0.07034153 -0.16641774
v -0.23553632 -0.06438300 -0.17322438
v -0.23553632 -0.06771542 0.09557988
v -0.23553632 -0.06438300 0.09145539
v -0.23553632 -0.06438300 0.09789372
v -0.23553632 -0.06438300 0.14959644
v -0.23553632 -0.04422934 -0.17033712
v -0.23553632 -0.04422934 0.09116554
v -0.23553632 -0.04422934 0.09782937
v -0.23553632 -0.04422934 0.15085411
v -0.23553632 -0.03664225 -0.16641774
v -0.23553632 -0.02637830 -0.14626408
v -0.23553632 -0.02518748 -0.12611041
v -0.23553632 -0.02500611 -0.10595675
v -0.23553632 -0.02496705 -0.08580309
v -0.23553632 -0.02496520 -0.06564943
v -0.23553632 -0.02496752 -0.04549576
v -0.23553632 -0.02496006 -0.02534210
v -0.23553632 -0.02480931 -0.00518844
v -0.23553632 -0.02477171 0.01496523
v -0.23553632 -0.02479113 0.03511889
v -0.23553632 -0.02501482 0.05527255
v -0.23553632 -0.02571161 0.07542622
v -0.23553632 -0.02407568 0.09924937
v -0.23553632 -0.02407568 0.15117639
v -0.23553632 -0.00392201 0.10092948
v -0.23553632 -0.00392201 0.15146037
v -0.23553632 0.01623165 0.09825726
v -0.23553632 0.01623165 0.15179690
v -0.23861374 0.03638531 -0.32764705
v -0.23553632 0.03450328 -0.32764705
v -0.23553632 0.03638531 -0.33667412
v -0.24581458 0.03638531 -0.30749338
v -0.23553632 0.03222529 -0.30749338
v -0.23553632 0.03105579 -0.28733972
v -0.23553632 0.03045182 -0.26718606
v -0.23553632 0.03014200 -0.24703239
v -0.23553632 0.02998969 -0.22687873
v -0.23553632 0.02992426 -0.20672507
v -0.23553632 0.02990825 -0.18657140
v -0.23553632 0.02992110 -0.16641774
v -0.23553632 0.02995126 -0.14626408
v -0.23553632 0.02999201 -0.12611041
v -0.23553632 0.03003941 -0.10595675
v -0.23553632 0.03009105 -0.08580309
v -0.23553632 0.03014543 -0.06564943
v -0.23553632 0.03020165 -0.04549576
v -0.23553632 0.03025907 -0.02534210
v -0.23553632 0.03031733 -0.00518844
v -0.23553632 0.03037617 0.01496523
v -0.23553632 0.03043541 0.03511889
v -0.23553632 0.03049491 0.05527255
v -0.23553632 0.03055461 0.07542622
v -0.23553632 0.03638531 0.09035214
v -0.23553632 0.03638531 0.09601690
v -0.23553632 0.03638531 0.15209742
v -0.24018516 0.05653898 -0.36795437
v -0.23553632 0.04920164 -0.36795437
v -0.23553632 0.05653898 -0.37794917
v -0.24945626 0.05653898 -0.34780071
v -0.23553632 0.03934255 -0.34780071
v -0.23553632 0.05653898 0.09540567
v -0.23553632 0.05653898 0.09561855
v -0.23553632 0.05653898 0.15231870
v -0.24082949 0.07669264 -0.38810804
v -0.23553632 0.06572806 -0.38810804
v -0.23553632 0.07669264 -0.39894980
v -0.25061771 0.07669264 -0.36795437
v -0.23553632 0.05840986 0.09557988
v -0.23553632 0.07669264 0.15221237
v -0.24020865 0.09684630 -0.40826170
v -0.23553632 0.08659567 -0.40826170
v -0.23553632 0.09684630 -0.41775309
v -0.25011357 0.09684630 -0.38810804
v -0.23553632 0.09684630 0.15208791
v -0.23942486 0.11699997 -0.42841536
v -0.23553632 0.10842426 -0.42841536
v -0.23553632 0.11699997 -0.43630420
v -0.24935206 0.11699997 -0.40826170
v -0.23553632 0.11699997 0.15240013
v -0.24107228 0.13715363 -0.44856903
v -0.23553632 0.13033589 -0.44856903
v -0.23553632 0.13715363 -0.45565052
v -0.24863055 0.13715363 -0.42841536
v -0.23553632 0.13715363 0.15252026
v -0.23553632 0.14575275 -0.46872269
v -0.23553632 0.15730729 0.15255466
v -0.23553632 0.17746096 0.15254252
v -0.23553632 0.19761462 0.15247410
v -0.23553632 0.21776828 0.15228464
v -0.23553632 0.23792195 0.15159188
v -0.23553632 0.25807561 0.15425895
v -0.23553632 0.26321241 0.15604087
v -0.23553632 0.27822927 0.16121218
v -0.23553632 0.29838294 0.16808447
v -0.23553632 0.31853660 0.17491498
v -0.23553632 0.32232281 0.17619453
v -0.23553632 0.33869026 0.18172083
v -0.23553632 0.35884393 0.18851590
v -0.23553632 0.37899759 0.19530591
v -0.23553632 0.38209228 0.19634820
v -0.23553632 0.39915125 0.20209316
v -0.23553632 0.41930492 0.20887943
v -0.23553632 0.43945858 0.21566526
v -0.23553632 0.44194332 0.21650186
v -0.23553632 0.45961224 0.22245086
v -0.23553632 0.47976590 0.22923642
v -0.21723521 -0.16515132 0.11573354
v -0.21538266 -0.16892710 0.11573354
v -0.21538266 -0.16515132 0.11523233
v -0.22081468 -0.16515132 0.13588721
v -0.21538266 -0.16515132 0.12486525
v -0.22890255 -0.14499765 0.11573354
v -0.21538266 -0.14499765 0.11329386
v -0.21538266 -0.16221361 0.13588721
v -0.21538266 -0.14499765 0.13906858
v -0.21538266 -0.12540981 -0.12611041
v -0.21538266 -0.12484399 -0.12990579
v -0.21538266 -0.12541984 -0.10595675
v -0.21538266 -0.12527953 -0.08580309
v -0.21538266 -0.12497646 -0.06564943
v -0.21538266 -0.12525828 -0.04549576
v -0.21538266 -0.12526392 -0.02534210
v -0.21538266 -0.12526931 -0.00518844
v -0.21538266 -0.12527421 0.01496523
v -0.21538266 -0.12527774 0.03511889
v -0.21538266 -0.12527667 0.05527255
v -0.21538266 -0.12525717 0.07542622
v -0.21538266 -0.12514704 0.09557988
v -0.21538266 -0.12484399 0.14564330
v -0.21538266 -0.11297267 -0.14626408
v -0.21538266 -0.10469033 -0.15007565
v -0.21538266 -0.10469033 0.14840271
v -0.21538266 -0.08453666 -0.15985155
v -0.21538266 -0.08453666 0.14592054
v -0.21917981 -0.06438300 -0.16641774
v -0.21538266 -0.06438300 -0.16483619
v -0.21538266 -0.06945627 0.09557988
v -0.21538266 -0.06438300 0.09164722
v -0.21538266 -0.06438300 0.09770722
v -0.21538266 -0.06438300 0.14827797
v -0.22616419 -0.04422934 -0.16641774
v -0.21538266 -0.04422934 -0.16191714
v -0.21538266 -0.04422934 0.09129241
v -0.21538266 -0.04422934 0.09764274
v -0.21538266 -0.04422934 0.14971620
v -0.21538266 -0.02835378 -0.14626408
v -0.21538266 -0.02500894 -0.12611041
v -0.21538266 -0.02496410 -0.10595675
v -0.21538266 -0.02497302 -0.08580309
v -0.21538266 -0.02496942 -0.06564943
v -0.21538266 -0.02497202 -0.04549576
v -0.21538266 -0.02492144 -0.02534210
v -0.21538266 -0.02480412 -0.00518844
v -0.21538266 -0.02476848 0.01496523
v -0.21538266 -0.02477456 0.03511889
v -0.21538266 -0.02488247 0.05527255
v -0.21538266 -0.02574208 0.07542622
v -0.21538266 -0.02407568 0.09909541
v -0.21538266 -0.02407568 0.15077421
v -0.21538266 -0.00392201 0.10068521
v -0.21538266 -0.00392201 0.15132423
v -0.21538266 0.01623165 0.09820151
v -0.21538266 0.01623165 0.15149072
v -0.21574034 0.03638531 -0.36795437
v -0.21538266 0.03622043 -0.36795437
v -0.21538266 0.03638531 -0.36849868
v -0.22775296 0.03638531 -0.34780071
v -0.21538266 0.03281186 -0.34780071
v -0.21538266 0.03118828 -0.32764705
v -0.21538266 0.03041199 -0.30749338
v -0.21538266 0.03004136 -0.28733972
v -0.21538266 0.02987114 -0.26718606
v -0.21538266 0.02980364 -0.24703239
v -0.21538266 0.02979073 -0.22687873
v -0.21538266 0.02980786 -0.20672507
v -0.21538266 0.02984199 -0.18657140
v -0.21538266 0.02988604 -0.16641774
v -0.21538266 0.02993604 -0.14626408
v -0.21538266 0.02998964 -0.12611041
v -0.21538266 0.03004556 -0.10595675
v -0.21538266 0.03010290 -0.08580309
v -0.21538266 0.03016118 -0.06564943
v -0.21538266 0.03022006 -0.04549576
v -0.21538266 0.03027941 -0.02534210
v -0.21538266 0.03033900 -0.00518844
v -0.21538266 0.03039879 0.01496523
v -0.21538266 0.03045875 0.03511889
v -0.21538266 0.03051878 0.05527255
v -0.21538266 0.03057888 0.07542622
v -0.21538266 0.03638531 0.09025140
v -0.21538266 0.03638531 0.09603986
v -0.21538266 0.03638531 0.15171123
v -0.22789300 0.05653898 -0.38810804
v -0.21538266 0.04456734 -0.38810804
v -0.21538266 0.05653898 -0.40473629
v -0.21538266 0.05653898 0.09536106
v -0.21538266 0.05653898 0.09563382
v -0.21538266 0.05653898 0.15217292
v -0.22830943 0.07669264 -0.40826170
v -0.21538266 0.05974683 -0.40826170
v -0.21538266 0.07669264 -0.42482158
v -0.21538266 0.05888850 0.09557988
v -0.21538266 0.07669264 0.15255283
v -0.22717520 0.09684630 -0.42841536
v -0.21538266 0.08054990 -0.42841536
v -0.21538266 0.09684630 -0.44341059
v -0.21538266 0.09684630 0.15280716
v -0.22588341 0.11699997 -0.44856903
v -0.21538266 0.10247283 -0.44856903
v -0.21538266 0.11699997 -0.46188024
v -0.21538266 0.11699997 0.15297973
v -0.21538266 0.12446813 -0.46872269
v -0.22549210 0.13715363 -0.46872269
v -0.21538266 0.13715363 0.15281484
v -0.21538266 0.15730729 0.15239138
v -0.21538266 0.17746096 0.15225855
v -0.21538266 0.19761462 0.15219730
v -0.21538266 0.21776828 0.15189256
v -0.21538266 0.23792195 0.15033943
v -0.21538266 0.25807561 0.15543085
v -0.21538266 0.25984644 0.15604087
v -0.21538266 0.27822927 0.16233733
v -0.21538266 0.29838294 0.16918559
v -0.21538266 0.31853660 0.17600270
v -0.21538266 0.31910487 0.17619453
v -0.21538266 0.33869026 0.18280156
v -0.21538266 0.35884393 0.18959334
v -0.21601069 0.37899759 0.19634820
v -0.21538266 0.37889806 0.19634820
v -0.21538266 0.37899759 0.19638172
v -0.21538266 0.39915125 0.20316824
v -0.21538266 0.41930492 0.20995425
v -0.21984809 0.43945858 0.21650186
v -0.21538266 0.43875134 0.21650186
v -0.21538266 0.43945858 0.21673998
v -0.21538266 0.45961224 0.22352556
v -0.21538266 0.47976590 0.23031112
v -0.19735484 -0.20545864 0.11573354
v -0.19522900 -0.20917562 0.11573354
v -0.19522900 -0.20545864 0.11522690
v -0.19522900 -0.20545864 0.11676500
v -0.20789154 -0.18530498 0.11573354
v -0.19522900 -0.18530498 0.11288573
v -0.19522900 -0.18530498 0.12267110
v -0.19522900 -0.16515132 0.11104049
v -0.19522900 -0.16515132 0.12978265
v -0.19522900 -0.14499765 0.10949322
v -0.19522900 -0.15131384 0.13588721
v -0.19522900 -0.14499765 0.13709966
v -0.19981789 -0.12484399 -0.14626408
v -0.19522900 -0.12550282 -0.14626408
v -0.19522900 -0.12484399 -0.14773120
v -0.19522900 -0.12576239 -0.12611041
v -0.19522900 -0.12581172 -0.10595675
v -0.19522900 -0.12573087 -0.08580309
v -0.19522900 -0.12553366 -0.06564943
v -0.19522900 -0.12525168 -0.04549576
v -0.19522900 -0.12525506 -0.02534210
v -0.19522900 -0.12525808 -0.00518844
v -0.19522900 -0.12526028 0.01496523
v -0.19522900 -0.12525995 0.03511889
v -0.19522900 -0.12525006 0.05527255
v -0.19522900 -0.12519712 0.07542622
v -0.19522900 -0.12491034 0.09557988
v -0.19522900 -0.12484399 0.14382095
v -0.19522900 -0.10469033 -0.14966566
v -0.19522900 -0.10469033 0.14719657
v -0.19522900 -0.08453666 -0.15808457
v -0.19522900 -0.08453666 0.14482857
v -0.19522900 -0.06438300 -0.15636159
v -0.19522900 -0.07845156 0.09557988
v -0.19522900 -0.06438300 0.09172350
v -0.19522900 -0.06438300 0.09769841
v -0.19522900 -0.06438300 0.14737525
v -0.19522900 -0.04422934 -0.15344445
v -0.19522900 -0.04422934 0.09136046
v -0.19522900 -0.04422934 0.09789646
v -0.19522900 -0.04422934 0.14989366
v -0.19522900 -0.03393036 -0.14626408
v -0.19522900 -0.02501250 -0.12611041
v -0.19522900 -0.02485665 -0.10595675
v -0.19522900 -0.02484240 -0.08580309
v -0.19522900 -0.02485694 -0.06564943
v -0.19522900 -0.02539642 -0.04549576
v -0.19522900 -0.02486376 -0.02534210
v -0.19522900 -0.02480724 -0.00518844
v -0.19522900 -0.02477371 0.01496523
v -0.19522900 -0.02477045 0.03511889
v -0.19522900 -0.02479671 0.05527255
v -0.19522900 -0.02581686 0.07542622
v -0.19522900 -0.02407568 0.09993390
v -0.19522900 -0.02407568 0.15113960
v -0.19522900 -0.00392201 0.10198842
v -0.19522900 -0.00392201 0.15149957
v -0.19522900 0.01623165 0.09927087
v -0.19522900 0.01623165 0.15161531
v -0.19522900 0.03454022 -0.36795437
v -0.19522900 0.03638531 -0.37528851
v -0.19522900 0.03195362 -0.34780071
v -0.19522900 0.03074873 -0.32764705
v -0.19522900 0.03018482 -0.30749338
v -0.19522900 0.02992466 -0.28733972
v -0.19522900 0.02981389 -0.26718606
v -0.19522900 0.02977945 -0.24703239
v -0.19522900 0.02978559 -0.22687873
v -0.19522900 0.02981395 -0.20672507
v -0.19522900 0.02985492 -0.18657140
v -0.19522900 0.02990322 -0.16641774
v -0.19522900 0.02995594 -0.14626408
v -0.19522900 0.03001130 -0.12611041
v -0.19522900 0.03006838 -0.10595675
v -0.19522900 0.03012649 -0.08580309
v -0.19522900 0.03018532 -0.06564943
v -0.19522900 0.03024459 -0.04549576
v -0.19522900 0.03030417 -0.02534210
v -0.19522900 0.03036395 -0.00518844
v -0.19522900 0.03042391 0.01496523
v -0.19522900 0.03048393 0.03511889
v -0.19522900 0.03054403 0.05527255
v -0.19522900 0.03060418 0.07542622
v -0.19522900 0.03638531 0.09014872
v -0.19522900 0.03638531 0.09633913
v -0.19522900 0.03638531 0.15188695
v -0.20542966 0.05653898 -0.40826170
v -0.19522900 0.05363622 -0.40826170
v -0.19522900 0.05653898 -0.41162882
v -0.19522900 0.04076679 -0.38810804
v -0.19522900 0.05653898 0.09531518
v -0.19522900 0.05653898 0.09569847
v -0.19522900 0.05653898 0.15213884
v -0.20452538 0.07669264 -0.42841536
v -0.19522900 0.07344480 -0.42841536
v -0.19522900 0.07669264 -0.43146169
v -0.19522900 0.05938105 0.09557988
v -0.19522900 0.07669264 0.15222842
v -0.19955844 0.09684630 -0.44856903
v -0.19522900 0.09530695 -0.44856903
v -0.19522900 0.09684630 -0.44997781
v -0.19522900 0.09684630 0.15226937
v -0.19522900 0.11699997 -0.46840441
v -0.19522900 0.11699997 0.15218874
v -0.19522900 0.11734811 -0.46872269
v -0.19522900 0.13715363 0.15185288
v -0.19522900 0.15730729 0.15093834
v -0.19522900 0.17746096 0.14991714
v -0.19522900 0.19761462 0.14978123
v -0.19522900 0.21776828 0.14843334
v -0.19522900 0.23792195 0.14959904
v -0.20467770 0.25807561 0.15604087
v -0.19522900 0.25651782 0.15604087
v -0.19522900 0.25807561 0.15657663
v -0.19522900 0.27822927 0.16344893
v -0.19522900 0.29838294 0.17027896
v -0.21181491 0.31853660 0.17619453
v -0.19522900 0.31589585 0.17619453
v -0.19522900 0.31853660 0.17708579
v -0.19522900 0.33869026 0.18388013
v -0.19522900 0.35884393 0.19066966
v -0.19522900 0.37570520 0.19634820
v -0.19522900 0.37899759 0.19745692
v -0.19522900 0.39915125 0.20424311
v -0.19522900 0.41930492 0.21102892
v -0.19522900 0.43555972 0.21650186
v -0.19522900 0.43945858 0.21781458
v -0.19522900 0.45961224 0.22460020
v -0.19522900 0.47976590 0.23138575
v -0.17576320 -0.20545864 0.11573354
v -0.17507533 -0.20537742 0.11573354
v -0.17507533 -0.18530498 0.11214570
v -0.17507533 -0.18530498 0.12303537
v -0.17507533 -0.16515132 0.10956901
v -0.17507533 -0.16515132 0.12924983
v -0.17507533 -0.14499765 0.10708494
v -0.18364722 -0.14499765 0.13588721
v -0.17507533 -0.14499765 0.13469181
v -0.17507533 -0.12519262 -0.14626408
v -0.17507533 -0.12484399 -0.14692541
v -0.17507533 -0.12549569 -0.12611041
v -0.17507533 -0.12559725 -0.10595675
v -0.17507533 -0.12559367 -0.08580309
v -0.17507533 -0.12539527 -0.06564943
v -0.17507533 -0.12525169 -0.04549576
v -0.17507533 -0.12525705 -0.02534210
v -0.17507533 -0.12526107 -0.00518844
v -0.17507533 -0.12526292 0.01496523
v -0.17507533 -0.12525891 0.03511889
v -0.17507533 -0.12523210 0.05527255
v -0.17507533 -0.12509096 0.07542622
v -0.19294023 -0.12484399 0.09557988
v -0.17507533 -0.12484399 0.08197345
v -0.17507533 -0.12484399 0.09616215
v -0.17507533 -0.14044211 0.13588721
v -0.17507533 -0.12484399 0.14070969
v -0.17507533 -0.10469033 -0.15282316
v -0.17507533 -0.12047421 0.09557988
v -0.17507533 -0.10469033 0.14598820
v -0.17507533 -0.08453666 -0.15654060
v -0.19151129 -0.08453666 0.09557988
v -0.17507533 -0.09703971 0.09557988
v -0.17507533 -0.08453666 0.08633525
v -0.17507533 -0.08453666 0.09889130
v -0.17507533 -0.08453666 0.14586478
v -0.17507533 -0.06438300 -0.15570761
v -0.17507533 -0.06438300 0.09176498
v -0.17507533 -0.06438300 0.09767787
v -0.17507533 -0.06438300 0.14844407
v -0.17507533 -0.04422934 -0.15479068
v -0.17507533 -0.04422934 0.09140170
v -0.17507533 -0.04422934 0.09822656
v -0.17507533 -0.04422934 0.15051829
v -0.17507533 -0.03059024 -0.14626408
v -0.17507533 -0.02523009 -0.12611041
v -0.17507533 -0.02484629 -0.10595675
v -0.17507533 -0.02477693 -0.08580309
v -0.17507533 -0.02487044 -0.06564943
v -0.17507533 -0.02512708 -0.04549576
v -0.17507533 -0.02485434 -0.02534210
v -0.17507533 -0.02476239 -0.00518844
v -0.17507533 -0.02474255 0.01496523
v -0.17507533 -0.02472225 0.03511889
v -0.17507533 -0.02474616 0.05527255
v -0.17507533 -0.02591745 0.07542622
v -0.17507533 -0.02407568 0.10114187
v -0.17507533 -0.02407568 0.15126281
v -0.17507533 -0.00392201 0.10437382
v -0.17507533 -0.00392201 0.15104981
v -0.17507533 0.01623165 0.10284161
v -0.17507533 0.01623165 0.15070951
v -0.17507533 0.03442187 -0.36795437
v -0.17507533 0.03638531 -0.37591402
v -0.17507533 0.03190562 -0.34780071
v -0.17507533 0.03073586 -0.32764705
v -0.17507533 0.03018952 -0.30749338
v -0.17507533 0.02993849 -0.28733972
v -0.17507533 0.02983259 -0.26718606
v -0.17507533 0.02980088 -0.24703239
v -0.17507533 0.02980858 -0.22687873
v -0.17507533 0.02983786 -0.20672507
v -0.17507533 0.02987938 -0.18657140
v -0.17507533 0.02992804 -0.16641774
v -0.17507533 0.02998098 -0.14626408
v -0.17507533 0.03003650 -0.12611041
v -0.17507533 0.03009366 -0.10595675
v -0.17507533 0.03015182 -0.08580309
v -0.17507533 0.03021070 -0.06564943
v -0.17507533 0.03027000 -0.04549576
v -0.17507533 0.03032960 -0.02534210
v -0.17507533 0.03038939 -0.00518844
v -0.17507533 0.03044935 0.01496523
v -0.17507533 0.03050941 0.03511889
v -0.17507533 0.03056951 0.05527255
v -0.17507533 0.03062966 0.07542622
v -0.17507533 0.03638531 0.09004620
v -0.17507533 0.03638531 0.09806540
v -0.17507533 0.03638531 0.15063861
v -0.17507533 0.05312571 -0.40826170
v -0.17507533 0.05653898 -0.41224198
v -0.17507533 0.04046382 -0.38810804
v -0.17507533 0.05653898 0.09526913
v -0.17507533 0.05653898 0.09666015
v -0.17507533 0.05653898 0.15055194
v -0.17507533 0.07279486 -0.42841536
v -0.17507533 0.07669264 -0.43207289
v -0.17507533 0.05987542 0.09557988
v -0.17742587 0.07669264 0.11573354
v -0.17507533 0.06752173 0.11573354
v -0.17507533 0.07669264 0.10071457
v -0.17507533 0.07669264 0.11652770
v -0.17507533 0.07669264 0.15037143
v -0.17507533 0.09464442 -0.44856903
v -0.17507533 0.09684630 -0.45058361
v -0.18258705 0.09684630 0.11573354
v -0.17507533 0.09684630 0.09941509
v -0.17507533 0.09684630 0.11858612
v -0.17507533 0.09684630 0.15003606
v -0.17507533 0.11669136 -0.46872269
v -0.18454502 0.11699997 -0.46872269
v -0.18325722 0.11699997 0.11573354
v -0.17507533 0.11699997 0.10259807
v -0.17507533 0.11699997 0.11840825
v -0.17507533 0.11699997 0.14937691
v -0.18411209 0.13715363 0.11573354
v -0.17507533 0.13715363 0.10913650
v -0.17507533 0.13715363 0.11739584
v -0.17507533 0.13715363 0.14780590
v -0.17507533 0.14913383 0.11573354
v -0.17507533 0.15730729 0.14179994
v -0.17704968 0.17746096 0.13588721
v -0.17507533 0.17081091 0.13588721
v -0.17507533 0.17746096 0.12855040
v -0.17507533 0.19617828 0.13588721
v -0.17507533 0.19761462 0.13642790
v -0.17507533 0.21776828 0.14371842
v -0.17507533 0.23792195 0.15077833
v -0.17507533 0.25321904 0.15604087
v -0.17507533 0.25807561 0.15770235
v -0.17507533 0.27822927 0.16455003
v -0.17507533 0.29838294 0.17136637
v -0.17507533 0.31269106 0.17619453
v -0.17507533 0.31853660 0.17816591
v -0.17507533 0.33869026 0.18495711
v -0.17507533 0.35884393 0.19174520
v -0.17507533 0.37251281 0.19634820
v -0.17507533 0.37899759 0.19853182
v -0.17507533 0.39915125 0.20531775
v -0.17507533 0.41930492 0.21210357
v -0.17507533 0.43236805 0.21650186
v -0.17507533 0.43945858 0.21888918
v -0.17507533 0.45961224 0.22567482
v -0.17507533 0.47976590 0.23246040
v -0.15492167 -0.19509596 0.11573354
v -0.15492167 -0.18530498 0.11387017
v -0.15492167 -0.18530498 0.11946631
v -0.15492167 -0.16515132 0.11070395
v -0.15492167 -0.16515132 0.12774423
v -0.15492167 -0.14499765 0.10786866
v -0.16653494 -0.14499765 0.13588721
v -0.15492167 -0.14895893 0.13588721
v -0.15492167 -0.14499765 0.13710421
v -0.17147997 -0.12484399 -0.14626408
v -0.16801127 -0.12484399 -0.12611041
v -0.16442772 -0.12484399 -0.10595675
v -0.15492167 -0.12524439 -0.08580309
v -0.15492167 -0.12484399 -0.09298208
v -0.15492167 -0.12550613 -0.06564943
v -0.15492167 -0.12559219 -0.04549576
v -0.15492167 -0.12555038 -0.02534210
v -0.15492167 -0.12535347 -0.00518844
v -0.15492167 -0.12524371 0.01496523
v -0.15492167 -0.12523926 0.03511889
v -0.15492167 -0.12517512 0.05527255
v -0.15842229 -0.12484399 0.07542622
v -0.15492167 -0.12484399 0.07270450
v -0.15492167 -0.12484399 0.09740545
v -0.15492167 -0.12484399 0.14365323
v -0.15492167 -0.12081690 -0.14626408
v -0.15492167 -0.10469033 -0.15482356
v -0.15492167 -0.12388202 -0.12611041
v -0.15492167 -0.12430848 -0.10595675
v -0.15492167 -0.12453968 0.07542622
v -0.15795662 -0.10469033 0.09557988
v -0.15492167 -0.10469033 0.09379680
v -0.15492167 -0.10469033 0.09589327
v -0.15492167 -0.10469033 0.14652771
v -0.15492167 -0.08453666 -0.15582339
v -0.15492167 -0.08453666 0.08749340
v -0.15492167 -0.08453666 0.09735310
v -0.15492167 -0.08453666 0.14645143
v -0.15492167 -0.06438300 -0.15515264
v -0.15492167 -0.06438300 0.09179329
v -0.15492167 -0.06438300 0.09692760
v -0.15492167 -0.06438300 0.14796722
v -0.15492167 -0.04422934 -0.15442687
v -0.15492167 -0.04422934 0.09143009
v -0.15492167 -0.04422934 0.09719073
v -0.15492167 -0.04422934 0.14934216
v -0.15492167 -0.02789865 -0.14626408
v -0.15492167 -0.02495832 -0.12611041
v -0.15492167 -0.02479335 -0.10595675
v -0.15492167 -0.02479309 -0.08580309
v -0.15492167 -0.02523258 -0.06564943
v -0.15492167 -0.02506653 -0.04549576
v -0.15492167 -0.02474574 -0.02534210
v -0.15492167 -0.02470846 -0.00518844
v -0.15492167 -0.02468777 0.01496523
v -0.15492167 -0.02466700 0.03511889
v -0.15492167 -0.02472257 0.05527255
v -0.15492167 -0.02603492 0.07542622
v -0.15492167 -0.02407568 0.09899778
v -0.15492167 -0.02407568 0.14943485
v -0.15492167 -0.00392201 0.10066966
v -0.15492167 -0.00392201 0.14882385
v -0.15492167 0.01623165 0.09856845
v -0.15492167 0.01623165 0.14808091
v -0.15492167 0.03443418 -0.36795437
v -0.15492167 0.03638531 -0.37588495
v -0.15492167 0.03192482 -0.34780071
v -0.15492167 0.03075821 -0.32764705
v -0.15492167 0.03021340 -0.30749338
v -0.15492167 0.02996311 -0.28733972
v -0.15492167 0.02985759 -0.26718606
v -0.15492167 0.02982611 -0.24703239
v -0.15492167 0.02983390 -0.22687873
v -0.15492167 0.02986324 -0.20672507
v -0.15492167 0.02990483 -0.18657140
v -0.15492167 0.02995349 -0.16641774
v -0.15492167 0.03000644 -0.14626408
v -0.15492167 0.03006197 -0.12611041
v -0.15492167 0.03011913 -0.10595675
v -0.15492167 0.03017732 -0.08580309
v -0.15492167 0.03023620 -0.06564943
v -0.15492167 0.03029550 -0.04549576
v -0.15492167 0.03035511 -0.02534210
v -0.15492167 0.03041491 -0.00518844
v -0.15492167 0.03047484 0.01496523
v -0.15492167 0.03053489 0.03511889
v -0.15492167 0.03059500 0.05527255
v -0.15492167 0.03065514 0.07542622
v -0.15492167 0.03638531 0.08994421
v -0.15492167 0.03638531 0.09627011
v -0.15492167 0.03638531 0.14741101
v -0.15492167 0.05309978 -0.40826170
v -0.15492167 0.05653898 -0.41227569
v -0.15492167 0.04046139 -0.38810804
v -0.15492167 0.05653898 0.09522304
v -0.15492167 0.05653898 0.09575200
v -0.15492167 0.05653898 0.14626018
v -0.15492167 0.07275465 -0.42841536
v -0.15492167 0.07669264 -0.43211108
v -0.15492167 0.06037015 0.09557988
v -0.17114930 0.07669264 0.11573354
v -0.15492167 0.07669264 0.14407426
v -0.15492167 0.09460263 -0.44856903
v -0.15492167 0.09684630 -0.45062183
v -0.15492167 0.09304325 0.11573354
v -0.15492167 0.09684630 0.10435572
v -0.15492167 0.09684630 0.12405846
v -0.15492167 0.09684630 0.13884331
v -0.15492167 0.11664971 -0.46872269
v -0.15492167 0.11699997 0.10343496
v -0.15901396 0.11699997 0.13588721
v -0.15492167 0.10236905 0.13588721
v -0.15492167 0.13715363 0.11184101
v -0.16015439 0.13715363 0.13588721
v -0.15492167 0.14440753 0.11573354
v -0.16463586 0.15730729 0.13588721
v -0.15492167 0.15730729 0.12178743
v -0.15492167 0.17746096 0.13015611
v -0.15492167 0.19250477 0.13588721
v -0.15492167 0.19761462 0.13776988
v -0.15492167 0.21776828 0.14494130
v -0.15492167 0.23792195 0.15193070
v -0.15492167 0.24993579 0.15604087
v -0.15492167 0.25807561 0.15881390
v -0.15492167 0.27822927 0.16564294
v -0.15492167 0.29838294 0.17244931
v -0.15492167 0.30948978 0.17619453
v -0.15492167 0.31853660 0.17924386
v -0.15492167 0.33869026 0.18603302
v -0.15492167 0.35884393 0.19282018
v -0.15492167 0.36932117 0.19634820
v -0.15492167 0.37899759 0.19960643
v -0.15492167 0.39915125 0.20639228
v -0.15492167 0.41930492 0.21317809
v -0.15492167 0.42917660 0.21650186
v -0.15492167 0.43945858 0.21996373
v -0.15492167 0.45961224 0.22674941
v -0.15492167 0.47976590 0.23353505
v -0.13584491 -0.18530498 0.11573354
v -0.13476801 -0.18475385 0.11573354
v -0.13476801 -0.16515132 0.11201191
v -0.13476801 -0.16515132 0.12907206
v -0.13476801 -0.14499765 0.10885023
v -0.13476801 -0.14908571 0.13588721
v -0.13476801 -0.14499765 0.13653799
v -0.13917942 -0.12484399 -0.10595675
v -0.13476801 -0.12504851 -0.10595675
v -0.13476801 -0.12484399 -0.10834551
v -0.13476801 -0.12540552 -0.08580309
v -0.13476801 -0.12554020 -0.06564943
v -0.13476801 -0.12554798 -0.04549576
v -0.13476801 -0.12541362 -0.02534210
v -0.13476801 -0.12504926 -0.00518844
v -0.13696621 -0.12484399 0.01496523
v -0.13476801 -0.12484399 0.01105562
v -0.13743798 -0.12484399 0.03511889
v -0.14248461 -0.12484399 0.05527255
v -0.13476801 -0.12484399 0.09942723
v -0.13476801 -0.12484399 0.14016552
v -0.13476801 -0.11661257 -0.14626408
v -0.13476801 -0.10469033 -0.15500714
v -0.13476801 -0.12361114 -0.12611041
v -0.13476801 -0.12473238 0.01496523
v -0.13476801 -0.12457616 0.03511889
v -0.13476801 -0.12361361 0.05527255
v -0.13476801 -0.11355446 0.07542622
v -0.13476801 -0.10469033 0.08028553
v -0.13476801 -0.10469033 0.09788058
v -0.13476801 -0.10469033 0.14195376
v -0.13476801 -0.08453666 -0.15468187
v -0.13476801 -0.08453666 0.09065460
v -0.13476801 -0.08453666 0.09701544
v -0.13476801 -0.08453666 0.14371731
v -0.13476801 -0.06438300 -0.15414840
v -0.13476801 -0.06438300 0.09181568
v -0.13476801 -0.06438300 0.09690397
v -0.13476801 -0.06438300 0.14511114
v -0.13476801 -0.04422934 -0.15435045
v -0.13476801 -0.04422934 0.09145184
v -0.13476801 -0.04422934 0.09702284
v -0.13476801 -0.04422934 0.14599959
v -0.13476801 -0.02785278 -0.14626408
v -0.13476801 -0.02470700 -0.12611041
v -0.13476801 -0.02470729 -0.10595675
v -0.13476801 -0.02480762 -0.08580309
v -0.13476801 -0.02529253 -0.06564943
v -0.13476801 -0.02491583 -0.04549576
v -0.13476801 -0.02466356 -0.02534210
v -0.13476801 -0.02467213 -0.00518844
v -0.13476801 -0.02464976 0.01496523
v -0.13476801 -0.02462818 0.03511889
v -0.13476801 -0.02471667 0.05527255
v -0.13476801 -0.02616457 0.07542622
v -0.13476801 -0.02407568 0.09847474
v -0.13476801 -0.02407568 0.14515470
v -0.13953908 -0.00392201 -0.00518844
v -0.13476801 -0.01874950 -0.00518844
v -0.13476801 -0.00392201 -0.01913523
v -0.14305012 -0.00392201 0.01496523
v -0.13476801 -0.02142277 0.01496523
v -0.14484030 -0.00392201 0.03511889
v -0.13476801 -0.02223992 0.03511889
v -0.14541363 -0.00392201 0.05527255
v -0.13476801 -0.02233497 0.05527255
v -0.14202611 -0.00392201 0.07542622
v -0.13476801 -0.01974899 0.07542622
v -0.13476801 -0.00392201 0.08521611
v -0.13476801 -0.00392201 0.09805420
v -0.13476801 -0.00392201 0.14300762
v -0.13476801 0.00471223 -0.00518844
v -0.13476801 0.00871663 0.01496523
v -0.13476801 0.01030861 0.03511889
v -0.13476801 0.01037796 0.05527255
v -0.13476801 0.00764430 0.07542622
v -0.13476801 0.01623165 0.09746533
v -0.13476801 0.01623165 0.13960938
v -0.13476801 0.03445060 -0.36795437
v -0.13476801 0.03638531 -0.37583461
v -0.13476801 0.03194610 -0.34780071
v -0.13476801 0.03078171 -0.32764705
v -0.13476801 0.03023789 -0.30749338
v -0.13476801 0.02998809 -0.28733972
v -0.13476801 0.02988283 -0.26718606
v -0.13476801 0.02985144 -0.24703239
v -0.13476801 0.02985930 -0.22687873
v -0.13476801 0.02988870 -0.20672507
v -0.13476801 0.02993028 -0.18657140
v -0.13476801 0.02997897 -0.16641774
v -0.13476801 0.03003192 -0.14626408
v -0.13476801 0.03008747 -0.12611041
v -0.13476801 0.03014462 -0.10595675
v -0.13476801 0.03020282 -0.08580309
v -0.13476801 0.03026167 -0.06564943
v -0.13476801 0.03032098 -0.04549576
v -0.13476801 0.03038059 -0.02534210
v -0.13476801 0.03044041 -0.00518844
v -0.13476801 0.03050035 0.01496523
v -0.13476801 0.03056040 0.03511889
v -0.13476801 0.03062050 0.05527255
v -0.13476801 0.03068065 0.07542622
v -0.13476801 0.03638531 0.08984271
v -0.13476801 0.03638531 0.09595522
v -0.13690492 0.03638531 0.13588721
v -0.13476801 0.02854736 0.13588721
v -0.13476801 0.03638531 0.13451430
v -0.13476801 0.05308908 -0.40826170
v -0.13476801 0.05653898 -0.41229116
v -0.13476801 0.04046844 -0.38810804
v -0.13476801 0.05653898 0.09517699
v -0.13476801 0.05653898 0.09566241
v -0.14239975 0.05653898 0.13588721
v -0.13476801 0.05653898 0.13099985
v -0.13476801 0.07273362 -0.42841536
v -0.13476801 0.07669264 -0.43213126
v -0.13476801 0.06086464 0.09557988
v -0.14503754 0.07669264 0.13588721
v -0.13476801 0.07669264 0.13011720
v -0.13476801 0.09458014 -0.44856903
v -0.13476801 0.09684630 -0.45064243
v -0.15331029 0.09684630 0.11573354
v -0.15070991 0.09684630 0.13588721
v -0.13476801 0.09684630 0.12946798
v -0.13476801 0.11662719 -0.46872269
v -0.15001355 0.11699997 0.11573354
v -0.13476801 0.11699997 0.12760195
v -0.13476801 0.13691429 0.11573354
v -0.13476801 0.13715363 0.11514576
v -0.13476801 0.13836681 0.11573354
v -0.13476801 0.15730729 0.12362068
v -0.13476801 0.17746096 0.13164926
v -0.13476801 0.18886385 0.13588721
v -0.13476801 0.19761462 0.13905221
v -0.13476801 0.21776828 0.14612762
v -0.13476801 0.23792195 0.15306165
v -0.13476801 0.24666808 0.15604087
v -0.13476801 0.25807561 0.15991440
v -0.13476801 0.27822927 0.16672972
v -0.13476801 0.29838294 0.17352910
v -0.13476801 0.30629151 0.17619453
v -0.13476801 0.31853660 0.18032030
v -0.13476801 0.33869026 0.18710818
v -0.13476801 0.35884393 0.19389483
v -0.13476801 0.36612992 0.19634820
v -0.13476801 0.37899759 0.20068088
v -0.13476801 0.39915125 0.20746676
v -0.13476801 0.41930492 0.21425256
v -0.13476801 0.42598531 0.21650186
v -0.13476801 0.43945858 0.22103827
v -0.13476801 0.45961224 0.22782395
v -0.13476801 0.47976590 0.23460964
v -0.11461434 -0.17417765 0.11573354
v -0.11461434 -0.16515132 0.11375428
v -0.11461434 -0.16515132 0.11968047
v -0.11461434 -0.14499765 0.11009404
v -0.13293124 -0.14499765 0.13588721
v -0.11461434 -0.14499765 0.12654928
v -0.11461434 -0.12526678 -0.10595675
v -0.11461434 -0.12484399 -0.12361229
v -0.11461434 -0.12543756 -0.08580309
v -0.11461434 -0.12547674 -0.06564943
v -0.11461434 -0.12538232 -0.04549576
v -0.11461434 -0.12509388 -0.02534210
v -0.13334047 -0.12484399 -0.00518844
v -0.11461434 -0.12484399 -0.02362212
v -0.11461434 -0.12484399 0.10259146
v -0.12412452 -0.12484399 0.13588721
v -0.11461434 -0.12484399 0.13156466
v -0.11461434 -0.11970650 -0.14626408
v -0.11461434 -0.10469033 -0.15771480
v -0.11461434 -0.12478139 -0.12611041
v -0.11461434 -0.12112105 -0.00518844
v -0.11461434 -0.10777228 0.01496523
v -0.12173156 -0.10469033 0.03511889
v -0.11461434 -0.10469033 0.01896288
v -0.12492570 -0.10469033 0.05527255
v -0.13159310 -0.10469033 0.07542622
v -0.11461434 -0.10469033 0.10060785
v -0.11639053 -0.10469033 0.13588721
v -0.11461434 -0.10469033 0.13513737
v -0.11461434 -0.08453666 -0.15346065
v -0.11461434 -0.10121424 0.03511889
v -0.11461434 -0.09994267 0.05527255
v -0.11461434 -0.09645102 0.07542622
v -0.11461434 -0.08453666 0.09170065
v -0.11461434 -0.08453666 0.09688368
v -0.11461434 -0.09752467 0.13588721
v -0.11461434 -0.08453666 0.13741615
v -0.11461434 -0.06438300 -0.15330413
v -0.11461434 -0.06438300 0.09183510
v -0.11461434 -0.06438300 0.09688727
v -0.11461434 -0.06438300 0.13768004
v -0.11461434 -0.04422934 -0.15418775
v -0.11461434 -0.04422934 0.09146972
v -0.11461434 -0.04422934 0.09700005
v -0.11562765 -0.04422934 0.13588721
v -0.11461434 -0.05033064 0.13588721
v -0.11461434 -0.04422934 0.13538165
v -0.11461434 -0.02621349 -0.14626408
v -0.11461434 -0.02470586 -0.12611041
v -0.11461434 -0.02468894 -0.10595675
v -0.11461434 -0.02470808 -0.08580309
v -0.11461434 -0.02489951 -0.06564943
v -0.11461434 -0.02469763 -0.04549576
v -0.11461434 -0.02465872 -0.02534210
v -0.11461434 -0.02465180 -0.00518844
v -0.11461434 -0.02462750 0.01496523
v -0.11461434 -0.02460529 0.03511889
v -0.11461434 -0.02472096 0.05527255
v -0.11461434 -0.02630360 0.07542622
v -0.11461434 -0.02407568 0.09851506
v -0.12054864 -0.02407568 0.13588721
v -0.11461434 -0.02407568 0.13314297
v -0.11841508 -0.00392201 -0.08580309
v -0.11461434 -0.01564665 -0.08580309
v -0.11461434 -0.00392201 -0.09312359
v -0.12358997 -0.00392201 -0.06564943
v -0.11461434 -0.02069301 -0.06564943
v -0.12825614 -0.00392201 -0.04549576
v -0.11461434 -0.02235229 -0.04549576
v -0.13334459 -0.00392201 -0.02534210
v -0.11461434 -0.02285016 -0.02534210
v -0.11461434 -0.02312084 -0.00518844
v -0.11461434 -0.02329038 0.01496523
v -0.11461434 -0.02339804 0.03511889
v -0.11461434 -0.02338552 0.05527255
v -0.11461434 -0.02240629 0.07542622
v -0.11461434 -0.00392201 0.09518620
v -0.11461434 -0.00392201 0.09574927
v -0.12591667 -0.00392201 0.13588721
v -0.11461434 -0.00392201 0.13111935
v -0.12649133 0.01623165 -0.12611041
v -0.11461434 0.00879989 -0.12611041
v -0.11461434 0.01623165 -0.14378146
v -0.12485996 0.01623165 -0.10595675
v -0.11461434 0.00598304 -0.10595675
v -0.11461434 0.01156751 -0.08580309
v -0.11461434 0.01623165 -0.08867244
v -0.11461434 0.00940657 -0.06564943
v -0.11461434 0.01147047 -0.04549576
v -0.11461434 0.01249952 -0.02534210
v -0.11461434 0.01310110 -0.00518844
v -0.11461434 0.01347739 0.01496523
v -0.11461434 0.01369828 0.03511889
v -0.11461434 0.01358204 0.05527255
v -0.11461434 0.01248630 0.07542622
v -0.11461434 0.01623165 0.09743984
v -0.12999829 0.01623165 0.13588721
v -0.11461434 0.01623165 0.13111782
v -0.11461434 0.03446704 -0.36795437
v -0.11461434 0.03638531 -0.37578387
v -0.11461434 0.03196738 -0.34780071
v -0.11461434 0.03080518 -0.32764705
v -0.11461434 0.03026239 -0.30749338
v -0.11461434 0.03001306 -0.28733972
v -0.11461434 0.02990802 -0.26718606
v -0.11461434 0.02987678 -0.24703239
v -0.11461434 0.02988470 -0.22687873
v -0.11461434 0.02991414 -0.20672507
v -0.11461434 0.02995574 -0.18657140
v -0.11461434 0.03000445 -0.16641774
v -0.11461434 0.02240411 -0.14626408
v -0.11461434 0.02186428 -0.08580309
v -0.11461434 0.03028718 -0.06564943
v -0.11461434 0.03034648 -0.04549576
v -0.11461434 0.03040610 -0.02534210
v -0.11461434 0.03046589 -0.00518844
v -0.11461434 0.03052584 0.01496523
v -0.11461434 0.03058589 0.03511889
v -0.11461434 0.03064599 0.05527255
v -0.11461434 0.03070615 0.07542622
v -0.11461434 0.03638531 0.08974167
v -0.11461434 0.03638531 0.09591873
v -0.11461434 0.03638531 0.13108866
v -0.11461434 0.05307853 -0.40826170
v -0.11461434 0.05653898 -0.41230647
v -0.11461434 0.04047560 -0.38810804
v -0.11461434 0.05653898 0.09513094
v -0.11461434 0.05653898 0.09565075
v -0.11461434 0.05653898 0.13153214
v -0.11461434 0.07271269 -0.42841536
v -0.11461434 0.07669264 -0.43215135
v -0.11461434 0.06135898 0.09557988
v -0.11461434 0.07669264 0.13196206
v -0.11461434 0.09455774 -0.44856903
v -0.11461434 0.09684630 -0.45066293
v -0.11461434 0.09684630 0.13235181
v -0.11461434 0.11260841 -0.46872269
v -0.11461434 0.11699997 0.13235026
v -0.13464645 0.13715363 0.11573354
v -0.11461434 0.13715363 0.13217150
v -0.11461434 0.15730729 0.13077072
v -0.11461434 0.17746096 0.13304826
v -0.11461434 0.18526247 0.13588721
v -0.11461434 0.19761462 0.14028518
v -0.11461434 0.21776828 0.14728440
v -0.11461434 0.23792195 0.15417586
v -0.11461434 0.24341542 0.15604087
v -0.11461434 0.25807561 0.16100645
v -0.11461434 0.27822927 0.16781197
v -0.11461434 0.29838294 0.17460656
v -0.11461434 0.30309615 0.17619453
v -0.11461434 0.31853660 0.18139563
v -0.11461434 0.33869026 0.18818281
v -0.11461434 0.35884393 0.19496923
v -0.11461434 0.36293916 0.19634820
v -0.11461434 0.37899759 0.20175525
v -0.11461434 0.39915125 0.20854113
v -0.11461434 0.41930492 0.21532698
v -0.11461434 0.42279426 0.21650186
v -0.11461434 0.43945858 0.22211273
v -0.11461434 0.45961224 0.22889846
v -0.11461434 0.47976590 0.23568418
v -0.09767657 -0.16515132 0.11573354
v -0.09924563 -0.14499765 0.03511889
v -0.09446068 -0.15076689 0.03511889
v -0.09446068 -0.14499765 0.02447940
v -0.10116808 -0.14499765 0.05527255
v -0.09446068 -0.15846750 0.05527255
v -0.09845681 -0.14499765 0.07542622
v -0.09446068 -0.15333194 0.07542622
v -0.09446068 -0.14499765 0.08714436
v -0.09446068 -0.16344774 0.11573354
v -0.09446068 -0.14499765 0.10396468
v -0.09446068 -0.14499765 0.12532349
v -0.11094180 -0.12484399 -0.12611041
v -0.09446068 -0.12510904 -0.12611041
v -0.09446068 -0.12484399 -0.13160853
v -0.09446068 -0.12532037 -0.10595675
v -0.09446068 -0.12538902 -0.08580309
v -0.09446068 -0.12533097 -0.06564943
v -0.09446068 -0.12510414 -0.04549576
v -0.10467355 -0.12484399 -0.02534210
v -0.09446068 -0.12484399 -0.03525812
v -0.10546718 -0.12484399 -0.00518844
v -0.09446068 -0.12776859 -0.00518844
v -0.09446068 -0.12484399 -0.02385500
v -0.11101475 -0.12484399 0.01496523
v -0.09446068 -0.13969476 0.01496523
v -0.11186533 -0.12484399 0.03511889
v -0.11107229 -0.12484399 0.05527255
v -0.10922040 -0.12484399 0.07542622
v -0.10234372 -0.12484399 0.09557988
v -0.09446068 -0.13603240 0.09557988
v -0.09446068 -0.12484399 0.13240432
v -0.09446068 -0.12289314 -0.14626408
v -0.09446068 -0.10469033 -0.15798097
v -0.09446068 -0.12449312 -0.02534210
v -0.11327691 -0.10469033 0.03511889
v -0.11255289 -0.10469033 0.05527255
v -0.11124586 -0.10469033 0.07542622
v -0.10627185 -0.10469033 0.09557988
v -0.10645873 -0.10469033 0.13588721
v -0.09446068 -0.11113336 0.13588721
v -0.09446068 -0.10469033 0.13706186
v -0.09446068 -0.08453666 -0.15710141
v -0.11088140 -0.08453666 0.09557988
v -0.09446068 -0.08453666 0.14004991
v -0.09446068 -0.06438300 -0.15278796
v -0.09446068 -0.06821823 0.09557988
v -0.09446068 -0.06438300 0.09185292
v -0.09446068 -0.06438300 0.09687477
v -0.09446068 -0.06438300 0.14086461
v -0.09446068 -0.04422934 -0.15359708
v -0.09446068 -0.04422934 0.09148493
v -0.09446068 -0.04422934 0.09697846
v -0.11091946 -0.04422934 0.13588721
v -0.09446068 -0.04422934 0.13975289
v -0.09446068 -0.02636958 -0.14626408
v -0.09446068 -0.02472079 -0.12611041
v -0.09446068 -0.02470019 -0.10595675
v -0.09446068 -0.02468783 -0.08580309
v -0.09446068 -0.02478107 -0.06564943
v -0.09446068 -0.02468804 -0.04549576
v -0.09446068 -0.02466291 -0.02534210
v -0.09446068 -0.02464308 -0.00518844
v -0.09446068 -0.02461740 0.01496523
v -0.09446068 -0.02459544 0.03511889
v -0.09446068 -0.02473128 0.05527255
v -0.09446068 -0.02645015 0.07542622
v -0.09446068 -0.02407568 0.09855460
v -0.09577172 -0.02407568 0.13588721
v -0.09446068 -0.02407568 0.13637275
v -0.10981902 -0.00392201 -0.10595675
v -0.09446068 -0.02195408 -0.10595675
v -0.09446068 -0.00392201 -0.12255220
v -0.09446068 -0.02271562 -0.08580309
v -0.09446068 -0.02305096 -0.06564943
v -0.09446068 -0.02331500 -0.04549576
v -0.09446068 -0.02344172 -0.02534210
v -0.09446068 -0.02353205 -0.00518844
v -0.09446068 -0.02359900 0.01496523
v -0.09446068 -0.02364362 0.03511889
v -0.09446068 -0.02359282 0.05527255
v -0.09446068 -0.02265989 0.07542622
v -0.10850039 -0.00392201 0.09557988
v -0.09446068 -0.00588175 0.09557988
v -0.09446068 -0.02227559 0.13588721
v -0.09446068 -0.00392201 0.13382789
v -0.10692971 0.01623165 -0.14626408
v -0.09446068 0.01386123 -0.14626408
v -0.09446068 0.01623165 -0.15124830
v -0.09446068 -0.00059305 -0.12611041
v -0.11377027 0.01623165 -0.08580309
v -0.10890099 0.01623165 -0.06564943
v -0.10483600 0.01623165 -0.04549576
v -0.09446068 0.01523627 -0.02534210
v -0.09446068 0.01623165 -0.03144178
v -0.09446068 0.01436583 -0.00518844
v -0.09446068 0.01449817 0.01496523
v -0.09446068 0.01456704 0.03511889
v -0.09446068 0.01434962 0.05527255
v -0.09446068 0.01318835 0.07542622
v -0.09446068 -0.00057358 0.09557988
v -0.09446068 0.01623165 0.09743053
v -0.09446068 0.01623165 0.13167602
v -0.09446068 0.03448360 -0.36795437
v -0.09446068 0.03638531 -0.37573237
v -0.09446068 0.03198875 -0.34780071
v -0.09446068 0.03082872 -0.32764705
v -0.09446068 0.03028691 -0.30749338
v -0.09446068 0.03003805 -0.28733972
v -0.09446068 0.02993325 -0.26718606
v -0.09446068 0.02990213 -0.24703239
v -0.09446068 0.02991013 -0.22687873
v -0.09446068 0.02993959 -0.20672507
v -0.09446068 0.02998121 -0.18657140
v -0.09446068 0.03002994 -0.16641774
v -0.09446068 0.02675050 -0.02534210
v -0.09446068 0.03049140 -0.00518844
v -0.09446068 0.03055135 0.01496523
v -0.09446068 0.03061137 0.03511889
v -0.09446068 0.03067149 0.05527255
v -0.09446068 0.03073164 0.07542622
v -0.09446068 0.03638531 0.08964121
v -0.09446068 0.03638531 0.09592493
v -0.09446068 0.03638531 0.13127489
v -0.09446068 0.05306833 -0.40826170
v -0.09446068 0.05653898 -0.41232136
v -0.09446068 0.04048298 -0.38810804
v -0.09446068 0.05653898 0.09508489
v -0.09446068 0.05653898 0.09565856
v -0.09446068 0.05653898 0.13168544
v -0.09446068 0.07269227 -0.42841536
v -0.09446068 0.07669264 -0.43217098
v -0.09446068 0.06185344 0.09557988
v -0.09446068 0.07669264 0.13207639
v -0.09446068 0.09453585 -0.44856903
v -0.09446068 0.09684630 -0.45109851
v -0.09446068 0.09684630 0.13245992
v -0.09446068 0.10783050 -0.46872269
v -0.09446068 0.11699997 0.13282102
v -0.09446068 0.13715363 0.13306302
v -0.09446068 0.15730729 0.13344002
v -0.09446068 0.17746096 0.13465905
v -0.09446068 0.18170629 0.13588721
v -0.09446068 0.19761462 0.14147785
v -0.09446068 0.21776828 0.14841774
v -0.09446068 0.23792195 0.15527718
v -0.09446068 0.24017702 0.15604087
v -0.09446068 0.25807561 0.16209222
v -0.09446068 0.27822927 0.16889092
v -0.09446068 0.29838294 0.17568243
v -0.09446068 0.29990319 0.17619453
v -0.09446068 0.31853660 0.18247026
v -0.09446068 0.33869026 0.18925710
v -0.09446068 0.35884393 0.19604345
v -0.09446068 0.35974894 0.19634820
v -0.09446068 0.37899759 0.20282947
v -0.09446068 0.39915125 0.20961546
v -0.09446068 0.41930492 0.21640136
v -0.09446068 0.41960340 0.21650186
v -0.09446068 0.43945858 0.22318715
v -0.09446068 0.45961224 0.22997290
v -0.09639582 0.47976590 0.23665552
v -0.09446068 0.47945948 0.23665552
v -0.09446068 0.47976590 0.23675870
v -0.07607689 -0.18530498 0.03511889
v -0.07430702 -0.18748483 0.03511889
v -0.07430702 -0.18530498 0.03031454
v -0.07914973 -0.18530498 0.05527255
v -0.07430702 -0.19335754 0.05527255
v -0.07987854 -0.18530498 0.07542622
v -0.07430702 -0.19565020 0.07542622
v -0.07430702 -0.18530498 0.08777408
v -0.07540513 -0.16515132 -0.00518844
v -0.07430702 -0.16633679 -0.00518844
v -0.07430702 -0.16515132 -0.00697195
v -0.08191653 -0.16515132 0.01496523
v -0.07430702 -0.17817516 0.01496523
v -0.08581694 -0.16515132 0.03511889
v -0.09090053 -0.16515132 0.05527255
v -0.08812493 -0.16515132 0.07542622
v -0.07481142 -0.16515132 0.09557988
v -0.07430702 -0.16648306 0.09557988
v -0.07430702 -0.16515132 0.09745872
v -0.07945809 -0.14499765 -0.02534210
v -0.07430702 -0.15192467 -0.02534210
v -0.07430702 -0.14499765 -0.03490859
v -0.08477410 -0.14499765 -0.00518844
v -0.09138104 -0.14499765 0.01496523
v -0.08559554 -0.14499765 0.09557988
v -0.07430702 -0.15242790 0.11573354
v -0.07430702 -0.14499765 0.13275670
v -0.07430702 -0.12517876 -0.12611041
v -0.07430702 -0.12484399 -0.13176381
v -0.07430702 -0.12529663 -0.10595675
v -0.07430702 -0.12527435 -0.08580309
v -0.07430702 -0.12509890 -0.06564943
v -0.07430702 -0.12649226 -0.04549576
v -0.09414613 -0.12484399 -0.02534210
v -0.08616717 -0.12484399 0.13588721
v -0.07430702 -0.14281077 0.13588721
v -0.07430702 -0.12484399 0.13889526
v -0.07430702 -0.12198669 -0.14626408
v -0.07430702 -0.10469033 -0.15606556
v -0.08233389 -0.10469033 0.09557988
v -0.07430702 -0.11411326 0.09557988
v -0.07430702 -0.10469033 0.08604866
v -0.07430702 -0.10469033 0.10164389
v -0.07430702 -0.10469033 0.14170330
v -0.07430702 -0.08453666 -0.16015439
v -0.07784390 -0.08453666 0.09557988
v -0.07430702 -0.08453666 0.09218161
v -0.07430702 -0.08453666 0.09702998
v -0.07430702 -0.08453666 0.14410645
v -0.07430702 -0.06438300 -0.15229967
v -0.07430702 -0.06438300 0.09186988
v -0.07430702 -0.06438300 0.09687382
v -0.07430702 -0.06438300 0.14572877
v -0.07430702 -0.04422934 -0.15297461
v -0.07430702 -0.04422934 0.09149794
v -0.07430702 -0.04422934 0.09695845
v -0.07430702 -0.04422934 0.14598511
v -0.07430702 -0.02680613 -0.14626408
v -0.07430702 -0.02475329 -0.12611041
v -0.07430702 -0.02472954 -0.10595675
v -0.07430702 -0.02471320 -0.08580309
v -0.07430702 -0.02473646 -0.06564943
v -0.07430702 -0.02468859 -0.04549576
v -0.07430702 -0.02466738 -0.02534210
v -0.07430702 -0.02464089 -0.00518844
v -0.07430702 -0.02461447 0.01496523
v -0.07430702 -0.02459369 0.03511889
v -0.07430702 -0.02474573 0.05527255
v -0.07430702 -0.02660298 0.07542622
v -0.07430702 -0.02407568 0.09859352
v -0.07430702 -0.02407568 0.14528459
v -0.07725975 -0.00392201 -0.12611041
v -0.07430702 -0.00882617 -0.12611041
v -0.07430702 -0.00392201 -0.12703661
v -0.07430702 -0.02287758 -0.10595675
v -0.07430702 -0.02333012 -0.08580309
v -0.07430702 -0.02346970 -0.06564943
v -0.07430702 -0.02357110 -0.04549576
v -0.07430702 -0.02363467 -0.02534210
v -0.07430702 -0.02368447 -0.00518844
v -0.07430702 -0.02372345 0.01496523
v -0.07430702 -0.02373801 0.03511889
v -0.07430702 -0.02363413 0.05527255
v -0.07430702 -0.02260814 0.07542622
v -0.07430702 -0.00560250 0.09557988
v -0.08842666 -0.00392201 0.13588721
v -0.07430702 -0.00392201 0.14380425
v -0.07430702 0.01474681 -0.14626408
v -0.07430702 0.01623165 -0.14956459
v -0.09192701 0.01623165 -0.02534210
v -0.08667400 0.01623165 -0.00518844
v -0.07430702 0.01614438 0.01496523
v -0.07430702 0.01623165 0.01418872
v -0.07430702 0.01491991 0.03511889
v -0.07430702 0.01453168 0.05527255
v -0.07430702 0.01326771 0.07542622
v -0.07430702 -0.00095199 0.09557988
v -0.07430702 0.01623165 0.09742803
v -0.08083333 0.01623165 0.13588721
v -0.07430702 0.01623165 0.14091367
v -0.07430702 0.03451121 -0.36795437
v -0.07430702 0.03638531 -0.37562341
v -0.07430702 0.03201567 -0.34780071
v -0.07430702 0.03085511 -0.32764705
v -0.07430702 0.03031293 -0.30749338
v -0.07430702 0.03006389 -0.28733972
v -0.07430702 0.02995896 -0.26718606
v -0.07430702 0.02992776 -0.24703239
v -0.07430702 0.02993569 -0.22687873
v -0.07430702 0.02996513 -0.20672507
v -0.07430702 0.03000674 -0.18657140
v -0.07430702 0.03005543 -0.16641774
v -0.07430702 0.01895509 0.01496523
v -0.07430702 0.03063687 0.03511889
v -0.07430702 0.03069697 0.05527255
v -0.07430702 0.03075713 0.07542622
v -0.07430702 0.03638531 0.08954119
v -0.07430702 0.03638531 0.09593377
v -0.07430702 0.03156092 0.13588721
v -0.07430702 0.03638531 0.13506455
v -0.07430702 0.05310116 -0.40826170
v -0.07430702 0.05653898 -0.41228406
v -0.07430702 0.04051636 -0.38810804
v -0.07430702 0.05653898 0.09503880
v -0.07430702 0.05653898 0.09566766
v -0.07430702 0.05653898 0.13178904
v -0.07430702 0.07272764 -0.42841536
v -0.07430702 0.07669264 -0.43213788
v -0.07430702 0.06234822 0.09557988
v -0.07430702 0.07669264 0.13210314
v -0.07430702 0.09457214 -0.44856903
v -0.07430702 0.09684630 -0.45296185
v -0.07430702 0.09684630 0.13219680
v -0.07430702 0.10241377 -0.46872269
v -0.07430702 0.11699997 0.13218518
v -0.07430702 0.13715363 0.13202168
v -0.07430702 0.15730729 0.13117392
v -0.07430702 0.17746096 0.13562721
v -0.07430702 0.17819881 0.13588721
v -0.07430702 0.19761462 0.14263813
v -0.07430702 0.21776828 0.14953281
v -0.08036498 0.23792195 0.15604087
v -0.07430702 0.23695370 0.15604087
v -0.07430702 0.23792195 0.15636860
v -0.07430702 0.25807561 0.16317322
v -0.07430702 0.27822927 0.16996753
v -0.08485782 0.29838294 0.17619453
v -0.07430702 0.29671270 0.17619453
v -0.07430702 0.29838294 0.17675712
v -0.07430702 0.31853660 0.18354438
v -0.07430702 0.33869026 0.19033106
v -0.08874241 0.35884393 0.19634820
v -0.07430702 0.35655928 0.19634820
v -0.07430702 0.35884393 0.19711748
v -0.07430702 0.37899759 0.20390360
v -0.07430702 0.39915125 0.21068965
v -0.09257532 0.41930492 0.21650186
v -0.07430702 0.41641275 0.21650186
v -0.07430702 0.41930492 0.21747567
v -0.07430702 0.43945858 0.22426148
v -0.07430702 0.45961224 0.23104733
v -0.07430702 0.47626842 0.23665552
v -0.07430702 0.47976590 0.23783312
v -0.05415335 -0.18704989 0.03511889
v -0.05415335 -0.18530498 0.02829765
v -0.05415335 -0.19046116 0.05527255
v -0.05415335 -0.19135927 0.07542622
v -0.05415335 -0.18530498 0.08408340
v -0.05415335 -0.17245099 -0.00518844
v -0.05415335 -0.16515132 -0.01730677
v -0.05415335 -0.18113544 0.01496523
v -0.07101095 -0.16515132 0.09557988
v -0.05415335 -0.16515132 0.09300006
v -0.05814428 -0.16515132 0.13588721
v -0.05415335 -0.17052344 0.13588721
v -0.05415335 -0.16515132 0.13336016
v -0.05415335 -0.16515132 0.13678472
v -0.06538382 -0.14499765 -0.02534210
v -0.05495719 -0.14499765 -0.00518844
v -0.05415335 -0.14816618 -0.00518844
v -0.05415335 -0.14499765 -0.00266600
v -0.06794893 -0.14499765 0.09557988
v -0.05415335 -0.14499765 0.08124940
v -0.06113996 -0.14499765 0.11573354
v -0.07276956 -0.14499765 0.13588721
v -0.05415335 -0.14499765 0.11961187
v -0.05415335 -0.14499765 0.13980788
v -0.05415335 -0.12512584 -0.12611041
v -0.05415335 -0.12484399 -0.12905886
v -0.05415335 -0.12521805 -0.10595675
v -0.05415335 -0.12508455 -0.08580309
v -0.05415335 -0.12558175 -0.06564943
v -0.05415335 -0.12567993 -0.04549576
v -0.05462153 -0.12484399 -0.02534210
v -0.05415335 -0.12484399 -0.03213374
v -0.05735835 -0.12484399 -0.00518844
v -0.05622459 -0.12484399 0.01496523
v -0.05415335 -0.13341278 0.01496523
v -0.05432206 -0.12484399 0.03511889
v -0.05415335 -0.12547634 0.03511889
v -0.05642893 -0.12484399 0.05527255
v -0.05415335 -0.12977469 0.05527255
v -0.06281838 -0.12484399 0.07542622
v -0.05415335 -0.14109176 0.07542622
v -0.06880929 -0.12484399 0.09557988
v -0.05415335 -0.14108903 0.11573354
v -0.05415335 -0.12484399 0.11148610
v -0.05415335 -0.12484399 0.14236936
v -0.05415335 -0.11854052 -0.14626408
v -0.05415335 -0.10469033 -0.15327155
v -0.05415335 -0.12437387 -0.02534210
v -0.05415335 -0.11931295 -0.00518844
v -0.05415335 -0.11347404 0.01496523
v -0.05415335 -0.12246868 0.03511889
v -0.05415335 -0.11096341 0.05527255
v -0.05415335 -0.10617821 0.07542622
v -0.05603356 -0.10469033 0.09557988
v -0.05415335 -0.10535101 0.09557988
v -0.05415335 -0.10469033 0.14468542
v -0.05415335 -0.08453666 -0.15802524
v -0.05415335 -0.09881274 0.09557988
v -0.05415335 -0.08453666 0.09223265
v -0.05415335 -0.08453666 0.09723849
v -0.05415335 -0.08453666 0.14653454
v -0.05415335 -0.06438300 -0.15765863
v -0.05415335 -0.06438300 0.09188630
v -0.05415335 -0.06438300 0.09697387
v -0.05415335 -0.06438300 0.14788937
v -0.05415335 -0.04422934 -0.16094084
v -0.05415335 -0.04422934 0.09150884
v -0.05415335 -0.04422934 0.09694137
v -0.05415335 -0.04422934 0.14875457
v -0.05415335 -0.02613834 -0.14626408
v -0.05415335 -0.02482837 -0.12611041
v -0.05415335 -0.02475940 -0.10595675
v -0.05415335 -0.02473959 -0.08580309
v -0.05415335 -0.02472186 -0.06564943
v -0.05415335 -0.02469667 -0.04549576
v -0.05415335 -0.02466867 -0.02534210
v -0.05415335 -0.02464187 -0.00518844
v -0.05415335 -0.02461511 0.01496523
v -0.05415335 -0.02459615 0.03511889
v -0.05415335 -0.02476356 0.05527255
v -0.05415335 -0.02676105 0.07542622
v -0.05415335 -0.02407568 0.09863227
v -0.05415335 -0.02407568 0.14866710
v -0.05415335 -0.01393418 -0.12611041
v -0.05415335 -0.00392201 -0.12864991
v -0.05415335 -0.02303071 -0.10595675
v -0.05415335 -0.02350347 -0.08580309
v -0.05415335 -0.02362490 -0.06564943
v -0.05415335 -0.02368286 -0.04549576
v -0.05415335 -0.02372465 -0.02534210
v -0.05415335 -0.02375887 -0.00518844
v -0.05415335 -0.02378309 0.01496523
v -0.05415335 -0.02375966 0.03511889
v -0.05415335 -0.02362747 0.05527255
v -0.05415335 -0.02249918 0.07542622
v -0.05415335 -0.00483599 0.09557988
v -0.05415335 -0.00392201 0.14833163
v -0.05891641 0.01623165 -0.14626408
v -0.05415335 0.01623165 -0.14592811
v -0.07385758 0.01623165 0.01496523
v -0.05415335 0.01500732 0.03511889
v -0.05415335 0.01623165 0.02975499
v -0.05415335 0.01454365 0.05527255
v -0.05415335 0.01324364 0.07542622
v -0.05415335 -0.00221323 0.09557988
v -0.05415335 0.01623165 0.09744032
v -0.05415335 0.01623165 0.14756244
v -0.05415335 0.03479811 -0.36795437
v -0.05415335 0.03638531 -0.37422995
v -0.05415335 0.03217438 -0.34780071
v -0.05415335 0.03094992 -0.32764705
v -0.05415335 0.03037577 -0.30749338
v -0.05415335 0.03011018 -0.28733972
v -0.05415335 0.02999645 -0.26718606
v -0.05415335 0.02996036 -0.24703239
v -0.05415335 0.02996554 -0.22687873
v -0.05415335 0.02999335 -0.20672507
v -0.05415335 0.03003399 -0.18657140
v -0.05415335 0.03008207 -0.16641774
v -0.05415335 0.01861342 -0.14626408
v -0.05415335 0.03066239 0.03511889
v -0.05415335 0.03072249 0.05527255
v -0.05415335 0.03078264 0.07542622
v -0.05415335 0.03638531 0.08944175
v -0.05415335 0.03638531 0.09594956
v -0.07208627 0.03638531 0.13588721
v -0.05415335 0.03638531 0.14590785
v -0.05415335 0.05412374 -0.40826170
v -0.05415335 0.05653898 -0.41105997
v -0.05415335 0.04115417 -0.38810804
v -0.05415335 0.05653898 0.09499271
v -0.05415335 0.05653898 0.09568524
v -0.05932023 0.05653898 0.13588721
v -0.05415335 0.05653898 0.14009296
v -0.05415335 0.07403241 -0.42841536
v -0.05415335 0.07669264 -0.43090854
v -0.05415335 0.06284314 0.09557988
v -0.05415335 0.06282053 0.13588721
v -0.05415335 0.07669264 0.13155828
v -0.05415335 0.09469722 -0.44856903
v -0.05415335 0.09684630 -0.46694716
v -0.05415335 0.09684630 0.13131877
v -0.05415335 0.09699761 -0.46872269
v -0.05415335 0.11699997 0.13067166
v -0.05415335 0.13715363 0.12809172
v -0.05415335 0.15730729 0.12964647
v -0.06998143 0.17746096 0.13588721
v -0.05415335 0.17478124 0.13588721
v -0.05415335 0.17746096 0.13682757
v -0.05415335 0.19761462 0.14377269
v -0.05415335 0.21776828 0.15063382
v -0.05415335 0.23374423 0.15604087
v -0.05415335 0.23792195 0.15745261
v -0.05415335 0.25807561 0.16425085
v -0.05415335 0.27822927 0.17104241
v -0.05415335 0.29352408 0.17619453
v -0.05415335 0.29838294 0.17783099
v -0.05415335 0.31853660 0.18461806
v -0.05415335 0.33869026 0.19140482
v -0.05415335 0.35337019 0.19634820
v -0.05415335 0.35884393 0.19819134
v -0.05415335 0.37899759 0.20497756
v -0.05415335 0.39915125 0.21176373
v -0.05415335 0.41322260 0.21650186
v -0.05415335 0.41930492 0.21854984
v -0.05415335 0.43945858 0.22533579
v -0.05415335 0.45961224 0.23212171
v -0.05415335 0.47307731 0.23665552
v -0.05415335 0.47976590 0.23890758
v -0.05283614 -0.18530498 0.03511889
v -0.05006707 -0.18530498 0.05527255
v -0.04924676 -0.18530498 0.07542622
v -0.04266313 -0.18530498 0.13588721
v -0.03399969 -0.19633128 0.13588721
v -0.03399969 -0.18530498 0.13362395
v -0.03399969 -0.18530498 0.13756707
v -0.05052303 -0.16515132 -0.00518844
v -0.04740227 -0.16515132 0.01496523
v -0.04578818 -0.16515132 0.03511889
v -0.04506846 -0.16515132 0.05527255
v -0.04645768 -0.16515132 0.07542622
v -0.03399969 -0.16515132 0.12866301
v -0.03399969 -0.16515132 0.14029769
v -0.04928524 -0.14499765 0.01496523
v -0.04654282 -0.14499765 0.03511889
v -0.04548227 -0.14499765 0.05527255
v -0.05055894 -0.14499765 0.07542622
v -0.03399969 -0.14499765 0.12223518
v -0.03399969 -0.14499765 0.14265331
v -0.03399969 -0.12489693 -0.12611041
v -0.03399969 -0.12484399 -0.12648993
v -0.03399969 -0.12504149 -0.10595675
v -0.03399969 -0.12496351 -0.08580309
v -0.03399969 -0.12570822 -0.06564943
v -0.03399969 -0.12556573 -0.04549576
v -0.03399969 -0.12484399 -0.03467693
v -0.03399969 -0.12927807 0.11573354
v -0.03399969 -0.12484399 0.11314418
v -0.03399969 -0.12484399 0.14660726
v -0.03399969 -0.11266160 -0.14626408
v -0.03399969 -0.10469033 -0.14986097
v -0.03399969 -0.12431795 -0.02534210
v -0.03399969 -0.12033537 -0.00518844
v -0.03399969 -0.11968292 0.01496523
v -0.03399969 -0.11875863 0.03511889
v -0.03399969 -0.11778205 0.05527255
v -0.03399969 -0.11678386 0.07542622
v -0.03399969 -0.11577358 0.09557988
v -0.03399969 -0.10469033 0.14673475
v -0.03399969 -0.08453666 -0.15542887
v -0.03399969 -0.08691357 0.09557988
v -0.03399969 -0.08453666 0.09225945
v -0.03399969 -0.08453666 0.09758281
v -0.03399969 -0.08453666 0.14806987
v -0.03399969 -0.06438300 -0.16046663
v -0.03399969 -0.06438300 0.09190245
v -0.03399969 -0.06438300 0.09715455
v -0.03399969 -0.06438300 0.14925458
v -0.04539983 -0.04422934 -0.16641774
v -0.03399969 -0.05486255 -0.16641774
v -0.03399969 -0.04422934 -0.17318068
v -0.03399969 -0.04422934 0.09151757
v -0.03399969 -0.04422934 0.09694514
v -0.03399969 -0.04422934 0.15030640
v -0.03399969 -0.03148144 -0.16641774
v -0.03399969 -0.02606054 -0.14626408
v -0.03399969 -0.02513900 -0.12611041
v -0.03399969 -0.02487497 -0.10595675
v -0.03399969 -0.02474072 -0.08580309
v -0.03399969 -0.02471849 -0.06564943
v -0.03399969 -0.02469842 -0.04549576
v -0.03399969 -0.02467126 -0.02534210
v -0.03399969 -0.02464432 -0.00518844
v -0.04630806 -0.02407568 0.01496523
v -0.03399969 -0.02407568 0.00292647
v -0.03399969 -0.02460076 0.03511889
v -0.03399969 -0.02407568 0.02747369
v -0.03399969 -0.02478451 0.05527255
v -0.03399969 -0.02692363 0.07542622
v -0.03399969 -0.02407568 0.09867287
v -0.03399969 -0.02407568 0.15055143
v -0.03399969 -0.01396719 -0.12611041
v -0.03399969 -0.00392201 -0.12966353
v -0.03399969 -0.02290063 -0.10595675
v -0.03399969 -0.02352169 -0.08580309
v -0.03399969 -0.02367028 -0.06564943
v -0.03399969 -0.02371313 -0.04549576
v -0.03399969 -0.02374880 -0.02534210
v -0.03399969 -0.02377841 -0.00518844
v -0.03399969 -0.02375831 0.03511889
v -0.03399969 -0.02361343 0.05527255
v -0.03399969 -0.02237870 0.07542622
v -0.03399969 -0.00397156 0.09557988
v -0.03399969 -0.00392201 0.15046049
v -0.03399969 0.01623165 -0.14442063
v -0.03399969 0.01500996 0.03511889
v -0.03399969 0.01623165 0.03045191
v -0.03399969 0.01453493 0.05527255
v -0.03399969 0.01320757 0.07542622
v -0.03399969 -0.00382314 0.09557988
v -0.03399969 0.01623165 0.09755376
v -0.03399969 0.01623165 0.14993251
v -0.04268356 0.03638531 -0.36795437
v -0.03399969 0.03366892 -0.34780071
v -0.03399969 0.03638531 -0.36192388
v -0.03399969 0.03174484 -0.32764705
v -0.03399969 0.03081654 -0.30749338
v -0.03399969 0.03036760 -0.28733972
v -0.03399969 0.03015583 -0.26718606
v -0.03399969 0.03006557 -0.24703239
v -0.03399969 0.03003980 -0.22687873
v -0.03399969 0.03004941 -0.20672507
v -0.03399969 0.03007909 -0.18657140
v -0.03399969 0.03012043 -0.16641774
v -0.03399969 0.02478791 -0.14626408
v -0.03399969 0.03068830 0.03511889
v -0.03399969 0.03074830 0.05527255
v -0.03399969 0.03080836 0.07542622
v -0.03399969 0.03638531 0.08934226
v -0.03399969 0.03638531 0.09602523
v -0.03399969 0.03638531 0.14873233
v -0.04882039 0.05653898 -0.40826170
v -0.03399969 0.04748807 -0.38810804
v -0.03399969 0.05653898 -0.40008346
v -0.03399969 0.03787960 -0.36795437
v -0.03399969 0.05653898 0.09494641
v -0.03399969 0.05653898 0.09572685
v -0.03399969 0.05653898 0.14608941
v -0.04940025 0.07669264 -0.42841536
v -0.03399969 0.06420274 -0.40826170
v -0.03399969 0.07669264 -0.42029566
v -0.03399969 0.06334062 0.09557988
v -0.03541841 0.07669264 0.13588721
v -0.03399969 0.07669264 0.13688585
v -0.03399969 0.08986427 -0.44856903
v -0.03399969 0.09158263 -0.46872269
v -0.05359022 0.09684630 -0.46872269
v -0.03399969 0.08492039 -0.42841536
v -0.03399969 0.07859082 0.13588721
v -0.03399969 0.09684630 0.12929065
v -0.03399969 0.11699997 0.12503082
v -0.03399969 0.13715363 0.12352946
v -0.03399969 0.15730729 0.13092620
v -0.03399969 0.17140470 0.13588721
v -0.03399969 0.17746096 0.13798985
v -0.03399969 0.19761462 0.14488729
v -0.03399969 0.21776828 0.15172441
v -0.03399969 0.23054223 0.15604087
v -0.03399969 0.23792195 0.15853173
v -0.03399969 0.25807561 0.16532599
v -0.03399969 0.27822927 0.17211612
v -0.03399969 0.29033715 0.17619453
v -0.03399969 0.29838294 0.17890425
v -0.03399969 0.31853660 0.18569138
v -0.03399969 0.33869026 0.19247833
v -0.03399969 0.35018186 0.19634820
v -0.03399969 0.35884393 0.19926500
v -0.03399969 0.37899759 0.20605136
v -0.03399969 0.39915125 0.21283774
v -0.03399969 0.41003278 0.21650186
v -0.03399969 0.41930492 0.21962392
v -0.03399969 0.43945858 0.22640997
v -0.03399969 0.45961224 0.23319598
v -0.03399969 0.46988666 0.23665552
v -0.03399969 0.47976590 0.23998191
v -0.02653150 -0.20545864 0.13588721
v -0.01384603 -0.22092110 0.13588721
v -0.01384603 -0.20545864 0.13372833
v -0.01384603 -0.20545864 0.13805539
v -0.01384603 -0.18530498 0.13084527
v -0.01384603 -0.18530498 0.14055617
v -0.01384603 -0.16515132 0.12731620
v -0.01384603 -0.16515132 0.14274310
v -0.01384603 -0.14499765 0.12312614
v -0.01384603 -0.14499765 0.14472580
v -0.03165900 -0.12484399 -0.12611041
v -0.02172103 -0.12484399 -0.10595675
v -0.01384603 -0.12511220 -0.08580309
v -0.01384603 -0.12484399 -0.09935156
v -0.01384603 -0.12573816 -0.06564943
v -0.01384603 -0.12545610 -0.04549576
v -0.01384603 -0.12484399 -0.03770128
v -0.01485248 -0.12484399 -0.00518844
v -0.01384603 -0.12507781 -0.00518844
v -0.01384603 -0.12484399 -0.00898621
v -0.01536946 -0.12484399 0.01496523
v -0.01384603 -0.12526259 0.01496523
v -0.01401369 -0.12484399 0.03511889
v -0.01384603 -0.12489627 0.03511889
v -0.01384603 -0.12484399 0.03679158
v -0.02688847 -0.12484399 0.11573354
v -0.01384603 -0.12484399 0.11807022
v -0.01384603 -0.12484399 0.15182418
v -0.01384603 -0.10663508 -0.14626408
v -0.01384603 -0.10469033 -0.14711417
v -0.01384603 -0.12408590 -0.12611041
v -0.01384603 -0.12470708 -0.10595675
v -0.01384603 -0.12405472 -0.02534210
v -0.01384603 -0.12431366 0.05527255
v -0.01384603 -0.12359211 0.07542622
v -0.01384603 -0.12228702 0.09557988
v -0.01384603 -0.11697346 0.11573354
v -0.01384603 -0.10469033 0.14810870
v -0.01384603 -0.08453666 -0.15262231
v -0.01384603 -0.08636017 0.09557988
v -0.01384603 -0.08453666 0.09227854
v -0.01384603 -0.08453666 0.09822350
v -0.01384603 -0.08453666 0.14909393
v -0.01384603 -0.06438300 -0.15810266
v -0.01384603 -0.06438300 0.09191841
v -0.01384603 -0.06438300 0.09746226
v -0.01384603 -0.06438300 0.15018845
v -0.01384603 -0.05609137 -0.16641774
v -0.01384603 -0.04422934 -0.17786221
v -0.01384603 -0.04422934 0.09152392
v -0.01384603 -0.04422934 0.09710813
v -0.01384603 -0.04422934 0.15112578
v -0.01384603 -0.03424783 -0.16641774
v -0.01384603 -0.02932550 -0.14626408
v -0.01384603 -0.02596995 -0.12611041
v -0.01384603 -0.02525640 -0.10595675
v -0.01384603 -0.02487696 -0.08580309
v -0.01384603 -0.02473414 -0.06564943
v -0.01384603 -0.02470153 -0.04549576
v -0.01384603 -0.02467448 -0.02534210
v -0.01384603 -0.02464747 -0.00518844
v -0.01384603 -0.02407568 0.00031588
v -0.01384603 -0.02460662 0.03511889
v -0.01384603 -0.02407568 0.02998916
v -0.01384603 -0.02480852 0.05527255
v -0.01384603 -0.02709005 0.07542622
v -0.01384603 -0.02407568 0.09880046
v -0.01384603 -0.02407568 0.15160749
v -0.01384603 -0.01316215 -0.12611041
v -0.01384603 -0.00392201 -0.13054037
v -0.01384603 -0.02265298 -0.10595675
v -0.01384603 -0.02349750 -0.08580309
v -0.01384603 -0.02366768 -0.06564943
v -0.01384603 -0.02371509 -0.04549576
v -0.01384603 -0.02374986 -0.02534210
v -0.01384603 -0.02377874 -0.00518844
v -0.01384603 -0.02375528 0.03511889
v -0.01384603 -0.02359717 0.05527255
v -0.01384603 -0.02225167 0.07542622
v -0.03290620 -0.00392201 0.09557988
v -0.01384603 -0.00392201 0.09527347
v -0.01384603 -0.00392201 0.09576891
v -0.01384603 -0.00392201 0.15135057
v -0.01384603 0.01623165 -0.14288659
v -0.01384603 0.01500688 0.03511889
v -0.01384603 0.01623165 0.03016716
v -0.01384603 0.01452438 0.05527255
v -0.01384603 0.01316833 0.07542622
v -0.01384603 0.01623165 0.09799730
v -0.01384603 0.01623165 0.15091459
v -0.02720216 0.03638531 -0.34780071
v -0.01506797 0.03638531 -0.32764705
v -0.01384603 0.03357277 -0.30749338
v -0.01384603 0.03638531 -0.32564216
v -0.01384603 0.03193319 -0.28733972
v -0.01384603 0.03107454 -0.26718606
v -0.01384603 0.03062397 -0.24703239
v -0.01384603 0.03039186 -0.22687873
v -0.01384603 0.03028000 -0.20672507
v -0.01384603 0.03023631 -0.18657140
v -0.01384603 0.03023224 -0.16641774
v -0.01384603 0.02787360 -0.14626408
v -0.01384603 0.03071668 0.03511889
v -0.01384603 0.03077597 0.05527255
v -0.01384603 0.03083552 0.07542622
v -0.01384603 0.03638531 0.08924007
v -0.01384603 0.03638531 0.09618473
v -0.01384603 0.03638531 0.15015676
v -0.02647974 0.05653898 -0.38810804
v -0.01384603 0.05619773 -0.36795437
v -0.01384603 0.05653898 -0.36837756
v -0.01384603 0.04374753 -0.34780071
v -0.01384603 0.03676235 -0.32764705
v -0.01384603 0.05653898 0.09489849
v -0.01384603 0.05653898 0.09581671
v -0.01384603 0.05653898 0.14869825
v -0.02043668 0.07669264 -0.40826170
v -0.01384603 0.07546435 -0.38810804
v -0.01384603 0.07669264 -0.39148948
v -0.01384603 0.06385725 0.09557988
v -0.01384603 0.07669264 0.14508165
v -0.01384603 0.08444920 -0.44856903
v -0.01384603 0.08616956 -0.46872269
v -0.01384603 0.08273154 -0.42841536
v -0.01384603 0.08101500 -0.40826170
v -0.01384603 0.09121363 0.13588721
v -0.01384603 0.09684630 0.12323805
v -0.01384603 0.11699997 0.11720909
v -0.01384603 0.13715363 0.12491508
v -0.01384603 0.15730729 0.13214723
v -0.01384603 0.16805992 0.13588721
v -0.01384603 0.17746096 0.13912385
v -0.01384603 0.19761462 0.14598655
v -0.01384603 0.21776828 0.15280718
v -0.01384603 0.22734773 0.15604087
v -0.01384603 0.23792195 0.15960732
v -0.01384603 0.25807561 0.16639934
v -0.01384603 0.27822927 0.17318893
v -0.01384603 0.28715198 0.17619453
v -0.01384603 0.29838294 0.17997704
v -0.01384603 0.31853660 0.18676442
v -0.01384603 0.33869026 0.19355164
v -0.01384603 0.34699426 0.19634820
v -0.01384603 0.35884393 0.20033848
v -0.01384603 0.37899759 0.20712506
v -0.01384603 0.39915125 0.21391155
v -0.01384603 0.40684355 0.21650186
v -0.01384603 0.41930492 0.22069790
v -0.01384603 0.43945858 0.22748404
v -0.01384603 0.45961224 0.23427022
v -0.01384603 0.46669623 0.23665552
v -0.01384603 0.47976590 0.24105616
v -0.00985142 -0.22561231 0.13588721
v 0.00630764 -0.24463233 0.13588721
v 0.00630764 -0.22561231 0.13342856
v 0.00630764 -0.22561231 0.13835993
v 0.00630764 -0.20545864 0.13111684
v 0.00630764 -0.20545864 0.14067433
v 0.00630764 -0.18530498 0.12906028
v 0.00630764 -0.18530498 0.14272050
v 0.00630764 -0.16515132 0.12679321
v 0.00630764 -0.16515132 0.14453425
v 0.00630764 -0.14499765 0.12371432
v 0.00630764 -0.14499765 0.14649403
v 0.00630764 -0.12516163 -0.08580309
v 0.00630764 -0.12484399 -0.09186517
v 0.00630764 -0.12568673 -0.06564943
v 0.00630764 -0.12525867 -0.04549576
v 0.00630764 -0.12484399 -0.03527984
v 0.00630764 -0.12536345 -0.00518844
v 0.00630764 -0.12484399 -0.01646891
v 0.00630764 -0.12541722 0.01496523
v 0.00630764 -0.12541330 0.03511889
v -0.00317265 -0.12484399 0.05527255
v 0.00630764 -0.12536437 0.05527255
v 0.00192363 -0.12484399 0.07542622
v 0.00630764 -0.12523173 0.07542622
v 0.00516634 -0.12484399 0.09557988
v 0.00630764 -0.12498397 0.09557988
v 0.00630764 -0.12484399 0.10313684
v 0.00630764 -0.12484399 0.11591898
v 0.00630764 -0.12484399 0.15328406
v -0.00805993 -0.10469033 -0.14626408
v 0.00630764 -0.12256274 -0.12611041
v 0.00630764 -0.10469033 -0.14408181
v 0.00630764 -0.12381950 -0.10595675
v 0.00630764 -0.12451556 -0.02534210
v 0.00399133 -0.10469033 0.11573354
v 0.00630764 -0.10469033 0.11477330
v 0.00630764 -0.10469033 0.11609703
v 0.00630764 -0.10469033 0.14881316
v 0.00630764 -0.09678025 -0.14626408
v 0.00630764 -0.08453666 -0.14956994
v 0.00630764 -0.08712949 0.09557988
v 0.00630764 -0.08453666 0.09229526
v 0.00630764 -0.10301564 0.11573354
v 0.00630764 -0.08453666 0.09983267
v 0.00630764 -0.08453666 0.14989766
v 0.00630764 -0.06438300 -0.15497603
v 0.00630764 -0.06438300 0.09193427
v 0.00630764 -0.06438300 0.09812378
v 0.00630764 -0.06438300 0.15078979
v 0.00630764 -0.05340798 -0.16641774
v 0.00630764 -0.04422934 -0.17560260
v 0.00630764 -0.04422934 0.09152769
v 0.00630764 -0.04422934 0.09770863
v 0.00630764 -0.04422934 0.15149413
v 0.00630764 -0.03657988 -0.16641774
v 0.00630764 -0.02983897 -0.14626408
v 0.00630764 -0.02759853 -0.12611041
v 0.00630764 -0.02528009 -0.10595675
v 0.00630764 -0.02480851 -0.08580309
v 0.00630764 -0.02473353 -0.06564943
v 0.00630764 -0.02470505 -0.04549576
v 0.00630764 -0.02467800 -0.02534210
v 0.00630764 -0.02420505 -0.00518844
v 0.00630764 -0.02407568 -0.00408510
v 0.00630764 -0.02461335 0.03511889
v 0.00630764 -0.02407568 0.03121801
v 0.00630764 -0.02483562 0.05527255
v 0.00630764 -0.02725982 0.07542622
v 0.00630764 -0.02407568 0.09981778
v 0.00630764 -0.02407568 0.15186525
v 0.00630764 -0.01396204 -0.12611041
v 0.00630764 -0.00392201 -0.13130567
v 0.00630764 -0.02288377 -0.10595675
v 0.00630764 -0.02351349 -0.08580309
v 0.00630764 -0.02367020 -0.06564943
v 0.00630764 -0.02371654 -0.04549576
v 0.00630764 -0.02375053 -0.02534210
v 0.00630764 -0.02400962 -0.00518844
v 0.00630764 -0.02375180 0.03511889
v 0.00630764 -0.02357880 0.05527255
v 0.00630764 -0.02211832 0.07542622
v 0.00630764 -0.00392201 0.09494032
v 0.00630764 -0.00392201 0.09609804
v 0.00630764 -0.00392201 0.15184528
v 0.00630764 0.01623165 -0.14132938
v 0.00630764 0.01500222 0.03511889
v 0.00630764 0.01623165 0.02982892
v 0.00630764 0.01451225 0.05527255
v 0.00630764 0.01312548 0.07542622
v 0.00630764 0.01623165 0.09885961
v 0.00630764 0.01623165 0.15156357
v -0.00837618 0.03638531 -0.30749338
v -0.00063697 0.03638531 -0.28733972
v 0.00630764 0.03532262 -0.26718606
v 0.00630764 0.03638531 -0.27320869
v 0.00630764 0.03319777 -0.24703239
v 0.00630764 0.03198755 -0.22687873
v 0.00630764 0.03129447 -0.20672507
v 0.00630764 0.03089807 -0.18657140
v 0.00630764 0.03067529 -0.16641774
v 0.00630764 0.02990140 -0.14626408
v 0.00630764 0.03075609 0.03511889
v 0.00630764 0.03081199 0.05527255
v 0.00630764 0.03086905 0.07542622
v 0.00630764 0.03638531 0.08912412
v 0.00630764 0.03638531 0.09656069
v 0.00630764 0.03638531 0.15106921
v -0.01348138 0.05653898 -0.36795437
v -0.00432550 0.05653898 -0.34780071
v 0.00443112 0.05653898 -0.32764705
v 0.00630764 0.04688438 -0.30749338
v 0.00630764 0.05653898 -0.32373333
v 0.00630764 0.03937741 -0.28733972
v 0.00630764 0.05653898 0.09484344
v 0.00630764 0.05653898 0.09613635
v 0.00630764 0.05653898 0.15018021
v 0.00223960 0.07669264 -0.40826170
v 0.00630764 0.07559952 -0.40826170
v 0.00630764 0.07669264 -0.42109279
v 0.00630764 0.07388363 -0.38810804
v 0.00630764 0.07216819 -0.36795437
v 0.00630764 0.07045302 -0.34780071
v 0.00630764 0.05948882 -0.32764705
v 0.00630764 0.06162513 0.09557988
v 0.00630764 0.07669264 0.14832182
v 0.00630764 0.07903579 -0.44856903
v 0.00630764 0.08075971 -0.46872269
v 0.00630764 0.07731651 -0.42841536
v -0.00025538 0.09684630 0.11573354
v 0.00630764 0.08047137 0.11573354
v 0.00630764 0.09684630 0.11026595
v -0.00489129 0.09684630 0.13588721
v 0.00630764 0.09684630 0.11948994
v 0.00630764 0.09684630 0.14249797
v 0.00630764 0.10944209 0.11573354
v 0.00630764 0.10815993 0.13588721
v 0.00630764 0.11699997 0.11874861
v 0.00630764 0.13715363 0.12621607
v 0.00630764 0.15730729 0.13332177
v 0.00630764 0.16474935 0.13588721
v 0.00630764 0.17746096 0.14023586
v 0.00630764 0.19761462 0.14707429
v 0.00630764 0.21776828 0.15388432
v 0.00630764 0.22416061 0.15604087
v 0.00630764 0.23792195 0.16068024
v 0.00630764 0.25807561 0.16747130
v 0.00630764 0.27822927 0.17426100
v 0.00630764 0.28396895 0.17619453
v 0.00630764 0.29838294 0.18104923
v 0.00630764 0.31853660 0.18783699
v 0.00630764 0.33869026 0.19462464
v 0.00630764 0.34380784 0.19634820
v 0.00630764 0.35884393 0.20141169
v 0.00630764 0.37899759 0.20819849
v 0.00630764 0.39915125 0.21498526
v 0.00630764 0.40365488 0.21650186
v 0.00630764 0.41930492 0.22177169
v 0.00630764 0.43945858 0.22855798
v 0.00630764 0.45961224 0.23534429
v 0.00630764 0.46350631 0.23665552
v 0.00630764 0.47976590 0.24213033
v 0.02646130 -0.24064341 0.13588721
v 0.02646130 -0.22561231 0.13290024
v 0.02646130 -0.22561231 0.13889060
v 0.02646130 -0.20545864 0.12971107
v 0.02646130 -0.20545864 0.14208190
v 0.02646130 -0.18530498 0.12742873
v 0.02646130 -0.18530498 0.14434953
v 0.02646130 -0.16515132 0.12585896
v 0.02646130 -0.16515132 0.14589025
v 0.02646130 -0.14499765 0.12422757
v 0.02646130 -0.14499765 0.14726473
v 0.02646130 -0.12511357 -0.08580309
v 0.02646130 -0.12484399 -0.09372271
v 0.02646130 -0.12554444 -0.06564943
v 0.02646130 -0.12495543 -0.04549576
v 0.02646130 -0.12484399 -0.04446062
v 0.02646130 -0.12534401 -0.00518844
v 0.02646130 -0.12484399 -0.00913036
v 0.02646130 -0.12540526 0.01496523
v 0.02646130 -0.12539752 0.03511889
v 0.02646130 -0.12538591 0.05527255
v 0.02646130 -0.12536769 0.07542622
v 0.02646130 -0.12532845 0.09557988
v 0.01378435 -0.12484399 0.11573354
v 0.02646130 -0.12526514 0.11573354
v 0.02646130 -0.12484399 0.15054341
v 0.01330707 -0.10469033 -0.14626408
v 0.02646130 -0.11391093 -0.14626408
v 0.02646130 -0.10469033 -0.15101659
v 0.02646130 -0.12452226 -0.12611041
v 0.02646130 -0.12446886 -0.10595675
v 0.02646130 -0.12328973 -0.02534210
v 0.02646130 -0.12356551 0.11573354
v 0.02646130 -0.10469033 0.10208963
v 0.02646130 -0.10469033 0.11873952
v 0.02646130 -0.10469033 0.14953651
v 0.02646130 -0.08453666 -0.15125703
v 0.02646130 -0.09183135 0.09557988
v 0.02646130 -0.08453666 0.09231126
v 0.02378074 -0.08453666 0.11573354
v 0.02646130 -0.08453666 0.11623562
v 0.02646130 -0.08453666 0.15030534
v 0.02646130 -0.06438300 -0.15110582
v 0.02646130 -0.06438300 0.09195003
v 0.02646130 -0.08012958 0.11573354
v 0.02646130 -0.06438300 0.10264037
v 0.02646130 -0.06438300 0.15095141
v 0.01638079 -0.04422934 -0.16641774
v 0.02646130 -0.04422934 -0.15174700
v 0.02646130 -0.04422934 0.09152863
v 0.02646130 -0.04422934 0.10000791
v 0.02646130 -0.04422934 0.15149861
v 0.02646130 -0.03722847 -0.14626408
v 0.02646130 -0.02649501 -0.12611041
v 0.02646130 -0.02501821 -0.10595675
v 0.02646130 -0.02478011 -0.08580309
v 0.02646130 -0.02473615 -0.06564943
v 0.02646130 -0.02470874 -0.04549576
v 0.02646130 -0.02468167 -0.02534210
v 0.01066989 -0.02407568 -0.00518844
v 0.02646130 -0.02407568 -0.01386084
v 0.02646130 -0.02427108 0.03511889
v 0.02646130 -0.02407568 0.03387324
v 0.02646130 -0.02486589 0.05527255
v 0.02646130 -0.02743249 0.07542622
v 0.02646130 -0.02407568 0.10265657
v 0.02646130 -0.02407568 0.15194244
v 0.02646130 -0.01638046 -0.12611041
v 0.02646130 -0.00392201 -0.13198311
v 0.02646130 -0.02300095 -0.10595675
v 0.02646130 -0.02352198 -0.08580309
v 0.02646130 -0.02367217 -0.06564943
v 0.02646130 -0.02371771 -0.04549576
v 0.02646130 -0.02375094 -0.02534210
v 0.02646130 -0.02395900 0.03511889
v 0.02646130 -0.02355822 0.05527255
v 0.02646130 -0.02197867 0.07542622
v 0.02646130 -0.00392201 0.09459829
v 0.02646130 -0.00392201 0.09682854
v 0.02646130 -0.00392201 0.15218910
v 0.02646130 0.01623165 -0.14004458
v 0.02646130 0.01518449 0.03511889
v 0.02646130 0.01623165 0.03011462
v 0.02646130 0.01469326 0.05527255
v 0.02646130 0.01307649 0.07542622
v 0.02646130 0.01623165 0.10098088
v 0.02646130 0.01623165 0.15203151
v 0.00806981 0.03638531 -0.26718606
v 0.01390831 0.03638531 -0.24703239
v 0.02173964 0.03638531 -0.22687873
v 0.02646130 0.03506271 -0.20672507
v 0.02646130 0.03638531 -0.21645415
v 0.02646130 0.03334762 -0.18657140
v 0.02646130 0.03229714 -0.16641774
v 0.02646130 0.03165108 -0.14626408
v 0.02646130 0.03009639 0.03511889
v 0.02646130 0.03033900 0.05527255
v 0.02646130 0.03092544 0.07542622
v 0.02646130 0.03638531 0.08895737
v 0.02646130 0.03638531 0.09834299
v 0.02646130 0.03638531 0.15170886
v 0.01944043 0.05653898 -0.30749338
v 0.02345198 0.05653898 -0.28733972
v 0.02646130 0.05161167 -0.26718606
v 0.02646130 0.05653898 -0.27904523
v 0.02646130 0.04315067 -0.24703239
v 0.02646130 0.03799955 -0.22687873
v 0.02646130 0.05653898 0.09476282
v 0.02196411 0.05653898 0.11573354
v 0.02646130 0.05036924 0.11573354
v 0.02646130 0.05653898 0.11695957
v 0.02646130 0.05653898 0.15114074
v 0.01503618 0.07669264 -0.44856903
v 0.02646130 0.07362546 -0.44856903
v 0.02646130 0.07535563 -0.46872269
v 0.02147551 0.07669264 -0.46872269
v 0.00863037 0.07669264 -0.42841536
v 0.02646130 0.07190330 -0.42841536
v 0.02646130 0.07018518 -0.40826170
v 0.02646130 0.06846902 -0.38810804
v 0.02646130 0.06675366 -0.36795437
v 0.02646130 0.06503875 -0.34780071
v 0.02646130 0.06332409 -0.32764705
v 0.02646130 0.06160967 -0.30749338
v 0.02646130 0.05989543 -0.28733972
v 0.02646130 0.06008480 0.09557988
v 0.00812437 0.07669264 0.11573354
v 0.02646130 0.07669264 0.10246514
v 0.02646130 0.07669264 0.11751027
v 0.02646130 0.07669264 0.15006410
v 0.02646130 0.09684630 0.11217689
v 0.02646130 0.09684630 0.11681322
v 0.02646130 0.09684630 0.14748195
v 0.02646130 0.10547743 0.11573354
v 0.02646130 0.11602956 0.13588721
v 0.02646130 0.11699997 0.12780579
v 0.02646130 0.13715363 0.12744871
v 0.02646130 0.15730729 0.13446023
v 0.02646130 0.16147417 0.13588721
v 0.02646130 0.17746096 0.14133084
v 0.02646130 0.19761462 0.14815327
v 0.02646130 0.21776828 0.15495714
v 0.02646130 0.22098140 0.15604087
v 0.02646130 0.23792195 0.16175098
v 0.02646130 0.25807561 0.16854207
v 0.02646130 0.27822927 0.17533228
v 0.02646130 0.28078855 0.17619453
v 0.02646130 0.29838294 0.18212086
v 0.02646130 0.31853660 0.18890917
v 0.02646130 0.33869026 0.19569729
v 0.02646130 0.34062280 0.19634820
v 0.02646130 0.35884393 0.20248455
v 0.02646130 0.37899759 0.20927167
v 0.02646130 0.39915125 0.21605878
v 0.02646130 0.40046694 0.21650186
v 0.02646130 0.41930492 0.22284530
v 0.02646130 0.43945858 0.22963180
v 0.02646130 0.45961224 0.23641827
v 0.02646130 0.46031680 0.23665552
v 0.02646130 0.47976590 0.24320440
v 0.04661496 -0.22582292 0.13588721
v 0.04661496 -0.22561231 0.13583757
v 0.04661496 -0.22561231 0.13593716
v 0.04661496 -0.20545864 0.13174647
v 0.04661496 -0.20545864 0.14004115
v 0.04661496 -0.18530498 0.12863682
v 0.04661496 -0.18530498 0.14313785
v 0.04661496 -0.16515132 0.12620159
v 0.04661496 -0.16515132 0.14554042
v 0.04661496 -0.14499765 0.12425973
v 0.04661496 -0.14499765 0.14743144
v 0.04039982 -0.12484399 -0.12611041
v 0.04661496 -0.12493860 -0.12611041
v 0.04661496 -0.12484399 -0.12684751
v 0.03499461 -0.12484399 -0.10595675
v 0.04661496 -0.12541376 -0.10595675
v 0.04661496 -0.12543986 -0.08580309
v 0.04661496 -0.12541793 -0.06564943
v 0.04661496 -0.12539312 -0.04549576
v 0.04466596 -0.12484399 -0.02534210
v 0.04661496 -0.12507188 -0.02534210
v 0.04331560 -0.12484399 -0.00518844
v 0.04661496 -0.12484399 -0.01139106
v 0.04661496 -0.12536620 0.01496523
v 0.04661496 -0.12484399 -0.00190138
v 0.04661496 -0.12537372 0.03511889
v 0.04661496 -0.12536104 0.05527255
v 0.04661496 -0.12534708 0.07542622
v 0.04661496 -0.12533101 0.09557988
v 0.04661496 -0.12530799 0.11573354
v 0.04661496 -0.12484399 0.14881174
v 0.04661496 -0.11775210 -0.14626408
v 0.04661496 -0.10469033 -0.15412947
v 0.04661496 -0.12475639 -0.00518844
v 0.03962979 -0.10469033 0.09557988
v 0.04661496 -0.12001648 0.09557988
v 0.04661496 -0.10469033 0.09243922
v 0.04661496 -0.12407713 0.11573354
v 0.04661496 -0.10469033 0.12069702
v 0.04661496 -0.10469033 0.14978717
v 0.04661496 -0.08453666 -0.15143087
v 0.04661496 -0.08453666 0.09232704
v 0.04661496 -0.08453666 0.12012298
v 0.04661496 -0.08453666 0.15046755
v 0.04661496 -0.06438300 -0.15179214
v 0.04661496 -0.06438300 0.09196577
v 0.03340188 -0.06438300 0.11573354
v 0.04661496 -0.06438300 0.11860196
v 0.04661496 -0.06438300 0.15106584
v 0.04661496 -0.04422934 -0.15193057
v 0.04661496 -0.04422934 0.09152649
v 0.04082871 -0.04422934 0.11573354
v 0.04661496 -0.04422934 0.11709515
v 0.04661496 -0.04422934 0.15158091
v 0.04661496 -0.03743312 -0.14626408
v 0.04661496 -0.02824803 -0.12611041
v 0.04661496 -0.02601877 -0.10595675
v 0.04661496 -0.02512691 -0.08580309
v 0.04661496 -0.02473965 -0.06564943
v 0.04661496 -0.02466781 -0.04549576
v 0.04661496 -0.02460827 -0.02534210
v 0.03532737 -0.02407568 -0.00518844
v 0.04661496 -0.02459061 -0.00518844
v 0.04661496 -0.02407568 -0.00076941
v 0.03316118 -0.02407568 0.03511889
v 0.04661496 -0.02489935 0.05527255
v 0.04661496 -0.02407568 0.04277956
v 0.04661496 -0.02760767 0.07542622
v 0.04661496 -0.02483758 0.11573354
v 0.04661496 -0.02407568 0.11533747
v 0.04661496 -0.02407568 0.15201090
v 0.04661496 -0.01336952 -0.12611041
v 0.04661496 -0.00392201 -0.13310252
v 0.04661496 -0.02185357 -0.10595675
v 0.04661496 -0.02326501 -0.08580309
v 0.04661496 -0.02365455 -0.06564943
v 0.04661496 -0.02369903 -0.04549576
v 0.04661496 -0.02373363 -0.02534210
v 0.04661496 -0.02376207 -0.00518844
v 0.04661496 -0.02353502 0.05527255
v 0.04661496 -0.02183227 0.07542622
v 0.04661496 -0.00392201 0.09424655
v 0.04661496 -0.00392201 0.10167621
v 0.04661496 -0.00392201 0.15234581
v 0.04661496 0.01623165 -0.13881214
v 0.04661496 0.01547025 0.03511889
v 0.04661496 0.01623165 0.02944593
v 0.04661496 0.01506855 0.05527255
v 0.04661496 0.01354149 0.07542622
v 0.04661496 0.01623165 0.11332207
v 0.04661496 0.01623165 0.15238286
v 0.02925154 0.03638531 -0.20672507
v 0.03506892 0.03638531 -0.18657140
v 0.04289356 0.03638531 -0.16641774
v 0.04661496 0.03509750 -0.14626408
v 0.04661496 0.03638531 -0.15778043
v 0.04661496 0.02872256 0.03511889
v 0.04661496 0.02911100 0.05527255
v 0.04661496 0.03018879 0.07542622
v 0.04661496 0.03638531 0.08863569
v 0.03624700 0.03638531 0.11573354
v 0.04661496 0.01828024 0.11573354
v 0.04661496 0.03638531 0.11762321
v 0.04661496 0.03638531 0.15218241
v 0.04534169 0.05653898 -0.30749338
v 0.04661496 0.05619702 -0.30749338
v 0.04661496 0.05653898 -0.31151466
v 0.03896076 0.05653898 -0.28733972
v 0.04661496 0.05448365 -0.28733972
v 0.04661496 0.05277065 -0.26718606
v 0.04661496 0.05105814 -0.24703239
v 0.04661496 0.04934610 -0.22687873
v 0.04661496 0.04721735 -0.20672507
v 0.04661496 0.04132065 -0.18657140
v 0.04661496 0.03745020 -0.16641774
v 0.04661496 0.05653898 0.09460466
v 0.04661496 0.05653898 0.11733742
v 0.04661496 0.05653898 0.15181496
v 0.04661496 0.06822077 -0.44856903
v 0.04661496 0.06996252 -0.46872269
v 0.04661496 0.06649291 -0.42841536
v 0.04661496 0.06477232 -0.40826170
v 0.04661496 0.06305531 -0.38810804
v 0.04661496 0.06133989 -0.36795437
v 0.04661496 0.05962527 -0.34780071
v 0.04661496 0.05791098 -0.32764705
v 0.04661496 0.05965123 0.09557988
v 0.04661496 0.07669264 0.10488148
v 0.04661496 0.07669264 0.11693786
v 0.04661496 0.07669264 0.15115426
v 0.04661496 0.09684630 0.11386570
v 0.04661496 0.09684630 0.11610967
v 0.04661496 0.09684630 0.14978769
v 0.04661496 0.10158481 0.11573354
v 0.02814346 0.11699997 0.13588721
v 0.04661496 0.11699997 0.14560857
v 0.04661496 0.13343791 0.13588721
v 0.04661496 0.13715363 0.12862685
v 0.04661496 0.15730729 0.13557088
v 0.04661496 0.15823521 0.13588721
v 0.04661496 0.17746096 0.14241274
v 0.04661496 0.19761462 0.14922554
v 0.04661496 0.21776828 0.15602680
v 0.04661496 0.21781001 0.15604087
v 0.04661496 0.23792195 0.16281983
v 0.04661496 0.25807561 0.16961163
v 0.04269302 0.27822927 0.17619453
v 0.04661496 0.27761090 0.17619453
v 0.04661496 0.27822927 0.17640284
v 0.04661496 0.29838294 0.18319184
v 0.04661496 0.31853660 0.18998075
v 0.03869555 0.33869026 0.19634820
v 0.04661496 0.33743932 0.19634820
v 0.04661496 0.33869026 0.19676951
v 0.04661496 0.35884393 0.20355707
v 0.04661496 0.37899759 0.21034457
v 0.03478162 0.39915125 0.21650186
v 0.04661496 0.39728008 0.21650186
v 0.04661496 0.39915125 0.21713198
v 0.04661496 0.41930492 0.22391872
v 0.04661496 0.43945858 0.23070547
v 0.03091408 0.45961224 0.23665552
v 0.04661496 0.45712788 0.23665552
v 0.04661496 0.45961224 0.23749207
v 0.04661496 0.47976590 0.24427833
v 0.04688267 -0.22561231 0.13588721
v 0.06676863 -0.20953129 0.13588721
v 0.06676863 -0.20545864 0.13489518
v 0.06676863 -0.20545864 0.13688266
v 0.06676863 -0.18530498 0.13086027
v 0.06676863 -0.18530498 0.14091115
v 0.06676863 -0.16515132 0.12804995
v 0.06676863 -0.16515132 0.14368564
v 0.06676863 -0.14499765 0.12598494
v 0.06676863 -0.14499765 0.14568895
v 0.06676863 -0.12500912 -0.12611041
v 0.06676863 -0.12484399 -0.12739531
v 0.06676863 -0.12544614 -0.10595675
v 0.06676863 -0.12546276 -0.08580309
v 0.06676863 -0.12543956 -0.06564943
v 0.06676863 -0.12541422 -0.04549576
v 0.06676863 -0.12538829 -0.02534210
v 0.04998678 -0.12484399 -0.00518844
v 0.06676863 -0.12536174 -0.00518844
v 0.06676863 -0.12533412 0.01496523
v 0.06676863 -0.12533783 0.03511889
v 0.06676863 -0.12533380 0.05527255
v 0.06676863 -0.12531910 0.07542622
v 0.06676863 -0.12530297 0.09557988
v 0.04802699 -0.12484399 0.11573354
v 0.06676863 -0.12484399 0.09693905
v 0.06676863 -0.12484399 0.11999604
v 0.06676863 -0.12484399 0.14733064
v 0.06676863 -0.11443875 -0.14626408
v 0.06676863 -0.10469033 -0.15101438
v 0.06676863 -0.12022531 0.09557988
v 0.06676863 -0.10469033 0.09259717
v 0.06676863 -0.10469033 0.12178828
v 0.06676863 -0.10469033 0.14869429
v 0.06676863 -0.08453666 -0.15141517
v 0.06676863 -0.08453666 0.09234275
v 0.06676863 -0.08453666 0.12127592
v 0.06676863 -0.08453666 0.14982731
v 0.06676863 -0.06438300 -0.15177638
v 0.06676863 -0.06438300 0.09198147
v 0.06676863 -0.06438300 0.12036780
v 0.06676863 -0.06438300 0.15076326
v 0.06676863 -0.04422934 -0.15163771
v 0.06676863 -0.04422934 0.09152105
v 0.06676863 -0.04422934 0.11941035
v 0.06676863 -0.04422934 0.15153055
v 0.06676863 -0.03877234 -0.14626408
v 0.06676863 -0.03158590 -0.12611041
v 0.06676863 -0.02933810 -0.10595675
v 0.06676863 -0.02843401 -0.08580309
v 0.06676863 -0.02772778 -0.06564943
v 0.06676863 -0.02609669 -0.04549576
v 0.06676863 -0.02486882 -0.02534210
v 0.06676863 -0.02463121 -0.00518844
v 0.06091194 -0.02407568 0.01496523
v 0.06676863 -0.02486807 0.01496523
v 0.05485134 -0.02407568 0.03511889
v 0.06676863 -0.02463802 0.03511889
v 0.06676863 -0.02493609 0.05527255
v 0.06676863 -0.02778510 0.07542622
v 0.04694514 -0.02407568 0.11573354
v 0.06676863 -0.02407568 0.11866311
v 0.06676863 -0.02407568 0.15207344
v 0.06676863 -0.01027920 -0.12611041
v 0.06676863 -0.00392201 -0.13418155
v 0.06676863 -0.01877732 -0.10595675
v 0.06676863 -0.02079011 -0.08580309
v 0.06676863 -0.02155247 -0.06564943
v 0.06676863 -0.02244418 -0.04549576
v 0.06676863 -0.02345037 -0.02534210
v 0.06676863 -0.02366604 -0.00518844
v 0.06676863 -0.02354197 0.01496523
v 0.06676863 -0.02370651 0.03511889
v 0.06676863 -0.02349959 0.05527255
v 0.06676863 -0.02166714 0.07542622
v 0.06676863 -0.00392201 0.09385557
v 0.05255903 -0.00392201 0.11573354
v 0.06676863 -0.00392201 0.11809395
v 0.06676863 -0.00392201 0.15241597
v 0.06676863 0.01623165 -0.13911115
v 0.06668041 0.01623165 -0.00518844
v 0.06676863 0.01621105 -0.00518844
v 0.06676863 0.01623165 -0.00536410
v 0.06282691 0.01623165 0.01496523
v 0.06676863 0.01574429 0.01496523
v 0.06676863 0.01572791 0.03511889
v 0.06676863 0.01544599 0.05527255
v 0.06676863 0.01410206 0.07542622
v 0.04824855 0.01623165 0.11573354
v 0.06676863 0.01623165 0.11762004
v 0.06676863 0.01623165 0.15264526
v 0.06098280 0.03638531 -0.14626408
v 0.06676863 0.03638531 -0.13777406
v 0.06676863 0.01683155 -0.00518844
v 0.06676863 0.02458644 0.01496523
v 0.06676863 0.02459165 0.03511889
v 0.06676863 0.02694651 0.05527255
v 0.06676863 0.02918511 0.07542622
v 0.06676863 0.03638531 0.08789996
v 0.06676863 0.03638531 0.11732457
v 0.06676863 0.03638531 0.15254523
v 0.06449112 0.05653898 -0.36795437
v 0.06676863 0.05592732 -0.36795437
v 0.06676863 0.05653898 -0.37513967
v 0.05810758 0.05653898 -0.34780071
v 0.06676863 0.05421313 -0.34780071
v 0.05172469 0.05653898 -0.32764705
v 0.06676863 0.05249965 -0.32764705
v 0.06676863 0.05078671 -0.30749338
v 0.06676863 0.04907424 -0.28733972
v 0.06676863 0.04736223 -0.26718606
v 0.06676863 0.04565076 -0.24703239
v 0.06676863 0.04393995 -0.22687873
v 0.06676863 0.04222984 -0.20672507
v 0.06676863 0.04052042 -0.18657140
v 0.06676863 0.03881185 -0.16641774
v 0.06676863 0.03710413 -0.14626408
v 0.05947336 0.05653898 0.09557988
v 0.06676863 0.05348453 0.09557988
v 0.06676863 0.05653898 0.09659021
v 0.06676863 0.05653898 0.11700824
v 0.06676863 0.05653898 0.15231394
v 0.06676863 0.06282570 -0.44856903
v 0.06676863 0.06458778 -0.46872269
v 0.06676863 0.06108743 -0.42841536
v 0.06676863 0.05936203 -0.40826170
v 0.06676863 0.05764306 -0.38810804
v 0.06676863 0.07669264 0.10696331
v 0.06676863 0.07669264 0.11657714
v 0.06676863 0.07669264 0.15190131
v 0.06676863 0.09684630 0.11537473
v 0.06676863 0.09684630 0.11578870
v 0.06676863 0.09684630 0.15111880
v 0.06676863 0.09779058 0.11573354
v 0.06676863 0.11699997 0.14924397
v 0.05778581 0.13715363 0.13588721
v 0.06676863 0.13715363 0.13953391
v 0.05246243 0.15730729 0.13588721
v 0.06676863 0.15730729 0.13665831
v 0.06676863 0.17746096 0.14348434
v 0.06676863 0.19761462 0.15029252
v 0.04688088 0.21776828 0.15604087
v 0.06676863 0.21464799 0.15604087
v 0.06676863 0.21776828 0.15709295
v 0.06676863 0.23792195 0.16388679
v 0.06676863 0.25807561 0.17067989
v 0.06676863 0.27443727 0.17619453
v 0.06676863 0.27822927 0.17747211
v 0.06676863 0.29838294 0.18426202
v 0.06676863 0.31853660 0.19105174
v 0.06676863 0.33425802 0.19634820
v 0.06676863 0.33869026 0.19784106
v 0.06676863 0.35884393 0.20462913
v 0.06676863 0.37899759 0.21141710
v 0.06676863 0.39409441 0.21650186
v 0.06676863 0.39915125 0.21820484
v 0.06676863 0.41930492 0.22499184
v 0.06676863 0.43945858 0.23177879
v 0.06676863 0.45393982 0.23665552
v 0.06676863 0.45961224 0.23856564
v 0.06676863 0.47976590 0.24535210
v 0.07095951 -0.20545864 0.13588721
v 0.08653295 -0.18530498 0.13588721
v 0.08692229 -0.18464088 0.13588721
v 0.08692229 -0.16515132 0.13226086
v 0.08692229 -0.16515132 0.13948374
v 0.08692229 -0.14499765 0.12925663
v 0.08692229 -0.14499765 0.14241355
v 0.08692229 -0.12508025 -0.12611041
v 0.08692229 -0.12484399 -0.12794848
v 0.08692229 -0.12547866 -0.10595675
v 0.08692229 -0.12548676 -0.08580309
v 0.08692229 -0.12546248 -0.06564943
v 0.08692229 -0.12543662 -0.04549576
v 0.08692229 -0.12541013 -0.02534210
v 0.08692229 -0.12538300 -0.00518844
v 0.08692229 -0.12535384 0.01496523
v 0.08692229 -0.12529252 0.03511889
v 0.08692229 -0.12529807 0.05527255
v 0.08692229 -0.12528887 0.07542622
v 0.06896471 -0.12484399 0.09557988
v 0.08692229 -0.12484399 0.07750941
v 0.08692229 -0.12484399 0.12620053
v 0.08692229 -0.12484399 0.14476609
v 0.08692229 -0.11472040 -0.14626408
v 0.08692229 -0.10469033 -0.15100934
v 0.08692229 -0.10469033 0.08709849
v 0.08692229 -0.10469033 0.12447551
v 0.08692229 -0.10469033 0.14667344
v 0.08692229 -0.08453666 -0.15139943
v 0.08692229 -0.08453666 0.08751288
v 0.08692229 -0.08453666 0.12295659
v 0.08692229 -0.08453666 0.14822145
v 0.08692229 -0.06438300 -0.15176043
v 0.08692229 -0.06438300 0.08785049
v 0.08692229 -0.06438300 0.12146736
v 0.08692229 -0.06438300 0.14947322
v 0.08692229 -0.04422934 -0.15101433
v 0.08692229 -0.04422934 0.08800257
v 0.08692229 -0.04422934 0.12021272
v 0.08692229 -0.04422934 0.15048124
v 0.08692229 -0.03900283 -0.14626408
v 0.08692229 -0.03179195 -0.12611041
v 0.08692229 -0.03023963 -0.10595675
v 0.08692229 -0.02975404 -0.08580309
v 0.08692229 -0.02929983 -0.06564943
v 0.08692229 -0.02575275 -0.04549576
v 0.08692229 -0.02466000 -0.02534210
v 0.08692229 -0.02451823 -0.00518844
v 0.08692229 -0.02517718 0.01496523
v 0.08692229 -0.02699613 0.03511889
v 0.08692229 -0.02807616 0.05527255
v 0.08692229 -0.03212330 0.07542622
v 0.08692229 -0.02407568 0.11917037
v 0.08692229 -0.02407568 0.15129160
v 0.08692229 -0.01010010 -0.12611041
v 0.08692229 -0.00392201 -0.13420327
v 0.08692229 -0.01786896 -0.10595675
v 0.08692229 -0.01925117 -0.08580309
v 0.08692229 -0.01987042 -0.06564943
v 0.08692229 -0.02223144 -0.04549576
v 0.08692229 -0.02345565 -0.02534210
v 0.08692229 -0.02364386 -0.00518844
v 0.08692229 -0.02309960 0.01496523
v 0.08692229 -0.02189875 0.03511889
v 0.08692229 -0.02132838 0.05527255
v 0.08692229 -0.01926985 0.07542622
v 0.08692229 -0.00392201 0.09308693
v 0.08692229 -0.00392201 0.11831876
v 0.08692229 -0.00392201 0.15194301
v 0.08692229 0.01623165 -0.13873299
v 0.08517095 0.01623165 -0.04549576
v 0.08692229 0.01557188 -0.04549576
v 0.08692229 0.01623165 -0.05052176
v 0.08437810 0.01623165 -0.02534210
v 0.08692229 0.01576131 -0.02534210
v 0.08692229 0.01590876 -0.00518844
v 0.08692229 0.01600400 0.01496523
v 0.08692229 0.01600786 0.03511889
v 0.08692229 0.01579622 0.05527255
v 0.08692229 0.01461104 0.07542622
v 0.08692229 0.01623165 0.11763298
v 0.08692229 0.01623165 0.15246061
v 0.08220355 0.03638531 -0.18657140
v 0.08692229 0.03512120 -0.18657140
v 0.08692229 0.03638531 -0.20149969
v 0.07583162 0.03638531 -0.16641774
v 0.08692229 0.03341606 -0.16641774
v 0.06945539 0.03638531 -0.14626408
v 0.08692229 0.03171253 -0.14626408
v 0.08692229 0.02325789 -0.04549576
v 0.08692229 0.02164473 -0.02534210
v 0.08692229 0.02018342 -0.00518844
v 0.08692229 0.01911378 0.01496523
v 0.08692229 0.01901446 0.03511889
v 0.08692229 0.02128033 0.05527255
v 0.08692229 0.02814353 0.07542622
v 0.08692229 0.03638531 0.08615148
v 0.08692229 0.03638531 0.11714174
v 0.08692229 0.03638531 0.15272447
v 0.08375488 0.05653898 -0.42841536
v 0.08692229 0.05569070 -0.42841536
v 0.08692229 0.05653898 -0.43815310
v 0.07729444 0.05653898 -0.40826170
v 0.08692229 0.05395660 -0.40826170
v 0.07088247 0.05653898 -0.38810804
v 0.08692229 0.05223410 -0.38810804
v 0.08692229 0.05051727 -0.36795437
v 0.08692229 0.04880319 -0.34780071
v 0.08692229 0.04709040 -0.32764705
v 0.08692229 0.04537837 -0.30749338
v 0.08692229 0.04366697 -0.28733972
v 0.08692229 0.04195615 -0.26718606
v 0.08692229 0.04024606 -0.24703239
v 0.08692229 0.03853666 -0.22687873
v 0.08692229 0.03682799 -0.20672507
v 0.08692229 0.04928370 0.09557988
v 0.08692229 0.05653898 0.09928533
v 0.08692229 0.05653898 0.11676383
v 0.08692229 0.05653898 0.15269695
v 0.08692229 0.05744722 -0.44856903
v 0.08692229 0.05924430 -0.46872269
v 0.08692229 0.07669264 0.10876872
v 0.08692229 0.07669264 0.11633080
v 0.08692229 0.07669264 0.15244515
v 0.07201771 0.09684630 0.11573354
v 0.08692229 0.09422216 0.11573354
v 0.08692229 0.09684630 0.15198639
v 0.08692229 0.11699997 0.15102849
v 0.08692229 0.13715363 0.14804425
v 0.08692229 0.15730729 0.13772892
v 0.08692229 0.17746096 0.14454739
v 0.08692229 0.19761462 0.15135486
v 0.08692229 0.21149585 0.15604087
v 0.08692229 0.21776828 0.15815611
v 0.08692229 0.23792195 0.16495170
v 0.08692229 0.25807561 0.17174668
v 0.08692229 0.27126839 0.17619453
v 0.08692229 0.27822927 0.17854014
v 0.08692229 0.29838294 0.18533113
v 0.08692229 0.31853660 0.19212195
v 0.08692229 0.33107946 0.19634820
v 0.08692229 0.33869026 0.19891190
v 0.08692229 0.35884393 0.20570062
v 0.08692229 0.37899759 0.21248920
v 0.08692229 0.39091036 0.21650186
v 0.08692229 0.39915125 0.21927726
v 0.08692229 0.41930492 0.22606464
v 0.08692229 0.43945858 0.23285198
v 0.08692229 0.45075249 0.23665552
v 0.08692229 0.45961224 0.23963903
v 0.08692229 0.47976590 0.24642563
v 0.09663171 -0.16515132 0.13588721
v 0.10583475 -0.14499765 0.13588721
v 0.10707595 -0.12515194 -0.12611041
v 0.10707595 -0.12484399 -0.12850840
v 0.10707595 -0.12551149 -0.10595675
v 0.10707595 -0.12551201 -0.08580309
v 0.10707595 -0.12548684 -0.06564943
v 0.10707595 -0.12546043 -0.04549576
v 0.10707595 -0.12543338 -0.02534210
v 0.10707595 -0.12540560 -0.00518844
v 0.10707595 -0.12537312 0.01496523
v 0.10707595 -0.12526438 0.03511889
v 0.10707595 -0.12521637 0.05527255
v 0.09238172 -0.12484399 0.07542622
v 0.10707595 -0.12484399 0.05994709
v 0.10707595 -0.14210406 0.13588721
v 0.10707595 -0.12484399 0.12880731
v 0.10707595 -0.12484399 0.13946207
v 0.10707595 -0.11501602 -0.14626408
v 0.10707595 -0.10469033 -0.15100200
v 0.10707595 -0.11607966 0.07542622
v 0.10707595 -0.10469033 0.07857282
v 0.10707595 -0.10469033 0.12370402
v 0.10707595 -0.10469033 0.14270328
v 0.10707595 -0.08453666 -0.15138365
v 0.10707595 -0.08453666 0.07895855
v 0.10707595 -0.08453666 0.12113745
v 0.10707595 -0.08453666 0.14520344
v 0.10707595 -0.06438300 -0.15174385
v 0.10707595 -0.06438300 0.07929611
v 0.10707595 -0.06438300 0.11982513
v 0.10707595 -0.06438300 0.14714074
v 0.10707595 -0.04422934 -0.14980653
v 0.10707595 -0.04422934 0.07954321
v 0.10707595 -0.04422934 0.11905543
v 0.10707595 -0.04422934 0.14864675
v 0.10707595 -0.04003039 -0.14626408
v 0.10707595 -0.03256859 -0.12611041
v 0.10707595 -0.03115807 -0.10595675
v 0.10707595 -0.03057720 -0.08580309
v 0.10707595 -0.02850526 -0.06564943
v 0.10707595 -0.02547925 -0.04549576
v 0.10707595 -0.02451735 -0.02534210
v 0.10707595 -0.02452855 -0.00518844
v 0.10707595 -0.02590885 0.01496523
v 0.10707595 -0.02785247 0.03511889
v 0.10707595 -0.02994545 0.05527255
v 0.10707595 -0.03847119 0.07542622
v 0.10707595 -0.02407568 0.11853856
v 0.10707595 -0.02407568 0.14982411
v 0.10260657 -0.00392201 -0.12611041
v 0.10707595 -0.01402830 -0.10595675
v 0.10707595 -0.00392201 -0.12357031
v 0.10707595 -0.01656634 -0.08580309
v 0.10707595 -0.01793783 -0.06564943
v 0.10707595 -0.02152966 -0.04549576
v 0.10707595 -0.02332072 -0.02534210
v 0.10707595 -0.02346496 -0.00518844
v 0.10707595 -0.02248161 0.01496523
v 0.10707595 -0.02049662 0.03511889
v 0.10707595 -0.01925504 0.05527255
v 0.10707595 -0.01675146 0.07542622
v 0.10707595 -0.00392201 0.08958348
v 0.10707595 -0.00392201 0.11816529
v 0.10707595 -0.00392201 0.15075202
v 0.10215245 0.01623165 -0.12611041
v 0.10520159 0.01623165 -0.10595675
v 0.10707595 0.01373217 -0.10595675
v 0.10535507 0.01623165 -0.08580309
v 0.10707595 0.01499119 -0.08580309
v 0.10433428 0.01623165 -0.06564943
v 0.10707595 0.01558127 -0.06564943
v 0.10707595 0.01595766 -0.04549576
v 0.10707595 0.01622517 -0.02534210
v 0.10169532 0.01623165 -0.00518844
v 0.10707595 0.01623165 -0.02473223
v 0.09757486 0.01623165 0.01496523
v 0.09698215 0.01623165 0.03511889
v 0.10462560 0.01623165 0.05527255
v 0.10707595 0.01480555 0.07542622
v 0.10707595 0.01623165 0.05738628
v 0.10707595 0.01623165 0.11789186
v 0.10707595 0.01623165 0.15148622
v 0.10132839 0.03638531 -0.24703239
v 0.10707595 0.03484507 -0.24703239
v 0.10707595 0.03638531 -0.26521121
v 0.09495431 0.03638531 -0.22687873
v 0.10707595 0.03313876 -0.22687873
v 0.08857612 0.03638531 -0.20672507
v 0.10707595 0.03143389 -0.20672507
v 0.10707595 0.02973059 -0.18657140
v 0.10707595 0.02802916 -0.16641774
v 0.10707595 0.02632977 -0.14626408
v 0.10707595 0.02463279 -0.12611041
v 0.10707595 0.02293865 -0.10595675
v 0.10707595 0.02124815 -0.08580309
v 0.10707595 0.01956429 -0.06564943
v 0.10707595 0.01789698 -0.04549576
v 0.10707595 0.01627638 -0.02534210
v 0.10707595 0.02359585 0.07542622
v 0.10707595 0.03638531 0.08900320
v 0.10707595 0.03638531 0.11736657
v 0.10707595 0.03638531 0.15204055
v 0.09034807 0.05653898 -0.44856903
v 0.10707595 0.05210128 -0.44856903
v 0.10707595 0.05395749 -0.46872269
v 0.09724094 0.05653898 -0.46872269
v 0.10707595 0.05031165 -0.42841536
v 0.10707595 0.04856038 -0.40826170
v 0.10707595 0.04682997 -0.38810804
v 0.10707595 0.04511019 -0.36795437
v 0.10707595 0.04339561 -0.34780071
v 0.10707595 0.04168333 -0.32764705
v 0.10707595 0.03997234 -0.30749338
v 0.10707595 0.03826215 -0.28733972
v 0.10707595 0.03655270 -0.26718606
v 0.10707595 0.04539816 0.09557988
v 0.10707595 0.05653898 0.10155912
v 0.10707595 0.05653898 0.11686121
v 0.10707595 0.05653898 0.15212356
v 0.10707595 0.07669264 0.11034702
v 0.10707595 0.07669264 0.11627465
v 0.10707595 0.07669264 0.15209715
v 0.10707595 0.09077756 0.11573354
v 0.10707595 0.09684630 0.15199701
v 0.10707595 0.11699997 0.15179418
v 0.10707595 0.13715363 0.15084661
v 0.10707595 0.15730729 0.14382956
v 0.10707595 0.17746096 0.14560274
v 0.10707595 0.19761462 0.15241263
v 0.10707595 0.20835590 0.15604087
v 0.10707595 0.21776828 0.15921609
v 0.10707595 0.23792195 0.16601414
v 0.10707595 0.25807561 0.17281170
v 0.10707595 0.26810573 0.17619453
v 0.10707595 0.27822927 0.17960660
v 0.10707595 0.29838294 0.18639905
v 0.10707595 0.31853660 0.19319122
v 0.10707595 0.32790422 0.19634820
v 0.10707595 0.33869026 0.19998192
v 0.10707595 0.35884393 0.20677142
v 0.10707595 0.37899759 0.21356077
v 0.10707595 0.38772810 0.21650186
v 0.10707595 0.39915125 0.22034927
v 0.10707595 0.41930492 0.22713710
v 0.10707595 0.43945858 0.23392486
v 0.10707595 0.44756630 0.23665552
v 0.10707595 0.45961224 0.24071211
v 0.10707595 0.47976590 0.24749892
v 0.12718462 -0.14499765 0.11573354
v 0.12722962 -0.14507786 0.11573354
v 0.12722962 -0.14499765 0.11570893
v 0.12722962 -0.14499765 0.11577434
v 0.12722962 -0.12522407 -0.12611041
v 0.12722962 -0.12484399 -0.12907669
v 0.12722962 -0.12554477 -0.10595675
v 0.12722962 -0.12553872 -0.08580309
v 0.12722962 -0.12551275 -0.06564943
v 0.12722962 -0.12548579 -0.04549576
v 0.12722962 -0.12545816 -0.02534210
v 0.12722962 -0.12542959 -0.00518844
v 0.12722962 -0.12538885 0.01496523
v 0.12722962 -0.12516961 0.03511889
v 0.12722962 -0.12499754 0.05527255
v 0.12722962 -0.12484399 0.05583451
v 0.11937621 -0.12484399 0.11573354
v 0.12722962 -0.12484399 0.10991001
v 0.11427420 -0.12484399 0.13588721
v 0.12722962 -0.12484399 0.12371035
v 0.12722962 -0.11532750 -0.14626408
v 0.12722962 -0.10469033 -0.15099265
v 0.12392553 -0.10469033 0.07542622
v 0.12722962 -0.10469033 0.07461577
v 0.11549104 -0.10469033 0.11573354
v 0.12722962 -0.10469033 0.10656340
v 0.12215666 -0.10469033 0.13588721
v 0.12722962 -0.10469033 0.13045926
v 0.12722962 -0.08453666 -0.15136780
v 0.12722962 -0.09815632 0.07542622
v 0.12722962 -0.08453666 0.07695261
v 0.11383575 -0.08453666 0.11573354
v 0.12722962 -0.08453666 0.10510424
v 0.12722962 -0.09085746 0.13588721
v 0.12722962 -0.08453666 0.13756316
v 0.12722962 -0.06438300 -0.15172526
v 0.12722962 -0.06438300 0.07875485
v 0.11316076 -0.06438300 0.11573354
v 0.12722962 -0.06438300 0.10415552
v 0.12722962 -0.06438300 0.14171643
v 0.12722962 -0.04422934 -0.14730522
v 0.12722962 -0.04422934 0.07665034
v 0.11282080 -0.04422934 0.11573354
v 0.12722962 -0.04422934 0.10338078
v 0.12722962 -0.04422934 0.14466540
v 0.12722962 -0.04255406 -0.14626408
v 0.12722962 -0.02917964 -0.12611041
v 0.12722962 -0.02813828 -0.10595675
v 0.12722962 -0.02817231 -0.08580309
v 0.12722962 -0.02605568 -0.06564943
v 0.12722962 -0.02527152 -0.04549576
v 0.12722962 -0.02454682 -0.02534210
v 0.12722962 -0.02515397 -0.00518844
v 0.12722962 -0.02676221 0.01496523
v 0.12722962 -0.02906263 0.03511889
v 0.12722962 -0.03153383 0.05527255
v 0.12722962 -0.04247078 0.07542622
v 0.11256076 -0.02407568 0.11573354
v 0.12722962 -0.02407568 0.10220403
v 0.12722962 -0.02407568 0.14681253
v 0.12093824 -0.00392201 -0.10595675
v 0.12372555 -0.00392201 -0.08580309
v 0.12722962 -0.00925149 -0.06564943
v 0.12722962 -0.00392201 -0.07151820
v 0.12722962 -0.01691284 -0.04549576
v 0.12722962 -0.02224262 -0.02534210
v 0.12722962 -0.02240020 -0.00518844
v 0.12722962 -0.01971111 0.01496523
v 0.12722962 -0.01504381 0.03511889
v 0.12722962 -0.01107178 0.05527255
v 0.12375470 -0.00392201 0.07542622
v 0.12722962 -0.00392201 0.06639147
v 0.11231065 -0.00392201 0.11573354
v 0.12722962 -0.00392201 0.10029635
v 0.12722962 -0.00392201 0.14841316
v 0.12596183 0.01623165 -0.08580309
v 0.12722962 0.01581868 -0.08580309
v 0.12722962 0.01623165 -0.08984018
v 0.11965047 0.01623165 -0.06564943
v 0.11337274 0.01623165 -0.04549576
v 0.10724522 0.01623165 -0.02534210
v 0.12722962 0.01623165 0.07195814
v 0.11206082 0.01623165 0.11573354
v 0.12722962 0.01623165 0.09822274
v 0.12722962 0.01623165 0.14962932
v 0.12683296 0.03638531 -0.32764705
v 0.12722962 0.03627895 -0.32764705
v 0.12722962 0.03638531 -0.32889943
v 0.12045708 0.03638531 -0.30749338
v 0.12722962 0.03456990 -0.30749338
v 0.11408074 0.03638531 -0.28733972
v 0.12722962 0.03286242 -0.28733972
v 0.10770105 0.03638531 -0.26718606
v 0.12722962 0.03115628 -0.26718606
v 0.12722962 0.02945162 -0.24703239
v 0.12722962 0.02774856 -0.22687873
v 0.12722962 0.02604739 -0.20672507
v 0.12722962 0.02434824 -0.18657140
v 0.12722962 0.02265145 -0.16641774
v 0.12722962 0.02095727 -0.14626408
v 0.12722962 0.01926596 -0.12611041
v 0.12722962 0.01757801 -0.10595675
v 0.12722962 0.01791917 0.07542622
v 0.12722962 0.03638531 0.09285662
v 0.11109244 0.03638531 0.11573354
v 0.12722962 0.03638531 0.09602818
v 0.12722962 0.03638531 0.15055243
v 0.12722962 0.04681197 -0.44856903
v 0.12722962 0.04877327 -0.46872269
v 0.12722962 0.04496276 -0.42841536
v 0.12722962 0.04317989 -0.40826170
v 0.12722962 0.04143412 -0.38810804
v 0.12722962 0.03970778 -0.36795437
v 0.12722962 0.03799110 -0.34780071
v 0.12722962 0.04060405 0.09557988
v 0.10968802 0.05653898 0.11573354
v 0.12722962 0.05653898 0.15095390
v 0.10821032 0.07669264 0.11573354
v 0.12722962 0.07669264 0.15075219
v 0.12722962 0.09684630 0.15026420
v 0.12722962 0.11699997 0.14919998
v 0.12722962 0.13715363 0.14607645
v 0.12722962 0.15730729 0.13983094
v 0.12722962 0.17746096 0.14665039
v 0.12722962 0.19761462 0.15346562
v 0.12722962 0.20523174 0.15604087
v 0.12722962 0.21776828 0.16027214
v 0.12722962 0.23792195 0.16707362
v 0.12722962 0.25807561 0.17387449
v 0.12722962 0.26495126 0.17619453
v 0.12722962 0.27822927 0.18067105
v 0.12722962 0.29838294 0.18746537
v 0.12722962 0.31853660 0.19425935
v 0.12722962 0.32473322 0.19634820
v 0.12722962 0.33869026 0.20105089
v 0.12722962 0.35884393 0.20784137
v 0.12722962 0.37899759 0.21463166
v 0.12722962 0.38454841 0.21650186
v 0.12722962 0.39915125 0.22142065
v 0.12722962 0.41930492 0.22820907
v 0.12722962 0.43945858 0.23499733
v 0.12722962 0.44438164 0.23665552
v 0.12722962 0.45961224 0.24178479
v 0.12722962 0.47976590 0.24857176
v 0.14170336 -0.16515132 0.11573354
v 0.14738328 -0.17160414 0.11573354
v 0.14738328 -0.16515132 0.11374681
v 0.14738328 -0.16515132 0.11772204
v 0.14738328 -0.14499765 0.10907225
v 0.14738328 -0.14499765 0.12235375
v 0.14738328 -0.12529654 -0.12611041
v 0.14738328 -0.12484399 -0.12965548
v 0.14738328 -0.12557870 -0.10595675
v 0.14738328 -0.12556703 -0.08580309
v 0.14738328 -0.12554037 -0.06564943
v 0.14738328 -0.12551285 -0.04549576
v 0.14738328 -0.12548461 -0.02534210
v 0.14738328 -0.12545480 -0.00518844
v 0.14738328 -0.12539263 0.01496523
v 0.14738328 -0.12491905 0.03511889
v 0.13187716 -0.12484399 0.05527255
v 0.14738328 -0.12484399 0.03762785
v 0.14738328 -0.12484399 0.10248280
v 0.14738328 -0.12484399 0.12542606
v 0.14738328 -0.11565687 -0.14626408
v 0.14738328 -0.10469033 -0.15098152
v 0.14738328 -0.12407126 0.05527255
v 0.12877226 -0.10469033 0.07542622
v 0.14738328 -0.11635160 0.07542622
v 0.14738328 -0.10469033 0.08429118
v 0.14738328 -0.10469033 0.09960357
v 0.14738328 -0.10469033 0.12752181
v 0.14738328 -0.08453666 -0.15135183
v 0.14738328 -0.08453666 0.08653669
v 0.14738328 -0.08453666 0.09860400
v 0.12951995 -0.08453666 0.13588721
v 0.14738328 -0.08453666 0.12967035
v 0.14738328 -0.06438300 -0.15170043
v 0.14738328 -0.06438300 0.08873134
v 0.14738328 -0.06438300 0.09785651
v 0.13638611 -0.06438300 0.13588721
v 0.14738328 -0.06438300 0.13169019
v 0.14738328 -0.04422934 -0.15703526
v 0.14738328 -0.04422934 0.09024351
v 0.14738328 -0.04422934 0.09738539
v 0.14277367 -0.04422934 0.13588721
v 0.14738328 -0.04422934 0.13390946
v 0.14738328 -0.03274613 -0.14626408
v 0.14738328 -0.02515254 -0.12611041
v 0.13795816 -0.02407568 -0.10595675
v 0.14738328 -0.02407568 -0.11756433
v 0.13632823 -0.02407568 -0.08580309
v 0.14624658 -0.02407568 -0.06564943
v 0.14738328 -0.02459438 -0.04549576
v 0.14738328 -0.02407568 -0.06338625
v 0.14738328 -0.02438929 -0.02534210
v 0.14738328 -0.02497295 -0.00518844
v 0.14738328 -0.02658170 0.01496523
v 0.14738328 -0.02696448 0.03511889
v 0.14738328 -0.02739999 0.05527255
v 0.14738328 -0.03128824 0.07542622
v 0.14738328 -0.02407568 0.09871791
v 0.14738328 -0.02847220 0.13588721
v 0.14738328 -0.02407568 0.13725156
v 0.14738328 -0.01554430 -0.10595675
v 0.14738328 -0.01264943 -0.08580309
v 0.13409824 -0.00392201 -0.06564943
v 0.14738328 -0.02248039 -0.06564943
v 0.14145720 -0.00392201 -0.04549576
v 0.14377950 -0.00392201 -0.02534210
v 0.14487250 -0.00392201 -0.00518844
v 0.14514006 -0.00392201 0.01496523
v 0.14455046 -0.00392201 0.03511889
v 0.14126268 -0.00392201 0.05527255
v 0.14738328 -0.00392201 0.09760663
v 0.14738328 -0.00392201 0.14181625
v 0.14499881 0.01623165 -0.14626408
v 0.14738328 0.01559762 -0.14626408
v 0.14738328 0.01623165 -0.15384726
v 0.13866454 0.01623165 -0.12611041
v 0.14738328 0.01391855 -0.12611041
v 0.13231718 0.01623165 -0.10595675
v 0.14738328 0.01224559 -0.10595675
v 0.14738328 0.01057990 -0.08580309
v 0.14738328 0.00892401 -0.06564943
v 0.14738328 0.00728536 -0.04549576
v 0.14738328 0.00568777 -0.02534210
v 0.14738328 0.00420463 -0.00518844
v 0.14738328 0.00304420 0.01496523
v 0.14738328 0.00276245 0.03511889
v 0.14738328 0.00479946 0.05527255
v 0.13331555 0.01623165 0.07542622
v 0.14738328 0.01268431 0.07542622
v 0.14738328 0.01623165 0.07965825
v 0.14738328 0.01623165 0.09654879
v 0.14738328 0.01623165 0.14481029
v 0.14613748 0.03638531 -0.38810804
v 0.14738328 0.03605258 -0.38810804
v 0.14738328 0.03638531 -0.39189239
v 0.13964430 0.03638531 -0.36795437
v 0.14738328 0.03431403 -0.36795437
v 0.13322521 0.03638531 -0.34780071
v 0.14738328 0.03259340 -0.34780071
v 0.14738328 0.03088161 -0.32764705
v 0.14738328 0.02917423 -0.30749338
v 0.14738328 0.02746938 -0.28733972
v 0.14738328 0.02576645 -0.26718606
v 0.14738328 0.02406542 -0.24703239
v 0.14738328 0.02236643 -0.22687873
v 0.14738328 0.02066973 -0.20672507
v 0.14738328 0.01897559 -0.18657140
v 0.14738328 0.01728425 -0.16641774
v 0.14546338 0.03638531 0.09557988
v 0.14738328 0.03597659 0.09557988
v 0.14738328 0.03638531 0.14686560
v 0.14738328 0.04162008 -0.44856903
v 0.14738328 0.04376046 -0.46872269
v 0.14738328 0.03966697 -0.42841536
v 0.14738328 0.03782709 -0.40826170
v 0.14738328 0.05653898 0.14822425
v 0.14738328 0.07669264 0.14761385
v 0.14738328 0.09684630 0.14518215
v 0.14702879 0.11699997 0.13588721
v 0.14738328 0.11633529 0.13588721
v 0.14738328 0.11699997 0.13575260
v 0.14591180 0.13715363 0.13588721
v 0.14738328 0.13715363 0.13556364
v 0.14738328 0.14263111 0.13588721
v 0.14738328 0.15730729 0.14086283
v 0.14738328 0.17746096 0.14768939
v 0.14738328 0.19761462 0.15451294
v 0.14738328 0.20212830 0.15604087
v 0.14738328 0.21776828 0.16132325
v 0.14738328 0.23792195 0.16812932
v 0.14738328 0.25807561 0.17493456
v 0.14738328 0.26180727 0.17619453
v 0.14738328 0.27822927 0.18173306
v 0.14738328 0.29838294 0.18852973
v 0.14738328 0.31853660 0.19532592
v 0.14738328 0.32156816 0.19634820
v 0.14738328 0.33869026 0.20211854
v 0.14738328 0.35884393 0.20891029
v 0.14738328 0.37899759 0.21570176
v 0.14738328 0.38137190 0.21650186
v 0.14738328 0.39915125 0.22249128
v 0.14738328 0.41930492 0.22928036
v 0.14738328 0.43945858 0.23606929
v 0.14738328 0.44119894 0.23665552
v 0.14738328 0.45961224 0.24285682
v 0.14738328 0.47976590 0.24964371
v 0.16753694 -0.17526616 0.11573354
v 0.16753694 -0.16515132 0.11268023
v 0.16753694 -0.16515132 0.11878613
v 0.16753694 -0.14499765 0.10814143
v 0.16753694 -0.14499765 0.12326831
v 0.16753694 -0.12536925 -0.12611041
v 0.16753694 -0.12484399 -0.13024734
v 0.16753694 -0.12561349 -0.10595675
v 0.16753694 -0.12559715 -0.08580309
v 0.16753694 -0.13078034 -0.06564943
v 0.16753694 -0.13454760 -0.04549576
v 0.16753694 -0.13621333 -0.02534210
v 0.16753694 -0.13788321 -0.00518844
v 0.16753694 -0.13909384 0.01496523
v 0.16753694 -0.13899257 0.03511889
v 0.14802563 -0.12484399 0.05527255
v 0.16753694 -0.13527302 0.05527255
v 0.16753694 -0.12484399 0.07402698
v 0.16753694 -0.12484399 0.09989514
v 0.16753694 -0.12484399 0.12635178
v 0.16753694 -0.11600639 -0.14626408
v 0.16753694 -0.10469033 -0.15096882
v 0.16753694 -0.12236269 0.07542622
v 0.16753694 -0.10469033 0.09390437
v 0.16753694 -0.10469033 0.09618677
v 0.16753694 -0.10469033 0.12848693
v 0.16753694 -0.08453666 -0.15133570
v 0.16639991 -0.08453666 0.09557988
v 0.16753694 -0.08947149 0.09557988
v 0.16753694 -0.08453666 0.12990254
v 0.16753694 -0.06438300 -0.15217122
v 0.16178789 -0.06438300 0.09557988
v 0.16753694 -0.06438300 0.13079283
v 0.16165454 -0.04422934 -0.16641774
v 0.16753694 -0.04623791 -0.16641774
v 0.16753694 -0.04422934 -0.17028417
v 0.16273612 -0.04422934 0.09557988
v 0.16753694 -0.04422934 0.13140413
v 0.16753694 -0.03873893 -0.16641774
v 0.16753694 -0.02810068 -0.14626408
v 0.16753694 -0.02609362 -0.12611041
v 0.15972724 -0.02407568 -0.10595675
v 0.16753694 -0.02543375 -0.10595675
v 0.16187754 -0.02407568 -0.08580309
v 0.16753694 -0.02512123 -0.08580309
v 0.14999169 -0.02407568 -0.06564943
v 0.16753694 -0.02497749 -0.06564943
v 0.16753694 -0.02495138 -0.04549576
v 0.16753694 -0.02472908 -0.02534210
v 0.16753694 -0.02501622 -0.00518844
v 0.16753694 -0.02507479 0.01496523
v 0.16753694 -0.02515127 0.03511889
v 0.16753694 -0.02527935 0.05527255
v 0.16753694 -0.02888925 0.07542622
v 0.16753694 -0.04106785 0.09557988
v 0.16753694 -0.02407568 0.09789329
v 0.14916363 -0.02407568 0.13588721
v 0.16753694 -0.02407568 0.13191255
v 0.16753694 -0.00392201 0.09700431
v 0.15482199 -0.00392201 0.13588721
v 0.16753694 -0.00392201 0.13238370
v 0.16405234 0.01623165 -0.20672507
v 0.16753694 0.01530402 -0.20672507
v 0.16753694 0.01623165 -0.21779771
v 0.15770935 0.01623165 -0.18657140
v 0.16753694 0.01362062 -0.18657140
v 0.15135391 0.01623165 -0.16641774
v 0.16753694 0.01194253 -0.16641774
v 0.16753694 0.01027059 -0.14626408
v 0.16753694 0.00860581 -0.12611041
v 0.16753694 0.00694935 -0.10595675
v 0.16753694 0.00530269 -0.08580309
v 0.16753694 0.00366819 -0.06564943
v 0.16753694 0.00205201 -0.04549576
v 0.16753694 0.00047422 -0.02534210
v 0.16753694 -0.00100138 -0.00518844
v 0.16753694 -0.00218426 0.01496523
v 0.16753694 -0.00253701 0.03511889
v 0.16753694 -0.00055924 0.05527255
v 0.16753694 0.00771345 0.07542622
v 0.16753694 0.01623165 0.08440106
v 0.16753694 0.01623165 0.09617749
v 0.15883155 0.01623165 0.13588721
v 0.16753694 0.01623165 0.13310823
v 0.16011717 0.03638531 -0.42841536
v 0.16753694 0.03446931 -0.42841536
v 0.16753694 0.03638531 -0.44660598
v 0.15287376 0.03638531 -0.40826170
v 0.16753694 0.03253066 -0.40826170
v 0.16753694 0.03070280 -0.38810804
v 0.16753694 0.02893776 -0.36795437
v 0.16753694 0.02720627 -0.34780071
v 0.16753694 0.02549172 -0.32764705
v 0.16753694 0.02378547 -0.30749338
v 0.16753694 0.02208356 -0.28733972
v 0.16753694 0.02038436 -0.26718606
v 0.16753694 0.01868769 -0.24703239
v 0.16753694 0.01699344 -0.22687873
v 0.16753694 0.03206761 0.09557988
v 0.16292721 0.03638531 0.13588721
v 0.16753694 0.03638531 0.13433409
v 0.16753694 0.03659443 -0.44856903
v 0.16753694 0.03903766 -0.46872269
v 0.16607085 0.05653898 0.13588721
v 0.16753694 0.05653898 0.13538193
v 0.16543081 0.07669264 0.13588721
v 0.16753694 0.07669264 0.13529714
v 0.16103751 0.09684630 0.13588721
v 0.16753694 0.09684630 0.13454172
v 0.16753694 0.11699997 0.13496338
v 0.16753694 0.13715363 0.13572891
v 0.16753694 0.13965637 0.13588721
v 0.16753694 0.15730729 0.14188003
v 0.16753694 0.17746096 0.14871809
v 0.16753694 0.19761462 0.15555331
v 0.16753694 0.19905247 0.15604087
v 0.16753694 0.21776828 0.16236805
v 0.16753694 0.23792195 0.16918023
v 0.16753694 0.25807561 0.17599131
v 0.16753694 0.25867701 0.17619453
v 0.16753694 0.27822927 0.18279191
v 0.16753694 0.29838294 0.18959163
v 0.16672943 0.31853660 0.19634820
v 0.16753694 0.31841007 0.19634820
v 0.16753694 0.31853660 0.19639085
v 0.16753694 0.33869026 0.20318456
v 0.16753694 0.35884393 0.20997790
v 0.16246478 0.37899759 0.21650186
v 0.16753694 0.37819908 0.21650186
v 0.16753694 0.37899759 0.21677090
v 0.16753694 0.39915125 0.22356104
v 0.16753694 0.41930492 0.23035097
v 0.15841325 0.43945858 0.23665552
v 0.16753694 0.43801900 0.23665552
v 0.16753694 0.43945858 0.23714039
v 0.16753694 0.45961224 0.24392781
v 0.16753694 0.47976590 0.25071401
v 0.17834064 -0.16515132 0.11573354
v 0.18769061 -0.15647042 0.11573354
v 0.18769061 -0.14499765 0.11178659
v 0.18769061 -0.14499765 0.11963104
v 0.18769061 -0.12544205 -0.12611041
v 0.18769061 -0.12484399 -0.13085542
v 0.18769061 -0.12564938 -0.10595675
v 0.18769061 -0.12562924 -0.08580309
v 0.18769061 -0.12560136 -0.06564943
v 0.18769061 -0.12557268 -0.04549576
v 0.18769061 -0.12554311 -0.02534210
v 0.18769061 -0.12550296 -0.00518844
v 0.18769061 -0.12523984 0.01496523
v 0.18769061 -0.12540512 0.03511889
v 0.18769061 -0.12529691 0.05527255
v 0.18769061 -0.12484399 0.07023684
v 0.18769061 -0.12484399 0.09897437
v 0.18769061 -0.12484399 0.12438107
v 0.18769061 -0.11637850 -0.14626408
v 0.18769061 -0.10469033 -0.15095474
v 0.18769061 -0.12461846 0.07542622
v 0.17104466 -0.10469033 0.09557988
v 0.18769061 -0.11680174 0.09557988
v 0.18769061 -0.10469033 0.12748732
v 0.18769061 -0.08453666 -0.15131928
v 0.18769061 -0.08453666 0.12953636
v 0.18769061 -0.06438300 -0.16158488
v 0.18769061 -0.06438300 0.13080135
v 0.18769061 -0.05745964 -0.16641774
v 0.18769061 -0.04422934 -0.18347384
v 0.18769061 -0.04422934 0.13162728
v 0.18769061 -0.02988881 -0.16641774
v 0.18769061 -0.02653920 -0.14626408
v 0.18769061 -0.02561865 -0.12611041
v 0.18769061 -0.02521583 -0.10595675
v 0.18769061 -0.02499009 -0.08580309
v 0.18769061 -0.02486073 -0.06564943
v 0.18769061 -0.02481090 -0.04549576
v 0.18769061 -0.02480489 -0.02534210
v 0.18769061 -0.02481297 -0.00518844
v 0.18769061 -0.02482715 0.01496523
v 0.18769061 -0.02484644 0.03511889
v 0.18769061 -0.02606583 0.05527255
v 0.18769061 -0.02811155 0.07542622
v 0.18769061 -0.03956135 0.09557988
v 0.18769061 -0.02407568 0.09765041
v 0.18769061 -0.02407568 0.13202906
v 0.18478922 -0.00392201 -0.02534210
v 0.18769061 -0.00569379 -0.02534210
v 0.18769061 -0.00392201 -0.03505106
v 0.17909648 -0.00392201 -0.00518844
v 0.18769061 -0.00831644 -0.00518844
v 0.17443950 -0.00392201 0.01496523
v 0.18769061 -0.00984674 0.01496523
v 0.17299336 -0.00392201 0.03511889
v 0.18769061 -0.01006469 0.03511889
v 0.18049642 -0.00392201 0.05527255
v 0.18769061 -0.00568971 0.05527255
v 0.18769061 -0.00392201 0.06057185
v 0.18769061 -0.00392201 0.09679850
v 0.18769061 -0.00392201 0.13248387
v 0.18311886 0.01623165 -0.26718606
v 0.18769061 0.01501339 -0.26718606
v 0.18769061 0.01623165 -0.28169648
v 0.17676826 0.01623165 -0.24703239
v 0.18769061 0.01332614 -0.24703239
v 0.17040622 0.01623165 -0.22687873
v 0.18769061 0.01164355 -0.22687873
v 0.18769061 0.00996641 -0.20672507
v 0.18769061 0.00829539 -0.18657140
v 0.18769061 0.00663163 -0.16641774
v 0.18769061 0.00497616 -0.14626408
v 0.18769061 0.00333026 -0.12611041
v 0.18769061 0.00169546 -0.10595675
v 0.18769061 0.00007331 -0.08580309
v 0.18769061 -0.00153388 -0.06564943
v 0.18769061 -0.00312114 -0.04549576
v 0.18769061 0.00285161 0.07542622
v 0.18769061 0.01623165 0.08791170
v 0.18769061 0.01623165 0.09601495
v 0.18769061 0.01623165 0.13292780
v 0.16844081 0.03638531 -0.44856903
v 0.18769061 0.03190185 -0.44856903
v 0.18769061 0.03483401 -0.46872269
v 0.18030184 0.03638531 -0.46872269
v 0.18769061 0.02946170 -0.42841536
v 0.18769061 0.02733765 -0.40826170
v 0.18769061 0.02540756 -0.38810804
v 0.18769061 0.02359043 -0.36795437
v 0.18769061 0.02183539 -0.34780071
v 0.18769061 0.02011252 -0.32764705
v 0.18769061 0.01840536 -0.30749338
v 0.18769061 0.01670600 -0.28733972
v 0.18769061 0.02844435 0.09557988
v 0.18769061 0.03638531 0.13337167
v 0.18769061 0.05653898 0.13379468
v 0.18769061 0.07669264 0.13412931
v 0.18769061 0.09684630 0.13439745
v 0.18769061 0.11699997 0.13477999
v 0.18496998 0.13715363 0.13588721
v 0.18769061 0.13676327 0.13588721
v 0.18769061 0.13715363 0.13602015
v 0.18769061 0.15730729 0.14287900
v 0.18769061 0.17746096 0.14973370
v 0.17707193 0.19761462 0.15604087
v 0.18769061 0.19601365 0.15604087
v 0.18769061 0.19761462 0.15658285
v 0.18769061 0.21776828 0.16340473
v 0.18769061 0.23792195 0.17022502
v 0.17143157 0.25807561 0.17619453
v 0.18769061 0.25556518 0.17619453
v 0.18769061 0.25807561 0.17704220
v 0.18769061 0.27822927 0.18384674
v 0.18769061 0.29838294 0.19065056
v 0.18769061 0.31526167 0.19634820
v 0.18769061 0.31853660 0.19745255
v 0.18769061 0.33869026 0.20424846
v 0.18769061 0.35884393 0.21104394
v 0.18769061 0.37503156 0.21650186
v 0.18769061 0.37899759 0.21783835
v 0.18769061 0.39915125 0.22462959
v 0.18769061 0.41930492 0.23142042
v 0.18769061 0.43484347 0.23665552
v 0.18769061 0.43945858 0.23820995
v 0.18769061 0.45961224 0.24499656
v 0.18769061 0.47976590 0.25178046
v 0.19986322 -0.14499765 0.11573354
v 0.20784427 -0.12551477 -0.12611041
v 0.20784427 -0.12484399 -0.13148378
v 0.20784427 -0.12568661 -0.10595675
v 0.20784427 -0.12566349 -0.08580309
v 0.20784427 -0.12563505 -0.06564943
v 0.20784427 -0.12560578 -0.04549576
v 0.20784427 -0.12557524 -0.02534210
v 0.20784427 -0.12551252 -0.00518844
v 0.20784427 -0.12545798 0.01496523
v 0.20784427 -0.12546564 0.03511889
v 0.20784427 -0.12544547 0.05527255
v 0.19359844 -0.12484399 0.07542622
v 0.20784427 -0.12524418 0.07542622
v 0.20784427 -0.12484399 0.08215560
v 0.20784427 -0.13751734 0.11573354
v 0.20784427 -0.12484399 0.09812126
v 0.20784427 -0.12484399 0.12154176
v 0.20784427 -0.11677584 -0.14626408
v 0.20784427 -0.10469033 -0.15093935
v 0.20784427 -0.12323244 0.09557988
v 0.20784427 -0.10469033 0.12669613
v 0.20784427 -0.08453666 -0.15130242
v 0.20784427 -0.08453666 0.13055391
v 0.19491089 -0.06438300 -0.16641774
v 0.20784427 -0.07008315 -0.16641774
v 0.20784427 -0.06438300 -0.17477443
v 0.20775705 -0.06438300 0.13588721
v 0.20784427 -0.06450683 0.13588721
v 0.20784427 -0.06438300 0.13596142
v 0.19440973 -0.04422934 -0.18657140
v 0.20784427 -0.04856895 -0.18657140
v 0.20784427 -0.04422934 -0.19034659
v 0.19384550 -0.04422934 0.09557988
v 0.20784427 -0.04830349 0.09557988
v 0.20784427 -0.04422934 0.08995280
v 0.20784427 -0.04422934 0.09708593
v 0.20034290 -0.04422934 0.13588721
v 0.20784427 -0.04422934 0.14228504
v 0.20784427 -0.03643101 -0.18657140
v 0.20784427 -0.02725898 -0.16641774
v 0.20784427 -0.02586082 -0.14626408
v 0.20784427 -0.02534088 -0.12611041
v 0.20784427 -0.02506701 -0.10595675
v 0.20784427 -0.02490543 -0.08580309
v 0.20784427 -0.02482742 -0.06564943
v 0.20784427 -0.02480529 -0.04549576
v 0.20784427 -0.02480206 -0.02534210
v 0.20784427 -0.02480364 -0.00518844
v 0.20784427 -0.02480701 0.01496523
v 0.20784427 -0.02520683 0.03511889
v 0.20784427 -0.02591619 0.05527255
v 0.20784427 -0.02896373 0.07542622
v 0.20784427 -0.02407568 0.09743570
v 0.19860020 -0.02407568 0.13588721
v 0.20784427 -0.02407568 0.14384004
v 0.20329628 -0.00392201 -0.08580309
v 0.20784427 -0.00657474 -0.08580309
v 0.20784427 -0.00392201 -0.10070220
v 0.19713014 -0.00392201 -0.06564943
v 0.20784427 -0.00915209 -0.06564943
v 0.19090377 -0.00392201 -0.04549576
v 0.20784427 -0.01099676 -0.04549576
v 0.20784427 -0.01235573 -0.02534210
v 0.20784427 -0.01334172 -0.00518844
v 0.20784427 -0.01393763 0.01496523
v 0.20784427 -0.01227079 0.03511889
v 0.20784427 -0.01025259 0.05527255
v 0.20784427 -0.00392201 0.07149061
v 0.20784427 -0.00392201 0.09662630
v 0.19765430 -0.00392201 0.13588721
v 0.20784427 -0.00392201 0.14450883
v 0.20228126 0.01623165 -0.32764705
v 0.20784427 0.01475187 -0.32764705
v 0.20784427 0.01623165 -0.34479407
v 0.19586022 0.01623165 -0.30749338
v 0.20784427 0.01304325 -0.30749338
v 0.18947542 0.01623165 -0.28733972
v 0.20784427 0.01135044 -0.28733972
v 0.20784427 0.00966682 -0.26718606
v 0.20784427 0.00799004 -0.24703239
v 0.20784427 0.00631983 -0.22687873
v 0.20784427 0.00465691 -0.20672507
v 0.20784427 0.00300221 -0.18657140
v 0.20784427 0.00135699 -0.16641774
v 0.20784427 -0.00027753 -0.14626408
v 0.20784427 -0.00189988 -0.12611041
v 0.20784427 -0.00350854 -0.10595675
v 0.20784427 -0.00174478 0.07542622
v 0.20784427 0.01623165 0.09037874
v 0.20784427 0.01623165 0.09588700
v 0.19668295 0.01623165 0.13588721
v 0.20784427 0.01623165 0.14519280
v 0.20784427 0.02777696 -0.44856903
v 0.20784427 0.03158856 -0.46872269
v 0.20784427 0.02478426 -0.42841536
v 0.20784427 0.02232926 -0.40826170
v 0.20784427 0.02021152 -0.38810804
v 0.20784427 0.01829490 -0.36795437
v 0.20784427 0.01649172 -0.34780071
v 0.20784427 0.02532828 0.09557988
v 0.19576434 0.03638531 0.13588721
v 0.20784427 0.03638531 0.14579140
v 0.19670598 0.05653898 0.13588721
v 0.20784427 0.05653898 0.14438742
v 0.20784427 0.07151317 0.13588721
v 0.20784427 0.07669264 0.13465335
v 0.20784427 0.09684630 0.13401188
v 0.20784427 0.11699997 0.13422460
v 0.20784427 0.13397977 0.13588721
v 0.20784427 0.13715363 0.13697178
v 0.20784427 0.15730729 0.14385454
v 0.20784427 0.17746096 0.15073244
v 0.20784427 0.19302460 0.15604087
v 0.20784427 0.19761462 0.15759747
v 0.20784427 0.21776828 0.16443075
v 0.20784427 0.23792195 0.17126195
v 0.20784427 0.25247784 0.17619453
v 0.20784427 0.25807561 0.17808629
v 0.20784427 0.27822927 0.18489646
v 0.20784427 0.29838294 0.19170559
v 0.20784427 0.31212573 0.19634820
v 0.20784427 0.31853660 0.19851099
v 0.20784427 0.33869026 0.20530977
v 0.20784427 0.35884393 0.21210800
v 0.20784427 0.37187079 0.21650186
v 0.20784427 0.37899759 0.21890399
v 0.20784427 0.39915125 0.22569648
v 0.20784427 0.41930492 0.23248795
v 0.20784427 0.43167545 0.23665552
v 0.20784427 0.43945858 0.23927667
v 0.20784427 0.45961224 0.24606055
v 0.20784427 0.47976590 0.25283847
v 0.22799793 -0.12558721 -0.12611041
v 0.22799793 -0.12484399 -0.13213712
v 0.22799793 -0.12572540 -0.10595675
v 0.22799793 -0.12570003 -0.08580309
v 0.22799793 -0.12567105 -0.06564943
v 0.22799793 -0.12564120 -0.04549576
v 0.22799793 -0.12560857 -0.02534210
v 0.22799793 -0.12547816 -0.00518844
v 0.22799793 -0.12550150 0.01496523
v 0.22799793 -0.12551385 0.03511889
v 0.22799793 -0.12552068 0.05527255
v 0.22799793 -0.12547890 0.07542622
v 0.22380675 -0.12484399 0.09557988
v 0.22799793 -0.12506645 0.09557988
v 0.22237010 -0.12484399 0.11573354
v 0.22799793 -0.12484399 0.09737513
v 0.22799793 -0.11720099 -0.14626408
v 0.22799793 -0.10469033 -0.15092257
v 0.22799793 -0.11955339 0.11573354
v 0.22799793 -0.10469033 0.12509627
v 0.22799793 -0.08453666 -0.15128478
v 0.22735087 -0.08453666 0.13588721
v 0.22799793 -0.08529882 0.13588721
v 0.22799793 -0.08453666 0.13625121
v 0.22799793 -0.07349219 -0.16641774
v 0.22799793 -0.06438300 -0.18338315
v 0.22799793 -0.06438300 0.14410251
v 0.22092152 -0.04422934 -0.18657140
v 0.22799793 -0.04422934 -0.18476158
v 0.22799793 -0.04935670 0.09557988
v 0.22799793 -0.04422934 0.07887968
v 0.22799793 -0.04422934 0.09844404
v 0.22799793 -0.04422934 0.14783446
v 0.22799793 -0.02696144 -0.16641774
v 0.22799793 -0.02552995 -0.14626408
v 0.22799793 -0.02515896 -0.12611041
v 0.22799793 -0.02496171 -0.10595675
v 0.22799793 -0.02485540 -0.08580309
v 0.22799793 -0.02481873 -0.06564943
v 0.22799793 -0.02481150 -0.04549576
v 0.22799793 -0.02481170 -0.02534210
v 0.22799793 -0.02481371 -0.00518844
v 0.22799793 -0.02473885 0.01496523
v 0.22799793 -0.02497884 0.03511889
v 0.22799793 -0.02598627 0.05527255
v 0.22799793 -0.03683287 0.07542622
v 0.22799793 -0.02407568 0.09728460
v 0.22799793 -0.02407568 0.14948795
v 0.22199437 -0.00392201 -0.14626408
v 0.22799793 -0.00721189 -0.14626408
v 0.22799793 -0.00392201 -0.16583603
v 0.21577677 -0.00392201 -0.12611041
v 0.22799793 -0.00966778 -0.12611041
v 0.20948771 -0.00392201 -0.10595675
v 0.22799793 -0.01143678 -0.10595675
v 0.22799793 -0.01275956 -0.08580309
v 0.22799793 -0.01377453 -0.06564943
v 0.22799793 -0.01456420 -0.04549576
v 0.22799793 -0.01517569 -0.02534210
v 0.22799793 -0.01562194 -0.00518844
v 0.22799793 -0.01645454 0.01496523
v 0.22799793 -0.01658182 0.03511889
v 0.22799793 -0.01433266 0.05527255
v 0.21929017 -0.00392201 0.07542622
v 0.22799793 -0.00542308 0.07542622
v 0.22799793 -0.00392201 0.07702058
v 0.22799793 -0.00392201 0.09650552
v 0.22799793 -0.00392201 0.15003926
v 0.22386531 0.01623165 -0.38810804
v 0.22799793 0.01520115 -0.38810804
v 0.22799793 0.01623165 -0.39669645
v 0.21586932 0.01623165 -0.36795437
v 0.22799793 0.01310721 -0.36795437
v 0.20883811 0.01623165 -0.34780071
v 0.22799793 0.01121355 -0.34780071
v 0.22799793 0.00943218 -0.32764705
v 0.22799793 0.00771053 -0.30749338
v 0.22799793 0.00601962 -0.28733972
v 0.22799793 0.00434531 -0.26718606
v 0.22799793 0.00268174 -0.24703239
v 0.22799793 0.00102723 -0.22687873
v 0.22799793 -0.00061784 -0.20672507
v 0.22799793 -0.00225257 -0.18657140
v 0.22799793 -0.00387578 -0.16641774
v 0.22799793 0.01623165 0.09192320
v 0.22799793 0.01623165 0.09580154
v 0.22799793 0.01623165 0.15052982
v 0.22799793 0.02465883 -0.44856903
v 0.22799793 0.02998386 -0.46872269
v 0.22799793 0.02069626 -0.42841536
v 0.22799793 0.01765133 -0.40826170
v 0.22799793 0.02303170 0.09557988
v 0.22799793 0.03638531 0.15080685
v 0.22799793 0.05653898 0.14990996
v 0.21185385 0.07669264 0.13588721
v 0.22799793 0.07669264 0.14697370
v 0.22799793 0.09308602 0.13588721
v 0.22799793 0.09684630 0.13320304
v 0.22799793 0.11699997 0.13087217
v 0.22799793 0.13134476 0.13588721
v 0.22799793 0.13715363 0.13788215
v 0.22799793 0.15730729 0.14479875
v 0.22799793 0.17746096 0.15170899
v 0.22799793 0.19010396 0.15604087
v 0.22799793 0.19761462 0.15859400
v 0.22799793 0.21776828 0.16544285
v 0.22799793 0.23792195 0.17228885
v 0.22799793 0.24942332 0.17619453
v 0.22799793 0.25807561 0.17912189
v 0.22799793 0.27822927 0.18593953
v 0.22799793 0.29838294 0.19275581
v 0.22799793 0.30900610 0.19634820
v 0.22799793 0.31853660 0.19956530
v 0.22799793 0.33869026 0.20636772
v 0.22799793 0.35884393 0.21316944
v 0.22799793 0.36871917 0.21650186
v 0.22799793 0.37899759 0.21996716
v 0.22799793 0.39915125 0.22676066
v 0.22799793 0.41930492 0.23355192
v 0.22799793 0.42852091 0.23665552
v 0.22799793 0.43945858 0.24033728
v 0.22799793 0.45961224 0.24711385
v 0.22799793 0.47976590 0.25387822
v 0.24815159 -0.12565904 -0.12611041
v 0.24815159 -0.12484399 -0.13282114
v 0.24815159 -0.12576592 -0.10595675
v 0.24815159 -0.12573890 -0.08580309
v 0.24815159 -0.12570943 -0.06564943
v 0.24815159 -0.12567901 -0.04549576
v 0.24815159 -0.12563982 -0.02534210
v 0.24815159 -0.12553428 -0.00518844
v 0.24815159 -0.12554806 0.01496523
v 0.24815159 -0.12556191 0.03511889
v 0.24815159 -0.12557491 0.05527255
v 0.24815159 -0.12557837 0.07542622
v 0.24815159 -0.12548642 0.09557988
v 0.24815159 -0.12484399 0.10935301
v 0.24815159 -0.11765644 -0.14626408
v 0.24815159 -0.10469033 -0.15090405
v 0.24815159 -0.12422489 0.11573354
v 0.24815159 -0.10469033 0.13463616
v 0.24815159 -0.08453666 -0.15126581
v 0.24815159 -0.10342003 0.13588721
v 0.24815159 -0.08453666 0.14452091
v 0.24815159 -0.07179716 -0.16641774
v 0.24815159 -0.06438300 -0.17787320
v 0.24815159 -0.06438300 0.14737947
v 0.24815159 -0.04422934 -0.17582236
v 0.23256848 -0.04422934 0.07542622
v 0.24815159 -0.04685479 0.07542622
v 0.24815159 -0.04422934 0.06642174
v 0.24815159 -0.04929867 0.09557988
v 0.24815159 -0.04422934 0.09895507
v 0.24815159 -0.04422934 0.14973627
v 0.24815159 -0.03031155 -0.16641774
v 0.24815159 -0.02567238 -0.14626408
v 0.24815159 -0.02507334 -0.12611041
v 0.24815159 -0.02489457 -0.10595675
v 0.24815159 -0.02483548 -0.08580309
v 0.24815159 -0.02478136 -0.06564943
v 0.24815159 -0.02465757 -0.04549576
v 0.24815159 -0.02454545 -0.02534210
v 0.24815159 -0.02444766 -0.00518844
v 0.24815159 -0.02445988 0.01496523
v 0.24815159 -0.02470041 0.03511889
v 0.24815159 -0.02679721 0.05527255
v 0.24815159 -0.02407568 0.09739436
v 0.24815159 -0.02407568 0.15110104
v 0.24698041 -0.00392201 -0.22687873
v 0.24815159 -0.00422722 -0.22687873
v 0.24815159 -0.00392201 -0.23065803
v 0.24076037 -0.00392201 -0.20672507
v 0.24815159 -0.00583438 -0.20672507
v 0.23450397 -0.00392201 -0.18657140
v 0.24815159 -0.00742120 -0.18657140
v 0.22818016 -0.00392201 -0.16641774
v 0.24815159 -0.00920221 -0.16641774
v 0.24815159 -0.01277467 -0.14626408
v 0.24815159 -0.01404664 -0.12611041
v 0.24815159 -0.01484679 -0.10595675
v 0.24815159 -0.01546465 -0.08580309
v 0.24815159 -0.01622892 -0.06564943
v 0.24815159 -0.01750100 -0.04549576
v 0.24815159 -0.01867553 -0.02534210
v 0.24815159 -0.01969866 -0.00518844
v 0.24815159 -0.02040636 0.01496523
v 0.24815159 -0.02026552 0.03511889
v 0.24815159 -0.01758989 0.05527255
v 0.24815159 -0.00766994 0.07542622
v 0.24815159 -0.00392201 0.07898741
v 0.24815159 -0.00392201 0.09654035
v 0.24815159 -0.00392201 0.15159496
v 0.23518307 0.01623165 -0.40826170
v 0.24815159 0.01363548 -0.40826170
v 0.24815159 0.01623165 -0.42151673
v 0.24815159 0.01058309 -0.38810804
v 0.24815159 0.00813251 -0.36795437
v 0.24815159 0.00604863 -0.34780071
v 0.24815159 0.00417616 -0.32764705
v 0.24815159 0.00241903 -0.30749338
v 0.24815159 0.00072181 -0.28733972
v 0.24815159 -0.00094457 -0.26718606
v 0.24815159 -0.00259345 -0.24703239
v 0.24815159 0.01623165 0.09256747
v 0.24815159 0.01623165 0.09578550
v 0.24815159 0.01623165 0.15198353
v 0.24815159 0.02336905 -0.44856903
v 0.24815159 0.03129235 -0.46872269
v 0.24815159 0.01767985 -0.42841536
v 0.24815159 0.02194667 0.09557988
v 0.24815159 0.03638531 0.15213367
v 0.24815159 0.05653898 0.15166651
v 0.24815159 0.07669264 0.15063734
v 0.23193523 0.09684630 0.13588721
v 0.24815159 0.09684630 0.14780864
v 0.24815159 0.11531620 0.13588721
v 0.24815159 0.11699997 0.13166067
v 0.24815159 0.12891622 0.13588721
v 0.24815159 0.13715363 0.13873650
v 0.24815159 0.15730729 0.14570077
v 0.24815159 0.17746096 0.15265624
v 0.24815159 0.18727709 0.15604087
v 0.24815159 0.19761462 0.15956640
v 0.24815159 0.21776828 0.16643655
v 0.24815159 0.23792195 0.17330282
v 0.24815159 0.24641303 0.17619453
v 0.24815159 0.25807561 0.18014643
v 0.24815159 0.27822927 0.18697407
v 0.24815159 0.29838294 0.19379987
v 0.24815159 0.30590840 0.19634820
v 0.24815159 0.31853660 0.20061417
v 0.24815159 0.33869026 0.20742147
v 0.24815159 0.35884393 0.21422745
v 0.24815159 0.36558042 0.21650186
v 0.24815159 0.37899759 0.22102639
v 0.24815159 0.39915125 0.22781983
v 0.24815159 0.41930492 0.23460807
v 0.24815159 0.42539227 0.23665552
v 0.24815159 0.43945858 0.24138424
v 0.24815159 0.45961224 0.24814374
v 0.24815159 0.47976590 0.25487900
v 0.26830526 -0.12572975 -0.12611041
v 0.26830526 -0.12484399 -0.13354182
v 0.26830526 -0.12580809 -0.10595675
v 0.26830526 -0.12578000 -0.08580309
v 0.26830526 -0.12575012 -0.06564943
v 0.26830526 -0.12571905 -0.04549576
v 0.26830526 -0.12565646 -0.02534210
v 0.26830526 -0.12558350 -0.00518844
v 0.26830526 -0.12559840 0.01496523
v 0.26830526 -0.12561333 0.03511889
v 0.26830526 -0.12562768 0.05527255
v 0.26830526 -0.12563916 0.07542622
v 0.26830526 -0.12563059 0.09557988
v 0.25534547 -0.12484399 0.11573354
v 0.26830526 -0.12540401 0.11573354
v 0.26830526 -0.12484399 0.12087596
v 0.26830526 -0.11814399 -0.14626408
v 0.26830526 -0.10469033 -0.15088290
v 0.24955576 -0.10469033 0.13588721
v 0.26830526 -0.12164629 0.13588721
v 0.26830526 -0.10469033 0.14607059
v 0.26830526 -0.08453666 -0.15304514
v 0.26830526 -0.08453666 0.15046521
v 0.26830526 -0.06723534 -0.16641774
v 0.26830526 -0.06438300 -0.16893264
v 0.26830526 -0.06438300 0.14927459
v 0.26826701 -0.04422934 -0.16641774
v 0.26830526 -0.04439194 -0.16641774
v 0.26830526 -0.04422934 -0.16639996
v 0.26196004 -0.04422934 0.05527255
v 0.26830526 -0.04561247 0.05527255
v 0.26830526 -0.04422934 0.05109261
v 0.26830526 -0.04727801 0.07542622
v 0.26830526 -0.05127516 0.09557988
v 0.26830526 -0.04422934 0.10010191
v 0.26830526 -0.04422934 0.15089919
v 0.26830526 -0.02628933 -0.14626408
v 0.26830526 -0.02506591 -0.12611041
v 0.26830526 -0.02465759 -0.10595675
v 0.26830526 -0.02449312 -0.08580309
v 0.26830526 -0.02437920 -0.06564943
v 0.26830526 -0.02428129 -0.04549576
v 0.26830526 -0.02419988 -0.02534210
v 0.26830526 -0.02414834 -0.00518844
v 0.26830526 -0.02414504 0.01496523
v 0.26830526 -0.02440604 0.03511889
v 0.26830526 -0.02407568 0.09786961
v 0.26830526 -0.02407568 0.15191926
v 0.26598312 -0.00392201 -0.28733972
v 0.26830526 -0.00452669 -0.28733972
v 0.26830526 -0.00392201 -0.29445346
v 0.25961819 -0.00392201 -0.26718606
v 0.26830526 -0.00617672 -0.26718606
v 0.25330193 -0.00392201 -0.24703239
v 0.26830526 -0.00778968 -0.24703239
v 0.26830526 -0.00937508 -0.22687873
v 0.26830526 -0.01093392 -0.20672507
v 0.26830526 -0.01246304 -0.18657140
v 0.26830526 -0.01395700 -0.16641774
v 0.26830526 -0.02108344 -0.14626408
v 0.26830526 -0.01681065 -0.12611041
v 0.26830526 -0.01815134 -0.10595675
v 0.26830526 -0.01941791 -0.08580309
v 0.26830526 -0.02059334 -0.06564943
v 0.26830526 -0.02165427 -0.04549576
v 0.26830526 -0.02256530 -0.02534210
v 0.26830526 -0.02325705 -0.00518844
v 0.26830526 -0.02354525 0.01496523
v 0.26830526 -0.02285244 0.03511889
v 0.26830526 -0.01935069 0.05527255
v 0.26830526 -0.00807426 0.07542622
v 0.26830526 -0.00392201 0.07904235
v 0.26830526 -0.00392201 0.09681973
v 0.26830526 -0.00392201 0.15233582
v 0.26830526 0.01087452 -0.40826170
v 0.26830526 0.01623165 -0.42694370
v 0.26830526 0.00667983 -0.38810804
v 0.26830526 0.00355359 -0.36795437
v 0.26830526 0.00109639 -0.34780071
v 0.26830526 -0.00096529 -0.32764705
v 0.26830526 -0.00280640 -0.30749338
v 0.26830526 0.01623165 0.09217515
v 0.26830526 0.01623165 0.09587472
v 0.26830526 0.01623165 0.15267504
v 0.26830526 0.02546759 -0.44856903
v 0.26830526 0.03638531 -0.46680724
v 0.26476315 0.03638531 -0.46872269
v 0.26830526 0.01670716 -0.42841536
v 0.26830526 0.02250515 0.09557988
v 0.26830526 0.03638531 0.15285501
v 0.26830526 0.03777224 -0.46872269
v 0.26830526 0.05653898 0.15265341
v 0.26830526 0.07669264 0.15223960
v 0.26830526 0.09684630 0.15140072
v 0.24994237 0.11699997 0.13588721
v 0.26830526 0.11699997 0.14886962
v 0.26830526 0.13715363 0.13951319
v 0.26830526 0.15730729 0.14654499
v 0.26830526 0.17746096 0.15356430
v 0.26830526 0.18458003 0.15604087
v 0.26830526 0.19761462 0.16050627
v 0.26830526 0.21776828 0.16740581
v 0.26830526 0.23792195 0.17429988
v 0.26830526 0.24346330 0.17619453
v 0.26830526 0.25807561 0.18115635
v 0.26830526 0.27822927 0.18799755
v 0.26830526 0.29838294 0.19483618
v 0.26830526 0.30283997 0.19634820
v 0.26830526 0.31853660 0.20165595
v 0.26830526 0.33869026 0.20846928
v 0.26830526 0.35884393 0.21528015
v 0.26830526 0.36246100 0.21650186
v 0.26830526 0.37899759 0.22207858
v 0.26830526 0.39915125 0.22886848
v 0.26830526 0.41930492 0.23564696
v 0.26830526 0.42231310 0.23665552
v 0.26830526 0.43945858 0.24240105
v 0.26830526 0.45961224 0.24912311
v 0.26830526 0.47976590 0.25579887
v 0.28845892 -0.12579835 -0.12611041
v 0.28845892 -0.12484399 -0.13430430
v 0.28845892 -0.12585146 -0.10595675
v 0.28845892 -0.12582280 -0.08580309
v 0.28845892 -0.12579266 -0.06564943
v 0.28845892 -0.12576037 -0.04549576
v 0.28845892 -0.12562093 -0.02534210
v 0.28845892 -0.12563676 -0.00518844
v 0.28845892 -0.12565278 0.01496523
v 0.28845892 -0.12566867 0.03511889
v 0.28845892 -0.12568356 0.05527255
v 0.28845892 -0.12569489 0.07542622
v 0.28845892 -0.12569459 0.09557988
v 0.28845892 -0.12563843 0.11573354
v 0.27184130 -0.12484399 0.13588721
v 0.28845892 -0.13987030 0.13588721
v 0.28845892 -0.12484399 0.14790580
v 0.28845892 -0.11866368 -0.14626408
v 0.28845892 -0.10469033 -0.15085726
v 0.28845892 -0.10469033 0.15322898
v 0.28845892 -0.08453666 -0.15719269
v 0.28845892 -0.08453666 0.15418214
v 0.27289565 -0.06438300 -0.16641774
v 0.28845892 -0.06438300 -0.15904216
v 0.28487361 -0.06438300 0.11573354
v 0.28845892 -0.06600680 0.11573354
v 0.28845892 -0.06438300 0.10639912
v 0.28845892 -0.06438300 0.11658141
v 0.28845892 -0.06438300 0.15051060
v 0.28845892 -0.04422934 -0.15818319
v 0.28845892 -0.04630923 0.05527255
v 0.28845892 -0.04422934 0.04216193
v 0.28845892 -0.04841237 0.07542622
v 0.28845892 -0.05865802 0.09557988
v 0.28845892 -0.06091886 0.11573354
v 0.28845892 -0.04422934 0.10318719
v 0.28845892 -0.04422934 0.15170949
v 0.27050808 -0.02407568 -0.14626408
v 0.28845892 -0.02407568 -0.16502552
v 0.26976878 -0.02407568 -0.12611041
v 0.28845892 -0.02424214 -0.10595675
v 0.28845892 -0.02407568 -0.10626884
v 0.28845892 -0.02411930 -0.08580309
v 0.28650797 -0.02407568 -0.06564943
v 0.28845892 -0.02407568 -0.07442934
v 0.28251224 -0.02407568 -0.04549576
v 0.27879302 -0.02407568 -0.02534210
v 0.27567056 -0.02407568 -0.00518844
v 0.27568345 -0.02407568 0.01496523
v 0.28845892 -0.02506585 0.03511889
v 0.28845892 -0.02407568 0.02721725
v 0.28845892 -0.02407568 0.09900775
v 0.28845892 -0.02407568 0.15249519
v 0.28047249 -0.00392201 -0.32764705
v 0.28845892 -0.00587018 -0.32764705
v 0.28845892 -0.00392201 -0.34399740
v 0.27274865 -0.00392201 -0.30749338
v 0.28845892 -0.00787224 -0.30749338
v 0.28845892 -0.00964674 -0.28733972
v 0.28845892 -0.01129670 -0.26718606
v 0.28845892 -0.01287596 -0.24703239
v 0.28845892 -0.01440803 -0.22687873
v 0.28845892 -0.01589929 -0.20672507
v 0.28845892 -0.01734708 -0.18657140
v 0.28845892 -0.01874430 -0.16641774
v 0.28845892 -0.02251487 -0.10595675
v 0.28845892 -0.02357152 -0.08580309
v 0.28845892 -0.02332521 0.03511889
v 0.28845892 -0.01837083 0.05527255
v 0.28845892 -0.00554543 0.07542622
v 0.28845892 -0.00392201 0.07677767
v 0.28845892 -0.00392201 0.09755611
v 0.28845892 -0.00392201 0.15284782
v 0.28845892 0.01045015 -0.40826170
v 0.28845892 0.01623165 -0.42159535
v 0.28845892 0.00414713 -0.38810804
v 0.28845892 -0.00026708 -0.36795437
v 0.28845892 -0.00345455 -0.34780071
v 0.28845892 0.01623165 0.09034878
v 0.28845892 0.01623165 0.09621491
v 0.28845892 0.01623165 0.15314978
v 0.28845892 0.03355049 -0.44856903
v 0.28845892 0.03638531 -0.45195668
v 0.28845892 0.01975529 -0.42841536
v 0.28845892 0.02510822 0.09557988
v 0.28845892 0.03638531 0.15335257
v 0.28845892 0.05327707 -0.46872269
v 0.28845892 0.05653898 0.15329245
v 0.28845892 0.07669264 0.15313676
v 0.28845892 0.09684630 0.15286360
v 0.28845892 0.11699997 0.15229001
v 0.28845892 0.13715363 0.15033323
v 0.28845892 0.15730729 0.14730921
v 0.28845892 0.17746096 0.15441953
v 0.28845892 0.18206353 0.15604087
v 0.28845892 0.19761462 0.16140179
v 0.28845892 0.21776828 0.16834225
v 0.28845892 0.23792195 0.17527516
v 0.28845892 0.24059617 0.17619453
v 0.28845892 0.25807561 0.18214681
v 0.28845892 0.27822927 0.18900639
v 0.28845892 0.29838294 0.19586240
v 0.28845892 0.29981145 0.19634820
v 0.28845892 0.31853660 0.20268806
v 0.28845892 0.33869026 0.20950846
v 0.28845892 0.35884393 0.21632361
v 0.28845892 0.35937175 0.21650186
v 0.28845892 0.37899759 0.22311628
v 0.28845892 0.39915125 0.22989382
v 0.28845892 0.41930492 0.23664685
v 0.28845892 0.41933097 0.23665552
v 0.28845892 0.43945858 0.24335174
v 0.28845892 0.45961224 0.24999595
v 0.28845892 0.47976590 0.25655488
v 0.29413161 -0.14499765 0.13588721
v 0.30861258 -0.15808859 0.13588721
v 0.30861258 -0.14499765 0.13041578
v 0.30861258 -0.14499765 0.14083458
v 0.30861258 -0.12586289 -0.12611041
v 0.30861258 -0.12484399 -0.13510900
v 0.30861258 -0.12589462 -0.10595675
v 0.30861258 -0.12586599 -0.08580309
v 0.30861258 -0.12583588 -0.06564943
v 0.30861258 -0.12579881 -0.04549576
v 0.30861258 -0.12567725 -0.02534210
v 0.30861258 -0.12569429 -0.00518844
v 0.30861258 -0.12571132 0.01496523
v 0.30861258 -0.12572785 0.03511889
v 0.30861258 -0.12574249 0.05527255
v 0.30861258 -0.12575098 0.07542622
v 0.30861258 -0.12574029 0.09557988
v 0.30861258 -0.12566903 0.11573354
v 0.30861258 -0.12484399 0.15407921
v 0.30861258 -0.11921152 -0.14626408
v 0.30861258 -0.10469033 -0.15082333
v 0.30188989 -0.10469033 0.15604087
v 0.30861258 -0.11362692 0.15604087
v 0.30861258 -0.10469033 0.15875047
v 0.30861258 -0.08453666 -0.15213518
v 0.30861258 -0.10054549 0.15604087
v 0.30861258 -0.08453666 0.15340910
v 0.30861258 -0.06438300 -0.15059822
v 0.29366680 -0.06438300 0.09557988
v 0.30861258 -0.06836752 0.09557988
v 0.30861258 -0.06438300 0.08573296
v 0.30861258 -0.07162384 0.11573354
v 0.30861258 -0.06438300 0.11884019
v 0.30861258 -0.06438300 0.15135610
v 0.30861258 -0.04422934 -0.16225659
v 0.29603676 -0.04422934 0.03511889
v 0.30861258 -0.04587203 0.03511889
v 0.30861258 -0.04422934 0.02869886
v 0.30861258 -0.04710232 0.05527255
v 0.30861258 -0.05188050 0.07542622
v 0.30404028 -0.04422934 0.11573354
v 0.30861258 -0.04422934 0.11655119
v 0.30861258 -0.04422934 0.15223298
v 0.30861258 -0.02407568 -0.16631770
v 0.29695229 -0.02407568 -0.10595675
v 0.29159380 -0.02407568 -0.08580309
v 0.30406622 -0.02407568 0.01496523
v 0.30861258 -0.02420730 0.01496523
v 0.30861258 -0.02407568 0.01175301
v 0.30861258 -0.03313266 0.11573354
v 0.30861258 -0.02407568 0.10849017
v 0.30861258 -0.02407568 0.15271626
v 0.29108928 -0.00392201 -0.34780071
v 0.30861258 -0.00708845 -0.34780071
v 0.30861258 -0.00392201 -0.36235715
v 0.30861258 -0.01025488 -0.32764705
v 0.30861258 -0.01264358 -0.30749338
v 0.30861258 -0.01458155 -0.28733972
v 0.30861258 -0.01626936 -0.26718606
v 0.30861258 -0.01781869 -0.24703239
v 0.30861258 -0.01928348 -0.22687873
v 0.30861258 -0.02068338 -0.20672507
v 0.30861258 -0.02201907 -0.18657140
v 0.30861258 -0.02328093 -0.16641774
v 0.30861258 -0.02370444 0.01496523
v 0.30861258 -0.02192710 0.03511889
v 0.30861258 -0.01809998 0.05527255
v 0.30861258 -0.00949160 0.07542622
v 0.30861258 -0.00392201 0.08046102
v 0.30861258 -0.00392201 0.10593573
v 0.30861258 -0.00392201 0.15300885
v 0.30861258 0.01442309 -0.40826170
v 0.30861258 0.01623165 -0.41106445
v 0.30861258 0.00432293 -0.38810804
v 0.30861258 -0.00257827 -0.36795437
v 0.30861258 0.01623165 0.09216298
v 0.30861258 0.01623165 0.10209147
v 0.30861258 0.01623165 0.15329893
v 0.29232587 0.03638531 -0.44856903
v 0.30861258 0.02998918 -0.42841536
v 0.30861258 0.03638531 -0.43508648
v 0.30861258 0.03004605 0.09557988
v 0.30861258 0.03638531 0.15357682
v 0.30861258 0.05179540 -0.44856903
v 0.30861258 0.05653898 -0.45236640
v 0.29140405 0.05653898 -0.46872269
v 0.30519971 0.05653898 0.11573354
v 0.30861258 0.04565872 0.11573354
v 0.30861258 0.05653898 0.10826977
v 0.30861258 0.05653898 0.11607619
v 0.30861258 0.05653898 0.15370256
v 0.30861258 0.07669264 -0.46684418
v 0.30672471 0.07669264 -0.46872269
v 0.30861258 0.07251428 0.11573354
v 0.30861258 0.07669264 0.15369724
v 0.30861258 0.07950264 -0.46872269
v 0.30861258 0.09684630 0.15364820
v 0.30861258 0.11699997 0.15355275
v 0.30861258 0.13715363 0.15333904
v 0.30861258 0.15730729 0.15248204
v 0.30861258 0.17746096 0.15520224
v 0.30861258 0.17979963 0.15604087
v 0.30861258 0.19761462 0.16223622
v 0.30861258 0.21776828 0.16923439
v 0.30803601 0.23792195 0.17619453
v 0.30861258 0.23784323 0.17619453
v 0.30861258 0.23792195 0.17622145
v 0.30861258 0.25807561 0.18311125
v 0.30861258 0.27822927 0.18999595
v 0.29814119 0.29838294 0.19634820
v 0.30861258 0.29683838 0.19634820
v 0.30861258 0.29838294 0.19687219
v 0.30861258 0.31853660 0.20370605
v 0.30861258 0.33869026 0.21053303
v 0.29196967 0.35884393 0.21650186
v 0.30861258 0.35634093 0.21650186
v 0.30861258 0.35884393 0.21734592
v 0.30861258 0.37899759 0.22412237
v 0.30861258 0.39915125 0.23086650
v 0.28865060 0.41930492 0.23665552
v 0.30861258 0.41658324 0.23665552
v 0.30861258 0.41930492 0.23755891
v 0.30861258 0.43945858 0.24416108
v 0.30861258 0.45961224 0.25064944
v 0.30040749 0.47976590 0.25680919
v 0.30861258 0.47920900 0.25680919
v 0.30861258 0.47976590 0.25698467
v 0.31643866 -0.16515132 0.13588721
v 0.32876625 -0.17628495 0.13588721
v 0.32876625 -0.16515132 0.13147679
v 0.32876625 -0.16515132 0.13999715
v 0.32876625 -0.14499765 0.12619970
v 0.32876625 -0.14499765 0.14480278
v 0.32876625 -0.12591924 -0.12611041
v 0.32876625 -0.12484399 -0.13594197
v 0.32876625 -0.12593418 -0.10595675
v 0.32876625 -0.12590646 -0.08580309
v 0.32876625 -0.12587701 -0.06564943
v 0.32876625 -0.12581699 -0.04549576
v 0.32876625 -0.12573625 -0.02534210
v 0.32876625 -0.12575552 -0.00518844
v 0.32876625 -0.12577355 0.01496523
v 0.32876625 -0.12579001 0.03511889
v 0.32876625 -0.12580264 0.05527255
v 0.32876625 -0.12580358 0.07542622
v 0.32876625 -0.12576672 0.09557988
v 0.32876625 -0.12559934 0.11573354
v 0.32876625 -0.12484399 0.15454537
v 0.32876625 -0.11977416 -0.14626408
v 0.32876625 -0.10469033 -0.15077317
v 0.32876625 -0.10912771 0.15604087
v 0.32876625 -0.10469033 0.15775591
v 0.32876625 -0.08453666 -0.15186603
v 0.32876625 -0.10380267 0.15604087
v 0.32876625 -0.08453666 0.15165100
v 0.32876625 -0.06438300 -0.16053254
v 0.32425901 -0.06438300 0.07542622
v 0.32876625 -0.06566577 0.07542622
v 0.32876625 -0.06438300 0.07245628
v 0.32876625 -0.06989520 0.09557988
v 0.32876625 -0.07414171 0.11573354
v 0.32876625 -0.06438300 0.11849092
v 0.32876625 -0.06438300 0.15187591
v 0.32876625 -0.04422934 -0.16455739
v 0.32314319 -0.04422934 0.01496523
v 0.32876625 -0.04545554 0.01496523
v 0.32876625 -0.04422934 0.01126048
v 0.32876625 -0.04659398 0.03511889
v 0.32876625 -0.04926300 0.05527255
v 0.32876625 -0.04422934 0.11792459
v 0.32876625 -0.04422934 0.15242759
v 0.32384201 -0.02407568 -0.20672507
v 0.32876625 -0.02516917 -0.20672507
v 0.32876625 -0.02407568 -0.22483533
v 0.31837104 -0.02407568 -0.18657140
v 0.32876625 -0.02625796 -0.18657140
v 0.31268252 -0.02407568 -0.16641774
v 0.32876625 -0.02720109 -0.16641774
v 0.31870502 -0.02407568 -0.00518844
v 0.32876625 -0.02447311 -0.00518844
v 0.32876625 -0.02407568 -0.01783349
v 0.31304468 -0.02407568 0.03511889
v 0.32876625 -0.03044698 0.03511889
v 0.32876625 -0.02407568 0.02095486
v 0.31838478 -0.02407568 0.05527255
v 0.32876625 -0.02865800 0.05527255
v 0.32876625 -0.02407568 0.07448880
v 0.31355304 -0.02407568 0.11573354
v 0.32876625 -0.02407568 0.11754436
v 0.32876625 -0.02407568 0.15275097
v 0.32876625 -0.00891719 -0.34780071
v 0.32876625 -0.00392201 -0.36241738
v 0.32876625 -0.01363001 -0.32764705
v 0.32876625 -0.01685195 -0.30749338
v 0.32876625 -0.01918199 -0.28733972
v 0.32876625 -0.02100849 -0.26718606
v 0.32876625 -0.02255819 -0.24703239
v 0.32876625 -0.02394862 -0.22687873
v 0.32876625 -0.02191979 -0.00518844
v 0.32876625 -0.02097135 0.01496523
v 0.32876625 -0.02387157 0.07542622
v 0.32876625 -0.00392201 0.09357275
v 0.31459292 -0.00392201 0.11573354
v 0.32876625 -0.00392201 0.11719542
v 0.32876625 -0.00392201 0.15303486
v 0.31227087 0.01623165 -0.40826170
v 0.32876625 0.00981751 -0.38810804
v 0.32876625 0.01623165 -0.39659830
v 0.32876625 -0.00168594 -0.36795437
v 0.32876625 0.01623165 0.09349103
v 0.31535691 0.01623165 0.11573354
v 0.32876625 0.01623165 0.11684050
v 0.32876625 0.01623165 0.15332549
v 0.31575326 0.03638531 -0.42841536
v 0.32876625 0.02712315 -0.40826170
v 0.32876625 0.03638531 -0.41677302
v 0.32590096 0.03638531 0.09557988
v 0.32876625 0.03638531 0.09546645
v 0.31381800 0.03638531 0.11573354
v 0.32876625 0.03638531 0.11647588
v 0.32876625 0.03638531 0.15362203
v 0.31237792 0.05653898 -0.44856903
v 0.32876625 0.05118272 -0.42841536
v 0.32876625 0.05653898 -0.43236335
v 0.32876625 0.03743939 0.09557988
v 0.32876625 0.05653898 0.10589025
v 0.32876625 0.05653898 0.11610605
v 0.32876625 0.05653898 0.15388336
v 0.32628468 0.07669264 -0.44856903
v 0.32876625 0.07669264 -0.44603067
v 0.32876625 0.07519020 0.11573354
v 0.32876625 0.07669264 0.15403473
v 0.32876625 0.08063267 -0.44856903
v 0.32876625 0.09684630 -0.45885411
v 0.31936731 0.09684630 -0.46872269
v 0.32876625 0.09684630 0.15411559
v 0.32876625 0.11279432 -0.46872269
v 0.32876625 0.11699997 0.15419367
v 0.32876625 0.13715363 0.15431623
v 0.32876625 0.15730729 0.15459241
v 0.32876625 0.17746096 0.15595108
v 0.32876625 0.17788969 0.15604087
v 0.32876625 0.19761462 0.16298576
v 0.32876625 0.21776828 0.17006583
v 0.32876625 0.23524933 0.17619453
v 0.32876625 0.23792195 0.17711368
v 0.32876625 0.25807561 0.18404029
v 0.32876625 0.27822927 0.19095929
v 0.32876625 0.29394527 0.19634820
v 0.32876625 0.29838294 0.19785694
v 0.32876625 0.31853660 0.20470082
v 0.32876625 0.33869026 0.21152914
v 0.32876625 0.35342499 0.21650186
v 0.32876625 0.35884393 0.21832414
v 0.32876625 0.37899759 0.22505644
v 0.32876625 0.39915125 0.23172138
v 0.32876625 0.41430854 0.23665552
v 0.32876625 0.41930492 0.23828220
v 0.32876625 0.43945858 0.24467524
v 0.32876625 0.45961224 0.25086048
v 0.32588440 0.47976590 0.25680919
v 0.32876625 0.47976590 0.25677910
v 0.34891991 -0.16933316 0.13588721
v 0.34891991 -0.16515132 0.13396131
v 0.34891991 -0.16515132 0.13764013
v 0.34891991 -0.14499765 0.12746789
v 0.34891991 -0.14499765 0.14348385
v 0.34891991 -0.12595832 -0.12611041
v 0.34891991 -0.12484399 -0.13674787
v 0.34891991 -0.12596225 -0.10595675
v 0.34891991 -0.12593728 -0.08580309
v 0.34891991 -0.12590957 -0.06564943
v 0.34891991 -0.12574161 -0.04549576
v 0.34891991 -0.12577004 -0.02534210
v 0.34891991 -0.12580660 -0.00518844
v 0.34891991 -0.12583325 0.01496523
v 0.34891991 -0.12585160 0.03511889
v 0.34891991 -0.12585945 0.05527255
v 0.34891991 -0.12584230 0.07542622
v 0.34891991 -0.12574161 0.09557988
v 0.34891991 -0.12531911 0.11573354
v 0.34891991 -0.12484399 0.15240999
v 0.34891991 -0.12031594 -0.14626408
v 0.34891991 -0.10469033 -0.15068977
v 0.33203165 -0.10469033 0.15604087
v 0.34891991 -0.10469033 0.15422789
v 0.34891991 -0.08453666 -0.15935723
v 0.34891991 -0.08453666 0.15033058
v 0.34891991 -0.06438300 -0.16305297
v 0.34891991 -0.06890370 0.07542622
v 0.34891991 -0.06438300 0.06073901
v 0.34891991 -0.07158147 0.09557988
v 0.34891991 -0.08045580 0.11573354
v 0.34891991 -0.06438300 0.11910967
v 0.34891991 -0.06438300 0.15114074
v 0.34891991 -0.04422934 -0.15895925
v 0.34891991 -0.04640435 0.01496523
v 0.34891991 -0.04422934 0.00233313
v 0.34891991 -0.04710420 0.03511889
v 0.34891991 -0.04664541 0.05527255
v 0.34891991 -0.04422934 0.11834629
v 0.34891991 -0.04422934 0.15158919
v 0.34322183 -0.02407568 -0.26718606
v 0.34891991 -0.02528675 -0.26718606
v 0.34891991 -0.02407568 -0.27882521
v 0.33592225 -0.02407568 -0.24703239
v 0.34891991 -0.02682745 -0.24703239
v 0.32939190 -0.02407568 -0.22687873
v 0.34891991 -0.02802679 -0.22687873
v 0.34891991 -0.02898376 -0.20672507
v 0.34891991 -0.02972078 -0.18657140
v 0.34891991 -0.03021300 -0.16641774
v 0.34492582 -0.02407568 -0.04549576
v 0.34891991 -0.02414746 -0.04549576
v 0.34891991 -0.02407568 -0.05090016
v 0.33269194 -0.02407568 -0.02534210
v 0.34891991 -0.02475754 -0.02534210
v 0.34891991 -0.03072613 -0.00518844
v 0.34891991 -0.03724708 0.03511889
v 0.34891991 -0.02407568 0.01978846
v 0.34891991 -0.04296722 0.05527255
v 0.32902806 -0.02407568 0.07542622
v 0.34891991 -0.03910269 0.07542622
v 0.34046902 -0.02407568 0.09557988
v 0.34891991 -0.03287207 0.09557988
v 0.34891991 -0.02407568 0.10011278
v 0.34891991 -0.02407568 0.11816911
v 0.34891991 -0.02407568 0.15191635
v 0.34891991 -0.00708079 -0.34780071
v 0.34891991 -0.00392201 -0.35362050
v 0.34891991 -0.01489125 -0.32764705
v 0.34891991 -0.01990214 -0.30749338
v 0.34891991 -0.02314013 -0.28733972
v 0.34891991 -0.02306104 -0.04549576
v 0.34891991 -0.01828874 -0.02534210
v 0.34891991 -0.01237565 -0.00518844
v 0.34891991 -0.01933101 0.01496523
v 0.33064975 -0.00392201 0.09557988
v 0.34891991 -0.00392201 0.10549651
v 0.34891991 -0.00392201 0.11774816
v 0.34891991 -0.00392201 0.15223861
v 0.33864867 0.01623165 -0.38810804
v 0.34891991 0.00578519 -0.36795437
v 0.34891991 0.01623165 -0.37981810
v 0.33167978 0.01623165 0.09557988
v 0.34891991 0.01623165 0.10781246
v 0.34891991 0.01623165 0.11730646
v 0.34891991 0.01623165 0.15257639
v 0.33744210 0.03638531 -0.40826170
v 0.34891991 0.02517524 -0.38810804
v 0.34891991 0.03638531 -0.39732590
v 0.32954923 0.03638531 0.09557988
v 0.34891991 0.03638531 0.10321361
v 0.34891991 0.03638531 0.11683985
v 0.34891991 0.03638531 0.15293060
v 0.33259184 0.05653898 -0.42841536
v 0.34891991 0.05147634 -0.40826170
v 0.34891991 0.05653898 -0.41175964
v 0.34891991 0.05653898 0.10145015
v 0.34891991 0.05653898 0.11634943
v 0.34891991 0.05653898 0.15328326
v 0.34554137 0.07669264 -0.42841536
v 0.34891991 0.07669264 -0.42488529
v 0.33539141 0.07669264 0.11573354
v 0.34891991 0.07669264 0.11388558
v 0.34891991 0.07669264 0.11582163
v 0.34891991 0.07669264 0.15356501
v 0.33844958 0.09684630 -0.44856903
v 0.34891991 0.08230123 -0.42841536
v 0.34891991 0.09684630 -0.43746265
v 0.34891991 0.07973644 0.11573354
v 0.34891991 0.09684630 0.15371015
v 0.34891991 0.11497143 -0.44856903
v 0.34891991 0.11699997 -0.44980591
v 0.33119017 0.11699997 -0.46872269
v 0.34891991 0.11699997 0.15374497
v 0.34891991 0.13715363 -0.46202433
v 0.34265921 0.13715363 -0.46872269
v 0.34891991 0.13715363 0.15369580
v 0.34891991 0.14823412 -0.46872269
v 0.34891991 0.15730729 0.15342007
v 0.33486186 0.17746096 0.15604087
v 0.34891991 0.17647475 0.15604087
v 0.34891991 0.17746096 0.15639487
v 0.34891991 0.19761462 0.16361559
v 0.34891991 0.21776828 0.17081319
v 0.34891991 0.23287781 0.17619453
v 0.34891991 0.23792195 0.17794279
v 0.34891991 0.25807561 0.18492035
v 0.34891991 0.27822927 0.19188496
v 0.34891991 0.29117388 0.19634820
v 0.34891991 0.29838294 0.19880479
v 0.34891991 0.31853660 0.20565201
v 0.34891991 0.33869026 0.21246366
v 0.34891991 0.35074562 0.21650186
v 0.34891991 0.35884393 0.21920280
v 0.34891991 0.37899759 0.22582728
v 0.34891991 0.39915125 0.23231666
v 0.34891991 0.41306246 0.23665552
v 0.34891991 0.41930492 0.23860556
v 0.34891991 0.43945858 0.24458516
v 0.34891991 0.45961224 0.25019317
v 0.34891991 0.47976590 0.25533267
v 0.35314999 -0.16515132 0.13588721
v 0.36907357 -0.14880757 0.13588721
v 0.36907357 -0.14499765 0.13387097
v 0.36907357 -0.14499765 0.13759756
v 0.36907357 -0.12595950 -0.12611041
v 0.36907357 -0.12484399 -0.13735640
v 0.36907357 -0.12596086 -0.10595675
v 0.36907357 -0.12594262 -0.08580309
v 0.36907357 -0.12591721 -0.06564943
v 0.36907357 -0.12527954 -0.04549576
v 0.36907357 -0.12548846 -0.02534210
v 0.36907357 -0.12565251 -0.00518844
v 0.36907357 -0.12577273 0.01496523
v 0.36907357 -0.12585011 0.03511889
v 0.36907357 -0.12588097 0.05527255
v 0.36907357 -0.12583719 0.07542622
v 0.36907357 -0.12557872 0.09557988
v 0.36043337 -0.12484399 0.11573354
v 0.36907357 -0.12484399 0.10897820
v 0.36907357 -0.12484399 0.11627740
v 0.36907357 -0.12484399 0.14736099
v 0.36907357 -0.12393822 -0.14626408
v 0.36907357 -0.10469033 -0.15850347
v 0.36907357 -0.12361958 0.11573354
v 0.36907357 -0.10469033 0.15064707
v 0.36907357 -0.08453666 -0.16175502
v 0.35511780 -0.08453666 0.11573354
v 0.36907357 -0.09505327 0.11573354
v 0.36907357 -0.08453666 0.10644163
v 0.36907357 -0.08453666 0.11923486
v 0.36907357 -0.08453666 0.14819493
v 0.36907357 -0.06438300 -0.15368409
v 0.36752457 -0.06438300 -0.12611041
v 0.36907357 -0.06598358 -0.12611041
v 0.36907357 -0.06438300 -0.13701143
v 0.36907357 -0.06438300 -0.12072087
v 0.35913464 -0.06438300 0.05527255
v 0.36907357 -0.06622976 0.05527255
v 0.36907357 -0.06438300 0.04997624
v 0.36907357 -0.06707551 0.07542622
v 0.36907357 -0.07170393 0.09557988
v 0.36907357 -0.06438300 0.11894391
v 0.36907357 -0.06438300 0.14902645
v 0.36267689 -0.04422934 -0.14626408
v 0.36907357 -0.05183520 -0.14626408
v 0.35713586 -0.04422934 -0.12611041
v 0.36907357 -0.04422934 -0.12233007
v 0.35596444 -0.04422934 -0.00518844
v 0.36907357 -0.04680990 -0.00518844
v 0.36907357 -0.04422934 -0.01289964
v 0.36907357 -0.04796692 0.01496523
v 0.36907357 -0.04520667 0.03511889
v 0.35068877 -0.04422934 0.05527255
v 0.36907357 -0.05617384 0.05527255
v 0.36907357 -0.04422934 0.03692202
v 0.35573303 -0.04422934 0.07542622
v 0.36907357 -0.05425629 0.07542622
v 0.36179654 -0.04422934 0.09557988
v 0.36907357 -0.04992216 0.09557988
v 0.36907357 -0.04422934 0.10444464
v 0.36907357 -0.04422934 0.11692478
v 0.36907357 -0.04422934 0.14950171
v 0.35677834 -0.02407568 -0.28733972
v 0.36907357 -0.02556587 -0.28733972
v 0.36907357 -0.02407568 -0.29374661
v 0.36907357 -0.02848882 -0.26718606
v 0.36907357 -0.03025065 -0.24703239
v 0.36907357 -0.03130360 -0.22687873
v 0.36907357 -0.03187640 -0.20672507
v 0.36907357 -0.03204355 -0.18657140
v 0.36907357 -0.03177926 -0.16641774
v 0.36907357 -0.03099447 -0.14626408
v 0.36907357 -0.02956010 -0.12611041
v 0.35652543 -0.02407568 -0.06564943
v 0.36907357 -0.02443495 -0.06564943
v 0.36907357 -0.02407568 -0.08547959
v 0.36907357 -0.02510613 -0.04549576
v 0.36907357 -0.02799155 -0.02534210
v 0.36907357 -0.04337180 0.03511889
v 0.36907357 -0.02407568 0.02002204
v 0.36907357 -0.02407568 0.11543633
v 0.36907357 -0.02407568 0.11579875
v 0.36907357 -0.02407568 0.14989761
v 0.35695533 -0.00392201 -0.34780071
v 0.36907357 -0.01161905 -0.32764705
v 0.36907357 -0.00392201 -0.33966888
v 0.36907357 -0.02037788 -0.30749338
v 0.36907357 -0.01910074 -0.06564943
v 0.36907357 -0.01293794 -0.04549576
v 0.36907357 -0.00581688 -0.02534210
v 0.36116320 -0.00392201 -0.00518844
v 0.36907357 -0.00392201 -0.02037758
v 0.36907357 -0.01646384 0.01496523
v 0.36907357 -0.00392201 -0.00322993
v 0.36907357 -0.00392201 0.10979911
v 0.36907357 -0.00392201 0.11786985
v 0.36907357 -0.00392201 0.15030759
v 0.36158484 0.01623165 -0.36795437
v 0.36907357 0.00264823 -0.34780071
v 0.36907357 0.01623165 -0.36121266
v 0.36907357 0.00237643 -0.00518844
v 0.36907357 0.01623165 0.10628781
v 0.36907357 0.01623165 0.11854557
v 0.36907357 0.01623165 0.15074924
v 0.35797388 0.03638531 -0.38810804
v 0.36907357 0.02438379 -0.36795437
v 0.36907357 0.03638531 -0.37697786
v 0.36599437 0.03638531 0.09557988
v 0.36907357 0.03525705 0.09557988
v 0.36907357 0.03638531 0.09494126
v 0.36907357 0.03638531 0.11783819
v 0.36907357 0.03638531 0.15122620
v 0.35225170 0.05653898 -0.40826170
v 0.36907357 0.05263869 -0.38810804
v 0.36907357 0.05653898 -0.39068179
v 0.36467363 0.05653898 0.09557988
v 0.36907357 0.05653898 0.09511216
v 0.36907357 0.05653898 0.11706291
v 0.36907357 0.05653898 0.15172700
v 0.36457171 0.07669264 -0.40826170
v 0.36907357 0.07669264 -0.40347995
v 0.36907357 0.05912096 0.09557988
v 0.36907357 0.07669264 0.10865138
v 0.36907357 0.07669264 0.11620658
v 0.36907357 0.07669264 0.15218404
v 0.35739227 0.09684630 -0.42841536
v 0.36907357 0.08438117 -0.40826170
v 0.36907357 0.09684630 -0.41592974
v 0.36907357 0.08642184 0.11573354
v 0.36907357 0.09684630 0.15244806
v 0.35007605 0.11699997 -0.44856903
v 0.36889761 0.11699997 -0.42841536
v 0.36907357 0.11699997 -0.42822655
v 0.36907357 0.11699997 0.15231846
v 0.36148144 0.13715363 -0.44856903
v 0.36907357 0.11731047 -0.42841536
v 0.36907357 0.13715363 -0.44042682
v 0.36907357 0.13715363 0.15108607
v 0.36907357 0.15062191 -0.44856903
v 0.36907357 0.15730729 -0.45260110
v 0.35403161 0.15730729 -0.46872269
v 0.36907357 0.15730729 0.14860375
v 0.36907357 0.17746096 -0.46475095
v 0.36536905 0.17746096 -0.46872269
v 0.36907357 0.17574691 0.15604087
v 0.36907357 0.17746096 0.15667208
v 0.36907357 0.18404986 -0.46872269
v 0.36907357 0.19761462 0.16407379
v 0.36907357 0.21776828 0.17144151
v 0.36907357 0.23081976 0.17619453
v 0.36907357 0.23792195 0.17868279
v 0.36907357 0.25807561 0.18572936
v 0.36907357 0.27822927 0.19275155
v 0.36907357 0.28860220 0.19634820
v 0.36907357 0.29838294 0.19968486
v 0.36907357 0.31853660 0.20651064
v 0.36907357 0.33869026 0.21325710
v 0.36907357 0.34857972 0.21650186
v 0.36907357 0.35884393 0.21985329
v 0.36907357 0.37899759 0.22623284
v 0.36907357 0.39915125 0.23235056
v 0.36907357 0.41425560 0.23665552
v 0.36907357 0.41930492 0.23810041
v 0.36907357 0.43945858 0.24328289
v 0.36907357 0.45961224 0.24780508
v 0.36907357 0.47976590 0.25149323
v 0.37236328 -0.14499765 0.13588721
v 0.36992373 -0.12484399 -0.14626408
v 0.38922724 -0.13536180 -0.14626408
v 0.38922724 -0.12484399 -0.15834029
v 0.38922724 -0.13552406 -0.12611041
v 0.38922724 -0.12588800 -0.10595675
v 0.38922724 -0.12588613 -0.08580309
v 0.38922724 -0.12585144 -0.06564943
v 0.37401059 -0.12484399 -0.04549576
v 0.38922724 -0.12484399 -0.05703018
v 0.37430688 -0.12484399 -0.02534210
v 0.37704167 -0.12484399 -0.00518844
v 0.38071631 -0.12484399 0.01496523
v 0.38615529 -0.12484399 0.03511889
v 0.38922724 -0.12508106 0.05527255
v 0.38922724 -0.12484399 0.04420242
v 0.38922724 -0.12528831 0.07542622
v 0.38922724 -0.12486183 0.09557988
v 0.38922724 -0.12484399 0.09572417
v 0.38666878 -0.12484399 0.13588721
v 0.38922724 -0.10469033 -0.16018197
v 0.38922724 -0.12215697 -0.04549576
v 0.38922724 -0.12152931 -0.02534210
v 0.38922724 -0.12261645 -0.00518844
v 0.38922724 -0.12362729 0.01496523
v 0.38922724 -0.12452207 0.03511889
v 0.38922724 -0.11082968 0.11573354
v 0.38922724 -0.11920651 0.13588721
v 0.38922724 -0.10469033 0.14145389
v 0.38920475 -0.08453666 -0.14626408
v 0.38922724 -0.08456186 -0.14626408
v 0.38922724 -0.08453666 -0.14606163
v 0.38558448 -0.08453666 0.09557988
v 0.38922724 -0.08813653 0.09557988
v 0.38922724 -0.08453666 0.09275143
v 0.38922724 -0.10206285 0.11573354
v 0.38922724 -0.08453666 0.12462965
v 0.38922724 -0.08453666 0.14222314
v 0.37699375 -0.06438300 -0.14626408
v 0.38922724 -0.07636401 -0.12611041
v 0.38922724 -0.06438300 -0.11442897
v 0.38459108 -0.06438300 0.03511889
v 0.38922724 -0.06734357 0.03511889
v 0.38922724 -0.06438300 0.03099235
v 0.38374296 -0.06438300 0.05527255
v 0.38922724 -0.06438300 0.04905573
v 0.38259972 -0.06438300 0.07542622
v 0.38809413 -0.06438300 0.09557988
v 0.38922724 -0.06707310 0.09557988
v 0.38922724 -0.06438300 0.09873970
v 0.38922724 -0.06438300 0.11811768
v 0.38922724 -0.06438300 0.14318013
v 0.38922724 -0.04422934 -0.11559664
v 0.38227630 -0.04422934 -0.02534210
v 0.38922724 -0.04855225 -0.02534210
v 0.38922724 -0.04422934 -0.03227241
v 0.38922724 -0.05012352 -0.00518844
v 0.38922724 -0.05237036 0.01496523
v 0.38214669 -0.04422934 0.03511889
v 0.38922724 -0.04593387 0.03511889
v 0.38922724 -0.04422934 0.03443547
v 0.38104184 -0.04422934 0.11573354
v 0.38922724 -0.05464769 0.11573354
v 0.38922724 -0.04422934 0.14362879
v 0.38922724 -0.02476093 -0.28733972
v 0.38922724 -0.02407568 -0.28906772
v 0.38922724 -0.02966023 -0.26718606
v 0.38922724 -0.03216960 -0.24703239
v 0.38922724 -0.03317784 -0.22687873
v 0.38922724 -0.03318836 -0.20672507
v 0.38922724 -0.03240887 -0.18657140
v 0.38922724 -0.03085412 -0.16641774
v 0.38922724 -0.02843239 -0.14626408
v 0.38922724 -0.02501648 -0.12611041
v 0.37957578 -0.02407568 -0.10595675
v 0.38922724 -0.02727067 -0.10595675
v 0.38922724 -0.02407568 -0.12165915
v 0.36923709 -0.02407568 -0.08580309
v 0.38922724 -0.02552185 -0.08580309
v 0.38922724 -0.02649047 -0.06564943
v 0.38922724 -0.02904239 -0.04549576
v 0.38922724 -0.02407568 0.02538972
v 0.38922724 -0.03417671 0.11573354
v 0.38922724 -0.02407568 0.11016477
v 0.38922724 -0.02407568 0.11831356
v 0.38922724 -0.02407568 0.14397373
v 0.38295664 -0.00392201 -0.32764705
v 0.38922724 -0.01501959 -0.30749338
v 0.38922724 -0.00392201 -0.32240583
v 0.38922724 -0.01987096 -0.10595675
v 0.38922724 -0.01345930 -0.08580309
v 0.38922724 -0.00613997 -0.06564943
v 0.38173338 -0.00392201 -0.04549576
v 0.38922724 -0.00392201 -0.05995861
v 0.37156546 -0.00392201 -0.02534210
v 0.38211009 -0.00392201 0.01496523
v 0.38922724 -0.00392201 0.02098626
v 0.38922724 -0.00392201 0.10148596
v 0.38922724 -0.00392201 0.12418744
v 0.38922724 -0.00392201 0.14434755
v 0.38246738 0.01623165 -0.34780071
v 0.38922724 0.00093559 -0.32764705
v 0.38922724 0.01623165 -0.34111653
v 0.38922724 0.00214670 -0.04549576
v 0.38922724 0.01086802 -0.02534210
v 0.38518856 0.01623165 -0.00518844
v 0.38922724 0.01623165 -0.01317364
v 0.38835797 0.01623165 0.01496523
v 0.38922724 0.01623165 0.01616438
v 0.38922724 0.01623165 0.09769138
v 0.38922724 0.01623165 0.12368786
v 0.38922724 0.01623165 0.14478317
v 0.37768728 0.03638531 -0.36795437
v 0.38922724 0.02493729 -0.34780071
v 0.38922724 0.03638531 -0.35588220
v 0.38922724 0.01980090 -0.00518844
v 0.38922724 0.01829490 0.01496523
v 0.38922724 0.02025764 0.09557988
v 0.38922724 0.03638531 0.08729955
v 0.38922724 0.03638531 0.12246663
v 0.38922724 0.03638531 0.14529682
v 0.37149354 0.05653898 -0.38810804
v 0.38922724 0.05457256 -0.36795437
v 0.38922724 0.05653898 -0.36921600
v 0.38922724 0.05653898 0.08890254
v 0.38922724 0.05653898 0.12089088
v 0.38922724 0.05653898 0.14587660
v 0.38342115 0.07669264 -0.38810804
v 0.38922724 0.07669264 -0.38185786
v 0.38922724 0.07281532 0.09557988
v 0.38922724 0.07669264 0.09910101
v 0.38922724 0.07669264 0.11882428
v 0.38922724 0.07669264 0.14634805
v 0.37622542 0.09684630 -0.40826170
v 0.38922724 0.08676847 -0.38810804
v 0.38922724 0.09684630 -0.39428028
v 0.38922724 0.09536132 0.11573354
v 0.38922724 0.09684630 0.14597803
v 0.38766377 0.11699997 -0.40826170
v 0.38922724 0.11699997 -0.40657667
v 0.38922724 0.11699997 0.14030125
v 0.38027221 0.13715363 -0.42841536
v 0.38922724 0.11976549 -0.40826170
v 0.38922724 0.13715363 -0.41879152
v 0.38922724 0.13715363 0.13908496
v 0.37283594 0.15730729 -0.44856903
v 0.38922724 0.15305117 -0.42841536
v 0.38922724 0.15730729 -0.43098356
v 0.38922724 0.15730729 0.14794826
v 0.38417101 0.17746096 -0.44856903
v 0.38922724 0.17746096 -0.44314344
v 0.38922724 0.17595829 0.15604087
v 0.38922724 0.17746096 0.15661470
v 0.38922724 0.18645269 -0.44856903
v 0.38922724 0.19761462 -0.45529195
v 0.37669697 0.19761462 -0.46872269
v 0.38922724 0.19761462 0.16428125
v 0.38922724 0.21776828 -0.46743152
v 0.38802268 0.21776828 -0.46872269
v 0.38922724 0.21776828 0.17189645
v 0.38922724 0.21991176 -0.46872269
v 0.38922724 0.22920919 0.17619453
v 0.38922724 0.23792195 0.17929225
v 0.38922724 0.25807561 0.18642748
v 0.38922724 0.27822927 0.19351151
v 0.38922724 0.28639140 0.19634820
v 0.38922724 0.29838294 0.20042411
v 0.38922724 0.31853660 0.20715821
v 0.38922724 0.33869026 0.21372196
v 0.38922724 0.34761069 0.21650186
v 0.38922724 0.35884393 0.21998632
v 0.38922724 0.37899759 0.22583624
v 0.38922724 0.39915125 0.23118692
v 0.38263784 0.41930492 0.23665552
v 0.38922724 0.41930492 0.23589417
v 0.38922724 0.42346800 0.23665552
v 0.38922724 0.43945858 0.23960480
v 0.38922724 0.45961224 0.24213091
v 0.38922724 0.47976590 0.24321946
v 0.39948623 -0.14499765 -0.14626408
v 0.40938090 -0.15417979 -0.14626408
v 0.40938090 -0.14499765 -0.15633776
v 0.40938090 -0.14499765 -0.12615218
v 0.40938090 -0.12484399 -0.15276434
v 0.40938090 -0.14497266 -0.12611041
v 0.40938090 -0.12564465 -0.10595675
v 0.40938090 -0.12568301 -0.08580309
v 0.40938090 -0.12553432 -0.06564943
v 0.40938090 -0.12484399 -0.06348998
v 0.38982619 -0.12484399 0.05527255
v 0.39045555 -0.12484399 0.07542622
v 0.38928234 -0.12484399 0.09557988
v 0.40938090 -0.10469033 -0.15015429
v 0.40343033 -0.10469033 -0.04549576
v 0.40938090 -0.10469033 -0.05127088
v 0.40120751 -0.10469033 -0.02534210
v 0.40193716 -0.10469033 -0.00518844
v 0.40265753 -0.10469033 0.01496523
v 0.40335408 -0.10469033 0.03511889
v 0.40396283 -0.10469033 0.05527255
v 0.40417824 -0.10469033 0.07542622
v 0.40253355 -0.10469033 0.09557988
v 0.39235686 -0.10469033 0.11573354
v 0.39601356 -0.10469033 0.13588721
v 0.40938090 -0.09789061 -0.14626408
v 0.39922014 -0.08453666 -0.12611041
v 0.40938090 -0.09058198 -0.12611041
v 0.40375340 -0.08453666 -0.10595675
v 0.40938090 -0.08825662 -0.10595675
v 0.40825479 -0.08453666 -0.08580309
v 0.40938090 -0.08561568 -0.08580309
v 0.40938090 -0.08453666 -0.07739455
v 0.40320524 -0.08453666 -0.04549576
v 0.40938090 -0.08453666 -0.06277243
v 0.40321012 -0.08453666 -0.02534210
v 0.40393663 -0.08453666 -0.00518844
v 0.40465747 -0.08453666 0.01496523
v 0.40535670 -0.08453666 0.03511889
v 0.40588767 -0.08453666 0.05527255
v 0.40694926 -0.08453666 0.07542622
v 0.40077885 -0.08453666 0.13588721
v 0.39726847 -0.06438300 -0.10595675
v 0.40301950 -0.06438300 -0.08580309
v 0.40374833 -0.06438300 -0.06564943
v 0.40938090 -0.08156253 -0.06564943
v 0.40446920 -0.06438300 -0.04549576
v 0.40512313 -0.06438300 -0.02534210
v 0.40526478 -0.06438300 -0.00518844
v 0.40190963 -0.06438300 0.01496523
v 0.39465114 -0.06438300 0.05527255
v 0.39946797 -0.06438300 0.07542622
v 0.39089620 -0.06438300 0.09557988
v 0.39981378 -0.06438300 0.13588721
v 0.39689033 -0.04422934 -0.10595675
v 0.40463284 -0.04422934 -0.08580309
v 0.40399845 -0.04422934 -0.06564943
v 0.40056392 -0.04422934 -0.04549576
v 0.38974059 -0.04422934 0.03511889
v 0.40594211 -0.04422934 0.05527255
v 0.40482204 -0.04422934 0.07542622
v 0.40088382 -0.04422934 0.09557988
v 0.39359532 -0.04422934 0.11573354
v 0.39790430 -0.04422934 0.13588721
v 0.39145959 -0.02407568 -0.28733972
v 0.40938090 -0.02650244 -0.26718606
v 0.40938090 -0.02407568 -0.27278396
v 0.40938090 -0.03101631 -0.24703239
v 0.40938090 -0.03238823 -0.22687873
v 0.40938090 -0.03165595 -0.20672507
v 0.40938090 -0.02939126 -0.18657140
v 0.40938090 -0.02584213 -0.16641774
v 0.40203768 -0.02407568 -0.14626408
v 0.40938090 -0.02407568 -0.15857888
v 0.39147088 -0.02407568 -0.12611041
v 0.39758357 -0.02407568 0.03511889
v 0.40703850 -0.02407568 0.05527255
v 0.40395447 -0.02407568 0.07542622
v 0.39976313 -0.02407568 0.09557988
v 0.39828462 -0.02407568 0.13588721
v 0.40417913 -0.00392201 -0.30749338
v 0.40938090 -0.01625877 -0.28733972
v 0.40938090 -0.00392201 -0.30217169
v 0.40938090 -0.02059490 -0.14626408
v 0.40938090 -0.01394692 -0.12611041
v 0.40938090 -0.00644205 -0.10595675
v 0.40225351 -0.00392201 -0.08580309
v 0.40938090 -0.00392201 -0.09961218
v 0.39208352 -0.00392201 -0.06564943
v 0.40350881 -0.00392201 0.03511889
v 0.40685704 -0.00392201 0.05527255
v 0.40307142 -0.00392201 0.07542622
v 0.39757530 -0.00392201 0.09557988
v 0.39881252 -0.00392201 0.13588721
v 0.40196616 0.01623165 -0.32764705
v 0.40938090 0.00135529 -0.30749338
v 0.40938090 0.01623165 -0.31965724
v 0.40938090 0.00193419 -0.08580309
v 0.40938090 0.01070995 -0.06564943
v 0.40550430 0.01623165 -0.04549576
v 0.40938090 0.01623165 -0.05316804
v 0.39534877 0.01623165 -0.02534210
v 0.40704108 0.01623165 0.03511889
v 0.40611477 0.01623165 0.05527255
v 0.40213445 0.01623165 0.07542622
v 0.39156897 0.01623165 0.09557988
v 0.39944348 0.01623165 0.13588721
v 0.39676539 0.03638531 -0.34780071
v 0.40938090 0.02692771 -0.32764705
v 0.40938090 0.03638531 -0.33410242
v 0.40938090 0.01966619 -0.04549576
v 0.40938090 0.02871911 -0.02534210
v 0.40780733 0.03638531 -0.00518844
v 0.40938090 0.03638531 -0.00831327
v 0.40584187 0.03638531 0.01496523
v 0.40833778 0.03638531 0.03511889
v 0.40524112 0.03638531 0.05527255
v 0.40072586 0.03638531 0.07542622
v 0.40021068 0.03638531 0.13588721
v 0.39040135 0.05653898 -0.36795437
v 0.40900638 0.05653898 -0.34780071
v 0.40938090 0.05653898 -0.34738706
v 0.40938090 0.03779379 -0.00518844
v 0.40938090 0.04688411 0.01496523
v 0.40938090 0.05459300 0.03511889
v 0.40712829 0.05653898 0.05527255
v 0.40938090 0.05653898 0.03626344
v 0.40197032 0.05653898 0.07542622
v 0.40113039 0.05653898 0.13588721
v 0.40210881 0.07669264 -0.36795437
v 0.40938090 0.05717543 -0.34780071
v 0.40938090 0.07669264 -0.36002898
v 0.40938090 0.06532544 0.05527255
v 0.40938090 0.07540419 0.07542622
v 0.39438052 0.07669264 0.09557988
v 0.40938090 0.07669264 0.07751457
v 0.40209579 0.07669264 0.13588721
v 0.39496446 0.09684630 -0.38810804
v 0.40938090 0.08939989 -0.36795437
v 0.40938090 0.09684630 -0.37251891
v 0.40938090 0.08791985 0.09557988
v 0.39189835 0.09684630 0.11573354
v 0.40938090 0.09684630 0.10535085
v 0.40263045 0.09684630 0.13588721
v 0.40637823 0.11699997 -0.38810804
v 0.40938090 0.11699997 -0.38485692
v 0.40938090 0.10648167 0.11573354
v 0.39853434 0.11699997 0.13588721
v 0.40938090 0.11699997 0.12307181
v 0.39903158 0.13715363 -0.40826170
v 0.40938090 0.12231114 -0.38810804
v 0.40938090 0.13715363 -0.39711455
v 0.40938090 0.13578056 0.13588721
v 0.40938090 0.13715363 0.13656463
v 0.39162204 0.15730729 -0.42841536
v 0.40938090 0.15552074 -0.40826170
v 0.40938090 0.15730729 -0.40934104
v 0.40938090 0.15730729 0.14640336
v 0.40295981 0.17746096 -0.42841536
v 0.40938090 0.17746096 -0.42151777
v 0.40938090 0.17742184 0.15604087
v 0.40938090 0.17746096 0.15605659
v 0.39550134 0.19761462 -0.44856903
v 0.40938090 0.18887504 -0.42841536
v 0.40938090 0.19761462 -0.43368344
v 0.40938090 0.19761462 0.16411242
v 0.40682987 0.21776828 -0.44856903
v 0.40938090 0.21776828 -0.44583294
v 0.40938090 0.21776828 0.17208632
v 0.40938090 0.22230653 -0.44856903
v 0.40938090 0.23792195 -0.45797000
v 0.39934623 0.23792195 -0.46872269
v 0.40938090 0.22825378 0.17619453
v 0.40938090 0.23792195 0.17969783
v 0.40938090 0.25578147 -0.46872269
v 0.40938090 0.25807561 0.18693102
v 0.40938090 0.27822927 0.19404999
v 0.40938090 0.28491279 0.19634820
v 0.40938090 0.29838294 0.20084410
v 0.40938090 0.31853660 0.20731031
v 0.40938090 0.33869026 0.21342046
v 0.40938090 0.34986516 0.21650186
v 0.40938090 0.35884393 0.21896913
v 0.40938090 0.37899759 0.22371279
v 0.40938090 0.39915125 0.22750784
v 0.40938090 0.41930492 0.23007371
v 0.39703544 0.43945858 0.23665552
v 0.40938090 0.43945858 0.23105342
v 0.39944028 0.45961224 0.23665552
v 0.40938090 0.45961224 0.23005373
v 0.39839296 0.47976590 0.23665552
v 0.40938090 0.47976590 0.22676516
v 0.42673829 -0.16515132 -0.14626408
v 0.42953456 -0.16766157 -0.14626408
v 0.42953456 -0.16515132 -0.14913552
v 0.42953456 -0.16515132 -0.14332783
v 0.42002490 -0.14499765 -0.14626408
v 0.42953456 -0.16157881 -0.14626408
v 0.40945805 -0.14499765 -0.12611041
v 0.42953456 -0.15152226 -0.12611041
v 0.42953456 -0.14499765 -0.13370584
v 0.42953456 -0.14499765 -0.11864022
v 0.42629274 -0.12484399 -0.14626408
v 0.42952659 -0.12484399 -0.12611041
v 0.42953456 -0.12486865 -0.12611041
v 0.42953456 -0.12500072 -0.10595675
v 0.42953456 -0.12484399 -0.12441151
v 0.42953456 -0.12513690 -0.08580309
v 0.42061135 -0.12484399 -0.06564943
v 0.42953456 -0.12484399 -0.07900499
v 0.42953456 -0.11517484 -0.14626408
v 0.42953456 -0.10469033 -0.14861581
v 0.42953456 -0.12478701 -0.12611041
v 0.42953456 -0.12250619 -0.06564943
v 0.42953456 -0.10469033 -0.06025762
v 0.42953456 -0.10155560 -0.14626408
v 0.42953456 -0.09745663 -0.12611041
v 0.42953456 -0.09692497 -0.10595675
v 0.42953456 -0.09575439 -0.08580309
v 0.41154905 -0.08453666 -0.06564943
v 0.42953456 -0.09695011 -0.06564943
v 0.41437883 -0.02407568 -0.26718606
v 0.42877498 -0.02407568 -0.24703239
v 0.42953456 -0.02661321 -0.22687873
v 0.42953456 -0.02407568 -0.24466123
v 0.42953456 -0.02532105 -0.20672507
v 0.42336352 -0.02407568 -0.18657140
v 0.42953456 -0.02407568 -0.20023324
v 0.41328669 -0.02407568 -0.16641774
v 0.42247939 -0.00392201 -0.28733972
v 0.42953456 -0.01358758 -0.26718606
v 0.42953456 -0.00392201 -0.27843917
v 0.42953456 -0.02368545 -0.24703239
v 0.42953456 -0.02084709 -0.18657140
v 0.42953456 -0.01431421 -0.16641774
v 0.42953456 -0.00671225 -0.14626408
v 0.42273572 -0.00392201 -0.12611041
v 0.42953456 -0.00392201 -0.13934684
v 0.41256610 -0.00392201 -0.10595675
v 0.42032555 0.01623165 -0.30749338
v 0.42953456 0.00461687 -0.28733972
v 0.42953456 0.01623165 -0.29666327
v 0.42953456 0.00173536 -0.12611041
v 0.42953456 0.01055750 -0.10595675
v 0.42581360 0.01623165 -0.08580309
v 0.42953456 0.01623165 -0.09317188
v 0.41565975 0.01623165 -0.06564943
v 0.41527714 0.03638531 -0.32764705
v 0.42953456 0.03037701 -0.30749338
v 0.42953456 0.03638531 -0.31158175
v 0.42953456 0.01953485 -0.08580309
v 0.42953456 0.02859453 -0.06564943
v 0.42809774 0.03638531 -0.04549576
v 0.42953456 0.03638531 -0.04834949
v 0.41795212 0.03638531 -0.02534210
v 0.42728375 0.05653898 -0.32764705
v 0.42953456 0.05653898 -0.32508303
v 0.42953456 0.03767168 -0.04549576
v 0.42953456 0.04675810 -0.02534210
v 0.42953456 0.05584551 -0.00518844
v 0.42016078 0.05653898 0.01496523
v 0.42953456 0.05653898 -0.00365076
v 0.40997183 0.05653898 0.03511889
v 0.42062639 0.07669264 -0.34780071
v 0.42953456 0.06038317 -0.32764705
v 0.42953456 0.07669264 -0.33795943
v 0.42953456 0.06493478 0.01496523
v 0.42953456 0.07403919 0.03511889
v 0.42216688 0.07669264 0.05527255
v 0.42953456 0.07669264 0.04093252
v 0.41086489 0.07669264 0.07542622
v 0.41360905 0.09684630 -0.36795437
v 0.42953456 0.09226244 -0.34780071
v 0.42953456 0.09684630 -0.35062577
v 0.42953456 0.08324017 0.05527255
v 0.42953456 0.09287969 0.07542622
v 0.42050698 0.09684630 0.09557988
v 0.42953456 0.09684630 0.08259788
v 0.42502909 0.11699997 -0.36795437
v 0.42953456 0.11699997 -0.36304771
v 0.42953456 0.10406162 0.09557988
v 0.42561432 0.11699997 0.11573354
v 0.42953456 0.11699997 0.11247979
v 0.41775383 0.13715363 -0.38810804
v 0.42953456 0.12495505 -0.36795437
v 0.42953456 0.13715363 -0.37538300
v 0.42953456 0.11952113 0.11573354
v 0.41278725 0.13715363 0.13588721
v 0.42953456 0.13715363 0.13042627
v 0.41038655 0.15730729 -0.40826170
v 0.42912195 0.15730729 -0.38810804
v 0.42953456 0.15730729 -0.38766222
v 0.42953456 0.14384268 0.13588721
v 0.42953456 0.15730729 0.14339478
v 0.42173097 0.17746096 -0.40826170
v 0.42953456 0.15803875 -0.38810804
v 0.42953456 0.17746096 -0.39986673
v 0.40963566 0.17746096 0.15604087
v 0.42953456 0.17746096 0.15440520
v 0.41429509 0.19761462 -0.42841536
v 0.42953456 0.19132311 -0.40826170
v 0.42953456 0.19761462 -0.41205837
v 0.42953456 0.18050131 0.15604087
v 0.42953456 0.19761462 0.16335791
v 0.42562787 0.21776828 -0.42841536
v 0.42953456 0.21776828 -0.42422190
v 0.42953456 0.21776828 0.17184076
v 0.41815632 0.23792195 -0.44856903
v 0.42953456 0.22471549 -0.42841536
v 0.42953456 0.23792195 -0.43637114
v 0.42953456 0.22831140 0.17619453
v 0.42953456 0.23792195 0.17975204
v 0.42948252 0.25807561 -0.44856903
v 0.41066970 0.25807561 -0.46872269
v 0.42953456 0.25807561 -0.44851323
v 0.42953456 0.25807561 0.18704403
v 0.42953456 0.25816822 -0.44856903
v 0.42953456 0.27822927 -0.46064214
v 0.42199179 0.27822927 -0.46872269
v 0.42953456 0.27822927 0.19407605
v 0.42953456 0.29165540 -0.46872269
v 0.42953456 0.28516845 0.19634820
v 0.42953456 0.29838294 0.20051204
v 0.42953456 0.31853660 0.20629463
v 0.42953456 0.33869026 0.21133932
v 0.42387258 0.35884393 0.21650186
v 0.42953456 0.35884393 0.21540120
v 0.42953456 0.36738043 0.21650186
v 0.42953456 0.37899759 0.21799927
v 0.42953456 0.39915125 0.21880783
v 0.42953456 0.41930492 0.21752190
v 0.42680716 0.43945858 0.21650186
v 0.42953456 0.42529170 0.21650186
v 0.42953456 0.43945858 0.21357287
v 0.42229684 0.45961224 0.21650186
v 0.42953456 0.45961224 0.20690263
v 0.41753443 0.47976590 0.21650186
v 0.42953456 0.47976590 0.19798026
v 0.43254514 -0.16515132 -0.14626408
v 0.43713183 -0.14499765 -0.12611041
v 0.43179870 -0.12484399 -0.10595675
v 0.43433358 -0.12484399 -0.08580309
v 0.44305910 -0.10469033 -0.14626408
v 0.44968823 -0.11286417 -0.12611041
v 0.44968823 -0.10469033 -0.13775964
v 0.44968823 -0.11690569 -0.10595675
v 0.44968823 -0.11963819 -0.08580309
v 0.44268386 -0.10469033 -0.06564943
v 0.44968823 -0.10469033 -0.07501468
v 0.44968823 -0.10264747 -0.12611041
v 0.44968823 -0.10151984 -0.10595675
v 0.44968823 -0.10066885 -0.08580309
v 0.43393531 -0.02407568 -0.22687873
v 0.43180745 -0.02407568 -0.20672507
v 0.43818757 -0.00392201 -0.26718606
v 0.44968823 -0.00515673 -0.24703239
v 0.44968823 -0.00392201 -0.24862099
v 0.44968823 -0.01202275 -0.22687873
v 0.44968823 -0.01137671 -0.20672507
v 0.44968823 -0.00602985 -0.18657140
v 0.44297921 -0.00392201 -0.16641774
v 0.44968823 -0.00392201 -0.18090922
v 0.43299901 -0.00392201 -0.14626408
v 0.43747793 0.01623165 -0.28733972
v 0.44968823 0.01120761 -0.26718606
v 0.44968823 0.01623165 -0.27143152
v 0.44968823 0.00175853 -0.16641774
v 0.44968823 0.01044292 -0.14626408
v 0.44611595 0.01623165 -0.12611041
v 0.44968823 0.01623165 -0.13321250
v 0.43596668 0.01623165 -0.10595675
v 0.43318467 0.03638531 -0.30749338
v 0.44968823 0.03534058 -0.28733972
v 0.44968823 0.03638531 -0.28807140
v 0.44968823 0.01940850 -0.12611041
v 0.44968823 0.02847060 -0.10595675
v 0.44838761 0.03638531 -0.08580309
v 0.44968823 0.03638531 -0.08838645
v 0.43824215 0.03638531 -0.06564943
v 0.44516570 0.05653898 -0.30749338
v 0.44968823 0.05653898 -0.30213068
v 0.44968823 0.03754990 -0.08580309
v 0.44968823 0.04663665 -0.06564943
v 0.44968823 0.05572421 -0.04549576
v 0.44045321 0.05653898 -0.02534210
v 0.44968823 0.05653898 -0.04368887
v 0.43030869 0.05653898 -0.00518844
v 0.43893232 0.07669264 -0.32764705
v 0.44968823 0.06420311 -0.30749338
v 0.44968823 0.07669264 -0.31555089
v 0.44968823 0.06481202 -0.02534210
v 0.44968823 0.07389981 -0.00518844
v 0.44266038 0.07669264 0.01496523
v 0.44968823 0.07669264 0.00100482
v 0.43249830 0.07669264 0.03511889
v 0.43214024 0.09684630 -0.34780071
v 0.44968823 0.09539804 -0.32764705
v 0.44968823 0.09684630 -0.32854869
v 0.44968823 0.08298800 0.01496523
v 0.44968823 0.09208215 0.03511889
v 0.44478222 0.09684630 0.05527255
v 0.44968823 0.09684630 0.04562368
v 0.43404161 0.09684630 0.07542622
v 0.44359098 0.11699997 -0.34780071
v 0.44968823 0.11699997 -0.34110580
v 0.44968823 0.10122314 0.05527255
v 0.44968823 0.11060516 0.07542622
v 0.44498844 0.11699997 0.09557988
v 0.44968823 0.11699997 0.08793002
v 0.43642618 0.13715363 -0.36795437
v 0.44968823 0.12772901 -0.34780071
v 0.44968823 0.13715363 -0.35357166
v 0.44968823 0.12092457 0.09557988
v 0.44968823 0.13412276 0.11573354
v 0.44968823 0.13715363 0.11883012
v 0.44781430 0.15730729 -0.36795437
v 0.44968823 0.15730729 -0.36592138
v 0.44968823 0.15414191 0.13588721
v 0.44968823 0.15730729 0.13796280
v 0.44047726 0.17746096 -0.38810804
v 0.44968823 0.16062303 -0.36795437
v 0.44968823 0.17746096 -0.37817835
v 0.44968823 0.17746096 0.15093358
v 0.43307401 0.19761462 -0.40826170
v 0.44968823 0.19380697 -0.38810804
v 0.44968823 0.19761462 -0.39040943
v 0.44968823 0.18560660 0.15604087
v 0.44968823 0.19761462 0.16164536
v 0.44441269 0.21776828 -0.40826170
v 0.44968823 0.21776828 -0.40259250
v 0.44968823 0.21776828 0.17080401
v 0.43695834 0.23792195 -0.42841536
v 0.44968823 0.22714456 -0.40826170
v 0.44968823 0.23792195 -0.41475994
v 0.44968823 0.23013283 0.17619453
v 0.44968823 0.23792195 0.17912067
v 0.44828800 0.25807561 -0.42841536
v 0.44968823 0.25807561 -0.42691325
v 0.44968823 0.25807561 0.18627772
v 0.44080653 0.27822927 -0.44856903
v 0.44968823 0.26056633 -0.42841536
v 0.44968823 0.27822927 -0.43905073
v 0.44968823 0.27822927 0.19284009
v 0.44968823 0.29403593 -0.44856903
v 0.44968823 0.29838294 -0.45118433
v 0.43331362 0.29838294 -0.46872269
v 0.44968823 0.29071874 0.19634820
v 0.44968823 0.29838294 0.19840247
v 0.44968823 0.31853660 -0.46330991
v 0.44463470 0.31853660 -0.46872269
v 0.44968823 0.31853660 0.20257209
v 0.44968823 0.32753269 -0.46872269
v 0.44968823 0.33869026 0.20523685
v 0.44968823 0.35884393 0.20594318
v 0.43226196 0.37899759 0.21650186
v 0.44968823 0.37899759 0.20422100
v 0.43259657 0.39915125 0.21650186
v 0.44968823 0.39915125 0.19977239
v 0.44705793 0.41930492 0.19634820
v 0.44968823 0.40924962 0.19634820
v 0.44968823 0.41930492 0.19232060
v 0.43058410 0.41930492 0.21650186
v 0.44157519 0.43945858 0.19634820
v 0.44968823 0.43945858 0.18233611
v 0.44693253 0.45961224 0.17619453
v 0.44968823 0.45038653 0.17619453
v 0.44968823 0.45961224 0.17064010
v 0.43606142 0.45961224 0.19634820
v 0.44088763 0.47976590 0.17619453
v 0.44968823 0.47976590 0.15787630
v 0.43045723 0.47976590 0.19634820
v 0.45520352 -0.10469033 -0.12611041
v 0.45929451 -0.10469033 -0.10595675
v 0.46287182 -0.10469033 -0.08580309
v 0.45070280 -0.00392201 -0.24703239
v 0.45755295 -0.00392201 -0.22687873
v 0.45791459 -0.00392201 -0.20672507
v 0.45214582 -0.00392201 -0.18657140
v 0.45305315 0.01623165 -0.26718606
v 0.46603354 0.01623165 -0.24703239
v 0.46984189 0.00980938 -0.22687873
v 0.46984189 0.01623165 -0.23800505
v 0.46984189 0.00767963 -0.20672507
v 0.46984189 0.01211743 -0.18657140
v 0.46598019 0.01623165 -0.16641774
v 0.46984189 0.01623165 -0.17559946
v 0.45621657 0.01623165 -0.14626408
v 0.45032232 0.03638531 -0.28733972
v 0.46618048 0.03638531 -0.26718606
v 0.46984189 0.02139196 -0.24703239
v 0.46984189 0.03638531 -0.26161387
v 0.46984189 0.01970993 -0.16641774
v 0.46984189 0.02842380 -0.14626408
v 0.46866710 0.03638531 -0.12611041
v 0.46984189 0.03638531 -0.12846164
v 0.45853155 0.03638531 -0.10595675
v 0.46245763 0.05653898 -0.28733972
v 0.46984189 0.04204648 -0.26718606
v 0.46984189 0.05653898 -0.27805740
v 0.46984189 0.03743769 -0.12611041
v 0.46984189 0.04651606 -0.10595675
v 0.46984189 0.05560292 -0.08580309
v 0.46074227 0.05653898 -0.06564943
v 0.46984189 0.05653898 -0.08372722
v 0.45059774 0.05653898 -0.04549576
v 0.45693786 0.07669264 -0.30749338
v 0.46984189 0.06881129 -0.28733972
v 0.46984189 0.07669264 -0.29259925
v 0.46984189 0.06469073 -0.06564943
v 0.46984189 0.07377854 -0.04549576
v 0.46295031 0.07669264 -0.02534210
v 0.46984189 0.07669264 -0.03903329
v 0.45280578 0.07669264 -0.00518844
v 0.45051488 0.09684630 -0.32764705
v 0.46864219 0.09684630 -0.30749338
v 0.46984189 0.09684630 -0.30610527
v 0.46984189 0.08286636 -0.02534210
v 0.46984189 0.09195404 -0.00518844
v 0.46515825 0.09684630 0.01496523
v 0.46984189 0.09684630 0.00566082
v 0.45500760 0.09684630 0.03511889
v 0.46202083 0.11699997 -0.32764705
v 0.46984189 0.09891032 -0.30749338
v 0.46984189 0.11699997 -0.31895370
v 0.46984189 0.10104197 0.01496523
v 0.46984189 0.11013201 0.03511889
v 0.46733281 0.11699997 0.05527255
v 0.46984189 0.11699997 0.05031097
v 0.45689581 0.11699997 0.07542622
v 0.45502586 0.13715363 -0.34780071
v 0.46984189 0.13068888 -0.32764705
v 0.46984189 0.13715363 -0.33163804
v 0.46984189 0.11924323 0.05527255
v 0.46984189 0.12848112 0.07542622
v 0.46854573 0.13715363 0.09557988
v 0.46984189 0.13715363 0.09329029
v 0.45354452 0.13715363 0.11573354
v 0.46644382 0.15730729 -0.34780071
v 0.46984189 0.15730729 -0.34409185
v 0.46984189 0.13826800 0.09557988
v 0.46984189 0.14992263 0.11573354
v 0.45481241 0.15730729 0.13588721
v 0.46984189 0.15730729 0.12476426
v 0.45918760 0.17746096 -0.36795437
v 0.46984189 0.16330331 -0.34780071
v 0.46984189 0.17746096 -0.35643389
v 0.46984189 0.16658203 0.13588721
v 0.46984189 0.17746096 0.14428411
v 0.45183186 0.19761462 -0.38810804
v 0.46984189 0.19634170 -0.36795437
v 0.46984189 0.19761462 -0.36872545
v 0.46984189 0.19332322 0.15604087
v 0.46984189 0.19761462 0.15826347
v 0.46317880 0.21776828 -0.38810804
v 0.46984189 0.21776828 -0.38093619
v 0.46984189 0.21776828 0.16816597
v 0.45574898 0.23792195 -0.40826170
v 0.46984189 0.22960165 -0.38810804
v 0.46984189 0.23792195 -0.39313099
v 0.46984189 0.23574913 0.17619453
v 0.46984189 0.23792195 0.17699519
v 0.46708328 0.25807561 -0.40826170
v 0.46984189 0.25807561 -0.40529973
v 0.46984189 0.25807561 0.18340194
v 0.45961503 0.27822927 -0.42841536
v 0.46984189 0.26298052 -0.40826170
v 0.46984189 0.27822927 -0.41744996
v 0.46984189 0.27822927 0.18845734
v 0.45213039 0.29838294 -0.44856903
v 0.46984189 0.29642545 -0.42841536
v 0.46984189 0.29838294 -0.42959353
v 0.45689635 0.29838294 0.19634820
v 0.46984189 0.29838294 0.19168678
v 0.46345305 0.31853660 -0.44856903
v 0.46984189 0.31853660 -0.44172408
v 0.46340667 0.31853660 0.19634820
v 0.46984189 0.31853660 0.19250795
v 0.46984189 0.32990819 -0.44856903
v 0.46984189 0.33869026 -0.45385145
v 0.45595534 0.33869026 -0.46872269
v 0.46311713 0.33869026 0.19634820
v 0.46984189 0.33869026 0.19037242
v 0.46984189 0.35884393 -0.46597423
v 0.46727545 0.35884393 -0.46872269
v 0.46039642 0.35884393 0.19634820
v 0.46984189 0.35884393 0.18508164
v 0.46984189 0.36341303 -0.46872269
v 0.45660593 0.37899759 0.19634820
v 0.46984189 0.37899759 0.17694721
v 0.46450405 0.39915125 0.17619453
v 0.46984189 0.38053588 0.17619453
v 0.46984189 0.39915125 0.16607382
v 0.45219049 0.39915125 0.19634820
v 0.46880978 0.41930492 0.15604087
v 0.46984189 0.41584642 0.15604087
v 0.46984189 0.41930492 0.15386568
v 0.45872709 0.41930492 0.17619453
v 0.46272856 0.43945858 0.15604087
v 0.46984189 0.43945858 0.14075890
v 0.45290305 0.43945858 0.17619453
v 0.46593615 0.45961224 0.13588721
v 0.46984189 0.44679556 0.13588721
v 0.46984189 0.45961224 0.12728291
v 0.45664641 0.45961224 0.15604087
v 0.46889514 0.47976590 0.11573354
v 0.46984189 0.47666967 0.11573354
v 0.46984189 0.47976590 0.11363034
v 0.45978094 0.47976590 0.13588721
v 0.45054684 0.47976590 0.15604087
v 0.47497077 0.01623165 -0.22687873
v 0.47786737 0.01623165 -0.20672507
v 0.47414803 0.01623165 -0.18657140
v 0.48007442 0.03638531 -0.24703239
v 0.48999555 0.03513222 -0.22687873
v 0.48999555 0.03638531 -0.22845714
v 0.48999555 0.02921484 -0.20672507
v 0.48999555 0.03144137 -0.18657140
v 0.48808724 0.03638531 -0.16641774
v 0.48999555 0.03638531 -0.17165129
v 0.47869151 0.03638531 -0.14626408
v 0.47881486 0.05653898 -0.26718606
v 0.48999555 0.05087698 -0.24703239
v 0.48999555 0.05653898 -0.25181059
v 0.48999555 0.03812973 -0.16641774
v 0.48999555 0.04655852 -0.14626408
v 0.48999555 0.05550550 -0.12611041
v 0.48102957 0.05653898 -0.10595675
v 0.48999555 0.05653898 -0.12381284
v 0.47088680 0.05653898 -0.08580309
v 0.47448320 0.07669264 -0.28733972
v 0.48999555 0.07453317 -0.26718606
v 0.48999555 0.07669264 -0.26870643
v 0.48999555 0.06457164 -0.10595675
v 0.48999555 0.07365725 -0.08580309
v 0.48323936 0.07669264 -0.06564943
v 0.48999555 0.07669264 -0.07907164
v 0.47309483 0.07669264 -0.04549576
v 0.48637239 0.09684630 -0.28733972
v 0.48999555 0.09684630 -0.28297187
v 0.48999555 0.08274507 -0.06564943
v 0.48999555 0.09183275 -0.04549576
v 0.48544755 0.09684630 -0.02534210
v 0.48999555 0.09684630 -0.03437731
v 0.47530307 0.09684630 -0.00518844
v 0.48024782 0.11699997 -0.30749338
v 0.48999555 0.10297641 -0.28733972
v 0.48999555 0.11699997 -0.29645416
v 0.48999555 0.10092052 -0.02534210
v 0.48999555 0.11000833 -0.00518844
v 0.48765562 0.11699997 0.01496523
v 0.48999555 0.11699997 0.01031662
v 0.47750912 0.11699997 0.03511889
v 0.47351696 0.13715363 -0.32764705
v 0.48999555 0.13392390 -0.30749338
v 0.48999555 0.13715363 -0.30951168
v 0.48999555 0.11909621 0.01496523
v 0.48999555 0.12818553 0.03511889
v 0.48984834 0.13715363 0.05527255
v 0.48999555 0.13715363 0.05498069
v 0.47956772 0.13715363 0.07542622
v 0.48497911 0.15730729 -0.32764705
v 0.48999555 0.15730729 -0.32212195
v 0.48999555 0.13728553 0.05527255
v 0.48999555 0.14646432 0.07542622
v 0.48999555 0.15597607 0.09557988
v 0.47872345 0.15730729 0.11573354
v 0.48999555 0.15730729 0.09809755
v 0.47784477 0.17746096 -0.34780071
v 0.48999555 0.16612302 -0.32764705
v 0.48999555 0.17746096 -0.33460374
v 0.48999555 0.16679553 0.11573354
v 0.48482255 0.17746096 0.13588721
v 0.48999555 0.17746096 0.13066559
v 0.47055925 0.19761462 -0.36795437
v 0.48924069 0.19761462 -0.34780071
v 0.48999555 0.19761462 -0.34698053
v 0.48999555 0.18142234 0.13588721
v 0.47743523 0.19761462 0.15604087
v 0.48999555 0.19761462 0.14984487
v 0.48191802 0.21776828 -0.36795437
v 0.48999555 0.19894936 -0.34780071
v 0.48999555 0.21776828 -0.35923989
v 0.48999555 0.20592340 0.15604087
v 0.48999555 0.21776828 0.16206416
v 0.47452352 0.23792195 -0.38810804
v 0.48999555 0.23209774 -0.36795437
v 0.48999555 0.23792195 -0.37147656
v 0.47303735 0.23792195 0.17619453
v 0.48999555 0.23792195 0.17018242
v 0.48586436 0.25807561 -0.38810804
v 0.48999555 0.25807561 -0.38366676
v 0.48855427 0.25807561 0.17619453
v 0.48999555 0.25807561 0.17540463
v 0.47841463 0.27822927 -0.40826170
v 0.48999555 0.26541652 -0.38810804
v 0.48999555 0.27822927 -0.39583606
v 0.48999555 0.26788305 0.17619453
v 0.48999555 0.27822927 0.17691895
v 0.47094182 0.29838294 -0.42841536
v 0.48974550 0.29838294 -0.40826170
v 0.48999555 0.29838294 -0.40799340
v 0.48879707 0.29838294 0.17619453
v 0.48999555 0.28634953 0.17619453
v 0.48999555 0.29838294 0.17482673
v 0.48226656 0.31853660 -0.42841536
v 0.48999555 0.29882767 -0.40826170
v 0.48999555 0.31853660 -0.42013130
v 0.48494936 0.31853660 0.17619453
v 0.48999555 0.31853660 0.16890367
v 0.47477520 0.33869026 -0.44856903
v 0.48999555 0.33229092 -0.42841536
v 0.48999555 0.33869026 -0.43226581
v 0.48044097 0.33869026 0.17619453
v 0.48999555 0.33869026 0.16004063
v 0.48609664 0.35884393 -0.44856903
v 0.48999555 0.35884393 -0.44439263
v 0.48644822 0.35884393 0.15604087
v 0.48999555 0.34621333 0.15604087
v 0.48999555 0.35884393 0.14883538
v 0.47551677 0.35884393 0.17619453
v 0.48999555 0.36578448 -0.44856903
v 0.48999555 0.37899759 -0.45651522
v 0.47859497 0.37899759 -0.46872269
v 0.48064994 0.37899759 0.15604087
v 0.48999555 0.37899759 0.13639498
v 0.47027177 0.37899759 0.17619453
v 0.48999555 0.39915125 -0.46863557
v 0.48991420 0.39915125 -0.46872269
v 0.48421376 0.39915125 0.13588721
v 0.48999555 0.37978631 0.13588721
v 0.48999555 0.39915125 0.12323071
v 0.47477823 0.39915125 0.15604087
v 0.48999555 0.39929611 -0.46872269
v 0.48731289 0.41930492 0.11573354
v 0.48999555 0.41040593 0.11573354
v 0.48999555 0.41930492 0.10978613
v 0.47816136 0.41930492 0.13588721
v 0.48119437 0.43945858 0.11573354
v 0.48999555 0.43945858 0.09618098
v 0.47207336 0.43945858 0.13588721
v 0.48411485 0.45961224 0.09557988
v 0.48999555 0.44034302 0.09557988
v 0.48999555 0.45961224 0.08248349
v 0.47505477 0.45961224 0.11573354
v 0.48699477 0.47976590 0.07542622
v 0.48999555 0.46995753 0.07542622
v 0.48999555 0.47976590 0.06873863
v 0.47795036 0.47976590 0.09557988
f 2 1 3
f 5 1 2
f 4 1 5
f 7 4 5
f 6 4 7
f 6 8 9
f 6 7 8
f 7 10 8
f 8 10 11
f 10 12 11
f 11 12 13
f 12 14 13
f 13 14 15
f 14 16 15
f 16 17 15
f 18 17 16
f 20 19 21
f 23 19 20
f 22 19 23
f 22 24 25
f 22 23 24
f 23 26 24
f 24 26 27
f 26 28 27
f 3 1 29
f 3 29 28
f 28 29 27
f 1 4 30
f 29 1 30
f 4 6 31
f 30 4 31
f 6 9 31
f 17 18 33
f 32 17 33
f 33 34 32
f 35 34 33
f 37 36 38
f 40 36 37
f 39 36 40
f 39 41 42
f 39 40 41
f 40 43 41
f 41 43 44
f 43 45 44
f 44 45 46
f 45 47 46
f 21 19 48
f 21 48 47
f 47 48 46
f 19 22 49
f 48 19 49
f 22 25 49
f 34 35 51
f 50 34 51
f 51 52 50
f 53 52 51
f 55 54 56
f 58 54 55
f 57 54 58
f 60 57 58
f 59 57 60
f 59 61 62
f 59 60 61
f 60 63 61
f 61 63 64
f 63 65 64
f 38 36 66
f 38 66 65
f 65 66 64
f 36 39 67
f 66 36 67
f 39 42 67
f 52 53 69
f 68 52 69
f 69 70 68
f 71 70 69
f 73 72 74
f 76 72 73
f 75 72 76
f 75 77 78
f 75 76 77
f 76 79 77
f 77 79 80
f 79 81 80
f 56 54 82
f 56 82 81
f 81 82 80
f 54 57 83
f 82 54 83
f 57 59 84
f 83 57 84
f 59 62 84
f 70 71 85
f 85 71 86
f 88 89 87
f 89 90 87
f 87 90 91
f 90 92 91
f 74 72 93
f 74 93 92
f 92 93 91
f 72 75 94
f 93 72 94
f 75 78 94
f 85 86 95
f 95 86 96
f 95 96 97
f 97 96 98
f 97 98 99
f 99 98 100
f 99 100 101
f 101 100 102
f 101 102 103
f 103 102 104
f 103 104 105
f 105 104 106
f 105 106 107
f 107 106 108
f 107 108 109
f 109 108 110
f 109 110 111
f 111 110 112
f 111 112 113
f 113 112 114
f 113 114 115
f 115 114 116
f 117 121 120
f 117 120 118
f 118 120 119
f 118 123 122
f 117 118 122
f 123 124 122
f 115 116 125
f 125 116 126
f 117 127 121
f 122 127 117
f 128 127 122
f 124 128 122
f 124 129 128
f 129 130 128
f 129 131 130
f 130 131 132
f 131 133 132
f 132 133 134
f 133 135 134
f 134 135 136
f 137 139 136
f 137 136 138
f 138 136 135
f 138 141 140
f 137 138 140
f 141 143 142
f 140 141 142
f 143 144 142
f 148 146 145
f 147 148 145
f 145 126 147
f 125 126 145
f 137 149 139
f 140 149 137
f 150 149 140
f 142 150 140
f 151 150 142
f 144 151 142
f 144 152 151
f 152 153 151
f 152 154 153
f 153 154 155
f 154 156 155
f 155 156 157
f 156 158 157
f 157 158 159
f 160 162 159
f 160 159 161
f 161 159 158
f 161 164 163
f 160 161 163
f 164 166 165
f 163 164 165
f 166 167 165
f 146 148 168
f 168 148 169
f 160 170 162
f 163 170 160
f 171 170 163
f 165 171 163
f 172 171 165
f 167 172 165
f 167 173 172
f 173 174 172
f 173 175 174
f 174 175 176
f 175 177 176
f 176 177 178
f 178 177 179
f 180 178 179
f 184 182 181
f 183 184 181
f 181 169 183
f 168 169 181
f 187 185 186
f 186 188 189
f 185 188 186
f 192 189 188
f 192 191 189
f 191 190 189
f 190 191 193
f 191 194 193
f 193 194 180
f 179 193 180
f 198 196 195
f 197 198 195
f 195 184 197
f 182 184 195
f 201 199 200
f 200 185 187
f 200 199 185
f 199 202 185
f 185 202 188
f 188 202 203
f 188 203 204
f 192 188 204
f 196 198 206
f 205 196 206
f 206 207 205
f 208 207 206
f 210 199 201
f 209 199 210
f 199 209 202
f 202 209 211
f 213 212 203
f 213 203 211
f 211 203 202
f 203 212 204
f 207 208 215
f 214 207 215
f 215 216 214
f 217 216 215
f 220 218 219
f 219 209 210
f 219 218 209
f 218 221 209
f 223 222 211
f 223 211 221
f 221 211 209
f 211 222 213
f 216 217 224
f 224 217 225
f 228 226 227
f 227 218 220
f 227 226 218
f 226 229 218
f 218 229 221
f 221 229 230
f 221 230 231
f 223 221 231
f 224 225 233
f 232 224 233
f 233 234 232
f 235 234 233
f 237 226 228
f 236 226 237
f 226 236 229
f 229 236 238
f 240 239 230
f 240 230 238
f 238 230 229
f 230 239 231
f 234 235 241
f 241 235 242
f 245 243 244
f 244 236 237
f 244 243 236
f 243 246 236
f 248 247 238
f 248 238 246
f 246 238 236
f 238 247 240
f 249 250 241
f 249 241 251
f 251 241 242
f 250 249 252
f 255 253 254
f 254 243 245
f 254 253 243
f 253 256 243
f 243 256 246
f 246 256 257
f 246 257 258
f 248 246 258
f 260 261 259
f 259 263 262
f 260 259 262
f 260 262 249
f 260 249 251
f 249 262 252
f 265 253 255
f 264 253 265
f 253 264 256
f 256 264 266
f 268 267 257
f 268 257 266
f 266 257 256
f 257 267 258
f 269 259 261
f 270 269 261
f 263 269 271
f 259 269 263
f 274 272 273
f 273 264 265
f 273 272 264
f 272 275 264
f 277 276 266
f 277 266 275
f 275 266 264
f 266 276 268
f 279 280 278
f 278 282 281
f 279 278 281
f 279 281 269
f 279 269 270
f 269 281 271
f 285 283 284
f 284 272 274
f 284 283 272
f 283 286 272
f 288 287 275
f 288 275 286
f 286 275 272
f 275 287 277
f 290 291 289
f 289 293 292
f 290 289 292
f 290 292 278
f 290 278 280
f 278 292 282
f 295 283 285
f 294 283 295
f 283 294 286
f 286 294 296
f 286 296 297
f 288 286 297
f 298 289 291
f 299 298 291
f 293 298 300
f 289 298 293
f 303 301 302
f 302 294 295
f 302 301 294
f 301 304 294
f 306 305 296
f 306 296 304
f 304 296 294
f 296 305 297
f 308 309 307
f 307 311 310
f 308 307 310
f 308 310 298
f 308 298 299
f 298 310 300
f 314 312 313
f 313 301 303
f 313 312 301
f 312 315 301
f 317 316 304
f 317 304 315
f 315 304 301
f 304 316 306
f 318 307 309
f 319 318 309
f 311 318 320
f 307 318 311
f 323 321 322
f 322 312 314
f 322 321 312
f 321 324 312
f 312 324 315
f 315 324 325
f 315 325 326
f 317 315 326
f 328 329 327
f 327 331 330
f 328 327 330
f 328 330 318
f 328 318 319
f 318 330 320
f 8 332 9
f 11 332 8
f 333 332 11
f 13 333 11
f 334 333 13
f 15 334 13
f 335 334 15
f 15 17 335
f 24 336 25
f 27 336 24
f 337 336 27
f 29 337 27
f 338 337 29
f 30 338 29
f 339 338 30
f 339 340 341
f 339 30 340
f 30 31 340
f 9 332 342
f 9 342 31
f 31 342 340
f 332 333 343
f 342 332 343
f 333 334 344
f 343 333 344
f 334 335 345
f 344 334 345
f 335 17 32
f 335 32 345
f 345 32 346
f 32 347 346
f 34 347 32
f 41 348 42
f 44 348 41
f 349 348 44
f 46 349 44
f 350 349 46
f 350 351 352
f 350 46 351
f 46 48 351
f 351 48 353
f 48 49 353
f 25 336 354
f 25 354 49
f 49 354 353
f 336 337 355
f 354 336 355
f 337 338 356
f 355 337 356
f 338 339 357
f 356 338 357
f 339 341 357
f 347 34 50
f 358 347 50
f 50 359 358
f 52 359 50
f 61 360 62
f 64 360 61
f 361 360 64
f 361 362 363
f 361 64 362
f 64 66 362
f 362 66 364
f 66 67 364
f 42 348 365
f 42 365 67
f 67 365 364
f 348 349 366
f 365 348 366
f 349 350 367
f 366 349 367
f 350 352 367
f 359 52 68
f 368 359 68
f 68 369 368
f 70 369 68
f 77 370 78
f 80 370 77
f 371 370 80
f 371 372 373
f 371 80 372
f 80 82 372
f 372 82 374
f 82 83 374
f 374 83 375
f 83 84 375
f 62 360 376
f 62 376 84
f 84 376 375
f 360 361 377
f 376 360 377
f 361 363 377
f 369 70 378
f 378 70 85
f 87 380 88
f 379 380 87
f 91 379 87
f 381 379 91
f 381 382 383
f 381 91 382
f 91 93 382
f 382 93 384
f 93 94 384
f 78 370 385
f 78 385 94
f 94 385 384
f 370 371 386
f 385 370 386
f 371 373 386
f 378 85 387
f 387 85 95
f 380 379 388
f 389 380 388
f 379 381 390
f 388 379 390
f 381 383 390
f 387 95 391
f 391 95 97
f 391 97 392
f 392 97 99
f 392 99 393
f 393 99 101
f 393 101 394
f 394 101 103
f 394 103 395
f 395 103 105
f 395 105 396
f 396 105 107
f 396 107 397
f 397 107 109
f 397 109 398
f 398 109 111
f 398 111 399
f 399 111 113
f 399 113 400
f 400 113 115
f 402 401 119
f 119 401 118
f 401 403 118
f 118 403 123
f 404 124 123
f 404 123 405
f 405 123 403
f 405 407 406
f 404 405 406
f 407 409 408
f 406 407 408
f 409 411 410
f 408 409 410
f 411 412 410
f 400 115 413
f 413 115 125
f 404 129 124
f 406 129 404
f 131 129 406
f 408 131 406
f 133 131 408
f 410 133 408
f 135 133 410
f 412 135 410
f 412 414 135
f 414 138 135
f 414 415 138
f 138 415 141
f 415 416 141
f 141 416 143
f 417 144 143
f 417 143 418
f 418 143 416
f 418 420 419
f 417 418 419
f 420 422 421
f 419 420 421
f 422 424 423
f 421 422 423
f 424 425 423
f 146 427 426
f 145 146 426
f 426 125 145
f 413 125 426
f 417 152 144
f 419 152 417
f 154 152 419
f 421 154 419
f 156 154 421
f 423 156 421
f 158 156 423
f 425 158 423
f 425 428 158
f 428 161 158
f 428 429 161
f 161 429 164
f 429 430 164
f 164 430 166
f 431 167 166
f 431 166 432
f 432 166 430
f 432 434 433
f 431 432 433
f 434 436 435
f 433 434 435
f 436 438 437
f 435 436 437
f 438 440 439
f 437 438 439
f 440 441 439
f 427 146 442
f 442 146 168
f 444 445 443
f 431 173 167
f 444 443 447
f 447 443 446
f 173 431 433
f 173 433 175
f 447 446 449
f 449 446 448
f 175 433 435
f 175 435 177
f 435 437 179
f 435 179 177
f 437 450 179
f 448 179 449
f 450 449 179
f 437 439 451
f 450 437 451
f 439 441 451
f 454 453 452
f 453 456 455
f 452 453 455
f 182 455 456
f 182 456 181
f 181 456 457
f 457 168 181
f 442 168 457
f 460 458 459
f 459 461 462
f 458 461 459
f 187 462 461
f 187 186 462
f 186 463 462
f 443 445 463
f 443 463 189
f 189 463 186
f 446 443 189
f 190 446 189
f 448 446 190
f 193 448 190
f 448 193 179
f 454 452 464
f 466 464 196
f 466 196 465
f 464 452 196
f 195 196 455
f 452 455 196
f 455 182 195
f 466 465 467
f 470 468 469
f 469 458 460
f 469 468 458
f 468 471 458
f 201 200 461
f 201 461 471
f 471 461 458
f 461 200 187
f 465 196 205
f 205 467 465
f 205 207 467
f 207 472 467
f 475 473 474
f 474 468 470
f 474 473 468
f 473 476 468
f 468 476 471
f 471 476 477
f 471 477 210
f 201 471 210
f 472 207 214
f 478 472 214
f 214 479 478
f 216 479 214
f 481 473 475
f 480 473 481
f 473 480 476
f 476 480 482
f 220 219 477
f 220 477 482
f 482 477 476
f 477 219 210
f 483 484 479
f 483 479 224
f 224 479 216
f 484 483 485
f 488 486 487
f 487 480 481
f 487 486 480
f 486 489 480
f 228 227 482
f 228 482 489
f 489 482 480
f 482 227 220
f 483 224 232
f 232 485 483
f 232 234 485
f 234 490 485
f 493 491 492
f 492 486 488
f 492 491 486
f 491 494 486
f 486 494 489
f 489 494 495
f 489 495 237
f 228 489 237
f 490 234 496
f 496 234 241
f 498 491 493
f 497 491 498
f 491 497 494
f 494 497 499
f 245 244 495
f 245 495 499
f 499 495 494
f 495 244 237
f 496 241 250
f 500 496 250
f 250 501 500
f 252 501 250
f 504 502 503
f 503 497 498
f 503 502 497
f 502 505 497
f 255 254 499
f 255 499 505
f 505 499 497
f 499 254 245
f 262 263 506
f 506 252 262
f 506 507 252
f 507 501 252
f 510 508 509
f 509 502 504
f 509 508 502
f 508 511 502
f 502 511 505
f 505 511 512
f 505 512 265
f 255 505 265
f 513 506 263
f 271 513 263
f 507 513 514
f 506 513 507
f 516 508 510
f 515 508 516
f 508 515 511
f 511 515 517
f 274 273 512
f 274 512 517
f 517 512 511
f 512 273 265
f 281 282 518
f 518 520 519
f 281 518 519
f 281 519 513
f 281 513 271
f 513 519 514
f 523 521 522
f 522 515 516
f 522 521 515
f 521 524 515
f 285 284 517
f 285 517 524
f 524 517 515
f 517 284 274
f 292 293 525
f 282 292 525
f 282 525 518
f 518 525 526
f 520 526 527
f 518 526 520
f 530 528 529
f 529 521 523
f 529 528 521
f 528 531 521
f 521 531 524
f 524 531 532
f 524 532 295
f 285 524 295
f 533 525 293
f 300 533 293
f 534 533 535
f 534 526 533
f 526 525 533
f 526 534 527
f 537 528 530
f 536 528 537
f 528 536 531
f 531 536 538
f 303 302 532
f 303 532 538
f 538 532 531
f 532 302 295
f 310 311 539
f 539 541 540
f 310 539 540
f 310 540 533
f 310 533 300
f 533 540 535
f 544 542 543
f 543 536 537
f 543 542 536
f 542 545 536
f 314 313 538
f 314 538 545
f 545 538 536
f 538 313 303
f 546 539 311
f 320 546 311
f 541 546 547
f 539 546 541
f 550 548 549
f 549 542 544
f 549 548 542
f 548 551 542
f 323 322 545
f 323 545 551
f 551 545 542
f 545 322 314
f 330 331 552
f 552 554 553
f 330 552 553
f 330 553 546
f 330 546 320
f 546 553 547
f 340 555 341
f 342 555 340
f 556 555 342
f 343 556 342
f 557 556 343
f 344 557 343
f 558 557 344
f 345 558 344
f 559 558 345
f 559 560 561
f 559 345 560
f 345 346 560
f 346 562 560
f 347 562 346
f 351 563 352
f 353 563 351
f 564 563 353
f 354 564 353
f 565 564 354
f 355 565 354
f 566 565 355
f 356 566 355
f 567 566 356
f 567 568 569
f 567 356 568
f 356 357 568
f 341 555 570
f 341 570 357
f 357 570 568
f 555 556 571
f 570 555 571
f 556 557 572
f 571 556 572
f 557 558 573
f 572 557 573
f 558 559 574
f 573 558 574
f 559 561 574
f 562 347 358
f 575 562 358
f 358 576 575
f 359 576 358
f 362 577 363
f 364 577 362
f 578 577 364
f 365 578 364
f 579 578 365
f 366 579 365
f 580 579 366
f 367 580 366
f 581 580 367
f 581 582 583
f 367 582 581
f 367 563 582
f 367 352 563
f 563 564 584
f 582 563 584
f 564 565 585
f 584 564 585
f 565 566 586
f 585 565 586
f 566 567 587
f 586 566 587
f 567 569 587
f 368 588 589
f 368 589 359
f 359 589 576
f 368 369 588
f 372 590 373
f 374 590 372
f 591 590 374
f 375 591 374
f 592 591 375
f 376 592 375
f 593 592 376
f 593 594 595
f 593 376 594
f 376 377 594
f 363 577 596
f 363 596 377
f 377 596 594
f 577 578 597
f 596 577 597
f 578 579 598
f 597 578 598
f 579 580 599
f 598 579 599
f 580 581 600
f 599 580 600
f 581 583 600
f 589 588 601
f 588 602 601
f 588 369 602
f 369 378 602
f 382 603 383
f 384 603 382
f 604 603 384
f 385 604 384
f 605 604 385
f 605 606 607
f 605 385 606
f 385 386 606
f 373 590 608
f 373 608 386
f 386 608 606
f 590 591 609
f 608 590 609
f 591 592 610
f 609 591 610
f 592 593 611
f 610 592 611
f 593 595 611
f 602 378 612
f 612 378 387
f 615 613 614
f 615 389 613
f 389 388 613
f 613 388 616
f 388 390 616
f 383 603 617
f 383 617 390
f 390 617 616
f 603 604 618
f 617 603 618
f 604 605 619
f 618 604 619
f 605 607 619
f 612 387 620
f 620 387 391
f 615 614 621
f 620 391 622
f 622 391 392
f 622 392 623
f 623 392 393
f 623 393 624
f 624 393 394
f 624 394 625
f 625 394 395
f 625 395 626
f 626 395 396
f 626 396 627
f 627 396 397
f 627 397 628
f 628 397 398
f 628 398 629
f 629 398 399
f 632 631 630
f 633 632 630
f 631 635 634
f 630 631 634
f 635 637 636
f 634 635 636
f 637 639 638
f 636 637 638
f 639 640 638
f 629 399 641
f 641 399 400
f 630 402 633
f 401 402 630
f 634 401 630
f 403 401 634
f 636 403 634
f 405 403 636
f 638 405 636
f 407 405 638
f 640 407 638
f 640 642 407
f 642 409 407
f 642 643 409
f 409 643 411
f 644 412 411
f 644 411 645
f 645 411 643
f 645 647 646
f 644 645 646
f 647 649 648
f 646 647 648
f 649 651 650
f 648 649 650
f 651 653 652
f 650 651 652
f 653 655 654
f 652 653 654
f 655 656 654
f 641 400 657
f 657 400 413
f 644 414 412
f 646 414 644
f 415 414 646
f 648 415 646
f 416 415 648
f 650 416 648
f 418 416 650
f 652 418 650
f 420 418 652
f 654 420 652
f 422 420 654
f 656 422 654
f 656 658 422
f 658 424 422
f 659 425 424
f 659 424 660
f 660 424 658
f 660 662 661
f 659 660 661
f 662 664 663
f 661 662 663
f 664 666 665
f 663 664 665
f 666 668 667
f 665 666 667
f 668 670 669
f 667 668 669
f 670 672 671
f 669 670 671
f 672 673 671
f 427 675 674
f 426 427 674
f 674 413 426
f 657 413 674
f 659 428 425
f 661 428 659
f 429 428 661
f 663 429 661
f 430 429 663
f 665 430 663
f 432 430 665
f 667 432 665
f 434 432 667
f 669 434 667
f 436 434 669
f 671 436 669
f 438 436 671
f 673 438 671
f 673 676 438
f 676 440 438
f 677 441 440
f 677 440 678
f 678 440 676
f 678 680 679
f 677 678 679
f 680 682 681
f 679 680 681
f 682 684 683
f 681 682 683
f 684 686 685
f 683 684 685
f 686 688 687
f 685 686 687
f 688 690 689
f 687 688 689
f 690 692 691
f 689 690 691
f 692 442 691
f 692 675 442
f 675 427 442
f 695 693 694
f 694 696 697
f 693 696 694
f 697 698 699
f 696 698 697
f 445 699 698
f 445 444 699
f 444 700 699
f 700 444 701
f 444 447 701
f 701 447 702
f 447 449 702
f 702 449 703
f 449 450 703
f 703 450 704
f 450 451 704
f 441 677 705
f 441 705 451
f 451 705 704
f 677 679 706
f 705 677 706
f 679 681 707
f 706 679 707
f 681 683 708
f 707 681 708
f 683 685 709
f 708 683 709
f 709 454 710
f 709 687 454
f 709 685 687
f 453 454 687
f 689 453 687
f 456 453 689
f 691 456 689
f 457 456 691
f 691 442 457
f 713 711 712
f 712 714 715
f 711 714 712
f 693 460 459
f 695 460 693
f 695 714 460
f 695 715 714
f 696 693 459
f 462 696 459
f 698 696 462
f 463 698 462
f 698 463 445
f 710 454 464
f 716 710 464
f 716 464 717
f 464 466 717
f 466 718 717
f 467 718 466
f 721 719 720
f 720 711 713
f 720 719 711
f 719 722 711
f 470 469 714
f 470 714 722
f 722 714 711
f 714 469 460
f 723 724 718
f 723 718 472
f 472 718 467
f 724 723 725
f 728 726 727
f 727 719 721
f 727 726 719
f 726 729 719
f 475 474 722
f 475 722 729
f 729 722 719
f 722 474 470
f 723 472 478
f 478 725 723
f 478 479 725
f 479 730 725
f 732 726 728
f 731 726 732
f 726 731 729
f 729 731 733
f 729 733 481
f 475 729 481
f 730 479 484
f 734 730 484
f 484 735 734
f 485 735 484
f 738 736 737
f 737 731 732
f 737 736 731
f 736 739 731
f 488 487 733
f 488 733 739
f 739 733 731
f 733 487 481
f 735 485 740
f 740 485 490
f 743 741 742
f 742 736 738
f 742 741 736
f 741 744 736
f 493 492 739
f 493 739 744
f 744 739 736
f 739 492 488
f 740 490 745
f 745 490 496
f 747 741 743
f 746 741 747
f 741 746 744
f 744 746 748
f 744 748 498
f 493 744 498
f 745 496 500
f 749 745 500
f 500 750 749
f 501 750 500
f 753 751 752
f 752 746 747
f 752 751 746
f 751 754 746
f 504 503 748
f 504 748 754
f 754 748 746
f 748 503 498
f 750 501 755
f 755 501 507
f 758 756 757
f 757 751 753
f 757 756 751
f 756 759 751
f 510 509 754
f 510 754 759
f 759 754 751
f 754 509 504
f 760 761 755
f 760 755 514
f 514 755 507
f 761 760 762
f 765 763 764
f 764 756 758
f 764 763 756
f 763 766 756
f 756 766 759
f 759 766 767
f 759 767 516
f 510 759 516
f 519 520 768
f 768 770 769
f 519 768 769
f 519 769 760
f 519 760 514
f 760 769 762
f 772 763 765
f 771 763 772
f 763 771 766
f 766 771 773
f 523 522 767
f 523 767 773
f 773 767 766
f 767 522 516
f 774 768 520
f 527 774 520
f 770 774 775
f 768 774 770
f 778 776 777
f 777 771 772
f 777 776 771
f 776 779 771
f 530 529 773
f 530 773 779
f 779 773 771
f 773 529 523
f 534 535 780
f 780 782 781
f 534 780 781
f 534 781 774
f 534 774 527
f 774 781 775
f 785 783 784
f 784 776 778
f 784 783 776
f 783 786 776
f 776 786 779
f 779 786 787
f 779 787 537
f 530 779 537
f 540 541 788
f 788 790 789
f 540 788 789
f 540 789 780
f 540 780 535
f 780 789 782
f 792 783 785
f 791 783 792
f 783 791 786
f 786 791 793
f 544 543 787
f 544 787 793
f 793 787 786
f 787 543 537
f 794 788 541
f 547 794 541
f 790 794 795
f 788 794 790
f 798 796 797
f 797 791 792
f 797 796 791
f 796 799 791
f 550 549 793
f 550 793 799
f 799 793 791
f 793 549 544
f 553 554 800
f 800 802 801
f 553 800 801
f 553 801 794
f 553 794 547
f 794 801 795
f 560 803 561
f 560 562 803
f 568 804 569
f 570 804 568
f 805 804 570
f 571 805 570
f 806 805 571
f 572 806 571
f 807 806 572
f 573 807 572
f 808 807 573
f 574 808 573
f 809 808 574
f 561 809 574
f 561 803 809
f 803 810 809
f 575 803 562
f 575 811 803
f 811 810 803
f 575 576 811
f 582 812 583
f 584 812 582
f 813 812 584
f 585 813 584
f 814 813 585
f 586 814 585
f 815 814 586
f 587 815 586
f 816 815 587
f 569 816 587
f 569 804 816
f 804 817 816
f 804 805 817
f 805 818 817
f 805 806 818
f 806 819 818
f 820 821 819
f 820 819 807
f 807 819 806
f 807 808 822
f 820 807 822
f 808 809 823
f 822 808 823
f 809 810 824
f 823 809 824
f 810 811 825
f 824 810 825
f 811 826 825
f 811 576 826
f 576 589 826
f 594 827 595
f 596 827 594
f 828 827 596
f 597 828 596
f 829 828 597
f 598 829 597
f 830 829 598
f 599 830 598
f 831 830 599
f 600 831 599
f 832 831 600
f 583 832 600
f 583 812 832
f 812 833 832
f 812 813 833
f 813 834 833
f 835 836 834
f 835 834 814
f 814 834 813
f 814 815 837
f 835 814 837
f 815 816 838
f 837 815 838
f 816 817 839
f 838 816 839
f 817 818 840
f 839 817 840
f 818 819 841
f 840 818 841
f 819 821 841
f 826 589 601
f 842 826 601
f 601 843 842
f 602 843 601
f 606 844 607
f 608 844 606
f 845 844 608
f 609 845 608
f 846 845 609
f 610 846 609
f 847 846 610
f 611 847 610
f 848 847 611
f 595 848 611
f 595 827 848
f 827 849 848
f 827 828 849
f 828 850 849
f 851 852 850
f 851 850 829
f 829 850 828
f 829 830 853
f 851 829 853
f 830 831 854
f 853 830 854
f 831 832 855
f 854 831 855
f 832 833 856
f 855 832 856
f 833 834 857
f 856 833 857
f 834 836 857
f 843 602 858
f 858 602 612
f 613 859 614
f 616 859 613
f 860 859 616
f 617 860 616
f 861 860 617
f 618 861 617
f 862 861 618
f 619 862 618
f 863 862 619
f 607 863 619
f 607 844 863
f 844 864 863
f 844 845 864
f 845 865 864
f 866 867 865
f 866 865 846
f 846 865 845
f 846 847 868
f 866 846 868
f 847 848 869
f 868 847 869
f 848 849 870
f 869 848 870
f 849 850 871
f 870 849 871
f 850 852 871
f 858 612 872
f 872 612 620
f 614 874 621
f 614 859 874
f 859 873 874
f 875 876 873
f 875 873 860
f 860 873 859
f 860 861 877
f 875 860 877
f 861 862 878
f 877 861 878
f 862 863 879
f 878 862 879
f 863 864 880
f 879 863 880
f 864 865 881
f 880 864 881
f 865 867 881
f 872 620 882
f 882 620 622
f 874 873 883
f 884 874 883
f 873 876 883
f 882 622 885
f 885 622 623
f 885 623 886
f 886 623 624
f 886 624 887
f 887 624 625
f 887 625 888
f 888 625 626
f 888 626 889
f 889 626 627
f 889 627 890
f 890 627 628
f 893 892 891
f 894 893 891
f 892 896 895
f 891 892 895
f 896 898 897
f 895 896 897
f 898 900 899
f 897 898 899
f 900 902 901
f 899 900 901
f 902 904 903
f 901 902 903
f 904 906 905
f 903 904 905
f 906 907 905
f 890 628 908
f 908 628 629
f 891 632 894
f 631 632 891
f 895 631 891
f 635 631 895
f 897 635 895
f 637 635 897
f 899 637 897
f 639 637 899
f 639 909 640
f 639 899 909
f 899 901 909
f 901 903 909
f 903 910 909
f 903 905 910
f 905 911 910
f 907 913 912
f 907 912 905
f 905 912 911
f 913 915 914
f 912 913 914
f 915 917 916
f 914 915 916
f 917 919 918
f 916 917 918
f 919 921 920
f 918 919 920
f 921 923 922
f 920 921 922
f 923 925 924
f 922 923 924
f 925 927 926
f 924 925 926
f 927 929 928
f 926 927 928
f 929 930 928
f 908 629 931
f 931 629 641
f 909 642 640
f 910 642 909
f 643 642 910
f 911 643 910
f 645 643 911
f 912 645 911
f 647 645 912
f 914 647 912
f 649 647 914
f 916 649 914
f 651 649 916
f 918 651 916
f 653 651 918
f 920 653 918
f 655 653 920
f 655 932 656
f 655 920 932
f 920 922 932
f 922 924 932
f 924 933 932
f 924 926 933
f 926 934 933
f 926 928 934
f 928 935 934
f 930 937 936
f 930 936 928
f 928 936 935
f 937 939 938
f 936 937 938
f 939 941 940
f 938 939 940
f 941 943 942
f 940 941 942
f 943 945 944
f 942 943 944
f 945 947 946
f 944 945 946
f 947 948 946
f 951 950 949
f 950 952 949
f 931 641 953
f 953 641 657
f 932 658 656
f 933 658 932
f 660 658 933
f 934 660 933
f 662 660 934
f 935 662 934
f 664 662 935
f 936 664 935
f 666 664 936
f 938 666 936
f 668 666 938
f 940 668 938
f 670 668 940
f 942 670 940
f 672 670 942
f 672 954 673
f 672 942 954
f 942 944 954
f 955 956 954
f 955 954 946
f 946 954 944
f 946 948 955
f 959 958 957
f 958 951 949
f 958 949 957
f 957 949 960
f 952 962 961
f 952 961 949
f 949 961 960
f 962 964 963
f 961 962 963
f 964 966 965
f 963 964 965
f 675 965 966
f 675 966 674
f 674 966 967
f 967 657 674
f 953 657 967
f 969 970 968
f 954 676 673
f 968 971 956
f 968 956 969
f 971 678 956
f 954 956 676
f 678 676 956
f 680 678 971
f 972 680 971
f 972 974 973
f 972 973 680
f 680 973 682
f 957 973 959
f 957 684 973
f 684 682 973
f 960 684 957
f 686 684 960
f 961 686 960
f 688 686 961
f 963 688 961
f 690 688 963
f 965 690 963
f 692 690 965
f 965 675 692
f 977 975 976
f 976 978 979
f 975 978 976
f 979 980 981
f 978 980 979
f 981 982 983
f 980 982 981
f 695 983 982
f 695 694 983
f 694 984 983
f 984 694 985
f 694 697 985
f 985 697 986
f 697 699 986
f 986 699 987
f 699 700 987
f 987 700 988
f 700 701 988
f 988 701 989
f 701 702 989
f 989 702 990
f 702 703 990
f 968 970 990
f 968 990 704
f 704 990 703
f 971 968 704
f 705 971 704
f 972 971 705
f 706 972 705
f 974 972 706
f 974 706 991
f 991 706 707
f 991 707 992
f 707 708 992
f 992 708 993
f 708 709 993
f 994 709 710
f 994 995 709
f 995 993 709
f 995 994 996
f 999 997 998
f 998 975 977
f 998 997 975
f 997 1000 975
f 975 1000 978
f 978 1000 1001
f 713 712 980
f 713 980 1001
f 1001 980 978
f 982 980 712
f 715 982 712
f 982 715 695
f 994 710 716
f 996 994 716
f 996 716 1002
f 1002 716 717
f 717 1003 1002
f 718 1003 717
f 1005 997 999
f 1004 997 1005
f 997 1004 1000
f 1000 1004 1006
f 721 720 1001
f 721 1001 1006
f 1006 1001 1000
f 1001 720 713
f 1003 718 724
f 1007 1003 724
f 724 1008 1007
f 725 1008 724
f 1011 1009 1010
f 1010 1004 1005
f 1010 1009 1004
f 1009 1012 1004
f 728 727 1006
f 728 1006 1012
f 1012 1006 1004
f 1006 727 721
f 1008 725 1013
f 1013 725 730
f 1016 1014 1015
f 1015 1009 1011
f 1015 1014 1009
f 1014 1017 1009
f 1009 1017 1012
f 1012 1017 1018
f 1012 1018 732
f 728 1012 732
f 1013 730 734
f 1019 1013 734
f 734 1020 1019
f 735 1020 734
f 1022 1014 1016
f 1021 1014 1022
f 1014 1021 1017
f 1017 1021 1023
f 738 737 1018
f 738 1018 1023
f 1023 1018 1017
f 1018 737 732
f 1020 735 1024
f 1024 735 740
f 1027 1025 1026
f 1026 1021 1022
f 1026 1025 1021
f 1025 1028 1021
f 743 742 1023
f 743 1023 1028
f 1028 1023 1021
f 1023 742 738
f 1029 1030 1024
f 1029 1024 745
f 745 1024 740
f 1030 1029 1031
f 1034 1032 1033
f 1033 1025 1027
f 1033 1032 1025
f 1032 1035 1025
f 1025 1035 1028
f 1028 1035 1036
f 1028 1036 747
f 743 1028 747
f 1029 745 749
f 749 1031 1029
f 749 750 1031
f 750 1037 1031
f 1039 1032 1034
f 1038 1032 1039
f 1032 1038 1035
f 1035 1038 1040
f 753 752 1036
f 753 1036 1040
f 1040 1036 1035
f 1036 752 747
f 1037 750 1041
f 1041 750 755
f 1044 1042 1043
f 1043 1038 1039
f 1043 1042 1038
f 1042 1045 1038
f 758 757 1040
f 758 1040 1045
f 1045 1040 1038
f 1040 757 753
f 1041 755 761
f 1046 1041 761
f 761 1047 1046
f 762 1047 761
f 1050 1048 1049
f 1049 1042 1044
f 1049 1048 1042
f 1048 1051 1042
f 765 764 1045
f 765 1045 1051
f 1051 1045 1042
f 1045 764 758
f 769 770 1052
f 1052 762 769
f 1052 1053 762
f 1053 1047 762
f 1055 1048 1050
f 1054 1048 1055
f 1048 1054 1051
f 1051 1054 1056
f 1051 1056 772
f 765 1051 772
f 1057 1052 770
f 775 1057 770
f 1053 1057 1058
f 1052 1057 1053
f 1061 1059 1060
f 1060 1054 1055
f 1060 1059 1054
f 1059 1062 1054
f 778 777 1056
f 778 1056 1062
f 1062 1056 1054
f 1056 777 772
f 781 782 1063
f 1063 1065 1064
f 781 1063 1064
f 781 1064 1057
f 781 1057 775
f 1057 1064 1058
f 1068 1066 1067
f 1067 1059 1061
f 1067 1066 1059
f 1066 1069 1059
f 785 784 1062
f 785 1062 1069
f 1069 1062 1059
f 1062 784 778
f 789 790 1070
f 782 789 1070
f 782 1070 1063
f 1063 1070 1071
f 1065 1071 1072
f 1063 1071 1065
f 1074 1066 1068
f 1074 1075 1066
f 1075 1073 1066
f 1066 1073 1069
f 1069 1073 1076
f 1069 1076 792
f 785 1069 792
f 1077 1070 790
f 795 1077 790
f 1078 1077 1079
f 1078 1071 1077
f 1071 1070 1077
f 1071 1078 1072
f 1075 1081 1073
f 1073 1081 1080
f 798 797 1076
f 798 1076 1080
f 1080 1076 1073
f 1076 797 792
f 801 802 1082
f 1082 1084 1083
f 801 1082 1083
f 801 1083 1077
f 801 1077 795
f 1077 1083 1079
f 820 1085 821
f 822 1085 820
f 1086 1085 822
f 823 1086 822
f 1087 1086 823
f 824 1087 823
f 1088 1087 824
f 825 1088 824
f 1089 1088 825
f 825 826 1089
f 1092 1090 1091
f 836 1091 1090
f 836 835 1091
f 835 1093 1091
f 1093 835 1094
f 835 837 1094
f 1096 838 1095
f 1096 1094 838
f 1094 837 838
f 839 1095 838
f 1097 1095 839
f 840 1097 839
f 1098 1097 840
f 841 1098 840
f 1099 1098 841
f 821 1099 841
f 821 1085 1099
f 1085 1100 1099
f 1085 1086 1100
f 1086 1101 1100
f 1086 1087 1101
f 1087 1102 1101
f 1087 1088 1102
f 1088 1103 1102
f 1088 1089 1103
f 1089 1104 1103
f 842 1089 826
f 842 1105 1089
f 1105 1104 1089
f 842 843 1105
f 851 1106 852
f 853 1106 851
f 1107 1106 853
f 854 1107 853
f 1108 1107 854
f 855 1108 854
f 1109 1108 855
f 1109 1110 1111
f 1109 855 1110
f 855 856 1110
f 1090 1092 1110
f 1090 1110 857
f 857 1110 856
f 1090 857 836
f 1096 1095 1112
f 1114 1112 1095
f 1114 1095 1113
f 1113 1095 1097
f 1097 1098 1113
f 1098 1115 1113
f 1116 1117 1115
f 1116 1115 1099
f 1099 1115 1098
f 1099 1100 1118
f 1116 1099 1118
f 1100 1101 1119
f 1118 1100 1119
f 1121 1119 1101
f 1121 1101 1120
f 1120 1101 1102
f 1102 1103 1120
f 1103 1122 1120
f 1103 1104 1122
f 1104 1123 1122
f 1104 1105 1123
f 1105 1124 1123
f 1105 858 1124
f 843 858 1105
f 866 1125 867
f 868 1125 866
f 1126 1125 868
f 869 1126 868
f 1127 1126 869
f 870 1127 869
f 1128 1127 870
f 871 1128 870
f 1129 1128 871
f 852 1129 871
f 852 1106 1129
f 1106 1130 1129
f 1106 1107 1130
f 1107 1131 1130
f 1107 1108 1131
f 1108 1132 1131
f 1108 1109 1132
f 1109 1133 1132
f 1111 1135 1134
f 1111 1134 1109
f 1109 1134 1133
f 1135 1137 1136
f 1134 1135 1136
f 1137 1138 1136
f 1140 1114 1113
f 1139 1140 1113
f 1141 1142 1139
f 1141 1139 1115
f 1115 1139 1113
f 1115 1117 1141
f 1144 1121 1120
f 1143 1144 1120
f 1120 1122 1143
f 1122 1145 1143
f 1122 1123 1145
f 1123 1146 1145
f 1123 1124 1146
f 1124 1147 1146
f 1124 872 1147
f 858 872 1124
f 875 1148 876
f 877 1148 875
f 1149 1148 877
f 878 1149 877
f 1150 1149 878
f 879 1150 878
f 1151 1150 879
f 880 1151 879
f 1152 1151 880
f 881 1152 880
f 1153 1152 881
f 867 1153 881
f 867 1125 1153
f 1125 1154 1153
f 1125 1126 1154
f 1126 1155 1154
f 1126 1127 1155
f 1127 1156 1155
f 1127 1128 1156
f 1128 1157 1156
f 1128 1129 1157
f 1129 1158 1157
f 1129 1130 1158
f 1130 1159 1158
f 1130 1131 1159
f 1131 1160 1159
f 1131 1132 1160
f 1132 1161 1160
f 1132 1133 1161
f 1133 1162 1161
f 1133 1134 1162
f 1134 1163 1162
f 1134 1136 1163
f 1136 1164 1163
f 1138 1166 1165
f 1138 1165 1136
f 1136 1165 1164
f 1166 1168 1167
f 1165 1166 1167
f 1168 1170 1169
f 1167 1168 1169
f 1170 1140 1139
f 1170 1139 1169
f 1169 1139 1171
f 1142 1173 1172
f 1142 1172 1139
f 1139 1172 1171
f 1173 1174 1172
f 1176 1144 1143
f 1175 1176 1143
f 1143 1145 1175
f 1145 1177 1175
f 1145 1146 1177
f 1146 1178 1177
f 1146 1147 1178
f 1147 1179 1178
f 1147 882 1179
f 872 882 1147
f 883 1181 884
f 1180 1181 883
f 876 1180 883
f 876 1148 1180
f 1148 1182 1180
f 1148 1149 1182
f 1149 1183 1182
f 1149 1150 1183
f 1150 1184 1183
f 1150 1151 1184
f 1151 1185 1184
f 1151 1152 1185
f 1152 1186 1185
f 1152 1153 1186
f 1153 1187 1186
f 1153 1154 1187
f 1154 1188 1187
f 1154 1155 1188
f 1155 1189 1188
f 1155 1156 1189
f 1156 1190 1189
f 1156 1157 1190
f 1157 1191 1190
f 1157 1158 1191
f 1158 1192 1191
f 1158 1159 1192
f 1159 1193 1192
f 1159 1160 1193
f 1160 1194 1193
f 1160 1161 1194
f 1161 1195 1194
f 1161 1162 1195
f 1162 1196 1195
f 1162 1163 1196
f 1163 1197 1196
f 1163 1164 1197
f 1164 1198 1197
f 1164 1165 1198
f 1165 1199 1198
f 1165 1167 1199
f 1167 1200 1199
f 1167 1169 1200
f 1169 1201 1200
f 1169 1171 1201
f 1171 1202 1201
f 1171 1172 1202
f 1172 1203 1202
f 1174 1205 1204
f 1174 1204 1172
f 1172 1204 1203
f 1205 1206 1204
f 1208 1176 1175
f 1207 1208 1175
f 1175 1177 1207
f 1177 1209 1207
f 1177 1178 1209
f 1178 1210 1209
f 1178 1179 1210
f 1179 1211 1210
f 1179 885 1211
f 882 885 1179
f 1181 1180 1213
f 1180 1212 1213
f 1180 1182 1212
f 1182 1214 1212
f 1182 1183 1214
f 1183 1215 1214
f 1183 1184 1215
f 1184 1216 1215
f 1184 1185 1216
f 1185 1217 1216
f 1185 1186 1217
f 1186 1218 1217
f 1186 1187 1218
f 1187 1219 1218
f 1187 1188 1219
f 1188 1220 1219
f 1188 1189 1220
f 1189 1221 1220
f 1189 1190 1221
f 1190 1222 1221
f 1190 1191 1222
f 1191 1223 1222
f 1191 1192 1223
f 1192 1224 1223
f 1192 1193 1224
f 1193 1225 1224
f 1193 1194 1225
f 1194 1226 1225
f 1194 1195 1226
f 1195 1227 1226
f 1195 1196 1227
f 1196 1228 1227
f 1196 1197 1228
f 1197 1229 1228
f 1197 1198 1229
f 1198 1230 1229
f 1198 1199 1230
f 1199 1231 1230
f 1199 1200 1231
f 1200 1232 1231
f 1200 1201 1232
f 1201 1233 1232
f 1201 1202 1233
f 1202 1234 1233
f 1202 1203 1234
f 1203 1235 1234
f 1203 1204 1235
f 1204 1236 1235
f 1206 1238 1237
f 1206 1237 1204
f 1204 1237 1236
f 1238 1240 1239
f 1237 1238 1239
f 1240 1208 1207
f 1240 1207 1239
f 1239 1207 1241
f 1207 1209 1241
f 1209 1242 1241
f 1209 1210 1242
f 1210 1243 1242
f 1210 1211 1243
f 1211 1244 1243
f 1211 886 1244
f 885 886 1211
f 1213 1212 1246
f 1212 1245 1246
f 1212 1214 1245
f 1214 1247 1245
f 1214 1215 1247
f 1215 1248 1247
f 1215 1216 1248
f 1216 1249 1248
f 1216 1217 1249
f 1217 1250 1249
f 1217 1218 1250
f 1218 1251 1250
f 1218 1219 1251
f 1219 1252 1251
f 1219 1220 1252
f 1220 1253 1252
f 1220 1221 1253
f 1221 1254 1253
f 1221 1222 1254
f 1222 1255 1254
f 1222 1223 1255
f 1223 1256 1255
f 1223 1224 1256
f 1224 1257 1256
f 1224 1225 1257
f 1225 1258 1257
f 1225 1226 1258
f 1226 1259 1258
f 1226 1227 1259
f 1227 1260 1259
f 1227 1228 1260
f 1228 1261 1260
f 1228 1229 1261
f 1229 1262 1261
f 1229 1230 1262
f 1230 1263 1262
f 1230 1231 1263
f 1231 1264 1263
f 1231 1232 1264
f 1232 1265 1264
f 1232 1233 1265
f 1233 1266 1265
f 1233 1234 1266
f 1234 1267 1266
f 1234 1235 1267
f 1235 1268 1267
f 1235 1236 1268
f 1236 1269 1268
f 1236 1237 1269
f 1237 1270 1269
f 1237 1239 1270
f 1239 1271 1270
f 1239 1241 1271
f 1241 1272 1271
f 1241 1242 1272
f 1242 1273 1272
f 1242 1243 1273
f 1243 1274 1273
f 1243 1244 1274
f 1244 1275 1274
f 1244 887 1275
f 886 887 1244
f 1246 1245 1277
f 1245 1276 1277
f 1245 1247 1276
f 1247 1278 1276
f 1247 1248 1278
f 1248 1279 1278
f 1248 1249 1279
f 1249 1280 1279
f 1249 1250 1280
f 1250 1281 1280
f 1250 1251 1281
f 1251 1282 1281
f 1251 1252 1282
f 1252 1283 1282
f 1252 1253 1283
f 1253 1284 1283
f 1253 1254 1284
f 1254 1285 1284
f 1254 1255 1285
f 1255 1286 1285
f 1255 1256 1286
f 1256 1287 1286
f 1256 1257 1287
f 1257 1288 1287
f 1257 1258 1288
f 1258 1289 1288
f 1258 1259 1289
f 1259 1290 1289
f 1259 1260 1290
f 1260 1291 1290
f 1260 1261 1291
f 1261 1292 1291
f 1261 1262 1292
f 1262 1293 1292
f 1262 1263 1293
f 1263 1294 1293
f 1263 1264 1294
f 1264 1295 1294
f 1264 1265 1295
f 1265 1296 1295
f 1265 1266 1296
f 1266 1297 1296
f 1266 1267 1297
f 1267 1298 1297
f 1267 1268 1298
f 1268 1299 1298
f 1268 1269 1299
f 1269 1300 1299
f 1269 1270 1300
f 1270 1301 1300
f 1270 1271 1301
f 1271 1302 1301
f 1271 1272 1302
f 1272 1303 1302
f 1272 1273 1303
f 1273 1304 1303
f 1273 1274 1304
f 1274 1305 1304
f 1274 1275 1305
f 1275 1306 1305
f 1275 888 1306
f 887 888 1275
f 1277 1276 1308
f 1276 1307 1308
f 1276 1278 1307
f 1278 1309 1307
f 1278 1279 1309
f 1279 1310 1309
f 1279 1280 1310
f 1280 1311 1310
f 1280 1281 1311
f 1281 1312 1311
f 1281 1282 1312
f 1282 1313 1312
f 1282 1283 1313
f 1283 1314 1313
f 1283 1284 1314
f 1284 1315 1314
f 1284 1285 1315
f 1285 1316 1315
f 1285 1286 1316
f 1286 1317 1316
f 1286 1287 1317
f 1287 1318 1317
f 1287 1288 1318
f 1288 1319 1318
f 1288 1289 1319
f 1289 1320 1319
f 1289 1290 1320
f 1290 1321 1320
f 1290 1291 1321
f 1291 1322 1321
f 1291 1292 1322
f 1292 1323 1322
f 1292 1293 1323
f 1293 1324 1323
f 1293 1294 1324
f 1294 1325 1324
f 1294 1295 1325
f 1295 1326 1325
f 1295 1296 1326
f 1296 1327 1326
f 1296 1297 1327
f 1297 1328 1327
f 1297 1298 1328
f 1298 1329 1328
f 1298 1299 1329
f 1299 1330 1329
f 1299 1300 1330
f 1300 1331 1330
f 1300 1301 1331
f 1301 1332 1331
f 1301 1302 1332
f 1302 1333 1332
f 1302 1303 1333
f 1303 1334 1333
f 1303 1304 1334
f 1304 1335 1334
f 1304 1305 1335
f 1305 1336 1335
f 1337 1338 1336
f 1337 1336 1306
f 1306 1336 1305
f 1306 1339 1337
f 1306 888 1339
f 888 889 1339
f 1308 1307 1341
f 1307 1340 1341
f 1307 1309 1340
f 1309 1342 1340
f 1309 1310 1342
f 1310 1343 1342
f 1310 1311 1343
f 1311 1344 1343
f 1311 1312 1344
f 1312 1345 1344
f 1312 1313 1345
f 1313 1346 1345
f 1313 1314 1346
f 1314 1347 1346
f 1314 1315 1347
f 1315 1348 1347
f 1315 1316 1348
f 1316 1349 1348
f 1316 1317 1349
f 1317 1350 1349
f 1317 1318 1350
f 1318 1351 1350
f 1318 1319 1351
f 1319 1352 1351
f 1319 1320 1352
f 1320 1353 1352
f 1320 1321 1353
f 1321 1354 1353
f 1321 1322 1354
f 1322 1355 1354
f 1322 1323 1355
f 1323 1356 1355
f 1323 1324 1356
f 1324 1357 1356
f 1324 1325 1357
f 1325 1358 1357
f 1325 1326 1358
f 1326 1359 1358
f 1326 1327 1359
f 1327 1360 1359
f 1327 1328 1360
f 1328 1361 1360
f 1328 1329 1361
f 1329 1362 1361
f 1329 1330 1362
f 1330 1363 1362
f 1330 1331 1363
f 1331 1364 1363
f 1365 1366 1364
f 1365 1364 1332
f 1332 1364 1331
f 1332 1333 1367
f 1365 1332 1367
f 1333 1334 1368
f 1367 1333 1368
f 1370 1368 1334
f 1370 1334 1369
f 1369 1334 1335
f 1335 1336 1369
f 1336 1371 1369
f 1338 1372 1371
f 1336 1338 1371
f 1339 889 1373
f 1373 889 890
f 1340 893 1341
f 892 893 1340
f 1342 892 1340
f 896 892 1342
f 1343 896 1342
f 898 896 1343
f 1344 898 1343
f 900 898 1344
f 1345 900 1344
f 902 900 1345
f 1346 902 1345
f 904 902 1346
f 1347 904 1346
f 906 904 1347
f 906 1374 907
f 906 1347 1374
f 1347 1348 1374
f 1348 1349 1374
f 1349 1375 1374
f 1349 1350 1375
f 1350 1376 1375
f 1350 1351 1376
f 1351 1377 1376
f 1351 1352 1377
f 1352 1378 1377
f 1352 1353 1378
f 1353 1379 1378
f 1353 1354 1379
f 1354 1380 1379
f 1354 1355 1380
f 1355 1381 1380
f 1355 1356 1381
f 1356 1382 1381
f 1356 1357 1382
f 1357 1383 1382
f 1357 1358 1383
f 1358 1384 1383
f 1358 1359 1384
f 1359 1385 1384
f 1359 1360 1385
f 1360 1386 1385
f 1360 1361 1386
f 1361 1387 1386
f 1361 1362 1387
f 1362 1388 1387
f 1389 1390 1388
f 1389 1388 1363
f 1363 1388 1362
f 1363 1364 1391
f 1389 1363 1391
f 1364 1366 1391
f 1393 1370 1369
f 1392 1393 1369
f 1369 1371 1392
f 1371 1394 1392
f 1372 1395 1394
f 1371 1372 1394
f 1373 890 1396
f 1396 890 908
f 1374 913 907
f 1375 913 1374
f 915 913 1375
f 1376 915 1375
f 917 915 1376
f 1377 917 1376
f 919 917 1377
f 1378 919 1377
f 921 919 1378
f 1379 921 1378
f 923 921 1379
f 1380 923 1379
f 925 923 1380
f 1381 925 1380
f 927 925 1381
f 1382 927 1381
f 929 927 1382
f 929 1397 930
f 929 1382 1397
f 1382 1383 1397
f 1383 1384 1397
f 1384 1398 1397
f 1384 1385 1398
f 1385 1399 1398
f 1385 1386 1399
f 1386 1400 1399
f 1401 1402 1400
f 1401 1400 1387
f 1387 1400 1386
f 1387 1388 1403
f 1401 1387 1403
f 1388 1390 1403
f 1405 1393 1392
f 1404 1405 1392
f 1406 1407 1404
f 1406 1404 1394
f 1394 1404 1392
f 1394 1395 1406
f 1396 908 1408
f 1408 908 931
f 1397 937 930
f 1398 937 1397
f 939 937 1398
f 1399 939 1398
f 941 939 1399
f 1400 941 1399
f 1400 943 941
f 1409 1410 1411
f 1409 1412 1402
f 1409 1402 1410
f 1412 945 1402
f 1400 1402 943
f 945 943 1402
f 947 945 1412
f 1413 947 1412
f 947 1413 948
f 950 951 1414
f 1415 952 950
f 1415 950 1416
f 1414 1417 950
f 1417 1416 950
f 1416 1405 1404
f 1416 1404 1415
f 1415 1404 1418
f 1407 1419 1418
f 1404 1407 1418
f 1408 931 1420
f 1420 931 953
f 1423 1421 1422
f 1422 1409 1411
f 1422 1421 1409
f 1421 1424 1409
f 1409 1424 1412
f 1412 1424 1425
f 956 955 1413
f 956 1413 1425
f 1425 1413 1412
f 1413 955 948
f 958 959 1426
f 951 958 1426
f 951 1426 1414
f 1414 1426 1427
f 1417 1427 1428
f 1417 1414 1427
f 952 1415 962
f 1418 962 1415
f 964 962 1418
f 1418 966 964
f 1418 1430 966
f 1418 1419 1430
f 1429 966 1430
f 967 966 1429
f 1431 967 1429
f 1431 953 967
f 1431 1432 953
f 1432 1420 953
f 1435 1433 1434
f 1434 1421 1423
f 1434 1433 1421
f 1433 1436 1421
f 1421 1436 1424
f 1424 1436 1437
f 970 969 1425
f 970 1425 1437
f 1437 1425 1424
f 1425 969 956
f 973 974 1438
f 959 973 1438
f 959 1438 1426
f 1426 1438 1439
f 1440 1439 1441
f 1440 1427 1439
f 1427 1426 1439
f 1427 1440 1428
f 1430 1442 1429
f 1444 1429 1442
f 1444 1443 1429
f 1443 1431 1429
f 1432 1443 1445
f 1431 1443 1432
f 1448 1446 1447
f 1447 1449 1450
f 1446 1449 1447
f 977 1450 1449
f 977 976 1450
f 976 1451 1450
f 1451 976 1452
f 976 979 1452
f 1452 979 1453
f 979 981 1453
f 1453 981 1454
f 981 983 1454
f 1454 983 1455
f 983 984 1455
f 1455 984 1456
f 984 985 1456
f 1456 985 1457
f 985 986 1457
f 1457 986 1458
f 986 987 1458
f 1433 1435 1458
f 1433 1458 988
f 988 1458 987
f 1436 1433 988
f 989 1436 988
f 1437 1436 989
f 990 1437 989
f 1437 990 970
f 1438 974 991
f 1439 1438 991
f 992 1439 991
f 1441 1439 992
f 1441 992 1459
f 1459 992 993
f 1459 993 1460
f 993 995 1460
f 995 1461 1460
f 996 1461 995
f 1463 1443 1444
f 1462 1443 1463
f 1445 1462 1464
f 1443 1462 1445
f 1467 1465 1466
f 1466 1446 1448
f 1466 1465 1446
f 1465 1468 1446
f 999 998 1449
f 999 1449 1468
f 1468 1449 1446
f 1449 998 977
f 1461 996 1002
f 1469 1461 1002
f 1002 1470 1469
f 1003 1470 1002
f 1472 1462 1463
f 1471 1462 1472
f 1464 1471 1473
f 1462 1471 1464
f 1476 1474 1475
f 1475 1465 1467
f 1475 1474 1465
f 1474 1477 1465
f 1465 1477 1468
f 1468 1477 1478
f 1468 1478 1005
f 999 1468 1005
f 1470 1003 1007
f 1479 1470 1007
f 1472 1480 1471
f 1472 1007 1480
f 1472 1479 1007
f 1008 1480 1007
f 1473 1480 1481
f 1471 1480 1473
f 1483 1474 1476
f 1482 1474 1483
f 1474 1482 1477
f 1477 1482 1484
f 1011 1010 1478
f 1011 1478 1484
f 1484 1478 1477
f 1478 1010 1005
f 1485 1480 1008
f 1013 1485 1008
f 1481 1485 1486
f 1480 1485 1481
f 1489 1487 1488
f 1488 1482 1483
f 1488 1487 1482
f 1487 1490 1482
f 1016 1015 1484
f 1016 1484 1490
f 1490 1484 1482
f 1484 1015 1011
f 1485 1013 1019
f 1019 1486 1485
f 1019 1020 1486
f 1020 1491 1486
f 1494 1492 1493
f 1493 1487 1489
f 1493 1492 1487
f 1492 1495 1487
f 1487 1495 1490
f 1490 1495 1496
f 1490 1496 1022
f 1016 1490 1022
f 1491 1020 1497
f 1497 1020 1024
f 1499 1492 1494
f 1498 1492 1499
f 1492 1498 1495
f 1495 1498 1500
f 1027 1026 1496
f 1027 1496 1500
f 1500 1496 1495
f 1496 1026 1022
f 1497 1024 1030
f 1501 1497 1030
f 1030 1502 1501
f 1031 1502 1030
f 1505 1503 1504
f 1504 1498 1499
f 1504 1503 1498
f 1503 1506 1498
f 1034 1033 1500
f 1034 1500 1506
f 1506 1500 1498
f 1500 1033 1027
f 1502 1031 1507
f 1507 1031 1037
f 1510 1508 1509
f 1509 1503 1505
f 1509 1508 1503
f 1508 1511 1503
f 1503 1511 1506
f 1506 1511 1512
f 1506 1512 1039
f 1034 1506 1039
f 1507 1037 1513
f 1513 1037 1041
f 1515 1508 1510
f 1514 1508 1515
f 1508 1514 1511
f 1511 1514 1516
f 1044 1043 1512
f 1044 1512 1516
f 1516 1512 1511
f 1512 1043 1039
f 1513 1041 1046
f 1517 1513 1046
f 1046 1518 1517
f 1047 1518 1046
f 1521 1519 1520
f 1520 1514 1515
f 1520 1519 1514
f 1519 1522 1514
f 1050 1049 1516
f 1050 1516 1522
f 1522 1516 1514
f 1516 1049 1044
f 1518 1047 1523
f 1523 1047 1053
f 1525 1519 1521
f 1525 1526 1519
f 1526 1524 1519
f 1519 1524 1522
f 1522 1524 1527
f 1522 1527 1055
f 1050 1522 1055
f 1523 1053 1528
f 1528 1053 1058
f 1526 1530 1524
f 1524 1530 1529
f 1061 1060 1527
f 1061 1527 1529
f 1529 1527 1524
f 1527 1060 1055
f 1064 1065 1531
f 1531 1058 1064
f 1531 1532 1058
f 1532 1528 1058
f 1068 1067 1529
f 1068 1529 1533
f 1533 1529 1530
f 1529 1067 1061
f 1534 1531 1065
f 1072 1534 1065
f 1532 1534 1535
f 1531 1534 1532
f 1533 1074 1068
f 1078 1079 1536
f 1536 1538 1537
f 1078 1536 1537
f 1078 1537 1534
f 1078 1534 1072
f 1534 1537 1535
f 1083 1084 1539
f 1539 1541 1540
f 1083 1539 1540
f 1083 1540 1536
f 1083 1536 1079
f 1536 1540 1538
f 1544 1542 1543
f 1092 1543 1542
f 1092 1091 1543
f 1091 1545 1543
f 1545 1091 1546
f 1091 1093 1546
f 1546 1093 1547
f 1093 1094 1547
f 1548 1094 1096
f 1548 1549 1094
f 1549 1547 1094
f 1549 1548 1550
f 1553 1551 1552
f 1542 1111 1110
f 1544 1111 1542
f 1544 1551 1111
f 1544 1552 1551
f 1542 1110 1092
f 1548 1096 1112
f 1112 1114 1554
f 1548 1112 1554
f 1548 1554 1555
f 1548 1555 1550
f 1555 1556 1557
f 1554 1556 1555
f 1117 1557 1556
f 1117 1116 1557
f 1116 1558 1557
f 1558 1116 1559
f 1116 1118 1559
f 1559 1118 1560
f 1118 1119 1560
f 1119 1561 1560
f 1121 1561 1119
f 1564 1562 1563
f 1563 1562 1565
f 1553 1566 1551
f 1551 1135 1111
f 1551 1566 1135
f 1566 1567 1135
f 1569 1568 1137
f 1569 1137 1567
f 1567 1137 1135
f 1137 1568 1138
f 1570 1554 1114
f 1140 1570 1114
f 1142 1141 1556
f 1142 1556 1570
f 1570 1556 1554
f 1556 1141 1117
f 1561 1121 1571
f 1571 1121 1144
f 1573 1562 1564
f 1572 1562 1573
f 1565 1572 1574
f 1562 1572 1565
f 1576 1568 1569
f 1575 1568 1576
f 1166 1138 1568
f 1166 1568 1577
f 1577 1568 1575
f 1168 1166 1577
f 1578 1168 1577
f 1170 1168 1578
f 1579 1170 1578
f 1140 1170 1579
f 1140 1579 1570
f 1570 1579 1580
f 1173 1142 1570
f 1173 1570 1581
f 1581 1570 1580
f 1173 1581 1174
f 1571 1144 1582
f 1582 1144 1176
f 1584 1572 1573
f 1583 1572 1584
f 1574 1583 1585
f 1572 1583 1574
f 1588 1586 1587
f 1587 1575 1576
f 1587 1586 1575
f 1586 1589 1575
f 1575 1589 1577
f 1577 1589 1590
f 1577 1590 1578
f 1578 1590 1591
f 1578 1591 1579
f 1579 1591 1592
f 1579 1592 1580
f 1580 1592 1593
f 1580 1593 1581
f 1581 1593 1594
f 1205 1174 1581
f 1205 1581 1595
f 1595 1581 1594
f 1205 1595 1206
f 1596 1597 1582
f 1596 1582 1208
f 1208 1582 1176
f 1597 1596 1598
f 1600 1583 1584
f 1599 1583 1600
f 1585 1599 1601
f 1583 1599 1585
f 1588 1602 1586
f 1586 1603 1589
f 1602 1603 1586
f 1589 1604 1590
f 1603 1604 1589
f 1590 1605 1591
f 1604 1605 1590
f 1591 1606 1592
f 1605 1606 1591
f 1592 1607 1593
f 1606 1607 1592
f 1593 1608 1594
f 1607 1608 1593
f 1594 1609 1595
f 1608 1609 1594
f 1595 1238 1206
f 1595 1609 1238
f 1609 1610 1238
f 1610 1611 1238
f 1238 1611 1240
f 1208 1612 1596
f 1208 1240 1612
f 1240 1611 1612
f 1596 1612 1598
f 1614 1599 1600
f 1613 1599 1614
f 1601 1613 1615
f 1599 1613 1601
f 1617 1613 1614
f 1616 1613 1617
f 1615 1616 1618
f 1613 1616 1615
f 1620 1616 1617
f 1619 1616 1620
f 1618 1619 1621
f 1616 1619 1618
f 1624 1622 1623
f 1623 1622 1625
f 1628 1626 1627
f 1619 1338 1337
f 1620 1338 1619
f 1620 1626 1338
f 1620 1627 1626
f 1337 1621 1619
f 1337 1339 1621
f 1339 1629 1621
f 1632 1630 1631
f 1631 1633 1634
f 1630 1633 1631
f 1634 1635 1636
f 1633 1635 1634
f 1366 1636 1635
f 1366 1365 1636
f 1365 1637 1636
f 1637 1365 1638
f 1365 1367 1638
f 1622 1624 1638
f 1622 1638 1368
f 1368 1638 1367
f 1368 1625 1622
f 1368 1370 1625
f 1370 1639 1625
f 1641 1626 1628
f 1640 1626 1641
f 1626 1640 1372
f 1338 1626 1372
f 1629 1339 1642
f 1642 1339 1373
f 1645 1643 1644
f 1644 1646 1647
f 1643 1646 1644
f 1647 1630 1632
f 1647 1646 1630
f 1646 1648 1630
f 1390 1389 1633
f 1390 1633 1648
f 1648 1633 1630
f 1635 1633 1389
f 1391 1635 1389
f 1635 1391 1366
f 1639 1370 1649
f 1649 1370 1393
f 1651 1640 1641
f 1650 1640 1651
f 1640 1650 1395
f 1372 1640 1395
f 1642 1373 1652
f 1652 1373 1396
f 1655 1653 1654
f 1654 1643 1645
f 1654 1653 1643
f 1653 1656 1643
f 1402 1401 1646
f 1402 1646 1656
f 1656 1646 1643
f 1648 1646 1401
f 1403 1648 1401
f 1648 1403 1390
f 1649 1393 1657
f 1657 1393 1405
f 1650 1407 1406
f 1650 1651 1407
f 1651 1658 1407
f 1650 1406 1395
f 1652 1396 1659
f 1659 1396 1408
f 1662 1660 1661
f 1661 1653 1655
f 1661 1660 1653
f 1660 1663 1653
f 1411 1410 1656
f 1411 1656 1663
f 1663 1656 1653
f 1656 1410 1402
f 1416 1417 1664
f 1664 1405 1416
f 1664 1665 1405
f 1665 1657 1405
f 1658 1666 1407
f 1666 1419 1407
f 1659 1408 1667
f 1667 1408 1420
f 1670 1668 1669
f 1669 1660 1662
f 1669 1668 1660
f 1668 1671 1660
f 1423 1422 1663
f 1423 1663 1671
f 1671 1663 1660
f 1663 1422 1411
f 1672 1664 1417
f 1428 1672 1417
f 1665 1672 1673
f 1664 1672 1665
f 1666 1674 1419
f 1674 1430 1419
f 1667 1420 1675
f 1675 1420 1432
f 1678 1676 1677
f 1677 1668 1670
f 1677 1676 1668
f 1676 1679 1668
f 1435 1434 1671
f 1435 1671 1679
f 1679 1671 1668
f 1671 1434 1423
f 1440 1441 1680
f 1428 1440 1680
f 1428 1680 1672
f 1672 1680 1681
f 1673 1681 1682
f 1672 1681 1673
f 1442 1684 1683
f 1442 1430 1684
f 1430 1674 1684
f 1442 1683 1444
f 1675 1432 1685
f 1685 1432 1445
f 1688 1686 1687
f 1687 1689 1690
f 1686 1689 1687
f 1448 1690 1689
f 1448 1447 1690
f 1447 1691 1690
f 1691 1447 1692
f 1447 1450 1692
f 1692 1450 1693
f 1450 1451 1693
f 1693 1451 1694
f 1451 1452 1694
f 1694 1452 1695
f 1452 1453 1695
f 1695 1453 1696
f 1453 1454 1696
f 1696 1454 1697
f 1454 1455 1697
f 1697 1455 1698
f 1455 1456 1698
f 1676 1678 1698
f 1676 1698 1457
f 1457 1698 1456
f 1679 1676 1457
f 1458 1679 1457
f 1679 1458 1435
f 1680 1441 1459
f 1681 1680 1459
f 1460 1681 1459
f 1460 1461 1699
f 1681 1460 1699
f 1681 1699 1700
f 1681 1700 1682
f 1700 1683 1684
f 1700 1699 1683
f 1699 1701 1683
f 1683 1701 1463
f 1444 1683 1463
f 1685 1445 1702
f 1702 1445 1464
f 1705 1703 1704
f 1704 1686 1688
f 1704 1703 1686
f 1703 1706 1686
f 1467 1466 1689
f 1467 1689 1706
f 1706 1689 1686
f 1689 1466 1448
f 1699 1461 1469
f 1707 1701 1699
f 1707 1699 1470
f 1707 1470 1708
f 1470 1699 1469
f 1701 1707 1709
f 1701 1709 1463
f 1463 1709 1472
f 1702 1464 1710
f 1710 1464 1473
f 1713 1711 1712
f 1712 1703 1705
f 1712 1711 1703
f 1711 1714 1703
f 1476 1475 1706
f 1476 1706 1714
f 1714 1706 1703
f 1706 1475 1467
f 1708 1470 1479
f 1715 1708 1479
f 1715 1479 1472
f 1709 1715 1472
f 1710 1473 1716
f 1716 1473 1481
f 1718 1711 1713
f 1717 1711 1718
f 1711 1717 1714
f 1714 1717 1719
f 1714 1719 1483
f 1476 1714 1483
f 1716 1481 1720
f 1720 1481 1486
f 1723 1721 1722
f 1722 1717 1718
f 1722 1721 1717
f 1721 1724 1717
f 1489 1488 1719
f 1489 1719 1724
f 1724 1719 1717
f 1719 1488 1483
f 1720 1486 1725
f 1725 1486 1491
f 1728 1726 1727
f 1727 1721 1723
f 1727 1726 1721
f 1726 1729 1721
f 1494 1493 1724
f 1494 1724 1729
f 1729 1724 1721
f 1724 1493 1489
f 1725 1491 1730
f 1730 1491 1497
f 1732 1726 1728
f 1731 1726 1732
f 1726 1731 1729
f 1729 1731 1733
f 1729 1733 1499
f 1494 1729 1499
f 1730 1497 1501
f 1734 1730 1501
f 1501 1735 1734
f 1502 1735 1501
f 1738 1736 1737
f 1737 1731 1732
f 1737 1736 1731
f 1736 1739 1731
f 1505 1504 1733
f 1505 1733 1739
f 1739 1733 1731
f 1733 1504 1499
f 1735 1502 1740
f 1740 1502 1507
f 1742 1736 1738
f 1742 1743 1736
f 1743 1741 1736
f 1510 1509 1739
f 1510 1739 1741
f 1741 1739 1736
f 1739 1509 1505
f 1740 1507 1744
f 1744 1507 1513
f 1743 1746 1741
f 1741 1746 1745
f 1741 1745 1515
f 1510 1741 1515
f 1744 1513 1517
f 1747 1744 1517
f 1517 1748 1747
f 1518 1748 1517
f 1521 1520 1745
f 1521 1745 1749
f 1749 1745 1746
f 1745 1520 1515
f 1748 1518 1750
f 1750 1518 1523
f 1749 1525 1521
f 1750 1523 1751
f 1751 1523 1528
f 1752 1753 1751
f 1752 1751 1532
f 1532 1751 1528
f 1753 1752 1754
f 1755 1752 1532
f 1535 1755 1532
f 1754 1755 1756
f 1752 1755 1754
f 1537 1538 1757
f 1757 1759 1758
f 1537 1757 1758
f 1537 1758 1755
f 1537 1755 1535
f 1755 1758 1756
f 1540 1541 1760
f 1760 1762 1761
f 1540 1760 1761
f 1540 1761 1757
f 1540 1757 1538
f 1757 1761 1759
f 1765 1763 1764
f 1764 1763 1766
f 1768 1763 1765
f 1767 1763 1768
f 1766 1767 1769
f 1763 1767 1766
f 1771 1767 1768
f 1770 1767 1771
f 1769 1770 1772
f 1767 1770 1769
f 1544 1773 1774
f 1543 1773 1544
f 1773 1543 1775
f 1543 1545 1775
f 1775 1545 1776
f 1545 1546 1776
f 1776 1546 1777
f 1546 1547 1777
f 1777 1547 1778
f 1547 1549 1778
f 1779 1549 1550
f 1779 1780 1549
f 1780 1778 1549
f 1780 1779 1781
f 1784 1782 1783
f 1783 1782 1785
f 1787 1770 1771
f 1786 1770 1787
f 1772 1786 1788
f 1770 1786 1772
f 1553 1789 1790
f 1552 1789 1553
f 1789 1552 1544
f 1774 1789 1544
f 1779 1550 1555
f 1781 1779 1555
f 1781 1555 1791
f 1791 1555 1557
f 1791 1557 1792
f 1557 1558 1792
f 1782 1784 1792
f 1782 1792 1559
f 1559 1792 1558
f 1785 1782 1559
f 1785 1559 1793
f 1793 1559 1560
f 1794 1560 1561
f 1794 1795 1560
f 1795 1793 1560
f 1795 1794 1796
f 1786 1564 1563
f 1786 1787 1564
f 1787 1797 1564
f 1563 1788 1786
f 1563 1565 1788
f 1565 1798 1788
f 1566 1800 1799
f 1566 1553 1800
f 1553 1790 1800
f 1567 1566 1799
f 1801 1567 1799
f 1567 1801 1569
f 1802 1794 1561
f 1571 1802 1561
f 1796 1802 1803
f 1794 1802 1796
f 1797 1804 1564
f 1804 1573 1564
f 1798 1565 1805
f 1805 1565 1574
f 1800 1806 1799
f 1808 1799 1806
f 1808 1807 1799
f 1807 1801 1799
f 1801 1807 1576
f 1569 1801 1576
f 1809 1802 1571
f 1582 1809 1571
f 1803 1809 1810
f 1802 1809 1803
f 1804 1811 1573
f 1811 1584 1573
f 1805 1574 1812
f 1812 1574 1585
f 1815 1813 1814
f 1807 1588 1587
f 1808 1588 1807
f 1808 1813 1588
f 1808 1814 1813
f 1807 1587 1576
f 1809 1582 1597
f 1597 1810 1809
f 1597 1598 1810
f 1598 1816 1810
f 1819 1817 1818
f 1818 1817 1600
f 1818 1600 1811
f 1811 1600 1584
f 1812 1585 1820
f 1820 1585 1601
f 1815 1821 1813
f 1813 1602 1588
f 1813 1821 1602
f 1821 1822 1602
f 1822 1823 1602
f 1602 1823 1603
f 1823 1824 1603
f 1603 1824 1604
f 1824 1825 1604
f 1604 1825 1605
f 1825 1826 1605
f 1605 1826 1606
f 1826 1827 1606
f 1606 1827 1607
f 1827 1828 1607
f 1607 1828 1608
f 1828 1829 1608
f 1608 1829 1609
f 1829 1830 1609
f 1609 1830 1610
f 1830 1831 1610
f 1610 1831 1611
f 1831 1832 1611
f 1611 1832 1612
f 1832 1598 1612
f 1816 1598 1832
f 1834 1817 1819
f 1833 1817 1834
f 1817 1833 1614
f 1600 1817 1614
f 1820 1601 1835
f 1835 1601 1615
f 1837 1833 1834
f 1836 1833 1837
f 1833 1836 1617
f 1614 1833 1617
f 1835 1615 1838
f 1838 1615 1618
f 1840 1836 1837
f 1839 1836 1840
f 1836 1839 1620
f 1617 1836 1620
f 1838 1618 1841
f 1841 1618 1621
f 1844 1842 1843
f 1843 1845 1846
f 1842 1845 1843
f 1846 1847 1848
f 1845 1847 1846
f 1624 1848 1847
f 1624 1623 1848
f 1623 1849 1848
f 1623 1850 1849
f 1625 1850 1623
f 1839 1628 1627
f 1839 1840 1628
f 1840 1851 1628
f 1839 1627 1620
f 1841 1621 1852
f 1852 1621 1629
f 1855 1853 1854
f 1854 1856 1857
f 1853 1856 1854
f 1632 1857 1856
f 1632 1631 1857
f 1631 1858 1857
f 1858 1631 1859
f 1631 1634 1859
f 1842 1844 1859
f 1842 1859 1636
f 1636 1859 1634
f 1845 1842 1636
f 1637 1845 1636
f 1847 1845 1637
f 1638 1847 1637
f 1847 1638 1624
f 1850 1625 1860
f 1860 1625 1639
f 1851 1861 1628
f 1861 1641 1628
f 1852 1629 1862
f 1862 1629 1642
f 1865 1863 1864
f 1864 1866 1867
f 1863 1866 1864
f 1853 1645 1644
f 1855 1645 1853
f 1855 1866 1645
f 1855 1867 1866
f 1856 1853 1644
f 1647 1856 1644
f 1856 1647 1632
f 1860 1639 1868
f 1868 1639 1649
f 1861 1869 1641
f 1869 1651 1641
f 1862 1642 1870
f 1870 1642 1652
f 1873 1871 1872
f 1872 1863 1865
f 1872 1871 1863
f 1871 1874 1863
f 1655 1654 1866
f 1655 1866 1874
f 1874 1866 1863
f 1866 1654 1645
f 1868 1649 1875
f 1875 1649 1657
f 1869 1876 1651
f 1876 1658 1651
f 1870 1652 1877
f 1877 1652 1659
f 1880 1878 1879
f 1879 1871 1873
f 1879 1878 1871
f 1878 1881 1871
f 1662 1661 1874
f 1662 1874 1881
f 1881 1874 1871
f 1874 1661 1655
f 1875 1657 1882
f 1882 1657 1665
f 1876 1883 1658
f 1883 1666 1658
f 1877 1659 1884
f 1884 1659 1667
f 1887 1885 1886
f 1886 1878 1880
f 1886 1885 1878
f 1885 1888 1878
f 1670 1669 1881
f 1670 1881 1888
f 1888 1881 1878
f 1881 1669 1662
f 1882 1665 1889
f 1889 1665 1673
f 1883 1890 1666
f 1890 1674 1666
f 1884 1667 1891
f 1891 1667 1675
f 1894 1892 1893
f 1893 1895 1896
f 1892 1895 1893
f 1896 1885 1887
f 1896 1895 1885
f 1895 1897 1885
f 1678 1677 1888
f 1678 1888 1897
f 1897 1888 1885
f 1888 1677 1670
f 1889 1673 1898
f 1898 1673 1682
f 1890 1899 1674
f 1899 1684 1674
f 1891 1675 1900
f 1900 1675 1685
f 1903 1901 1902
f 1902 1904 1905
f 1901 1904 1902
f 1905 1906 1907
f 1904 1906 1905
f 1688 1907 1906
f 1688 1687 1907
f 1687 1908 1907
f 1908 1687 1909
f 1687 1690 1909
f 1909 1690 1910
f 1690 1691 1910
f 1910 1691 1911
f 1691 1692 1911
f 1911 1692 1912
f 1692 1693 1912
f 1912 1693 1913
f 1693 1694 1913
f 1913 1694 1914
f 1694 1695 1914
f 1892 1894 1914
f 1892 1914 1696
f 1696 1914 1695
f 1895 1892 1696
f 1697 1895 1696
f 1897 1895 1697
f 1698 1897 1697
f 1897 1698 1678
f 1898 1682 1700
f 1915 1898 1700
f 1915 1700 1916
f 1915 1916 1918
f 1700 1684 1916
f 1917 1916 1899
f 1684 1899 1916
f 1917 1919 1916
f 1900 1685 1920
f 1920 1685 1702
f 1922 1901 1903
f 1921 1901 1922
f 1901 1921 1904
f 1904 1921 1923
f 1705 1704 1906
f 1705 1906 1923
f 1923 1906 1904
f 1906 1704 1688
f 1924 1925 1918
f 1924 1918 1708
f 1916 1707 1918
f 1707 1708 1918
f 1707 1916 1919
f 1707 1919 1709
f 1925 1924 1919
f 1924 1709 1919
f 1920 1702 1926
f 1926 1702 1710
f 1929 1927 1928
f 1928 1921 1922
f 1928 1927 1921
f 1927 1930 1921
f 1713 1712 1923
f 1713 1923 1930
f 1930 1923 1921
f 1923 1712 1705
f 1924 1708 1715
f 1924 1715 1709
f 1926 1710 1931
f 1931 1710 1716
f 1934 1932 1933
f 1933 1927 1929
f 1933 1932 1927
f 1932 1935 1927
f 1927 1935 1930
f 1930 1935 1936
f 1930 1936 1718
f 1713 1930 1718
f 1931 1716 1937
f 1937 1716 1720
f 1939 1932 1934
f 1938 1932 1939
f 1932 1938 1935
f 1935 1938 1940
f 1723 1722 1936
f 1723 1936 1940
f 1940 1936 1935
f 1936 1722 1718
f 1937 1720 1941
f 1941 1720 1725
f 1943 1938 1939
f 1943 1944 1938
f 1944 1942 1938
f 1728 1727 1940
f 1728 1940 1942
f 1942 1940 1938
f 1940 1727 1723
f 1941 1725 1945
f 1945 1725 1730
f 1944 1947 1942
f 1942 1947 1946
f 1942 1946 1732
f 1728 1942 1732
f 1945 1730 1734
f 1948 1945 1734
f 1734 1949 1948
f 1735 1949 1734
f 1738 1737 1946
f 1738 1946 1950
f 1950 1946 1947
f 1946 1737 1732
f 1949 1735 1951
f 1951 1735 1740
f 1950 1742 1738
f 1951 1740 1952
f 1952 1740 1744
f 1952 1744 1747
f 1953 1952 1747
f 1747 1954 1953
f 1748 1954 1747
f 1954 1748 1955
f 1955 1748 1750
f 1955 1750 1956
f 1956 1750 1751
f 1956 1751 1753
f 1957 1956 1753
f 1753 1958 1957
f 1754 1958 1753
f 1958 1754 1959
f 1959 1754 1756
f 1758 1759 1960
f 1960 1756 1758
f 1960 1961 1756
f 1961 1959 1756
f 1761 1762 1962
f 1759 1761 1962
f 1759 1962 1960
f 1960 1962 1963
f 1961 1963 1964
f 1960 1963 1961
f 1967 1965 1966
f 1966 1965 1968
f 1965 1765 1764
f 1965 1967 1765
f 1967 1969 1765
f 1764 1968 1965
f 1764 1766 1968
f 1766 1970 1968
f 1969 1971 1765
f 1971 1768 1765
f 1970 1766 1972
f 1972 1766 1769
f 1971 1973 1768
f 1973 1771 1768
f 1972 1769 1974
f 1974 1769 1772
f 1774 1975 1976
f 1773 1975 1774
f 1975 1773 1977
f 1773 1775 1977
f 1977 1775 1978
f 1775 1776 1978
f 1978 1776 1979
f 1776 1777 1979
f 1979 1777 1980
f 1777 1778 1980
f 1980 1778 1981
f 1778 1780 1981
f 1982 1780 1781
f 1982 1983 1780
f 1983 1981 1780
f 1983 1984 1985
f 1982 1984 1983
f 1784 1985 1984
f 1784 1783 1985
f 1783 1986 1985
f 1987 1783 1785
f 1987 1988 1783
f 1988 1986 1783
f 1988 1987 1989
f 1992 1990 1991
f 1991 1990 1787
f 1991 1787 1973
f 1973 1787 1771
f 1974 1772 1993
f 1993 1772 1788
f 1790 1994 1995
f 1789 1994 1790
f 1994 1789 1774
f 1976 1994 1774
f 1982 1781 1791
f 1984 1982 1791
f 1792 1984 1791
f 1984 1792 1784
f 1987 1785 1793
f 1989 1987 1793
f 1989 1793 1996
f 1996 1793 1795
f 1795 1997 1996
f 1796 1997 1795
f 1999 1990 1992
f 1998 1990 1999
f 1990 1998 1797
f 1787 1990 1797
f 1993 1788 2000
f 2000 1788 1798
f 1995 2001 1790
f 2001 1800 1790
f 1997 1796 2002
f 2002 1796 1803
f 2004 1998 1999
f 2003 1998 2004
f 1998 2003 1804
f 1797 1998 1804
f 2000 1798 2005
f 2005 1798 1805
f 2001 1806 1800
f 2006 1806 2001
f 1806 2006 2007
f 1808 1806 2007
f 2002 1803 2008
f 2008 1803 1810
f 2010 2003 2004
f 2009 2003 2010
f 2003 2009 1811
f 1804 2003 1811
f 2005 1805 2011
f 2011 1805 1812
f 1815 2012 2013
f 1814 2012 1815
f 2012 1814 1808
f 2007 2012 1808
f 2008 1810 2014
f 2014 1810 1816
f 2009 1819 1818
f 2009 2010 1819
f 2010 2015 1819
f 2009 1818 1811
f 2011 1812 2016
f 2016 1812 1820
f 2013 1821 1815
f 2017 1821 2013
f 2017 2018 1821
f 1821 2018 1822
f 2018 2019 1822
f 1822 2019 1823
f 2019 2020 1823
f 1823 2020 1824
f 2020 2021 1824
f 1824 2021 1825
f 2021 2022 1825
f 1825 2022 1826
f 2022 2023 1826
f 1826 2023 1827
f 2023 2024 1827
f 1827 2024 1828
f 2024 2025 1828
f 1828 2025 1829
f 2025 2026 1829
f 1829 2026 1830
f 2026 2027 1830
f 1830 2027 1831
f 2027 2028 1831
f 1831 2028 1832
f 2028 1816 1832
f 2014 1816 2028
f 2015 2029 1819
f 2029 1834 1819
f 2016 1820 2030
f 2030 1820 1835
f 2029 2031 1834
f 2031 1837 1834
f 2030 1835 2032
f 2032 1835 1838
f 2031 2033 1837
f 2033 1840 1837
f 2032 1838 2034
f 2034 1838 1841
f 2037 2035 2036
f 2036 2038 2039
f 2035 2038 2036
f 2039 2040 2041
f 2038 2040 2039
f 1844 2041 2040
f 1844 1843 2041
f 1843 2042 2041
f 2042 1843 2043
f 1843 1846 2043
f 2043 1846 2044
f 1846 1848 2044
f 2044 1848 2045
f 1848 1849 2045
f 1849 2046 2045
f 1850 2046 1849
f 2033 2047 1840
f 2047 1851 1840
f 2034 1841 2048
f 2048 1841 1852
f 2051 2049 2050
f 2050 2052 2053
f 2049 2052 2050
f 2053 2054 2055
f 2052 2054 2053
f 1855 2055 2054
f 1855 1854 2055
f 1854 2056 2055
f 2035 2037 2056
f 2035 2056 1857
f 1857 2056 1854
f 2038 2035 1857
f 1858 2038 1857
f 2040 2038 1858
f 1859 2040 1858
f 2040 1859 1844
f 2046 1850 2057
f 2057 1850 1860
f 2047 2058 1851
f 2058 1861 1851
f 2048 1852 2059
f 2059 1852 1862
f 2062 2060 2061
f 2061 2063 2064
f 2060 2063 2061
f 2064 2049 2051
f 2064 2063 2049
f 2063 2065 2049
f 1865 1864 2052
f 1865 2052 2065
f 2065 2052 2049
f 2054 2052 1864
f 1867 2054 1864
f 2054 1867 1855
f 2066 2067 2057
f 2066 2057 1868
f 1868 2057 1860
f 2067 2066 1869
f 2067 1869 2058
f 2058 1869 1861
f 2059 1862 2068
f 2068 1862 1870
f 2071 2069 2070
f 2070 2060 2062
f 2070 2069 2060
f 2069 2072 2060
f 2060 2072 2063
f 2063 2072 2073
f 1873 1872 2065
f 1873 2065 2073
f 2073 2065 2063
f 2065 1872 1865
f 2074 2066 1868
f 1875 2074 1868
f 2066 2074 1876
f 1869 2066 1876
f 2068 1870 2075
f 2075 1870 1877
f 2078 2076 2077
f 2077 2069 2071
f 2077 2076 2069
f 2076 2079 2069
f 2069 2079 2072
f 2072 2079 2080
f 1880 1879 2073
f 1880 2073 2080
f 2080 2073 2072
f 2073 1879 1873
f 2081 2074 1875
f 1882 2081 1875
f 2074 2081 1883
f 1876 2074 1883
f 2075 1877 2082
f 2082 1877 1884
f 2085 2083 2084
f 2084 2076 2078
f 2084 2083 2076
f 2083 2086 2076
f 2076 2086 2079
f 2079 2086 2087
f 1887 1886 2080
f 1887 2080 2087
f 2087 2080 2079
f 2080 1886 1880
f 2088 2081 1882
f 1889 2088 1882
f 2081 2088 1890
f 1883 2081 1890
f 2082 1884 2089
f 2089 1884 1891
f 2092 2090 2091
f 2091 2093 2094
f 2090 2093 2091
f 2094 2083 2085
f 2094 2093 2083
f 2093 2095 2083
f 1894 1893 2086
f 1894 2086 2095
f 2095 2086 2083
f 2087 2086 1893
f 1896 2087 1893
f 2087 1896 1887
f 2096 2088 1889
f 1898 2096 1889
f 1899 1890 2098
f 1899 2098 2097
f 1890 2088 2098
f 2099 2098 2096
f 2088 2096 2098
f 2098 2100 2097
f 2089 1891 2101
f 2101 1891 1900
f 2104 2102 2103
f 2103 2105 2106
f 2102 2105 2103
f 1903 2106 2105
f 1903 1902 2106
f 1902 2107 2106
f 2107 1902 2108
f 1902 1905 2108
f 2108 1905 2109
f 1905 1907 2109
f 2109 1907 2110
f 1907 1908 2110
f 2110 1908 2111
f 1908 1909 2111
f 2111 1909 2112
f 1909 1910 2112
f 2112 1910 2113
f 1910 1911 2113
f 2090 2092 2113
f 2090 2113 1912
f 1912 2113 1911
f 2093 2090 1912
f 1913 2093 1912
f 2095 2093 1913
f 1914 2095 1913
f 2095 1914 1894
f 2096 1898 1915
f 2097 1917 1899
f 2099 2096 1918
f 2099 1918 2114
f 1918 2096 1915
f 1917 2097 2100
f 1917 2100 1919
f 1919 2100 2115
f 2101 1900 2116
f 2116 1900 1920
f 2118 2102 2104
f 2118 2119 2102
f 2119 2117 2102
f 2102 2117 2105
f 2105 2117 2120
f 2105 2120 1922
f 1903 2105 1922
f 2114 1918 1925
f 2121 2114 1925
f 2121 1925 1919
f 2115 2121 1919
f 2116 1920 2122
f 2122 1920 1926
f 2119 2124 2117
f 2117 2124 2123
f 1929 1928 2120
f 1929 2120 2123
f 2123 2120 2117
f 2120 1928 1922
f 2122 1926 2125
f 2125 1926 1931
f 1934 1933 2123
f 1934 2123 2126
f 2126 2123 2124
f 2123 1933 1929
f 2125 1931 2127
f 2127 1931 1937
f 2126 2128 1939
f 1934 2126 1939
f 2127 1937 2129
f 2129 1937 1941
f 2128 1943 1939
f 2129 1941 2130
f 2130 1941 1945
f 2130 1945 1948
f 2131 2130 1948
f 1948 2132 2131
f 1949 2132 1948
f 2132 1949 2133
f 2133 1949 1951
f 2134 2135 2133
f 2134 2133 1952
f 1952 2133 1951
f 2135 2134 2136
f 2134 1952 1953
f 1953 2136 2134
f 1953 1954 2136
f 1954 2137 2136
f 2137 1954 2138
f 2138 1954 1955
f 2139 2140 2138
f 2139 2138 1956
f 1956 2138 1955
f 2140 2139 2141
f 2139 1956 1957
f 1957 2141 2139
f 1957 1958 2141
f 1958 2142 2141
f 2142 1958 2143
f 2143 1958 1959
f 2144 2145 2143
f 2144 2143 1961
f 1961 2143 1959
f 2145 2144 2146
f 2147 2144 1961
f 1964 2147 1961
f 2146 2147 2148
f 2144 2147 2146
f 1967 2149 2150
f 1966 2149 1967
f 1966 2151 2149
f 1968 2151 1966
f 2150 2152 1967
f 2152 1969 1967
f 2151 1968 2153
f 2153 1968 1970
f 2156 2154 2155
f 2155 2154 1971
f 2155 1971 2152
f 2152 1971 1969
f 2153 1970 2157
f 2157 1970 1972
f 2159 2154 2156
f 2158 2154 2159
f 2154 2158 1973
f 1971 2154 1973
f 2157 1972 2160
f 2160 1972 1974
f 1976 2161 2162
f 1975 2161 1976
f 2161 1975 2163
f 1975 1977 2163
f 2163 1977 2164
f 1977 1978 2164
f 2164 1978 2165
f 1978 1979 2165
f 2165 1979 2166
f 1979 1980 2166
f 2166 1980 2167
f 1980 1981 2167
f 2167 1981 2168
f 1981 1983 2168
f 2168 1983 2169
f 1983 1985 2169
f 2169 1985 2170
f 1985 1986 2170
f 2170 1986 2171
f 1986 1988 2171
f 1988 2172 2171
f 1989 2172 1988
f 2158 1992 1991
f 2158 2159 1992
f 2159 2173 1992
f 2158 1991 1973
f 2160 1974 2174
f 2174 1974 1993
f 1995 2175 2176
f 1994 2175 1995
f 2175 1994 1976
f 2162 2175 1976
f 2172 1989 1996
f 2177 2172 1996
f 1996 2178 2177
f 1997 2178 1996
f 2173 2179 1992
f 2179 1999 1992
f 2174 1993 2180
f 2180 1993 2000
f 2176 2181 1995
f 2181 2001 1995
f 2182 2183 2178
f 2182 2178 2002
f 2002 2178 1997
f 2183 2182 2004
f 2183 2004 2179
f 2179 2004 1999
f 2180 2000 2184
f 2184 2000 2005
f 2006 2186 2185
f 2006 2001 2186
f 2001 2181 2186
f 2006 2185 2007
f 2187 2182 2002
f 2008 2187 2002
f 2182 2187 2010
f 2004 2182 2010
f 2184 2005 2188
f 2188 2005 2011
f 2191 2189 2190
f 2185 2013 2012
f 2186 2013 2185
f 2186 2189 2013
f 2186 2190 2189
f 2185 2012 2007
f 2192 2187 2008
f 2192 2008 2193
f 2193 2008 2014
f 2187 2192 2194
f 2187 2194 2010
f 2010 2194 2015
f 2188 2011 2195
f 2195 2011 2016
f 2191 2196 2189
f 2189 2017 2013
f 2189 2196 2017
f 2196 2197 2017
f 2197 2198 2017
f 2017 2198 2018
f 2198 2199 2018
f 2018 2199 2019
f 2199 2200 2019
f 2019 2200 2020
f 2200 2201 2020
f 2020 2201 2021
f 2201 2202 2021
f 2021 2202 2022
f 2202 2203 2022
f 2022 2203 2023
f 2203 2204 2023
f 2023 2204 2024
f 2204 2205 2024
f 2024 2205 2025
f 2205 2206 2025
f 2025 2206 2026
f 2206 2207 2026
f 2026 2207 2027
f 2207 2208 2027
f 2027 2208 2028
f 2208 2014 2028
f 2193 2014 2208
f 2194 2209 2015
f 2209 2029 2015
f 2195 2016 2210
f 2210 2016 2030
f 2209 2211 2029
f 2211 2031 2029
f 2210 2030 2212
f 2212 2030 2032
f 2211 2213 2031
f 2213 2033 2031
f 2212 2032 2214
f 2214 2032 2034
f 2217 2215 2216
f 2216 2218 2219
f 2215 2218 2216
f 2219 2220 2221
f 2218 2220 2219
f 2037 2221 2220
f 2037 2036 2221
f 2036 2222 2221
f 2222 2036 2223
f 2036 2039 2223
f 2223 2039 2224
f 2039 2041 2224
f 2224 2041 2225
f 2041 2042 2225
f 2225 2042 2226
f 2042 2043 2226
f 2226 2043 2227
f 2043 2044 2227
f 2227 2044 2228
f 2044 2045 2228
f 2045 2229 2228
f 2046 2229 2045
f 2213 2230 2033
f 2230 2047 2033
f 2214 2034 2231
f 2231 2034 2048
f 2234 2232 2233
f 2233 2235 2236
f 2232 2235 2233
f 2236 2237 2238
f 2235 2237 2236
f 2051 2238 2237
f 2051 2050 2238
f 2050 2239 2238
f 2215 2217 2239
f 2215 2239 2053
f 2053 2239 2050
f 2218 2215 2053
f 2055 2218 2053
f 2220 2218 2055
f 2056 2220 2055
f 2220 2056 2037
f 2229 2046 2240
f 2240 2046 2057
f 2230 2241 2047
f 2241 2058 2047
f 2231 2048 2242
f 2242 2048 2059
f 2245 2243 2244
f 2244 2232 2234
f 2244 2243 2232
f 2243 2246 2232
f 2062 2061 2235
f 2062 2235 2246
f 2246 2235 2232
f 2237 2235 2061
f 2064 2237 2061
f 2237 2064 2051
f 2240 2057 2067
f 2247 2240 2067
f 2247 2067 2058
f 2241 2247 2058
f 2242 2059 2248
f 2248 2059 2068
f 2251 2249 2250
f 2250 2243 2245
f 2250 2249 2243
f 2249 2252 2243
f 2071 2070 2246
f 2071 2246 2252
f 2252 2246 2243
f 2246 2070 2062
f 2248 2068 2253
f 2253 2068 2075
f 2256 2254 2255
f 2255 2249 2251
f 2255 2254 2249
f 2254 2257 2249
f 2078 2077 2252
f 2078 2252 2257
f 2257 2252 2249
f 2252 2077 2071
f 2253 2075 2258
f 2258 2075 2082
f 2261 2259 2260
f 2260 2254 2256
f 2260 2259 2254
f 2259 2262 2254
f 2085 2084 2257
f 2085 2257 2262
f 2262 2257 2254
f 2257 2084 2078
f 2258 2082 2263
f 2263 2082 2089
f 2266 2264 2265
f 2265 2267 2268
f 2264 2267 2265
f 2268 2269 2270
f 2267 2269 2268
f 2270 2271 2272
f 2269 2271 2270
f 2259 2092 2091
f 2261 2092 2259
f 2261 2271 2092
f 2261 2272 2271
f 2262 2259 2091
f 2094 2262 2091
f 2262 2094 2085
f 2099 2274 2273
f 2098 2099 2273
f 2098 2273 2275
f 2100 2098 2275
f 2263 2089 2276
f 2276 2089 2101
f 2104 2278 2279
f 2104 2103 2278
f 2103 2277 2278
f 2277 2103 2280
f 2103 2106 2280
f 2280 2106 2281
f 2106 2107 2281
f 2281 2107 2282
f 2107 2108 2282
f 2282 2108 2283
f 2108 2109 2283
f 2264 2266 2283
f 2264 2283 2110
f 2110 2283 2109
f 2267 2264 2110
f 2111 2267 2110
f 2269 2267 2111
f 2112 2269 2111
f 2271 2269 2112
f 2113 2271 2112
f 2271 2113 2092
f 2274 2099 2284
f 2284 2099 2114
f 2275 2285 2100
f 2285 2115 2100
f 2276 2101 2286
f 2286 2101 2116
f 2279 2118 2104
f 2284 2114 2121
f 2287 2284 2121
f 2287 2121 2115
f 2285 2287 2115
f 2286 2116 2288
f 2288 2116 2122
f 2288 2122 2289
f 2289 2122 2125
f 2289 2125 2290
f 2290 2125 2127
f 2290 2127 2291
f 2291 2127 2129
f 2292 2293 2291
f 2292 2291 2130
f 2130 2291 2129
f 2293 2292 2294
f 2292 2130 2131
f 2131 2294 2292
f 2131 2132 2294
f 2132 2295 2294
f 2295 2132 2296
f 2296 2132 2133
f 2296 2133 2135
f 2297 2296 2135
f 2135 2298 2297
f 2136 2298 2135
f 2298 2136 2299
f 2299 2136 2137
f 2299 2137 2300
f 2300 2137 2138
f 2300 2138 2140
f 2301 2300 2140
f 2140 2302 2301
f 2141 2302 2140
f 2302 2141 2303
f 2303 2141 2142
f 2303 2142 2304
f 2304 2142 2143
f 2304 2143 2145
f 2305 2304 2145
f 2145 2306 2305
f 2146 2306 2145
f 2306 2146 2307
f 2307 2146 2148
f 2150 2308 2309
f 2149 2308 2150
f 2149 2310 2308
f 2151 2310 2149
f 2313 2311 2312
f 2312 2311 2152
f 2312 2152 2309
f 2309 2152 2150
f 2310 2151 2314
f 2314 2151 2153
f 2311 2156 2155
f 2311 2313 2156
f 2313 2315 2156
f 2311 2155 2152
f 2314 2153 2316
f 2316 2153 2157
f 2315 2317 2156
f 2317 2159 2156
f 2316 2157 2318
f 2318 2157 2160
f 2162 2319 2320
f 2161 2319 2162
f 2319 2161 2321
f 2161 2163 2321
f 2321 2163 2322
f 2163 2164 2322
f 2322 2164 2323
f 2164 2165 2323
f 2323 2165 2324
f 2165 2166 2324
f 2324 2166 2325
f 2166 2167 2325
f 2325 2167 2326
f 2167 2168 2326
f 2326 2168 2327
f 2168 2169 2327
f 2327 2169 2328
f 2169 2170 2328
f 2328 2170 2329
f 2170 2171 2329
f 2330 2171 2172
f 2330 2331 2171
f 2331 2329 2171
f 2331 2330 2332
f 2317 2333 2159
f 2333 2173 2159
f 2318 2160 2334
f 2334 2160 2174
f 2176 2335 2336
f 2175 2335 2176
f 2335 2175 2162
f 2320 2335 2162
f 2330 2172 2177
f 2177 2178 2337
f 2330 2177 2337
f 2330 2337 2338
f 2330 2338 2332
f 2338 2337 2179
f 2338 2179 2333
f 2333 2179 2173
f 2334 2174 2339
f 2339 2174 2180
f 2336 2340 2176
f 2340 2181 2176
f 2337 2178 2183
f 2337 2183 2179
f 2339 2180 2341
f 2341 2180 2184
f 2340 2342 2181
f 2342 2186 2181
f 2341 2184 2343
f 2343 2184 2188
f 2191 2344 2345
f 2190 2344 2191
f 2344 2190 2186
f 2342 2344 2186
f 2193 2347 2346
f 2192 2193 2346
f 2192 2346 2348
f 2194 2192 2348
f 2343 2188 2349
f 2349 2188 2195
f 2345 2196 2191
f 2350 2196 2345
f 2350 2351 2196
f 2196 2351 2197
f 2351 2352 2197
f 2197 2352 2198
f 2352 2353 2198
f 2198 2353 2199
f 2353 2354 2199
f 2199 2354 2200
f 2354 2355 2200
f 2200 2355 2201
f 2355 2356 2201
f 2201 2356 2202
f 2356 2357 2202
f 2202 2357 2203
f 2357 2358 2203
f 2203 2358 2204
f 2358 2359 2204
f 2204 2359 2205
f 2359 2360 2205
f 2205 2360 2206
f 2360 2361 2206
f 2206 2361 2207
f 2361 2362 2207
f 2207 2362 2208
f 2362 2193 2208
f 2347 2193 2362
f 2348 2363 2194
f 2363 2209 2194
f 2349 2195 2364
f 2364 2195 2210
f 2363 2365 2209
f 2365 2211 2209
f 2364 2210 2366
f 2366 2210 2212
f 2365 2367 2211
f 2367 2213 2211
f 2366 2212 2368
f 2368 2212 2214
f 2371 2369 2370
f 2370 2372 2373
f 2369 2372 2370
f 2373 2374 2375
f 2372 2374 2373
f 2217 2375 2374
f 2217 2216 2375
f 2216 2376 2375
f 2376 2216 2377
f 2216 2219 2377
f 2377 2219 2378
f 2219 2221 2378
f 2378 2221 2379
f 2221 2222 2379
f 2379 2222 2380
f 2222 2223 2380
f 2380 2223 2381
f 2223 2224 2381
f 2381 2224 2382
f 2224 2225 2382
f 2382 2225 2383
f 2225 2226 2383
f 2383 2226 2384
f 2226 2227 2384
f 2384 2227 2385
f 2227 2228 2385
f 2228 2386 2385
f 2229 2386 2228
f 2367 2387 2213
f 2387 2230 2213
f 2368 2214 2388
f 2388 2214 2231
f 2391 2389 2390
f 2390 2392 2393
f 2389 2392 2390
f 2234 2393 2392
f 2234 2233 2393
f 2233 2394 2393
f 2369 2371 2394
f 2369 2394 2236
f 2236 2394 2233
f 2372 2369 2236
f 2238 2372 2236
f 2374 2372 2238
f 2239 2374 2238
f 2374 2239 2217
f 2386 2229 2395
f 2395 2229 2240
f 2387 2396 2230
f 2396 2241 2230
f 2388 2231 2397
f 2397 2231 2242
f 2400 2398 2399
f 2399 2389 2391
f 2399 2398 2389
f 2398 2401 2389
f 2245 2244 2392
f 2245 2392 2401
f 2401 2392 2389
f 2392 2244 2234
f 2395 2240 2247
f 2402 2395 2247
f 2402 2247 2241
f 2396 2402 2241
f 2397 2242 2403
f 2403 2242 2248
f 2406 2404 2405
f 2405 2398 2400
f 2405 2404 2398
f 2404 2407 2398
f 2251 2250 2401
f 2251 2401 2407
f 2407 2401 2398
f 2401 2250 2245
f 2403 2248 2408
f 2408 2248 2253
f 2411 2409 2410
f 2410 2404 2406
f 2410 2409 2404
f 2409 2412 2404
f 2256 2255 2407
f 2256 2407 2412
f 2412 2407 2404
f 2407 2255 2251
f 2408 2253 2413
f 2413 2253 2258
f 2416 2414 2415
f 2415 2409 2411
f 2415 2414 2409
f 2414 2417 2409
f 2261 2260 2412
f 2261 2412 2417
f 2417 2412 2409
f 2412 2260 2256
f 2413 2258 2418
f 2418 2258 2263
f 2421 2419 2420
f 2420 2422 2423
f 2419 2422 2420
f 2423 2424 2425
f 2422 2424 2423
f 2266 2425 2424
f 2266 2265 2425
f 2265 2426 2425
f 2426 2265 2427
f 2265 2268 2427
f 2414 2416 2427
f 2414 2427 2270
f 2270 2427 2268
f 2417 2414 2270
f 2272 2417 2270
f 2417 2272 2261
f 2274 2429 2428
f 2273 2274 2428
f 2273 2428 2430
f 2275 2273 2430
f 2418 2263 2431
f 2431 2263 2276
f 2433 2278 2432
f 2278 2277 2432
f 2432 2277 2434
f 2277 2280 2434
f 2419 2421 2434
f 2419 2434 2281
f 2281 2434 2280
f 2422 2419 2281
f 2282 2422 2281
f 2424 2422 2282
f 2283 2424 2282
f 2424 2283 2266
f 2429 2274 2435
f 2435 2274 2284
f 2430 2436 2275
f 2436 2285 2275
f 2431 2276 2437
f 2437 2276 2286
f 2435 2284 2287
f 2438 2435 2287
f 2438 2287 2285
f 2436 2438 2285
f 2437 2286 2439
f 2439 2286 2288
f 2439 2288 2440
f 2440 2288 2289
f 2440 2289 2441
f 2441 2289 2290
f 2441 2290 2442
f 2442 2290 2291
f 2442 2291 2293
f 2443 2442 2293
f 2293 2444 2443
f 2294 2444 2293
f 2444 2294 2445
f 2445 2294 2295
f 2445 2295 2446
f 2446 2295 2296
f 2446 2296 2297
f 2447 2446 2297
f 2297 2448 2447
f 2298 2448 2297
f 2448 2298 2449
f 2449 2298 2299
f 2449 2299 2450
f 2450 2299 2300
f 2450 2300 2301
f 2451 2450 2301
f 2301 2452 2451
f 2302 2452 2301
f 2452 2302 2453
f 2453 2302 2303
f 2453 2303 2454
f 2454 2303 2304
f 2454 2304 2305
f 2455 2454 2305
f 2305 2456 2455
f 2306 2456 2305
f 2456 2306 2457
f 2457 2306 2307
f 2308 2458 2309
f 2308 2310 2458
f 2313 2459 2460
f 2312 2459 2313
f 2309 2458 2461
f 2309 2461 2312
f 2312 2461 2459
f 2458 2462 2461
f 2458 2310 2462
f 2310 2314 2462
f 2460 2463 2313
f 2463 2315 2313
f 2462 2314 2464
f 2464 2314 2316
f 2463 2465 2315
f 2465 2317 2315
f 2464 2316 2466
f 2466 2316 2318
f 2320 2467 2468
f 2319 2467 2320
f 2467 2319 2469
f 2319 2321 2469
f 2469 2321 2470
f 2321 2322 2470
f 2470 2322 2471
f 2322 2323 2471
f 2471 2323 2472
f 2323 2324 2472
f 2472 2324 2473
f 2324 2325 2473
f 2473 2325 2474
f 2325 2326 2474
f 2474 2326 2475
f 2326 2327 2475
f 2475 2327 2476
f 2327 2328 2476
f 2476 2328 2477
f 2328 2329 2477
f 2477 2329 2478
f 2329 2331 2478
f 2331 2479 2478
f 2332 2479 2331
f 2465 2480 2317
f 2480 2333 2317
f 2466 2318 2481
f 2481 2318 2334
f 2336 2482 2483
f 2335 2482 2336
f 2482 2335 2320
f 2468 2482 2320
f 2479 2332 2338
f 2484 2479 2338
f 2484 2338 2333
f 2480 2484 2333
f 2481 2334 2485
f 2485 2334 2339
f 2483 2486 2336
f 2486 2340 2336
f 2485 2339 2487
f 2487 2339 2341
f 2490 2488 2489
f 2489 2488 2342
f 2489 2342 2486
f 2486 2342 2340
f 2493 2492 2491
f 2492 2494 2491
f 2487 2341 2495
f 2495 2341 2343
f 2488 2345 2344
f 2488 2490 2345
f 2490 2496 2345
f 2488 2344 2342
f 2491 2346 2347
f 2491 2347 2493
f 2493 2347 2497
f 2346 2491 2494
f 2346 2494 2348
f 2348 2494 2498
f 2495 2343 2499
f 2499 2343 2349
f 2496 2350 2345
f 2500 2350 2496
f 2500 2501 2350
f 2350 2501 2351
f 2501 2502 2351
f 2351 2502 2352
f 2502 2503 2352
f 2352 2503 2353
f 2503 2504 2353
f 2353 2504 2354
f 2504 2505 2354
f 2354 2505 2355
f 2505 2506 2355
f 2355 2506 2356
f 2506 2507 2356
f 2356 2507 2357
f 2507 2508 2357
f 2357 2508 2358
f 2508 2509 2358
f 2358 2509 2359
f 2509 2510 2359
f 2359 2510 2360
f 2510 2511 2360
f 2360 2511 2361
f 2511 2512 2361
f 2361 2512 2362
f 2512 2347 2362
f 2497 2347 2512
f 2498 2513 2348
f 2513 2363 2348
f 2499 2349 2514
f 2514 2349 2364
f 2513 2515 2363
f 2515 2365 2363
f 2514 2364 2516
f 2516 2364 2366
f 2515 2517 2365
f 2517 2367 2365
f 2516 2366 2518
f 2518 2366 2368
f 2521 2519 2520
f 2520 2522 2523
f 2519 2522 2520
f 2523 2524 2525
f 2522 2524 2523
f 2371 2525 2524
f 2371 2370 2525
f 2370 2526 2525
f 2526 2370 2527
f 2370 2373 2527
f 2527 2373 2528
f 2373 2375 2528
f 2528 2375 2529
f 2375 2376 2529
f 2529 2376 2530
f 2376 2377 2530
f 2530 2377 2531
f 2377 2378 2531
f 2531 2378 2532
f 2378 2379 2532
f 2532 2379 2533
f 2379 2380 2533
f 2533 2380 2534
f 2380 2381 2534
f 2534 2381 2535
f 2381 2382 2535
f 2535 2382 2536
f 2382 2383 2536
f 2536 2383 2537
f 2383 2384 2537
f 2537 2384 2538
f 2384 2385 2538
f 2385 2539 2538
f 2386 2539 2385
f 2517 2540 2367
f 2540 2387 2367
f 2518 2368 2541
f 2541 2368 2388
f 2544 2542 2543
f 2543 2545 2546
f 2542 2545 2543
f 2519 2391 2390
f 2521 2391 2519
f 2521 2545 2391
f 2521 2546 2545
f 2522 2519 2390
f 2393 2522 2390
f 2524 2522 2393
f 2394 2524 2393
f 2524 2394 2371
f 2539 2386 2547
f 2547 2386 2395
f 2540 2548 2387
f 2548 2396 2387
f 2541 2388 2549
f 2549 2388 2397
f 2552 2550 2551
f 2551 2553 2554
f 2550 2553 2551
f 2554 2542 2544
f 2554 2553 2542
f 2553 2555 2542
f 2400 2399 2545
f 2400 2545 2555
f 2555 2545 2542
f 2545 2399 2391
f 2547 2395 2402
f 2556 2547 2402
f 2556 2402 2396
f 2548 2556 2396
f 2549 2397 2557
f 2557 2397 2403
f 2560 2558 2559
f 2559 2550 2552
f 2559 2558 2550
f 2558 2561 2550
f 2550 2561 2553
f 2553 2561 2562
f 2406 2405 2555
f 2406 2555 2562
f 2562 2555 2553
f 2555 2405 2400
f 2557 2403 2563
f 2563 2403 2408
f 2566 2564 2565
f 2565 2558 2560
f 2565 2564 2558
f 2564 2567 2558
f 2558 2567 2561
f 2561 2567 2568
f 2411 2410 2562
f 2411 2562 2568
f 2568 2562 2561
f 2562 2410 2406
f 2563 2408 2569
f 2569 2408 2413
f 2572 2570 2571
f 2571 2564 2566
f 2571 2570 2564
f 2570 2573 2564
f 2564 2573 2567
f 2567 2573 2574
f 2416 2415 2568
f 2416 2568 2574
f 2574 2568 2567
f 2568 2415 2411
f 2569 2413 2575
f 2575 2413 2418
f 2578 2576 2577
f 2579 2576 2578
f 2577 2580 2581
f 2576 2580 2577
f 2421 2581 2580
f 2421 2420 2581
f 2420 2582 2581
f 2582 2420 2583
f 2420 2423 2583
f 2570 2572 2583
f 2570 2583 2425
f 2425 2583 2423
f 2573 2570 2425
f 2426 2573 2425
f 2574 2573 2426
f 2427 2574 2426
f 2574 2427 2416
f 2429 2585 2584
f 2428 2429 2584
f 2428 2584 2586
f 2430 2428 2586
f 2575 2418 2587
f 2587 2418 2431
f 2576 2579 2433
f 2432 2576 2433
f 2580 2576 2432
f 2434 2580 2432
f 2580 2434 2421
f 2588 2589 2585
f 2588 2585 2435
f 2435 2585 2429
f 2589 2588 2436
f 2589 2436 2586
f 2586 2436 2430
f 2587 2431 2590
f 2590 2431 2437
f 2588 2435 2438
f 2588 2438 2436
f 2590 2437 2591
f 2591 2437 2439
f 2591 2439 2592
f 2592 2439 2440
f 2592 2440 2593
f 2593 2440 2441
f 2593 2441 2594
f 2594 2441 2442
f 2594 2442 2443
f 2595 2594 2443
f 2443 2596 2595
f 2444 2596 2443
f 2596 2444 2597
f 2597 2444 2445
f 2597 2445 2598
f 2598 2445 2446
f 2598 2446 2447
f 2599 2598 2447
f 2447 2600 2599
f 2448 2600 2447
f 2600 2448 2601
f 2601 2448 2449
f 2601 2449 2602
f 2602 2449 2450
f 2602 2450 2451
f 2603 2602 2451
f 2451 2604 2603
f 2452 2604 2451
f 2604 2452 2605
f 2605 2452 2453
f 2605 2453 2606
f 2606 2453 2454
f 2606 2454 2455
f 2607 2606 2455
f 2455 2608 2607
f 2456 2608 2455
f 2608 2456 2609
f 2609 2456 2457
f 2459 2610 2460
f 2461 2610 2459
f 2611 2610 2461
f 2461 2462 2611
f 2612 2460 2610
f 2463 2460 2612
f 2613 2614 2612
f 2613 2612 2611
f 2611 2612 2610
f 2611 2615 2613
f 2611 2462 2615
f 2462 2464 2615
f 2616 2463 2612
f 2465 2463 2616
f 2614 2617 2616
f 2612 2614 2616
f 2615 2464 2618
f 2618 2464 2466
f 2468 2619 2620
f 2467 2619 2468
f 2619 2467 2621
f 2467 2469 2621
f 2621 2469 2622
f 2469 2470 2622
f 2622 2470 2623
f 2470 2471 2623
f 2623 2471 2624
f 2471 2472 2624
f 2624 2472 2625
f 2472 2473 2625
f 2625 2473 2626
f 2473 2474 2626
f 2626 2474 2627
f 2474 2475 2627
f 2627 2475 2628
f 2475 2476 2628
f 2628 2476 2629
f 2476 2477 2629
f 2629 2477 2630
f 2477 2478 2630
f 2631 2478 2479
f 2631 2632 2478
f 2632 2630 2478
f 2631 2633 2632
f 2631 2465 2633
f 2631 2480 2465
f 2616 2633 2465
f 2616 2617 2633
f 2618 2466 2634
f 2634 2466 2481
f 2483 2635 2636
f 2482 2635 2483
f 2635 2482 2468
f 2620 2635 2468
f 2631 2479 2484
f 2631 2484 2480
f 2634 2481 2637
f 2637 2481 2485
f 2636 2638 2483
f 2638 2486 2483
f 2637 2485 2639
f 2639 2485 2487
f 2490 2640 2641
f 2489 2640 2490
f 2640 2489 2486
f 2638 2640 2486
f 2493 2643 2642
f 2492 2493 2642
f 2492 2642 2644
f 2494 2492 2644
f 2639 2487 2645
f 2645 2487 2495
f 2641 2646 2490
f 2646 2496 2490
f 2643 2493 2647
f 2647 2493 2497
f 2644 2648 2494
f 2648 2498 2494
f 2645 2495 2649
f 2649 2495 2499
f 2646 2500 2496
f 2650 2500 2646
f 2650 2651 2500
f 2500 2651 2501
f 2651 2652 2501
f 2501 2652 2502
f 2652 2653 2502
f 2502 2653 2503
f 2653 2654 2503
f 2503 2654 2504
f 2654 2655 2504
f 2504 2655 2505
f 2655 2656 2505
f 2505 2656 2506
f 2656 2657 2506
f 2506 2657 2507
f 2657 2658 2507
f 2507 2658 2508
f 2658 2659 2508
f 2508 2659 2509
f 2659 2660 2509
f 2509 2660 2510
f 2660 2661 2510
f 2510 2661 2511
f 2661 2662 2511
f 2511 2662 2512
f 2662 2497 2512
f 2647 2497 2662
f 2648 2663 2498
f 2663 2513 2498
f 2649 2499 2664
f 2664 2499 2514
f 2663 2665 2513
f 2665 2515 2513
f 2664 2514 2666
f 2666 2514 2516
f 2665 2667 2515
f 2667 2517 2515
f 2666 2516 2668
f 2668 2516 2518
f 2671 2669 2670
f 2670 2672 2673
f 2669 2672 2670
f 2673 2674 2675
f 2672 2674 2673
f 2521 2675 2674
f 2521 2520 2675
f 2520 2676 2675
f 2676 2520 2677
f 2520 2523 2677
f 2677 2523 2678
f 2523 2525 2678
f 2678 2525 2679
f 2525 2526 2679
f 2679 2526 2680
f 2526 2527 2680
f 2680 2527 2681
f 2527 2528 2681
f 2681 2528 2682
f 2528 2529 2682
f 2682 2529 2683
f 2529 2530 2683
f 2683 2530 2684
f 2530 2531 2684
f 2684 2531 2685
f 2531 2532 2685
f 2685 2532 2686
f 2532 2533 2686
f 2686 2533 2687
f 2533 2534 2687
f 2687 2534 2688
f 2534 2535 2688
f 2688 2535 2689
f 2535 2536 2689
f 2689 2536 2690
f 2536 2537 2690
f 2690 2537 2691
f 2537 2538 2691
f 2538 2692 2691
f 2539 2692 2538
f 2667 2693 2517
f 2693 2540 2517
f 2668 2518 2694
f 2694 2518 2541
f 2697 2695 2696
f 2696 2698 2699
f 2695 2698 2696
f 2699 2669 2671
f 2699 2698 2669
f 2698 2700 2669
f 2544 2543 2672
f 2544 2672 2700
f 2700 2672 2669
f 2674 2672 2543
f 2546 2674 2543
f 2674 2546 2521
f 2692 2539 2701
f 2701 2539 2547
f 2693 2702 2540
f 2702 2548 2540
f 2694 2541 2703
f 2703 2541 2549
f 2706 2704 2705
f 2705 2695 2697
f 2705 2704 2695
f 2704 2707 2695
f 2552 2551 2698
f 2552 2698 2707
f 2707 2698 2695
f 2700 2698 2551
f 2554 2700 2551
f 2700 2554 2544
f 2701 2547 2556
f 2708 2701 2556
f 2708 2556 2548
f 2702 2708 2548
f 2703 2549 2709
f 2709 2549 2557
f 2712 2710 2711
f 2711 2704 2706
f 2711 2710 2704
f 2710 2713 2704
f 2560 2559 2707
f 2560 2707 2713
f 2713 2707 2704
f 2707 2559 2552
f 2709 2557 2714
f 2714 2557 2563
f 2717 2715 2716
f 2716 2710 2712
f 2716 2715 2710
f 2715 2718 2710
f 2566 2565 2713
f 2566 2713 2718
f 2718 2713 2710
f 2713 2565 2560
f 2714 2563 2719
f 2719 2563 2569
f 2722 2720 2721
f 2721 2715 2717
f 2721 2720 2715
f 2720 2723 2715
f 2572 2571 2718
f 2572 2718 2723
f 2723 2718 2715
f 2718 2571 2566
f 2719 2569 2724
f 2724 2569 2575
f 2726 2578 2725
f 2578 2577 2725
f 2725 2577 2727
f 2577 2581 2727
f 2720 2722 2727
f 2720 2727 2582
f 2582 2727 2581
f 2723 2720 2582
f 2583 2723 2582
f 2723 2583 2572
f 2584 2585 2728
f 2584 2728 2586
f 2724 2575 2729
f 2729 2575 2587
f 2728 2585 2589
f 2728 2589 2586
f 2729 2587 2730
f 2730 2587 2590
f 2730 2590 2731
f 2731 2590 2591
f 2731 2591 2732
f 2732 2591 2592
f 2732 2592 2733
f 2733 2592 2593
f 2733 2593 2734
f 2734 2593 2594
f 2734 2594 2595
f 2735 2734 2595
f 2595 2736 2735
f 2596 2736 2595
f 2736 2596 2737
f 2737 2596 2597
f 2737 2597 2738
f 2738 2597 2598
f 2738 2598 2599
f 2739 2738 2599
f 2599 2740 2739
f 2600 2740 2599
f 2740 2600 2741
f 2741 2600 2601
f 2741 2601 2742
f 2742 2601 2602
f 2742 2602 2603
f 2743 2742 2603
f 2603 2744 2743
f 2604 2744 2603
f 2744 2604 2745
f 2745 2604 2605
f 2745 2605 2746
f 2746 2605 2606
f 2746 2606 2607
f 2747 2746 2607
f 2607 2748 2747
f 2608 2748 2607
f 2748 2608 2749
f 2749 2608 2609
f 2614 2750 2751
f 2613 2750 2614
f 2613 2752 2750
f 2615 2752 2613
f 2751 2753 2614
f 2753 2617 2614
f 2752 2615 2754
f 2754 2615 2618
f 2620 2755 2756
f 2619 2755 2620
f 2755 2619 2757
f 2619 2621 2757
f 2757 2621 2758
f 2621 2622 2758
f 2758 2622 2759
f 2622 2623 2759
f 2759 2623 2760
f 2623 2624 2760
f 2760 2624 2761
f 2624 2625 2761
f 2761 2625 2762
f 2625 2626 2762
f 2762 2626 2763
f 2626 2627 2763
f 2763 2627 2764
f 2627 2628 2764
f 2764 2628 2765
f 2628 2629 2765
f 2765 2629 2766
f 2629 2630 2766
f 2766 2630 2767
f 2630 2632 2767
f 2767 2632 2768
f 2632 2633 2768
f 2768 2633 2617
f 2753 2768 2617
f 2754 2618 2769
f 2769 2618 2634
f 2636 2770 2771
f 2635 2770 2636
f 2770 2635 2620
f 2756 2770 2620
f 2769 2634 2772
f 2772 2634 2637
f 2771 2773 2636
f 2773 2638 2636
f 2772 2637 2774
f 2774 2637 2639
f 2641 2775 2776
f 2640 2775 2641
f 2775 2640 2638
f 2773 2775 2638
f 2643 2778 2777
f 2642 2643 2777
f 2642 2777 2779
f 2644 2642 2779
f 2774 2639 2780
f 2780 2639 2645
f 2776 2781 2641
f 2781 2646 2641
f 2778 2643 2782
f 2782 2643 2647
f 2779 2783 2644
f 2783 2648 2644
f 2780 2645 2784
f 2784 2645 2649
f 2781 2650 2646
f 2785 2650 2781
f 2785 2786 2650
f 2650 2786 2651
f 2786 2787 2651
f 2651 2787 2652
f 2787 2788 2652
f 2652 2788 2653
f 2788 2789 2653
f 2653 2789 2654
f 2789 2790 2654
f 2654 2790 2655
f 2790 2791 2655
f 2655 2791 2656
f 2791 2792 2656
f 2656 2792 2657
f 2792 2793 2657
f 2657 2793 2658
f 2793 2794 2658
f 2658 2794 2659
f 2794 2795 2659
f 2659 2795 2660
f 2795 2796 2660
f 2660 2796 2661
f 2796 2797 2661
f 2661 2797 2662
f 2797 2647 2662
f 2782 2647 2797
f 2783 2798 2648
f 2798 2663 2648
f 2784 2649 2799
f 2799 2649 2664
f 2798 2800 2663
f 2800 2665 2663
f 2799 2664 2801
f 2801 2664 2666
f 2800 2802 2665
f 2802 2667 2665
f 2801 2666 2803
f 2803 2666 2668
f 2806 2804 2805
f 2805 2807 2808
f 2804 2807 2805
f 2671 2808 2807
f 2671 2670 2808
f 2670 2809 2808
f 2809 2670 2810
f 2670 2673 2810
f 2810 2673 2811
f 2673 2675 2811
f 2811 2675 2812
f 2675 2676 2812
f 2812 2676 2813
f 2676 2677 2813
f 2813 2677 2814
f 2677 2678 2814
f 2814 2678 2815
f 2678 2679 2815
f 2815 2679 2816
f 2679 2680 2816
f 2816 2680 2817
f 2680 2681 2817
f 2817 2681 2818
f 2681 2682 2818
f 2818 2682 2819
f 2682 2683 2819
f 2819 2683 2820
f 2683 2684 2820
f 2820 2684 2821
f 2684 2685 2821
f 2821 2685 2822
f 2685 2686 2822
f 2822 2686 2823
f 2686 2687 2823
f 2823 2687 2824
f 2687 2688 2824
f 2824 2688 2825
f 2688 2689 2825
f 2825 2689 2826
f 2689 2690 2826
f 2826 2690 2827
f 2690 2691 2827
f 2691 2828 2827
f 2692 2828 2691
f 2802 2829 2667
f 2829 2693 2667
f 2803 2668 2830
f 2830 2668 2694
f 2833 2831 2832
f 2832 2834 2835
f 2831 2834 2832
f 2804 2697 2696
f 2806 2697 2804
f 2806 2834 2697
f 2806 2835 2834
f 2807 2804 2696
f 2699 2807 2696
f 2807 2699 2671
f 2828 2692 2836
f 2836 2692 2701
f 2829 2837 2693
f 2837 2702 2693
f 2830 2694 2838
f 2838 2694 2703
f 2841 2839 2840
f 2840 2831 2833
f 2840 2839 2831
f 2839 2842 2831
f 2706 2705 2834
f 2706 2834 2842
f 2842 2834 2831
f 2834 2705 2697
f 2836 2701 2708
f 2843 2836 2708
f 2843 2708 2702
f 2837 2843 2702
f 2838 2703 2844
f 2844 2703 2709
f 2847 2845 2846
f 2846 2839 2841
f 2846 2845 2839
f 2845 2848 2839
f 2712 2711 2842
f 2712 2842 2848
f 2848 2842 2839
f 2842 2711 2706
f 2844 2709 2849
f 2849 2709 2714
f 2852 2850 2851
f 2851 2845 2847
f 2851 2850 2845
f 2850 2853 2845
f 2717 2716 2848
f 2717 2848 2853
f 2853 2848 2845
f 2848 2716 2712
f 2849 2714 2854
f 2854 2714 2719
f 2857 2855 2856
f 2856 2850 2852
f 2856 2855 2850
f 2855 2858 2850
f 2722 2721 2853
f 2722 2853 2858
f 2858 2853 2850
f 2853 2721 2717
f 2854 2719 2859
f 2859 2719 2724
f 2855 2857 2860
f 2855 2860 2725
f 2725 2860 2726
f 2858 2855 2725
f 2727 2858 2725
f 2858 2727 2722
f 2859 2724 2861
f 2861 2724 2729
f 2861 2729 2862
f 2862 2729 2730
f 2862 2730 2863
f 2863 2730 2731
f 2863 2731 2864
f 2864 2731 2732
f 2864 2732 2865
f 2865 2732 2733
f 2865 2733 2866
f 2866 2733 2734
f 2866 2734 2735
f 2867 2866 2735
f 2735 2868 2867
f 2736 2868 2735
f 2868 2736 2869
f 2869 2736 2737
f 2869 2737 2870
f 2870 2737 2738
f 2870 2738 2739
f 2871 2870 2739
f 2739 2872 2871
f 2740 2872 2739
f 2872 2740 2873
f 2873 2740 2741
f 2873 2741 2874
f 2874 2741 2742
f 2874 2742 2743
f 2875 2874 2743
f 2743 2876 2875
f 2744 2876 2743
f 2876 2744 2877
f 2877 2744 2745
f 2877 2745 2878
f 2878 2745 2746
f 2878 2746 2747
f 2879 2878 2747
f 2747 2880 2879
f 2748 2880 2747
f 2880 2748 2881
f 2881 2748 2749
f 2884 2882 2883
f 2886 2883 2882
f 2885 2751 2750
f 2750 2752 2885
f 2888 2882 2884
f 2887 2882 2888
f 2882 2887 2889
f 2882 2889 2886
f 2887 2753 2889
f 2885 2889 2751
f 2753 2751 2889
f 2885 2890 2889
f 2885 2752 2890
f 2752 2754 2890
f 2756 2891 2892
f 2755 2891 2756
f 2891 2755 2893
f 2755 2757 2893
f 2893 2757 2894
f 2757 2758 2894
f 2894 2758 2895
f 2758 2759 2895
f 2895 2759 2896
f 2759 2760 2896
f 2896 2760 2897
f 2760 2761 2897
f 2897 2761 2898
f 2761 2762 2898
f 2898 2762 2899
f 2762 2763 2899
f 2899 2763 2900
f 2763 2764 2900
f 2900 2764 2901
f 2764 2765 2901
f 2901 2765 2902
f 2765 2766 2902
f 2902 2766 2903
f 2766 2767 2903
f 2887 2888 2903
f 2887 2903 2768
f 2768 2903 2767
f 2887 2768 2753
f 2890 2754 2904
f 2904 2754 2769
f 2771 2905 2906
f 2770 2905 2771
f 2905 2770 2756
f 2892 2905 2756
f 2904 2769 2907
f 2907 2769 2772
f 2906 2908 2771
f 2908 2773 2771
f 2907 2772 2909
f 2909 2772 2774
f 2775 2910 2776
f 2910 2775 2773
f 2910 2773 2911
f 2911 2773 2908
f 2778 2913 2912
f 2777 2778 2912
f 2777 2912 2914
f 2779 2777 2914
f 2909 2774 2915
f 2915 2774 2780
f 2916 2776 2910
f 2781 2776 2916
f 2911 2917 2916
f 2910 2911 2916
f 2913 2778 2918
f 2918 2778 2782
f 2914 2919 2779
f 2919 2783 2779
f 2915 2780 2920
f 2920 2780 2784
f 2916 2785 2781
f 2917 2785 2916
f 2917 2921 2785
f 2921 2786 2785
f 2921 2922 2786
f 2786 2922 2787
f 2922 2923 2787
f 2787 2923 2788
f 2923 2924 2788
f 2788 2924 2789
f 2924 2925 2789
f 2789 2925 2790
f 2925 2926 2790
f 2790 2926 2791
f 2926 2927 2791
f 2791 2927 2792
f 2927 2928 2792
f 2792 2928 2793
f 2928 2929 2793
f 2793 2929 2794
f 2929 2930 2794
f 2794 2930 2795
f 2930 2931 2795
f 2795 2931 2796
f 2931 2932 2796
f 2796 2932 2797
f 2932 2782 2797
f 2918 2782 2932
f 2919 2933 2783
f 2933 2798 2783
f 2920 2784 2934
f 2934 2784 2799
f 2933 2935 2798
f 2935 2800 2798
f 2934 2799 2936
f 2936 2799 2801
f 2935 2937 2800
f 2937 2802 2800
f 2936 2801 2938
f 2938 2801 2803
f 2941 2939 2940
f 2940 2942 2943
f 2939 2942 2940
f 2806 2943 2942
f 2806 2805 2943
f 2805 2944 2943
f 2944 2805 2945
f 2805 2808 2945
f 2945 2808 2946
f 2808 2809 2946
f 2946 2809 2947
f 2809 2810 2947
f 2947 2810 2948
f 2810 2811 2948
f 2948 2811 2949
f 2811 2812 2949
f 2949 2812 2950
f 2812 2813 2950
f 2950 2813 2951
f 2813 2814 2951
f 2951 2814 2952
f 2814 2815 2952
f 2952 2815 2953
f 2815 2816 2953
f 2953 2816 2954
f 2816 2817 2954
f 2954 2817 2955
f 2817 2818 2955
f 2955 2818 2956
f 2818 2819 2956
f 2956 2819 2957
f 2819 2820 2957
f 2957 2820 2958
f 2820 2821 2958
f 2958 2821 2959
f 2821 2822 2959
f 2959 2822 2960
f 2822 2823 2960
f 2960 2823 2961
f 2823 2824 2961
f 2961 2824 2962
f 2824 2825 2962
f 2962 2825 2963
f 2825 2826 2963
f 2963 2826 2964
f 2826 2827 2964
f 2827 2965 2964
f 2828 2965 2827
f 2937 2966 2802
f 2966 2829 2802
f 2938 2803 2967
f 2967 2803 2830
f 2970 2968 2969
f 2939 2833 2832
f 2941 2833 2939
f 2941 2968 2833
f 2941 2969 2968
f 2942 2939 2832
f 2835 2942 2832
f 2942 2835 2806
f 2965 2828 2971
f 2971 2828 2836
f 2966 2972 2829
f 2972 2837 2829
f 2967 2830 2973
f 2973 2830 2838
f 2976 2974 2975
f 2968 2841 2840
f 2970 2841 2968
f 2970 2974 2841
f 2970 2975 2974
f 2968 2840 2833
f 2971 2836 2843
f 2977 2971 2843
f 2977 2843 2837
f 2972 2977 2837
f 2973 2838 2978
f 2978 2838 2844
f 2981 2979 2980
f 2974 2847 2846
f 2976 2847 2974
f 2976 2979 2847
f 2976 2980 2979
f 2974 2846 2841
f 2978 2844 2982
f 2982 2844 2849
f 2985 2983 2984
f 2979 2852 2851
f 2981 2852 2979
f 2981 2983 2852
f 2981 2984 2983
f 2979 2851 2847
f 2982 2849 2986
f 2986 2849 2854
f 2983 2857 2856
f 2985 2857 2983
f 2985 2988 2857
f 2985 2987 2988
f 2983 2856 2852
f 2986 2854 2989
f 2989 2854 2859
f 2988 2860 2857
f 2989 2859 2990
f 2990 2859 2861
f 2990 2861 2991
f 2991 2861 2862
f 2991 2862 2992
f 2992 2862 2863
f 2992 2863 2993
f 2993 2863 2864
f 2993 2864 2994
f 2994 2864 2865
f 2994 2865 2995
f 2995 2865 2866
f 2995 2866 2867
f 2996 2995 2867
f 2867 2997 2996
f 2868 2997 2867
f 2997 2868 2998
f 2998 2868 2869
f 2998 2869 2999
f 2999 2869 2870
f 2999 2870 2871
f 3000 2999 2871
f 2871 3001 3000
f 2872 3001 2871
f 3001 2872 3002
f 3002 2872 2873
f 3003 3004 3002
f 3003 3002 2874
f 2874 3002 2873
f 3004 3003 3005
f 3003 2874 2875
f 2875 3005 3003
f 2875 2876 3005
f 2876 3006 3005
f 3006 2876 3007
f 3007 2876 2877
f 3008 3009 3007
f 3008 3007 2878
f 2878 3007 2877
f 3009 3008 3010
f 3008 2878 2879
f 2879 3010 3008
f 2879 2880 3010
f 2880 3011 3010
f 3011 2880 3012
f 3012 2880 2881
f 3015 3013 3014
f 3014 3013 3016
f 3018 3013 3015
f 3017 3013 3018
f 3016 3017 3019
f 3013 3017 3016
f 3017 2884 2883
f 3017 3018 2884
f 3018 3020 2884
f 2883 3019 3017
f 2883 2886 3019
f 2886 3021 3019
f 3020 3022 2884
f 3022 2888 2884
f 3021 2886 2889
f 3023 3021 2889
f 2889 3024 3023
f 2890 3024 2889
f 3027 3025 3026
f 2892 3026 3025
f 2892 2891 3026
f 2891 3028 3026
f 3028 2891 3029
f 2891 2893 3029
f 3029 2893 3030
f 2893 2894 3030
f 3030 2894 3031
f 2894 2895 3031
f 3031 2895 3032
f 2895 2896 3032
f 3032 2896 3033
f 2896 2897 3033
f 3033 2897 3034
f 2897 2898 3034
f 3034 2898 3035
f 2898 2899 3035
f 3035 2899 3036
f 2899 2900 3036
f 3036 2900 3037
f 2900 2901 3037
f 3037 2901 3038
f 2901 2902 3038
f 3038 2902 3039
f 2902 2903 3039
f 3039 2903 2888
f 3022 3039 2888
f 3024 2890 3040
f 3040 2890 2904
f 3025 2906 2905
f 3025 3027 2906
f 3027 3041 2906
f 3025 2905 2892
f 3040 2904 3042
f 3042 2904 2907
f 3041 3043 2906
f 3043 2908 2906
f 3042 2907 3044
f 3044 2907 2909
f 3043 3045 2908
f 3045 2911 2908
f 2913 3047 3046
f 2912 2913 3046
f 2912 3046 3048
f 2914 2912 3048
f 3044 2909 3049
f 3049 2909 2915
f 3045 3050 2911
f 3050 2917 2911
f 3047 2913 3051
f 3051 2913 2918
f 3048 3052 2914
f 3052 2919 2914
f 3049 2915 3053
f 3053 2915 2920
f 3050 2921 2917
f 3054 2921 3050
f 3054 3055 2921
f 2921 3055 2922
f 3055 3056 2922
f 2922 3056 2923
f 3056 3057 2923
f 2923 3057 2924
f 3057 3058 2924
f 2924 3058 2925
f 3058 3059 2925
f 2925 3059 2926
f 3059 3060 2926
f 2926 3060 2927
f 3060 3061 2927
f 2927 3061 2928
f 3061 3062 2928
f 2928 3062 2929
f 3062 3063 2929
f 2929 3063 2930
f 3063 3064 2930
f 2930 3064 2931
f 3064 3065 2931
f 2931 3065 2932
f 3065 2918 2932
f 3051 2918 3065
f 3052 3066 2919
f 3066 2933 2919
f 3053 2920 3067
f 3067 2920 2934
f 3066 3068 2933
f 3068 2935 2933
f 3067 2934 3069
f 3069 2934 2936
f 3068 3070 2935
f 3070 2937 2935
f 3069 2936 3071
f 3071 2936 2938
f 2941 3072 3073
f 2940 3072 2941
f 3072 2940 3074
f 2940 2943 3074
f 3074 2943 3075
f 2943 2944 3075
f 3075 2944 3076
f 2944 2945 3076
f 3076 2945 3077
f 2945 2946 3077
f 3077 2946 3078
f 2946 2947 3078
f 3078 2947 3079
f 2947 2948 3079
f 3079 2948 3080
f 2948 2949 3080
f 3080 2949 3081
f 2949 2950 3081
f 3081 2950 3082
f 2950 2951 3082
f 3082 2951 3083
f 2951 2952 3083
f 3083 2952 3084
f 2952 2953 3084
f 3084 2953 3085
f 2953 2954 3085
f 3085 2954 3086
f 2954 2955 3086
f 3086 2955 3087
f 2955 2956 3087
f 3087 2956 3088
f 2956 2957 3088
f 3088 2957 3089
f 2957 2958 3089
f 3089 2958 3090
f 2958 2959 3090
f 3090 2959 3091
f 2959 2960 3091
f 3091 2960 3092
f 2960 2961 3092
f 3092 2961 3093
f 2961 2962 3093
f 3093 2962 3094
f 2962 2963 3094
f 3094 2963 3095
f 2963 2964 3095
f 2964 3096 3095
f 2965 3096 2964
f 3070 3097 2937
f 3097 2966 2937
f 3071 2938 3098
f 3098 2938 2967
f 3101 3099 3100
f 2970 3100 3099
f 2970 2969 3100
f 2969 3102 3100
f 3102 2969 2941
f 3073 3102 2941
f 3096 2965 3103
f 3103 2965 2971
f 3097 3104 2966
f 3104 2972 2966
f 3098 2967 3105
f 3105 2967 2973
f 3108 3106 3107
f 3099 2976 2975
f 3101 2976 3099
f 3101 3106 2976
f 3101 3107 3106
f 3099 2975 2970
f 3103 2971 2977
f 3109 3103 2977
f 3109 2977 2972
f 3104 3109 2972
f 3105 2973 3110
f 3110 2973 2978
f 3113 3111 3112
f 3106 2981 2980
f 3108 2981 3106
f 3108 3111 2981
f 3108 3112 3111
f 3106 2980 2976
f 3110 2978 3114
f 3114 2978 2982
f 3111 2985 2984
f 3111 3113 2985
f 3113 3115 2985
f 3111 2984 2981
f 3114 2982 3116
f 3116 2982 2986
f 3117 2987 2985
f 3115 3117 2985
f 3116 2986 3118
f 3118 2986 2989
f 3118 2989 3119
f 3119 2989 2990
f 3119 2990 3120
f 3120 2990 2991
f 3120 2991 3121
f 3121 2991 2992
f 3121 2992 3122
f 3122 2992 2993
f 3122 2993 3123
f 3123 2993 2994
f 3124 3125 3123
f 3124 3123 2995
f 2995 3123 2994
f 3125 3124 3126
f 3124 2995 2996
f 2996 3126 3124
f 2996 2997 3126
f 2997 3127 3126
f 3127 2997 3128
f 3128 2997 2998
f 3129 3130 3128
f 3129 3128 2999
f 2999 3128 2998
f 3130 3129 3131
f 3129 2999 3000
f 3000 3131 3129
f 3000 3001 3131
f 3001 3132 3131
f 3132 3001 3133
f 3133 3001 3002
f 3133 3002 3004
f 3134 3133 3004
f 3004 3135 3134
f 3005 3135 3004
f 3135 3005 3136
f 3136 3005 3006
f 3136 3006 3137
f 3137 3006 3007
f 3137 3007 3009
f 3138 3137 3009
f 3009 3139 3138
f 3010 3139 3009
f 3139 3010 3140
f 3140 3010 3011
f 3140 3011 3141
f 3141 3011 3012
f 3014 3142 3015
f 3014 3016 3142
f 3143 3015 3142
f 3143 3144 3015
f 3144 3018 3015
f 3142 3145 3143
f 3142 3016 3145
f 3016 3019 3145
f 3144 3146 3018
f 3146 3020 3018
f 3145 3019 3147
f 3147 3019 3021
f 3146 3148 3020
f 3148 3022 3020
f 3023 3149 3150
f 3023 3150 3021
f 3021 3150 3147
f 3023 3024 3149
f 3027 3151 3152
f 3026 3151 3027
f 3151 3026 3153
f 3026 3028 3153
f 3153 3028 3154
f 3028 3029 3154
f 3154 3029 3155
f 3029 3030 3155
f 3155 3030 3156
f 3030 3031 3156
f 3156 3031 3157
f 3031 3032 3157
f 3157 3032 3158
f 3032 3033 3158
f 3158 3033 3159
f 3033 3034 3159
f 3159 3034 3160
f 3034 3035 3160
f 3160 3035 3161
f 3035 3036 3161
f 3161 3036 3162
f 3036 3037 3162
f 3162 3037 3163
f 3037 3038 3163
f 3165 3039 3164
f 3165 3163 3039
f 3163 3038 3039
f 3164 3039 3022
f 3164 3022 3166
f 3166 3022 3148
f 3150 3149 3167
f 3149 3168 3167
f 3149 3024 3168
f 3024 3040 3168
f 3152 3169 3027
f 3169 3041 3027
f 3165 3164 3170
f 3164 3166 3170
f 3168 3040 3171
f 3171 3040 3042
f 3169 3172 3041
f 3172 3043 3041
f 3175 3174 3173
f 3174 3176 3173
f 3171 3042 3177
f 3177 3042 3044
f 3172 3178 3043
f 3178 3045 3043
f 3173 3046 3047
f 3173 3047 3175
f 3175 3047 3179
f 3046 3173 3176
f 3046 3176 3048
f 3048 3176 3180
f 3177 3044 3181
f 3181 3044 3049
f 3178 3182 3045
f 3182 3050 3045
f 3179 3047 3183
f 3183 3047 3051
f 3180 3184 3048
f 3184 3052 3048
f 3181 3049 3185
f 3185 3049 3053
f 3182 3054 3050
f 3186 3054 3182
f 3186 3187 3054
f 3054 3187 3055
f 3187 3188 3055
f 3055 3188 3056
f 3188 3189 3056
f 3056 3189 3057
f 3189 3190 3057
f 3057 3190 3058
f 3190 3191 3058
f 3058 3191 3059
f 3191 3192 3059
f 3059 3192 3060
f 3192 3193 3060
f 3060 3193 3061
f 3193 3194 3061
f 3061 3194 3062
f 3194 3195 3062
f 3062 3195 3063
f 3195 3196 3063
f 3063 3196 3064
f 3196 3197 3064
f 3064 3197 3065
f 3197 3051 3065
f 3183 3051 3197
f 3184 3198 3052
f 3198 3066 3052
f 3185 3053 3199
f 3199 3053 3067
f 3198 3200 3066
f 3200 3068 3066
f 3199 3067 3201
f 3201 3067 3069
f 3200 3202 3068
f 3202 3070 3068
f 3201 3069 3203
f 3203 3069 3071
f 3073 3204 3205
f 3072 3204 3073
f 3204 3072 3206
f 3072 3074 3206
f 3206 3074 3207
f 3074 3075 3207
f 3207 3075 3208
f 3075 3076 3208
f 3208 3076 3209
f 3076 3077 3209
f 3209 3077 3210
f 3077 3078 3210
f 3210 3078 3211
f 3078 3079 3211
f 3211 3079 3212
f 3079 3080 3212
f 3212 3080 3213
f 3080 3081 3213
f 3213 3081 3214
f 3081 3082 3214
f 3214 3082 3215
f 3082 3083 3215
f 3215 3083 3216
f 3083 3084 3216
f 3216 3084 3217
f 3084 3085 3217
f 3217 3085 3218
f 3085 3086 3218
f 3218 3086 3219
f 3086 3087 3219
f 3219 3087 3220
f 3087 3088 3220
f 3220 3088 3221
f 3088 3089 3221
f 3221 3089 3222
f 3089 3090 3222
f 3222 3090 3223
f 3090 3091 3223
f 3223 3091 3224
f 3091 3092 3224
f 3224 3092 3225
f 3092 3093 3225
f 3225 3093 3226
f 3093 3094 3226
f 3226 3094 3227
f 3094 3095 3227
f 3095 3228 3227
f 3096 3228 3095
f 3202 3229 3070
f 3229 3097 3070
f 3203 3071 3230
f 3230 3071 3098
f 3101 3231 3232
f 3100 3231 3101
f 3231 3100 3233
f 3100 3102 3233
f 3233 3102 3073
f 3205 3233 3073
f 3228 3096 3234
f 3234 3096 3103
f 3229 3235 3097
f 3235 3104 3097
f 3230 3098 3236
f 3236 3098 3105
f 3108 3237 3238
f 3107 3237 3108
f 3237 3107 3101
f 3232 3237 3101
f 3234 3103 3109
f 3239 3234 3109
f 3239 3109 3240
f 3239 3240 3242
f 3109 3104 3240
f 3241 3240 3235
f 3104 3235 3240
f 3241 3243 3240
f 3236 3105 3244
f 3244 3105 3110
f 3113 3245 3246
f 3112 3245 3113
f 3245 3112 3108
f 3238 3245 3108
f 3248 3242 3240
f 3247 3248 3240
f 3243 3249 3247
f 3240 3243 3247
f 3244 3110 3250
f 3250 3110 3114
f 3251 3252 3115
f 3251 3115 3246
f 3246 3115 3113
f 3254 3248 3247
f 3253 3254 3247
f 3249 3255 3253
f 3247 3249 3253
f 3250 3114 3256
f 3256 3114 3116
f 3252 3117 3115
f 3258 3254 3253
f 3257 3258 3253
f 3255 3259 3257
f 3253 3255 3257
f 3256 3116 3260
f 3260 3116 3118
f 3258 3257 3261
f 3257 3259 3261
f 3260 3118 3262
f 3262 3118 3119
f 3265 3264 3263
f 3264 3120 3263
f 3264 3262 3120
f 3262 3119 3120
f 3265 3263 3266
f 3263 3267 3266
f 3263 3120 3267
f 3120 3121 3267
f 3267 3121 3268
f 3268 3121 3122
f 3268 3122 3269
f 3269 3122 3123
f 3269 3123 3125
f 3270 3269 3125
f 3125 3271 3270
f 3126 3271 3125
f 3271 3126 3272
f 3272 3126 3127
f 3272 3127 3273
f 3273 3127 3128
f 3273 3128 3130
f 3274 3273 3130
f 3130 3275 3274
f 3131 3275 3130
f 3275 3131 3276
f 3276 3131 3132
f 3276 3132 3277
f 3277 3132 3133
f 3277 3133 3134
f 3278 3277 3134
f 3134 3279 3278
f 3135 3279 3134
f 3279 3135 3280
f 3280 3135 3136
f 3280 3136 3281
f 3281 3136 3137
f 3281 3137 3138
f 3282 3281 3138
f 3138 3283 3282
f 3139 3283 3138
f 3283 3139 3284
f 3284 3139 3140
f 3284 3140 3285
f 3285 3140 3141
f 3144 3286 3287
f 3143 3286 3144
f 3143 3288 3286
f 3145 3288 3143
f 3287 3289 3144
f 3289 3146 3144
f 3288 3145 3290
f 3290 3145 3147
f 3289 3291 3146
f 3291 3148 3146
f 3292 3293 3290
f 3292 3290 3150
f 3150 3290 3147
f 3293 3292 3294
f 3151 3295 3152
f 3153 3295 3151
f 3296 3295 3153
f 3154 3296 3153
f 3297 3296 3154
f 3297 3298 3299
f 3297 3154 3298
f 3154 3155 3298
f 3298 3155 3300
f 3155 3156 3300
f 3300 3156 3301
f 3156 3157 3301
f 3301 3157 3302
f 3157 3158 3302
f 3302 3158 3303
f 3158 3159 3303
f 3303 3159 3304
f 3159 3160 3304
f 3304 3160 3305
f 3160 3161 3305
f 3305 3161 3306
f 3161 3162 3306
f 3308 3163 3307
f 3308 3306 3163
f 3306 3162 3163
f 3163 3165 3307
f 3291 3309 3148
f 3309 3166 3148
f 3292 3150 3167
f 3167 3294 3292
f 3167 3168 3294
f 3168 3310 3294
f 3311 3152 3295
f 3311 3312 3152
f 3312 3169 3152
f 3295 3296 3313
f 3311 3295 3313
f 3296 3297 3314
f 3313 3296 3314
f 3297 3299 3314
f 3308 3307 3315
f 3317 3170 3316
f 3315 3170 3317
f 3315 3165 3170
f 3315 3307 3165
f 3316 3170 3166
f 3316 3166 3318
f 3318 3166 3309
f 3310 3168 3319
f 3319 3168 3171
f 3312 3320 3169
f 3320 3172 3169
f 3316 3174 3175
f 3316 3175 3317
f 3317 3175 3321
f 3174 3316 3318
f 3174 3318 3176
f 3176 3318 3322
f 3319 3171 3323
f 3323 3171 3177
f 3320 3324 3172
f 3324 3178 3172
f 3321 3175 3325
f 3325 3175 3179
f 3322 3326 3176
f 3326 3180 3176
f 3323 3177 3327
f 3327 3177 3181
f 3324 3328 3178
f 3328 3182 3178
f 3325 3179 3329
f 3329 3179 3183
f 3326 3330 3180
f 3330 3184 3180
f 3327 3181 3331
f 3331 3181 3185
f 3328 3186 3182
f 3332 3186 3328
f 3332 3333 3186
f 3186 3333 3187
f 3333 3334 3187
f 3187 3334 3188
f 3334 3335 3188
f 3188 3335 3189
f 3335 3336 3189
f 3189 3336 3190
f 3336 3337 3190
f 3190 3337 3191
f 3337 3338 3191
f 3191 3338 3192
f 3338 3339 3192
f 3192 3339 3193
f 3339 3340 3193
f 3193 3340 3194
f 3340 3341 3194
f 3194 3341 3195
f 3341 3342 3195
f 3195 3342 3196
f 3342 3343 3196
f 3196 3343 3197
f 3343 3183 3197
f 3329 3183 3343
f 3330 3344 3184
f 3344 3198 3184
f 3331 3185 3345
f 3345 3185 3199
f 3344 3346 3198
f 3346 3200 3198
f 3345 3199 3347
f 3347 3199 3201
f 3346 3348 3200
f 3348 3202 3200
f 3347 3201 3349
f 3349 3201 3203
f 3205 3350 3351
f 3204 3350 3205
f 3350 3204 3352
f 3204 3206 3352
f 3352 3206 3353
f 3206 3207 3353
f 3353 3207 3354
f 3207 3208 3354
f 3354 3208 3355
f 3208 3209 3355
f 3355 3209 3356
f 3209 3210 3356
f 3356 3210 3357
f 3210 3211 3357
f 3357 3211 3358
f 3211 3212 3358
f 3358 3212 3359
f 3212 3213 3359
f 3359 3213 3360
f 3213 3214 3360
f 3360 3214 3361
f 3214 3215 3361
f 3361 3215 3362
f 3215 3216 3362
f 3362 3216 3363
f 3216 3217 3363
f 3363 3217 3364
f 3217 3218 3364
f 3364 3218 3365
f 3218 3219 3365
f 3365 3219 3366
f 3219 3220 3366
f 3366 3220 3367
f 3220 3221 3367
f 3367 3221 3368
f 3221 3222 3368
f 3368 3222 3369
f 3222 3223 3369
f 3369 3223 3370
f 3223 3224 3370
f 3370 3224 3371
f 3224 3225 3371
f 3371 3225 3372
f 3225 3226 3372
f 3372 3226 3373
f 3226 3227 3373
f 3227 3374 3373
f 3228 3374 3227
f 3348 3375 3202
f 3375 3229 3202
f 3349 3203 3376
f 3376 3203 3230
f 3232 3377 3378
f 3231 3377 3232
f 3377 3231 3379
f 3231 3233 3379
f 3379 3233 3205
f 3351 3379 3205
f 3374 3228 3380
f 3380 3228 3234
f 3375 3381 3229
f 3381 3235 3229
f 3376 3230 3382
f 3382 3230 3236
f 3238 3383 3384
f 3237 3383 3238
f 3383 3237 3232
f 3378 3383 3232
f 3380 3234 3239
f 3385 3380 3239
f 3235 3381 3386
f 3235 3386 3241
f 3381 3385 3386
f 3242 3386 3239
f 3385 3239 3386
f 3241 3386 3243
f 3382 3236 3387
f 3387 3236 3244
f 3246 3388 3389
f 3245 3388 3246
f 3388 3245 3238
f 3384 3388 3238
f 3390 3386 3242
f 3390 3242 3391
f 3391 3242 3248
f 3386 3390 3392
f 3386 3392 3243
f 3243 3392 3249
f 3387 3244 3393
f 3393 3244 3250
f 3394 3251 3246
f 3389 3394 3246
f 3391 3248 3395
f 3395 3248 3254
f 3396 3392 3397
f 3396 3255 3392
f 3255 3249 3392
f 3397 3256 3396
f 3397 3393 3256
f 3393 3250 3256
f 3395 3254 3398
f 3398 3254 3258
f 3399 3255 3396
f 3259 3255 3399
f 3396 3260 3399
f 3256 3260 3396
f 3398 3258 3261
f 3400 3398 3261
f 3259 3400 3261
f 3259 3401 3400
f 3259 3399 3401
f 3401 3402 3400
f 3399 3262 3401
f 3260 3262 3399
f 3401 3264 3265
f 3401 3265 3402
f 3402 3265 3403
f 3401 3262 3264
f 3403 3265 3266
f 3404 3403 3266
f 3266 3405 3404
f 3267 3405 3266
f 3405 3267 3406
f 3406 3267 3268
f 3406 3268 3407
f 3407 3268 3269
f 3407 3269 3270
f 3408 3407 3270
f 3270 3409 3408
f 3271 3409 3270
f 3409 3271 3410
f 3410 3271 3272
f 3410 3272 3411
f 3411 3272 3273
f 3411 3273 3274
f 3412 3411 3274
f 3274 3413 3412
f 3275 3413 3274
f 3413 3275 3414
f 3414 3275 3276
f 3414 3276 3415
f 3415 3276 3277
f 3415 3277 3278
f 3416 3415 3278
f 3278 3417 3416
f 3279 3417 3278
f 3417 3279 3418
f 3418 3279 3280
f 3418 3280 3419
f 3419 3280 3281
f 3419 3281 3282
f 3420 3419 3282
f 3282 3421 3420
f 3283 3421 3282
f 3421 3283 3422
f 3422 3283 3284
f 3422 3284 3423
f 3423 3284 3285
f 3286 3424 3287
f 3286 3288 3424
f 3425 3287 3424
f 3425 3426 3287
f 3426 3289 3287
f 3424 3427 3425
f 3424 3288 3427
f 3288 3290 3427
f 3426 3428 3289
f 3428 3291 3289
f 3427 3290 3293
f 3429 3427 3293
f 3293 3430 3429
f 3294 3430 3293
f 3433 3431 3432
f 3299 3432 3431
f 3299 3298 3432
f 3298 3434 3432
f 3434 3298 3435
f 3298 3300 3435
f 3435 3300 3436
f 3300 3301 3436
f 3436 3301 3437
f 3301 3302 3437
f 3437 3302 3438
f 3302 3303 3438
f 3440 3304 3439
f 3440 3438 3304
f 3438 3303 3304
f 3305 3439 3304
f 3441 3439 3305
f 3306 3441 3305
f 3442 3441 3306
f 3306 3308 3442
f 3428 3443 3291
f 3443 3309 3291
f 3430 3294 3444
f 3444 3294 3310
f 3312 3445 3446
f 3311 3445 3312
f 3445 3311 3447
f 3311 3313 3447
f 3431 3433 3447
f 3431 3447 3314
f 3314 3447 3313
f 3431 3314 3299
f 3440 3439 3448
f 3439 3441 3449
f 3448 3439 3449
f 3441 3442 3450
f 3449 3441 3450
f 3442 3308 3315
f 3442 3315 3450
f 3450 3315 3451
f 3315 3452 3451
f 3317 3452 3315
f 3443 3453 3309
f 3453 3318 3309
f 3444 3310 3454
f 3454 3310 3319
f 3446 3455 3312
f 3455 3320 3312
f 3452 3317 3456
f 3456 3317 3321
f 3453 3457 3318
f 3457 3322 3318
f 3454 3319 3458
f 3458 3319 3323
f 3455 3459 3320
f 3459 3324 3320
f 3456 3321 3460
f 3460 3321 3325
f 3457 3461 3322
f 3461 3326 3322
f 3458 3323 3462
f 3462 3323 3327
f 3459 3463 3324
f 3463 3328 3324
f 3460 3325 3464
f 3464 3325 3329
f 3461 3465 3326
f 3465 3330 3326
f 3462 3327 3466
f 3466 3327 3331
f 3463 3332 3328
f 3467 3332 3463
f 3467 3468 3332
f 3332 3468 3333
f 3468 3469 3333
f 3333 3469 3334
f 3469 3470 3334
f 3334 3470 3335
f 3470 3471 3335
f 3335 3471 3336
f 3471 3472 3336
f 3336 3472 3337
f 3472 3473 3337
f 3337 3473 3338
f 3473 3474 3338
f 3338 3474 3339
f 3474 3475 3339
f 3339 3475 3340
f 3475 3476 3340
f 3340 3476 3341
f 3476 3477 3341
f 3341 3477 3342
f 3477 3478 3342
f 3342 3478 3343
f 3478 3329 3343
f 3464 3329 3478
f 3465 3479 3330
f 3479 3344 3330
f 3466 3331 3480
f 3480 3331 3345
f 3483 3481 3482
f 3482 3484 3485
f 3481 3484 3482
f 3485 3486 3487
f 3484 3486 3485
f 3487 3488 3489
f 3486 3488 3487
f 3489 3490 3491
f 3488 3490 3489
f 3491 3490 3492
f 3479 3493 3344
f 3493 3346 3344
f 3480 3345 3494
f 3494 3345 3347
f 3483 3495 3481
f 3481 3496 3484
f 3495 3496 3481
f 3484 3497 3486
f 3496 3497 3484
f 3486 3498 3488
f 3497 3498 3486
f 3488 3499 3490
f 3498 3499 3488
f 3490 3499 3492
f 3493 3500 3346
f 3500 3348 3346
f 3494 3347 3501
f 3501 3347 3349
f 3351 3502 3503
f 3350 3502 3351
f 3502 3350 3504
f 3350 3352 3504
f 3504 3352 3505
f 3352 3353 3505
f 3505 3353 3506
f 3353 3354 3506
f 3506 3354 3507
f 3354 3355 3507
f 3507 3355 3508
f 3355 3356 3508
f 3508 3356 3509
f 3356 3357 3509
f 3509 3357 3510
f 3357 3358 3510
f 3510 3358 3511
f 3358 3359 3511
f 3511 3359 3512
f 3359 3360 3512
f 3512 3360 3513
f 3360 3361 3513
f 3513 3361 3514
f 3361 3362 3514
f 3514 3362 3515
f 3362 3363 3515
f 3515 3363 3516
f 3363 3364 3516
f 3516 3364 3517
f 3364 3365 3517
f 3517 3365 3518
f 3365 3366 3518
f 3518 3366 3519
f 3366 3367 3519
f 3519 3367 3520
f 3367 3368 3520
f 3520 3368 3521
f 3368 3369 3521
f 3521 3369 3522
f 3369 3370 3522
f 3522 3370 3523
f 3370 3371 3523
f 3523 3371 3524
f 3371 3372 3524
f 3524 3372 3525
f 3372 3373 3525
f 3373 3526 3525
f 3374 3526 3373
f 3500 3527 3348
f 3527 3375 3348
f 3530 3529 3528
f 3529 3376 3528
f 3529 3501 3376
f 3501 3349 3376
f 3378 3531 3532
f 3377 3531 3378
f 3531 3377 3533
f 3377 3379 3533
f 3533 3379 3351
f 3503 3533 3351
f 3526 3374 3534
f 3534 3374 3380
f 3527 3535 3375
f 3535 3381 3375
f 3537 3530 3528
f 3536 3537 3528
f 3528 3382 3536
f 3376 3382 3528
f 3384 3538 3539
f 3383 3538 3384
f 3538 3383 3378
f 3532 3538 3378
f 3534 3380 3385
f 3540 3534 3385
f 3540 3385 3381
f 3535 3540 3381
f 3542 3537 3536
f 3541 3542 3536
f 3536 3387 3541
f 3382 3387 3536
f 3389 3543 3544
f 3388 3543 3389
f 3543 3388 3384
f 3539 3543 3384
f 3390 3391 3545
f 3547 3542 3390
f 3547 3390 3545
f 3542 3541 3390
f 3392 3390 3546
f 3541 3546 3390
f 3541 3393 3546
f 3387 3393 3541
f 3548 3394 3389
f 3544 3548 3389
f 3549 3545 3391
f 3395 3549 3391
f 3547 3549 3550
f 3547 3545 3549
f 3392 3546 3397
f 3546 3393 3397
f 3551 3549 3395
f 3551 3395 3552
f 3552 3395 3398
f 3549 3551 3550
f 3552 3398 3400
f 3553 3552 3400
f 3400 3554 3553
f 3402 3554 3400
f 3554 3402 3555
f 3555 3402 3403
f 3555 3403 3404
f 3556 3555 3404
f 3404 3557 3556
f 3405 3557 3404
f 3557 3405 3558
f 3558 3405 3406
f 3558 3406 3559
f 3559 3406 3407
f 3559 3407 3408
f 3560 3559 3408
f 3408 3561 3560
f 3409 3561 3408
f 3561 3409 3562
f 3562 3409 3410
f 3562 3410 3563
f 3563 3410 3411
f 3563 3411 3412
f 3564 3563 3412
f 3412 3565 3564
f 3413 3565 3412
f 3565 3413 3566
f 3566 3413 3414
f 3566 3414 3567
f 3567 3414 3415
f 3567 3415 3416
f 3568 3567 3416
f 3416 3569 3568
f 3417 3569 3416
f 3569 3417 3570
f 3570 3417 3418
f 3570 3418 3571
f 3571 3418 3419
f 3571 3419 3420
f 3572 3571 3420
f 3420 3573 3572
f 3421 3573 3420
f 3573 3421 3574
f 3574 3421 3422
f 3574 3422 3575
f 3575 3422 3423
f 3426 3576 3577
f 3425 3576 3426
f 3425 3578 3576
f 3427 3578 3425
f 3577 3579 3426
f 3579 3428 3426
f 3429 3580 3581
f 3429 3581 3427
f 3427 3581 3578
f 3429 3430 3580
f 3433 3582 3583
f 3432 3582 3433
f 3582 3432 3584
f 3432 3434 3584
f 3584 3434 3585
f 3434 3435 3585
f 3585 3435 3586
f 3435 3436 3586
f 3586 3436 3587
f 3436 3437 3587
f 3589 3438 3588
f 3589 3587 3438
f 3587 3437 3438
f 3438 3440 3588
f 3579 3590 3428
f 3590 3443 3428
f 3592 3581 3580
f 3591 3592 3580
f 3580 3444 3591
f 3430 3444 3580
f 3446 3593 3594
f 3445 3593 3446
f 3593 3445 3595
f 3445 3447 3595
f 3595 3447 3433
f 3583 3595 3433
f 3589 3588 3596
f 3588 3440 3448
f 3588 3448 3596
f 3596 3448 3597
f 3599 3449 3598
f 3599 3597 3449
f 3597 3448 3449
f 3450 3598 3449
f 3600 3598 3450
f 3451 3600 3450
f 3601 3600 3451
f 3451 3452 3601
f 3590 3602 3443
f 3602 3453 3443
f 3604 3592 3591
f 3603 3604 3591
f 3591 3454 3603
f 3444 3454 3591
f 3594 3605 3446
f 3605 3455 3446
f 3599 3598 3606
f 3598 3600 3607
f 3606 3598 3607
f 3600 3601 3608
f 3607 3600 3608
f 3601 3609 3608
f 3601 3452 3609
f 3452 3456 3609
f 3602 3610 3453
f 3610 3457 3453
f 3604 3603 3611
f 3603 3612 3611
f 3603 3454 3612
f 3454 3458 3612
f 3605 3613 3455
f 3613 3459 3455
f 3609 3456 3614
f 3614 3456 3460
f 3610 3615 3457
f 3615 3461 3457
f 3612 3458 3616
f 3616 3458 3462
f 3613 3617 3459
f 3617 3463 3459
f 3614 3460 3618
f 3618 3460 3464
f 3615 3619 3461
f 3619 3465 3461
f 3622 3621 3620
f 3621 3466 3620
f 3621 3616 3466
f 3616 3462 3466
f 3617 3467 3463
f 3623 3467 3617
f 3623 3624 3467
f 3467 3624 3468
f 3624 3625 3468
f 3468 3625 3469
f 3625 3626 3469
f 3469 3626 3470
f 3626 3627 3470
f 3470 3627 3471
f 3627 3628 3471
f 3471 3628 3472
f 3628 3629 3472
f 3472 3629 3473
f 3629 3630 3473
f 3473 3630 3474
f 3630 3631 3474
f 3474 3631 3475
f 3631 3632 3475
f 3475 3632 3476
f 3632 3633 3476
f 3476 3633 3477
f 3633 3634 3477
f 3477 3634 3478
f 3634 3464 3478
f 3618 3464 3634
f 3619 3635 3465
f 3635 3479 3465
f 3637 3622 3620
f 3636 3637 3620
f 3620 3480 3636
f 3466 3480 3620
f 3640 3638 3639
f 3639 3641 3642
f 3638 3641 3639
f 3642 3643 3644
f 3641 3643 3642
f 3644 3645 3646
f 3643 3645 3644
f 3483 3646 3645
f 3483 3482 3646
f 3482 3647 3646
f 3647 3482 3648
f 3482 3485 3648
f 3648 3485 3649
f 3485 3487 3649
f 3649 3487 3650
f 3487 3489 3650
f 3650 3489 3651
f 3489 3491 3651
f 3491 3652 3651
f 3492 3652 3491
f 3635 3653 3479
f 3653 3493 3479
f 3655 3637 3636
f 3654 3655 3636
f 3636 3494 3654
f 3480 3494 3636
f 3658 3656 3657
f 3657 3659 3660
f 3656 3659 3657
f 3660 3659 3662
f 3640 3661 3638
f 3638 3663 3641
f 3661 3663 3638
f 3641 3664 3643
f 3663 3664 3641
f 3643 3665 3645
f 3664 3665 3643
f 3645 3495 3483
f 3645 3665 3495
f 3665 3666 3495
f 3666 3667 3495
f 3495 3667 3496
f 3667 3668 3496
f 3496 3668 3497
f 3668 3669 3497
f 3497 3669 3498
f 3669 3670 3498
f 3498 3670 3499
f 3670 3492 3499
f 3652 3492 3670
f 3653 3671 3493
f 3671 3500 3493
f 3673 3655 3654
f 3672 3673 3654
f 3654 3501 3672
f 3494 3501 3654
f 3503 3674 3675
f 3502 3674 3503
f 3674 3502 3676
f 3502 3504 3676
f 3676 3504 3677
f 3504 3505 3677
f 3677 3505 3678
f 3505 3506 3678
f 3678 3506 3679
f 3506 3507 3679
f 3679 3507 3680
f 3507 3508 3680
f 3680 3508 3681
f 3508 3509 3681
f 3681 3509 3682
f 3509 3510 3682
f 3682 3510 3683
f 3510 3511 3683
f 3683 3511 3684
f 3511 3512 3684
f 3684 3512 3685
f 3512 3513 3685
f 3685 3513 3686
f 3513 3514 3686
f 3656 3658 3686
f 3656 3686 3515
f 3515 3686 3514
f 3659 3656 3515
f 3516 3659 3515
f 3662 3659 3516
f 3662 3516 3687
f 3687 3516 3517
f 3687 3517 3688
f 3517 3518 3688
f 3688 3518 3689
f 3518 3519 3689
f 3689 3519 3690
f 3519 3520 3690
f 3690 3520 3691
f 3520 3521 3691
f 3691 3521 3692
f 3521 3522 3692
f 3692 3522 3693
f 3522 3523 3693
f 3693 3523 3694
f 3523 3524 3694
f 3694 3524 3695
f 3524 3525 3695
f 3525 3696 3695
f 3526 3696 3525
f 3671 3697 3500
f 3697 3527 3500
f 3672 3529 3530
f 3672 3530 3673
f 3673 3530 3698
f 3672 3501 3529
f 3532 3699 3700
f 3531 3699 3532
f 3699 3531 3701
f 3531 3533 3701
f 3701 3533 3503
f 3675 3701 3503
f 3696 3526 3702
f 3702 3526 3534
f 3697 3703 3527
f 3703 3535 3527
f 3698 3530 3704
f 3704 3530 3537
f 3539 3705 3706
f 3538 3705 3539
f 3705 3538 3532
f 3700 3705 3532
f 3702 3534 3540
f 3707 3702 3540
f 3707 3540 3535
f 3703 3707 3535
f 3704 3537 3708
f 3708 3537 3542
f 3544 3709 3710
f 3543 3709 3544
f 3709 3543 3539
f 3706 3709 3539
f 3708 3542 3711
f 3711 3542 3547
f 3712 3548 3544
f 3710 3712 3544
f 3711 3547 3713
f 3713 3547 3550
f 3551 3552 3714
f 3714 3550 3551
f 3714 3715 3550
f 3715 3713 3550
f 3714 3552 3553
f 3553 3715 3714
f 3553 3554 3715
f 3554 3716 3715
f 3716 3554 3717
f 3717 3554 3555
f 3717 3555 3556
f 3718 3717 3556
f 3556 3719 3718
f 3557 3719 3556
f 3719 3557 3720
f 3720 3557 3558
f 3720 3558 3721
f 3721 3558 3559
f 3721 3559 3560
f 3722 3721 3560
f 3560 3723 3722
f 3561 3723 3560
f 3723 3561 3724
f 3724 3561 3562
f 3724 3562 3725
f 3725 3562 3563
f 3725 3563 3564
f 3726 3725 3564
f 3564 3727 3726
f 3565 3727 3564
f 3727 3565 3728
f 3728 3565 3566
f 3728 3566 3729
f 3729 3566 3567
f 3729 3567 3568
f 3730 3729 3568
f 3568 3731 3730
f 3569 3731 3568
f 3731 3569 3732
f 3732 3569 3570
f 3732 3570 3733
f 3733 3570 3571
f 3733 3571 3572
f 3734 3733 3572
f 3572 3735 3734
f 3573 3735 3572
f 3735 3573 3736
f 3736 3573 3574
f 3736 3574 3737
f 3737 3574 3575
f 3576 3738 3577
f 3576 3578 3738
f 3741 3739 3740
f 3740 3742 3743
f 3739 3742 3740
f 3743 3744 3745
f 3742 3744 3743
f 3745 3744 3746
f 3747 3577 3738
f 3747 3748 3577
f 3748 3579 3577
f 3738 3749 3747
f 3738 3578 3749
f 3578 3581 3749
f 3752 3750 3751
f 3583 3751 3750
f 3583 3582 3751
f 3582 3753 3751
f 3753 3582 3754
f 3582 3584 3754
f 3754 3584 3755
f 3584 3585 3755
f 3755 3585 3756
f 3585 3586 3756
f 3758 3587 3757
f 3758 3756 3587
f 3756 3586 3587
f 3757 3587 3589
f 3761 3759 3760
f 3760 3762 3763
f 3759 3762 3760
f 3763 3739 3741
f 3763 3762 3739
f 3762 3764 3739
f 3739 3764 3742
f 3742 3764 3765
f 3742 3765 3744
f 3744 3765 3766
f 3746 3767 3768
f 3746 3744 3767
f 3744 3766 3767
f 3768 3767 3590
f 3768 3590 3748
f 3748 3590 3579
f 3749 3581 3769
f 3769 3581 3592
f 3594 3770 3771
f 3593 3770 3594
f 3750 3752 3770
f 3750 3770 3595
f 3595 3770 3593
f 3750 3595 3583
f 3758 3757 3772
f 3759 3761 3772
f 3759 3772 3596
f 3757 3589 3772
f 3589 3596 3772
f 3762 3759 3596
f 3597 3762 3596
f 3597 3599 3773
f 3597 3773 3762
f 3762 3773 3764
f 3764 3773 3765
f 3765 3773 3774
f 3765 3774 3766
f 3766 3774 3775
f 3766 3775 3767
f 3767 3775 3776
f 3767 3776 3602
f 3590 3767 3602
f 3777 3778 3769
f 3777 3769 3604
f 3604 3769 3592
f 3778 3777 3779
f 3771 3780 3594
f 3780 3605 3594
f 3773 3599 3606
f 3774 3773 3606
f 3607 3774 3606
f 3775 3774 3607
f 3608 3775 3607
f 3608 3609 3781
f 3608 3781 3775
f 3775 3781 3776
f 3776 3781 3610
f 3602 3776 3610
f 3777 3604 3611
f 3611 3779 3777
f 3611 3612 3779
f 3612 3782 3779
f 3780 3783 3605
f 3783 3613 3605
f 3784 3781 3609
f 3784 3609 3785
f 3785 3609 3614
f 3781 3784 3786
f 3781 3786 3610
f 3610 3786 3615
f 3782 3612 3787
f 3787 3612 3616
f 3783 3788 3613
f 3788 3617 3613
f 3785 3614 3789
f 3789 3614 3618
f 3786 3790 3615
f 3790 3619 3615
f 3621 3622 3791
f 3791 3616 3621
f 3791 3792 3616
f 3792 3787 3616
f 3788 3623 3617
f 3793 3623 3788
f 3793 3794 3623
f 3623 3794 3624
f 3794 3795 3624
f 3624 3795 3625
f 3795 3796 3625
f 3625 3796 3626
f 3796 3797 3626
f 3626 3797 3627
f 3797 3798 3627
f 3627 3798 3628
f 3798 3799 3628
f 3628 3799 3629
f 3799 3800 3629
f 3629 3800 3630
f 3800 3801 3630
f 3630 3801 3631
f 3801 3802 3631
f 3631 3802 3632
f 3802 3803 3632
f 3632 3803 3633
f 3803 3804 3633
f 3633 3804 3634
f 3804 3618 3634
f 3789 3618 3804
f 3790 3805 3619
f 3805 3635 3619
f 3806 3791 3622
f 3637 3806 3622
f 3792 3806 3807
f 3791 3806 3792
f 3810 3808 3809
f 3640 3809 3808
f 3640 3639 3809
f 3639 3811 3809
f 3811 3639 3812
f 3639 3642 3812
f 3812 3642 3813
f 3642 3644 3813
f 3813 3644 3814
f 3644 3646 3814
f 3814 3646 3815
f 3646 3647 3815
f 3815 3647 3816
f 3647 3648 3816
f 3816 3648 3817
f 3648 3649 3817
f 3817 3649 3818
f 3649 3650 3818
f 3818 3650 3819
f 3650 3651 3819
f 3820 3651 3652
f 3820 3821 3651
f 3821 3819 3651
f 3821 3820 3653
f 3821 3653 3805
f 3805 3653 3635
f 3822 3806 3637
f 3822 3637 3823
f 3823 3637 3655
f 3806 3822 3807
f 3826 3824 3825
f 3658 3825 3824
f 3658 3657 3825
f 3657 3827 3825
f 3808 3810 3827
f 3808 3827 3660
f 3660 3827 3657
f 3661 3640 3808
f 3661 3808 3828
f 3660 3662 3808
f 3662 3828 3808
f 3663 3661 3828
f 3829 3663 3828
f 3664 3663 3829
f 3830 3664 3829
f 3830 3832 3831
f 3830 3831 3664
f 3664 3831 3665
f 3831 3833 3665
f 3665 3833 3666
f 3833 3834 3666
f 3666 3834 3667
f 3834 3835 3667
f 3667 3835 3668
f 3835 3836 3668
f 3668 3836 3669
f 3836 3837 3669
f 3669 3837 3670
f 3652 3838 3820
f 3652 3670 3838
f 3670 3837 3838
f 3820 3838 3839
f 3820 3839 3653
f 3653 3839 3671
f 3823 3655 3840
f 3840 3655 3673
f 3675 3841 3842
f 3674 3841 3675
f 3841 3674 3843
f 3674 3676 3843
f 3843 3676 3844
f 3676 3677 3844
f 3844 3677 3845
f 3677 3678 3845
f 3845 3678 3846
f 3678 3679 3846
f 3846 3679 3847
f 3679 3680 3847
f 3847 3680 3848
f 3680 3681 3848
f 3848 3681 3849
f 3681 3682 3849
f 3849 3682 3850
f 3682 3683 3850
f 3850 3683 3851
f 3683 3684 3851
f 3851 3684 3852
f 3684 3685 3852
f 3824 3826 3852
f 3824 3852 3686
f 3686 3852 3685
f 3824 3686 3658
f 3828 3662 3687
f 3829 3828 3687
f 3688 3829 3687
f 3830 3829 3688
f 3689 3830 3688
f 3832 3830 3689
f 3832 3689 3853
f 3853 3689 3690
f 3853 3690 3854
f 3690 3691 3854
f 3854 3691 3855
f 3691 3692 3855
f 3855 3692 3856
f 3692 3693 3856
f 3856 3693 3857
f 3693 3694 3857
f 3857 3694 3858
f 3694 3695 3858
f 3695 3859 3858
f 3696 3859 3695
f 3839 3860 3671
f 3860 3697 3671
f 3840 3673 3861
f 3861 3673 3698
f 3700 3862 3863
f 3699 3862 3700
f 3862 3699 3864
f 3699 3701 3864
f 3864 3701 3675
f 3842 3864 3675
f 3859 3696 3865
f 3865 3696 3702
f 3860 3866 3697
f 3866 3703 3697
f 3861 3698 3867
f 3867 3698 3704
f 3706 3868 3869
f 3705 3868 3706
f 3868 3705 3700
f 3863 3868 3700
f 3865 3702 3707
f 3870 3865 3707
f 3870 3707 3703
f 3866 3870 3703
f 3867 3704 3871
f 3871 3704 3708
f 3710 3872 3873
f 3709 3872 3710
f 3872 3709 3706
f 3869 3872 3706
f 3871 3708 3874
f 3874 3708 3711
f 3875 3712 3710
f 3873 3875 3710
f 3874 3711 3876
f 3876 3711 3713
f 3876 3713 3877
f 3877 3713 3715
f 3877 3715 3878
f 3878 3715 3716
f 3878 3716 3879
f 3879 3716 3717
f 3879 3717 3718
f 3880 3879 3718
f 3718 3881 3880
f 3719 3881 3718
f 3881 3719 3882
f 3882 3719 3720
f 3882 3720 3883
f 3883 3720 3721
f 3883 3721 3722
f 3884 3883 3722
f 3722 3885 3884
f 3723 3885 3722
f 3885 3723 3886
f 3886 3723 3724
f 3886 3724 3887
f 3887 3724 3725
f 3887 3725 3726
f 3888 3887 3726
f 3726 3889 3888
f 3727 3889 3726
f 3889 3727 3890
f 3890 3727 3728
f 3890 3728 3891
f 3891 3728 3729
f 3891 3729 3730
f 3892 3891 3730
f 3730 3893 3892
f 3731 3893 3730
f 3893 3731 3894
f 3894 3731 3732
f 3894 3732 3895
f 3895 3732 3733
f 3895 3733 3734
f 3896 3895 3734
f 3734 3897 3896
f 3735 3897 3734
f 3897 3735 3898
f 3898 3735 3736
f 3899 3900 3898
f 3899 3898 3737
f 3737 3898 3736
f 3900 3899 3901
f 3904 3902 3903
f 3903 3905 3906
f 3902 3905 3903
f 3906 3907 3908
f 3905 3907 3906
f 3908 3907 3909
f 3912 3910 3911
f 3911 3913 3914
f 3910 3913 3911
f 3914 3902 3904
f 3914 3913 3902
f 3913 3915 3902
f 3902 3915 3905
f 3905 3915 3916
f 3905 3916 3907
f 3907 3916 3917
f 3909 3918 3919
f 3909 3907 3918
f 3907 3917 3918
f 3919 3918 3920
f 3923 3921 3922
f 3922 3910 3912
f 3922 3921 3910
f 3921 3924 3910
f 3910 3924 3913
f 3913 3924 3925
f 3741 3740 3915
f 3741 3915 3925
f 3925 3915 3913
f 3916 3915 3740
f 3743 3916 3740
f 3917 3916 3743
f 3745 3917 3743
f 3745 3746 3926
f 3745 3926 3917
f 3917 3926 3918
f 3920 3747 3927
f 3920 3926 3747
f 3920 3918 3926
f 3926 3748 3747
f 3747 3928 3927
f 3749 3928 3747
f 3752 3929 3930
f 3751 3929 3752
f 3929 3751 3931
f 3751 3753 3931
f 3931 3753 3932
f 3753 3754 3932
f 3932 3754 3933
f 3754 3755 3933
f 3933 3755 3934
f 3755 3756 3934
f 3923 3935 3921
f 3923 3756 3935
f 3923 3934 3756
f 3758 3935 3756
f 3761 3760 3924
f 3761 3924 3935
f 3935 3924 3921
f 3925 3924 3760
f 3763 3925 3760
f 3925 3763 3741
f 3926 3746 3768
f 3926 3768 3748
f 3936 3937 3928
f 3936 3928 3769
f 3769 3928 3749
f 3937 3936 3938
f 3771 3939 3940
f 3770 3939 3771
f 3939 3770 3752
f 3930 3939 3752
f 3935 3758 3772
f 3935 3772 3761
f 3943 3942 3941
f 3942 3944 3941
f 3936 3769 3778
f 3778 3938 3936
f 3778 3779 3938
f 3779 3945 3938
f 3940 3946 3771
f 3946 3780 3771
f 3948 3943 3941
f 3947 3948 3941
f 3944 3949 3947
f 3941 3944 3947
f 3945 3779 3950
f 3950 3779 3782
f 3946 3951 3780
f 3951 3783 3780
f 3947 3784 3785
f 3947 3785 3948
f 3948 3785 3952
f 3784 3947 3949
f 3784 3949 3786
f 3786 3949 3953
f 3950 3782 3954
f 3954 3782 3787
f 3951 3955 3783
f 3955 3788 3783
f 3952 3785 3956
f 3956 3785 3789
f 3953 3957 3786
f 3957 3790 3786
f 3954 3787 3958
f 3958 3787 3792
f 3955 3793 3788
f 3959 3793 3955
f 3959 3960 3793
f 3793 3960 3794
f 3960 3961 3794
f 3794 3961 3795
f 3961 3962 3795
f 3795 3962 3796
f 3962 3963 3796
f 3796 3963 3797
f 3963 3964 3797
f 3797 3964 3798
f 3964 3965 3798
f 3798 3965 3799
f 3965 3966 3799
f 3799 3966 3800
f 3966 3967 3800
f 3800 3967 3801
f 3967 3968 3801
f 3801 3968 3802
f 3968 3969 3802
f 3802 3969 3803
f 3969 3970 3803
f 3803 3970 3804
f 3970 3789 3804
f 3956 3789 3970
f 3957 3971 3790
f 3971 3805 3790
f 3958 3792 3972
f 3972 3792 3807
f 3975 3973 3974
f 3810 3974 3973
f 3810 3809 3974
f 3809 3976 3974
f 3976 3809 3977
f 3809 3811 3977
f 3977 3811 3978
f 3811 3812 3978
f 3978 3812 3979
f 3812 3813 3979
f 3979 3813 3980
f 3813 3814 3980
f 3980 3814 3981
f 3814 3815 3981
f 3981 3815 3982
f 3815 3816 3982
f 3982 3816 3983
f 3816 3817 3983
f 3983 3817 3984
f 3817 3818 3984
f 3984 3818 3985
f 3818 3819 3985
f 3985 3819 3986
f 3819 3821 3986
f 3986 3821 3805
f 3971 3986 3805
f 3822 3823 3987
f 3987 3807 3822
f 3987 3988 3807
f 3988 3972 3807
f 3826 3989 3990
f 3825 3989 3826
f 3973 3975 3989
f 3973 3989 3827
f 3827 3989 3825
f 3973 3827 3810
f 3831 3832 3991
f 3833 3831 3991
f 3992 3833 3991
f 3992 3994 3993
f 3992 3993 3833
f 3833 3993 3834
f 3993 3995 3834
f 3834 3995 3835
f 3995 3996 3835
f 3835 3996 3836
f 3996 3997 3836
f 3836 3997 3837
f 3997 3998 3837
f 3837 3998 3838
f 3838 3998 3999
f 3839 3838 3999
f 4000 3987 3823
f 3840 4000 3823
f 3988 4000 4001
f 3987 4000 3988
f 3842 4002 4003
f 3841 4002 3842
f 4002 3841 4004
f 3841 3843 4004
f 4004 3843 4005
f 3843 3844 4005
f 4005 3844 4006
f 3844 3845 4006
f 4006 3845 4007
f 3845 3846 4007
f 4007 3846 4008
f 3846 3847 4008
f 4008 3847 4009
f 3847 3848 4009
f 4009 3848 4010
f 3848 3849 4010
f 4010 3849 4011
f 3849 3850 4011
f 4011 3850 4012
f 3850 3851 4012
f 4012 3851 4013
f 3851 3852 4013
f 4013 3852 3826
f 3990 4013 3826
f 3991 3832 3853
f 3992 3991 3853
f 3854 3992 3853
f 3994 3992 3854
f 3994 3854 4014
f 4014 3854 3855
f 4014 3855 4015
f 3855 3856 4015
f 4015 3856 4016
f 3856 3857 4016
f 4016 3857 4017
f 3857 3858 4017
f 3858 4018 4017
f 3859 4018 3858
f 3999 4019 3839
f 4019 3860 3839
f 4020 4000 3840
f 4020 3840 4021
f 4021 3840 3861
f 4000 4020 4001
f 3863 4022 4023
f 3862 4022 3863
f 4022 3862 4024
f 3862 3864 4024
f 4024 3864 3842
f 4003 4024 3842
f 4018 3859 4025
f 4025 3859 3865
f 4019 4026 3860
f 4026 3866 3860
f 4021 3861 4027
f 4027 3861 3867
f 3869 4028 4029
f 3868 4028 3869
f 4028 3868 3863
f 4023 4028 3863
f 4025 3865 3870
f 4030 4025 3870
f 4030 3870 3866
f 4026 4030 3866
f 4027 3867 4031
f 4031 3867 3871
f 3873 4032 4033
f 3872 4032 3873
f 4032 3872 3869
f 4029 4032 3869
f 4031 3871 4034
f 4034 3871 3874
f 4035 3875 3873
f 4033 4035 3873
f 4034 3874 4036
f 4036 3874 3876
f 4036 3876 4037
f 4037 3876 3877
f 4037 3877 4038
f 4038 3877 3878
f 4038 3878 4039
f 4039 3878 3879
f 4039 3879 3880
f 4040 4039 3880
f 3880 4041 4040
f 3881 4041 3880
f 4041 3881 4042
f 4042 3881 3882
f 4043 4044 4042
f 4043 4042 3883
f 3883 4042 3882
f 4044 4043 4045
f 4043 3883 3884
f 3884 4045 4043
f 3884 3885 4045
f 3885 4046 4045
f 4046 3885 4047
f 4047 3885 3886
f 4048 4049 4047
f 4048 4047 3887
f 3887 4047 3886
f 4049 4048 4050
f 4048 3887 3888
f 3888 4050 4048
f 3888 3889 4050
f 3889 4051 4050
f 4051 3889 4052
f 4052 3889 3890
f 4053 4054 4052
f 4053 4052 3891
f 3891 4052 3890
f 4054 4053 4055
f 4053 3891 3892
f 3892 4055 4053
f 3892 3893 4055
f 3893 4056 4055
f 4056 3893 4057
f 4057 3893 3894
f 4058 4059 4057
f 4058 4057 3895
f 3895 4057 3894
f 4059 4058 4060
f 4058 3895 3896
f 3896 4060 4058
f 3896 3897 4060
f 3897 4061 4060
f 4061 3897 4062
f 4062 3897 3898
f 4062 3898 3900
f 4063 4062 3900
f 3900 4064 4063
f 3901 4064 3900
f 3904 4065 4066
f 3903 4065 3904
f 4065 3903 4067
f 3903 3906 4067
f 4067 3906 4068
f 3906 3908 4068
f 3908 4069 4068
f 3909 4069 3908
f 3912 4070 4071
f 3911 4070 3912
f 4070 3911 4072
f 3911 3914 4072
f 4072 3914 3904
f 4066 4072 3904
f 3919 4073 4074
f 3919 4074 3909
f 3909 4074 4069
f 3919 3920 4073
f 4077 4075 4076
f 4076 4075 4078
f 3922 4079 3923
f 4081 3912 4071
f 4081 4079 3912
f 4081 4080 4079
f 3922 3912 4079
f 4081 4082 4080
f 4084 4074 4073
f 4083 4084 4073
f 3927 4073 3920
f 3927 4085 4073
f 4085 4083 4073
f 4087 4075 4077
f 4087 4086 4075
f 3928 4085 3927
f 4078 4086 4088
f 4075 4086 4078
f 3930 4089 4090
f 3929 4089 3930
f 4089 3929 4091
f 3929 3931 4091
f 4091 3931 4092
f 3931 3932 4092
f 4092 3932 4093
f 3932 3933 4093
f 4093 3933 4094
f 3933 3934 4094
f 3923 4094 3934
f 3923 4095 4094
f 3923 4079 4095
f 4095 4096 4094
f 4079 4080 4095
f 4080 4097 4095
f 4082 4099 4098
f 4082 4098 4080
f 4080 4098 4097
f 4099 4101 4100
f 4098 4099 4100
f 4101 4103 4102
f 4100 4101 4102
f 4103 4105 4104
f 4102 4103 4104
f 4105 4084 4083
f 4105 4083 4104
f 4104 4083 4106
f 4107 4108 4106
f 4107 4106 4085
f 4085 4106 4083
f 4086 4087 4107
f 4086 4107 3937
f 4085 3928 4107
f 3928 3937 4107
f 3937 4088 4086
f 3937 3938 4088
f 3938 4109 4088
f 3940 4110 4111
f 3939 4110 3940
f 4110 3939 3930
f 4090 4110 3930
f 4096 4095 4112
f 4095 4097 4113
f 4112 4095 4113
f 4097 4098 4114
f 4113 4097 4114
f 4098 4100 4115
f 4114 4098 4115
f 4100 4102 4116
f 4115 4100 4116
f 4102 4104 4117
f 4116 4102 4117
f 4119 4117 3943
f 4119 3943 4118
f 4117 4104 3943
f 3942 3943 4106
f 4104 4106 3943
f 3942 4106 4108
f 3942 4108 3944
f 4119 4118 4108
f 4118 3944 4108
f 4109 3938 4120
f 4120 3938 3945
f 4111 4121 3940
f 4121 3946 3940
f 4122 4118 3943
f 4122 3943 4123
f 4123 3943 3948
f 4118 4122 4124
f 4118 4124 3944
f 3944 4124 3949
f 4120 3945 4125
f 4125 3945 3950
f 4121 4126 3946
f 4126 3951 3946
f 4123 3948 4127
f 4127 3948 3952
f 4124 4128 3949
f 4128 3953 3949
f 4125 3950 4129
f 4129 3950 3954
f 4126 4130 3951
f 4130 3955 3951
f 4127 3952 4131
f 4131 3952 3956
f 4128 4132 3953
f 4132 3957 3953
f 4129 3954 4133
f 4133 3954 3958
f 4130 3959 3955
f 4134 3959 4130
f 4134 4135 3959
f 3959 4135 3960
f 4135 4136 3960
f 3960 4136 3961
f 4136 4137 3961
f 3961 4137 3962
f 4137 4138 3962
f 3962 4138 3963
f 4138 4139 3963
f 3963 4139 3964
f 4139 4140 3964
f 3964 4140 3965
f 4140 4141 3965
f 3965 4141 3966
f 4141 4142 3966
f 3966 4142 3967
f 4142 4143 3967
f 3967 4143 3968
f 4143 4144 3968
f 3968 4144 3969
f 4144 4145 3969
f 3969 4145 3970
f 4145 3956 3970
f 4131 3956 4145
f 4132 4146 3957
f 4146 3971 3957
f 4133 3958 4147
f 4147 3958 3972
f 3975 4148 4149
f 3974 4148 3975
f 4148 3974 4150
f 3974 3976 4150
f 4150 3976 4151
f 3976 3977 4151
f 4151 3977 4152
f 3977 3978 4152
f 4152 3978 4153
f 3978 3979 4153
f 4153 3979 4154
f 3979 3980 4154
f 4154 3980 4155
f 3980 3981 4155
f 4155 3981 4156
f 3981 3982 4156
f 4156 3982 4157
f 3982 3983 4157
f 4157 3983 4158
f 3983 3984 4158
f 4158 3984 4159
f 3984 3985 4159
f 4159 3985 4160
f 3985 3986 4160
f 4160 3986 3971
f 4146 4160 3971
f 4147 3972 4161
f 4161 3972 3988
f 3989 4162 3990
f 4162 3989 3975
f 4162 3975 4163
f 4163 3975 4149
f 3993 3994 4164
f 4164 4166 4165
f 4164 4165 3993
f 3993 4165 3995
f 4165 4167 3995
f 3995 4167 3996
f 4167 4168 3996
f 3996 4168 3997
f 4168 4169 3997
f 3997 4169 3998
f 3998 4169 4170
f 3999 3998 4170
f 4161 3988 4171
f 4171 3988 4001
f 4003 4172 4173
f 4002 4172 4003
f 4172 4002 4174
f 4002 4004 4174
f 4174 4004 4175
f 4004 4005 4175
f 4175 4005 4176
f 4005 4006 4176
f 4176 4006 4177
f 4006 4007 4177
f 4177 4007 4178
f 4007 4008 4178
f 4178 4008 4179
f 4008 4009 4179
f 4179 4009 4180
f 4009 4010 4180
f 4180 4010 4181
f 4010 4011 4181
f 4181 4011 4182
f 4011 4012 4182
f 4182 4012 4183
f 4012 4013 4183
f 3990 4162 4184
f 3990 4184 4013
f 4013 4184 4183
f 4162 4163 4184
f 4164 3994 4014
f 4166 4164 4014
f 4166 4014 4185
f 4185 4014 4015
f 4185 4015 4186
f 4015 4016 4186
f 4186 4016 4187
f 4016 4017 4187
f 4017 4188 4187
f 4018 4188 4017
f 4170 4189 3999
f 4189 4019 3999
f 4020 4021 4190
f 4190 4001 4020
f 4190 4191 4001
f 4191 4171 4001
f 4023 4192 4193
f 4022 4192 4023
f 4192 4022 4194
f 4022 4024 4194
f 4194 4024 4003
f 4173 4194 4003
f 4188 4018 4195
f 4195 4018 4025
f 4189 4196 4019
f 4196 4026 4019
f 4197 4190 4021
f 4027 4197 4021
f 4191 4197 4198
f 4190 4197 4191
f 4029 4199 4200
f 4028 4199 4029
f 4199 4028 4023
f 4193 4199 4023
f 4195 4025 4030
f 4201 4195 4030
f 4201 4030 4026
f 4196 4201 4026
f 4202 4197 4027
f 4202 4027 4203
f 4203 4027 4031
f 4197 4202 4198
f 4033 4204 4205
f 4032 4204 4033
f 4204 4032 4029
f 4200 4204 4029
f 4203 4031 4206
f 4206 4031 4034
f 4207 4035 4033
f 4205 4207 4033
f 4206 4034 4208
f 4208 4034 4036
f 4208 4036 4209
f 4209 4036 4037
f 4209 4037 4210
f 4210 4037 4038
f 4211 4212 4210
f 4211 4210 4039
f 4039 4210 4038
f 4212 4211 4213
f 4211 4039 4040
f 4040 4213 4211
f 4040 4041 4213
f 4041 4214 4213
f 4214 4041 4215
f 4215 4041 4042
f 4215 4042 4044
f 4216 4215 4044
f 4044 4217 4216
f 4045 4217 4044
f 4217 4045 4218
f 4218 4045 4046
f 4218 4046 4219
f 4219 4046 4047
f 4219 4047 4049
f 4220 4219 4049
f 4049 4221 4220
f 4050 4221 4049
f 4221 4050 4222
f 4222 4050 4051
f 4222 4051 4223
f 4223 4051 4052
f 4223 4052 4054
f 4224 4223 4054
f 4054 4225 4224
f 4055 4225 4054
f 4225 4055 4226
f 4226 4055 4056
f 4226 4056 4227
f 4227 4056 4057
f 4227 4057 4059
f 4228 4227 4059
f 4059 4229 4228
f 4060 4229 4059
f 4229 4060 4230
f 4230 4060 4061
f 4230 4061 4231
f 4231 4061 4062
f 4231 4062 4063
f 4232 4231 4063
f 4063 4233 4232
f 4064 4233 4063
f 4065 4234 4066
f 4067 4234 4065
f 4235 4234 4067
f 4068 4235 4067
f 4236 4235 4068
f 4068 4069 4236
f 4239 4237 4238
f 4238 4237 4240
f 4070 4241 4071
f 4072 4241 4070
f 4242 4241 4072
f 4066 4242 4072
f 4066 4234 4242
f 4234 4243 4242
f 4234 4235 4243
f 4235 4244 4243
f 4235 4236 4244
f 4236 4245 4244
f 4236 4074 4245
f 4069 4074 4236
f 4237 4077 4076
f 4237 4239 4077
f 4239 4246 4077
f 4076 4240 4237
f 4076 4078 4240
f 4078 4247 4240
f 4241 4081 4071
f 4081 4248 4082
f 4081 4241 4248
f 4241 4242 4248
f 4242 4243 4248
f 4243 4249 4248
f 4243 4244 4249
f 4244 4250 4249
f 4244 4245 4250
f 4245 4251 4250
f 4245 4084 4251
f 4074 4084 4245
f 4246 4252 4077
f 4252 4087 4077
f 4247 4078 4253
f 4253 4078 4088
f 4090 4254 4255
f 4089 4254 4090
f 4254 4089 4256
f 4089 4091 4256
f 4256 4091 4257
f 4091 4092 4257
f 4257 4092 4258
f 4092 4093 4258
f 4258 4093 4259
f 4093 4094 4259
f 4094 4260 4259
f 4096 4260 4094
f 4248 4099 4082
f 4249 4099 4248
f 4101 4099 4249
f 4250 4101 4249
f 4103 4101 4250
f 4251 4103 4250
f 4105 4103 4251
f 4251 4084 4105
f 4108 4261 4262
f 4107 4261 4108
f 4261 4107 4087
f 4252 4261 4087
f 4253 4088 4263
f 4263 4088 4109
f 4111 4264 4265
f 4110 4264 4111
f 4264 4110 4090
f 4255 4264 4090
f 4260 4096 4112
f 4266 4260 4112
f 4266 4112 4267
f 4112 4113 4267
f 4267 4113 4268
f 4113 4114 4268
f 4268 4114 4269
f 4114 4115 4269
f 4269 4115 4270
f 4115 4116 4270
f 4270 4116 4271
f 4116 4117 4271
f 4271 4117 4272
f 4117 4119 4272
f 4272 4119 4108
f 4262 4272 4108
f 4263 4109 4273
f 4273 4109 4120
f 4265 4274 4111
f 4274 4121 4111
f 4123 4276 4275
f 4122 4123 4275
f 4122 4275 4277
f 4124 4122 4277
f 4273 4120 4278
f 4278 4120 4125
f 4274 4279 4121
f 4279 4126 4121
f 4276 4123 4280
f 4280 4123 4127
f 4277 4281 4124
f 4281 4128 4124
f 4278 4125 4282
f 4282 4125 4129
f 4285 4283 4284
f 4284 4283 4130
f 4284 4130 4279
f 4279 4130 4126
f 4280 4127 4286
f 4286 4127 4131
f 4281 4287 4128
f 4287 4132 4128
f 4282 4129 4288
f 4288 4129 4133
f 4285 4289 4283
f 4283 4134 4130
f 4283 4289 4134
f 4289 4290 4134
f 4290 4291 4134
f 4134 4291 4135
f 4291 4292 4135
f 4135 4292 4136
f 4292 4293 4136
f 4136 4293 4137
f 4293 4294 4137
f 4137 4294 4138
f 4294 4295 4138
f 4138 4295 4139
f 4295 4296 4139
f 4139 4296 4140
f 4296 4297 4140
f 4140 4297 4141
f 4299 4298 4142
f 4299 4142 4297
f 4297 4142 4141
f 4298 4301 4300
f 4298 4300 4142
f 4142 4300 4143
f 4300 4302 4143
f 4143 4302 4144
f 4302 4303 4144
f 4144 4303 4145
f 4303 4131 4145
f 4286 4131 4303
f 4287 4304 4132
f 4304 4146 4132
f 4288 4133 4305
f 4305 4133 4147
f 4149 4306 4307
f 4148 4306 4149
f 4306 4148 4308
f 4148 4150 4308
f 4308 4150 4309
f 4150 4151 4309
f 4309 4151 4310
f 4151 4152 4310
f 4310 4152 4311
f 4152 4153 4311
f 4311 4153 4312
f 4153 4154 4312
f 4312 4154 4313
f 4154 4155 4313
f 4298 4299 4313
f 4298 4313 4156
f 4156 4313 4155
f 4301 4298 4156
f 4301 4156 4314
f 4314 4156 4157
f 4314 4157 4315
f 4157 4158 4315
f 4315 4158 4316
f 4158 4159 4316
f 4316 4159 4317
f 4159 4160 4317
f 4317 4160 4146
f 4304 4317 4146
f 4305 4147 4318
f 4318 4147 4161
f 4307 4319 4149
f 4319 4163 4149
f 4166 4321 4320
f 4165 4166 4320
f 4320 4322 4165
f 4165 4322 4167
f 4322 4323 4167
f 4167 4323 4168
f 4323 4324 4168
f 4168 4324 4169
f 4169 4324 4325
f 4170 4169 4325
f 4318 4161 4326
f 4326 4161 4171
f 4172 4327 4173
f 4327 4328 4329
f 4327 4172 4328
f 4172 4174 4328
f 4328 4174 4330
f 4174 4175 4330
f 4330 4175 4331
f 4175 4176 4331
f 4331 4176 4332
f 4176 4177 4332
f 4332 4177 4333
f 4177 4178 4333
f 4333 4178 4334
f 4178 4179 4334
f 4334 4179 4335
f 4179 4180 4335
f 4335 4180 4336
f 4180 4181 4336
f 4336 4181 4337
f 4181 4182 4337
f 4337 4182 4338
f 4182 4183 4338
f 4338 4183 4339
f 4183 4184 4339
f 4339 4184 4163
f 4319 4339 4163
f 4321 4166 4185
f 4340 4321 4185
f 4340 4185 4341
f 4185 4186 4341
f 4341 4186 4342
f 4186 4187 4342
f 4187 4343 4342
f 4188 4343 4187
f 4325 4344 4170
f 4344 4189 4170
f 4326 4171 4345
f 4345 4171 4191
f 4192 4346 4193
f 4346 4347 4348
f 4346 4192 4347
f 4192 4194 4347
f 4173 4327 4349
f 4173 4349 4194
f 4194 4349 4347
f 4327 4329 4349
f 4343 4188 4350
f 4350 4188 4195
f 4344 4351 4189
f 4351 4196 4189
f 4345 4191 4352
f 4352 4191 4198
f 4199 4353 4200
f 4353 4354 4355
f 4199 4354 4353
f 4199 4346 4354
f 4199 4193 4346
f 4346 4348 4354
f 4350 4195 4201
f 4356 4350 4201
f 4356 4201 4196
f 4351 4356 4196
f 4202 4203 4357
f 4357 4198 4202
f 4357 4358 4198
f 4358 4352 4198
f 4205 4360 4361
f 4205 4204 4360
f 4204 4359 4360
f 4200 4353 4362
f 4200 4362 4204
f 4204 4362 4359
f 4353 4355 4362
f 4363 4357 4203
f 4363 4203 4364
f 4364 4203 4206
f 4357 4363 4358
f 4361 4207 4205
f 4364 4206 4365
f 4365 4206 4208
f 4365 4208 4366
f 4366 4208 4209
f 4366 4209 4367
f 4367 4209 4210
f 4367 4210 4212
f 4368 4367 4212
f 4212 4369 4368
f 4213 4369 4212
f 4369 4213 4370
f 4370 4213 4214
f 4370 4214 4371
f 4371 4214 4215
f 4371 4215 4216
f 4372 4371 4216
f 4216 4373 4372
f 4217 4373 4216
f 4373 4217 4374
f 4374 4217 4218
f 4374 4218 4375
f 4375 4218 4219
f 4375 4219 4220
f 4376 4375 4220
f 4220 4377 4376
f 4221 4377 4220
f 4377 4221 4378
f 4378 4221 4222
f 4378 4222 4379
f 4379 4222 4223
f 4379 4223 4224
f 4380 4379 4224
f 4224 4381 4380
f 4225 4381 4224
f 4381 4225 4382
f 4382 4225 4226
f 4382 4226 4383
f 4383 4226 4227
f 4383 4227 4228
f 4384 4383 4228
f 4228 4385 4384
f 4229 4385 4228
f 4385 4229 4386
f 4386 4229 4230
f 4386 4230 4387
f 4387 4230 4231
f 4387 4231 4232
f 4388 4387 4232
f 4232 4389 4388
f 4233 4389 4232
f 4392 4390 4391
f 4391 4390 4393
f 4390 4239 4238
f 4390 4392 4239
f 4392 4394 4239
f 4238 4393 4390
f 4238 4240 4393
f 4240 4395 4393
f 4394 4396 4239
f 4396 4246 4239
f 4395 4240 4397
f 4397 4240 4247
f 4396 4398 4246
f 4398 4252 4246
f 4397 4247 4399
f 4399 4247 4253
f 4254 4400 4255
f 4256 4400 4254
f 4401 4400 4256
f 4401 4402 4403
f 4401 4256 4402
f 4256 4257 4402
f 4402 4257 4404
f 4257 4258 4404
f 4404 4258 4405
f 4258 4259 4405
f 4259 4406 4405
f 4260 4406 4259
f 4409 4407 4408
f 4408 4410 4411
f 4407 4410 4408
f 4411 4412 4413
f 4410 4412 4411
f 4413 4412 4414
f 4261 4415 4262
f 4415 4261 4252
f 4415 4252 4416
f 4416 4252 4398
f 4399 4253 4417
f 4417 4253 4263
f 4265 4418 4419
f 4264 4418 4265
f 4255 4400 4420
f 4255 4420 4264
f 4264 4420 4418
f 4400 4401 4421
f 4420 4400 4421
f 4401 4403 4421
f 4406 4260 4266
f 4422 4406 4266
f 4407 4409 4422
f 4407 4422 4267
f 4267 4422 4266
f 4410 4407 4267
f 4268 4410 4267
f 4412 4410 4268
f 4269 4412 4268
f 4414 4412 4269
f 4414 4269 4423
f 4423 4269 4270
f 4423 4270 4424
f 4270 4271 4424
f 4424 4271 4425
f 4271 4272 4425
f 4262 4415 4426
f 4262 4426 4272
f 4272 4426 4425
f 4415 4416 4426
f 4417 4263 4427
f 4427 4263 4273
f 4419 4428 4265
f 4428 4274 4265
f 4276 4430 4429
f 4275 4276 4429
f 4275 4429 4431
f 4277 4275 4431
f 4427 4273 4432
f 4432 4273 4278
f 4428 4433 4274
f 4433 4279 4274
f 4430 4276 4434
f 4434 4276 4280
f 4431 4435 4277
f 4435 4281 4277
f 4432 4278 4436
f 4436 4278 4282
f 4285 4437 4438
f 4284 4437 4285
f 4437 4284 4279
f 4433 4437 4279
f 4434 4280 4439
f 4439 4280 4286
f 4435 4440 4281
f 4440 4287 4281
f 4436 4282 4441
f 4441 4282 4288
f 4438 4289 4285
f 4442 4289 4438
f 4442 4443 4289
f 4289 4443 4290
f 4443 4444 4290
f 4290 4444 4291
f 4444 4445 4291
f 4291 4445 4292
f 4445 4446 4292
f 4292 4446 4293
f 4446 4447 4293
f 4293 4447 4294
f 4447 4448 4294
f 4294 4448 4295
f 4448 4449 4295
f 4295 4449 4296
f 4449 4450 4296
f 4296 4450 4297
f 4297 4450 4451
f 4299 4297 4451
f 4301 4453 4452
f 4300 4301 4452
f 4452 4454 4300
f 4300 4454 4302
f 4454 4455 4302
f 4302 4455 4303
f 4455 4286 4303
f 4439 4286 4455
f 4440 4456 4287
f 4456 4304 4287
f 4441 4288 4457
f 4457 4288 4305
f 4307 4458 4459
f 4306 4458 4307
f 4458 4306 4460
f 4306 4308 4460
f 4460 4308 4461
f 4308 4309 4461
f 4461 4309 4462
f 4309 4310 4462
f 4462 4310 4463
f 4310 4311 4463
f 4463 4311 4464
f 4311 4312 4464
f 4464 4312 4465
f 4312 4313 4465
f 4465 4313 4299
f 4451 4465 4299
f 4453 4301 4314
f 4466 4453 4314
f 4466 4314 4467
f 4314 4315 4467
f 4467 4315 4468
f 4315 4316 4468
f 4470 4317 4469
f 4470 4468 4317
f 4468 4316 4317
f 4469 4317 4304
f 4469 4304 4471
f 4471 4304 4456
f 4457 4305 4472
f 4472 4305 4318
f 4459 4473 4307
f 4473 4319 4307
f 4321 4475 4474
f 4320 4321 4474
f 4474 4476 4320
f 4320 4476 4322
f 4476 4477 4322
f 4322 4477 4323
f 4469 4477 4470
f 4469 4324 4477
f 4324 4323 4477
f 4324 4469 4471
f 4324 4471 4325
f 4325 4471 4478
f 4472 4318 4479
f 4479 4318 4326
f 4328 4480 4329
f 4330 4480 4328
f 4481 4480 4330
f 4481 4482 4483
f 4481 4330 4482
f 4330 4331 4482
f 4482 4331 4484
f 4331 4332 4484
f 4484 4332 4485
f 4332 4333 4485
f 4485 4333 4486
f 4333 4334 4486
f 4486 4334 4487
f 4334 4335 4487
f 4487 4335 4488
f 4335 4336 4488
f 4488 4336 4489
f 4336 4337 4489
f 4489 4337 4490
f 4337 4338 4490
f 4490 4338 4491
f 4338 4339 4491
f 4491 4339 4319
f 4473 4491 4319
f 4475 4321 4340
f 4492 4475 4340
f 4492 4340 4493
f 4340 4341 4493
f 4493 4341 4494
f 4341 4342 4494
f 4342 4495 4494
f 4343 4495 4342
f 4478 4496 4325
f 4496 4344 4325
f 4479 4326 4497
f 4497 4326 4345
f 4347 4498 4348
f 4498 4499 4500
f 4498 4347 4499
f 4347 4349 4499
f 4329 4480 4501
f 4329 4501 4349
f 4349 4501 4499
f 4480 4481 4502
f 4501 4480 4502
f 4481 4483 4502
f 4495 4343 4503
f 4503 4343 4350
f 4496 4504 4344
f 4504 4351 4344
f 4497 4345 4505
f 4505 4345 4352
f 4354 4506 4355
f 4506 4507 4508
f 4354 4507 4506
f 4354 4498 4507
f 4354 4348 4498
f 4498 4500 4507
f 4503 4350 4356
f 4509 4503 4356
f 4509 4356 4351
f 4504 4509 4351
f 4505 4352 4510
f 4510 4352 4358
f 4512 4360 4511
f 4360 4359 4511
f 4511 4359 4513
f 4359 4362 4513
f 4355 4506 4514
f 4355 4514 4362
f 4362 4514 4513
f 4506 4508 4514
f 4364 4516 4515
f 4363 4364 4515
f 4515 4358 4363
f 4510 4358 4515
f 4516 4364 4517
f 4517 4364 4365
f 4517 4365 4518
f 4518 4365 4366
f 4518 4366 4519
f 4519 4366 4367
f 4519 4367 4368
f 4520 4519 4368
f 4368 4521 4520
f 4369 4521 4368
f 4521 4369 4522
f 4522 4369 4370
f 4522 4370 4523
f 4523 4370 4371
f 4523 4371 4372
f 4524 4523 4372
f 4372 4525 4524
f 4373 4525 4372
f 4525 4373 4526
f 4526 4373 4374
f 4526 4374 4527
f 4527 4374 4375
f 4527 4375 4376
f 4528 4527 4376
f 4376 4529 4528
f 4377 4529 4376
f 4529 4377 4530
f 4530 4377 4378
f 4530 4378 4531
f 4531 4378 4379
f 4531 4379 4380
f 4532 4531 4380
f 4380 4533 4532
f 4381 4533 4380
f 4533 4381 4534
f 4534 4381 4382
f 4534 4382 4535
f 4535 4382 4383
f 4535 4383 4384
f 4536 4535 4384
f 4384 4537 4536
f 4385 4537 4384
f 4537 4385 4538
f 4538 4385 4386
f 4538 4386 4539
f 4539 4386 4387
f 4539 4387 4388
f 4540 4539 4388
f 4388 4541 4540
f 4389 4541 4388
f 4544 4542 4543
f 4543 4542 4545
f 4542 4392 4391
f 4542 4544 4392
f 4544 4546 4392
f 4391 4545 4542
f 4391 4393 4545
f 4393 4547 4545
f 4546 4548 4392
f 4548 4394 4392
f 4547 4393 4549
f 4549 4393 4395
f 4548 4550 4394
f 4550 4396 4394
f 4549 4395 4551
f 4551 4395 4397
f 4550 4552 4396
f 4552 4398 4396
f 4551 4397 4553
f 4553 4397 4399
f 4403 4554 4555
f 4402 4554 4403
f 4554 4402 4556
f 4402 4404 4556
f 4556 4404 4557
f 4404 4405 4557
f 4405 4558 4557
f 4406 4558 4405
f 4409 4559 4560
f 4408 4559 4409
f 4559 4408 4561
f 4408 4411 4561
f 4561 4411 4562
f 4411 4413 4562
f 4563 4413 4414
f 4563 4564 4413
f 4564 4562 4413
f 4564 4565 4566
f 4563 4565 4564
f 4566 4567 4568
f 4565 4567 4566
f 4568 4567 4569
f 4552 4570 4398
f 4570 4416 4398
f 4553 4399 4571
f 4571 4399 4417
f 4418 4572 4419
f 4572 4573 4574
f 4572 4418 4573
f 4418 4420 4573
f 4573 4420 4575
f 4420 4421 4575
f 4575 4421 4403
f 4555 4575 4403
f 4558 4406 4422
f 4576 4558 4422
f 4576 4422 4409
f 4560 4576 4409
f 4563 4414 4423
f 4565 4563 4423
f 4424 4565 4423
f 4567 4565 4424
f 4425 4567 4424
f 4567 4425 4426
f 4567 4426 4578
f 4567 4578 4569
f 4577 4578 4426
f 4577 4426 4416
f 4577 4416 4579
f 4579 4416 4570
f 4571 4417 4580
f 4580 4417 4427
f 4581 4419 4572
f 4581 4582 4419
f 4582 4428 4419
f 4572 4574 4581
f 4430 4584 4583
f 4429 4430 4583
f 4586 4431 4577
f 4586 4577 4585
f 4431 4429 4577
f 4578 4577 4583
f 4429 4583 4577
f 4577 4579 4585
f 4580 4427 4587
f 4587 4427 4432
f 4582 4588 4428
f 4588 4433 4428
f 4584 4430 4589
f 4589 4430 4434
f 4586 4590 4431
f 4590 4435 4431
f 4587 4432 4591
f 4591 4432 4436
f 4438 4592 4593
f 4437 4592 4438
f 4592 4437 4433
f 4588 4592 4433
f 4589 4434 4594
f 4594 4434 4439
f 4590 4595 4435
f 4595 4440 4435
f 4591 4436 4596
f 4596 4436 4441
f 4593 4442 4438
f 4597 4442 4593
f 4597 4598 4442
f 4442 4598 4443
f 4598 4599 4443
f 4443 4599 4444
f 4599 4600 4444
f 4444 4600 4445
f 4600 4601 4445
f 4445 4601 4446
f 4601 4602 4446
f 4446 4602 4447
f 4602 4603 4447
f 4447 4603 4448
f 4603 4604 4448
f 4448 4604 4449
f 4604 4605 4449
f 4449 4605 4450
f 4450 4605 4606
f 4451 4450 4606
f 4453 4608 4607
f 4452 4453 4607
f 4607 4609 4452
f 4452 4609 4454
f 4609 4610 4454
f 4454 4610 4455
f 4610 4439 4455
f 4594 4439 4610
f 4595 4611 4440
f 4611 4456 4440
f 4596 4441 4612
f 4612 4441 4457
f 4459 4613 4614
f 4458 4613 4459
f 4613 4458 4615
f 4458 4460 4615
f 4615 4460 4616
f 4460 4461 4616
f 4616 4461 4617
f 4461 4462 4617
f 4617 4462 4618
f 4462 4463 4618
f 4618 4463 4619
f 4463 4464 4619
f 4619 4464 4620
f 4464 4465 4620
f 4620 4465 4451
f 4606 4620 4451
f 4608 4453 4466
f 4621 4608 4466
f 4621 4466 4622
f 4466 4467 4622
f 4622 4467 4623
f 4467 4468 4623
f 4468 4624 4623
f 4470 4624 4468
f 4611 4625 4456
f 4625 4471 4456
f 4612 4457 4626
f 4626 4457 4472
f 4614 4627 4459
f 4627 4473 4459
f 4475 4629 4628
f 4474 4475 4628
f 4628 4630 4474
f 4474 4630 4476
f 4630 4631 4476
f 4476 4631 4477
f 4631 4470 4477
f 4624 4470 4631
f 4625 4632 4471
f 4632 4478 4471
f 4626 4472 4633
f 4633 4472 4479
f 4482 4634 4483
f 4484 4634 4482
f 4635 4634 4484
f 4635 4636 4637
f 4635 4484 4636
f 4484 4485 4636
f 4636 4485 4638
f 4485 4486 4638
f 4638 4486 4639
f 4486 4487 4639
f 4639 4487 4640
f 4487 4488 4640
f 4640 4488 4641
f 4488 4489 4641
f 4641 4489 4642
f 4489 4490 4642
f 4642 4490 4643
f 4490 4491 4643
f 4643 4491 4473
f 4627 4643 4473
f 4629 4475 4492
f 4644 4629 4492
f 4644 4492 4645
f 4492 4493 4645
f 4645 4493 4646
f 4493 4494 4646
f 4494 4647 4646
f 4495 4647 4494
f 4632 4648 4478
f 4648 4496 4478
f 4633 4479 4649
f 4649 4479 4497
f 4499 4650 4500
f 4501 4650 4499
f 4651 4650 4501
f 4502 4651 4501
f 4652 4651 4502
f 4652 4653 4654
f 4502 4653 4652
f 4502 4634 4653
f 4502 4483 4634
f 4634 4635 4655
f 4653 4634 4655
f 4635 4637 4655
f 4647 4495 4656
f 4656 4495 4503
f 4648 4657 4496
f 4657 4504 4496
f 4649 4497 4658
f 4658 4497 4505
f 4661 4659 4660
f 4508 4660 4659
f 4508 4507 4660
f 4507 4662 4660
f 4500 4650 4663
f 4500 4663 4507
f 4507 4663 4662
f 4650 4651 4664
f 4663 4650 4664
f 4651 4652 4665
f 4664 4651 4665
f 4652 4654 4665
f 4656 4503 4509
f 4666 4656 4509
f 4666 4509 4504
f 4657 4666 4504
f 4658 4505 4667
f 4667 4505 4510
f 4669 4512 4668
f 4512 4511 4668
f 4668 4511 4670
f 4511 4513 4670
f 4659 4661 4670
f 4659 4670 4514
f 4514 4670 4513
f 4659 4514 4508
f 4673 4672 4671
f 4516 4671 4672
f 4516 4672 4515
f 4675 4674 4672
f 4674 4515 4672
f 4674 4510 4515
f 4674 4676 4510
f 4676 4667 4510
f 4673 4671 4677
f 4674 4675 4678
f 4671 4516 4677
f 4516 4679 4677
f 4516 4517 4679
f 4674 4678 4676
f 4679 4517 4680
f 4680 4517 4518
f 4680 4518 4681
f 4681 4518 4519
f 4681 4519 4520
f 4682 4681 4520
f 4520 4683 4682
f 4521 4683 4520
f 4683 4521 4684
f 4684 4521 4522
f 4684 4522 4685
f 4685 4522 4523
f 4685 4523 4524
f 4686 4685 4524
f 4524 4687 4686
f 4525 4687 4524
f 4687 4525 4688
f 4688 4525 4526
f 4688 4526 4689
f 4689 4526 4527
f 4689 4527 4528
f 4690 4689 4528
f 4528 4691 4690
f 4529 4691 4528
f 4691 4529 4692
f 4692 4529 4530
f 4692 4530 4693
f 4693 4530 4531
f 4693 4531 4532
f 4694 4693 4532
f 4532 4695 4694
f 4533 4695 4532
f 4695 4533 4696
f 4696 4533 4534
f 4696 4534 4697
f 4697 4534 4535
f 4697 4535 4536
f 4698 4697 4536
f 4536 4699 4698
f 4537 4699 4536
f 4699 4537 4700
f 4700 4537 4538
f 4700 4538 4701
f 4701 4538 4539
f 4701 4539 4540
f 4702 4701 4540
f 4540 4703 4702
f 4541 4703 4540
f 4544 4704 4705
f 4543 4704 4544
f 4543 4706 4704
f 4545 4706 4543
f 4705 4707 4544
f 4707 4546 4544
f 4706 4545 4708
f 4708 4545 4547
f 4707 4709 4546
f 4709 4548 4546
f 4708 4547 4710
f 4710 4547 4549
f 4709 4711 4548
f 4711 4550 4548
f 4710 4549 4712
f 4712 4549 4551
f 4711 4713 4550
f 4713 4552 4550
f 4712 4551 4714
f 4714 4551 4553
f 4555 4715 4716
f 4554 4715 4555
f 4715 4554 4717
f 4554 4556 4717
f 4717 4556 4718
f 4556 4557 4718
f 4557 4719 4718
f 4558 4719 4557
f 4560 4720 4721
f 4559 4720 4560
f 4720 4559 4722
f 4559 4561 4722
f 4722 4561 4723
f 4561 4562 4723
f 4723 4562 4724
f 4562 4564 4724
f 4724 4564 4725
f 4564 4566 4725
f 4725 4566 4726
f 4566 4568 4726
f 4727 4568 4569
f 4727 4728 4568
f 4728 4726 4568
f 4728 4727 4570
f 4728 4570 4713
f 4713 4570 4552
f 4714 4553 4729
f 4729 4553 4571
f 4732 4730 4731
f 4574 4731 4730
f 4574 4573 4731
f 4573 4733 4731
f 4733 4573 4734
f 4573 4575 4734
f 4734 4575 4555
f 4716 4734 4555
f 4719 4558 4576
f 4735 4719 4576
f 4735 4576 4560
f 4721 4735 4560
f 4736 4727 4569
f 4736 4569 4737
f 4737 4569 4578
f 4727 4736 4738
f 4727 4738 4570
f 4570 4738 4579
f 4729 4571 4739
f 4739 4571 4580
f 4730 4582 4581
f 4730 4732 4582
f 4732 4740 4582
f 4730 4581 4574
f 4584 4742 4741
f 4583 4584 4741
f 4578 4741 4737
f 4578 4583 4741
f 4586 4585 4743
f 4743 4585 4579
f 4743 4579 4744
f 4744 4579 4738
f 4739 4580 4745
f 4745 4580 4587
f 4740 4746 4582
f 4746 4588 4582
f 4742 4584 4747
f 4747 4584 4589
f 4748 4586 4743
f 4748 4749 4586
f 4749 4590 4586
f 4743 4744 4748
f 4745 4587 4750
f 4750 4587 4591
f 4592 4751 4593
f 4751 4592 4588
f 4751 4588 4752
f 4752 4588 4746
f 4747 4589 4753
f 4753 4589 4594
f 4749 4754 4590
f 4754 4595 4590
f 4750 4591 4755
f 4755 4591 4596
f 4751 4597 4593
f 4752 4597 4751
f 4752 4756 4597
f 4756 4598 4597
f 4756 4757 4598
f 4598 4757 4599
f 4757 4758 4599
f 4599 4758 4600
f 4758 4759 4600
f 4600 4759 4601
f 4759 4760 4601
f 4601 4760 4602
f 4760 4761 4602
f 4602 4761 4603
f 4761 4762 4603
f 4603 4762 4604
f 4764 4763 4605
f 4764 4605 4762
f 4762 4605 4604
f 4605 4763 4606
f 4608 4766 4765
f 4607 4608 4765
f 4765 4767 4607
f 4607 4767 4609
f 4767 4768 4609
f 4609 4768 4610
f 4768 4594 4610
f 4753 4594 4768
f 4754 4769 4595
f 4769 4611 4595
f 4755 4596 4770
f 4770 4596 4612
f 4614 4771 4772
f 4613 4771 4614
f 4771 4613 4773
f 4613 4615 4773
f 4773 4615 4774
f 4615 4616 4774
f 4774 4616 4775
f 4616 4617 4775
f 4775 4617 4776
f 4617 4618 4776
f 4776 4618 4777
f 4618 4619 4777
f 4763 4764 4777
f 4763 4777 4620
f 4620 4777 4619
f 4763 4620 4606
f 4766 4608 4621
f 4778 4766 4621
f 4778 4621 4779
f 4621 4622 4779
f 4779 4622 4780
f 4622 4623 4780
f 4623 4781 4780
f 4624 4781 4623
f 4769 4782 4611
f 4782 4625 4611
f 4770 4612 4783
f 4783 4612 4626
f 4772 4784 4614
f 4784 4627 4614
f 4629 4786 4785
f 4628 4629 4785
f 4785 4787 4628
f 4628 4787 4630
f 4787 4788 4630
f 4630 4788 4631
f 4788 4624 4631
f 4781 4624 4788
f 4782 4789 4625
f 4789 4632 4625
f 4783 4626 4790
f 4790 4626 4633
f 4636 4791 4637
f 4638 4791 4636
f 4792 4791 4638
f 4639 4792 4638
f 4793 4792 4639
f 4793 4794 4795
f 4793 4639 4794
f 4639 4640 4794
f 4794 4640 4796
f 4640 4641 4796
f 4796 4641 4797
f 4641 4642 4797
f 4797 4642 4798
f 4642 4643 4798
f 4798 4643 4627
f 4784 4798 4627
f 4786 4629 4644
f 4799 4786 4644
f 4799 4644 4800
f 4644 4645 4800
f 4800 4645 4801
f 4645 4646 4801
f 4646 4802 4801
f 4647 4802 4646
f 4789 4803 4632
f 4803 4648 4632
f 4790 4633 4804
f 4804 4633 4649
f 4653 4805 4654
f 4655 4805 4653
f 4806 4805 4655
f 4806 4807 4808
f 4655 4807 4806
f 4655 4791 4807
f 4655 4637 4791
f 4791 4792 4809
f 4807 4791 4809
f 4792 4793 4810
f 4809 4792 4810
f 4793 4795 4810
f 4802 4647 4811
f 4811 4647 4656
f 4812 4803 4813
f 4812 4657 4803
f 4657 4648 4803
f 4813 4814 4812
f 4804 4649 4815
f 4815 4649 4658
f 4818 4816 4817
f 4819 4816 4818
f 4817 4820 4821
f 4816 4820 4817
f 4661 4821 4820
f 4661 4660 4821
f 4660 4822 4821
f 4822 4660 4823
f 4660 4662 4823
f 4823 4662 4824
f 4662 4663 4824
f 4824 4663 4825
f 4663 4664 4825
f 4825 4664 4826
f 4664 4665 4826
f 4654 4805 4827
f 4654 4827 4665
f 4665 4827 4826
f 4805 4806 4828
f 4827 4805 4828
f 4806 4808 4828
f 4811 4656 4666
f 4829 4811 4666
f 4657 4829 4666
f 4657 4830 4829
f 4657 4812 4830
f 4830 4831 4829
f 4814 4832 4830
f 4812 4814 4830
f 4815 4658 4833
f 4833 4658 4667
f 4816 4819 4669
f 4668 4816 4669
f 4820 4816 4668
f 4670 4820 4668
f 4820 4670 4661
f 4830 4672 4673
f 4830 4673 4831
f 4831 4673 4834
f 4672 4830 4832
f 4672 4832 4675
f 4675 4832 4835
f 4833 4667 4836
f 4836 4667 4676
f 4834 4673 4677
f 4837 4834 4677
f 4835 4838 4675
f 4675 4838 4678
f 4839 4837 4677
f 4839 4677 4679
f 4838 4676 4678
f 4836 4676 4838
f 4839 4679 4840
f 4840 4679 4680
f 4840 4680 4841
f 4841 4680 4681
f 4841 4681 4682
f 4842 4841 4682
f 4682 4843 4842
f 4683 4843 4682
f 4843 4683 4844
f 4844 4683 4684
f 4844 4684 4845
f 4845 4684 4685
f 4845 4685 4686
f 4846 4845 4686
f 4686 4847 4846
f 4687 4847 4686
f 4847 4687 4848
f 4848 4687 4688
f 4848 4688 4849
f 4849 4688 4689
f 4849 4689 4690
f 4850 4849 4690
f 4690 4851 4850
f 4691 4851 4690
f 4851 4691 4852
f 4852 4691 4692
f 4852 4692 4853
f 4853 4692 4693
f 4853 4693 4694
f 4854 4853 4694
f 4694 4855 4854
f 4695 4855 4694
f 4855 4695 4856
f 4856 4695 4696
f 4856 4696 4857
f 4857 4696 4697
f 4857 4697 4698
f 4858 4857 4698
f 4698 4859 4858
f 4699 4859 4698
f 4859 4699 4860
f 4860 4699 4700
f 4860 4700 4861
f 4861 4700 4701
f 4861 4701 4702
f 4862 4861 4702
f 4702 4863 4862
f 4703 4863 4702
f 4705 4864 4865
f 4704 4864 4705
f 4704 4866 4864
f 4706 4866 4704
f 4865 4867 4705
f 4867 4707 4705
f 4866 4706 4868
f 4868 4706 4708
f 4867 4869 4707
f 4869 4709 4707
f 4868 4708 4870
f 4870 4708 4710
f 4869 4871 4709
f 4871 4711 4709
f 4870 4710 4872
f 4872 4710 4712
f 4871 4873 4711
f 4873 4713 4711
f 4872 4712 4874
f 4874 4712 4714
f 4877 4875 4876
f 4876 4878 4879
f 4875 4878 4876
f 4716 4879 4878
f 4716 4715 4879
f 4715 4880 4879
f 4880 4715 4881
f 4715 4717 4881
f 4881 4717 4882
f 4717 4718 4882
f 4883 4718 4719
f 4883 4884 4718
f 4884 4882 4718
f 4886 4884 4883
f 4885 4721 4720
f 4885 4887 4888
f 4885 4720 4887
f 4720 4722 4887
f 4887 4722 4889
f 4722 4723 4889
f 4889 4723 4890
f 4723 4724 4890
f 4890 4724 4891
f 4724 4725 4891
f 4891 4725 4892
f 4725 4726 4892
f 4892 4726 4893
f 4726 4728 4893
f 4893 4728 4713
f 4873 4893 4713
f 4874 4714 4894
f 4894 4714 4729
f 4732 4895 4896
f 4731 4895 4732
f 4875 4877 4895
f 4875 4895 4733
f 4733 4895 4731
f 4878 4875 4733
f 4734 4878 4733
f 4878 4734 4716
f 4883 4719 4735
f 4721 4885 4897
f 4721 4897 4735
f 4886 4883 4897
f 4883 4735 4897
f 4885 4888 4897
f 4900 4899 4898
f 4737 4898 4899
f 4737 4899 4736
f 4736 4899 4901
f 4736 4901 4902
f 4738 4736 4902
f 4894 4729 4903
f 4903 4729 4739
f 4896 4904 4732
f 4904 4740 4732
f 4898 4741 4742
f 4898 4742 4900
f 4900 4742 4905
f 4898 4737 4741
f 4902 4906 4738
f 4906 4744 4738
f 4903 4739 4907
f 4907 4739 4745
f 4904 4908 4740
f 4908 4746 4740
f 4905 4742 4909
f 4909 4742 4747
f 4748 4910 4749
f 4910 4748 4744
f 4910 4744 4911
f 4911 4744 4906
f 4907 4745 4912
f 4912 4745 4750
f 4908 4913 4746
f 4913 4752 4746
f 4909 4747 4914
f 4914 4747 4753
f 4915 4749 4910
f 4754 4749 4915
f 4911 4916 4915
f 4910 4911 4915
f 4912 4750 4917
f 4917 4750 4755
f 4913 4756 4752
f 4918 4756 4913
f 4918 4919 4756
f 4756 4919 4757
f 4919 4920 4757
f 4757 4920 4758
f 4920 4921 4758
f 4758 4921 4759
f 4921 4922 4759
f 4759 4922 4760
f 4922 4923 4760
f 4760 4923 4761
f 4923 4924 4761
f 4761 4924 4762
f 4925 4764 4762
f 4925 4762 4926
f 4926 4762 4924
f 4926 4927 4925
f 4765 4766 4928
f 4928 4930 4929
f 4928 4929 4765
f 4765 4929 4767
f 4929 4931 4767
f 4767 4931 4768
f 4931 4753 4768
f 4914 4753 4931
f 4932 4754 4915
f 4932 4933 4754
f 4933 4769 4754
f 4915 4916 4932
f 4917 4755 4934
f 4934 4755 4770
f 4772 4935 4936
f 4771 4935 4772
f 4935 4771 4937
f 4771 4773 4937
f 4937 4773 4938
f 4773 4774 4938
f 4938 4774 4939
f 4774 4775 4939
f 4939 4775 4940
f 4775 4776 4940
f 4940 4776 4941
f 4776 4777 4941
f 4764 4925 4942
f 4764 4942 4777
f 4777 4942 4941
f 4925 4927 4942
f 4928 4766 4778
f 4930 4928 4778
f 4930 4778 4943
f 4943 4778 4779
f 4943 4779 4944
f 4779 4780 4944
f 4780 4945 4944
f 4781 4945 4780
f 4933 4946 4769
f 4946 4782 4769
f 4934 4770 4947
f 4947 4770 4783
f 4936 4948 4772
f 4948 4784 4772
f 4786 4950 4949
f 4785 4786 4949
f 4949 4951 4785
f 4785 4951 4787
f 4951 4952 4787
f 4787 4952 4788
f 4952 4781 4788
f 4945 4781 4952
f 4946 4953 4782
f 4953 4789 4782
f 4947 4783 4954
f 4954 4783 4790
f 4794 4955 4795
f 4796 4955 4794
f 4956 4955 4796
f 4797 4956 4796
f 4957 4956 4797
f 4957 4958 4959
f 4957 4797 4958
f 4797 4798 4958
f 4958 4798 4784
f 4948 4958 4784
f 4950 4786 4799
f 4960 4950 4799
f 4960 4799 4961
f 4799 4800 4961
f 4961 4800 4962
f 4800 4801 4962
f 4801 4963 4962
f 4802 4963 4801
f 4964 4953 4965
f 4964 4803 4953
f 4803 4789 4953
f 4965 4966 4964
f 4954 4790 4967
f 4967 4790 4804
f 4970 4968 4969
f 4969 4971 4972
f 4968 4971 4969
f 4808 4972 4971
f 4808 4807 4972
f 4807 4973 4972
f 4973 4807 4974
f 4807 4809 4974
f 4974 4809 4975
f 4809 4810 4975
f 4795 4955 4976
f 4795 4976 4810
f 4810 4976 4975
f 4955 4956 4977
f 4976 4955 4977
f 4956 4957 4978
f 4977 4956 4978
f 4957 4959 4978
f 4963 4802 4979
f 4979 4802 4811
f 4964 4813 4803
f 4813 4964 4966
f 4813 4966 4814
f 4814 4966 4980
f 4967 4804 4981
f 4981 4804 4815
f 4983 4818 4982
f 4818 4817 4982
f 4982 4817 4984
f 4817 4821 4984
f 4984 4821 4985
f 4821 4822 4985
f 4985 4822 4986
f 4822 4823 4986
f 4986 4823 4987
f 4823 4824 4987
f 4987 4824 4988
f 4824 4825 4988
f 4988 4825 4989
f 4825 4826 4989
f 4968 4970 4989
f 4968 4989 4827
f 4827 4989 4826
f 4971 4968 4827
f 4828 4971 4827
f 4971 4828 4808
f 4979 4811 4829
f 4990 4979 4829
f 4829 4991 4990
f 4831 4991 4829
f 4980 4992 4814
f 4992 4832 4814
f 4981 4815 4993
f 4993 4815 4833
f 4991 4831 4994
f 4994 4831 4834
f 4992 4995 4832
f 4995 4835 4832
f 4993 4833 4996
f 4996 4833 4836
f 4994 4834 4837
f 4997 4994 4837
f 4835 4995 4998
f 4835 4998 4838
f 4995 4997 4998
f 4839 4998 4837
f 4997 4837 4998
f 4998 4836 4838
f 4998 4999 4836
f 4999 4996 4836
f 5000 4998 4839
f 5000 4839 5001
f 5001 4839 4840
f 4998 5000 4999
f 5001 4840 5002
f 5002 4840 4841
f 5002 4841 4842
f 5003 5002 4842
f 4842 5004 5003
f 4843 5004 4842
f 5004 4843 5005
f 5005 4843 4844
f 5005 4844 5006
f 5006 4844 4845
f 5006 4845 4846
f 5007 5006 4846
f 4846 5008 5007
f 4847 5008 4846
f 5008 4847 5009
f 5009 4847 4848
f 5010 5011 5009
f 5010 5009 4849
f 4849 5009 4848
f 5011 5010 5012
f 5010 4849 4850
f 4850 5012 5010
f 4850 4851 5012
f 4851 5013 5012
f 5013 4851 5014
f 5014 4851 4852
f 5015 5016 5014
f 5015 5014 4853
f 4853 5014 4852
f 5016 5015 5017
f 5015 4853 4854
f 4854 5017 5015
f 4854 4855 5017
f 4855 5018 5017
f 5018 4855 5019
f 5019 4855 4856
f 5020 5021 5019
f 5020 5019 4857
f 4857 5019 4856
f 5021 5020 5022
f 5020 4857 4858
f 4858 5022 5020
f 4858 4859 5022
f 4859 5023 5022
f 5023 4859 5024
f 5024 4859 4860
f 5025 5026 5024
f 5025 5024 4861
f 4861 5024 4860
f 5026 5025 5027
f 5025 4861 4862
f 4862 5027 5025
f 4862 4863 5027
f 4863 5028 5027
f 4864 5029 4865
f 4864 4866 5029
f 5030 4865 5029
f 5030 5031 4865
f 5031 4867 4865
f 5029 5032 5030
f 5029 4866 5032
f 4866 4868 5032
f 5031 5033 4867
f 5033 4869 4867
f 5032 4868 5034
f 5034 4868 4870
f 5033 5035 4869
f 5035 4871 4869
f 5034 4870 5036
f 5036 4870 4872
f 5035 5037 4871
f 5037 4873 4871
f 5036 4872 5038
f 5038 4872 4874
f 4877 5039 5040
f 4876 5039 4877
f 5039 4876 5041
f 4876 4879 5041
f 5041 4879 5042
f 4879 4880 5042
f 5042 4880 5043
f 4880 4881 5043
f 5043 4881 5044
f 4881 4882 5044
f 5044 4882 5045
f 4882 4884 5045
f 5046 4884 4886
f 5046 5047 4884
f 5047 5045 4884
f 4888 5047 5046
f 4888 4887 5047
f 4887 5048 5047
f 5048 4887 5049
f 4887 4889 5049
f 5049 4889 5050
f 4889 4890 5050
f 5050 4890 5051
f 4890 4891 5051
f 5051 4891 5052
f 4891 4892 5052
f 5054 4893 5053
f 5054 5052 4893
f 5052 4892 4893
f 5053 4893 4873
f 5053 4873 5055
f 5055 4873 5037
f 5038 4874 5056
f 5056 4874 4894
f 4896 5057 5058
f 4895 5057 4896
f 5057 4895 4877
f 5040 5057 4877
f 5046 4886 4897
f 5046 4897 4888
f 4900 5060 5059
f 4899 4900 5059
f 5053 5059 5054
f 5053 4901 5059
f 4901 4899 5059
f 4901 5053 5055
f 4901 5055 4902
f 4902 5055 5061
f 5056 4894 5062
f 5062 4894 4903
f 5058 5063 4896
f 5063 4904 4896
f 5060 4900 5064
f 5064 4900 4905
f 5061 5065 4902
f 5065 4906 4902
f 5062 4903 5066
f 5066 4903 4907
f 5063 5067 4904
f 5067 4908 4904
f 5064 4905 5068
f 5068 4905 4909
f 5065 5069 4906
f 5069 4911 4906
f 5066 4907 5070
f 5070 4907 4912
f 5067 5071 4908
f 5071 4913 4908
f 5068 4909 5072
f 5072 4909 4914
f 5069 5073 4911
f 5073 4916 4911
f 5070 4912 5074
f 5074 4912 4917
f 5071 4918 4913
f 5075 4918 5071
f 5075 5076 4918
f 4918 5076 4919
f 5076 5077 4919
f 4919 5077 4920
f 5077 5078 4920
f 4920 5078 4921
f 5078 5079 4921
f 4921 5079 4922
f 5079 5080 4922
f 4922 5080 4923
f 5080 5081 4923
f 4923 5081 4924
f 5081 5082 4924
f 4924 5082 4926
f 5083 4927 4926
f 5083 4926 5084
f 5084 4926 5082
f 5084 5086 5085
f 5083 5084 5085
f 4930 5085 5086
f 4930 5086 4929
f 4929 5086 5087
f 5087 5088 4929
f 4929 5088 4931
f 5088 4914 4931
f 5072 4914 5088
f 4932 5089 4933
f 5089 4932 4916
f 5089 4916 5090
f 5090 4916 5073
f 5074 4917 5091
f 5091 4917 4934
f 4936 5092 5093
f 4935 5092 4936
f 5092 4935 5094
f 4935 4937 5094
f 5094 4937 5095
f 4937 4938 5095
f 5095 4938 5096
f 4938 4939 5096
f 5096 4939 5097
f 4939 4940 5097
f 5097 4940 5098
f 4940 4941 5098
f 5098 4941 5099
f 4941 4942 5099
f 4927 5083 5100
f 4927 5100 4942
f 4942 5100 5099
f 5083 5085 5101
f 5100 5083 5101
f 5085 4930 4943
f 5085 4943 5101
f 5101 4943 5102
f 5102 4943 5103
f 4943 4944 5103
f 4944 5104 5103
f 4945 5104 4944
f 5105 4933 5089
f 4946 4933 5105
f 5090 5106 5105
f 5089 5090 5105
f 5091 4934 5107
f 5107 4934 4947
f 5093 5108 4936
f 5108 4948 4936
f 5111 5110 5109
f 5110 5113 5112
f 5109 5110 5112
f 4950 5112 5113
f 4950 5113 4949
f 4949 5113 5114
f 5114 5115 4949
f 4949 5115 4951
f 5115 5116 4951
f 4951 5116 4952
f 5116 4945 4952
f 5104 4945 5116
f 5117 4946 5105
f 4953 4946 5117
f 5106 5118 5117
f 5105 5106 5117
f 5107 4947 5119
f 5119 4947 4954
f 4958 5120 4959
f 5120 4958 4948
f 5120 4948 5121
f 5121 4948 5108
f 5111 5109 5122
f 5109 5112 5123
f 5122 5109 5123
f 5112 4950 4960
f 5112 4960 5123
f 5123 4960 5124
f 5124 4960 5125
f 4960 4961 5125
f 5125 4961 5126
f 4961 4962 5126
f 4962 5127 5126
f 4963 5127 4962
f 5117 4965 4953
f 4965 5117 5118
f 4965 5118 4966
f 4966 5118 5128
f 5119 4954 5129
f 5129 4954 4967
f 5132 5130 5131
f 5131 5133 5134
f 5130 5133 5131
f 5134 5135 5136
f 5133 5135 5134
f 4970 5136 5135
f 4970 4969 5136
f 4969 5137 5136
f 5137 4969 5138
f 4969 4972 5138
f 5138 4972 5139
f 4972 4973 5139
f 5139 4973 5140
f 4973 4974 5140
f 5140 4974 5141
f 4974 4975 5141
f 5141 4975 5142
f 4975 4976 5142
f 5142 4976 5143
f 4976 4977 5143
f 5143 4977 5144
f 4977 4978 5144
f 4959 5120 5145
f 4959 5145 4978
f 4978 5145 5144
f 5120 5121 5145
f 5146 5147 5127
f 5146 5127 4979
f 4979 5127 4963
f 5147 5146 5148
f 5128 5149 4966
f 5149 4980 4966
f 5129 4967 5150
f 5150 4967 4981
f 5152 4983 5151
f 4983 4982 5151
f 5151 4982 5153
f 4982 4984 5153
f 5153 4984 5154
f 4984 4985 5154
f 5154 4985 5155
f 4985 4986 5155
f 5130 5132 5155
f 5130 5155 4987
f 4987 5155 4986
f 5133 5130 4987
f 4988 5133 4987
f 5135 5133 4988
f 4989 5135 4988
f 5135 4989 4970
f 5146 4979 4990
f 4990 5148 5146
f 4990 4991 5148
f 4991 5156 5148
f 5149 5157 4980
f 5157 4992 4980
f 5150 4981 5158
f 5158 4981 4993
f 5156 4991 5159
f 5159 4991 4994
f 5157 5160 4992
f 5160 4995 4992
f 5158 4993 5161
f 5161 4993 4996
f 5159 4994 4997
f 5162 5159 4997
f 5162 4997 4995
f 5160 5162 4995
f 5161 4996 5163
f 5163 4996 4999
f 5000 5001 5164
f 5164 4999 5000
f 5164 5165 4999
f 5165 5163 4999
f 5166 5164 5001
f 5002 5166 5001
f 5165 5166 5167
f 5164 5166 5165
f 5166 5002 5003
f 5003 5167 5166
f 5003 5004 5167
f 5004 5168 5167
f 5168 5004 5169
f 5169 5004 5005
f 5170 5171 5169
f 5170 5169 5006
f 5006 5169 5005
f 5171 5170 5172
f 5170 5006 5007
f 5007 5172 5170
f 5007 5008 5172
f 5008 5173 5172
f 5173 5008 5174
f 5174 5008 5009
f 5174 5009 5011
f 5175 5174 5011
f 5011 5176 5175
f 5012 5176 5011
f 5176 5012 5177
f 5177 5012 5013
f 5177 5013 5178
f 5178 5013 5014
f 5178 5014 5016
f 5179 5178 5016
f 5016 5180 5179
f 5017 5180 5016
f 5180 5017 5181
f 5181 5017 5018
f 5181 5018 5182
f 5182 5018 5019
f 5182 5019 5021
f 5183 5182 5021
f 5021 5184 5183
f 5022 5184 5021
f 5184 5022 5185
f 5185 5022 5023
f 5185 5023 5186
f 5186 5023 5024
f 5186 5024 5026
f 5187 5186 5026
f 5026 5188 5187
f 5027 5188 5026
f 5188 5027 5189
f 5189 5027 5028
f 5030 5190 5031
f 5030 5032 5190
f 5191 5031 5190
f 5033 5031 5191
f 5190 5034 5191
f 5032 5034 5190
f 5192 5033 5191
f 5192 5193 5033
f 5193 5035 5033
f 5191 5194 5192
f 5191 5034 5194
f 5034 5036 5194
f 5193 5195 5035
f 5195 5037 5035
f 5194 5036 5196
f 5196 5036 5038
f 5040 5197 5198
f 5039 5197 5040
f 5197 5039 5199
f 5039 5041 5199
f 5199 5041 5200
f 5041 5042 5200
f 5200 5042 5201
f 5042 5043 5201
f 5201 5043 5202
f 5043 5044 5202
f 5202 5044 5203
f 5044 5045 5203
f 5203 5045 5204
f 5045 5047 5204
f 5204 5047 5205
f 5047 5048 5205
f 5205 5048 5206
f 5048 5049 5206
f 5206 5049 5207
f 5049 5050 5207
f 5207 5050 5208
f 5050 5051 5208
f 5210 5052 5209
f 5210 5208 5052
f 5208 5051 5052
f 5052 5054 5209
f 5195 5211 5037
f 5211 5055 5037
f 5196 5038 5212
f 5212 5038 5056
f 5058 5213 5214
f 5057 5213 5058
f 5213 5057 5040
f 5198 5213 5040
f 5209 5059 5060
f 5209 5060 5210
f 5210 5060 5215
f 5209 5054 5059
f 5211 5216 5055
f 5216 5061 5055
f 5212 5056 5217
f 5217 5056 5062
f 5214 5218 5058
f 5218 5063 5058
f 5215 5060 5219
f 5219 5060 5064
f 5216 5220 5061
f 5220 5065 5061
f 5217 5062 5221
f 5221 5062 5066
f 5218 5222 5063
f 5222 5067 5063
f 5219 5064 5223
f 5223 5064 5068
f 5220 5224 5065
f 5224 5069 5065
f 5221 5066 5225
f 5225 5066 5070
f 5222 5226 5067
f 5226 5071 5067
f 5223 5068 5227
f 5227 5068 5072
f 5224 5228 5069
f 5228 5073 5069
f 5225 5070 5229
f 5229 5070 5074
f 5226 5075 5071
f 5230 5075 5226
f 5230 5231 5075
f 5075 5231 5076
f 5231 5232 5076
f 5076 5232 5077
f 5232 5233 5077
f 5077 5233 5078
f 5233 5234 5078
f 5078 5234 5079
f 5234 5235 5079
f 5079 5235 5080
f 5235 5236 5080
f 5080 5236 5081
f 5236 5237 5081
f 5081 5237 5082
f 5237 5238 5082
f 5082 5238 5084
f 5238 5239 5084
f 5084 5239 5086
f 5239 5240 5086
f 5086 5240 5087
f 5240 5241 5087
f 5087 5241 5088
f 5241 5072 5088
f 5227 5072 5241
f 5228 5242 5073
f 5242 5090 5073
f 5229 5074 5243
f 5243 5074 5091
f 5093 5244 5245
f 5092 5244 5093
f 5244 5092 5246
f 5092 5094 5246
f 5246 5094 5247
f 5094 5095 5247
f 5247 5095 5248
f 5095 5096 5248
f 5248 5096 5249
f 5096 5097 5249
f 5249 5097 5250
f 5097 5098 5250
f 5250 5098 5251
f 5098 5099 5251
f 5251 5099 5252
f 5099 5100 5252
f 5252 5100 5253
f 5100 5101 5253
f 5253 5101 5254
f 5101 5102 5254
f 5254 5102 5255
f 5102 5103 5255
f 5103 5256 5255
f 5104 5256 5103
f 5242 5257 5090
f 5257 5106 5090
f 5243 5091 5258
f 5258 5091 5107
f 5245 5259 5093
f 5259 5108 5093
f 5262 5261 5260
f 5261 5264 5263
f 5260 5261 5263
f 5111 5263 5264
f 5111 5264 5110
f 5110 5264 5265
f 5265 5266 5110
f 5110 5266 5113
f 5266 5267 5113
f 5113 5267 5114
f 5267 5268 5114
f 5114 5268 5115
f 5268 5269 5115
f 5115 5269 5116
f 5269 5104 5116
f 5256 5104 5269
f 5257 5270 5106
f 5270 5118 5106
f 5258 5107 5271
f 5271 5107 5119
f 5274 5272 5273
f 5273 5275 5276
f 5272 5275 5273
f 5276 5277 5278
f 5275 5277 5276
f 5278 5277 5121
f 5278 5121 5259
f 5259 5121 5108
f 5262 5260 5279
f 5260 5263 5280
f 5279 5260 5280
f 5263 5111 5122
f 5263 5122 5280
f 5280 5122 5281
f 5281 5122 5282
f 5122 5123 5282
f 5282 5123 5283
f 5123 5124 5283
f 5283 5124 5284
f 5124 5125 5284
f 5284 5125 5285
f 5125 5126 5285
f 5126 5286 5285
f 5127 5286 5126
f 5270 5287 5118
f 5287 5128 5118
f 5271 5119 5288
f 5288 5119 5129
f 5291 5289 5290
f 5290 5292 5293
f 5289 5292 5290
f 5293 5294 5295
f 5292 5294 5293
f 5132 5295 5294
f 5132 5131 5295
f 5131 5296 5295
f 5296 5131 5297
f 5131 5134 5297
f 5297 5134 5298
f 5134 5136 5298
f 5298 5136 5299
f 5136 5137 5299
f 5299 5137 5300
f 5137 5138 5300
f 5300 5138 5301
f 5138 5139 5301
f 5301 5139 5302
f 5139 5140 5302
f 5302 5140 5303
f 5140 5141 5303
f 5303 5141 5304
f 5141 5142 5304
f 5272 5274 5304
f 5272 5304 5143
f 5143 5304 5142
f 5275 5272 5143
f 5144 5275 5143
f 5277 5275 5144
f 5145 5277 5144
f 5277 5145 5121
f 5286 5127 5147
f 5305 5286 5147
f 5147 5306 5305
f 5148 5306 5147
f 5287 5307 5128
f 5307 5149 5128
f 5288 5129 5308
f 5308 5129 5150
f 5310 5152 5309
f 5152 5151 5309
f 5289 5291 5309
f 5289 5309 5153
f 5153 5309 5151
f 5292 5289 5153
f 5154 5292 5153
f 5294 5292 5154
f 5155 5294 5154
f 5294 5155 5132
f 5306 5148 5311
f 5311 5148 5156
f 5307 5312 5149
f 5312 5157 5149
f 5308 5150 5313
f 5313 5150 5158
f 5314 5315 5311
f 5314 5311 5159
f 5159 5311 5156
f 5315 5314 5160
f 5315 5160 5312
f 5312 5160 5157
f 5313 5158 5316
f 5316 5158 5161
f 5314 5159 5162
f 5314 5162 5160
f 5316 5161 5317
f 5317 5161 5163
f 5317 5163 5318
f 5318 5163 5165
f 5318 5165 5319
f 5319 5165 5167
f 5319 5167 5320
f 5320 5167 5168
f 5320 5168 5321
f 5321 5168 5169
f 5321 5169 5171
f 5322 5321 5171
f 5171 5323 5322
f 5172 5323 5171
f 5323 5172 5324
f 5324 5172 5173
f 5324 5173 5325
f 5325 5173 5174
f 5325 5174 5175
f 5326 5325 5175
f 5175 5327 5326
f 5176 5327 5175
f 5327 5176 5328
f 5328 5176 5177
f 5328 5177 5329
f 5329 5177 5178
f 5329 5178 5179
f 5330 5329 5179
f 5179 5331 5330
f 5180 5331 5179
f 5331 5180 5332
f 5332 5180 5181
f 5332 5181 5333
f 5333 5181 5182
f 5333 5182 5183
f 5334 5333 5183
f 5183 5335 5334
f 5184 5335 5183
f 5335 5184 5336
f 5336 5184 5185
f 5336 5185 5337
f 5337 5185 5186
f 5337 5186 5187
f 5338 5337 5187
f 5187 5339 5338
f 5188 5339 5187
f 5339 5188 5340
f 5340 5188 5189
f 5192 5341 5193
f 5192 5194 5341
f 5342 5193 5341
f 5195 5193 5342
f 5341 5196 5342
f 5194 5196 5341
f 5198 5343 5344
f 5197 5343 5198
f 5343 5197 5345
f 5197 5199 5345
f 5345 5199 5346
f 5199 5200 5346
f 5346 5200 5347
f 5200 5201 5347
f 5347 5201 5348
f 5201 5202 5348
f 5348 5202 5349
f 5202 5203 5349
f 5349 5203 5350
f 5203 5204 5350
f 5350 5204 5351
f 5204 5205 5351
f 5351 5205 5352
f 5205 5206 5352
f 5352 5206 5353
f 5206 5207 5353
f 5355 5208 5354
f 5355 5353 5208
f 5353 5207 5208
f 5208 5210 5354
f 5356 5195 5342
f 5356 5357 5195
f 5357 5211 5195
f 5342 5358 5356
f 5342 5196 5358
f 5196 5212 5358
f 5214 5359 5360
f 5213 5359 5214
f 5359 5213 5198
f 5344 5359 5198
f 5355 5354 5361
f 5354 5362 5361
f 5354 5210 5362
f 5210 5215 5362
f 5357 5363 5211
f 5363 5216 5211
f 5358 5212 5364
f 5364 5212 5217
f 5360 5365 5214
f 5365 5218 5214
f 5362 5215 5366
f 5366 5215 5219
f 5363 5367 5216
f 5367 5220 5216
f 5364 5217 5368
f 5368 5217 5221
f 5365 5369 5218
f 5369 5222 5218
f 5366 5219 5370
f 5370 5219 5223
f 5367 5371 5220
f 5371 5224 5220
f 5368 5221 5372
f 5372 5221 5225
f 5369 5373 5222
f 5373 5226 5222
f 5370 5223 5374
f 5374 5223 5227
f 5371 5375 5224
f 5375 5228 5224
f 5372 5225 5376
f 5376 5225 5229
f 5373 5230 5226
f 5377 5230 5373
f 5377 5378 5230
f 5230 5378 5231
f 5378 5379 5231
f 5231 5379 5232
f 5379 5380 5232
f 5232 5380 5233
f 5380 5381 5233
f 5233 5381 5234
f 5381 5382 5234
f 5234 5382 5235
f 5382 5383 5235
f 5235 5383 5236
f 5383 5384 5236
f 5236 5384 5237
f 5384 5385 5237
f 5237 5385 5238
f 5385 5386 5238
f 5238 5386 5239
f 5386 5387 5239
f 5239 5387 5240
f 5387 5388 5240
f 5240 5388 5241
f 5388 5227 5241
f 5374 5227 5388
f 5375 5389 5228
f 5389 5242 5228
f 5376 5229 5390
f 5390 5229 5243
f 5244 5391 5245
f 5391 5392 5393
f 5391 5244 5392
f 5244 5246 5392
f 5392 5246 5394
f 5246 5247 5394
f 5394 5247 5395
f 5247 5248 5395
f 5395 5248 5396
f 5248 5249 5396
f 5396 5249 5397
f 5249 5250 5397
f 5397 5250 5398
f 5250 5251 5398
f 5398 5251 5399
f 5251 5252 5399
f 5399 5252 5400
f 5252 5253 5400
f 5400 5253 5401
f 5253 5254 5401
f 5401 5254 5402
f 5254 5255 5402
f 5255 5403 5402
f 5256 5403 5255
f 5389 5404 5242
f 5404 5257 5242
f 5390 5243 5405
f 5405 5243 5258
f 5406 5245 5391
f 5259 5245 5406
f 5393 5408 5407
f 5393 5407 5391
f 5391 5407 5406
f 5408 5410 5409
f 5407 5408 5409
f 5410 5412 5411
f 5409 5410 5411
f 5262 5411 5412
f 5262 5412 5261
f 5261 5412 5413
f 5413 5414 5261
f 5261 5414 5264
f 5416 5415 5265
f 5416 5265 5414
f 5414 5265 5264
f 5266 5265 5415
f 5417 5266 5415
f 5267 5266 5417
f 5418 5267 5417
f 5268 5267 5418
f 5419 5268 5418
f 5419 5421 5420
f 5419 5420 5268
f 5268 5420 5269
f 5420 5256 5269
f 5403 5256 5420
f 5404 5422 5257
f 5422 5270 5257
f 5405 5258 5423
f 5423 5258 5271
f 5426 5424 5425
f 5425 5427 5428
f 5424 5427 5425
f 5428 5429 5430
f 5427 5429 5428
f 5274 5430 5429
f 5274 5273 5430
f 5273 5431 5430
f 5431 5273 5432
f 5273 5276 5432
f 5432 5276 5433
f 5276 5278 5433
f 5259 5406 5434
f 5259 5434 5278
f 5278 5434 5433
f 5406 5407 5435
f 5434 5406 5435
f 5407 5409 5436
f 5435 5407 5436
f 5409 5411 5437
f 5436 5409 5437
f 5411 5262 5279
f 5411 5279 5437
f 5437 5279 5438
f 5438 5279 5439
f 5279 5280 5439
f 5415 5416 5439
f 5415 5439 5281
f 5281 5439 5280
f 5417 5415 5281
f 5282 5417 5281
f 5418 5417 5282
f 5283 5418 5282
f 5419 5418 5283
f 5284 5419 5283
f 5421 5419 5284
f 5421 5284 5440
f 5440 5284 5285
f 5285 5441 5440
f 5286 5441 5285
f 5422 5442 5270
f 5442 5287 5270
f 5423 5271 5443
f 5443 5271 5288
f 5446 5444 5445
f 5447 5444 5446
f 5291 5445 5444
f 5291 5290 5445
f 5290 5448 5445
f 5448 5290 5449
f 5290 5293 5449
f 5449 5293 5450
f 5293 5295 5450
f 5450 5295 5451
f 5295 5296 5451
f 5451 5296 5452
f 5296 5297 5452
f 5452 5297 5453
f 5297 5298 5453
f 5453 5298 5454
f 5298 5299 5454
f 5454 5299 5455
f 5299 5300 5455
f 5455 5300 5456
f 5300 5301 5456
f 5424 5426 5456
f 5424 5456 5302
f 5302 5456 5301
f 5427 5424 5302
f 5303 5427 5302
f 5429 5427 5303
f 5304 5429 5303
f 5429 5304 5274
f 5441 5286 5305
f 5457 5441 5305
f 5305 5458 5457
f 5306 5458 5305
f 5442 5459 5287
f 5459 5307 5287
f 5443 5288 5460
f 5460 5288 5308
f 5444 5447 5310
f 5309 5444 5310
f 5444 5309 5291
f 5458 5306 5461
f 5461 5306 5311
f 5459 5462 5307
f 5462 5312 5307
f 5460 5308 5463
f 5463 5308 5313
f 5461 5311 5315
f 5464 5461 5315
f 5464 5315 5312
f 5462 5464 5312
f 5463 5313 5465
f 5465 5313 5316
f 5465 5316 5466
f 5466 5316 5317
f 5466 5317 5467
f 5467 5317 5318
f 5467 5318 5468
f 5468 5318 5319
f 5468 5319 5469
f 5469 5319 5320
f 5469 5320 5470
f 5470 5320 5321
f 5470 5321 5322
f 5471 5470 5322
f 5322 5472 5471
f 5323 5472 5322
f 5472 5323 5473
f 5473 5323 5324
f 5473 5324 5474
f 5474 5324 5325
f 5474 5325 5326
f 5475 5474 5326
f 5326 5476 5475
f 5327 5476 5326
f 5476 5327 5477
f 5477 5327 5328
f 5477 5328 5478
f 5478 5328 5329
f 5478 5329 5330
f 5479 5478 5330
f 5330 5480 5479
f 5331 5480 5330
f 5480 5331 5481
f 5481 5331 5332
f 5481 5332 5482
f 5482 5332 5333
f 5482 5333 5334
f 5483 5482 5334
f 5334 5484 5483
f 5335 5484 5334
f 5484 5335 5485
f 5485 5335 5336
f 5485 5336 5486
f 5486 5336 5337
f 5486 5337 5338
f 5487 5486 5338
f 5338 5488 5487
f 5339 5488 5338
f 5488 5339 5489
f 5489 5339 5340
f 5492 5490 5491
f 5491 5490 5493
f 5344 5494 5495
f 5343 5494 5344
f 5494 5343 5496
f 5343 5345 5496
f 5496 5345 5497
f 5345 5346 5497
f 5497 5346 5498
f 5346 5347 5498
f 5498 5347 5499
f 5347 5348 5499
f 5499 5348 5500
f 5348 5349 5500
f 5500 5349 5501
f 5349 5350 5501
f 5501 5350 5502
f 5350 5351 5502
f 5502 5351 5503
f 5351 5352 5503
f 5503 5352 5504
f 5352 5353 5504
f 5353 5505 5504
f 5355 5505 5353
f 5507 5490 5492
f 5506 5490 5507
f 5506 5493 5490
f 5506 5509 5493
f 5508 5357 5356
f 5356 5358 5508
f 5360 5510 5511
f 5359 5510 5360
f 5510 5359 5344
f 5495 5510 5344
f 5361 5512 5513
f 5361 5513 5355
f 5355 5513 5505
f 5361 5362 5512
f 5515 5506 5507
f 5514 5506 5515
f 5508 5363 5357
f 5508 5516 5363
f 5506 5514 5509
f 5514 5517 5509
f 5508 5364 5516
f 5358 5364 5508
f 5511 5518 5360
f 5518 5365 5360
f 5513 5512 5519
f 5512 5520 5519
f 5512 5362 5520
f 5362 5366 5520
f 5522 5514 5515
f 5521 5514 5522
f 5514 5521 5523
f 5514 5523 5517
f 5521 5367 5523
f 5516 5523 5363
f 5367 5363 5523
f 5516 5524 5523
f 5516 5364 5524
f 5364 5368 5524
f 5518 5525 5365
f 5525 5369 5365
f 5520 5366 5526
f 5526 5366 5370
f 5528 5521 5522
f 5527 5521 5528
f 5521 5527 5371
f 5367 5521 5371
f 5524 5368 5529
f 5529 5368 5372
f 5525 5530 5369
f 5530 5373 5369
f 5526 5370 5531
f 5531 5370 5374
f 5533 5527 5528
f 5532 5527 5533
f 5527 5532 5375
f 5371 5527 5375
f 5529 5372 5534
f 5534 5372 5376
f 5530 5377 5373
f 5535 5377 5530
f 5535 5536 5377
f 5377 5536 5378
f 5536 5537 5378
f 5378 5537 5379
f 5537 5538 5379
f 5379 5538 5380
f 5538 5539 5380
f 5380 5539 5381
f 5539 5540 5381
f 5381 5540 5382
f 5540 5541 5382
f 5382 5541 5383
f 5541 5542 5383
f 5383 5542 5384
f 5542 5543 5384
f 5384 5543 5385
f 5543 5544 5385
f 5385 5544 5386
f 5544 5545 5386
f 5386 5545 5387
f 5545 5546 5387
f 5387 5546 5388
f 5546 5374 5388
f 5531 5374 5546
f 5548 5532 5533
f 5547 5532 5548
f 5532 5547 5389
f 5375 5532 5389
f 5534 5376 5549
f 5549 5376 5390
f 5392 5550 5393
f 5394 5550 5392
f 5551 5550 5394
f 5551 5552 5553
f 5551 5394 5552
f 5394 5395 5552
f 5552 5395 5554
f 5395 5396 5554
f 5554 5396 5555
f 5396 5397 5555
f 5555 5397 5556
f 5397 5398 5556
f 5556 5398 5557
f 5398 5399 5557
f 5557 5399 5558
f 5399 5400 5558
f 5558 5400 5559
f 5400 5401 5559
f 5561 5402 5560
f 5561 5559 5402
f 5559 5401 5402
f 5402 5403 5560
f 5563 5547 5548
f 5562 5547 5563
f 5547 5562 5404
f 5389 5547 5404
f 5549 5390 5564
f 5564 5390 5405
f 5550 5408 5393
f 5551 5408 5550
f 5551 5410 5408
f 5565 5566 5567
f 5565 5568 5553
f 5565 5553 5566
f 5568 5412 5553
f 5551 5553 5410
f 5412 5410 5553
f 5413 5412 5568
f 5569 5413 5568
f 5414 5413 5569
f 5570 5414 5569
f 5414 5570 5416
f 5560 5420 5421
f 5560 5421 5561
f 5561 5421 5571
f 5560 5403 5420
f 5573 5562 5563
f 5572 5562 5573
f 5562 5572 5422
f 5404 5562 5422
f 5564 5405 5574
f 5574 5405 5423
f 5577 5575 5576
f 5576 5578 5579
f 5575 5578 5576
f 5579 5580 5581
f 5578 5580 5579
f 5581 5582 5583
f 5580 5582 5581
f 5426 5583 5582
f 5426 5425 5583
f 5425 5584 5583
f 5584 5425 5585
f 5425 5428 5585
f 5585 5428 5586
f 5428 5430 5586
f 5586 5430 5587
f 5430 5431 5587
f 5587 5431 5588
f 5431 5432 5588
f 5588 5432 5589
f 5432 5433 5589
f 5589 5433 5590
f 5433 5434 5590
f 5590 5434 5591
f 5434 5435 5591
f 5565 5567 5591
f 5565 5591 5436
f 5436 5591 5435
f 5568 5565 5436
f 5437 5568 5436
f 5569 5568 5437
f 5438 5569 5437
f 5570 5569 5438
f 5439 5570 5438
f 5570 5439 5416
f 5571 5421 5440
f 5592 5571 5440
f 5440 5593 5592
f 5441 5593 5440
f 5595 5572 5573
f 5594 5572 5595
f 5572 5594 5442
f 5422 5572 5442
f 5574 5423 5596
f 5596 5423 5443
f 5598 5446 5597
f 5446 5445 5597
f 5597 5445 5599
f 5445 5448 5599
f 5599 5448 5600
f 5448 5449 5600
f 5600 5449 5601
f 5449 5450 5601
f 5601 5450 5602
f 5450 5451 5602
f 5602 5451 5603
f 5451 5452 5603
f 5575 5577 5603
f 5575 5603 5453
f 5453 5603 5452
f 5578 5575 5453
f 5454 5578 5453
f 5580 5578 5454
f 5455 5580 5454
f 5582 5580 5455
f 5456 5582 5455
f 5582 5456 5426
f 5593 5441 5457
f 5604 5593 5457
f 5595 5605 5594
f 5595 5457 5605
f 5595 5604 5457
f 5458 5605 5457
f 5594 5605 5459
f 5442 5594 5459
f 5596 5443 5606
f 5606 5443 5460
f 5607 5605 5458
f 5461 5607 5458
f 5605 5607 5462
f 5459 5605 5462
f 5606 5460 5608
f 5608 5460 5463
f 5607 5461 5464
f 5607 5464 5462
f 5608 5463 5609
f 5609 5463 5465
f 5609 5465 5610
f 5610 5465 5466
f 5610 5466 5611
f 5611 5466 5467
f 5611 5467 5612
f 5612 5467 5468
f 5612 5468 5613
f 5613 5468 5469
f 5613 5469 5614
f 5614 5469 5470
f 5614 5470 5471
f 5615 5614 5471
f 5471 5616 5615
f 5472 5616 5471
f 5616 5472 5617
f 5617 5472 5473
f 5617 5473 5618
f 5618 5473 5474
f 5618 5474 5475
f 5619 5618 5475
f 5475 5620 5619
f 5476 5620 5475
f 5620 5476 5621
f 5621 5476 5477
f 5621 5477 5622
f 5622 5477 5478
f 5622 5478 5479
f 5623 5622 5479
f 5479 5624 5623
f 5480 5624 5479
f 5624 5480 5625
f 5625 5480 5481
f 5625 5481 5626
f 5626 5481 5482
f 5626 5482 5483
f 5627 5626 5483
f 5483 5628 5627
f 5484 5628 5483
f 5628 5484 5629
f 5629 5484 5485
f 5629 5485 5630
f 5630 5485 5486
f 5630 5486 5487
f 5631 5630 5487
f 5487 5632 5631
f 5488 5632 5487
f 5632 5488 5633
f 5633 5488 5489
f 5636 5634 5635
f 5635 5634 5637
f 5634 5492 5491
f 5634 5636 5492
f 5636 5638 5492
f 5491 5637 5634
f 5491 5493 5637
f 5493 5639 5637
f 5495 5640 5641
f 5494 5640 5495
f 5640 5494 5642
f 5494 5496 5642
f 5642 5496 5643
f 5496 5497 5643
f 5643 5497 5644
f 5497 5498 5644
f 5644 5498 5645
f 5498 5499 5645
f 5645 5499 5646
f 5499 5500 5646
f 5646 5500 5647
f 5500 5501 5647
f 5647 5501 5648
f 5501 5502 5648
f 5648 5502 5649
f 5502 5503 5649
f 5651 5504 5650
f 5651 5649 5504
f 5649 5503 5504
f 5504 5505 5650
f 5638 5652 5492
f 5652 5507 5492
f 5639 5493 5653
f 5653 5493 5509
f 5511 5654 5655
f 5510 5654 5511
f 5654 5510 5495
f 5641 5654 5495
f 5651 5650 5656
f 5650 5505 5513
f 5650 5513 5658
f 5650 5658 5656
f 5658 5513 5657
f 5658 5657 5659
f 5652 5660 5507
f 5660 5515 5507
f 5653 5509 5661
f 5661 5509 5517
f 5655 5662 5511
f 5662 5518 5511
f 5657 5513 5519
f 5519 5659 5657
f 5519 5520 5659
f 5520 5663 5659
f 5660 5664 5515
f 5664 5522 5515
f 5523 5665 5666
f 5523 5666 5517
f 5517 5666 5661
f 5523 5524 5665
f 5662 5667 5518
f 5667 5525 5518
f 5663 5520 5668
f 5668 5520 5526
f 5664 5669 5522
f 5669 5528 5522
f 5671 5666 5665
f 5670 5671 5665
f 5665 5529 5670
f 5524 5529 5665
f 5667 5672 5525
f 5672 5530 5525
f 5668 5526 5673
f 5673 5526 5531
f 5669 5674 5528
f 5674 5533 5528
f 5676 5671 5670
f 5675 5676 5670
f 5670 5534 5675
f 5529 5534 5670
f 5672 5535 5530
f 5677 5535 5672
f 5677 5678 5535
f 5535 5678 5536
f 5680 5679 5537
f 5680 5537 5678
f 5678 5537 5536
f 5538 5537 5679
f 5681 5538 5679
f 5539 5538 5681
f 5682 5539 5681
f 5682 5684 5683
f 5682 5683 5539
f 5539 5683 5540
f 5683 5685 5540
f 5540 5685 5541
f 5685 5686 5541
f 5541 5686 5542
f 5686 5687 5542
f 5542 5687 5543
f 5687 5688 5543
f 5543 5688 5544
f 5688 5689 5544
f 5544 5689 5545
f 5689 5690 5545
f 5545 5690 5546
f 5690 5531 5546
f 5673 5531 5690
f 5674 5691 5533
f 5691 5548 5533
f 5676 5675 5692
f 5675 5693 5692
f 5675 5534 5693
f 5534 5549 5693
f 5680 5694 5679
f 5679 5695 5681
f 5694 5695 5679
f 5697 5681 5695
f 5697 5682 5681
f 5552 5696 5553
f 5696 5554 5698
f 5696 5552 5554
f 5682 5697 5684
f 5555 5698 5554
f 5699 5698 5555
f 5556 5699 5555
f 5700 5699 5556
f 5557 5700 5556
f 5701 5700 5557
f 5558 5701 5557
f 5702 5701 5558
f 5559 5702 5558
f 5703 5702 5559
f 5559 5561 5703
f 5691 5704 5548
f 5704 5563 5548
f 5693 5549 5705
f 5705 5549 5564
f 5708 5706 5707
f 5707 5709 5710
f 5706 5709 5707
f 5710 5711 5712
f 5709 5711 5710
f 5567 5712 5711
f 5567 5566 5712
f 5566 5713 5712
f 5553 5696 5714
f 5553 5714 5566
f 5566 5714 5713
f 5696 5698 5715
f 5714 5696 5715
f 5698 5699 5716
f 5715 5698 5716
f 5699 5700 5717
f 5716 5699 5717
f 5700 5701 5718
f 5717 5700 5718
f 5701 5702 5719
f 5718 5701 5719
f 5702 5703 5720
f 5719 5702 5720
f 5703 5561 5571
f 5703 5571 5722
f 5703 5722 5720
f 5722 5571 5721
f 5722 5721 5723
f 5704 5724 5563
f 5724 5573 5563
f 5705 5564 5725
f 5725 5564 5574
f 5728 5726 5727
f 5727 5729 5730
f 5726 5729 5727
f 5730 5731 5732
f 5729 5731 5730
f 5577 5732 5731
f 5577 5576 5732
f 5576 5733 5732
f 5733 5576 5734
f 5576 5579 5734
f 5734 5579 5735
f 5579 5581 5735
f 5735 5581 5736
f 5581 5583 5736
f 5736 5583 5737
f 5583 5584 5737
f 5737 5584 5738
f 5584 5585 5738
f 5738 5585 5739
f 5585 5586 5739
f 5739 5586 5740
f 5586 5587 5740
f 5740 5587 5741
f 5587 5588 5741
f 5706 5708 5741
f 5706 5741 5589
f 5589 5741 5588
f 5709 5706 5589
f 5590 5709 5589
f 5711 5709 5590
f 5591 5711 5590
f 5711 5591 5567
f 5721 5571 5592
f 5592 5593 5742
f 5721 5592 5742
f 5721 5742 5743
f 5721 5743 5723
f 5743 5742 5595
f 5743 5595 5724
f 5724 5595 5573
f 5725 5574 5744
f 5744 5574 5596
f 5746 5598 5745
f 5598 5597 5745
f 5745 5597 5747
f 5597 5599 5747
f 5747 5599 5748
f 5599 5600 5748
f 5726 5728 5748
f 5726 5748 5601
f 5601 5748 5600
f 5729 5726 5601
f 5602 5729 5601
f 5731 5729 5602
f 5603 5731 5602
f 5731 5603 5577
f 5742 5593 5604
f 5742 5604 5595
f 5744 5596 5749
f 5749 5596 5606
f 5749 5606 5750
f 5750 5606 5608
f 5750 5608 5751
f 5751 5608 5609
f 5754 5753 5752
f 5753 5610 5752
f 5753 5751 5610
f 5751 5609 5610
f 5756 5754 5752
f 5755 5756 5752
f 5752 5611 5755
f 5610 5611 5752
f 5756 5755 5757
f 5755 5758 5757
f 5755 5611 5758
f 5611 5612 5758
f 5758 5612 5759
f 5759 5612 5613
f 5759 5613 5760
f 5760 5613 5614
f 5760 5614 5615
f 5761 5760 5615
f 5615 5762 5761
f 5616 5762 5615
f 5762 5616 5763
f 5763 5616 5617
f 5763 5617 5764
f 5764 5617 5618
f 5764 5618 5619
f 5765 5764 5619
f 5619 5766 5765
f 5620 5766 5619
f 5766 5620 5767
f 5767 5620 5621
f 5767 5621 5768
f 5768 5621 5622
f 5768 5622 5623
f 5769 5768 5623
f 5623 5770 5769
f 5624 5770 5623
f 5770 5624 5771
f 5771 5624 5625
f 5771 5625 5772
f 5772 5625 5626
f 5772 5626 5627
f 5773 5772 5627
f 5627 5774 5773
f 5628 5774 5627
f 5774 5628 5775
f 5775 5628 5629
f 5775 5629 5776
f 5776 5629 5630
f 5776 5630 5631
f 5777 5776 5631
f 5631 5778 5777
f 5632 5778 5631
f 5778 5632 5779
f 5779 5632 5633
f 5636 5780 5781
f 5635 5780 5636
f 5635 5782 5780
f 5637 5782 5635
f 5781 5783 5636
f 5783 5638 5636
f 5782 5637 5784
f 5784 5637 5639
f 5641 5785 5786
f 5640 5785 5641
f 5785 5640 5787
f 5640 5642 5787
f 5787 5642 5788
f 5642 5643 5788
f 5788 5643 5789
f 5643 5644 5789
f 5789 5644 5790
f 5644 5645 5790
f 5790 5645 5791
f 5645 5646 5791
f 5791 5646 5792
f 5646 5647 5792
f 5792 5647 5793
f 5647 5648 5793
f 5793 5648 5794
f 5648 5649 5794
f 5795 5649 5651
f 5795 5796 5649
f 5796 5794 5649
f 5796 5795 5797
f 5783 5798 5638
f 5798 5652 5638
f 5784 5639 5799
f 5799 5639 5653
f 5655 5800 5801
f 5654 5800 5655
f 5800 5654 5641
f 5786 5800 5641
f 5795 5651 5656
f 5797 5795 5656
f 5797 5656 5802
f 5802 5656 5658
f 5658 5803 5802
f 5659 5803 5658
f 5798 5804 5652
f 5804 5660 5652
f 5799 5653 5805
f 5805 5653 5661
f 5801 5806 5655
f 5806 5662 5655
f 5807 5808 5803
f 5807 5803 5663
f 5663 5803 5659
f 5808 5807 5664
f 5808 5664 5804
f 5804 5664 5660
f 5805 5661 5809
f 5809 5661 5666
f 5806 5810 5662
f 5810 5667 5662
f 5811 5807 5663
f 5668 5811 5663
f 5807 5811 5669
f 5664 5807 5669
f 5809 5666 5812
f 5812 5666 5671
f 5815 5813 5814
f 5814 5813 5672
f 5814 5672 5810
f 5810 5672 5667
f 5816 5811 5668
f 5673 5816 5668
f 5811 5816 5674
f 5669 5811 5674
f 5812 5671 5817
f 5817 5671 5676
f 5815 5818 5813
f 5813 5677 5672
f 5813 5818 5677
f 5818 5819 5677
f 5819 5820 5677
f 5677 5820 5678
f 5821 5680 5678
f 5821 5678 5822
f 5822 5678 5820
f 5822 5824 5823
f 5821 5822 5823
f 5824 5826 5825
f 5823 5824 5825
f 5684 5825 5826
f 5684 5826 5683
f 5683 5826 5827
f 5827 5828 5683
f 5683 5828 5685
f 5828 5829 5685
f 5685 5829 5686
f 5829 5830 5686
f 5686 5830 5687
f 5830 5831 5687
f 5687 5831 5688
f 5831 5832 5688
f 5688 5832 5689
f 5832 5833 5689
f 5689 5833 5690
f 5673 5834 5816
f 5673 5690 5834
f 5690 5833 5834
f 5816 5834 5835
f 5816 5835 5674
f 5674 5835 5691
f 5692 5836 5837
f 5692 5837 5676
f 5676 5837 5817
f 5692 5693 5836
f 5821 5694 5680
f 5823 5694 5821
f 5695 5694 5823
f 5825 5695 5823
f 5697 5695 5825
f 5825 5684 5697
f 5835 5838 5691
f 5838 5704 5691
f 5840 5837 5836
f 5839 5840 5836
f 5836 5705 5839
f 5693 5705 5836
f 5843 5841 5842
f 5842 5844 5845
f 5841 5844 5842
f 5845 5846 5847
f 5844 5846 5845
f 5708 5847 5846
f 5708 5707 5847
f 5707 5848 5847
f 5848 5707 5849
f 5707 5710 5849
f 5849 5710 5850
f 5710 5712 5850
f 5850 5712 5851
f 5712 5713 5851
f 5851 5713 5852
f 5713 5714 5852
f 5852 5714 5853
f 5714 5715 5853
f 5853 5715 5854
f 5715 5716 5854
f 5854 5716 5855
f 5716 5717 5855
f 5855 5717 5856
f 5717 5718 5856
f 5856 5718 5857
f 5718 5719 5857
f 5857 5719 5858
f 5719 5720 5858
f 5858 5720 5859
f 5720 5722 5859
f 5722 5860 5859
f 5723 5860 5722
f 5838 5861 5704
f 5861 5724 5704
f 5863 5840 5839
f 5862 5863 5839
f 5839 5725 5862
f 5705 5725 5839
f 5866 5864 5865
f 5865 5867 5868
f 5864 5867 5865
f 5728 5868 5867
f 5728 5727 5868
f 5727 5869 5868
f 5869 5727 5870
f 5727 5730 5870
f 5870 5730 5871
f 5730 5732 5871
f 5871 5732 5872
f 5732 5733 5872
f 5872 5733 5873
f 5733 5734 5873
f 5873 5734 5874
f 5734 5735 5874
f 5874 5735 5875
f 5735 5736 5875
f 5875 5736 5876
f 5736 5737 5876
f 5876 5737 5877
f 5737 5738 5877
f 5841 5843 5877
f 5841 5877 5739
f 5739 5877 5738
f 5844 5841 5739
f 5740 5844 5739
f 5846 5844 5740
f 5741 5846 5740
f 5846 5741 5708
f 5860 5723 5743
f 5878 5860 5743
f 5878 5743 5724
f 5861 5878 5724
f 5880 5863 5862
f 5879 5880 5862
f 5862 5744 5879
f 5725 5744 5862
f 5882 5746 5881
f 5746 5745 5881
f 5864 5866 5881
f 5864 5881 5747
f 5747 5881 5745
f 5867 5864 5747
f 5748 5867 5747
f 5867 5748 5728
f 5884 5880 5879
f 5883 5884 5879
f 5879 5749 5883
f 5744 5749 5879
f 5886 5884 5883
f 5885 5886 5883
f 5883 5750 5885
f 5749 5750 5883
f 5888 5886 5885
f 5887 5888 5885
f 5885 5751 5887
f 5750 5751 5885
f 5887 5753 5754
f 5887 5754 5888
f 5888 5754 5889
f 5887 5751 5753
f 5889 5754 5890
f 5890 5754 5756
f 5890 5756 5757
f 5891 5890 5757
f 5757 5892 5891
f 5758 5892 5757
f 5892 5758 5893
f 5893 5758 5759
f 5893 5759 5894
f 5894 5759 5760
f 5894 5760 5761
f 5895 5894 5761
f 5761 5896 5895
f 5762 5896 5761
f 5896 5762 5897
f 5897 5762 5763
f 5897 5763 5898
f 5898 5763 5764
f 5898 5764 5765
f 5899 5898 5765
f 5765 5900 5899
f 5766 5900 5765
f 5900 5766 5901
f 5901 5766 5767
f 5902 5903 5901
f 5902 5901 5768
f 5768 5901 5767
f 5903 5902 5904
f 5902 5768 5769
f 5769 5904 5902
f 5769 5770 5904
f 5770 5905 5904
f 5905 5770 5906
f 5906 5770 5771
f 5907 5908 5906
f 5907 5906 5772
f 5772 5906 5771
f 5908 5907 5909
f 5907 5772 5773
f 5773 5909 5907
f 5773 5774 5909
f 5774 5910 5909
f 5910 5774 5911
f 5911 5774 5775
f 5912 5913 5911
f 5912 5911 5776
f 5776 5911 5775
f 5913 5912 5914
f 5912 5776 5777
f 5777 5914 5912
f 5777 5778 5914
f 5778 5915 5914
f 5915 5778 5916
f 5916 5778 5779
f 5780 5917 5781
f 5780 5782 5917
f 5918 5781 5917
f 5918 5919 5781
f 5919 5783 5781
f 5917 5920 5918
f 5917 5782 5920
f 5782 5784 5920
f 5786 5921 5922
f 5785 5921 5786
f 5921 5785 5923
f 5785 5787 5923
f 5923 5787 5924
f 5787 5788 5924
f 5924 5788 5925
f 5788 5789 5925
f 5925 5789 5926
f 5789 5790 5926
f 5926 5790 5927
f 5790 5791 5927
f 5927 5791 5928
f 5791 5792 5928
f 5928 5792 5929
f 5792 5793 5929
f 5929 5793 5930
f 5793 5794 5930
f 5930 5794 5931
f 5794 5796 5931
f 5796 5932 5931
f 5797 5932 5796
f 5919 5933 5783
f 5933 5798 5783
f 5920 5784 5934
f 5934 5784 5799
f 5801 5935 5936
f 5800 5935 5801
f 5935 5800 5786
f 5922 5935 5786
f 5932 5797 5802
f 5937 5932 5802
f 5938 5802 5803
f 5938 5939 5802
f 5939 5937 5802
f 5939 5938 5804
f 5939 5804 5933
f 5933 5804 5798
f 5934 5799 5940
f 5940 5799 5805
f 5936 5941 5801
f 5941 5806 5801
f 5938 5803 5808
f 5938 5808 5804
f 5940 5805 5942
f 5942 5805 5809
f 5941 5943 5806
f 5943 5810 5806
f 5942 5809 5944
f 5944 5809 5812
f 5815 5945 5946
f 5814 5945 5815
f 5945 5814 5810
f 5943 5945 5810
f 5944 5812 5947
f 5947 5812 5817
f 5946 5818 5815
f 5948 5818 5946
f 5948 5949 5818
f 5818 5949 5819
f 5949 5950 5819
f 5819 5950 5820
f 5950 5951 5820
f 5820 5951 5822
f 5951 5952 5822
f 5822 5952 5824
f 5952 5953 5824
f 5824 5953 5826
f 5953 5954 5826
f 5826 5954 5827
f 5954 5955 5827
f 5827 5955 5828
f 5955 5956 5828
f 5828 5956 5829
f 5956 5957 5829
f 5829 5957 5830
f 5957 5958 5830
f 5830 5958 5831
f 5958 5959 5831
f 5831 5959 5832
f 5959 5960 5832
f 5832 5960 5833
f 5960 5961 5833
f 5833 5961 5834
f 5834 5961 5962
f 5835 5834 5962
f 5947 5817 5963
f 5963 5817 5837
f 5966 5964 5965
f 5965 5967 5968
f 5964 5967 5965
f 5968 5969 5970
f 5967 5969 5968
f 5970 5971 5972
f 5969 5971 5970
f 5972 5973 5974
f 5971 5973 5972
f 5974 5973 5975
f 5962 5976 5835
f 5976 5838 5835
f 5963 5837 5977
f 5977 5837 5840
f 5980 5978 5979
f 5979 5981 5982
f 5978 5981 5979
f 5982 5983 5984
f 5981 5983 5982
f 5843 5984 5983
f 5843 5842 5984
f 5842 5985 5984
f 5985 5842 5986
f 5842 5845 5986
f 5986 5845 5987
f 5845 5847 5987
f 5987 5847 5988
f 5847 5848 5988
f 5988 5848 5989
f 5848 5849 5989
f 5989 5849 5990
f 5849 5850 5990
f 5990 5850 5991
f 5850 5851 5991
f 5991 5851 5992
f 5851 5852 5992
f 5992 5852 5993
f 5852 5853 5993
f 5964 5966 5993
f 5964 5993 5854
f 5854 5993 5853
f 5967 5964 5854
f 5855 5967 5854
f 5969 5967 5855
f 5856 5969 5855
f 5971 5969 5856
f 5857 5971 5856
f 5973 5971 5857
f 5858 5973 5857
f 5975 5973 5858
f 5975 5858 5994
f 5994 5858 5859
f 5859 5995 5994
f 5860 5995 5859
f 5976 5996 5838
f 5996 5861 5838
f 5977 5840 5997
f 5997 5840 5863
f 6000 5998 5999
f 6001 5998 6000
f 5866 5999 5998
f 5866 5865 5999
f 5865 6002 5999
f 6002 5865 6003
f 5865 5868 6003
f 6003 5868 6004
f 5868 5869 6004
f 6004 5869 6005
f 5869 5870 6005
f 6005 5870 6006
f 5870 5871 6006
f 6006 5871 6007
f 5871 5872 6007
f 6007 5872 6008
f 5872 5873 6008
f 6008 5873 6009
f 5873 5874 6009
f 5978 5980 6009
f 5978 6009 5875
f 5875 6009 5874
f 5981 5978 5875
f 5876 5981 5875
f 5983 5981 5876
f 5877 5983 5876
f 5983 5877 5843
f 5995 5860 5878
f 6010 5995 5878
f 6010 5878 5861
f 5996 6010 5861
f 5997 5863 6011
f 6011 5863 5880
f 5998 6001 5882
f 5881 5998 5882
f 5998 5881 5866
f 6011 5880 6012
f 6012 5880 5884
f 6012 5884 6013
f 6013 5884 5886
f 6013 5886 6014
f 6014 5886 5888
f 6014 5888 6015
f 6015 5888 5889
f 6016 6017 6015
f 6016 6015 5890
f 5890 6015 5889
f 6017 6016 6018
f 6016 5890 5891
f 5891 6018 6016
f 5891 5892 6018
f 5892 6019 6018
f 6019 5892 6020
f 6020 5892 5893
f 6021 6022 6020
f 6021 6020 5894
f 5894 6020 5893
f 6022 6021 6023
f 6021 5894 5895
f 5895 6023 6021
f 5895 5896 6023
f 5896 6024 6023
f 6024 5896 6025
f 6025 5896 5897
f 6026 6027 6025
f 6026 6025 5898
f 5898 6025 5897
f 6027 6026 6028
f 6026 5898 5899
f 5899 6028 6026
f 5899 5900 6028
f 5900 6029 6028
f 6029 5900 6030
f 6030 5900 5901
f 6030 5901 5903
f 6031 6030 5903
f 5903 6032 6031
f 5904 6032 5903
f 6032 5904 6033
f 6033 5904 5905
f 6033 5905 6034
f 6034 5905 5906
f 6034 5906 5908
f 6035 6034 5908
f 5908 6036 6035
f 5909 6036 5908
f 6036 5909 6037
f 6037 5909 5910
f 6037 5910 6038
f 6038 5910 5911
f 6038 5911 5913
f 6039 6038 5913
f 5913 6040 6039
f 5914 6040 5913
f 6040 5914 6041
f 6041 5914 5915
f 6041 5915 6042
f 6042 5915 5916
f 5918 6043 5919
f 5918 5920 6043
f 5922 6044 6045
f 5921 6044 5922
f 6044 5921 6046
f 5921 5923 6046
f 6046 5923 6047
f 5923 5924 6047
f 6047 5924 6048
f 5924 5925 6048
f 6048 5925 6049
f 5925 5926 6049
f 6049 5926 6050
f 5926 5927 6050
f 6050 5927 6051
f 5927 5928 6051
f 6051 5928 6052
f 5928 5929 6052
f 6052 5929 6053
f 5929 5930 6053
f 6053 5930 6054
f 5930 5931 6054
f 6055 5931 5932
f 6055 6056 5931
f 6056 6054 5931
f 6056 6055 6057
f 6058 5919 6043
f 6058 6059 5919
f 6059 5933 5919
f 6043 6060 6058
f 6043 5920 6060
f 5920 5934 6060
f 5936 6061 6062
f 5935 6061 5936
f 6061 5935 5922
f 6045 6061 5922
f 6055 5932 5937
f 6057 6055 5937
f 6057 5937 6063
f 6063 5937 5939
f 6063 5939 5933
f 6059 6063 5933
f 6060 5934 6064
f 6064 5934 5940
f 6062 6065 5936
f 6065 5941 5936
f 6064 5940 6066
f 6066 5940 5942
f 6069 6067 6068
f 6068 6067 5943
f 6068 5943 6065
f 6065 5943 5941
f 6070 6071 6066
f 6070 6066 5944
f 5944 6066 5942
f 6071 6070 6072
f 6075 6073 6074
f 6067 5946 5945
f 6069 5946 6067
f 6069 6073 5946
f 6069 6074 6073
f 6067 5945 5943
f 6078 6077 6076
f 6077 6079 6076
f 6080 6070 5944
f 5947 6080 5944
f 6072 6080 6081
f 6070 6080 6072
f 6075 6082 6073
f 6073 5948 5946
f 6073 6082 5948
f 6082 6083 5948
f 6083 6084 5948
f 5948 6084 5949
f 6084 6085 5949
f 5949 6085 5950
f 6085 6086 5950
f 5950 6086 5951
f 6086 6087 5951
f 5951 6087 5952
f 6087 6088 5952
f 5952 6088 5953
f 6088 6089 5953
f 5953 6089 5954
f 6089 6090 5954
f 5954 6090 5955
f 6090 6091 5955
f 5955 6091 5956
f 6091 6092 5956
f 5956 6092 5957
f 6092 6093 5957
f 5957 6093 5958
f 6093 6094 5958
f 5958 6094 5959
f 6094 6095 5959
f 5959 6095 5960
f 6076 6095 6078
f 6076 5961 6095
f 5961 5960 6095
f 5961 6076 6079
f 5961 6079 5962
f 5962 6079 6096
f 6097 6080 5947
f 5963 6097 5947
f 6081 6097 6098
f 6080 6097 6081
f 6101 6099 6100
f 6100 6102 6103
f 6099 6102 6100
f 6103 6104 6105
f 6102 6104 6103
f 5966 6105 6104
f 5966 5965 6105
f 5965 6106 6105
f 6106 5965 6107
f 5965 5968 6107
f 6107 5968 6108
f 5968 5970 6108
f 6108 5970 6109
f 5970 5972 6109
f 6109 5972 6110
f 5972 5974 6110
f 5974 6111 6110
f 5975 6111 5974
f 6096 6112 5962
f 6112 5976 5962
f 6113 6097 5963
f 5977 6113 5963
f 6098 6113 6114
f 6097 6113 6098
f 6117 6115 6116
f 6116 6118 6119
f 6115 6118 6116
f 6119 6120 6121
f 6118 6120 6119
f 5980 6121 6120
f 5980 5979 6121
f 5979 6122 6121
f 6122 5979 6123
f 5979 5982 6123
f 6123 5982 6124
f 5982 5984 6124
f 6124 5984 6125
f 5984 5985 6125
f 6125 5985 6126
f 5985 5986 6126
f 6126 5986 6127
f 5986 5987 6127
f 6127 5987 6128
f 5987 5988 6128
f 6128 5988 6129
f 5988 5989 6129
f 6129 5989 6130
f 5989 5990 6130
f 6099 6101 6130
f 6099 6130 5991
f 5991 6130 5990
f 6102 6099 5991
f 5992 6102 5991
f 6104 6102 5992
f 5993 6104 5992
f 6104 5993 5966
f 6111 5975 5994
f 6131 6111 5994
f 5994 6132 6131
f 5995 6132 5994
f 6112 6133 5976
f 6133 5996 5976
f 6134 6113 5977
f 5997 6134 5977
f 6114 6134 6135
f 6113 6134 6114
f 6137 6000 6136
f 6000 5999 6136
f 6136 5999 6138
f 5999 6002 6138
f 6138 6002 6139
f 6002 6003 6139
f 6139 6003 6140
f 6003 6004 6140
f 6140 6004 6141
f 6004 6005 6141
f 6141 6005 6142
f 6005 6006 6142
f 6115 6117 6142
f 6115 6142 6007
f 6007 6142 6006
f 6118 6115 6007
f 6008 6118 6007
f 6120 6118 6008
f 6009 6120 6008
f 6120 6009 5980
f 6132 5995 6010
f 6143 6132 6010
f 6143 6010 5996
f 6133 6143 5996
f 6144 6134 5997
f 6011 6144 5997
f 6135 6144 6145
f 6134 6144 6135
f 6146 6144 6011
f 6012 6146 6011
f 6145 6146 6147
f 6144 6146 6145
f 6148 6146 6012
f 6148 6012 6149
f 6149 6012 6013
f 6146 6148 6147
f 6149 6013 6150
f 6150 6013 6014
f 6150 6014 6151
f 6151 6014 6015
f 6151 6015 6017
f 6152 6151 6017
f 6017 6153 6152
f 6018 6153 6017
f 6153 6018 6154
f 6154 6018 6019
f 6154 6019 6155
f 6155 6019 6020
f 6155 6020 6022
f 6156 6155 6022
f 6022 6157 6156
f 6023 6157 6022
f 6157 6023 6158
f 6158 6023 6024
f 6158 6024 6159
f 6159 6024 6025
f 6159 6025 6027
f 6160 6159 6027
f 6027 6161 6160
f 6028 6161 6027
f 6161 6028 6162
f 6162 6028 6029
f 6162 6029 6163
f 6163 6029 6030
f 6163 6030 6031
f 6164 6163 6031
f 6031 6165 6164
f 6032 6165 6031
f 6165 6032 6166
f 6166 6032 6033
f 6166 6033 6167
f 6167 6033 6034
f 6167 6034 6035
f 6168 6167 6035
f 6035 6169 6168
f 6036 6169 6035
f 6169 6036 6170
f 6170 6036 6037
f 6170 6037 6171
f 6171 6037 6038
f 6171 6038 6039
f 6172 6171 6039
f 6039 6173 6172
f 6040 6173 6039
f 6173 6040 6174
f 6174 6040 6041
f 6174 6041 6175
f 6175 6041 6042
f 6045 6176 6177
f 6044 6176 6045
f 6176 6044 6178
f 6044 6046 6178
f 6178 6046 6179
f 6046 6047 6179
f 6179 6047 6180
f 6047 6048 6180
f 6180 6048 6181
f 6048 6049 6181
f 6181 6049 6182
f 6049 6050 6182
f 6182 6050 6183
f 6050 6051 6183
f 6183 6051 6184
f 6051 6052 6184
f 6184 6052 6185
f 6052 6053 6185
f 6185 6053 6186
f 6053 6054 6186
f 6186 6054 6187
f 6054 6056 6187
f 6188 6056 6057
f 6188 6189 6056
f 6189 6187 6056
f 6191 6189 6188
f 6190 6059 6058
f 6058 6060 6190
f 6062 6192 6193
f 6061 6192 6062
f 6192 6061 6045
f 6177 6192 6045
f 6188 6057 6063
f 6059 6190 6194
f 6059 6194 6063
f 6191 6188 6194
f 6188 6063 6194
f 6190 6195 6194
f 6190 6060 6195
f 6060 6064 6195
f 6193 6196 6062
f 6196 6065 6062
f 6197 6198 6195
f 6197 6195 6066
f 6066 6195 6064
f 6198 6197 6199
f 6069 6200 6201
f 6068 6200 6069
f 6200 6068 6065
f 6196 6200 6065
f 6197 6066 6071
f 6071 6199 6197
f 6071 6072 6199
f 6072 6202 6199
f 6074 6203 6075
f 6203 6074 6069
f 6203 6069 6204
f 6204 6069 6201
f 6078 6206 6205
f 6077 6078 6205
f 6077 6205 6207
f 6079 6077 6207
f 6202 6072 6208
f 6208 6072 6081
f 6203 6082 6075
f 6204 6082 6203
f 6204 6209 6082
f 6209 6083 6082
f 6209 6210 6083
f 6083 6210 6084
f 6210 6211 6084
f 6084 6211 6085
f 6211 6212 6085
f 6085 6212 6086
f 6212 6213 6086
f 6086 6213 6087
f 6213 6214 6087
f 6087 6214 6088
f 6214 6215 6088
f 6088 6215 6089
f 6215 6216 6089
f 6089 6216 6090
f 6216 6217 6090
f 6090 6217 6091
f 6217 6218 6091
f 6091 6218 6092
f 6218 6219 6092
f 6092 6219 6093
f 6219 6220 6093
f 6093 6220 6094
f 6220 6221 6094
f 6094 6221 6095
f 6221 6078 6095
f 6206 6078 6221
f 6207 6222 6079
f 6222 6096 6079
f 6208 6081 6223
f 6223 6081 6098
f 6226 6224 6225
f 6225 6227 6228
f 6224 6227 6225
f 6228 6229 6230
f 6227 6229 6228
f 6101 6230 6229
f 6101 6100 6230
f 6100 6231 6230
f 6231 6100 6232
f 6100 6103 6232
f 6232 6103 6233
f 6103 6105 6233
f 6233 6105 6234
f 6105 6106 6234
f 6234 6106 6235
f 6106 6107 6235
f 6235 6107 6236
f 6107 6108 6236
f 6236 6108 6237
f 6108 6109 6237
f 6237 6109 6238
f 6109 6110 6238
f 6239 6110 6111
f 6239 6240 6110
f 6240 6238 6110
f 6240 6239 6241
f 6222 6242 6096
f 6242 6112 6096
f 6223 6098 6243
f 6243 6098 6114
f 6246 6244 6245
f 6245 6247 6248
f 6244 6247 6245
f 6248 6249 6250
f 6247 6249 6248
f 6117 6250 6249
f 6117 6116 6250
f 6116 6251 6250
f 6251 6116 6252
f 6116 6119 6252
f 6252 6119 6253
f 6119 6121 6253
f 6253 6121 6254
f 6121 6122 6254
f 6254 6122 6255
f 6122 6123 6255
f 6255 6123 6256
f 6123 6124 6256
f 6256 6124 6257
f 6124 6125 6257
f 6257 6125 6258
f 6125 6126 6258
f 6258 6126 6259
f 6126 6127 6259
f 6224 6226 6259
f 6224 6259 6128
f 6128 6259 6127
f 6227 6224 6128
f 6129 6227 6128
f 6229 6227 6129
f 6130 6229 6129
f 6229 6130 6101
f 6239 6111 6131
f 6131 6241 6239
f 6131 6132 6241
f 6132 6260 6241
f 6242 6261 6112
f 6261 6133 6112
f 6243 6114 6262
f 6262 6114 6135
f 6264 6137 6263
f 6137 6136 6263
f 6263 6136 6265
f 6136 6138 6265
f 6265 6138 6266
f 6138 6139 6266
f 6244 6246 6266
f 6244 6266 6140
f 6140 6266 6139
f 6247 6244 6140
f 6141 6247 6140
f 6249 6247 6141
f 6142 6249 6141
f 6249 6142 6117
f 6260 6132 6143
f 6267 6260 6143
f 6267 6143 6133
f 6261 6267 6133
f 6262 6135 6268
f 6268 6135 6145
f 6268 6145 6269
f 6269 6145 6147
f 6148 6149 6270
f 6270 6147 6148
f 6270 6271 6147
f 6271 6269 6147
f 6272 6270 6149
f 6272 6149 6273
f 6273 6149 6150
f 6270 6272 6271
f 6273 6150 6274
f 6274 6150 6151
f 6274 6151 6152
f 6275 6274 6152
f 6152 6276 6275
f 6153 6276 6152
f 6276 6153 6277
f 6277 6153 6154
f 6277 6154 6278
f 6278 6154 6155
f 6278 6155 6156
f 6279 6278 6156
f 6156 6280 6279
f 6157 6280 6156
f 6280 6157 6281
f 6281 6157 6158
f 6281 6158 6282
f 6282 6158 6159
f 6282 6159 6160
f 6283 6282 6160
f 6160 6284 6283
f 6161 6284 6160
f 6284 6161 6285
f 6285 6161 6162
f 6285 6162 6286
f 6286 6162 6163
f 6286 6163 6164
f 6287 6286 6164
f 6164 6288 6287
f 6165 6288 6164
f 6288 6165 6289
f 6289 6165 6166
f 6289 6166 6290
f 6290 6166 6167
f 6290 6167 6168
f 6291 6290 6168
f 6168 6292 6291
f 6169 6292 6168
f 6292 6169 6293
f 6293 6169 6170
f 6293 6170 6294
f 6294 6170 6171
f 6294 6171 6172
f 6295 6294 6172
f 6172 6296 6295
f 6173 6296 6172
f 6296 6173 6297
f 6297 6173 6174
f 6297 6174 6298
f 6298 6174 6175
f 6177 6299 6300
f 6176 6299 6177
f 6299 6176 6301
f 6176 6178 6301
f 6301 6178 6302
f 6178 6179 6302
f 6302 6179 6303
f 6179 6180 6303
f 6303 6180 6304
f 6180 6181 6304
f 6304 6181 6305
f 6181 6182 6305
f 6305 6182 6306
f 6182 6183 6306
f 6306 6183 6307
f 6183 6184 6307
f 6307 6184 6308
f 6184 6185 6308
f 6308 6185 6309
f 6185 6186 6309
f 6309 6186 6310
f 6186 6187 6310
f 6310 6187 6311
f 6187 6189 6311
f 6189 6312 6311
f 6191 6312 6189
f 6193 6313 6314
f 6192 6313 6193
f 6313 6192 6177
f 6300 6313 6177
f 6312 6191 6194
f 6315 6312 6194
f 6194 6316 6315
f 6195 6316 6194
f 6314 6317 6193
f 6317 6196 6193
f 6316 6195 6198
f 6318 6316 6198
f 6198 6319 6318
f 6199 6319 6198
f 6201 6320 6321
f 6200 6320 6201
f 6320 6200 6196
f 6317 6320 6196
f 6319 6199 6322
f 6322 6199 6202
f 6321 6323 6201
f 6323 6204 6201
f 6326 6325 6324
f 6206 6324 6325
f 6206 6325 6205
f 6205 6325 6327
f 6205 6327 6328
f 6207 6205 6328
f 6322 6202 6329
f 6329 6202 6208
f 6323 6209 6204
f 6330 6209 6323
f 6330 6331 6209
f 6209 6331 6210
f 6331 6332 6210
f 6210 6332 6211
f 6332 6333 6211
f 6211 6333 6212
f 6333 6334 6212
f 6212 6334 6213
f 6334 6335 6213
f 6213 6335 6214
f 6335 6336 6214
f 6214 6336 6215
f 6336 6337 6215
f 6215 6337 6216
f 6337 6338 6216
f 6216 6338 6217
f 6338 6339 6217
f 6217 6339 6218
f 6339 6340 6218
f 6218 6340 6219
f 6340 6341 6219
f 6219 6341 6220
f 6324 6341 6326
f 6324 6221 6341
f 6221 6220 6341
f 6324 6206 6221
f 6328 6342 6207
f 6342 6222 6207
f 6329 6208 6343
f 6343 6208 6223
f 6346 6344 6345
f 6345 6347 6348
f 6344 6347 6345
f 6348 6349 6350
f 6347 6349 6348
f 6350 6351 6352
f 6349 6351 6350
f 6226 6352 6351
f 6226 6225 6352
f 6225 6353 6352
f 6353 6225 6354
f 6225 6228 6354
f 6354 6228 6355
f 6228 6230 6355
f 6355 6230 6356
f 6230 6231 6356
f 6356 6231 6357
f 6231 6232 6357
f 6357 6232 6358
f 6232 6233 6358
f 6358 6233 6359
f 6233 6234 6359
f 6359 6234 6360
f 6234 6235 6360
f 6360 6235 6361
f 6235 6236 6361
f 6361 6236 6362
f 6236 6237 6362
f 6362 6237 6363
f 6237 6238 6363
f 6363 6238 6364
f 6238 6240 6364
f 6240 6365 6364
f 6241 6365 6240
f 6342 6366 6222
f 6366 6242 6222
f 6343 6223 6367
f 6367 6223 6243
f 6370 6368 6369
f 6246 6369 6368
f 6246 6245 6369
f 6245 6371 6369
f 6371 6245 6372
f 6245 6248 6372
f 6372 6248 6373
f 6248 6250 6373
f 6373 6250 6374
f 6250 6251 6374
f 6374 6251 6375
f 6251 6252 6375
f 6375 6252 6376
f 6252 6253 6376
f 6376 6253 6377
f 6253 6254 6377
f 6377 6254 6378
f 6254 6255 6378
f 6344 6346 6378
f 6344 6378 6256
f 6256 6378 6255
f 6347 6344 6256
f 6257 6347 6256
f 6349 6347 6257
f 6258 6349 6257
f 6351 6349 6258
f 6259 6351 6258
f 6351 6259 6226
f 6365 6241 6379
f 6379 6241 6260
f 6366 6380 6242
f 6380 6261 6242
f 6367 6243 6381
f 6381 6243 6262
f 6383 6264 6382
f 6264 6263 6382
f 6382 6263 6384
f 6263 6265 6384
f 6368 6370 6384
f 6368 6384 6266
f 6266 6384 6265
f 6368 6266 6246
f 6379 6260 6267
f 6385 6379 6267
f 6385 6267 6261
f 6380 6385 6261
f 6381 6262 6386
f 6386 6262 6268
f 6386 6268 6387
f 6387 6268 6269
f 6387 6269 6388
f 6388 6269 6271
f 6272 6273 6389
f 6389 6271 6272
f 6389 6390 6271
f 6390 6388 6271
f 6391 6389 6273
f 6391 6273 6392
f 6392 6273 6274
f 6389 6391 6390
f 6392 6274 6275
f 6393 6392 6275
f 6275 6394 6393
f 6276 6394 6275
f 6394 6276 6395
f 6395 6276 6277
f 6395 6277 6396
f 6396 6277 6278
f 6396 6278 6279
f 6397 6396 6279
f 6279 6398 6397
f 6280 6398 6279
f 6398 6280 6399
f 6399 6280 6281
f 6399 6281 6400
f 6400 6281 6282
f 6400 6282 6283
f 6401 6400 6283
f 6283 6402 6401
f 6284 6402 6283
f 6402 6284 6403
f 6403 6284 6285
f 6403 6285 6404
f 6404 6285 6286
f 6404 6286 6287
f 6405 6404 6287
f 6287 6406 6405
f 6288 6406 6287
f 6406 6288 6407
f 6407 6288 6289
f 6407 6289 6408
f 6408 6289 6290
f 6408 6290 6291
f 6409 6408 6291
f 6291 6410 6409
f 6292 6410 6291
f 6410 6292 6411
f 6411 6292 6293
f 6411 6293 6412
f 6412 6293 6294
f 6412 6294 6295
f 6413 6412 6295
f 6295 6414 6413
f 6296 6414 6295
f 6414 6296 6415
f 6415 6296 6297
f 6415 6297 6416
f 6416 6297 6298
f 6300 6417 6418
f 6299 6417 6300
f 6417 6299 6419
f 6299 6301 6419
f 6419 6301 6420
f 6301 6302 6420
f 6420 6302 6421
f 6302 6303 6421
f 6421 6303 6422
f 6303 6304 6422
f 6422 6304 6423
f 6304 6305 6423
f 6423 6305 6424
f 6305 6306 6424
f 6424 6306 6425
f 6306 6307 6425
f 6425 6307 6426
f 6307 6308 6426
f 6426 6308 6427
f 6308 6309 6427
f 6427 6309 6428
f 6309 6310 6428
f 6428 6310 6429
f 6310 6311 6429
f 6430 6311 6312
f 6430 6431 6311
f 6431 6429 6311
f 6431 6430 6432
f 6314 6433 6434
f 6313 6433 6314
f 6433 6313 6300
f 6418 6433 6300
f 6430 6312 6315
f 6315 6316 6435
f 6430 6315 6435
f 6430 6435 6436
f 6430 6436 6432
f 6436 6435 6437
f 6434 6438 6314
f 6438 6317 6314
f 6435 6316 6318
f 6318 6437 6435
f 6318 6319 6437
f 6319 6439 6437
f 6321 6440 6441
f 6320 6440 6321
f 6440 6320 6317
f 6438 6440 6317
f 6439 6319 6442
f 6442 6319 6322
f 6443 6441 6444
f 6443 6323 6441
f 6323 6321 6441
f 6444 6445 6443
f 6448 6447 6446
f 6326 6446 6447
f 6326 6447 6325
f 6325 6447 6449
f 6449 6450 6325
f 6325 6450 6327
f 6327 6450 6451
f 6328 6327 6451
f 6442 6322 6452
f 6452 6322 6329
f 6443 6330 6323
f 6445 6330 6443
f 6445 6453 6330
f 6453 6331 6330
f 6453 6454 6331
f 6331 6454 6332
f 6454 6455 6332
f 6332 6455 6333
f 6455 6456 6333
f 6333 6456 6334
f 6456 6457 6334
f 6334 6457 6335
f 6457 6458 6335
f 6335 6458 6336
f 6458 6459 6336
f 6336 6459 6337
f 6459 6460 6337
f 6337 6460 6338
f 6460 6461 6338
f 6338 6461 6339
f 6461 6462 6339
f 6339 6462 6340
f 6446 6462 6448
f 6446 6341 6462
f 6341 6340 6462
f 6446 6326 6341
f 6451 6463 6328
f 6463 6342 6328
f 6452 6329 6464
f 6464 6329 6343
f 6467 6465 6466
f 6466 6468 6469
f 6465 6468 6466
f 6469 6470 6471
f 6468 6470 6469
f 6346 6471 6470
f 6346 6345 6471
f 6345 6472 6471
f 6472 6345 6473
f 6345 6348 6473
f 6473 6348 6474
f 6348 6350 6474
f 6474 6350 6475
f 6350 6352 6475
f 6475 6352 6476
f 6352 6353 6476
f 6476 6353 6477
f 6353 6354 6477
f 6477 6354 6478
f 6354 6355 6478
f 6478 6355 6479
f 6355 6356 6479
f 6479 6356 6480
f 6356 6357 6480
f 6480 6357 6481
f 6357 6358 6481
f 6481 6358 6482
f 6358 6359 6482
f 6482 6359 6483
f 6359 6360 6483
f 6483 6360 6484
f 6360 6361 6484
f 6484 6361 6485
f 6361 6362 6485
f 6485 6362 6486
f 6362 6363 6486
f 6486 6363 6487
f 6363 6364 6487
f 6364 6488 6487
f 6365 6488 6364
f 6463 6489 6342
f 6489 6366 6342
f 6464 6343 6490
f 6490 6343 6367
f 6370 6491 6492
f 6369 6491 6370
f 6491 6369 6493
f 6369 6371 6493
f 6493 6371 6494
f 6371 6372 6494
f 6494 6372 6495
f 6372 6373 6495
f 6495 6373 6496
f 6373 6374 6496
f 6496 6374 6497
f 6374 6375 6497
f 6465 6467 6497
f 6465 6497 6376
f 6376 6497 6375
f 6468 6465 6376
f 6377 6468 6376
f 6470 6468 6377
f 6378 6470 6377
f 6470 6378 6346
f 6488 6365 6498
f 6498 6365 6379
f 6489 6499 6366
f 6499 6380 6366
f 6490 6367 6500
f 6500 6367 6381
f 6503 6501 6502
f 6503 6383 6501
f 6383 6382 6501
f 6501 6382 6504
f 6382 6384 6504
f 6504 6384 6370
f 6492 6504 6370
f 6498 6379 6385
f 6505 6498 6385
f 6505 6385 6380
f 6499 6505 6380
f 6500 6381 6506
f 6506 6381 6386
f 6503 6502 6507
f 6506 6386 6508
f 6508 6386 6387
f 6508 6387 6509
f 6509 6387 6388
f 6509 6388 6510
f 6510 6388 6390
f 6391 6392 6511
f 6511 6390 6391
f 6511 6512 6390
f 6512 6510 6390
f 6511 6392 6393
f 6393 6512 6511
f 6393 6394 6512
f 6394 6513 6512
f 6513 6394 6514
f 6514 6394 6395
f 6514 6395 6515
f 6515 6395 6396
f 6515 6396 6397
f 6516 6515 6397
f 6397 6517 6516
f 6398 6517 6397
f 6517 6398 6518
f 6518 6398 6399
f 6518 6399 6519
f 6519 6399 6400
f 6519 6400 6401
f 6520 6519 6401
f 6401 6521 6520
f 6402 6521 6401
f 6521 6402 6522
f 6522 6402 6403
f 6522 6403 6523
f 6523 6403 6404
f 6523 6404 6405
f 6524 6523 6405
f 6405 6525 6524
f 6406 6525 6405
f 6525 6406 6526
f 6526 6406 6407
f 6526 6407 6527
f 6527 6407 6408
f 6527 6408 6409
f 6528 6527 6409
f 6409 6529 6528
f 6410 6529 6409
f 6529 6410 6530
f 6530 6410 6411
f 6530 6411 6531
f 6531 6411 6412
f 6531 6412 6413
f 6532 6531 6413
f 6413 6533 6532
f 6414 6533 6413
f 6533 6414 6534
f 6534 6414 6415
f 6534 6415 6535
f 6535 6415 6416
f 6418 6536 6537
f 6417 6536 6418
f 6536 6417 6538
f 6417 6419 6538
f 6538 6419 6539
f 6419 6420 6539
f 6539 6420 6540
f 6420 6421 6540
f 6540 6421 6541
f 6421 6422 6541
f 6541 6422 6542
f 6422 6423 6542
f 6542 6423 6543
f 6423 6424 6543
f 6543 6424 6544
f 6424 6425 6544
f 6544 6425 6545
f 6425 6426 6545
f 6545 6426 6546
f 6426 6427 6546
f 6546 6427 6547
f 6427 6428 6547
f 6547 6428 6548
f 6428 6429 6548
f 6548 6429 6549
f 6429 6431 6549
f 6550 6431 6432
f 6550 6551 6431
f 6551 6549 6431
f 6551 6550 6552
f 6434 6553 6554
f 6433 6553 6434
f 6553 6433 6418
f 6537 6553 6418
f 6550 6432 6436
f 6436 6552 6550
f 6436 6437 6552
f 6437 6555 6552
f 6554 6556 6434
f 6556 6438 6434
f 6555 6437 6557
f 6557 6437 6439
f 6440 6558 6441
f 6558 6440 6438
f 6558 6438 6559
f 6559 6438 6556
f 6562 6561 6560
f 6561 6563 6560
f 6557 6439 6564
f 6564 6439 6442
f 6558 6444 6441
f 6444 6558 6559
f 6444 6559 6445
f 6445 6559 6565
f 6448 6567 6566
f 6447 6448 6566
f 6566 6568 6447
f 6447 6568 6449
f 6568 6569 6449
f 6449 6569 6450
f 6571 6451 6560
f 6571 6560 6570
f 6451 6450 6560
f 6562 6560 6569
f 6450 6569 6560
f 6560 6563 6570
f 6564 6442 6572
f 6572 6442 6452
f 6453 6574 6573
f 6453 6445 6574
f 6445 6565 6574
f 6454 6453 6573
f 6575 6454 6573
f 6575 6577 6576
f 6575 6576 6454
f 6454 6576 6455
f 6576 6578 6455
f 6455 6578 6456
f 6580 6579 6457
f 6580 6457 6578
f 6578 6457 6456
f 6458 6457 6579
f 6581 6458 6579
f 6459 6458 6581
f 6582 6459 6581
f 6460 6459 6582
f 6583 6460 6582
f 6461 6460 6583
f 6584 6461 6583
f 6584 6586 6585
f 6584 6585 6461
f 6461 6585 6462
f 6585 6448 6462
f 6567 6448 6585
f 6571 6587 6451
f 6587 6463 6451
f 6572 6452 6588
f 6588 6452 6464
f 6591 6589 6590
f 6590 6592 6593
f 6589 6592 6590
f 6467 6593 6592
f 6467 6466 6593
f 6466 6594 6593
f 6594 6466 6595
f 6466 6469 6595
f 6595 6469 6596
f 6469 6471 6596
f 6596 6471 6597
f 6471 6472 6597
f 6597 6472 6598
f 6472 6473 6598
f 6598 6473 6599
f 6473 6474 6599
f 6599 6474 6600
f 6474 6475 6600
f 6573 6574 6600
f 6573 6600 6476
f 6476 6600 6475
f 6575 6573 6476
f 6477 6575 6476
f 6577 6575 6477
f 6577 6477 6601
f 6601 6477 6478
f 6601 6478 6602
f 6478 6479 6602
f 6579 6580 6602
f 6579 6602 6480
f 6480 6602 6479
f 6581 6579 6480
f 6481 6581 6480
f 6582 6581 6481
f 6482 6582 6481
f 6583 6582 6482
f 6483 6583 6482
f 6584 6583 6483
f 6484 6584 6483
f 6586 6584 6484
f 6586 6484 6603
f 6603 6484 6485
f 6603 6485 6604
f 6485 6486 6604
f 6604 6486 6605
f 6486 6487 6605
f 6487 6606 6605
f 6488 6606 6487
f 6587 6607 6463
f 6607 6489 6463
f 6588 6464 6608
f 6608 6464 6490
f 6492 6609 6610
f 6491 6609 6492
f 6609 6491 6611
f 6491 6493 6611
f 6611 6493 6612
f 6493 6494 6612
f 6612 6494 6613
f 6494 6495 6613
f 6589 6591 6613
f 6589 6613 6496
f 6496 6613 6495
f 6592 6589 6496
f 6497 6592 6496
f 6592 6497 6467
f 6606 6488 6614
f 6614 6488 6498
f 6607 6615 6489
f 6615 6499 6489
f 6608 6490 6616
f 6616 6490 6500
f 6502 6617 6618
f 6501 6617 6502
f 6617 6501 6619
f 6501 6504 6619
f 6619 6504 6492
f 6610 6619 6492
f 6614 6498 6505
f 6620 6614 6505
f 6620 6505 6499
f 6615 6620 6499
f 6616 6500 6621
f 6621 6500 6506
f 6622 6507 6502
f 6618 6622 6502
f 6621 6506 6623
f 6623 6506 6508
f 6623 6508 6624
f 6624 6508 6509
f 6624 6509 6625
f 6625 6509 6510
f 6625 6510 6626
f 6626 6510 6512
f 6626 6512 6627
f 6627 6512 6513
f 6627 6513 6628
f 6628 6513 6514
f 6628 6514 6629
f 6629 6514 6515
f 6629 6515 6516
f 6630 6629 6516
f 6516 6631 6630
f 6517 6631 6516
f 6631 6517 6632
f 6632 6517 6518
f 6632 6518 6633
f 6633 6518 6519
f 6633 6519 6520
f 6634 6633 6520
f 6520 6635 6634
f 6521 6635 6520
f 6635 6521 6636
f 6636 6521 6522
f 6636 6522 6637
f 6637 6522 6523
f 6637 6523 6524
f 6638 6637 6524
f 6524 6639 6638
f 6525 6639 6524
f 6639 6525 6640
f 6640 6525 6526
f 6640 6526 6641
f 6641 6526 6527
f 6641 6527 6528
f 6642 6641 6528
f 6528 6643 6642
f 6529 6643 6528
f 6643 6529 6644
f 6644 6529 6530
f 6644 6530 6645
f 6645 6530 6531
f 6645 6531 6532
f 6646 6645 6532
f 6532 6647 6646
f 6533 6647 6532
f 6647 6533 6648
f 6648 6533 6534
f 6648 6534 6649
f 6649 6534 6535
f 6652 6650 6651
f 6651 6650 6653
f 6537 6654 6655
f 6536 6654 6537
f 6654 6536 6656
f 6536 6538 6656
f 6656 6538 6657
f 6538 6539 6657
f 6657 6539 6658
f 6539 6540 6658
f 6658 6540 6659
f 6540 6541 6659
f 6659 6541 6660
f 6541 6542 6660
f 6660 6542 6661
f 6542 6543 6661
f 6661 6543 6662
f 6543 6544 6662
f 6662 6544 6663
f 6544 6545 6663
f 6663 6545 6664
f 6545 6546 6664
f 6664 6546 6665
f 6546 6547 6665
f 6665 6547 6666
f 6547 6548 6666
f 6666 6548 6667
f 6548 6549 6667
f 6650 6652 6667
f 6650 6667 6551
f 6551 6667 6549
f 6551 6653 6650
f 6551 6552 6653
f 6552 6668 6653
f 6554 6669 6670
f 6553 6669 6554
f 6669 6553 6537
f 6655 6669 6537
f 6671 6672 6668
f 6671 6668 6555
f 6555 6668 6552
f 6672 6671 6673
f 6670 6674 6554
f 6674 6556 6554
f 6675 6671 6555
f 6675 6555 6676
f 6676 6555 6557
f 6671 6675 6673
f 6674 6677 6556
f 6677 6559 6556
f 6680 6679 6678
f 6562 6678 6679
f 6562 6679 6561
f 6561 6679 6681
f 6561 6681 6682
f 6563 6561 6682
f 6676 6557 6683
f 6683 6557 6564
f 6677 6684 6559
f 6684 6565 6559
f 6687 6686 6685
f 6567 6685 6686
f 6567 6686 6566
f 6566 6686 6688
f 6688 6689 6566
f 6566 6689 6568
f 6678 6689 6680
f 6678 6569 6689
f 6569 6568 6689
f 6569 6678 6562
f 6571 6570 6690
f 6690 6570 6563
f 6690 6563 6691
f 6691 6563 6682
f 6683 6564 6692
f 6692 6564 6572
f 6684 6693 6565
f 6693 6574 6565
f 6576 6577 6694
f 6578 6576 6694
f 6695 6578 6694
f 6578 6695 6580
f 6698 6697 6696
f 6685 6585 6586
f 6687 6685 6586
f 6687 6586 6696
f 6687 6696 6697
f 6685 6567 6585
f 6699 6571 6690
f 6699 6700 6571
f 6700 6587 6571
f 6690 6691 6699
f 6692 6572 6701
f 6701 6572 6588
f 6704 6702 6703
f 6591 6703 6702
f 6591 6590 6703
f 6590 6705 6703
f 6705 6590 6706
f 6590 6593 6706
f 6706 6593 6707
f 6593 6594 6707
f 6707 6594 6708
f 6594 6595 6708
f 6708 6595 6709
f 6595 6596 6709
f 6709 6596 6710
f 6596 6597 6710
f 6710 6597 6711
f 6597 6598 6711
f 6711 6598 6712
f 6598 6599 6712
f 6712 6599 6713
f 6599 6600 6713
f 6713 6600 6574
f 6693 6713 6574
f 6694 6577 6601
f 6695 6694 6601
f 6602 6695 6601
f 6695 6602 6580
f 6698 6696 6714
f 6696 6586 6603
f 6696 6603 6714
f 6714 6603 6715
f 6715 6603 6716
f 6603 6604 6716
f 6716 6604 6717
f 6604 6605 6717
f 6605 6718 6717
f 6606 6718 6605
f 6700 6719 6587
f 6719 6607 6587
f 6701 6588 6720
f 6720 6588 6608
f 6610 6721 6722
f 6609 6721 6610
f 6721 6609 6723
f 6609 6611 6723
f 6723 6611 6724
f 6611 6612 6724
f 6702 6704 6724
f 6702 6724 6613
f 6613 6724 6612
f 6702 6613 6591
f 6718 6606 6725
f 6725 6606 6614
f 6719 6726 6607
f 6726 6615 6607
f 6720 6608 6727
f 6727 6608 6616
f 6617 6728 6618
f 6728 6729 6730
f 6728 6617 6729
f 6617 6619 6729
f 6729 6619 6610
f 6722 6729 6610
f 6725 6614 6620
f 6731 6725 6620
f 6731 6620 6615
f 6726 6731 6615
f 6727 6616 6732
f 6732 6616 6621
f 6735 6733 6734
f 6622 6733 6735
f 6622 6728 6733
f 6622 6618 6728
f 6728 6730 6733
f 6738 6737 6736
f 6737 6739 6736
f 6732 6621 6740
f 6740 6621 6623
f 6734 6741 6742
f 6735 6734 6742
f 6738 6736 6743
f 6736 6739 6743
f 6740 6623 6744
f 6744 6623 6624
f 6742 6741 6745
f 6744 6624 6746
f 6746 6624 6625
f 6746 6625 6747
f 6747 6625 6626
f 6747 6626 6748
f 6748 6626 6627
f 6748 6627 6749
f 6749 6627 6628
f 6749 6628 6750
f 6750 6628 6629
f 6750 6629 6630
f 6751 6750 6630
f 6630 6752 6751
f 6631 6752 6630
f 6752 6631 6753
f 6753 6631 6632
f 6754 6755 6753
f 6754 6753 6633
f 6633 6753 6632
f 6755 6754 6756
f 6754 6633 6634
f 6634 6756 6754
f 6634 6635 6756
f 6635 6757 6756
f 6757 6635 6758
f 6758 6635 6636
f 6759 6760 6758
f 6759 6758 6637
f 6637 6758 6636
f 6760 6759 6761
f 6759 6637 6638
f 6638 6761 6759
f 6638 6639 6761
f 6639 6762 6761
f 6762 6639 6763
f 6763 6639 6640
f 6764 6765 6763
f 6764 6763 6641
f 6641 6763 6640
f 6765 6764 6766
f 6764 6641 6642
f 6642 6766 6764
f 6642 6643 6766
f 6643 6767 6766
f 6767 6643 6768
f 6768 6643 6644
f 6769 6770 6768
f 6769 6768 6645
f 6645 6768 6644
f 6770 6769 6771
f 6769 6645 6646
f 6646 6771 6769
f 6646 6647 6771
f 6647 6772 6771
f 6772 6647 6773
f 6773 6647 6648
f 6774 6775 6773
f 6774 6773 6649
f 6649 6773 6648
f 6775 6774 6776
f 6779 6777 6778
f 6778 6777 6780
f 6777 6652 6651
f 6777 6779 6652
f 6779 6781 6652
f 6651 6780 6777
f 6651 6653 6780
f 6653 6782 6780
f 6655 6783 6784
f 6654 6783 6655
f 6783 6654 6785
f 6654 6656 6785
f 6785 6656 6786
f 6656 6657 6786
f 6786 6657 6787
f 6657 6658 6787
f 6787 6658 6788
f 6658 6659 6788
f 6788 6659 6789
f 6659 6660 6789
f 6789 6660 6790
f 6660 6661 6790
f 6790 6661 6791
f 6661 6662 6791
f 6791 6662 6792
f 6662 6663 6792
f 6792 6663 6793
f 6663 6664 6793
f 6793 6664 6794
f 6664 6665 6794
f 6794 6665 6795
f 6665 6666 6795
f 6795 6666 6796
f 6666 6667 6796
f 6796 6667 6652
f 6781 6796 6652
f 6782 6653 6797
f 6797 6653 6668
f 6670 6798 6799
f 6669 6798 6670
f 6798 6669 6655
f 6784 6798 6655
f 6797 6668 6672
f 6800 6797 6672
f 6672 6801 6800
f 6673 6801 6672
f 6799 6802 6670
f 6802 6674 6670
f 6676 6804 6803
f 6675 6676 6803
f 6803 6673 6675
f 6801 6673 6803
f 6802 6805 6674
f 6805 6677 6674
f 6808 6807 6806
f 6680 6806 6807
f 6680 6807 6679
f 6679 6807 6809
f 6809 6810 6679
f 6679 6810 6681
f 6681 6810 6811
f 6682 6681 6811
f 6804 6676 6812
f 6812 6676 6683
f 6805 6813 6677
f 6813 6684 6677
f 6816 6815 6814
f 6687 6814 6815
f 6687 6815 6686
f 6686 6815 6817
f 6817 6818 6686
f 6686 6818 6688
f 6806 6818 6808
f 6806 6689 6818
f 6689 6688 6818
f 6806 6680 6689
f 6811 6819 6682
f 6819 6691 6682
f 6812 6683 6820
f 6820 6683 6692
f 6823 6821 6822
f 6822 6824 6825
f 6821 6824 6822
f 6825 6826 6827
f 6824 6826 6825
f 6827 6826 6693
f 6827 6693 6813
f 6813 6693 6684
f 6830 6829 6828
f 6814 6697 6698
f 6816 6814 6698
f 6816 6698 6828
f 6816 6828 6829
f 6814 6687 6697
f 6832 6833 6831
f 6832 6834 6835
f 6831 6834 6832
f 6835 6834 6836
f 6699 6837 6700
f 6837 6699 6691
f 6837 6691 6838
f 6838 6691 6819
f 6820 6692 6839
f 6839 6692 6701
f 6704 6840 6841
f 6703 6840 6704
f 6840 6703 6842
f 6703 6705 6842
f 6842 6705 6843
f 6705 6706 6843
f 6843 6706 6844
f 6706 6707 6844
f 6844 6707 6845
f 6707 6708 6845
f 6845 6708 6846
f 6708 6709 6846
f 6846 6709 6847
f 6709 6710 6847
f 6821 6823 6847
f 6821 6847 6711
f 6711 6847 6710
f 6824 6821 6711
f 6712 6824 6711
f 6826 6824 6712
f 6713 6826 6712
f 6826 6713 6693
f 6830 6828 6848
f 6828 6698 6714
f 6828 6714 6848
f 6848 6714 6849
f 6831 6833 6849
f 6831 6849 6715
f 6715 6849 6714
f 6834 6831 6715
f 6716 6834 6715
f 6836 6834 6716
f 6836 6716 6850
f 6850 6716 6717
f 6717 6851 6850
f 6718 6851 6717
f 6852 6700 6837
f 6719 6700 6852
f 6838 6853 6852
f 6837 6838 6852
f 6839 6701 6854
f 6854 6701 6720
f 6721 6855 6722
f 6855 6856 6857
f 6855 6721 6856
f 6721 6723 6856
f 6856 6723 6858
f 6723 6724 6858
f 6858 6724 6704
f 6841 6858 6704
f 6851 6718 6859
f 6859 6718 6725
f 6860 6719 6852
f 6726 6719 6860
f 6853 6861 6860
f 6852 6853 6860
f 6854 6720 6862
f 6862 6720 6727
f 6729 6863 6730
f 6863 6864 6865
f 6729 6864 6863
f 6729 6855 6864
f 6729 6722 6855
f 6855 6857 6864
f 6731 6866 6867
f 6731 6867 6725
f 6725 6867 6859
f 6726 6866 6731
f 6726 6860 6866
f 6860 6868 6866
f 6861 6869 6868
f 6860 6861 6868
f 6862 6727 6870
f 6870 6727 6732
f 6733 6871 6734
f 6871 6872 6873
f 6733 6872 6871
f 6733 6863 6872
f 6733 6730 6863
f 6863 6865 6872
f 6867 6866 6874
f 6874 6738 6875
f 6874 6868 6738
f 6874 6866 6868
f 6737 6738 6868
f 6737 6868 6869
f 6737 6869 6739
f 6739 6869 6876
f 6870 6732 6877
f 6877 6732 6740
f 6878 6734 6871
f 6741 6734 6878
f 6873 6879 6878
f 6871 6873 6878
f 6875 6738 6743
f 6880 6875 6743
f 6880 6743 6739
f 6876 6880 6739
f 6877 6740 6881
f 6881 6740 6744
f 6884 6882 6883
f 6745 6882 6884
f 6745 6878 6882
f 6745 6741 6878
f 6878 6879 6882
f 6881 6744 6885
f 6885 6744 6746
f 6884 6883 6886
f 6885 6746 6887
f 6887 6746 6747
f 6887 6747 6888
f 6888 6747 6748
f 6888 6748 6889
f 6889 6748 6749
f 6889 6749 6890
f 6890 6749 6750
f 6890 6750 6751
f 6891 6890 6751
f 6751 6892 6891
f 6752 6892 6751
f 6892 6752 6893
f 6893 6752 6753
f 6893 6753 6755
f 6894 6893 6755
f 6755 6895 6894
f 6756 6895 6755
f 6895 6756 6896
f 6896 6756 6757
f 6896 6757 6897
f 6897 6757 6758
f 6897 6758 6760
f 6898 6897 6760
f 6760 6899 6898
f 6761 6899 6760
f 6899 6761 6900
f 6900 6761 6762
f 6900 6762 6901
f 6901 6762 6763
f 6901 6763 6765
f 6902 6901 6765
f 6765 6903 6902
f 6766 6903 6765
f 6903 6766 6904
f 6904 6766 6767
f 6904 6767 6905
f 6905 6767 6768
f 6905 6768 6770
f 6906 6905 6770
f 6770 6907 6906
f 6771 6907 6770
f 6907 6771 6908
f 6908 6771 6772
f 6908 6772 6909
f 6909 6772 6773
f 6775 6910 6911
f 6775 6911 6773
f 6773 6911 6909
f 6775 6776 6910
f 6779 6912 6913
f 6778 6912 6779
f 6778 6914 6912
f 6780 6914 6778
f 6913 6915 6779
f 6915 6781 6779
f 6914 6780 6916
f 6916 6780 6782
f 6784 6917 6918
f 6783 6917 6784
f 6917 6783 6919
f 6783 6785 6919
f 6919 6785 6920
f 6785 6786 6920
f 6920 6786 6921
f 6786 6787 6921
f 6921 6787 6922
f 6787 6788 6922
f 6922 6788 6923
f 6788 6789 6923
f 6923 6789 6924
f 6789 6790 6924
f 6924 6790 6925
f 6790 6791 6925
f 6925 6791 6926
f 6791 6792 6926
f 6926 6792 6927
f 6792 6793 6927
f 6927 6793 6928
f 6793 6794 6928
f 6928 6794 6929
f 6794 6795 6929
f 6929 6795 6930
f 6795 6796 6930
f 6930 6796 6781
f 6915 6930 6781
f 6916 6782 6931
f 6931 6782 6797
f 6799 6932 6933
f 6798 6932 6799
f 6932 6798 6784
f 6918 6932 6784
f 6800 6934 6935
f 6800 6935 6797
f 6797 6935 6931
f 6800 6801 6934
f 6933 6936 6799
f 6936 6802 6799
f 6934 6803 6804
f 6934 6804 6935
f 6935 6804 6937
f 6934 6801 6803
f 6936 6938 6802
f 6938 6805 6802
f 6808 6940 6939
f 6807 6808 6939
f 6939 6941 6807
f 6807 6941 6809
f 6941 6942 6809
f 6809 6942 6810
f 6810 6942 6943
f 6811 6810 6943
f 6937 6804 6944
f 6944 6804 6812
f 6938 6945 6805
f 6945 6813 6805
f 6816 6947 6946
f 6815 6816 6946
f 6946 6948 6815
f 6815 6948 6817
f 6948 6949 6817
f 6817 6949 6818
f 6949 6808 6818
f 6940 6808 6949
f 6943 6950 6811
f 6950 6819 6811
f 6944 6812 6951
f 6951 6812 6820
f 6954 6952 6953
f 6953 6955 6956
f 6952 6955 6953
f 6956 6957 6958
f 6955 6957 6956
f 6823 6958 6957
f 6823 6822 6958
f 6822 6959 6958
f 6959 6822 6960
f 6822 6825 6960
f 6960 6825 6961
f 6825 6827 6961
f 6961 6827 6813
f 6945 6961 6813
f 6964 6963 6962
f 6963 6966 6965
f 6962 6963 6965
f 6830 6965 6966
f 6830 6966 6829
f 6829 6966 6967
f 6967 6816 6829
f 6947 6816 6967
f 6833 6968 6969
f 6832 6968 6833
f 6968 6832 6970
f 6832 6835 6970
f 6971 6835 6836
f 6971 6972 6835
f 6972 6970 6835
f 6972 6973 6974
f 6971 6973 6972
f 6974 6973 6975
f 6950 6976 6819
f 6976 6838 6819
f 6951 6820 6977
f 6977 6820 6839
f 6841 6978 6979
f 6840 6978 6841
f 6978 6840 6980
f 6840 6842 6980
f 6980 6842 6981
f 6842 6843 6981
f 6981 6843 6982
f 6843 6844 6982
f 6952 6954 6982
f 6952 6982 6845
f 6845 6982 6844
f 6955 6952 6845
f 6846 6955 6845
f 6957 6955 6846
f 6847 6957 6846
f 6957 6847 6823
f 6964 6962 6983
f 6962 6965 6984
f 6983 6962 6984
f 6965 6830 6848
f 6965 6848 6984
f 6984 6848 6985
f 6985 6848 6986
f 6848 6849 6986
f 6986 6849 6833
f 6969 6986 6833
f 6971 6836 6850
f 6850 6851 6987
f 6850 6987 6971
f 6971 6987 6973
f 6975 6987 6988
f 6973 6987 6975
f 6976 6989 6838
f 6989 6853 6838
f 6977 6839 6990
f 6990 6839 6854
f 6856 6991 6857
f 6991 6992 6993
f 6991 6856 6992
f 6856 6858 6992
f 6992 6858 6841
f 6979 6992 6841
f 6994 6987 6851
f 6859 6994 6851
f 6988 6994 6995
f 6987 6994 6988
f 6989 6996 6853
f 6996 6861 6853
f 6990 6854 6997
f 6997 6854 6862
f 6864 6998 6865
f 6998 6999 7000
f 6864 6999 6998
f 6864 6991 6999
f 6864 6857 6991
f 6991 6993 6999
f 7001 6994 6859
f 6867 7001 6859
f 6995 7001 7002
f 6994 7001 6995
f 6996 7003 6861
f 7003 6869 6861
f 6997 6862 7004
f 7004 6862 6870
f 6872 7005 6873
f 7005 7006 7007
f 6872 7006 7005
f 6872 6998 7006
f 6872 6865 6998
f 6998 7000 7006
f 7001 6867 6874
f 6874 7002 7001
f 6874 6875 7002
f 6875 7008 7002
f 7003 7009 6869
f 7009 6876 6869
f 7004 6870 7010
f 7010 6870 6877
f 7011 6873 7005
f 6879 6873 7011
f 7007 7012 7011
f 7005 7007 7011
f 6880 7013 7014
f 6880 7014 6875
f 6875 7014 7008
f 7013 6880 6876
f 7013 6876 7015
f 7015 6876 7009
f 7010 6877 7016
f 7016 6877 6881
f 6882 7017 6883
f 7017 7018 7019
f 6882 7018 7017
f 6882 7011 7018
f 6882 6879 7011
f 7011 7012 7018
f 7014 7013 7020
f 7013 7015 7020
f 7016 6881 7021
f 7021 6881 6885
f 7024 7022 7023
f 6886 7022 7024
f 6886 7017 7022
f 6886 6883 7017
f 7017 7019 7022
f 7021 6885 7025
f 7025 6885 6887
f 7023 7026 7027
f 7024 7023 7027
f 7025 6887 7028
f 7028 6887 6888
f 7027 7026 7029
f 7028 6888 7030
f 7030 6888 6889
f 7031 7032 7030
f 7031 7030 6890
f 6890 7030 6889
f 7032 7031 7033
f 7031 6890 6891
f 6891 7033 7031
f 6891 6892 7033
f 6892 7034 7033
f 7034 6892 7035
f 7035 6892 6893
f 7035 6893 6894
f 7036 7035 6894
f 6894 7037 7036
f 6895 7037 6894
f 7037 6895 7038
f 7038 6895 6896
f 7038 6896 7039
f 7039 6896 6897
f 7039 6897 6898
f 7040 7039 6898
f 6898 7041 7040
f 6899 7041 6898
f 7041 6899 7042
f 7042 6899 6900
f 7042 6900 7043
f 7043 6900 6901
f 7043 6901 6902
f 7044 7043 6902
f 6902 7045 7044
f 6903 7045 6902
f 7045 6903 7046
f 7046 6903 6904
f 7046 6904 7047
f 7047 6904 6905
f 7047 6905 6906
f 7048 7047 6906
f 6906 7049 7048
f 6907 7049 6906
f 7049 6907 7050
f 7050 6907 6908
f 7050 6908 7051
f 7051 6908 6909
f 7051 6909 7052
f 7052 6909 6911
f 6912 7053 6913
f 6912 6914 7053
f 7054 6913 7053
f 7054 7055 6913
f 7055 6915 6913
f 7053 7056 7054
f 7053 6914 7056
f 6914 6916 7056
f 6918 7057 7058
f 6917 7057 6918
f 7057 6917 7059
f 6917 6919 7059
f 7059 6919 7060
f 6919 6920 7060
f 7060 6920 7061
f 6920 6921 7061
f 7061 6921 7062
f 6921 6922 7062
f 7062 6922 7063
f 6922 6923 7063
f 7063 6923 7064
f 6923 6924 7064
f 7064 6924 7065
f 6924 6925 7065
f 7065 6925 7066
f 6925 6926 7066
f 7066 6926 7067
f 6926 6927 7067
f 7067 6927 7068
f 6927 6928 7068
f 7068 6928 7069
f 6928 6929 7069
f 7071 6930 7070
f 7071 7069 6930
f 7069 6929 6930
f 7070 6930 6915
f 7070 6915 7072
f 7072 6915 7055
f 7056 6916 7073
f 7073 6916 6931
f 6933 7074 7075
f 6932 7074 6933
f 7074 6932 6918
f 7058 7074 6918
f 7071 7070 7076
f 7070 7072 7076
f 7073 6931 7077
f 7077 6931 6935
f 7075 7078 6933
f 7078 6936 6933
f 7081 7080 7079
f 7080 7082 7079
f 7077 6935 7083
f 7083 6935 6937
f 7078 7084 6936
f 7084 6938 6936
f 7087 7086 7085
f 7086 7088 7085
f 7091 7090 7089
f 6940 7089 7090
f 6940 7090 6939
f 6939 7090 7092
f 7092 7093 6939
f 6939 7093 6941
f 7079 7093 7081
f 7079 6942 7093
f 6942 6941 7093
f 6942 7079 7082
f 6942 7082 6943
f 6943 7082 7094
f 7083 6937 7095
f 7095 6937 6944
f 7096 7084 7097
f 7096 6945 7084
f 6945 6938 7084
f 7097 7087 7085
f 7097 7085 7096
f 7096 7085 7098
f 7088 7099 7098
f 7085 7088 7098
f 7102 7101 7100
f 6947 7100 7101
f 6947 7101 6946
f 6946 7101 7103
f 7103 7104 6946
f 6946 7104 6948
f 7107 7105 7106
f 7104 7091 6949
f 7104 6949 6948
f 6949 7091 7089
f 7106 7108 7109
f 7106 7105 7108
f 6949 7089 6940
f 7109 7110 7111
f 7108 7110 7109
f 7111 7110 7112
f 7094 7113 6943
f 7113 6950 6943
f 7095 6944 7114
f 7114 6944 6951
f 7117 7115 7116
f 6954 7116 7115
f 6954 6953 7116
f 6953 7118 7116
f 7118 6953 7119
f 6953 6956 7119
f 7119 6956 7120
f 6956 6958 7120
f 7120 6958 7121
f 6958 6959 7121
f 7121 6959 7122
f 6959 6960 7122
f 7122 6960 7123
f 6960 6961 7123
f 6945 7096 7124
f 6945 7124 6961
f 6961 7124 7123
f 7096 7098 7125
f 7124 7096 7125
f 7098 7099 7125
f 7128 7127 7126
f 6964 7126 7127
f 6964 7127 6963
f 6963 7127 7129
f 7129 7130 6963
f 6963 7130 6966
f 7100 7130 7102
f 7100 6967 7130
f 6967 6966 7130
f 7100 6947 6967
f 6969 7131 7132
f 6968 7131 6969
f 7105 7107 7131
f 7105 7131 6970
f 6970 7131 6968
f 7108 7105 6970
f 6972 7108 6970
f 7110 7108 6972
f 6974 7110 6972
f 6974 7112 7110
f 6974 6975 7112
f 6975 7133 7112
f 7113 7134 6950
f 7134 6976 6950
f 7114 6951 7135
f 7135 6951 6977
f 6978 7136 6979
f 7136 7137 7138
f 7136 6978 7137
f 6978 6980 7137
f 7137 6980 7139
f 6980 6981 7139
f 7115 7117 7139
f 7115 7139 6982
f 6982 7139 6981
f 7115 6982 6954
f 7128 7126 7140
f 7126 6964 6983
f 7126 6983 7140
f 7140 6983 7141
f 7141 6983 7142
f 6983 6984 7142
f 7144 6985 7143
f 7144 7142 6985
f 7142 6984 6985
f 7143 7145 7146
f 7143 6985 7145
f 6985 6986 7145
f 7145 6986 6969
f 7132 7145 6969
f 7133 6975 7147
f 7147 6975 6988
f 7134 7148 6976
f 7148 6989 6976
f 7135 6977 7149
f 7149 6977 6990
f 6992 7150 6993
f 7150 7151 7152
f 6992 7151 7150
f 6992 7136 7151
f 6992 6979 7136
f 7136 7138 7151
f 7144 7143 7153
f 7143 7146 7153
f 7147 6988 7154
f 7154 6988 6995
f 7148 7155 6989
f 7155 6996 6989
f 7149 6990 7156
f 7156 6990 6997
f 6999 7157 7000
f 7157 7158 7159
f 6999 7158 7157
f 6999 7150 7158
f 6999 6993 7150
f 7150 7152 7158
f 7162 7161 7160
f 7161 7002 7160
f 7161 7154 7002
f 7154 6995 7002
f 7155 7163 6996
f 7163 7003 6996
f 7156 6997 7164
f 7164 6997 7004
f 7006 7165 7007
f 7165 7166 7167
f 7006 7166 7165
f 7006 7157 7166
f 7006 7000 7157
f 7157 7159 7166
f 7169 7162 7160
f 7168 7169 7160
f 7160 7008 7168
f 7002 7008 7160
f 7163 7170 7003
f 7170 7009 7003
f 7164 7004 7171
f 7171 7004 7010
f 7172 7007 7165
f 7012 7007 7172
f 7167 7173 7172
f 7165 7167 7172
f 7169 7168 7174
f 7168 7175 7174
f 7168 7008 7175
f 7008 7014 7175
f 7170 7176 7009
f 7176 7015 7009
f 7171 7010 7177
f 7177 7010 7016
f 7018 7178 7019
f 7178 7179 7180
f 7018 7179 7178
f 7018 7172 7179
f 7018 7012 7172
f 7172 7173 7179
f 7175 7014 7020
f 7181 7175 7020
f 7181 7020 7015
f 7176 7181 7015
f 7177 7016 7182
f 7182 7016 7021
f 7022 7183 7023
f 7019 7183 7022
f 7019 7178 7183
f 7178 7184 7183
f 7180 7185 7184
f 7178 7180 7184
f 7182 7021 7186
f 7186 7021 7025
f 7187 7023 7183
f 7026 7023 7187
f 7188 7189 7187
f 7188 7187 7184
f 7184 7187 7183
f 7184 7185 7188
f 7186 7025 7190
f 7190 7025 7028
f 7193 7191 7192
f 7029 7191 7193
f 7029 7187 7191
f 7029 7026 7187
f 7187 7189 7191
f 7190 7028 7194
f 7194 7028 7030
f 7192 7195 7196
f 7193 7192 7196
f 7194 7030 7032
f 7197 7194 7032
f 7032 7198 7197
f 7033 7198 7032
f 7196 7195 7199
f 7198 7033 7200
f 7200 7033 7034
f 7200 7034 7201
f 7201 7034 7035
f 7201 7035 7036
f 7202 7201 7036
f 7036 7203 7202
f 7037 7203 7036
f 7203 7037 7204
f 7204 7037 7038
f 7204 7038 7205
f 7205 7038 7039
f 7205 7039 7040
f 7206 7205 7040
f 7040 7207 7206
f 7041 7207 7040
f 7207 7041 7208
f 7208 7041 7042
f 7208 7042 7209
f 7209 7042 7043
f 7209 7043 7044
f 7210 7209 7044
f 7044 7211 7210
f 7045 7211 7044
f 7211 7045 7212
f 7212 7045 7046
f 7212 7046 7213
f 7213 7046 7047
f 7213 7047 7048
f 7214 7213 7048
f 7048 7215 7214
f 7049 7215 7048
f 7215 7049 7216
f 7216 7049 7050
f 7216 7050 7217
f 7217 7050 7051
f 7217 7051 7218
f 7218 7051 7052
f 7054 7219 7055
f 7054 7056 7219
f 7222 7220 7221
f 7058 7221 7220
f 7058 7057 7221
f 7057 7223 7221
f 7223 7057 7224
f 7057 7059 7224
f 7224 7059 7225
f 7059 7060 7225
f 7225 7060 7226
f 7060 7061 7226
f 7228 7062 7227
f 7228 7226 7062
f 7226 7061 7062
f 7063 7227 7062
f 7229 7227 7063
f 7064 7229 7063
f 7230 7229 7064
f 7065 7230 7064
f 7231 7230 7065
f 7066 7231 7065
f 7232 7231 7066
f 7232 7233 7234
f 7232 7066 7233
f 7066 7067 7233
f 7233 7067 7235
f 7067 7068 7235
f 7235 7068 7236
f 7068 7069 7236
f 7069 7237 7236
f 7071 7237 7069
f 7238 7055 7219
f 7072 7055 7238
f 7219 7073 7238
f 7056 7073 7219
f 7220 7075 7074
f 7220 7222 7075
f 7222 7239 7075
f 7220 7074 7058
f 7228 7227 7240
f 7227 7229 7241
f 7240 7227 7241
f 7229 7230 7242
f 7241 7229 7242
f 7230 7231 7243
f 7242 7230 7243
f 7231 7232 7244
f 7243 7231 7244
f 7232 7234 7244
f 7237 7071 7076
f 7245 7237 7076
f 7072 7238 7246
f 7072 7246 7076
f 7076 7246 7245
f 7238 7247 7246
f 7238 7073 7247
f 7073 7077 7247
f 7248 7239 7249
f 7248 7078 7239
f 7078 7075 7239
f 7249 7250 7248
f 7253 7252 7251
f 7081 7251 7252
f 7081 7252 7080
f 7080 7252 7254
f 7080 7254 7255
f 7082 7080 7255
f 7247 7077 7256
f 7256 7077 7083
f 7257 7078 7248
f 7084 7078 7257
f 7250 7258 7086
f 7250 7086 7257
f 7250 7257 7248
f 7257 7086 7087
f 7086 7258 7259
f 7088 7086 7259
f 7262 7261 7260
f 7091 7260 7261
f 7091 7261 7090
f 7264 7263 7261
f 7263 7090 7261
f 7092 7090 7263
f 7265 7092 7263
f 7093 7092 7253
f 7093 7253 7251
f 7092 7265 7253
f 7267 7253 7266
f 7265 7266 7253
f 7251 7081 7093
f 7267 7266 7268
f 7255 7269 7082
f 7269 7094 7082
f 7256 7083 7270
f 7270 7083 7095
f 7257 7097 7084
f 7257 7087 7097
f 7259 7271 7088
f 7271 7099 7088
f 7274 7273 7272
f 7102 7272 7273
f 7102 7273 7101
f 7101 7273 7275
f 7275 7276 7101
f 7101 7276 7103
f 7279 7277 7278
f 7276 7262 7104
f 7276 7104 7103
f 7104 7262 7260
f 7264 7106 7263
f 7264 7107 7106
f 7264 7278 7107
f 7277 7107 7278
f 7260 7091 7104
f 7265 7263 7106
f 7109 7265 7106
f 7266 7265 7109
f 7111 7266 7109
f 7111 7112 7280
f 7266 7111 7280
f 7266 7280 7281
f 7266 7281 7268
f 7281 7280 7113
f 7281 7113 7269
f 7269 7113 7094
f 7270 7095 7282
f 7282 7095 7114
f 7117 7283 7284
f 7116 7283 7117
f 7283 7116 7285
f 7116 7118 7285
f 7285 7118 7286
f 7118 7119 7286
f 7286 7119 7287
f 7119 7120 7287
f 7287 7120 7288
f 7120 7121 7288
f 7288 7121 7289
f 7121 7122 7289
f 7289 7122 7290
f 7122 7123 7290
f 7290 7123 7291
f 7123 7124 7291
f 7291 7124 7292
f 7124 7125 7292
f 7292 7125 7293
f 7292 7293 7295
f 7125 7099 7293
f 7294 7293 7271
f 7099 7271 7293
f 7294 7297 7296
f 7293 7294 7296
f 7128 7296 7297
f 7128 7297 7127
f 7127 7297 7298
f 7298 7299 7127
f 7127 7299 7129
f 7272 7299 7274
f 7272 7130 7299
f 7130 7129 7299
f 7272 7102 7130
f 7277 7132 7131
f 7277 7279 7132
f 7279 7300 7132
f 7277 7131 7107
f 7301 7280 7112
f 7301 7112 7302
f 7302 7112 7133
f 7280 7301 7303
f 7280 7303 7113
f 7113 7303 7134
f 7282 7114 7304
f 7304 7114 7135
f 7137 7305 7138
f 7305 7306 7307
f 7305 7137 7306
f 7137 7139 7306
f 7306 7139 7117
f 7284 7306 7117
f 7295 7293 7308
f 7293 7296 7309
f 7308 7293 7309
f 7296 7128 7140
f 7296 7140 7309
f 7309 7140 7310
f 7312 7141 7311
f 7312 7310 7141
f 7310 7140 7141
f 7142 7311 7141
f 7313 7311 7142
f 7142 7144 7313
f 7145 7314 7146
f 7314 7145 7132
f 7314 7132 7315
f 7315 7132 7300
f 7302 7133 7316
f 7316 7133 7147
f 7303 7317 7134
f 7317 7148 7134
f 7304 7135 7318
f 7318 7135 7149
f 7151 7319 7152
f 7319 7320 7321
f 7151 7320 7319
f 7151 7305 7320
f 7151 7138 7305
f 7305 7307 7320
f 7312 7311 7322
f 7311 7313 7323
f 7322 7311 7323
f 7325 7153 7324
f 7323 7153 7325
f 7323 7144 7153
f 7323 7313 7144
f 7146 7324 7153
f 7146 7314 7324
f 7314 7326 7324
f 7315 7327 7326
f 7314 7315 7326
f 7316 7147 7328
f 7328 7147 7154
f 7317 7329 7148
f 7329 7155 7148
f 7318 7149 7330
f 7330 7149 7156
f 7158 7331 7159
f 7331 7332 7333
f 7158 7332 7331
f 7158 7319 7332
f 7158 7152 7319
f 7319 7321 7332
f 7325 7324 7334
f 7324 7326 7335
f 7334 7324 7335
f 7326 7327 7335
f 7162 7337 7336
f 7161 7162 7336
f 7336 7154 7161
f 7328 7154 7336
f 7329 7338 7155
f 7338 7163 7155
f 7330 7156 7339
f 7339 7156 7164
f 7166 7340 7167
f 7340 7341 7342
f 7166 7341 7340
f 7166 7331 7341
f 7166 7159 7331
f 7331 7333 7341
f 7337 7162 7343
f 7343 7162 7169
f 7338 7344 7163
f 7344 7170 7163
f 7339 7164 7345
f 7345 7164 7171
f 7346 7167 7340
f 7173 7167 7346
f 7342 7347 7346
f 7340 7342 7346
f 7343 7169 7174
f 7348 7343 7174
f 7174 7349 7348
f 7175 7349 7174
f 7344 7350 7170
f 7350 7176 7170
f 7345 7171 7351
f 7351 7171 7177
f 7179 7352 7180
f 7352 7353 7354
f 7179 7353 7352
f 7179 7346 7353
f 7179 7173 7346
f 7346 7347 7353
f 7349 7175 7181
f 7355 7349 7181
f 7355 7181 7176
f 7350 7355 7176
f 7351 7177 7356
f 7356 7177 7182
f 7357 7180 7352
f 7185 7180 7357
f 7354 7358 7357
f 7352 7354 7357
f 7356 7182 7359
f 7359 7182 7186
f 7188 7360 7189
f 7360 7361 7362
f 7188 7361 7360
f 7188 7357 7361
f 7188 7185 7357
f 7357 7358 7361
f 7359 7186 7363
f 7363 7186 7190
f 7191 7364 7192
f 7364 7365 7366
f 7191 7365 7364
f 7191 7360 7365
f 7191 7189 7360
f 7360 7362 7365
f 7363 7190 7367
f 7367 7190 7194
f 7368 7192 7364
f 7195 7192 7368
f 7366 7369 7368
f 7364 7366 7368
f 7367 7194 7197
f 7370 7367 7197
f 7197 7371 7370
f 7198 7371 7197
f 7374 7372 7373
f 7199 7372 7374
f 7199 7368 7372
f 7199 7195 7368
f 7368 7369 7372
f 7371 7198 7375
f 7375 7198 7200
f 7373 7376 7377
f 7374 7373 7377
f 7375 7200 7378
f 7378 7200 7201
f 7377 7376 7379
f 7378 7201 7202
f 7380 7378 7202
f 7202 7381 7380
f 7203 7381 7202
f 7381 7203 7382
f 7382 7203 7204
f 7382 7204 7383
f 7383 7204 7205
f 7383 7205 7206
f 7384 7383 7206
f 7206 7385 7384
f 7207 7385 7206
f 7385 7207 7386
f 7386 7207 7208
f 7386 7208 7387
f 7387 7208 7209
f 7387 7209 7210
f 7388 7387 7210
f 7210 7389 7388
f 7211 7389 7210
f 7389 7211 7390
f 7390 7211 7212
f 7390 7212 7391
f 7391 7212 7213
f 7214 7392 7393
f 7214 7393 7213
f 7213 7393 7391
f 7214 7215 7392
f 7393 7392 7394
f 7392 7395 7394
f 7392 7215 7395
f 7215 7216 7395
f 7395 7216 7396
f 7396 7216 7217
f 7396 7217 7397
f 7397 7217 7218
f 7400 7398 7399
f 7399 7398 7401
f 7398 7222 7221
f 7398 7400 7222
f 7400 7402 7222
f 7401 7398 7221
f 7401 7221 7403
f 7403 7221 7223
f 7403 7223 7404
f 7223 7224 7404
f 7404 7224 7405
f 7224 7225 7405
f 7405 7225 7406
f 7225 7226 7406
f 7226 7407 7406
f 7228 7407 7226
f 7233 7408 7234
f 7235 7408 7233
f 7409 7408 7235
f 7236 7409 7235
f 7410 7409 7236
f 7236 7237 7410
f 7402 7411 7222
f 7411 7239 7222
f 7240 7412 7413
f 7240 7413 7228
f 7228 7413 7407
f 7241 7412 7240
f 7414 7412 7241
f 7242 7414 7241
f 7415 7414 7242
f 7243 7415 7242
f 7416 7415 7243
f 7244 7416 7243
f 7417 7416 7244
f 7234 7417 7244
f 7234 7408 7417
f 7408 7418 7417
f 7408 7409 7418
f 7409 7419 7418
f 7409 7410 7419
f 7410 7420 7419
f 7245 7410 7237
f 7245 7421 7410
f 7421 7420 7410
f 7246 7421 7245
f 7422 7421 7246
f 7246 7247 7422
f 7411 7249 7239
f 7423 7249 7411
f 7424 7250 7249
f 7424 7249 7425
f 7425 7249 7423
f 7425 7427 7426
f 7424 7425 7426
f 7427 7429 7428
f 7426 7427 7428
f 7429 7430 7428
f 7432 7413 7412
f 7431 7432 7412
f 7412 7414 7431
f 7414 7433 7431
f 7414 7415 7433
f 7415 7434 7433
f 7415 7416 7434
f 7416 7435 7434
f 7416 7417 7435
f 7417 7436 7435
f 7417 7418 7436
f 7418 7437 7436
f 7418 7419 7437
f 7419 7438 7437
f 7253 7420 7252
f 7253 7438 7420
f 7438 7419 7420
f 7421 7252 7420
f 7254 7252 7421
f 7254 7439 7255
f 7254 7421 7439
f 7421 7422 7439
f 7422 7256 7439
f 7247 7256 7422
f 7424 7258 7250
f 7258 7440 7259
f 7258 7424 7440
f 7424 7426 7440
f 7426 7428 7440
f 7428 7441 7440
f 7430 7443 7442
f 7430 7442 7428
f 7428 7442 7441
f 7443 7432 7431
f 7443 7431 7442
f 7442 7431 7444
f 7431 7433 7444
f 7433 7445 7444
f 7433 7434 7445
f 7434 7446 7445
f 7434 7435 7446
f 7435 7447 7446
f 7262 7436 7261
f 7262 7447 7436
f 7447 7435 7436
f 7261 7448 7264
f 7261 7436 7448
f 7436 7437 7448
f 7437 7438 7448
f 7438 7449 7448
f 7267 7438 7253
f 7267 7450 7438
f 7450 7449 7438
f 7267 7268 7450
f 7451 7255 7439
f 7269 7255 7451
f 7439 7270 7451
f 7256 7270 7439
f 7452 7259 7440
f 7271 7259 7452
f 7440 7441 7452
f 7441 7453 7452
f 7441 7442 7453
f 7442 7454 7453
f 7442 7444 7454
f 7444 7455 7454
f 7274 7445 7273
f 7274 7455 7445
f 7455 7444 7445
f 7446 7273 7445
f 7275 7273 7446
f 7447 7275 7446
f 7276 7275 7447
f 7276 7447 7262
f 7279 7278 7456
f 7264 7456 7278
f 7264 7448 7456
f 7448 7457 7456
f 7448 7449 7457
f 7449 7458 7457
f 7449 7450 7458
f 7450 7459 7458
f 7281 7450 7268
f 7281 7460 7450
f 7460 7459 7450
f 7269 7460 7281
f 7269 7451 7460
f 7451 7461 7460
f 7451 7282 7461
f 7270 7282 7451
f 7283 7462 7284
f 7462 7463 7464
f 7462 7283 7463
f 7283 7285 7463
f 7463 7285 7465
f 7285 7286 7465
f 7465 7286 7466
f 7286 7287 7466
f 7466 7287 7467
f 7287 7288 7467
f 7467 7288 7468
f 7288 7289 7468
f 7468 7289 7469
f 7289 7290 7469
f 7471 7291 7470
f 7471 7469 7291
f 7469 7290 7291
f 7292 7470 7291
f 7472 7470 7292
f 7271 7452 7294
f 7292 7295 7472
f 7453 7294 7452
f 7297 7294 7453
f 7454 7297 7453
f 7298 7297 7454
f 7455 7298 7454
f 7299 7298 7455
f 7455 7274 7299
f 7473 7279 7456
f 7300 7279 7473
f 7456 7457 7473
f 7457 7474 7473
f 7457 7458 7474
f 7458 7475 7474
f 7458 7459 7475
f 7459 7476 7475
f 7302 7460 7301
f 7302 7476 7460
f 7476 7459 7460
f 7301 7477 7303
f 7301 7460 7477
f 7460 7461 7477
f 7461 7304 7477
f 7282 7304 7461
f 7306 7478 7307
f 7478 7479 7480
f 7306 7479 7478
f 7306 7462 7479
f 7306 7284 7462
f 7462 7464 7479
f 7471 7470 7481
f 7470 7472 7482
f 7481 7470 7482
f 7472 7295 7308
f 7472 7308 7482
f 7482 7308 7483
f 7485 7309 7484
f 7485 7483 7309
f 7483 7308 7309
f 7310 7484 7309
f 7486 7484 7310
f 7310 7312 7486
f 7487 7300 7473
f 7315 7300 7487
f 7473 7474 7487
f 7474 7488 7487
f 7474 7475 7488
f 7475 7489 7488
f 7475 7476 7489
f 7476 7490 7489
f 7476 7316 7490
f 7302 7316 7476
f 7491 7303 7477
f 7317 7303 7491
f 7477 7318 7491
f 7304 7318 7477
f 7320 7492 7321
f 7492 7493 7494
f 7320 7493 7492
f 7320 7478 7493
f 7320 7307 7478
f 7478 7480 7493
f 7485 7484 7495
f 7484 7486 7496
f 7495 7484 7496
f 7498 7322 7497
f 7496 7322 7498
f 7496 7312 7322
f 7496 7486 7312
f 7323 7497 7322
f 7499 7497 7323
f 7323 7325 7499
f 7500 7315 7487
f 7327 7315 7500
f 7487 7488 7500
f 7488 7501 7500
f 7488 7489 7501
f 7489 7502 7501
f 7489 7490 7502
f 7490 7503 7502
f 7490 7328 7503
f 7316 7328 7490
f 7504 7317 7491
f 7329 7317 7504
f 7491 7330 7504
f 7318 7330 7491
f 7332 7505 7333
f 7505 7506 7507
f 7332 7506 7505
f 7332 7492 7506
f 7332 7321 7492
f 7492 7494 7506
f 7498 7497 7508
f 7497 7499 7509
f 7508 7497 7509
f 7511 7334 7510
f 7509 7334 7511
f 7509 7325 7334
f 7509 7499 7325
f 7335 7510 7334
f 7512 7510 7335
f 7327 7512 7335
f 7327 7500 7512
f 7500 7513 7512
f 7500 7501 7513
f 7501 7514 7513
f 7501 7502 7514
f 7502 7515 7514
f 7337 7503 7336
f 7337 7515 7503
f 7515 7502 7503
f 7503 7328 7336
f 7516 7329 7504
f 7338 7329 7516
f 7504 7339 7516
f 7330 7339 7504
f 7341 7517 7342
f 7333 7517 7341
f 7333 7505 7517
f 7505 7518 7517
f 7507 7519 7518
f 7505 7507 7518
f 7511 7510 7520
f 7510 7512 7521
f 7520 7510 7521
f 7512 7513 7522
f 7521 7512 7522
f 7524 7522 7513
f 7524 7513 7523
f 7523 7513 7514
f 7514 7515 7523
f 7515 7525 7523
f 7515 7343 7525
f 7337 7343 7515
f 7526 7338 7516
f 7344 7338 7526
f 7516 7345 7526
f 7339 7345 7516
f 7527 7342 7517
f 7347 7342 7527
f 7528 7529 7527
f 7528 7527 7518
f 7518 7527 7517
f 7518 7519 7528
f 7524 7523 7530
f 7523 7525 7531
f 7530 7523 7531
f 7533 7348 7532
f 7531 7348 7533
f 7531 7343 7348
f 7531 7525 7343
f 7348 7349 7532
f 7534 7344 7526
f 7350 7344 7534
f 7526 7351 7534
f 7345 7351 7526
f 7353 7535 7354
f 7535 7536 7537
f 7353 7536 7535
f 7353 7527 7536
f 7353 7347 7527
f 7527 7529 7536
f 7533 7532 7538
f 7540 7355 7539
f 7538 7355 7540
f 7538 7349 7355
f 7538 7532 7349
f 7350 7539 7355
f 7350 7534 7539
f 7534 7541 7539
f 7534 7356 7541
f 7351 7356 7534
f 7542 7354 7535
f 7358 7354 7542
f 7537 7543 7542
f 7535 7537 7542
f 7540 7539 7544
f 7546 7544 7539
f 7546 7539 7545
f 7545 7539 7541
f 7541 7359 7545
f 7356 7359 7541
f 7361 7547 7362
f 7547 7548 7549
f 7361 7548 7547
f 7361 7542 7548
f 7361 7358 7542
f 7542 7543 7548
f 7546 7545 7550
f 7545 7551 7550
f 7545 7359 7551
f 7359 7363 7551
f 7365 7552 7366
f 7552 7553 7554
f 7365 7553 7552
f 7365 7547 7553
f 7365 7362 7547
f 7547 7549 7553
f 7551 7363 7555
f 7555 7363 7367
f 7556 7366 7552
f 7369 7366 7556
f 7554 7557 7556
f 7552 7554 7556
f 7555 7367 7370
f 7558 7555 7370
f 7370 7559 7558
f 7371 7559 7370
f 7372 7560 7373
f 7560 7561 7562
f 7372 7561 7560
f 7372 7556 7561
f 7372 7369 7556
f 7556 7557 7561
f 7559 7371 7563
f 7563 7371 7375
f 7564 7373 7560
f 7376 7373 7564
f 7562 7565 7564
f 7560 7562 7564
f 7563 7375 7566
f 7566 7375 7378
f 7569 7567 7568
f 7379 7567 7569
f 7379 7564 7567
f 7379 7376 7564
f 7564 7565 7567
f 7566 7378 7380
f 7570 7566 7380
f 7380 7571 7570
f 7381 7571 7380
f 7569 7568 7572
f 7571 7381 7573
f 7573 7381 7382
f 7573 7382 7574
f 7574 7382 7383
f 7574 7383 7384
f 7575 7574 7384
f 7384 7576 7575
f 7385 7576 7384
f 7576 7385 7577
f 7577 7385 7386
f 7577 7386 7578
f 7578 7386 7387
f 7578 7387 7388
f 7579 7578 7388
f 7388 7580 7579
f 7389 7580 7388
f 7580 7389 7581
f 7581 7389 7390
f 7581 7390 7582
f 7582 7390 7391
f 7582 7391 7583
f 7583 7391 7393
f 7394 7584 7585
f 7394 7585 7393
f 7393 7585 7583
f 7394 7395 7584
f 7587 7585 7584
f 7586 7587 7584
f 7584 7396 7586
f 7395 7396 7584
f 7589 7587 7586
f 7588 7589 7586
f 7586 7397 7588
f 7396 7397 7586
f 7592 7590 7591
f 7591 7590 7593
f 7590 7592 7595
f 7399 7594 7400
f 7590 7595 7593
f 7594 7399 7401
f 7597 7598 7596
f 7597 7596 7599
f 7600 7400 7594
f 7402 7400 7600
f 7598 7602 7596
f 7594 7401 7601
f 7594 7601 7600
f 7601 7401 7403
f 7599 7596 7602
f 7603 7604 7403
f 7603 7403 7404
f 7403 7604 7601
f 7603 7404 7605
f 7404 7405 7605
f 7607 7406 7606
f 7607 7605 7406
f 7605 7405 7406
f 7406 7407 7606
f 7608 7402 7600
f 7608 7609 7402
f 7609 7411 7402
f 7600 7601 7610
f 7608 7600 7610
f 7601 7604 7610
f 7607 7606 7611
f 7606 7612 7611
f 7606 7407 7612
f 7407 7413 7612
f 7609 7423 7411
f 7613 7423 7609
f 7613 7614 7423
f 7423 7614 7425
f 7614 7615 7425
f 7425 7615 7427
f 7615 7616 7427
f 7427 7616 7429
f 7617 7430 7429
f 7617 7429 7618
f 7618 7429 7616
f 7618 7432 7617
f 7618 7612 7432
f 7612 7413 7432
f 7617 7443 7430
f 7617 7432 7443
f 7463 7619 7464
f 7465 7619 7463
f 7620 7619 7465
f 7620 7621 7622
f 7620 7465 7621
f 7465 7466 7621
f 7621 7466 7623
f 7466 7467 7623
f 7625 7468 7624
f 7625 7623 7468
f 7623 7467 7468
f 7469 7624 7468
f 7626 7624 7469
f 7469 7471 7626
f 7479 7627 7480
f 7627 7628 7629
f 7479 7628 7627
f 7479 7619 7628
f 7479 7464 7619
f 7619 7620 7630
f 7628 7619 7630
f 7620 7622 7630
f 7625 7624 7631
f 7624 7626 7632
f 7631 7624 7632
f 7626 7471 7481
f 7626 7481 7632
f 7632 7481 7633
f 7635 7482 7634
f 7635 7633 7482
f 7633 7481 7482
f 7483 7634 7482
f 7636 7634 7483
f 7483 7485 7636
f 7493 7637 7494
f 7637 7638 7639
f 7493 7638 7637
f 7493 7627 7638
f 7493 7480 7627
f 7627 7629 7638
f 7635 7634 7640
f 7634 7636 7641
f 7640 7634 7641
f 7643 7495 7642
f 7641 7495 7643
f 7641 7485 7495
f 7641 7636 7485
f 7496 7642 7495
f 7644 7642 7496
f 7496 7498 7644
f 7506 7645 7507
f 7645 7646 7647
f 7506 7646 7645
f 7506 7637 7646
f 7506 7494 7637
f 7637 7639 7646
f 7643 7642 7648
f 7642 7644 7649
f 7648 7642 7649
f 7651 7508 7650
f 7649 7508 7651
f 7649 7498 7508
f 7649 7644 7498
f 7509 7650 7508
f 7652 7650 7509
f 7509 7511 7652
f 7653 7507 7645
f 7519 7507 7653
f 7647 7654 7653
f 7645 7647 7653
f 7651 7650 7655
f 7650 7652 7656
f 7655 7650 7656
f 7652 7511 7520
f 7652 7520 7656
f 7656 7520 7657
f 7659 7521 7658
f 7659 7657 7521
f 7657 7520 7521
f 7522 7658 7521
f 7660 7658 7522
f 7522 7524 7660
f 7528 7661 7529
f 7661 7662 7663
f 7528 7662 7661
f 7528 7653 7662
f 7528 7519 7653
f 7653 7654 7662
f 7659 7658 7664
f 7658 7660 7665
f 7664 7658 7665
f 7667 7530 7666
f 7665 7530 7667
f 7665 7524 7530
f 7665 7660 7524
f 7531 7666 7530
f 7668 7666 7531
f 7531 7533 7668
f 7536 7669 7537
f 7669 7670 7671
f 7536 7670 7669
f 7536 7661 7670
f 7536 7529 7661
f 7661 7663 7670
f 7667 7666 7672
f 7666 7668 7673
f 7672 7666 7673
f 7675 7538 7674
f 7673 7538 7675
f 7673 7533 7538
f 7673 7668 7533
f 7538 7540 7674
f 7676 7537 7669
f 7543 7537 7676
f 7671 7677 7676
f 7669 7671 7676
f 7675 7674 7678
f 7680 7544 7679
f 7678 7544 7680
f 7678 7540 7544
f 7678 7674 7540
f 7544 7546 7679
f 7548 7681 7549
f 7681 7682 7683
f 7548 7682 7681
f 7548 7676 7682
f 7548 7543 7676
f 7676 7677 7682
f 7680 7679 7684
f 7686 7550 7685
f 7684 7550 7686
f 7684 7546 7550
f 7684 7679 7546
f 7550 7551 7685
f 7553 7687 7554
f 7549 7687 7553
f 7549 7681 7687
f 7681 7688 7687
f 7683 7689 7688
f 7681 7683 7688
f 7686 7685 7690
f 7685 7691 7690
f 7685 7551 7691
f 7551 7555 7691
f 7692 7554 7687
f 7557 7554 7692
f 7693 7694 7692
f 7693 7692 7688
f 7688 7692 7687
f 7688 7689 7693
f 7558 7695 7696
f 7558 7696 7555
f 7555 7696 7691
f 7558 7559 7695
f 7561 7697 7562
f 7697 7698 7699
f 7561 7698 7697
f 7561 7692 7698
f 7561 7557 7692
f 7692 7694 7698
f 7696 7695 7700
f 7695 7701 7700
f 7695 7559 7701
f 7559 7563 7701
f 7702 7562 7697
f 7565 7562 7702
f 7699 7703 7702
f 7697 7699 7702
f 7701 7563 7704
f 7704 7563 7566
f 7567 7705 7568
f 7705 7706 7707
f 7567 7706 7705
f 7567 7702 7706
f 7567 7565 7702
f 7702 7703 7706
f 7704 7566 7570
f 7708 7704 7570
f 7570 7709 7708
f 7571 7709 7570
f 7568 7711 7572
f 7568 7705 7711
f 7705 7710 7711
f 7707 7712 7710
f 7705 7707 7710
f 7709 7571 7713
f 7713 7571 7573
f 7714 7715 7716
f 7714 7716 7710
f 7710 7716 7711
f 7710 7712 7714
f 7713 7573 7717
f 7717 7573 7574
f 7716 7715 7718
f 7717 7574 7575
f 7719 7717 7575
f 7575 7720 7719
f 7576 7720 7575
f 7720 7576 7721
f 7721 7576 7577
f 7721 7577 7722
f 7722 7577 7578
f 7579 7723 7724
f 7579 7724 7578
f 7578 7724 7722
f 7579 7580 7723
f 7724 7723 7725
f 7723 7726 7725
f 7723 7580 7726
f 7580 7581 7726
f 7726 7581 7727
f 7727 7581 7582
f 7727 7582 7728
f 7728 7582 7583
f 7731 7730 7729
f 7730 7585 7729
f 7730 7728 7585
f 7728 7583 7585
f 7733 7731 7729
f 7732 7733 7729
f 7729 7587 7732
f 7585 7587 7729
f 7735 7733 7732
f 7734 7735 7732
f 7732 7589 7734
f 7587 7589 7732
f 7591 7736 7592
f 7591 7593 7736
f 7736 7595 7592
f 7595 7736 7593
f 7598 7597 7737
f 7597 7599 7737
f 7737 7602 7598
f 7602 7737 7599
f 7604 7603 7738
f 7605 7738 7603
f 7739 7738 7605
f 7605 7607 7739
f 7608 7740 7609
f 7740 7741 7742
f 7740 7608 7741
f 7608 7610 7741
f 7604 7738 7743
f 7604 7743 7610
f 7610 7743 7741
f 7738 7739 7744
f 7743 7738 7744
f 7746 7611 7745
f 7744 7611 7746
f 7744 7607 7611
f 7744 7739 7607
f 7611 7612 7745
f 7740 7613 7609
f 7742 7613 7740
f 7742 7747 7613
f 7747 7614 7613
f 7747 7748 7614
f 7614 7748 7615
f 7748 7749 7615
f 7615 7749 7616
f 7745 7749 7746
f 7745 7618 7749
f 7618 7616 7749
f 7745 7612 7618
f 7621 7750 7622
f 7623 7750 7621
f 7751 7750 7623
f 7623 7625 7751
f 7628 7752 7629
f 7752 7753 7754
f 7752 7628 7753
f 7628 7630 7753
f 7622 7750 7755
f 7622 7755 7630
f 7630 7755 7753
f 7750 7751 7756
f 7755 7750 7756
f 7751 7625 7631
f 7751 7631 7756
f 7756 7631 7757
f 7759 7632 7758
f 7759 7757 7632
f 7757 7631 7632
f 7633 7758 7632
f 7760 7758 7633
f 7633 7635 7760
f 7638 7761 7639
f 7761 7762 7763
f 7638 7762 7761
f 7638 7752 7762
f 7638 7629 7752
f 7752 7754 7762
f 7759 7758 7764
f 7758 7760 7765
f 7764 7758 7765
f 7767 7640 7766
f 7765 7640 7767
f 7765 7635 7640
f 7765 7760 7635
f 7641 7766 7640
f 7768 7766 7641
f 7641 7643 7768
f 7646 7769 7647
f 7769 7770 7771
f 7646 7770 7769
f 7646 7761 7770
f 7646 7639 7761
f 7761 7763 7770
f 7767 7766 7772
f 7766 7768 7773
f 7772 7766 7773
f 7775 7648 7774
f 7773 7648 7775
f 7773 7643 7648
f 7773 7768 7643
f 7649 7774 7648
f 7776 7774 7649
f 7649 7651 7776
f 7777 7647 7769
f 7654 7647 7777
f 7771 7778 7777
f 7769 7771 7777
f 7775 7774 7779
f 7774 7776 7780
f 7779 7774 7780
f 7776 7651 7655
f 7776 7655 7780
f 7780 7655 7781
f 7783 7656 7782
f 7783 7781 7656
f 7781 7655 7656
f 7657 7782 7656
f 7784 7782 7657
f 7657 7659 7784
f 7662 7785 7663
f 7785 7786 7787
f 7662 7786 7785
f 7662 7777 7786
f 7662 7654 7777
f 7777 7778 7786
f 7783 7782 7788
f 7782 7784 7789
f 7788 7782 7789
f 7791 7664 7790
f 7789 7664 7791
f 7789 7659 7664
f 7789 7784 7659
f 7665 7790 7664
f 7792 7790 7665
f 7665 7667 7792
f 7670 7793 7671
f 7793 7794 7795
f 7670 7794 7793
f 7670 7785 7794
f 7670 7663 7785
f 7785 7787 7794
f 7791 7790 7796
f 7790 7792 7797
f 7796 7790 7797
f 7799 7672 7798
f 7797 7672 7799
f 7797 7667 7672
f 7797 7792 7667
f 7673 7798 7672
f 7800 7798 7673
f 7673 7675 7800
f 7801 7671 7793
f 7677 7671 7801
f 7795 7802 7801
f 7793 7795 7801
f 7799 7798 7803
f 7798 7800 7804
f 7803 7798 7804
f 7806 7678 7805
f 7804 7678 7806
f 7804 7675 7678
f 7804 7800 7675
f 7678 7680 7805
f 7682 7807 7683
f 7807 7808 7809
f 7682 7808 7807
f 7682 7801 7808
f 7682 7677 7801
f 7801 7802 7808
f 7806 7805 7810
f 7805 7680 7684
f 7805 7684 7810
f 7810 7684 7811
f 7684 7812 7811
f 7686 7812 7684
f 7813 7683 7807
f 7689 7683 7813
f 7809 7814 7813
f 7807 7809 7813
f 7812 7686 7690
f 7815 7812 7690
f 7690 7816 7815
f 7691 7816 7690
f 7693 7817 7694
f 7817 7818 7819
f 7693 7818 7817
f 7693 7813 7818
f 7693 7689 7813
f 7813 7814 7818
f 7816 7691 7820
f 7820 7691 7696
f 7698 7821 7699
f 7821 7822 7823
f 7698 7822 7821
f 7698 7817 7822
f 7698 7694 7817
f 7817 7819 7822
f 7820 7696 7700
f 7824 7820 7700
f 7700 7825 7824
f 7701 7825 7700
f 7826 7699 7821
f 7703 7699 7826
f 7823 7827 7826
f 7821 7823 7826
f 7825 7701 7828
f 7828 7701 7704
f 7706 7829 7707
f 7829 7830 7831
f 7706 7830 7829
f 7706 7826 7830
f 7706 7703 7826
f 7826 7827 7830
f 7828 7704 7708
f 7832 7828 7708
f 7708 7833 7832
f 7709 7833 7708
f 7834 7707 7829
f 7712 7707 7834
f 7831 7835 7834
f 7829 7831 7834
f 7833 7709 7836
f 7836 7709 7713
f 7714 7837 7715
f 7837 7838 7839
f 7714 7838 7837
f 7714 7834 7838
f 7714 7712 7834
f 7834 7835 7838
f 7836 7713 7840
f 7840 7713 7717
f 7843 7841 7842
f 7718 7841 7843
f 7718 7837 7841
f 7718 7715 7837
f 7837 7839 7841
f 7840 7717 7719
f 7844 7840 7719
f 7719 7845 7844
f 7720 7845 7719
f 7842 7846 7847
f 7843 7842 7847
f 7845 7720 7848
f 7848 7720 7721
f 7847 7846 7849
f 7848 7721 7850
f 7850 7721 7722
f 7850 7722 7851
f 7851 7722 7724
f 7725 7852 7853
f 7725 7853 7724
f 7724 7853 7851
f 7725 7726 7852
f 7855 7853 7852
f 7854 7855 7852
f 7852 7727 7854
f 7726 7727 7852
f 7858 7857 7856
f 7857 7855 7854
f 7857 7854 7856
f 7856 7854 7859
f 7854 7728 7859
f 7727 7728 7854
f 7861 7858 7856
f 7860 7861 7856
f 7731 7859 7730
f 7731 7860 7859
f 7860 7856 7859
f 7859 7728 7730
f 7864 7863 7862
f 7863 7861 7860
f 7863 7860 7862
f 7862 7860 7865
f 7860 7733 7865
f 7731 7733 7860
f 7867 7864 7862
f 7866 7867 7862
f 7862 7865 7866
f 7865 7868 7866
f 7865 7735 7868
f 7733 7735 7865
f 7741 7869 7742
f 7743 7869 7741
f 7870 7869 7743
f 7744 7870 7743
f 7871 7870 7744
f 7744 7746 7871
f 7869 7747 7742
f 7870 7747 7869
f 7748 7747 7870
f 7871 7748 7870
f 7749 7748 7871
f 7871 7746 7749
f 7753 7872 7754
f 7755 7872 7753
f 7873 7872 7755
f 7756 7873 7755
f 7874 7873 7756
f 7757 7874 7756
f 7875 7874 7757
f 7757 7759 7875
f 7762 7876 7763
f 7754 7876 7762
f 7754 7872 7876
f 7872 7877 7876
f 7878 7879 7877
f 7878 7877 7873
f 7873 7877 7872
f 7873 7874 7880
f 7878 7873 7880
f 7874 7875 7881
f 7880 7874 7881
f 7883 7764 7882
f 7881 7764 7883
f 7881 7759 7764
f 7881 7875 7759
f 7765 7882 7764
f 7884 7882 7765
f 7765 7767 7884
f 7770 7885 7771
f 7763 7885 7770
f 7763 7876 7885
f 7876 7886 7885
f 7887 7888 7886
f 7887 7886 7877
f 7877 7886 7876
f 7877 7879 7887
f 7883 7882 7889
f 7882 7884 7890
f 7889 7882 7890
f 7892 7772 7891
f 7890 7772 7892
f 7890 7767 7772
f 7890 7884 7767
f 7773 7891 7772
f 7893 7891 7773
f 7773 7775 7893
f 7894 7771 7885
f 7778 7771 7894
f 7895 7896 7894
f 7895 7894 7886
f 7886 7894 7885
f 7886 7888 7895
f 7892 7891 7897
f 7891 7893 7898
f 7897 7891 7898
f 7893 7775 7779
f 7893 7779 7898
f 7898 7779 7899
f 7901 7780 7900
f 7901 7899 7780
f 7899 7779 7780
f 7781 7900 7780
f 7902 7900 7781
f 7781 7783 7902
f 7786 7903 7787
f 7903 7904 7905
f 7786 7904 7903
f 7786 7894 7904
f 7786 7778 7894
f 7894 7896 7904
f 7901 7900 7906
f 7900 7902 7907
f 7906 7900 7907
f 7909 7788 7908
f 7907 7788 7909
f 7907 7783 7788
f 7907 7902 7783
f 7789 7908 7788
f 7910 7908 7789
f 7789 7791 7910
f 7794 7911 7795
f 7787 7911 7794
f 7787 7903 7911
f 7903 7912 7911
f 7905 7913 7912
f 7903 7905 7912
f 7909 7908 7914
f 7908 7910 7915
f 7914 7908 7915
f 7917 7796 7916
f 7915 7796 7917
f 7915 7791 7796
f 7915 7910 7791
f 7797 7916 7796
f 7918 7916 7797
f 7797 7799 7918
f 7919 7795 7911
f 7802 7795 7919
f 7920 7921 7919
f 7920 7919 7912
f 7912 7919 7911
f 7912 7913 7920
f 7917 7916 7922
f 7916 7918 7923
f 7922 7916 7923
f 7925 7803 7924
f 7923 7803 7925
f 7923 7799 7803
f 7923 7918 7799
f 7804 7924 7803
f 7926 7924 7804
f 7804 7806 7926
f 7808 7927 7809
f 7927 7928 7929
f 7808 7928 7927
f 7808 7919 7928
f 7808 7802 7919
f 7919 7921 7928
f 7925 7924 7930
f 7924 7926 7931
f 7930 7924 7931
f 7933 7810 7932
f 7931 7810 7933
f 7931 7806 7810
f 7931 7926 7806
f 7811 7932 7810
f 7934 7932 7811
f 7811 7812 7934
f 7935 7809 7927
f 7814 7809 7935
f 7929 7936 7935
f 7927 7929 7935
f 7933 7932 7937
f 7932 7934 7938
f 7937 7932 7938
f 7940 7815 7939
f 7938 7815 7940
f 7938 7812 7815
f 7938 7934 7812
f 7815 7816 7939
f 7818 7941 7819
f 7941 7942 7943
f 7818 7942 7941
f 7818 7935 7942
f 7818 7814 7935
f 7935 7936 7942
f 7940 7939 7944
f 7939 7945 7944
f 7939 7816 7945
f 7816 7820 7945
f 7822 7946 7823
f 7946 7947 7948
f 7822 7947 7946
f 7822 7941 7947
f 7822 7819 7941
f 7941 7943 7947
f 7945 7820 7824
f 7949 7945 7824
f 7824 7950 7949
f 7825 7950 7824
f 7951 7823 7946
f 7827 7823 7951
f 7948 7952 7951
f 7946 7948 7951
f 7950 7825 7953
f 7953 7825 7828
f 7830 7954 7831
f 7954 7955 7956
f 7830 7955 7954
f 7830 7951 7955
f 7830 7827 7951
f 7951 7952 7955
f 7953 7828 7832
f 7957 7953 7832
f 7832 7958 7957
f 7833 7958 7832
f 7959 7831 7954
f 7835 7831 7959
f 7956 7960 7959
f 7954 7956 7959
f 7958 7833 7961
f 7961 7833 7836
f 7838 7962 7839
f 7962 7963 7964
f 7838 7963 7962
f 7838 7959 7963
f 7838 7835 7959
f 7959 7960 7963
f 7961 7836 7965
f 7965 7836 7840
f 7841 7966 7842
f 7966 7967 7968
f 7841 7967 7966
f 7841 7962 7967
f 7841 7839 7962
f 7962 7964 7967
f 7844 7969 7970
f 7844 7970 7840
f 7840 7970 7965
f 7844 7845 7969
f 7971 7842 7966
f 7846 7842 7971
f 7968 7972 7971
f 7966 7968 7971
f 7974 7970 7969
f 7973 7974 7969
f 7969 7848 7973
f 7845 7848 7969
f 7977 7975 7976
f 7849 7975 7977
f 7849 7971 7975
f 7849 7846 7971
f 7971 7972 7975
f 7979 7974 7973
f 7978 7979 7973
f 7973 7850 7978
f 7848 7850 7973
f 7976 7980 7981
f 7977 7976 7981
f 7983 7979 7978
f 7982 7983 7978
f 7978 7851 7982
f 7850 7851 7978
f 7981 7980 7984
f 7986 7983 7982
f 7985 7986 7982
f 7982 7853 7985
f 7851 7853 7982
f 7989 7988 7987
f 7988 7986 7985
f 7988 7985 7987
f 7987 7985 7990
f 7985 7855 7990
f 7853 7855 7985
f 7993 7992 7991
f 7992 7989 7987
f 7992 7987 7991
f 7991 7987 7994
f 7858 7990 7857
f 7858 7994 7990
f 7994 7987 7990
f 7990 7855 7857
f 7996 7993 7991
f 7995 7996 7991
f 7991 7994 7995
f 7994 7997 7995
f 7994 7861 7997
f 7858 7861 7994
f 8000 7999 7998
f 7999 7996 7995
f 7999 7995 7998
f 7998 7995 8001
f 7864 7997 7863
f 7864 8001 7997
f 8001 7995 7997
f 7997 7861 7863
f 8004 8003 8002
f 8003 8000 7998
f 8003 7998 8002
f 8002 7998 8005
f 7998 8001 8005
f 8001 8006 8005
f 8001 7867 8006
f 7864 7867 8001
f 7878 8007 7879
f 7880 8007 7878
f 8008 8007 7880
f 7881 8008 7880
f 8009 8008 7881
f 7881 7883 8009
f 7887 8010 7888
f 8010 8011 8012
f 7887 8011 8010
f 7887 8007 8011
f 7887 7879 8007
f 8007 8008 8013
f 8011 8007 8013
f 8008 8009 8014
f 8013 8008 8014
f 8016 7889 8015
f 8014 7889 8016
f 8014 7883 7889
f 8014 8009 7883
f 7890 8015 7889
f 8017 8015 7890
f 7890 7892 8017
f 7895 8018 7896
f 8018 8019 8020
f 7895 8019 8018
f 7895 8010 8019
f 7895 7888 8010
f 8010 8012 8019
f 8016 8015 8021
f 8015 8017 8022
f 8021 8015 8022
f 8017 7892 7897
f 8017 7897 8022
f 8022 7897 8023
f 8025 7898 8024
f 8025 8023 7898
f 8023 7897 7898
f 7899 8024 7898
f 8026 8024 7899
f 7899 7901 8026
f 7904 8027 7905
f 8027 8028 8029
f 7904 8028 8027
f 7904 8018 8028
f 7904 7896 8018
f 8018 8020 8028
f 8025 8024 8030
f 8024 8026 8031
f 8030 8024 8031
f 8033 7906 8032
f 8031 7906 8033
f 8031 7901 7906
f 8031 8026 7901
f 7907 8032 7906
f 8034 8032 7907
f 7907 7909 8034
f 8035 7905 8027
f 7913 7905 8035
f 8029 8036 8035
f 8027 8029 8035
f 8033 8032 8037
f 8032 8034 8038
f 8037 8032 8038
f 8040 7914 8039
f 8038 7914 8040
f 8038 7909 7914
f 8038 8034 7909
f 7915 8039 7914
f 8041 8039 7915
f 7915 7917 8041
f 7920 8042 7921
f 8042 8043 8044
f 7920 8043 8042
f 7920 8035 8043
f 7920 7913 8035
f 8035 8036 8043
f 8040 8039 8045
f 8039 8041 8046
f 8045 8039 8046
f 8048 7922 8047
f 8046 7922 8048
f 8046 7917 7922
f 8046 8041 7917
f 7923 8047 7922
f 8049 8047 7923
f 7923 7925 8049
f 7928 8050 7929
f 8050 8051 8052
f 7928 8051 8050
f 7928 8042 8051
f 7928 7921 8042
f 8042 8044 8051
f 8048 8047 8053
f 8047 8049 8054
f 8053 8047 8054
f 8056 7930 8055
f 8054 7930 8056
f 8054 7925 7930
f 8054 8049 7925
f 7931 8055 7930
f 8057 8055 7931
f 7931 7933 8057
f 8058 7929 8050
f 7936 7929 8058
f 8052 8059 8058
f 8050 8052 8058
f 8056 8055 8060
f 8055 8057 8061
f 8060 8055 8061
f 8057 7933 7937
f 8057 7937 8061
f 8061 7937 8062
f 8064 7938 8063
f 8064 8062 7938
f 8062 7937 7938
f 7938 7940 8063
f 7942 8065 7943
f 8065 8066 8067
f 7942 8066 8065
f 7942 8058 8066
f 7942 7936 8058
f 8058 8059 8066
f 8064 8063 8068
f 8070 7944 8069
f 8068 7944 8070
f 8068 7940 7944
f 8068 8063 7940
f 7944 7945 8069
f 7947 8071 7948
f 7943 8071 7947
f 7943 8065 8071
f 8065 8072 8071
f 8067 8073 8072
f 8065 8067 8072
f 8070 8069 8074
f 8076 7949 8075
f 8074 7949 8076
f 8074 7945 7949
f 8074 8069 7945
f 7949 7950 8075
f 8077 7948 8071
f 7952 7948 8077
f 8078 8079 8077
f 8078 8077 8072
f 8072 8077 8071
f 8072 8073 8078
f 8076 8075 8080
f 8075 8081 8080
f 8075 7950 8081
f 7950 7953 8081
f 7955 8082 7956
f 8082 8083 8084
f 7955 8083 8082
f 7955 8077 8083
f 7955 7952 8077
f 8077 8079 8083
f 7957 8085 8086
f 7957 8086 7953
f 7953 8086 8081
f 7957 7958 8085
f 8087 7956 8082
f 7960 7956 8087
f 8084 8088 8087
f 8082 8084 8087
f 8090 8086 8085
f 8089 8090 8085
f 8085 7961 8089
f 7958 7961 8085
f 7963 8091 7964
f 8091 8092 8093
f 7963 8092 8091
f 7963 8087 8092
f 7963 7960 8087
f 8087 8088 8092
f 8090 8089 8094
f 8089 8095 8094
f 8089 7961 8095
f 7961 7965 8095
f 7967 8096 7968
f 7964 8096 7967
f 7964 8091 8096
f 8091 8097 8096
f 8093 8098 8097
f 8091 8093 8097
f 8101 8100 8099
f 8100 7970 8099
f 8100 8095 7970
f 8095 7965 7970
f 8102 7968 8096
f 7972 7968 8102
f 8103 8104 8102
f 8103 8102 8097
f 8097 8102 8096
f 8097 8098 8103
f 8106 8101 8099
f 8105 8106 8099
f 8099 7974 8105
f 7970 7974 8099
f 7975 8107 7976
f 8107 8108 8109
f 7975 8108 8107
f 7975 8102 8108
f 7975 7972 8102
f 8102 8104 8108
f 8111 8106 8105
f 8110 8111 8105
f 8105 7979 8110
f 7974 7979 8105
f 8112 7976 8107
f 7980 7976 8112
f 8109 8113 8112
f 8107 8109 8112
f 8116 8115 8114
f 8115 8111 8110
f 8115 8110 8114
f 8114 8110 8117
f 8110 7983 8117
f 7979 7983 8110
f 8120 8118 8119
f 7984 8118 8120
f 7984 8112 8118
f 7984 7980 8112
f 8112 8113 8118
f 8122 8116 8114
f 8121 8122 8114
f 8114 8117 8121
f 8117 8123 8121
f 8117 7986 8123
f 7983 7986 8117
f 8119 8124 8125
f 8120 8119 8125
f 8128 8127 8126
f 8127 8122 8121
f 8127 8121 8126
f 8126 8121 8129
f 7989 8123 7988
f 7989 8129 8123
f 8129 8121 8123
f 8123 7986 7988
f 8125 8124 8130
f 8133 8132 8131
f 8132 8128 8126
f 8132 8126 8131
f 8131 8126 8134
f 7993 8129 7992
f 7993 8134 8129
f 8134 8126 8129
f 8129 7989 7992
f 8136 8133 8131
f 8135 8136 8131
f 8131 8134 8135
f 8134 8137 8135
f 8134 7996 8137
f 7993 7996 8134
f 8140 8139 8138
f 8139 8136 8135
f 8139 8135 8138
f 8138 8135 8141
f 8000 8137 7999
f 8000 8141 8137
f 8141 8135 8137
f 8137 7996 7999
f 8144 8143 8142
f 8143 8140 8138
f 8143 8138 8142
f 8142 8138 8145
f 8004 8141 8003
f 8004 8145 8141
f 8145 8138 8141
f 8141 8000 8003

