# https://github.com/mikedh/trimesh
v -0.74467904 -0.74466472 -0.52492996
v -0.74465052 -0.74469325 -0.52492996
v -0.74465052 -0.74466472 -0.53331181
v -0.74473837 -0.74466472 -0.50051508
v -0.74465052 -0.74475258 -0.50051508
v -0.74466102 -0.74466472 -0.47610019
v -0.74465052 -0.74467522 -0.47610019
v -0.74465052 -0.74466472 -0.47457538
v -0.74465052 -0.74338813 -0.52492996
v -0.74465052 -0.74174328 -0.50051508
v -0.74465052 -0.74423171 -0.47610019
v -0.74473423 -0.64700368 -0.45168531
v -0.74465052 -0.65436663 -0.45168531
v -0.74465052 -0.64700368 -0.45637215
v -0.74474875 -0.64700368 -0.42727042
v -0.74465052 -0.65434206 -0.42727042
v -0.74472479 -0.64700368 -0.40285554
v -0.74465052 -0.65101737 -0.40285554
v -0.74465052 -0.64700368 -0.38075690
v -0.74496426 -0.62258842 -0.45168531
v -0.74465052 -0.62258842 -0.47076463
v -0.74521710 -0.62258842 -0.42727042
v -0.74527048 -0.62258842 -0.40285554
v -0.74495452 -0.62258842 -0.37844066
v -0.74465052 -0.64639969 -0.37844066
v -0.74465052 -0.62258842 -0.35938320
v -0.74471015 -0.59817316 -0.54934484
v -0.74465052 -0.61068503 -0.54934484
v -0.74465052 -0.59817316 -0.55596403
v -0.74466428 -0.59817316 -0.52492996
v -0.74465052 -0.60132445 -0.52492996
v -0.74481832 -0.59817316 -0.50051508
v -0.74465052 -0.61135095 -0.50051508
v -0.74482320 -0.59817316 -0.47610019
v -0.74465052 -0.61433086 -0.47610019
v -0.74506541 -0.59817316 -0.45168531
v -0.74545467 -0.59817316 -0.42727042
v -0.74561352 -0.59817316 -0.40285554
v -0.74518662 -0.59817316 -0.37844066
v -0.74476677 -0.59817316 -0.35402577
v -0.74465052 -0.61219792 -0.35402577
v -0.74465052 -0.59817316 -0.34491373
v -0.74474798 -0.59817316 0.13427190
v -0.74465052 -0.60343199 0.13427190
v -0.74465052 -0.59817316 0.12557948
v -0.74465052 -0.59817316 0.14021041
v -0.74465052 -0.59505391 -0.54934484
v -0.74465052 -0.59617710 -0.52492996
v -0.74468690 -0.57375790 -0.50051508
v -0.74465052 -0.57375790 -0.50517047
v -0.74489448 -0.57375790 -0.47610019
v -0.74509481 -0.57375790 -0.45168531
v -0.74528132 -0.57375790 -0.42727042
v -0.74548865 -0.57375790 -0.40285554
v -0.74500703 -0.57375790 -0.37844066
v -0.74465052 -0.58215783 -0.35402577
v -0.74465052 -0.57375790 -0.35756127
v -0.74484106 -0.57375790 0.13427190
v -0.74465052 -0.57375790 0.12500398
v -0.74485582 -0.57375790 0.15868679
v -0.74465052 -0.58364062 0.15868679
v -0.74465052 -0.57375790 0.17227281
v -0.74465052 -0.57171603 -0.50051508
v -0.74473945 -0.54934264 -0.47610019
v -0.74465052 -0.54934264 -0.48056148
v -0.74506214 -0.54934264 -0.45168531
v -0.74536594 -0.54934264 -0.42727042
v -0.74510867 -0.54934264 -0.40285554
v -0.74465052 -0.55795421 -0.37844066
v -0.74465052 -0.54934264 -0.38568895
v -0.74466168 -0.54934264 -0.20753647
v -0.74465052 -0.55064948 -0.20753647
v -0.74465052 -0.54934264 -0.20989526
v -0.74465052 -0.54934264 -0.20624162
v -0.74499979 -0.54934264 0.13427190
v -0.74465052 -0.54934264 0.11803734
v -0.74529301 -0.54934264 0.15868679
v -0.74509256 -0.54934264 0.18310167
v -0.74465052 -0.56720882 0.18310167
v -0.74483642 -0.54934264 0.20751655
v -0.74465052 -0.55604992 0.20751655
v -0.74470522 -0.54934264 0.23193144
v -0.74465052 -0.55147859 0.23193144
v -0.74465052 -0.54934264 0.24668563
v -0.74483119 -0.54934264 0.28076121
v -0.74465052 -0.55421510 0.28076121
v -0.74465052 -0.54934264 0.26036830
v -0.74465052 -0.54934264 0.29283062
v -0.74465052 -0.54530855 -0.47610019
v -0.74474285 -0.52492738 -0.45168531
v -0.74465052 -0.52492738 -0.45584752
v -0.74511819 -0.52492738 -0.42727042
v -0.74487822 -0.52492738 -0.40285554
v -0.74465052 -0.52492738 -0.39195961
v -0.74466809 -0.52492738 -0.25636624
v -0.74465052 -0.52678432 -0.25636624
v -0.74465052 -0.52492738 -0.25899545
v -0.74465052 -0.52492738 -0.24381590
v -0.74465052 -0.54867675 -0.20753647
v -0.74484545 -0.52492738 0.10985702
v -0.74465052 -0.53771943 0.10985702
v -0.74465052 -0.52492738 0.09509144
v -0.74537274 -0.52492738 0.13427190
v -0.74544235 -0.52492738 0.15868679
v -0.74538270 -0.52492738 0.18310167
v -0.74498124 -0.52492738 0.20751655
v -0.74465052 -0.53691826 0.23193144
v -0.74465052 -0.52492738 0.22860336
v -0.74482205 -0.52492738 0.25634632
v -0.74465052 -0.54514176 0.25634632
v -0.74465052 -0.52492738 0.23765638
v -0.74510993 -0.52492738 0.28076121
v -0.74495321 -0.52492738 0.30517609
v -0.74465052 -0.54011601 0.30517609
v -0.74465052 -0.52492738 0.32536497
v -0.74465052 -0.52042954 -0.45168531
v -0.74485958 -0.50051212 -0.42727042
v -0.74465052 -0.50051212 -0.43555719
v -0.74473883 -0.50051212 -0.40285554
v -0.74465052 -0.50051212 -0.39688923
v -0.74465052 -0.52292794 -0.25636624
v -0.74499273 -0.50051212 0.10985702
v -0.74465052 -0.50051212 0.09436985
v -0.74531263 -0.50051212 0.13427190
v -0.74522011 -0.50051212 0.15868679
v -0.74520268 -0.50051212 0.18310167
v -0.74465052 -0.50393340 0.20751655
v -0.74465052 -0.50051212 0.20536359
v -0.74469349 -0.50051212 0.25634632
v -0.74465052 -0.50051212 0.25305841
v -0.74503907 -0.50051212 0.28076121
v -0.74537228 -0.50051212 0.30517609
v -0.74499979 -0.50051212 0.32959097
v -0.74465052 -0.52118455 0.32959097
v -0.74465052 -0.50051212 0.34203321
v -0.74465052 -0.48980525 -0.42727042
v -0.74465052 -0.48725192 -0.40285554
v -0.74472243 -0.47609686 0.10985702
v -0.74465052 -0.47609686 0.10501124
v -0.74508592 -0.47609686 0.13427190
v -0.74519686 -0.47609686 0.15868679
v -0.74502338 -0.47609686 0.18310167
v -0.74466974 -0.47609686 0.20751655
v -0.74465052 -0.48245582 0.20751655
v -0.74465052 -0.47609686 0.21019073
v -0.74465052 -0.49344118 0.25634632
v -0.74506083 -0.47609686 0.28076121
v -0.74465052 -0.47609686 0.26127593
v -0.74520167 -0.47609686 0.30517609
v -0.74471843 -0.47609686 0.32959097
v -0.74465052 -0.47609686 0.33195674
v -0.74465052 -0.47189006 0.10985702
v -0.74465052 -0.45214186 0.13427190
v -0.74502601 -0.45168160 0.15868679
v -0.74465052 -0.45168160 0.13480528
v -0.74500389 -0.45168160 0.18310167
v -0.74471273 -0.45168160 0.20751655
v -0.74465052 -0.45168160 0.22111007
v -0.74494687 -0.45168160 0.25634632
v -0.74465052 -0.46974111 0.25634632
v -0.74465052 -0.45168160 0.23539828
v -0.74485072 -0.45168160 0.28076121
v -0.74486458 -0.45168160 0.30517609
v -0.74465052 -0.46918174 0.32959097
v -0.74465052 -0.45168160 0.31875449
v -0.74466088 -0.42726635 -0.03663228
v -0.74465052 -0.43508547 -0.03663228
v -0.74465052 -0.42726635 -0.03738714
v -0.74465052 -0.42726635 -0.03525632
v -0.74465052 -0.43947807 0.15868679
v -0.74465052 -0.43623670 0.18310167
v -0.74467165 -0.42726635 0.20751655
v -0.74465052 -0.42726635 0.20526594
v -0.74480940 -0.42726635 0.23193144
v -0.74465052 -0.44589735 0.23193144
v -0.74485525 -0.42726635 0.25634632
v -0.74465052 -0.43091008 0.28076121
v -0.74465052 -0.42726635 0.27718686
v -0.74465052 -0.43993706 0.30517609
v -0.74465052 -0.42667291 -0.03663228
v -0.74465052 -0.42655166 0.20751655
v -0.74465052 -0.42100383 0.23193144
v -0.74465052 -0.41921916 0.25634632
v -0.72023613 -0.74466736 -0.52492996
v -0.72023613 -0.74466472 -0.52522740
v -0.73904084 -0.74466472 -0.50051508
v -0.72023613 -0.74466472 -0.52471424
v -0.74427509 -0.74466472 -0.47610019
v -0.72539927 -0.74466472 -0.37844066
v -0.72023613 -0.74468863 -0.37844066
v -0.72023613 -0.74466472 -0.38060674
v -0.72023613 -0.74466472 -0.37651694
v -0.72023613 -0.74435854 -0.52492996
v -0.72023613 -0.74325944 -0.37844066
v -0.73377802 -0.64700368 -0.45168531
v -0.72023613 -0.65367113 -0.42727042
v -0.72023613 -0.64700368 -0.44105634
v -0.72023613 -0.66573802 -0.40285554
v -0.72764278 -0.64700368 -0.37844066
v -0.72023613 -0.64743810 -0.37844066
v -0.72023613 -0.64700368 -0.37832051
v -0.72023613 -0.64129041 -0.45168531
v -0.72023613 -0.62258842 -0.46549766
v -0.72023613 -0.62258842 -0.36951146
v -0.73968486 -0.59817316 -0.54934484
v -0.73735653 -0.59817316 -0.52492996
v -0.72952675 -0.59817316 -0.50051508
v -0.72561475 -0.59817316 -0.47610019
v -0.72023613 -0.59817316 -0.47213084
v -0.72023613 -0.59898647 -0.35402577
v -0.72023613 -0.59817316 -0.35330868
v -0.73959159 -0.59817316 0.13427190
v -0.72769061 -0.57375790 -0.50051508
v -0.72023613 -0.58859837 -0.47610019
v -0.72023613 -0.57375790 -0.49627336
v -0.72023613 -0.59643252 -0.35402577
v -0.72023613 -0.57375790 -0.37013608
v -0.72023613 -0.57790503 0.13427190
v -0.72023613 -0.57375790 0.12896746
v -0.72378658 -0.57375790 0.15868679
v -0.72023613 -0.57375790 0.15099533
v -0.72980095 -0.54934264 -0.47610019
v -0.72023613 -0.55984513 -0.47610019
v -0.72023613 -0.54934264 -0.46812263
v -0.72023613 -0.56714517 -0.37844066
v -0.72023613 -0.54934264 -0.38897580
v -0.74410188 -0.54934264 -0.20753647
v -0.72023613 -0.54934264 0.11837545
v -0.72023613 -0.57063072 0.15868679
v -0.72023613 -0.55750912 0.18310167
v -0.72337179 -0.54934264 0.20751655
v -0.72023613 -0.54934264 0.20436313
v -0.74051209 -0.54934264 0.23193144
v -0.72259464 -0.54934264 0.28076121
v -0.72518571 -0.52492738 -0.45168531
v -0.72023613 -0.52897858 -0.45168531
v -0.72023613 -0.52492738 -0.45008146
v -0.72023613 -0.52492738 -0.39297833
v -0.74364101 -0.52492738 -0.25636624
v -0.72023613 -0.53493123 0.10985702
v -0.72023613 -0.52492738 0.10579249
v -0.72023613 -0.54237663 0.20751655
v -0.73737690 -0.52492738 0.23193144
v -0.72023613 -0.53266790 0.23193144
v -0.72023613 -0.53508002 0.25634632
v -0.72023613 -0.54848592 0.28076121
v -0.72023613 -0.54385863 0.30517609
v -0.72023613 -0.52492738 0.32417141
v -0.72023613 -0.50051212 -0.43081125
v -0.72387789 -0.50051212 -0.40285554
v -0.72023613 -0.50190361 -0.40285554
v -0.72023613 -0.50051212 -0.40649538
v -0.72023613 -0.50051212 0.10656630
v -0.72023613 -0.51801414 0.20751655
v -0.72023613 -0.50051212 0.19970519
v -0.72023613 -0.51998717 0.23193144
v -0.72023613 -0.50051212 0.25038904
v -0.72023613 -0.50695195 0.32959097
v -0.72023613 -0.50051212 0.33115981
v -0.72023613 -0.49599305 -0.42727042
v -0.73251170 -0.47609686 0.10985702
v -0.72023613 -0.48695667 0.10985702
v -0.72023613 -0.47609686 0.11260784
v -0.73639933 -0.47609686 0.20751655
v -0.72023613 -0.47609686 0.20469155
v -0.73331762 -0.47609686 0.25634632
v -0.72023613 -0.47609686 0.23563585
v -0.73975908 -0.47609686 0.32959097
v -0.72023613 -0.49772960 0.32959097
v -0.72023613 -0.47609686 0.31463598
v -0.74396768 -0.45168160 0.13427190
v -0.72023613 -0.45168160 0.12219187
v -0.72158483 -0.45168160 0.20751655
v -0.72023613 -0.45168160 0.20722420
v -0.72023613 -0.45168160 0.24328878
v -0.72914888 -0.45168160 0.30517609
v -0.72023613 -0.46191965 0.30517609
v -0.72023613 -0.45168160 0.29606598
v -0.74357900 -0.42726635 -0.03663228
v -0.72023613 -0.44203588 0.13427190
v -0.72023613 -0.43807740 0.15868679
v -0.72023613 -0.43551269 0.18310167
v -0.72881906 -0.42726635 0.20751655
v -0.72494229 -0.42726635 0.23193144
v -0.73050680 -0.42726635 0.25634632
v -0.72023613 -0.43688550 0.25634632
v -0.72023613 -0.44368796 0.28076121
v -0.72006424 -0.74466472 -0.52492996
v -0.69582175 -0.74480515 -0.37844066
v -0.69582175 -0.74466472 -0.38553260
v -0.69582175 -0.74466472 -0.37300686
v -0.69582175 -0.73877004 -0.37844066
v -0.70166932 -0.64700368 -0.42727042
v -0.69582175 -0.65818440 -0.40285554
v -0.69582175 -0.64700368 -0.42218727
v -0.71969056 -0.64700368 -0.37844066
v -0.69582175 -0.64700368 -0.39010822
v -0.69582175 -0.63349130 -0.45168531
v -0.69582175 -0.62258842 -0.47068979
v -0.69582175 -0.64516933 -0.42727042
v -0.69582175 -0.63522014 -0.37844066
v -0.69582175 -0.62258842 -0.37289704
v -0.69582175 -0.59817316 -0.46328810
v -0.71400570 -0.59817316 -0.35402577
v -0.69582175 -0.59817316 -0.35698636
v -0.70818585 -0.57375790 -0.47610019
v -0.69582175 -0.57375790 -0.45632561
v -0.69582175 -0.57375790 -0.36072875
v -0.70609572 -0.57375790 0.10985702
v -0.69582175 -0.58373130 0.10985702
v -0.69582175 -0.57375790 0.09598092
v -0.69582175 -0.58084639 0.13427190
v -0.69582175 -0.57375790 0.14198030
v -0.70734470 -0.54934264 -0.45168531
v -0.69582175 -0.57015378 -0.45168531
v -0.69582175 -0.54934264 -0.44635319
v -0.69582175 -0.55852171 -0.37844066
v -0.69582175 -0.54934264 -0.38364328
v -0.71301683 -0.54934264 0.10985702
v -0.69582175 -0.54934264 0.09754401
v -0.69582175 -0.56648311 0.15868679
v -0.69582175 -0.55623262 0.18310167
v -0.69582175 -0.54934264 0.20194950
v -0.70758191 -0.54934264 0.30517609
v -0.69582175 -0.55238108 0.30517609
v -0.69582175 -0.54934264 0.29248640
v -0.69582175 -0.54934264 0.32291041
v -0.69582175 -0.52492738 -0.43390412
v -0.69582175 -0.52492738 -0.39149003
v -0.69582175 -0.52492738 0.10093415
v -0.69582175 -0.54636909 0.20751655
v -0.69582175 -0.54116280 0.23193144
v -0.69582175 -0.54130592 0.25634632
v -0.69582175 -0.54492746 0.28076121
v -0.69582175 -0.52492738 0.32450625
v -0.69582175 -0.50051212 -0.42943708
v -0.71814584 -0.50051212 -0.40285554
v -0.69582175 -0.50051212 -0.39088530
v -0.69582175 -0.50051212 0.10719634
v -0.71051853 -0.50051212 0.20751655
v -0.70418035 -0.50051212 0.23193144
v -0.69582175 -0.50565888 0.32959097
v -0.69582175 -0.50051212 0.33030475
v -0.69582175 -0.49692545 -0.42727042
v -0.69582175 -0.48985446 -0.40285554
v -0.69582175 -0.48165506 0.10985702
v -0.69582175 -0.47609686 0.11073574
v -0.69582175 -0.47888482 0.20751655
v -0.69582175 -0.47609686 0.20258720
v -0.71292534 -0.47609686 0.23193144
v -0.69582175 -0.47609686 0.21730494
v -0.69582175 -0.49833300 0.32959097
v -0.69582175 -0.47609686 0.31090761
v -0.70025395 -0.45168160 0.10985702
v -0.69582175 -0.46955444 0.10985702
v -0.69582175 -0.45168160 0.10687321
v -0.69582175 -0.45168160 0.19250459
v -0.69582175 -0.47138320 0.23193144
v -0.69582175 -0.45168160 0.25489667
v -0.69582175 -0.46821239 0.30517609
v -0.69582175 -0.45168160 0.28377080
v -0.69582175 -0.44810680 0.10985702
v -0.69582175 -0.43854562 0.13427190
v -0.69582175 -0.43509183 0.15868679
v -0.69582175 -0.43253546 0.18310167
v -0.69630573 -0.42726635 0.20751655
v -0.69582175 -0.42729831 0.20751655
v -0.69582175 -0.42726635 0.20733225
v -0.69582175 -0.42726635 0.20754646
v -0.69582175 -0.45089661 0.25634632
v -0.69582175 -0.45105647 0.28076121
v -0.69582175 -0.42725653 0.20751655
v -0.68523215 -0.74466472 -0.37844066
v -0.67140736 -0.66253803 -0.40285554
v -0.67140736 -0.64700368 -0.42317093
v -0.67140736 -0.64700368 -0.39363940
v -0.68178792 -0.62258842 -0.47610019
v -0.67140736 -0.62703885 -0.47610019
v -0.67140736 -0.62258842 -0.48083026
v -0.67140736 -0.63234764 -0.45168531
v -0.67140736 -0.64563653 -0.42727042
v -0.67140736 -0.63426922 -0.37844066
v -0.67140736 -0.62258842 -0.37269588
v -0.67559030 -0.59817316 -0.50051508
v -0.67140736 -0.60072506 -0.50051508
v -0.67140736 -0.59817316 -0.50310519
v -0.67140736 -0.60404953 -0.47610019
v -0.67140736 -0.59817316 -0.48574103
v -0.67140736 -0.59817316 -0.47369799
v -0.67140736 -0.59817316 -0.35458826
v -0.67140736 -0.59604034 -0.50051508
v -0.68710639 -0.57375790 -0.45168531
v -0.67140736 -0.57932148 -0.45168531
v -0.67140736 -0.57375790 -0.44944055
v -0.68530580 -0.57375790 -0.35402577
v -0.67140736 -0.59693696 -0.35402577
v -0.67140736 -0.57375790 -0.34554551
v -0.67850595 -0.57375790 0.10985702
v -0.67140736 -0.57674598 0.13427190
v -0.67140736 -0.57375790 0.12384306
v -0.67140736 -0.57375790 0.14346442
v -0.67140736 -0.54934264 -0.43897813
v -0.68819038 -0.54934264 -0.37844066
v -0.67140736 -0.55393555 -0.35402577
v -0.67140736 -0.54934264 -0.35598958
v -0.67760863 -0.54934264 0.08544214
v -0.67140736 -0.55761351 0.08544214
v -0.67140736 -0.54934264 0.07481884
v -0.67140736 -0.56922043 0.10985702
v -0.67140736 -0.56928302 0.15868679
v -0.67140736 -0.55598023 0.18310167
v -0.67140736 -0.54934264 0.20327554
v -0.67140736 -0.55319965 0.30517609
v -0.67140736 -0.54934264 0.29226533
v -0.67140736 -0.54934264 0.31457281
v -0.67140736 -0.52492738 -0.42867492
v -0.67971771 -0.52492738 -0.37844066
v -0.67140736 -0.52492738 -0.37077420
v -0.67140736 -0.54044421 0.08544214
v -0.67140736 -0.52492738 0.09517645
v -0.67140736 -0.54730988 0.20751655
v -0.67140736 -0.54320721 0.23193144
v -0.67140736 -0.53988161 0.25634632
v -0.67140736 -0.54170006 0.28076121
v -0.68058829 -0.52492738 0.30517609
v -0.67140736 -0.53920690 0.30517609
v -0.67140736 -0.52492738 0.29495233
v -0.67140736 -0.50051212 -0.43123067
v -0.67776434 -0.50051212 -0.37844066
v -0.67140736 -0.50051212 -0.37535341
v -0.67140736 -0.50051212 0.10653315
v -0.67576528 -0.50051212 0.28076121
v -0.67140736 -0.50498996 0.28076121
v -0.67140736 -0.50051212 0.27762150
v -0.69330103 -0.50051212 0.30517609
v -0.69376324 -0.50051212 0.32959097
v -0.67140736 -0.49351952 -0.42727042
v -0.67140736 -0.49095191 -0.40285554
v -0.67140736 -0.49753651 -0.37844066
v -0.68986266 -0.47609686 0.10985702
v -0.67140736 -0.47609686 0.10718999
v -0.68297271 -0.47609686 0.18310167
v -0.67140736 -0.48475735 0.18310167
v -0.67140736 -0.47609686 0.17818051
v -0.67140736 -0.48328808 0.20751655
v -0.68086317 -0.47609686 0.23193144
v -0.67140736 -0.47848265 0.23193144
v -0.67879493 -0.47609686 0.25634632
v -0.67140736 -0.47887306 0.25634632
v -0.67140736 -0.47942477 0.28076121
v -0.67140736 -0.47609686 0.27701008
v -0.67355893 -0.47609686 0.30517609
v -0.67140736 -0.47609686 0.29498177
v -0.67140736 -0.45168160 0.10180259
v -0.68876798 -0.45168160 0.18310167
v -0.67140736 -0.45168160 0.17181340
v -0.69457534 -0.45168160 0.25634632
v -0.69459561 -0.45168160 0.28076121
v -0.67140736 -0.47552039 0.28076121
v -0.67140736 -0.44248295 0.10985702
v -0.67140736 -0.43594413 0.13427190
v -0.67140736 -0.43170866 0.15868679
v -0.69577023 -0.42726635 0.20751655
v -0.64699298 -0.65903059 -0.40285554
v -0.64699298 -0.64700368 -0.41450744
v -0.64699298 -0.64700368 -0.38713107
v -0.66162064 -0.62258842 -0.47610019
v -0.64699298 -0.62750361 -0.45168531
v -0.64699298 -0.62258842 -0.46519200
v -0.64699298 -0.63535584 -0.42727042
v -0.64699298 -0.64007534 -0.37844066
v -0.64699298 -0.62258842 -0.37164035
v -0.64699298 -0.59972377 -0.50051508
v -0.64699298 -0.59817316 -0.50328353
v -0.66520600 -0.59817316 -0.47610019
v -0.64699298 -0.60754373 -0.47610019
v -0.66061445 -0.59817316 -0.45168531
v -0.64699298 -0.61439758 -0.45168531
v -0.64699298 -0.59817316 -0.47115571
v -0.64699298 -0.59817316 -0.44073231
v -0.66622812 -0.59817316 -0.35402577
v -0.64699298 -0.59947887 -0.35402577
v -0.64699298 -0.59817316 -0.35300170
v -0.64699298 -0.59519779 -0.50051508
v -0.64699298 -0.59632833 -0.47610019
v -0.65613693 -0.57375790 -0.42727042
v -0.64699298 -0.58668468 -0.42727042
v -0.64699298 -0.57375790 -0.41496044
v -0.64699298 -0.57375790 -0.34678896
v -0.66671739 -0.57375790 0.13427190
v -0.66609330 -0.54934264 -0.42727042
v -0.65104540 -0.54934264 -0.40285554
v -0.64699298 -0.55668073 -0.40285554
v -0.64699298 -0.54934264 -0.39469793
v -0.66735760 -0.54934264 -0.35402577
v -0.64699298 -0.54934264 -0.34960255
v -0.64699298 -0.55463603 0.08544214
v -0.64699298 -0.54934264 0.07025799
v -0.64699298 -0.55840655 0.10985702
v -0.64699298 -0.56326612 0.13427190
v -0.64699298 -0.56646296 0.15868679
v -0.65052163 -0.54934264 0.18310167
v -0.64699298 -0.54934264 0.18087283
v -0.65163736 -0.54934264 0.30517609
v -0.67029347 -0.52492738 -0.42727042
v -0.64699298 -0.53950459 -0.40285554
v -0.64699298 -0.52492738 -0.40903730
v -0.64699298 -0.53138482 -0.35402577
v -0.64699298 -0.52492738 -0.35871843
v -0.65459725 -0.52492738 0.08544214
v -0.64699298 -0.52492738 0.07921472
v -0.64699298 -0.54790402 0.18310167
v -0.64699298 -0.54816825 0.20751655
v -0.64699298 -0.54462765 0.23193144
v -0.64699298 -0.54153049 0.25634632
v -0.64803417 -0.52492738 0.28076121
v -0.64699298 -0.52492738 0.27994477
v -0.65683276 -0.50051212 -0.42727042
v -0.64699298 -0.50051212 -0.41986124
v -0.64699298 -0.50051212 -0.36912535
v -0.64699298 -0.51049648 0.08544214
v -0.64699298 -0.50051212 0.08953762
v -0.64902111 -0.50051212 0.20751655
v -0.64699298 -0.50075485 0.20751655
v -0.64699298 -0.50051212 0.20688691
v -0.64699298 -0.50051212 0.20781011
v -0.64699298 -0.50051212 0.27368601
v -0.64699298 -0.49338196 -0.40285554
v -0.64699298 -0.49353157 -0.37844066
v -0.64699298 -0.47609686 0.09769315
v -0.64699298 -0.49413185 0.18310167
v -0.64699298 -0.47609686 0.16035684
v -0.64699298 -0.47838044 0.23193144
v -0.64699298 -0.48603158 0.25634632
v -0.66948725 -0.47609686 0.28076121
v -0.64699298 -0.45168160 0.10283879
v -0.65177932 -0.45168160 0.15868679
v -0.64699298 -0.46815321 0.15868679
v -0.64699298 -0.45168160 0.14958563
v -0.64699298 -0.43976512 0.10985702
v -0.64699298 -0.43756164 0.13427190
v -0.64148129 -0.64700368 -0.40285554
v -0.64375326 -0.62258842 -0.45168531
v -0.63844028 -0.62258842 -0.42727042
v -0.62507155 -0.62258842 -0.40285554
v -0.62705135 -0.62258842 -0.37844066
v -0.64433573 -0.59817316 -0.50051508
v -0.64308728 -0.59817316 -0.47610019
v -0.63741173 -0.59817316 -0.42727042
v -0.62612010 -0.59817316 -0.40285554
v -0.62257859 -0.61739785 -0.37844066
v -0.62257859 -0.59817316 -0.39327174
v -0.62257859 -0.60673268 -0.35402577
v -0.62257859 -0.59817316 -0.34758390
v -0.63864975 -0.57375790 -0.40285554
v -0.62925419 -0.57375790 -0.37844066
v -0.62257859 -0.58540498 -0.37844066
v -0.62257859 -0.57375790 -0.36965949
v -0.62257859 -0.57375790 -0.34401008
v -0.62257859 -0.55051774 -0.37844066
v -0.62257859 -0.54934264 -0.37880399
v -0.62257859 -0.54934264 -0.34692741
v -0.62928471 -0.54934264 0.08544214
v -0.62806732 -0.54934264 0.10985702
v -0.62257859 -0.55114819 0.13427190
v -0.62257859 -0.54934264 0.12550943
v -0.62257859 -0.55135479 0.15868679
v -0.62257859 -0.54934264 0.16306898
v -0.64154799 -0.52492738 -0.40285554
v -0.62257859 -0.52492738 -0.38567163
v -0.62257859 -0.53384801 -0.35402577
v -0.62257859 -0.52492738 -0.36257770
v -0.62257859 -0.54379840 0.08544214
v -0.62257859 -0.52492738 0.07546745
v -0.62257859 -0.54674478 0.10985702
v -0.62257859 -0.54155537 0.18310167
v -0.62257859 -0.54296668 0.20751655
v -0.62257859 -0.54349038 0.23193144
v -0.62693737 -0.52492738 0.25634632
v -0.62257859 -0.52492738 0.25313610
v -0.63083927 -0.50051212 -0.40285554
v -0.62257859 -0.50051212 -0.39314276
v -0.62257859 -0.50051212 -0.36805103
v -0.62744863 -0.50051212 0.08544214
v -0.62257859 -0.50051212 0.08449806
v -0.64515260 -0.50051212 0.20751655
v -0.62692517 -0.50051212 0.25634632
v -0.62257859 -0.50051212 0.25159767
v -0.62257859 -0.49416072 -0.37844066
v -0.62680478 -0.47609686 0.08544214
v -0.62257859 -0.47609686 0.08206619
v -0.64301022 -0.47609686 0.15868679
v -0.62257859 -0.48895906 0.15868679
v -0.62257859 -0.47609686 0.14947312
v -0.62257859 -0.49744722 0.18310167
v -0.62257859 -0.49373688 0.20751655
v -0.64298177 -0.47609686 0.23193144
v -0.62257859 -0.47609686 0.21790407
v -0.62559453 -0.47609686 0.25634632
v -0.62257859 -0.48363257 0.25634632
v -0.62306413 -0.47609686 0.28076121
v -0.62257859 -0.47621874 0.28076121
v -0.62257859 -0.47609686 0.28110130
v -0.62902287 -0.45168160 0.08544214
v -0.62257859 -0.45168160 0.07122316
v -0.62257859 -0.45168160 0.13670302
v -0.62257859 -0.46533633 0.23193144
v -0.62257859 -0.47360554 0.25634632
v -0.62257859 -0.47592833 0.28076121
v -0.62425704 -0.42726635 0.03661237
v -0.62257859 -0.42943089 0.03661237
v -0.62257859 -0.42726635 0.02912942
v -0.62257859 -0.42726635 0.04213298
v -0.62257859 -0.44571345 0.08544214
v -0.62257859 -0.44404901 0.10985702
v -0.62257859 -0.43931645 0.13427190
v -0.62257859 -0.42529465 0.03661237
v -0.59816421 -0.61525499 -0.37844066
v -0.59816421 -0.59817316 -0.39574178
v -0.59816421 -0.61264625 -0.35402577
v -0.59816421 -0.59817316 -0.34171227
v -0.61351975 -0.57375790 -0.37844066
v -0.59816421 -0.57375790 -0.38782109
v -0.59816421 -0.57375790 -0.33714263
v -0.59816421 -0.54934264 -0.38519159
v -0.59816421 -0.54934264 -0.34132801
v -0.61857930 -0.54934264 0.13427190
v -0.61943424 -0.54934264 0.15868679
v -0.59816421 -0.52492738 -0.38175676
v -0.61050033 -0.52492738 -0.35402577
v -0.59816421 -0.52492738 -0.34769834
v -0.59816421 -0.53584684 0.08544214
v -0.59816421 -0.52492738 0.08063806
v -0.59816421 -0.54321283 0.10985702
v -0.59816421 -0.54122256 0.13427190
v -0.59816421 -0.53748438 0.15868679
v -0.59816421 -0.53397232 0.18310167
v -0.59816421 -0.53253776 0.20751655
v -0.60002805 -0.52492738 0.23193144
v -0.59816421 -0.52492738 0.22811799
v -0.61003615 -0.50051212 -0.37844066
v -0.59816421 -0.51317433 -0.37844066
v -0.60914598 -0.50051212 -0.35402577
v -0.59816421 -0.50051212 -0.36716856
v -0.59816421 -0.50051212 -0.34742286
v -0.61850342 -0.50051212 0.08544214
v -0.59816421 -0.51174641 0.08544214
v -0.59816421 -0.50051212 0.08881494
v -0.59908473 -0.50051212 0.18310167
v -0.59816421 -0.50085701 0.18310167
v -0.59816421 -0.50051212 0.18295265
v -0.59816421 -0.50051212 0.18340234
v -0.59816421 -0.52170620 0.23193144
v -0.59816421 -0.50051212 0.24549083
v -0.59816421 -0.49617874 -0.35402577
v -0.60588118 -0.47609686 -0.01221740
v -0.59816421 -0.49738057 -0.01221740
v -0.59816421 -0.47609686 -0.01822078
v -0.59816421 -0.47609686 0.00638636
v -0.61228596 -0.47609686 0.08544214
v -0.59816421 -0.47609686 0.08996186
v -0.61073491 -0.47609686 0.15868679
v -0.59816421 -0.47609686 0.17500480
v -0.59816421 -0.47616537 0.20751655
v -0.59816421 -0.47609686 0.20767804
v -0.59816421 -0.48580667 0.25634632
v -0.62125034 -0.47609686 0.28076121
v -0.59816421 -0.47609686 0.27548637
v -0.59816421 -0.46312637 -0.01221740
v -0.59835958 -0.45168160 0.03661237
v -0.59816421 -0.45187615 0.03661237
v -0.59816421 -0.45168160 0.03623977
v -0.59816421 -0.45168160 0.03803063
v -0.59816421 -0.46242983 0.08544214
v -0.59816421 -0.45168160 0.07010177
v -0.61108273 -0.45168160 0.15868679
v -0.59816421 -0.45168160 0.17037251
v -0.59816421 -0.46603487 0.23193144
v -0.59816421 -0.46872298 0.25634632
v -0.59816421 -0.42726635 0.02387351
v -0.59816421 -0.42726635 0.04983074
v -0.59816421 -0.44031544 0.08544214
v -0.59816421 -0.43288977 0.10985702
v -0.61743235 -0.42726635 0.13427190
v -0.59816421 -0.42726635 0.12165587
v -0.59816421 -0.42894656 0.15868679
v -0.59816421 -0.42726635 0.15451938
v -0.59816421 -0.42439387 0.03661237
v -0.59816421 -0.41033965 0.13427190
v -0.58046700 -0.62258842 -0.35402577
v -0.57374982 -0.62685787 -0.35402577
v -0.57374982 -0.62258842 -0.35727779
v -0.57374982 -0.62258842 -0.34201014
v -0.57813083 -0.59817316 -0.37844066
v -0.57652300 -0.59817316 -0.35402577
v -0.57374982 -0.60621845 -0.35402577
v -0.57374982 -0.59408232 -0.37844066
v -0.57374982 -0.57375790 -0.38740690
v -0.57374982 -0.59364142 -0.35402577
v -0.57374982 -0.57375790 -0.34266849
v -0.57374982 -0.54934264 -0.38639730
v -0.57785777 -0.54934264 -0.32961089
v -0.57374982 -0.55539440 -0.32961089
v -0.57374982 -0.54934264 -0.32657994
v -0.57374982 -0.52492738 -0.38493559
v -0.57885395 -0.52492738 -0.32961089
v -0.57374982 -0.52492738 -0.32541681
v -0.57374982 -0.52808501 0.08544214
v -0.57374982 -0.52492738 0.08424473
v -0.57374982 -0.54171456 0.10985702
v -0.57374982 -0.53304313 0.13427190
v -0.57374982 -0.52759351 0.15868679
v -0.58404861 -0.52492738 0.18310167
v -0.57374982 -0.52492738 0.16650922
v -0.58700330 -0.52492738 0.20751655
v -0.58765553 -0.50051212 -0.37844066
v -0.57374982 -0.50051212 -0.38522246
v -0.57374982 -0.50870664 -0.32961089
v -0.57374982 -0.50051212 -0.33338361
v -0.57374982 -0.51544928 0.08544214
v -0.57374982 -0.50051212 0.08817463
v -0.59795753 -0.50051212 0.18310167
v -0.57374982 -0.51752922 0.18310167
v -0.57374982 -0.51134275 0.20751655
v -0.57374982 -0.50238262 0.23193144
v -0.57374982 -0.50051212 0.23327887
v -0.57374982 -0.48843460 -0.37844066
v -0.57374982 -0.49176859 -0.35402577
v -0.58767207 -0.47609686 -0.01221740
v -0.57374982 -0.47609686 0.08717313
v -0.59165956 -0.47609686 0.18310167
v -0.57374982 -0.48893020 0.20751655
v -0.57374982 -0.47609686 0.19776544
v -0.59319526 -0.47609686 0.23193144
v -0.57374982 -0.49891755 0.23193144
v -0.59258672 -0.47609686 0.25634632
v -0.59734306 -0.45168160 0.03661237
v -0.57388367 -0.45168160 0.06102725
v -0.57374982 -0.45169149 0.06102725
v -0.57374982 -0.45168160 0.06095153
v -0.57374982 -0.47341176 0.08544214
v -0.57374982 -0.46137965 0.18310167
v -0.57374982 -0.45168160 0.16728360
v -0.59412640 -0.42726635 0.03661237
v -0.57374982 -0.45165285 0.06102725
v -0.58091649 -0.42726635 0.08544214
v -0.57374982 -0.42726635 0.08185060
v -0.58837579 -0.42726635 0.10985702
v -0.57374982 -0.44151224 0.15868679
v -0.57374982 -0.42726635 0.13768134
v -0.57374982 -0.42047642 0.08544214
v -0.58201760 -0.40285109 0.10985702
v -0.57374982 -0.40285109 0.09581004
v -0.57374982 -0.42224270 0.13427190
v -0.57374982 -0.40285109 0.12391116
v -0.57374982 -0.39568422 0.10985702
v -0.56397285 -0.74466472 -0.30519600
v -0.54933544 -0.74480859 -0.30519600
v -0.54933544 -0.74466472 -0.31078580
v -0.54933544 -0.74466472 -0.29541041
v -0.55377366 -0.72024946 -0.30519600
v -0.54933544 -0.72024946 -0.30879544
v -0.54933544 -0.72024946 -0.30140588
v -0.54933544 -0.69652495 -0.30519600
v -0.57109502 -0.62258842 -0.35402577
v -0.55852935 -0.57375790 -0.37844066
v -0.56448059 -0.57375790 -0.35402577
v -0.54933544 -0.55869601 -0.37844066
v -0.54933544 -0.54934264 -0.38770430
v -0.54933544 -0.55838693 -0.35402577
v -0.56641680 -0.54934264 -0.32961089
v -0.54933544 -0.54934264 -0.34129655
v -0.54933544 -0.52492738 -0.40109428
v -0.54933544 -0.54357882 -0.32961089
v -0.55389529 -0.52492738 -0.30519600
v -0.54933544 -0.52948228 -0.30519600
v -0.54933544 -0.52492738 -0.29936877
v -0.56816353 -0.52492738 0.08544214
v -0.54933544 -0.53758415 0.10985702
v -0.54933544 -0.52492738 0.09551032
v -0.54933544 -0.52743446 0.13427190
v -0.56665638 -0.52492738 0.15868679
v -0.54933544 -0.52492738 0.14039470
v -0.55701918 -0.50051212 -0.40285554
v -0.54933544 -0.52247860 -0.40285554
v -0.54933544 -0.50051212 -0.41266761
v -0.56268363 -0.50051212 -0.32961089
v -0.55459593 -0.50051212 -0.30519600
v -0.54933544 -0.50051212 -0.29390974
v -0.56721399 -0.50051212 0.08544214
v -0.54933544 -0.51421459 0.08544214
v -0.54933544 -0.50051212 0.07921358
v -0.54933544 -0.51509108 0.15868679
v -0.54933544 -0.50742543 0.18310167
v -0.56315120 -0.50051212 0.20751655
v -0.54933544 -0.50051212 0.19355708
v -0.57162947 -0.50051212 0.23193144
v -0.54933544 -0.48981175 -0.40285554
v -0.55848084 -0.47609686 -0.37844066
v -0.54933544 -0.47609686 -0.38541352
v -0.54933544 -0.49025854 -0.35402577
v -0.54933544 -0.47609686 -0.37323237
v -0.54933544 -0.49823283 -0.32961089
v -0.54933544 -0.49656298 -0.30519600
v -0.57133840 -0.47609686 0.08544214
v -0.54933544 -0.47609686 0.06745483
v -0.54989808 -0.47609686 0.18310167
v -0.54933544 -0.47704177 0.18310167
v -0.54933544 -0.47609686 0.18262790
v -0.54933544 -0.47332707 -0.37844066
v -0.54933544 -0.45740667 0.06102725
v -0.54933544 -0.45168160 0.05913640
v -0.56383978 -0.45168160 0.15868679
v -0.54933544 -0.45913854 0.15868679
v -0.54933544 -0.45168160 0.13742680
v -0.54933544 -0.44948228 0.06102725
v -0.57080410 -0.42726635 0.08544214
v -0.54933544 -0.43593962 0.08544214
v -0.56506761 -0.42726635 0.10985702
v -0.54933544 -0.43771854 0.10985702
v -0.57256868 -0.42726635 0.13427190
v -0.54933544 -0.45055088 0.13427190
v -0.55194428 -0.40285109 0.08544214
v -0.54933544 -0.40384896 0.08544214
v -0.54933544 -0.40285109 0.08378891
v -0.55280748 -0.40285109 0.10985702
v -0.54933544 -0.40285109 0.09392701
v -0.54933544 -0.40214681 0.08544214
v -0.52492105 -0.74468622 -0.30519600
v -0.52492105 -0.74466472 -0.30603395
v -0.52492105 -0.74466472 -0.30396008
v -0.54482184 -0.72024946 -0.30519600
v -0.52492105 -0.74326412 -0.30519600
v -0.53109322 -0.54934264 -0.52492996
v -0.52492105 -0.55346118 -0.52492996
v -0.52492105 -0.54934264 -0.53711471
v -0.52492105 -0.54934264 -0.51247655
v -0.52644179 -0.54934264 -0.40285554
v -0.52492105 -0.55011983 -0.40285554
v -0.52492105 -0.54934264 -0.40422447
v -0.52492105 -0.55290109 -0.37844066
v -0.52937757 -0.54934264 -0.35402577
v -0.52492105 -0.54934264 -0.36716140
v -0.52492105 -0.54612627 -0.52492996
v -0.52492105 -0.54523588 -0.40285554
v -0.52915430 -0.52492738 -0.37844066
v -0.52492105 -0.54083413 -0.37844066
v -0.52492105 -0.54015343 -0.35402577
v -0.52492105 -0.52492738 -0.36642648
v -0.52492105 -0.54366276 -0.32961089
v -0.52492105 -0.53948434 -0.30519600
v -0.52492105 -0.52492738 -0.28128007
v -0.52679963 -0.52492738 0.08544214
v -0.52492105 -0.52575008 0.08544214
v -0.52492105 -0.52492738 0.08490006
v -0.52492105 -0.53747407 0.10985702
v -0.53396469 -0.52492738 0.13427190
v -0.52492105 -0.52492738 0.13002060
v -0.52989024 -0.52492738 0.30517609
v -0.52492105 -0.52695680 0.30517609
v -0.52492105 -0.52492738 0.30223365
v -0.52492105 -0.52492738 0.30671731
v -0.52513229 -0.50051212 -0.40285554
v -0.53751615 -0.50051212 -0.37844066
v -0.52492105 -0.50051212 -0.36283622
v -0.53306544 -0.50051212 -0.28078112
v -0.52492105 -0.52266560 -0.28078112
v -0.52492105 -0.50051212 -0.25712381
v -0.52492105 -0.50051212 0.06633702
v -0.52492105 -0.52282151 0.13427190
v -0.52492105 -0.50538195 0.15868679
v -0.52492105 -0.50198944 0.18310167
v -0.52492105 -0.50051212 0.18508868
v -0.53789732 -0.50051212 0.30517609
v -0.52492105 -0.50051212 0.30120118
v -0.52492105 -0.50051212 0.31055554
v -0.54116458 -0.47609686 -0.37844066
v -0.52492105 -0.48093503 -0.35402577
v -0.52492105 -0.48431599 -0.32961089
v -0.52492105 -0.48811459 -0.30519600
v -0.52492105 -0.49689005 -0.28078112
v -0.53965608 -0.47609686 0.06102725
v -0.52492105 -0.49442619 0.06102725
v -0.52492105 -0.47609686 0.05112881
v -0.52492105 -0.49821362 0.18310167
v -0.52492105 -0.47609686 0.16119563
v -0.52492105 -0.49404502 0.30517609
v -0.54633669 -0.45168160 0.06102725
v -0.52492105 -0.46607824 0.06102725
v -0.52492105 -0.45168160 0.07087819
v -0.54677486 -0.45168160 0.13427190
v -0.52492105 -0.46080699 0.13427190
v -0.52492105 -0.45168160 0.12197909
v -0.52492105 -0.47396903 0.15868679
v -0.53276174 -0.42726635 0.08544214
v -0.52492105 -0.42726635 0.08088485
v -0.53433017 -0.42726635 0.10985702
v -0.52492105 -0.42726635 0.11424264
v -0.52492105 -0.40285109 0.08231548
v -0.52492105 -0.40662024 0.10985702
v -0.52492105 -0.40285109 0.10455062
v -0.52492105 -0.39727118 0.08544214
v -0.52303323 -0.74466472 -0.30519600
v -0.51105022 -0.54934264 -0.54934484
v -0.50050666 -0.55299410 -0.54934484
v -0.50050666 -0.54934264 -0.55656500
v -0.51842143 -0.54934264 -0.52492996
v -0.50050666 -0.54934264 -0.54405179
v -0.51318115 -0.54934264 -0.42727042
v -0.50050666 -0.55689605 -0.42727042
v -0.50050666 -0.54934264 -0.44729415
v -0.50050666 -0.56335794 -0.40285554
v -0.50050666 -0.56687187 -0.37844066
v -0.52056161 -0.54934264 -0.35402577
v -0.50050666 -0.55851444 -0.35402577
v -0.50050666 -0.54934264 -0.33532554
v -0.50050666 -0.54689527 -0.54934484
v -0.50050666 -0.52970458 -0.42727042
v -0.50050666 -0.53757210 -0.40285554
v -0.50050666 -0.54059325 -0.37844066
v -0.50050666 -0.52492738 -0.35639501
v -0.50050666 -0.54202917 -0.32961089
v -0.50050666 -0.53853305 -0.30519600
v -0.51975885 -0.52492738 -0.28078112
v -0.50050666 -0.52748394 -0.28078112
v -0.50050666 -0.52492738 -0.27800656
v -0.50050666 -0.53505979 0.08544214
v -0.50050666 -0.52492738 0.07688523
v -0.50050666 -0.53324991 0.10985702
v -0.50050666 -0.52492738 0.11951041
v -0.51804568 -0.52492738 0.30517609
v -0.50050666 -0.50051212 -0.35515694
v -0.50741877 -0.50051212 -0.28078112
v -0.50050666 -0.51294264 -0.28078112
v -0.50050666 -0.50051212 -0.28367239
v -0.51525401 -0.50051212 0.06102725
v -0.50050666 -0.50617584 0.06102725
v -0.50050666 -0.50051212 0.05422836
v -0.50050666 -0.51267790 0.13427190
v -0.50077194 -0.50051212 0.15868679
v -0.50050666 -0.50051212 0.15858786
v -0.51754383 -0.50051212 0.18310167
v -0.50705998 -0.50051212 0.30517609
v -0.50050666 -0.49271435 -0.35402577
v -0.50050666 -0.48440494 -0.32961089
v -0.50050666 -0.47783381 -0.30519600
v -0.50050666 -0.47609686 0.05591577
v -0.50050666 -0.50020991 0.15868679
v -0.50050666 -0.47609686 0.17141606
v -0.50050666 -0.47079355 0.06102725
v -0.50050666 -0.45168160 0.07363463
v -0.50050666 -0.45826533 0.13427190
v -0.50050666 -0.45168160 0.11839319
v -0.50103754 -0.45168160 0.15868679
v -0.50050666 -0.45168160 0.15696065
v -0.50050666 -0.45168160 0.15938721
v -0.50050666 -0.42726635 0.07964948
v -0.50259959 -0.42726635 0.10985702
v -0.50050666 -0.43099177 0.10985702
v -0.50050666 -0.42726635 0.10837415
v -0.50050666 -0.45111300 0.15868679
v -0.50050666 -0.40285109 0.08202206
v -0.52169262 -0.40285109 0.10985702
v -0.50050666 -0.42549418 0.10985702
v -0.50050666 -0.40285109 0.12263007
v -0.50050666 -0.39629039 0.08544214
v -0.50050666 -0.39103429 0.10985702
v -0.47974906 -0.57375790 -0.40285554
v -0.47609228 -0.57437557 -0.40285554
v -0.47609228 -0.57375790 -0.40381407
v -0.47609228 -0.57375790 -0.39663722
v -0.49605018 -0.54934264 -0.54934484
v -0.48766636 -0.54934264 -0.42727042
v -0.48930810 -0.54934264 -0.40285554
v -0.47609228 -0.57132314 -0.40285554
v -0.47609228 -0.57031265 -0.37844066
v -0.47609228 -0.54934264 -0.39464316
v -0.49281567 -0.54934264 -0.35402577
v -0.47609228 -0.54934264 -0.36663172
v -0.47609228 -0.53151855 -0.37844066
v -0.48657892 -0.52492738 -0.35402577
v -0.48371613 -0.52492738 -0.32961089
v -0.47609228 -0.53461726 -0.30519600
v -0.47609228 -0.52492738 -0.32550592
v -0.49472467 -0.52492738 -0.28078112
v -0.47609228 -0.52492738 -0.28744111
v -0.49187765 -0.52492738 0.08544214
v -0.47609228 -0.52707068 0.10985702
v -0.47609228 -0.52492738 0.10578072
v -0.47609228 -0.52492738 0.11275586
v -0.49916607 -0.50051212 -0.35402577
v -0.48120338 -0.50051212 -0.32961089
v -0.47626944 -0.50051212 -0.30519600
v -0.47609228 -0.50067147 -0.30519600
v -0.48676070 -0.50051212 -0.25636624
v -0.47609228 -0.50576920 -0.25636624
v -0.47609228 -0.50051212 -0.26247903
v -0.47609228 -0.50051212 -0.25195113
v -0.47609228 -0.50643746 0.06102725
v -0.47609228 -0.50051212 0.05420853
v -0.47609228 -0.51276189 0.08544214
v -0.47609228 -0.50571821 0.13427190
v -0.47609228 -0.50051212 0.14650248
v -0.47609228 -0.48701408 -0.25636624
v -0.47609228 -0.47609686 0.05493189
v -0.47609228 -0.49541910 0.15868679
v -0.49293749 -0.47609686 0.18310167
v -0.47609228 -0.48408611 0.18310167
v -0.47609228 -0.47609686 0.19043334
v -0.47609228 -0.46170666 0.06102725
v -0.47609228 -0.45168160 0.07513832
v -0.47983006 -0.45168160 0.13427190
v -0.47609228 -0.46329260 0.18310167
v -0.47609228 -0.45168160 0.16622725
v -0.48140584 -0.45168160 0.30517609
v -0.47609228 -0.46799884 0.30517609
v -0.47609228 -0.45168160 0.30125252
v -0.47609228 -0.45168160 0.31190748
v -0.48041675 -0.42726635 0.08544214
v -0.47609228 -0.43373811 0.08544214
v -0.47609228 -0.43507114 0.10985702
v -0.47609228 -0.44839078 0.13427190
v -0.47609228 -0.42762132 0.15868679
v -0.47644684 -0.42726635 0.18310167
v -0.47609228 -0.42871194 0.18310167
v -0.47609228 -0.42726635 0.16100184
v -0.47609228 -0.42726635 0.18390004
v -0.47912956 -0.42726635 0.30517609
v -0.47609228 -0.42726635 0.30325314
v -0.47718270 -0.42726635 0.32959097
v -0.47609228 -0.42740580 0.32959097
v -0.47609228 -0.42726635 0.32965020
v -0.47609228 -0.42203366 0.08544214
v -0.47609228 -0.40285109 0.07959417
v -0.47609228 -0.42333391 0.10985702
v -0.48002585 -0.40285109 0.13427190
v -0.47609228 -0.40669007 0.13427190
v -0.47609228 -0.40285109 0.13701147
v -0.47609228 -0.42664476 0.18310167
v -0.47609228 -0.41399486 0.30517609
v -0.48044515 -0.40285109 0.32959097
v -0.47609228 -0.40285109 0.31322513
v -0.47609228 -0.40285109 0.33252839
v -0.47970447 -0.37843583 0.08544214
v -0.47609228 -0.37843583 0.08298680
v -0.47609228 -0.38618660 0.10985702
v -0.47609228 -0.37843583 0.09504358
v -0.47609228 -0.40057746 0.13427190
v -0.47609228 -0.39983905 0.32959097
v -0.47609228 -0.37681002 0.08544214
v -0.45180109 -0.74466472 0.74464400
v -0.45167789 -0.74466675 0.74464400
v -0.45167789 -0.74466472 0.74454326
v -0.45167789 -0.74466472 0.74464603
v -0.45167789 -0.74453638 0.74464400
v -0.45167789 -0.58057839 -0.40285554
v -0.45167789 -0.57375790 -0.41206006
v -0.45167789 -0.57375790 -0.37897152
v -0.45596977 -0.54934264 -0.40285554
v -0.45167789 -0.54934264 -0.40828440
v -0.45167789 -0.57316618 -0.37844066
v -0.45167789 -0.54934264 -0.36884808
v -0.45167789 -0.54712236 -0.40285554
v -0.45167789 -0.53800059 -0.37844066
v -0.45167789 -0.53249224 -0.30519600
v -0.45167789 -0.52492738 -0.32747892
v -0.46051827 -0.52492738 -0.28078112
v -0.45167789 -0.52944945 -0.28078112
v -0.45167789 -0.52492738 -0.27694113
v -0.46858587 -0.52492738 0.10985702
v -0.47599951 -0.50051212 -0.30519600
v -0.45167789 -0.50051212 -0.32908198
v -0.46351008 -0.50051212 -0.28078112
v -0.45968642 -0.50051212 -0.25636624
v -0.45167789 -0.50051212 -0.25997370
v -0.45167789 -0.50202654 0.06102725
v -0.45167789 -0.50051212 0.05928018
v -0.45167789 -0.51669833 0.08544214
v -0.45167789 -0.51566598 0.10985702
v -0.46386262 -0.50051212 0.13427190
v -0.45167789 -0.50051212 0.12567186
v -0.46932635 -0.47609686 -0.30519600
v -0.45167789 -0.47609686 -0.31667471
v -0.45600008 -0.47609686 -0.28078112
v -0.46619479 -0.47609686 -0.25636624
v -0.45167789 -0.49339432 -0.25636624
v -0.45167789 -0.47609686 -0.24944821
v -0.45167789 -0.47609686 0.04873096
v -0.45167789 -0.49661054 0.13427190
v -0.45167789 -0.48996879 0.15868679
v -0.46299876 -0.47609686 0.18310167
v -0.45167789 -0.47609686 0.17696751
v -0.45504433 -0.47609686 0.28076121
v -0.45167789 -0.47789422 0.28076121
v -0.45167789 -0.47609686 0.27852093
v -0.45167789 -0.47609686 0.28231620
v -0.45167789 -0.46069803 -0.30519600
v -0.45167789 -0.47201812 -0.28078112
v -0.45167789 -0.47287058 -0.25636624
v -0.45167789 -0.45742053 0.06102725
v -0.45167789 -0.45168160 0.06801671
v -0.45560522 -0.45168160 0.15868679
v -0.45167789 -0.45239610 0.15868679
v -0.45167789 -0.45168160 0.15614549
v -0.45867044 -0.45168160 0.18310167
v -0.45167789 -0.45891454 0.18310167
v -0.45167789 -0.45168160 0.16298103
v -0.45167789 -0.45168160 0.18487740
v -0.45518649 -0.45168160 0.28076121
v -0.45167789 -0.45168160 0.27539841
v -0.46804004 -0.45168160 0.30517609
v -0.45167789 -0.45168160 0.28811887
v -0.45509882 -0.42726635 -0.10987693
v -0.45167789 -0.42807691 -0.10987693
v -0.45167789 -0.42726635 -0.11058079
v -0.45167789 -0.42726635 -0.10813882
v -0.45167789 -0.44000184 0.08544214
v -0.45167789 -0.44658339 0.10985702
v -0.45167789 -0.43540636 0.13427190
v -0.47593440 -0.42726635 0.15868679
v -0.45167789 -0.44977777 0.15868679
v -0.45167789 -0.42726635 0.14078827
v -0.47287084 -0.42726635 0.18310167
v -0.45167789 -0.43966360 0.18310167
v -0.45167789 -0.42726635 0.17601746
v -0.45167789 -0.44032160 0.28076121
v -0.47224444 -0.42726635 0.30517609
v -0.47599322 -0.42726635 0.32959097
v -0.45167789 -0.42602510 -0.10987693
v -0.45167789 -0.40863506 0.08544214
v -0.45167789 -0.40285109 0.07965847
v -0.45205659 -0.40285109 0.10985702
v -0.45167789 -0.40285109 0.10897748
v -0.47092835 -0.40285109 0.13427190
v -0.45167789 -0.42061132 0.15868679
v -0.46734477 -0.40285109 0.32959097
v -0.45670995 -0.37843583 0.08544214
v -0.45167789 -0.38225863 0.08544214
v -0.42726351 -0.74494037 0.74464400
v -0.42726351 -0.74466472 0.72354526
v -0.42726351 -0.74466472 0.74491964
v -0.42726351 -0.72390443 0.74464400
v -0.42737644 -0.62258842 -0.32961089
v -0.42726351 -0.62274127 -0.32961089
v -0.42726351 -0.62258842 -0.33574526
v -0.42726351 -0.62258842 -0.32958188
v -0.42726351 -0.62256005 -0.32961089
v -0.43416860 -0.57375790 -0.40285554
v -0.43541950 -0.54934264 -0.40285554
v -0.42916170 -0.54934264 -0.37844066
v -0.44772654 -0.52492738 -0.32961089
v -0.42726351 -0.52982226 -0.32961089
v -0.42726351 -0.52492738 -0.33716474
v -0.42726351 -0.54219714 -0.30519600
v -0.42726351 -0.53921666 -0.28078112
v -0.42726351 -0.52492738 -0.26761699
v -0.42726351 -0.51636835 -0.32961089
v -0.42726351 -0.50051212 -0.31974010
v -0.44783274 -0.50051212 -0.25636624
v -0.42726351 -0.51073122 -0.25636624
v -0.42726351 -0.50051212 -0.24736981
v -0.42726351 -0.50232025 0.06102725
v -0.42726351 -0.50051212 0.05895587
v -0.42726351 -0.51535526 0.08544214
v -0.42726351 -0.51022278 0.10985702
v -0.42726351 -0.50051212 0.12601833
v -0.42726351 -0.47609686 -0.31117627
v -0.43278212 -0.47609686 -0.23195135
v -0.42726351 -0.48009454 -0.23195135
v -0.42726351 -0.47609686 -0.22345585
v -0.42726351 -0.47609686 0.04617775
v -0.42726351 -0.49574011 0.13427190
v -0.42726351 -0.48567347 0.15868679
v -0.42726351 -0.47609686 0.18038710
v -0.43075272 -0.47609686 0.25634632
v -0.42726351 -0.47789747 0.25634632
v -0.42726351 -0.47609686 0.25251066
v -0.45047005 -0.47609686 0.28076121
v -0.42726351 -0.47609686 0.25827774
v -0.43773101 -0.45168160 -0.30519600
v -0.42726351 -0.45168160 -0.30924415
v -0.43927415 -0.45168160 -0.28078112
v -0.42726351 -0.46538445 -0.25636624
v -0.42726351 -0.45168160 -0.26891133
v -0.42726351 -0.47337010 -0.23195135
v -0.43008832 -0.45168160 0.03661237
v -0.42726351 -0.45685745 0.03661237
v -0.42726351 -0.45168160 0.03193269
v -0.44409182 -0.45168160 0.06102725
v -0.44984920 -0.45168160 0.15868679
v -0.44115861 -0.45168160 0.18310167
v -0.42726351 -0.45168160 0.17495125
v -0.42726351 -0.47141393 0.25634632
v -0.44849406 -0.45168160 0.28076121
v -0.42726351 -0.44425718 -0.30519600
v -0.42726351 -0.44293388 -0.28078112
v -0.44909123 -0.42726635 -0.10987693
v -0.43362756 -0.42726635 -0.08546205
v -0.42726351 -0.43100954 -0.08546205
v -0.42726351 -0.42726635 -0.09407553
v -0.42726351 -0.42726635 -0.07989621
v -0.42726351 -0.43429503 0.03661237
v -0.43350633 -0.42726635 0.06102725
v -0.42726351 -0.42726635 0.04015070
v -0.43721504 -0.42726635 0.08544214
v -0.43878108 -0.42726635 0.10985702
v -0.42726351 -0.43073180 0.13427190
v -0.42726351 -0.42726635 0.12511916
v -0.44357633 -0.42726635 0.15868679
v -0.42726351 -0.44334224 0.15868679
v -0.42733813 -0.40285109 -0.08546205
v -0.42726351 -0.40285109 -0.08641166
v -0.42726351 -0.40285109 -0.08534934
v -0.42930959 -0.40285109 0.06102725
v -0.42726351 -0.40285109 0.05800348
v -0.42726351 -0.41785679 0.10985702
v -0.42726351 -0.40285109 0.09336715
v -0.42726351 -0.40273400 -0.08546205
v -0.43006575 -0.37843583 0.06102725
v -0.42726351 -0.37843583 0.03849995
v -0.42726351 -0.39843704 0.08544214
v -0.42726351 -0.37843583 0.06294465
v -0.42726351 -0.37716173 0.06102725
v -0.40284912 -0.74477053 0.74464400
v -0.40284912 -0.74466472 0.73271796
v -0.40284912 -0.74466472 0.74474980
v -0.40284912 -0.73945307 0.74464400
v -0.42722512 -0.62258842 -0.32961089
v -0.41019004 -0.54934264 -0.30519600
v -0.40284912 -0.56415003 -0.30519600
v -0.40284912 -0.54934264 -0.31776482
v -0.40284912 -0.54934264 -0.30049307
v -0.40871643 -0.52492738 -0.32961089
v -0.40284912 -0.52492738 -0.32803716
v -0.40284912 -0.53495849 -0.28078112
v -0.40284912 -0.52492738 -0.27229911
v -0.40284912 -0.50051212 -0.31608027
v -0.40934966 -0.50051212 -0.25636624
v -0.40284912 -0.50051212 -0.26200121
v -0.42232908 -0.50051212 0.06102725
v -0.40284912 -0.50152466 0.08544214
v -0.40284912 -0.50051212 0.08365583
v -0.41733478 -0.50051212 0.10985702
v -0.40284912 -0.50051212 0.08652995
v -0.40284912 -0.47609686 -0.30794632
v -0.40284912 -0.48490246 -0.25636624
v -0.40284912 -0.48595428 -0.23195135
v -0.40307486 -0.47609686 -0.20753647
v -0.40284912 -0.47613675 -0.20753647
v -0.40284912 -0.47609686 -0.20746099
v -0.40284912 -0.48574670 0.06102725
v -0.40284912 -0.47609686 0.04798233
v -0.40284912 -0.47885614 0.10985702
v -0.40284912 -0.47698793 0.13427190
v -0.40869950 -0.47609686 0.15868679
v -0.40284912 -0.47609686 0.13756428
v -0.41586442 -0.47609686 0.18310167
v -0.40284912 -0.47749434 0.18310167
v -0.40284912 -0.47609686 0.17548735
v -0.40284912 -0.47609686 0.20266116
v -0.42509900 -0.47609686 0.25634632
v -0.41621626 -0.45168160 -0.30519600
v -0.40284912 -0.46747737 -0.30519600
v -0.40284912 -0.45168160 -0.29625158
v -0.41098655 -0.45168160 -0.25636624
v -0.40284912 -0.45412438 -0.23195135
v -0.40284912 -0.45168160 -0.23563533
v -0.40284912 -0.47594358 -0.20753647
v -0.40802989 -0.45168160 0.01219748
v -0.40284912 -0.45908448 0.01219748
v -0.40284912 -0.45168160 0.00488557
v -0.40284912 -0.46850583 0.03661237
v -0.40284912 -0.46469611 0.15868679
v -0.40284912 -0.46832750 0.18310167
v -0.40284912 -0.45168160 0.17187961
v -0.40333676 -0.45168160 0.20751655
v -0.40284912 -0.46224165 0.20751655
v -0.40284912 -0.45168160 0.20553548
v -0.40284912 -0.45168160 0.20822198
v -0.40333403 -0.42726635 -0.28078112
v -0.40284912 -0.42726635 -0.28263525
v -0.40284912 -0.44344512 -0.25636624
v -0.40284912 -0.42726635 -0.27995620
v -0.40721295 -0.42726635 -0.08546205
v -0.40508994 -0.42726635 -0.06104717
v -0.40284912 -0.42964688 -0.06104717
v -0.40284912 -0.42726635 -0.07597131
v -0.40284912 -0.42726635 -0.05917251
v -0.40284912 -0.43518426 0.01219748
v -0.42576588 -0.42726635 0.03661237
v -0.40284912 -0.42726635 0.01417499
v -0.40284912 -0.44340342 0.13427190
v -0.40284912 -0.42726635 0.11305014
v -0.40284912 -0.44641798 0.15868679
v -0.40284912 -0.45143916 0.20751655
v -0.40284912 -0.42663052 -0.28078112
v -0.42641034 -0.40285109 -0.08546205
v -0.40284912 -0.42225919 -0.06104717
v -0.40490046 -0.40285109 -0.01221740
v -0.40284912 -0.41297593 -0.01221740
v -0.40284912 -0.40285109 -0.01695344
v -0.41060013 -0.40285109 0.01219748
v -0.40284912 -0.42425351 0.01219748
v -0.41534908 -0.40285109 0.03661237
v -0.42031506 -0.40285109 0.08544214
v -0.40284912 -0.41698601 0.08544214
v -0.40284912 -0.40285109 0.07498248
v -0.40284912 -0.42551988 0.10985702
v -0.40284912 -0.39152676 -0.01221740
v -0.40994519 -0.37843583 0.01219748
v -0.40284912 -0.37843583 -0.00432236
v -0.42597244 -0.37843583 0.03661237
v -0.42519962 -0.37843583 0.06102725
v -0.40284912 -0.39198549 0.06102725
v -0.40284912 -0.37843583 0.03958396
v -0.40284912 -0.36864101 0.01219748
v -0.40284912 -0.37584258 0.03661237
v -0.39883937 -0.74466472 0.74464400
v -0.38303521 -0.57375790 -0.47610019
v -0.37843474 -0.57826204 -0.47610019
v -0.37843474 -0.57375790 -0.48296789
v -0.37843474 -0.57375790 -0.46626103
v -0.37843474 -0.56935771 -0.47610019
v -0.38951652 -0.54934264 -0.30519600
v -0.40219199 -0.52492738 -0.74466391
v -0.37843474 -0.53815616 -0.74466391
v -0.37843474 -0.52492738 -0.74485400
v -0.37843474 -0.52492738 -0.72639218
v -0.39201741 -0.52492738 -0.32961089
v -0.37843474 -0.52884268 -0.32961089
v -0.37843474 -0.52492738 -0.33179608
v -0.37843474 -0.54484759 -0.30519600
v -0.38366055 -0.52492738 -0.28078112
v -0.37843474 -0.52492738 -0.28511986
v -0.37843474 -0.51108102 -0.74466391
v -0.38935563 -0.50051212 -0.72024903
v -0.37843474 -0.51573600 -0.72024903
v -0.37843474 -0.50051212 -0.73054768
v -0.37843474 -0.50051212 -0.70941120
v -0.37843474 -0.52252970 -0.32961089
v -0.38889529 -0.50051212 -0.30519600
v -0.37843474 -0.51012086 -0.30519600
v -0.39090451 -0.50051212 -0.28078112
v -0.40220673 -0.50051212 0.08544214
v -0.37843474 -0.49298911 -0.72024903
v -0.39682150 -0.47609686 -0.30519600
v -0.38903119 -0.47609686 -0.28078112
v -0.39890758 -0.47609686 -0.25636624
v -0.37843474 -0.49178307 -0.23195135
v -0.37843474 -0.47609686 -0.24394012
v -0.40278789 -0.47609686 -0.20753647
v -0.37843474 -0.47609686 -0.22449655
v -0.37924449 -0.47609686 0.01219748
v -0.37843474 -0.47628527 0.01219748
v -0.37843474 -0.47609686 0.01183120
v -0.38644085 -0.47609686 0.03661237
v -0.37843474 -0.47920054 0.03661237
v -0.37843474 -0.48091225 0.06102725
v -0.39304015 -0.47609686 0.08544214
v -0.37843474 -0.47609686 0.06315272
v -0.40150760 -0.47609686 0.10985702
v -0.40245426 -0.47609686 0.13427190
v -0.39723339 -0.47609686 0.18310167
v -0.40144506 -0.47609686 0.20751655
v -0.37843474 -0.48205020 0.20751655
v -0.37843474 -0.47609686 0.19412273
v -0.37843474 -0.47609686 0.21558754
v -0.37843474 -0.45683820 -0.28078112
v -0.37843474 -0.45168160 -0.28815344
v -0.37843474 -0.46216394 -0.25636624
v -0.40009400 -0.45168160 -0.23195135
v -0.37843474 -0.45168160 -0.21425261
v -0.39222789 -0.45168160 -0.15870670
v -0.37843474 -0.45522279 -0.15870670
v -0.37843474 -0.45168160 -0.16481627
v -0.37843474 -0.45168160 -0.15474044
v -0.38412947 -0.45168160 0.01219748
v -0.37843474 -0.47107193 0.01219748
v -0.37843474 -0.45168160 0.01390503
v -0.39100630 -0.45168160 0.08544214
v -0.37843474 -0.45168160 0.07021007
v -0.39498867 -0.45168160 0.10985702
v -0.39699534 -0.45168160 0.13427190
v -0.39001219 -0.45168160 0.15868679
v -0.40070718 -0.45168160 0.20751655
v -0.37843474 -0.45963999 0.20751655
v -0.37843474 -0.42726635 -0.30050231
v -0.38425011 -0.42726635 -0.25636624
v -0.37843474 -0.43828313 -0.23195135
v -0.37843474 -0.42726635 -0.24786018
v -0.38056681 -0.42726635 -0.15870670
v -0.37843474 -0.42726635 -0.17600701
v -0.37843474 -0.42726635 -0.15735379
v -0.40059064 -0.42726635 -0.06104717
v -0.37843474 -0.42726635 0.03119695
v -0.37848973 -0.42726635 0.06102725
v -0.37843474 -0.42734067 0.06102725
v -0.37843474 -0.42726635 0.06061211
v -0.39795046 -0.42726635 0.08544214
v -0.40135696 -0.42726635 0.10985702
v -0.38650326 -0.40285109 -0.28078112
v -0.37843474 -0.40285109 -0.29544458
v -0.37843474 -0.41427053 -0.25636624
v -0.37843474 -0.40285109 -0.26365497
v -0.37843474 -0.42503177 -0.15870670
v -0.39850510 -0.40285109 -0.01221740
v -0.38775755 -0.40285109 0.01219748
v -0.37843474 -0.40285109 0.02718340
v -0.37843474 -0.42697983 0.06102725
v -0.37843474 -0.40285109 0.06353868
v -0.37843474 -0.39627696 -0.28078112
v -0.37843474 -0.38480479 0.01219748
v -0.37843474 -0.37843583 0.00873998
v -0.39666470 -0.37843583 0.03661237
v -0.37843474 -0.39302496 0.03661237
v -0.37843474 -0.37843583 0.01889207
v -0.37843474 -0.39821657 0.06102725
v -0.38629080 -0.35402057 0.01219748
v -0.37843474 -0.35402057 0.00707730
v -0.37843474 -0.35402057 0.01658337
v -0.37843474 -0.34863683 0.01219748
v -0.37514179 -0.57375790 -0.47610019
v -0.36783062 -0.54934264 -0.74466391
v -0.35402035 -0.55739955 -0.74466391
v -0.35402035 -0.54934264 -0.74487308
v -0.35402035 -0.54934264 -0.73430500
v -0.35402035 -0.52492738 -0.74497411
v -0.37219140 -0.52492738 -0.72024903
v -0.35402035 -0.53458868 -0.72024903
v -0.35402035 -0.52492738 -0.69917208
v -0.35409051 -0.52492738 -0.62258949
v -0.35402035 -0.52497630 -0.62258949
v -0.35402035 -0.52492738 -0.62266481
v -0.35402035 -0.52492738 -0.62253897
v -0.37217474 -0.52492738 -0.32961089
v -0.35990328 -0.52492738 -0.30519600
v -0.36743562 -0.50051212 -0.74466391
v -0.35402035 -0.50051212 -0.74484097
v -0.36035234 -0.50051212 -0.69583415
v -0.35402035 -0.51545078 -0.69583415
v -0.35402035 -0.50051212 -0.69367925
v -0.35402035 -0.52374979 -0.62258949
v -0.35402035 -0.48681449 -0.74466391
v -0.35402035 -0.48161369 -0.72024903
v -0.36851999 -0.47609686 -0.69583415
v -0.35402035 -0.47609686 -0.70924826
v -0.35402035 -0.47609686 -0.68724209
v -0.35402035 -0.47954698 -0.23195135
v -0.35402035 -0.47609686 -0.23674154
v -0.35402035 -0.47609686 -0.22324515
v -0.37779137 -0.47609686 0.01219748
v -0.36700262 -0.47609686 0.03661237
v -0.37589061 -0.47609686 0.06102725
v -0.36396099 -0.47609686 0.20751655
v -0.35402035 -0.46505587 -0.69583415
v -0.35402035 -0.45998169 -0.28078112
v -0.35402035 -0.45168160 -0.28511399
v -0.35402035 -0.45684170 -0.25636624
v -0.35402035 -0.45168160 -0.22217467
v -0.35402035 -0.45948785 -0.15870670
v -0.35402035 -0.45168160 -0.18010594
v -0.35402035 -0.45168160 -0.15425078
v -0.36441163 -0.45168160 -0.03663228
v -0.35402035 -0.45733271 -0.03663228
v -0.35402035 -0.45168160 -0.04737842
v -0.35402035 -0.45168160 -0.01567375
v -0.35402035 -0.46500486 0.03661237
v -0.35402035 -0.45168160 0.02713836
v -0.35402035 -0.45306828 0.06102725
v -0.35402035 -0.45168160 0.06191669
v -0.35402035 -0.42726635 -0.28880394
v -0.35402035 -0.44874572 -0.23195135
v -0.35402035 -0.42726635 -0.24674864
v -0.37448684 -0.42726635 -0.15870670
v -0.35402035 -0.44153432 -0.15870670
v -0.35402035 -0.44697913 -0.03663228
v -0.37381759 -0.42726635 0.03661237
v -0.35402035 -0.44620524 0.03661237
v -0.35402035 -0.43757901 0.06102725
v -0.36105902 -0.40285109 -0.28078112
v -0.35402035 -0.40864846 -0.28078112
v -0.35402035 -0.41865254 -0.25636624
v -0.35402035 -0.40705397 0.03661237
v -0.35402035 -0.40285109 0.03448546
v -0.35402035 -0.42066839 0.06102725
v -0.35402035 -0.40285109 0.06220722
v -0.37514342 -0.37843583 0.01219748
v -0.35402035 -0.39957408 0.03661237
v -0.35402035 -0.40098165 0.06102725
v -0.35402035 -0.35691994 0.01219748
v -0.35402035 -0.35402057 0.01079946
v -0.35402035 -0.35402057 0.01441404
v -0.35402035 -0.35062777 0.01219748
v -0.33303936 -0.74466472 -0.52492996
v -0.32960597 -0.74473612 -0.52492996
v -0.32960597 -0.74466472 -0.53369990
v -0.32960597 -0.74466472 -0.50782638
v -0.32960597 -0.73424828 -0.52492996
v -0.33838325 -0.69583420 -0.54934484
v -0.32960597 -0.70527789 -0.54934484
v -0.32960597 -0.69583420 -0.55743885
v -0.32960597 -0.69583420 -0.53663765
v -0.32960597 -0.68621692 -0.54934484
v -0.32960597 -0.55009605 -0.74466391
v -0.32960597 -0.54934264 -0.74467134
v -0.33136876 -0.54934264 -0.72024903
v -0.32960597 -0.55204491 -0.72024903
v -0.32960597 -0.54934264 -0.71858034
v -0.32960597 -0.52492738 -0.74487737
v -0.33673315 -0.52492738 -0.72024903
v -0.32960597 -0.54387953 -0.72024903
v -0.32960597 -0.52492738 -0.72669741
v -0.35143892 -0.52492738 -0.69583415
v -0.32960597 -0.53597777 -0.69583415
v -0.32960597 -0.52492738 -0.71450277
v -0.34078225 -0.52492738 -0.67141926
v -0.32960597 -0.54019125 -0.67141926
v -0.33412102 -0.52492738 -0.64700438
v -0.32960597 -0.53513533 -0.64700438
v -0.32960597 -0.54274189 -0.62258949
v -0.32960597 -0.52492738 -0.61795451
v -0.32960597 -0.50051212 -0.74529177
v -0.32960597 -0.51939053 -0.72024903
v -0.33059826 -0.50051212 -0.67141926
v -0.32960597 -0.51341178 -0.64700438
v -0.32960597 -0.50051212 -0.66688215
v -0.32960597 -0.51391478 -0.62258949
v -0.33607635 -0.50051212 -0.23195135
v -0.32960597 -0.51534978 -0.23195135
v -0.32960597 -0.50051212 -0.23849105
v -0.33472110 -0.50051212 -0.20753647
v -0.32960597 -0.50275178 -0.20753647
v -0.32960597 -0.50051212 -0.20333621
v -0.34840940 -0.47609686 -0.74466391
v -0.32960597 -0.47609686 -0.74512278
v -0.34909798 -0.47609686 -0.72024903
v -0.33378489 -0.47609686 -0.67141926
v -0.32960597 -0.47609686 -0.66430669
v -0.34596559 -0.47609686 -0.30519600
v -0.32960597 -0.49431287 -0.30519600
v -0.32960597 -0.47609686 -0.30992987
v -0.33124024 -0.47609686 -0.28078112
v -0.32960597 -0.47713954 -0.28078112
v -0.32960597 -0.47609686 -0.27867640
v -0.32960597 -0.47609686 -0.24607359
v -0.34588616 -0.47609686 -0.20753647
v -0.34334037 -0.47609686 -0.18312159
v -0.32960597 -0.48508735 -0.18312159
v -0.33853113 -0.47609686 -0.15870670
v -0.32960597 -0.48014950 -0.15870670
v -0.32960597 -0.47609686 -0.15255724
v -0.34398522 -0.45168160 -0.74466391
v -0.32960597 -0.45168160 -0.74487883
v -0.33422399 -0.45168160 -0.72024903
v -0.32960597 -0.45711761 -0.69583415
v -0.32960597 -0.45168160 -0.71008699
v -0.32960597 -0.46943028 -0.67141926
v -0.32960597 -0.45359039 -0.30519600
v -0.32960597 -0.45168160 -0.30318264
v -0.32960597 -0.45823966 -0.25636624
v -0.35175212 -0.45168160 -0.23195135
v -0.32960597 -0.46821281 -0.23195135
v -0.32960597 -0.45168160 -0.25360242
v -0.32960597 -0.46788895 -0.20753647
v -0.32960597 -0.46405393 -0.18312159
v -0.33466631 -0.45168160 -0.15870670
v -0.32960597 -0.45597327 -0.15870670
v -0.34815031 -0.45168160 -0.03663228
v -0.35242698 -0.45168160 -0.01221740
v -0.32960597 -0.46436373 -0.01221740
v -0.32960597 -0.45168160 -0.02266226
v -0.32960597 -0.45168160 0.00443228
v -0.34112619 -0.45168160 0.03661237
v -0.35242556 -0.45168160 0.06102725
v -0.32960597 -0.44407891 -0.74466391
v -0.32960597 -0.45015616 -0.72024903
v -0.32960597 -0.42726635 -0.29473960
v -0.32960597 -0.42726635 -0.25556723
v -0.32960597 -0.44073162 -0.01221740
v -0.34350970 -0.42726635 0.03661237
v -0.32960597 -0.44769239 0.03661237
v -0.32960597 -0.42726635 0.02332218
v -0.35184755 -0.42726635 0.06102725
v -0.32960597 -0.43565198 0.06102725
v -0.32960597 -0.42726635 0.07415828
v -0.32960597 -0.42321206 -0.28078112
v -0.32960597 -0.42656632 -0.25636624
v -0.32960597 -0.40285109 0.02621277
v -0.32960597 -0.40285109 0.06373340
v -0.32960597 -0.39091029 0.03661237
v -0.32960597 -0.40060107 0.06102725
v -0.35040914 -0.35402057 0.01219748
v -0.32339967 -0.74466472 -0.52492996
v -0.32507176 -0.69583420 -0.54934484
v -0.30520896 -0.59817316 -0.74466391
v -0.30519158 -0.59819484 -0.74466391
v -0.30519158 -0.59817316 -0.74466432
v -0.30519158 -0.59817316 -0.74458962
v -0.31705515 -0.57375790 -0.74466391
v -0.30519158 -0.57375790 -0.74488239
v -0.31002062 -0.57375790 -0.72024903
v -0.30519158 -0.57980642 -0.72024903
v -0.30519158 -0.57375790 -0.71449826
v -0.31157484 -0.57375790 -0.67141926
v -0.30519158 -0.58193801 -0.67141926
v -0.30519158 -0.57375790 -0.68188380
v -0.31289879 -0.57375790 -0.64700438
v -0.30519158 -0.59169047 -0.64700438
v -0.30519158 -0.57375790 -0.63551304
v -0.30519158 -0.54934264 -0.74478497
v -0.32251972 -0.54934264 -0.72024903
v -0.30519158 -0.56283034 -0.72024903
v -0.30519158 -0.54934264 -0.72780041
v -0.30840937 -0.54934264 -0.69583415
v -0.30519158 -0.55528704 -0.69583415
v -0.30519158 -0.54934264 -0.70702485
v -0.32372758 -0.54934264 -0.67141926
v -0.32515230 -0.54934264 -0.64700438
v -0.32342628 -0.54934264 -0.62258949
v -0.30519158 -0.55408131 -0.62258949
v -0.30519158 -0.54934264 -0.61862098
v -0.30519158 -0.52492738 -0.74499196
v -0.32354370 -0.52492738 -0.72024903
v -0.30519158 -0.54473138 -0.72024903
v -0.30519158 -0.52492738 -0.60326996
v -0.30519158 -0.50051212 -0.74543958
v -0.32408893 -0.50051212 -0.64700438
v -0.30519158 -0.50837608 -0.62258949
v -0.30519158 -0.50051212 -0.62826840
v -0.31214231 -0.50051212 -0.28078112
v -0.30519158 -0.50376585 -0.28078112
v -0.30519158 -0.50051212 -0.28594755
v -0.31420280 -0.50051212 -0.25636624
v -0.30519158 -0.51200668 -0.25636624
v -0.30519158 -0.51296793 -0.23195135
v -0.30519158 -0.51525451 -0.20753647
v -0.31136860 -0.50051212 -0.18312159
v -0.30519158 -0.50476116 -0.18312159
v -0.30519158 -0.50051212 -0.17322467
v -0.30519158 -0.47609686 -0.74530859
v -0.31862707 -0.47609686 -0.64700438
v -0.30519158 -0.47609686 -0.62339769
v -0.31316947 -0.47609686 -0.30519600
v -0.31941486 -0.47609686 -0.28078112
v -0.30519158 -0.47939954 -0.28078112
v -0.30519158 -0.48057068 -0.25636624
v -0.30519158 -0.47609686 -0.24836462
v -0.31880159 -0.47609686 -0.15870670
v -0.30519158 -0.47609686 -0.17030185
v -0.31196767 -0.45168160 -0.74466391
v -0.30519158 -0.45440981 -0.74466391
v -0.32548343 -0.45168160 -0.72024903
v -0.30519158 -0.45853203 -0.72024903
v -0.30519158 -0.47015384 -0.69583415
v -0.30519158 -0.47436432 -0.67141926
v -0.30519158 -0.46898562 -0.64700438
v -0.30519158 -0.47235844 -0.28078112
v -0.30519158 -0.45168160 -0.28950415
v -0.30519158 -0.46068668 -0.25636624
v -0.30676530 -0.45168160 -0.23195135
v -0.30519158 -0.46746520 -0.20753647
v -0.30519158 -0.45168160 -0.23080855
v -0.30519158 -0.47016757 -0.18312159
v -0.31783503 -0.45168160 -0.01221740
v -0.32021157 -0.45168160 0.01219748
v -0.30519158 -0.46534857 0.01219748
v -0.30519158 -0.45168160 0.00219336
v -0.30519158 -0.45168160 0.02496809
v -0.30608566 -0.42726635 -0.28078112
v -0.30519158 -0.42842379 -0.28078112
v -0.30519158 -0.42726635 -0.28001559
v -0.30519158 -0.44965295 -0.23195135
v -0.30519158 -0.42726635 -0.24810061
v -0.31265725 -0.42726635 0.01219748
v -0.30519158 -0.42726635 0.00658125
v -0.30519158 -0.44445579 0.03661237
v -0.30519158 -0.43631622 0.06102725
v -0.30519158 -0.42726635 0.07662932
v -0.30519158 -0.42359808 -0.25636624
v -0.30519158 -0.41245484 0.01219748
v -0.30519158 -0.40285109 0.01645403
v -0.30519158 -0.40285109 0.06278802
v -0.30519158 -0.38906112 0.03661237
v -0.30519158 -0.40133793 0.06102725
v -0.30506595 -0.59817316 -0.74466391
v -0.28077720 -0.59484750 -0.74466391
v -0.28077720 -0.57375790 -0.74515538
v -0.28077720 -0.58502342 -0.72024903
v -0.29404089 -0.57375790 -0.69583415
v -0.28077720 -0.58101114 -0.69583415
v -0.28077720 -0.58165565 -0.67141926
v -0.28077720 -0.58305807 -0.64700438
v -0.28077720 -0.57375790 -0.62570418
v -0.28077720 -0.54934264 -0.74529392
v -0.30250363 -0.54934264 -0.72024903
v -0.28077720 -0.57130947 -0.62258949
v -0.28077720 -0.54934264 -0.61130417
v -0.28077720 -0.52492738 -0.74543036
v -0.29262753 -0.52492738 -0.59817461
v -0.28077720 -0.52784528 -0.59817461
v -0.28077720 -0.52492738 -0.59541990
v -0.28077720 -0.50051212 -0.74538124
v -0.29790427 -0.50051212 -0.62258949
v -0.28232624 -0.50051212 -0.59817461
v -0.28077720 -0.50051212 -0.59457166
v -0.29923494 -0.50051212 -0.28078112
v -0.29367776 -0.50051212 -0.25636624
v -0.29506238 -0.50051212 -0.23195135
v -0.29175962 -0.50051212 -0.20753647
v -0.30039574 -0.50051212 -0.18312159
v -0.28077720 -0.47609686 -0.74518115
v -0.28514703 -0.47609686 -0.62258949
v -0.28077720 -0.49764458 -0.59817461
v -0.28077720 -0.47609686 -0.62246489
v -0.28077720 -0.48626840 -0.23195135
v -0.28077720 -0.47609686 -0.24833696
v -0.28077720 -0.48379717 -0.20753647
v -0.29694656 -0.47609686 -0.18312159
v -0.28077720 -0.47609686 -0.20159422
v -0.28077720 -0.45959987 -0.74466391
v -0.28077720 -0.46368930 -0.72024903
v -0.28077720 -0.46701712 -0.69583415
v -0.28077720 -0.46702405 -0.67141926
v -0.28077720 -0.46623447 -0.64700438
v -0.28077720 -0.47601172 -0.62258949
v -0.29093978 -0.45168160 -0.28078112
v -0.28077720 -0.45993083 -0.25636624
v -0.28077720 -0.45168160 -0.26701332
v -0.28562316 -0.45168160 -0.20753647
v -0.28077720 -0.45168160 -0.20143783
v -0.28077720 -0.46475992 0.01219748
v -0.28077720 -0.45168160 -0.00167226
v -0.28077720 -0.45168160 0.03220764
v -0.28077720 -0.42726635 -0.26183971
v -0.28077720 -0.43891803 -0.23195135
v -0.28077720 -0.42726635 -0.24657706
v -0.28077720 -0.43383472 -0.20753647
v -0.28077720 -0.42726635 0.00369563
v -0.28077720 -0.44671131 0.03661237
v -0.28077720 -0.43614154 0.06102725
v -0.28099361 -0.42726635 0.08544214
v -0.28077720 -0.42745101 0.08544214
v -0.28077720 -0.42726635 0.08557948
v -0.28077720 -0.42539683 -0.25636624
v -0.28077720 -0.41840716 0.01219748
v -0.28312593 -0.40285109 0.03661237
v -0.28077720 -0.40530024 0.03661237
v -0.30132278 -0.40285109 0.06102725
v -0.28077720 -0.42115264 0.06102725
v -0.28077720 -0.42717844 0.08544214
v -0.28367173 0.08545411 -0.03663228
v -0.28077720 0.07517948 -0.03663228
v -0.28077720 0.08545411 -0.05649914
v -0.28077720 0.08545411 -0.03391962
v -0.28094295 0.10986937 -0.03663228
v -0.28077720 0.10986937 -0.03692777
v -0.29058204 0.10986937 -0.01221740
v -0.28077720 0.10442553 -0.01221740
v -0.28077720 0.10986937 0.00392335
v -0.28303121 0.13428463 -0.03663228
v -0.28077720 0.13428463 -0.03830122
v -0.28540052 0.13428463 -0.01221740
v -0.28077720 0.13428463 0.00293076
v -0.28077720 0.13912978 -0.03663228
v -0.28077720 0.14347412 -0.01221740
v -0.25636281 -0.58087753 -0.74466391
v -0.25636281 -0.57375790 -0.74485859
v -0.25853563 -0.57375790 -0.72024903
v -0.25636281 -0.57375790 -0.72297840
v -0.26650120 -0.57375790 -0.69583415
v -0.26695631 -0.57375790 -0.67141926
v -0.26249982 -0.57375790 -0.64700438
v -0.25636281 -0.54934264 -0.74521113
v -0.25636281 -0.57285065 -0.72024903
v -0.25636281 -0.56913912 -0.69583415
v -0.25636281 -0.56691542 -0.67141926
v -0.25636281 -0.57084871 -0.64700438
v -0.25636281 -0.55852185 -0.62258949
v -0.25636281 -0.54934264 -0.61254939
v -0.25636281 -0.52492738 -0.74577912
v -0.25636281 -0.52597944 -0.59817461
v -0.25636281 -0.52492738 -0.59730555
v -0.25636281 -0.50051212 -0.74550514
v -0.25636281 -0.50051212 -0.57863641
v -0.25636281 -0.47609686 -0.74509239
v -0.25636281 -0.48558664 -0.59817461
v -0.25636281 -0.47609686 -0.60903029
v -0.25978406 -0.47609686 -0.50051508
v -0.25636281 -0.48962243 -0.50051508
v -0.25636281 -0.47609686 -0.51173528
v -0.25636281 -0.47609686 -0.49052815
v -0.27323719 -0.47609686 -0.23195135
v -0.27507327 -0.47609686 -0.20753647
v -0.26149380 -0.47609686 0.03661237
v -0.25636281 -0.49804555 0.03661237
v -0.25636281 -0.47609686 0.02970641
v -0.25636281 -0.47609686 0.04700762
v -0.26242145 -0.47609686 0.15868679
v -0.25636281 -0.48270012 0.15868679
v -0.25636281 -0.47609686 0.15740233
v -0.25636281 -0.47609686 0.16074387
v -0.25636281 -0.46201097 -0.74466391
v -0.25636281 -0.46487935 -0.72024903
v -0.25636281 -0.46758652 -0.69583415
v -0.25636281 -0.46818453 -0.67141926
v -0.25636281 -0.46607644 -0.64700438
v -0.25636281 -0.46714185 -0.62258949
v -0.26429296 -0.45168160 -0.50051508
v -0.25636281 -0.45168160 -0.51496866
v -0.25636281 -0.45168160 -0.47621959
v -0.25636281 -0.45362699 -0.25636624
v -0.25636281 -0.45168160 -0.25877734
v -0.25636281 -0.46052759 -0.23195135
v -0.25636281 -0.45992139 -0.20753647
v -0.25636281 -0.45168160 -0.19024005
v -0.25650673 -0.45168160 0.01219748
v -0.27240475 -0.45168160 0.03661237
v -0.25636281 -0.45168160 0.01253598
v -0.25636281 -0.45168160 0.05742219
v -0.25636281 -0.46908272 0.15868679
v -0.26225032 -0.42726635 -0.52492996
v -0.25636281 -0.43375747 -0.52492996
v -0.25636281 -0.42726635 -0.53524088
v -0.25636281 -0.43232134 -0.50051508
v -0.25636281 -0.42726635 -0.51299776
v -0.26739069 -0.42726635 -0.25636624
v -0.25636281 -0.44330197 -0.25636624
v -0.25636281 -0.43772934 -0.23195135
v -0.25636281 -0.43389526 -0.20753647
v -0.26948289 -0.42726635 -0.18312159
v -0.25636281 -0.44420930 -0.18312159
v -0.25636281 -0.42726635 -0.20056846
v -0.25636281 -0.42726635 -0.17434676
v -0.25907078 -0.42726635 0.01219748
v -0.25636281 -0.42726635 0.01581145
v -0.25858743 -0.42726635 0.06102725
v -0.25636281 -0.42726635 0.05988031
v -0.28060302 -0.42726635 0.08544214
v -0.25636281 -0.42044025 -0.52492996
v -0.26147017 -0.40285109 -0.50051508
v -0.25636281 -0.41830392 -0.50051508
v -0.25636281 -0.40285109 -0.51056825
v -0.25636281 -0.40285109 -0.49695138
v -0.25636281 -0.42096503 -0.18312159
v -0.25636281 -0.42188477 0.03661237
v -0.25636281 -0.38264628 -0.50051508
v -0.25636281 0.07553822 -0.03663228
v -0.25636281 0.08545411 -0.03980804
v -0.25636281 0.08545411 -0.03446304
v -0.25636281 0.10986937 -0.04940697
v -0.25636281 0.09916211 -0.01221740
v -0.27496117 0.10986937 0.01219748
v -0.25636281 0.10457836 0.01219748
v -0.25636281 0.10986937 0.02804731
v -0.25636281 0.13428463 -0.04802678
v -0.27615926 0.13428463 0.01219748
v -0.25636281 0.13428463 0.02283265
v -0.25636281 0.15853621 -0.03663228
v -0.26718033 0.15869989 -0.01221740
v -0.25636281 0.15869989 -0.03624332
v -0.25636281 0.15860730 0.01219748
v -0.25636281 0.15869989 0.01201397
v -0.25636281 0.16997250 -0.01221740
v -0.24069343 -0.57375790 -0.74466391
v -0.23194843 -0.56946193 -0.74466391
v -0.23194843 -0.54934264 -0.74516629
v -0.23194843 -0.56225967 -0.72024903
v -0.23194843 -0.55880166 -0.69583415
v -0.23194843 -0.55859384 -0.67141926
v -0.23194843 -0.55858522 -0.64700438
v -0.23199979 -0.54934264 -0.62258949
v -0.23194843 -0.54934264 -0.62263538
v -0.23194843 -0.52492738 -0.74568388
v -0.23194843 -0.54932804 -0.62258949
v -0.23194843 -0.53760229 -0.59817461
v -0.23194843 -0.52492738 -0.57861146
v -0.23194843 -0.50051212 -0.74549533
v -0.25199189 -0.50051212 -0.57375973
v -0.23194843 -0.51718290 -0.57375973
v -0.24688395 -0.50051212 -0.54934484
v -0.23194843 -0.51044907 -0.54934484
v -0.24825752 -0.50051212 -0.52492996
v -0.23194843 -0.50440972 -0.52492996
v -0.24616009 -0.50051212 -0.50051508
v -0.23194843 -0.50523798 -0.50051508
v -0.23194843 -0.50051212 -0.48999533
v -0.23194843 -0.47609686 -0.74505283
v -0.23933912 -0.47609686 -0.59817461
v -0.24876952 -0.47609686 -0.57375973
v -0.24612597 -0.47609686 -0.54934484
v -0.24538499 -0.47609686 -0.52492996
v -0.24933996 -0.47609686 -0.47610019
v -0.23194843 -0.49336310 -0.47610019
v -0.23658432 -0.47609686 -0.45168531
v -0.23194843 -0.47990567 -0.45168531
v -0.23194843 -0.47609686 -0.44481243
v -0.23900810 -0.47609686 0.03661237
v -0.25513690 -0.47609686 0.15868679
v -0.23194843 -0.46396792 -0.74466391
v -0.23194843 -0.46460054 -0.72024903
v -0.23194843 -0.46669634 -0.69583415
v -0.23194843 -0.46819406 -0.67141926
v -0.23194843 -0.46529589 -0.64700438
v -0.23194843 -0.46460873 -0.62258949
v -0.23194843 -0.47008802 -0.59817461
v -0.23194843 -0.45894698 -0.57375973
v -0.23421178 -0.45168160 -0.54934484
v -0.23194843 -0.45168160 -0.55087575
v -0.23482688 -0.45168160 -0.52492996
v -0.25593980 -0.45168160 -0.47610019
v -0.23944728 -0.45168160 -0.45168531
v -0.23194843 -0.45168160 -0.44454191
v -0.25402967 -0.45168160 -0.25636624
v -0.24671019 -0.45168160 -0.23195135
v -0.24506303 -0.45168160 -0.20753647
v -0.24113718 -0.45168160 -0.18312159
v -0.23194843 -0.45330248 -0.18312159
v -0.23194843 -0.45168160 -0.18742546
v -0.23194843 -0.45168160 -0.18058789
v -0.23194843 -0.46532218 0.03661237
v -0.23194843 -0.45168160 0.03335744
v -0.23194843 -0.45168160 0.03918053
v -0.23194843 -0.44909223 -0.54934484
v -0.23194843 -0.42726635 -0.52840049
v -0.23194843 -0.44516196 -0.50051508
v -0.23194843 -0.42726635 -0.52398019
v -0.23194843 -0.44990467 -0.47610019
v -0.23194843 -0.44777769 -0.45168531
v -0.24804902 -0.42726635 -0.20753647
v -0.23194843 -0.43662801 -0.20753647
v -0.23194843 -0.42726635 -0.23121141
v -0.23340155 -0.42726635 -0.15870670
v -0.23194843 -0.42840843 -0.15870670
v -0.23194843 -0.42726635 -0.15779873
v -0.25222835 -0.42726635 0.01219748
v -0.23194843 -0.43265460 0.01219748
v -0.23194843 -0.42726635 0.00672236
v -0.24319107 -0.42726635 0.03661237
v -0.23194843 -0.44309636 0.03661237
v -0.23194843 -0.42726635 0.02439542
v -0.23194843 -0.41804547 -0.52492996
v -0.24849365 -0.40285109 -0.50051508
v -0.23194843 -0.42264432 -0.20753647
v -0.23194843 -0.41543702 -0.18312159
v -0.23194843 -0.42148118 -0.15870670
v -0.23194843 -0.42333588 0.01219748
v -0.24220863 -0.03662219 -0.74466391
v -0.23194843 -0.05827416 -0.74466391
v -0.23194843 -0.03662219 -0.74470356
v -0.23194843 -0.03662219 -0.73539587
v -0.23194843 -0.03422417 -0.74466391
v -0.24876773 0.08545411 -0.03663228
v -0.23194843 0.09160354 -0.03663228
v -0.23194843 0.10986937 -0.04246161
v -0.23194843 0.08696922 -0.01221740
v -0.23194843 0.09697603 0.01219748
v -0.24336750 0.10986937 0.03661237
v -0.23194843 0.10594983 0.03661237
v -0.23194843 0.10986937 0.03921678
v -0.23194843 0.13428463 -0.03665774
v -0.23194843 0.11525482 0.03661237
v -0.23194843 0.13428463 0.02694811
v -0.25556747 0.15869989 -0.03663228
v -0.23194843 0.15869989 -0.03929412
v -0.23194843 0.15656216 0.01219748
v -0.23194843 0.15869989 -0.00462209
v -0.23194843 0.16556677 -0.03663228
v -0.23194843 0.15996798 -0.01221740
v -0.20753404 -0.55973685 -0.74466391
v -0.20753404 -0.54934264 -0.74491101
v -0.20753404 -0.55651089 -0.72024903
v -0.20753404 -0.55147743 -0.69583415
v -0.20753404 -0.55062384 -0.67141926
v -0.21229576 -0.54934264 -0.64700438
v -0.20753404 -0.54934264 -0.66218634
v -0.20753404 -0.52492738 -0.74528714
v -0.20753404 -0.54632233 -0.64700438
v -0.20753404 -0.54678962 -0.62258949
v -0.20753404 -0.53744117 -0.59817461
v -0.22471384 -0.52492738 -0.57375973
v -0.20753404 -0.53600617 -0.57375973
v -0.20753404 -0.52492738 -0.55842321
v -0.20753404 -0.50051212 -0.74516235
v -0.20753404 -0.51918472 -0.54934484
v -0.20753404 -0.51503866 -0.52492996
v -0.20753404 -0.51020913 -0.50051508
v -0.20753404 -0.50051212 -0.48141490
v -0.20753404 -0.47609686 -0.74470388
v -0.20753404 -0.49765595 -0.47610019
v -0.21618666 -0.47609686 -0.45168531
v -0.20753404 -0.47609686 -0.45458550
v -0.20753404 -0.47352009 -0.74466391
v -0.20753404 -0.46724580 -0.72024903
v -0.20753404 -0.46711845 -0.69583415
v -0.20753404 -0.47020886 -0.67141926
v -0.20753404 -0.46503812 -0.64700438
v -0.20753404 -0.46106215 -0.62258949
v -0.20829149 -0.45168160 -0.59817461
v -0.20753404 -0.45168160 -0.59872317
v -0.22602702 -0.45168160 -0.57375973
v -0.22503870 -0.45168160 -0.45168531
v -0.20753404 -0.45168160 -0.46418406
v -0.21340124 -0.45168160 -0.42727042
v -0.20753404 -0.46751533 -0.42727042
v -0.20753404 -0.45168160 -0.43293225
v -0.20753404 -0.45168160 -0.42490801
v -0.22928045 -0.45168160 -0.18312159
v -0.22601519 -0.45168160 0.03661237
v -0.20753404 -0.45147770 -0.59817461
v -0.20753404 -0.44126867 -0.57375973
v -0.20753404 -0.42849609 -0.54934484
v -0.20753404 -0.42726635 -0.54611054
v -0.21153848 -0.42726635 -0.50051508
v -0.20753404 -0.43973499 -0.47610019
v -0.20753404 -0.42726635 -0.49716621
v -0.20753404 -0.44883549 -0.42727042
v -0.22016051 -0.42726635 -0.20753647
v -0.20753404 -0.43300032 -0.18312159
v -0.20753404 -0.42726635 -0.19400088
v -0.20753404 -0.43185806 -0.15870670
v -0.20753404 -0.42726635 -0.15250577
v -0.20753404 -0.42973339 0.01219748
v -0.20753404 -0.42726635 0.00781050
v -0.20753404 -0.42726635 0.01564300
v -0.20753404 -0.41013970 -0.52492996
v -0.20753404 -0.42192410 -0.50051508
v -0.20753404 -0.41820567 -0.18312159
v -0.22377197 -0.40285109 -0.15870670
v -0.20753404 -0.40285109 -0.16822794
v -0.20996461 -0.40285109 -0.13429182
v -0.20753404 -0.40550649 -0.13429182
v -0.20753404 -0.40285109 -0.13161470
v -0.20753404 -0.42526285 0.01219748
v -0.20753404 -0.39817694 -0.15870670
v -0.20753404 -0.39691447 -0.13429182
v -0.22846654 -0.03662219 -0.74466391
v -0.21268802 -0.01220693 0.10985702
v -0.20753404 -0.01586485 0.10985702
v -0.20753404 -0.01220693 0.10440077
v -0.20753404 -0.01220693 0.11775237
v -0.20753404 -0.00025763 0.10985702
v -0.22828056 0.08545411 -0.01221740
v -0.20753404 0.06892637 -0.01221740
v -0.20753404 0.08545411 -0.03090640
v -0.21213351 0.08545411 0.01219748
v -0.20753404 0.08222906 0.01219748
v -0.21034023 0.08545411 0.03661237
v -0.20753404 0.08259384 0.03661237
v -0.20753404 0.08545411 0.04267579
v -0.21630348 0.10986937 -0.03663228
v -0.20753404 0.10986937 -0.03217008
v -0.21912933 0.10986937 0.03661237
v -0.20753404 0.09592386 0.03661237
v -0.20753404 0.10986937 0.03330945
v -0.23190420 0.13428463 -0.03663228
v -0.20753404 0.13428463 -0.02406422
v -0.20753404 0.13428463 0.02867091
v -0.22372419 0.15869989 -0.03663228
v -0.22968392 0.15869989 -0.01221740
v -0.20753404 0.14989422 -0.01221740
v -0.22034134 0.15869989 0.01219748
v -0.20753404 0.15869989 0.00731751
v -0.20753404 0.15869989 0.01461258
v -0.20753404 0.16120250 0.01219748
v -0.21221314 0.25636093 0.01219748
v -0.20753404 0.25234552 0.01219748
v -0.20753404 0.25636093 -0.00872030
v -0.20753404 0.25636093 0.01461335
v -0.20787975 0.28077619 0.01219748
v -0.20753404 0.28077619 0.01176583
v -0.20753404 0.28077619 0.01236499
v -0.20753404 0.28120057 0.01219748
v -0.18311965 -0.55367866 -0.74466391
v -0.18311965 -0.54934264 -0.74477880
v -0.18311965 -0.55084816 -0.72024903
v -0.19968868 -0.54934264 -0.69583415
v -0.18311965 -0.54934264 -0.71411336
v -0.20453901 -0.54934264 -0.67141926
v -0.18311965 -0.52492738 -0.74473453
v -0.18311965 -0.53796063 -0.69583415
v -0.18311965 -0.53357542 -0.67141926
v -0.18939400 -0.52492738 -0.64700438
v -0.18311965 -0.52492738 -0.65937499
v -0.19294070 -0.52492738 -0.62258949
v -0.18489480 -0.52492738 -0.59817461
v -0.18311965 -0.53918359 -0.57375973
v -0.18311965 -0.52492738 -0.59559742
v -0.19028402 -0.52492738 -0.54934484
v -0.18311965 -0.53244263 -0.54934484
v -0.18311965 -0.52492738 -0.54315639
v -0.18461665 -0.50051212 -0.74466391
v -0.18311965 -0.50831033 -0.74466391
v -0.18311965 -0.50051212 -0.72601328
v -0.18311965 -0.51603524 -0.64700438
v -0.18311965 -0.50839278 -0.62258949
v -0.18311965 -0.52313682 -0.59817461
v -0.18311965 -0.51372220 -0.52492996
v -0.18311965 -0.50575922 -0.50051508
v -0.18311965 -0.50051212 -0.49566080
v -0.20416857 -0.47609686 -0.74466391
v -0.19444121 -0.47609686 -0.72024903
v -0.18311965 -0.49911855 -0.72024903
v -0.18311965 -0.47609686 -0.69932872
v -0.18311965 -0.48342898 -0.47610019
v -0.19983162 -0.47609686 -0.45168531
v -0.18311965 -0.48152765 -0.45168531
v -0.19514388 -0.47609686 -0.42727042
v -0.18311965 -0.47743151 -0.42727042
v -0.18311965 -0.47609686 -0.42092453
v -0.18311965 -0.47462782 -0.69583415
v -0.18311965 -0.46982559 -0.67141926
v -0.18311965 -0.46934317 -0.64700438
v -0.18311965 -0.46106301 -0.62258949
v -0.20559572 -0.45168160 -0.59817461
v -0.18311965 -0.45490975 -0.59817461
v -0.18311965 -0.45168160 -0.59370116
v -0.19385469 -0.45168160 -0.45168531
v -0.18311965 -0.45168160 -0.40717093
v -0.18311965 -0.43983151 -0.57375973
v -0.18927066 -0.42726635 -0.54934484
v -0.18311965 -0.42726635 -0.54973069
v -0.18704655 -0.42726635 -0.47610019
v -0.18311965 -0.43435871 -0.45168531
v -0.18311965 -0.42726635 -0.46700588
v -0.18677691 -0.42726635 -0.42727042
v -0.18311965 -0.42726635 -0.44085694
v -0.18528933 -0.42726635 -0.40285554
v -0.18311965 -0.43982918 -0.40285554
v -0.18311965 -0.42726635 -0.39894662
v -0.19844485 -0.42726635 -0.18312159
v -0.19174227 -0.42726635 -0.15870670
v -0.20151725 -0.42726635 0.01219748
v -0.18311965 -0.42698787 -0.54934484
v -0.18311965 -0.41696368 -0.52492996
v -0.18311965 -0.40613357 -0.50051508
v -0.18311965 -0.40594040 -0.47610019
v -0.18311965 -0.42101256 -0.42727042
v -0.18311965 -0.42145198 -0.40285554
v -0.19008080 -0.40285109 -0.15870670
v -0.18311965 -0.40485756 -0.13429182
v -0.18311965 -0.40285109 -0.13995085
v -0.18311965 -0.40285109 -0.13097970
v -0.18623216 -0.37843583 -0.47610019
v -0.18311965 -0.39361385 -0.47610019
v -0.18311965 -0.37843583 -0.47707536
v -0.18311965 -0.37843583 -0.47475479
v -0.18311965 -0.40202846 -0.13429182
v -0.20268418 -0.35402057 -0.47610019
v -0.18311965 -0.35402057 -0.48065676
v -0.18311965 -0.35402057 -0.47205169
v -0.18311965 -0.35001489 -0.47610019
v -0.18311965 -0.01252407 0.10985702
v -0.18311965 -0.01220693 0.10969217
v -0.18311965 -0.01220693 0.11007589
v -0.18311965 -0.01088217 0.10985702
v -0.18775817 0.06103885 -0.03663228
v -0.18311965 0.05802534 -0.03663228
v -0.18311965 0.06103885 -0.03765696
v -0.20289674 0.06103885 -0.01221740
v -0.18311965 0.04744653 -0.01221740
v -0.19336583 0.06103885 0.01219748
v -0.18311965 0.04862964 0.01219748
v -0.18895499 0.06103885 0.03661237
v -0.18311965 0.05096689 0.03661237
v -0.18311965 0.06103885 0.04560118
v -0.18311965 0.06438152 -0.03663228
v -0.18311965 0.08545411 -0.02681169
v -0.18326346 0.08545411 0.06102725
v -0.18311965 0.08534680 0.06102725
v -0.18311965 0.08545411 0.06106660
v -0.18311965 0.10986937 -0.02097902
v -0.18311965 0.10910697 0.03661237
v -0.18311965 0.10986937 0.03530253
v -0.18311965 0.08553926 0.06102725
v -0.19391498 0.13428463 -0.01221740
v -0.18311965 0.11747160 -0.01221740
v -0.18311965 0.13428463 0.00739155
v -0.18311965 0.13428463 0.02272276
v -0.18311965 0.15869989 -0.00549192
v -0.18311965 0.15869989 0.01967041
v -0.18687435 0.18311515 0.01219748
v -0.18311965 0.18311515 0.00614542
v -0.18311965 0.18311515 0.01605198
v -0.18311965 0.19660782 0.01219748
v -0.19222802 0.23194567 0.01219748
v -0.18311965 0.21257535 0.01219748
v -0.18311965 0.23194567 -0.00762979
v -0.18311965 0.23194567 0.01989345
v -0.18311965 0.25636093 -0.01152418
v -0.18311965 0.25636093 0.02278418
v -0.18311965 0.28077619 -0.00946410
v -0.18311965 0.28077619 0.02341478
v -0.18986412 0.30519145 0.01219748
v -0.18311965 0.30519145 0.00175305
v -0.18311965 0.30519145 0.01745516
v -0.18311965 0.31088297 0.01219748
v -0.16033669 -0.54934264 -0.74466391
v -0.15870527 -0.55017081 -0.72024903
v -0.15870527 -0.54934264 -0.73834133
v -0.15870527 -0.54934264 -0.71870797
v -0.17992654 -0.52492738 -0.74466391
v -0.17152654 -0.52492738 -0.72024903
v -0.15870527 -0.54615890 -0.72024903
v -0.15870527 -0.52750948 -0.69583415
v -0.15870527 -0.52492738 -0.70092165
v -0.17693176 -0.52492738 -0.67141926
v -0.15870527 -0.52492738 -0.69368307
v -0.16802264 -0.52492738 -0.57375973
v -0.17698705 -0.52492738 -0.54934484
v -0.18161823 -0.50051212 -0.72024903
v -0.15870527 -0.50051212 -0.70624343
v -0.15870527 -0.50801494 -0.67141926
v -0.17048402 -0.50051212 -0.64700438
v -0.15870527 -0.50051212 -0.66070680
v -0.17586143 -0.50051212 -0.62258949
v -0.16404194 -0.50051212 -0.59817461
v -0.15870527 -0.51641135 -0.57375973
v -0.15870527 -0.50051212 -0.59168519
v -0.15870527 -0.51500821 -0.54934484
v -0.16715690 -0.50051212 -0.52492996
v -0.15870527 -0.50051212 -0.53217519
v -0.17082167 -0.50051212 -0.50051508
v -0.16949929 -0.50051212 -0.47610019
v -0.15870527 -0.50722238 -0.47610019
v -0.15870527 -0.50051212 -0.49475854
v -0.15870527 -0.50051212 -0.45324338
v -0.15870527 -0.47609686 -0.71402432
v -0.17174822 -0.47609686 -0.67141926
v -0.15870527 -0.48869833 -0.67141926
v -0.15870527 -0.47609686 -0.68773451
v -0.15870527 -0.48521375 -0.64700438
v -0.15870527 -0.47609686 -0.65718005
v -0.15870527 -0.48576702 -0.62258949
v -0.15870527 -0.49330131 -0.59817461
v -0.15870527 -0.49533867 -0.52492996
v -0.15870527 -0.49789098 -0.50051508
v -0.15870527 -0.49973116 -0.45168531
v -0.15870527 -0.48708601 -0.42727042
v -0.16832065 -0.47609686 -0.40285554
v -0.15870527 -0.47873856 -0.40285554
v -0.15870527 -0.47609686 -0.39508607
v -0.15870527 -0.47077341 -0.69583415
v -0.15870527 -0.46959942 -0.64700438
v -0.15870527 -0.46543218 -0.62258949
v -0.15870527 -0.45445723 -0.59817461
v -0.15870527 -0.45168160 -0.59571994
v -0.18097120 -0.45168160 -0.40285554
v -0.16631226 -0.45168160 -0.37844066
v -0.15870527 -0.46730159 -0.37844066
v -0.15870527 -0.45168160 -0.35555266
v -0.15870527 -0.43979096 -0.57375973
v -0.18274824 -0.42726635 -0.54934484
v -0.15870527 -0.44094250 -0.54934484
v -0.17760652 -0.42726635 -0.52492996
v -0.15870527 -0.44813134 -0.52492996
v -0.17522050 -0.42726635 -0.50051508
v -0.15870527 -0.44248876 -0.50051508
v -0.16683752 -0.42726635 -0.47610019
v -0.15870527 -0.42880959 -0.47610019
v -0.17698777 -0.42726635 -0.45168531
v -0.15870527 -0.42726635 -0.47389200
v -0.16291171 -0.42726635 -0.37844066
v -0.15870527 -0.42726635 -0.35588527
v -0.15960798 -0.42726635 -0.32961089
v -0.15870527 -0.42861935 -0.32961089
v -0.15870527 -0.42726635 -0.34981170
v -0.15870527 -0.42726635 -0.32440188
v -0.16553293 -0.42726635 -0.15870670
v -0.15870527 -0.42837499 -0.15870670
v -0.15870527 -0.42726635 -0.16075402
v -0.16107697 -0.42726635 -0.13429182
v -0.15870527 -0.42819902 -0.13429182
v -0.15870527 -0.42726635 -0.13332633
v -0.15870527 -0.40898245 -0.45168531
v -0.15870527 -0.40747580 -0.42727042
v -0.15870527 -0.40434850 -0.40285554
v -0.15870527 -0.42183354 -0.37844066
v -0.15870527 -0.42593192 -0.32961089
v -0.16160195 -0.40285109 -0.18312159
v -0.15870527 -0.40542997 -0.18312159
v -0.15870527 -0.40285109 -0.18599835
v -0.17286627 -0.40285109 -0.15870670
v -0.18127247 -0.40285109 -0.13429182
v -0.15870527 -0.42507995 -0.13429182
v -0.15870527 -0.40285109 -0.15205230
v -0.15875670 -0.40285109 -0.03663228
v -0.15870527 -0.40288127 -0.03663228
v -0.15870527 -0.40285109 -0.03665754
v -0.15870527 -0.40285109 -0.03653891
v -0.17239268 -0.37843583 -0.47610019
v -0.15870527 -0.40142155 -0.18312159
v -0.15870527 -0.39995857 -0.15870670
v -0.15870527 -0.40283969 -0.03663228
v -0.16431911 -0.35402057 -0.47610019
v -0.18288624 -0.01220693 0.10985702
v -0.17115795 0.03662359 -0.03663228
v -0.15870527 0.01874421 -0.03663228
v -0.15870527 0.03662359 -0.04452000
v -0.16388803 0.03662359 -0.01221740
v -0.15870527 0.03175468 -0.01221740
v -0.15870527 0.03662359 0.00677049
v -0.15870527 0.06103885 -0.03766972
v -0.15870527 0.03991050 0.01219748
v -0.17084040 0.06103885 0.03661237
v -0.15870527 0.06103885 0.02524392
v -0.15870527 0.06591893 -0.03663228
v -0.15870527 0.08545411 -0.02748447
v -0.15870527 0.07808887 0.03661237
v -0.18300391 0.08545411 0.06102725
v -0.15870527 0.08545411 0.04177883
v -0.16005380 0.10986937 -0.01221740
v -0.15870527 0.10917547 -0.01221740
v -0.15949617 0.10986937 0.01219748
v -0.15870527 0.10799863 0.01219748
v -0.15870527 0.09303524 0.03661237
v -0.16455035 0.10986937 0.06102725
v -0.15870527 0.10254603 0.06102725
v -0.15870527 0.10986937 0.05081623
v -0.15870527 0.10986937 0.06411724
v -0.16379869 0.13428463 0.01219748
v -0.15870527 0.11515717 0.06102725
v -0.17836633 0.15869989 -0.01221740
v -0.15870527 0.14673221 -0.01221740
v -0.15870527 0.15869989 -0.01919730
v -0.15870527 0.13629516 0.01219748
v -0.16527287 0.15869989 0.03661237
v -0.15870527 0.15290350 0.03661237
v -0.15870527 0.15869989 0.03885780
v -0.17095083 0.18311515 -0.01221740
v -0.15870527 0.18311515 -0.01970491
v -0.15870527 0.17102786 0.03661237
v -0.15870527 0.18311515 0.03470732
v -0.16436078 0.20753041 -0.01221740
v -0.15870527 0.20753041 -0.01458377
v -0.18098442 0.20753041 0.01219748
v -0.15870527 0.20753041 0.03149183
v -0.15870527 0.21559988 -0.01221740
v -0.15870527 0.23194567 -0.00644792
v -0.15870527 0.23194567 0.02684580
v -0.15870527 0.25636093 -0.00467263
v -0.15870527 0.25636093 0.03165953
v -0.15870527 0.28077619 -0.00054005
v -0.15870527 0.28077619 0.03100715
v -0.15870527 0.30519145 0.00265098
v -0.15870527 0.30519145 0.02461651
v -0.15870527 0.32191732 0.01219748
v -0.13429088 -0.54968677 -0.72024903
v -0.13429088 -0.54934264 -0.72357558
v -0.13429088 -0.54934264 -0.71897605
v -0.13429088 -0.54737611 -0.72024903
v -0.13429088 -0.52753682 -0.69583415
v -0.13429088 -0.52492738 -0.69974219
v -0.13429088 -0.52492738 -0.69472501
v -0.14082229 -0.50051212 -0.69583415
v -0.13429088 -0.51624331 -0.69583415
v -0.13946735 -0.50051212 -0.67141926
v -0.13429088 -0.50478324 -0.57375973
v -0.13429088 -0.50051212 -0.57825719
v -0.14169766 -0.50051212 -0.54934484
v -0.13429088 -0.50051212 -0.56352621
v -0.13429088 -0.51439231 -0.47610019
v -0.13429088 -0.50051212 -0.48769201
v -0.15770434 -0.50051212 -0.45168531
v -0.13429088 -0.51247975 -0.45168531
v -0.13429088 -0.50051212 -0.42775144
v -0.13429088 -0.49465490 -0.69583415
v -0.13429088 -0.47609686 -0.70916056
v -0.13429088 -0.47609686 -0.68583164
v -0.14795296 -0.47609686 -0.64700438
v -0.14029611 -0.47609686 -0.62258949
v -0.13429088 -0.47625645 -0.59817461
v -0.13429088 -0.47609686 -0.59922902
v -0.13429088 -0.49353941 -0.54934484
v -0.14007908 -0.47609686 -0.52492996
v -0.13429088 -0.47609686 -0.53248016
v -0.13694310 -0.47609686 -0.50051508
v -0.13429088 -0.47609686 -0.49372818
v -0.13429088 -0.50028413 -0.42727042
v -0.13429088 -0.48809691 -0.40285554
v -0.13429088 -0.47609686 -0.38666447
v -0.13429088 -0.46972571 -0.69583415
v -0.14389421 -0.45168160 -0.59817461
v -0.13429088 -0.45168160 -0.59939231
v -0.15462416 -0.45168160 -0.52492996
v -0.13429088 -0.45168160 -0.54425735
v -0.14951156 -0.45168160 -0.50051508
v -0.13429088 -0.45168160 -0.47733302
v -0.13429088 -0.45904706 -0.37844066
v -0.13429088 -0.45168160 -0.36750132
v -0.13429088 -0.45074587 -0.59817461
v -0.13429088 -0.43447072 -0.57375973
v -0.13429088 -0.44617975 -0.54934484
v -0.13429088 -0.45042526 -0.47610019
v -0.13429088 -0.42726635 -0.46532980
v -0.15832174 -0.42726635 -0.35402577
v -0.13429088 -0.44707102 -0.35402577
v -0.13429088 -0.43311414 -0.32961089
v -0.13429088 -0.42726635 -0.31638979
v -0.15537245 -0.42726635 -0.15870670
v -0.13429088 -0.43193157 -0.13429182
v -0.13429088 -0.42726635 -0.14227357
v -0.13429088 -0.42726635 -0.12664479
v -0.14354400 -0.40285109 -0.45168531
v -0.13429088 -0.40285109 -0.45434668
v -0.14831163 -0.40285109 -0.42727042
v -0.14817928 -0.40285109 -0.40285554
v -0.13942685 -0.40285109 -0.37844066
v -0.13795426 -0.40285109 -0.35402577
v -0.13429088 -0.41321228 -0.32961089
v -0.13429088 -0.40285109 -0.34587083
v -0.15565017 -0.40285109 -0.18312159
v -0.13429088 -0.40352155 -0.15870670
v -0.13429088 -0.40285109 -0.15918072
v -0.14289613 -0.40285109 -0.13429182
v -0.13429088 -0.40285109 -0.12586237
v -0.15851561 -0.40285109 -0.03663228
v -0.14115602 -0.40285109 -0.01221740
v -0.13429088 -0.40733700 -0.01221740
v -0.13429088 -0.40285109 -0.02305129
v -0.13429088 -0.40285109 -0.00887918
v -0.13429088 -0.39835963 -0.45168531
v -0.13429088 -0.39082298 -0.42727042
v -0.13429088 -0.40096797 -0.40285554
v -0.13429088 -0.39978377 -0.37844066
v -0.13429088 -0.40092842 -0.35402577
v -0.13429088 -0.40220550 -0.15870670
v -0.13429088 -0.39993062 -0.13429182
v -0.13429088 -0.40014993 -0.01221740
v -0.13599637 -0.15869849 0.06102725
v -0.13429088 -0.16324594 0.06102725
v -0.13429088 -0.15869849 0.05675963
v -0.13429088 -0.15869849 0.06355298
v -0.14096783 -0.13428323 0.03661237
v -0.13429088 -0.14070723 0.03661237
v -0.13429088 -0.13428323 0.03221172
v -0.13429088 -0.15091786 0.06102725
v -0.13429088 -0.13428323 0.04737586
v -0.13429088 -0.12266240 0.03661237
v -0.13568166 -0.08545271 0.01219748
v -0.13429088 -0.08952436 0.01219748
v -0.13429088 -0.08545271 0.01013899
v -0.13429088 -0.08545271 0.01317254
v -0.13904302 -0.06103745 -0.03663228
v -0.13429088 -0.07603605 -0.03663228
v -0.13429088 -0.06103745 -0.04637299
v -0.13429088 -0.06103745 -0.02554604
v -0.13429088 -0.08281301 0.01219748
v -0.13429088 -0.05435266 -0.03663228
v -0.15348181 0.01220833 -0.03663228
v -0.13429088 -0.00832779 -0.03663228
v -0.13429088 0.01220833 -0.05465593
v -0.14587626 0.01220833 -0.01221740
v -0.13429088 -0.01169663 -0.01221740
v -0.14251923 0.01220833 0.01219748
v -0.13429088 -0.00915870 0.01219748
v -0.13429088 0.01220833 0.03094543
v -0.13429088 0.03662359 -0.04657856
v -0.15632816 0.03662359 0.01219748
v -0.13429088 0.03662359 0.02768743
v -0.13429088 0.06103885 -0.03875184
v -0.13429088 0.06103885 0.02491776
v -0.13429088 0.06963038 -0.03663228
v -0.13429088 0.08545411 -0.02837843
v -0.15388529 0.08545411 0.03661237
v -0.13429088 0.08545411 0.01270468
v -0.15750868 0.10986937 -0.01221740
v -0.13429088 0.10986937 -0.02221754
v -0.13429088 0.08831472 0.01219748
v -0.13429088 0.10986937 0.00699706
v -0.15198879 0.10986937 0.06102725
v -0.13429088 0.12816431 -0.01221740
v -0.15303798 0.13428463 0.01219748
v -0.13429088 0.11948338 0.01219748
v -0.13429088 0.13428463 -0.00134483
v -0.14400333 0.13428463 0.03661237
v -0.13429088 0.12130673 0.03661237
v -0.14014982 0.13428463 0.06102725
v -0.13429088 0.12690176 0.06102725
v -0.13429088 0.13428463 0.06476930
v -0.13429088 0.13763742 -0.01221740
v -0.13429088 0.15869989 -0.02495457
v -0.13429088 0.14474726 0.06102725
v -0.13429088 0.15869989 0.05617731
v -0.13429088 0.18311515 -0.02244768
v -0.15453430 0.18311515 0.03661237
v -0.13429088 0.18311515 0.04693371
v -0.14924916 0.20753041 -0.01221740
v -0.13429088 0.20194366 -0.01221740
v -0.13429088 0.20753041 -0.00784237
v -0.14067606 0.20753041 0.03661237
v -0.13429088 0.20753041 0.03908745
v -0.13429088 0.23194567 0.00661995
v -0.13429088 0.20996172 0.03661237
v -0.13429088 0.23194567 0.01568644
v -0.13429088 0.25636093 0.00715880
v -0.13429088 0.25636093 0.02941890
v -0.13429088 0.28077619 0.01042440
v -0.14760435 0.28077619 0.03661237
v -0.13429088 0.26313672 0.03661237
v -0.13429088 0.28077619 0.04257160
v -0.15002417 0.30519145 0.01219748
v -0.13429088 0.28263456 0.01219748
v -0.13429088 0.28839891 0.03661237
v -0.11936763 -0.57375790 -0.01221740
v -0.10987650 -0.57661165 -0.01221740
v -0.10987650 -0.57375790 -0.01962689
v -0.10987650 -0.57375790 -0.00972705
v -0.13016440 -0.54934264 -0.72024903
v -0.12134922 -0.54934264 -0.01221740
v -0.10987650 -0.54934264 -0.03355493
v -0.10987650 -0.54934264 -0.00338702
v -0.13090263 -0.52492738 -0.69583415
v -0.11833213 -0.52492738 -0.01221740
v -0.10987650 -0.52492738 -0.03154933
v -0.10987650 -0.52492738 0.01071461
v -0.12936205 -0.50051212 -0.57375973
v -0.12379640 -0.50051212 -0.47610019
v -0.11793032 -0.50051212 -0.45168531
v -0.10987650 -0.50573858 -0.01221740
v -0.11046303 -0.47609686 -0.69583415
v -0.13202790 -0.47609686 -0.59817461
v -0.10987650 -0.48466355 -0.57375973
v -0.10987650 -0.47609686 -0.59529980
v -0.11457471 -0.47609686 -0.54934484
v -0.10987650 -0.47609686 -0.55615153
v -0.12060708 -0.47609686 -0.47610019
v -0.10987650 -0.49099783 -0.45168531
v -0.10987650 -0.47609686 -0.46776907
v -0.10987650 -0.49024367 -0.42727042
v -0.10987650 -0.48350256 -0.40285554
v -0.10987650 -0.47609686 -0.38239986
v -0.10987650 -0.47227140 -0.59817461
v -0.10987650 -0.45168160 -0.62164272
v -0.12910954 -0.45168160 -0.54934484
v -0.10987650 -0.45168160 -0.56850908
v -0.13305294 -0.45168160 -0.47610019
v -0.10987650 -0.45168160 -0.46250890
v -0.10987650 -0.47281478 -0.37844066
v -0.11416890 -0.45168160 -0.35402577
v -0.10987650 -0.45233811 -0.35402577
v -0.10987650 -0.45168160 -0.35305878
v -0.11595780 -0.45168160 -0.10987693
v -0.10987650 -0.45810498 -0.10987693
v -0.10987650 -0.45168160 -0.11616624
v -0.10987650 -0.45168160 -0.10076796
v -0.10987650 -0.44224044 -0.59817461
v -0.10987650 -0.43864052 -0.57375973
v -0.10987650 -0.42726635 -0.45633597
v -0.10987650 -0.43580823 -0.32961089
v -0.10987650 -0.42726635 -0.31668778
v -0.12288922 -0.42726635 -0.13429182
v -0.12235891 -0.42726635 -0.10987693
v -0.10987650 -0.42726635 -0.12618025
v -0.10987650 -0.42726635 -0.08862403
v -0.13262754 -0.40285109 -0.45168531
v -0.10987650 -0.42363240 -0.45168531
v -0.12674560 -0.40285109 -0.42727042
v -0.10987650 -0.41575767 -0.42727042
v -0.10987650 -0.40285109 -0.41333909
v -0.10987650 -0.40418276 -0.32961089
v -0.10987650 -0.40285109 -0.33036427
v -0.13405796 -0.40285109 -0.15870670
v -0.12908957 -0.40285109 -0.13429182
v -0.10987650 -0.41042346 -0.10987693
v -0.13106883 -0.40285109 -0.01221740
v -0.10987650 -0.38504824 -0.40285554
v -0.10987650 -0.38604941 -0.37844066
v -0.10987650 -0.38934283 -0.35402577
v -0.11881320 -0.23194427 -0.01221740
v -0.10987650 -0.23937893 -0.01221740
v -0.10987650 -0.23194427 -0.02284101
v -0.10987650 -0.23194427 -0.00819132
v -0.10987650 -0.21714188 -0.01221740
v -0.12944813 -0.15869849 0.06102725
v -0.11728848 -0.13428323 0.03661237
v -0.12565491 -0.10986797 0.03661237
v -0.10987650 -0.12993451 0.03661237
v -0.10987650 -0.10986797 0.01631363
v -0.10987650 -0.10986797 0.04091103
v -0.12441589 -0.08545271 -0.01221740
v -0.10987650 -0.10008292 -0.01221740
v -0.10987650 -0.08545271 -0.03134105
v -0.10987650 -0.10703351 0.01219748
v -0.10987650 -0.10135351 0.03661237
v -0.10987650 -0.08545271 0.02324695
v -0.10987650 -0.07899312 -0.03663228
v -0.10987650 -0.06103745 -0.04932095
v -0.12986308 -0.06103745 -0.01221740
v -0.12699394 -0.06103745 0.01219748
v -0.11903286 -0.06103745 0.03661237
v -0.10987650 -0.07117717 0.03661237
v -0.10987650 -0.06103745 0.05489190
v -0.12100333 -0.03662219 -0.03663228
v -0.10987650 -0.03662219 -0.04468068
v -0.12092755 -0.03662219 -0.01221740
v -0.12260420 -0.03662219 0.01219748
v -0.12552227 -0.03662219 0.03661237
v -0.10987650 -0.03662219 0.05580027
v -0.13118377 -0.01220693 -0.03663228
v -0.10987650 -0.01220693 -0.05089396
v -0.13397038 -0.01220693 -0.01221740
v -0.13230392 -0.01220693 0.01219748
v -0.12449186 -0.01220693 0.03661237
v -0.10987650 -0.01220693 0.05354260
v -0.10987650 0.01220833 -0.05987243
v -0.12703513 0.01220833 0.03661237
v -0.10987650 0.01220833 0.04397478
v -0.10987650 0.03662359 -0.05062771
v -0.12232527 0.03662359 0.03661237
v -0.10987650 0.03662359 0.04232947
v -0.10987650 0.06103885 -0.04214571
v -0.10987650 0.05123819 0.03661237
v -0.10987650 0.06103885 0.03359374
v -0.11718223 0.08545411 -0.03663228
v -0.10987650 0.08545411 -0.03829388
v -0.12437314 0.08545411 0.03661237
v -0.10987650 0.06606457 0.03661237
v -0.10987650 0.08545411 0.05422951
v -0.10987650 0.10245668 -0.03663228
v -0.10987650 0.10986937 -0.03549789
v -0.13162272 0.10986937 0.01219748
v -0.13043172 0.10986937 0.03661237
v -0.12283613 0.10986937 0.06102725
v -0.10987650 0.09339258 0.06102725
v -0.10987650 0.10986937 0.07997668
v -0.13090287 0.13428463 -0.01221740
v -0.10987650 0.13428463 -0.02913016
v -0.10987650 0.13428463 0.08232187
v -0.10987650 0.15869989 -0.02423537
v -0.12684082 0.15869989 0.06102725
v -0.10987650 0.15869989 0.07251500
v -0.10987650 0.18311515 -0.01364282
v -0.11047599 0.18311515 0.06102725
v -0.10987650 0.18311515 0.06146100
v -0.10987650 0.18525978 -0.01221740
v -0.10987650 0.20753041 0.00899582
v -0.12759395 0.20753041 0.03661237
v -0.10987650 0.19899712 0.03661237
v -0.10987650 0.20753041 0.01877963
v -0.10987650 0.18416509 0.06102725
v -0.12828897 0.23194567 0.01219748
v -0.10987650 0.21178680 0.01219748
v -0.12663643 0.25636093 0.01219748
v -0.13207310 0.28077619 0.01219748
v -0.12470100 0.28077619 0.03661237
v -0.11118850 0.28077619 0.06102725
v -0.10987650 0.27965916 0.06102725
v -0.10987650 0.28077619 0.05853319
v -0.10987650 0.28077619 0.06219626
v -0.11010598 0.30519145 0.03661237
v -0.10987650 0.30486572 0.03661237
v -0.10987650 0.30519145 0.03550228
v -0.11651544 0.30519145 0.06102725
v -0.10987650 0.30519145 0.07027882
v -0.11106279 0.32960671 0.03661237
v -0.10987650 0.32960671 0.03149147
v -0.10987650 0.32645698 0.06102725
v -0.10987650 0.32960671 0.05126305
v -0.10987650 0.34139629 0.03661237
v -0.11496899 0.42726775 0.06102725
v -0.10987650 0.41139496 0.06102725
v -0.10987650 0.42726775 0.05681542
v -0.10987650 0.42726775 0.07390367
v -0.10987650 0.43743400 0.06102725
v -0.10225013 -0.57375790 -0.01221740
v -0.09859237 -0.54934264 -0.03663228
v -0.08546211 -0.55704450 -0.03663228
v -0.08546211 -0.54934264 -0.04137818
v -0.09389913 -0.54934264 -0.01221740
v -0.08546211 -0.54934264 -0.03074440
v -0.08546211 -0.54482248 -0.03663228
v -0.08546211 -0.53281856 -0.01221740
v -0.08546211 -0.52492738 -0.01843140
v -0.08546211 -0.52492738 -0.00466420
v -0.09314974 -0.50051212 -0.08546205
v -0.08546211 -0.51578866 -0.08546205
v -0.08546211 -0.50051212 -0.09283184
v -0.08546211 -0.50051212 -0.06322917
v -0.08546211 -0.52211257 -0.01221740
v -0.10134758 -0.47609686 -0.57375973
v -0.10119153 -0.47609686 -0.45168531
v -0.09314501 -0.47609686 -0.42727042
v -0.09111726 -0.47609686 -0.40285554
v -0.10609101 -0.47609686 -0.37844066
v -0.08546211 -0.48344108 -0.37844066
v -0.08546211 -0.47609686 -0.39742857
v -0.08546211 -0.47609686 -0.37188070
v -0.08625671 -0.47609686 -0.10987693
v -0.08546211 -0.47673059 -0.10987693
v -0.08546211 -0.47609686 -0.11036550
v -0.08546211 -0.47797574 -0.08546205
v -0.08546211 -0.47609686 -0.09949961
v -0.10062780 -0.45168160 -0.59817461
v -0.10157617 -0.45168160 -0.57375973
v -0.09391208 -0.45168160 -0.45168531
v -0.08546211 -0.45794429 -0.42727042
v -0.08546211 -0.45168160 -0.43566143
v -0.08546211 -0.47351385 -0.40285554
v -0.08546211 -0.46049375 -0.35402577
v -0.08546211 -0.45168160 -0.34240174
v -0.09671601 -0.45168160 -0.10987693
v -0.08546211 -0.47367351 -0.10987693
v -0.08933208 -0.42726635 -0.45168531
v -0.08546211 -0.42726635 -0.44783160
v -0.08546211 -0.44057050 -0.32961089
v -0.08546211 -0.42726635 -0.30928824
v -0.08546211 -0.43780695 -0.10987693
v -0.08546211 -0.42726635 -0.11303983
v -0.08546211 -0.42726635 -0.10575854
v -0.08546211 -0.41686902 -0.42727042
v -0.08546211 -0.40285109 -0.41693305
v -0.08583547 -0.40285109 -0.35402577
v -0.08546211 -0.40360413 -0.35402577
v -0.08546211 -0.40285109 -0.35443479
v -0.08546211 -0.40648687 -0.32961089
v -0.08546211 -0.41755783 -0.10987693
v -0.08546211 -0.37964323 -0.40285554
v -0.08546211 -0.37995035 -0.37844066
v -0.08810648 -0.30519005 0.30517609
v -0.08546211 -0.30772215 0.30517609
v -0.08546211 -0.30519005 0.30348699
v -0.08546211 -0.30519005 0.30960458
v -0.08546211 -0.29155214 0.30517609
v -0.10170799 -0.28077479 0.32959097
v -0.08546211 -0.28588986 0.32959097
v -0.08546211 -0.28077479 0.31488929
v -0.08546211 -0.28077479 0.34098287
v -0.08816706 -0.25635953 0.32959097
v -0.08546211 -0.25635953 0.32383144
v -0.08546211 -0.25635953 0.33612101
v -0.09230541 -0.23194427 -0.06104717
v -0.08546211 -0.23790392 -0.06104717
v -0.08546211 -0.23194427 -0.07512583
v -0.10136921 -0.23194427 -0.03663228
v -0.08546211 -0.24540293 -0.03663228
v -0.08546211 -0.23776603 -0.01221740
v -0.08546211 -0.23194427 -0.00855114
v -0.08546211 -0.24956719 0.32959097
v -0.08546211 -0.21857524 -0.06104717
v -0.09111477 -0.20752901 -0.03663228
v -0.08546211 -0.20752901 -0.04329160
v -0.08546211 -0.21742299 -0.01221740
v -0.08546211 -0.20752901 -0.03044556
v -0.08546211 -0.19890418 -0.03663228
v -0.08804696 -0.13428323 -0.03663228
v -0.08546211 -0.14236950 -0.03663228
v -0.08546211 -0.13428323 -0.04409407
v -0.08546211 -0.13428323 -0.02966155
v -0.08898366 -0.10986797 -0.06104717
v -0.08546211 -0.11586343 -0.06104717
v -0.08546211 -0.10986797 -0.06643913
v -0.09935844 -0.10986797 -0.03663228
v -0.09507095 -0.10986797 -0.01221740
v -0.08546211 -0.12117699 -0.01221740
v -0.10696613 -0.10986797 0.01219748
v -0.08546211 -0.13187738 0.01219748
v -0.09427792 -0.10986797 0.03661237
v -0.08546211 -0.10986797 0.02992528
v -0.09124236 -0.08545271 -0.06104717
v -0.08546211 -0.08545271 -0.06706766
v -0.10402077 -0.08545271 -0.03663228
v -0.08566920 -0.08545271 0.03661237
v -0.08546211 -0.08612389 0.03661237
v -0.08546211 -0.08545271 0.03672576
v -0.08546211 -0.08046843 -0.06104717
v -0.08546211 -0.06103745 -0.04975463
v -0.08546211 -0.06103745 0.05116974
v -0.08546211 -0.03662219 -0.04224477
v -0.08546211 -0.03662219 0.05667454
v -0.08546211 -0.01220693 -0.04570548
v -0.08546211 -0.01220693 0.05177152
v -0.08546211 0.01220833 -0.05738077
v -0.08546211 0.01220833 0.04871550
v -0.08546211 0.03662359 -0.05848065
v -0.08546211 0.03662359 0.04842317
v -0.08546211 0.06103885 -0.04629543
v -0.10657295 0.06103885 0.03661237
v -0.08546211 0.06103885 0.05568895
v -0.08546211 0.08545411 -0.04445814
v -0.10024343 0.08545411 0.06102725
v -0.08546211 0.07175963 0.06102725
v -0.08546211 0.08545411 0.06773144
v -0.10685118 0.10986937 -0.03663228
v -0.08546211 0.10986937 -0.04200360
v -0.08546211 0.10986937 0.07514603
v -0.08546211 0.12932363 -0.03663228
v -0.08546211 0.13428463 -0.03467371
v -0.08546211 0.13428463 0.07825389
v -0.08589810 0.15869989 -0.01221740
v -0.08546211 0.15846309 -0.01221740
v -0.08546211 0.15869989 -0.01167704
v -0.08546211 0.15869989 0.07854953
v -0.08546211 0.16103616 -0.01221740
v -0.08546211 0.18311515 -0.01386752
v -0.09177628 0.18311515 0.03661237
v -0.08546211 0.17769181 0.03661237
v -0.08546211 0.18311515 0.01804666
v -0.08546211 0.18311515 0.04822558
v -0.08546211 0.18311515 0.06973673
v -0.08546211 0.18853420 -0.01221740
v -0.08546211 0.20753041 0.00106788
v -0.08546211 0.20753041 0.02076947
v -0.08546211 0.20503571 0.06102725
v -0.08546211 0.22407981 0.01219748
v -0.08853755 0.28077619 0.03661237
v -0.08546211 0.27828378 0.03661237
v -0.08546211 0.28077619 0.03403392
v -0.08546211 0.26927783 0.06102725
v -0.08546211 0.28077619 0.07115416
v -0.09363495 0.30519145 0.01219748
v -0.08546211 0.30263340 0.01219748
v -0.08546211 0.30519145 0.01125060
v -0.08546211 0.30519145 0.07492430
v -0.09736243 0.32960671 0.01219748
v -0.08546211 0.32960671 0.00938049
v -0.10372559 0.32960671 0.06102725
v -0.08546211 0.32960671 0.06296256
v -0.09118802 0.35402197 0.01219748
v -0.08546211 0.35402197 0.00885791
v -0.10751106 0.35402197 0.03661237
v -0.08546211 0.33225161 0.06102725
v -0.08546211 0.35402197 0.04588950
v -0.08546211 0.36464645 0.01219748
v -0.08546211 0.37082977 0.03661237
v -0.09181379 0.40285249 0.03661237
v -0.08546211 0.39582851 0.03661237
v -0.08546211 0.40285249 0.03492824
v -0.08546211 0.40285249 0.03836202
v -0.08546211 0.40583737 0.03661237
v -0.10399051 0.42726775 0.06102725
v -0.08305647 -0.54934264 -0.03663228
v -0.08114040 -0.52492738 -0.01221740
v -0.06104773 -0.50846412 -0.08546205
v -0.06104773 -0.50051212 -0.09427207
v -0.06104773 -0.50051212 -0.07539949
v -0.07763817 -0.47609686 -0.37844066
v -0.08251659 -0.47609686 -0.10987693
v -0.06104773 -0.49611548 -0.08546205
v -0.08273798 -0.45168160 -0.42727042
v -0.07356172 -0.45168160 -0.40285554
v -0.06666455 -0.45168160 -0.37844066
v -0.07323224 -0.45168160 -0.35402577
v -0.08036113 -0.42726635 -0.42727042
v -0.06465938 -0.42726635 -0.40285554
v -0.06439834 -0.42726635 -0.37844066
v -0.07727048 -0.42726635 -0.35402577
v -0.07800403 -0.42726635 -0.32961089
v -0.06862356 -0.42726635 -0.10987693
v -0.06104773 -0.41850745 -0.40285554
v -0.06104773 -0.40285109 -0.41256174
v -0.07294382 -0.40285109 -0.37844066
v -0.06104773 -0.40285109 -0.39658790
v -0.06104773 -0.37902939 -0.40285554
v -0.07472930 -0.37843583 -0.37844066
v -0.06104773 -0.38042530 -0.37844066
v -0.06104773 -0.37843583 -0.40069660
v -0.06104773 -0.37843583 -0.37658492
v -0.06104773 -0.37685517 -0.37844066
v -0.08178430 -0.30519005 0.30517609
v -0.08066113 -0.28077479 0.32959097
v -0.06172697 -0.25635953 -0.08546205
v -0.06104773 -0.25739529 -0.08546205
v -0.06104773 -0.25635953 -0.08672849
v -0.07288916 -0.25635953 -0.06104717
v -0.06104773 -0.27071059 -0.06104717
v -0.07428815 -0.25635953 -0.03663228
v -0.06104773 -0.27704088 -0.03663228
v -0.06104773 -0.25635953 -0.02247799
v -0.08419317 -0.25635953 0.32959097
v -0.06104773 -0.25024460 -0.08546205
v -0.06104773 -0.23194427 -0.08321907
v -0.06129362 -0.23194427 -0.01221740
v -0.06104773 -0.23194427 -0.01233886
v -0.06104773 -0.21716023 -0.06104717
v -0.08359264 -0.20752901 -0.03663228
v -0.06104773 -0.22164468 -0.03663228
v -0.06565426 -0.13428323 -0.08546205
v -0.06104773 -0.13931827 -0.08546205
v -0.06104773 -0.13428323 -0.09262511
v -0.07672497 -0.13428323 -0.06104717
v -0.06104773 -0.14511804 -0.06104717
v -0.06104773 -0.15255905 -0.03663228
v -0.07436743 -0.13428323 -0.01221740
v -0.06104773 -0.14655269 -0.01221740
v -0.08244105 -0.13428323 0.01219748
v -0.06104773 -0.14114563 0.01219748
v -0.06104773 -0.13428323 0.02002899
v -0.07472441 -0.10986797 -0.08546205
v -0.06104773 -0.10986797 -0.10426272
v -0.06104773 -0.10986797 0.01969166
v -0.07013615 -0.08545271 -0.08546205
v -0.06104773 -0.08545271 -0.10035670
v -0.08519493 -0.08545271 0.03661237
v -0.06104773 -0.08545271 0.02993728
v -0.06104773 -0.07386712 -0.08546205
v -0.06814059 -0.06103745 -0.06104717
v -0.06104773 -0.06103745 -0.07186529
v -0.06104773 -0.07654582 0.03661237
v -0.06104773 -0.06103745 0.04957748
v -0.06104773 -0.05097612 -0.06104717
v -0.06104773 -0.03662219 -0.05198233
v -0.06104773 -0.03662219 0.05245428
v -0.06104773 -0.01220693 -0.05333620
v -0.06104773 -0.01220693 0.04749775
v -0.07146588 0.01220833 -0.06104717
v -0.06104773 0.00584516 -0.06104717
v -0.06104773 0.01220833 -0.06442885
v -0.06104773 0.01220833 0.04512390
v -0.06104773 0.01897999 -0.06104717
v -0.06104773 0.03662359 -0.05137964
v -0.06104773 0.03662359 0.04717576
v -0.06104773 0.06103885 -0.04014171
v -0.06104773 0.06103885 0.05076611
v -0.06371023 0.08545411 -0.03663228
v -0.06104773 0.07847331 -0.03663228
v -0.06104773 0.08545411 -0.03566658
v -0.06104773 0.08277829 0.06102725
v -0.06104773 0.08545411 0.06236857
v -0.06104773 0.09068560 -0.03663228
v -0.06104773 0.10986937 -0.04153167
v -0.06104773 0.10986937 0.07710456
v -0.06104773 0.13005312 -0.03663228
v -0.06104773 0.13428463 -0.03444795
v -0.06104773 0.13428463 0.08458533
v -0.06104773 0.15638124 -0.01221740
v -0.06104773 0.15869989 0.00180158
v -0.07177925 0.15869989 0.03661237
v -0.06104773 0.15033166 0.03661237
v -0.06104773 0.15869989 0.01375296
v -0.08032026 0.15869989 0.06102725
v -0.06104773 0.13847227 0.06102725
v -0.06104773 0.17061923 -0.01221740
v -0.06104773 0.18311515 -0.01312794
v -0.06104773 0.18311515 0.02957968
v -0.07900446 0.18311515 0.06102725
v -0.06104773 0.18694327 -0.01221740
v -0.06104773 0.20753041 -0.00571499
v -0.06887607 0.20753041 0.03661237
v -0.06104773 0.19283025 0.03661237
v -0.06104773 0.20753041 0.04597544
v -0.07839181 0.23194567 0.01219748
v -0.06104773 0.23194567 0.00470133
v -0.06571132 0.23194567 0.03661237
v -0.06104773 0.23194567 0.05474360
v -0.06104773 0.25286461 0.01219748
v -0.06685526 0.25636093 0.03661237
v -0.06104773 0.25636093 0.01855510
v -0.06565564 0.25636093 0.06102725
v -0.06104773 0.24027787 0.06102725
v -0.07410603 0.25636093 0.08544214
v -0.06104773 0.23846552 0.08544214
v -0.06104773 0.25636093 0.10037602
v -0.06104773 0.28077619 0.01699720
v -0.06379807 0.28077619 0.08544214
v -0.06104773 0.28077619 0.08746905
v -0.06104773 0.28821629 0.01219748
v -0.06104773 0.30519145 0.00940877
v -0.06104773 0.28300566 0.08544214
v -0.06104773 0.30519145 0.07049036
v -0.07255376 0.32960671 0.01219748
v -0.06104773 0.31826264 0.01219748
v -0.06104773 0.32960671 0.01892182
v -0.08219220 0.32960671 0.06102725
v -0.06104773 0.31498394 0.06102725
v -0.06104773 0.32960671 0.04628928
v -0.06104773 0.33697203 0.01219748
v -0.06104773 0.35402197 0.00681486
v -0.06104773 0.35402197 0.03848346
v -0.06104773 0.37528230 0.01219748
v -0.06104773 0.36227923 0.03661237
v -0.07913004 0.40285249 0.03661237
v -0.06241479 0.40285249 0.23193144
v -0.06104773 0.40033675 0.23193144
v -0.06104773 0.40285249 0.22839479
v -0.06104773 0.40285249 0.23435880
v -0.06104773 0.40706467 0.23193144
v -0.05249578 -0.50051212 -0.08546205
v -0.05714446 -0.40285109 -0.40285554
v -0.05772767 -0.37843583 -0.37844066
v -0.04403932 -0.32960531 -0.08546205
v -0.03663334 -0.34489840 -0.08546205
v -0.03663334 -0.32960531 -0.10127249
v -0.04752818 -0.32960531 -0.06104717
v -0.03663334 -0.34798823 -0.06104717
v -0.04747409 -0.32960531 -0.03663228
v -0.03663334 -0.34922468 -0.03663228
v -0.03663334 -0.32960531 -0.02580037
v -0.04358804 -0.30519005 -0.08546205
v -0.03663334 -0.30519005 -0.10420161
v -0.04518256 -0.30519005 -0.06104717
v -0.04629191 -0.30519005 -0.03663228
v -0.03663334 -0.30519005 -0.02820039
v -0.03981724 -0.28077479 -0.10987693
v -0.03663334 -0.29209110 -0.10987693
v -0.03663334 -0.28077479 -0.11597457
v -0.04778884 -0.28077479 -0.08546205
v -0.05103696 -0.28077479 -0.06104717
v -0.05863330 -0.28077479 -0.03663228
v -0.03663334 -0.28077479 -0.02157377
v -0.03742246 -0.25635953 -0.13429182
v -0.03663334 -0.25816957 -0.13429182
v -0.03663334 -0.25635953 -0.13497712
v -0.04862148 -0.25635953 -0.10987693
v -0.03663334 -0.25635953 -0.01494960
v -0.03663334 -0.25009932 -0.13429182
v -0.05265116 -0.23194427 -0.10987693
v -0.03663334 -0.23194427 -0.13241298
v -0.05956290 -0.23194427 -0.08546205
v -0.03663334 -0.23194427 -0.02172621
v -0.04707374 -0.20752901 -0.10987693
v -0.03663334 -0.20752901 -0.12068758
v -0.04578351 -0.20752901 -0.08546205
v -0.03889942 -0.20752901 -0.06104717
v -0.03663334 -0.21442198 -0.03663228
v -0.03663334 -0.20752901 -0.05558355
v -0.03663334 -0.18979910 -0.10987693
v -0.03663334 -0.19933059 -0.08546205
v -0.03663334 -0.20448828 -0.06104717
v -0.04567715 -0.15869849 -0.08546205
v -0.03663334 -0.17253211 -0.08546205
v -0.03663334 -0.15869849 -0.10731082
v -0.04030379 -0.15869849 -0.06104717
v -0.03663334 -0.16496867 -0.06104717
v -0.04055513 -0.15869849 -0.03663228
v -0.03663334 -0.16150263 -0.03663228
v -0.03663334 -0.15869849 -0.03333210
v -0.04415412 -0.13428323 -0.10987693
v -0.03663334 -0.15384551 -0.10987693
v -0.03663334 -0.13428323 -0.11504637
v -0.03663334 -0.15204844 -0.01221740
v -0.04987691 -0.13428323 0.01219748
v -0.03663334 -0.13428323 0.00527912
v -0.05694448 -0.10986797 -0.10987693
v -0.03663334 -0.10986797 -0.12685428
v -0.03663334 -0.12216209 0.01219748
v -0.03663334 -0.10986797 0.01776402
v -0.04968060 -0.08545271 -0.10987693
v -0.03663334 -0.08545271 -0.12653335
v -0.03663334 -0.08545271 0.02867956
v -0.03663334 -0.07490086 -0.10987693
v -0.05382454 -0.06103745 -0.08546205
v -0.03663334 -0.06103745 -0.10333894
v -0.03663334 -0.06973912 0.03661237
v -0.03663334 -0.06103745 0.04505351
v -0.03724297 -0.03662219 -0.08546205
v -0.03663334 -0.03662219 -0.08711431
v -0.05161130 -0.03662219 -0.06104717
v -0.03663334 -0.03662219 0.04934761
v -0.04086665 -0.01220693 -0.08546205
v -0.03663334 -0.01220693 -0.09907650
v -0.05441718 -0.01220693 -0.06104717
v -0.03663334 -0.01220693 0.04732239
v -0.04382769 0.01220833 -0.08546205
v -0.03663334 0.01220833 -0.09165345
v -0.03663334 0.01220833 0.04464590
v -0.03663334 0.02243614 -0.08546205
v -0.03663334 0.02775589 -0.06104717
v -0.03663334 0.03662359 -0.04443877
v -0.03663334 0.03662359 0.04616108
v -0.05435305 0.06103885 -0.03663228
v -0.03663334 0.04617772 -0.03663228
v -0.03663334 0.06103885 -0.02988432
v -0.03663334 0.06103885 0.04763230
v -0.03663334 0.08545411 -0.03366342
v -0.03663334 0.08414225 0.06102725
v -0.03663334 0.08545411 0.06168369
v -0.03663334 0.10114623 -0.03663228
v -0.03663334 0.10986937 -0.03935887
v -0.03663334 0.10986937 0.07608411
v -0.05179485 0.13428463 -0.03663228
v -0.03663334 0.13428463 -0.03791456
v -0.05063410 0.13428463 0.06102725
v -0.03663334 0.12902590 0.06102725
v -0.03663334 0.13428463 0.05384421
v -0.03663334 0.13695115 -0.03663228
v -0.03663334 0.15236818 -0.01221740
v -0.03663334 0.15869989 -0.00397714
v -0.03663334 0.14637131 0.03661237
v -0.03663334 0.15869989 0.02335000
v -0.04780051 0.18311515 -0.01221740
v -0.03663334 0.18311515 -0.00980362
v -0.03663334 0.18311515 0.02091520
v -0.03663334 0.20753041 -0.00808133
v -0.04546646 0.20753041 0.03661237
v -0.03663334 0.20753041 0.03376042
v -0.03663334 0.23194567 -0.00003055
v -0.03663334 0.21305643 0.03661237
v -0.03663334 0.23194567 0.04738332
v -0.03702548 0.23194567 0.10985702
v -0.03663334 0.23188566 0.10985702
v -0.03663334 0.23194567 0.10978966
v -0.03663334 0.23194567 0.10991165
v -0.05390158 0.25636093 0.01219748
v -0.03663334 0.25636093 0.00947482
v -0.05317953 0.25636093 0.06102725
v -0.03663334 0.25636093 0.04045079
v -0.05670192 0.25636093 0.08544214
v -0.03663334 0.23208095 0.10985702
v -0.03663334 0.26261744 0.01219748
v -0.04849480 0.28077619 0.03661237
v -0.03663334 0.25907448 0.03661237
v -0.04708137 0.28077619 0.06102725
v -0.05797002 0.28077619 0.08544214
v -0.05394857 0.30519145 0.01219748
v -0.04948994 0.30519145 0.03661237
v -0.05076857 0.30519145 0.06102725
v -0.03969190 0.32960671 0.03661237
v -0.03663334 0.34435787 0.01219748
v -0.03663334 0.35402197 0.01097786
v -0.03663334 0.33767267 0.03661237
v -0.03663334 0.35402197 0.03830983
v -0.04516497 0.37843723 0.01219748
v -0.03663334 0.37843723 0.01163855
v -0.03663334 0.35924204 0.03661237
v -0.03663334 0.37843723 0.01370278
v -0.03663334 0.38101842 0.01219748
v -0.05958436 0.40285249 0.23193144
v -0.01708779 -0.74466472 -0.08546205
v -0.01221896 -0.74474409 -0.08546205
v -0.01221896 -0.74466472 -0.09312921
v -0.01365738 -0.74466472 -0.06104717
v -0.01221896 -0.74469277 -0.06104717
v -0.01221896 -0.74466472 -0.05900788
v -0.01906038 -0.74466472 0.06102725
v -0.01221896 -0.74478695 0.06102725
v -0.01221896 -0.74466472 0.05273931
v -0.01276106 -0.74466472 0.08544214
v -0.01221896 -0.74467430 0.08544214
v -0.01221896 -0.74466472 0.08787097
v -0.01221896 -0.72898144 -0.08546205
v -0.01221896 -0.74311879 -0.06104717
v -0.01381765 -0.72024946 0.03661237
v -0.01221896 -0.72208000 0.03661237
v -0.01221896 -0.72024946 0.03548831
v -0.01221896 -0.72716159 0.06102725
v -0.01221896 -0.72024946 0.04358016
v -0.01221896 -0.74361591 0.08544214
v -0.01221896 -0.71545149 0.03661237
v -0.01290520 -0.64700368 -0.08546205
v -0.01221896 -0.64821629 -0.08546205
v -0.01221896 -0.64700368 -0.08676774
v -0.01221896 -0.64700368 -0.08340007
v -0.01895589 -0.64700368 0.03661237
v -0.01221896 -0.65773651 0.03661237
v -0.01221896 -0.64700368 0.01990019
v -0.01221896 -0.64700368 0.04618588
v -0.01875214 -0.62258842 -0.08546205
v -0.01221896 -0.62258842 -0.10047078
v -0.01221896 -0.62258842 -0.07332983
v -0.01797909 -0.62258842 0.01219748
v -0.01221896 -0.62998888 0.01219748
v -0.01221896 -0.62258842 0.00390757
v -0.02005150 -0.62258842 0.03661237
v -0.01221896 -0.62258842 0.04584048
v -0.01221896 -0.60144900 -0.08546205
v -0.01221896 -0.62020349 0.01219748
v -0.01221896 -0.61110500 0.03661237
v -0.01232756 -0.37843583 -0.10987693
v -0.01221896 -0.37915883 -0.10987693
v -0.01221896 -0.37843583 -0.10998547
v -0.02030789 -0.37843583 -0.08546205
v -0.01221896 -0.38708958 -0.08546205
v -0.01221896 -0.37843583 -0.07519845
v -0.01775932 -0.35402057 -0.10987693
v -0.01221896 -0.35402057 -0.11341477
v -0.03206468 -0.35402057 -0.08546205
v -0.03243084 -0.35402057 -0.06104717
v -0.01221896 -0.37081239 -0.06104717
v -0.03140932 -0.35402057 -0.03663228
v -0.01221896 -0.36414061 -0.03663228
v -0.01221896 -0.35402057 -0.01952158
v -0.02952669 -0.32960531 -0.10987693
v -0.01221896 -0.32960531 -0.11971680
v -0.01221896 -0.32960531 -0.01520390
v -0.03213859 -0.30519005 -0.10987693
v -0.01221896 -0.30519005 -0.12015172
v -0.01221896 -0.30519005 -0.01463572
v -0.01221896 -0.28077479 -0.13128680
v -0.01288267 -0.28077479 -0.01221740
v -0.01221896 -0.28262960 -0.01221740
v -0.01221896 -0.28077479 -0.01202266
v -0.01221896 -0.27497158 -0.13429182
v -0.01221896 -0.25635953 -0.14752331
v -0.02943239 -0.25635953 -0.01221740
v -0.01221896 -0.25635953 -0.00652797
v -0.01456403 -0.23194427 -0.15870670
v -0.01221896 -0.23704530 -0.15870670
v -0.01221896 -0.23194427 -0.16353229
v -0.03469913 -0.23194427 -0.13429182
v -0.02412013 -0.23194427 -0.01221740
v -0.01221896 -0.23194427 -0.00602430
v -0.01221896 -0.22743758 -0.15870670
v -0.02485257 -0.20752901 -0.13429182
v -0.01221896 -0.20752901 -0.14664241
v -0.03240214 -0.20752901 -0.03663228
v -0.01221896 -0.22154876 -0.01221740
v -0.01221896 -0.20752901 -0.01963086
v -0.01221896 -0.19522317 -0.13429182
v -0.02302672 -0.18311375 -0.10987693
v -0.01221896 -0.18311375 -0.11437001
v -0.02705960 -0.18311375 -0.08546205
v -0.02767937 -0.18311375 -0.06104717
v -0.02728176 -0.18311375 -0.03663228
v -0.01221896 -0.18311375 -0.02308432
v -0.01221896 -0.17598525 -0.10987693
v -0.01221896 -0.15869849 -0.10554093
v -0.02199906 -0.15869849 -0.01221740
v -0.01221896 -0.16603328 -0.01221740
v -0.01221896 -0.15869849 0.00494541
v -0.01221896 -0.14517320 -0.10987693
v -0.01221896 -0.13428323 -0.11334708
v -0.02495915 -0.13428323 0.01219748
v -0.01221896 -0.15389446 0.01219748
v -0.01221896 -0.13428323 0.02319932
v -0.01221896 -0.10986797 -0.12772024
v -0.01221896 -0.10986797 0.02751593
v -0.01221896 -0.08545271 -0.12394484
v -0.01221896 -0.08545271 0.03456342
v -0.01221896 -0.06929342 -0.10987693
v -0.01221896 -0.06103745 -0.10373738
v -0.01221896 -0.08248056 0.03661237
v -0.01221896 -0.06103745 0.05467271
v -0.01221896 -0.03662219 -0.08808110
v -0.01221896 -0.03662219 0.05374604
v -0.02014401 -0.01220693 -0.08546205
v -0.01221896 -0.02516843 -0.08546205
v -0.01221896 -0.01220693 -0.08288667
v -0.01221896 -0.01220693 0.04827534
v -0.01221896 0.00416348 -0.08546205
v -0.01221896 0.01220833 -0.08678136
v -0.01221896 0.01220833 0.04737630
v -0.01221896 0.02194383 -0.08546205
v -0.01844309 0.03662359 -0.06104717
v -0.01221896 0.03662359 -0.07748056
v -0.01221896 0.03662359 0.04860064
v -0.01221896 0.04803503 -0.06104717
v -0.02123600 0.06103885 -0.03663228
v -0.01221896 0.06103885 -0.04941043
v -0.01221896 0.06103885 0.05326651
v -0.02643970 0.08545411 -0.03663228
v -0.01221896 0.08545411 -0.04655075
v -0.01221896 0.07879778 0.06102725
v -0.01221896 0.08545411 0.06397458
v -0.01221896 0.10986937 -0.04869123
v -0.01221896 0.10986937 0.07033518
v -0.01221896 0.13428463 -0.04005408
v -0.01758172 0.13428463 0.06102725
v -0.01250957 0.13428463 0.08544214
v -0.01221896 0.13413025 0.08544214
v -0.01221896 0.13428463 0.08592788
v -0.01966846 0.13428463 0.32959097
v -0.01221896 0.12370495 0.32959097
v -0.01221896 0.13428463 0.32020894
v -0.01221896 0.13428463 0.33248531
v -0.01221896 0.14204923 -0.03663228
v -0.01221896 0.15259315 -0.01221740
v -0.01221896 0.15869989 -0.00053709
v -0.01221896 0.14755057 0.03661237
v -0.01221896 0.15869989 0.01915023
v -0.01221896 0.13553237 0.06102725
v -0.01221896 0.13438962 0.08544214
v -0.01221896 0.13987818 0.32959097
v -0.01221896 0.18311515 0.00168340
v -0.01221896 0.18311515 0.01612692
v -0.01221896 0.20753041 -0.00513707
v -0.01221896 0.20753041 0.03632159
v -0.01221896 0.23194567 0.00193462
v -0.01221896 0.20829252 0.03661237
v -0.01221896 0.23194567 0.05091153
v -0.03650922 0.23194567 0.10985702
v -0.02006286 0.25636093 0.01219748
v -0.01221896 0.25346737 0.01219748
v -0.03501919 0.25636093 0.03661237
v -0.01221896 0.23966736 0.03661237
v -0.01221896 0.34393495 0.01219748
v -0.01221896 0.35402197 0.00886451
v -0.01221896 0.34387421 0.03661237
v -0.01221896 0.35402197 0.04174630
v -0.01823581 0.37843723 0.01219748
v -0.01221896 0.37719540 0.01219748
v -0.02030275 0.37843723 0.03661237
v -0.01221896 0.37843723 0.01321327
v -0.01221896 0.37843723 0.03943262
v -0.01221896 0.38421112 0.03661237
v 0.01219543 -0.74482849 -0.08546205
v 0.01219543 -0.74466472 -0.10706676
v -0.00618212 -0.74466472 -0.06104717
v 0.01219543 -0.74466472 -0.06938208
v 0.01219543 -0.74481007 0.06102725
v 0.01219543 -0.74466472 0.04916677
v 0.01219543 -0.74489692 0.08544214
v -0.00607851 -0.74466472 0.10985702
v 0.01219543 -0.74492007 0.10985702
v 0.00768562 -0.74466472 0.13427190
v 0.01219543 -0.74474164 0.13427190
v 0.01219543 -0.74466472 0.13716897
v -0.00760011 -0.72024946 -0.10987693
v 0.01219543 -0.73789860 -0.10987693
v 0.01219543 -0.72024946 -0.11250886
v 0.01219543 -0.72974825 -0.08546205
v 0.01219543 -0.72024946 -0.10139032
v 0.01219543 -0.72283386 0.03661237
v 0.01219543 -0.72024946 0.03581627
v 0.01219543 -0.73322243 0.06102725
v 0.01219543 -0.72024946 0.03904223
v 0.00694433 -0.72024946 0.08544214
v 0.01219543 -0.72024946 0.07907573
v 0.00973106 -0.72024946 0.10985702
v 0.01219543 -0.73681359 0.13427190
v 0.01219543 -0.72024946 0.11576835
v 0.01219543 -0.71268127 -0.10987693
v -0.00232370 -0.69583420 0.03661237
v 0.01219543 -0.69583420 0.03126813
v 0.01219543 -0.69583420 0.05373420
v 0.01219543 -0.71476804 0.08544214
v 0.01219543 -0.71593424 0.10985702
v 0.00355434 -0.67141894 -0.08546205
v 0.01219543 -0.69526989 -0.08546205
v 0.01219543 -0.67141894 -0.09448668
v 0.01219543 -0.67141894 -0.07077650
v 0.00326189 -0.67141894 0.03661237
v 0.01219543 -0.67141894 0.02717944
v 0.00895412 -0.67141894 0.06102725
v 0.01219543 -0.68222693 0.06102725
v 0.01219543 -0.67141894 0.06478825
v 0.01219543 -0.64700368 -0.09900127
v 0.01219543 -0.64700368 -0.06933580
v 0.00768284 -0.64700368 0.01219748
v 0.01219543 -0.64900816 0.01219748
v 0.01219543 -0.64700368 0.01062547
v 0.01081963 -0.64700368 0.06102725
v 0.01219543 -0.64700368 0.06172064
v -0.00121223 -0.62258842 -0.10987693
v 0.01219543 -0.63100837 -0.10987693
v 0.01219543 -0.62258842 -0.11580671
v 0.01219543 -0.62258842 -0.07303599
v 0.01219543 -0.62258842 -0.00321664
v 0.01219543 -0.64530172 0.06102725
v 0.01219543 -0.62258842 0.04861598
v 0.01187764 -0.59817316 -0.13429182
v 0.01219543 -0.59868029 -0.13429182
v 0.01219543 -0.59817316 -0.13474064
v 0.01219543 -0.61265242 -0.10987693
v 0.01219543 -0.59817316 -0.13323208
v 0.01219543 -0.61431204 -0.08546205
v 0.01219543 -0.61342313 0.01219748
v 0.01219543 -0.61503439 0.03661237
v 0.01219543 -0.59764670 -0.13429182
v 0.00246205 -0.52492738 -0.01221740
v 0.01219543 -0.53731072 -0.01221740
v 0.01219543 -0.52492738 -0.03043317
v 0.01219543 -0.52492738 -0.00322841
v 0.00728826 -0.50051212 -0.15870670
v 0.01219543 -0.50926502 -0.15870670
v 0.01219543 -0.50051212 -0.17077114
v 0.01219543 -0.50051212 -0.15330373
v 0.01219543 -0.50325372 -0.01221740
v 0.00477383 -0.47609686 -0.28078112
v 0.01219543 -0.48797689 -0.28078112
v 0.01219543 -0.47609686 -0.28656263
v 0.01219543 -0.47609686 -0.27111750
v 0.01219543 -0.49495757 -0.15870670
v 0.01219543 -0.45920847 -0.28078112
v 0.01219410 -0.40285109 -0.30519600
v 0.01219543 -0.40285262 -0.30519600
v 0.01219543 -0.40285109 -0.30519780
v 0.01219543 -0.40285109 -0.30519488
v 0.00978209 -0.37843583 -0.32961089
v 0.01219543 -0.38123449 -0.32961089
v 0.01219543 -0.37843583 -0.33626461
v -0.00108721 -0.37843583 -0.30519600
v 0.01219543 -0.37843583 -0.29841179
v 0.01219543 -0.38078260 -0.10987693
v 0.01219543 -0.37843583 -0.11164605
v 0.01219543 -0.39877027 -0.08546205
v 0.01219543 -0.37843583 -0.07673242
v 0.01219543 -0.37495184 -0.32961089
v 0.01219543 -0.36302066 -0.30519600
v 0.01219543 -0.35402057 -0.13299465
v 0.01219543 -0.36618758 -0.06104717
v 0.01219543 -0.37591935 -0.03663228
v 0.01219543 -0.35402057 -0.02939178
v 0.01219543 -0.32960531 -0.12819670
v 0.01219543 -0.32960531 -0.02049615
v 0.01219543 -0.30519005 -0.13069473
v -0.00659388 -0.30519005 -0.01221740
v 0.01219543 -0.31729264 -0.01221740
v 0.01219543 -0.30519005 -0.00417631
v -0.00179392 -0.28077479 -0.13429182
v 0.01219543 -0.29298301 -0.13429182
v 0.01219543 -0.28077479 -0.13860767
v 0.01219543 -0.28077479 -0.00072962
v 0.01219543 -0.25635953 -0.15191977
v 0.01219543 -0.25635953 0.00581373
v 0.01219543 -0.23722186 -0.15870670
v 0.01219543 -0.23194427 -0.16493354
v 0.01219543 -0.23194427 0.00509758
v 0.01219543 -0.22906432 -0.15870670
v 0.01219543 -0.20752901 -0.14802991
v -0.00368497 -0.20752901 -0.01221740
v 0.01219543 -0.20752901 0.00586000
v 0.01219543 -0.19070718 -0.13429182
v 0.01219543 -0.18311375 -0.12474645
v -0.00269178 -0.18311375 -0.01221740
v 0.00612352 -0.18311375 0.01219748
v 0.01219543 -0.19579204 0.01219748
v 0.01219543 -0.18311375 0.02013096
v 0.01219543 -0.16253636 -0.10987693
v 0.01219543 -0.15869849 -0.10858874
v -0.00955028 -0.15869849 0.01219748
v -0.00496737 -0.15869849 0.03661237
v 0.01219543 -0.16726101 0.03661237
v 0.01219543 -0.15869849 0.04414882
v 0.01219543 -0.15429235 -0.10987693
v 0.01219543 -0.13428323 -0.11602184
v 0.00555546 -0.13428323 0.03661237
v 0.01219543 -0.13428323 0.04223239
v 0.00093199 -0.10986797 -0.13429182
v 0.01219543 -0.11295669 -0.13429182
v 0.01219543 -0.10986797 -0.13822407
v -0.00007361 -0.10986797 0.03661237
v 0.01219543 -0.10986797 0.04904065
v 0.01219543 -0.10163660 -0.13429182
v 0.00750829 -0.08545271 -0.10987693
v 0.01219543 -0.09077147 -0.10987693
v 0.01219543 -0.08545271 -0.10693207
v -0.00755652 -0.08545271 0.03661237
v 0.01219543 -0.08545271 0.05699946
v 0.01219543 -0.06103745 -0.09300749
v 0.00001056 -0.06103745 0.06102725
v 0.01219543 -0.07938210 0.06102725
v 0.01219543 -0.06103745 0.06808525
v -0.00247670 -0.03662219 -0.08546205
v 0.01219543 -0.04457310 -0.08546205
v 0.01219543 -0.03662219 -0.08190613
v 0.00915646 -0.03662219 0.06102725
v 0.01219543 -0.03662219 0.06207566
v 0.01219543 -0.01220693 -0.07163666
v 0.01219543 -0.03213827 0.06102725
v 0.01219543 -0.01220693 0.05672734
v -0.00991020 0.01220833 -0.08546205
v 0.01219543 0.01220833 -0.07427397
v 0.01219543 0.01220833 0.05258282
v -0.00315750 0.03662359 -0.08546205
v 0.01219543 0.03148110 -0.08546205
v 0.01219543 0.03662359 -0.08925718
v 0.01219543 0.03662359 0.05578569
v 0.00478491 0.06103885 -0.08546205
v 0.01219543 0.06103885 -0.08829298
v -0.00321573 0.06103885 -0.06104717
v 0.01037277 0.06103885 0.06102725
v 0.01219543 0.05853201 0.06102725
v 0.01219543 0.06103885 0.06165710
v 0.01219543 0.06565317 -0.08546205
v 0.01219543 0.07646431 -0.06104717
v 0.01219543 0.08545411 -0.05384577
v 0.01219543 0.08545411 0.07071362
v 0.01219543 0.10986937 -0.05651582
v 0.01219543 0.10986937 0.07190541
v 0.01219543 0.13428463 -0.03945825
v -0.01195649 0.13428463 0.08544214
v 0.01219543 0.13428463 0.07126168
v -0.00979581 0.13428463 0.32959097
v 0.01219543 0.13786903 -0.03663228
v 0.01219543 0.13839384 -0.01221740
v 0.01219543 0.15869989 0.00576140
v 0.00481059 0.15869989 0.03661237
v 0.01219543 0.14929749 0.06102725
v 0.01219543 0.15869989 0.04903579
v 0.00226163 0.18311515 0.01219748
v 0.01219543 0.17683441 0.01219748
v 0.01219543 0.16863291 0.03661237
v 0.01199878 0.18311515 0.13427190
v 0.01219543 0.18228299 0.13427190
v 0.01219543 0.18311515 0.13393537
v 0.01219543 0.18311515 0.13433402
v 0.01219543 0.18902883 0.01219748
v 0.01219543 0.20753041 0.00240986
v -0.01175434 0.20753041 0.03661237
v 0.01219543 0.19488263 0.03661237
v 0.01041047 0.20753041 0.06102725
v 0.01219543 0.19955864 0.06102725
v 0.01219543 0.20753041 0.07768429
v 0.01199349 0.20753041 0.10985702
v 0.01219543 0.20670971 0.10985702
v 0.01219543 0.20753041 0.10671294
v 0.01219543 0.18319785 0.13427190
v 0.01219543 0.20753041 0.11006179
v 0.01219543 0.23194567 -0.00104879
v -0.00378215 0.23194567 0.06102725
v 0.00980398 0.23194567 0.08544214
v 0.01219543 0.21591809 0.08544214
v 0.01219543 0.20811448 0.10985702
v 0.01219543 0.23194567 0.09131641
v -0.00684640 0.25636093 0.01219748
v 0.01219543 0.25636093 0.00591746
v 0.00882388 0.25636093 0.03661237
v 0.01219543 0.25376975 0.06102725
v 0.01219543 0.25636093 0.05334384
v 0.01219543 0.23576771 0.08544214
v 0.01219543 0.26137893 0.01219748
v 0.01219543 0.25776220 0.03661237
v 0.00936134 0.32960671 0.03661237
v 0.01219543 0.32857272 0.03661237
v 0.01219543 0.32960671 0.03462116
v 0.01219543 0.32960671 0.04019612
v -0.00374927 0.35402197 0.01219748
v 0.01219543 0.35402197 0.02940215
v 0.01219543 0.35402197 0.05461498
v 0.00403121 0.37843723 0.03661237
v 0.01219543 0.36769157 0.03661237
v 0.02389371 -0.74466472 -0.08546205
v 0.03269773 -0.74466472 0.06102725
v 0.02756231 -0.74466472 0.08544214
v 0.03434278 -0.74466472 0.10985702
v 0.03660981 -0.74467792 0.13427190
v 0.03660981 -0.74466472 0.12613555
v 0.03660981 -0.74466472 0.13479914
v 0.01465635 -0.72024946 -0.10987693
v 0.02288844 -0.72024946 0.03661237
v 0.01398312 -0.72024946 0.08544214
v 0.01449242 -0.72024946 0.10985702
v 0.03660981 -0.74340719 0.13427190
v 0.03660981 -0.71170742 0.03661237
v 0.03660981 -0.69583420 0.02443229
v 0.03660981 -0.69583420 0.03849907
v 0.02737371 -0.67141894 -0.08546205
v 0.02785131 -0.67141894 -0.06104717
v 0.03660981 -0.67772672 -0.06104717
v 0.03660981 -0.67141894 -0.07028892
v 0.03660981 -0.67141894 -0.05418849
v 0.02849411 -0.67141894 0.01219748
v 0.03660981 -0.68786913 0.01219748
v 0.03660981 -0.67141894 -0.01039284
v 0.03403486 -0.67141894 0.03661237
v 0.03660981 -0.67718644 0.03661237
v 0.03660981 -0.67141894 0.03344473
v 0.01463907 -0.67141894 0.06102725
v 0.03660981 -0.65102672 -0.08546205
v 0.03660981 -0.64700368 -0.08634763
v 0.02500943 -0.64700368 -0.06104717
v 0.03660981 -0.64700368 -0.05534044
v 0.03660981 -0.64700368 0.01049774
v 0.03660981 -0.66773115 0.03661237
v 0.01340855 -0.64700368 0.06102725
v 0.03660981 -0.64700368 0.04188350
v 0.02505072 -0.62258842 -0.10987693
v 0.02741697 -0.62258842 -0.08546205
v 0.03660981 -0.64277506 -0.08546205
v 0.03660981 -0.63742618 -0.06104717
v 0.03660981 -0.62258842 0.00870114
v 0.02975961 -0.62258842 0.03661237
v 0.03660981 -0.63452084 0.03661237
v 0.03660981 -0.62258842 0.01723825
v 0.01269129 -0.59817316 -0.13429182
v 0.03403411 -0.59817316 -0.01221740
v 0.03660981 -0.60478795 -0.01221740
v 0.03660981 -0.59817316 -0.01566350
v 0.03660981 -0.61860490 0.01219748
v 0.03660981 -0.59817316 -0.00483448
v 0.03660981 -0.59435020 -0.01221740
v 0.02694098 -0.52492738 -0.01221740
v 0.02043862 -0.50051212 -0.15870670
v 0.02436145 -0.47609686 -0.28078112
v 0.03177880 -0.47609686 -0.15870670
v 0.03660981 -0.48340244 -0.15870670
v 0.03660981 -0.47609686 -0.16944087
v 0.02579951 -0.47609686 -0.13429182
v 0.03660981 -0.48411914 -0.13429182
v 0.03660981 -0.47609686 -0.13207195
v 0.03660981 -0.46610021 -0.15870670
v 0.03660981 -0.47033130 -0.13429182
v 0.01219766 -0.40285109 -0.30519600
v 0.03515839 -0.37843583 -0.32961089
v 0.01773486 -0.37843583 -0.30519600
v 0.01781270 -0.37843583 -0.10987693
v 0.03660981 -0.38662130 -0.08546205
v 0.03660981 -0.37843583 -0.09684152
v 0.03660981 -0.37843583 -0.07455035
v 0.03660981 -0.37095547 -0.10987693
v 0.03660981 -0.35402057 -0.12009032
v 0.03660981 -0.36303667 -0.06104717
v 0.03660981 -0.37278908 -0.03663228
v 0.03660981 -0.35402057 -0.03337298
v 0.03660981 -0.32960531 -0.13331504
v 0.03660981 -0.32960531 -0.02491939
v 0.02793505 -0.30519005 -0.13429182
v 0.03660981 -0.32481047 -0.13429182
v 0.03660981 -0.30519005 -0.13615328
v 0.03660981 -0.31765732 -0.01221740
v 0.03660981 -0.30519005 -0.00236319
v 0.03660981 -0.28077479 -0.13444845
v 0.03217052 -0.28077479 0.01219748
v 0.03660981 -0.28544664 0.01219748
v 0.03660981 -0.28077479 0.01599072
v 0.02640911 -0.25635953 -0.13429182
v 0.03660981 -0.28034485 -0.13429182
v 0.03660981 -0.25635953 -0.12722254
v 0.02120029 -0.25635953 0.01219748
v 0.03660981 -0.25635953 0.02448010
v 0.01315600 -0.23194427 -0.15870670
v 0.03419509 -0.23194427 -0.13429182
v 0.03660981 -0.23194427 -0.13252538
v 0.03660981 -0.23817246 0.01219748
v 0.03660981 -0.23194427 0.00819221
v 0.02980219 -0.20752901 -0.13429182
v 0.03660981 -0.20752901 -0.13047395
v 0.03660981 -0.20752901 0.00050896
v 0.03660981 -0.18311375 -0.13089900
v 0.03105501 -0.18311375 0.01219748
v 0.03660981 -0.18311375 0.00996753
v 0.01420655 -0.15869849 -0.10987693
v 0.03660981 -0.15869849 -0.12764789
v 0.03660981 -0.18037544 0.01219748
v 0.02575381 -0.15869849 0.03661237
v 0.03660981 -0.15869849 0.02982131
v 0.03660981 -0.13428323 -0.12460205
v 0.03660981 -0.14637989 0.03661237
v 0.03341384 -0.13428323 0.06102725
v 0.03660981 -0.13743616 0.06102725
v 0.03660981 -0.13428323 0.07033962
v 0.02371123 -0.10986797 -0.13429182
v 0.03660981 -0.10986797 -0.12651033
v 0.03604447 -0.10986797 0.06102725
v 0.03660981 -0.10986797 0.06343402
v 0.03660981 -0.09965136 -0.10987693
v 0.03660981 -0.08545271 -0.09930831
v 0.02404247 -0.08545271 0.06102725
v 0.03660981 -0.08545271 0.06631274
v 0.03660981 -0.06103745 -0.08739689
v 0.02587926 -0.06103745 0.06102725
v 0.03660981 -0.07790286 0.06102725
v 0.03660981 -0.06103745 0.05691379
v 0.03660981 -0.05743508 -0.08546205
v 0.03660981 -0.03662219 -0.07603352
v 0.03660981 -0.04052056 0.06102725
v 0.03660981 -0.03662219 0.06215645
v 0.03660981 -0.01220693 -0.07288580
v 0.02339056 -0.01220693 0.06102725
v 0.03660981 -0.01220693 0.06719699
v 0.03660981 0.01220833 -0.06939206
v 0.02987165 0.01220833 0.06102725
v 0.03660981 0.01220833 0.06451341
v 0.01974416 0.03662359 -0.08546205
v 0.02979355 0.03662359 -0.06104717
v 0.03660981 0.02404950 -0.06104717
v 0.03660981 0.03662359 -0.03916873
v 0.02408426 0.03662359 0.06102725
v 0.03660981 0.03662359 0.06710815
v 0.03660981 0.05947076 -0.08546205
v 0.03660981 0.06103885 -0.08623052
v 0.02291859 0.06103885 -0.06104717
v 0.03660981 0.06103885 -0.08428466
v 0.02801852 0.06103885 -0.03663228
v 0.03660981 0.03891742 -0.03663228
v 0.03660981 0.06103885 -0.02913330
v 0.03660981 0.06103885 0.07143070
v 0.03660981 0.06247332 -0.08546205
v 0.03660981 0.07727217 -0.03663228
v 0.03660981 0.08545411 -0.04304268
v 0.03660981 0.08545411 0.07525570
v 0.02398920 0.10986937 -0.06104717
v 0.03660981 0.10443737 -0.06104717
v 0.03660981 0.10986937 -0.06411424
v 0.03660981 0.10986937 0.06996611
v 0.03660981 0.11496618 -0.06104717
v 0.03660981 0.13428463 -0.04675539
v 0.03660981 0.13428463 0.06882586
v 0.03660981 0.14572784 -0.03663228
v 0.03660981 0.14269778 -0.01221740
v 0.03660981 0.15869989 0.00892421
v 0.02020813 0.15869989 0.06102725
v 0.03660981 0.15869989 0.07190789
v 0.03660981 0.16879421 0.01219748
v 0.02463167 0.18311515 0.03661237
v 0.03660981 0.18311515 0.01861072
v 0.01842169 0.18311515 0.06102725
v 0.02407290 0.18311515 0.08544214
v 0.03660981 0.17421915 0.08544214
v 0.03660981 0.18311515 0.10257693
v 0.01229291 0.18311515 0.13427190
v 0.03660981 0.20710197 0.01219748
v 0.03660981 0.20753041 0.01206205
v 0.01339645 0.20753041 0.08544214
v 0.01361176 0.20753041 0.10985702
v 0.03660981 0.20753041 0.10716010
v 0.03467154 0.23194567 0.01219748
v 0.03660981 0.20845138 0.01219748
v 0.03660981 0.23194567 0.01431418
v 0.03525608 0.23194567 0.10985702
v 0.03660981 0.22880714 0.10985702
v 0.03660981 0.23194567 0.11014676
v 0.03493198 0.25636093 0.01219748
v 0.03660981 0.25636093 0.01278432
v 0.01340726 0.25636093 0.06102725
v 0.03038059 0.25636093 0.08544214
v 0.03660981 0.23315665 0.10985702
v 0.03660981 0.25636093 0.09379304
v 0.03416198 0.28077619 0.03661237
v 0.03660981 0.28077619 0.02676851
v 0.02107869 0.28077619 0.06102725
v 0.03493034 0.28077619 0.08544214
v 0.03660981 0.28077619 0.08830879
v 0.03171294 0.30519145 0.03661237
v 0.03660981 0.30519145 0.02958422
v 0.02149330 0.30519145 0.06102725
v 0.02220714 0.30519145 0.08544214
v 0.03512559 0.30519145 0.10985702
v 0.03660981 0.30372730 0.10985702
v 0.03660981 0.30519145 0.11038017
v 0.01976222 0.32960671 0.03661237
v 0.03660981 0.32272550 0.03661237
v 0.02438321 0.32960671 0.06102725
v 0.03660981 0.32960671 0.04335873
v 0.03384570 0.32960671 0.08544214
v 0.03660981 0.30563992 0.10985702
v 0.03660981 0.32960671 0.08720422
v 0.01759369 0.35402197 0.03661237
v 0.03660981 0.35008145 0.06102725
v 0.03660981 0.33314194 0.08544214
v 0.04714159 -0.74466472 0.03661237
v 0.06102420 -0.74493830 0.03661237
v 0.06102420 -0.74466472 0.01631377
v 0.06102420 -0.74466472 0.05913944
v 0.03779791 -0.74466472 0.13427190
v 0.04985957 -0.72024946 0.01219748
v 0.06102420 -0.74012571 0.01219748
v 0.06102420 -0.72024946 -0.01180779
v 0.04005238 -0.72024946 0.03661237
v 0.06102420 -0.72024946 0.04133647
v 0.05620595 -0.69583420 -0.01221740
v 0.06102420 -0.71929084 -0.01221740
v 0.06102420 -0.69583420 -0.02415170
v 0.04003385 -0.69583420 0.01219748
v 0.04387365 -0.69583420 0.03661237
v 0.06102420 -0.70605631 0.03661237
v 0.06102420 -0.69583420 0.02984559
v 0.04063433 -0.67141894 -0.06104717
v 0.06102420 -0.69024197 -0.01221740
v 0.05823192 -0.67141894 0.01219748
v 0.06102420 -0.67243689 0.01219748
v 0.03868409 -0.64700368 -0.08546205
v 0.06102420 -0.64772160 -0.06104717
v 0.06102420 -0.64700368 -0.06207613
v 0.06102420 -0.64700368 -0.06065978
v 0.03842807 -0.64700368 0.01219748
v 0.05419441 -0.64700368 0.03661237
v 0.05813595 -0.62258842 -0.23195135
v 0.06102420 -0.62939470 -0.23195135
v 0.06102420 -0.62258842 -0.23468480
v 0.05330582 -0.62258842 -0.20753647
v 0.06102420 -0.64160418 -0.20753647
v 0.06102420 -0.62258842 -0.19553525
v 0.06102420 -0.64631578 -0.06104717
v 0.03775618 -0.62258842 0.01219748
v 0.05469989 -0.59817316 -0.23195135
v 0.06102420 -0.59817316 -0.23681342
v 0.05272915 -0.59817316 -0.20753647
v 0.05672744 -0.59817316 -0.18312159
v 0.06102420 -0.60470113 -0.18312159
v 0.06102420 -0.59817316 -0.17528078
v 0.04048541 -0.59817316 -0.01221740
v 0.06102420 -0.58244999 -0.23195135
v 0.06102420 -0.58283034 -0.20753647
v 0.06102420 -0.59011976 -0.18312159
v 0.05136539 -0.47609686 -0.15870670
v 0.06102420 -0.48236114 -0.13429182
v 0.06102420 -0.47609686 -0.14606697
v 0.06102420 -0.47609686 -0.13032660
v 0.06102420 -0.47154691 -0.13429182
v 0.04125927 -0.37843583 -0.08546205
v 0.05299012 -0.35402057 -0.10987693
v 0.03979048 -0.35402057 -0.08546205
v 0.03805122 -0.35402057 -0.06104717
v 0.04081925 -0.35402057 -0.03663228
v 0.06102420 -0.34802478 -0.10987693
v 0.06102420 -0.32960531 -0.11996146
v 0.05371434 -0.32960531 -0.08546205
v 0.06102420 -0.32960531 -0.09480150
v 0.04750956 -0.32960531 -0.06104717
v 0.06102420 -0.33391982 -0.03663228
v 0.06102420 -0.32960531 -0.04032244
v 0.06102420 -0.32960531 -0.03265361
v 0.04804325 -0.30519005 -0.13429182
v 0.06102420 -0.30519005 -0.13172714
v 0.06102420 -0.32152319 -0.08546205
v 0.06102420 -0.31769893 -0.06104717
v 0.06102420 -0.31357709 -0.01221740
v 0.06102420 -0.30519005 -0.00353611
v 0.03735411 -0.28077479 -0.13429182
v 0.06102420 -0.28077479 -0.12996130
v 0.06102420 -0.28735901 0.01219748
v 0.06102420 -0.28077479 0.02922580
v 0.06102420 -0.25635953 -0.12092787
v 0.06102420 -0.25635953 0.03120110
v 0.06102420 -0.23194427 -0.12316109
v 0.06102420 -0.24328523 0.01219748
v 0.06102420 -0.23194427 0.00355604
v 0.06102420 -0.20752901 -0.12690654
v 0.06102420 -0.20752901 -0.00373158
v 0.06102420 -0.18311375 -0.12637428
v 0.06102420 -0.18311375 0.00559069
v 0.06102420 -0.15869849 -0.11623812
v 0.06102420 -0.17333021 0.01219748
v 0.06102420 -0.15869849 0.02449163
v 0.05986450 -0.13428323 -0.10987693
v 0.06102420 -0.13652304 -0.10987693
v 0.06102420 -0.13428323 -0.10928628
v 0.05215714 -0.13428323 0.03661237
v 0.06102420 -0.13428323 0.03215201
v 0.04042106 -0.13428323 0.06102725
v 0.06094509 -0.10986797 -0.10987693
v 0.06102420 -0.10986797 -0.10985018
v 0.06102420 -0.12814708 0.03661237
v 0.03755619 -0.10986797 0.06102725
v 0.06102420 -0.10986797 0.05199300
v 0.06102420 -0.08545271 -0.10315843
v 0.04020766 -0.08545271 0.06102725
v 0.06102420 -0.08545271 0.05089060
v 0.06102420 -0.06103745 -0.08598637
v 0.06102420 -0.06103745 0.04915901
v 0.06102420 -0.05997623 -0.08546205
v 0.06102420 -0.03662219 -0.07661243
v 0.04712578 -0.03662219 0.06102725
v 0.06102420 -0.03662219 0.05995105
v 0.05888675 -0.01220693 -0.08546205
v 0.06102420 -0.01802998 -0.08546205
v 0.06102420 -0.01220693 -0.08700813
v 0.06102420 -0.03368052 0.06102725
v 0.06102420 -0.01220693 0.07065960
v 0.06102420 -0.01048537 -0.08546205
v 0.05130341 0.01220833 -0.06104717
v 0.06102420 0.00481539 -0.06104717
v 0.06102420 0.01220833 -0.05386673
v 0.06102420 0.01220833 0.07607383
v 0.03819778 0.03662359 -0.03663228
v 0.06102420 0.02375508 -0.03663228
v 0.06102420 0.03662359 -0.02655746
v 0.06102420 0.03662359 0.07545431
v 0.03713007 0.06103885 -0.08546205
v 0.06040248 0.06103885 -0.01221740
v 0.06102420 0.06037885 -0.01221740
v 0.06102420 0.06103885 -0.01173098
v 0.06102420 0.06103885 0.07618892
v 0.04128928 0.08545411 -0.03663228
v 0.06102420 0.06289384 -0.01221740
v 0.06102420 0.08545411 -0.01837485
v 0.06102420 0.08545411 0.08308347
v 0.04435369 0.10986937 -0.06104717
v 0.06102420 0.10419332 -0.03663228
v 0.06102420 0.10986937 -0.04700226
v 0.06102420 0.10986937 0.08121711
v 0.06102420 0.13428463 -0.03875542
v 0.06102420 0.13428463 0.06714850
v 0.06102420 0.13919921 -0.03663228
v 0.05902413 0.15869989 -0.01221740
v 0.06102420 0.15869989 -0.01557615
v 0.06102420 0.15869989 0.07050567
v 0.06102420 0.16032070 -0.01221740
v 0.04092378 0.18311515 0.01219748
v 0.06102420 0.18311515 0.00123025
v 0.06102420 0.17794231 0.08544214
v 0.06102420 0.18311515 0.09239615
v 0.03675421 0.20753041 0.01219748
v 0.06102420 0.19796327 0.01219748
v 0.06102420 0.20753041 0.01981641
v 0.06102420 0.20753041 0.09560260
v 0.06102420 0.23194567 0.02801172
v 0.03706577 0.23194567 0.10985702
v 0.06102420 0.23194567 0.09562786
v 0.06102420 0.25636093 0.03118654
v 0.06102420 0.25636093 0.09735797
v 0.04627459 0.28077619 0.03661237
v 0.06102420 0.26841684 0.03661237
v 0.06102420 0.28077619 0.04276985
v 0.06102420 0.28077619 0.10114258
v 0.04345486 0.30519145 0.03661237
v 0.06102420 0.30519145 0.05315083
v 0.03769726 0.30519145 0.10985702
v 0.06102420 0.30519145 0.10187604
v 0.06065624 0.32960671 0.06102725
v 0.06102420 0.32929658 0.06102725
v 0.06102420 0.32960671 0.06308770
v 0.06102420 0.32960671 0.08627755
v 0.06102420 0.33147128 0.08544214
v 0.06505114 -0.74466472 0.01219748
v 0.08543858 -0.74494550 0.01219748
v 0.08543858 -0.74466472 0.00056390
v 0.08543858 -0.74517196 0.03661237
v 0.06367138 -0.74466472 0.06102725
v 0.08543858 -0.74485390 0.06102725
v 0.08543858 -0.74466472 0.07405401
v 0.08543858 -0.72024946 -0.00827599
v 0.08543858 -0.73616273 0.06102725
v 0.08543858 -0.72024946 0.04502545
v 0.08027046 -0.69583420 -0.01221740
v 0.08543858 -0.69583420 -0.01048492
v 0.08543858 -0.70638072 0.03661237
v 0.08543858 -0.69583420 0.02969158
v 0.08543858 -0.67767957 0.01219748
v 0.06732836 -0.67141894 0.03661237
v 0.08543858 -0.68414630 0.03661237
v 0.08543858 -0.67141894 0.02305235
v 0.08543858 -0.67141894 0.04595247
v 0.07046851 -0.64700368 -0.20753647
v 0.08543858 -0.65161660 -0.20753647
v 0.08543858 -0.64700368 -0.23192568
v 0.08307714 -0.64700368 -0.18312159
v 0.08543858 -0.65221277 -0.18312159
v 0.08543858 -0.64700368 -0.17420079
v 0.06151463 -0.64700368 -0.06104717
v 0.08543858 -0.65892618 0.03661237
v 0.07435200 -0.64700368 0.08544214
v 0.08543858 -0.65410820 0.08544214
v 0.08543858 -0.64700368 0.06812711
v 0.08543858 -0.64700368 0.09146125
v 0.07823122 -0.62258842 -0.23195135
v 0.08543858 -0.62258842 -0.22942696
v 0.07298155 -0.62258842 -0.18312159
v 0.07829904 -0.62258842 -0.15870670
v 0.08543858 -0.63834255 -0.15870670
v 0.08543858 -0.62258842 -0.14499917
v 0.08543858 -0.64085441 0.08544214
v 0.07389798 -0.59817316 -0.23195135
v 0.08543858 -0.59817316 -0.22212399
v 0.07734552 -0.59817316 -0.15870670
v 0.08543858 -0.59817316 -0.15400534
v 0.08543858 -0.59134345 -0.20753647
v 0.08543858 -0.59049083 -0.18312159
v 0.08543858 -0.59446448 -0.15870670
v 0.07501288 -0.50051212 -0.10987693
v 0.08543858 -0.51051884 -0.10987693
v 0.08543858 -0.50051212 -0.12500873
v 0.08543858 -0.50051212 -0.10051084
v 0.07958266 -0.47609686 -0.13429182
v 0.08543858 -0.48022868 -0.10987693
v 0.08249215 -0.35402057 0.13427190
v 0.08543858 -0.36255417 0.13427190
v 0.08543858 -0.35402057 0.12986720
v 0.08543858 -0.35402057 0.13870833
v 0.07382991 -0.32960531 -0.10987693
v 0.06697800 -0.32960531 -0.03663228
v 0.08543858 -0.35058736 0.13427190
v 0.08543858 -0.31681234 -0.10987693
v 0.08543858 -0.30519005 -0.11968801
v 0.08543858 -0.31250715 -0.08546205
v 0.08543858 -0.31014613 -0.06104717
v 0.08543858 -0.32038605 -0.03663228
v 0.08543858 -0.31502416 -0.01221740
v 0.08543858 -0.30519005 0.00097178
v 0.08543858 -0.28077479 -0.13017506
v 0.08543858 -0.29079177 0.01219748
v 0.08543858 -0.28077479 0.02782489
v 0.08543858 -0.25635953 -0.12760194
v 0.07576756 -0.25635953 0.01219748
v 0.08543858 -0.27158816 0.01219748
v 0.08543858 -0.25635953 -0.00662231
v 0.08543858 -0.23194427 -0.12953701
v 0.08543858 -0.23194427 -0.00950657
v 0.08543858 -0.20752901 -0.13124308
v 0.08543858 -0.20752901 0.00778709
v 0.08543858 -0.18311375 -0.11750542
v 0.07544221 -0.18311375 0.01219748
v 0.08543858 -0.19583169 0.01219748
v 0.08543858 -0.18311375 0.01812622
v 0.07333979 -0.15869849 -0.10987693
v 0.08543858 -0.16934002 -0.10987693
v 0.08543858 -0.15869849 -0.10483884
v 0.08543858 -0.15869849 0.02310621
v 0.08543858 -0.13428323 -0.09930588
v 0.08543858 -0.13428323 0.02913111
v 0.08543858 -0.10986797 -0.10065794
v 0.08543858 -0.12188497 0.03661237
v 0.08543858 -0.10986797 0.04918621
v 0.08098283 -0.08545271 -0.10987693
v 0.08543858 -0.08805319 -0.10987693
v 0.08543858 -0.08545271 -0.11104795
v 0.08543858 -0.08545271 0.05312606
v 0.08543858 -0.07234138 -0.10987693
v 0.08543858 -0.06103745 -0.10574889
v 0.08543858 -0.06103745 0.05653331
v 0.08543858 -0.04272198 -0.08546205
v 0.08124734 -0.03662219 -0.06104717
v 0.08543858 -0.03947115 -0.06104717
v 0.08543858 -0.03662219 -0.05786190
v 0.07576309 -0.03662219 0.06102725
v 0.08543858 -0.04013631 0.06102725
v 0.08543858 -0.03662219 0.06249762
v 0.07063466 -0.01220693 -0.08546205
v 0.08507109 -0.01220693 -0.06104717
v 0.08543858 -0.01220693 -0.06061684
v 0.08381634 -0.01220693 0.08544214
v 0.08543858 -0.01397014 0.08544214
v 0.08543858 -0.01220693 0.08827647
v 0.08543858 0.01220833 -0.05054514
v 0.07605935 0.01220833 0.08544214
v 0.08543858 0.01220833 0.09445277
v 0.08543858 0.03066774 -0.03663228
v 0.08543858 0.03662359 -0.03237583
v 0.07487441 0.03662359 0.08544214
v 0.08543858 0.03662359 0.10330615
v 0.06364743 0.06103885 -0.01221740
v 0.08543858 0.06103885 -0.01577661
v 0.08543858 0.05231276 0.08544214
v 0.08543858 0.06103885 0.07673344
v 0.06881990 0.08545411 -0.01221740
v 0.08543858 0.06696338 -0.01221740
v 0.07052589 0.08545411 0.01219748
v 0.08543858 0.07022098 0.01219748
v 0.08543858 0.08545411 0.03564977
v 0.08543858 0.08545411 0.07433882
v 0.06933680 0.10986937 -0.03663228
v 0.06931430 0.10986937 -0.01221740
v 0.06561389 0.10986937 0.01219748
v 0.08543858 0.10986937 0.03486672
v 0.08543858 0.10986937 0.07735401
v 0.06484301 0.13428463 -0.03663228
v 0.06897325 0.13428463 -0.01221740
v 0.08428350 0.13428463 0.01219748
v 0.08543858 0.13428463 0.01442481
v 0.07990305 0.13428463 0.06102725
v 0.08543858 0.12371665 0.06102725
v 0.08543858 0.13428463 0.05572629
v 0.06482073 0.15869989 -0.01221740
v 0.08543858 0.13612892 0.01219748
v 0.08543858 0.15869989 -0.00366479
v 0.08543858 0.14113261 0.06102725
v 0.08543858 0.15869989 0.06715301
v 0.08543858 0.18311515 0.00968393
v 0.07674485 0.18311515 0.08544214
v 0.08543858 0.18311515 0.08200410
v 0.08543858 0.18519874 0.01219748
v 0.08543858 0.20753041 0.02771854
v 0.08049222 0.20753041 0.08544214
v 0.08543858 0.20753041 0.08228947
v 0.07699674 0.23194567 0.03661237
v 0.08543858 0.22608956 0.03661237
v 0.08543858 0.23194567 0.04508439
v 0.07788409 0.23194567 0.08544214
v 0.08543858 0.23194567 0.07480735
v 0.06665282 0.25636093 0.03661237
v 0.08098308 0.25636093 0.06102725
v 0.08543858 0.24669475 0.06102725
v 0.08196776 0.25636093 0.08544214
v 0.07731182 0.28077619 0.06102725
v 0.07513574 0.28077619 0.08544214
v 0.07020651 0.30519145 0.06102725
v 0.08543858 0.30040033 0.08544214
v 0.08543858 0.30519145 0.08144657
v 0.08543858 0.30519145 0.08830257
v 0.06327728 0.32960671 0.08544214
v 0.08543858 0.30985993 0.08544214
v 0.10881966 -0.74466472 0.01219748
v 0.10985297 -0.74479228 0.03661237
v 0.10985297 -0.74466472 0.01437453
v 0.10985297 -0.74471653 0.06102725
v 0.09741081 -0.74466472 0.08544214
v 0.10985297 -0.74483671 0.08544214
v 0.10158864 -0.74466472 0.10985702
v 0.10985297 -0.74473570 0.10985702
v 0.10985297 -0.74466472 0.11476688
v 0.10985297 -0.73562179 0.01219748
v 0.10985297 -0.72024946 0.00340311
v 0.10985297 -0.73907073 0.06102725
v 0.10985297 -0.72024946 0.04094751
v 0.10985297 -0.73324842 0.08544214
v 0.10985297 -0.73779444 0.10985702
v 0.10490314 -0.69583420 0.01219748
v 0.10985297 -0.71564073 0.01219748
v 0.10985297 -0.71565746 0.03661237
v 0.10823145 -0.67141894 -0.06104717
v 0.10985297 -0.67282161 -0.06104717
v 0.10985297 -0.67141894 -0.06202374
v 0.10493743 -0.67141894 -0.03663228
v 0.10985297 -0.67923295 -0.03663228
v 0.10985297 -0.67141894 -0.03208399
v 0.10429377 -0.67141894 0.03661237
v 0.10125246 -0.67141894 0.06102725
v 0.10985297 -0.68170109 0.06102725
v 0.10985297 -0.67141894 0.04275113
v 0.10367495 -0.67141894 0.08544214
v 0.10985297 -0.67837321 0.08544214
v 0.10985297 -0.67141894 0.09529424
v 0.09052629 -0.64700368 -0.20753647
v 0.10210395 -0.64700368 -0.18312159
v 0.09039628 -0.64700368 -0.15870670
v 0.10985297 -0.66575624 -0.15870670
v 0.10985297 -0.64700368 -0.18156247
v 0.10782504 -0.64700368 -0.13429182
v 0.10985297 -0.64901318 -0.13429182
v 0.10833311 -0.64700368 -0.10987693
v 0.10985297 -0.64787266 -0.10987693
v 0.10677020 -0.64700368 -0.08546205
v 0.10985297 -0.64835244 -0.08546205
v 0.10201977 -0.64700368 -0.06104717
v 0.10852113 -0.64700368 -0.03663228
v 0.10985297 -0.64700368 -0.03507967
v 0.08789015 -0.64700368 0.06102725
v 0.10985297 -0.64700368 0.03942719
v 0.10985297 -0.64700368 0.10653649
v 0.10097737 -0.62258842 -0.20753647
v 0.10985297 -0.63859021 -0.18312159
v 0.10985297 -0.62258842 -0.18933880
v 0.09426937 -0.62258842 -0.13429182
v 0.10985297 -0.64225556 -0.10987693
v 0.10985297 -0.62258842 -0.11621364
v 0.10985297 -0.63264759 -0.08546205
v 0.10219494 -0.62258842 -0.06104717
v 0.10985297 -0.62258842 -0.08359619
v 0.10985297 -0.64356012 -0.03663228
v 0.10985297 -0.62258842 -0.04629545
v 0.10985297 -0.62732114 0.06102725
v 0.10985297 -0.62535065 0.08544214
v 0.10985297 -0.60779611 -0.20753647
v 0.10985297 -0.59817316 -0.21217851
v 0.10985297 -0.59947173 -0.13429182
v 0.10985297 -0.59817316 -0.13527756
v 0.10985297 -0.61221234 -0.06104717
v 0.10985297 -0.59379442 -0.20753647
v 0.10985297 -0.59002722 -0.18312159
v 0.10985297 -0.58375851 -0.15870670
v 0.10615250 -0.52492738 -0.10987693
v 0.10985297 -0.53113137 -0.10987693
v 0.10985297 -0.52492738 -0.11362368
v 0.10985297 -0.52492738 -0.10845815
v 0.09848874 -0.50051212 -0.10987693
v 0.10985297 -0.51935990 -0.10987693
v 0.09222198 -0.35402057 0.13427190
v 0.10802092 -0.32960531 0.10985702
v 0.10985297 -0.33050935 0.10985702
v 0.10985297 -0.32960531 0.10917958
v 0.10985297 -0.32960531 0.11046232
v 0.10985297 -0.31021742 -0.10987693
v 0.10985297 -0.30519005 -0.11439691
v 0.10985297 -0.32070466 -0.08546205
v 0.10985297 -0.31622868 -0.06104717
v 0.09955577 -0.30519005 -0.03663228
v 0.10985297 -0.30519005 -0.05212321
v 0.10292621 -0.30519005 -0.01221740
v 0.10985297 -0.32861565 0.10985702
v 0.10985297 -0.28077479 -0.12631399
v 0.10985297 -0.29026795 -0.03663228
v 0.10262519 -0.28077479 -0.01221740
v 0.10985297 -0.28077479 -0.02482200
v 0.09897047 -0.28077479 0.01219748
v 0.10985297 -0.25635953 -0.12737987
v 0.09322044 -0.25635953 -0.01221740
v 0.10985297 -0.25635953 -0.01820009
v 0.09946889 -0.23194427 -0.13429182
v 0.10985297 -0.23942289 -0.13429182
v 0.10985297 -0.23194427 -0.13909983
v 0.09882397 -0.23194427 -0.01221740
v 0.10985297 -0.23194427 -0.01452863
v 0.09300629 -0.20752901 -0.13429182
v 0.10985297 -0.20752901 -0.14947706
v 0.10985297 -0.22835817 -0.01221740
v 0.10985297 -0.20752901 0.00375322
v 0.10985297 -0.19804749 -0.13429182
v 0.10985297 -0.18311375 -0.12008628
v 0.10985297 -0.19828319 0.01219748
v 0.10985297 -0.18311375 0.03312713
v 0.10985297 -0.16376509 -0.10987693
v 0.10985297 -0.15869849 -0.10729671
v 0.10985297 -0.15869849 0.03235277
v 0.10985297 -0.13428323 -0.09800347
v 0.09937239 -0.13428323 0.03661237
v 0.10985297 -0.14759762 0.03661237
v 0.10985297 -0.13428323 0.04353430
v 0.10985297 -0.10986797 -0.10047336
v 0.10931049 -0.10986797 -0.03663228
v 0.10985297 -0.11112172 -0.03663228
v 0.10985297 -0.10986797 -0.03822988
v 0.10985297 -0.10986797 -0.03513855
v 0.10553268 -0.10986797 0.06102725
v 0.10985297 -0.11215273 0.06102725
v 0.10985297 -0.10986797 0.06316153
v 0.08898784 -0.08545271 -0.10987693
v 0.10985297 -0.08545271 -0.10167022
v 0.10985297 -0.10899705 -0.03663228
v 0.09389493 -0.08545271 0.06102725
v 0.10617680 -0.08545271 0.08544214
v 0.10985297 -0.09028775 0.08544214
v 0.10985297 -0.08545271 0.08981712
v 0.10985297 -0.06103745 -0.08967103
v 0.09166364 -0.06103745 0.06102725
v 0.10471357 -0.06103745 0.08544214
v 0.10985297 -0.06103745 0.09541440
v 0.10985297 -0.05101970 -0.08546205
v 0.10985297 -0.03771023 -0.06104717
v 0.09774124 -0.03662219 -0.03663228
v 0.10985297 -0.04996452 -0.03663228
v 0.10985297 -0.03662219 -0.02106825
v 0.09972554 -0.03662219 0.08544214
v 0.10985297 -0.03662219 0.09811057
v 0.10985297 -0.01916189 -0.03663228
v 0.10985297 -0.01220693 -0.06014914
v 0.10985297 -0.01220693 0.09183524
v 0.10985297 0.01220833 -0.05505593
v 0.10985297 0.01220833 0.08752466
v 0.10985297 0.02696171 -0.03663228
v 0.10985297 0.03662359 -0.02765275
v 0.10985297 0.03662359 0.09556512
v 0.09743685 0.06103885 -0.01221740
v 0.10985297 0.05378915 -0.01221740
v 0.10985297 0.06103885 -0.00262170
v 0.10985297 0.04264778 0.08544214
v 0.10985297 0.06103885 0.07000291
v 0.10985297 0.06594700 0.01219748
v 0.08645779 0.08545411 0.03661237
v 0.10985297 0.07209181 0.03661237
v 0.10057697 0.08545411 0.06102725
v 0.10985297 0.07248423 0.06102725
v 0.08793661 0.10986937 0.03661237
v 0.08997121 0.10986937 0.06102725
v 0.09353509 0.13428463 0.03661237
v 0.09851365 0.15869989 0.01219748
v 0.10526166 0.15869989 0.03661237
v 0.09354406 0.15869989 0.06102725
v 0.08794111 0.18311515 0.01219748
v 0.10645281 0.18311515 0.03661237
v 0.10911633 0.18311515 0.06102725
v 0.09629200 0.20753041 0.03661237
v 0.10985297 0.18852737 0.06102725
v 0.10985297 0.20753041 0.05818715
v 0.10985297 0.20753041 0.06315021
v 0.09300068 0.23194567 0.06102725
v 0.10985297 0.21022967 0.06102725
v 0.08819441 0.30519145 0.08544214
v 0.12130642 -0.74466472 0.03661237
v 0.11453089 -0.74466472 0.06102725
v 0.12962606 -0.74466472 0.08544214
v 0.13310360 -0.74466472 0.10985702
v 0.13152187 -0.72024946 -0.15870670
v 0.13426736 -0.72776460 -0.15870670
v 0.13426736 -0.72024946 -0.16410075
v 0.13426736 -0.72024946 -0.15449412
v 0.11161507 -0.72024946 0.01219748
v 0.11235612 -0.72024946 0.03661237
v 0.12510380 -0.72024946 0.08544214
v 0.13426736 -0.73842786 0.08544214
v 0.13426736 -0.72024946 0.06702311
v 0.13426736 -0.72024946 0.09829105
v 0.13426736 -0.70466224 -0.15870670
v 0.12849579 -0.69583420 0.06102725
v 0.13426736 -0.71050026 0.06102725
v 0.13426736 -0.69583420 0.05830603
v 0.12107535 -0.69583420 0.08544214
v 0.13426736 -0.69583420 0.10298141
v 0.12604942 -0.67141894 -0.13429182
v 0.13426736 -0.68024718 -0.13429182
v 0.13426736 -0.67141894 -0.14586374
v 0.13426736 -0.67141894 -0.12131848
v 0.11089268 -0.67141894 -0.06104717
v 0.11210087 -0.67141894 -0.03663228
v 0.13426736 -0.67141894 0.05705678
v 0.13426736 -0.67141894 0.10806171
v 0.13021645 -0.64700368 -0.15870670
v 0.11799280 -0.64700368 -0.13429182
v 0.13426736 -0.65337912 -0.13429182
v 0.11999615 -0.64700368 -0.10987693
v 0.11517939 -0.64700368 -0.08546205
v 0.12118551 -0.64700368 -0.06104717
v 0.11086894 -0.64700368 -0.03663228
v 0.13426736 -0.64700368 0.05173895
v 0.13426736 -0.64700368 0.10974626
v 0.11208446 -0.62258842 -0.18312159
v 0.13426736 -0.62998601 -0.15870670
v 0.13426736 -0.62258842 -0.16024083
v 0.13426736 -0.64180072 -0.13429182
v 0.13426736 -0.62258842 -0.11932011
v 0.12285974 -0.62258842 -0.06104717
v 0.13426736 -0.63563117 0.06102725
v 0.13426736 -0.62882639 0.08544214
v 0.11554859 -0.59817316 -0.20753647
v 0.12927970 -0.59817316 -0.18312159
v 0.13426736 -0.59817316 -0.17497082
v 0.11284663 -0.59817316 -0.13429182
v 0.13426736 -0.59817316 -0.12731427
v 0.13426736 -0.57824029 -0.15870670
v 0.13426736 -0.57548826 -0.13429182
v 0.12909717 -0.52492738 -0.13429182
v 0.13426736 -0.53263241 -0.13429182
v 0.13426736 -0.52492738 -0.13804041
v 0.11213666 -0.52492738 -0.10987693
v 0.13426736 -0.52492738 -0.13105329
v 0.13426736 -0.51686084 -0.13429182
v 0.13422268 -0.47609686 -0.15870670
v 0.13426736 -0.47633867 -0.15870670
v 0.13426736 -0.47609686 -0.15874391
v 0.13426736 -0.47609686 -0.15855563
v 0.13426736 -0.47605584 -0.15870670
v 0.11166862 -0.32960531 0.10985702
v 0.11700761 -0.30519005 -0.10987693
v 0.12570641 -0.30519005 -0.08546205
v 0.12042806 -0.30519005 -0.06104717
v 0.12696648 -0.28077479 -0.10987693
v 0.12947105 -0.28077479 -0.08546205
v 0.12946592 -0.28077479 -0.06104717
v 0.11553199 -0.28077479 -0.03663228
v 0.13173657 -0.25635953 -0.10987693
v 0.13248265 -0.25635953 -0.08546205
v 0.13426736 -0.26027508 -0.06104717
v 0.13426736 -0.25635953 -0.06912984
v 0.13110402 -0.25635953 -0.03663228
v 0.13426736 -0.25635953 -0.05413207
v 0.12615381 -0.25635953 0.06102725
v 0.13426736 -0.26833780 0.06102725
v 0.13426736 -0.25635953 0.05485141
v 0.13426736 -0.25635953 0.06472447
v 0.13426736 -0.23574228 -0.13429182
v 0.13426736 -0.23194427 -0.13594031
v 0.13426736 -0.24723322 -0.10987693
v 0.13426736 -0.25076643 -0.08546205
v 0.13426736 -0.24839176 -0.03663228
v 0.13426736 -0.23194427 -0.02404998
v 0.13059847 -0.23194427 0.06102725
v 0.13426736 -0.23194427 0.05734166
v 0.13426736 -0.23194427 0.06300931
v 0.13426736 -0.20752901 -0.14166040
v 0.13426736 -0.22496473 -0.01221740
v 0.13426736 -0.20752901 -0.00001781
v 0.13359125 -0.20752901 0.06102725
v 0.13426736 -0.20752901 0.05822701
v 0.13426736 -0.20752901 0.06131423
v 0.13426736 -0.20045326 -0.13429182
v 0.13426736 -0.18311375 -0.11941509
v 0.13426736 -0.18798861 0.01219748
v 0.13426736 -0.18311375 0.02725301
v 0.13426736 -0.20686732 0.06102725
v 0.13356026 -0.15869849 -0.10987693
v 0.13426736 -0.15869849 -0.10995074
v 0.12284495 -0.15869849 0.03661237
v 0.13426736 -0.17448563 0.03661237
v 0.13426736 -0.15869849 0.04539011
v 0.13426736 -0.15859940 -0.10987693
v 0.13426736 -0.13428323 -0.08767714
v 0.12818754 -0.13428323 -0.06104717
v 0.13426736 -0.14916245 -0.06104717
v 0.13426736 -0.13428323 -0.07587326
v 0.12480030 -0.13428323 -0.03663228
v 0.13426736 -0.15515332 -0.03663228
v 0.13426736 -0.13428323 -0.01833854
v 0.12573242 -0.13428323 0.03661237
v 0.13426736 -0.14461202 0.03661237
v 0.13426736 -0.13428323 0.03148590
v 0.13426736 -0.10986797 -0.09094881
v 0.12749968 -0.10986797 -0.06104717
v 0.13426736 -0.10986797 -0.06962641
v 0.12562626 -0.10986797 -0.01221740
v 0.13426736 -0.12652545 -0.01221740
v 0.13426736 -0.10986797 0.00130282
v 0.13426736 -0.12942462 0.03661237
v 0.13426736 -0.13347674 0.06102725
v 0.13426736 -0.10986797 0.07740023
v 0.12887310 -0.08545271 -0.08546205
v 0.13426736 -0.09646180 -0.08546205
v 0.12687219 -0.08545271 -0.06104717
v 0.12676097 -0.08545271 -0.03663228
v 0.13426736 -0.09908381 -0.01221740
v 0.13426736 -0.08545271 -0.02368233
v 0.13426736 -0.09951898 0.08544214
v 0.13426736 -0.08545271 0.09194512
v 0.11338752 -0.06103745 -0.08546205
v 0.13400892 -0.06103745 -0.06104717
v 0.12459169 -0.06103745 -0.03663228
v 0.13426736 -0.06103745 -0.01282427
v 0.13426736 -0.06103745 0.09695673
v 0.11801321 -0.03662219 -0.01221740
v 0.13426736 -0.06074173 -0.01221740
v 0.13426736 -0.03662219 -0.00328144
v 0.13426736 -0.03662219 0.08999448
v 0.12210608 -0.01220693 -0.03663228
v 0.13426736 -0.02334332 -0.01221740
v 0.13426736 -0.01220693 -0.02945750
v 0.12146851 -0.01220693 0.08544214
v 0.13426736 -0.02838050 0.08544214
v 0.13426736 -0.01220693 0.07776602
v 0.13426736 -0.00060779 -0.03663228
v 0.13426736 0.01220833 -0.04762991
v 0.11199990 0.01220833 0.08544214
v 0.13426736 0.01220833 0.06857085
v 0.12313888 0.03662359 -0.03663228
v 0.13426736 0.03662359 -0.04641170
v 0.11799335 0.03662359 0.08544214
v 0.13426736 0.03662359 0.06615950
v 0.13367228 0.03662359 0.15868679
v 0.13426736 0.03645886 0.15868679
v 0.13426736 0.03662359 0.15855438
v 0.12730413 0.03662359 0.18310167
v 0.13426736 0.02548424 0.18310167
v 0.13230299 0.03662359 0.20751655
v 0.13426736 0.03547723 0.20751655
v 0.13426736 0.03662359 0.20863301
v 0.11198712 0.06103885 -0.03663228
v 0.13426736 0.06103885 -0.04733139
v 0.13426736 0.05906291 -0.01221740
v 0.13426736 0.06103885 -0.01595306
v 0.13426736 0.06103885 0.01018417
v 0.12762675 0.06103885 0.03661237
v 0.13426736 0.05241097 0.03661237
v 0.13426736 0.06103885 0.01274561
v 0.11718814 0.06103885 0.06102725
v 0.13426736 0.03940871 0.06102725
v 0.11818097 0.06103885 0.15868679
v 0.13426736 0.06103885 0.15588371
v 0.13426736 0.05986485 0.18310167
v 0.13426736 0.06103885 0.18040053
v 0.13426736 0.03872484 0.20751655
v 0.12988947 0.08545411 -0.03663228
v 0.13426736 0.08545411 -0.03793637
v 0.13426736 0.08545411 -0.03479882
v 0.13426736 0.06114047 0.01219748
v 0.13426736 0.06363444 0.15868679
v 0.13426736 0.08689737 -0.03663228
v 0.11357730 0.20753041 0.06102725
v 0.15465911 -0.74466472 -0.13429182
v 0.15868174 -0.74472337 -0.13429182
v 0.15868174 -0.74466472 -0.14216142
v 0.15868174 -0.74466472 -0.12967426
v 0.15664119 -0.74466472 0.03661237
v 0.15868174 -0.74467795 0.03661237
v 0.15868174 -0.74466472 0.03467625
v 0.15864836 -0.74466472 0.06102725
v 0.15868174 -0.74466502 0.06102725
v 0.14829166 -0.74466472 0.08544214
v 0.15868174 -0.74469481 0.08544214
v 0.15868174 -0.74466472 0.09112909
v 0.13861446 -0.72024946 -0.15870670
v 0.15868174 -0.72755069 -0.13429182
v 0.15868174 -0.74358928 0.03661237
v 0.15868174 -0.74438848 0.06102725
v 0.15868174 -0.72024946 0.06452429
v 0.15868174 -0.72024946 0.09373804
v 0.14006153 -0.69583420 0.06102725
v 0.15868174 -0.69583420 0.07847058
v 0.15868174 -0.69583420 0.09548061
v 0.13980381 -0.67141894 -0.13429182
v 0.13775224 -0.67141894 0.06102725
v 0.15391481 -0.67141894 0.08544214
v 0.15868174 -0.68638246 0.08544214
v 0.14058777 -0.64700368 0.06102725
v 0.14795804 -0.64700368 0.08544214
v 0.13577210 -0.62258842 -0.15870670
v 0.13922611 -0.62258842 -0.13429182
v 0.14156215 -0.59817316 -0.15870670
v 0.13773393 -0.59817316 -0.13429182
v 0.15653490 -0.54934264 -0.20753647
v 0.15868174 -0.55666201 -0.20753647
v 0.15868174 -0.54934264 -0.21124136
v 0.15868174 -0.54934264 -0.19164156
v 0.15868174 -0.53378938 -0.20753647
v 0.13711357 -0.52492738 -0.13429182
v 0.15804417 -0.50051212 -0.18312159
v 0.15868174 -0.50308994 -0.18312159
v 0.15868174 -0.50051212 -0.20732696
v 0.15868174 -0.50051212 -0.17262708
v 0.15868174 -0.49903411 -0.18312159
v 0.15868174 -0.49835705 -0.15870670
v 0.15868174 -0.47609686 -0.17015469
v 0.15868174 -0.47609686 -0.14943088
v 0.15868174 -0.46874958 -0.15870670
v 0.13500047 -0.25635953 -0.06104717
v 0.15868174 -0.26771299 0.06102725
v 0.15868174 -0.25635953 0.05587166
v 0.15868174 -0.25635953 0.06593211
v 0.13594103 -0.23194427 -0.13429182
v 0.13744062 -0.23194427 -0.10987693
v 0.13909751 -0.23194427 -0.08546205
v 0.13906681 -0.23194427 -0.06104717
v 0.13848819 -0.23194427 -0.03663228
v 0.14903204 -0.23194427 0.06102725
v 0.15868174 -0.23736154 0.06102725
v 0.13824312 -0.20752901 -0.13429182
v 0.14169401 -0.20752901 -0.10987693
v 0.14396227 -0.20752901 -0.08546205
v 0.14771835 -0.20752901 -0.06104717
v 0.15074951 -0.20752901 -0.03663228
v 0.14570481 -0.20752901 -0.01221740
v 0.13458058 -0.20752901 0.06102725
v 0.14121841 -0.18311375 -0.10987693
v 0.14894812 -0.18311375 -0.08546205
v 0.15088414 -0.18311375 -0.06104717
v 0.14815481 -0.18311375 -0.03663228
v 0.14399115 -0.18311375 -0.01221740
v 0.13803380 -0.18311375 0.01219748
v 0.13436801 -0.15869849 -0.10987693
v 0.14635715 -0.15869849 -0.08546205
v 0.13730780 -0.15869849 -0.06104717
v 0.13554427 -0.15869849 -0.03663228
v 0.13968148 -0.15869849 -0.01221740
v 0.14491898 -0.15869849 0.01219748
v 0.13837041 -0.15869849 0.03661237
v 0.13815767 -0.13428323 -0.08546205
v 0.13646697 -0.13428323 -0.01221740
v 0.14354054 -0.13428323 0.01219748
v 0.14009887 -0.10986797 -0.08546205
v 0.14269457 -0.10986797 0.01219748
v 0.15547770 -0.10986797 0.03661237
v 0.15868174 -0.11790517 0.06102725
v 0.15868174 -0.10986797 0.04380620
v 0.15868174 -0.10986797 0.07079454
v 0.15332102 -0.08545271 -0.01221740
v 0.15868174 -0.09119751 0.01219748
v 0.15868174 -0.08545271 -0.00170580
v 0.15868174 -0.10464471 0.03661237
v 0.15665038 -0.08545271 0.08544214
v 0.15868174 -0.08545271 0.08387371
v 0.15868174 -0.07896579 -0.01221740
v 0.15868174 -0.06103745 -0.01818943
v 0.15868174 -0.08096624 0.08544214
v 0.15868174 -0.06103745 0.08908117
v 0.15868174 -0.03692028 -0.01221740
v 0.15868174 -0.03662219 -0.01209403
v 0.14545607 -0.03662219 0.08544214
v 0.15868174 -0.04977482 0.08544214
v 0.15868174 -0.03662219 0.08062675
v 0.14848208 -0.01220693 -0.01221740
v 0.15868174 -0.01220693 0.00421926
v 0.15868174 -0.01220693 0.07221129
v 0.14670730 0.01220833 -0.03663228
v 0.15159814 0.01220833 -0.01221740
v 0.15028317 0.01220833 0.01219748
v 0.15868174 -0.00544803 0.01219748
v 0.15868174 0.01220833 0.03601523
v 0.15868174 0.01220833 0.06741613
v 0.14199593 0.03662359 -0.03663228
v 0.14349853 0.03662359 -0.01221740
v 0.14222675 0.03662359 0.01219748
v 0.14159956 0.03662359 0.03661237
v 0.15868174 0.01247919 0.03661237
v 0.14433847 0.03662359 0.06102725
v 0.15868174 0.02942219 0.06102725
v 0.15205141 0.03662359 0.08544214
v 0.15868174 0.03351620 0.08544214
v 0.15868174 0.03662359 0.07333599
v 0.15868174 0.03662359 0.09618483
v 0.15636824 0.03662359 0.13427190
v 0.15868174 0.03524666 0.13427190
v 0.15868174 0.03662359 0.12502696
v 0.13583190 0.03662359 0.15868679
v 0.15868174 0.03662359 0.14813785
v 0.15747721 0.03662359 0.18310167
v 0.13670998 0.03662359 0.20751655
v 0.14367325 0.06103885 -0.03663228
v 0.13436366 0.06103885 0.01219748
v 0.15868174 0.04113610 0.08544214
v 0.15868174 0.04069566 0.13427190
v 0.15298285 0.06103885 0.15868679
v 0.13625044 0.08545411 -0.03663228
v 0.16333992 -0.74466472 -0.13429182
v 0.15935178 -0.74466472 0.03661237
v 0.15870787 -0.74466472 0.06102725
v 0.16070432 -0.74466472 0.08544214
v 0.16594364 -0.72024946 0.08544214
v 0.16139990 -0.69583420 0.08544214
v 0.16333393 -0.54934264 -0.20753647
v 0.15969241 -0.50051212 -0.18312159
v 0.16622724 -0.47609686 -0.15870670
v 0.16358075 -0.25635953 0.06102725
v 0.16154371 -0.10986797 0.06102725
v 0.16053942 -0.08545271 0.01219748
v 0.16376055 -0.08545271 0.03661237
v 0.16815398 -0.08545271 0.06102725
v 0.16861899 -0.06103745 -0.01221740
v 0.17257556 -0.06103745 0.01219748
v 0.17893527 -0.06103745 0.03661237
v 0.18309613 -0.06482427 0.06102725
v 0.18309613 -0.06103745 0.04782017
v 0.17011551 -0.06103745 0.08544214
v 0.18309613 -0.06103745 0.07214756
v 0.18121809 -0.03662219 0.01219748
v 0.18309613 -0.05493729 0.03661237
v 0.18309613 -0.03662219 0.01498704
v 0.16580752 -0.03662219 0.08544214
v 0.18309613 -0.05405311 0.08544214
v 0.18309613 -0.03662219 0.09478328
v 0.16522168 -0.01220693 0.01219748
v 0.18200410 -0.01220693 0.03661237
v 0.18309613 -0.01382050 0.03661237
v 0.18309613 -0.01220693 0.03917809
v 0.17954637 -0.01220693 0.08544214
v 0.18309613 -0.01220693 0.08746831
v 0.15911011 0.01220833 0.03661237
v 0.18147830 0.01220833 0.06102725
v 0.18309613 0.01004248 0.06102725
v 0.18309613 -0.00578294 0.08544214
v 0.18309613 0.02258131 0.08544214
v 0.18309613 0.03662359 0.07634592
v 0.17043701 0.03662359 0.10985702
v 0.18309613 0.03248691 0.10985702
v 0.18309613 0.03571910 0.13427190
v 0.18309613 0.03662359 0.13907142
v 0.18309613 0.04527352 0.08544214
v 0.18309613 0.05257189 0.10985702
v 0.18309613 0.04038281 0.13427190
v 0.17903101 0.06103885 0.15868679
v 0.18309613 0.06024141 0.15868679
v 0.18309613 0.06103885 0.15808866
v 0.18309613 0.06103885 0.15891058
v 0.18309613 0.06118105 0.15868679
v 0.18584801 -0.06103745 0.06102725
v 0.19691964 -0.03662219 0.03661237
v 0.19674234 -0.03662219 0.06102725
v 0.20751051 -0.04074192 0.08544214
v 0.20751051 -0.03662219 0.07762089
v 0.20751051 -0.03662219 0.09077386
v 0.19122263 -0.01220693 0.06102725
v 0.20751051 -0.01220693 0.06947654
v 0.20751051 -0.01220693 0.10641366
v 0.18994088 0.01220833 0.08544214
v 0.20751051 0.01220833 0.06910040
v 0.20751051 0.01220833 0.10819189
v 0.20751051 0.03662359 0.07744510
v 0.20751051 0.01682991 0.10985702
v 0.18778447 0.03662359 0.13427190
v 0.20751051 0.03662359 0.12406405
v 0.20751051 0.04973315 0.08544214
v 0.18655286 0.06103885 0.10985702
v 0.20751051 0.06103885 0.09684720
v 0.19662360 0.06103885 0.13427190
v 0.20751051 0.04852747 0.13427190
v 0.18344159 0.06103885 0.15868679
v 0.20751051 0.06103885 0.14196390
v 0.20751051 0.07640719 0.10985702
v 0.20751051 0.06851772 0.13427190
v 0.20982286 -0.03662219 0.08544214
v 0.23162083 -0.01220693 0.06102725
v 0.23192490 -0.01232056 0.06102725
v 0.23192490 -0.01220693 0.06075677
v 0.23192490 -0.01550094 0.08544214
v 0.23192490 -0.01220693 0.09354065
v 0.23192490 -0.01198974 0.06102725
v 0.23192490 0.01220833 0.07231622
v 0.23192490 0.01220833 0.10100244
v 0.23192490 0.03662359 0.08047650
v 0.23192490 0.03586622 0.10985702
v 0.23192490 0.03662359 0.11011695
v 0.21996633 0.06103885 0.08544214
v 0.23192490 0.06103885 0.07770780
v 0.21247134 0.06103885 0.13427190
v 0.23192490 0.06103885 0.12104558
v 0.23192490 0.08162440 0.08544214
v 0.22026843 0.08545411 0.10985702
v 0.23192490 0.08545411 0.09094721
v 0.23192490 0.08545411 0.12617412
v 0.23192490 0.09629954 0.10985702
v 0.24366134 -0.40285109 0.18310167
v 0.25633928 -0.40536088 0.18310167
v 0.25633928 -0.40285109 0.18185383
v 0.25633928 -0.40285109 0.18495632
v 0.25633928 -0.40035975 0.18310167
v 0.23214025 -0.01220693 0.06102725
v 0.23598547 -0.01220693 0.08544214
v 0.25240057 0.01220833 0.06102725
v 0.25633928 0.00829741 0.06102725
v 0.25633928 0.01220833 0.05711570
v 0.25633928 0.00341180 0.08544214
v 0.25633928 0.01220833 0.09525407
v 0.25633928 0.02164277 0.06102725
v 0.25633928 0.03662359 0.07081398
v 0.23230966 0.03662359 0.10985702
v 0.25633928 0.03662359 0.09170629
v 0.25633928 0.06103885 0.07167353
v 0.24934493 0.06103885 0.10985702
v 0.25633928 0.06103885 0.10123614
v 0.24558495 0.08545411 0.06102725
v 0.25633928 0.07230608 0.06102725
v 0.25633928 0.08545411 0.05486631
v 0.23599623 0.08545411 0.08544214
v 0.25633928 0.07525430 0.10985702
v 0.25633928 0.08545411 0.11372258
v 0.25633928 0.09832272 0.06102725
v 0.25059688 0.10986937 0.08544214
v 0.25633928 0.10986937 0.07433156
v 0.25633928 0.09791474 0.10985702
v 0.25633928 0.10986937 0.10113561
v 0.25633928 0.12616546 0.08544214
v 0.25788390 -0.40285109 0.18310167
v 0.28075367 0.01217533 0.06102725
v 0.28075367 0.01220833 0.06097956
v 0.26995534 0.01220833 0.08544214
v 0.28075367 0.01220833 0.06111400
v 0.27645137 0.03662359 0.06102725
v 0.28075367 0.03662359 0.05941846
v 0.28075367 0.03475233 0.08544214
v 0.28075367 0.03662359 0.08608710
v 0.28031752 0.06103885 0.06102725
v 0.28075367 0.06103885 0.06077450
v 0.27842088 0.06103885 0.08544214
v 0.28075367 0.04776695 0.08544214
v 0.28075367 0.06103885 0.06389573
v 0.26720362 0.08545411 0.06102725
v 0.28075367 0.06134022 0.06102725
v 0.26627853 0.08545411 0.08544214
v 0.25984550 0.08545411 0.10985702
v 0.26253841 0.10986937 0.08544214
v 0.28084063 0.01220833 0.06102725
v 0.28960947 0.03662359 0.06102725
v 0.28541351 0.03662359 0.08544214
v 0.28100128 0.06103885 0.06102725
v 0.74040757 0.25636093 0.74464400
v 0.74462699 0.24780655 0.74464400
v 0.74462699 0.25636093 0.74266954
v 0.74462699 0.25636093 0.74469250
v 0.73450319 0.28077619 0.74464400
v 0.74462699 0.28077619 0.73897061
v 0.74462699 0.28077619 0.74477308
v 0.73531032 0.30519145 0.74464400
v 0.74462699 0.30519145 0.74051872
v 0.74462699 0.30519145 0.74473683
v 0.74462699 0.31044346 0.74464400
v 0.74467549 0.25636093 0.74464400
v 0.74475607 0.28077619 0.74464400
v 0.74471982 0.30519145 0.74464400
f 2 1 3
f 5 4 2
f 2 4 1
f 7 6 5
f 5 6 4
f 8 6 7
f 1 9 3
f 4 10 1
f 1 10 9
f 6 11 4
f 4 11 10
f 8 11 6
f 13 12 14
f 16 15 13
f 13 15 12
f 18 17 16
f 16 17 15
f 19 17 18
f 14 12 21
f 21 12 20
f 15 20 12
f 22 20 15
f 17 22 15
f 23 22 17
f 25 24 19
f 24 17 19
f 24 23 17
f 26 24 25
f 28 27 29
f 31 30 28
f 28 30 27
f 33 32 31
f 31 32 30
f 35 34 33
f 33 34 32
f 21 20 35
f 20 34 35
f 20 36 34
f 22 36 20
f 37 36 22
f 23 37 22
f 38 37 23
f 24 38 23
f 39 38 24
f 41 40 26
f 40 24 26
f 40 39 24
f 42 40 41
f 44 43 45
f 46 43 44
f 27 47 29
f 30 48 27
f 27 48 47
f 48 30 50
f 30 49 50
f 30 32 49
f 34 49 32
f 51 49 34
f 36 51 34
f 52 51 36
f 37 52 36
f 53 52 37
f 38 53 37
f 54 53 38
f 39 54 38
f 55 54 39
f 57 55 56
f 55 40 56
f 55 39 40
f 42 56 40
f 45 43 59
f 59 43 58
f 61 60 46
f 60 43 46
f 60 58 43
f 62 60 61
f 49 63 50
f 63 49 65
f 49 64 65
f 49 51 64
f 52 64 51
f 66 64 52
f 53 66 52
f 67 66 53
f 54 67 53
f 68 67 54
f 70 68 69
f 68 55 69
f 68 54 55
f 57 69 55
f 72 71 73
f 74 71 72
f 59 58 76
f 76 58 75
f 60 75 58
f 77 75 60
f 79 78 62
f 78 60 62
f 78 77 60
f 81 80 79
f 79 80 78
f 83 82 81
f 81 82 80
f 84 82 83
f 86 85 87
f 88 85 86
f 64 89 65
f 89 64 91
f 64 90 91
f 64 66 90
f 67 90 66
f 92 90 67
f 68 92 67
f 93 92 68
f 94 93 70
f 70 93 68
f 96 95 97
f 98 95 96
f 71 99 73
f 74 99 71
f 101 100 102
f 76 75 101
f 75 100 101
f 75 103 100
f 77 103 75
f 104 103 77
f 78 104 77
f 105 104 78
f 80 105 78
f 106 105 80
f 108 106 107
f 106 82 107
f 106 80 82
f 107 82 84
f 109 111 110
f 87 85 110
f 85 109 110
f 85 112 109
f 114 113 88
f 113 85 88
f 113 112 85
f 115 113 114
f 90 116 91
f 116 90 118
f 90 117 118
f 90 92 117
f 93 117 92
f 119 117 93
f 120 119 94
f 94 119 93
f 95 121 97
f 98 121 95
f 102 100 123
f 123 100 122
f 103 122 100
f 124 122 103
f 104 124 103
f 125 124 104
f 105 125 104
f 126 125 105
f 128 126 127
f 126 106 127
f 126 105 106
f 108 127 106
f 111 109 130
f 130 109 129
f 112 129 109
f 131 129 112
f 113 131 112
f 132 131 113
f 134 133 115
f 133 113 115
f 133 132 113
f 135 133 134
f 117 136 118
f 119 137 117
f 117 137 136
f 120 137 119
f 123 122 139
f 139 122 138
f 124 138 122
f 140 138 124
f 125 140 124
f 141 140 125
f 126 141 125
f 142 141 126
f 144 143 128
f 143 126 128
f 143 142 126
f 145 143 144
f 129 146 130
f 146 129 148
f 129 147 148
f 129 131 147
f 132 147 131
f 149 147 132
f 133 149 132
f 150 149 133
f 151 150 135
f 135 150 133
f 138 152 139
f 140 153 138
f 138 153 152
f 153 140 155
f 140 154 155
f 140 141 154
f 142 154 141
f 156 154 142
f 143 156 142
f 157 156 143
f 158 157 145
f 145 157 143
f 160 159 161
f 148 147 160
f 147 159 160
f 147 162 159
f 149 162 147
f 163 162 149
f 165 163 164
f 163 150 164
f 163 149 150
f 151 164 150
f 167 166 168
f 169 166 167
f 154 170 155
f 156 171 154
f 154 171 170
f 171 156 173
f 156 172 173
f 156 157 172
f 175 174 158
f 174 157 158
f 174 172 157
f 161 159 175
f 159 174 175
f 159 176 174
f 178 176 177
f 176 162 177
f 176 159 162
f 163 179 162
f 162 179 177
f 165 179 163
f 166 180 168
f 169 180 166
f 172 181 173
f 174 182 172
f 172 182 181
f 176 183 174
f 174 183 182
f 178 183 176
f 185 184 3
f 3 184 2
f 186 5 187
f 5 184 187
f 5 2 184
f 5 186 7
f 7 186 188
f 188 8 7
f 190 189 191
f 192 189 190
f 3 9 185
f 185 9 193
f 187 193 186
f 193 10 186
f 193 9 10
f 186 10 188
f 188 10 11
f 11 8 188
f 189 194 191
f 192 194 189
f 14 195 13
f 197 196 195
f 196 13 195
f 196 16 13
f 198 16 196
f 198 18 16
f 19 18 199
f 18 200 199
f 18 198 200
f 201 199 200
f 195 14 202
f 14 203 202
f 14 21 203
f 202 197 195
f 25 19 199
f 199 201 25
f 201 26 25
f 201 204 26
f 29 205 28
f 28 205 31
f 31 205 206
f 31 206 33
f 33 206 207
f 33 207 35
f 35 207 208
f 21 35 208
f 209 21 208
f 203 21 209
f 41 26 204
f 41 204 210
f 210 211 41
f 41 211 42
f 45 212 44
f 212 46 44
f 29 47 205
f 205 47 206
f 206 47 48
f 50 213 48
f 213 206 48
f 213 207 206
f 213 215 214
f 208 213 214
f 207 213 208
f 214 209 208
f 216 217 57
f 216 57 56
f 56 42 216
f 216 42 211
f 212 45 218
f 45 219 218
f 45 59 219
f 220 61 221
f 221 61 218
f 61 46 218
f 46 212 218
f 220 62 61
f 50 63 213
f 65 222 63
f 63 222 213
f 222 223 213
f 223 215 213
f 222 224 223
f 225 226 70
f 225 70 69
f 69 57 225
f 225 57 217
f 73 227 72
f 227 74 72
f 59 228 219
f 59 76 228
f 229 220 221
f 79 62 220
f 229 79 220
f 230 79 229
f 231 81 232
f 81 230 232
f 81 79 230
f 81 231 83
f 83 231 233
f 233 84 83
f 87 234 86
f 234 88 86
f 65 89 222
f 91 235 89
f 89 235 222
f 235 236 222
f 236 224 222
f 235 237 236
f 238 70 226
f 94 70 238
f 97 239 96
f 239 98 96
f 73 99 227
f 99 74 227
f 241 240 102
f 102 240 101
f 76 101 240
f 76 240 228
f 242 231 232
f 108 242 244
f 243 108 244
f 108 231 242
f 233 108 107
f 108 233 231
f 107 84 233
f 110 243 244
f 245 110 244
f 111 243 110
f 246 234 87
f 110 246 87
f 245 246 110
f 114 88 234
f 246 114 234
f 247 114 246
f 247 248 114
f 114 248 115
f 91 116 235
f 237 235 116
f 118 237 116
f 249 237 118
f 250 251 252
f 250 120 251
f 120 238 251
f 120 94 238
f 97 121 239
f 121 98 239
f 102 253 241
f 102 123 253
f 254 255 128
f 254 128 127
f 243 256 108
f 256 127 108
f 256 254 127
f 257 256 243
f 111 257 243
f 130 257 111
f 134 115 248
f 134 248 258
f 258 259 134
f 134 259 135
f 118 136 249
f 249 136 260
f 252 260 250
f 260 137 250
f 260 136 137
f 137 120 250
f 262 253 261
f 253 139 261
f 253 123 139
f 261 263 262
f 265 264 144
f 128 265 144
f 255 265 128
f 264 145 144
f 266 267 146
f 267 130 146
f 267 257 130
f 148 266 146
f 268 269 270
f 268 151 269
f 151 259 269
f 151 135 259
f 139 152 261
f 152 153 261
f 153 272 261
f 272 263 261
f 272 153 271
f 155 271 153
f 264 265 274
f 264 274 273
f 273 158 264
f 264 158 145
f 160 161 266
f 161 267 266
f 161 275 267
f 148 160 266
f 276 277 278
f 165 164 268
f 165 268 270
f 276 165 270
f 277 276 270
f 164 151 268
f 168 279 167
f 279 169 167
f 271 280 272
f 155 170 271
f 170 280 271
f 170 281 280
f 170 282 281
f 171 282 170
f 283 273 274
f 171 283 274
f 282 171 274
f 283 171 173
f 158 273 175
f 273 284 175
f 273 283 284
f 275 161 286
f 161 284 286
f 284 285 286
f 284 161 175
f 286 285 178
f 177 286 178
f 287 286 177
f 278 287 276
f 287 179 276
f 287 177 179
f 179 165 276
f 168 180 279
f 180 169 279
f 173 181 283
f 283 181 284
f 284 181 182
f 284 182 285
f 285 182 183
f 183 178 285
f 185 288 184
f 288 187 184
f 290 289 191
f 191 289 190
f 289 291 190
f 190 291 192
f 185 193 288
f 193 187 288
f 191 194 290
f 290 194 292
f 194 192 292
f 292 192 291
f 197 293 196
f 295 294 293
f 294 196 293
f 294 198 196
f 296 200 297
f 200 294 297
f 200 198 294
f 296 201 200
f 299 298 203
f 203 298 202
f 300 293 197
f 202 300 197
f 298 300 202
f 300 295 293
f 301 296 297
f 301 302 296
f 302 201 296
f 302 204 201
f 203 303 299
f 203 209 303
f 305 304 210
f 204 305 210
f 302 305 204
f 304 211 210
f 215 306 214
f 209 214 306
f 307 209 306
f 303 209 307
f 217 216 304
f 305 217 304
f 308 217 305
f 216 211 304
f 310 309 311
f 309 310 219
f 310 218 219
f 310 312 218
f 312 313 218
f 218 313 221
f 215 223 306
f 224 314 223
f 223 314 306
f 314 315 306
f 315 307 306
f 314 316 315
f 317 318 226
f 317 226 225
f 225 217 317
f 317 217 308
f 311 309 320
f 320 309 319
f 228 319 309
f 228 309 219
f 229 221 313
f 229 313 321
f 322 229 321
f 322 230 229
f 322 323 230
f 230 323 232
f 325 324 326
f 327 324 325
f 224 236 314
f 316 314 236
f 237 316 236
f 328 316 237
f 329 226 318
f 238 226 329
f 240 241 319
f 241 320 319
f 241 330 320
f 228 240 319
f 242 232 323
f 242 323 331
f 332 242 331
f 332 244 242
f 333 244 332
f 333 245 244
f 334 245 333
f 334 246 245
f 334 326 324
f 247 334 324
f 246 334 247
f 324 327 247
f 327 248 247
f 327 335 248
f 237 336 328
f 237 249 336
f 337 252 251
f 251 238 337
f 238 338 337
f 238 329 338
f 241 339 330
f 241 253 339
f 340 255 254
f 340 254 256
f 340 256 341
f 257 341 256
f 258 248 335
f 258 335 342
f 342 343 258
f 258 343 259
f 249 260 336
f 336 260 344
f 337 345 252
f 345 260 252
f 345 344 260
f 338 345 337
f 253 262 339
f 339 262 346
f 347 346 262
f 347 262 263
f 255 340 348
f 349 255 348
f 265 255 349
f 348 340 351
f 340 350 351
f 340 341 350
f 267 350 341
f 267 341 257
f 352 353 270
f 352 270 269
f 269 259 352
f 352 259 343
f 355 354 356
f 272 354 355
f 347 272 355
f 263 272 347
f 357 265 349
f 274 265 357
f 350 358 351
f 359 358 350
f 267 359 350
f 275 359 267
f 360 361 278
f 360 278 277
f 277 270 360
f 360 270 353
f 354 362 356
f 272 280 354
f 280 362 354
f 280 363 362
f 280 364 363
f 281 364 280
f 281 365 364
f 282 365 281
f 282 274 365
f 274 357 365
f 366 368 367
f 369 366 367
f 275 286 359
f 359 286 370
f 286 371 370
f 287 371 286
f 287 278 371
f 371 278 361
f 366 372 368
f 369 372 366
f 290 373 289
f 373 291 289
f 290 292 373
f 292 291 373
f 375 374 295
f 295 374 294
f 374 376 294
f 294 376 297
f 378 377 379
f 377 378 299
f 378 298 299
f 378 380 298
f 381 298 380
f 381 300 298
f 295 300 381
f 295 381 375
f 301 297 376
f 301 376 382
f 382 383 301
f 301 383 302
f 385 384 386
f 388 384 385
f 377 387 379
f 389 387 377
f 299 389 377
f 303 389 299
f 390 302 383
f 305 302 390
f 384 391 386
f 388 391 384
f 393 389 392
f 389 307 392
f 389 303 307
f 392 394 393
f 390 396 395
f 308 390 395
f 305 390 308
f 397 395 396
f 311 398 310
f 400 399 398
f 399 310 398
f 399 312 310
f 399 401 312
f 312 401 313
f 307 315 392
f 394 392 315
f 316 394 315
f 402 394 316
f 403 318 317
f 404 405 403
f 404 403 317
f 395 404 317
f 308 395 317
f 397 404 395
f 407 406 408
f 407 409 406
f 409 311 406
f 311 320 406
f 311 409 398
f 409 400 398
f 321 313 401
f 321 401 410
f 411 321 410
f 411 322 321
f 411 412 322
f 322 412 323
f 414 413 326
f 326 413 325
f 413 415 325
f 325 415 327
f 316 416 402
f 316 328 416
f 318 403 417
f 318 417 329
f 418 417 405
f 405 417 403
f 406 419 408
f 420 419 406
f 320 420 406
f 330 420 320
f 331 323 412
f 331 412 421
f 422 331 421
f 422 332 331
f 423 332 422
f 423 333 332
f 424 333 423
f 424 334 333
f 425 334 424
f 427 425 424
f 425 326 334
f 414 425 426
f 425 414 326
f 425 335 426
f 335 415 426
f 335 327 415
f 328 428 416
f 328 336 428
f 329 417 429
f 329 429 338
f 430 429 418
f 418 429 417
f 330 431 420
f 330 339 431
f 432 433 434
f 425 427 433
f 432 425 433
f 435 425 432
f 335 425 342
f 425 436 342
f 425 435 436
f 436 343 342
f 336 344 428
f 428 344 437
f 344 438 437
f 345 438 344
f 429 439 338
f 439 345 338
f 439 438 345
f 430 439 429
f 440 441 346
f 441 339 346
f 441 431 339
f 347 440 346
f 442 443 444
f 443 442 349
f 348 443 349
f 445 443 348
f 348 351 446
f 447 348 446
f 445 348 447
f 448 449 447
f 448 447 446
f 448 451 450
f 432 448 450
f 448 434 449
f 448 432 434
f 432 450 453
f 452 432 453
f 435 432 452
f 352 436 353
f 436 452 353
f 436 435 452
f 352 343 436
f 355 356 440
f 356 441 440
f 356 454 441
f 347 355 440
f 442 444 456
f 442 456 455
f 455 357 442
f 442 357 349
f 351 358 446
f 359 457 358
f 457 446 358
f 457 448 446
f 458 459 451
f 448 458 451
f 457 458 448
f 361 360 452
f 361 452 453
f 458 361 453
f 459 458 453
f 360 353 452
f 356 362 454
f 454 362 460
f 362 461 460
f 363 461 362
f 363 462 461
f 364 462 363
f 456 462 455
f 462 365 455
f 462 364 365
f 357 455 365
f 463 367 368
f 463 369 367
f 359 370 457
f 457 370 458
f 458 370 371
f 371 361 458
f 368 372 463
f 372 369 463
f 465 464 375
f 375 464 374
f 464 466 374
f 374 466 376
f 379 467 378
f 469 468 467
f 468 378 467
f 468 380 378
f 470 380 468
f 470 381 380
f 375 381 470
f 375 470 465
f 382 376 466
f 382 466 471
f 471 472 382
f 382 472 383
f 474 473 386
f 386 473 385
f 387 467 379
f 476 388 385
f 473 476 385
f 475 388 476
f 387 389 467
f 389 477 467
f 477 469 467
f 469 477 478
f 479 475 476
f 477 480 478
f 472 482 481
f 390 472 481
f 383 472 390
f 483 481 482
f 386 391 474
f 474 391 484
f 475 485 388
f 485 391 388
f 485 484 391
f 479 485 475
f 393 477 389
f 394 486 393
f 393 486 477
f 486 487 477
f 487 480 477
f 486 488 487
f 396 390 481
f 481 483 396
f 483 397 396
f 483 489 397
f 400 490 399
f 490 401 399
f 486 394 491
f 491 394 402
f 492 493 488
f 486 492 488
f 491 492 486
f 492 494 493
f 495 405 404
f 404 397 495
f 397 496 495
f 397 489 496
f 498 497 408
f 408 497 407
f 499 407 497
f 499 409 407
f 500 490 400
f 409 500 400
f 499 500 409
f 410 401 490
f 500 410 490
f 501 410 500
f 502 411 503
f 411 501 503
f 411 410 501
f 502 412 411
f 414 504 413
f 504 415 413
f 491 402 505
f 505 402 416
f 505 507 506
f 492 505 506
f 491 505 492
f 506 494 492
f 405 495 508
f 509 405 508
f 418 405 509
f 496 508 495
f 510 511 419
f 511 408 419
f 511 498 408
f 420 510 419
f 512 502 503
f 421 412 502
f 512 421 502
f 513 421 512
f 514 421 513
f 514 422 421
f 515 422 514
f 515 423 422
f 516 424 517
f 424 515 517
f 424 423 515
f 426 504 414
f 516 427 424
f 426 415 504
f 505 416 518
f 518 416 428
f 518 519 507
f 518 507 505
f 520 418 509
f 430 418 520
f 510 521 511
f 522 521 510
f 420 522 510
f 431 522 420
f 523 524 525
f 523 526 524
f 434 433 516
f 517 434 516
f 527 434 517
f 433 427 516
f 428 437 518
f 518 437 519
f 437 528 519
f 437 438 528
f 438 529 528
f 439 529 438
f 439 430 529
f 529 430 520
f 431 530 522
f 431 441 530
f 531 532 444
f 531 444 443
f 525 531 523
f 531 445 523
f 531 443 445
f 523 445 526
f 445 533 526
f 445 447 533
f 447 534 533
f 449 534 447
f 527 534 434
f 534 449 434
f 535 450 451
f 535 453 450
f 441 536 530
f 441 454 536
f 537 538 539
f 537 456 538
f 456 532 538
f 456 444 532
f 451 459 535
f 459 453 535
f 454 460 536
f 536 460 540
f 460 541 540
f 461 541 460
f 539 541 537
f 541 462 537
f 541 461 462
f 462 456 537
f 465 542 464
f 542 466 464
f 469 543 468
f 468 543 470
f 470 543 544
f 470 544 465
f 544 542 465
f 544 545 542
f 466 542 471
f 542 546 471
f 542 545 546
f 546 472 471
f 474 547 473
f 473 547 476
f 476 547 548
f 478 543 469
f 548 479 476
f 480 549 478
f 549 543 478
f 549 544 543
f 549 545 544
f 549 550 545
f 550 552 551
f 546 550 551
f 545 550 546
f 482 472 546
f 551 482 546
f 553 482 551
f 553 554 482
f 482 554 483
f 474 484 547
f 547 484 548
f 548 484 485
f 485 479 548
f 480 487 549
f 488 555 487
f 555 549 487
f 555 550 549
f 556 557 552
f 550 556 552
f 555 556 550
f 556 558 557
f 559 483 554
f 489 483 559
f 488 493 555
f 556 555 560
f 555 494 560
f 494 561 560
f 555 493 494
f 560 558 556
f 562 489 559
f 496 489 562
f 498 563 497
f 497 563 499
f 499 563 564
f 566 565 564
f 565 499 564
f 565 500 499
f 567 500 565
f 567 501 500
f 567 568 501
f 501 568 503
f 507 569 506
f 494 506 569
f 570 494 569
f 561 494 570
f 571 572 509
f 571 509 508
f 508 496 571
f 571 496 562
f 563 498 573
f 498 574 573
f 498 511 574
f 575 564 563
f 575 563 573
f 575 566 564
f 512 503 568
f 512 568 576
f 577 512 576
f 577 513 512
f 578 513 577
f 578 514 513
f 579 515 580
f 515 578 580
f 515 514 578
f 579 517 515
f 569 507 581
f 581 507 519
f 581 582 570
f 581 570 569
f 583 509 572
f 520 509 583
f 584 585 521
f 585 511 521
f 585 574 511
f 522 584 521
f 586 525 524
f 526 586 524
f 579 580 588
f 579 588 587
f 587 527 579
f 579 527 517
f 519 528 581
f 581 528 582
f 528 589 582
f 528 529 589
f 529 520 589
f 589 520 583
f 585 584 591
f 591 584 590
f 530 590 584
f 530 584 522
f 592 593 594
f 593 592 532
f 531 593 532
f 595 593 531
f 586 596 525
f 596 531 525
f 596 595 531
f 533 597 598
f 533 598 596
f 526 533 596
f 586 526 596
f 588 533 534
f 587 588 534
f 588 597 533
f 599 588 600
f 588 599 597
f 602 601 600
f 601 599 600
f 527 587 534
f 603 601 602
f 591 590 605
f 605 590 604
f 536 604 590
f 536 590 530
f 539 538 592
f 594 539 592
f 606 539 594
f 538 532 592
f 597 607 598
f 599 608 597
f 597 608 607
f 601 609 599
f 599 609 608
f 603 609 601
f 611 610 612
f 613 610 611
f 604 614 605
f 536 540 604
f 540 614 604
f 540 615 614
f 540 616 615
f 541 616 540
f 541 539 616
f 616 539 606
f 610 617 612
f 613 617 610
f 619 618 552
f 552 618 551
f 620 551 618
f 620 553 551
f 620 621 553
f 553 621 554
f 622 623 557
f 623 552 557
f 623 619 552
f 558 622 557
f 624 554 621
f 559 554 624
f 560 561 622
f 561 623 622
f 561 625 623
f 558 560 622
f 626 559 624
f 562 559 626
f 566 627 565
f 565 627 567
f 567 627 628
f 628 568 567
f 561 629 625
f 561 570 629
f 630 572 571
f 571 562 630
f 562 631 630
f 562 626 631
f 633 632 574
f 574 632 573
f 634 573 632
f 634 575 573
f 635 627 566
f 575 635 566
f 634 635 575
f 636 628 627
f 636 627 635
f 576 568 628
f 636 576 628
f 637 576 636
f 638 576 637
f 638 577 576
f 639 578 640
f 578 638 640
f 578 577 638
f 639 580 578
f 642 629 641
f 629 582 641
f 629 570 582
f 642 630 643
f 644 642 643
f 642 572 630
f 583 642 641
f 642 583 572
f 645 643 631
f 631 643 630
f 647 633 646
f 633 585 646
f 633 574 585
f 646 648 647
f 649 650 651
f 649 652 650
f 653 639 640
f 653 654 639
f 654 580 639
f 654 588 580
f 582 589 641
f 643 655 644
f 589 583 641
f 645 655 643
f 657 656 658
f 659 656 657
f 646 585 660
f 660 585 591
f 660 661 648
f 660 648 646
f 662 594 593
f 651 663 662
f 595 651 662
f 593 595 662
f 649 651 595
f 649 595 652
f 595 664 652
f 595 596 664
f 665 664 596
f 665 596 598
f 600 588 654
f 600 654 666
f 667 602 668
f 602 666 668
f 602 600 666
f 667 603 602
f 656 669 658
f 659 669 656
f 671 670 672
f 673 670 671
f 660 591 674
f 591 675 674
f 591 605 675
f 674 661 660
f 594 662 676
f 594 676 606
f 677 676 663
f 663 676 662
f 598 607 665
f 665 607 678
f 607 679 678
f 608 679 607
f 668 679 667
f 679 609 667
f 679 608 609
f 609 603 667
f 611 612 670
f 612 672 670
f 612 680 672
f 670 673 611
f 673 613 611
f 673 681 613
f 605 614 675
f 675 614 682
f 614 683 682
f 615 683 614
f 616 684 685
f 683 616 685
f 615 616 683
f 686 687 684
f 686 684 616
f 676 686 616
f 606 676 616
f 677 686 676
f 612 617 680
f 680 617 688
f 617 613 688
f 688 613 681
f 684 689 685
f 687 689 684
f 691 690 692
f 693 690 691
f 619 694 618
f 618 694 620
f 694 695 620
f 692 690 696
f 690 693 696
f 621 620 695
f 694 619 697
f 619 698 697
f 619 623 698
f 699 695 694
f 699 694 697
f 699 700 695
f 700 621 695
f 700 624 621
f 623 701 698
f 623 625 701
f 700 703 702
f 626 700 702
f 624 700 626
f 704 702 703
f 625 705 701
f 625 629 705
f 626 702 706
f 626 706 631
f 707 706 704
f 704 706 702
f 709 708 633
f 633 708 632
f 710 632 708
f 710 634 632
f 711 634 710
f 711 635 634
f 712 635 711
f 712 636 635
f 713 637 714
f 637 712 714
f 637 636 712
f 637 713 638
f 638 713 715
f 715 640 638
f 716 717 642
f 717 629 642
f 717 705 629
f 644 716 642
f 631 706 718
f 719 631 718
f 645 631 719
f 707 718 706
f 633 647 709
f 709 647 720
f 721 720 647
f 721 647 648
f 714 723 722
f 651 714 722
f 714 650 713
f 714 651 650
f 652 715 713
f 650 652 713
f 652 724 715
f 723 652 722
f 652 723 724
f 653 640 715
f 724 653 715
f 725 653 724
f 725 726 653
f 653 726 654
f 716 727 717
f 644 655 716
f 655 727 716
f 655 728 727
f 655 645 728
f 728 645 719
f 658 729 657
f 729 659 657
f 648 730 721
f 648 661 730
f 651 722 731
f 651 731 663
f 731 722 652
f 732 731 652
f 664 732 652
f 731 732 733
f 664 665 734
f 735 664 734
f 732 664 735
f 734 736 735
f 736 654 735
f 654 726 735
f 736 666 654
f 736 668 666
f 658 669 729
f 669 659 729
f 672 737 671
f 673 671 737
f 739 738 740
f 738 739 675
f 739 674 675
f 739 741 674
f 661 674 741
f 661 741 730
f 663 731 742
f 743 663 742
f 677 663 743
f 733 742 731
f 665 678 734
f 734 678 736
f 736 678 679
f 679 668 736
f 737 672 744
f 744 672 680
f 744 681 737
f 681 673 737
f 745 740 738
f 682 746 747
f 682 747 745
f 675 682 745
f 738 675 745
f 746 682 683
f 746 683 748
f 685 748 683
f 749 750 687
f 749 687 686
f 686 677 749
f 749 677 743
f 680 688 744
f 688 681 744
f 746 751 747
f 751 746 753
f 746 752 753
f 746 748 752
f 752 748 685
f 754 752 685
f 689 754 685
f 752 754 755
f 689 687 754
f 754 687 750
f 752 756 753
f 755 756 752
f 758 757 759
f 760 757 758
f 759 757 762
f 762 757 761
f 763 761 760
f 760 761 757
f 761 764 762
f 763 764 761
f 692 765 691
f 765 693 691
f 692 696 765
f 696 693 765
f 698 766 697
f 697 766 699
f 699 766 767
f 767 700 699
f 766 698 768
f 698 769 768
f 698 701 769
f 770 767 766
f 770 766 768
f 771 703 772
f 772 703 770
f 703 700 770
f 700 767 770
f 771 704 703
f 701 773 769
f 701 705 773
f 774 771 772
f 707 704 771
f 776 707 771
f 774 776 771
f 775 707 776
f 777 775 776
f 709 778 708
f 780 779 778
f 779 708 778
f 779 710 708
f 781 710 779
f 781 711 710
f 782 712 783
f 712 781 783
f 712 711 781
f 782 714 712
f 785 784 786
f 717 784 785
f 773 717 785
f 705 717 773
f 787 719 718
f 787 718 707
f 775 787 707
f 788 787 775
f 789 788 777
f 777 788 775
f 790 792 791
f 709 720 778
f 780 778 720
f 721 780 720
f 780 790 791
f 780 721 790
f 793 782 783
f 723 714 782
f 793 723 782
f 794 723 793
f 795 724 796
f 724 794 796
f 724 723 794
f 724 795 725
f 725 795 797
f 797 726 725
f 784 798 786
f 727 799 800
f 727 800 798
f 717 727 798
f 784 717 798
f 801 802 799
f 727 801 799
f 728 801 727
f 787 803 719
f 803 728 719
f 803 801 728
f 788 804 787
f 787 804 803
f 789 804 788
f 792 790 806
f 806 790 805
f 730 805 790
f 730 790 721
f 807 808 809
f 733 732 795
f 733 795 796
f 807 733 796
f 808 807 796
f 795 732 797
f 797 732 735
f 735 726 797
f 799 810 800
f 802 810 799
f 812 811 740
f 740 811 739
f 811 806 805
f 741 811 805
f 739 811 741
f 730 741 805
f 813 814 815
f 743 742 807
f 743 807 809
f 813 743 809
f 814 813 809
f 742 733 807
f 740 745 812
f 812 745 816
f 745 747 817
f 818 745 817
f 816 745 818
f 819 820 818
f 819 818 817
f 821 822 820
f 821 820 819
f 750 749 813
f 750 813 815
f 821 750 815
f 822 821 815
f 749 743 813
f 823 825 824
f 747 751 817
f 827 823 824
f 753 817 751
f 753 826 817
f 826 819 817
f 754 821 755
f 821 826 755
f 821 819 826
f 754 750 821
f 823 828 825
f 827 828 823
f 756 826 753
f 756 755 826
f 830 829 759
f 759 829 758
f 829 831 758
f 758 831 760
f 833 830 832
f 830 762 832
f 830 759 762
f 832 763 833
f 763 831 833
f 763 760 831
f 762 764 832
f 764 763 832
f 835 834 836
f 837 834 835
f 839 838 840
f 838 839 769
f 839 768 769
f 839 841 768
f 842 770 843
f 770 841 843
f 770 768 841
f 842 772 770
f 834 844 836
f 837 844 834
f 838 845 840
f 769 773 838
f 773 847 838
f 847 845 838
f 773 846 847
f 846 849 848
f 842 846 848
f 846 843 847
f 846 842 843
f 774 772 842
f 848 774 842
f 850 774 848
f 851 774 850
f 851 776 774
f 851 852 776
f 776 852 777
f 854 853 855
f 853 854 780
f 854 779 780
f 854 856 779
f 857 781 858
f 781 856 858
f 781 779 856
f 857 783 781
f 860 859 861
f 862 859 860
f 786 863 785
f 785 863 773
f 863 846 773
f 863 864 846
f 864 865 849
f 864 849 846
f 852 867 866
f 789 852 866
f 777 852 789
f 868 866 867
f 791 792 853
f 792 855 853
f 792 869 855
f 780 791 853
f 870 857 858
f 793 783 857
f 870 793 857
f 871 793 870
f 872 793 871
f 872 794 793
f 872 873 794
f 794 873 796
f 861 859 875
f 875 859 874
f 876 874 862
f 862 874 859
f 786 798 863
f 800 877 798
f 877 863 798
f 877 864 863
f 801 878 865
f 877 801 865
f 864 877 865
f 802 801 877
f 801 879 878
f 803 879 801
f 803 880 879
f 804 880 803
f 866 881 789
f 881 804 789
f 881 880 804
f 868 881 866
f 883 882 884
f 806 882 883
f 869 806 883
f 792 806 869
f 885 886 809
f 885 809 808
f 808 796 885
f 885 796 873
f 874 887 875
f 876 887 874
f 800 810 877
f 810 802 877
f 889 884 882
f 812 888 811
f 806 811 888
f 890 806 888
f 806 889 882
f 806 890 889
f 891 892 893
f 892 891 815
f 814 892 815
f 894 892 814
f 814 809 894
f 894 809 886
f 812 816 888
f 816 818 888
f 818 896 888
f 896 890 888
f 896 818 895
f 895 818 820
f 895 820 897
f 893 898 897
f 822 893 897
f 820 822 897
f 891 893 822
f 822 815 891
f 824 825 895
f 825 896 895
f 825 899 896
f 895 897 900
f 827 895 900
f 901 827 900
f 824 895 827
f 898 900 897
f 825 828 899
f 899 828 902
f 828 827 902
f 902 827 901
f 830 903 829
f 903 831 829
f 830 833 903
f 833 831 903
f 905 904 906
f 904 905 908
f 835 836 907
f 907 837 835
f 910 909 911
f 909 910 840
f 910 839 840
f 910 912 839
f 913 839 912
f 913 841 839
f 843 841 914
f 841 915 914
f 841 913 915
f 916 914 915
f 904 917 906
f 908 917 904
f 844 907 836
f 844 837 907
f 909 918 911
f 840 845 909
f 845 918 909
f 845 919 918
f 845 920 919
f 847 920 845
f 914 920 847
f 843 914 847
f 914 921 920
f 849 914 848
f 914 849 921
f 848 914 916
f 922 848 916
f 850 848 922
f 923 850 922
f 923 851 850
f 852 851 924
f 851 925 924
f 851 923 925
f 926 924 925
f 928 927 855
f 855 927 854
f 929 854 927
f 929 856 854
f 929 930 856
f 856 930 858
f 861 931 860
f 931 862 860
f 849 932 921
f 849 865 932
f 935 933 867
f 852 935 867
f 935 924 934
f 935 852 924
f 924 926 934
f 868 867 933
f 937 936 938
f 869 936 937
f 928 869 937
f 855 869 928
f 870 858 930
f 870 930 939
f 940 871 941
f 871 939 941
f 871 870 939
f 871 940 872
f 872 940 942
f 942 873 872
f 931 861 943
f 943 861 875
f 943 876 931
f 931 876 862
f 865 878 932
f 932 878 944
f 878 945 944
f 879 945 878
f 879 946 945
f 880 946 879
f 935 946 933
f 946 881 933
f 946 880 881
f 881 868 933
f 883 884 936
f 884 938 936
f 884 947 938
f 869 883 936
f 948 940 941
f 949 886 948
f 886 942 948
f 942 940 948
f 942 886 885
f 885 873 942
f 875 887 943
f 887 876 943
f 884 889 947
f 947 889 950
f 951 950 889
f 951 889 890
f 952 953 893
f 952 893 892
f 894 954 955
f 952 894 955
f 892 894 952
f 894 886 954
f 886 956 954
f 886 949 956
f 890 957 951
f 890 896 957
f 958 959 960
f 958 898 959
f 898 953 959
f 898 893 953
f 954 961 955
f 956 961 954
f 896 962 957
f 896 899 962
f 960 964 963
f 901 960 963
f 960 900 958
f 960 901 900
f 900 898 958
f 965 963 964
f 899 902 962
f 962 902 966
f 963 967 901
f 967 902 901
f 967 966 902
f 965 967 963
f 969 968 970
f 971 968 969
f 906 972 905
f 972 908 905
f 911 973 910
f 910 973 912
f 973 974 912
f 970 968 975
f 975 968 971
f 912 977 976
f 913 912 976
f 974 977 912
f 978 915 979
f 915 976 979
f 915 913 976
f 978 916 915
f 906 917 972
f 917 908 972
f 911 918 973
f 973 918 974
f 974 918 919
f 974 919 977
f 919 980 977
f 919 920 980
f 981 978 979
f 920 981 979
f 980 920 979
f 981 920 921
f 916 978 922
f 978 982 922
f 978 981 982
f 984 983 982
f 983 922 982
f 983 923 922
f 985 925 986
f 925 983 986
f 925 923 983
f 985 926 925
f 928 987 927
f 989 988 987
f 988 927 987
f 988 929 927
f 988 990 929
f 929 990 930
f 981 921 991
f 991 921 932
f 991 982 981
f 991 992 982
f 993 994 984
f 982 993 984
f 992 993 982
f 935 934 985
f 935 985 986
f 993 935 986
f 994 993 986
f 934 926 985
f 995 997 996
f 998 995 996
f 1000 999 938
f 938 999 937
f 1001 987 928
f 937 1001 928
f 999 1001 937
f 1001 989 987
f 939 930 990
f 939 990 1002
f 1002 1003 939
f 939 1003 941
f 932 944 991
f 991 944 992
f 992 944 945
f 992 945 993
f 993 945 946
f 946 935 993
f 995 1004 997
f 998 1004 995
f 938 1005 1000
f 938 947 1005
f 948 941 1003
f 948 1003 1006
f 949 948 1007
f 948 1008 1007
f 948 1006 1008
f 1009 1007 1008
f 947 950 1005
f 1005 950 1010
f 1011 1010 950
f 1011 950 951
f 1012 953 952
f 955 1012 952
f 949 1007 1013
f 1014 949 1013
f 956 949 1014
f 1009 1013 1007
f 1016 1015 1017
f 1018 1015 1016
f 1020 1011 1019
f 1011 957 1019
f 1011 951 957
f 1020 1019 960
f 959 1020 960
f 1021 1020 959
f 1012 1022 953
f 1022 959 953
f 1022 1021 959
f 955 961 1012
f 961 1022 1012
f 961 1023 1022
f 961 956 1023
f 956 1014 1023
f 1024 1026 1025
f 1027 1024 1025
f 1017 1015 1029
f 1029 1015 1028
f 1031 1030 1018
f 1030 1015 1018
f 1030 1028 1015
f 1032 1030 1031
f 1019 957 1033
f 957 1034 1033
f 957 962 1034
f 964 960 1019
f 1033 964 1019
f 1035 964 1033
f 965 964 1036
f 964 1037 1036
f 964 1035 1037
f 1038 1036 1037
f 1024 1039 1026
f 1027 1039 1024
f 1028 1040 1029
f 1040 1028 1042
f 1028 1041 1042
f 1028 1030 1041
f 1043 1041 1032
f 1032 1041 1030
f 1044 1045 966
f 1045 962 966
f 1045 1034 962
f 1046 1047 1044
f 966 1046 1044
f 967 1046 966
f 1036 1048 965
f 1048 967 965
f 1048 1046 967
f 1038 1048 1036
f 1041 1049 1042
f 1043 1049 1041
f 1044 1050 1045
f 1047 1050 1044
f 1052 1051 1053
f 1054 1051 1052
f 1051 1055 1053
f 1054 1055 1051
f 1057 1056 970
f 970 1056 969
f 1056 1058 969
f 969 1058 971
f 1059 1060 975
f 1060 970 975
f 1060 1057 970
f 1059 1061 976
f 977 1059 976
f 1059 1058 1061
f 971 1059 975
f 1059 971 1058
f 1061 1062 976
f 976 1062 979
f 1059 1063 1060
f 977 980 1059
f 980 1063 1059
f 980 1064 1063
f 980 979 1064
f 1064 979 1062
f 1066 1065 984
f 984 1065 983
f 986 983 1067
f 983 1068 1067
f 983 1065 1068
f 1069 1067 1068
f 989 1070 988
f 1070 990 988
f 1071 1072 994
f 1072 984 994
f 1072 1066 984
f 1071 994 986
f 1067 1071 986
f 1073 1071 1067
f 1067 1069 1073
f 1069 1075 1073
f 996 997 1074
f 1074 998 996
f 1077 1076 1000
f 1000 1076 999
f 1078 999 1076
f 1078 1001 999
f 1079 1070 989
f 1001 1079 989
f 1078 1079 1001
f 1080 1002 1081
f 1081 1002 1079
f 1002 990 1079
f 990 1070 1079
f 1080 1003 1002
f 1072 1071 1083
f 1083 1071 1082
f 1073 1082 1071
f 1084 1082 1073
f 1004 1074 997
f 1086 1073 1075
f 1086 1085 1073
f 1085 1084 1073
f 1004 998 1074
f 1087 1085 1086
f 1000 1088 1077
f 1000 1005 1088
f 1089 1080 1081
f 1006 1003 1080
f 1089 1006 1080
f 1090 1006 1089
f 1091 1008 1092
f 1008 1090 1092
f 1008 1006 1090
f 1091 1009 1008
f 1094 1093 1095
f 1096 1093 1094
f 1082 1097 1083
f 1084 1098 1082
f 1082 1098 1097
f 1085 1099 1084
f 1084 1099 1098
f 1087 1099 1085
f 1005 1010 1088
f 1088 1010 1100
f 1101 1100 1010
f 1101 1010 1011
f 1102 1103 1104
f 1103 1102 1092
f 1102 1014 1092
f 1014 1091 1092
f 1091 1014 1013
f 1105 1107 1106
f 1013 1009 1091
f 1108 1105 1106
f 1095 1093 1110
f 1110 1093 1109
f 1093 1096 1109
f 1096 1112 1109
f 1016 1017 1111
f 1111 1018 1016
f 1114 1113 1115
f 1116 1113 1114
f 1011 1020 1101
f 1101 1020 1117
f 1020 1118 1117
f 1021 1118 1020
f 1021 1119 1118
f 1022 1119 1021
f 1121 1120 1122
f 1023 1104 1119
f 1022 1023 1119
f 1102 1104 1023
f 1025 1026 1123
f 1125 1120 1121
f 1023 1014 1102
f 1124 1107 1105
f 1105 1108 1124
f 1027 1025 1123
f 1109 1126 1110
f 1029 1127 1017
f 1127 1111 1017
f 1126 1109 1112
f 1018 1111 1031
f 1111 1128 1031
f 1111 1127 1128
f 1128 1032 1031
f 1113 1129 1115
f 1116 1129 1113
f 1131 1130 1034
f 1034 1130 1033
f 1132 1035 1133
f 1035 1130 1133
f 1035 1033 1130
f 1035 1132 1037
f 1037 1132 1134
f 1120 1135 1122
f 1038 1037 1134
f 1125 1135 1120
f 1039 1123 1026
f 1039 1027 1123
f 1029 1040 1127
f 1042 1136 1040
f 1136 1127 1040
f 1136 1128 1127
f 1136 1043 1128
f 1128 1043 1032
f 1138 1131 1137
f 1131 1045 1137
f 1131 1034 1045
f 1047 1046 1132
f 1047 1132 1133
f 1137 1047 1133
f 1138 1137 1133
f 1132 1046 1134
f 1134 1046 1048
f 1048 1038 1134
f 1042 1049 1136
f 1049 1043 1136
f 1045 1050 1137
f 1050 1047 1137
f 1140 1139 1053
f 1053 1139 1052
f 1139 1141 1052
f 1052 1141 1054
f 1053 1055 1140
f 1140 1055 1142
f 1055 1054 1142
f 1142 1054 1141
f 1144 1143 1145
f 1146 1143 1144
f 1143 1147 1145
f 1146 1147 1143
f 1057 1148 1056
f 1148 1058 1056
f 1148 1057 1149
f 1149 1057 1060
f 1058 1148 1061
f 1148 1150 1061
f 1148 1149 1150
f 1150 1062 1061
f 1060 1063 1149
f 1149 1063 1150
f 1150 1063 1064
f 1064 1062 1150
f 1152 1151 1153
f 1151 1152 1066
f 1152 1065 1066
f 1152 1154 1065
f 1155 1065 1154
f 1155 1068 1065
f 1155 1156 1068
f 1068 1156 1069
f 1151 1157 1153
f 1158 1157 1151
f 1066 1158 1151
f 1072 1158 1066
f 1156 1160 1159
f 1075 1156 1159
f 1069 1156 1075
f 1161 1159 1160
f 1163 1162 1077
f 1077 1162 1076
f 1164 1076 1162
f 1164 1078 1076
f 1165 1078 1164
f 1165 1079 1078
f 1165 1166 1079
f 1079 1166 1081
f 1072 1167 1158
f 1072 1083 1167
f 1086 1075 1159
f 1168 1087 1086
f 1168 1086 1159
f 1169 1168 1159
f 1161 1169 1159
f 1170 1168 1169
f 1077 1171 1163
f 1077 1088 1171
f 1089 1081 1166
f 1089 1166 1172
f 1173 1089 1172
f 1173 1090 1089
f 1173 1174 1090
f 1090 1174 1092
f 1176 1175 1177
f 1175 1176 1179
f 1094 1095 1178
f 1178 1096 1094
f 1180 1181 1097
f 1181 1083 1097
f 1181 1167 1083
f 1180 1097 1098
f 1180 1098 1182
f 1183 1184 1182
f 1098 1183 1182
f 1099 1183 1098
f 1168 1185 1087
f 1185 1099 1087
f 1185 1183 1099
f 1170 1185 1168
f 1187 1186 1188
f 1189 1186 1187
f 1088 1189 1187
f 1171 1088 1187
f 1100 1189 1088
f 1101 1189 1100
f 1190 1104 1103
f 1106 1107 1191
f 1103 1192 1190
f 1103 1092 1192
f 1092 1174 1192
f 1191 1108 1106
f 1175 1193 1177
f 1110 1194 1095
f 1194 1178 1095
f 1193 1175 1179
f 1194 1112 1178
f 1178 1112 1096
f 1180 1195 1181
f 1182 1196 1180
f 1180 1196 1195
f 1184 1196 1182
f 1115 1197 1114
f 1116 1114 1197
f 1199 1198 1200
f 1201 1198 1199
f 1186 1202 1188
f 1202 1186 1204
f 1186 1203 1204
f 1186 1189 1203
f 1189 1101 1117
f 1205 1189 1117
f 1203 1189 1205
f 1205 1117 1118
f 1205 1118 1206
f 1207 1208 1206
f 1118 1207 1206
f 1119 1207 1118
f 1209 1121 1122
f 1190 1119 1104
f 1190 1210 1119
f 1210 1207 1119
f 1210 1190 1192
f 1124 1191 1107
f 1125 1121 1209
f 1124 1108 1191
f 1110 1126 1194
f 1126 1112 1194
f 1115 1129 1197
f 1211 1212 1198
f 1212 1200 1198
f 1129 1116 1197
f 1213 1211 1201
f 1201 1211 1198
f 1204 1203 1215
f 1215 1203 1214
f 1205 1130 1131
f 1214 1205 1131
f 1203 1205 1214
f 1205 1206 1216
f 1133 1205 1216
f 1217 1133 1216
f 1130 1205 1133
f 1208 1216 1206
f 1122 1135 1209
f 1135 1125 1209
f 1211 1218 1212
f 1213 1218 1211
f 1215 1214 1220
f 1220 1214 1219
f 1219 1214 1131
f 1221 1219 1131
f 1138 1221 1131
f 1219 1221 1222
f 1138 1133 1221
f 1221 1133 1217
f 1219 1223 1220
f 1222 1223 1219
f 1225 1224 1140
f 1140 1224 1139
f 1224 1226 1139
f 1139 1226 1141
f 1140 1142 1225
f 1225 1142 1227
f 1142 1141 1227
f 1227 1141 1226
f 1145 1228 1144
f 1228 1146 1144
f 1145 1147 1228
f 1147 1146 1228
f 1230 1229 1231
f 1232 1229 1230
f 1153 1233 1152
f 1234 1231 1233
f 1231 1154 1233
f 1154 1152 1233
f 1231 1229 1154
f 1154 1229 1232
f 1235 1154 1232
f 1155 1154 1235
f 1235 1236 1155
f 1155 1236 1156
f 1153 1157 1233
f 1234 1233 1157
f 1158 1234 1157
f 1237 1234 1158
f 1239 1238 1160
f 1156 1239 1160
f 1236 1239 1156
f 1238 1161 1160
f 1163 1240 1162
f 1242 1241 1240
f 1241 1162 1240
f 1241 1164 1162
f 1243 1165 1244
f 1165 1241 1244
f 1165 1164 1241
f 1243 1166 1165
f 1158 1245 1237
f 1158 1167 1245
f 1246 1238 1239
f 1169 1161 1238
f 1246 1169 1238
f 1247 1169 1246
f 1170 1169 1248
f 1169 1249 1248
f 1169 1247 1249
f 1250 1248 1249
f 1240 1163 1251
f 1163 1252 1251
f 1163 1171 1252
f 1251 1242 1240
f 1253 1243 1244
f 1172 1166 1243
f 1253 1172 1243
f 1254 1172 1253
f 1255 1173 1256
f 1173 1254 1256
f 1173 1172 1254
f 1174 1173 1255
f 1258 1257 1259
f 1260 1257 1258
f 1177 1261 1176
f 1261 1179 1176
f 1263 1245 1262
f 1245 1181 1262
f 1245 1167 1181
f 1262 1264 1263
f 1265 1184 1183
f 1266 1267 1265
f 1183 1266 1265
f 1185 1266 1183
f 1248 1268 1170
f 1268 1185 1170
f 1268 1266 1185
f 1250 1268 1248
f 1270 1269 1271
f 1269 1270 1188
f 1270 1187 1188
f 1270 1272 1187
f 1171 1187 1272
f 1171 1272 1252
f 1273 1255 1256
f 1274 1259 1257
f 1273 1174 1255
f 1273 1275 1174
f 1275 1192 1174
f 1274 1257 1260
f 1276 1278 1277
f 1279 1276 1277
f 1177 1193 1261
f 1193 1179 1261
f 1181 1195 1262
f 1195 1196 1262
f 1196 1281 1262
f 1281 1264 1262
f 1281 1196 1280
f 1282 1283 1280
f 1282 1280 1196
f 1265 1282 1196
f 1184 1265 1196
f 1267 1282 1265
f 1200 1284 1199
f 1201 1199 1284
f 1286 1285 1287
f 1288 1285 1286
f 1269 1289 1271
f 1202 1290 1291
f 1202 1291 1289
f 1188 1202 1289
f 1269 1188 1289
f 1204 1290 1202
f 1292 1293 1208
f 1292 1208 1207
f 1207 1294 1292
f 1210 1294 1207
f 1210 1192 1294
f 1294 1192 1275
f 1276 1295 1278
f 1279 1295 1276
f 1280 1296 1281
f 1283 1296 1280
f 1284 1200 1297
f 1297 1200 1212
f 1297 1213 1284
f 1213 1201 1284
f 1298 1287 1285
f 1288 1298 1285
f 1300 1299 1301
f 1303 1302 1300
f 1300 1302 1299
f 1291 1290 1303
f 1290 1302 1303
f 1290 1304 1302
f 1215 1304 1290
f 1215 1290 1204
f 1305 1306 1307
f 1306 1305 1217
f 1216 1306 1217
f 1308 1306 1216
f 1216 1208 1308
f 1308 1208 1293
f 1212 1218 1297
f 1218 1213 1297
f 1299 1309 1301
f 1309 1299 1311
f 1299 1310 1311
f 1299 1302 1310
f 1304 1310 1302
f 1312 1310 1304
f 1314 1215 1220
f 1313 1314 1220
f 1314 1304 1215
f 1312 1314 1315
f 1314 1312 1304
f 1222 1221 1305
f 1222 1305 1307
f 1313 1222 1307
f 1314 1313 1307
f 1221 1217 1305
f 1310 1316 1311
f 1312 1317 1310
f 1310 1317 1316
f 1315 1317 1312
f 1223 1313 1220
f 1223 1222 1313
f 1225 1318 1224
f 1318 1226 1224
f 1225 1227 1318
f 1227 1226 1318
f 1320 1319 1321
f 1322 1319 1320
f 1319 1323 1321
f 1322 1323 1319
f 1231 1324 1230
f 1324 1232 1230
f 1326 1325 1327
f 1328 1325 1326
f 1330 1329 1331
f 1330 1332 1329
f 1332 1231 1329
f 1231 1234 1329
f 1231 1332 1324
f 1333 1235 1334
f 1334 1235 1332
f 1235 1232 1332
f 1232 1324 1332
f 1333 1236 1235
f 1325 1335 1327
f 1335 1325 1328
f 1336 1338 1337
f 1339 1336 1337
f 1329 1340 1331
f 1234 1237 1329
f 1237 1342 1329
f 1342 1340 1329
f 1237 1341 1342
f 1333 1334 1342
f 1341 1333 1342
f 1343 1333 1341
f 1343 1239 1333
f 1333 1239 1236
f 1242 1344 1241
f 1344 1244 1241
f 1336 1345 1338
f 1339 1345 1336
f 1341 1237 1346
f 1346 1237 1245
f 1346 1343 1341
f 1346 1347 1343
f 1239 1343 1246
f 1343 1348 1246
f 1343 1347 1348
f 1350 1349 1348
f 1349 1246 1348
f 1349 1247 1246
f 1351 1249 1352
f 1249 1349 1352
f 1249 1247 1349
f 1351 1250 1249
f 1354 1353 1355
f 1357 1356 1354
f 1354 1356 1353
f 1356 1357 1252
f 1357 1251 1252
f 1357 1358 1251
f 1251 1358 1242
f 1358 1359 1242
f 1359 1344 1242
f 1358 1360 1359
f 1244 1344 1253
f 1344 1361 1253
f 1344 1359 1361
f 1253 1361 1254
f 1254 1361 1362
f 1362 1256 1254
f 1259 1363 1258
f 1260 1258 1363
f 1365 1364 1366
f 1367 1364 1365
f 1245 1263 1346
f 1347 1346 1368
f 1346 1264 1368
f 1264 1369 1368
f 1346 1263 1264
f 1370 1348 1347
f 1370 1347 1368
f 1370 1350 1348
f 1266 1371 1267
f 1352 1372 1371
f 1268 1352 1371
f 1266 1268 1371
f 1351 1352 1268
f 1268 1250 1351
f 1374 1373 1375
f 1376 1373 1374
f 1378 1355 1353
f 1271 1377 1270
f 1379 1272 1270
f 1377 1379 1270
f 1379 1356 1272
f 1353 1379 1378
f 1379 1353 1356
f 1252 1272 1356
f 1359 1360 1381
f 1359 1381 1380
f 1380 1361 1359
f 1380 1382 1361
f 1382 1362 1361
f 1382 1383 1362
f 1256 1362 1273
f 1362 1384 1273
f 1362 1383 1384
f 1274 1363 1259
f 1384 1275 1273
f 1274 1260 1363
f 1386 1366 1364
f 1385 1277 1278
f 1364 1367 1386
f 1279 1277 1385
f 1264 1387 1369
f 1264 1281 1387
f 1388 1283 1282
f 1389 1390 1388
f 1389 1388 1282
f 1371 1389 1282
f 1267 1371 1282
f 1372 1389 1371
f 1375 1373 1392
f 1392 1373 1391
f 1393 1391 1376
f 1376 1391 1373
f 1287 1394 1286
f 1394 1288 1286
f 1271 1289 1377
f 1379 1377 1289
f 1291 1379 1289
f 1395 1379 1291
f 1396 1397 1398
f 1380 1381 1397
f 1396 1380 1397
f 1399 1380 1396
f 1399 1382 1380
f 1399 1400 1382
f 1292 1383 1293
f 1383 1400 1293
f 1383 1382 1400
f 1383 1292 1384
f 1384 1292 1294
f 1294 1275 1384
f 1278 1295 1385
f 1295 1279 1385
f 1401 1402 1296
f 1402 1281 1296
f 1402 1387 1281
f 1403 1404 1401
f 1403 1401 1296
f 1388 1403 1296
f 1283 1388 1296
f 1390 1403 1388
f 1391 1405 1392
f 1393 1405 1391
f 1287 1298 1394
f 1298 1288 1394
f 1301 1406 1300
f 1300 1406 1303
f 1303 1406 1407
f 1291 1303 1407
f 1408 1291 1407
f 1395 1291 1408
f 1409 1396 1398
f 1410 1307 1409
f 1307 1399 1409
f 1399 1396 1409
f 1399 1307 1306
f 1399 1306 1400
f 1400 1306 1308
f 1308 1293 1400
f 1401 1411 1402
f 1404 1411 1401
f 1301 1309 1406
f 1407 1406 1412
f 1406 1311 1412
f 1311 1413 1412
f 1406 1309 1311
f 1407 1412 1416
f 1414 1407 1416
f 1407 1415 1408
f 1407 1414 1415
f 1415 1414 1315
f 1314 1415 1315
f 1417 1415 1314
f 1314 1307 1417
f 1417 1307 1410
f 1418 1419 1316
f 1419 1311 1316
f 1419 1413 1311
f 1416 1420 1418
f 1317 1416 1418
f 1316 1317 1418
f 1414 1416 1317
f 1317 1315 1414
f 1418 1421 1419
f 1420 1421 1418
f 1321 1422 1320
f 1422 1322 1320
f 1424 1423 1425
f 1426 1423 1424
f 1321 1323 1422
f 1323 1322 1422
f 1326 1327 1423
f 1327 1425 1423
f 1327 1427 1425
f 1428 1328 1326
f 1428 1326 1423
f 1429 1428 1423
f 1426 1429 1423
f 1430 1428 1429
f 1432 1431 1433
f 1434 1431 1432
f 1331 1435 1330
f 1330 1435 1332
f 1332 1435 1436
f 1436 1334 1332
f 1437 1438 1335
f 1438 1327 1335
f 1438 1427 1327
f 1428 1337 1338
f 1437 1428 1338
f 1428 1335 1328
f 1428 1437 1335
f 1439 1339 1337
f 1439 1337 1428
f 1440 1439 1428
f 1430 1440 1428
f 1441 1439 1440
f 1431 1442 1433
f 1434 1442 1431
f 1331 1340 1435
f 1435 1340 1436
f 1436 1340 1342
f 1342 1334 1436
f 1437 1443 1438
f 1338 1345 1437
f 1345 1443 1437
f 1345 1444 1443
f 1444 1345 1339
f 1445 1444 1339
f 1439 1445 1339
f 1446 1444 1445
f 1447 1445 1441
f 1441 1445 1439
f 1449 1448 1350
f 1350 1448 1349
f 1448 1450 1349
f 1349 1450 1352
f 1355 1451 1354
f 1354 1451 1357
f 1357 1451 1452
f 1357 1452 1358
f 1358 1452 1453
f 1453 1360 1358
f 1366 1454 1365
f 1454 1367 1365
f 1445 1455 1446
f 1447 1455 1445
f 1457 1456 1369
f 1369 1456 1368
f 1458 1368 1456
f 1458 1370 1368
f 1350 1370 1458
f 1350 1458 1449
f 1459 1352 1450
f 1372 1352 1459
f 1461 1460 1375
f 1375 1460 1374
f 1460 1462 1374
f 1374 1462 1376
f 1464 1463 1465
f 1466 1463 1464
f 1355 1378 1451
f 1452 1451 1467
f 1451 1379 1467
f 1379 1468 1467
f 1451 1378 1379
f 1469 1453 1452
f 1469 1452 1467
f 1469 1470 1453
f 1470 1360 1453
f 1470 1381 1360
f 1366 1386 1454
f 1386 1367 1454
f 1369 1471 1457
f 1369 1387 1471
f 1472 1473 1390
f 1472 1390 1389
f 1389 1372 1472
f 1472 1372 1459
f 1475 1461 1474
f 1461 1392 1474
f 1461 1375 1392
f 1474 1393 1475
f 1393 1462 1475
f 1393 1376 1462
f 1463 1476 1465
f 1466 1476 1463
f 1478 1468 1477
f 1468 1395 1477
f 1468 1379 1395
f 1478 1477 1398
f 1397 1478 1398
f 1479 1478 1397
f 1397 1381 1479
f 1479 1381 1470
f 1481 1471 1480
f 1471 1402 1480
f 1471 1387 1402
f 1481 1480 1404
f 1403 1481 1404
f 1482 1481 1403
f 1403 1390 1482
f 1482 1390 1473
f 1392 1405 1474
f 1405 1393 1474
f 1477 1395 1483
f 1395 1484 1483
f 1395 1408 1484
f 1409 1398 1477
f 1483 1409 1477
f 1485 1409 1483
f 1485 1486 1409
f 1409 1486 1410
f 1402 1411 1480
f 1411 1404 1480
f 1413 1487 1412
f 1488 1484 1415
f 1484 1408 1415
f 1487 1416 1412
f 1415 1489 1488
f 1417 1489 1415
f 1417 1410 1489
f 1489 1410 1486
f 1487 1413 1490
f 1413 1491 1490
f 1413 1419 1491
f 1490 1492 1487
f 1492 1416 1487
f 1492 1420 1416
f 1419 1421 1491
f 1491 1421 1493
f 1421 1420 1493
f 1493 1420 1492
f 1495 1494 1496
f 1497 1494 1495
f 1494 1498 1496
f 1497 1498 1494
f 1500 1499 1501
f 1502 1499 1500
f 1499 1503 1501
f 1502 1503 1499
f 1505 1504 1425
f 1425 1504 1424
f 1426 1424 1506
f 1424 1507 1506
f 1424 1504 1507
f 1508 1506 1507
f 1425 1509 1505
f 1425 1427 1509
f 1512 1510 1429
f 1426 1512 1429
f 1512 1506 1511
f 1512 1426 1506
f 1508 1511 1506
f 1430 1429 1510
f 1513 1515 1514
f 1517 1516 1514
f 1514 1516 1513
f 1519 1518 1517
f 1517 1518 1516
f 1518 1519 1433
f 1519 1432 1433
f 1519 1520 1432
f 1520 1521 1432
f 1432 1521 1434
f 1427 1522 1509
f 1427 1438 1522
f 1523 1510 1512
f 1523 1515 1513
f 1440 1523 1513
f 1523 1430 1510
f 1523 1440 1430
f 1524 1441 1440
f 1513 1524 1440
f 1516 1524 1513
f 1526 1524 1525
f 1524 1518 1525
f 1524 1516 1518
f 1433 1442 1518
f 1442 1525 1518
f 1442 1527 1525
f 1442 1434 1527
f 1527 1434 1521
f 1529 1528 1530
f 1532 1531 1529
f 1529 1531 1528
f 1533 1531 1532
f 1534 1535 1443
f 1535 1438 1443
f 1535 1522 1438
f 1534 1443 1444
f 1534 1444 1536
f 1446 1536 1444
f 1441 1524 1537
f 1441 1537 1447
f 1538 1537 1526
f 1526 1537 1524
f 1540 1539 1541
f 1543 1542 1540
f 1540 1542 1539
f 1544 1542 1543
f 1448 1449 1528
f 1449 1530 1528
f 1449 1545 1530
f 1546 1450 1448
f 1528 1546 1448
f 1531 1546 1528
f 1548 1547 1533
f 1547 1531 1533
f 1547 1546 1531
f 1550 1549 1548
f 1548 1549 1547
f 1551 1549 1550
f 1535 1534 1553
f 1553 1534 1552
f 1536 1552 1534
f 1554 1552 1536
f 1554 1536 1446
f 1555 1554 1446
f 1455 1555 1446
f 1554 1555 1556
f 1537 1557 1447
f 1557 1455 1447
f 1557 1555 1455
f 1538 1557 1537
f 1539 1558 1541
f 1457 1559 1558
f 1542 1457 1558
f 1539 1542 1558
f 1457 1542 1456
f 1456 1542 1544
f 1560 1456 1544
f 1458 1456 1560
f 1561 1458 1560
f 1563 1561 1560
f 1561 1449 1458
f 1545 1561 1562
f 1561 1545 1449
f 1564 1562 1561
f 1450 1564 1561
f 1459 1450 1561
f 1564 1450 1546
f 1547 1565 1546
f 1546 1565 1564
f 1565 1547 1567
f 1547 1549 1567
f 1461 1566 1460
f 1549 1551 1567
f 1462 1460 1566
f 1465 1568 1464
f 1466 1464 1568
f 1570 1569 1571
f 1572 1569 1570
f 1468 1573 1467
f 1467 1573 1469
f 1469 1573 1574
f 1574 1470 1469
f 1552 1575 1553
f 1554 1576 1552
f 1552 1576 1575
f 1556 1576 1554
f 1457 1577 1559
f 1457 1471 1577
f 1473 1472 1561
f 1563 1473 1561
f 1578 1473 1563
f 1472 1459 1561
f 1461 1475 1566
f 1475 1462 1566
f 1465 1476 1568
f 1569 1579 1571
f 1476 1466 1568
f 1572 1579 1569
f 1580 1582 1581
f 1468 1478 1573
f 1584 1580 1581
f 1583 1580 1584
f 1574 1573 1478
f 1479 1574 1478
f 1479 1470 1574
f 1585 1583 1584
f 1471 1481 1577
f 1577 1481 1586
f 1481 1587 1586
f 1482 1587 1481
f 1482 1473 1587
f 1587 1473 1578
f 1483 1484 1580
f 1484 1582 1580
f 1484 1588 1582
f 1483 1580 1583
f 1483 1583 1485
f 1583 1585 1485
f 1585 1486 1485
f 1585 1589 1486
f 1484 1488 1588
f 1588 1488 1590
f 1488 1591 1590
f 1489 1591 1488
f 1489 1486 1591
f 1591 1486 1589
f 1491 1592 1490
f 1592 1492 1490
f 1491 1493 1592
f 1493 1492 1592
f 1496 1593 1495
f 1593 1497 1495
f 1496 1498 1593
f 1498 1497 1593
f 1501 1594 1500
f 1594 1502 1500
f 1501 1503 1594
f 1503 1502 1594
f 1596 1595 1597
f 1598 1595 1596
f 1597 1595 1600
f 1600 1595 1599
f 1602 1601 1598
f 1601 1595 1598
f 1601 1599 1595
f 1603 1601 1602
f 1605 1604 1606
f 1608 1607 1605
f 1605 1607 1604
f 1609 1607 1608
f 1504 1505 1599
f 1505 1600 1599
f 1505 1610 1600
f 1613 1599 1601
f 1612 1613 1601
f 1613 1504 1599
f 1507 1613 1611
f 1613 1507 1504
f 1603 1612 1601
f 1508 1507 1611
f 1614 1616 1615
f 1606 1604 1615
f 1604 1614 1615
f 1604 1617 1614
f 1607 1617 1604
f 1618 1617 1607
f 1620 1619 1609
f 1619 1607 1609
f 1619 1618 1607
f 1621 1619 1620
f 1505 1622 1610
f 1505 1509 1622
f 1613 1624 1623
f 1512 1613 1623
f 1613 1511 1611
f 1613 1512 1511
f 1614 1514 1616
f 1514 1515 1616
f 1515 1624 1616
f 1624 1515 1623
f 1511 1508 1611
f 1514 1614 1617
f 1514 1617 1517
f 1517 1617 1618
f 1517 1618 1519
f 1519 1618 1619
f 1519 1619 1520
f 1619 1621 1520
f 1621 1521 1520
f 1621 1625 1521
f 1509 1626 1622
f 1509 1522 1626
f 1523 1512 1623
f 1515 1523 1623
f 1627 1526 1525
f 1628 1629 1627
f 1525 1628 1627
f 1527 1628 1525
f 1527 1521 1628
f 1628 1521 1625
f 1631 1630 1632
f 1634 1633 1631
f 1631 1633 1630
f 1633 1634 1530
f 1634 1529 1530
f 1634 1635 1529
f 1636 1529 1635
f 1636 1532 1529
f 1533 1532 1637
f 1532 1638 1637
f 1532 1636 1638
f 1639 1637 1638
f 1522 1640 1626
f 1522 1535 1640
f 1526 1627 1641
f 1526 1641 1538
f 1642 1641 1629
f 1629 1641 1627
f 1541 1643 1540
f 1540 1643 1543
f 1643 1644 1543
f 1632 1630 1645
f 1633 1646 1630
f 1646 1645 1630
f 1544 1543 1644
f 1647 1646 1633
f 1530 1647 1633
f 1545 1647 1530
f 1548 1533 1637
f 1550 1548 1637
f 1649 1550 1637
f 1639 1649 1637
f 1550 1649 1648
f 1648 1551 1550
f 1651 1640 1650
f 1640 1553 1650
f 1640 1535 1553
f 1652 1653 1651
f 1652 1651 1650
f 1653 1652 1556
f 1555 1653 1556
f 1654 1653 1555
f 1555 1655 1654
f 1557 1655 1555
f 1641 1656 1538
f 1656 1557 1538
f 1656 1655 1557
f 1642 1656 1641
f 1541 1558 1643
f 1644 1643 1657
f 1643 1559 1657
f 1559 1658 1657
f 1643 1558 1559
f 1560 1544 1644
f 1657 1560 1644
f 1659 1560 1657
f 1660 1647 1545
f 1562 1660 1545
f 1660 1659 1647
f 1560 1660 1563
f 1660 1560 1659
f 1661 1662 1660
f 1562 1661 1660
f 1564 1661 1562
f 1564 1663 1661
f 1565 1663 1564
f 1649 1663 1648
f 1663 1567 1648
f 1663 1565 1567
f 1567 1551 1648
f 1571 1664 1570
f 1572 1570 1664
f 1666 1665 1667
f 1668 1665 1666
f 1553 1575 1650
f 1650 1575 1652
f 1652 1575 1576
f 1576 1556 1652
f 1670 1658 1669
f 1658 1577 1669
f 1658 1559 1577
f 1669 1671 1670
f 1563 1660 1672
f 1673 1563 1672
f 1578 1563 1673
f 1662 1672 1660
f 1571 1579 1664
f 1674 1675 1665
f 1675 1667 1665
f 1579 1572 1664
f 1676 1581 1668
f 1581 1674 1668
f 1674 1665 1668
f 1581 1582 1674
f 1677 1581 1676
f 1677 1584 1581
f 1677 1678 1584
f 1584 1678 1585
f 1577 1586 1669
f 1669 1586 1671
f 1586 1679 1671
f 1586 1587 1679
f 1587 1578 1679
f 1679 1578 1673
f 1674 1680 1675
f 1681 1680 1674
f 1582 1681 1674
f 1588 1681 1582
f 1682 1585 1678
f 1589 1585 1682
f 1588 1590 1681
f 1681 1590 1683
f 1590 1684 1683
f 1591 1684 1590
f 1591 1589 1684
f 1684 1589 1682
f 1597 1685 1596
f 1685 1598 1596
f 1685 1597 1686
f 1597 1687 1686
f 1597 1600 1687
f 1602 1598 1685
f 1686 1602 1685
f 1688 1602 1686
f 1603 1602 1689
f 1602 1690 1689
f 1602 1688 1690
f 1689 1690 1606
f 1690 1605 1606
f 1690 1691 1605
f 1692 1605 1691
f 1692 1608 1605
f 1692 1693 1608
f 1608 1693 1609
f 1600 1694 1687
f 1600 1610 1694
f 1695 1613 1612
f 1689 1615 1616
f 1695 1689 1616
f 1689 1612 1603
f 1689 1695 1612
f 1606 1615 1689
f 1620 1609 1693
f 1620 1693 1696
f 1696 1697 1620
f 1620 1697 1621
f 1610 1698 1694
f 1610 1622 1698
f 1624 1613 1695
f 1616 1624 1695
f 1697 1700 1699
f 1625 1697 1699
f 1621 1697 1625
f 1701 1699 1700
f 1622 1702 1698
f 1622 1626 1702
f 1703 1629 1628
f 1703 1628 1625
f 1699 1703 1625
f 1704 1703 1699
f 1705 1704 1701
f 1701 1704 1699
f 1632 1706 1631
f 1631 1706 1634
f 1634 1706 1707
f 1634 1707 1635
f 1635 1707 1708
f 1635 1708 1636
f 1636 1708 1709
f 1636 1709 1638
f 1638 1709 1710
f 1710 1639 1638
f 1626 1711 1702
f 1626 1640 1711
f 1629 1703 1712
f 1629 1712 1642
f 1714 1712 1713
f 1712 1704 1713
f 1712 1703 1704
f 1705 1713 1704
f 1632 1645 1706
f 1706 1645 1707
f 1707 1645 1646
f 1708 1707 1715
f 1707 1647 1715
f 1647 1716 1715
f 1707 1646 1647
f 1717 1709 1708
f 1717 1708 1715
f 1709 1717 1719
f 1718 1709 1719
f 1710 1709 1718
f 1718 1649 1710
f 1710 1649 1639
f 1640 1651 1711
f 1711 1651 1720
f 1651 1721 1720
f 1653 1721 1651
f 1653 1722 1721
f 1654 1722 1653
f 1654 1723 1722
f 1655 1723 1654
f 1655 1724 1723
f 1656 1724 1655
f 1712 1725 1642
f 1725 1656 1642
f 1725 1724 1656
f 1714 1725 1712
f 1658 1726 1657
f 1728 1727 1726
f 1727 1657 1726
f 1727 1659 1657
f 1647 1659 1727
f 1647 1727 1716
f 1729 1662 1661
f 1719 1730 1729
f 1663 1719 1729
f 1661 1663 1729
f 1718 1719 1663
f 1663 1649 1718
f 1732 1731 1667
f 1667 1731 1666
f 1731 1733 1666
f 1666 1733 1668
f 1658 1670 1726
f 1728 1726 1670
f 1671 1728 1670
f 1734 1728 1671
f 1735 1736 1673
f 1735 1673 1672
f 1729 1737 1662
f 1737 1672 1662
f 1737 1735 1672
f 1730 1737 1729
f 1667 1738 1732
f 1667 1675 1738
f 1676 1668 1733
f 1676 1733 1739
f 1740 1676 1739
f 1740 1677 1676
f 1678 1677 1741
f 1677 1742 1741
f 1677 1740 1742
f 1743 1741 1742
f 1671 1679 1734
f 1734 1679 1744
f 1679 1673 1744
f 1744 1673 1736
f 1675 1680 1738
f 1738 1680 1745
f 1680 1681 1746
f 1747 1680 1746
f 1745 1680 1747
f 1748 1749 1747
f 1748 1747 1746
f 1750 1749 1748
f 1678 1750 1748
f 1682 1678 1748
f 1750 1678 1741
f 1743 1750 1741
f 1681 1683 1746
f 1746 1683 1748
f 1748 1683 1684
f 1684 1682 1748
f 1752 1751 1753
f 1754 1751 1752
f 1753 1751 1756
f 1756 1751 1755
f 1758 1757 1754
f 1757 1751 1754
f 1757 1755 1751
f 1759 1757 1758
f 1756 1755 1761
f 1761 1755 1760
f 1757 1760 1755
f 1762 1760 1757
f 1763 1762 1759
f 1759 1762 1757
f 1760 1764 1761
f 1762 1765 1760
f 1760 1765 1764
f 1763 1765 1762
f 1767 1766 1687
f 1687 1766 1686
f 1768 1688 1769
f 1688 1766 1769
f 1688 1686 1766
f 1688 1768 1690
f 1690 1768 1770
f 1690 1770 1691
f 1691 1770 1771
f 1691 1771 1692
f 1692 1771 1772
f 1772 1693 1692
f 1687 1773 1767
f 1687 1694 1773
f 1774 1768 1769
f 1775 1770 1768
f 1775 1768 1774
f 1776 1771 1770
f 1776 1770 1775
f 1777 1772 1771
f 1777 1771 1776
f 1696 1693 1772
f 1777 1696 1772
f 1778 1696 1777
f 1778 1779 1696
f 1696 1779 1697
f 1694 1780 1773
f 1694 1698 1780
f 1700 1697 1779
f 1700 1779 1781
f 1781 1782 1700
f 1700 1782 1701
f 1698 1783 1780
f 1698 1702 1783
f 1784 1701 1782
f 1705 1701 1784
f 1702 1785 1783
f 1702 1711 1785
f 1786 1787 1714
f 1786 1714 1713
f 1713 1705 1786
f 1786 1705 1784
f 1789 1788 1790
f 1791 1788 1789
f 1716 1792 1715
f 1715 1792 1717
f 1717 1792 1793
f 1793 1719 1717
f 1795 1794 1796
f 1797 1794 1795
f 1799 1798 1800
f 1801 1798 1799
f 1711 1720 1785
f 1785 1720 1802
f 1720 1803 1802
f 1721 1803 1720
f 1721 1804 1803
f 1722 1804 1721
f 1722 1805 1804
f 1723 1805 1722
f 1723 1806 1805
f 1724 1806 1723
f 1724 1807 1806
f 1725 1807 1724
f 1725 1714 1807
f 1807 1714 1787
f 1790 1788 1809
f 1809 1788 1808
f 1810 1808 1791
f 1791 1808 1788
f 1812 1811 1728
f 1728 1811 1727
f 1813 1792 1716
f 1727 1813 1716
f 1811 1813 1727
f 1814 1793 1792
f 1814 1792 1813
f 1814 1815 1793
f 1815 1719 1793
f 1815 1730 1719
f 1732 1816 1731
f 1796 1794 1818
f 1794 1817 1818
f 1731 1816 1733
f 1819 1817 1797
f 1797 1817 1794
f 1798 1820 1800
f 1801 1820 1798
f 1822 1821 1823
f 1825 1821 1822
f 1808 1824 1809
f 1810 1824 1808
f 1827 1812 1826
f 1812 1734 1826
f 1812 1728 1734
f 1827 1826 1736
f 1735 1827 1736
f 1828 1827 1735
f 1735 1829 1828
f 1737 1829 1735
f 1737 1730 1829
f 1730 1815 1829
f 1830 1832 1831
f 1833 1830 1831
f 1816 1732 1834
f 1834 1732 1738
f 1739 1835 1818
f 1817 1739 1818
f 1739 1834 1835
f 1816 1739 1733
f 1739 1816 1834
f 1740 1739 1817
f 1837 1740 1817
f 1819 1837 1817
f 1740 1837 1836
f 1740 1836 1742
f 1742 1836 1838
f 1838 1743 1742
f 1821 1839 1823
f 1839 1821 1825
f 1840 1842 1841
f 1843 1840 1841
f 1734 1744 1826
f 1744 1736 1826
f 1830 1844 1832
f 1833 1844 1830
f 1738 1745 1834
f 1834 1745 1835
f 1745 1845 1835
f 1745 1747 1845
f 1837 1845 1836
f 1845 1749 1836
f 1845 1747 1749
f 1836 1749 1838
f 1838 1749 1750
f 1750 1743 1838
f 1840 1846 1842
f 1843 1846 1840
f 1848 1847 1753
f 1753 1847 1752
f 1847 1849 1752
f 1752 1849 1754
f 1753 1850 1848
f 1753 1756 1850
f 1758 1754 1849
f 1758 1849 1851
f 1759 1758 1852
f 1758 1853 1852
f 1758 1851 1853
f 1854 1852 1853
f 1756 1855 1850
f 1756 1761 1855
f 1759 1852 1856
f 1759 1856 1763
f 1857 1856 1854
f 1854 1856 1852
f 1761 1764 1855
f 1855 1764 1858
f 1765 1859 1860
f 1858 1765 1860
f 1764 1765 1858
f 1861 1862 1859
f 1861 1859 1765
f 1856 1861 1765
f 1763 1856 1765
f 1857 1861 1856
f 1859 1863 1860
f 1862 1863 1859
f 1767 1864 1766
f 1864 1769 1766
f 1864 1767 1865
f 1767 1866 1865
f 1767 1773 1866
f 1774 1769 1864
f 1865 1774 1864
f 1867 1774 1865
f 1868 1774 1867
f 1868 1775 1774
f 1869 1775 1868
f 1869 1776 1775
f 1870 1776 1869
f 1870 1777 1776
f 1871 1778 1872
f 1778 1870 1872
f 1778 1777 1870
f 1871 1779 1778
f 1773 1873 1866
f 1773 1780 1873
f 1874 1871 1872
f 1781 1779 1871
f 1874 1781 1871
f 1875 1781 1874
f 1875 1876 1781
f 1781 1876 1782
f 1780 1877 1873
f 1780 1783 1877
f 1876 1879 1878
f 1784 1876 1878
f 1782 1876 1784
f 1881 1880 1879
f 1879 1880 1878
f 1883 1882 1881
f 1881 1882 1880
f 1885 1884 1883
f 1883 1884 1882
f 1886 1884 1885
f 1783 1887 1877
f 1783 1785 1887
f 1888 1787 1786
f 1888 1786 1784
f 1878 1888 1784
f 1889 1888 1878
f 1880 1889 1878
f 1890 1889 1880
f 1882 1890 1880
f 1891 1890 1882
f 1884 1789 1790
f 1891 1884 1790
f 1882 1884 1891
f 1892 1791 1789
f 1892 1789 1884
f 1893 1892 1884
f 1886 1893 1884
f 1895 1894 1893
f 1893 1894 1892
f 1896 1894 1895
f 1796 1897 1795
f 1897 1797 1795
f 1800 1898 1799
f 1898 1801 1799
f 1785 1802 1887
f 1887 1802 1899
f 1802 1900 1899
f 1803 1900 1802
f 1803 1901 1900
f 1804 1901 1803
f 1804 1902 1901
f 1805 1902 1804
f 1805 1903 1902
f 1806 1903 1805
f 1806 1904 1903
f 1807 1904 1806
f 1888 1905 1787
f 1905 1807 1787
f 1905 1904 1807
f 1889 1906 1888
f 1888 1906 1905
f 1906 1889 1908
f 1889 1907 1908
f 1889 1890 1907
f 1891 1907 1890
f 1909 1907 1891
f 1809 1909 1891
f 1809 1891 1790
f 1791 1892 1910
f 1791 1910 1810
f 1894 1910 1892
f 1911 1910 1894
f 1912 1911 1896
f 1896 1911 1894
f 1812 1913 1811
f 1811 1913 1813
f 1813 1913 1914
f 1813 1914 1814
f 1814 1914 1915
f 1815 1814 1915
f 1917 1916 1918
f 1919 1916 1917
f 1897 1796 1920
f 1796 1921 1920
f 1796 1818 1921
f 1920 1922 1897
f 1922 1797 1897
f 1922 1819 1797
f 1800 1820 1898
f 1820 1801 1898
f 1907 1923 1908
f 1823 1924 1923
f 1909 1823 1923
f 1907 1909 1923
f 1823 1909 1822
f 1909 1926 1825
f 1822 1909 1825
f 1909 1925 1926
f 1824 1909 1809
f 1909 1824 1925
f 1910 1927 1810
f 1927 1824 1810
f 1927 1925 1824
f 1911 1928 1910
f 1910 1928 1927
f 1912 1928 1911
f 1812 1827 1913
f 1913 1827 1914
f 1914 1827 1828
f 1914 1828 1915
f 1828 1829 1915
f 1931 1930 1929
f 1916 1831 1918
f 1831 1832 1918
f 1832 1930 1918
f 1930 1832 1929
f 1829 1815 1915
f 1932 1833 1831
f 1932 1831 1916
f 1933 1932 1916
f 1919 1933 1916
f 1934 1932 1933
f 1936 1935 1937
f 1940 1935 1936
f 1835 1939 1921
f 1818 1835 1921
f 1938 1939 1835
f 1938 1837 1939
f 1837 1922 1939
f 1837 1819 1922
f 1823 1839 1924
f 1924 1839 1941
f 1926 1941 1825
f 1941 1839 1825
f 1942 1841 1842
f 1942 1843 1841
f 1929 1943 1931
f 1832 1844 1929
f 1844 1943 1929
f 1844 1944 1943
f 1932 1945 1833
f 1945 1844 1833
f 1945 1944 1844
f 1934 1945 1932
f 1935 1946 1937
f 1940 1946 1935
f 1845 1938 1835
f 1845 1837 1938
f 1842 1846 1942
f 1846 1843 1942
f 1948 1947 1949
f 1950 1947 1948
f 1947 1951 1949
f 1950 1951 1947
f 1848 1952 1847
f 1952 1849 1847
f 1952 1848 1953
f 1848 1954 1953
f 1848 1850 1954
f 1851 1849 1952
f 1953 1851 1952
f 1955 1851 1953
f 1956 1851 1955
f 1956 1853 1851
f 1854 1853 1957
f 1853 1958 1957
f 1853 1956 1958
f 1959 1957 1958
f 1850 1960 1954
f 1850 1855 1960
f 1854 1957 1961
f 1962 1854 1961
f 1857 1854 1962
f 1959 1961 1957
f 1963 1964 1858
f 1964 1855 1858
f 1964 1960 1855
f 1860 1963 1858
f 1965 1966 1862
f 1965 1862 1861
f 1861 1857 1965
f 1965 1857 1962
f 1963 1967 1964
f 1860 1863 1963
f 1863 1967 1963
f 1863 1968 1967
f 1863 1862 1968
f 1968 1862 1966
f 1970 1969 1866
f 1866 1969 1865
f 1971 1865 1969
f 1971 1867 1865
f 1972 1867 1971
f 1972 1868 1867
f 1973 1868 1972
f 1973 1869 1868
f 1974 1870 1975
f 1870 1973 1975
f 1870 1869 1973
f 1974 1872 1870
f 1866 1976 1970
f 1866 1873 1976
f 1977 1974 1975
f 1874 1872 1974
f 1977 1874 1974
f 1978 1874 1977
f 1979 1874 1978
f 1979 1875 1874
f 1876 1875 1980
f 1875 1981 1980
f 1875 1979 1981
f 1982 1980 1981
f 1873 1983 1976
f 1873 1877 1983
f 1879 1876 1980
f 1879 1980 1982
f 1984 1879 1982
f 1881 1879 1984
f 1985 1881 1984
f 1985 1883 1881
f 1986 1883 1985
f 1986 1885 1883
f 1986 1987 1885
f 1885 1987 1886
f 1877 1988 1983
f 1877 1887 1988
f 1893 1886 1987
f 1893 1987 1989
f 1990 1895 1991
f 1895 1989 1991
f 1895 1893 1989
f 1990 1896 1895
f 1887 1899 1988
f 1988 1899 1992
f 1899 1993 1992
f 1900 1993 1899
f 1900 1994 1993
f 1901 1994 1900
f 1901 1995 1994
f 1902 1995 1901
f 1902 1996 1995
f 1903 1996 1902
f 1903 1997 1996
f 1904 1997 1903
f 1905 1998 1999
f 1997 1905 1999
f 1904 1905 1997
f 1998 1905 1906
f 1998 1906 2000
f 1908 2000 1906
f 1990 1991 2002
f 1990 2002 2001
f 1896 1990 1912
f 1990 2001 1912
f 2004 2003 2005
f 2006 2003 2004
f 1918 2007 1917
f 2007 1919 1917
f 1921 2008 1920
f 2008 1922 1920
f 1998 2009 1999
f 2000 2010 1998
f 1998 2010 2009
f 1908 1923 2000
f 1923 2010 2000
f 1923 2011 2010
f 2012 2011 1923
f 2012 1923 1924
f 2013 1926 1925
f 2014 2015 2013
f 1925 2014 2013
f 1927 2014 1925
f 2002 2014 2001
f 2014 1928 2001
f 2014 1927 1928
f 2003 2016 2005
f 1928 1912 2001
f 2006 2016 2003
f 1931 2017 1930
f 2019 2018 2017
f 2017 2018 1930
f 2018 2007 1930
f 2007 1918 1930
f 1933 1919 2007
f 2018 1933 2007
f 2020 1933 2018
f 2020 2021 1933
f 1933 2021 1934
f 2023 2022 1937
f 1937 2022 1936
f 2022 2024 1936
f 2024 1940 1936
f 2008 1921 1939
f 1939 1922 2008
f 1924 1941 2012
f 2012 1941 2025
f 2013 2026 1926
f 2026 1941 1926
f 2026 2025 1941
f 2015 2026 2013
f 1931 1943 2017
f 2017 1943 2019
f 1943 2027 2019
f 1943 1944 2027
f 1945 2028 2029
f 2027 1945 2029
f 1944 1945 2027
f 1934 2021 2031
f 2028 1934 2031
f 2030 2028 2031
f 1934 2028 1945
f 2032 2030 2031
f 1937 1946 2023
f 2023 1946 2033
f 1946 1940 2033
f 2033 1940 2024
f 2028 2034 2029
f 2030 2035 2028
f 2028 2035 2034
f 2032 2035 2030
f 1949 2036 1948
f 2036 1950 1948
f 1949 1951 2036
f 1951 1950 2036
f 2038 2037 2039
f 2040 2037 2038
f 2037 2041 2039
f 2040 2041 2037
f 2043 2042 2044
f 2046 2045 2043
f 2043 2045 2042
f 2048 2047 2046
f 2046 2047 2045
f 2049 2047 2048
f 1954 2050 1953
f 2051 2044 2050
f 2044 1955 2050
f 1955 1953 2050
f 2044 2042 1955
f 1955 2042 2045
f 1955 2045 1956
f 2054 2045 2047
f 2053 2054 2047
f 2054 1956 2045
f 1958 2054 2052
f 2054 1958 1956
f 2047 2049 2053
f 1959 1958 2052
f 2050 1954 2055
f 2055 1954 1960
f 2055 2056 2051
f 2055 2051 2050
f 1962 1961 2052
f 2054 1962 2052
f 2057 1962 2054
f 1961 1959 2052
f 2055 1960 2058
f 2058 1960 1964
f 2059 2060 2056
f 2055 2059 2056
f 2058 2059 2055
f 2060 2059 1966
f 1965 2060 1966
f 2060 2061 2062
f 2060 1965 2061
f 1965 1962 2061
f 1962 2063 2061
f 1962 2057 2063
f 1964 1967 2058
f 2058 1967 2059
f 2059 1967 1968
f 2061 2064 2062
f 1968 1966 2059
f 2063 2064 2061
f 2066 2065 2067
f 2068 2065 2066
f 2067 2065 2070
f 2070 2065 2069
f 2071 2069 2068
f 2068 2069 2065
f 2069 2072 2070
f 2071 2072 2069
f 2074 2073 1970
f 1970 2073 1969
f 2075 1969 2073
f 2075 1971 1969
f 2076 1972 2077
f 1972 2075 2077
f 1972 1971 2075
f 1972 2076 1973
f 1973 2076 2078
f 2078 1975 1973
f 1970 2079 2074
f 1970 1976 2079
f 2080 2076 2077
f 2081 2078 2076
f 2081 2076 2080
f 2082 1977 2083
f 2083 1977 2081
f 1977 1975 2081
f 1975 2078 2081
f 1977 2082 1978
f 1978 2082 2084
f 1978 2084 1979
f 1979 2084 2085
f 2087 2086 2085
f 2086 1979 2085
f 2086 1981 1979
f 1982 1981 2088
f 1981 2089 2088
f 1981 2086 2089
f 2090 2088 2089
f 2092 2079 2091
f 2079 1983 2091
f 2079 1976 1983
f 2091 2093 2092
f 2094 2082 2083
f 2095 2084 2082
f 2095 2082 2094
f 2096 2085 2084
f 2096 2084 2095
f 2096 2087 2085
f 1984 1982 2088
f 1984 2088 2090
f 2097 1984 2090
f 1985 1984 2097
f 2098 1985 2097
f 2098 1986 1985
f 2098 2099 1986
f 1986 2099 1987
f 2091 1983 2100
f 2100 1983 1988
f 2101 2102 2093
f 2091 2101 2093
f 2100 2101 2091
f 2101 2103 2102
f 1989 1987 2099
f 1989 2099 2104
f 1991 1989 2105
f 1989 2106 2105
f 1989 2104 2106
f 2108 2107 2106
f 2106 2107 2105
f 2109 2107 2108
f 1988 1992 2100
f 2100 1992 2101
f 2101 1992 1993
f 2101 1993 2103
f 1993 2110 2103
f 1993 1994 2110
f 1994 2111 2110
f 1995 2111 1994
f 1995 2112 2111
f 1996 2112 1995
f 1996 2113 2112
f 1997 2113 1996
f 1997 1999 2114
f 2115 1997 2114
f 2113 1997 2115
f 2114 2116 2115
f 1991 2105 2117
f 1991 2117 2002
f 2107 2004 2005
f 2117 2107 2005
f 2105 2107 2117
f 2107 2109 2004
f 2109 2006 2004
f 2109 2118 2006
f 1999 2009 2114
f 2114 2009 2116
f 2009 2119 2116
f 2009 2010 2119
f 2011 2120 2121
f 2119 2011 2121
f 2010 2011 2119
f 2012 2120 2011
f 2122 2015 2014
f 2123 2124 2122
f 2123 2122 2014
f 2117 2123 2014
f 2002 2117 2014
f 2016 2125 2126
f 2016 2126 2123
f 2005 2016 2123
f 2117 2005 2123
f 2006 2118 2128
f 2125 2006 2128
f 2127 2125 2128
f 2006 2125 2016
f 2129 2127 2128
f 2019 2130 2018
f 2018 2130 2020
f 2020 2130 2131
f 2131 2021 2020
f 2023 2132 2022
f 2132 2024 2022
f 2120 2133 2121
f 2012 2025 2120
f 2025 2133 2120
f 2025 2134 2133
f 2025 2135 2134
f 2026 2135 2025
f 2122 2136 2015
f 2136 2026 2015
f 2136 2135 2026
f 2124 2136 2122
f 2125 2137 2126
f 2127 2138 2125
f 2125 2138 2137
f 2129 2138 2127
f 2019 2027 2130
f 2029 2139 2027
f 2139 2130 2027
f 2139 2131 2130
f 2131 2139 2021
f 2139 2140 2021
f 2140 2031 2021
f 2140 2139 2141
f 2140 2142 2031
f 2031 2142 2032
f 2023 2033 2132
f 2033 2024 2132
f 2144 2143 2145
f 2146 2143 2144
f 2029 2034 2139
f 2139 2034 2141
f 2034 2147 2141
f 2034 2035 2147
f 2035 2032 2147
f 2147 2032 2142
f 2145 2143 2149
f 2149 2143 2148
f 2150 2148 2146
f 2146 2148 2143
f 2148 2151 2149
f 2150 2151 2148
f 2153 2152 2039
f 2039 2152 2038
f 2152 2154 2038
f 2038 2154 2040
f 2039 2041 2153
f 2153 2041 2155
f 2041 2040 2155
f 2155 2040 2154
f 2157 2156 2158
f 2160 2159 2157
f 2157 2159 2156
f 2162 2161 2160
f 2160 2161 2159
f 2164 2163 2162
f 2162 2163 2161
f 2165 2163 2164
f 2156 2166 2158
f 2044 2167 2166
f 2159 2044 2166
f 2156 2159 2166
f 2044 2159 2043
f 2043 2159 2161
f 2043 2161 2046
f 2046 2161 2163
f 2046 2163 2048
f 2168 2049 2048
f 2168 2048 2163
f 2169 2168 2163
f 2165 2169 2163
f 2170 2168 2169
f 2044 2171 2167
f 2044 2051 2171
f 2172 2173 2054
f 2172 2054 2053
f 2168 2174 2049
f 2174 2053 2049
f 2174 2172 2053
f 2170 2174 2168
f 2176 2171 2175
f 2171 2056 2175
f 2171 2051 2056
f 2175 2177 2176
f 2178 2054 2173
f 2057 2054 2178
f 2056 2060 2175
f 2177 2175 2060
f 2062 2177 2060
f 2179 2177 2062
f 2180 2057 2178
f 2063 2057 2180
f 2181 2182 2064
f 2182 2062 2064
f 2182 2179 2062
f 2064 2063 2181
f 2063 2183 2181
f 2063 2180 2183
f 2181 2184 2182
f 2183 2184 2181
f 2186 2185 2187
f 2188 2185 2186
f 2066 2067 2185
f 2067 2187 2185
f 2067 2189 2187
f 2185 2188 2066
f 2188 2068 2066
f 2188 2190 2068
f 2067 2191 2189
f 2067 2070 2191
f 2192 2068 2190
f 2071 2068 2192
f 2193 2194 2072
f 2194 2070 2072
f 2194 2191 2070
f 2072 2071 2193
f 2071 2195 2193
f 2071 2192 2195
f 2193 2196 2194
f 2195 2196 2193
f 2074 2197 2073
f 2199 2198 2197
f 2198 2073 2197
f 2198 2075 2073
f 2198 2200 2075
f 2075 2200 2077
f 2197 2074 2201
f 2201 2074 2079
f 2202 2203 2199
f 2197 2202 2199
f 2201 2202 2197
f 2202 2077 2200
f 2203 2202 2200
f 2202 2080 2077
f 2204 2202 2205
f 2202 2204 2080
f 2206 2081 2207
f 2081 2204 2207
f 2081 2080 2204
f 2206 2083 2081
f 2087 2208 2086
f 2086 2208 2089
f 2089 2208 2209
f 2209 2090 2089
f 2079 2092 2201
f 2093 2210 2092
f 2210 2201 2092
f 2210 2202 2201
f 2210 2211 2205
f 2210 2205 2202
f 2212 2206 2207
f 2213 2094 2214
f 2214 2094 2212
f 2094 2083 2212
f 2083 2206 2212
f 2094 2213 2095
f 2095 2213 2215
f 2095 2215 2096
f 2096 2215 2216
f 2218 2217 2216
f 2216 2217 2096
f 2217 2208 2096
f 2208 2087 2096
f 2219 2209 2208
f 2219 2208 2217
f 2220 2097 2221
f 2221 2097 2219
f 2097 2090 2219
f 2090 2209 2219
f 2097 2220 2098
f 2098 2220 2222
f 2099 2098 2222
f 2224 2223 2225
f 2226 2223 2224
f 2093 2102 2210
f 2211 2210 2102
f 2103 2211 2102
f 2227 2211 2103
f 2228 2229 2230
f 2228 2232 2231
f 2213 2228 2231
f 2228 2214 2229
f 2228 2213 2214
f 2233 2215 2213
f 2233 2213 2231
f 2234 2216 2215
f 2234 2215 2233
f 2234 2218 2216
f 2235 2220 2221
f 2236 2222 2220
f 2236 2220 2235
f 2236 2225 2223
f 2104 2236 2223
f 2236 2099 2222
f 2236 2104 2099
f 2104 2223 2226
f 2237 2104 2226
f 2106 2104 2237
f 2238 2106 2237
f 2238 2108 2106
f 2109 2108 2239
f 2108 2240 2239
f 2108 2238 2240
f 2241 2239 2240
f 2103 2110 2227
f 2227 2110 2242
f 2230 2242 2228
f 2242 2111 2228
f 2242 2110 2111
f 2228 2111 2232
f 2111 2243 2232
f 2111 2112 2243
f 2112 2244 2243
f 2113 2244 2112
f 2113 2245 2244
f 2115 2245 2113
f 2246 2245 2115
f 2246 2115 2116
f 2109 2239 2247
f 2109 2247 2118
f 2249 2248 2241
f 2248 2239 2241
f 2248 2247 2239
f 2250 2248 2249
f 2116 2119 2246
f 2246 2119 2251
f 2119 2121 2252
f 2253 2119 2252
f 2251 2119 2253
f 2254 2255 2253
f 2254 2253 2252
f 2256 2257 2255
f 2256 2255 2254
f 2258 2259 2257
f 2258 2257 2256
f 2259 2258 2124
f 2123 2259 2124
f 2259 2260 2261
f 2259 2123 2260
f 2126 2260 2123
f 2128 2118 2247
f 2262 2129 2128
f 2247 2262 2128
f 2248 2262 2247
f 2263 2262 2250
f 2250 2262 2248
f 2265 2264 2266
f 2267 2264 2265
f 2269 2268 2270
f 2272 2271 2269
f 2269 2271 2268
f 2273 2271 2272
f 2121 2133 2252
f 2252 2133 2254
f 2254 2133 2134
f 2254 2134 2256
f 2256 2134 2135
f 2256 2135 2258
f 2258 2135 2136
f 2260 2274 2261
f 2136 2124 2258
f 2126 2137 2260
f 2137 2274 2260
f 2137 2275 2274
f 2137 2276 2275
f 2138 2276 2137
f 2262 2277 2129
f 2277 2138 2129
f 2277 2276 2138
f 2263 2277 2262
f 2264 2278 2266
f 2267 2278 2264
f 2280 2279 2281
f 2270 2268 2280
f 2268 2279 2280
f 2268 2282 2279
f 2141 2283 2140
f 2285 2271 2284
f 2285 2282 2271
f 2282 2268 2271
f 2271 2273 2284
f 2142 2140 2283
f 2287 2286 2288
f 2289 2286 2287
f 2145 2290 2144
f 2290 2146 2144
f 2279 2291 2281
f 2282 2292 2279
f 2279 2292 2291
f 2285 2292 2282
f 2147 2283 2141
f 2147 2142 2283
f 2286 2293 2288
f 2289 2293 2286
f 2290 2145 2294
f 2294 2145 2149
f 2294 2150 2290
f 2290 2150 2146
f 2149 2151 2294
f 2151 2150 2294
f 2153 2295 2152
f 2295 2154 2152
f 2153 2155 2295
f 2155 2154 2295
f 2297 2296 2298
f 2300 2299 2297
f 2297 2299 2296
f 2301 2299 2300
f 2157 2158 2296
f 2158 2298 2296
f 2158 2302 2298
f 2157 2296 2299
f 2157 2299 2160
f 2160 2299 2301
f 2303 2160 2301
f 2162 2160 2303
f 2304 2164 2305
f 2164 2303 2305
f 2164 2162 2303
f 2304 2165 2164
f 2158 2166 2302
f 2302 2166 2306
f 2307 2306 2166
f 2307 2166 2167
f 2308 2304 2305
f 2309 2169 2310
f 2310 2169 2308
f 2169 2165 2308
f 2165 2304 2308
f 2309 2170 2169
f 2312 2307 2311
f 2307 2171 2311
f 2307 2167 2171
f 2313 2314 2312
f 2313 2312 2311
f 2314 2313 2173
f 2172 2314 2173
f 2315 2314 2172
f 2317 2316 2318
f 2174 2310 2315
f 2172 2174 2315
f 2309 2310 2174
f 2174 2170 2309
f 2319 2316 2317
f 2171 2176 2311
f 2177 2320 2176
f 2320 2311 2176
f 2320 2313 2311
f 2320 2178 2313
f 2313 2178 2173
f 2316 2321 2318
f 2319 2321 2316
f 2323 2322 2324
f 2323 2325 2322
f 2325 2177 2322
f 2177 2179 2322
f 2177 2325 2320
f 2180 2178 2320
f 2327 2180 2320
f 2325 2327 2320
f 2326 2180 2327
f 2328 2326 2327
f 2324 2322 2330
f 2330 2322 2329
f 2182 2329 2322
f 2182 2322 2179
f 2180 2326 2331
f 2332 2180 2331
f 2183 2180 2332
f 2328 2331 2326
f 2330 2329 2334
f 2334 2329 2333
f 2329 2182 2184
f 2335 2329 2184
f 2333 2329 2335
f 2184 2183 2335
f 2183 2336 2335
f 2183 2332 2336
f 2333 2337 2334
f 2187 2338 2337
f 2335 2187 2337
f 2333 2335 2337
f 2187 2335 2186
f 2335 2336 2186
f 2336 2188 2186
f 2336 2339 2188
f 2187 2340 2338
f 2187 2189 2340
f 2341 2188 2339
f 2190 2188 2341
f 2189 2342 2340
f 2189 2191 2342
f 2343 2190 2341
f 2192 2190 2343
f 2191 2344 2342
f 2191 2194 2344
f 2345 2192 2343
f 2195 2192 2345
f 2194 2196 2344
f 2344 2196 2346
f 2196 2195 2346
f 2346 2195 2345
f 2348 2347 2199
f 2199 2347 2198
f 2347 2349 2198
f 2198 2349 2200
f 2199 2203 2348
f 2348 2203 2350
f 2351 2204 2352
f 2204 2205 2352
f 2350 2200 2349
f 2350 2203 2200
f 2351 2353 2204
f 2204 2353 2207
f 2355 2352 2354
f 2352 2211 2354
f 2352 2205 2211
f 2354 2356 2355
f 2356 2207 2355
f 2207 2353 2355
f 2356 2212 2207
f 2356 2214 2212
f 2358 2357 2218
f 2218 2357 2217
f 2359 2219 2360
f 2219 2357 2360
f 2219 2217 2357
f 2359 2221 2219
f 2362 2361 2225
f 2225 2361 2224
f 2226 2224 2363
f 2224 2364 2363
f 2224 2361 2364
f 2365 2363 2364
f 2354 2211 2366
f 2211 2367 2366
f 2211 2227 2367
f 2368 2230 2366
f 2230 2356 2366
f 2356 2354 2366
f 2356 2230 2229
f 2214 2356 2229
f 2369 2231 2232
f 2231 2369 2233
f 2233 2369 2370
f 2372 2371 2370
f 2371 2233 2370
f 2371 2234 2233
f 2218 2234 2371
f 2218 2371 2358
f 2373 2359 2360
f 2374 2235 2375
f 2375 2235 2373
f 2235 2221 2373
f 2221 2359 2373
f 2235 2374 2236
f 2236 2374 2376
f 2225 2236 2376
f 2377 2225 2376
f 2362 2225 2377
f 2237 2226 2363
f 2237 2363 2365
f 2378 2237 2365
f 2238 2237 2378
f 2379 2238 2378
f 2379 2240 2238
f 2379 2380 2240
f 2240 2380 2241
f 2227 2242 2367
f 2367 2242 2381
f 2242 2230 2381
f 2381 2230 2368
f 2232 2243 2369
f 2369 2243 2370
f 2370 2243 2244
f 2244 2245 2370
f 2245 2383 2370
f 2383 2372 2370
f 2383 2245 2382
f 2246 2382 2245
f 2374 2375 2385
f 2374 2385 2384
f 2384 2376 2374
f 2384 2386 2376
f 2386 2387 2377
f 2386 2377 2376
f 2249 2241 2380
f 2249 2380 2388
f 2388 2389 2249
f 2249 2389 2250
f 2382 2390 2383
f 2246 2251 2382
f 2251 2390 2382
f 2251 2391 2390
f 2251 2392 2391
f 2253 2392 2251
f 2385 2392 2384
f 2392 2255 2384
f 2392 2253 2255
f 2384 2255 2386
f 2386 2255 2257
f 2386 2257 2387
f 2257 2393 2387
f 2257 2259 2393
f 2394 2393 2259
f 2394 2259 2261
f 2389 2396 2395
f 2263 2389 2395
f 2250 2389 2263
f 2395 2396 2266
f 2396 2265 2266
f 2396 2397 2265
f 2397 2398 2265
f 2265 2398 2267
f 2270 2399 2269
f 2401 2400 2399
f 2400 2269 2399
f 2400 2272 2269
f 2400 2402 2272
f 2272 2402 2273
f 2403 2404 2274
f 2404 2261 2274
f 2404 2394 2261
f 2403 2274 2275
f 2403 2275 2405
f 2405 2275 2276
f 2405 2276 2406
f 2406 2276 2277
f 2406 2277 2407
f 2407 2277 2263
f 2395 2407 2263
f 2408 2407 2395
f 2408 2395 2266
f 2409 2408 2266
f 2278 2409 2266
f 2408 2409 2410
f 2278 2267 2409
f 2409 2267 2398
f 2281 2411 2280
f 2413 2412 2411
f 2411 2412 2280
f 2412 2399 2280
f 2399 2270 2280
f 2412 2401 2399
f 2284 2414 2285
f 2284 2273 2414
f 2273 2415 2414
f 2273 2402 2415
f 2288 2416 2287
f 2289 2287 2416
f 2418 2417 2419
f 2420 2417 2418
f 2403 2421 2404
f 2405 2422 2403
f 2403 2422 2421
f 2406 2423 2405
f 2405 2423 2422
f 2407 2424 2406
f 2406 2424 2423
f 2408 2425 2407
f 2407 2425 2424
f 2410 2425 2408
f 2281 2291 2411
f 2411 2291 2413
f 2291 2426 2413
f 2291 2292 2426
f 2414 2427 2285
f 2427 2292 2285
f 2427 2426 2292
f 2415 2427 2414
f 2288 2293 2416
f 2417 2428 2419
f 2293 2289 2416
f 2420 2428 2417
f 2430 2429 2431
f 2432 2429 2430
f 2434 2433 2435
f 2437 2433 2434
f 2429 2436 2431
f 2432 2436 2429
f 2433 2438 2435
f 2437 2438 2433
f 2440 2439 2441
f 2442 2439 2440
f 2444 2443 2445
f 2446 2443 2444
f 2439 2447 2441
f 2442 2447 2439
f 2443 2448 2445
f 2446 2448 2443
f 2450 2449 2451
f 2453 2452 2450
f 2450 2452 2449
f 2455 2454 2453
f 2453 2454 2452
f 2456 2454 2455
f 2297 2298 2449
f 2298 2451 2449
f 2298 2457 2451
f 2297 2449 2452
f 2297 2452 2300
f 2458 2301 2300
f 2452 2458 2300
f 2454 2458 2452
f 2459 2458 2456
f 2456 2458 2454
f 2298 2460 2457
f 2298 2302 2460
f 2303 2301 2458
f 2458 2459 2303
f 2459 2305 2303
f 2459 2461 2305
f 2302 2306 2460
f 2460 2306 2462
f 2463 2462 2306
f 2463 2306 2307
f 2465 2464 2308
f 2305 2465 2308
f 2461 2465 2305
f 2464 2310 2308
f 2466 2467 2312
f 2467 2307 2312
f 2467 2463 2307
f 2468 2469 2466
f 2312 2468 2466
f 2314 2468 2312
f 2465 2468 2464
f 2468 2315 2464
f 2468 2314 2315
f 2310 2464 2315
f 2470 2317 2318
f 2470 2319 2317
f 2466 2471 2467
f 2471 2466 2469
f 2472 2474 2473
f 2476 2475 2473
f 2473 2475 2472
f 2475 2476 2477
f 2476 2478 2477
f 2318 2321 2470
f 2321 2319 2470
f 2479 2477 2478
f 2481 2480 2324
f 2324 2480 2323
f 2480 2474 2472
f 2325 2480 2472
f 2323 2480 2325
f 2325 2472 2475
f 2325 2475 2327
f 2475 2477 2482
f 2328 2475 2482
f 2483 2328 2482
f 2327 2475 2328
f 2479 2482 2477
f 2324 2484 2481
f 2324 2330 2484
f 2485 2332 2331
f 2331 2328 2485
f 2328 2486 2485
f 2328 2483 2486
f 2488 2484 2487
f 2484 2334 2487
f 2484 2330 2334
f 2487 2489 2488
f 2332 2485 2490
f 2332 2490 2336
f 2491 2490 2486
f 2486 2490 2485
f 2334 2337 2487
f 2489 2487 2337
f 2338 2489 2337
f 2492 2489 2338
f 2336 2490 2493
f 2494 2336 2493
f 2339 2336 2494
f 2491 2493 2490
f 2338 2495 2492
f 2338 2340 2495
f 2496 2339 2494
f 2341 2339 2496
f 2340 2497 2495
f 2340 2342 2497
f 2496 2499 2498
f 2343 2496 2498
f 2341 2496 2343
f 2500 2498 2499
f 2502 2497 2501
f 2497 2344 2501
f 2497 2342 2344
f 2503 2502 2501
f 2343 2503 2501
f 2345 2343 2501
f 2503 2343 2498
f 2500 2503 2498
f 2344 2346 2501
f 2346 2345 2501
f 2505 2504 2506
f 2507 2504 2505
f 2348 2508 2347
f 2508 2349 2347
f 2506 2504 2510
f 2510 2504 2509
f 2511 2509 2507
f 2507 2509 2504
f 2348 2350 2508
f 2349 2508 2350
f 2512 2351 2352
f 2512 2353 2351
f 2510 2509 2514
f 2514 2509 2513
f 2515 2513 2511
f 2511 2513 2509
f 2352 2355 2512
f 2355 2353 2512
f 2358 2516 2357
f 2516 2360 2357
f 2362 2517 2361
f 2361 2517 2364
f 2364 2517 2518
f 2518 2365 2364
f 2513 2519 2514
f 2515 2519 2513
f 2367 2520 2366
f 2520 2368 2366
f 2372 2521 2371
f 2523 2522 2521
f 2521 2522 2371
f 2522 2516 2371
f 2516 2358 2371
f 2524 2373 2525
f 2525 2373 2522
f 2373 2360 2522
f 2360 2516 2522
f 2524 2375 2373
f 2517 2362 2526
f 2526 2362 2377
f 2526 2528 2527
f 2518 2526 2527
f 2517 2526 2518
f 2378 2365 2518
f 2527 2378 2518
f 2529 2378 2527
f 2530 2378 2529
f 2530 2379 2378
f 2530 2531 2379
f 2379 2531 2380
f 2367 2381 2520
f 2381 2368 2520
f 2521 2372 2532
f 2372 2533 2532
f 2372 2383 2533
f 2532 2523 2521
f 2524 2525 2535
f 2524 2535 2534
f 2534 2385 2524
f 2524 2385 2375
f 2526 2377 2536
f 2536 2377 2387
f 2536 2537 2528
f 2536 2528 2526
f 2388 2380 2531
f 2388 2531 2538
f 2389 2388 2539
f 2388 2540 2539
f 2388 2538 2540
f 2541 2539 2540
f 2543 2542 2544
f 2545 2542 2543
f 2383 2390 2533
f 2533 2390 2546
f 2390 2547 2546
f 2391 2547 2390
f 2535 2547 2534
f 2547 2392 2534
f 2547 2391 2392
f 2392 2385 2534
f 2387 2393 2536
f 2537 2536 2393
f 2394 2537 2393
f 2548 2537 2394
f 2396 2389 2539
f 2396 2539 2541
f 2549 2396 2541
f 2397 2396 2549
f 2549 2550 2397
f 2397 2550 2398
f 2401 2551 2400
f 2544 2542 2553
f 2542 2552 2553
f 2400 2551 2402
f 2554 2552 2545
f 2545 2552 2542
f 2556 2548 2555
f 2548 2404 2555
f 2548 2394 2404
f 2557 2558 2556
f 2557 2556 2555
f 2557 2559 2558
f 2560 2561 2410
f 2560 2410 2409
f 2409 2398 2560
f 2560 2398 2550
f 2413 2562 2412
f 2412 2562 2401
f 2562 2551 2401
f 2562 2563 2551
f 2563 2415 2551
f 2415 2402 2551
f 2564 2553 2552
f 2554 2564 2552
f 2419 2565 2418
f 2565 2420 2418
f 2404 2421 2555
f 2555 2421 2557
f 2557 2421 2422
f 2557 2422 2559
f 2422 2566 2559
f 2422 2423 2566
f 2423 2567 2566
f 2424 2567 2423
f 2424 2568 2567
f 2425 2568 2424
f 2425 2410 2568
f 2568 2410 2561
f 2413 2426 2562
f 2562 2426 2563
f 2563 2426 2427
f 2427 2415 2563
f 2419 2428 2565
f 2428 2420 2565
f 2570 2569 2571
f 2572 2569 2570
f 2569 2573 2571
f 2572 2573 2569
f 2431 2574 2430
f 2574 2432 2430
f 2435 2575 2434
f 2436 2574 2431
f 2575 2437 2434
f 2436 2432 2574
f 2576 2578 2577
f 2435 2438 2575
f 2438 2437 2575
f 2579 2576 2577
f 2581 2580 2582
f 2580 2581 2441
f 2581 2440 2441
f 2581 2583 2440
f 2442 2440 2585
f 2440 2583 2585
f 2576 2584 2578
f 2579 2584 2576
f 2587 2586 2445
f 2445 2586 2444
f 2580 2588 2582
f 2588 2444 2582
f 2444 2586 2582
f 2444 2588 2446
f 2580 2441 2447
f 2589 2580 2447
f 2588 2580 2589
f 2442 2585 2591
f 2589 2442 2591
f 2590 2589 2591
f 2442 2589 2447
f 2592 2590 2591
f 2593 2594 2448
f 2594 2445 2448
f 2594 2587 2445
f 2593 2448 2446
f 2588 2593 2446
f 2595 2593 2588
f 2589 2595 2588
f 2596 2595 2589
f 2590 2596 2589
f 2597 2596 2590
f 2598 2597 2592
f 2592 2597 2590
f 2594 2593 2600
f 2600 2593 2599
f 2595 2599 2593
f 2601 2599 2595
f 2596 2601 2595
f 2602 2601 2596
f 2597 2602 2596
f 2603 2602 2597
f 2604 2603 2598
f 2598 2603 2597
f 2450 2451 2599
f 2451 2600 2599
f 2451 2605 2600
f 2450 2599 2601
f 2450 2601 2453
f 2453 2601 2602
f 2453 2602 2455
f 2606 2456 2455
f 2602 2606 2455
f 2603 2606 2602
f 2607 2606 2604
f 2604 2606 2603
f 2451 2608 2605
f 2451 2457 2608
f 2456 2606 2609
f 2456 2609 2459
f 2610 2609 2607
f 2607 2609 2606
f 2457 2611 2608
f 2457 2460 2611
f 2459 2609 2612
f 2613 2459 2612
f 2461 2459 2613
f 2610 2612 2609
f 2614 2615 2462
f 2615 2460 2462
f 2615 2611 2460
f 2463 2614 2462
f 2613 2617 2616
f 2465 2613 2616
f 2461 2613 2465
f 2618 2616 2617
f 2614 2619 2615
f 2620 2619 2614
f 2463 2620 2614
f 2467 2620 2463
f 2621 2469 2468
f 2621 2468 2465
f 2616 2621 2465
f 2622 2621 2616
f 2624 2623 2618
f 2623 2616 2618
f 2623 2622 2616
f 2625 2623 2624
f 2626 2627 2471
f 2627 2467 2471
f 2627 2620 2467
f 2621 2473 2474
f 2626 2621 2474
f 2621 2471 2469
f 2621 2626 2471
f 2473 2621 2622
f 2473 2622 2476
f 2476 2622 2623
f 2476 2623 2478
f 2623 2625 2478
f 2625 2479 2478
f 2625 2628 2479
f 2480 2481 2626
f 2481 2627 2626
f 2481 2629 2627
f 2474 2480 2626
f 2630 2483 2482
f 2482 2479 2630
f 2479 2631 2630
f 2479 2628 2631
f 2481 2632 2629
f 2481 2484 2632
f 2483 2630 2633
f 2483 2633 2486
f 2634 2633 2631
f 2631 2633 2630
f 2484 2488 2632
f 2632 2488 2635
f 2636 2635 2488
f 2636 2488 2489
f 2637 2638 2639
f 2640 2638 2637
f 2486 2640 2637
f 2491 2486 2637
f 2640 2486 2633
f 2634 2640 2633
f 2642 2636 2641
f 2636 2492 2641
f 2636 2489 2492
f 2494 2493 2637
f 2494 2637 2639
f 2641 2494 2639
f 2642 2641 2639
f 2493 2491 2637
f 2641 2492 2643
f 2643 2492 2495
f 2643 2496 2641
f 2641 2496 2494
f 2643 2495 2644
f 2644 2495 2497
f 2496 2643 2499
f 2643 2645 2499
f 2643 2644 2645
f 2500 2499 2645
f 2647 2646 2648
f 2649 2646 2647
f 2497 2502 2644
f 2644 2502 2645
f 2502 2503 2645
f 2652 2651 2650
f 2500 2645 2503
f 2648 2650 2651
f 2648 2646 2650
f 2646 2653 2650
f 2654 2653 2649
f 2649 2653 2646
f 2652 2650 2656
f 2656 2650 2655
f 2658 2655 2657
f 2655 2653 2657
f 2655 2650 2653
f 2654 2657 2653
f 2655 2659 2656
f 2658 2659 2655
f 2661 2660 2662
f 2663 2660 2661
f 2660 2664 2662
f 2663 2664 2660
f 2506 2665 2505
f 2665 2507 2505
f 2667 2666 2668
f 2665 2506 2669
f 2506 2510 2669
f 2667 2670 2666
f 2669 2511 2665
f 2665 2511 2507
f 2666 2671 2668
f 2670 2671 2666
f 2673 2669 2510
f 2514 2673 2510
f 2672 2669 2673
f 2672 2674 2669
f 2674 2511 2669
f 2674 2515 2511
f 2676 2675 2677
f 2678 2675 2676
f 2514 2519 2673
f 2673 2519 2679
f 2519 2515 2679
f 2679 2515 2674
f 2523 2680 2522
f 2680 2525 2522
f 2528 2681 2527
f 2527 2681 2529
f 2529 2681 2682
f 2529 2682 2530
f 2530 2682 2683
f 2531 2530 2683
f 2685 2684 2686
f 2687 2684 2685
f 2689 2688 2690
f 2692 2688 2689
f 2675 2691 2677
f 2678 2691 2675
f 2533 2693 2532
f 2532 2693 2523
f 2693 2680 2523
f 2693 2694 2680
f 2694 2535 2680
f 2680 2535 2525
f 2681 2528 2695
f 2695 2528 2537
f 2695 2697 2696
f 2682 2695 2696
f 2681 2695 2682
f 2698 2683 2682
f 2698 2682 2696
f 2698 2686 2684
f 2538 2698 2684
f 2698 2531 2683
f 2698 2538 2531
f 2538 2684 2687
f 2699 2538 2687
f 2540 2538 2699
f 2699 2700 2540
f 2540 2700 2541
f 2702 2690 2688
f 2544 2701 2543
f 2688 2692 2702
f 2545 2543 2701
f 2533 2546 2693
f 2693 2546 2694
f 2694 2546 2547
f 2547 2535 2694
f 2695 2537 2703
f 2703 2537 2548
f 2703 2704 2697
f 2703 2697 2695
f 2549 2541 2700
f 2549 2700 2705
f 2705 2706 2549
f 2549 2706 2550
f 2701 2544 2707
f 2544 2708 2707
f 2544 2553 2708
f 2707 2709 2701
f 2709 2545 2701
f 2709 2554 2545
f 2548 2556 2703
f 2703 2556 2704
f 2556 2710 2704
f 2556 2558 2710
f 2711 2710 2558
f 2711 2558 2559
f 2712 2713 2714
f 2713 2712 2561
f 2560 2713 2561
f 2715 2713 2560
f 2560 2550 2715
f 2715 2550 2706
f 2553 2564 2708
f 2708 2564 2716
f 2564 2554 2716
f 2716 2554 2709
f 2559 2566 2711
f 2711 2566 2717
f 2566 2718 2717
f 2567 2718 2566
f 2714 2718 2712
f 2718 2568 2712
f 2718 2567 2568
f 2568 2561 2712
f 2720 2719 2721
f 2722 2719 2720
f 2719 2723 2721
f 2723 2719 2722
f 2724 2726 2725
f 2727 2724 2725
f 2726 2724 2729
f 2729 2724 2728
f 2730 2728 2727
f 2727 2728 2724
f 2732 2731 2733
f 2735 2734 2732
f 2732 2734 2731
f 2734 2735 2571
f 2735 2570 2571
f 2735 2736 2570
f 2736 2737 2570
f 2570 2737 2572
f 2728 2738 2729
f 2730 2738 2728
f 2731 2739 2733
f 2739 2731 2741
f 2731 2740 2741
f 2731 2734 2740
f 2740 2734 2571
f 2742 2740 2571
f 2573 2742 2571
f 2740 2742 2743
f 2573 2572 2742
f 2742 2572 2737
f 2740 2744 2741
f 2743 2744 2740
f 2746 2745 2747
f 2748 2745 2746
f 2750 2749 2751
f 2747 2745 2750
f 2745 2749 2750
f 2745 2752 2749
f 2754 2753 2748
f 2753 2745 2748
f 2753 2752 2745
f 2756 2755 2754
f 2754 2755 2753
f 2755 2756 2758
f 2577 2578 2757
f 2757 2579 2577
f 2751 2749 2760
f 2760 2749 2759
f 2752 2759 2749
f 2761 2759 2752
f 2753 2581 2582
f 2761 2753 2582
f 2752 2753 2761
f 2581 2753 2755
f 2581 2755 2583
f 2758 2763 2755
f 2763 2762 2755
f 2762 2583 2755
f 2583 2762 2585
f 2584 2757 2578
f 2584 2579 2757
f 2764 2762 2763
f 2759 2765 2760
f 2587 2766 2765
f 2761 2587 2765
f 2759 2761 2765
f 2587 2761 2586
f 2582 2586 2761
f 2591 2585 2762
f 2762 2764 2591
f 2764 2592 2591
f 2764 2767 2592
f 2587 2768 2766
f 2587 2594 2768
f 2769 2592 2767
f 2598 2592 2769
f 2594 2770 2768
f 2594 2600 2770
f 2771 2598 2769
f 2604 2598 2771
f 2600 2772 2770
f 2600 2605 2772
f 2773 2604 2771
f 2607 2604 2773
f 2605 2774 2772
f 2605 2608 2774
f 2775 2607 2773
f 2610 2607 2775
f 2608 2776 2774
f 2608 2611 2776
f 2777 2613 2612
f 2612 2610 2777
f 2610 2778 2777
f 2610 2775 2778
f 2611 2779 2776
f 2611 2615 2779
f 2617 2613 2777
f 2780 2618 2617
f 2780 2617 2777
f 2781 2780 2777
f 2778 2781 2777
f 2782 2780 2781
f 2783 2784 2619
f 2784 2615 2619
f 2784 2779 2615
f 2620 2783 2619
f 2624 2618 2780
f 2780 2782 2624
f 2782 2625 2624
f 2782 2785 2625
f 2783 2786 2784
f 2787 2786 2783
f 2620 2787 2783
f 2627 2787 2620
f 2788 2625 2785
f 2628 2625 2788
f 2790 2787 2789
f 2787 2629 2789
f 2787 2627 2629
f 2789 2791 2790
f 2792 2628 2788
f 2631 2628 2792
f 2789 2629 2793
f 2629 2794 2793
f 2629 2632 2794
f 2793 2791 2789
f 2795 2796 2797
f 2795 2798 2796
f 2799 2631 2792
f 2634 2631 2799
f 2632 2635 2794
f 2794 2635 2800
f 2801 2800 2635
f 2801 2635 2636
f 2639 2638 2795
f 2797 2639 2795
f 2802 2639 2797
f 2795 2638 2798
f 2638 2803 2798
f 2638 2640 2803
f 2640 2634 2803
f 2803 2634 2799
f 2636 2642 2801
f 2801 2642 2804
f 2642 2639 2804
f 2804 2639 2802
f 2806 2805 2807
f 2805 2806 2648
f 2806 2647 2648
f 2806 2808 2647
f 2808 2809 2647
f 2647 2809 2649
f 2811 2810 2812
f 2651 2652 2805
f 2805 2652 2807
f 2652 2810 2807
f 2810 2811 2807
f 2648 2651 2805
f 2813 2649 2809
f 2654 2649 2813
f 2812 2810 2815
f 2815 2810 2814
f 2656 2814 2810
f 2656 2810 2652
f 2816 2658 2657
f 2657 2654 2816
f 2654 2817 2816
f 2654 2813 2817
f 2815 2814 2819
f 2819 2814 2818
f 2814 2656 2659
f 2820 2814 2659
f 2818 2814 2820
f 2821 2822 2820
f 2821 2820 2659
f 2816 2821 2659
f 2658 2816 2659
f 2817 2821 2816
f 2818 2823 2819
f 2820 2824 2818
f 2818 2824 2823
f 2822 2824 2820
f 2826 2825 2827
f 2828 2825 2826
f 2825 2829 2827
f 2828 2829 2825
f 2830 2661 2662
f 2830 2663 2661
f 2662 2664 2830
f 2664 2663 2830
f 2668 2831 2667
f 2831 2670 2667
f 2668 2671 2831
f 2670 2831 2671
f 2832 2672 2673
f 2832 2674 2672
f 2834 2833 2677
f 2677 2833 2676
f 2833 2835 2676
f 2676 2835 2678
f 2673 2679 2832
f 2679 2674 2832
f 2686 2836 2685
f 2836 2687 2685
f 2690 2837 2689
f 2838 2834 2691
f 2834 2677 2691
f 2837 2692 2689
f 2691 2678 2838
f 2838 2678 2835
f 2697 2839 2696
f 2696 2839 2698
f 2698 2839 2840
f 2698 2840 2686
f 2840 2836 2686
f 2840 2841 2836
f 2687 2836 2699
f 2836 2842 2699
f 2836 2841 2842
f 2842 2700 2699
f 2690 2702 2837
f 2702 2692 2837
f 2839 2697 2843
f 2843 2697 2704
f 2843 2840 2839
f 2843 2844 2840
f 2844 2841 2840
f 2844 2845 2841
f 2845 2842 2841
f 2845 2846 2842
f 2700 2842 2705
f 2842 2847 2705
f 2842 2846 2847
f 2847 2706 2705
f 2708 2848 2707
f 2848 2709 2707
f 2704 2710 2843
f 2844 2843 2849
f 2843 2711 2849
f 2711 2850 2849
f 2843 2710 2711
f 2844 2849 2852
f 2851 2844 2852
f 2845 2844 2851
f 2713 2846 2714
f 2846 2851 2714
f 2846 2845 2851
f 2846 2713 2847
f 2847 2713 2715
f 2715 2706 2847
f 2708 2716 2848
f 2716 2709 2848
f 2711 2717 2850
f 2850 2717 2853
f 2855 2854 2856
f 2718 2852 2853
f 2717 2718 2853
f 2851 2852 2718
f 2718 2714 2851
f 2857 2854 2855
f 2854 2858 2856
f 2857 2858 2854
f 2721 2859 2720
f 2859 2722 2720
f 2721 2723 2859
f 2722 2859 2723
f 2860 2725 2726
f 2860 2727 2725
f 2862 2861 2863
f 2865 2864 2862
f 2862 2864 2861
f 2867 2866 2865
f 2865 2866 2864
f 2868 2866 2867
f 2860 2726 2869
f 2869 2726 2729
f 2869 2730 2860
f 2860 2730 2727
f 2861 2870 2863
f 2733 2871 2870
f 2864 2733 2870
f 2861 2864 2870
f 2733 2864 2732
f 2732 2864 2866
f 2732 2866 2735
f 2736 2735 2866
f 2873 2736 2866
f 2868 2873 2866
f 2736 2873 2872
f 2872 2737 2736
f 2729 2738 2869
f 2738 2730 2869
f 2733 2739 2871
f 2871 2739 2874
f 2739 2741 2875
f 2876 2739 2875
f 2874 2739 2876
f 2743 2742 2872
f 2743 2872 2873
f 2875 2743 2873
f 2876 2875 2873
f 2742 2737 2872
f 2741 2744 2875
f 2744 2743 2875
f 2878 2877 2879
f 2881 2880 2878
f 2878 2880 2877
f 2880 2881 2747
f 2881 2746 2747
f 2881 2882 2746
f 2748 2746 2883
f 2746 2884 2883
f 2746 2882 2884
f 2886 2885 2884
f 2884 2885 2883
f 2887 2885 2886
f 2879 2877 2889
f 2889 2877 2888
f 2880 2750 2751
f 2888 2880 2751
f 2877 2880 2888
f 2747 2750 2880
f 2754 2748 2883
f 2754 2883 2885
f 2754 2885 2756
f 2885 2887 2756
f 2887 2758 2756
f 2887 2890 2758
f 2889 2888 2892
f 2892 2888 2891
f 2760 2891 2888
f 2760 2888 2751
f 2894 2893 2763
f 2758 2894 2763
f 2890 2894 2758
f 2893 2764 2763
f 2891 2895 2892
f 2765 2896 2897
f 2765 2897 2895
f 2760 2765 2895
f 2891 2760 2895
f 2766 2896 2765
f 2898 2893 2894
f 2898 2899 2893
f 2899 2764 2893
f 2899 2767 2764
f 2896 2900 2897
f 2901 2900 2896
f 2766 2901 2896
f 2768 2901 2766
f 2902 2767 2899
f 2769 2767 2902
f 2768 2903 2901
f 2768 2770 2903
f 2904 2769 2902
f 2771 2769 2904
f 2906 2905 2907
f 2772 2905 2906
f 2903 2772 2906
f 2770 2772 2903
f 2908 2771 2904
f 2773 2771 2908
f 2905 2909 2907
f 2910 2909 2905
f 2772 2910 2905
f 2774 2910 2772
f 2911 2773 2908
f 2775 2773 2911
f 2774 2912 2910
f 2774 2776 2912
f 2913 2775 2911
f 2778 2775 2913
f 2915 2912 2914
f 2912 2779 2914
f 2912 2776 2779
f 2914 2916 2915
f 2781 2778 2913
f 2781 2913 2917
f 2917 2918 2781
f 2781 2918 2782
f 2914 2779 2919
f 2779 2920 2919
f 2779 2784 2920
f 2919 2916 2914
f 2921 2782 2918
f 2785 2782 2921
f 2784 2786 2920
f 2920 2786 2922
f 2923 2922 2786
f 2923 2786 2787
f 2924 2785 2921
f 2788 2785 2924
f 2787 2790 2923
f 2923 2790 2925
f 2926 2925 2790
f 2926 2790 2791
f 2927 2928 2929
f 2930 2931 2928
f 2930 2928 2927
f 2930 2792 2931
f 2792 2924 2931
f 2792 2788 2924
f 2933 2932 2794
f 2794 2932 2793
f 2791 2793 2932
f 2791 2932 2926
f 2797 2796 2927
f 2929 2797 2927
f 2934 2797 2929
f 2798 2935 2796
f 2935 2927 2796
f 2935 2930 2927
f 2935 2799 2930
f 2930 2799 2792
f 2794 2800 2933
f 2933 2800 2936
f 2937 2936 2800
f 2937 2800 2801
f 2934 2939 2938
f 2802 2934 2938
f 2797 2934 2802
f 2940 2938 2939
f 2803 2935 2798
f 2803 2799 2935
f 2941 2942 2804
f 2942 2801 2804
f 2942 2937 2801
f 2941 2804 2802
f 2938 2941 2802
f 2943 2941 2938
f 2944 2943 2940
f 2940 2943 2938
f 2941 2945 2942
f 2945 2941 2947
f 2941 2946 2947
f 2941 2943 2946
f 2949 2948 2944
f 2948 2943 2944
f 2948 2946 2943
f 2951 2950 2949
f 2949 2950 2948
f 2952 2950 2951
f 2806 2807 2946
f 2807 2947 2946
f 2807 2953 2947
f 2806 2946 2948
f 2806 2948 2808
f 2954 2809 2808
f 2948 2954 2808
f 2950 2954 2948
f 2955 2954 2952
f 2952 2954 2950
f 2957 2956 2812
f 2812 2956 2811
f 2807 2811 2956
f 2807 2956 2953
f 2809 2954 2958
f 2959 2809 2958
f 2813 2809 2959
f 2955 2958 2954
f 2961 2957 2960
f 2957 2815 2960
f 2957 2812 2815
f 2960 2962 2961
f 2963 2964 2965
f 2963 2817 2964
f 2817 2959 2964
f 2817 2813 2959
f 2960 2815 2966
f 2815 2967 2966
f 2815 2819 2967
f 2966 2962 2960
f 2822 2821 2963
f 2965 2822 2963
f 2968 2822 2965
f 2821 2817 2963
f 2819 2823 2967
f 2967 2823 2969
f 2823 2970 2969
f 2824 2970 2823
f 2824 2822 2970
f 2970 2822 2968
f 2827 2971 2826
f 2971 2828 2826
f 2973 2972 2974
f 2975 2972 2973
f 2827 2829 2971
f 2829 2828 2971
f 2972 2976 2974
f 2975 2976 2972
f 2834 2977 2833
f 2977 2835 2833
f 2834 2838 2977
f 2838 2835 2977
f 2850 2978 2849
f 2978 2852 2849
f 2850 2853 2978
f 2852 2978 2853
f 2979 2855 2856
f 2979 2857 2855
f 2856 2858 2979
f 2858 2857 2979
f 2981 2980 2982
f 2984 2983 2981
f 2981 2983 2980
f 2986 2985 2984
f 2984 2985 2983
f 2987 2985 2986
f 2982 2980 2989
f 2989 2980 2988
f 2983 2988 2980
f 2990 2988 2983
f 2985 2990 2983
f 2991 2990 2985
f 2992 2991 2987
f 2987 2991 2985
f 2994 2993 2995
f 2989 2988 2994
f 2988 2993 2994
f 2988 2996 2993
f 2990 2996 2988
f 2997 2996 2990
f 2991 2997 2990
f 2998 2997 2991
f 2999 2998 2992
f 2992 2998 2991
f 3001 3000 3002
f 2995 2993 3001
f 2993 3000 3001
f 2993 3003 3000
f 2996 2862 2863
f 3003 2996 2863
f 2993 2996 3003
f 2862 2996 2997
f 2862 2997 2865
f 2865 2997 2998
f 2865 2998 2867
f 2998 2999 2867
f 2999 2868 2867
f 2999 3004 2868
f 3000 3005 3002
f 3005 3000 3007
f 3000 3006 3007
f 3000 3003 3006
f 3003 2863 2870
f 3008 3003 2870
f 3006 3003 3008
f 2871 3008 2870
f 3009 2868 3004
f 2873 2868 3009
f 3007 3006 3011
f 3011 3006 3010
f 3008 3010 3006
f 3012 3010 3008
f 3008 2871 2874
f 3013 3008 2874
f 3012 3008 3013
f 3014 3015 3013
f 2874 3014 3013
f 2876 3014 2874
f 2876 2873 3014
f 3014 2873 3009
f 3010 3016 3011
f 3012 3017 3010
f 3010 3017 3016
f 3013 3018 3012
f 3012 3018 3017
f 3015 3018 3013
f 3020 3019 3021
f 3023 3022 3020
f 3020 3022 3019
f 3025 3024 3023
f 3023 3024 3022
f 3026 3024 3025
f 3028 3027 3029
f 2878 2879 3019
f 3019 2879 3021
f 2879 3027 3021
f 3027 3028 3021
f 2878 3019 3022
f 2878 3022 2881
f 2881 3022 3024
f 2881 3024 2882
f 2882 3024 3026
f 3030 2882 3026
f 2884 2882 3030
f 3031 2886 3032
f 2886 3030 3032
f 2886 2884 3030
f 3031 2887 2886
f 3029 3027 3034
f 3034 3027 3033
f 2889 3033 3027
f 2889 3027 2879
f 3035 3031 3032
f 3035 3036 3031
f 3036 2887 3031
f 3036 2890 2887
f 3034 3033 3038
f 3038 3033 3037
f 2892 3037 3033
f 2892 3033 2889
f 3039 2890 3036
f 2894 2890 3039
f 3037 3040 3038
f 2895 3041 3042
f 2895 3042 3040
f 2892 2895 3040
f 3037 2892 3040
f 2897 3041 2895
f 2898 2894 3039
f 2898 3039 3043
f 3043 3044 2898
f 2898 3044 2899
f 3042 3041 3046
f 3046 3041 3045
f 3041 2897 2900
f 3047 3041 2900
f 3045 3041 3047
f 2901 3047 2900
f 3048 2899 3044
f 2902 2899 3048
f 3046 3045 3050
f 3050 3045 3049
f 3047 3049 3045
f 3051 3049 3047
f 2903 3051 3047
f 2903 3047 2901
f 3052 2902 3048
f 2904 2902 3052
f 3050 3049 3054
f 3054 3049 3053
f 3051 2906 2907
f 3053 3051 2907
f 3049 3051 3053
f 2903 2906 3051
f 3055 2904 3052
f 2908 2904 3055
f 3053 3056 3054
f 2907 2909 3053
f 2909 3056 3053
f 2909 3057 3056
f 3058 3057 2909
f 3058 2909 2910
f 3059 2908 3055
f 2911 2908 3059
f 3061 3058 3060
f 3058 2912 3060
f 3058 2910 2912
f 3060 3062 3061
f 3063 2911 3059
f 2913 2911 3063
f 2912 2915 3060
f 3062 3060 2915
f 2916 3062 2915
f 3064 3062 2916
f 2917 2913 3063
f 2917 3063 3065
f 3065 3066 2917
f 2917 3066 2918
f 3068 3067 2920
f 2920 3067 2919
f 2916 2919 3067
f 2916 3067 3064
f 3069 2918 3066
f 2921 2918 3069
f 3070 3071 2922
f 3071 2920 2922
f 3071 3068 2920
f 2923 3070 2922
f 3072 3073 3074
f 3072 2924 3073
f 2924 3069 3073
f 2924 2921 3069
f 3070 3075 3071
f 2923 2925 3070
f 2925 3075 3070
f 2925 3076 3075
f 3077 3076 2925
f 3077 2925 2926
f 3078 3079 2929
f 3078 2929 2928
f 3074 3078 3072
f 3078 2931 3072
f 3078 2928 2931
f 2931 2924 3072
f 2933 3080 2932
f 2926 2932 3080
f 3081 2926 3080
f 3077 2926 3081
f 3082 2929 3079
f 2934 2929 3082
f 2933 2936 3080
f 3081 3080 2936
f 2937 3081 2936
f 3083 3081 2937
f 3085 3084 2939
f 2934 3085 2939
f 3082 3085 2934
f 3084 2940 2939
f 2937 3086 3083
f 2937 2942 3086
f 3087 3084 3085
f 3087 3088 3084
f 3088 2940 3084
f 3088 2944 2940
f 3090 3089 3091
f 3092 3089 3090
f 3093 3094 2945
f 3094 2942 2945
f 3094 3086 2942
f 2947 3093 2945
f 3096 3095 2949
f 2944 3096 2949
f 3088 3096 2944
f 2949 3095 2951
f 2951 3095 3097
f 3089 3098 3091
f 2952 2951 3097
f 3092 3098 3089
f 3093 3099 3094
f 2947 2953 3093
f 2953 3101 3093
f 3101 3099 3093
f 2953 3100 3101
f 3095 3096 3101
f 3100 3095 3101
f 3102 3095 3100
f 3102 3097 3095
f 3102 3103 3097
f 3103 2955 3097
f 3097 2955 2952
f 2957 3104 2956
f 2956 3104 2953
f 3104 3100 2953
f 3104 3105 3100
f 3105 3102 3100
f 3105 3106 3102
f 2958 3103 2959
f 3103 3106 2959
f 3103 3102 3106
f 2958 2955 3103
f 2957 2961 3104
f 2962 3107 2961
f 3107 3104 2961
f 3107 3105 3104
f 2964 3106 2965
f 3106 3107 2965
f 3106 3105 3107
f 2964 2959 3106
f 3109 3108 2967
f 2967 3108 2966
f 3110 3107 2962
f 2966 3110 2962
f 3108 3110 2966
f 3110 3111 3107
f 3111 2965 3107
f 3111 2968 2965
f 3112 3113 2969
f 3113 2967 2969
f 3113 3109 2967
f 3114 3115 3112
f 2969 3114 3112
f 2970 3114 2969
f 2970 2968 3114
f 3114 2968 3111
f 3112 3116 3113
f 3115 3116 3112
f 2974 3117 2973
f 3117 2975 2973
f 2974 2976 3117
f 2976 2975 3117
f 3119 3118 3120
f 3122 3121 3119
f 3119 3121 3118
f 3123 3121 3122
f 3125 3124 3126
f 3128 3127 3125
f 3125 3127 3124
f 3129 3127 3128
f 3118 3130 3120
f 3121 3131 3118
f 3118 3131 3130
f 3123 3131 3121
f 3133 3132 3134
f 3136 3132 3133
f 3124 3135 3126
f 3127 3137 3124
f 3124 3137 3135
f 3129 3137 3127
f 3132 3138 3134
f 3136 3138 3132
f 3140 3139 3141
f 3142 3139 3140
f 3144 3143 3145
f 3146 3143 3144
f 3141 3139 3148
f 3148 3139 3147
f 3149 3147 3142
f 3142 3147 3139
f 3151 3150 3152
f 3145 3143 3151
f 3143 3150 3151
f 3143 3153 3150
f 3154 3153 3146
f 3146 3153 3143
f 3147 3155 3148
f 3149 3155 3147
f 3150 3156 3152
f 3153 3157 3150
f 3150 3157 3156
f 3154 3157 3153
f 3159 3158 3160
f 3162 3161 3159
f 3159 3161 3158
f 3163 3161 3162
f 3160 3158 3165
f 3165 3158 3164
f 3161 3164 3158
f 3166 3164 3161
f 3168 3167 3163
f 3167 3161 3163
f 3167 3166 3161
f 3170 3169 3168
f 3168 3169 3167
f 3171 3169 3170
f 3165 3164 3173
f 3173 3164 3172
f 3166 2981 2982
f 3172 3166 2982
f 3164 3166 3172
f 2981 3166 3167
f 2981 3167 2984
f 2984 3167 3169
f 2984 3169 2986
f 3169 3171 2986
f 3171 2987 2986
f 3171 3174 2987
f 3173 3172 3176
f 3176 3172 3175
f 2989 3175 3172
f 2989 3172 2982
f 3177 2987 3174
f 2992 2987 3177
f 2994 2995 3175
f 2995 3176 3175
f 2995 3178 3176
f 2989 2994 3175
f 3177 3180 3179
f 2999 3177 3179
f 2992 3177 2999
f 3181 3179 3180
f 3183 3182 3002
f 3002 3182 3001
f 2995 3001 3182
f 2995 3182 3178
f 2999 3179 3184
f 2999 3184 3004
f 3185 3184 3181
f 3181 3184 3179
f 3187 3186 3188
f 3189 3186 3187
f 3002 3189 3187
f 3183 3002 3187
f 3005 3189 3002
f 3007 3189 3005
f 3004 3184 3190
f 3004 3190 3009
f 3191 3190 3185
f 3185 3190 3184
f 3186 3192 3188
f 3192 3186 3194
f 3186 3193 3194
f 3186 3189 3193
f 3011 3193 3189
f 3011 3189 3007
f 3195 3015 3014
f 3196 3197 3195
f 3196 3195 3014
f 3190 3196 3014
f 3009 3190 3014
f 3191 3196 3190
f 3193 3198 3194
f 3016 3199 3200
f 3016 3200 3198
f 3011 3016 3198
f 3193 3011 3198
f 3199 3016 3017
f 3199 3017 3201
f 3201 3017 3018
f 3201 3018 3202
f 3202 3018 3015
f 3195 3202 3015
f 3203 3202 3195
f 3204 3203 3197
f 3197 3203 3195
f 3199 3205 3200
f 3021 3206 3205
f 3201 3021 3205
f 3199 3201 3205
f 3021 3201 3020
f 3020 3201 3202
f 3020 3202 3023
f 3023 3202 3203
f 3023 3203 3025
f 3207 3026 3025
f 3207 3025 3203
f 3208 3207 3203
f 3204 3208 3203
f 3209 3207 3208
f 3211 3210 3029
f 3029 3210 3028
f 3021 3028 3210
f 3021 3210 3206
f 3030 3026 3207
f 3212 3032 3030
f 3212 3030 3207
f 3213 3212 3207
f 3209 3213 3207
f 3214 3212 3213
f 3029 3215 3211
f 3029 3034 3215
f 3035 3032 3212
f 3212 3214 3035
f 3214 3036 3035
f 3214 3216 3036
f 3034 3217 3215
f 3034 3038 3217
f 3218 3036 3216
f 3039 3036 3218
f 3038 3040 3217
f 3217 3040 3219
f 3220 3219 3040
f 3220 3040 3042
f 3043 3039 3218
f 3043 3218 3221
f 3221 3222 3043
f 3043 3222 3044
f 3042 3223 3220
f 3042 3046 3223
f 3224 3044 3222
f 3048 3044 3224
f 3226 3223 3225
f 3223 3050 3225
f 3223 3046 3050
f 3225 3227 3226
f 3228 3048 3224
f 3052 3048 3228
f 3225 3050 3229
f 3050 3230 3229
f 3050 3054 3230
f 3229 3227 3225
f 3231 3052 3228
f 3055 3052 3231
f 3054 3056 3230
f 3230 3056 3232
f 3057 3233 3234
f 3232 3057 3234
f 3056 3057 3232
f 3058 3233 3057
f 3235 3055 3231
f 3059 3055 3235
f 3233 3236 3234
f 3061 3237 3238
f 3061 3238 3236
f 3058 3061 3236
f 3233 3058 3236
f 3062 3237 3061
f 3239 3059 3235
f 3063 3059 3239
f 3238 3237 3241
f 3241 3237 3240
f 3064 3240 3237
f 3064 3237 3062
f 3065 3063 3239
f 3065 3239 3242
f 3242 3243 3065
f 3065 3243 3066
f 3067 3068 3240
f 3068 3241 3240
f 3068 3244 3241
f 3064 3067 3240
f 3245 3066 3243
f 3069 3066 3245
f 3068 3246 3244
f 3068 3071 3246
f 3247 3074 3073
f 3069 3245 3249
f 3247 3069 3249
f 3248 3247 3249
f 3069 3247 3073
f 3250 3248 3249
f 3252 3251 3253
f 3254 3251 3252
f 3071 3075 3246
f 3246 3075 3255
f 3075 3256 3255
f 3076 3256 3075
f 3257 3256 3076
f 3257 3076 3077
f 3258 3259 3079
f 3258 3079 3078
f 3247 3260 3074
f 3260 3078 3074
f 3260 3258 3078
f 3248 3261 3247
f 3247 3261 3260
f 3250 3261 3248
f 3251 3262 3253
f 3254 3262 3251
f 3077 3263 3257
f 3077 3081 3263
f 3264 3079 3259
f 3082 3079 3264
f 3081 3265 3263
f 3081 3083 3265
f 3266 3082 3264
f 3085 3082 3266
f 3083 3267 3265
f 3083 3086 3267
f 3087 3085 3266
f 3087 3266 3268
f 3268 3269 3087
f 3087 3269 3088
f 3091 3270 3090
f 3270 3092 3090
f 3272 3267 3271
f 3267 3094 3271
f 3267 3086 3094
f 3273 3274 3272
f 3273 3272 3271
f 3273 3096 3274
f 3096 3269 3274
f 3096 3088 3269
f 3091 3098 3270
f 3098 3092 3270
f 3094 3099 3271
f 3271 3099 3273
f 3273 3099 3101
f 3101 3096 3273
f 3276 3275 3109
f 3109 3275 3108
f 3277 3108 3275
f 3277 3110 3108
f 3277 3278 3110
f 3110 3278 3111
f 3280 3276 3279
f 3276 3113 3279
f 3276 3109 3113
f 3280 3279 3115
f 3114 3280 3115
f 3280 3281 3282
f 3280 3114 3281
f 3114 3111 3281
f 3111 3283 3281
f 3111 3278 3283
f 3113 3116 3279
f 3281 3284 3282
f 3116 3115 3279
f 3283 3284 3281
f 3286 3285 3120
f 3120 3285 3119
f 3287 3122 3288
f 3122 3285 3288
f 3122 3119 3285
f 3287 3123 3122
f 3290 3289 3126
f 3126 3289 3125
f 3291 3125 3289
f 3291 3128 3125
f 3129 3128 3292
f 3128 3293 3292
f 3128 3291 3293
f 3295 3294 3293
f 3293 3294 3292
f 3296 3294 3295
f 3298 3297 3299
f 3120 3130 3286
f 3130 3300 3286
f 3297 3298 3301
f 3288 3300 3287
f 3300 3131 3287
f 3300 3130 3131
f 3131 3123 3287
f 3303 3302 3134
f 3134 3302 3133
f 3126 3304 3290
f 3135 3304 3126
f 3133 3302 3305
f 3136 3133 3305
f 3137 3306 3307
f 3304 3137 3307
f 3135 3137 3304
f 3306 3137 3129
f 3292 3306 3129
f 3308 3306 3292
f 3310 3308 3309
f 3308 3294 3309
f 3308 3292 3294
f 3296 3309 3294
f 3297 3311 3299
f 3301 3311 3297
f 3312 3313 3138
f 3313 3134 3138
f 3313 3303 3134
f 3138 3136 3312
f 3136 3314 3312
f 3136 3305 3314
f 3306 3315 3307
f 3308 3316 3306
f 3306 3316 3315
f 3310 3316 3308
f 3318 3317 3319
f 3320 3317 3318
f 3313 3312 3322
f 3322 3312 3321
f 3324 3323 3314
f 3323 3312 3314
f 3323 3321 3312
f 3325 3323 3324
f 3140 3141 3317
f 3141 3319 3317
f 3141 3326 3319
f 3317 3320 3140
f 3320 3142 3140
f 3320 3327 3142
f 3329 3328 3330
f 3144 3145 3321
f 3321 3145 3322
f 3145 3328 3322
f 3328 3329 3322
f 3331 3146 3144
f 3321 3331 3144
f 3323 3331 3321
f 3332 3331 3325
f 3325 3331 3323
f 3334 3333 3335
f 3148 3333 3334
f 3326 3148 3334
f 3141 3148 3326
f 3336 3142 3327
f 3149 3142 3336
f 3151 3152 3328
f 3152 3330 3328
f 3152 3337 3330
f 3145 3151 3328
f 3146 3331 3338
f 3339 3146 3338
f 3154 3146 3339
f 3332 3338 3331
f 3341 3340 3342
f 3344 3340 3341
f 3333 3343 3335
f 3148 3155 3333
f 3155 3343 3333
f 3155 3345 3343
f 3155 3149 3345
f 3345 3149 3336
f 3152 3156 3337
f 3337 3156 3346
f 3156 3347 3346
f 3157 3347 3156
f 3157 3154 3347
f 3347 3154 3339
f 3340 3348 3342
f 3344 3348 3340
f 3350 3349 3351
f 3352 3349 3350
f 3354 3353 3355
f 3356 3353 3354
f 3349 3357 3351
f 3352 3357 3349
f 3359 3358 3360
f 3361 3358 3359
f 3353 3362 3355
f 3356 3362 3353
f 3358 3363 3360
f 3361 3363 3358
f 3365 3364 3366
f 3367 3364 3365
f 3369 3368 3370
f 3366 3364 3369
f 3364 3368 3369
f 3364 3371 3368
f 3372 3371 3367
f 3367 3371 3364
f 3374 3373 3160
f 3160 3373 3159
f 3375 3159 3373
f 3375 3162 3159
f 3375 3376 3162
f 3162 3376 3163
f 3368 3377 3370
f 3371 3378 3368
f 3368 3378 3377
f 3372 3378 3371
f 3160 3379 3374
f 3160 3165 3379
f 3168 3163 3376
f 3168 3376 3380
f 3381 3168 3380
f 3381 3170 3168
f 3381 3382 3170
f 3170 3382 3171
f 3165 3383 3379
f 3165 3173 3383
f 3384 3171 3382
f 3174 3171 3384
f 3173 3385 3383
f 3173 3176 3385
f 3384 3387 3386
f 3177 3384 3386
f 3174 3384 3177
f 3388 3386 3387
f 3390 3389 3391
f 3178 3389 3390
f 3385 3178 3390
f 3176 3178 3385
f 3180 3177 3386
f 3386 3388 3180
f 3388 3181 3180
f 3388 3392 3181
f 3182 3183 3389
f 3183 3391 3389
f 3183 3393 3391
f 3178 3182 3389
f 3394 3181 3392
f 3185 3181 3394
f 3396 3395 3188
f 3188 3395 3187
f 3183 3187 3395
f 3183 3395 3393
f 3397 3185 3394
f 3191 3185 3397
f 3188 3192 3396
f 3396 3192 3398
f 3399 3398 3192
f 3399 3192 3194
f 3400 3197 3196
f 3196 3191 3400
f 3191 3401 3400
f 3191 3397 3401
f 3194 3198 3399
f 3399 3198 3402
f 3403 3402 3198
f 3403 3198 3200
f 3197 3400 3404
f 3197 3404 3204
f 3406 3405 3401
f 3405 3400 3401
f 3405 3404 3400
f 3407 3405 3406
f 3200 3205 3403
f 3403 3205 3408
f 3409 3408 3205
f 3409 3205 3206
f 3208 3204 3404
f 3410 3209 3208
f 3404 3410 3208
f 3405 3410 3404
f 3412 3411 3407
f 3411 3405 3407
f 3411 3410 3405
f 3413 3411 3412
f 3415 3414 3211
f 3211 3414 3210
f 3206 3210 3414
f 3206 3414 3409
f 3213 3209 3410
f 3416 3214 3213
f 3410 3416 3213
f 3411 3416 3410
f 3417 3416 3413
f 3413 3416 3411
f 3419 3418 3420
f 3215 3418 3419
f 3415 3215 3419
f 3211 3215 3415
f 3214 3416 3421
f 3214 3421 3216
f 3422 3421 3417
f 3417 3421 3416
f 3418 3423 3420
f 3215 3217 3418
f 3217 3425 3418
f 3425 3423 3418
f 3217 3424 3425
f 3424 3426 3425
f 3216 3421 3427
f 3216 3427 3218
f 3428 3427 3422
f 3422 3427 3421
f 3217 3219 3424
f 3426 3424 3219
f 3220 3426 3219
f 3429 3426 3220
f 3221 3218 3427
f 3430 3222 3221
f 3430 3221 3427
f 3431 3430 3427
f 3428 3431 3427
f 3432 3430 3431
f 3434 3429 3433
f 3429 3223 3433
f 3429 3220 3223
f 3433 3435 3434
f 3222 3430 3436
f 3222 3436 3224
f 3437 3436 3432
f 3432 3436 3430
f 3223 3226 3433
f 3435 3433 3226
f 3227 3435 3226
f 3438 3435 3227
f 3224 3436 3439
f 3440 3224 3439
f 3228 3224 3440
f 3437 3439 3436
f 3230 3441 3229
f 3227 3229 3441
f 3442 3227 3441
f 3438 3227 3442
f 3443 3228 3440
f 3231 3228 3443
f 3444 3446 3445
f 3230 3232 3441
f 3442 3441 3232
f 3234 3442 3232
f 3442 3444 3445
f 3442 3234 3444
f 3447 3231 3443
f 3235 3231 3447
f 3446 3444 3449
f 3449 3444 3448
f 3444 3234 3236
f 3450 3444 3236
f 3448 3444 3450
f 3238 3450 3236
f 3447 3452 3451
f 3239 3447 3451
f 3235 3447 3239
f 3453 3451 3452
f 3448 3454 3449
f 3450 3455 3448
f 3448 3455 3454
f 3456 3455 3450
f 3238 3456 3450
f 3241 3456 3238
f 3242 3239 3451
f 3451 3453 3242
f 3453 3243 3242
f 3453 3457 3243
f 3241 3458 3456
f 3241 3244 3458
f 3459 3243 3457
f 3245 3243 3459
f 3244 3460 3458
f 3244 3246 3460
f 3462 3461 3249
f 3245 3462 3249
f 3459 3462 3245
f 3461 3250 3249
f 3253 3463 3252
f 3463 3254 3252
f 3246 3255 3460
f 3460 3255 3464
f 3255 3465 3464
f 3256 3465 3255
f 3466 3465 3256
f 3466 3256 3257
f 3467 3259 3258
f 3468 3469 3467
f 3258 3468 3467
f 3260 3468 3258
f 3462 3468 3461
f 3468 3261 3461
f 3468 3260 3261
f 3261 3250 3461
f 3253 3262 3463
f 3262 3254 3463
f 3471 3466 3470
f 3466 3263 3470
f 3466 3257 3263
f 3472 3471 3470
f 3259 3472 3470
f 3264 3259 3470
f 3472 3259 3467
f 3469 3472 3467
f 3474 3473 3475
f 3476 3473 3474
f 3470 3263 3477
f 3263 3478 3477
f 3263 3265 3478
f 3266 3264 3470
f 3480 3266 3470
f 3477 3480 3470
f 3479 3266 3480
f 3482 3481 3480
f 3480 3481 3479
f 3483 3481 3482
f 3485 3484 3486
f 3488 3484 3485
f 3473 3487 3475
f 3476 3487 3473
f 3265 3489 3478
f 3265 3267 3489
f 3268 3266 3479
f 3490 3269 3268
f 3479 3490 3268
f 3481 3490 3479
f 3492 3491 3483
f 3491 3481 3483
f 3491 3490 3481
f 3494 3491 3492
f 3484 3493 3486
f 3488 3493 3484
f 3495 3496 3272
f 3496 3267 3272
f 3496 3489 3267
f 3495 3272 3274
f 3495 3274 3497
f 3498 3499 3497
f 3498 3497 3274
f 3490 3498 3274
f 3269 3490 3274
f 3491 3500 3490
f 3490 3500 3498
f 3494 3500 3491
f 3495 3501 3496
f 3497 3502 3495
f 3495 3502 3501
f 3499 3502 3497
f 3504 3503 3505
f 3506 3503 3504
f 3276 3507 3275
f 3508 3505 3507
f 3505 3277 3507
f 3277 3275 3507
f 3505 3503 3277
f 3503 3506 3277
f 3506 3278 3277
f 3506 3509 3278
f 3276 3280 3507
f 3282 3510 3280
f 3280 3510 3507
f 3510 3511 3507
f 3511 3508 3507
f 3510 3283 3511
f 3283 3509 3511
f 3283 3278 3509
f 3282 3284 3510
f 3284 3283 3510
f 3286 3512 3285
f 3512 3288 3285
f 3290 3513 3289
f 3289 3513 3291
f 3291 3513 3514
f 3291 3514 3293
f 3293 3514 3515
f 3517 3516 3515
f 3516 3293 3515
f 3516 3295 3293
f 3516 3518 3295
f 3295 3518 3296
f 3299 3519 3298
f 3300 3512 3286
f 3519 3301 3298
f 3300 3288 3512
f 3303 3520 3302
f 3304 3513 3290
f 3520 3305 3302
f 3307 3521 3304
f 3521 3513 3304
f 3521 3514 3513
f 3521 3515 3514
f 3521 3522 3515
f 3309 3523 3517
f 3522 3309 3517
f 3515 3522 3517
f 3310 3309 3522
f 3309 3296 3523
f 3523 3296 3518
f 3299 3311 3519
f 3311 3301 3519
f 3520 3303 3524
f 3303 3525 3524
f 3303 3313 3525
f 3524 3526 3520
f 3526 3305 3520
f 3526 3314 3305
f 3307 3315 3521
f 3521 3315 3522
f 3522 3315 3316
f 3316 3310 3522
f 3319 3527 3318
f 3320 3318 3527
f 3529 3528 3530
f 3531 3528 3529
f 3533 3532 3534
f 3537 3532 3533
f 3322 3536 3525
f 3313 3322 3525
f 3535 3536 3322
f 3535 3538 3536
f 3538 3314 3536
f 3314 3526 3536
f 3538 3324 3314
f 3538 3325 3324
f 3527 3319 3539
f 3319 3540 3539
f 3319 3326 3540
f 3539 3327 3320
f 3527 3539 3320
f 3539 3541 3327
f 3528 3539 3530
f 3539 3528 3541
f 3542 3541 3531
f 3531 3541 3528
f 3329 3330 3532
f 3330 3534 3532
f 3330 3543 3534
f 3544 3535 3322
f 3329 3544 3322
f 3544 3532 3537
f 3544 3329 3532
f 3535 3544 3546
f 3545 3535 3546
f 3538 3535 3545
f 3545 3332 3538
f 3538 3332 3325
f 3335 3547 3334
f 3540 3326 3549
f 3326 3547 3549
f 3547 3548 3549
f 3547 3326 3334
f 3550 3549 3548
f 3327 3550 3548
f 3336 3327 3548
f 3550 3327 3541
f 3542 3550 3541
f 3330 3551 3543
f 3330 3337 3551
f 3552 3553 3554
f 3339 3338 3545
f 3339 3545 3546
f 3552 3339 3546
f 3553 3552 3546
f 3338 3332 3545
f 3342 3555 3341
f 3343 3547 3335
f 3555 3344 3341
f 3547 3343 3548
f 3548 3343 3345
f 3345 3336 3548
f 3557 3556 3558
f 3337 3346 3551
f 3346 3559 3551
f 3556 3557 3560
f 3554 3559 3552
f 3559 3347 3552
f 3559 3346 3347
f 3347 3339 3552
f 3342 3348 3555
f 3348 3344 3555
f 3556 3561 3558
f 3560 3561 3556
f 3351 3562 3350
f 3562 3352 3350
f 3355 3563 3354
f 3563 3356 3354
f 3351 3357 3562
f 3357 3352 3562
f 3360 3564 3359
f 3564 3361 3359
f 3565 3567 3566
f 3355 3362 3563
f 3569 3568 3566
f 3568 3565 3566
f 3356 3563 3362
f 3570 3568 3569
f 3360 3363 3564
f 3363 3361 3564
f 3565 3571 3567
f 3568 3572 3565
f 3565 3572 3571
f 3570 3572 3568
f 3366 3573 3365
f 3573 3367 3365
f 3370 3574 3369
f 3369 3574 3366
f 3574 3573 3366
f 3574 3575 3573
f 3575 3372 3573
f 3573 3372 3367
f 3374 3576 3373
f 3578 3577 3576
f 3577 3373 3576
f 3577 3375 3373
f 3577 3579 3375
f 3375 3579 3376
f 3370 3377 3574
f 3574 3377 3575
f 3575 3377 3378
f 3378 3372 3575
f 3576 3374 3580
f 3374 3581 3580
f 3374 3379 3581
f 3580 3578 3576
f 3380 3376 3579
f 3380 3579 3582
f 3583 3380 3582
f 3583 3381 3380
f 3583 3584 3381
f 3381 3584 3382
f 3379 3585 3581
f 3379 3383 3585
f 3586 3382 3584
f 3384 3382 3586
f 3588 3587 3589
f 3385 3587 3588
f 3585 3385 3588
f 3383 3385 3585
f 3387 3384 3586
f 3387 3586 3590
f 3590 3591 3387
f 3387 3591 3388
f 3390 3391 3587
f 3391 3589 3587
f 3391 3592 3589
f 3385 3390 3587
f 3591 3594 3593
f 3392 3591 3593
f 3388 3591 3392
f 3595 3593 3594
f 3597 3592 3596
f 3592 3393 3596
f 3592 3391 3393
f 3596 3598 3597
f 3392 3593 3599
f 3392 3599 3394
f 3600 3599 3595
f 3595 3599 3593
f 3396 3601 3395
f 3395 3601 3393
f 3601 3596 3393
f 3601 3602 3596
f 3602 3603 3598
f 3602 3598 3596
f 3394 3599 3604
f 3605 3394 3604
f 3397 3394 3605
f 3600 3604 3599
f 3396 3398 3601
f 3399 3606 3398
f 3606 3601 3398
f 3606 3602 3601
f 3606 3607 3603
f 3606 3603 3602
f 3608 3397 3605
f 3401 3397 3608
f 3399 3402 3606
f 3607 3606 3402
f 3403 3607 3402
f 3609 3607 3403
f 3611 3610 3406
f 3401 3611 3406
f 3608 3611 3401
f 3610 3407 3406
f 3612 3613 3408
f 3613 3403 3408
f 3613 3609 3403
f 3409 3612 3408
f 3614 3610 3611
f 3615 3412 3616
f 3616 3412 3614
f 3412 3407 3614
f 3407 3610 3614
f 3615 3413 3412
f 3414 3415 3612
f 3415 3613 3612
f 3415 3617 3613
f 3409 3414 3612
f 3618 3615 3616
f 3417 3413 3615
f 3620 3417 3615
f 3618 3620 3615
f 3619 3417 3620
f 3621 3619 3620
f 3420 3622 3419
f 3415 3419 3622
f 3623 3415 3622
f 3617 3415 3623
f 3417 3619 3624
f 3417 3624 3422
f 3625 3624 3621
f 3621 3624 3619
f 3420 3423 3622
f 3622 3423 3623
f 3423 3626 3623
f 3423 3425 3626
f 3627 3626 3425
f 3627 3425 3426
f 3422 3624 3628
f 3422 3628 3428
f 3629 3628 3625
f 3625 3628 3624
f 3426 3630 3627
f 3426 3429 3630
f 3633 3631 3431
f 3428 3633 3431
f 3633 3628 3632
f 3633 3428 3628
f 3628 3629 3632
f 3432 3431 3631
f 3429 3434 3630
f 3630 3434 3634
f 3635 3634 3434
f 3635 3434 3435
f 3636 3631 3633
f 3636 3637 3631
f 3637 3432 3631
f 3637 3437 3432
f 3435 3638 3635
f 3435 3438 3638
f 3639 3440 3439
f 3439 3437 3639
f 3437 3640 3639
f 3437 3637 3640
f 3438 3641 3638
f 3438 3442 3641
f 3440 3639 3642
f 3440 3642 3443
f 3643 3642 3640
f 3640 3642 3639
f 3446 3644 3445
f 3641 3442 3646
f 3442 3644 3646
f 3644 3645 3646
f 3644 3442 3445
f 3645 3647 3646
f 3443 3642 3648
f 3443 3648 3447
f 3649 3648 3643
f 3643 3648 3642
f 3644 3446 3650
f 3446 3651 3650
f 3446 3449 3651
f 3644 3650 3653
f 3652 3644 3653
f 3645 3644 3652
f 3654 3655 3647
f 3645 3654 3647
f 3652 3654 3645
f 3654 3656 3655
f 3452 3447 3648
f 3648 3649 3452
f 3649 3453 3452
f 3649 3657 3453
f 3449 3454 3651
f 3651 3454 3658
f 3653 3658 3652
f 3658 3455 3652
f 3658 3454 3455
f 3654 3652 3659
f 3652 3456 3659
f 3456 3660 3659
f 3652 3455 3456
f 3659 3656 3654
f 3661 3453 3657
f 3457 3453 3661
f 3663 3662 3664
f 3458 3662 3663
f 3660 3458 3663
f 3456 3458 3660
f 3665 3457 3661
f 3459 3457 3665
f 3662 3666 3664
f 3667 3666 3662
f 3458 3667 3662
f 3460 3667 3458
f 3668 3459 3665
f 3462 3459 3668
f 3460 3464 3667
f 3667 3464 3669
f 3464 3670 3669
f 3465 3670 3464
f 3671 3670 3465
f 3671 3465 3466
f 3672 3469 3468
f 3468 3462 3672
f 3462 3673 3672
f 3462 3668 3673
f 3466 3471 3671
f 3671 3471 3674
f 3472 3675 3676
f 3674 3472 3676
f 3471 3472 3674
f 3675 3472 3469
f 3672 3675 3469
f 3677 3675 3672
f 3679 3678 3673
f 3678 3672 3673
f 3678 3677 3672
f 3680 3678 3679
f 3475 3681 3474
f 3681 3476 3474
f 3683 3682 3478
f 3478 3682 3477
f 3682 3676 3675
f 3480 3682 3675
f 3477 3682 3480
f 3480 3675 3677
f 3480 3677 3482
f 3684 3483 3482
f 3677 3684 3482
f 3678 3684 3677
f 3678 3680 3684
f 3680 3686 3684
f 3485 3486 3685
f 3487 3681 3475
f 3685 3488 3485
f 3487 3476 3681
f 3688 3683 3687
f 3683 3489 3687
f 3683 3478 3489
f 3687 3689 3688
f 3492 3483 3684
f 3686 3691 3684
f 3691 3690 3684
f 3690 3492 3684
f 3492 3690 3494
f 3493 3685 3486
f 3493 3488 3685
f 3692 3690 3691
f 3687 3489 3693
f 3693 3489 3496
f 3693 3694 3689
f 3693 3689 3687
f 3695 3499 3498
f 3695 3498 3500
f 3695 3500 3696
f 3697 3698 3696
f 3697 3696 3500
f 3690 3697 3500
f 3494 3690 3500
f 3692 3697 3690
f 3496 3501 3693
f 3501 3502 3693
f 3502 3700 3693
f 3700 3694 3693
f 3700 3502 3699
f 3699 3502 3499
f 3695 3699 3499
f 3701 3699 3695
f 3696 3701 3695
f 3702 3701 3696
f 3703 3702 3698
f 3698 3702 3696
f 3700 3699 3705
f 3705 3699 3704
f 3701 3704 3699
f 3706 3704 3701
f 3702 3706 3701
f 3707 3706 3702
f 3709 3708 3703
f 3708 3702 3703
f 3708 3707 3702
f 3710 3708 3709
f 3712 3705 3704
f 3505 3711 3504
f 3711 3506 3504
f 3713 3712 3704
f 3706 3713 3704
f 3714 3712 3713
f 3707 3713 3706
f 3715 3713 3707
f 3717 3715 3716
f 3715 3708 3716
f 3715 3707 3708
f 3710 3716 3708
f 3711 3505 3718
f 3718 3505 3508
f 3718 3509 3711
f 3509 3506 3711
f 3719 3714 3713
f 3715 3720 3713
f 3713 3720 3719
f 3717 3720 3715
f 3508 3511 3718
f 3511 3509 3718
f 3722 3721 3723
f 3724 3721 3722
f 3517 3725 3516
f 3725 3518 3516
f 3727 3726 3728
f 3723 3721 3727
f 3721 3726 3727
f 3721 3729 3726
f 3730 3729 3724
f 3724 3729 3721
f 3517 3523 3725
f 3523 3518 3725
f 3732 3731 3733
f 3728 3726 3732
f 3726 3731 3732
f 3726 3734 3731
f 3525 3735 3524
f 3737 3729 3736
f 3737 3734 3729
f 3734 3726 3729
f 3729 3730 3736
f 3526 3524 3735
f 3530 3738 3529
f 3738 3531 3529
f 3731 3739 3733
f 3739 3731 3741
f 3731 3734 3741
f 3534 3740 3533
f 3741 3734 3737
f 3536 3735 3525
f 3537 3533 3740
f 3536 3526 3735
f 3540 3742 3539
f 3744 3743 3742
f 3742 3743 3539
f 3743 3738 3539
f 3738 3530 3539
f 3743 3745 3738
f 3745 3531 3738
f 3745 3542 3531
f 3740 3534 3746
f 3746 3534 3543
f 3537 3740 3544
f 3740 3747 3544
f 3740 3746 3747
f 3747 3546 3544
f 3749 3748 3750
f 3752 3751 3749
f 3749 3751 3748
f 3753 3751 3752
f 3540 3549 3742
f 3742 3549 3744
f 3549 3754 3744
f 3549 3550 3754
f 3550 3542 3754
f 3754 3542 3745
f 3746 3543 3755
f 3755 3543 3551
f 3553 3747 3554
f 3747 3755 3554
f 3747 3746 3755
f 3553 3546 3747
f 3750 3748 3757
f 3757 3748 3756
f 3751 3756 3748
f 3758 3756 3751
f 3760 3759 3753
f 3759 3751 3753
f 3759 3758 3751
f 3761 3759 3760
f 3558 3762 3557
f 3559 3755 3551
f 3762 3560 3557
f 3559 3554 3755
f 3756 3763 3757
f 3758 3764 3756
f 3756 3764 3763
f 3759 3765 3758
f 3758 3765 3764
f 3761 3765 3759
f 3558 3561 3762
f 3561 3560 3762
f 3567 3766 3566
f 3768 3767 3766
f 3767 3566 3766
f 3767 3569 3566
f 3767 3769 3569
f 3569 3769 3570
f 3567 3571 3766
f 3766 3571 3768
f 3571 3770 3768
f 3571 3572 3770
f 3572 3570 3770
f 3770 3570 3769
f 3578 3771 3577
f 3771 3579 3577
f 3581 3772 3580
f 3580 3772 3578
f 3772 3771 3578
f 3772 3773 3771
f 3579 3771 3582
f 3771 3774 3582
f 3771 3773 3774
f 3582 3774 3583
f 3583 3774 3775
f 3775 3584 3583
f 3772 3581 3776
f 3581 3777 3776
f 3581 3585 3777
f 3772 3776 3779
f 3778 3772 3779
f 3773 3772 3778
f 3778 3774 3773
f 3778 3780 3774
f 3780 3782 3781
f 3775 3780 3781
f 3774 3780 3775
f 3781 3783 3775
f 3783 3584 3775
f 3783 3586 3584
f 3589 3784 3588
f 3585 3588 3784
f 3785 3585 3784
f 3777 3585 3785
f 3786 3778 3779
f 3787 3780 3778
f 3787 3778 3786
f 3787 3782 3780
f 3590 3586 3783
f 3590 3783 3788
f 3788 3789 3590
f 3590 3789 3591
f 3784 3589 3790
f 3790 3589 3592
f 3790 3791 3785
f 3790 3785 3784
f 3594 3591 3789
f 3594 3789 3792
f 3792 3793 3594
f 3594 3793 3595
f 3592 3597 3790
f 3791 3790 3597
f 3598 3791 3597
f 3794 3791 3598
f 3795 3595 3793
f 3600 3595 3795
f 3598 3796 3794
f 3598 3603 3796
f 3797 3798 3605
f 3797 3605 3604
f 3604 3600 3797
f 3797 3600 3795
f 3603 3799 3796
f 3603 3607 3799
f 3800 3605 3798
f 3608 3605 3800
f 3607 3801 3799
f 3607 3609 3801
f 3802 3608 3800
f 3611 3608 3802
f 3609 3803 3801
f 3609 3613 3803
f 3614 3611 3802
f 3614 3802 3804
f 3804 3805 3614
f 3614 3805 3616
f 3807 3803 3806
f 3803 3617 3806
f 3803 3613 3617
f 3806 3808 3807
f 3810 3809 3618
f 3616 3810 3618
f 3805 3810 3616
f 3618 3809 3620
f 3620 3809 3811
f 3811 3621 3620
f 3806 3617 3812
f 3812 3617 3623
f 3812 3813 3808
f 3812 3808 3806
f 3814 3809 3810
f 3809 3814 3816
f 3815 3809 3816
f 3811 3809 3815
f 3815 3625 3811
f 3811 3625 3621
f 3623 3626 3812
f 3813 3812 3626
f 3627 3813 3626
f 3817 3813 3627
f 3815 3816 3819
f 3815 3819 3818
f 3818 3629 3815
f 3815 3629 3625
f 3627 3820 3817
f 3627 3630 3820
f 3633 3632 3818
f 3819 3633 3818
f 3821 3633 3819
f 3632 3629 3818
f 3630 3634 3820
f 3820 3634 3822
f 3823 3822 3634
f 3823 3634 3635
f 3825 3824 3636
f 3633 3825 3636
f 3821 3825 3633
f 3824 3637 3636
f 3827 3826 3828
f 3638 3826 3827
f 3823 3638 3827
f 3635 3638 3823
f 3829 3824 3825
f 3829 3830 3824
f 3830 3637 3824
f 3830 3640 3637
f 3826 3831 3828
f 3638 3641 3826
f 3641 3833 3826
f 3833 3831 3826
f 3641 3832 3833
f 3832 3834 3833
f 3835 3640 3830
f 3643 3640 3835
f 3641 3646 3832
f 3647 3836 3646
f 3646 3836 3832
f 3836 3837 3832
f 3837 3834 3832
f 3836 3838 3837
f 3839 3643 3835
f 3649 3643 3839
f 3651 3840 3650
f 3840 3653 3650
f 3647 3655 3836
f 3656 3841 3655
f 3655 3841 3836
f 3841 3842 3836
f 3842 3838 3836
f 3841 3843 3842
f 3844 3649 3839
f 3657 3649 3844
f 3651 3658 3840
f 3658 3653 3840
f 3660 3845 3659
f 3847 3846 3845
f 3845 3846 3659
f 3846 3841 3659
f 3841 3656 3659
f 3846 3843 3841
f 3848 3657 3844
f 3661 3657 3848
f 3664 3849 3663
f 3851 3850 3849
f 3849 3850 3663
f 3850 3845 3663
f 3845 3660 3663
f 3850 3847 3845
f 3852 3661 3848
f 3665 3661 3852
f 3664 3666 3849
f 3851 3849 3666
f 3667 3851 3666
f 3853 3851 3667
f 3854 3665 3852
f 3668 3665 3854
f 3667 3669 3853
f 3853 3669 3855
f 3670 3856 3857
f 3855 3670 3857
f 3669 3670 3855
f 3671 3856 3670
f 3858 3668 3854
f 3673 3668 3858
f 3856 3859 3857
f 3674 3860 3861
f 3674 3861 3859
f 3671 3674 3859
f 3856 3671 3859
f 3676 3860 3674
f 3679 3673 3858
f 3679 3858 3862
f 3862 3863 3679
f 3679 3863 3680
f 3865 3861 3860
f 3683 3864 3682
f 3676 3682 3864
f 3866 3676 3864
f 3676 3865 3860
f 3676 3866 3865
f 3867 3680 3863
f 3686 3680 3867
f 3683 3688 3864
f 3866 3864 3688
f 3689 3866 3688
f 3868 3866 3689
f 3870 3869 3691
f 3686 3870 3691
f 3867 3870 3686
f 3869 3692 3691
f 3689 3871 3868
f 3689 3694 3871
f 3698 3697 3869
f 3870 3698 3869
f 3872 3698 3870
f 3697 3692 3869
f 3874 3871 3873
f 3871 3700 3873
f 3871 3694 3700
f 3873 3875 3874
f 3876 3698 3872
f 3703 3698 3876
f 3873 3700 3877
f 3877 3700 3705
f 3877 3878 3875
f 3877 3875 3873
f 3880 3879 3709
f 3703 3880 3709
f 3876 3880 3703
f 3879 3710 3709
f 3705 3712 3877
f 3714 3881 3712
f 3712 3881 3877
f 3881 3882 3877
f 3882 3878 3877
f 3881 3883 3882
f 3717 3716 3879
f 3880 3717 3879
f 3884 3717 3880
f 3716 3710 3879
f 3714 3719 3881
f 3881 3719 3883
f 3719 3885 3883
f 3719 3720 3885
f 3720 3717 3885
f 3885 3717 3884
f 3887 3886 3888
f 3886 3887 3723
f 3887 3722 3723
f 3887 3889 3722
f 3724 3722 3890
f 3722 3891 3890
f 3722 3889 3891
f 3892 3890 3891
f 3727 3728 3886
f 3728 3888 3886
f 3728 3893 3888
f 3723 3727 3886
f 3724 3890 3894
f 3895 3724 3894
f 3730 3724 3895
f 3892 3894 3890
f 3733 3896 3732
f 3728 3732 3896
f 3897 3728 3896
f 3893 3728 3897
f 3898 3899 3737
f 3898 3737 3736
f 3736 3730 3898
f 3898 3730 3895
f 3733 3739 3896
f 3896 3739 3897
f 3739 3900 3897
f 3739 3741 3900
f 3741 3737 3900
f 3737 3899 3900
f 3901 3903 3902
f 3904 3901 3902
f 3906 3905 3907
f 3909 3908 3906
f 3906 3908 3905
f 3910 3908 3909
f 3744 3911 3743
f 3911 3745 3743
f 3901 3912 3903
f 3904 3912 3901
f 3914 3913 3915
f 3916 3913 3914
f 3750 3917 3749
f 3918 3907 3917
f 3907 3752 3917
f 3752 3749 3917
f 3907 3905 3752
f 3919 3753 3752
f 3905 3919 3752
f 3908 3919 3905
f 3921 3920 3910
f 3920 3908 3910
f 3920 3919 3908
f 3922 3920 3921
f 3744 3754 3911
f 3754 3745 3911
f 3913 3923 3915
f 3916 3923 3913
f 3917 3750 3924
f 3924 3750 3757
f 3924 3925 3918
f 3924 3918 3917
f 3760 3753 3919
f 3926 3761 3760
f 3919 3926 3760
f 3920 3926 3919
f 3927 3926 3922
f 3922 3926 3920
f 3757 3763 3924
f 3924 3763 3925
f 3763 3928 3925
f 3763 3764 3928
f 3764 3929 3928
f 3765 3929 3764
f 3926 3930 3761
f 3930 3765 3761
f 3930 3929 3765
f 3927 3930 3926
f 3932 3931 3933
f 3934 3931 3932
f 3768 3935 3767
f 3931 3936 3933
f 3769 3767 3935
f 3934 3936 3931
f 3768 3770 3935
f 3770 3769 3935
f 3938 3937 3939
f 3940 3937 3938
f 3777 3941 3776
f 3941 3779 3776
f 3782 3942 3781
f 3942 3783 3781
f 3937 3943 3939
f 3940 3943 3937
f 3941 3777 3944
f 3777 3945 3944
f 3777 3785 3945
f 3786 3779 3941
f 3944 3786 3941
f 3946 3786 3944
f 3947 3786 3946
f 3947 3787 3786
f 3948 3942 3782
f 3787 3948 3782
f 3947 3948 3787
f 3788 3783 3942
f 3948 3788 3942
f 3949 3788 3948
f 3949 3950 3788
f 3788 3950 3789
f 3785 3951 3945
f 3785 3791 3951
f 3792 3789 3950
f 3792 3950 3952
f 3952 3953 3792
f 3792 3953 3793
f 3791 3954 3951
f 3791 3794 3954
f 3955 3956 3957
f 3955 3795 3956
f 3795 3953 3956
f 3795 3793 3953
f 3794 3958 3954
f 3794 3796 3958
f 3798 3797 3955
f 3957 3798 3955
f 3959 3798 3957
f 3797 3795 3955
f 3796 3960 3958
f 3796 3799 3960
f 3961 3798 3959
f 3800 3798 3961
f 3799 3962 3960
f 3799 3801 3962
f 3961 3964 3963
f 3802 3961 3963
f 3800 3961 3802
f 3965 3963 3964
f 3967 3962 3966
f 3962 3803 3966
f 3962 3801 3803
f 3966 3968 3967
f 3804 3802 3963
f 3963 3965 3804
f 3965 3805 3804
f 3965 3969 3805
f 3803 3807 3966
f 3968 3966 3807
f 3808 3968 3807
f 3970 3968 3808
f 3971 3805 3969
f 3810 3805 3971
f 3808 3972 3970
f 3808 3813 3972
f 3814 3810 3971
f 3814 3971 3973
f 3973 3974 3814
f 3814 3974 3816
f 3976 3975 3977
f 3817 3975 3976
f 3972 3817 3976
f 3813 3817 3972
f 3978 3816 3974
f 3819 3816 3978
f 3975 3979 3977
f 3980 3979 3975
f 3817 3980 3975
f 3820 3980 3817
f 3981 3819 3978
f 3821 3819 3981
f 3820 3822 3980
f 3980 3822 3982
f 3822 3823 3983
f 3984 3822 3983
f 3982 3822 3984
f 3983 3985 3984
f 3981 3987 3986
f 3825 3981 3986
f 3821 3981 3825
f 3988 3986 3987
f 3828 3989 3827
f 3827 3989 3823
f 3989 3983 3823
f 3989 3990 3983
f 3990 3991 3985
f 3990 3985 3983
f 3829 3825 3986
f 3992 3830 3829
f 3992 3829 3986
f 3993 3992 3986
f 3988 3993 3986
f 3994 3992 3993
f 3828 3831 3989
f 3989 3831 3990
f 3990 3831 3833
f 3991 3990 3833
f 3834 3991 3833
f 3995 3991 3834
f 3830 3992 3996
f 3830 3996 3835
f 3997 3996 3994
f 3994 3996 3992
f 3834 3837 3995
f 3995 3837 3998
f 3999 3998 3837
f 3999 3837 3838
f 3835 3996 4000
f 3835 4000 3839
f 4001 4000 3997
f 3997 4000 3996
f 4002 4003 3842
f 4003 3838 3842
f 4003 3999 3838
f 3843 4002 3842
f 3839 4000 4004
f 4005 3839 4004
f 3844 3839 4005
f 4001 4004 4000
f 4007 4003 4002
f 3847 4006 3846
f 3843 4009 4007
f 4002 3843 4007
f 3843 4008 4009
f 4006 3843 3846
f 3843 4006 4008
f 4008 4010 4009
f 4011 3844 4005
f 3848 3844 4011
f 3851 4012 3850
f 3850 4012 3847
f 4012 4006 3847
f 4012 4013 4006
f 4013 4008 4006
f 4013 4014 4008
f 4014 4015 4010
f 4014 4010 4008
f 4016 3848 4011
f 3852 3848 4016
f 4012 3851 4017
f 4017 3851 3853
f 4017 4013 4012
f 4017 4018 4013
f 4018 4014 4013
f 4018 4019 4014
f 4019 4020 4015
f 4019 4015 4014
f 4021 4022 4023
f 4021 3854 4022
f 3854 4016 4022
f 3854 3852 4016
f 3853 3855 4017
f 3857 4024 3855
f 4024 4017 3855
f 4024 4018 4017
f 4024 4026 4025
f 4019 4024 4025
f 4018 4024 4019
f 4025 4020 4019
f 4027 4021 4023
f 4027 4028 4021
f 4028 3854 4021
f 4028 3858 3854
f 3857 3859 4024
f 4026 4024 3859
f 3861 4026 3859
f 4029 4026 3861
f 4031 4030 3862
f 3858 4031 3862
f 4028 4031 3858
f 4030 3863 3862
f 3861 3865 4029
f 4029 3865 4032
f 4033 4032 3865
f 4033 3865 3866
f 4030 4031 4035
f 4030 4035 4034
f 4034 3867 4030
f 4030 3867 3863
f 4037 4033 4036
f 4033 3868 4036
f 4033 3866 3868
f 4036 4038 4037
f 4034 4035 4040
f 4034 4040 4039
f 4039 3870 4034
f 4034 3870 3867
f 4036 3868 4041
f 4041 3868 3871
f 4042 4043 4038
f 4036 4042 4038
f 4041 4042 4036
f 4039 4040 4043
f 4042 4039 4043
f 4044 4039 4042
f 4044 3872 4039
f 4039 3872 3870
f 3871 3874 4041
f 3875 4045 3874
f 4045 4041 3874
f 4045 4042 4041
f 4045 4044 4042
f 4045 4046 4044
f 4046 3876 4044
f 4044 3876 3872
f 4045 3875 4047
f 4047 3875 3878
f 4047 4049 4048
f 4046 4047 4048
f 4045 4047 4046
f 4048 4050 4046
f 4050 3876 4046
f 4050 3880 3876
f 3878 3882 4047
f 3883 4051 3882
f 3882 4051 4047
f 4051 4052 4047
f 4052 4049 4047
f 4051 3884 4052
f 3884 4050 4052
f 3884 3880 4050
f 3883 3885 4051
f 3885 3884 4051
f 3888 4053 3887
f 4055 4054 4053
f 4054 3887 4053
f 4054 3889 3887
f 4056 3889 4054
f 4056 3891 3889
f 3892 3891 4057
f 3891 4058 4057
f 3891 4056 4058
f 4060 4059 4058
f 4058 4059 4057
f 4061 4059 4060
f 4053 3888 4062
f 3888 4063 4062
f 3888 3893 4063
f 4062 4055 4053
f 4064 4065 3895
f 4064 3895 3894
f 4057 4066 3892
f 4066 3894 3892
f 4066 4064 3894
f 4059 4067 4057
f 4057 4067 4066
f 4061 4067 4059
f 4069 4063 4068
f 4063 3897 4068
f 4063 3893 3897
f 4069 4068 3899
f 3898 4069 3899
f 4070 4069 3898
f 3898 3895 4070
f 4070 3895 4065
f 4072 4071 4073
f 4075 4074 4072
f 4072 4074 4071
f 4076 4074 4075
f 3897 3900 4068
f 3899 4068 3900
f 4077 3902 3903
f 3904 3902 4077
f 4079 4078 4080
f 4082 4081 4079
f 4079 4081 4078
f 4083 4081 4082
f 3907 4084 3906
f 3906 4084 3909
f 3909 4084 4085
f 3910 3909 4085
f 4087 4086 4088
f 4090 4089 4087
f 4087 4089 4086
f 4092 4091 4090
f 4090 4091 4089
f 4094 4093 4092
f 4092 4093 4091
f 4073 4071 4094
f 4071 4093 4094
f 4071 4095 4093
f 4074 4095 4071
f 4096 4095 4074
f 4097 4096 4076
f 4076 4096 4074
f 3903 3912 4077
f 4098 4099 4078
f 4099 4080 4078
f 3912 3904 4077
f 4081 3914 3915
f 4098 4081 3915
f 4078 4081 4098
f 4081 4083 3914
f 4083 3916 3914
f 4083 4100 3916
f 4084 3907 4101
f 4101 3907 3918
f 4101 4103 4102
f 4085 4101 4102
f 4084 4101 4085
f 4102 4088 4086
f 3921 4102 4086
f 4102 3910 4085
f 4102 3921 3910
f 4104 3922 3921
f 4086 4104 3921
f 4089 4104 4086
f 4106 4104 4105
f 4104 4091 4105
f 4104 4089 4091
f 4093 4107 4091
f 4091 4107 4105
f 4107 4093 4109
f 4093 4108 4109
f 4093 4095 4108
f 4111 4108 4110
f 4108 4096 4110
f 4108 4095 4096
f 4097 4110 4096
f 4098 4112 4099
f 3915 3923 4098
f 3923 4112 4098
f 3923 4113 4112
f 3923 3916 4113
f 4113 3916 4100
f 4101 3918 4114
f 3918 4115 4114
f 3918 3925 4115
f 4114 4103 4101
f 3922 4104 4116
f 4117 3922 4116
f 3927 3922 4117
f 4106 4116 4104
f 4108 4118 4109
f 4111 4118 4108
f 3925 3928 4115
f 4115 3928 4119
f 3928 4120 4119
f 3929 4120 3928
f 3929 4121 4120
f 3930 4121 3929
f 3930 3927 4121
f 4121 3927 4117
f 4123 4122 4124
f 4125 4122 4123
f 4127 4124 4122
f 3933 4126 3932
f 4122 4125 4127
f 3934 3932 4126
f 3933 3936 4126
f 3936 3934 4126
f 3939 4128 3938
f 4128 3940 3938
f 4130 4129 4131
f 4132 4129 4130
f 3943 4128 3939
f 3943 3940 4128
f 4134 4133 3945
f 3945 4133 3944
f 4135 3944 4133
f 4135 3946 3944
f 4136 3946 4135
f 4136 3947 3946
f 4137 3948 4138
f 3948 4136 4138
f 3948 3947 4136
f 3948 4137 3949
f 3949 4137 4139
f 4139 3950 3949
f 4129 4140 4131
f 4132 4140 4129
f 3945 4141 4134
f 3945 3951 4141
f 4142 4137 4138
f 4137 4142 4144
f 4143 4137 4144
f 4139 4137 4143
f 3950 4139 3952
f 4139 4145 3952
f 4139 4143 4145
f 4145 3953 3952
f 3951 4146 4141
f 3951 3954 4146
f 4143 4144 4148
f 4143 4148 4147
f 3956 4145 3957
f 4145 4147 3957
f 4145 4143 4147
f 3956 3953 4145
f 4150 4149 4151
f 3958 4149 4150
f 4146 3958 4150
f 3954 3958 4146
f 4147 4148 4153
f 4147 4153 4152
f 4152 3959 4147
f 4147 3959 3957
f 4151 4149 4155
f 4155 4149 4154
f 3960 4154 4149
f 3960 4149 3958
f 4156 4152 4153
f 4156 4157 4152
f 4157 3959 4152
f 4157 3961 3959
f 4154 4158 4155
f 4159 4158 4154
f 3960 4159 4154
f 3962 4159 3960
f 3964 3961 4157
f 3964 4157 4160
f 4160 4161 3964
f 3964 4161 3965
f 3962 3967 4159
f 4159 3967 4162
f 4163 4162 3967
f 4163 3967 3968
f 4164 3965 4161
f 3969 3965 4164
f 3968 4165 4163
f 3968 3970 4165
f 4164 4167 4166
f 3971 4164 4166
f 3969 4164 3971
f 4168 4166 4167
f 3970 4169 4165
f 3970 3972 4169
f 4170 4171 4172
f 4170 4173 4171
f 3973 3971 4166
f 4174 3974 3973
f 4174 3973 4166
f 4175 4174 4166
f 4168 4175 4166
f 4176 4174 4175
f 3977 4177 3976
f 3972 3976 4177
f 4178 3972 4177
f 4169 3972 4178
f 4179 4170 4172
f 4179 4173 4170
f 3974 4174 4180
f 3974 4180 3978
f 4182 4181 4176
f 4181 4174 4176
f 4181 4180 4174
f 4183 4181 4182
f 3977 3979 4177
f 4178 4177 3979
f 3980 4178 3979
f 4184 4178 3980
f 3978 4180 4185
f 3978 4185 3981
f 4181 4185 4180
f 4186 4185 4181
f 4187 4186 4183
f 4183 4186 4181
f 3980 3982 4184
f 4184 3982 4188
f 3982 4189 4188
f 3984 4189 3982
f 3984 3985 4190
f 4191 3984 4190
f 4189 3984 4191
f 4190 4192 4191
f 3987 3981 4185
f 4193 3988 3987
f 4185 4193 3987
f 4186 4193 4185
f 4194 4193 4187
f 4187 4193 4186
f 4190 3985 4195
f 3985 4196 4195
f 3985 3991 4196
f 4195 4192 4190
f 3993 3988 4193
f 4193 4194 3993
f 4194 3994 3993
f 4194 4197 3994
f 3991 4198 4196
f 3991 3995 4198
f 4199 3994 4197
f 3997 3994 4199
f 3995 3998 4198
f 4198 3998 4200
f 4201 4200 3998
f 4201 3998 3999
f 4202 3997 4199
f 4001 3997 4202
f 4204 4201 4203
f 4201 4003 4203
f 4201 3999 4003
f 4203 4205 4204
f 4206 4207 4005
f 4206 4005 4004
f 4004 4001 4206
f 4206 4001 4202
f 4003 4007 4203
f 4203 4007 4205
f 4007 4208 4205
f 4007 4009 4208
f 4009 4010 4209
f 4210 4009 4209
f 4208 4009 4210
f 4211 4212 4210
f 4211 4210 4209
f 4211 4011 4212
f 4011 4207 4212
f 4011 4005 4207
f 4209 4010 4213
f 4213 4010 4015
f 4213 4211 4209
f 4213 4214 4211
f 4214 4016 4211
f 4211 4016 4011
f 4213 4015 4215
f 4215 4015 4020
f 4022 4214 4023
f 4214 4215 4023
f 4214 4213 4215
f 4022 4016 4214
f 4026 4216 4025
f 4025 4216 4020
f 4216 4215 4020
f 4216 4217 4215
f 4023 4215 4027
f 4215 4218 4027
f 4215 4217 4218
f 4218 4028 4027
f 4216 4026 4219
f 4219 4026 4029
f 4219 4217 4216
f 4219 4220 4217
f 4220 4218 4217
f 4220 4221 4218
f 4221 4031 4218
f 4218 4031 4028
f 4029 4032 4219
f 4033 4222 4032
f 4222 4219 4032
f 4222 4220 4219
f 4222 4224 4223
f 4221 4222 4223
f 4220 4222 4221
f 4223 4225 4221
f 4225 4031 4221
f 4225 4035 4031
f 4033 4037 4222
f 4038 4226 4037
f 4037 4226 4222
f 4226 4227 4222
f 4227 4224 4222
f 4226 4040 4227
f 4040 4225 4227
f 4040 4035 4225
f 4038 4043 4226
f 4043 4040 4226
f 4049 4228 4048
f 4228 4050 4048
f 4049 4052 4228
f 4052 4050 4228
f 4055 4229 4054
f 4054 4229 4056
f 4056 4229 4230
f 4056 4230 4058
f 4058 4230 4231
f 4058 4231 4060
f 4060 4231 4232
f 4232 4061 4060
f 4234 4233 4235
f 4236 4233 4234
f 4063 4237 4062
f 4062 4237 4055
f 4237 4229 4055
f 4237 4238 4229
f 4064 4230 4065
f 4230 4238 4065
f 4230 4229 4238
f 4230 4064 4231
f 4064 4066 4231
f 4241 4240 4239
f 4067 4232 4066
f 4232 4231 4066
f 4242 4239 4240
f 4067 4061 4232
f 4233 4243 4235
f 4236 4243 4233
f 4063 4069 4237
f 4237 4069 4238
f 4238 4069 4070
f 4070 4065 4238
f 4244 4246 4245
f 4241 4239 4245
f 4239 4244 4245
f 4239 4247 4244
f 4248 4247 4242
f 4242 4247 4239
f 4250 4249 4251
f 4252 4249 4250
f 4073 4253 4072
f 4072 4253 4075
f 4075 4253 4254
f 4254 4076 4075
f 4079 4080 4244
f 4080 4246 4244
f 4080 4255 4246
f 4079 4244 4247
f 4079 4247 4082
f 4247 4248 4082
f 4248 4083 4082
f 4248 4256 4083
f 4088 4257 4087
f 4087 4257 4090
f 4257 4258 4090
f 4251 4249 4259
f 4260 4092 4258
f 4092 4090 4258
f 4252 4259 4249
f 4092 4260 4094
f 4094 4260 4261
f 4094 4261 4073
f 4261 4253 4073
f 4261 4262 4253
f 4262 4254 4253
f 4262 4263 4254
f 4263 4097 4254
f 4254 4097 4076
f 4080 4264 4255
f 4080 4099 4264
f 4265 4083 4256
f 4100 4083 4265
f 4103 4266 4102
f 4268 4267 4266
f 4266 4267 4102
f 4267 4257 4102
f 4257 4088 4102
f 4269 4258 4257
f 4269 4257 4267
f 4270 4106 4269
f 4106 4260 4269
f 4260 4258 4269
f 4260 4106 4105
f 4260 4105 4261
f 4261 4105 4107
f 4109 4271 4107
f 4271 4261 4107
f 4271 4262 4261
f 4110 4263 4111
f 4263 4271 4111
f 4263 4262 4271
f 4110 4097 4263
f 4099 4112 4264
f 4264 4112 4272
f 4112 4273 4272
f 4113 4273 4112
f 4113 4100 4273
f 4273 4100 4265
f 4115 4274 4114
f 4114 4274 4103
f 4274 4266 4103
f 4274 4275 4266
f 4275 4276 4268
f 4275 4268 4266
f 4277 4117 4116
f 4116 4106 4277
f 4106 4278 4277
f 4106 4270 4278
f 4109 4118 4271
f 4118 4111 4271
f 4115 4119 4274
f 4274 4119 4275
f 4275 4119 4120
f 4275 4120 4276
f 4120 4279 4276
f 4120 4121 4279
f 4277 4280 4117
f 4280 4121 4117
f 4280 4279 4121
f 4278 4280 4277
f 4282 4281 4283
f 4281 4282 4285
f 4123 4124 4284
f 4284 4125 4123
f 4281 4286 4283
f 4285 4286 4281
f 4127 4284 4124
f 4127 4125 4284
f 4288 4287 4289
f 4290 4287 4288
f 4287 4291 4289
f 4290 4291 4287
f 4131 4292 4130
f 4292 4132 4130
f 4134 4293 4133
f 4133 4293 4135
f 4135 4293 4294
f 4135 4294 4136
f 4136 4294 4295
f 4295 4138 4136
f 4131 4140 4292
f 4140 4132 4292
f 4293 4134 4296
f 4296 4134 4141
f 4296 4294 4293
f 4296 4297 4294
f 4297 4295 4294
f 4297 4298 4295
f 4138 4295 4142
f 4295 4299 4142
f 4295 4298 4299
f 4299 4144 4142
f 4296 4141 4300
f 4300 4141 4146
f 4300 4297 4296
f 4300 4301 4297
f 4301 4303 4302
f 4298 4301 4302
f 4297 4301 4298
f 4298 4302 4305
f 4304 4298 4305
f 4299 4298 4304
f 4304 4148 4299
f 4299 4148 4144
f 4307 4306 4308
f 4309 4306 4307
f 4311 4310 4151
f 4151 4310 4150
f 4312 4300 4146
f 4150 4312 4146
f 4310 4312 4150
f 4313 4301 4300
f 4313 4300 4312
f 4313 4303 4301
f 4314 4304 4305
f 4314 4315 4304
f 4315 4148 4304
f 4315 4153 4148
f 4308 4306 4317
f 4317 4306 4316
f 4318 4316 4309
f 4309 4316 4306
f 4151 4319 4311
f 4151 4155 4319
f 4156 4153 4315
f 4156 4315 4320
f 4320 4321 4156
f 4156 4321 4157
f 4317 4316 4323
f 4323 4316 4322
f 4324 4322 4318
f 4318 4322 4316
f 4155 4158 4319
f 4319 4158 4325
f 4326 4325 4158
f 4326 4158 4159
f 4160 4157 4321
f 4160 4321 4327
f 4327 4328 4160
f 4160 4328 4161
f 4322 4329 4323
f 4324 4329 4322
f 4330 4331 4162
f 4331 4159 4162
f 4331 4326 4159
f 4163 4330 4162
f 4328 4333 4332
f 4164 4328 4332
f 4161 4328 4164
f 4334 4332 4333
f 4330 4335 4331
f 4336 4335 4330
f 4163 4336 4330
f 4165 4336 4163
f 4337 4338 4339
f 4340 4341 4338
f 4340 4338 4337
f 4340 4342 4341
f 4345 4343 4167
f 4164 4345 4167
f 4345 4332 4344
f 4345 4164 4332
f 4332 4334 4344
f 4168 4167 4343
f 4165 4346 4336
f 4165 4169 4346
f 4337 4339 4348
f 4337 4348 4347
f 4171 4340 4172
f 4340 4347 4172
f 4340 4337 4347
f 4173 4349 4171
f 4171 4349 4340
f 4349 4350 4340
f 4350 4342 4340
f 4349 4351 4350
f 4352 4343 4345
f 4175 4168 4343
f 4352 4175 4343
f 4353 4175 4352
f 4353 4354 4175
f 4175 4354 4176
f 4356 4346 4355
f 4346 4178 4355
f 4346 4169 4178
f 4347 4348 4356
f 4355 4347 4356
f 4357 4347 4355
f 4172 4347 4179
f 4347 4358 4179
f 4347 4357 4358
f 4360 4359 4358
f 4358 4359 4179
f 4359 4349 4179
f 4349 4173 4179
f 4359 4351 4349
f 4182 4176 4354
f 4182 4354 4361
f 4361 4362 4182
f 4182 4362 4183
f 4355 4178 4363
f 4363 4178 4184
f 4363 4357 4355
f 4363 4364 4357
f 4364 4358 4357
f 4364 4365 4358
f 4365 4366 4360
f 4365 4360 4358
f 4367 4183 4362
f 4187 4183 4367
f 4184 4188 4363
f 4363 4188 4364
f 4364 4188 4189
f 4364 4189 4365
f 4365 4189 4191
f 4192 4368 4191
f 4191 4368 4365
f 4368 4369 4365
f 4369 4366 4365
f 4368 4370 4369
f 4371 4187 4367
f 4194 4187 4371
f 4196 4372 4195
f 4374 4373 4372
f 4372 4373 4195
f 4373 4368 4195
f 4368 4192 4195
f 4373 4370 4368
f 4375 4376 4377
f 4375 4197 4376
f 4197 4371 4376
f 4197 4194 4371
f 4372 4196 4378
f 4196 4379 4378
f 4196 4198 4379
f 4378 4374 4372
f 4375 4377 4381
f 4375 4381 4380
f 4380 4199 4375
f 4375 4199 4197
f 4382 4383 4200
f 4383 4198 4200
f 4383 4379 4198
f 4201 4382 4200
f 4380 4381 4385
f 4380 4385 4384
f 4384 4202 4380
f 4380 4202 4199
f 4387 4386 4388
f 4390 4389 4387
f 4387 4389 4386
f 4392 4391 4390
f 4390 4391 4389
f 4393 4391 4392
f 4383 4382 4395
f 4395 4382 4394
f 4394 4382 4201
f 4396 4394 4201
f 4204 4396 4201
f 4394 4396 4397
f 4398 4396 4204
f 4398 4204 4205
f 4399 4400 4401
f 4402 4403 4400
f 4402 4400 4399
f 4207 4206 4384
f 4207 4384 4385
f 4402 4207 4385
f 4403 4402 4385
f 4206 4202 4384
f 4388 4386 4405
f 4405 4386 4404
f 4407 4404 4406
f 4404 4389 4406
f 4404 4386 4389
f 4391 4408 4389
f 4389 4408 4406
f 4393 4408 4391
f 4395 4394 4410
f 4410 4394 4409
f 4411 4409 4397
f 4397 4409 4394
f 4205 4208 4398
f 4398 4208 4412
f 4401 4412 4399
f 4412 4210 4399
f 4412 4208 4210
f 4399 4210 4402
f 4402 4210 4212
f 4212 4207 4402
f 4404 4413 4405
f 4407 4413 4404
f 4409 4414 4410
f 4411 4414 4409
f 4224 4415 4223
f 4415 4225 4223
f 4224 4227 4415
f 4227 4225 4415
f 4417 4416 4418
f 4419 4416 4417
f 4421 4420 4422
f 4424 4423 4421
f 4421 4423 4420
f 4426 4425 4424
f 4424 4425 4423
f 4427 4425 4426
f 4235 4428 4234
f 4416 4429 4418
f 4236 4234 4428
f 4419 4429 4416
f 4420 4430 4422
f 4423 4431 4420
f 4420 4431 4430
f 4241 4432 4431
f 4425 4241 4431
f 4423 4425 4431
f 4241 4425 4240
f 4425 4427 4240
f 4427 4242 4240
f 4427 4433 4242
f 4235 4243 4428
f 4243 4236 4428
f 4246 4434 4245
f 4241 4245 4434
f 4435 4241 4434
f 4432 4241 4435
f 4436 4242 4433
f 4248 4242 4436
f 4251 4437 4250
f 4437 4252 4250
f 4434 4246 4438
f 4438 4246 4255
f 4439 4440 4435
f 4434 4439 4435
f 4438 4439 4434
f 4439 4256 4440
f 4256 4436 4440
f 4256 4248 4436
f 4251 4259 4437
f 4259 4252 4437
f 4438 4255 4441
f 4441 4255 4264
f 4441 4439 4438
f 4441 4442 4439
f 4442 4265 4439
f 4439 4265 4256
f 4268 4443 4267
f 4267 4443 4269
f 4269 4443 4444
f 4444 4270 4269
f 4264 4272 4441
f 4441 4272 4442
f 4442 4272 4273
f 4273 4265 4442
f 4443 4268 4445
f 4445 4268 4276
f 4445 4444 4443
f 4445 4446 4444
f 4446 4278 4444
f 4444 4278 4270
f 4276 4279 4445
f 4445 4279 4446
f 4446 4279 4280
f 4280 4278 4446
f 4448 4447 4449
f 4450 4447 4448
f 4447 4451 4449
f 4450 4451 4447
f 4283 4452 4282
f 4452 4285 4282
f 4454 4453 4455
f 4456 4453 4454
f 4283 4286 4452
f 4286 4285 4452
f 4453 4457 4455
f 4288 4289 4458
f 4289 4459 4458
f 4453 4456 4457
f 4458 4460 4288
f 4288 4460 4290
f 4289 4291 4459
f 4459 4291 4461
f 4291 4290 4461
f 4461 4290 4460
f 4303 4462 4302
f 4462 4305 4302
f 4464 4463 4308
f 4308 4463 4307
f 4463 4465 4307
f 4307 4465 4309
f 4311 4466 4310
f 4310 4466 4312
f 4312 4466 4467
f 4312 4467 4313
f 4313 4467 4468
f 4313 4468 4303
f 4468 4462 4303
f 4468 4469 4462
f 4305 4462 4314
f 4462 4470 4314
f 4462 4469 4470
f 4470 4315 4314
f 4472 4464 4471
f 4464 4317 4471
f 4464 4308 4317
f 4471 4318 4472
f 4318 4465 4472
f 4318 4309 4465
f 4466 4311 4473
f 4473 4311 4319
f 4473 4467 4466
f 4473 4474 4467
f 4474 4468 4467
f 4474 4475 4468
f 4475 4469 4468
f 4475 4476 4469
f 4476 4470 4469
f 4476 4477 4470
f 4315 4470 4320
f 4470 4478 4320
f 4470 4477 4478
f 4478 4321 4320
f 4471 4317 4479
f 4479 4317 4323
f 4479 4324 4471
f 4471 4324 4318
f 4319 4325 4473
f 4326 4480 4325
f 4480 4473 4325
f 4480 4474 4473
f 4480 4475 4474
f 4480 4481 4475
f 4481 4476 4475
f 4481 4482 4476
f 4482 4477 4476
f 4482 4483 4477
f 4483 4478 4477
f 4483 4484 4478
f 4321 4478 4327
f 4478 4485 4327
f 4478 4484 4485
f 4485 4328 4327
f 4323 4329 4479
f 4329 4324 4479
f 4480 4326 4486
f 4486 4326 4331
f 4486 4481 4480
f 4486 4487 4481
f 4487 4482 4481
f 4487 4488 4482
f 4488 4483 4482
f 4488 4489 4483
f 4489 4484 4483
f 4489 4490 4484
f 4490 4485 4484
f 4490 4491 4485
f 4328 4485 4333
f 4485 4492 4333
f 4485 4491 4492
f 4492 4334 4333
f 4331 4335 4486
f 4336 4493 4335
f 4493 4486 4335
f 4493 4487 4486
f 4338 4488 4339
f 4488 4493 4339
f 4488 4487 4493
f 4488 4338 4489
f 4489 4338 4341
f 4342 4494 4341
f 4494 4489 4341
f 4494 4490 4489
f 4494 4491 4490
f 4494 4495 4491
f 4344 4492 4345
f 4492 4495 4345
f 4492 4491 4495
f 4344 4334 4492
f 4493 4336 4496
f 4496 4336 4346
f 4496 4348 4493
f 4493 4348 4339
f 4342 4350 4494
f 4351 4497 4350
f 4497 4494 4350
f 4497 4495 4494
f 4345 4495 4352
f 4495 4498 4352
f 4495 4497 4498
f 4500 4499 4498
f 4499 4352 4498
f 4499 4353 4352
f 4499 4501 4353
f 4353 4501 4354
f 4346 4356 4496
f 4356 4348 4496
f 4360 4502 4359
f 4504 4503 4502
f 4502 4503 4359
f 4503 4497 4359
f 4497 4351 4359
f 4505 4498 4497
f 4505 4497 4503
f 4505 4500 4498
f 4507 4506 4361
f 4354 4507 4361
f 4501 4507 4354
f 4506 4362 4361
f 4502 4360 4508
f 4360 4509 4508
f 4360 4366 4509
f 4508 4504 4502
f 4510 4506 4507
f 4510 4511 4506
f 4511 4362 4506
f 4511 4367 4362
f 4366 4369 4509
f 4509 4369 4512
f 4513 4512 4369
f 4513 4369 4370
f 4514 4515 4516
f 4514 4371 4515
f 4371 4511 4515
f 4371 4367 4511
f 4374 4517 4373
f 4370 4373 4517
f 4518 4370 4517
f 4513 4370 4518
f 4377 4376 4514
f 4516 4377 4514
f 4519 4377 4516
f 4376 4371 4514
f 4379 4520 4378
f 4378 4520 4374
f 4520 4517 4374
f 4520 4521 4517
f 4522 4523 4518
f 4517 4522 4518
f 4521 4522 4517
f 4522 4524 4523
f 4525 4377 4519
f 4381 4377 4525
f 4520 4379 4526
f 4526 4379 4383
f 4526 4521 4520
f 4526 4527 4521
f 4527 4522 4521
f 4527 4528 4522
f 4529 4530 4524
f 4522 4529 4524
f 4528 4529 4522
f 4531 4532 4530
f 4531 4530 4529
f 4533 4535 4534
f 4531 4525 4532
f 4531 4385 4525
f 4385 4381 4525
f 4536 4533 4534
f 4538 4537 4539
f 4537 4538 4541
f 4387 4388 4540
f 4387 4540 4390
f 4390 4540 4542
f 4390 4542 4392
f 4392 4542 4543
f 4543 4393 4392
f 4526 4383 4544
f 4544 4383 4395
f 4396 4527 4397
f 4527 4544 4397
f 4527 4526 4544
f 4398 4545 4396
f 4545 4527 4396
f 4545 4528 4527
f 4400 4529 4401
f 4529 4545 4401
f 4529 4528 4545
f 4529 4400 4531
f 4531 4400 4403
f 4533 4546 4535
f 4403 4385 4531
f 4536 4546 4533
f 4537 4547 4539
f 4405 4548 4388
f 4548 4540 4388
f 4547 4537 4541
f 4406 4542 4407
f 4542 4548 4407
f 4542 4540 4548
f 4542 4406 4543
f 4543 4406 4408
f 4408 4393 4543
f 4544 4395 4549
f 4549 4395 4410
f 4549 4411 4544
f 4544 4411 4397
f 4398 4412 4545
f 4412 4401 4545
f 4405 4413 4548
f 4413 4407 4548
f 4410 4414 4549
f 4414 4411 4549
f 4418 4550 4417
f 4550 4419 4417
f 4422 4551 4421
f 4421 4551 4424
f 4424 4551 4552
f 4424 4552 4426
f 4426 4552 4553
f 4553 4427 4426
f 4418 4429 4550
f 4429 4419 4550
f 4422 4430 4551
f 4551 4430 4552
f 4552 4430 4431
f 4432 4554 4431
f 4554 4552 4431
f 4554 4553 4552
f 4554 4433 4553
f 4553 4433 4427
f 4554 4432 4555
f 4555 4432 4435
f 4555 4436 4554
f 4554 4436 4433
f 4435 4440 4555
f 4440 4436 4555
f 4449 4556 4448
f 4556 4450 4448
f 4449 4451 4556
f 4451 4450 4556
f 4455 4557 4454
f 4557 4456 4454
f 4455 4457 4557
f 4456 4557 4457
f 4558 4458 4459
f 4558 4460 4458
f 4459 4461 4558
f 4461 4460 4558
f 4464 4559 4463
f 4559 4465 4463
f 4464 4472 4559
f 4472 4465 4559
f 4500 4560 4499
f 4560 4501 4499
f 4504 4561 4503
f 4503 4561 4505
f 4505 4561 4562
f 4505 4562 4500
f 4562 4560 4500
f 4562 4563 4560
f 4563 4507 4560
f 4560 4507 4501
f 4509 4564 4508
f 4508 4564 4504
f 4564 4561 4504
f 4564 4565 4561
f 4565 4562 4561
f 4565 4566 4562
f 4566 4568 4567
f 4563 4566 4567
f 4562 4566 4563
f 4569 4510 4570
f 4570 4510 4567
f 4510 4507 4567
f 4507 4563 4567
f 4569 4511 4510
f 4509 4512 4564
f 4513 4571 4512
f 4571 4564 4512
f 4571 4565 4564
f 4571 4573 4572
f 4566 4571 4572
f 4565 4571 4566
f 4572 4568 4566
f 4570 4575 4574
f 4516 4570 4574
f 4570 4515 4569
f 4570 4516 4515
f 4515 4511 4569
f 4576 4574 4575
f 4571 4513 4577
f 4577 4513 4518
f 4578 4579 4573
f 4571 4578 4573
f 4577 4578 4571
f 4578 4580 4579
f 4516 4574 4581
f 4516 4581 4519
f 4582 4581 4576
f 4576 4581 4574
f 4518 4523 4577
f 4524 4583 4523
f 4583 4577 4523
f 4583 4578 4577
f 4584 4585 4580
f 4578 4584 4580
f 4583 4584 4578
f 4586 4585 4584
f 4519 4586 4584
f 4525 4519 4584
f 4586 4519 4581
f 4582 4586 4581
f 4524 4530 4583
f 4583 4530 4584
f 4584 4530 4532
f 4588 4587 4535
f 4587 4534 4535
f 4584 4532 4525
f 4536 4534 4589
f 4534 4590 4589
f 4534 4587 4590
f 4589 4590 4539
f 4590 4538 4539
f 4590 4591 4538
f 4591 4592 4538
f 4538 4592 4541
f 4535 4546 4588
f 4588 4546 4593
f 4589 4594 4536
f 4594 4546 4536
f 4594 4593 4546
f 4539 4547 4589
f 4547 4594 4589
f 4547 4595 4594
f 4547 4541 4595
f 4541 4592 4595
f 4596 4598 4597
f 4599 4596 4597
f 4596 4600 4598
f 4599 4600 4596
f 4568 4601 4567
f 4601 4570 4567
f 4573 4602 4572
f 4572 4602 4568
f 4602 4601 4568
f 4602 4603 4601
f 4601 4603 4570
f 4603 4604 4570
f 4604 4575 4570
f 4604 4603 4605
f 4604 4606 4575
f 4575 4606 4576
f 4573 4579 4602
f 4580 4607 4579
f 4607 4602 4579
f 4607 4603 4602
f 4607 4608 4605
f 4607 4605 4603
f 4609 4576 4606
f 4582 4576 4609
f 4580 4585 4607
f 4585 4586 4607
f 4586 4611 4607
f 4611 4608 4607
f 4611 4586 4610
f 4586 4582 4610
f 4582 4612 4610
f 4582 4609 4612
f 4587 4588 4610
f 4588 4611 4610
f 4588 4613 4611
f 4587 4610 4612
f 4614 4587 4612
f 4590 4587 4614
f 4615 4591 4616
f 4591 4614 4616
f 4591 4590 4614
f 4615 4592 4591
f 4588 4593 4613
f 4613 4593 4617
f 4594 4618 4619
f 4617 4594 4619
f 4593 4594 4617
f 4616 4594 4595
f 4615 4616 4595
f 4616 4618 4594
f 4620 4616 4621
f 4616 4620 4618
f 4623 4620 4621
f 4592 4615 4595
f 4597 4598 4622
f 4622 4599 4597
f 4618 4624 4619
f 4620 4625 4618
f 4618 4625 4624
f 4623 4625 4620
f 4600 4622 4598
f 4600 4599 4622
f 4605 4626 4604
f 4626 4606 4604
f 4628 4627 4629
f 4628 4630 4627
f 4630 4605 4627
f 4605 4608 4627
f 4605 4630 4626
f 4630 4631 4626
f 4631 4606 4626
f 4631 4609 4606
f 4627 4632 4629
f 4633 4632 4627
f 4608 4633 4627
f 4611 4633 4608
f 4634 4609 4631
f 4612 4609 4634
f 4611 4635 4633
f 4611 4613 4635
f 4614 4612 4634
f 4614 4634 4636
f 4636 4637 4614
f 4614 4637 4616
f 4638 4639 4617
f 4639 4613 4617
f 4639 4635 4613
f 4619 4638 4617
f 4641 4640 4621
f 4616 4641 4621
f 4637 4641 4616
f 4640 4623 4621
f 4638 4642 4639
f 4624 4643 4644
f 4624 4644 4642
f 4619 4624 4642
f 4638 4619 4642
f 4641 4645 4643
f 4625 4641 4643
f 4624 4625 4643
f 4640 4641 4625
f 4625 4623 4640
f 4643 4646 4644
f 4645 4646 4643
f 4648 4647 4649
f 4650 4647 4648
f 4647 4651 4649
f 4650 4651 4647
f 4629 4652 4628
f 4628 4652 4630
f 4630 4652 4653
f 4653 4631 4630
f 4654 4656 4655
f 4629 4632 4652
f 4633 4653 4652
f 4632 4633 4652
f 4633 4657 4653
f 4655 4633 4654
f 4633 4655 4657
f 4657 4658 4653
f 4658 4631 4653
f 4658 4634 4631
f 4654 4659 4656
f 4660 4659 4654
f 4633 4660 4654
f 4635 4660 4633
f 4662 4661 4636
f 4634 4662 4636
f 4658 4662 4634
f 4661 4637 4636
f 4635 4663 4660
f 4635 4639 4663
f 4661 4662 4665
f 4661 4665 4664
f 4664 4641 4661
f 4661 4641 4637
f 4667 4666 4668
f 4669 4666 4667
f 4639 4669 4667
f 4663 4639 4667
f 4642 4669 4639
f 4670 4664 4665
f 4642 4644 4669
f 4670 4671 4664
f 4671 4641 4664
f 4671 4645 4641
f 4666 4672 4668
f 4672 4666 4674
f 4666 4673 4674
f 4666 4669 4673
f 4673 4669 4644
f 4675 4673 4644
f 4646 4675 4644
f 4673 4675 4676
f 4646 4645 4675
f 4675 4645 4671
f 4673 4677 4674
f 4676 4677 4673
f 4649 4678 4648
f 4678 4650 4648
f 4649 4651 4678
f 4651 4650 4678
f 4680 4679 4656
f 4656 4679 4655
f 4681 4657 4682
f 4657 4679 4682
f 4657 4655 4679
f 4681 4658 4657
f 4683 4684 4659
f 4684 4656 4659
f 4684 4680 4656
f 4685 4681 4682
f 4659 4660 4683
f 4685 4686 4681
f 4686 4658 4681
f 4686 4662 4658
f 4684 4683 4688
f 4688 4683 4687
f 4690 4660 4663
f 4689 4690 4663
f 4690 4683 4660
f 4687 4690 4691
f 4690 4687 4683
f 4689 4665 4690
f 4665 4686 4690
f 4665 4662 4686
f 4693 4688 4687
f 4668 4692 4667
f 4687 4691 4693
f 4689 4667 4692
f 4694 4689 4692
f 4663 4667 4689
f 4665 4689 4670
f 4689 4695 4670
f 4689 4694 4695
f 4695 4671 4670
f 4668 4672 4692
f 4674 4696 4672
f 4696 4692 4672
f 4696 4694 4692
f 4675 4695 4676
f 4695 4696 4676
f 4695 4694 4696
f 4675 4671 4695
f 4674 4677 4696
f 4677 4676 4696
f 4680 4697 4679
f 4697 4682 4679
f 4697 4680 4698
f 4698 4680 4684
f 4682 4697 4685
f 4697 4699 4685
f 4697 4698 4699
f 4699 4686 4685
f 4698 4684 4700
f 4700 4684 4688
f 4690 4699 4691
f 4699 4700 4691
f 4699 4698 4700
f 4690 4686 4699
f 4688 4693 4700
f 4693 4691 4700
f 4702 4701 4703
f 4704 4701 4702
f 4703 4701 4706
f 4706 4701 4705
f 4707 4705 4704
f 4704 4705 4701
f 4706 4705 4709
f 4709 4705 4708
f 4710 4708 4707
f 4707 4708 4705
f 4708 4711 4709
f 4710 4711 4708
f 4703 4712 4702
f 4712 4704 4702
f 4712 4703 4713
f 4713 4703 4706
f 4713 4707 4712
f 4712 4707 4704
f 4713 4706 4714
f 4714 4706 4709
f 4714 4710 4713
f 4713 4710 4707
f 4709 4711 4714
f 4711 4710 4714

