# https://github.com/mikedh/trimesh
v -0.77560297 0.77548646 0.21613093
v -0.77551523 0.77034587 0.21613093
v -0.77551523 0.77548646 0.20930406
v -0.77551523 0.77548646 0.23226369
v -0.77551523 0.77557420 0.21613093
v -0.77022540 0.77548646 0.21613093
v -0.34966569 -0.77551695 0.21613093
v -0.34326673 -0.77564086 0.21613093
v -0.34326673 -0.77551695 0.20898255
v -0.34326673 -0.77551695 0.22459546
v -0.34326673 -0.76932937 0.21613093
v -0.33206777 -0.77551695 0.21613093
v -0.27035932 0.01269790 0.13985074
v -0.26698758 0.00643658 0.13985074
v -0.26698758 0.01269790 0.11663914
v -0.26698758 0.01269790 0.14384874
v -0.26809511 0.03812419 0.08899728
v -0.26698758 0.03765521 0.08899728
v -0.26698758 0.03812419 0.08859104
v -0.27523410 0.03812419 0.11442401
v -0.26698758 0.01436545 0.11442401
v -0.26698758 0.01695423 0.13985074
v -0.26698758 0.03812419 0.11988271
v -0.26698758 0.03970184 0.08899728
v -0.26698758 0.04140951 0.11442401
v -0.24864148 -0.13985981 0.13985074
v -0.24156120 -0.15680543 0.13985074
v -0.24156120 -0.13985981 0.13151348
v -0.24156120 -0.13985981 0.14651584
v -0.24520984 -0.11443353 0.13985074
v -0.24156120 -0.11443353 0.12372455
v -0.24156120 -0.11443353 0.14239685
v -0.25557446 -0.08900724 0.11442401
v -0.24156120 -0.10987196 0.11442401
v -0.24156120 -0.08900724 0.10823312
v -0.24156120 -0.10465657 0.13985074
v -0.24156120 -0.08900724 0.13024885
v -0.24156120 -0.07996518 0.11442401
v -0.26397614 0.01269790 0.13985074
v -0.26660057 0.03812419 0.08899728
v -0.26355888 0.03812419 0.11442401
v -0.22295144 -0.16528610 0.13985074
v -0.21613481 -0.16730542 0.13985074
v -0.21613481 -0.16528610 0.13783442
v -0.21613481 -0.16528610 0.14266451
v -0.21657697 -0.13985981 -0.03813636
v -0.21613481 -0.14048979 -0.03813636
v -0.21613481 -0.13985981 -0.03944425
v -0.21613481 -0.13985981 -0.03519055
v -0.21837797 -0.13985981 0.13985074
v -0.21613481 -0.14864387 0.13985074
v -0.21613481 -0.13559541 -0.03813636
v -0.22423323 -0.11443353 -0.01270963
v -0.21613481 -0.13203561 -0.01270963
v -0.21613481 -0.11443353 -0.03243491
v -0.22550499 -0.11443353 0.01271709
v -0.21613481 -0.12396167 0.01271709
v -0.21613481 -0.11443353 0.01825039
v -0.23527367 -0.11443353 0.13985074
v -0.21613481 -0.09138033 -0.01270963
v -0.21613481 -0.10927914 0.01271709
v -0.21613481 -0.10086445 0.11442401
v -0.21613481 -0.08900724 0.10847597
v -0.21613481 -0.08900724 0.12961404
v -0.21895112 -0.06358095 0.11442401
v -0.21613481 -0.06358095 0.11158953
v -0.21613481 -0.06358095 0.12446442
v -0.21613481 -0.06028560 0.11442401
v -0.22364052 0.08897676 -0.01270963
v -0.21613481 0.07920503 -0.01270963
v -0.21613481 0.08897676 -0.01566300
v -0.21613481 0.08897676 -0.01117037
v -0.21613481 0.09245872 -0.01270963
v -0.22947409 0.13982933 -0.13984328
v -0.21613481 0.12826548 -0.13984328
v -0.21613481 0.13982933 -0.15109150
v -0.21613481 0.13982933 -0.12719729
v -0.21613481 0.14825936 -0.13984328
v -0.19280942 -0.24156495 0.03814382
v -0.19070843 -0.24419400 0.03814382
v -0.19070843 -0.24156495 0.03178291
v -0.19070843 -0.24156495 0.03874370
v -0.19190072 -0.21613867 0.03814382
v -0.19070843 -0.21613867 0.03628809
v -0.19070843 -0.21613867 0.04121045
v -0.19872820 -0.19071238 0.03814382
v -0.19070843 -0.19071238 0.02764380
v -0.19222115 -0.19071238 0.06357055
v -0.19070843 -0.19299002 0.06357055
v -0.19070843 -0.19071238 0.06467380
v -0.19418326 -0.16528610 -0.06356309
v -0.19070843 -0.17026727 -0.06356309
v -0.19070843 -0.16528610 -0.06692973
v -0.19600429 -0.16528610 -0.03813636
v -0.19070843 -0.17433599 -0.03813636
v -0.19070843 -0.16528610 -0.01944893
v -0.19198804 -0.16528610 0.01271709
v -0.19070843 -0.16823532 0.01271709
v -0.19070843 -0.16528610 -0.00073186
v -0.19070843 -0.16550738 0.03814382
v -0.19070843 -0.16528610 0.03700083
v -0.19070843 -0.18943748 0.06357055
v -0.19070843 -0.18744052 0.13985074
v -0.19070843 -0.16528610 0.12163832
v -0.19070843 -0.16528610 0.15846629
v -0.20806046 -0.13985981 -0.06356309
v -0.19070843 -0.13985981 -0.08367559
v -0.21258761 -0.13985981 -0.01270963
v -0.19070843 -0.16341723 -0.01270963
v -0.20913053 -0.13985981 0.01271709
v -0.19118887 -0.13985981 0.03814382
v -0.19070843 -0.16051486 0.03814382
v -0.19070843 -0.13985981 0.03904881
v -0.21260664 -0.13985981 0.13985074
v -0.19070843 -0.13985981 0.12808077
v -0.19070843 -0.13985981 0.14408575
v -0.20938517 -0.11443353 -0.06356309
v -0.19070843 -0.11443353 -0.07493215
v -0.21428561 -0.11443353 -0.03813636
v -0.19968182 -0.11443353 0.03814382
v -0.19070843 -0.11443353 0.05949994
v -0.19070843 -0.12490177 0.13985074
v -0.19829956 -0.08900724 -0.06356309
v -0.19070843 -0.08900724 -0.06658203
v -0.20869998 -0.08900724 -0.03813636
v -0.21522085 -0.08900724 -0.01270963
v -0.19526100 -0.08900724 0.01271709
v -0.19407328 -0.08900724 0.03814382
v -0.19333952 -0.08900724 0.06357055
v -0.19070843 -0.10433921 0.06357055
v -0.19070843 -0.08900724 0.07140879
v -0.21064024 -0.08900724 0.11442401
v -0.19070843 -0.08048304 -0.06356309
v -0.20109347 -0.06358095 -0.03813636
v -0.19070843 -0.06358095 -0.05136772
v -0.19616139 -0.06358095 -0.01270963
v -0.19070843 -0.08287344 0.01271709
v -0.19070843 -0.06358095 -0.00439563
v -0.19070843 -0.08497038 0.03814382
v -0.19070843 -0.08283457 0.06357055
v -0.21389885 -0.06358095 0.11442401
v -0.19165399 -0.03815467 -0.03813636
v -0.19070843 -0.03815467 -0.03912569
v -0.19310311 -0.03815467 -0.01270963
v -0.19070843 -0.03815467 -0.00949929
v -0.19070843 -0.03730591 -0.03813636
v -0.19070843 -0.01377983 -0.01270963
v -0.19885787 0.01269790 -0.01270963
v -0.19070843 -0.01223890 -0.01270963
v -0.19070843 0.01269790 -0.01899888
v -0.19077308 0.01269790 0.01271709
v -0.19070843 0.01262841 0.01271709
v -0.19070843 0.01269790 0.01277704
v -0.20200982 0.03812419 -0.01270963
v -0.19070843 0.03812419 -0.01653150
v -0.20325109 0.03812419 0.01271709
v -0.19070843 0.03812419 0.02733921
v -0.20459233 0.06355047 -0.01270963
v -0.19070843 0.06355047 -0.01765362
v -0.19070843 0.04793572 0.01271709
v -0.19070843 0.06355047 -0.00803649
v -0.19673301 0.08897676 -0.03813636
v -0.19070843 0.08317003 -0.03813636
v -0.19070843 0.08897676 -0.04100928
v -0.19070843 0.08897676 -0.01189989
v -0.19741418 0.11440304 -0.03813636
v -0.19070843 0.11440304 -0.04207724
v -0.20254648 0.11440304 -0.01270963
v -0.19070843 0.11440304 -0.00446953
v -0.20338717 0.13982933 -0.13984328
v -0.19702795 0.13982933 -0.03813636
v -0.19070843 0.13982933 -0.03934913
v -0.20470651 0.13982933 -0.01270963
v -0.19070843 0.13982933 0.00246245
v -0.19070843 0.14099036 -0.03813636
v -0.19070843 0.16359660 -0.01270963
v -0.20023368 0.16525561 0.01271709
v -0.19070843 0.15521664 0.01271709
v -0.19070843 0.16525561 -0.00923475
v -0.19070843 0.16525561 0.01893233
v -0.19070843 0.16953537 0.01271709
v -0.16945406 -0.26699124 0.01271709
v -0.16528205 -0.26907214 0.01271709
v -0.16528205 -0.26699124 0.00951949
v -0.16528205 -0.26699124 0.02624667
v -0.16936471 -0.24156495 -0.03813636
v -0.16528205 -0.24517485 -0.03813636
v -0.16528205 -0.24156495 -0.04495966
v -0.18220669 -0.24156495 -0.01270963
v -0.16528205 -0.25985379 -0.01270963
v -0.18737955 -0.24156495 0.01271709
v -0.16528205 -0.26444007 0.03814382
v -0.16528205 -0.24156495 0.04556181
v -0.17471019 -0.21613867 -0.06356309
v -0.16528205 -0.22918937 -0.06356309
v -0.16528205 -0.21613867 -0.07689441
v -0.18333514 -0.21613867 -0.03813636
v -0.18653563 -0.21613867 -0.01270963
v -0.18229279 -0.21613867 0.01271709
v -0.16528205 -0.21613867 0.04663628
v -0.16778330 -0.21613867 0.08899728
v -0.16528205 -0.21868680 0.08899728
v -0.16528205 -0.21613867 0.08316338
v -0.16528205 -0.21613867 0.09729514
v -0.18123402 -0.19071238 -0.06356309
v -0.16528205 -0.19071238 -0.08812367
v -0.18496171 -0.19071238 -0.03813636
v -0.18338029 -0.19071238 -0.01270963
v -0.18131481 -0.19071238 0.01271709
v -0.16528205 -0.20951196 0.06357055
v -0.17739141 -0.19071238 0.08899728
v -0.18020812 -0.19071238 0.11442401
v -0.16528205 -0.21164738 0.11442401
v -0.18764021 -0.19071238 0.13985074
v -0.16528205 -0.20665974 0.13985074
v -0.17622783 -0.19071238 0.16527747
v -0.16528205 -0.19861066 0.16527747
v -0.16528205 -0.19071238 0.17161427
v -0.17422356 -0.16528610 -0.08898982
v -0.16528205 -0.18908077 -0.08898982
v -0.16528205 -0.16528610 -0.10075425
v -0.18959764 -0.16528610 -0.01270963
v -0.19062501 -0.16528610 0.03814382
v -0.18055461 -0.16528610 0.06357055
v -0.17811064 -0.16528610 0.08899728
v -0.18051050 -0.16528610 0.11442401
v -0.17095661 -0.16528610 0.16527747
v -0.16528205 -0.16528610 0.16653668
v -0.18245901 -0.13985981 -0.08898982
v -0.16528205 -0.13985981 -0.09694514
v -0.18247814 -0.13985981 0.06357055
v -0.18130302 -0.13985981 0.08899728
v -0.18531568 -0.13985981 0.11442401
v -0.16528205 -0.15863730 0.16527747
v -0.16528205 -0.13985981 0.15825957
v -0.16528205 -0.12455373 -0.08898982
v -0.16528205 -0.11443353 -0.08447682
v -0.18907160 -0.11443353 0.06357055
v -0.18579648 -0.11443353 0.08899728
v -0.17054752 -0.11443353 0.11442401
v -0.17449926 -0.11443353 0.13985074
v -0.16528205 -0.11443353 0.14310346
v -0.16528205 -0.08900724 -0.07493914
v -0.17909784 -0.08900724 0.08899728
v -0.16528205 -0.11183627 0.11442401
v -0.16528205 -0.08900724 0.09743197
v -0.16528205 -0.11231824 0.13985074
v -0.16528205 -0.06680925 -0.06356309
v -0.16528205 -0.06358095 -0.05676949
v -0.17100545 -0.06358095 0.01271709
v -0.17356549 -0.06358095 0.03814382
v -0.18338743 -0.06358095 0.06357055
v -0.16528205 -0.06657055 0.08899728
v -0.16528205 -0.06358095 0.08787625
v -0.18919421 -0.03815467 -0.03813636
v -0.16528205 -0.05629308 -0.03813636
v -0.16528205 -0.03815467 -0.01752711
v -0.16874536 -0.03815467 0.01271709
v -0.16528205 -0.05134890 0.03814382
v -0.16528205 -0.03815467 0.01894158
v -0.16528205 -0.03948360 0.06357055
v -0.19024342 -0.01272838 -0.01270963
v -0.16528205 -0.01272838 -0.01951531
v -0.16528205 -0.01487474 0.01271709
v -0.16528205 -0.01272838 0.01165832
v -0.16528205 0.01269790 -0.01285411
v -0.16528205 -0.01140106 0.01271709
v -0.16528205 0.01269790 0.01721994
v -0.17486481 0.03812419 -0.01270963
v -0.16528205 0.01503057 -0.01270963
v -0.16528205 0.03812419 -0.00739990
v -0.16528205 0.03812419 0.02160430
v -0.16902643 0.06355047 -0.01270963
v -0.16528205 0.05092920 0.01271709
v -0.18571295 0.08897676 -0.03813636
v -0.16528205 0.06589057 -0.01270963
v -0.16528205 0.08897676 -0.01915739
v -0.16528205 0.08897676 -0.00344669
v -0.18463845 0.11440304 -0.03813636
v -0.16528205 0.11440304 -0.01559728
v -0.16528205 0.11440304 -0.00915618
v -0.18935253 0.13982933 -0.03813636
v -0.16528205 0.13982933 -0.01354223
v -0.16685022 0.13982933 0.01271709
v -0.16528205 0.13899946 0.01271709
v -0.16528205 0.13982933 0.01699702
v -0.16528205 0.14517587 -0.01270963
v -0.16528205 0.16525561 -0.00764110
v -0.17308284 0.16525561 0.03814382
v -0.16528205 0.14661277 0.03814382
v -0.16528205 0.16525561 0.04389286
v -0.16696164 0.19068190 0.01271709
v -0.16528205 0.19068190 0.01146273
v -0.16528205 0.19062004 0.03814382
v -0.16528205 0.19068190 0.03790337
v -0.16528205 0.19301767 0.01271709
v -0.14758217 -0.29241752 0.01271709
v -0.13985567 -0.29771537 0.01271709
v -0.13985567 -0.29241752 0.00421503
v -0.13985567 -0.29241752 0.02859564
v -0.15690937 -0.26699124 -0.01270963
v -0.13985567 -0.28204969 -0.01270963
v -0.13985567 -0.26699124 -0.03416553
v -0.16330874 -0.26699124 0.03814382
v -0.13985567 -0.28682796 0.03814382
v -0.14996408 -0.26699124 0.06357055
v -0.13985567 -0.28677906 0.06357055
v -0.13985567 -0.26699124 0.08554681
v -0.15238300 -0.24156495 -0.06356309
v -0.13985567 -0.25130196 -0.06356309
v -0.13985567 -0.24156495 -0.08056534
v -0.13985567 -0.26456351 -0.03813636
v -0.15241708 -0.24156495 0.06357055
v -0.15306468 -0.24156495 0.08899728
v -0.13985567 -0.26482421 0.08899728
v -0.14081037 -0.24156495 0.11442401
v -0.13985567 -0.24287019 0.11442401
v -0.13985567 -0.24156495 0.11706188
v -0.14115041 -0.21613867 -0.11441655
v -0.13985567 -0.21900756 -0.11441655
v -0.13985567 -0.21613867 -0.11605786
v -0.15539546 -0.21613867 -0.08898982
v -0.13985567 -0.23540129 -0.08898982
v -0.16125386 -0.21613867 0.06357055
v -0.16205380 -0.21613867 0.11442401
v -0.15504311 -0.21613867 0.13985074
v -0.13985567 -0.23246620 0.13985074
v -0.14716296 -0.21613867 0.16527747
v -0.13985567 -0.22402339 0.16527747
v -0.13985567 -0.21613867 0.17328577
v -0.14995047 -0.19071238 -0.11441655
v -0.13985567 -0.19071238 -0.13348932
v -0.16446572 -0.19071238 -0.08898982
v -0.13985567 -0.19071238 0.18056544
v -0.15457174 -0.16528610 -0.11441655
v -0.13985567 -0.16528610 -0.13165538
v -0.13985567 -0.16528610 0.17507832
v -0.13985567 -0.14228128 -0.11441655
v -0.13985567 -0.13985981 -0.11283005
v -0.15461308 -0.13985981 0.16527747
v -0.13985567 -0.13985981 0.17015298
v -0.15678720 -0.11443353 -0.08898982
v -0.13985567 -0.11443353 -0.09940557
v -0.14092635 -0.11443353 0.16527747
v -0.13985567 -0.11443353 0.16571400
v -0.13985567 -0.08990781 -0.08898982
v -0.13985567 -0.08900724 -0.08863065
v -0.14156872 -0.08900724 0.11442401
v -0.13985567 -0.09959950 0.13985074
v -0.13985567 -0.08900724 0.11764050
v -0.13985567 -0.11295745 0.16527747
v -0.16169519 -0.06358095 -0.06356309
v -0.13985567 -0.06358095 -0.07438507
v -0.16373075 -0.06358095 0.08899728
v -0.13985567 -0.08606724 0.11442401
v -0.13985567 -0.06358095 0.10547839
v -0.13985567 -0.05363203 -0.06356309
v -0.13985567 -0.04066644 -0.03813636
v -0.15086158 -0.03815467 -0.01270963
v -0.13985567 -0.04087565 -0.01270963
v -0.15008576 -0.03815467 0.01271709
v -0.13985567 -0.04155367 0.01271709
v -0.14689572 -0.03815467 0.03814382
v -0.13985567 -0.03815467 0.02194762
v -0.13985567 -0.03869618 0.06357055
v -0.13985567 -0.03815467 0.06135864
v -0.15921628 -0.03815467 0.08899728
v -0.13985567 -0.03815467 0.06615833
v -0.13985567 -0.03815467 0.09397420
v -0.14077555 -0.03815467 0.16527747
v -0.13985567 -0.03849821 0.16527747
v -0.13985567 -0.03815467 0.16500744
v -0.13985567 -0.03815467 0.16538924
v -0.15573783 -0.01272838 -0.01270963
v -0.13985567 -0.03230017 0.03814382
v -0.13985567 -0.01487347 0.08899728
v -0.15332319 -0.01272838 0.16527747
v -0.13985567 -0.01272838 0.16171617
v -0.13985567 -0.01272838 0.16837070
v -0.16438754 0.01269790 -0.01270963
v -0.13985567 0.00029557 0.01271709
v -0.13985567 0.01269790 0.00150861
v -0.13985567 0.01269790 0.01651710
v -0.15006144 0.01269790 0.11442401
v -0.13985567 0.00239122 0.11442401
v -0.13985567 0.01269790 0.09086882
v -0.14997743 0.01269790 0.13985074
v -0.13985567 0.00506036 0.13985074
v -0.14397835 0.01269790 0.16527747
v -0.13985567 0.01269790 0.16691375
v -0.13985567 0.03812419 -0.00224465
v -0.13985567 0.03812419 0.02072489
v -0.16330445 0.03812419 0.08899728
v -0.13985567 0.01399570 0.08899728
v -0.13985567 0.03812419 0.07340397
v -0.16047886 0.03812419 0.11442401
v -0.15426864 0.03812419 0.13985074
v -0.13995770 0.03812419 0.16527747
v -0.13985567 0.03812419 0.16532446
v -0.13985567 0.05275098 0.01271709
v -0.14175536 0.06355047 0.08899728
v -0.13985567 0.06355047 0.08811254
v -0.14945803 0.06355047 0.11442401
v -0.14754834 0.06355047 0.13985074
v -0.13985567 0.03826803 0.16527747
v -0.13985567 0.06355047 0.15021031
v -0.16136595 0.08897676 -0.01270963
v -0.13985567 0.06451651 0.08899728
v -0.13985567 0.07984178 0.11442401
v -0.13985567 0.07830886 0.13985074
v -0.16323706 0.11440304 -0.01270963
v -0.16455821 0.13982933 -0.01270963
v -0.16349735 0.13982933 0.01271709
v -0.13985567 0.15142709 0.01271709
v -0.13985567 0.16525561 -0.00183163
v -0.13985567 0.15512622 0.03814382
v -0.13985567 0.16525561 0.04987310
v -0.14994639 0.19068190 -0.06356309
v -0.13985567 0.18479058 -0.06356309
v -0.13985567 0.19068190 -0.06732594
v -0.14345361 0.19068190 -0.03813636
v -0.13985567 0.18153107 -0.03813636
v -0.14444541 0.19068190 -0.01270963
v -0.13985567 0.17657214 -0.01270963
v -0.16524195 0.19068190 0.03814382
v -0.13985567 0.19068190 0.04799157
v -0.13985567 0.20477851 -0.06356309
v -0.14537546 0.21610818 -0.03813636
v -0.13985567 0.21610818 -0.05445687
v -0.14188825 0.21610818 -0.01270963
v -0.14622943 0.21610818 0.01271709
v -0.14754064 0.21610818 0.03814382
v -0.13985567 0.21610818 0.04624348
v -0.13985567 0.22461965 -0.03813636
v -0.13985567 0.22563498 -0.01270963
v -0.13985567 0.22450324 0.01271709
v -0.13985567 0.22753595 0.03814382
v -0.11934705 -0.39412266 0.06357055
v -0.11442928 -0.41762269 0.06357055
v -0.11442928 -0.39412266 0.05680142
v -0.11442928 -0.39412266 0.07329829
v -0.11582882 -0.36869638 0.03814382
v -0.11442928 -0.37138848 0.03814382
v -0.11442928 -0.36869638 0.03663520
v -0.13191088 -0.36869638 0.06357055
v -0.12126672 -0.36869638 0.08899728
v -0.11442928 -0.37721243 0.08899728
v -0.11442928 -0.36869638 0.09842682
v -0.12964167 -0.34327009 0.03814382
v -0.11442928 -0.34327009 0.01893863
v -0.13890622 -0.34327009 0.06357055
v -0.12353174 -0.34327009 0.08899728
v -0.11442928 -0.34327009 0.10588845
v -0.12361775 -0.31784381 0.01271709
v -0.11442928 -0.33450889 0.01271709
v -0.11442928 -0.31784381 -0.00249762
v -0.13482742 -0.31784381 0.03814382
v -0.13407175 -0.31784381 0.06357055
v -0.12692789 -0.31784381 0.08899728
v -0.11505948 -0.31784381 0.11442401
v -0.11442928 -0.32248088 0.11442401
v -0.11442928 -0.31784381 0.11589855
v -0.12947928 -0.29241752 -0.01270963
v -0.11442928 -0.30937079 -0.01270963
v -0.11442928 -0.29241752 -0.03524354
v -0.13726782 -0.29241752 0.03814382
v -0.13777308 -0.29241752 0.06357055
v -0.13025978 -0.29241752 0.08899728
v -0.11776041 -0.29241752 0.11442401
v -0.11442928 -0.29241752 0.12206771
v -0.12233999 -0.26699124 -0.06356309
v -0.11442928 -0.27493523 -0.06356309
v -0.11442928 -0.26699124 -0.08039155
v -0.13709823 -0.26699124 -0.03813636
v -0.11442928 -0.29044159 -0.03813636
v -0.13859235 -0.26699124 0.08899728
v -0.12502305 -0.26699124 0.11442401
v -0.11605326 -0.26699124 0.13985074
v -0.11442928 -0.27123313 0.13985074
v -0.11442928 -0.26699124 0.15061725
v -0.12195681 -0.24156495 -0.11441655
v -0.11442928 -0.24803832 -0.11441655
v -0.11442928 -0.24156495 -0.12040865
v -0.13495534 -0.24156495 -0.08898982
v -0.11442928 -0.26312819 -0.08898982
v -0.13158909 -0.24156495 0.13985074
v -0.12306687 -0.24156495 0.16527747
v -0.11442928 -0.26032863 0.16527747
v -0.11442928 -0.24156495 0.18712462
v -0.13152935 -0.21613867 -0.11441655
v -0.11442928 -0.22588011 -0.11441655
v -0.11442928 -0.21613867 -0.11167870
v -0.12465702 -0.21613867 0.19070420
v -0.11442928 -0.23867712 0.19070420
v -0.11442928 -0.21613867 0.19953894
v -0.12933856 -0.19071238 -0.13984328
v -0.11442928 -0.19966517 -0.13984328
v -0.11442928 -0.19071238 -0.14693294
v -0.11442928 -0.21133356 -0.11441655
v -0.12036244 -0.19071238 0.19070420
v -0.11442928 -0.19071238 0.19358237
v -0.12465410 -0.16528610 -0.13984328
v -0.11442928 -0.16528610 -0.14528365
v -0.11442928 -0.18166829 0.19070420
v -0.11442928 -0.16528610 0.18565229
v -0.11442928 -0.15224334 -0.13984328
v -0.13777394 -0.13985981 -0.11441655
v -0.11442928 -0.13985981 -0.13464514
v -0.11442928 -0.13985981 0.18119898
v -0.11983061 -0.11443353 -0.11441655
v -0.11442928 -0.11443353 -0.11892201
v -0.11442928 -0.11443353 0.17809538
v -0.11442928 -0.10393896 -0.11441655
v -0.13937844 -0.08900724 -0.08898982
v -0.11442928 -0.08900724 -0.10872934
v -0.13383043 -0.08900724 0.13985074
v -0.12999756 -0.08900724 0.16527747
v -0.11442928 -0.08900724 0.17680911
v -0.12679462 -0.06358095 -0.08898982
v -0.11442928 -0.06358095 -0.10389477
v -0.13369577 -0.06358095 0.11442401
v -0.12780183 -0.06358095 0.13985074
v -0.12689261 -0.06358095 0.16527747
v -0.11442928 -0.06358095 0.17407748
v -0.11442928 -0.04830903 -0.08898982
v -0.11442928 -0.04010934 -0.06356309
v -0.13636356 -0.03815467 -0.03813636
v -0.11442928 -0.03815467 -0.06032797
v -0.13548088 -0.03815467 -0.01270963
v -0.13678057 -0.03815467 0.01271709
v -0.13942970 -0.03815467 0.06357055
v -0.12813428 -0.03815467 0.11442401
v -0.12909482 -0.03815467 0.13985074
v -0.11442928 -0.03815467 0.17842347
v -0.11442928 -0.02538210 -0.03813636
v -0.12241582 -0.01272838 -0.01270963
v -0.11442928 -0.01272838 -0.01995540
v -0.13083496 -0.01272838 0.01271709
v -0.11442928 -0.01933934 0.03814382
v -0.11442928 -0.01272838 0.02738609
v -0.12455533 -0.01272838 0.06357055
v -0.11442928 -0.01272838 0.04910252
v -0.13953746 -0.01272838 0.08899728
v -0.12750317 -0.01272838 0.11442401
v -0.11854058 -0.01272838 0.13985074
v -0.11442928 -0.01272838 0.16772554
v -0.12902575 0.01269790 -0.01270963
v -0.11442928 0.01269790 -0.01918912
v -0.11442928 0.01269790 0.01869903
v -0.11442928 0.00861374 0.06357055
v -0.13923760 0.01269790 0.08899728
v -0.11442928 0.01269790 0.06519579
v -0.11482214 0.01269790 0.16527747
v -0.11442928 0.01228509 0.16527747
v -0.11442928 0.01269790 0.16508186
v -0.12411145 0.03812419 -0.01270963
v -0.11442928 0.03812419 -0.01611134
v -0.11442928 0.03812419 0.02469322
v -0.11442928 0.03812419 0.06422068
v -0.13965979 0.03812419 0.16527747
v -0.11442928 0.03812419 0.15696040
v -0.11442928 0.04313658 -0.01270963
v -0.11442928 0.06226814 0.01271709
v -0.13051057 0.06355047 0.08899728
v -0.11442928 0.06170018 0.08899728
v -0.11442928 0.06355047 0.09091433
v -0.12970162 0.06355047 0.13985074
v -0.11442928 0.05320546 0.13985074
v -0.11442928 0.06355047 0.13359743
v -0.13188207 0.08897676 0.11442401
v -0.11442928 0.08897676 0.10245735
v -0.11442928 0.08897676 0.13661477
v -0.11442928 0.10800398 0.11442401
v -0.11486138 0.16525561 -0.03813636
v -0.11442928 0.16516371 -0.03813636
v -0.11442928 0.16525561 -0.03833375
v -0.11442928 0.16525561 -0.03748506
v -0.12222161 0.16525561 0.01271709
v -0.11442928 0.16206212 0.03814382
v -0.11442928 0.16525561 0.02600421
v -0.11442928 0.16525561 0.04225411
v -0.11442928 0.18644566 -0.06356309
v -0.11442928 0.19068190 -0.06580997
v -0.11442928 0.17091507 -0.01270963
v -0.11902743 0.19068190 0.01271709
v -0.11442928 0.19068190 0.01117996
v -0.11466547 0.19068190 0.03814382
v -0.11442928 0.18992156 0.03814382
v -0.13160764 0.21610818 -0.06356309
v -0.11442928 0.21610818 -0.06980044
v -0.11442928 0.19395587 0.01271709
v -0.11442928 0.19086734 0.03814382
v -0.11442928 0.21610818 0.05929314
v -0.11890359 0.24153447 -0.06356309
v -0.11442928 0.24153447 -0.06888599
v -0.12670610 0.24153447 -0.03813636
v -0.12506783 0.24153447 -0.01270963
v -0.11442928 0.23368055 0.01271709
v -0.11442928 0.24153447 -0.00244535
v -0.11683027 0.24153447 0.03814382
v -0.11442928 0.24153447 0.03222414
v -0.11442928 0.24153447 0.05042030
v -0.11442928 0.24786772 -0.06356309
v -0.11442928 0.25441446 -0.03813636
v -0.11442928 0.24359537 -0.01270963
v -0.11442928 0.24427528 0.03814382
v -0.09526382 -0.39412266 0.03814382
v -0.08900290 -0.40672225 0.03814382
v -0.08900290 -0.39412266 0.02972280
v -0.08900290 -0.41202930 0.06357055
v -0.08900290 -0.39412266 0.06465113
v -0.09405666 -0.36869638 0.01271709
v -0.08900290 -0.37921821 0.01271709
v -0.08900290 -0.36869638 0.00575484
v -0.08900290 -0.37021172 0.08899728
v -0.10090638 -0.36869638 0.11442401
v -0.08900290 -0.37883662 0.11442401
v -0.08900290 -0.36869638 0.12254066
v -0.09013109 -0.34327009 -0.01270963
v -0.08900290 -0.34527463 -0.01270963
v -0.08900290 -0.34327009 -0.01459590
v -0.10853616 -0.34327009 0.01271709
v -0.11053197 -0.34327009 0.11442401
v -0.09297240 -0.34327009 0.13985074
v -0.08900290 -0.35008035 0.13985074
v -0.08900290 -0.34327009 0.14310748
v -0.09165477 -0.31784381 -0.03813636
v -0.08900290 -0.32156757 -0.03813636
v -0.08900290 -0.31784381 -0.04285660
v -0.10767308 -0.31784381 -0.01270963
v -0.10035254 -0.31784381 0.13985074
v -0.08900290 -0.31784381 0.15419458
v -0.09815450 -0.29241752 -0.06356309
v -0.08900290 -0.30382321 -0.06356309
v -0.08900290 -0.29241752 -0.08195285
v -0.11263056 -0.29241752 -0.03813636
v -0.10604538 -0.29241752 0.13985074
v -0.09764010 -0.29241752 0.16527747
v -0.08900290 -0.30382119 0.16527747
v -0.08900290 -0.29241752 0.17180922
v -0.09120013 -0.26699124 -0.11441655
v -0.08900290 -0.26912621 -0.11441655
v -0.08900290 -0.26699124 -0.11537400
v -0.10968389 -0.26699124 -0.08898982
v -0.08900290 -0.28795861 -0.08898982
v -0.11180380 -0.26699124 0.16527747
v -0.09498328 -0.26699124 0.19070420
v -0.08900290 -0.27032308 0.19070420
v -0.08900290 -0.26699124 0.19383876
v -0.09371609 -0.24156495 -0.11441655
v -0.08900290 -0.25303332 -0.11441655
v -0.08900290 -0.24156495 -0.11359526
v -0.11316141 -0.24156495 0.19070420
v -0.08900290 -0.24156495 0.21206596
v -0.10764576 -0.21613867 -0.11441655
v -0.08900290 -0.23857406 -0.11441655
v -0.08900290 -0.21613867 -0.12595120
v -0.09052882 -0.21613867 0.21613093
v -0.08900290 -0.22135467 0.21613093
v -0.08900290 -0.21613867 0.21721644
v -0.08900290 -0.20429614 -0.13984328
v -0.08900290 -0.19071238 -0.15046092
v -0.08900290 -0.21354226 0.21613093
v -0.08900290 -0.19071238 0.20704905
v -0.09082920 -0.16528610 -0.16527001
v -0.08900290 -0.16738297 -0.16527001
v -0.08900290 -0.16528610 -0.16663946
v -0.10473935 -0.16528610 0.19070420
v -0.08900290 -0.16528610 0.19935015
v -0.09065535 -0.13985981 -0.16527001
v -0.08900290 -0.13985981 -0.16766657
v -0.10968642 -0.13985981 -0.13984328
v -0.09561501 -0.13985981 0.19070420
v -0.08900290 -0.13985981 0.19428056
v -0.08900290 -0.13700454 -0.16527001
v -0.09581278 -0.11443353 -0.13984328
v -0.08900290 -0.11443353 -0.14865290
v -0.08914447 -0.11443353 0.19070420
v -0.08900290 -0.11443353 0.19078135
v -0.08900290 -0.09340585 -0.13984328
v -0.10866147 -0.08900724 -0.11441655
v -0.08900290 -0.08900724 -0.13810744
v -0.08900290 -0.11117491 0.19070420
v -0.08900290 -0.08900724 0.19009011
v -0.10409695 -0.06358095 -0.11441655
v -0.08900290 -0.06358095 -0.12983941
v -0.09290648 -0.06358095 0.19070420
v -0.08900290 -0.08413261 0.19070420
v -0.08900290 -0.06358095 0.19278088
v -0.08900290 -0.04329099 -0.11441655
v -0.08900290 -0.03896024 -0.08898982
v -0.11150627 -0.03815467 -0.06356309
v -0.08900290 -0.03815467 -0.08728302
v -0.09073826 -0.03815467 0.16527747
v -0.08900290 -0.03937722 0.16527747
v -0.08900290 -0.03815467 0.16373228
v -0.08900290 -0.05563687 0.19070420
v -0.08900290 -0.02431672 -0.06356309
v -0.09659509 -0.01272838 -0.03813636
v -0.08900290 -0.01272838 -0.04601203
v -0.10710892 -0.01272838 0.03814382
v -0.11273165 -0.01272838 0.16527747
v -0.08900290 -0.01272838 0.14323139
v -0.08900290 0.00755030 -0.03813636
v -0.08900290 0.01269790 -0.03635669
v -0.08900290 0.00388826 0.03814382
v -0.08900290 0.01269790 0.02671945
v -0.11093433 0.01269790 0.06357055
v -0.08900290 0.01269790 0.04965421
v -0.08900290 0.01269790 0.14894538
v -0.08900290 0.03812419 -0.02458474
v -0.08900290 0.03812419 0.03075652
v -0.08900290 0.03457961 0.06357055
v -0.08900290 0.03812419 0.06804049
v -0.09436384 0.03812419 0.13985074
v -0.08900290 0.03161317 0.13985074
v -0.08900290 0.03812419 0.13420590
v -0.08900290 0.04884218 -0.01270963
v -0.11132182 0.06355047 0.01271709
v -0.08900290 0.06355047 0.00851480
v -0.08900290 0.06355047 0.03594800
v -0.08900290 0.04998664 0.08899728
v -0.10059730 0.06355047 0.11442401
v -0.08900290 0.04694374 0.11442401
v -0.09246391 0.08897676 0.01271709
v -0.08900290 0.08897676 0.01117242
v -0.08900290 0.08897676 0.01689583
v -0.08900290 0.08027164 0.11442401
v -0.08900290 0.08897676 0.09772061
v -0.08900290 0.08897676 0.12833753
v -0.09260441 0.11440304 0.01271709
v -0.08900290 0.11440304 0.00793442
v -0.08900290 0.11440304 0.01906897
v -0.08900290 0.09858329 0.11442401
v -0.10153533 0.13982933 0.01271709
v -0.08900290 0.13982933 -0.00951695
v -0.08900290 0.13982933 0.02787352
v -0.08900290 0.15816724 -0.03813636
v -0.08900290 0.16525561 -0.05823503
v -0.10506468 0.16525561 -0.01270963
v -0.08900290 0.14452501 -0.01270963
v -0.08900290 0.16381266 0.01271709
v -0.08900290 0.16525561 0.01051312
v -0.09311960 0.16525561 0.03814382
v -0.08900290 0.16892552 -0.06356309
v -0.08900290 0.19068190 -0.07510446
v -0.11206675 0.19068190 0.01271709
v -0.08900290 0.16701183 0.01271709
v -0.08900290 0.19068190 0.02794597
v -0.08900290 0.21610818 -0.08155611
v -0.08900290 0.21453544 0.03814382
v -0.08900290 0.21610818 0.03907928
v -0.08900290 0.24153447 -0.07146047
v -0.08900290 0.23219054 0.01271709
v -0.08900290 0.24153447 -0.00130308
v -0.11243242 0.24153447 0.03814382
v -0.08900290 0.21708680 0.03814382
v -0.09424765 0.26696076 -0.16527001
v -0.08900290 0.25776212 -0.16527001
v -0.08900290 0.26696076 -0.17268296
v -0.08900290 0.26696076 -0.15457497
v -0.09684686 0.26696076 -0.06356309
v -0.08900290 0.26696076 -0.07033395
v -0.10158801 0.26696076 -0.03813636
v -0.08900290 0.25021299 -0.01270963
v -0.08900290 0.26696076 -0.02440986
v -0.08900290 0.27375421 -0.16527001
v -0.08900290 0.28384580 -0.06356309
v -0.08900290 0.28389584 -0.03813636
v -0.06947735 -0.39412266 0.01271709
v -0.06357652 -0.39734291 0.01271709
v -0.06357652 -0.39412266 0.00811735
v -0.08353140 -0.39412266 0.03814382
v -0.06357652 -0.39412266 0.01636203
v -0.08091044 -0.39412266 0.06357055
v -0.07506562 -0.36869638 -0.01270963
v -0.06357652 -0.38217362 -0.01270963
v -0.06357652 -0.36869638 -0.03010893
v -0.06357652 -0.38039964 0.03814382
v -0.06698527 -0.36869638 0.06357055
v -0.06357652 -0.36869638 0.06105799
v -0.07829152 -0.36869638 0.08899728
v -0.06357652 -0.38372562 0.11442401
v -0.06357652 -0.36869638 0.09404176
v -0.06357652 -0.36869638 0.13210129
v -0.07564217 -0.34327009 -0.03813636
v -0.06357652 -0.36150598 -0.03813636
v -0.06357652 -0.34327009 -0.06286962
v -0.06357652 -0.36777635 0.06357055
v -0.06357652 -0.36752515 0.08899728
v -0.06357652 -0.36404507 0.13985074
v -0.06357652 -0.34327009 0.14986200
v -0.06613620 -0.31784381 -0.08898982
v -0.06357652 -0.32093087 -0.08898982
v -0.06357652 -0.31784381 -0.09189019
v -0.07919381 -0.31784381 -0.06356309
v -0.06357652 -0.34274398 -0.06356309
v -0.06357652 -0.31784381 0.16233232
v -0.08531236 -0.29241752 -0.08898982
v -0.06357652 -0.29241752 -0.10557431
v -0.06357652 -0.31256371 0.16527747
v -0.06357652 -0.29241752 0.17853409
v -0.07495329 -0.26699124 -0.11441655
v -0.06357652 -0.26699124 -0.11347119
v -0.06357652 -0.27960369 0.19070420
v -0.06357652 -0.26699124 0.20266199
v -0.08675174 -0.24156495 -0.11441655
v -0.06357652 -0.26476980 -0.11441655
v -0.06357652 -0.24156495 -0.12330983
v -0.07939615 -0.24156495 0.21613093
v -0.06357652 -0.25081080 0.21613093
v -0.06357652 -0.24156495 0.22482125
v -0.06357652 -0.21613867 -0.13515421
v -0.06357652 -0.21613867 0.21746320
v -0.06357652 -0.20817992 -0.13984328
v -0.06357652 -0.19071238 -0.15030328
v -0.06357652 -0.20618191 0.21613093
v -0.06357652 -0.19071238 0.21477796
v -0.06357652 -0.16723697 -0.16527001
v -0.06357652 -0.16528610 -0.16661211
v -0.06357652 -0.16528610 0.21476951
v -0.06357652 -0.13985981 -0.18044523
v -0.06357652 -0.13985981 0.20550822
v -0.07754482 -0.11443353 -0.16527001
v -0.06357652 -0.11443353 -0.18960839
v -0.06357652 -0.11443353 0.20685213
v -0.06900447 -0.08900724 -0.16527001
v -0.06357652 -0.08900724 -0.17681124
v -0.08752509 -0.08900724 -0.13984328
v -0.08821492 -0.08900724 0.19070420
v -0.06357652 -0.08900724 0.20591006
v -0.06357652 -0.06827310 -0.16527001
v -0.08018050 -0.06358095 -0.13984328
v -0.06357652 -0.06358095 -0.16334826
v -0.06357652 -0.06358095 0.20163295
v -0.06357652 -0.04820918 -0.13984328
v -0.06357652 -0.04186709 -0.11441655
v -0.08651795 -0.03815467 -0.08898982
v -0.06357652 -0.03815467 -0.10576579
v -0.08347482 -0.03815467 0.16527747
v -0.06357652 -0.04446365 0.19070420
v -0.06357652 -0.03815467 0.17602836
v -0.06357652 -0.02664912 -0.08898982
v -0.07477330 -0.01272838 -0.06356309
v -0.06357652 -0.01272838 -0.07501775
v -0.06357652 -0.03536445 0.16527747
v -0.06357652 -0.01272838 0.14248059
v -0.06357652 0.00503701 -0.06356309
v -0.08713011 0.01269790 -0.03813636
v -0.06357652 0.01269790 -0.05869387
v -0.07902503 0.01269790 0.03814382
v -0.07293364 0.01269790 0.13985074
v -0.06357652 -0.00189005 0.13985074
v -0.06357652 0.01269790 0.13031703
v -0.06357652 0.03652270 -0.03813636
v -0.06357652 0.03812419 -0.03679757
v -0.07960703 0.03812419 0.03814382
v -0.06357652 0.02079326 0.06357055
v -0.06357652 0.03812419 0.05258077
v -0.07590203 0.03812419 0.08899728
v -0.06357652 0.02959238 0.08899728
v -0.07387130 0.03812419 0.11442401
v -0.06357652 0.02647564 0.11442401
v -0.06413382 0.06355047 -0.01270963
v -0.06357652 0.06355047 -0.01320364
v -0.08831317 0.06355047 0.03814382
v -0.06357652 0.06355047 0.05601728
v -0.07366581 0.08897676 -0.19069674
v -0.06357652 0.07971659 -0.19069674
v -0.06357652 0.08897676 -0.19425078
v -0.06357652 0.08897676 -0.17272139
v -0.06357652 0.06469576 -0.01270963
v -0.06357652 0.08897676 -0.00334814
v -0.08009592 0.08897676 0.03814382
v -0.06357652 0.08897676 0.06084994
v -0.07525228 0.08897676 0.11442401
v -0.07530136 0.11440304 -0.19069674
v -0.06357652 0.11440304 -0.19683957
v -0.06909795 0.11440304 -0.16527001
v -0.06357652 0.10807427 -0.16527001
v -0.06357652 0.11440304 -0.16404899
v -0.06513978 0.11440304 -0.01270963
v -0.06357652 0.11138426 -0.01270963
v -0.06357652 0.11440304 -0.01481532
v -0.07688818 0.11440304 0.03814382
v -0.06357652 0.11440304 0.05942573
v -0.06442050 0.13982933 -0.19069674
v -0.06357652 0.13982933 -0.19173317
v -0.06357652 0.11562677 -0.16527001
v -0.06357652 0.13982933 -0.18890751
v -0.06721828 0.13982933 -0.03813636
v -0.06357652 0.13441843 -0.03813636
v -0.06357652 0.13982933 -0.04487997
v -0.08661330 0.13982933 -0.01270963
v -0.07208899 0.13982933 0.03814382
v -0.06357652 0.13982933 0.04293818
v -0.06357652 0.14179679 -0.19069674
v -0.06485693 0.16525561 -0.06356309
v -0.06357652 0.16496076 -0.06356309
v -0.06357652 0.16525561 -0.06387378
v -0.08782394 0.16525561 0.01271709
v -0.06357652 0.15822796 0.03814382
v -0.06357652 0.16525561 0.03572205
v -0.06357652 0.19068190 -0.08433755
v -0.06357652 0.19068190 0.03390211
v -0.06357652 0.21610818 -0.08682281
v -0.08629295 0.21610818 0.03814382
v -0.06357652 0.21610818 0.02531046
v -0.06357652 0.24153447 -0.07410043
v -0.06533117 0.24153447 0.01271709
v -0.06357652 0.24153447 0.01467536
v -0.06744725 0.24153447 0.08899728
v -0.06357652 0.24116961 0.08899728
v -0.06357652 0.24153447 0.08644473
v -0.06357652 0.24153447 0.09076086
v -0.08321177 0.26696076 -0.16527001
v -0.08034190 0.26696076 -0.06356309
v -0.06357652 0.24697238 -0.06356309
v -0.06704472 0.26696076 -0.03813636
v -0.06357652 0.26389086 -0.03813636
v -0.06357652 0.25911271 -0.01270963
v -0.06357652 0.24215326 0.01271709
v -0.06357652 0.24283935 0.08899728
v -0.06667913 0.26696076 0.11442401
v -0.06357652 0.25967106 0.11442401
v -0.06357652 0.26696076 0.10868133
v -0.06357652 0.26696076 0.12124154
v -0.06357652 0.27200108 0.11442401
v -0.06040790 -0.39412266 0.01271709
v -0.05432060 -0.36869638 -0.03813636
v -0.03815014 -0.37710978 -0.03813636
v -0.03815014 -0.36869638 -0.05170344
v -0.03815014 -0.39277063 -0.01270963
v -0.03815014 -0.38024017 0.01271709
v -0.03815014 -0.37383816 0.03814382
v -0.06052748 -0.36869638 0.06357055
v -0.03815014 -0.38275920 0.06357055
v -0.06035251 -0.36869638 0.08899728
v -0.03815014 -0.38544628 0.08899728
v -0.03815014 -0.37824308 0.11442401
v -0.05168238 -0.36869638 0.13985074
v -0.03815014 -0.37385033 0.13985074
v -0.03815014 -0.36869638 0.14295888
v -0.03826493 -0.34327009 -0.08898982
v -0.03815014 -0.34335812 -0.08898982
v -0.03815014 -0.34327009 -0.08907327
v -0.06311279 -0.34327009 -0.06356309
v -0.03815014 -0.36144506 -0.06356309
v -0.03815014 -0.34327009 0.15882463
v -0.03815014 -0.31784381 -0.09989691
v -0.04845625 -0.31784381 0.16527747
v -0.03815014 -0.32423344 0.16527747
v -0.03815014 -0.31784381 0.16753254
v -0.03815014 -0.29241752 -0.10729764
v -0.03815014 -0.29241752 0.18615588
v -0.03815014 -0.26699124 -0.11437407
v -0.03815014 -0.28713834 0.19070420
v -0.03815014 -0.26699124 0.20760422
v -0.03815014 -0.26688788 -0.11441655
v -0.03815014 -0.24156495 -0.12518119
v -0.03815014 -0.24868843 0.21613093
v -0.03815014 -0.24156495 0.21977881
v -0.03815014 -0.21613867 -0.13758532
v -0.04207380 -0.21613867 0.21613093
v -0.03815014 -0.21776180 0.21613093
v -0.03815014 -0.21613867 0.21590607
v -0.03815014 -0.21220380 -0.13984328
v -0.03815014 -0.19071238 -0.15203687
v -0.04916087 -0.19071238 0.21613093
v -0.03815014 -0.21275005 0.21613093
v -0.03815014 -0.19071238 0.21757049
v -0.03815014 -0.17030569 -0.16527001
v -0.03815014 -0.16528610 -0.16878692
v -0.05598189 -0.16528610 0.21613093
v -0.03815014 -0.16528610 0.22110796
v -0.03815014 -0.13985981 -0.17943085
v -0.03815014 -0.15313067 0.21613093
v -0.03815014 -0.13985981 0.21199623
v -0.03815014 -0.11443353 -0.18015950
v -0.03815014 -0.11443353 0.21518678
v -0.03815014 -0.08900724 -0.18661424
v -0.03815014 -0.08900724 0.21527174
v -0.04529838 -0.06358095 -0.19069674
v -0.03815014 -0.07680903 -0.19069674
v -0.03815014 -0.06358095 -0.19515069
v -0.06213831 -0.06358095 -0.16527001
v -0.03815014 -0.06358095 0.20958574
v -0.04934418 -0.03815467 -0.19069674
v -0.03815014 -0.03815467 -0.20233391
v -0.05639675 -0.03815467 -0.16527001
v -0.04005792 -0.03815467 -0.13984328
v -0.05290175 -0.03815467 -0.11441655
v -0.04835679 -0.03815467 0.19070420
v -0.03815014 -0.03815467 0.19431737
v -0.04630326 -0.01272838 -0.19069674
v -0.03815014 -0.01272838 -0.20179445
v -0.03815014 -0.02157782 -0.16527001
v -0.03815014 -0.01272838 -0.17650442
v -0.03815014 -0.03700561 -0.13984328
v -0.03815014 -0.03157444 -0.11441655
v -0.03979050 -0.01272838 -0.08898982
v -0.03815014 -0.01272838 -0.08998852
v -0.03815014 -0.01895554 0.16527747
v -0.03815014 -0.01272838 0.15733787
v -0.03815014 -0.02535784 0.19070420
v -0.04271639 0.01269790 -0.19069674
v -0.03815014 0.01269790 -0.19687892
v -0.03815014 0.01269790 -0.18750563
v -0.03815014 -0.01148433 -0.08898982
v -0.05746900 0.01269790 -0.06356309
v -0.03815014 0.01269790 -0.07512720
v -0.04301677 0.01269790 0.08899728
v -0.03815014 0.00989587 0.08899728
v -0.03815014 0.01269790 0.08195719
v -0.05258564 0.01269790 0.11442401
v -0.03815014 0.00452537 0.11442401
v -0.03815014 -0.00057739 0.13985074
v -0.03956831 0.03812419 -0.19069674
v -0.03815014 0.03812419 -0.19147127
v -0.03815014 0.03812419 -0.19011825
v -0.04926380 0.03812419 -0.06356309
v -0.03815014 0.03812419 -0.07326339
v -0.06236405 0.03812419 -0.03813636
v -0.03815014 0.02044122 0.06357055
v -0.03815014 0.03812419 0.04678494
v -0.04406520 0.06355047 -0.19069674
v -0.03815014 0.06355047 -0.19338767
v -0.03815014 0.06355047 -0.18464908
v -0.03815014 0.05187863 -0.06356309
v -0.04372645 0.06355047 -0.03813636
v -0.03815014 0.06355047 -0.04845646
v -0.03815014 0.06355047 0.04481066
v -0.03815014 0.08897676 -0.20146624
v -0.03815014 0.08897676 -0.16786867
v -0.04086694 0.08897676 -0.03813636
v -0.03815014 0.08897676 -0.04440470
v -0.05588173 0.08897676 -0.01270963
v -0.03815014 0.08897676 0.05387124
v -0.03815014 0.11440304 -0.20098277
v -0.03815014 0.09790492 -0.16527001
v -0.03815014 0.11440304 -0.16044354
v -0.05075775 0.11440304 -0.03813636
v -0.03815014 0.11440304 -0.06198244
v -0.03815014 0.11440304 0.06084247
v -0.03815014 0.13982933 -0.20998547
v -0.04784908 0.13982933 -0.16527001
v -0.03815014 0.13982933 -0.14535772
v -0.03954622 0.13982933 -0.11441655
v -0.03815014 0.13873684 -0.11441655
v -0.03815014 0.13982933 -0.12053574
v -0.03815014 0.13982933 -0.09950649
v -0.05276771 0.13982933 -0.06356309
v -0.03815014 0.11594062 -0.06356309
v -0.03815014 0.13982933 -0.08815935
v -0.03815014 0.13982933 0.05263003
v -0.04037274 0.13982933 0.16527747
v -0.03815014 0.13799667 0.16527747
v -0.03815014 0.13982933 0.16291895
v -0.03832856 0.13982933 0.19070420
v -0.03815014 0.13975966 0.19070420
v -0.03815014 0.13982933 0.19076622
v -0.04694725 0.16525561 -0.19069674
v -0.03815014 0.16525561 -0.19983586
v -0.04854232 0.16525561 -0.16527001
v -0.03939880 0.16525561 -0.13984328
v -0.03815014 0.15573960 -0.13984328
v -0.04420398 0.16525561 -0.11441655
v -0.04523130 0.16525561 -0.08898982
v -0.03815014 0.14264894 -0.08898982
v -0.05484864 0.16525561 0.03814382
v -0.03815014 0.16525561 0.04155742
v -0.03815014 0.14183153 0.16527747
v -0.03859553 0.16525561 0.19070420
v -0.03815014 0.16525561 0.19020700
v -0.03815014 0.16525561 0.19090401
v -0.03815014 0.17728004 -0.19069674
v -0.04041542 0.19068190 -0.16527001
v -0.03815014 0.19068190 -0.17156103
v -0.04204640 0.19068190 -0.13984328
v -0.04442034 0.19068190 -0.11441655
v -0.05571140 0.19068190 -0.08898982
v -0.03815014 0.18311252 0.03814382
v -0.03815014 0.19068190 0.03453463
v -0.03815014 0.17215052 0.19070420
v -0.03815014 0.19375055 -0.16527001
v -0.03815014 0.20077344 -0.13984328
v -0.03815014 0.19937005 -0.11441655
v -0.03815014 0.20176503 -0.08898982
v -0.03815014 0.21610818 -0.06878714
v -0.05209938 0.21610818 -0.01270963
v -0.03815014 0.20485683 -0.01270963
v -0.03815014 0.21610818 -0.02514470
v -0.05847560 0.21610818 0.01271709
v -0.03815014 0.19964253 0.01271709
v -0.05976532 0.24153447 -0.06356309
v -0.03815014 0.22022288 -0.06356309
v -0.04200551 0.24153447 -0.03813636
v -0.03815014 0.23629491 -0.03813636
v -0.05097987 0.24153447 -0.01270963
v -0.06282655 0.24153447 0.01271709
v -0.06257583 0.24153447 0.08899728
v -0.05146129 0.24153447 0.11442401
v -0.03815014 0.23372944 0.11442401
v -0.03815014 0.24153447 0.10484965
v -0.03815014 0.24153447 0.13855453
v -0.03815014 0.26696076 0.10855042
v -0.05044656 0.26696076 0.13985074
v -0.03815014 0.24291565 0.13985074
v -0.03815014 0.26696076 0.15594344
v -0.03815014 0.27506661 0.11442401
v -0.04190050 0.29238704 0.13985074
v -0.03815014 0.29238704 0.13736534
v -0.03815014 0.29238704 0.14195445
v -0.03815014 0.29339599 0.13985074
v -0.04686833 0.36866590 -0.06356309
v -0.03815014 0.35898193 -0.06356309
v -0.03815014 0.36866590 -0.08482819
v -0.03815014 0.36866590 -0.05190158
v -0.03815014 0.38378745 -0.06356309
v -0.01950438 -0.39412266 0.11442401
v -0.01272375 -0.39760929 0.11442401
v -0.01272375 -0.39412266 0.09946564
v -0.01272375 -0.39412266 0.12011779
v -0.01936661 -0.36869638 -0.06356309
v -0.01272375 -0.37117521 -0.06356309
v -0.01272375 -0.36869638 -0.06836771
v -0.01272375 -0.38709426 -0.03813636
v -0.01272375 -0.39377465 -0.01270963
v -0.01272375 -0.39208396 0.01271709
v -0.01272375 -0.38423741 0.03814382
v -0.01272375 -0.38589509 0.06357055
v -0.01272375 -0.39135513 0.08899728
v -0.01272375 -0.38067600 0.13985074
v -0.01272375 -0.36869638 0.14850678
v -0.01272375 -0.35589912 -0.08898982
v -0.01272375 -0.34327009 -0.09823770
v -0.01272375 -0.34327009 0.16447596
v -0.01272375 -0.31784381 -0.10290818
v -0.02976625 -0.31784381 0.16527747
v -0.01272375 -0.31784381 0.15952196
v -0.01272375 -0.29241752 -0.10863389
v -0.02055897 -0.29241752 0.16527747
v -0.01272375 -0.29241752 0.15676113
v -0.03770473 -0.26699124 -0.11441655
v -0.01272375 -0.27424872 -0.11441655
v -0.01272375 -0.26699124 -0.11681367
v -0.01272375 -0.27067661 0.16527747
v -0.01888743 -0.26699124 0.19070420
v -0.01272375 -0.26699124 0.17089862
v -0.01272375 -0.24156495 -0.12733287
v -0.01272375 -0.26105184 0.19070420
v -0.02130868 -0.24156495 0.21613093
v -0.01272375 -0.24156495 0.21391762
v -0.01275930 -0.21613867 -0.13984328
v -0.01272375 -0.21614483 -0.13984328
v -0.01272375 -0.21613867 -0.13984638
v -0.03244607 -0.21613867 0.21613093
v -0.01272375 -0.22417976 0.21613093
v -0.01272375 -0.21613867 0.21725839
v -0.01272375 -0.19071238 -0.15440760
v -0.03479950 -0.19071238 0.21613093
v -0.01272375 -0.21424012 0.21613093
v -0.01272375 -0.19071238 0.20548729
v -0.01272375 -0.16923730 -0.16527001
v -0.01272375 -0.16528610 -0.16737105
v -0.02796435 -0.16528610 0.21613093
v -0.01272375 -0.16528610 0.21070856
v -0.01272375 -0.13985981 -0.16805688
v -0.01272375 -0.13985981 0.20620260
v -0.01272375 -0.11443353 -0.16822027
v -0.02630745 -0.11443353 0.21613093
v -0.01272375 -0.11702440 0.21613093
v -0.01272375 -0.11443353 0.21775249
v -0.01272375 -0.08900724 -0.17697991
v -0.03332608 -0.08900724 0.21613093
v -0.01272375 -0.08900724 0.21928972
v -0.02718898 -0.06358095 -0.19069674
v -0.01272375 -0.06358095 -0.18509909
v -0.01272375 -0.07036280 0.21613093
v -0.01272375 -0.06358095 0.21496951
v -0.01272375 -0.04839782 -0.19069674
v -0.01272375 -0.03815467 -0.19434396
v -0.01272375 -0.03815467 0.21158540
v -0.01272375 -0.01272838 -0.20481142
v -0.01753867 -0.01272838 -0.16527001
v -0.01272375 -0.02124861 -0.13984328
v -0.01272375 -0.01272838 -0.16067763
v -0.01272375 -0.01374767 -0.11441655
v -0.01272375 -0.01272838 -0.11265315
v -0.03080908 -0.01272838 0.16527747
v -0.03425718 -0.01272838 0.19070420
v -0.01272375 -0.01272838 0.20822388
v -0.01272375 0.01269790 -0.19962180
v -0.01272375 -0.00934067 -0.16527001
v -0.01272375 0.01269790 -0.18337935
v -0.01272375 0.00081467 -0.08898982
v -0.01272375 0.01269790 -0.07788313
v -0.01272375 0.01087555 0.08899728
v -0.01272375 0.01269790 0.08637073
v -0.02500712 0.01269790 0.11442401
v -0.01272375 0.01269790 0.09365739
v -0.01815400 0.01269790 0.13985074
v -0.01272375 0.00316424 0.16527747
v -0.01272375 0.01269790 0.14764663
v -0.01272375 0.00487783 0.19070420
v -0.01272375 0.03812419 -0.20405850
v -0.01272375 0.03812419 -0.18532643
v -0.01272375 0.03812419 -0.07135313
v -0.01272375 0.02809371 0.06357055
v -0.01272375 0.03812419 0.05273813
v -0.01272375 0.02323834 0.11442401
v -0.01272375 0.01770624 0.13985074
v -0.01272375 0.06355047 -0.20132613
v -0.01272375 0.06355047 -0.18035909
v -0.02321609 0.06355047 -0.06356309
v -0.01272375 0.06355047 -0.06940527
v -0.01272375 0.06355047 0.05282391
v -0.01272375 0.08897676 -0.20640565
v -0.01272375 0.08897676 -0.17700213
v -0.02672740 0.08897676 -0.06356309
v -0.01272375 0.08897676 -0.07694519
v -0.01272375 0.08897676 0.05651837
v -0.01272375 0.11440304 -0.21553175
v -0.03370704 0.11440304 -0.16527001
v -0.01272375 0.11440304 -0.17844454
v -0.03729951 0.11440304 -0.06356309
v -0.01272375 0.11440304 -0.08833886
v -0.01272375 0.11440304 0.04602482
v -0.01649374 0.11440304 0.13985074
v -0.01272375 0.10809155 0.13985074
v -0.01272375 0.11440304 0.13614783
v -0.01272375 0.11440304 0.14402638
v -0.01686292 0.13982933 -0.21612347
v -0.01272375 0.11939357 -0.21612347
v -0.01272375 0.13982933 -0.21756202
v -0.02993813 0.13982933 -0.16527001
v -0.01272375 0.13982933 -0.18127966
v -0.03644469 0.13982933 -0.11441655
v -0.03728496 0.13982933 -0.08898982
v -0.01272375 0.11563623 -0.08898982
v -0.01272375 0.13982933 -0.10399420
v -0.01272375 0.13982933 0.04063005
v -0.01272375 0.12272045 0.13985074
v -0.01437438 0.13982933 0.16527747
v -0.01272375 0.13829049 0.19070420
v -0.01272375 0.13982933 0.16912959
v -0.01272375 0.13982933 0.19131141
v -0.01272375 0.14285808 -0.21612347
v -0.01272375 0.16525561 -0.19398184
v -0.01272375 0.15728751 -0.16527001
v -0.01272375 0.15869505 -0.13984328
v -0.01272375 0.14971144 -0.11441655
v -0.02175011 0.16525561 0.03814382
v -0.01272375 0.15602050 0.03814382
v -0.01272375 0.16525561 0.03684824
v -0.03750261 0.16525561 0.19070420
v -0.01272375 0.14089037 0.19070420
v -0.01272375 0.16660354 -0.19069674
v -0.03253347 0.19068190 -0.16527001
v -0.01272375 0.17768424 -0.16527001
v -0.01623332 0.19068190 -0.13984328
v -0.01272375 0.18830984 -0.13984328
v -0.01272375 0.19068190 -0.13454523
v -0.03603590 0.19068190 0.03814382
v -0.01272375 0.16793430 0.03814382
v -0.01272375 0.19068190 0.05535354
v -0.01272375 0.19401153 -0.11441655
v -0.01272375 0.20035318 -0.08898982
v -0.02221632 0.21610818 -0.06356309
v -0.01272375 0.21434246 -0.06356309
v -0.01272375 0.21610818 -0.05862414
v -0.01272375 0.21472355 -0.01270963
v -0.01272375 0.21610818 -0.01526247
v -0.01272375 0.20413665 0.01271709
v -0.01272375 0.20688174 0.03814382
v -0.01682002 0.21610818 0.06357055
v -0.01272375 0.20999888 0.06357055
v -0.01272375 0.21610818 0.05824184
v -0.01272375 0.21610818 0.06837777
v -0.01687392 0.21610818 0.11442401
v -0.01272375 0.20959960 0.11442401
v -0.01272375 0.21610818 0.10820724
v -0.03172972 0.21610818 0.13985074
v -0.01272375 0.19631502 0.13985074
v -0.02129185 0.21610818 0.16527747
v -0.01272375 0.19771327 0.16527747
v -0.01272375 0.21610818 0.17046809
v -0.01272375 0.22506374 -0.03813636
v -0.01272375 0.21857736 0.06357055
v -0.01272375 0.24153447 0.10704424
v -0.03723419 0.24153447 0.13985074
v -0.01489722 0.24153447 0.16527747
v -0.01272375 0.24153447 0.16586486
v -0.01818072 0.26696076 0.11442401
v -0.01272375 0.26181945 0.11442401
v -0.01272375 0.26696076 0.11751677
v -0.01272375 0.24416010 0.16527747
v -0.01272375 0.26696076 0.15623125
v -0.03502061 0.29238704 0.13985074
v -0.01272375 0.28081105 0.13985074
v -0.01272375 0.36457672 -0.06356309
v -0.01272375 0.36866590 -0.07189938
v -0.01272375 0.36866590 -0.06042673
v -0.01272375 0.37782024 -0.06356309
v 0.00254451 -0.39412266 -0.03813636
v 0.01270263 -0.39906383 -0.03813636
v 0.01270263 -0.39412266 -0.04546066
v -0.01201949 -0.39412266 -0.01270963
v 0.01270263 -0.40583418 -0.01270963
v -0.00889972 -0.39412266 0.01271709
v 0.01270263 -0.40381150 0.01271709
v 0.00496508 -0.39412266 0.03814382
v 0.01270263 -0.39792184 0.03814382
v 0.01270263 -0.39412266 0.05145414
v -0.00912281 -0.39412266 0.11442401
v 0.01270263 -0.37451717 -0.06356309
v 0.01270263 -0.36869638 -0.07991193
v 0.01270263 -0.39041269 0.06357055
v 0.01270263 -0.38909250 0.08899728
v 0.01270263 -0.38294715 0.11442401
v 0.01270263 -0.38340805 0.13985074
v 0.01270263 -0.36869638 0.15166321
v 0.01270263 -0.36565309 -0.08898982
v 0.01270263 -0.34327009 -0.10159518
v 0.01270263 -0.34327009 0.15863814
v 0.01270263 -0.31784381 -0.10636331
v 0.01270263 -0.31784381 0.14675582
v 0.01270263 -0.29241752 -0.11304352
v 0.01270263 -0.29241752 0.14623297
v 0.01270263 -0.28809938 -0.11441655
v 0.01270263 -0.26699124 -0.12081729
v -0.00955673 -0.26699124 0.16527747
v 0.01270263 -0.26699124 0.15683625
v 0.01270263 -0.24156495 -0.13108460
v 0.01270263 -0.25995532 0.16527747
v 0.01270263 -0.25211598 0.19070420
v 0.01270263 -0.24156495 0.21102036
v 0.01270263 -0.22119327 -0.13984328
v 0.01270263 -0.21613867 -0.14232168
v -0.01060715 -0.21613867 0.21613093
v 0.01270263 -0.21613867 0.19750106
v 0.01270263 -0.19071238 -0.15742851
v 0.01270263 -0.19071238 0.21448169
v -0.00206180 -0.16528610 -0.16527001
v 0.01270263 -0.16528610 -0.16283092
v 0.00070879 -0.16528610 0.21613093
v 0.01270263 -0.18691300 0.21613093
v 0.01270263 -0.16528610 0.22500638
v -0.00003775 -0.13985981 -0.16527001
v 0.01270263 -0.13985981 -0.16302389
v -0.00092588 -0.13985981 0.21613093
v 0.01270263 -0.13985981 0.23098870
v 0.01270263 -0.11679782 -0.16527001
v 0.01270263 -0.11443353 -0.16551033
v 0.01270263 -0.11443353 0.22575208
v 0.01270263 -0.08900724 -0.17029134
v 0.01270263 -0.08900724 0.22445695
v 0.01270263 -0.06358095 -0.17344132
v -0.00704783 -0.06358095 0.21613093
v 0.01270263 -0.06358095 0.22007631
v -0.00292356 -0.03815467 -0.19069674
v 0.01270263 -0.03815467 -0.18248686
v 0.00411820 -0.03815467 0.21613093
v 0.01270263 -0.03815467 0.21805132
v 0.01270263 -0.02551220 -0.19069674
v 0.01270263 -0.01272838 -0.19657605
v 0.01270263 -0.01369089 -0.13984328
v 0.01270263 -0.01272838 -0.14232890
v 0.01270263 -0.01329575 -0.11441655
v 0.01270263 -0.01272838 -0.11227400
v 0.00671372 -0.01272838 0.11442401
v 0.01270263 -0.01835314 0.11442401
v 0.01270263 -0.01272838 0.10998514
v 0.00125732 -0.01272838 0.13985074
v 0.01270263 -0.02123618 0.13985074
v 0.01270263 -0.01272838 0.15396949
v 0.00685716 -0.01272838 0.21613093
v 0.01270263 -0.01272838 0.21764453
v -0.00176600 0.01269790 -0.19069674
v 0.01270263 0.00099864 -0.19069674
v 0.01270263 -0.00423948 -0.16527001
v 0.01270263 -0.00547101 -0.08898982
v 0.01270263 0.01269790 -0.07140844
v -0.01040590 0.01269790 0.08899728
v 0.00801195 0.01269790 0.11442401
v 0.01270263 0.01269790 0.11208916
v 0.00858415 0.01269790 0.13985074
v 0.01270263 0.00827630 0.16527747
v -0.00380323 0.01269790 0.19070420
v 0.01270263 0.01269790 0.16777686
v -0.00231103 0.01269790 0.21613093
v 0.01270263 0.01269790 0.21937321
v 0.00730587 0.03812419 -0.19069674
v 0.00993311 0.03812419 -0.06356309
v 0.01270263 0.03514542 -0.06356309
v 0.01270263 0.03812419 -0.06264940
v -0.00191052 0.03812419 0.06357055
v 0.01163510 0.03812419 0.08899728
v 0.01270263 0.03812419 0.09248823
v 0.01270263 0.03806910 0.19070420
v -0.00000965 0.03812419 0.21613093
v 0.01270263 0.03812419 0.19083981
v 0.01270263 0.03812419 0.22042163
v 0.00693222 0.06355047 -0.21612347
v 0.01270263 0.04403569 -0.21612347
v 0.01270263 0.06355047 -0.22022305
v 0.01270263 0.04424918 -0.19069674
v 0.01270263 0.06355047 -0.18737744
v 0.01270263 0.04467108 -0.06356309
v 0.01270263 0.06355047 -0.06598650
v 0.00288976 0.06355047 0.06357055
v 0.01270263 0.04064910 0.08899728
v 0.01270263 0.06355047 0.07847381
v 0.01270263 0.05865328 0.21613093
v 0.00154310 0.08897676 -0.21612347
v 0.01270263 0.08897676 -0.22241912
v 0.01270263 0.08897676 -0.18679479
v 0.01270263 0.08897676 -0.07412342
v 0.01270263 0.07495421 0.06357055
v 0.01270263 0.08897676 0.05271581
v 0.01115958 0.08897676 0.16527747
v 0.01270263 0.08658645 0.16527747
v 0.01270263 0.08897676 0.15939939
v 0.01270263 0.08897676 0.16721354
v -0.01218831 0.11440304 -0.21612347
v 0.01270263 0.11440304 -0.22902193
v 0.01270263 0.11440304 -0.18471832
v 0.01270263 0.11440304 -0.08815110
v 0.00721280 0.11440304 0.03814382
v 0.01270263 0.11110442 0.03814382
v 0.01270263 0.11440304 0.03626173
v 0.00341679 0.11440304 0.13985074
v 0.00249603 0.11440304 0.16527747
v 0.01270263 0.11440304 0.14351857
v 0.00556491 0.11440304 0.19070420
v 0.01270263 0.11151521 0.19070420
v 0.01270263 0.11440304 0.19565651
v 0.01270263 0.13982933 -0.22782270
v 0.01270263 0.13982933 -0.17908186
v 0.01270263 0.11627003 -0.08898982
v 0.01270263 0.13982933 -0.10143201
v 0.00125607 0.13982933 0.03814382
v 0.01270263 0.13982933 0.03653842
v 0.01270263 0.12912487 0.16527747
v 0.00946123 0.13982933 0.19070420
v 0.01270263 0.13923057 0.19070420
v 0.01270263 0.14547570 -0.21612347
v -0.00973231 0.16525561 -0.19069674
v 0.01270263 0.14566181 -0.19069674
v -0.00348925 0.16525561 -0.16527001
v 0.00204607 0.16525561 -0.13984328
v 0.01270263 0.15165017 -0.11441655
v 0.01270263 0.16525561 -0.13405053
v 0.01270263 0.16525561 0.03674280
v 0.01113579 0.16525561 0.13985074
v 0.01270263 0.16337325 0.13985074
v 0.01270263 0.16525561 0.13701180
v -0.00477981 0.16525561 0.16527747
v 0.01270263 0.14932048 0.16527747
v 0.01270263 0.16525561 0.18743189
v 0.01270263 0.19068190 -0.12723683
v 0.01270263 0.16953800 0.03814382
v 0.01270263 0.19068190 0.05938947
v -0.00041921 0.19068190 0.11442401
v 0.01270263 0.17594101 0.11442401
v 0.01270263 0.19068190 0.09853962
v -0.00870668 0.19068190 0.13985074
v -0.00886493 0.19068190 0.16527747
v 0.01270263 0.19068190 0.17574199
v 0.01270263 0.19490120 -0.11441655
v 0.01270263 0.20152031 -0.08898982
v 0.01270263 0.21114080 -0.06356309
v 0.01270263 0.21610818 -0.05287954
v -0.00958553 0.21610818 -0.01270963
v 0.01270263 0.20858088 0.01271709
v 0.01270263 0.21610818 -0.00073195
v 0.01246021 0.21610818 0.03814382
v 0.01270263 0.21610818 0.03785826
v 0.01270263 0.19579964 0.06357055
v -0.00484242 0.21610818 0.08899728
v 0.01270263 0.19609843 0.08899728
v 0.00482716 0.21610818 0.16527747
v 0.01270263 0.21169477 0.16527747
v 0.01270263 0.21610818 0.15739155
v 0.01270263 0.22593484 -0.03813636
v 0.01270263 0.22682947 -0.01270963
v 0.01270263 0.21618222 0.03814382
v 0.01270263 0.22237270 0.06357055
v 0.01270263 0.23635066 0.08899728
v 0.01270263 0.24153447 0.10646496
v 0.00710529 0.24153447 0.13985074
v 0.01270263 0.23275462 0.13985074
v 0.01270263 0.24153447 0.12626192
v -0.01101194 0.24153447 0.16527747
v 0.01270263 0.24581458 0.11442401
v 0.00460382 0.26696076 0.13985074
v 0.01270263 0.36662166 -0.06356309
v 0.01270263 0.36866590 -0.06658467
v 0.01270263 0.36866590 -0.06191824
v 0.01270263 0.37276152 -0.06356309
v 0.03320160 -0.39412266 -0.03813636
v 0.03812901 -0.39524066 -0.01270963
v 0.03812901 -0.39412266 -0.02263473
v 0.03812901 -0.39675687 0.01271709
v 0.02311837 -0.39412266 0.03814382
v 0.03812901 -0.39412266 0.02027973
v 0.03812901 -0.37282891 -0.06356309
v 0.03812901 -0.36869638 -0.06812739
v 0.03812901 -0.39187807 -0.03813636
v 0.03812901 -0.38779481 0.03814382
v 0.03812901 -0.37948007 0.06357055
v 0.03812901 -0.37927451 0.08899728
v 0.03812901 -0.37769117 0.11442401
v 0.03812901 -0.36947298 0.13985074
v 0.03812901 -0.36869638 0.14204416
v 0.03812901 -0.35172656 -0.08898982
v 0.03812901 -0.34327009 -0.09365737
v 0.03812901 -0.34327009 0.16345708
v 0.03812901 -0.31784381 -0.09746120
v 0.03812901 -0.31784381 0.15459598
v 0.03812901 -0.29241752 -0.10539151
v 0.03812901 -0.29241752 0.15879944
v 0.03812901 -0.27908334 -0.11441655
v 0.03812901 -0.26699124 -0.12119879
v 0.03322993 -0.26699124 0.16527747
v 0.03812901 -0.27430770 0.16527747
v 0.03812901 -0.26699124 0.16989286
v 0.03812901 -0.24156495 -0.13270841
v 0.03812901 -0.24854493 0.19070420
v 0.03812901 -0.24156495 0.19638386
v 0.03812901 -0.22525437 -0.13984328
v 0.03812901 -0.21613867 -0.14454814
v 0.03812901 -0.21613867 0.20363472
v 0.03812901 -0.19071238 -0.15369962
v 0.03812901 -0.19071238 0.21328060
v 0.03812901 -0.16528610 -0.15717411
v 0.03812901 -0.18755577 0.21613093
v 0.03812901 -0.16528610 0.22804866
v 0.03812901 -0.13985981 -0.15786345
v 0.02978889 -0.13985981 0.24155765
v 0.03812901 -0.14719004 0.24155765
v 0.03812901 -0.13985981 0.24555898
v 0.01368566 -0.11443353 -0.16527001
v 0.03812901 -0.11443353 -0.15935118
v 0.03812901 -0.12406487 0.24155765
v 0.03812901 -0.11443353 0.23868287
v 0.03399098 -0.08900724 -0.16527001
v 0.03812901 -0.08900724 -0.16428990
v 0.03812901 -0.08900724 0.23243240
v 0.03812901 -0.08477014 -0.16527001
v 0.03812901 -0.06358095 -0.17012006
v 0.03812901 -0.06358095 0.22678397
v 0.03812901 -0.03815467 -0.17164881
v 0.03812901 -0.03815467 0.22569579
v 0.02977765 -0.01272838 -0.19069674
v 0.03812901 -0.01272838 -0.17560595
v 0.03812901 -0.01406382 -0.13984328
v 0.03812901 -0.01272838 -0.14728505
v 0.01575279 -0.01272838 -0.11441655
v 0.03812901 -0.01272838 -0.13573491
v 0.02583609 -0.01272838 0.11442401
v 0.03524352 -0.01272838 0.13985074
v 0.03812901 -0.01272838 0.22518670
v 0.03812901 -0.00787046 -0.16527001
v 0.03812901 -0.00857111 -0.11441655
v 0.03812901 0.00116114 -0.08898982
v 0.03812901 0.01269790 -0.06903372
v 0.03812901 0.00579135 0.11442401
v 0.03812901 0.01269790 0.10954956
v 0.03812901 -0.01119002 0.13985074
v 0.03812901 0.01066630 0.16527747
v 0.03812901 0.01269790 0.16732410
v 0.03812901 0.01269790 0.22492465
v 0.03812901 0.01747518 -0.06356309
v 0.03812901 0.03812419 -0.05092795
v 0.01463014 0.03812419 0.08899728
v 0.03812901 0.02467444 0.08899728
v 0.03812901 0.03812419 0.06848994
v 0.01275947 0.03812419 0.19070420
v 0.03812901 0.03812419 0.17621798
v 0.03812901 0.03812419 0.22160579
v 0.02123095 0.06355047 -0.21612347
v 0.02466948 0.06355047 -0.19069674
v 0.03416033 0.06355047 -0.06356309
v 0.03812901 0.06355047 -0.06283042
v 0.03696247 0.06355047 0.03814382
v 0.03812901 0.05969482 0.03814382
v 0.03812901 0.06355047 0.03610093
v 0.02601104 0.06355047 0.06357055
v 0.03812901 0.04321011 0.06357055
v 0.03357966 0.06355047 0.16527747
v 0.03812901 0.05771115 0.16527747
v 0.03812901 0.06355047 0.14521656
v 0.03603539 0.06355047 0.19070420
v 0.03587281 0.06355047 0.21613093
v 0.03812901 0.06355047 0.21664694
v 0.03542530 0.08897676 -0.21612347
v 0.01887951 0.08897676 -0.19069674
v 0.03812901 0.06519905 -0.06356309
v 0.03812901 0.08897676 -0.07293689
v 0.03419275 0.08897676 0.03814382
v 0.03812901 0.08897676 0.03271647
v 0.03749823 0.08897676 0.13985074
v 0.03812901 0.08564848 0.13985074
v 0.03812901 0.08897676 0.13961150
v 0.03812901 0.06952914 0.19070420
v 0.03812901 0.08897676 0.17955282
v 0.03812901 0.06386219 0.21613093
v 0.03684567 0.11440304 -0.24155020
v 0.03812901 0.11261575 -0.24155020
v 0.03812901 0.11440304 -0.24215670
v 0.03812901 0.09083076 -0.21612347
v 0.03812901 0.10496590 -0.19069674
v 0.03812901 0.11440304 -0.16905390
v 0.03812901 0.11440304 -0.08694662
v 0.03812901 0.11440304 0.02846354
v 0.03812901 0.08927252 0.13985074
v 0.03261708 0.11440304 0.16527747
v 0.03812901 0.10819585 0.16527747
v 0.03812901 0.10198653 0.19070420
v 0.03812901 0.11440304 0.17296300
v 0.03812901 0.11440304 0.19738854
v 0.03812901 0.11646880 -0.24155020
v 0.03812901 0.13982933 -0.22264317
v 0.02157455 0.13982933 -0.16527001
v 0.03812901 0.11806372 -0.16527001
v 0.03588220 0.13982933 -0.13984328
v 0.03812901 0.13713708 -0.13984328
v 0.03812901 0.13982933 -0.13641037
v 0.03812901 0.13893096 -0.08898982
v 0.03812901 0.13982933 -0.08927028
v 0.03812901 0.13982933 0.02985865
v 0.01415537 0.13982933 0.19070420
v 0.03812901 0.13982933 0.18568432
v 0.03812901 0.13982933 0.19155653
v 0.03812901 0.14201967 -0.21612347
v 0.03812901 0.14270792 -0.19069674
v 0.03812901 0.15620415 -0.16527001
v 0.03037617 0.16525561 -0.13984328
v 0.03812901 0.16525561 -0.14834959
v 0.03812901 0.14868892 -0.11441655
v 0.03812901 0.16525561 0.03306929
v 0.01568659 0.16525561 0.13985074
v 0.03812901 0.14738009 0.16527747
v 0.03812901 0.16525561 0.15132567
v 0.03812901 0.14239008 0.19070420
v 0.03812901 0.16525561 0.17846684
v 0.03812901 0.16898548 -0.13984328
v 0.03812901 0.19068190 -0.11733213
v 0.03812901 0.17648554 0.03814382
v 0.01873442 0.19068190 0.06357055
v 0.03812901 0.18520432 0.06357055
v 0.03296508 0.19068190 0.08899728
v 0.03812901 0.18865798 0.08899728
v 0.03812901 0.18887715 0.11442401
v 0.03812901 0.17383861 0.13985074
v 0.03812901 0.19068190 0.17116011
v 0.03812901 0.19330527 -0.11441655
v 0.03812901 0.20384669 -0.08898982
v 0.03812901 0.21224458 -0.06356309
v 0.03812901 0.21610818 -0.05697055
v 0.03812901 0.21153061 0.01271709
v 0.03812901 0.21610818 0.00971008
v 0.01329620 0.21610818 0.03814382
v 0.03812901 0.20946909 0.03814382
v 0.03812901 0.21610818 0.04506340
v 0.03812901 0.20143521 0.16527747
v 0.03812901 0.21610818 0.15192599
v 0.03381079 0.24153447 -0.03813636
v 0.03812901 0.24153447 -0.04147332
v 0.03812901 0.23783493 -0.01270963
v 0.03812901 0.24153447 -0.02789095
v 0.03812901 0.22528703 0.06357055
v 0.02889668 0.24153447 0.08899728
v 0.03812901 0.24153447 0.08486841
v 0.03812901 0.23390910 0.13985074
v 0.03812901 0.24153447 0.13443519
v 0.03812901 0.24764147 -0.03813636
v 0.03812901 0.24515180 0.08899728
v 0.03812901 0.25551439 0.11442401
v 0.03812901 0.35753511 -0.06356309
v 0.03812901 0.36866590 -0.07220525
v 0.03812901 0.36866590 -0.05437178
v 0.03812901 0.37662199 -0.06356309
v 0.03910302 -0.39412266 -0.01270963
v 0.04281513 -0.39412266 0.01271709
v 0.04005037 -0.36869638 -0.06356309
v 0.04894137 -0.36869638 -0.03813636
v 0.05899092 -0.36869638 -0.01270963
v 0.06355539 -0.37895666 0.01271709
v 0.06355539 -0.36869638 -0.00249247
v 0.06355539 -0.37502981 0.03814382
v 0.05939553 -0.36869638 0.06357055
v 0.06355539 -0.36869638 0.05782396
v 0.05959802 -0.36869638 0.08899728
v 0.06355539 -0.36943467 0.11442401
v 0.06355539 -0.36869638 0.10697218
v 0.04128067 -0.36869638 0.13985074
v 0.06355539 -0.36869638 0.11820565
v 0.04222831 -0.34327009 -0.08898982
v 0.05313734 -0.34327009 -0.06356309
v 0.06306585 -0.34327009 -0.03813636
v 0.06355539 -0.36084758 -0.01270963
v 0.06355539 -0.34327009 -0.03698938
v 0.06355539 -0.36702936 0.06357055
v 0.06355539 -0.36681646 0.08899728
v 0.06355539 -0.36298138 0.13985074
v 0.04203238 -0.34327009 0.16527747
v 0.06355539 -0.35124647 0.16527747
v 0.06355539 -0.34327009 0.17788758
v 0.05068924 -0.31784381 -0.08898982
v 0.06355539 -0.32859113 -0.06356309
v 0.06355539 -0.31784381 -0.07536015
v 0.06355539 -0.34250523 -0.03813636
v 0.06355539 -0.33294277 0.16527747
v 0.06355539 -0.31784381 0.15673345
v 0.06355539 -0.29299541 -0.08898982
v 0.06355539 -0.29241752 -0.08926450
v 0.06355539 -0.29241752 0.16264840
v 0.05146392 -0.26699124 -0.11441655
v 0.06355539 -0.26699124 -0.10599498
v 0.06355539 -0.28353855 0.16527747
v 0.06355539 -0.26699124 0.17112381
v 0.06355539 -0.25565096 -0.11441655
v 0.06355539 -0.24156495 -0.12566575
v 0.04581451 -0.24156495 0.19070420
v 0.06355539 -0.24156495 0.17685726
v 0.06355539 -0.22387499 -0.13984328
v 0.06355539 -0.21613867 -0.14581769
v 0.05076711 -0.21613867 0.19070420
v 0.06355539 -0.21613867 0.18105496
v 0.06355539 -0.19071238 -0.15281871
v 0.06355539 -0.19871444 0.19070420
v 0.06355539 -0.19071238 0.19662454
v 0.06355539 -0.16528610 -0.15304605
v 0.06355539 -0.16755838 0.21613093
v 0.06355539 -0.16528610 0.21848734
v 0.06355539 -0.13985981 -0.15302299
v 0.06355539 -0.14409060 0.24155765
v 0.06355539 -0.13985981 0.24418871
v 0.06355539 -0.11443353 -0.15514994
v 0.04623077 -0.11443353 0.24155765
v 0.06355539 -0.11443353 0.24685350
v 0.06355539 -0.08900724 -0.15932952
v 0.06355539 -0.10148921 0.24155765
v 0.06355539 -0.08900724 0.23417104
v 0.05209771 -0.06358095 -0.16527001
v 0.06355539 -0.06358095 -0.15778880
v 0.06355539 -0.06358095 0.21969033
v 0.05052125 -0.03815467 -0.16527001
v 0.06355539 -0.03815467 -0.15689170
v 0.05158676 -0.03815467 0.21613093
v 0.06355539 -0.05913540 0.21613093
v 0.06355539 -0.03815467 0.19580254
v 0.04223134 -0.01272838 -0.16527001
v 0.06355539 -0.01875369 -0.13984328
v 0.05322964 -0.01272838 -0.11441655
v 0.06355539 -0.01606953 -0.11441655
v 0.05657973 -0.01272838 -0.08898982
v 0.06355539 -0.01686281 -0.08898982
v 0.06355539 -0.01272838 -0.07233944
v 0.06355340 -0.01272838 0.19070420
v 0.06355539 -0.01274697 0.19070420
v 0.06355539 -0.01272838 0.19069945
v 0.05441092 -0.01272838 0.21613093
v 0.04194406 0.01269790 -0.06356309
v 0.06355539 -0.00932578 -0.06356309
v 0.05219392 0.01269790 -0.03813636
v 0.06355539 -0.00697946 -0.03813636
v 0.06342637 0.01269790 -0.01270963
v 0.06355539 0.01247419 -0.01270963
v 0.06355539 0.01269790 -0.01241498
v 0.06355539 0.00485588 0.11442401
v 0.06355539 0.01269790 0.09349010
v 0.06355539 0.00591472 0.13985074
v 0.06355539 0.00352441 0.16527747
v 0.06355539 -0.01270264 0.19070420
v 0.06355539 0.01269790 0.18445083
v 0.05404664 0.01269790 0.21613093
v 0.06355539 0.01269790 0.19694021
v 0.04698298 0.03812419 -0.03813636
v 0.05524548 0.03812419 -0.01270963
v 0.05391574 0.03812419 0.01271709
v 0.06355539 0.02775492 0.01271709
v 0.04444406 0.03812419 0.03814382
v 0.06355539 0.02234747 0.03814382
v 0.04107071 0.03812419 0.06357055
v 0.06355539 0.02171057 0.06357055
v 0.06355539 0.01414694 0.08899728
v 0.06355539 0.03812419 0.17150974
v 0.06355539 0.03312863 0.21613093
v 0.06355539 0.03812419 0.21943696
v 0.05432448 0.06355047 -0.03813636
v 0.05758377 0.06355047 -0.01270963
v 0.04908116 0.06355047 0.01271709
v 0.06355539 0.04840303 0.16527747
v 0.06355539 0.06355047 0.16099336
v 0.03840786 0.06355047 0.21613093
v 0.06355539 0.04120309 0.21613093
v 0.06355539 0.06355047 0.20509234
v 0.06355539 0.08173009 -0.06356309
v 0.06355539 0.08897676 -0.07149898
v 0.06355539 0.08048526 -0.03813636
v 0.06355539 0.07806368 -0.01270963
v 0.04774414 0.08897676 0.01271709
v 0.06355539 0.08897676 -0.00699212
v 0.03824208 0.08897676 0.13985074
v 0.05360261 0.08897676 0.16527747
v 0.06355539 0.07639532 0.16527747
v 0.05299087 0.08897676 0.19070420
v 0.06355539 0.08897676 0.17892349
v 0.06355539 0.08897676 0.19519156
v 0.03878191 0.11440304 -0.24155020
v 0.04715738 0.11440304 -0.21612347
v 0.04805865 0.11440304 -0.19069674
v 0.06355539 0.11440304 -0.07440191
v 0.05571259 0.11440304 0.01271709
v 0.06355539 0.11440304 0.00177079
v 0.06355539 0.11440304 0.18053957
v 0.06355539 0.11440304 0.20196540
v 0.04199031 0.13982933 -0.21612347
v 0.04435678 0.13982933 -0.19069674
v 0.05901911 0.13982933 -0.16527001
v 0.06355539 0.13151107 -0.13984328
v 0.06355539 0.13982933 -0.15596426
v 0.06355539 0.13982933 -0.13312598
v 0.03827555 0.13982933 -0.08898982
v 0.06355539 0.13982933 -0.06534519
v 0.06355539 0.13279385 0.01271709
v 0.06355539 0.13982933 0.01558374
v 0.06344404 0.13982933 0.19070420
v 0.06355539 0.13981707 0.19070420
v 0.04558845 0.16525561 -0.13984328
v 0.06355539 0.14897789 -0.13984328
v 0.05485897 0.16525561 -0.11441655
v 0.04812671 0.16525561 -0.08898982
v 0.05564354 0.16525561 -0.06356309
v 0.06355539 0.14276682 -0.06356309
v 0.06355539 0.16525561 -0.05137851
v 0.06355539 0.16525561 0.01748291
v 0.04929715 0.16525561 0.16527747
v 0.04024229 0.19068190 -0.11441655
v 0.05019971 0.19068190 -0.08898982
v 0.05630973 0.19068190 -0.06356309
v 0.06355539 0.19068190 -0.05187867
v 0.05346286 0.19068190 0.03814382
v 0.06355539 0.19068190 0.02468386
v 0.04788184 0.19068190 0.06357055
v 0.03974758 0.19068190 0.08899728
v 0.04022944 0.19068190 0.11442401
v 0.05146415 0.19068190 0.13985074
v 0.04900122 0.19068190 0.16527747
v 0.06355539 0.21610818 -0.06025183
v 0.06355539 0.20302593 0.01271709
v 0.06355539 0.21610818 0.00434379
v 0.05844261 0.21610818 0.06357055
v 0.06355539 0.21204431 0.08899728
v 0.06355539 0.21610818 0.07264274
v 0.06355539 0.20932617 0.11442401
v 0.05598738 0.21610818 0.13985074
v 0.06355539 0.21610818 0.13120841
v 0.06354488 0.24153447 -0.06356309
v 0.06355539 0.24139453 -0.06356309
v 0.06355539 0.24153447 -0.06357234
v 0.06355539 0.23974975 -0.01270963
v 0.06355539 0.24153447 -0.01866356
v 0.06355539 0.24153447 0.08030269
v 0.06355539 0.24153447 0.11816892
v 0.06355539 0.24156047 -0.06356309
v 0.06355539 0.26149475 -0.03813636
v 0.06355539 0.24812422 0.08899728
v 0.06355539 0.24549583 0.11442401
v 0.06303332 0.36866590 -0.06356309
v 0.07041832 -0.36869638 0.01271709
v 0.06984844 -0.36869638 0.03814382
v 0.06546277 -0.36869638 0.11442401
v 0.07465745 -0.34327009 -0.01270963
v 0.08582311 -0.34327009 0.01271709
v 0.08898178 -0.34905222 0.03814382
v 0.08898178 -0.34327009 0.02262312
v 0.08898178 -0.34749210 0.06357055
v 0.08898178 -0.34983770 0.08899728
v 0.08898178 -0.35802155 0.11442401
v 0.08898178 -0.36219420 0.13985074
v 0.08730776 -0.34327009 0.16527747
v 0.08898178 -0.34327009 0.16466347
v 0.07151037 -0.31784381 -0.06356309
v 0.08036063 -0.31784381 -0.03813636
v 0.08898178 -0.32257339 -0.01270963
v 0.08898178 -0.31784381 -0.01967556
v 0.08898178 -0.33843800 0.01271709
v 0.08898178 -0.31784381 0.15057825
v 0.06382508 -0.29241752 -0.08898982
v 0.08544719 -0.29241752 -0.06356309
v 0.08898178 -0.30658054 -0.03813636
v 0.08898178 -0.29241752 -0.05721387
v 0.08898178 -0.29241752 0.14614330
v 0.08335170 -0.26699124 -0.08898982
v 0.08898178 -0.28718070 -0.06356309
v 0.08898178 -0.26699124 -0.08297915
v 0.06820110 -0.26699124 0.16527747
v 0.08898178 -0.26699124 0.14278387
v 0.07576316 -0.24156495 -0.11441655
v 0.08898178 -0.26034949 -0.08898982
v 0.08898178 -0.24156495 -0.10289872
v 0.07064179 -0.24156495 0.16527747
v 0.08898178 -0.24156495 0.14357693
v 0.07091116 -0.21613867 -0.13984328
v 0.08898178 -0.22772651 -0.11441655
v 0.08898178 -0.21613867 -0.12461431
v 0.07564372 -0.21613867 0.16527747
v 0.08898178 -0.21613867 0.14843937
v 0.08898178 -0.19890414 -0.13984328
v 0.08898178 -0.19071238 -0.14650470
v 0.08263391 -0.19071238 0.16527747
v 0.08898178 -0.19071238 0.15722820
v 0.06683066 -0.19071238 0.19070420
v 0.08898178 -0.16528610 -0.15076520
v 0.08898178 -0.17557126 0.16527747
v 0.07609401 -0.16528610 0.19070420
v 0.08898178 -0.16528610 0.17215804
v 0.06464094 -0.16528610 0.21613093
v 0.08898178 -0.13985981 -0.14919755
v 0.08898178 -0.14348922 0.19070420
v 0.07794747 -0.13985981 0.21613093
v 0.08898178 -0.13985981 0.19465055
v 0.06575564 -0.13985981 0.24155765
v 0.08898178 -0.11443353 -0.15181321
v 0.08662908 -0.11443353 0.21613093
v 0.08898178 -0.11443353 0.20893139
v 0.07342265 -0.11443353 0.24155765
v 0.08898178 -0.08900724 -0.15319664
v 0.08486611 -0.08900724 0.19070420
v 0.08898178 -0.10040183 0.19070420
v 0.08898178 -0.08900724 0.18205248
v 0.07614899 -0.08900724 0.21613093
v 0.08533816 -0.06358095 -0.13984328
v 0.08898178 -0.06671791 -0.13984328
v 0.08898178 -0.06358095 -0.13684002
v 0.08540314 -0.06358095 0.16527747
v 0.08898178 -0.07166189 0.16527747
v 0.08898178 -0.06358095 0.15944976
v 0.07382489 -0.06358095 0.19070420
v 0.06551303 -0.06358095 0.21613093
v 0.07784423 -0.03815467 -0.13984328
v 0.08898178 -0.03815467 -0.12766693
v 0.07647859 -0.03815467 0.16527747
v 0.08898178 -0.03815467 0.14772204
v 0.06585916 -0.03815467 0.19070420
v 0.08898178 -0.02531482 -0.11441655
v 0.08898178 -0.02772709 -0.08898982
v 0.06582105 -0.01272838 -0.06356309
v 0.08898178 -0.03504234 -0.06356309
v 0.06738585 -0.01272838 -0.03813636
v 0.08898178 -0.03063029 -0.03813636
v 0.08898178 -0.01272838 -0.01279477
v 0.07298868 -0.01272838 0.16527747
v 0.08898178 -0.01272838 0.14297160
v 0.08898178 -0.01264187 -0.01270963
v 0.08734755 0.01269790 0.01271709
v 0.08898178 0.01168217 0.01271709
v 0.07656844 0.01269790 0.03814382
v 0.08898178 0.00401280 0.03814382
v 0.08295994 0.01269790 0.06357055
v 0.08898178 0.00986119 0.06357055
v 0.08898178 0.01269790 0.08849028
v 0.08898178 0.00332440 0.11442401
v 0.08898178 0.01269790 0.08928826
v 0.08898178 -0.00828456 0.13985074
v 0.06517208 0.01269790 0.19070420
v 0.08898178 0.01279703 0.08899728
v 0.06875153 0.03812419 0.19070420
v 0.06470462 0.03812419 0.21613093
v 0.06996929 0.06355047 0.16527747
v 0.07649338 0.06355047 0.19070420
v 0.06856170 0.08897676 -0.06356309
v 0.06788449 0.08897676 -0.03813636
v 0.06822296 0.08897676 -0.01270963
v 0.06916457 0.08897676 0.19070420
v 0.08329727 0.11440304 -0.06356309
v 0.08398385 0.11440304 -0.03813636
v 0.07934358 0.11440304 -0.01270963
v 0.07440100 0.11440304 0.19070420
v 0.07087891 0.13982933 -0.13984328
v 0.06539908 0.13982933 -0.06356309
v 0.07704986 0.13982933 -0.03813636
v 0.08898178 0.13536311 -0.01270963
v 0.08898178 0.13982933 -0.01574800
v 0.06981475 0.13982933 0.01271709
v 0.08898178 0.13982933 -0.00945297
v 0.07455416 0.16525561 -0.03813636
v 0.08898178 0.16525561 -0.01735384
v 0.07255018 0.16525561 0.01271709
v 0.08898178 0.16525561 -0.00487510
v 0.07991528 0.19068190 -0.03813636
v 0.08828370 0.19068190 -0.01270963
v 0.08898178 0.18834033 -0.01270963
v 0.08486504 0.19068190 0.01271709
v 0.08898178 0.20466421 -0.03813636
v 0.08898178 0.21610818 -0.04300258
v 0.08898178 0.19292595 -0.01270963
v 0.08898178 0.21610818 -0.00072119
v 0.07194696 0.21610818 0.08899728
v 0.07819413 0.21610818 0.11442401
v 0.08898178 0.23383494 -0.06356309
v 0.08898178 0.24153447 -0.07509697
v 0.07052310 0.24153447 -0.01270963
v 0.08898178 0.24153447 -0.00832824
v 0.07148467 0.24153447 0.08899728
v 0.06927647 0.24153447 0.11442401
v 0.07473937 0.26696076 -0.06356309
v 0.08898178 0.26696076 -0.07422331
v 0.07265349 0.26696076 -0.03813636
v 0.08898178 0.25417182 -0.01270963
v 0.08898178 0.26696076 -0.02860575
v 0.07746552 0.29238704 -0.06356309
v 0.08898178 0.29238704 -0.07211934
v 0.08898178 0.28402272 -0.03813636
v 0.08898178 0.29238704 -0.03969676
v 0.07372419 0.31781333 -0.06356309
v 0.08898178 0.31781333 -0.07120096
v 0.08898178 0.31781333 -0.03991049
v 0.08402233 0.34323961 -0.06356309
v 0.08898178 0.34323961 -0.06530667
v 0.08898178 0.34323961 -0.05982725
v 0.08898178 0.34843083 -0.06356309
v 0.08172325 0.41951847 -0.08898982
v 0.08898178 0.40832080 -0.08898982
v 0.08898178 0.41951847 -0.09395958
v 0.08898178 0.41951847 -0.08129162
v 0.08898178 0.43242923 -0.08898982
v 0.09680004 -0.34327009 0.03814382
v 0.09581498 -0.34327009 0.06357055
v 0.10193496 -0.34327009 0.08899728
v 0.11273643 -0.34327009 0.11442401
v 0.10241065 -0.34327009 0.13985074
v 0.09240129 -0.31784381 -0.01270963
v 0.10627166 -0.31784381 0.01271709
v 0.11440816 -0.32732597 0.03814382
v 0.11440816 -0.31784381 0.02514265
v 0.11440816 -0.33384229 0.06357055
v 0.11440816 -0.33730279 0.08899728
v 0.11440816 -0.34117685 0.11442401
v 0.09933933 -0.31784381 0.13985074
v 0.11440816 -0.31784381 0.12718575
v 0.10071948 -0.29241752 -0.03813636
v 0.10767639 -0.29241752 -0.01270963
v 0.11440816 -0.29944720 0.01271709
v 0.11440816 -0.29241752 0.00584486
v 0.09463007 -0.29241752 0.13985074
v 0.11440816 -0.29241752 0.12150335
v 0.10301701 -0.26699124 -0.06356309
v 0.11361998 -0.26699124 -0.03813636
v 0.11386433 -0.26699124 -0.01270963
v 0.11440816 -0.26699124 -0.00985998
v 0.09147160 -0.26699124 0.13985074
v 0.11440816 -0.26699124 0.11759831
v 0.10680258 -0.24156495 -0.08898982
v 0.11440816 -0.25152153 -0.06356309
v 0.11440816 -0.24156495 -0.07838629
v 0.11440816 -0.26360246 -0.03813636
v 0.11440816 -0.26475708 -0.01270963
v 0.09230404 -0.24156495 0.13985074
v 0.11440816 -0.24156495 0.11833039
v 0.10108605 -0.21613867 -0.11441655
v 0.11440816 -0.23256714 -0.08898982
v 0.11440816 -0.21613867 -0.10183546
v 0.09658059 -0.21613867 0.13985074
v 0.11440816 -0.21613867 0.12245305
v 0.09981387 -0.19071238 -0.13984328
v 0.11440816 -0.20508691 -0.11441655
v 0.11440816 -0.19071238 -0.12965981
v 0.10438712 -0.19071238 0.13985074
v 0.11440816 -0.19071238 0.13036149
v 0.11440816 -0.17642786 -0.13984328
v 0.11440816 -0.16528610 -0.14591022
v 0.11440816 -0.16974865 0.13985074
v 0.09368323 -0.16528610 0.16527747
v 0.11440816 -0.16528610 0.14215874
v 0.11440816 -0.13985981 -0.14283367
v 0.10967071 -0.13985981 0.16527747
v 0.11440816 -0.13985981 0.15965808
v 0.09106152 -0.13985981 0.19070420
v 0.10966780 -0.11443353 -0.13984328
v 0.11440816 -0.12881834 -0.13984328
v 0.11440816 -0.11443353 -0.12262019
v 0.11304981 -0.11443353 0.16527747
v 0.11440816 -0.11443353 0.16351023
v 0.09609186 -0.11443353 0.19070420
v 0.11440816 -0.09831672 -0.13984328
v 0.11440816 -0.08900724 -0.14221819
v 0.09861084 -0.08900724 0.16527747
v 0.11440816 -0.08900724 0.14449825
v 0.11440816 -0.08545362 -0.13984328
v 0.11440816 -0.06358095 -0.11976272
v 0.10230324 -0.06358095 0.13985074
v 0.11440816 -0.08379696 0.13985074
v 0.11440816 -0.06358095 0.11878224
v 0.09877043 -0.03815467 -0.11441655
v 0.11440816 -0.05886620 -0.11441655
v 0.10445399 -0.03815467 -0.08898982
v 0.11440816 -0.05078696 -0.08898982
v 0.10263708 -0.03815467 -0.06356309
v 0.11440816 -0.04413176 -0.06356309
v 0.11440816 -0.03815467 -0.05202471
v 0.11073043 -0.03815467 0.11442401
v 0.11440816 -0.05459269 0.11442401
v 0.11440816 -0.03815467 0.09887497
v 0.09469386 -0.03815467 0.13985074
v 0.11440816 -0.03519267 -0.03813636
v 0.08912236 -0.01272838 -0.01270963
v 0.11440816 -0.02775833 -0.01270963
v 0.11440816 -0.01272838 0.00209554
v 0.11368647 -0.01272838 0.03814382
v 0.11440816 -0.01365372 0.03814382
v 0.11440816 -0.01272838 0.03644331
v 0.11440816 -0.01272838 0.03920368
v 0.10163868 -0.01272838 0.11442401
v 0.11440816 -0.01272838 0.09936303
v 0.09158173 -0.01272838 0.13985074
v 0.11440816 0.00497627 0.01271709
v 0.11440816 0.00688570 0.06357055
v 0.11440816 0.01269790 0.07130913
v 0.11440816 0.01269790 0.10622161
v 0.11440816 0.02099550 0.08899728
v 0.09118457 0.13982933 -0.01270963
v 0.09470578 0.16525561 -0.01270963
v 0.10946539 0.21610818 -0.03813636
v 0.11440816 0.20183991 -0.01270963
v 0.11440816 0.21610818 -0.03356145
v 0.11440816 0.21610818 -0.00094670
v 0.11440816 0.23766195 -0.06356309
v 0.11440816 0.24153447 -0.06965606
v 0.11440816 0.21830728 -0.03813636
v 0.11440816 0.24153447 -0.00736915
v 0.11440816 0.26696076 -0.07098479
v 0.11440816 0.26241186 -0.01270963
v 0.11440816 0.26696076 -0.01534186
v 0.11440816 0.29238704 -0.06914242
v 0.09284120 0.29238704 -0.03813636
v 0.11440816 0.29238704 -0.03247150
v 0.10945346 0.31781333 -0.06356309
v 0.11440816 0.30880296 -0.06356309
v 0.11440816 0.29785658 -0.03813636
v 0.09648690 0.34323961 -0.06356309
v 0.11440816 0.41712719 -0.08898982
v 0.11440816 0.41951847 -0.08944520
v 0.11440816 0.41951847 -0.08272031
v 0.11440816 0.42043959 -0.08898982
v 0.12285104 -0.31784381 0.03814382
v 0.13983454 -0.32266188 0.06357055
v 0.13983454 -0.31784381 0.05711209
v 0.13983454 -0.32392226 0.08899728
v 0.12987681 -0.31784381 0.11442401
v 0.13983454 -0.31784381 0.09791674
v 0.11730406 -0.29241752 0.01271709
v 0.13466911 -0.29241752 0.03814382
v 0.13983454 -0.29241752 0.04694761
v 0.12318895 -0.29241752 0.11442401
v 0.13983454 -0.29241752 0.09020268
v 0.11849972 -0.26699124 0.01271709
v 0.13977568 -0.26699124 0.03814382
v 0.13983454 -0.26699124 0.03821224
v 0.11837725 -0.26699124 0.11442401
v 0.13983454 -0.26699124 0.09853930
v 0.12577321 -0.24156495 -0.06356309
v 0.11943736 -0.24156495 -0.03813636
v 0.11975889 -0.24156495 -0.01270963
v 0.12523694 -0.24156495 0.01271709
v 0.13983454 -0.26526361 0.03814382
v 0.13983454 -0.24156495 0.03691924
v 0.11930140 -0.24156495 0.11442401
v 0.13983454 -0.24156495 0.09967270
v 0.13983454 -0.21618795 -0.08898982
v 0.13983454 -0.21613867 -0.08903620
v 0.13983454 -0.22284955 -0.06356309
v 0.13084415 -0.21613867 -0.03813636
v 0.13983454 -0.21613867 -0.05770656
v 0.12898104 -0.21613867 -0.01270963
v 0.13924873 -0.21613867 0.01271709
v 0.13983454 -0.21613867 0.01354020
v 0.12406813 -0.21613867 0.11442401
v 0.13983454 -0.21613867 0.10092827
v 0.13760925 -0.19071238 -0.11441655
v 0.13983454 -0.19071238 -0.11251663
v 0.13983454 -0.20483456 -0.03813636
v 0.13983454 -0.20419651 -0.01270963
v 0.13983454 -0.21547927 0.01271709
v 0.13399322 -0.19071238 0.11442401
v 0.13983454 -0.19071238 0.10988822
v 0.13402866 -0.16528610 -0.13984328
v 0.13983454 -0.18842291 -0.11441655
v 0.13983454 -0.16528610 -0.13635352
v 0.13983454 -0.18060035 0.11442401
v 0.11695100 -0.16528610 0.13985074
v 0.13983454 -0.16528610 0.12163697
v 0.12550732 -0.13985981 -0.13984328
v 0.13753071 -0.13985981 -0.11441655
v 0.13983454 -0.14204643 -0.11441655
v 0.13983454 -0.13985981 -0.11256222
v 0.13475239 -0.13985981 0.13985074
v 0.13983454 -0.13985981 0.13579057
v 0.11628079 -0.11443353 -0.11441655
v 0.13752180 -0.11443353 -0.08898982
v 0.13983454 -0.11675827 -0.08898982
v 0.13983454 -0.11443353 -0.08524985
v 0.13746830 -0.11443353 0.13985074
v 0.13983454 -0.11443353 0.13801572
v 0.11642567 -0.08900724 -0.13984328
v 0.11885012 -0.08900724 -0.11441655
v 0.12052934 -0.08900724 -0.08898982
v 0.12873323 -0.08900724 -0.06356309
v 0.13983454 -0.10412029 -0.06356309
v 0.13983454 -0.08900724 -0.04633034
v 0.11826705 -0.08900724 0.13985074
v 0.13983454 -0.08900724 0.11495716
v 0.11720764 -0.06358095 -0.11441655
v 0.11749029 -0.06358095 -0.08898982
v 0.12156919 -0.06358095 -0.06356309
v 0.13799953 -0.06358095 -0.03813636
v 0.13983454 -0.06858387 -0.03813636
v 0.13983454 -0.06358095 -0.03578802
v 0.13179854 -0.06358095 0.06357055
v 0.13983454 -0.07422335 0.06357055
v 0.13983454 -0.06358095 0.04868464
v 0.12216252 -0.06358095 0.08899728
v 0.13983454 -0.08111685 0.08899728
v 0.11785814 -0.06358095 0.11442401
v 0.13983454 -0.08842557 0.11442401
v 0.12002036 -0.03815467 -0.03813636
v 0.13052594 -0.03815467 -0.01270963
v 0.13983454 -0.04448644 -0.01270963
v 0.13983454 -0.03815467 -0.00835347
v 0.13368903 -0.03815467 0.03814382
v 0.13983454 -0.05082762 0.03814382
v 0.13983454 -0.03815467 0.03348075
v 0.12141166 -0.03815467 0.06357055
v 0.11687423 -0.03815467 0.08899728
v 0.13236910 -0.01272838 0.01271709
v 0.13983454 -0.01612764 0.01271709
v 0.12625762 -0.01272838 0.06357055
v 0.11985329 -0.01272838 0.08899728
v 0.12803219 0.01269790 0.08899728
v 0.11966769 0.21610818 -0.03813636
v 0.13983454 0.20743456 -0.03813636
v 0.13983454 0.21610818 -0.04346494
v 0.13983454 0.21067661 -0.01270963
v 0.13983454 0.21610818 0.00592403
v 0.11967412 0.24153447 -0.06356309
v 0.13983454 0.24153447 -0.04123313
v 0.13983454 0.24153447 -0.01232070
v 0.12025402 0.26696076 -0.06356309
v 0.13983454 0.26696076 -0.03843333
v 0.13983454 0.24299610 -0.01270963
v 0.13983454 0.26696076 -0.03666573
v 0.11883716 0.29238704 -0.06356309
v 0.11839647 0.29238704 -0.03813636
v 0.13983454 0.26721157 -0.03813636
v 0.11581454 0.41951847 -0.08898982
v 0.14562070 -0.31784381 0.06357055
v 0.14475130 -0.31784381 0.08899728
v 0.15249280 -0.29241752 0.06357055
v 0.14056274 -0.29241752 0.08899728
v 0.15740121 -0.26699124 0.06357055
v 0.15454909 -0.26699124 0.08899728
v 0.14091801 -0.24156495 0.03814382
v 0.16526092 -0.24444465 0.06357055
v 0.16526092 -0.24156495 0.06193540
v 0.15717502 -0.24156495 0.08899728
v 0.16526092 -0.24156495 0.06778409
v 0.13993714 -0.21613867 -0.08898982
v 0.14462396 -0.21613867 -0.06356309
v 0.16526092 -0.21707322 0.03814382
v 0.16526092 -0.21613867 0.03730841
v 0.16460553 -0.21613867 0.08899728
v 0.16526092 -0.21613867 0.08842011
v 0.16094303 -0.19071238 -0.08898982
v 0.15766395 -0.19071238 -0.06356309
v 0.15463803 -0.19071238 -0.03813636
v 0.15832840 -0.19071238 -0.01270963
v 0.16526092 -0.19602784 0.01271709
v 0.16526092 -0.19071238 0.00112205
v 0.16526092 -0.21513878 0.08899728
v 0.16526092 -0.19071238 0.09523312
v 0.15665611 -0.16528610 -0.11441655
v 0.16439759 -0.16528610 -0.08898982
v 0.16377668 -0.16528610 -0.06356309
v 0.16508175 -0.16528610 -0.03813636
v 0.16526092 -0.17766634 -0.01270963
v 0.16526092 -0.16528610 -0.03711106
v 0.14969732 -0.16528610 0.11442401
v 0.16526092 -0.16528610 0.10456474
v 0.15585302 -0.13985981 -0.08898982
v 0.16526092 -0.15282204 -0.06356309
v 0.16526092 -0.13985981 -0.06784120
v 0.16526092 -0.16341405 -0.03813636
v 0.16526092 -0.14612559 0.11442401
v 0.16526092 -0.13985981 0.11793909
v 0.15133483 -0.11443353 -0.06356309
v 0.16526092 -0.13620007 -0.06356309
v 0.16526092 -0.11443353 -0.04462529
v 0.16526092 -0.11443353 0.11773298
v 0.14881314 -0.08900724 -0.03813636
v 0.16526092 -0.10819597 -0.03813636
v 0.16526092 -0.08900724 -0.02633233
v 0.15344569 -0.08900724 0.06357055
v 0.16526092 -0.09986955 0.06357055
v 0.16526092 -0.08900724 0.04133422
v 0.14875165 -0.08900724 0.08899728
v 0.16526092 -0.10611176 0.08899728
v 0.14047792 -0.08900724 0.11442401
v 0.16526092 -0.11045191 0.11442401
v 0.16526092 -0.06358095 -0.01862662
v 0.14569061 -0.06358095 0.03814382
v 0.16526092 -0.08727493 0.03814382
v 0.16526092 -0.06358095 0.01850877
v 0.16526092 -0.05446779 -0.01270963
v 0.16378336 -0.03815467 0.01271709
v 0.16526092 -0.04366904 0.01271709
v 0.16478623 -0.01272838 -0.01270963
v 0.16526092 -0.01322397 -0.01270963
v 0.16526092 -0.01272838 -0.01295014
v 0.15394738 -0.01272838 0.01271709
v 0.16526092 -0.02969382 0.01271709
v 0.16526092 -0.01272838 0.01610155
v 0.16526092 -0.00834570 -0.01270963
v 0.16526092 0.00372960 0.01271709
v 0.15314951 0.08897676 -0.01270963
v 0.16526092 0.06878660 -0.01270963
v 0.16526092 0.08897676 -0.02837568
v 0.16526092 0.08897676 0.00343246
v 0.14719046 0.11440304 -0.03813636
v 0.16526092 0.10513406 -0.03813636
v 0.16526092 0.11440304 -0.04378206
v 0.14620948 0.11440304 -0.01270963
v 0.16526092 0.11440304 0.01142834
v 0.14936936 0.13982933 -0.03813636
v 0.16526092 0.13982933 -0.04927849
v 0.15995445 0.13982933 -0.01270963
v 0.16526092 0.13982933 -0.00595654
v 0.15392656 0.16525561 -0.03813636
v 0.16526092 0.16525561 -0.04492205
v 0.16526092 0.15021288 -0.01270963
v 0.16526092 0.16525561 -0.02333815
v 0.16526092 0.18652702 -0.03813636
v 0.14696345 0.21610818 -0.03813636
v 0.14518129 0.21610818 -0.01270963
v 0.14262878 0.24153447 -0.03813636
v 0.14045416 0.24153447 -0.01270963
v 0.14005975 0.26696076 -0.03813636
v 0.16817260 -0.24156495 0.06357055
v 0.16692363 -0.21613867 0.03814382
v 0.19068731 -0.22723101 0.06357055
v 0.19068731 -0.21613867 0.05263935
v 0.19068731 -0.21613867 0.07146036
v 0.17042215 -0.19071238 0.01271709
v 0.18998201 -0.19071238 0.03814382
v 0.19068731 -0.19071238 0.03929299
v 0.17798630 -0.19071238 0.08899728
v 0.19068731 -0.19071238 0.07972169
v 0.17008627 -0.16528610 -0.01270963
v 0.18035241 -0.16528610 0.01271709
v 0.19068731 -0.18615093 0.03814382
v 0.19068731 -0.16528610 0.03326045
v 0.19068731 -0.17168151 0.08899728
v 0.19068731 -0.16528610 0.09135326
v 0.16655086 -0.13985981 -0.06356309
v 0.16741262 -0.13985981 -0.03813636
v 0.17314600 -0.13985981 -0.01270963
v 0.18626393 -0.13985981 0.01271709
v 0.19068731 -0.13985981 0.02197663
v 0.18931917 -0.13985981 0.08899728
v 0.19068731 -0.14720545 0.08899728
v 0.19068731 -0.13985981 0.07395552
v 0.17145187 -0.13985981 0.11442401
v 0.16887737 -0.11443353 -0.03813636
v 0.17803330 -0.11443353 -0.01270963
v 0.19068731 -0.12454372 0.01271709
v 0.19068731 -0.11443353 0.00816448
v 0.18589799 -0.11443353 0.03814382
v 0.19068731 -0.12325876 0.03814382
v 0.19068731 -0.11443353 0.02328459
v 0.17741713 -0.11443353 0.06357055
v 0.19068731 -0.13855747 0.06357055
v 0.17688382 -0.11443353 0.08899728
v 0.17095920 -0.11443353 0.11442401
v 0.18460503 -0.08900724 -0.01270963
v 0.19068731 -0.08900724 0.00211057
v 0.16785065 -0.08900724 0.03814382
v 0.19068731 -0.08900724 0.01785157
v 0.17443203 -0.06358095 -0.01270963
v 0.17639171 -0.06358095 0.01271709
v 0.19068731 -0.08135400 0.01271709
v 0.16623760 -0.01272838 -0.01270963
v 0.18102981 -0.01272838 0.01271709
v 0.16714519 0.01269790 -0.01270963
v 0.19068731 -0.00524218 -0.01270963
v 0.19068731 0.01269790 -0.02177582
v 0.16848824 0.01269790 0.01271709
v 0.19068731 -0.00915736 0.01271709
v 0.19068731 0.01269790 0.02931748
v 0.16840142 0.03812419 -0.01270963
v 0.19068731 0.03812419 -0.02566534
v 0.18186679 0.03812419 0.01271709
v 0.19068731 0.03812419 0.01892562
v 0.16841570 0.06355047 -0.01270963
v 0.19068731 0.06355047 -0.03583323
v 0.17853824 0.06355047 0.01271709
v 0.19068731 0.06355047 0.01439748
v 0.19068731 0.08897676 -0.03617264
v 0.19068731 0.08385198 0.01271709
v 0.19068731 0.08897676 0.01208288
v 0.19068731 0.09090575 -0.03813636
v 0.19068731 0.11440304 -0.05240262
v 0.19068731 0.11440304 0.00636009
v 0.19068731 0.13982933 -0.04808282
v 0.19068731 0.13982933 0.00382231
v 0.19068731 0.16525561 -0.03827895
v 0.19068731 0.15666733 -0.01270963
v 0.19068731 0.16525561 -0.03762026
v 0.19068731 0.16548798 -0.03813636
v 0.17266768 0.19068190 0.01271709
v 0.19068731 0.18474475 0.01271709
v 0.19068731 0.19068190 -0.00170507
v 0.19068731 0.19068190 0.02341151
v 0.18559963 0.21610818 0.01271709
v 0.19068731 0.21610818 0.00955887
v 0.19068731 0.21610818 0.01892890
v 0.19068731 0.21957180 0.01271709
v 0.21238696 -0.21613867 0.06357055
v 0.20591914 -0.19071238 0.06357055
v 0.19379336 -0.16528610 0.03814382
v 0.19863863 -0.16528610 0.06357055
v 0.19443892 -0.16528610 0.08899728
v 0.19866275 -0.13985981 0.03814382
v 0.19157641 -0.13985981 0.06357055
v 0.19339453 -0.11443353 0.01271709
v 0.19465795 -0.08900724 0.01271709
v 0.19557602 -0.01272838 0.01271709
v 0.21611369 -0.01975514 0.01271709
v 0.21611369 -0.01272838 -0.00001482
v 0.21611369 -0.01272838 0.01922099
v 0.21611369 -0.00140414 -0.01270963
v 0.21611369 0.01269790 -0.02116477
v 0.21611369 0.01269790 0.01785008
v 0.21611369 0.03812419 -0.01840123
v 0.19938421 0.03812419 0.01271709
v 0.21611369 0.02293461 0.01271709
v 0.21611369 0.03812419 -0.00386770
v 0.20470364 0.06355047 -0.01270963
v 0.21611369 0.04353703 -0.01270963
v 0.19255475 0.06355047 0.01271709
v 0.20721786 0.08897676 -0.01270963
v 0.21094667 0.11440304 -0.03813636
v 0.21441483 0.11440304 -0.01270963
v 0.21180741 0.13982933 -0.03813636
v 0.20974193 0.13982933 -0.01270963
v 0.19095460 0.16525561 -0.03813636
v 0.21522634 0.19068190 0.01271709
v 0.19499486 0.21610818 0.01271709
v 0.21048004 0.47037104 -0.34325711
v 0.21611369 0.46699993 -0.34325711
v 0.21611369 0.47037104 -0.34478712
v 0.21611369 0.47037104 -0.34105130
v 0.21611369 0.47138736 -0.34325711
v 0.22750022 -0.11443353 0.08899728
v 0.24154007 -0.12835387 0.08899728
v 0.24154007 -0.11443353 0.07580953
v 0.24154007 -0.11443353 0.10146995
v 0.24154007 -0.10112686 0.08899728
v 0.24154007 -0.01671600 0.01271709
v 0.24154007 -0.01272838 0.00425747
v 0.24154007 -0.01272838 0.01418393
v 0.23323133 0.01269790 -0.01270963
v 0.22202433 0.01269790 0.01271709
v 0.24154007 -0.01151233 0.01271709
v 0.22005228 0.03812419 -0.01270963
v 0.22435987 0.24153447 0.03814382
v 0.24154007 0.23403649 0.03814382
v 0.24154007 0.24153447 0.03287424
v 0.24154007 0.24153447 0.04405078
v 0.24154007 0.24938413 0.03814382
v 0.22151447 0.47037104 -0.34325711
v 0.25069314 -0.11443353 0.08899728
v 0.26386520 -0.08900724 0.08899728
v 0.26696645 -0.09069644 0.08899728
v 0.26696645 -0.08900724 0.08722216
v 0.26696645 -0.08900724 0.09072839
v 0.26696645 -0.08747596 0.08899728
v 0.24319766 -0.01272838 0.01271709
v 0.24864829 0.24153447 0.03814382
v 0.29239284 -0.09699570 0.08899728
v 0.29239284 -0.08900724 0.08636466
v 0.29239284 -0.08900724 0.09359931
v 0.29239284 -0.08585301 0.08899728
v 0.30221491 -0.08900724 0.08899728
v 0.36830321 0.26696076 0.03814382
v 0.36867198 0.26656937 0.03814382
v 0.36867198 0.26696076 0.03788253
v 0.36867198 0.26696076 0.03897251
v 0.36867198 0.26779170 0.03814382
v 0.36935593 0.26696076 0.03814382
f 2 1 3
f 4 1 2
f 1 5 3
f 4 5 1
f 3 6 2
f 6 4 2
f 3 5 6
f 5 4 6
f 8 7 9
f 10 7 8
f 7 11 9
f 10 11 7
f 9 12 8
f 12 10 8
f 9 11 12
f 11 10 12
f 14 13 15
f 16 13 14
f 18 17 19
f 21 20 18
f 18 20 17
f 23 20 21
f 13 22 15
f 16 22 13
f 17 24 19
f 20 25 17
f 17 25 24
f 23 25 20
f 27 26 28
f 29 26 27
f 28 26 31
f 31 26 30
f 32 30 29
f 29 30 26
f 34 33 35
f 37 33 34
f 30 36 31
f 32 36 30
f 33 38 35
f 37 38 33
f 15 39 14
f 39 16 14
f 19 40 18
f 18 40 21
f 21 40 41
f 22 39 15
f 41 23 21
f 22 16 39
f 19 24 40
f 40 24 41
f 41 24 25
f 25 23 41
f 43 42 44
f 45 42 43
f 47 46 48
f 49 46 47
f 51 44 42
f 28 50 27
f 42 45 51
f 29 27 50
f 46 52 48
f 52 46 49
f 53 55 54
f 57 56 54
f 54 56 53
f 58 56 57
f 50 28 59
f 59 28 31
f 59 32 50
f 50 32 29
f 53 60 55
f 56 61 53
f 53 61 60
f 58 61 56
f 63 62 35
f 35 62 34
f 62 64 34
f 64 37 34
f 59 31 36
f 36 32 59
f 65 66 38
f 66 35 38
f 66 63 35
f 38 37 65
f 37 67 65
f 37 64 67
f 65 68 66
f 67 68 65
f 70 69 71
f 72 69 70
f 69 73 71
f 72 73 69
f 75 74 76
f 77 74 75
f 74 78 76
f 77 78 74
f 80 79 81
f 82 79 80
f 81 79 84
f 84 79 83
f 85 83 82
f 82 83 79
f 84 83 87
f 87 83 86
f 89 88 85
f 88 83 85
f 88 86 83
f 90 88 89
f 92 91 93
f 95 94 92
f 92 94 91
f 96 94 95
f 98 97 99
f 101 97 98
f 86 100 87
f 88 102 86
f 86 102 100
f 90 102 88
f 104 103 44
f 44 103 43
f 103 105 43
f 43 105 45
f 93 91 107
f 107 91 106
f 94 47 48
f 106 94 48
f 91 94 106
f 108 49 47
f 108 47 94
f 109 108 94
f 96 109 94
f 99 97 109
f 97 108 109
f 97 110 108
f 112 111 101
f 111 97 101
f 111 110 97
f 113 111 112
f 114 115 51
f 115 44 51
f 115 104 44
f 51 45 114
f 45 116 114
f 45 105 116
f 107 106 118
f 118 106 117
f 106 48 52
f 119 106 52
f 117 106 119
f 108 54 55
f 119 108 55
f 108 52 49
f 108 119 52
f 54 108 110
f 54 110 57
f 120 58 57
f 110 120 57
f 111 120 110
f 121 120 113
f 113 120 111
f 114 122 115
f 116 122 114
f 118 117 124
f 124 117 123
f 119 123 117
f 125 123 119
f 119 55 60
f 126 119 60
f 125 119 126
f 126 60 61
f 126 61 127
f 127 61 58
f 120 127 58
f 128 127 120
f 130 129 121
f 129 120 121
f 129 128 120
f 131 129 130
f 63 132 62
f 132 64 62
f 123 133 124
f 133 123 135
f 123 134 135
f 123 125 134
f 126 134 125
f 136 134 126
f 138 136 137
f 136 127 137
f 136 126 127
f 128 139 127
f 127 139 137
f 129 140 128
f 128 140 139
f 131 140 129
f 132 63 141
f 141 63 66
f 141 67 132
f 132 67 64
f 135 134 143
f 143 134 142
f 136 142 134
f 144 142 136
f 145 144 138
f 138 144 136
f 66 68 141
f 68 67 141
f 142 146 143
f 144 147 142
f 142 147 146
f 145 147 144
f 149 148 150
f 152 151 149
f 149 151 148
f 153 151 152
f 150 148 155
f 155 148 154
f 151 154 148
f 156 154 151
f 157 156 153
f 153 156 151
f 155 154 159
f 159 154 158
f 161 158 160
f 158 156 160
f 158 154 156
f 157 160 156
f 163 162 164
f 70 71 158
f 158 71 159
f 71 162 159
f 162 163 159
f 158 161 70
f 161 72 70
f 161 165 72
f 164 162 167
f 167 162 166
f 162 71 73
f 168 162 73
f 166 162 168
f 73 72 168
f 72 169 168
f 72 165 169
f 76 170 75
f 170 77 75
f 167 166 172
f 172 166 171
f 168 171 166
f 173 171 168
f 174 173 169
f 169 173 168
f 76 78 170
f 78 77 170
f 171 175 172
f 173 176 171
f 171 176 175
f 176 173 174
f 177 179 178
f 180 177 178
f 177 181 179
f 180 181 177
f 183 182 184
f 185 182 183
f 187 186 188
f 190 189 187
f 187 189 186
f 184 182 190
f 182 189 190
f 182 191 189
f 192 80 185
f 80 191 185
f 191 182 185
f 80 81 191
f 192 193 80
f 80 193 82
f 195 194 196
f 188 186 195
f 186 194 195
f 186 197 194
f 189 197 186
f 198 197 189
f 191 198 189
f 199 198 191
f 84 199 191
f 84 191 81
f 200 82 193
f 85 82 200
f 202 201 203
f 204 201 202
f 196 194 206
f 206 194 205
f 197 205 194
f 207 205 197
f 198 207 197
f 208 207 198
f 199 208 198
f 209 208 199
f 87 209 199
f 87 199 84
f 89 85 200
f 89 200 210
f 201 211 203
f 211 89 203
f 89 210 203
f 89 211 90
f 213 212 204
f 212 201 204
f 212 211 201
f 215 214 213
f 213 214 212
f 217 216 215
f 215 216 214
f 218 216 217
f 220 219 221
f 92 93 205
f 205 93 206
f 93 219 206
f 219 220 206
f 92 205 207
f 92 207 95
f 222 96 95
f 207 222 95
f 208 222 207
f 209 98 99
f 222 209 99
f 208 209 222
f 209 87 100
f 223 209 100
f 209 101 98
f 209 223 101
f 223 100 102
f 223 102 224
f 224 102 90
f 211 224 90
f 225 224 211
f 212 225 211
f 226 225 212
f 214 103 104
f 226 214 104
f 212 214 226
f 227 105 103
f 214 227 103
f 216 227 214
f 228 227 218
f 218 227 216
f 221 219 230
f 230 219 229
f 107 229 219
f 107 219 93
f 109 96 222
f 99 109 222
f 112 101 223
f 231 113 112
f 223 231 112
f 224 231 223
f 225 231 224
f 232 231 225
f 226 232 225
f 233 232 226
f 115 233 226
f 115 226 104
f 105 227 234
f 235 105 234
f 116 105 235
f 228 234 227
f 229 236 230
f 237 236 229
f 107 237 229
f 118 237 107
f 113 231 238
f 113 238 121
f 232 238 231
f 239 238 232
f 233 239 232
f 240 239 233
f 233 115 122
f 241 233 122
f 240 233 241
f 122 116 241
f 116 242 241
f 116 235 242
f 118 243 237
f 118 124 243
f 130 121 238
f 244 131 130
f 238 244 130
f 239 244 238
f 246 244 245
f 244 240 245
f 244 239 240
f 241 247 240
f 240 247 245
f 242 247 241
f 124 133 243
f 243 133 248
f 249 248 133
f 249 133 135
f 250 138 137
f 250 137 139
f 250 139 251
f 251 139 140
f 251 140 252
f 253 254 252
f 253 252 140
f 244 253 140
f 131 244 140
f 246 253 244
f 256 249 255
f 249 143 255
f 249 135 143
f 255 257 256
f 138 250 258
f 138 258 145
f 260 258 259
f 258 251 259
f 258 250 251
f 252 261 251
f 251 261 259
f 254 261 252
f 143 146 255
f 146 147 255
f 147 263 255
f 263 257 255
f 263 147 262
f 264 265 262
f 264 262 147
f 258 264 147
f 145 258 147
f 260 264 258
f 149 150 262
f 150 263 262
f 150 266 263
f 149 262 265
f 267 149 265
f 152 149 267
f 267 268 152
f 152 268 153
f 270 266 269
f 266 155 269
f 266 150 155
f 269 271 270
f 272 153 268
f 157 153 272
f 269 155 273
f 273 155 159
f 160 274 271
f 273 160 271
f 269 273 271
f 161 160 273
f 160 157 274
f 274 157 272
f 164 275 163
f 277 276 275
f 275 276 163
f 276 273 163
f 273 159 163
f 276 278 273
f 278 161 273
f 278 165 161
f 275 164 279
f 279 164 167
f 279 280 277
f 279 277 275
f 281 165 278
f 169 165 281
f 279 167 282
f 282 167 172
f 282 283 280
f 282 280 279
f 281 285 284
f 174 281 284
f 169 281 174
f 286 284 285
f 172 175 282
f 282 175 283
f 175 287 283
f 175 176 287
f 284 287 176
f 174 284 176
f 284 288 287
f 179 284 178
f 284 179 288
f 289 180 178
f 289 178 284
f 290 289 284
f 286 290 284
f 291 289 290
f 292 293 181
f 293 179 181
f 293 288 179
f 294 295 292
f 294 292 181
f 289 294 181
f 180 289 181
f 291 294 289
f 292 296 293
f 295 296 292
f 298 297 299
f 300 297 298
f 302 301 303
f 183 184 297
f 297 184 299
f 184 301 299
f 301 302 299
f 304 185 183
f 304 183 297
f 305 304 297
f 300 305 297
f 307 306 305
f 305 306 304
f 308 306 307
f 310 309 311
f 309 310 188
f 310 187 188
f 310 312 187
f 312 303 301
f 190 312 301
f 187 312 190
f 184 190 301
f 192 185 304
f 313 193 192
f 304 313 192
f 306 313 304
f 315 314 308
f 314 306 308
f 314 313 306
f 317 316 315
f 315 316 314
f 318 316 317
f 320 319 321
f 323 322 320
f 320 322 319
f 195 196 309
f 309 196 311
f 196 322 311
f 322 323 311
f 188 195 309
f 193 313 324
f 193 324 200
f 314 202 203
f 324 314 203
f 313 314 324
f 325 204 202
f 314 325 202
f 316 325 314
f 327 326 318
f 326 316 318
f 326 325 316
f 329 328 327
f 327 328 326
f 330 328 329
f 321 319 332
f 332 319 331
f 322 331 319
f 333 331 322
f 206 333 322
f 206 322 196
f 210 200 324
f 203 210 324
f 213 204 325
f 213 325 326
f 213 326 215
f 215 326 328
f 215 328 217
f 328 330 217
f 330 218 217
f 330 334 218
f 332 331 336
f 336 331 335
f 333 220 221
f 335 333 221
f 331 333 335
f 206 220 333
f 337 218 334
f 228 218 337
f 335 338 336
f 339 338 335
f 221 339 335
f 230 339 221
f 340 235 234
f 234 228 340
f 228 341 340
f 228 337 341
f 342 343 236
f 343 230 236
f 343 339 230
f 237 342 236
f 235 340 344
f 235 344 242
f 345 344 341
f 341 344 340
f 342 346 343
f 347 346 342
f 237 347 342
f 243 347 237
f 348 246 245
f 349 350 348
f 245 349 348
f 247 349 245
f 344 351 242
f 351 247 242
f 351 349 247
f 345 351 344
f 352 353 248
f 353 243 248
f 353 347 243
f 249 352 248
f 354 254 253
f 355 356 354
f 355 354 253
f 348 355 253
f 246 348 253
f 350 355 348
f 352 357 353
f 249 256 352
f 256 357 352
f 256 358 357
f 256 257 359
f 360 256 359
f 358 256 360
f 361 362 360
f 361 360 359
f 362 361 260
f 259 362 260
f 362 363 364
f 362 259 363
f 365 366 363
f 259 365 363
f 261 365 259
f 365 261 254
f 367 365 254
f 354 367 254
f 368 365 367
f 369 367 356
f 356 367 354
f 371 370 372
f 373 370 371
f 359 257 374
f 374 257 263
f 264 361 265
f 361 374 265
f 361 359 374
f 363 375 364
f 264 260 361
f 366 375 363
f 367 376 368
f 369 376 367
f 372 370 378
f 378 370 377
f 379 377 373
f 373 377 370
f 374 263 380
f 380 263 266
f 374 380 265
f 380 381 265
f 381 267 265
f 381 380 382
f 381 383 267
f 267 383 268
f 385 384 386
f 388 387 385
f 385 387 384
f 378 377 388
f 377 387 388
f 377 389 387
f 390 389 379
f 379 389 377
f 266 270 380
f 382 380 270
f 271 382 270
f 391 382 271
f 392 268 383
f 272 268 392
f 394 393 395
f 386 384 394
f 384 393 394
f 384 396 393
f 387 396 384
f 397 396 387
f 389 397 387
f 398 397 389
f 399 398 390
f 390 398 389
f 271 274 391
f 391 274 400
f 274 272 400
f 400 272 392
f 395 393 402
f 402 393 401
f 396 401 393
f 403 401 396
f 397 403 396
f 404 403 397
f 406 404 405
f 404 398 405
f 404 397 398
f 399 405 398
f 277 407 276
f 407 278 276
f 401 408 402
f 403 409 401
f 401 409 408
f 404 410 403
f 403 410 409
f 406 410 404
f 407 277 411
f 411 277 280
f 411 281 407
f 407 281 278
f 411 280 412
f 412 280 283
f 281 411 285
f 411 413 285
f 411 412 413
f 413 286 285
f 283 287 412
f 413 412 414
f 412 288 414
f 288 415 414
f 412 287 288
f 290 286 413
f 414 290 413
f 416 290 414
f 416 417 290
f 290 417 291
f 419 418 420
f 422 421 419
f 419 421 418
f 424 423 422
f 422 423 421
f 293 423 424
f 415 293 424
f 288 293 415
f 425 295 294
f 294 291 425
f 291 426 425
f 291 417 426
f 418 427 420
f 427 418 429
f 418 428 429
f 418 421 428
f 423 428 421
f 430 428 423
f 423 293 296
f 431 423 296
f 430 423 431
f 431 296 295
f 425 431 295
f 432 431 425
f 433 432 426
f 426 432 425
f 428 434 429
f 430 435 428
f 428 435 434
f 431 436 430
f 430 436 435
f 432 437 431
f 431 437 436
f 433 437 432
f 439 438 440
f 441 438 439
f 443 442 444
f 440 438 443
f 438 442 443
f 438 445 442
f 447 446 441
f 446 438 441
f 446 445 438
f 448 446 447
f 444 442 450
f 450 442 449
f 445 449 442
f 451 449 445
f 446 451 445
f 452 451 446
f 453 452 448
f 448 452 446
f 455 454 456
f 450 449 455
f 449 454 455
f 449 457 454
f 451 457 449
f 458 457 451
f 452 458 451
f 459 458 452
f 461 460 453
f 460 452 453
f 460 459 452
f 462 460 461
f 464 463 465
f 298 299 454
f 454 299 456
f 299 463 456
f 463 464 456
f 466 300 298
f 454 466 298
f 457 466 454
f 458 466 457
f 467 466 458
f 459 467 458
f 468 467 459
f 460 468 459
f 469 468 460
f 470 469 462
f 462 469 460
f 472 471 473
f 475 474 472
f 472 474 471
f 302 303 463
f 463 303 465
f 303 474 465
f 474 475 465
f 299 302 463
f 305 300 466
f 305 466 467
f 305 467 307
f 476 308 307
f 467 476 307
f 468 476 467
f 469 476 468
f 477 476 469
f 479 478 470
f 478 469 470
f 478 477 469
f 480 478 479
f 482 481 483
f 485 484 482
f 482 484 481
f 310 311 471
f 471 311 473
f 311 484 473
f 484 485 473
f 310 471 474
f 310 474 312
f 303 312 474
f 315 308 476
f 315 476 477
f 315 477 317
f 486 318 317
f 477 486 317
f 478 486 477
f 488 487 480
f 487 478 480
f 487 486 478
f 489 487 488
f 491 483 481
f 321 490 320
f 492 323 320
f 490 492 320
f 492 484 323
f 481 492 491
f 492 481 484
f 311 323 484
f 327 318 486
f 327 486 487
f 327 487 329
f 493 330 329
f 493 329 487
f 494 493 487
f 489 494 487
f 495 493 494
f 497 496 498
f 497 499 496
f 499 321 496
f 321 332 496
f 321 499 490
f 499 492 490
f 330 493 500
f 330 500 334
f 501 500 495
f 495 500 493
f 498 496 503
f 503 496 502
f 336 502 496
f 336 496 332
f 334 500 504
f 505 334 504
f 337 334 505
f 501 504 500
f 502 506 503
f 338 507 508
f 338 508 506
f 336 338 506
f 502 336 506
f 339 507 338
f 509 337 505
f 341 337 509
f 508 507 511
f 511 507 510
f 343 510 507
f 343 507 339
f 512 341 509
f 345 341 512
f 510 513 511
f 346 514 515
f 346 515 513
f 343 346 513
f 510 343 513
f 347 514 346
f 516 350 349
f 516 349 351
f 516 351 517
f 351 345 517
f 345 518 517
f 345 512 518
f 515 514 520
f 520 514 519
f 353 519 514
f 353 514 347
f 521 356 355
f 521 355 350
f 516 521 350
f 522 521 516
f 517 522 516
f 523 522 517
f 524 523 518
f 518 523 517
f 519 525 520
f 353 357 519
f 357 525 519
f 357 526 525
f 358 527 528
f 526 358 528
f 357 358 526
f 527 358 360
f 527 360 529
f 529 360 362
f 529 362 530
f 364 530 362
f 531 366 365
f 368 531 365
f 356 521 532
f 356 532 369
f 522 532 521
f 533 532 522
f 523 371 372
f 533 523 372
f 522 523 533
f 523 524 371
f 524 373 371
f 524 534 373
f 527 535 528
f 535 527 537
f 527 536 537
f 527 529 536
f 530 536 529
f 538 536 530
f 538 530 364
f 539 538 364
f 375 539 364
f 538 539 540
f 539 375 366
f 541 539 366
f 531 541 366
f 542 539 541
f 531 368 376
f 543 531 376
f 541 531 543
f 543 376 369
f 532 543 369
f 544 543 532
f 533 544 532
f 545 544 533
f 378 545 533
f 378 533 372
f 546 373 534
f 379 373 546
f 537 536 548
f 548 536 547
f 538 381 382
f 547 538 382
f 536 538 547
f 538 540 381
f 540 383 381
f 540 549 383
f 541 550 542
f 550 541 552
f 541 551 552
f 541 543 551
f 544 385 386
f 551 544 386
f 543 544 551
f 385 544 545
f 385 545 388
f 378 388 545
f 555 553 554
f 553 390 554
f 390 546 554
f 390 379 546
f 548 547 557
f 557 547 556
f 391 556 547
f 391 547 382
f 558 383 549
f 392 383 558
f 394 395 551
f 395 552 551
f 395 559 552
f 386 394 551
f 553 555 561
f 553 561 560
f 560 399 553
f 553 399 390
f 556 562 557
f 391 400 556
f 400 562 556
f 400 563 562
f 400 392 563
f 563 392 558
f 565 559 564
f 559 402 564
f 559 395 402
f 564 566 565
f 567 568 569
f 406 405 560
f 406 560 561
f 567 406 561
f 568 567 561
f 405 399 560
f 402 408 564
f 408 409 564
f 409 571 564
f 571 566 564
f 571 409 570
f 569 572 570
f 410 569 570
f 409 410 570
f 567 569 410
f 410 406 567
f 570 573 571
f 572 573 570
f 575 574 576
f 577 574 575
f 415 578 414
f 580 579 578
f 579 414 578
f 579 416 414
f 579 581 416
f 416 581 417
f 583 582 420
f 420 582 419
f 582 576 574
f 422 582 574
f 419 582 422
f 422 574 577
f 584 422 577
f 424 422 584
f 424 584 415
f 584 585 415
f 585 578 415
f 584 586 585
f 587 588 580
f 578 587 580
f 585 587 578
f 587 426 588
f 426 581 588
f 426 417 581
f 589 590 427
f 590 420 427
f 590 583 420
f 429 589 427
f 591 585 586
f 592 587 585
f 592 585 591
f 592 593 587
f 593 426 587
f 593 433 426
f 590 589 595
f 595 589 594
f 589 429 434
f 596 589 434
f 594 589 596
f 596 434 435
f 596 435 597
f 598 599 597
f 435 598 597
f 436 598 435
f 437 600 601
f 598 437 601
f 436 437 598
f 437 433 600
f 433 602 600
f 433 593 602
f 594 603 595
f 596 604 594
f 594 604 603
f 597 605 596
f 596 605 604
f 599 605 597
f 600 606 601
f 602 606 600
f 608 607 609
f 607 608 440
f 608 439 440
f 608 610 439
f 610 611 439
f 439 611 441
f 613 612 614
f 443 444 607
f 607 444 609
f 444 612 609
f 612 613 609
f 440 443 607
f 447 441 611
f 447 611 615
f 448 447 616
f 447 617 616
f 447 615 617
f 618 616 617
f 620 619 621
f 614 612 620
f 612 619 620
f 612 622 619
f 450 622 612
f 450 612 444
f 448 616 623
f 448 623 453
f 625 624 618
f 624 616 618
f 624 623 616
f 626 624 625
f 628 627 629
f 621 619 628
f 619 627 628
f 619 630 627
f 622 455 456
f 630 622 456
f 619 622 630
f 450 455 622
f 461 453 623
f 631 462 461
f 623 631 461
f 624 631 623
f 632 631 626
f 626 631 624
f 634 633 635
f 629 627 634
f 627 633 634
f 627 636 633
f 630 464 465
f 636 630 465
f 627 630 636
f 456 464 630
f 462 631 637
f 462 637 470
f 639 638 632
f 638 631 632
f 638 637 631
f 640 638 639
f 642 641 643
f 645 644 642
f 642 644 641
f 472 473 633
f 633 473 635
f 473 644 635
f 644 645 635
f 472 633 636
f 472 636 475
f 465 475 636
f 479 470 637
f 646 480 479
f 637 646 479
f 638 646 637
f 648 647 640
f 647 638 640
f 647 646 638
f 649 647 648
f 651 643 641
f 483 650 482
f 652 485 482
f 650 652 482
f 652 644 485
f 641 652 651
f 652 641 644
f 473 485 644
f 488 480 646
f 653 489 488
f 646 653 488
f 647 653 646
f 654 653 649
f 649 653 647
f 655 657 656
f 483 491 650
f 652 650 491
f 492 652 491
f 652 655 656
f 652 492 655
f 494 489 653
f 658 495 494
f 658 494 653
f 659 658 653
f 654 659 653
f 660 658 659
f 662 661 498
f 498 661 497
f 661 657 655
f 499 661 655
f 497 661 499
f 492 499 655
f 495 658 663
f 664 495 663
f 501 495 664
f 660 663 658
f 666 665 667
f 503 665 666
f 662 503 666
f 498 503 662
f 668 505 504
f 504 501 668
f 501 669 668
f 501 664 669
f 667 665 671
f 671 665 670
f 665 503 506
f 672 665 506
f 670 665 672
f 508 672 506
f 505 668 673
f 505 673 509
f 674 673 669
f 669 673 668
f 670 675 671
f 675 670 677
f 670 676 677
f 670 672 676
f 511 676 672
f 511 672 508
f 509 673 678
f 509 678 512
f 679 678 674
f 674 678 673
f 676 680 677
f 513 681 682
f 513 682 680
f 511 513 680
f 676 511 680
f 515 681 513
f 512 678 683
f 684 512 683
f 518 512 684
f 679 683 678
f 682 681 686
f 686 681 685
f 520 685 681
f 520 681 515
f 684 688 687
f 524 684 687
f 518 684 524
f 689 687 688
f 685 690 686
f 520 525 685
f 525 690 685
f 525 691 690
f 526 692 693
f 691 526 693
f 525 526 691
f 528 692 526
f 694 695 696
f 697 695 694
f 524 697 694
f 534 524 694
f 697 524 687
f 689 697 687
f 692 698 693
f 535 699 700
f 535 700 698
f 528 535 698
f 692 528 698
f 537 699 535
f 701 540 539
f 542 701 539
f 694 696 703
f 694 703 702
f 702 546 694
f 694 546 534
f 699 704 700
f 705 704 699
f 537 705 699
f 548 705 537
f 540 701 706
f 707 540 706
f 549 540 707
f 550 708 709
f 550 709 706
f 542 550 706
f 701 542 706
f 552 708 550
f 555 554 702
f 703 555 702
f 710 555 703
f 554 546 702
f 548 711 705
f 548 557 711
f 712 549 707
f 558 549 712
f 708 713 709
f 714 713 708
f 552 714 708
f 559 714 552
f 715 716 717
f 715 561 716
f 561 710 716
f 561 555 710
f 557 562 711
f 711 562 718
f 563 719 720
f 718 563 720
f 562 563 718
f 563 558 719
f 558 721 719
f 558 712 721
f 559 565 714
f 714 565 722
f 565 566 723
f 724 565 723
f 722 565 724
f 569 568 715
f 569 715 717
f 723 569 717
f 724 723 717
f 568 561 715
f 720 719 726
f 726 719 725
f 727 725 721
f 721 725 719
f 723 566 728
f 566 729 728
f 566 571 729
f 728 730 723
f 730 569 723
f 730 572 569
f 726 725 732
f 732 725 731
f 733 731 727
f 727 731 725
f 571 573 729
f 729 573 734
f 573 572 734
f 734 572 730
f 732 731 736
f 736 731 735
f 737 735 733
f 733 735 731
f 739 738 576
f 576 738 575
f 577 575 740
f 575 741 740
f 575 738 741
f 743 740 741
f 735 742 736
f 737 742 735
f 744 579 580
f 744 581 579
f 746 745 583
f 583 745 582
f 576 582 745
f 576 745 739
f 584 577 740
f 747 586 584
f 747 584 740
f 748 747 740
f 743 748 740
f 749 747 748
f 588 744 580
f 588 581 744
f 583 750 746
f 583 590 750
f 591 586 747
f 591 747 749
f 751 591 749
f 592 591 751
f 751 752 592
f 592 752 593
f 590 753 750
f 590 595 753
f 754 755 599
f 754 599 598
f 598 601 756
f 757 598 756
f 754 598 757
f 756 602 757
f 602 752 757
f 602 593 752
f 759 758 760
f 761 758 759
f 762 763 603
f 763 595 603
f 763 753 595
f 762 603 604
f 762 604 764
f 765 766 764
f 604 765 764
f 605 765 604
f 605 599 765
f 765 599 755
f 601 606 756
f 606 602 756
f 758 767 760
f 761 767 758
f 762 768 763
f 764 769 762
f 762 769 768
f 766 769 764
f 771 770 772
f 770 771 774
f 608 609 773
f 608 773 610
f 610 773 775
f 775 611 610
f 777 776 778
f 613 614 770
f 770 614 772
f 614 776 772
f 776 777 772
f 779 773 609
f 613 779 609
f 779 770 774
f 779 613 770
f 773 779 781
f 780 773 781
f 775 773 780
f 611 775 615
f 775 782 615
f 775 780 782
f 784 783 782
f 783 615 782
f 783 617 615
f 783 785 617
f 617 785 618
f 787 786 788
f 620 621 776
f 776 621 778
f 621 786 778
f 786 787 778
f 614 620 776
f 789 780 781
f 790 782 780
f 790 780 789
f 790 784 782
f 625 618 785
f 625 785 791
f 791 792 625
f 625 792 626
f 794 793 795
f 797 796 794
f 794 796 793
f 628 629 786
f 786 629 788
f 629 796 788
f 796 797 788
f 621 628 786
f 798 626 792
f 632 626 798
f 795 793 800
f 800 793 799
f 796 634 635
f 799 796 635
f 793 796 799
f 629 634 796
f 639 632 798
f 639 798 801
f 801 802 639
f 639 802 640
f 643 803 642
f 804 800 803
f 800 645 803
f 645 642 803
f 800 799 645
f 635 645 799
f 648 640 802
f 648 802 805
f 805 806 648
f 648 806 649
f 807 809 808
f 643 651 803
f 804 803 651
f 652 804 651
f 804 807 808
f 804 652 807
f 806 811 810
f 654 806 810
f 649 806 654
f 812 810 811
f 656 657 807
f 657 809 807
f 657 813 809
f 652 656 807
f 659 654 810
f 810 812 659
f 812 660 659
f 812 814 660
f 816 815 662
f 662 815 661
f 657 661 815
f 657 815 813
f 817 818 664
f 817 664 663
f 663 660 817
f 817 660 814
f 820 819 667
f 667 819 666
f 662 666 819
f 662 819 816
f 821 664 818
f 669 664 821
f 667 822 820
f 667 671 822
f 823 669 821
f 674 669 823
f 824 825 675
f 825 671 675
f 825 822 671
f 677 824 675
f 826 674 823
f 679 674 826
f 825 824 828
f 828 824 827
f 824 677 680
f 829 824 680
f 827 824 829
f 682 829 680
f 830 684 683
f 683 679 830
f 679 831 830
f 679 826 831
f 827 832 828
f 832 827 834
f 827 833 834
f 827 829 833
f 686 833 829
f 686 829 682
f 688 684 830
f 830 831 688
f 831 689 688
f 831 835 689
f 833 836 834
f 686 690 833
f 690 836 833
f 690 837 836
f 691 838 839
f 837 691 839
f 690 691 837
f 693 838 691
f 840 696 695
f 841 842 840
f 695 841 840
f 697 841 695
f 697 689 841
f 841 689 835
f 838 843 839
f 698 844 845
f 698 845 843
f 693 698 843
f 838 693 843
f 700 844 698
f 696 840 846
f 847 696 846
f 703 696 847
f 842 846 840
f 844 848 845
f 704 849 850
f 704 850 848
f 700 704 848
f 844 700 848
f 705 849 704
f 851 707 706
f 709 851 706
f 852 853 854
f 852 710 853
f 710 847 853
f 710 703 847
f 849 855 850
f 856 855 849
f 705 856 849
f 711 856 705
f 707 851 857
f 707 857 712
f 857 851 709
f 858 857 709
f 713 858 709
f 857 858 859
f 713 714 860
f 861 713 860
f 858 713 861
f 862 863 861
f 862 861 860
f 717 716 852
f 717 852 854
f 862 717 854
f 863 862 854
f 716 710 852
f 864 865 718
f 865 711 718
f 865 856 711
f 720 864 718
f 712 857 866
f 712 866 721
f 867 866 859
f 859 866 857
f 714 722 860
f 860 722 862
f 862 722 724
f 724 717 862
f 869 868 870
f 871 868 869
f 864 872 865
f 873 872 864
f 720 873 864
f 726 873 720
f 721 866 874
f 721 874 727
f 875 874 867
f 867 874 866
f 729 876 728
f 876 730 728
f 870 868 878
f 878 868 877
f 880 879 871
f 879 868 871
f 879 877 868
f 881 879 880
f 883 882 884
f 732 882 883
f 873 732 883
f 726 732 873
f 727 874 885
f 727 885 733
f 886 885 875
f 875 885 874
f 729 734 876
f 734 730 876
f 878 877 888
f 888 877 887
f 890 887 889
f 887 879 889
f 887 877 879
f 881 889 879
f 892 891 893
f 884 882 892
f 882 891 892
f 882 894 891
f 736 894 882
f 736 882 732
f 733 885 895
f 733 895 737
f 896 895 886
f 886 895 885
f 887 897 888
f 890 897 887
f 899 898 900
f 738 739 891
f 891 739 893
f 739 898 893
f 898 899 893
f 738 891 894
f 738 894 741
f 894 736 742
f 901 894 742
f 894 743 741
f 894 901 743
f 902 903 901
f 902 901 742
f 895 902 742
f 737 895 742
f 896 902 895
f 745 746 898
f 746 900 898
f 746 904 900
f 739 745 898
f 748 743 901
f 901 903 748
f 903 749 748
f 903 905 749
f 746 906 904
f 746 750 906
f 908 907 751
f 749 908 751
f 905 908 749
f 907 752 751
f 750 909 906
f 750 753 909
f 910 755 754
f 908 911 910
f 757 908 910
f 754 757 910
f 907 908 757
f 757 752 907
f 913 912 914
f 915 912 913
f 760 916 759
f 916 761 759
f 918 909 917
f 909 763 917
f 909 753 763
f 919 920 918
f 919 918 917
f 920 919 766
f 765 920 766
f 921 920 765
f 910 922 755
f 922 765 755
f 922 921 765
f 911 922 910
f 912 923 914
f 923 912 915
f 924 926 925
f 927 924 925
f 760 767 916
f 767 761 916
f 763 768 917
f 917 768 919
f 919 768 769
f 769 766 919
f 924 928 926
f 927 928 924
f 772 929 771
f 929 774 771
f 931 930 932
f 930 931 778
f 931 777 778
f 931 933 777
f 934 929 772
f 777 934 772
f 933 934 777
f 779 774 929
f 934 779 929
f 935 779 934
f 781 779 936
f 779 937 936
f 779 935 937
f 939 938 937
f 937 938 936
f 938 939 784
f 939 783 784
f 939 940 783
f 785 783 941
f 783 942 941
f 783 940 942
f 943 941 942
f 945 944 946
f 948 947 945
f 945 947 944
f 787 788 930
f 930 788 932
f 788 947 932
f 947 948 932
f 778 787 930
f 789 781 936
f 789 936 938
f 789 938 790
f 784 790 938
f 791 785 941
f 941 943 791
f 943 792 791
f 943 949 792
f 794 795 944
f 795 946 944
f 795 950 946
f 794 944 947
f 794 947 797
f 788 797 947
f 949 952 951
f 798 949 951
f 792 949 798
f 953 951 952
f 795 954 950
f 795 800 954
f 801 798 951
f 951 953 801
f 953 802 801
f 953 955 802
f 800 956 954
f 800 804 956
f 805 802 955
f 805 955 957
f 957 958 805
f 805 958 806
f 960 959 809
f 809 959 808
f 804 808 959
f 804 959 956
f 811 806 958
f 811 958 961
f 961 962 811
f 811 962 812
f 809 963 960
f 809 813 963
f 964 965 966
f 964 814 965
f 814 962 965
f 814 812 962
f 968 967 816
f 816 967 815
f 813 815 967
f 813 967 963
f 966 970 969
f 818 966 969
f 966 817 964
f 966 818 817
f 817 814 964
f 971 969 970
f 973 972 820
f 820 972 819
f 816 819 972
f 816 972 968
f 818 969 974
f 818 974 821
f 975 974 971
f 971 974 969
f 820 976 973
f 820 822 976
f 821 974 977
f 978 821 977
f 823 821 978
f 975 977 974
f 822 979 976
f 822 825 979
f 980 823 978
f 826 823 980
f 825 981 979
f 825 828 981
f 982 826 980
f 831 826 982
f 984 983 985
f 986 983 984
f 828 986 984
f 981 828 984
f 832 986 828
f 834 986 832
f 987 831 982
f 835 831 987
f 985 983 989
f 989 983 988
f 986 988 983
f 990 988 986
f 986 834 836
f 991 986 836
f 990 986 991
f 991 836 837
f 991 837 992
f 839 992 837
f 993 842 841
f 841 835 993
f 835 994 993
f 835 987 994
f 989 988 996
f 996 988 995
f 998 995 997
f 995 990 997
f 995 988 990
f 991 999 990
f 990 999 997
f 992 1000 991
f 991 1000 999
f 843 1001 1002
f 843 1002 1000
f 839 843 1000
f 992 839 1000
f 845 1001 843
f 1003 1004 847
f 1003 847 846
f 993 1005 842
f 1005 846 842
f 1005 1003 846
f 994 1005 993
f 996 995 1007
f 1007 995 1006
f 1008 1006 998
f 998 1006 995
f 1001 1009 1002
f 848 1010 1011
f 848 1011 1009
f 845 848 1009
f 1001 845 1009
f 850 1010 848
f 1012 1013 1014
f 1015 1016 1013
f 1015 1013 1012
f 1016 1015 854
f 853 1016 854
f 1017 1016 853
f 853 847 1017
f 1017 847 1004
f 1007 1006 1019
f 1019 1006 1018
f 1020 1018 1008
f 1008 1018 1006
f 1011 1010 1022
f 1022 1010 1021
f 1010 850 855
f 1023 1010 855
f 1021 1010 1023
f 856 1023 855
f 1024 1025 859
f 1024 859 858
f 1014 1024 1012
f 1024 861 1012
f 1024 858 861
f 1012 861 1015
f 1015 861 863
f 863 854 1015
f 1019 1018 1027
f 1027 1018 1026
f 1028 1026 1020
f 1020 1026 1018
f 1021 1029 1022
f 1029 1021 1031
f 1021 1030 1031
f 1021 1023 1030
f 865 1030 1023
f 865 1023 856
f 1032 859 1025
f 867 859 1032
f 869 870 1026
f 870 1027 1026
f 870 1033 1027
f 1026 1028 869
f 1028 871 869
f 1028 1034 871
f 1031 1030 1036
f 1036 1030 1035
f 1030 865 872
f 1037 1030 872
f 1035 1030 1037
f 873 1037 872
f 1038 867 1032
f 875 867 1038
f 870 1039 1033
f 870 878 1039
f 880 871 1034
f 880 1034 1040
f 1040 1041 880
f 880 1041 881
f 1036 1035 1043
f 1043 1035 1042
f 1037 883 884
f 1042 1037 884
f 1035 1037 1042
f 873 883 1037
f 1044 875 1038
f 886 875 1044
f 878 1045 1039
f 878 888 1045
f 1046 890 889
f 889 881 1046
f 881 1047 1046
f 881 1041 1047
f 1049 1048 1050
f 1051 1048 1049
f 1053 1052 1054
f 892 893 1042
f 1042 893 1043
f 893 1052 1043
f 1052 1053 1043
f 884 892 1042
f 1055 886 1044
f 896 886 1055
f 1057 1056 1058
f 1060 1059 1057
f 1057 1059 1056
f 1061 1059 1060
f 1062 1063 897
f 1063 888 897
f 1063 1045 888
f 1062 897 890
f 1046 1062 890
f 1064 1062 1046
f 1066 1065 1047
f 1065 1046 1047
f 1065 1064 1046
f 1050 1048 1066
f 1048 1065 1066
f 1048 1067 1065
f 1069 1068 1051
f 1068 1048 1051
f 1068 1067 1048
f 899 900 1052
f 1052 900 1054
f 900 1068 1054
f 1068 1069 1054
f 893 899 1052
f 1070 903 902
f 902 896 1070
f 896 1071 1070
f 896 1055 1071
f 1056 1072 1058
f 1072 1056 1074
f 1056 1073 1074
f 1056 1059 1073
f 1075 1073 1061
f 1061 1073 1059
f 1062 1076 1063
f 1076 1062 1078
f 1062 1077 1078
f 1062 1064 1077
f 1065 1077 1064
f 1079 1077 1065
f 1067 1079 1065
f 1080 1079 1067
f 1068 1080 1067
f 1081 1080 1068
f 904 1081 1068
f 904 1068 900
f 903 1070 1082
f 1083 903 1082
f 905 903 1083
f 1071 1082 1070
f 1073 1084 1074
f 1075 1084 1073
f 1077 1085 1078
f 1079 1086 1077
f 1077 1086 1085
f 1080 1087 1079
f 1079 1087 1086
f 1081 1088 1080
f 1080 1088 1087
f 1089 1088 1081
f 904 1089 1081
f 906 1089 904
f 1090 1091 1092
f 1093 1094 1091
f 1093 1091 1090
f 1093 908 1094
f 908 1083 1094
f 908 905 1083
f 1096 1089 1095
f 1089 909 1095
f 1089 906 909
f 1097 1098 1096
f 1097 1096 1095
f 1090 1092 1098
f 1097 1090 1098
f 1099 1090 1097
f 1099 1093 1090
f 1099 1100 1093
f 1100 911 1093
f 1093 911 908
f 914 1101 913
f 915 913 1101
f 1103 1102 1104
f 1105 1102 1103
f 909 918 1095
f 1095 918 1097
f 1097 918 920
f 1097 920 1099
f 1099 920 921
f 1099 921 1100
f 1100 921 922
f 922 911 1100
f 914 923 1101
f 923 915 1101
f 925 1104 1102
f 925 926 1104
f 926 1106 1104
f 1107 927 925
f 1107 925 1102
f 1108 1107 1102
f 1105 1108 1102
f 1109 1107 1108
f 926 928 1106
f 1106 928 1110
f 1110 928 927
f 1111 1110 927
f 1107 1111 927
f 1112 1110 1111
f 1113 1111 1109
f 1109 1111 1107
f 1111 1114 1112
f 1113 1114 1111
f 1116 1115 1117
f 1118 1115 1116
f 1115 1119 1117
f 1118 1119 1115
f 1121 1120 1122
f 1123 1120 1121
f 1125 1124 1126
f 1124 1125 932
f 1125 931 932
f 1125 1127 931
f 1128 931 1127
f 1128 933 931
f 1129 933 1128
f 1129 934 933
f 1130 934 1129
f 1130 935 934
f 1131 935 1130
f 1131 937 935
f 1132 937 1131
f 1132 939 937
f 1132 1122 1120
f 940 1132 1120
f 939 1132 940
f 940 1120 1123
f 1133 940 1123
f 942 940 1133
f 1133 1134 942
f 942 1134 943
f 1136 1135 946
f 946 1135 945
f 1135 1126 1124
f 948 1135 1124
f 945 1135 948
f 932 948 1124
f 1137 943 1134
f 949 943 1137
f 946 1138 1136
f 946 950 1138
f 1140 1139 952
f 949 1140 952
f 1137 1140 949
f 1139 953 952
f 950 1141 1138
f 950 954 1141
f 1139 1140 1143
f 1139 1143 1142
f 1142 955 1139
f 1139 955 953
f 1145 1144 1146
f 956 1144 1145
f 1141 956 1145
f 954 956 1141
f 1147 1142 1143
f 1148 957 1149
f 1149 957 1147
f 957 955 1147
f 955 1142 1147
f 1148 958 957
f 959 960 1144
f 960 1146 1144
f 960 1150 1146
f 956 959 1144
f 1151 1148 1149
f 1152 961 1153
f 1153 961 1151
f 961 958 1151
f 958 1148 1151
f 1152 962 961
f 1155 1154 1156
f 963 1154 1155
f 1150 963 1155
f 960 963 1150
f 1153 1158 1157
f 966 1153 1157
f 1153 965 1152
f 1153 966 965
f 965 962 1152
f 1159 1157 1158
f 967 968 1154
f 968 1156 1154
f 968 1160 1156
f 963 967 1154
f 1163 1161 970
f 966 1163 970
f 1163 1157 1162
f 1163 966 1157
f 1157 1159 1162
f 971 970 1161
f 1165 1164 973
f 973 1164 972
f 968 972 1164
f 968 1164 1160
f 1161 1163 1167
f 1161 1167 1166
f 1166 975 1161
f 1161 975 971
f 973 1168 1165
f 973 976 1168
f 978 977 1166
f 1167 978 1166
f 1169 978 1167
f 977 975 1166
f 976 1170 1168
f 976 979 1170
f 1169 1172 1171
f 980 1169 1171
f 978 1169 980
f 1173 1171 1172
f 979 1174 1170
f 979 981 1174
f 980 1171 1175
f 980 1175 982
f 1176 1175 1173
f 1173 1175 1171
f 985 1177 984
f 981 984 1177
f 1178 981 1177
f 1174 981 1178
f 982 1175 1179
f 1180 982 1179
f 987 982 1180
f 1176 1179 1175
f 1177 985 1181
f 985 1182 1181
f 985 989 1182
f 1181 1178 1177
f 1183 987 1180
f 994 987 1183
f 989 1184 1182
f 989 996 1184
f 1185 998 997
f 1186 1187 1185
f 997 1186 1185
f 999 1186 997
f 999 1188 1186
f 1000 1188 999
f 1189 1188 1000
f 1189 1000 1002
f 1190 1004 1003
f 1190 1003 1005
f 1190 1005 1191
f 1005 994 1191
f 994 1192 1191
f 994 1183 1192
f 996 1193 1184
f 996 1007 1193
f 998 1185 1194
f 1195 998 1194
f 1008 998 1195
f 1187 1194 1185
f 1002 1009 1189
f 1189 1009 1196
f 1197 1196 1009
f 1197 1009 1011
f 1198 1199 1014
f 1198 1014 1013
f 1016 1200 1201
f 1198 1016 1201
f 1013 1016 1198
f 1200 1016 1017
f 1200 1017 1202
f 1203 1204 1202
f 1203 1202 1017
f 1190 1203 1017
f 1004 1190 1017
f 1191 1205 1190
f 1190 1205 1203
f 1192 1205 1191
f 1007 1206 1193
f 1007 1019 1206
f 1207 1008 1195
f 1020 1008 1207
f 1011 1208 1197
f 1011 1022 1208
f 1209 1210 1025
f 1209 1025 1024
f 1024 1014 1209
f 1209 1014 1199
f 1200 1211 1201
f 1202 1212 1200
f 1200 1212 1211
f 1204 1212 1202
f 1019 1213 1206
f 1019 1027 1213
f 1214 1020 1207
f 1028 1020 1214
f 1215 1216 1029
f 1216 1022 1029
f 1216 1208 1022
f 1031 1215 1029
f 1217 1025 1210
f 1032 1025 1217
f 1027 1218 1213
f 1027 1033 1218
f 1219 1028 1214
f 1034 1028 1219
f 1216 1215 1221
f 1221 1215 1220
f 1036 1220 1215
f 1036 1215 1031
f 1222 1032 1217
f 1038 1032 1222
f 1033 1223 1218
f 1033 1039 1223
f 1225 1224 1040
f 1034 1225 1040
f 1219 1225 1034
f 1224 1041 1040
f 1221 1220 1227
f 1227 1220 1226
f 1043 1226 1220
f 1043 1220 1036
f 1228 1038 1222
f 1044 1038 1228
f 1230 1229 1231
f 1232 1229 1230
f 1234 1233 1235
f 1045 1233 1234
f 1223 1045 1234
f 1039 1045 1223
f 1224 1225 1237
f 1224 1237 1236
f 1236 1047 1224
f 1224 1047 1041
f 1050 1238 1049
f 1051 1049 1238
f 1240 1239 1241
f 1053 1054 1226
f 1226 1054 1227
f 1054 1239 1227
f 1239 1240 1227
f 1043 1053 1226
f 1242 1044 1228
f 1055 1044 1242
f 1229 1243 1231
f 1232 1243 1229
f 1244 1057 1058
f 1246 1245 1244
f 1245 1057 1244
f 1245 1060 1057
f 1245 1247 1060
f 1060 1247 1061
f 1233 1248 1235
f 1249 1248 1233
f 1045 1249 1233
f 1063 1249 1045
f 1250 1236 1237
f 1066 1047 1236
f 1250 1066 1236
f 1251 1066 1250
f 1252 1238 1050
f 1066 1252 1050
f 1251 1252 1066
f 1252 1241 1239
f 1069 1252 1239
f 1252 1051 1238
f 1252 1069 1051
f 1054 1069 1239
f 1253 1254 1255
f 1253 1071 1254
f 1071 1242 1254
f 1071 1055 1242
f 1058 1072 1244
f 1074 1256 1072
f 1072 1256 1244
f 1256 1257 1244
f 1257 1246 1244
f 1256 1075 1257
f 1075 1247 1257
f 1075 1061 1247
f 1063 1076 1249
f 1249 1076 1258
f 1076 1078 1259
f 1260 1076 1259
f 1258 1076 1260
f 1261 1262 1260
f 1261 1260 1259
f 1261 1263 1262
f 1255 1265 1264
f 1083 1255 1264
f 1255 1082 1253
f 1255 1083 1082
f 1082 1071 1253
f 1266 1264 1265
f 1074 1084 1256
f 1084 1075 1256
f 1078 1085 1259
f 1259 1085 1261
f 1261 1085 1086
f 1261 1086 1263
f 1086 1267 1263
f 1086 1087 1267
f 1087 1268 1267
f 1088 1268 1087
f 1088 1089 1269
f 1270 1088 1269
f 1268 1088 1270
f 1269 1271 1270
f 1272 1273 1092
f 1272 1092 1091
f 1091 1274 1272
f 1094 1274 1091
f 1264 1275 1083
f 1275 1094 1083
f 1275 1274 1094
f 1275 1264 1266
f 1276 1278 1277
f 1279 1276 1277
f 1281 1280 1282
f 1284 1283 1281
f 1281 1283 1280
f 1286 1285 1284
f 1284 1285 1283
f 1287 1285 1286
f 1089 1096 1269
f 1269 1096 1271
f 1096 1288 1271
f 1096 1098 1288
f 1098 1092 1288
f 1288 1092 1273
f 1276 1289 1278
f 1279 1289 1276
f 1103 1104 1280
f 1104 1282 1280
f 1104 1290 1282
f 1291 1105 1103
f 1280 1291 1103
f 1283 1291 1280
f 1285 1291 1283
f 1292 1291 1285
f 1293 1292 1287
f 1287 1292 1285
f 1295 1290 1294
f 1290 1106 1294
f 1290 1104 1106
f 1294 1296 1295
f 1291 1108 1105
f 1291 1292 1297
f 1109 1291 1297
f 1298 1109 1297
f 1108 1291 1109
f 1293 1297 1292
f 1106 1110 1294
f 1112 1299 1110
f 1110 1299 1294
f 1299 1300 1294
f 1300 1296 1294
f 1299 1113 1300
f 1113 1298 1300
f 1113 1109 1298
f 1112 1114 1299
f 1114 1113 1299
f 1302 1301 1117
f 1117 1301 1116
f 1301 1303 1116
f 1116 1303 1118
f 1117 1119 1302
f 1302 1119 1304
f 1119 1118 1304
f 1304 1118 1303
f 1306 1305 1307
f 1309 1308 1306
f 1306 1308 1305
f 1311 1310 1309
f 1309 1310 1308
f 1313 1312 1311
f 1311 1312 1310
f 1314 1312 1313
f 1122 1315 1121
f 1315 1123 1121
f 1317 1316 1126
f 1126 1316 1125
f 1316 1307 1305
f 1127 1316 1305
f 1125 1316 1127
f 1127 1305 1308
f 1127 1308 1128
f 1128 1308 1310
f 1128 1310 1129
f 1129 1310 1312
f 1129 1312 1130
f 1130 1312 1314
f 1318 1130 1314
f 1131 1130 1318
f 1319 1131 1318
f 1319 1132 1131
f 1320 1315 1122
f 1132 1320 1122
f 1319 1320 1132
f 1133 1123 1315
f 1320 1133 1315
f 1321 1133 1320
f 1321 1322 1133
f 1133 1322 1134
f 1324 1323 1136
f 1136 1323 1135
f 1126 1135 1323
f 1126 1323 1317
f 1325 1134 1322
f 1137 1134 1325
f 1136 1326 1324
f 1136 1138 1326
f 1327 1137 1325
f 1140 1137 1327
f 1138 1328 1326
f 1138 1141 1328
f 1329 1140 1327
f 1143 1140 1329
f 1331 1330 1146
f 1146 1330 1145
f 1141 1145 1330
f 1141 1330 1328
f 1333 1332 1147
f 1143 1333 1147
f 1329 1333 1143
f 1332 1149 1147
f 1146 1334 1331
f 1146 1150 1334
f 1335 1332 1333
f 1151 1149 1332
f 1335 1151 1332
f 1336 1151 1335
f 1336 1337 1151
f 1151 1337 1153
f 1339 1338 1156
f 1156 1338 1155
f 1150 1155 1338
f 1150 1338 1334
f 1341 1340 1158
f 1153 1341 1158
f 1337 1341 1153
f 1340 1159 1158
f 1156 1342 1339
f 1156 1160 1342
f 1163 1162 1340
f 1341 1163 1340
f 1343 1163 1341
f 1162 1159 1340
f 1165 1344 1164
f 1160 1164 1344
f 1345 1160 1344
f 1342 1160 1345
f 1343 1347 1346
f 1167 1343 1346
f 1163 1343 1167
f 1348 1346 1347
f 1344 1165 1349
f 1349 1165 1168
f 1349 1350 1345
f 1349 1345 1344
f 1167 1346 1351
f 1167 1351 1169
f 1352 1351 1348
f 1348 1351 1346
f 1349 1168 1353
f 1168 1354 1353
f 1168 1170 1354
f 1353 1350 1349
f 1172 1169 1351
f 1351 1352 1172
f 1352 1173 1172
f 1352 1355 1173
f 1170 1356 1354
f 1170 1174 1356
f 1357 1173 1355
f 1176 1173 1357
f 1174 1358 1356
f 1174 1178 1358
f 1359 1180 1179
f 1179 1176 1359
f 1176 1360 1359
f 1176 1357 1360
f 1182 1361 1181
f 1178 1181 1361
f 1362 1178 1361
f 1358 1178 1362
f 1180 1359 1363
f 1180 1363 1183
f 1364 1363 1360
f 1360 1363 1359
f 1361 1182 1365
f 1182 1366 1365
f 1182 1184 1366
f 1365 1362 1361
f 1367 1368 1187
f 1367 1187 1186
f 1186 1369 1367
f 1188 1369 1186
f 1370 1369 1188
f 1370 1188 1189
f 1371 1372 1373
f 1374 1375 1372
f 1374 1372 1371
f 1374 1376 1375
f 1183 1363 1377
f 1183 1377 1192
f 1378 1377 1364
f 1364 1377 1363
f 1380 1366 1379
f 1366 1193 1379
f 1366 1184 1193
f 1380 1379 1195
f 1194 1380 1195
f 1381 1380 1194
f 1194 1187 1381
f 1381 1187 1368
f 1189 1196 1370
f 1370 1196 1382
f 1383 1382 1196
f 1383 1196 1197
f 1384 1199 1198
f 1198 1373 1386
f 1384 1198 1386
f 1198 1371 1373
f 1385 1198 1201
f 1198 1385 1371
f 1385 1374 1371
f 1385 1387 1374
f 1203 1388 1376
f 1387 1203 1376
f 1374 1387 1376
f 1204 1203 1387
f 1205 1389 1390
f 1388 1205 1390
f 1203 1205 1388
f 1389 1205 1192
f 1377 1389 1192
f 1391 1389 1377
f 1392 1391 1378
f 1378 1391 1377
f 1379 1193 1393
f 1393 1193 1206
f 1393 1207 1379
f 1379 1207 1195
f 1395 1383 1394
f 1383 1208 1394
f 1383 1197 1208
f 1394 1396 1395
f 1397 1210 1209
f 1397 1209 1199
f 1384 1397 1199
f 1398 1397 1384
f 1399 1398 1386
f 1398 1384 1386
f 1211 1385 1201
f 1385 1211 1387
f 1387 1211 1212
f 1212 1204 1387
f 1389 1400 1390
f 1400 1389 1402
f 1389 1401 1402
f 1389 1391 1401
f 1403 1401 1392
f 1392 1401 1391
f 1405 1404 1406
f 1405 1407 1404
f 1407 1206 1404
f 1206 1213 1404
f 1206 1407 1393
f 1407 1408 1393
f 1408 1207 1393
f 1408 1214 1207
f 1394 1208 1409
f 1208 1410 1409
f 1208 1216 1410
f 1409 1396 1394
f 1210 1397 1411
f 1210 1411 1217
f 1413 1411 1412
f 1411 1398 1412
f 1411 1397 1398
f 1399 1412 1398
f 1401 1414 1402
f 1403 1414 1401
f 1406 1404 1416
f 1416 1404 1415
f 1218 1415 1404
f 1218 1404 1213
f 1417 1214 1408
f 1219 1214 1417
f 1216 1418 1410
f 1216 1221 1418
f 1217 1411 1419
f 1420 1217 1419
f 1222 1217 1420
f 1413 1419 1411
f 1422 1421 1423
f 1424 1421 1422
f 1416 1415 1426
f 1426 1415 1425
f 1223 1425 1415
f 1223 1415 1218
f 1427 1219 1417
f 1225 1219 1427
f 1221 1428 1418
f 1221 1227 1428
f 1429 1430 1431
f 1429 1228 1430
f 1228 1420 1430
f 1228 1222 1420
f 1231 1432 1230
f 1423 1421 1434
f 1421 1433 1434
f 1230 1432 1232
f 1436 1435 1424
f 1435 1421 1424
f 1435 1433 1421
f 1437 1435 1436
f 1234 1235 1425
f 1235 1426 1425
f 1235 1438 1426
f 1223 1234 1425
f 1439 1225 1427
f 1237 1225 1439
f 1441 1440 1241
f 1241 1440 1240
f 1227 1240 1440
f 1227 1440 1428
f 1429 1431 1443
f 1429 1443 1442
f 1442 1242 1429
f 1429 1242 1228
f 1231 1243 1432
f 1433 1444 1434
f 1243 1232 1432
f 1444 1433 1446
f 1433 1435 1446
f 1246 1445 1245
f 1435 1437 1446
f 1247 1245 1445
f 1235 1248 1438
f 1438 1248 1447
f 1248 1249 1448
f 1449 1248 1448
f 1447 1248 1449
f 1448 1450 1449
f 1450 1237 1449
f 1237 1439 1449
f 1450 1250 1237
f 1250 1450 1251
f 1251 1450 1451
f 1453 1452 1451
f 1452 1251 1451
f 1452 1252 1251
f 1241 1252 1452
f 1241 1452 1441
f 1255 1254 1442
f 1443 1255 1442
f 1454 1255 1443
f 1254 1242 1442
f 1456 1455 1457
f 1459 1458 1456
f 1456 1458 1455
f 1460 1458 1459
f 1257 1445 1246
f 1257 1247 1445
f 1249 1258 1448
f 1448 1258 1450
f 1450 1258 1260
f 1450 1260 1451
f 1451 1260 1262
f 1453 1451 1262
f 1263 1453 1262
f 1461 1453 1263
f 1265 1255 1454
f 1265 1454 1462
f 1462 1463 1265
f 1265 1463 1266
f 1465 1464 1466
f 1457 1455 1465
f 1455 1464 1465
f 1455 1467 1464
f 1458 1467 1455
f 1468 1467 1458
f 1469 1468 1460
f 1460 1468 1458
f 1263 1267 1461
f 1461 1267 1470
f 1267 1471 1470
f 1268 1471 1267
f 1268 1472 1471
f 1270 1472 1268
f 1473 1472 1270
f 1473 1270 1271
f 1474 1273 1272
f 1475 1476 1474
f 1272 1475 1474
f 1274 1475 1272
f 1275 1477 1478
f 1475 1275 1478
f 1274 1275 1475
f 1477 1479 1277
f 1278 1477 1277
f 1477 1463 1479
f 1266 1477 1275
f 1477 1266 1463
f 1279 1277 1480
f 1277 1481 1480
f 1277 1479 1481
f 1281 1282 1464
f 1464 1282 1466
f 1282 1480 1466
f 1480 1481 1466
f 1281 1464 1467
f 1281 1467 1284
f 1484 1467 1468
f 1483 1484 1468
f 1484 1284 1467
f 1286 1484 1482
f 1484 1286 1284
f 1468 1469 1483
f 1287 1286 1482
f 1271 1288 1473
f 1473 1288 1485
f 1474 1486 1273
f 1486 1288 1273
f 1486 1485 1288
f 1476 1486 1474
f 1477 1487 1478
f 1278 1289 1477
f 1289 1487 1477
f 1289 1488 1487
f 1480 1489 1279
f 1489 1289 1279
f 1489 1488 1289
f 1490 1489 1480
f 1282 1490 1480
f 1290 1490 1282
f 1491 1492 1493
f 1482 1484 1492
f 1491 1482 1492
f 1494 1482 1491
f 1494 1293 1482
f 1482 1293 1287
f 1290 1295 1490
f 1490 1295 1495
f 1496 1491 1493
f 1295 1496 1493
f 1495 1295 1493
f 1496 1295 1296
f 1297 1494 1298
f 1494 1496 1298
f 1494 1491 1496
f 1297 1293 1494
f 1296 1300 1496
f 1300 1298 1496
f 1498 1497 1302
f 1302 1497 1301
f 1497 1499 1301
f 1301 1499 1303
f 1302 1304 1498
f 1498 1304 1500
f 1304 1303 1500
f 1500 1303 1499
f 1307 1501 1306
f 1503 1502 1501
f 1502 1306 1501
f 1502 1309 1306
f 1504 1309 1502
f 1504 1311 1309
f 1505 1313 1506
f 1313 1504 1506
f 1313 1311 1504
f 1505 1314 1313
f 1508 1507 1317
f 1317 1507 1316
f 1509 1501 1307
f 1316 1509 1307
f 1507 1509 1316
f 1509 1503 1501
f 1510 1505 1506
f 1318 1314 1505
f 1510 1318 1505
f 1511 1318 1510
f 1512 1318 1511
f 1512 1319 1318
f 1513 1319 1512
f 1513 1320 1319
f 1514 1320 1513
f 1514 1321 1320
f 1514 1515 1321
f 1321 1515 1322
f 1517 1516 1324
f 1324 1516 1323
f 1317 1323 1516
f 1317 1516 1508
f 1518 1322 1515
f 1325 1322 1518
f 1324 1519 1517
f 1324 1326 1519
f 1520 1325 1518
f 1327 1325 1520
f 1326 1521 1519
f 1326 1328 1521
f 1522 1327 1520
f 1329 1327 1522
f 1524 1523 1331
f 1331 1523 1330
f 1328 1330 1523
f 1328 1523 1521
f 1522 1526 1525
f 1333 1522 1525
f 1329 1522 1333
f 1527 1525 1526
f 1331 1528 1524
f 1331 1334 1528
f 1335 1333 1525
f 1335 1525 1527
f 1529 1335 1527
f 1336 1335 1529
f 1529 1530 1336
f 1336 1530 1337
f 1532 1531 1339
f 1339 1531 1338
f 1334 1338 1531
f 1334 1531 1528
f 1533 1337 1530
f 1341 1337 1533
f 1339 1534 1532
f 1339 1342 1534
f 1535 1341 1533
f 1343 1341 1535
f 1342 1536 1534
f 1342 1345 1536
f 1347 1343 1535
f 1347 1535 1537
f 1537 1538 1347
f 1347 1538 1348
f 1345 1539 1536
f 1345 1350 1539
f 1538 1541 1540
f 1352 1538 1540
f 1348 1538 1352
f 1542 1540 1541
f 1354 1543 1353
f 1350 1353 1543
f 1544 1350 1543
f 1539 1350 1544
f 1352 1540 1545
f 1546 1352 1545
f 1355 1352 1546
f 1542 1545 1540
f 1543 1354 1547
f 1547 1354 1356
f 1547 1548 1544
f 1547 1544 1543
f 1549 1355 1546
f 1357 1355 1549
f 1547 1356 1550
f 1356 1551 1550
f 1356 1358 1551
f 1550 1548 1547
f 1552 1357 1549
f 1360 1357 1552
f 1358 1553 1551
f 1358 1362 1553
f 1554 1360 1552
f 1364 1360 1554
f 1366 1555 1365
f 1362 1365 1555
f 1556 1362 1555
f 1553 1362 1556
f 1557 1558 1368
f 1557 1368 1367
f 1369 1559 1560
f 1557 1369 1560
f 1367 1369 1557
f 1370 1559 1369
f 1561 1373 1372
f 1561 1372 1375
f 1561 1375 1562
f 1376 1562 1375
f 1563 1364 1554
f 1378 1364 1563
f 1366 1380 1555
f 1555 1380 1556
f 1380 1564 1556
f 1380 1381 1564
f 1381 1368 1564
f 1564 1368 1558
f 1559 1565 1560
f 1370 1382 1559
f 1382 1565 1559
f 1382 1566 1565
f 1567 1566 1382
f 1567 1382 1383
f 1373 1561 1568
f 1569 1373 1568
f 1386 1373 1569
f 1562 1570 1561
f 1561 1570 1568
f 1376 1388 1562
f 1388 1570 1562
f 1388 1571 1570
f 1572 1571 1388
f 1572 1388 1390
f 1573 1378 1563
f 1392 1378 1573
f 1383 1395 1567
f 1567 1395 1574
f 1575 1574 1395
f 1575 1395 1396
f 1576 1577 1578
f 1576 1399 1577
f 1399 1569 1577
f 1399 1386 1569
f 1579 1580 1400
f 1580 1390 1400
f 1580 1572 1390
f 1402 1579 1400
f 1581 1392 1573
f 1403 1392 1581
f 1406 1582 1405
f 1405 1582 1407
f 1407 1582 1583
f 1583 1408 1407
f 1410 1584 1409
f 1396 1409 1584
f 1585 1396 1584
f 1575 1396 1585
f 1586 1587 1588
f 1589 1590 1587
f 1589 1587 1586
f 1413 1412 1576
f 1413 1576 1578
f 1589 1413 1578
f 1590 1589 1578
f 1412 1399 1576
f 1592 1591 1593
f 1580 1579 1592
f 1579 1591 1592
f 1579 1594 1591
f 1579 1402 1414
f 1595 1579 1414
f 1594 1579 1595
f 1414 1403 1595
f 1403 1596 1595
f 1403 1581 1596
f 1582 1406 1597
f 1597 1406 1416
f 1597 1583 1582
f 1597 1598 1583
f 1598 1417 1583
f 1583 1417 1408
f 1584 1410 1599
f 1410 1600 1599
f 1410 1418 1600
f 1599 1585 1584
f 1586 1588 1602
f 1586 1602 1601
f 1419 1589 1420
f 1589 1601 1420
f 1589 1586 1601
f 1419 1413 1589
f 1604 1603 1605
f 1422 1423 1591
f 1591 1423 1593
f 1423 1603 1593
f 1603 1604 1593
f 1591 1594 1606
f 1424 1591 1606
f 1607 1424 1606
f 1422 1591 1424
f 1595 1608 1594
f 1594 1608 1606
f 1596 1608 1595
f 1610 1609 1611
f 1610 1612 1609
f 1612 1416 1609
f 1416 1426 1609
f 1416 1612 1597
f 1613 1598 1597
f 1613 1597 1612
f 1613 1614 1598
f 1614 1417 1598
f 1614 1427 1417
f 1418 1615 1600
f 1418 1428 1615
f 1431 1430 1601
f 1602 1431 1601
f 1616 1431 1602
f 1430 1420 1601
f 1603 1617 1605
f 1423 1434 1603
f 1434 1619 1603
f 1619 1617 1603
f 1434 1618 1619
f 1618 1424 1607
f 1619 1618 1607
f 1618 1436 1424
f 1620 1618 1621
f 1618 1620 1436
f 1620 1622 1436
f 1436 1622 1437
f 1609 1623 1611
f 1624 1623 1609
f 1426 1624 1609
f 1438 1624 1426
f 1614 1626 1625
f 1439 1614 1625
f 1427 1614 1439
f 1628 1627 1626
f 1626 1627 1625
f 1629 1627 1628
f 1631 1630 1441
f 1441 1630 1440
f 1428 1440 1630
f 1428 1630 1615
f 1632 1431 1616
f 1443 1431 1632
f 1434 1444 1618
f 1444 1446 1618
f 1446 1634 1618
f 1634 1621 1618
f 1634 1446 1633
f 1446 1437 1633
f 1437 1635 1633
f 1437 1622 1635
f 1438 1447 1624
f 1624 1447 1636
f 1447 1637 1636
f 1449 1637 1447
f 1625 1638 1439
f 1638 1449 1439
f 1638 1637 1449
f 1638 1625 1640
f 1625 1639 1640
f 1625 1627 1639
f 1641 1452 1629
f 1452 1639 1629
f 1639 1627 1629
f 1452 1453 1639
f 1441 1452 1641
f 1441 1641 1631
f 1642 1443 1632
f 1454 1443 1642
f 1457 1643 1456
f 1645 1644 1643
f 1644 1456 1643
f 1644 1459 1456
f 1460 1459 1647
f 1459 1644 1647
f 1633 1646 1634
f 1635 1646 1633
f 1639 1648 1640
f 1649 1648 1639
f 1453 1649 1639
f 1461 1649 1453
f 1462 1454 1642
f 1462 1642 1650
f 1463 1462 1651
f 1462 1652 1651
f 1462 1650 1652
f 1654 1653 1652
f 1652 1653 1651
f 1653 1654 1466
f 1654 1465 1466
f 1654 1655 1465
f 1656 1643 1457
f 1465 1656 1457
f 1655 1656 1465
f 1656 1645 1643
f 1657 1460 1647
f 1469 1460 1657
f 1461 1470 1649
f 1649 1470 1658
f 1470 1659 1658
f 1471 1659 1470
f 1471 1660 1659
f 1472 1660 1471
f 1661 1660 1472
f 1661 1472 1473
f 1662 1663 1476
f 1662 1476 1475
f 1475 1478 1664
f 1665 1475 1664
f 1662 1475 1665
f 1664 1666 1665
f 1651 1479 1463
f 1479 1651 1653
f 1479 1653 1481
f 1466 1481 1653
f 1667 1668 1484
f 1667 1484 1483
f 1483 1469 1667
f 1667 1469 1657
f 1669 1670 1485
f 1670 1473 1485
f 1670 1661 1473
f 1671 1672 1669
f 1485 1671 1669
f 1486 1671 1485
f 1486 1476 1671
f 1671 1476 1663
f 1478 1487 1664
f 1664 1487 1666
f 1487 1673 1666
f 1487 1488 1673
f 1489 1674 1675
f 1673 1489 1675
f 1488 1489 1673
f 1490 1674 1489
f 1676 1677 1493
f 1676 1493 1492
f 1492 1484 1676
f 1676 1484 1668
f 1669 1678 1670
f 1672 1678 1669
f 1674 1679 1675
f 1490 1495 1674
f 1495 1679 1674
f 1495 1680 1679
f 1495 1493 1680
f 1680 1493 1677
f 1682 1681 1498
f 1498 1681 1497
f 1681 1683 1497
f 1497 1683 1499
f 1498 1500 1682
f 1682 1500 1684
f 1500 1499 1684
f 1684 1499 1683
f 1503 1685 1502
f 1502 1685 1504
f 1504 1685 1686
f 1686 1506 1504
f 1508 1687 1507
f 1507 1687 1509
f 1509 1687 1688
f 1509 1688 1503
f 1688 1685 1503
f 1688 1689 1685
f 1689 1691 1690
f 1686 1689 1690
f 1685 1689 1686
f 1510 1506 1686
f 1690 1510 1686
f 1692 1510 1690
f 1693 1511 1694
f 1511 1692 1694
f 1511 1510 1692
f 1511 1693 1512
f 1512 1693 1695
f 1697 1696 1695
f 1696 1512 1695
f 1696 1513 1512
f 1698 1514 1699
f 1514 1696 1699
f 1514 1513 1696
f 1698 1515 1514
f 1517 1700 1516
f 1516 1700 1508
f 1700 1687 1508
f 1700 1701 1687
f 1701 1688 1687
f 1701 1702 1688
f 1702 1704 1703
f 1689 1702 1703
f 1688 1702 1689
f 1703 1691 1689
f 1705 1693 1694
f 1706 1695 1693
f 1706 1693 1705
f 1706 1697 1695
f 1707 1698 1699
f 1518 1515 1698
f 1709 1518 1698
f 1707 1709 1698
f 1708 1518 1709
f 1710 1708 1709
f 1700 1517 1711
f 1711 1517 1519
f 1711 1713 1712
f 1701 1711 1712
f 1700 1711 1701
f 1714 1702 1701
f 1714 1701 1712
f 1714 1704 1702
f 1518 1708 1715
f 1716 1518 1715
f 1520 1518 1716
f 1710 1715 1708
f 1711 1519 1717
f 1519 1718 1717
f 1519 1521 1718
f 1717 1713 1711
f 1719 1520 1716
f 1522 1520 1719
f 1524 1720 1523
f 1521 1523 1720
f 1721 1521 1720
f 1718 1521 1721
f 1526 1522 1719
f 1526 1719 1722
f 1722 1723 1526
f 1526 1723 1527
f 1720 1524 1724
f 1524 1725 1724
f 1524 1528 1725
f 1724 1721 1720
f 1727 1726 1529
f 1527 1727 1529
f 1723 1727 1527
f 1726 1530 1529
f 1729 1728 1532
f 1532 1728 1531
f 1528 1531 1728
f 1528 1728 1725
f 1726 1727 1731
f 1726 1731 1730
f 1730 1533 1726
f 1726 1533 1530
f 1532 1732 1729
f 1532 1534 1732
f 1733 1730 1731
f 1733 1734 1730
f 1734 1533 1730
f 1734 1535 1533
f 1534 1735 1732
f 1534 1536 1735
f 1537 1535 1734
f 1537 1734 1736
f 1736 1737 1537
f 1537 1737 1538
f 1536 1738 1735
f 1536 1539 1738
f 1541 1538 1737
f 1541 1737 1739
f 1739 1740 1541
f 1541 1740 1542
f 1539 1741 1738
f 1539 1544 1741
f 1742 1546 1545
f 1545 1542 1742
f 1542 1743 1742
f 1542 1740 1743
f 1544 1744 1741
f 1544 1548 1744
f 1546 1742 1745
f 1746 1546 1745
f 1549 1546 1746
f 1743 1745 1742
f 1551 1747 1550
f 1548 1550 1747
f 1748 1548 1747
f 1744 1548 1748
f 1749 1549 1746
f 1552 1549 1749
f 1747 1551 1750
f 1750 1551 1553
f 1750 1751 1748
f 1750 1748 1747
f 1752 1753 1754
f 1752 1554 1753
f 1554 1749 1753
f 1554 1552 1749
f 1750 1553 1755
f 1755 1553 1556
f 1557 1756 1751
f 1755 1557 1751
f 1750 1755 1751
f 1558 1557 1755
f 1557 1560 1757
f 1758 1557 1757
f 1756 1557 1758
f 1759 1760 1758
f 1759 1758 1757
f 1759 1761 1760
f 1762 1763 1764
f 1752 1754 1763
f 1762 1752 1763
f 1765 1752 1762
f 1765 1563 1752
f 1752 1563 1554
f 1556 1564 1755
f 1564 1558 1755
f 1560 1565 1757
f 1757 1565 1759
f 1759 1565 1566
f 1567 1766 1566
f 1566 1766 1759
f 1766 1767 1759
f 1767 1761 1759
f 1768 1769 1767
f 1768 1767 1766
f 1770 1771 1769
f 1770 1769 1768
f 1770 1772 1771
f 1773 1774 1569
f 1773 1569 1568
f 1568 1775 1773
f 1570 1775 1568
f 1570 1776 1775
f 1571 1776 1570
f 1762 1572 1778
f 1777 1762 1778
f 1762 1571 1572
f 1776 1762 1764
f 1762 1776 1571
f 1762 1777 1780
f 1779 1762 1780
f 1765 1762 1779
f 1779 1573 1765
f 1765 1573 1563
f 1567 1574 1766
f 1575 1781 1574
f 1781 1766 1574
f 1781 1768 1766
f 1781 1770 1768
f 1781 1782 1770
f 1783 1784 1772
f 1770 1783 1772
f 1782 1783 1770
f 1785 1786 1784
f 1785 1784 1783
f 1787 1788 1786
f 1787 1786 1785
f 1788 1787 1578
f 1577 1788 1578
f 1789 1788 1577
f 1577 1569 1789
f 1789 1569 1774
f 1572 1790 1778
f 1572 1580 1790
f 1791 1779 1780
f 1791 1792 1779
f 1792 1573 1779
f 1792 1581 1573
f 1781 1575 1793
f 1793 1575 1585
f 1793 1782 1781
f 1793 1794 1782
f 1794 1783 1782
f 1794 1795 1783
f 1587 1785 1588
f 1785 1795 1588
f 1785 1783 1795
f 1785 1587 1787
f 1787 1587 1590
f 1590 1578 1787
f 1797 1796 1593
f 1593 1796 1592
f 1580 1592 1796
f 1580 1796 1790
f 1798 1799 1800
f 1798 1596 1799
f 1596 1792 1799
f 1596 1581 1792
f 1802 1801 1600
f 1600 1801 1599
f 1803 1793 1585
f 1599 1803 1585
f 1801 1803 1599
f 1804 1794 1793
f 1804 1793 1803
f 1794 1804 1806
f 1805 1794 1806
f 1795 1794 1805
f 1805 1602 1795
f 1795 1602 1588
f 1605 1807 1604
f 1797 1593 1809
f 1593 1807 1809
f 1807 1808 1809
f 1807 1593 1604
f 1809 1808 1607
f 1606 1809 1607
f 1809 1810 1811
f 1809 1606 1810
f 1800 1812 1810
f 1608 1800 1810
f 1606 1608 1810
f 1798 1800 1608
f 1608 1596 1798
f 1611 1813 1610
f 1610 1813 1612
f 1612 1813 1814
f 1612 1814 1613
f 1613 1814 1815
f 1815 1614 1613
f 1600 1816 1802
f 1600 1615 1816
f 1805 1806 1818
f 1805 1818 1817
f 1817 1616 1805
f 1805 1616 1602
f 1605 1617 1807
f 1807 1617 1808
f 1808 1617 1619
f 1619 1607 1808
f 1620 1811 1810
f 1620 1621 1811
f 1621 1819 1811
f 1810 1812 1620
f 1812 1622 1620
f 1812 1820 1622
f 1611 1623 1813
f 1624 1821 1623
f 1821 1813 1623
f 1821 1814 1813
f 1821 1815 1814
f 1821 1822 1815
f 1614 1815 1626
f 1815 1823 1626
f 1815 1822 1823
f 1825 1824 1823
f 1824 1626 1823
f 1824 1628 1626
f 1824 1826 1628
f 1628 1826 1629
f 1631 1827 1630
f 1615 1630 1827
f 1828 1615 1827
f 1816 1615 1828
f 1829 1817 1818
f 1829 1830 1817
f 1830 1616 1817
f 1830 1632 1616
f 1832 1819 1831
f 1819 1634 1831
f 1819 1621 1634
f 1831 1635 1832
f 1635 1820 1832
f 1635 1622 1820
f 1624 1636 1821
f 1821 1636 1822
f 1822 1636 1637
f 1822 1637 1823
f 1823 1637 1638
f 1640 1833 1638
f 1638 1833 1823
f 1833 1834 1823
f 1834 1825 1823
f 1833 1835 1834
f 1835 1629 1834
f 1629 1826 1834
f 1835 1641 1629
f 1641 1835 1631
f 1835 1827 1631
f 1835 1836 1827
f 1837 1838 1828
f 1827 1837 1828
f 1836 1837 1827
f 1837 1839 1838
f 1840 1632 1830
f 1642 1632 1840
f 1645 1841 1644
f 1646 1831 1634
f 1841 1647 1644
f 1646 1635 1831
f 1640 1648 1833
f 1649 1842 1648
f 1842 1833 1648
f 1842 1835 1833
f 1842 1836 1835
f 1842 1843 1836
f 1843 1837 1836
f 1843 1844 1837
f 1844 1845 1839
f 1844 1839 1837
f 1847 1846 1650
f 1642 1847 1650
f 1840 1847 1642
f 1650 1846 1652
f 1652 1846 1848
f 1652 1848 1654
f 1654 1848 1849
f 1654 1849 1655
f 1655 1849 1850
f 1655 1850 1656
f 1656 1850 1851
f 1656 1851 1645
f 1851 1841 1645
f 1851 1852 1841
f 1852 1657 1841
f 1841 1657 1647
f 1649 1658 1842
f 1842 1658 1843
f 1843 1658 1659
f 1843 1659 1844
f 1844 1659 1660
f 1845 1844 1660
f 1661 1845 1660
f 1853 1845 1661
f 1854 1855 1663
f 1854 1663 1662
f 1847 1854 1846
f 1854 1665 1846
f 1854 1662 1665
f 1666 1856 1665
f 1856 1846 1665
f 1856 1848 1846
f 1856 1858 1857
f 1849 1856 1857
f 1848 1856 1849
f 1859 1850 1849
f 1859 1849 1857
f 1850 1859 1861
f 1860 1850 1861
f 1851 1850 1860
f 1667 1852 1668
f 1852 1860 1668
f 1852 1851 1860
f 1667 1657 1852
f 1863 1862 1864
f 1670 1862 1863
f 1853 1670 1863
f 1661 1670 1853
f 1865 1866 1672
f 1865 1672 1671
f 1671 1663 1865
f 1865 1663 1855
f 1666 1673 1856
f 1858 1856 1673
f 1675 1858 1673
f 1867 1858 1675
f 1677 1676 1860
f 1861 1677 1860
f 1868 1677 1861
f 1676 1668 1860
f 1862 1869 1864
f 1670 1678 1862
f 1678 1869 1862
f 1678 1870 1869
f 1678 1672 1870
f 1870 1672 1866
f 1675 1679 1867
f 1867 1679 1871
f 1679 1872 1871
f 1680 1872 1679
f 1680 1677 1872
f 1872 1677 1868
f 1682 1873 1681
f 1873 1683 1681
f 1682 1684 1873
f 1684 1683 1873
f 1691 1874 1690
f 1690 1874 1692
f 1692 1874 1875
f 1875 1694 1692
f 1697 1876 1696
f 1876 1699 1696
f 1704 1877 1703
f 1703 1877 1691
f 1877 1874 1691
f 1877 1878 1874
f 1878 1880 1879
f 1875 1878 1879
f 1874 1878 1875
f 1705 1694 1875
f 1879 1705 1875
f 1881 1705 1879
f 1882 1705 1881
f 1882 1706 1705
f 1883 1876 1697
f 1706 1883 1697
f 1882 1883 1706
f 1707 1699 1876
f 1883 1707 1876
f 1884 1707 1883
f 1885 1709 1886
f 1709 1884 1886
f 1709 1707 1884
f 1885 1710 1709
f 1713 1887 1712
f 1712 1887 1714
f 1714 1887 1888
f 1890 1889 1888
f 1888 1889 1714
f 1889 1877 1714
f 1877 1704 1714
f 1891 1878 1877
f 1891 1877 1889
f 1891 1880 1878
f 1716 1715 1885
f 1886 1716 1885
f 1892 1716 1886
f 1715 1710 1885
f 1718 1893 1717
f 1717 1893 1713
f 1893 1887 1713
f 1893 1894 1887
f 1894 1896 1895
f 1888 1894 1895
f 1887 1894 1888
f 1895 1890 1888
f 1897 1716 1892
f 1719 1716 1897
f 1893 1718 1898
f 1898 1718 1721
f 1898 1900 1899
f 1894 1898 1899
f 1893 1898 1894
f 1899 1896 1894
f 1902 1901 1722
f 1719 1902 1722
f 1897 1902 1719
f 1901 1723 1722
f 1725 1903 1724
f 1905 1904 1903
f 1903 1904 1724
f 1904 1898 1724
f 1898 1721 1724
f 1904 1900 1898
f 1901 1902 1907
f 1901 1907 1906
f 1906 1727 1901
f 1901 1727 1723
f 1729 1908 1728
f 1910 1909 1908
f 1908 1909 1728
f 1909 1903 1728
f 1903 1725 1728
f 1909 1905 1903
f 1906 1907 1912
f 1906 1912 1911
f 1911 1731 1906
f 1906 1731 1727
f 1908 1729 1913
f 1729 1914 1913
f 1729 1732 1914
f 1913 1910 1908
f 1911 1912 1916
f 1911 1916 1915
f 1731 1911 1733
f 1911 1917 1733
f 1911 1915 1917
f 1917 1734 1733
f 1732 1918 1914
f 1732 1735 1918
f 1919 1915 1916
f 1915 1919 1921
f 1920 1915 1921
f 1917 1915 1920
f 1734 1917 1736
f 1917 1922 1736
f 1917 1920 1922
f 1922 1737 1736
f 1735 1923 1918
f 1735 1738 1923
f 1924 1920 1921
f 1920 1924 1926
f 1925 1920 1926
f 1922 1920 1925
f 1737 1922 1739
f 1922 1927 1739
f 1922 1925 1927
f 1927 1740 1739
f 1738 1928 1923
f 1738 1741 1928
f 1925 1926 1930
f 1925 1930 1929
f 1929 1927 1925
f 1929 1931 1927
f 1931 1743 1927
f 1927 1743 1740
f 1741 1932 1928
f 1741 1744 1932
f 1933 1934 1935
f 1929 1930 1934
f 1933 1929 1934
f 1936 1929 1933
f 1745 1931 1746
f 1931 1936 1746
f 1931 1929 1936
f 1745 1743 1931
f 1938 1932 1937
f 1932 1748 1937
f 1932 1744 1748
f 1937 1939 1938
f 1940 1941 1942
f 1933 1935 1941
f 1940 1933 1941
f 1943 1933 1940
f 1943 1936 1933
f 1943 1944 1936
f 1944 1749 1936
f 1936 1749 1746
f 1937 1748 1945
f 1945 1748 1751
f 1945 1946 1939
f 1945 1939 1937
f 1940 1942 1948
f 1940 1948 1947
f 1947 1943 1940
f 1947 1949 1943
f 1753 1944 1754
f 1944 1949 1754
f 1944 1943 1949
f 1753 1749 1944
f 1751 1756 1945
f 1945 1756 1946
f 1756 1950 1946
f 1756 1758 1950
f 1758 1951 1950
f 1760 1951 1758
f 1760 1761 1952
f 1953 1760 1952
f 1951 1760 1953
f 1954 1955 1953
f 1954 1953 1952
f 1954 1956 1955
f 1947 1948 1958
f 1947 1958 1957
f 1763 1949 1764
f 1949 1957 1764
f 1949 1947 1957
f 1763 1754 1949
f 1761 1767 1952
f 1952 1767 1954
f 1954 1767 1769
f 1954 1769 1956
f 1769 1959 1956
f 1769 1771 1959
f 1771 1772 1960
f 1961 1771 1960
f 1959 1771 1961
f 1962 1963 1961
f 1962 1961 1960
f 1964 1965 1963
f 1964 1963 1962
f 1964 1966 1965
f 1967 1968 1774
f 1967 1774 1773
f 1773 1969 1967
f 1775 1969 1773
f 1958 1969 1957
f 1969 1776 1957
f 1969 1775 1776
f 1764 1957 1776
f 1970 1777 1778
f 1970 1780 1777
f 1772 1784 1960
f 1960 1784 1962
f 1962 1784 1786
f 1962 1786 1964
f 1964 1786 1788
f 1964 1788 1966
f 1788 1971 1966
f 1788 1789 1971
f 1789 1774 1971
f 1971 1774 1968
f 1970 1778 1972
f 1972 1778 1790
f 1780 1970 1791
f 1970 1973 1791
f 1970 1972 1973
f 1973 1792 1791
f 1797 1974 1796
f 1796 1974 1790
f 1974 1972 1790
f 1974 1975 1972
f 1799 1973 1800
f 1973 1975 1800
f 1973 1972 1975
f 1799 1792 1973
f 1802 1976 1801
f 1801 1976 1803
f 1803 1976 1977
f 1803 1977 1804
f 1804 1977 1978
f 1978 1806 1804
f 1797 1809 1974
f 1811 1979 1809
f 1979 1974 1809
f 1979 1975 1974
f 1979 1812 1975
f 1975 1812 1800
f 1976 1802 1980
f 1980 1802 1816
f 1980 1977 1976
f 1980 1981 1977
f 1981 1978 1977
f 1981 1982 1978
f 1982 1818 1978
f 1978 1818 1806
f 1979 1811 1983
f 1983 1811 1819
f 1983 1820 1979
f 1979 1820 1812
f 1825 1984 1824
f 1984 1826 1824
f 1980 1816 1985
f 1985 1816 1828
f 1985 1981 1980
f 1985 1986 1981
f 1986 1988 1987
f 1982 1986 1987
f 1981 1986 1982
f 1989 1829 1990
f 1990 1829 1987
f 1829 1818 1987
f 1818 1982 1987
f 1989 1830 1829
f 1819 1832 1983
f 1832 1820 1983
f 1825 1834 1984
f 1834 1826 1984
f 1828 1838 1985
f 1839 1991 1838
f 1991 1985 1838
f 1991 1986 1985
f 1991 1992 1988
f 1991 1988 1986
f 1989 1990 1994
f 1989 1994 1993
f 1993 1840 1989
f 1989 1840 1830
f 1991 1839 1995
f 1995 1839 1845
f 1996 1997 1992
f 1991 1996 1992
f 1995 1996 1991
f 1993 1994 1997
f 1996 1993 1997
f 1998 1993 1996
f 1998 1847 1993
f 1993 1847 1840
f 1995 1845 1999
f 1845 2000 1999
f 1845 1853 2000
f 2001 1996 1995
f 2001 1995 1999
f 2002 1855 2001
f 1855 1998 2001
f 1998 1996 2001
f 1998 1855 1854
f 1854 1847 1998
f 1858 2003 1857
f 1857 2003 1859
f 1859 2003 2004
f 2004 1861 1859
f 2006 2005 1864
f 1864 2005 1863
f 1853 1863 2005
f 1853 2005 2000
f 2007 1866 1865
f 1865 1855 2007
f 1855 2008 2007
f 1855 2002 2008
f 2003 1858 2009
f 2009 1858 1867
f 2009 2004 2003
f 2009 2010 2004
f 2010 1868 2004
f 2004 1868 1861
f 2011 2012 1869
f 2012 1864 1869
f 2012 2006 1864
f 2011 1869 1870
f 2011 1870 2013
f 2014 2015 2013
f 2014 2013 1870
f 2007 2014 1870
f 1866 2007 1870
f 2008 2014 2007
f 1867 1871 2009
f 2009 1871 2010
f 2010 1871 1872
f 1872 1868 2010
f 2012 2011 2017
f 2017 2011 2016
f 2019 2016 2018
f 2016 2013 2018
f 2016 2011 2013
f 2015 2018 2013
f 2017 2016 2021
f 2021 2016 2020
f 2022 2020 2019
f 2019 2020 2016
f 2021 2020 2024
f 2024 2020 2023
f 2025 2023 2022
f 2022 2023 2020
f 2023 2026 2024
f 2025 2026 2023
f 2028 2027 2029
f 2030 2027 2028
f 2027 2031 2029
f 2030 2031 2027
f 1880 2032 1879
f 1879 2032 1881
f 1881 2032 2033
f 1881 2033 1882
f 1882 2033 2034
f 1882 2034 1883
f 1883 2034 2035
f 1883 2035 1884
f 1884 2035 2036
f 2036 1886 1884
f 1890 2037 1889
f 1889 2037 1891
f 1891 2037 2038
f 2040 2039 2038
f 2038 2039 1891
f 2039 2032 1891
f 2032 1880 1891
f 2041 2033 2032
f 2041 2032 2039
f 2042 2034 2033
f 2042 2033 2041
f 2043 2035 2034
f 2043 2034 2042
f 2035 2043 2045
f 2044 2035 2045
f 2036 2035 2044
f 2044 1892 2036
f 2036 1892 1886
f 1896 2046 1895
f 1895 2046 1890
f 2046 2037 1890
f 2046 2047 2037
f 2047 2049 2048
f 2038 2047 2048
f 2037 2047 2038
f 2048 2040 2038
f 2044 2045 2051
f 2044 2051 2050
f 2050 1897 2044
f 2044 1897 1892
f 1900 2052 1899
f 1899 2052 1896
f 2052 2046 1896
f 2052 2053 2046
f 2053 2047 2046
f 2053 2054 2047
f 2054 2055 2049
f 2054 2049 2047
f 2050 2051 2057
f 2050 2057 2056
f 2056 1902 2050
f 2050 1902 1897
f 1905 2058 1904
f 2060 2059 2058
f 2058 2059 1904
f 2059 2052 1904
f 2052 1900 1904
f 2061 2053 2052
f 2061 2052 2059
f 2062 2054 2053
f 2062 2053 2061
f 2062 2055 2054
f 2056 2057 2064
f 2056 2064 2063
f 2063 1907 2056
f 2056 1907 1902
f 1910 2065 1909
f 2067 2066 2065
f 2065 2066 1909
f 2066 2058 1909
f 2058 1905 1909
f 2066 2060 2058
f 2063 2064 2069
f 2063 2069 2068
f 2068 1912 2063
f 2063 1912 1907
f 1914 2070 1913
f 2072 2071 2070
f 2070 2071 1913
f 2071 2065 1913
f 2065 1910 1913
f 2071 2067 2065
f 2068 2069 2074
f 2068 2074 2073
f 2073 1916 2068
f 2068 1916 1912
f 2070 1914 2075
f 1914 2076 2075
f 1914 1918 2076
f 2075 2072 2070
f 2077 2073 2074
f 2078 1919 2079
f 2079 1919 2077
f 1919 1916 2077
f 1916 2073 2077
f 2078 1921 1919
f 1918 2080 2076
f 1918 1923 2080
f 2078 2079 2082
f 2078 2082 2081
f 1921 2078 1924
f 2078 2083 1924
f 2078 2081 2083
f 2083 1926 1924
f 2085 2080 2084
f 2080 1928 2084
f 2080 1923 1928
f 2084 2086 2085
f 2081 2082 2088
f 2081 2088 2087
f 2087 2083 2081
f 2087 2089 2083
f 2089 1930 2083
f 2083 1930 1926
f 2084 1928 2090
f 1928 2091 2090
f 1928 1932 2091
f 2090 2086 2084
f 2087 2088 2093
f 2087 2093 2092
f 1934 2089 1935
f 2089 2092 1935
f 2089 2087 2092
f 1934 1930 2089
f 1932 1938 2091
f 2091 1938 2094
f 2095 2094 1938
f 2095 1938 1939
f 2096 2097 2098
f 1942 1941 2092
f 1942 2092 2093
f 2096 1942 2093
f 2097 2096 2093
f 1941 1935 2092
f 2100 2095 2099
f 2095 1946 2099
f 2095 1939 1946
f 2101 2102 2100
f 2101 2100 2099
f 2103 2104 2102
f 2103 2102 2101
f 2103 2105 2104
f 2106 2107 2108
f 2096 2098 2107
f 2106 2096 2107
f 2109 2096 2106
f 2109 1948 2096
f 2096 1948 1942
f 1946 1950 2099
f 2099 1950 2101
f 2101 1950 1951
f 2101 1951 2103
f 2103 1951 1953
f 2103 1953 2105
f 1953 2110 2105
f 1953 1955 2110
f 1955 1956 2111
f 2112 1955 2111
f 2110 1955 2112
f 2111 2113 2112
f 2114 2115 2116
f 2114 2117 2115
f 2106 2108 2119
f 2106 2119 2118
f 2118 2109 2106
f 2118 2120 2109
f 2120 1958 2109
f 2109 1958 1948
f 1956 1959 2111
f 2111 1959 2113
f 1959 2121 2113
f 1959 1961 2121
f 2116 2121 2114
f 2121 1963 2114
f 2121 1961 1963
f 2114 1963 2117
f 1963 2122 2117
f 1963 1965 2122
f 2123 2122 1965
f 2123 1965 1966
f 1968 1967 2118
f 2119 1968 2118
f 2124 1968 2119
f 2118 1967 2120
f 2120 1967 1969
f 1969 1958 2120
f 1966 1971 2123
f 2123 1971 2125
f 1971 1968 2125
f 2125 1968 2124
f 1988 2126 1987
f 2126 1990 1987
f 2126 1988 2127
f 2127 1988 1992
f 2127 1994 2126
f 2126 1994 1990
f 1992 1997 2127
f 1997 1994 2127
f 2000 2128 1999
f 2130 2129 2128
f 2129 1999 2128
f 2129 2001 1999
f 2129 2131 2001
f 2001 2131 2002
f 2133 2132 2006
f 2006 2132 2005
f 2134 2128 2000
f 2005 2134 2000
f 2132 2134 2005
f 2134 2130 2128
f 2135 2002 2131
f 2008 2002 2135
f 2006 2136 2133
f 2006 2012 2136
f 2137 2138 2015
f 2137 2015 2014
f 2014 2008 2137
f 2137 2008 2135
f 2012 2139 2136
f 2012 2017 2139
f 2140 2019 2018
f 2018 2015 2140
f 2015 2141 2140
f 2015 2138 2141
f 2143 2139 2142
f 2139 2021 2142
f 2139 2017 2021
f 2144 2143 2142
f 2019 2144 2142
f 2022 2019 2142
f 2144 2019 2140
f 2141 2144 2140
f 2142 2021 2145
f 2145 2021 2024
f 2145 2025 2142
f 2142 2025 2022
f 2024 2026 2145
f 2026 2025 2145
f 2147 2146 2029
f 2029 2146 2028
f 2146 2148 2028
f 2028 2148 2030
f 2029 2031 2147
f 2147 2031 2149
f 2031 2030 2149
f 2149 2030 2148
f 2040 2150 2039
f 2152 2151 2150
f 2151 2039 2150
f 2151 2041 2039
f 2153 2041 2151
f 2153 2042 2041
f 2154 2043 2155
f 2043 2153 2155
f 2043 2042 2153
f 2154 2045 2043
f 2049 2156 2048
f 2048 2156 2040
f 2156 2150 2040
f 2156 2157 2150
f 2157 2158 2152
f 2157 2152 2150
f 2154 2155 2160
f 2154 2160 2159
f 2159 2051 2154
f 2154 2051 2045
f 2156 2049 2161
f 2161 2049 2055
f 2161 2157 2156
f 2161 2162 2157
f 2162 2163 2158
f 2162 2158 2157
f 2159 2160 2165
f 2159 2165 2164
f 2164 2057 2159
f 2159 2057 2051
f 2060 2166 2059
f 2059 2166 2061
f 2061 2166 2167
f 2061 2167 2062
f 2062 2167 2168
f 2062 2168 2055
f 2168 2161 2055
f 2168 2169 2161
f 2169 2171 2170
f 2162 2169 2170
f 2161 2169 2162
f 2170 2163 2162
f 2164 2165 2173
f 2164 2173 2172
f 2172 2064 2164
f 2164 2064 2057
f 2175 2174 2067
f 2067 2174 2066
f 2176 2166 2060
f 2066 2176 2060
f 2174 2176 2066
f 2166 2176 2178
f 2177 2166 2178
f 2167 2166 2177
f 2177 2168 2167
f 2177 2179 2168
f 2179 2169 2168
f 2179 2180 2169
f 2180 2181 2171
f 2180 2171 2169
f 2172 2173 2183
f 2172 2183 2182
f 2182 2069 2172
f 2172 2069 2064
f 2072 2184 2071
f 2067 2071 2184
f 2185 2067 2184
f 2175 2067 2185
f 2186 2177 2178
f 2187 2179 2177
f 2187 2177 2186
f 2188 2180 2179
f 2188 2179 2187
f 2188 2181 2180
f 2182 2183 2190
f 2182 2190 2189
f 2189 2074 2182
f 2182 2074 2069
f 2076 2191 2075
f 2193 2192 2191
f 2191 2192 2075
f 2192 2184 2075
f 2184 2072 2075
f 2192 2185 2184
f 2194 2189 2190
f 2195 2077 2196
f 2196 2077 2194
f 2077 2074 2194
f 2074 2189 2194
f 2195 2079 2077
f 2191 2076 2197
f 2197 2076 2080
f 2198 2199 2193
f 2191 2198 2193
f 2197 2198 2191
f 2198 2200 2199
f 2195 2196 2202
f 2195 2202 2201
f 2201 2082 2195
f 2195 2082 2079
f 2080 2085 2197
f 2086 2203 2085
f 2203 2197 2085
f 2203 2198 2197
f 2204 2205 2200
f 2198 2204 2200
f 2203 2204 2198
f 2204 2206 2205
f 2201 2202 2208
f 2201 2208 2207
f 2207 2088 2201
f 2201 2088 2082
f 2091 2209 2090
f 2090 2209 2086
f 2209 2203 2086
f 2209 2210 2203
f 2210 2204 2203
f 2210 2211 2204
f 2212 2213 2206
f 2204 2212 2206
f 2211 2212 2204
f 2212 2214 2213
f 2207 2208 2216
f 2207 2216 2215
f 2215 2093 2207
f 2207 2093 2088
f 2091 2094 2209
f 2095 2217 2094
f 2217 2209 2094
f 2217 2210 2209
f 2217 2211 2210
f 2217 2218 2211
f 2218 2212 2211
f 2218 2219 2212
f 2220 2221 2214
f 2212 2220 2214
f 2219 2220 2212
f 2220 2222 2221
f 2223 2224 2225
f 2226 2227 2224
f 2226 2224 2223
f 2228 2229 2227
f 2228 2227 2226
f 2098 2097 2215
f 2098 2215 2216
f 2228 2098 2216
f 2229 2228 2216
f 2097 2093 2215
f 2095 2100 2217
f 2217 2100 2218
f 2218 2100 2102
f 2218 2102 2219
f 2219 2102 2104
f 2105 2230 2104
f 2230 2219 2104
f 2230 2220 2219
f 2231 2232 2222
f 2220 2231 2222
f 2230 2231 2220
f 2231 2233 2232
f 2234 2235 2236
f 2223 2225 2235
f 2234 2223 2235
f 2237 2223 2234
f 2237 2226 2223
f 2237 2238 2226
f 2107 2228 2108
f 2228 2238 2108
f 2228 2226 2238
f 2107 2098 2228
f 2105 2110 2230
f 2230 2110 2231
f 2231 2110 2112
f 2113 2239 2112
f 2112 2239 2231
f 2239 2240 2231
f 2240 2233 2231
f 2116 2115 2234
f 2116 2234 2236
f 2239 2116 2236
f 2240 2239 2236
f 2117 2241 2115
f 2241 2234 2115
f 2241 2237 2234
f 2241 2238 2237
f 2241 2242 2238
f 2242 2119 2238
f 2238 2119 2108
f 2113 2121 2239
f 2121 2116 2239
f 2117 2122 2241
f 2123 2243 2122
f 2243 2241 2122
f 2243 2242 2241
f 2243 2124 2242
f 2242 2124 2119
f 2123 2125 2243
f 2125 2124 2243
f 2245 2244 2246
f 2244 2245 2130
f 2245 2129 2130
f 2245 2247 2129
f 2247 2248 2129
f 2129 2248 2131
f 2133 2249 2132
f 2250 2246 2249
f 2246 2134 2249
f 2134 2132 2249
f 2246 2244 2134
f 2130 2134 2244
f 2251 2131 2248
f 2135 2131 2251
f 2249 2133 2252
f 2252 2133 2136
f 2252 2253 2250
f 2252 2250 2249
f 2254 2255 2138
f 2254 2138 2137
f 2137 2135 2254
f 2254 2135 2251
f 2252 2136 2256
f 2256 2136 2139
f 2257 2258 2253
f 2252 2257 2253
f 2256 2257 2252
f 2257 2141 2258
f 2141 2255 2258
f 2141 2138 2255
f 2139 2143 2256
f 2256 2143 2257
f 2257 2143 2144
f 2144 2141 2257
f 2147 2259 2146
f 2259 2148 2146
f 2147 2149 2259
f 2149 2148 2259
f 2152 2260 2151
f 2151 2260 2153
f 2153 2260 2261
f 2261 2155 2153
f 2260 2152 2262
f 2262 2152 2158
f 2262 2261 2260
f 2262 2263 2261
f 2263 2160 2261
f 2261 2160 2155
f 2262 2158 2264
f 2264 2158 2163
f 2264 2263 2262
f 2264 2265 2263
f 2265 2165 2263
f 2263 2165 2160
f 2171 2266 2170
f 2268 2267 2266
f 2266 2267 2170
f 2267 2264 2170
f 2264 2163 2170
f 2264 2267 2270
f 2269 2264 2270
f 2265 2264 2269
f 2269 2173 2265
f 2265 2173 2165
f 2175 2271 2174
f 2174 2271 2176
f 2176 2271 2272
f 2272 2178 2176
f 2266 2171 2273
f 2171 2274 2273
f 2171 2181 2274
f 2273 2268 2266
f 2269 2270 2276
f 2269 2276 2275
f 2275 2183 2269
f 2269 2183 2173
f 2271 2175 2277
f 2277 2175 2185
f 2277 2272 2271
f 2277 2278 2272
f 2178 2272 2186
f 2272 2279 2186
f 2272 2278 2279
f 2186 2279 2187
f 2187 2279 2280
f 2282 2281 2280
f 2281 2187 2280
f 2281 2188 2187
f 2181 2188 2281
f 2181 2281 2274
f 2283 2275 2276
f 2283 2284 2275
f 2284 2183 2275
f 2284 2190 2183
f 2193 2285 2192
f 2192 2285 2185
f 2285 2277 2185
f 2285 2286 2277
f 2286 2278 2277
f 2286 2287 2278
f 2287 2279 2278
f 2287 2288 2279
f 2288 2290 2289
f 2280 2288 2289
f 2279 2288 2280
f 2289 2282 2280
f 2292 2291 2194
f 2190 2292 2194
f 2284 2292 2190
f 2291 2196 2194
f 2193 2199 2285
f 2200 2293 2199
f 2293 2285 2199
f 2293 2286 2285
f 2293 2295 2294
f 2287 2293 2294
f 2286 2293 2287
f 2296 2288 2287
f 2296 2287 2294
f 2296 2290 2288
f 2297 2291 2292
f 2297 2298 2291
f 2298 2196 2291
f 2298 2202 2196
f 2200 2205 2293
f 2206 2299 2205
f 2205 2299 2293
f 2299 2300 2293
f 2300 2295 2293
f 2299 2301 2300
f 2302 2202 2298
f 2208 2202 2302
f 2206 2213 2299
f 2214 2303 2213
f 2213 2303 2299
f 2303 2304 2299
f 2304 2301 2299
f 2303 2305 2304
f 2306 2307 2308
f 2309 2310 2307
f 2309 2307 2306
f 2311 2312 2310
f 2311 2310 2309
f 2311 2216 2312
f 2216 2302 2312
f 2216 2208 2302
f 2214 2221 2303
f 2305 2303 2221
f 2222 2305 2221
f 2313 2305 2222
f 2314 2315 2316
f 2225 2224 2306
f 2225 2306 2308
f 2314 2225 2308
f 2315 2314 2308
f 2306 2224 2309
f 2309 2224 2227
f 2309 2227 2311
f 2311 2227 2229
f 2229 2216 2311
f 2222 2232 2313
f 2313 2232 2317
f 2232 2233 2318
f 2319 2232 2318
f 2317 2232 2319
f 2236 2235 2314
f 2236 2314 2316
f 2318 2236 2316
f 2319 2318 2316
f 2235 2225 2314
f 2321 2320 2322
f 2320 2321 2323
f 2321 2324 2323
f 2233 2240 2318
f 2240 2236 2318
f 2325 2323 2324
f 2320 2326 2322
f 2323 2327 2320
f 2320 2327 2326
f 2325 2327 2323
f 2329 2328 2330
f 2331 2328 2329
f 2333 2332 2334
f 2330 2328 2333
f 2328 2332 2333
f 2328 2335 2332
f 2336 2335 2331
f 2331 2335 2328
f 2334 2332 2338
f 2338 2332 2337
f 2335 2337 2332
f 2339 2337 2335
f 2340 2339 2336
f 2336 2339 2335
f 2338 2337 2342
f 2342 2337 2341
f 2344 2341 2343
f 2341 2339 2343
f 2341 2337 2339
f 2340 2343 2339
f 2341 2345 2342
f 2344 2345 2341
f 2246 2346 2245
f 2245 2346 2247
f 2247 2346 2347
f 2347 2248 2247
f 2346 2246 2348
f 2348 2246 2250
f 2348 2347 2346
f 2348 2349 2347
f 2349 2251 2347
f 2347 2251 2248
f 2348 2250 2350
f 2350 2250 2253
f 2254 2349 2255
f 2349 2350 2255
f 2349 2348 2350
f 2254 2251 2349
f 2253 2258 2350
f 2258 2255 2350
f 2268 2351 2267
f 2351 2270 2267
f 2274 2352 2273
f 2354 2353 2352
f 2352 2353 2273
f 2353 2351 2273
f 2351 2268 2273
f 2353 2355 2351
f 2355 2270 2351
f 2355 2276 2270
f 2282 2356 2281
f 2281 2356 2274
f 2356 2352 2274
f 2356 2357 2352
f 2357 2358 2354
f 2357 2354 2352
f 2360 2359 2283
f 2276 2360 2283
f 2355 2360 2276
f 2359 2284 2283
f 2290 2361 2289
f 2289 2361 2282
f 2361 2356 2282
f 2361 2362 2356
f 2362 2364 2363
f 2357 2362 2363
f 2356 2362 2357
f 2363 2358 2357
f 2365 2359 2360
f 2365 2366 2359
f 2366 2284 2359
f 2366 2292 2284
f 2295 2367 2294
f 2294 2367 2296
f 2296 2367 2368
f 2296 2368 2290
f 2368 2361 2290
f 2368 2369 2361
f 2369 2362 2361
f 2369 2370 2362
f 2370 2371 2364
f 2370 2364 2362
f 2372 2373 2374
f 2372 2375 2373
f 2375 2292 2373
f 2292 2366 2373
f 2375 2297 2292
f 2375 2298 2297
f 2295 2300 2367
f 2301 2376 2300
f 2376 2367 2300
f 2376 2368 2367
f 2376 2369 2368
f 2376 2377 2369
f 2377 2379 2378
f 2370 2377 2378
f 2369 2377 2370
f 2370 2378 2382
f 2380 2370 2382
f 2370 2381 2371
f 2370 2380 2381
f 2383 2384 2381
f 2383 2381 2380
f 2372 2374 2384
f 2383 2372 2384
f 2385 2372 2383
f 2385 2375 2372
f 2385 2386 2375
f 2386 2302 2375
f 2375 2302 2298
f 2301 2304 2376
f 2305 2387 2304
f 2387 2376 2304
f 2387 2377 2376
f 2387 2388 2379
f 2387 2379 2377
f 2380 2382 2390
f 2380 2390 2389
f 2307 2383 2308
f 2383 2389 2308
f 2383 2380 2389
f 2383 2307 2385
f 2385 2307 2310
f 2385 2310 2386
f 2386 2310 2312
f 2312 2302 2386
f 2387 2305 2391
f 2391 2305 2313
f 2392 2393 2388
f 2387 2392 2388
f 2391 2392 2387
f 2316 2315 2389
f 2316 2389 2390
f 2392 2316 2390
f 2393 2392 2390
f 2315 2308 2389
f 2313 2317 2391
f 2391 2317 2392
f 2392 2317 2319
f 2319 2316 2392
f 2322 2394 2321
f 2321 2394 2324
f 2324 2394 2395
f 2395 2325 2324
f 2396 2398 2397
f 2322 2326 2394
f 2400 2396 2397
f 2399 2396 2400
f 2395 2394 2326
f 2327 2395 2326
f 2327 2325 2395
f 2401 2399 2400
f 2398 2396 2403
f 2403 2396 2402
f 2399 2402 2396
f 2404 2402 2399
f 2405 2404 2401
f 2401 2404 2399
f 2403 2402 2407
f 2407 2402 2406
f 2404 2406 2402
f 2408 2406 2404
f 2409 2408 2405
f 2405 2408 2404
f 2329 2330 2406
f 2330 2407 2406
f 2330 2410 2407
f 2406 2408 2411
f 2331 2406 2411
f 2412 2331 2411
f 2329 2406 2331
f 2409 2411 2408
f 2414 2413 2334
f 2334 2413 2333
f 2330 2333 2413
f 2330 2413 2410
f 2415 2331 2412
f 2336 2331 2415
f 2334 2416 2414
f 2334 2338 2416
f 2417 2336 2415
f 2340 2336 2417
f 2338 2418 2416
f 2338 2342 2418
f 2419 2420 2344
f 2419 2344 2343
f 2343 2340 2419
f 2419 2340 2417
f 2342 2345 2418
f 2418 2345 2421
f 2345 2344 2421
f 2421 2344 2420
f 2423 2422 2424
f 2425 2422 2423
f 2424 2422 2427
f 2427 2422 2426
f 2428 2426 2425
f 2425 2426 2422
f 2426 2429 2427
f 2428 2429 2426
f 2354 2430 2353
f 2430 2355 2353
f 2430 2354 2431
f 2431 2354 2358
f 2431 2360 2430
f 2430 2360 2355
f 2364 2432 2363
f 2363 2432 2358
f 2432 2431 2358
f 2432 2433 2431
f 2360 2431 2365
f 2431 2434 2365
f 2431 2433 2434
f 2434 2366 2365
f 2432 2364 2435
f 2435 2364 2371
f 2435 2433 2432
f 2435 2436 2433
f 2373 2434 2374
f 2434 2436 2374
f 2434 2433 2436
f 2373 2366 2434
f 2379 2437 2378
f 2381 2435 2371
f 2437 2382 2378
f 2435 2381 2436
f 2436 2381 2384
f 2384 2374 2436
f 2437 2379 2438
f 2438 2379 2388
f 2438 2390 2437
f 2437 2390 2382
f 2388 2393 2438
f 2393 2390 2438
f 2440 2439 2441
f 2442 2439 2440
f 2444 2443 2398
f 2398 2443 2397
f 2443 2441 2439
f 2400 2443 2439
f 2397 2443 2400
f 2439 2442 2400
f 2442 2401 2400
f 2442 2445 2401
f 2398 2446 2444
f 2398 2403 2446
f 2447 2448 2449
f 2447 2405 2448
f 2405 2445 2448
f 2405 2401 2445
f 2451 2446 2450
f 2446 2407 2450
f 2446 2403 2407
f 2447 2449 2451
f 2450 2447 2451
f 2452 2447 2450
f 2452 2409 2447
f 2447 2409 2405
f 2450 2407 2453
f 2453 2407 2410
f 2411 2452 2412
f 2452 2453 2412
f 2452 2450 2453
f 2411 2409 2452
f 2414 2454 2413
f 2413 2454 2410
f 2454 2453 2410
f 2454 2455 2453
f 2455 2415 2453
f 2453 2415 2412
f 2454 2414 2456
f 2456 2414 2416
f 2456 2455 2454
f 2456 2457 2455
f 2457 2417 2455
f 2455 2417 2415
f 2456 2416 2458
f 2458 2416 2418
f 2419 2457 2420
f 2457 2458 2420
f 2457 2456 2458
f 2419 2417 2457
f 2418 2421 2458
f 2421 2420 2458
f 2424 2459 2423
f 2459 2425 2423
f 2459 2424 2460
f 2460 2424 2427
f 2460 2428 2459
f 2459 2428 2425
f 2427 2429 2460
f 2429 2428 2460
f 2462 2461 2463
f 2464 2461 2462
f 2461 2465 2463
f 2464 2465 2461
f 2467 2466 2468
f 2469 2466 2467
f 2466 2470 2468
f 2469 2470 2466
f 2472 2471 2441
f 2441 2471 2440
f 2471 2473 2440
f 2440 2473 2442
f 2444 2474 2443
f 2472 2441 2476
f 2441 2474 2476
f 2474 2475 2476
f 2474 2441 2443
f 2475 2445 2476
f 2445 2473 2476
f 2445 2442 2473
f 2474 2444 2477
f 2477 2444 2446
f 2448 2475 2449
f 2475 2477 2449
f 2475 2474 2477
f 2448 2445 2475
f 2446 2451 2477
f 2451 2449 2477
f 2479 2478 2480
f 2481 2478 2479
f 2478 2482 2480
f 2481 2482 2478
f 2463 2483 2462
f 2483 2464 2462
f 2463 2465 2483
f 2465 2464 2483
f 2468 2484 2467
f 2484 2469 2467
f 2485 2487 2486
f 2468 2470 2484
f 2470 2469 2484
f 2488 2485 2486
f 2485 2489 2487
f 2488 2489 2485
f 2472 2490 2471
f 2490 2473 2471
f 2472 2476 2490
f 2476 2473 2490
f 2480 2491 2479
f 2491 2481 2479
f 2480 2482 2491
f 2482 2481 2491
f 2493 2492 2487
f 2487 2492 2486
f 2492 2494 2486
f 2486 2494 2488
f 2487 2489 2493
f 2493 2489 2495
f 2489 2488 2495
f 2495 2488 2494
f 2493 2496 2492
f 2496 2494 2492
f 2493 2495 2496
f 2495 2494 2496
f 2498 2497 2499
f 2500 2497 2498
f 2497 2501 2499
f 2500 2501 2497
f 2499 2502 2498
f 2502 2500 2498
f 2499 2501 2502
f 2501 2500 2502

