# https://github.com/mikedh/trimesh
v -0.38597500 -0.93971493 -0.93971977
v -0.38509303 -0.93972616 -0.93971977
v -0.38509303 -0.93971493 -0.93973101
v -0.38509303 -0.93971493 -0.93891503
v -0.38509303 -0.93852303 -0.93971977
v -0.38401808 -0.93971493 -0.93971977
v -0.32415253 -0.20026657 0.93972158
v -0.32347375 -0.20105219 0.93972158
v -0.32347375 -0.20026657 0.93871741
v -0.32347375 -0.20026657 0.93973736
v -0.32347375 -0.19858093 0.93972158
v -0.31608308 -0.20026657 0.93972158
v -0.26636834 -0.53918040 -0.10783590
v -0.26185448 -0.55157559 -0.10783590
v -0.26185448 -0.53918040 -0.11632262
v -0.26710984 -0.53918040 -0.07702538
v -0.26185448 -0.54595070 -0.07702538
v -0.26185448 -0.53918040 -0.07044065
v -0.26185448 -0.52952876 -0.10783590
v -0.27280020 -0.50837005 -0.07702538
v -0.26185448 -0.50837005 -0.08852295
v -0.26185448 -0.50837005 -0.06761649
v -0.26185448 -0.49980481 -0.07702538
v -0.25364491 -0.53918040 -0.10783590
v -0.25361518 -0.53918040 -0.07702538
v -0.23104484 -0.51799922 -0.07702538
v -0.23104484 -0.50837005 -0.08725727
v -0.23104484 -0.50837005 -0.06734030
v -0.23104484 -0.49945423 -0.07702538
v -0.21719546 -0.50837005 -0.07702538
v -0.14134150 -0.72404249 -0.13864641
v -0.13861593 -0.72624370 -0.13864641
v -0.13861593 -0.72404249 -0.14484847
v -0.13861593 -0.72404249 -0.13575735
v -0.13861593 -0.72066514 -0.13864641
v -0.14899433 -0.47755970 -0.04621487
v -0.13861593 -0.48060766 -0.04621487
v -0.13861593 -0.47755970 -0.04778814
v -0.13861593 -0.47755970 -0.04436962
v -0.13861593 -0.47312007 -0.04621487
v -0.14012350 -0.13864587 0.04621667
v -0.13861593 -0.14064909 0.04621667
v -0.13861593 -0.13864587 0.04326484
v -0.13861593 -0.13864587 0.04799035
v -0.13861593 -0.12972437 0.04621667
v -0.14322036 -0.07702518 0.07702719
v -0.13861593 -0.08630724 0.07702719
v -0.13861593 -0.07702518 0.05742206
v -0.13861593 -0.07702518 0.08942441
v -0.13861593 -0.05125465 0.07702719
v -0.14619704 -0.01540448 0.35432181
v -0.13861593 -0.01881672 0.35432181
v -0.13861593 -0.01540448 0.34815407
v -0.13861593 -0.01540448 0.36416541
v -0.13861593 0.00045118 0.35432181
v -0.11635260 -0.75485284 -0.04621487
v -0.10780629 -0.76856246 -0.04621487
v -0.10780629 -0.75485284 -0.06248554
v -0.11827053 -0.75485284 -0.01540435
v -0.10780629 -0.76783961 -0.01540435
v -0.10780629 -0.75485284 0.01349554
v -0.10780629 -0.73401828 -0.13864641
v -0.10780629 -0.72404249 -0.16607766
v -0.10780629 -0.72404249 -0.12534599
v -0.11028720 -0.72404249 -0.04621487
v -0.10780629 -0.72404249 -0.05778944
v -0.13144164 -0.72404249 -0.01540435
v -0.11549020 -0.72404249 0.01540616
v -0.10780629 -0.75234892 0.01540616
v -0.10780629 -0.72404249 0.02296444
v -0.10780629 -0.71452570 -0.13864641
v -0.10780629 -0.71893071 -0.04621487
v -0.11811605 -0.69323214 -0.01540435
v -0.10780629 -0.69323214 -0.02910307
v -0.10780629 -0.69585165 0.01540616
v -0.10780629 -0.69323214 0.01382302
v -0.10780629 -0.68616321 -0.01540435
v -0.12983329 -0.47755970 -0.04621487
v -0.12989997 -0.38512866 0.01540616
v -0.10780629 -0.40252958 0.01540616
v -0.10780629 -0.38512866 -0.01218411
v -0.10780629 -0.38512866 0.02906315
v -0.13200638 -0.35431831 -0.01540435
v -0.10780629 -0.38299083 -0.01540435
v -0.10780629 -0.35431831 -0.03611396
v -0.12192506 -0.35431831 0.01540616
v -0.10780629 -0.35431831 0.02240797
v -0.12455888 -0.32350796 -0.01540435
v -0.10780629 -0.32350796 -0.03447698
v -0.11713751 -0.32350796 0.01540616
v -0.10780629 -0.32350796 0.02358764
v -0.10945889 -0.29269761 -0.04621487
v -0.10780629 -0.29700467 -0.04621487
v -0.10780629 -0.29269761 -0.04836084
v -0.11983087 -0.29269761 -0.01540435
v -0.11224479 -0.29269761 0.01540616
v -0.10780629 -0.29269761 0.02050302
v -0.10780629 -0.28550559 -0.04621487
v -0.11649039 -0.26188727 -0.01540435
v -0.10780629 -0.26188727 -0.03620119
v -0.10780629 -0.26839430 0.01540616
v -0.10780629 -0.26188727 0.01190568
v -0.11856162 -0.23107692 -0.01540435
v -0.10780629 -0.23107692 -0.03409253
v -0.11519534 -0.23107692 0.01540616
v -0.10780629 -0.25750453 0.01540616
v -0.10780629 -0.23107692 0.02526423
v -0.11096692 -0.20026657 -0.04621487
v -0.10780629 -0.20838972 -0.04621487
v -0.10780629 -0.20026657 -0.05124140
v -0.12546757 -0.20026657 -0.01540435
v -0.12047047 -0.20026657 0.01540616
v -0.10780629 -0.20026657 0.03506131
v -0.11875804 -0.16945622 -0.04621487
v -0.10780629 -0.16945622 -0.06815554
v -0.13199872 -0.16945622 -0.01540435
v -0.12516205 -0.16945622 0.01540616
v -0.11679434 -0.16945622 0.04621667
v -0.10780629 -0.18411592 0.04621667
v -0.10780629 -0.16945622 0.05460307
v -0.11802226 -0.13864587 -0.07702538
v -0.10780629 -0.16078340 -0.07702538
v -0.10780629 -0.13864587 -0.09033761
v -0.11421438 -0.13864587 -0.04621487
v -0.10780629 -0.14768889 -0.01540435
v -0.10780629 -0.13864587 -0.03829228
v -0.10780629 -0.14613711 0.01540616
v -0.10780629 -0.13864587 0.04581408
v -0.10780629 -0.13864587 0.04645304
v -0.11353627 -0.10783552 -0.07702538
v -0.10780629 -0.10783552 -0.08680332
v -0.10780629 -0.13360780 -0.04621487
v -0.10780629 -0.10783552 -0.07136578
v -0.10780629 -0.13843483 0.04621667
v -0.10780629 -0.09513692 -0.07702538
v -0.10780629 -0.09273505 0.07702719
v -0.10780629 -0.07702518 0.06828643
v -0.10780629 -0.07702518 0.08919449
v -0.11095616 -0.04621483 0.04621667
v -0.10780629 -0.05606784 0.04621667
v -0.10780629 -0.04621483 0.03969040
v -0.11197883 -0.04621483 0.07702719
v -0.10780629 -0.04621483 0.07750910
v -0.11077274 -0.01540448 -0.01540435
v -0.10780629 -0.02052189 -0.01540435
v -0.10780629 -0.01540448 -0.02297845
v -0.11731451 -0.01540448 0.01540616
v -0.10780629 -0.03320232 0.01540616
v -0.11582059 -0.01540448 0.04621667
v -0.10780629 -0.04578449 0.07702719
v -0.10780629 -0.01540448 0.05826647
v -0.11418054 -0.01540448 0.32351130
v -0.10780629 -0.02406997 0.32351130
v -0.10780629 -0.01540448 0.31614978
v -0.10780629 -0.02884482 0.35432181
v -0.10780629 -0.01540448 0.36212948
v -0.10951503 0.01540587 -0.04621487
v -0.10780629 0.01246875 -0.04621487
v -0.10780629 0.01540587 -0.04728772
v -0.12063032 0.01540587 -0.01540435
v -0.12183101 0.01540587 0.01540616
v -0.10780629 0.01272204 0.04621667
v -0.10780629 0.01540587 0.04522223
v -0.10780629 0.01073506 0.32351130
v -0.10780629 0.00585587 0.35432181
v -0.10780629 0.01973181 -0.04621487
v -0.12421097 0.04621622 -0.01540435
v -0.10780629 0.04621622 -0.03525429
v -0.12674755 0.04621622 0.01540616
v -0.12148663 0.04621622 0.04621667
v -0.10780629 0.01691079 0.04621667
v -0.10780629 0.04621622 0.07615913
v -0.13311611 0.07702657 -0.01540435
v -0.10780629 0.07702657 -0.02827491
v -0.13072222 0.07702657 0.01540616
v -0.13312689 0.07702657 0.04621667
v -0.10780629 0.07702657 0.06488969
v -0.10780629 0.10633013 -0.01540435
v -0.10780629 0.10031654 0.01540616
v -0.10780629 0.10126906 0.04621667
v -0.13456104 0.23107831 -0.04621487
v -0.10780629 0.21032448 -0.04621487
v -0.10780629 0.23107831 -0.05476832
v -0.10780629 0.23107831 -0.02834274
v -0.10780629 0.25359698 -0.04621487
v -0.11036324 0.32350935 0.07702719
v -0.10780629 0.32128813 0.07702719
v -0.10780629 0.32350935 0.07385007
v -0.10780629 0.32350935 0.07894596
v -0.10780629 0.32587646 0.07702719
v -0.08658513 -0.93971493 0.01540616
v -0.07699666 -0.93978869 0.01540616
v -0.07699666 -0.93971493 -0.00949999
v -0.07878650 -0.93971493 0.04621667
v -0.07699666 -0.93974229 0.04621667
v -0.07699666 -0.93971493 0.05645111
v -0.07991629 -0.90890458 -0.01540435
v -0.07699666 -0.93383336 -0.01540435
v -0.07699666 -0.90890458 -0.01945813
v -0.08581940 -0.90890458 0.01540616
v -0.08460148 -0.90890458 0.04621667
v -0.07699666 -0.90890458 0.05727112
v -0.07751926 -0.87809423 -0.01540435
v -0.07699666 -0.87809423 -0.01639396
v -0.08609581 -0.87809423 0.01540616
v -0.08286131 -0.87809423 0.04621667
v -0.07699666 -0.87809423 0.05425704
v -0.07699666 -0.87641039 -0.01540435
v -0.07699666 -0.86419492 0.01540616
v -0.08034102 -0.84728389 0.04621667
v -0.07699666 -0.84728389 0.04105838
v -0.07699666 -0.84728389 0.05085984
v -0.07699666 -0.82869854 0.04621667
v -0.09407252 -0.78566319 0.04621667
v -0.07699666 -0.81160144 0.04621667
v -0.07699666 -0.78566319 0.02833710
v -0.08109888 -0.78566319 0.07702719
v -0.07699666 -0.79773301 0.07702719
v -0.07699666 -0.78566319 0.08087017
v -0.09134305 -0.75485284 -0.07702538
v -0.07699666 -0.76159797 -0.07702538
v -0.07699666 -0.75485284 -0.08179472
v -0.07699666 -0.77603249 -0.04621487
v -0.08707504 -0.75485284 -0.01540435
v -0.07699666 -0.75485284 -0.02189014
v -0.08199312 -0.75485284 0.04621667
v -0.07699666 -0.75485284 0.03232142
v -0.08371213 -0.75485284 0.07702719
v -0.07699666 -0.75485284 0.08626030
v -0.07699666 -0.72896674 -0.13864641
v -0.07699666 -0.72404249 -0.16364331
v -0.07699666 -0.72404249 -0.11792426
v -0.07699666 -0.74269261 -0.07702538
v -0.07699666 -0.72404249 -0.07152663
v -0.07699666 -0.75096645 -0.01540435
v -0.07699666 -0.73561365 0.01540616
v -0.08700593 -0.72404249 0.04621667
v -0.07699666 -0.74823626 0.07702719
v -0.07699666 -0.72404249 0.05448312
v -0.07699666 -0.71380812 -0.13864641
v -0.08342456 -0.69323214 -0.10783590
v -0.07699666 -0.71421395 -0.10783590
v -0.07699666 -0.69323214 -0.11833545
v -0.08796040 -0.69323214 -0.07702538
v -0.07699666 -0.71228571 -0.07702538
v -0.09653536 -0.69323214 -0.04621487
v -0.10617921 -0.69323214 0.01540616
v -0.07699666 -0.71462868 0.04621667
v -0.07699666 -0.69323214 0.02561186
v -0.07699666 -0.68859674 -0.10783590
v -0.07699666 -0.68249809 -0.07702538
v -0.07699666 -0.67430278 -0.04621487
v -0.07699666 -0.66446112 -0.01540435
v -0.07699666 -0.68161733 0.01540616
v -0.08784025 -0.41593901 0.01540616
v -0.07699666 -0.42876267 0.01540616
v -0.07699666 -0.41593901 0.00548784
v -0.07699666 -0.41593901 0.02996530
v -0.10059831 -0.38512866 -0.01540435
v -0.07699666 -0.39444602 -0.01540435
v -0.07699666 -0.38512866 -0.02611582
v -0.08763556 -0.38512866 0.04621667
v -0.07699666 -0.40319735 0.04621667
v -0.07699666 -0.38512866 0.05691300
v -0.07699666 -0.35431831 -0.04184720
v -0.08115358 -0.35431831 0.04621667
v -0.07699666 -0.35431831 0.04960072
v -0.08918608 -0.32350796 -0.04621487
v -0.07699666 -0.34099630 -0.04621487
v -0.07699666 -0.32350796 -0.05144129
v -0.07703446 -0.32350796 0.04621667
v -0.07699666 -0.32350796 0.04624611
v -0.07699666 -0.29269761 -0.06225243
v -0.07699666 -0.32325491 0.04621667
v -0.07699666 -0.29269761 0.04294183
v -0.10267454 -0.26188727 -0.04621487
v -0.07699666 -0.26188727 -0.06996710
v -0.10653481 -0.26188727 0.01540616
v -0.07767267 -0.26188727 0.04621667
v -0.07699666 -0.26600239 0.04621667
v -0.07699666 -0.26188727 0.04673984
v -0.09918096 -0.23107692 -0.04621487
v -0.07699666 -0.23107692 -0.07306528
v -0.08413018 -0.23107692 0.04621667
v -0.07699666 -0.23107692 0.05195538
v -0.07699666 -0.20026657 -0.07273566
v -0.09741141 -0.20026657 0.04621667
v -0.07699666 -0.20026657 0.06380387
v -0.09677491 -0.16945622 -0.07702538
v -0.07699666 -0.18797799 -0.07702538
v -0.07699666 -0.16945622 -0.08243460
v -0.08094798 -0.16945622 0.07702719
v -0.07699666 -0.17545568 0.07702719
v -0.07699666 -0.16945622 0.08035673
v -0.07699666 -0.13864587 -0.09234811
v -0.09353402 -0.13864587 -0.01540435
v -0.10010974 -0.13864587 0.01540616
v -0.08323828 -0.13864587 0.07702719
v -0.07699666 -0.13864587 0.08091210
v -0.07699666 -0.10783552 -0.09686025
v -0.07699666 -0.11576817 -0.04621487
v -0.07699666 -0.10783552 -0.05626536
v -0.07699666 -0.12638077 -0.01540435
v -0.07699666 -0.11620826 0.01540616
v -0.07699666 -0.11457850 0.04621667
v -0.07699666 -0.13556046 0.07702719
v -0.09100064 -0.07702518 -0.07702538
v -0.07699666 -0.07702518 -0.08676362
v -0.07699666 -0.07702518 -0.04627230
v -0.08839826 -0.07702518 0.04621667
v -0.07699666 -0.08571108 0.04621667
v -0.07699666 -0.07702518 0.03834430
v -0.10380511 -0.07702518 0.07702719
v -0.07699666 -0.07702518 0.05180131
v -0.07949957 -0.04621483 -0.07702538
v -0.07699666 -0.04621483 -0.07835837
v -0.09626843 -0.04621483 -0.04621487
v -0.07699666 -0.07701421 -0.04621487
v -0.08189587 -0.04621483 -0.01540435
v -0.07699666 -0.05453616 -0.01540435
v -0.09762704 -0.04621483 0.01540616
v -0.07699666 -0.06699355 0.01540616
v -0.07699666 -0.05130977 0.07702719
v -0.07699666 -0.04621483 0.08199299
v -0.09026785 -0.04621483 0.35432181
v -0.07699666 -0.05801599 0.35432181
v -0.07699666 -0.04621483 0.34409964
v -0.07699666 -0.04621483 0.35942357
v -0.07699666 -0.04355132 -0.07702538
v -0.08901590 -0.01540448 -0.04621487
v -0.07699666 -0.01540448 -0.05722289
v -0.07699666 -0.04191079 0.07702719
v -0.07699666 -0.01540448 0.06161048
v -0.10077698 -0.01540448 0.32351130
v -0.08796929 -0.01540448 0.35432181
v -0.07699666 -0.02653552 0.35432181
v -0.07699666 0.01540587 -0.05392602
v -0.10707507 0.01540587 0.04621667
v -0.07699666 0.01540587 0.07583593
v -0.08168120 0.04621622 -0.04621487
v -0.07699666 0.04621622 -0.04735655
v -0.10674833 0.04621622 0.07702719
v -0.07699666 0.01831353 0.07702719
v -0.07699666 0.04621622 0.09035178
v -0.07699666 0.05219483 -0.04621487
v -0.07699666 0.07702657 -0.04125914
v -0.07851766 0.07702657 0.07702719
v -0.07699666 0.07702657 0.07761727
v -0.10685650 0.10783691 -0.01540435
v -0.07699666 0.10783691 -0.03907866
v -0.09735169 0.10783691 0.01540616
v -0.09570498 0.10783691 0.04621667
v -0.07699666 0.08708882 0.07702719
v -0.07699666 0.10783691 0.07263669
v -0.07702551 0.13864726 -0.01540435
v -0.07699666 0.13864726 -0.01560626
v -0.07699666 0.12847144 0.01540616
v -0.07699666 0.13864726 -0.01520902
v -0.07699666 0.12307305 0.04621667
v -0.07710824 0.16945761 -0.04621487
v -0.07699666 0.16896897 -0.04621487
v -0.07699666 0.16945761 -0.04627794
v -0.07748965 0.16945761 -0.01540435
v -0.07699666 0.16945761 -0.01362653
v -0.09939516 0.20026796 -0.04621487
v -0.07699666 0.20026796 -0.05635014
v -0.07740789 0.20026796 -0.01540435
v -0.07699666 0.20026796 -0.01305018
v -0.07699666 0.23107831 -0.06604466
v -0.09375478 0.23107831 -0.01540435
v -0.07699666 0.23107831 0.00350780
v -0.08965588 0.26188866 -0.07702538
v -0.07699666 0.24858949 -0.07702538
v -0.07699666 0.26188866 -0.08474388
v -0.10214583 0.26188866 -0.04621487
v -0.08105523 0.26188866 -0.01540435
v -0.07699666 0.26188866 -0.00993949
v -0.09084266 0.29269900 -0.07702538
v -0.07699666 0.29269900 -0.09469282
v -0.10464949 0.29269900 -0.04621487
v -0.07699666 0.28822963 -0.01540435
v -0.07699666 0.29269900 -0.01673164
v -0.08883510 0.32350935 -0.07702538
v -0.07699666 0.32350935 -0.08994067
v -0.10159003 0.32350935 -0.04621487
v -0.08500431 0.32350935 -0.01540435
v -0.07699666 0.29432794 -0.01540435
v -0.07699666 0.32350935 0.00785902
v -0.08370224 0.32350935 0.04621667
v -0.07699666 0.31776950 0.04621667
v -0.07699666 0.32350935 0.02856676
v -0.07699666 0.30625594 0.07702719
v -0.07699666 0.32350935 0.08637731
v -0.08326410 0.35431970 -0.07702538
v -0.07699666 0.35431970 -0.08553267
v -0.09317770 0.35431970 -0.04621487
v -0.09443036 0.35431970 -0.01540435
v -0.08642659 0.35431970 0.01540616
v -0.07699666 0.33504142 0.01540616
v -0.07699666 0.33372677 0.04621667
v -0.07699666 0.35431970 0.02717984
v -0.07699666 0.33425663 0.07702719
v -0.07699666 0.37693888 -0.07702538
v -0.08737310 0.38513005 -0.04621487
v -0.07699666 0.38513005 -0.07267547
v -0.08612221 0.38513005 -0.01540435
v -0.08164754 0.38513005 0.01540616
v -0.07699666 0.38513005 0.02558059
v -0.08092170 0.41594040 -0.04621487
v -0.07699666 0.41594040 -0.06816715
v -0.08232380 0.41594040 -0.01540435
v -0.07699666 0.41253632 0.01540616
v -0.07699666 0.41594040 0.01320248
v -0.07699666 0.44060234 -0.04621487
v -0.07699666 0.44112449 -0.01540435
v -0.08572526 0.63161284 -0.04621487
v -0.07699666 0.60199502 -0.04621487
v -0.07699666 0.63161284 -0.06551062
v -0.07699666 0.63161284 -0.03126803
v -0.08465603 0.66242318 -0.04621487
v -0.07699666 0.66242318 -0.05727666
v -0.09027027 0.66242318 -0.01540435
v -0.07699666 0.64906107 -0.01540435
v -0.07699666 0.66242318 0.00719551
v -0.07699666 0.67256897 -0.04621487
v -0.08126764 0.69323353 -0.01540435
v -0.07699666 0.69323353 -0.01878280
v -0.07699666 0.69323353 0.01251746
v -0.07740882 0.72404388 -0.01540435
v -0.07699666 0.72404388 -0.01969045
v -0.07707778 0.72404388 0.01540616
v -0.07699666 0.71357610 0.01540616
v -0.07699666 0.72404388 0.01550255
v -0.07699666 0.72437524 -0.01540435
v -0.07699666 0.72469664 0.01540616
v -0.07950845 0.81647493 -0.04621487
v -0.07699666 0.81390902 -0.04621487
v -0.07699666 0.81647493 -0.04762899
v -0.07873119 0.81647493 -0.01540435
v -0.07699666 0.80865682 -0.01540435
v -0.07699666 0.81647493 -0.01074257
v -0.07699666 0.82813861 -0.04621487
v -0.08823526 0.84728527 -0.01540435
v -0.07699666 0.84728527 -0.03918826
v -0.07699666 0.84728527 -0.00120681
v -0.08786128 0.87809562 -0.01540435
v -0.07699666 0.87809562 -0.03238548
v -0.07699666 0.87809562 -0.00243063
v -0.07783071 0.90890597 -0.04621487
v -0.07699666 0.90748521 -0.04621487
v -0.07699666 0.90890597 -0.04650076
v -0.08952933 0.90890597 -0.01540435
v -0.07699666 0.90890597 -0.00419126
v -0.09123593 0.93971632 -0.04621487
v -0.07699666 0.93971632 -0.05272352
v -0.08963935 0.93971632 -0.01540435
v -0.07699666 0.93971632 -0.00142783
v -0.07699666 0.93989937 -0.04621487
v -0.07699666 0.93991156 -0.01540435
v -0.07383290 -0.93971493 0.01540616
v -0.07553920 -0.93971493 0.04621667
v -0.04618702 -0.91792709 -0.01540435
v -0.04618702 -0.90890458 -0.02009411
v -0.06852205 -0.90890458 0.01540616
v -0.04618702 -0.90890458 -0.01023797
v -0.05908510 -0.90890458 0.04621667
v -0.07402665 -0.87809423 -0.01540435
v -0.04618702 -0.89575792 -0.01540435
v -0.04618702 -0.88617610 0.01540616
v -0.04618702 -0.87809423 -0.00208745
v -0.04618702 -0.90104658 0.04621667
v -0.05659464 -0.87809423 0.07702719
v -0.04618702 -0.90399862 0.07702719
v -0.04618702 -0.87809423 0.08657387
v -0.04618702 -0.86427033 0.01540616
v -0.04618702 -0.84728389 0.03330252
v -0.05957464 -0.84728389 0.07702719
v -0.04618702 -0.84728389 0.08704245
v -0.05991247 -0.81647354 0.04621667
v -0.04618702 -0.81647354 0.04364941
v -0.05464380 -0.81647354 0.07702719
v -0.04618702 -0.81647354 0.07887650
v -0.04926094 -0.78566319 0.04621667
v -0.04618702 -0.79870948 0.04621667
v -0.06485090 -0.78566319 0.07702719
v -0.04618702 -0.80795279 0.07702719
v -0.06662764 -0.75485284 -0.07702538
v -0.04618702 -0.77301275 -0.04621487
v -0.04618702 -0.75485284 -0.06491246
v -0.04618702 -0.75485284 -0.01834063
v -0.04618702 -0.77743503 0.04621667
v -0.04618702 -0.75485284 0.03711564
v -0.06426662 -0.75485284 0.07702719
v -0.04618702 -0.75485284 0.05525520
v -0.06865338 -0.72404249 -0.20026744
v -0.04618702 -0.72877980 -0.20026744
v -0.04618702 -0.72404249 -0.20718823
v -0.06059344 -0.72404249 -0.16945692
v -0.04618702 -0.72479284 -0.16945692
v -0.06218162 -0.72404249 -0.13864641
v -0.04618702 -0.72404249 -0.16455506
v -0.06994349 -0.72404249 -0.07702538
v -0.04618702 -0.74634282 -0.07702538
v -0.04618702 -0.72404249 -0.10546998
v -0.04618702 -0.75209615 -0.01540435
v -0.04618702 -0.73135761 0.01540616
v -0.06297452 -0.72404249 0.04621667
v -0.04618702 -0.74657608 0.04621667
v -0.04618702 -0.72404249 0.02200963
v -0.04618702 -0.71987830 -0.20026744
v -0.04618702 -0.72262473 -0.16945692
v -0.04882878 -0.69323214 -0.10783590
v -0.04618702 -0.69323214 -0.10606721
v -0.04618702 -0.69323214 0.01750620
v -0.04785375 -0.66242179 -0.07702538
v -0.04618702 -0.66242179 -0.07888712
v -0.06123562 -0.66242179 -0.04621487
v -0.05554354 -0.66242179 -0.01540435
v -0.04618702 -0.68961213 0.01540616
v -0.04618702 -0.66242179 -0.01393889
v -0.04618702 -0.65976056 -0.07702538
v -0.05005683 -0.63161145 -0.04621487
v -0.04618702 -0.63161145 -0.05415896
v -0.04618702 -0.66028588 -0.01540435
v -0.04618702 -0.63161145 -0.03675347
v -0.04618702 -0.61964003 -0.04621487
v -0.05027154 -0.60080110 -0.01540435
v -0.04618702 -0.60654683 -0.01540435
v -0.04618702 -0.60080110 -0.02302638
v -0.04618702 -0.60080110 -0.01312932
v -0.04618702 -0.59177707 -0.01540435
v -0.04819911 -0.53918040 0.29270079
v -0.04618702 -0.54242033 0.29270079
v -0.04618702 -0.53918040 0.28958435
v -0.04618702 -0.53918040 0.29370662
v -0.04618702 -0.53675404 0.29270079
v -0.05110512 -0.47755970 -0.04621487
v -0.04618702 -0.48226088 -0.04621487
v -0.04618702 -0.47755970 -0.04705687
v -0.05989601 -0.47755970 -0.01540435
v -0.04618702 -0.49538946 -0.01540435
v -0.06398183 -0.47755970 0.01540616
v -0.04618702 -0.49573507 0.01540616
v -0.04618702 -0.47755970 0.03846046
v -0.04618702 -0.46796361 -0.04621487
v -0.07695393 -0.44674936 -0.01540435
v -0.04618702 -0.44674936 -0.04355141
v -0.07047994 -0.44674936 0.01540616
v -0.06026331 -0.44674936 0.04621667
v -0.04618702 -0.47009410 0.04621667
v -0.05030208 -0.44674936 0.07702719
v -0.04618702 -0.45406071 0.07702719
v -0.04618702 -0.44674936 0.08462550
v -0.06667481 -0.41593901 -0.01540435
v -0.04618702 -0.41593901 -0.04499681
v -0.07200918 -0.41593901 0.04621667
v -0.05890296 -0.41593901 0.07702719
v -0.04618702 -0.41593901 0.10711500
v -0.05621847 -0.38512866 -0.04621487
v -0.04618702 -0.41063309 -0.04621487
v -0.04618702 -0.38512866 -0.04977210
v -0.05773637 -0.38512866 0.07702719
v -0.04618702 -0.38512866 0.08693280
v -0.06335355 -0.35431831 -0.04621487
v -0.04618702 -0.35431831 -0.05137300
v -0.04775961 -0.35431831 0.07702719
v -0.04618702 -0.35431831 0.07849320
v -0.04618702 -0.32350796 -0.05997082
v -0.04618702 -0.34855897 0.07702719
v -0.04618702 -0.32350796 0.07102313
v -0.04618702 -0.29269761 -0.07067148
v -0.07285860 -0.29269761 0.04621667
v -0.04618702 -0.29269761 0.07017380
v -0.04618702 -0.26188727 -0.07309692
v -0.04618702 -0.26188727 0.07343102
v -0.04618702 -0.23107692 -0.07201297
v -0.04903710 -0.23107692 0.07702719
v -0.04618702 -0.24411505 0.07702719
v -0.04618702 -0.23107692 0.08005535
v -0.04618702 -0.20026657 -0.07244013
v -0.06325322 -0.20026657 0.07702719
v -0.04618702 -0.20026657 0.09379136
v -0.04618702 -0.17874899 -0.07702538
v -0.04618702 -0.16945622 -0.07917215
v -0.04880252 -0.16945622 0.10783770
v -0.04618702 -0.17411061 0.10783770
v -0.04618702 -0.16945622 0.11114311
v -0.04951116 -0.13864587 -0.07702538
v -0.04618702 -0.15226923 -0.07702538
v -0.04618702 -0.13864587 -0.07530183
v -0.04618702 -0.15637439 0.10783770
v -0.04618702 -0.13864587 0.10344042
v -0.04618702 -0.13648646 -0.07702538
v -0.04618702 -0.10783552 -0.10141606
v -0.06998864 -0.10783552 -0.04621487
v -0.06407235 -0.10783552 -0.01540435
v -0.07147178 -0.10783552 0.01540616
v -0.07226938 -0.10783552 0.04621667
v -0.05469739 -0.10783552 0.07702719
v -0.04618702 -0.10783552 0.09375895
v -0.05621514 -0.07702518 -0.10783590
v -0.04618702 -0.08757277 -0.10783590
v -0.04618702 -0.07702518 -0.11166593
v -0.07698831 -0.07702518 -0.04621487
v -0.06599526 -0.07702518 -0.01540435
v -0.07062068 -0.07702518 0.01540616
v -0.04956653 -0.07702518 0.07702719
v -0.04618702 -0.07702518 0.08521345
v -0.04618702 -0.07163771 -0.10783590
v -0.04618702 -0.04621483 -0.09133097
v -0.04618702 -0.04621483 0.09989937
v -0.07122054 -0.04621483 0.35432181
v -0.04618702 -0.01789601 -0.07702538
v -0.04618702 -0.01540448 -0.07540203
v -0.04700099 -0.01540448 0.07702719
v -0.04618702 -0.01540448 0.07897593
v -0.04618702 0.01540587 -0.06261943
v -0.07254901 0.01540587 0.07702719
v -0.04618702 0.01540587 0.08982019
v -0.04618702 0.04621622 -0.05640786
v -0.04618702 0.04621622 0.07983254
v -0.06258097 0.07702657 -0.04621487
v -0.04618702 0.07702657 -0.05169434
v -0.04618702 0.07702657 0.07842013
v -0.05763933 0.10783691 -0.04621487
v -0.04618702 0.10783691 -0.04931314
v -0.07041343 0.10783691 0.07702719
v -0.04618702 0.10783691 0.08119136
v -0.06420120 0.13864726 -0.04621487
v -0.04618702 0.13864726 -0.05138813
v -0.07237234 0.13864726 0.01540616
v -0.06642365 0.13864726 0.04621667
v -0.07170366 0.13864726 0.07702719
v -0.04618702 0.13864726 0.08682265
v -0.04618702 0.16945761 -0.05714255
v -0.06903606 0.16945761 0.01540616
v -0.06078671 0.16945761 0.04621667
v -0.06221120 0.16945761 0.07702719
v -0.04618702 0.16945761 0.10428311
v -0.04618702 0.20026796 -0.06591867
v -0.07426532 0.20026796 0.01540616
v -0.06423692 0.20026796 0.04621667
v -0.06916465 0.20026796 0.07702719
v -0.04618702 0.20026796 0.10375160
v -0.05031474 0.23107831 -0.07702538
v -0.04618702 0.22748353 -0.07702538
v -0.04618702 0.23107831 -0.07856305
v -0.07178009 0.23107831 0.01540616
v -0.06979847 0.23107831 0.04621667
v -0.07596263 0.23107831 0.07702719
v -0.04618702 0.23107831 0.08756798
v -0.04618702 0.26188866 -0.08880574
v -0.06485634 0.26188866 0.01540616
v -0.06299344 0.26188866 0.04621667
v -0.04618702 0.25219033 0.07702719
v -0.04618702 0.26188866 0.07110806
v -0.04618702 0.29269900 -0.09719029
v -0.07656070 0.29269900 -0.01540435
v -0.06340315 0.29269900 0.01540616
v -0.06081328 0.29269900 0.04621667
v -0.04618702 0.29269900 0.06384119
v -0.04618702 0.32350935 -0.09615570
v -0.07440473 0.32350935 0.01540616
v -0.05748043 0.32350935 0.07702719
v -0.04618702 0.32350935 0.07205985
v -0.04618702 0.35431970 -0.09310926
v -0.06345982 0.35431970 0.04621667
v -0.04618702 0.35431970 0.07580747
v -0.07367209 0.38513005 -0.07702538
v -0.04618702 0.38513005 -0.09316500
v -0.06215357 0.38513005 0.04621667
v -0.04618702 0.38513005 0.06348838
v -0.07461287 0.41594040 -0.07702538
v -0.04618702 0.41594040 -0.09638219
v -0.07631212 0.41594040 0.01540616
v -0.06241716 0.41594040 0.04621667
v -0.04618702 0.41594040 0.06312866
v -0.06309471 0.44675075 -0.07702538
v -0.04618702 0.44675075 -0.09459978
v -0.07566013 0.44675075 -0.04621487
v -0.07570266 0.44675075 -0.01540435
v -0.07015257 0.44675075 0.01540616
v -0.04618702 0.44301678 0.04621667
v -0.04618702 0.44675075 0.04410209
v -0.06364478 0.47756109 -0.07702538
v -0.04618702 0.47756109 -0.09031852
v -0.07198626 0.47756109 -0.04621487
v -0.06036858 0.47756109 -0.01540435
v -0.04618702 0.47626065 0.01540616
v -0.04618702 0.47756109 0.01232733
v -0.04618702 0.50129377 -0.07702538
v -0.04618702 0.50547815 -0.04621487
v -0.04618702 0.48392902 -0.01540435
v -0.06379844 0.56999214 0.10783770
v -0.04618702 0.56359000 0.10783770
v -0.04618702 0.56999214 0.08206695
v -0.04618702 0.56999214 0.13610777
v -0.07367620 0.60080249 -0.04621487
v -0.04618702 0.59573024 -0.04621487
v -0.04618702 0.60080249 -0.05146947
v -0.04618702 0.60080249 -0.04168669
v -0.04618702 0.58353521 0.10783770
v -0.04618702 0.63161284 -0.07279455
v -0.04618702 0.63161284 -0.01689642
v -0.04711929 0.63161284 0.01540616
v -0.04618702 0.63123889 0.01540616
v -0.04618702 0.63161284 0.00318114
v -0.04618702 0.63161284 0.03261655
v -0.04662853 0.66242318 -0.07702538
v -0.04618702 0.66042050 -0.07702538
v -0.04618702 0.66242318 -0.07736235
v -0.05936793 0.66242318 -0.04621487
v -0.04618702 0.65497584 -0.04621487
v -0.04618702 0.66242318 -0.07599170
v -0.05793423 0.66242318 -0.01540435
v -0.04618702 0.63428101 0.01540616
v -0.04675247 0.69323353 -0.07702538
v -0.04618702 0.69323353 -0.07788344
v -0.04618702 0.69323353 -0.07659671
v -0.07546661 0.69323353 -0.01540435
v -0.04618702 0.69441559 -0.07702538
v -0.07677209 0.72404388 -0.01540435
v -0.07685398 0.72404388 0.01540616
v -0.04793158 0.75485423 -0.07702538
v -0.04618702 0.75123703 -0.07702538
v -0.04618702 0.75485423 -0.07818625
v -0.04618702 0.75485423 -0.07595912
v -0.04618702 0.77394749 -0.07702538
v -0.06873824 0.81647493 -0.04621487
v -0.07585859 0.81647493 -0.01540435
v -0.06739752 0.84728527 -0.01540435
v -0.07043315 0.87809562 -0.01540435
v -0.07653133 0.90890597 -0.04621487
v -0.06899098 0.90890597 -0.01540435
v -0.05845923 0.93971632 -0.04621487
v -0.06150080 0.93971632 -0.01540435
v -0.04117576 -0.90890458 -0.01540435
v -0.02577236 -0.90890458 0.07702719
v -0.01537738 -0.91096423 0.07702719
v -0.01537738 -0.90890458 0.07612827
v -0.01686611 -0.90890458 0.10783770
v -0.01537738 -0.92124185 0.10783770
v -0.01537738 -0.90890458 0.10875546
v -0.01537738 -0.87865595 0.01540616
v -0.01537738 -0.87809423 0.01367007
v -0.01537738 -0.88378142 0.04621667
v -0.01537738 -0.90726405 0.10783770
v -0.01537738 -0.87809423 0.09008808
v -0.01537738 -0.87629181 0.01540616
v -0.01836259 -0.84728389 0.04621667
v -0.01537738 -0.85059302 0.04621667
v -0.03183159 -0.84728389 0.07702719
v -0.01537738 -0.86290184 0.07702719
v -0.03993021 -0.81647354 0.04621667
v -0.04302669 -0.81647354 0.07702719
v -0.02535323 -0.78566319 -0.04621487
v -0.01537738 -0.78987878 -0.04621487
v -0.01537738 -0.78566319 -0.05187487
v -0.01537738 -0.78566319 -0.03697605
v -0.02204452 -0.78566319 0.07702719
v -0.01537738 -0.78801320 0.07702719
v -0.01537738 -0.78566319 0.04778916
v -0.01537738 -0.78566319 0.07827108
v -0.02270652 -0.75485284 -0.04621487
v -0.01537738 -0.76974692 -0.04621487
v -0.03791552 -0.75485284 0.04621667
v -0.01537738 -0.78160237 0.07702719
v -0.03929469 -0.72404249 -0.20026744
v -0.04214154 -0.72404249 -0.16945692
v -0.02341734 -0.72404249 -0.07702538
v -0.01537738 -0.73955780 -0.04621487
v -0.01537738 -0.72404249 -0.05686433
v -0.02651401 -0.72404249 -0.01540435
v -0.01537738 -0.72404249 -0.03565088
v -0.04115270 -0.72404249 0.01540616
v -0.02828136 -0.69323214 -0.07702538
v -0.01537738 -0.69323214 -0.05334552
v -0.01892795 -0.69323214 -0.01540435
v -0.01537738 -0.69323214 -0.03383324
v -0.04388312 -0.69323214 0.01540616
v -0.01537738 -0.67887153 -0.07702538
v -0.01537738 -0.66242179 -0.08459943
v -0.02927905 -0.66242179 -0.04621487
v -0.01537738 -0.68804438 -0.04621487
v -0.01537738 -0.66242179 -0.06362016
v -0.04573142 -0.66242179 -0.01540435
v -0.02261134 -0.63161145 -0.07702538
v -0.01537738 -0.63161145 -0.08040063
v -0.03794582 -0.63161145 -0.04621487
v -0.01537738 -0.63161145 -0.06951172
v -0.01537738 -0.62650644 -0.07702538
v -0.02892182 -0.60080110 -0.01540435
v -0.02021685 -0.56999075 -0.04621487
v -0.01537738 -0.57589562 -0.04621487
v -0.01537738 -0.56999075 -0.04895254
v -0.02605771 -0.56999075 -0.01540435
v -0.01537738 -0.58909887 -0.01540435
v -0.02095999 -0.56999075 0.01540616
v -0.01537738 -0.59503146 0.01540616
v -0.01537738 -0.56999075 0.02039937
v -0.02104914 -0.53918040 -0.04621487
v -0.01537738 -0.53918040 -0.04940537
v -0.02524725 -0.53918040 -0.01540435
v -0.01995464 -0.53918040 0.01540616
v -0.01537738 -0.53918040 0.02315432
v -0.04327791 -0.53918040 0.29270079
v -0.01537738 -0.51143243 -0.04621487
v -0.01537738 -0.52003062 -0.01540435
v -0.01537738 -0.53122821 0.01540616
v -0.02560546 -0.50837005 0.04621667
v -0.01537738 -0.52373524 0.04621667
v -0.01537738 -0.50837005 0.03058271
v -0.01537738 -0.50837005 0.06805909
v -0.01537738 -0.50709086 -0.04621487
v -0.01537738 -0.47755970 -0.05807691
v -0.01537738 -0.48947172 -0.01540435
v -0.01537738 -0.49976307 0.01540616
v -0.04138319 -0.47755970 0.04621667
v -0.02301400 -0.47755970 0.07702719
v -0.01537738 -0.49517111 0.07702719
v -0.01537738 -0.47755970 0.08423526
v -0.04116231 -0.44674936 -0.04621487
v -0.01537738 -0.44674936 -0.05627521
v -0.01537738 -0.44674936 0.09115096
v -0.04459464 -0.41593901 -0.04621487
v -0.01537738 -0.41593901 -0.06121058
v -0.01537738 -0.41593901 0.09975400
v -0.01537738 -0.38512866 -0.06132099
v -0.01912671 -0.38512866 0.10783770
v -0.01537738 -0.39329595 0.10783770
v -0.01537738 -0.38512866 0.11194599
v -0.01537738 -0.35431831 -0.06419937
v -0.02075551 -0.35431831 0.10783770
v -0.01537738 -0.35431831 0.11587235
v -0.01537738 -0.32350796 -0.07422459
v -0.03791007 -0.32350796 0.07702719
v -0.01563838 -0.32350796 0.10783770
v -0.01537738 -0.32350796 0.10825386
v -0.03258253 -0.29269761 -0.07702538
v -0.01537738 -0.31585454 -0.07702538
v -0.01537738 -0.29269761 -0.08505555
v -0.03974467 -0.29269761 0.07702719
v -0.01537738 -0.31873356 0.10783770
v -0.01537738 -0.29269761 0.10604158
v -0.02911699 -0.26188727 -0.07702538
v -0.01537738 -0.26188727 -0.08004173
v -0.04267891 -0.26188727 0.07702719
v -0.01615855 -0.26188727 0.10783770
v -0.01537738 -0.27256128 0.10783770
v -0.01537738 -0.26188727 0.10902663
v -0.01537738 -0.24454842 -0.07702538
v -0.01537738 -0.23107692 -0.07452455
v -0.02272805 -0.23107692 0.10783770
v -0.01537738 -0.23107692 0.11814472
v -0.01537738 -0.20026657 -0.07472532
v -0.02860754 -0.20026657 0.10783770
v -0.01537738 -0.20026657 0.13229506
v -0.01537738 -0.18933268 -0.07702538
v -0.01537738 -0.16945622 -0.08131135
v -0.01699671 -0.16945622 0.13864822
v -0.01537738 -0.17857192 0.13864822
v -0.01537738 -0.16945622 0.14243752
v -0.04281480 -0.13864587 -0.07702538
v -0.01537738 -0.13864587 -0.09072008
v -0.01537738 -0.15298758 0.10783770
v -0.01537738 -0.13864587 0.09673534
v -0.03515403 -0.13864587 0.13864822
v -0.01537738 -0.13864587 0.13315944
v -0.02431975 -0.13864587 0.16945873
v -0.01537738 -0.15343528 0.16945873
v -0.01537738 -0.13864587 0.18656704
v -0.02098913 -0.10783552 -0.10783590
v -0.01537738 -0.11002457 -0.10783590
v -0.01537738 -0.10783552 -0.10918831
v -0.02135243 -0.10783552 0.10783770
v -0.01537738 -0.11228296 0.10783770
v -0.02434366 -0.10783552 0.13864822
v -0.02309842 -0.10783552 0.16945873
v -0.01537738 -0.10783552 0.17565063
v -0.01537738 -0.07702518 -0.11168297
v -0.02763250 -0.07702518 0.10783770
v -0.01537738 -0.09891138 0.13864822
v -0.01537738 -0.07702518 0.12445617
v -0.01537738 -0.10315845 0.16945873
v -0.01537738 -0.06809827 -0.10783590
v -0.01537738 -0.04621483 -0.09756579
v -0.01537738 -0.06312613 0.10783770
v -0.01537738 -0.04621483 0.10160201
v -0.04319810 -0.01540448 -0.07702538
v -0.01537738 -0.01540448 -0.08892754
v -0.01537738 -0.01540448 0.08126831
v -0.01799045 0.01540587 -0.07702538
v -0.01537738 0.01540587 -0.07834223
v -0.01537738 0.01540587 0.08966902
v -0.01537738 0.02026052 -0.07702538
v -0.01537738 0.04621622 -0.07001311
v -0.01537738 0.04621622 0.08703510
v -0.01537738 0.07702657 -0.06469078
v -0.01537738 0.07702657 0.08329782
v -0.01537738 0.10783691 -0.06063582
v -0.01537738 0.10783691 0.08326047
v -0.01537738 0.13864726 -0.06355863
v -0.01537738 0.13864726 0.08790689
v -0.01537738 0.16945761 -0.07039795
v -0.01537738 0.16945761 0.09575451
v -0.02183474 0.20026796 -0.07702538
v -0.01537738 0.19015447 -0.07702538
v -0.01537738 0.20026796 -0.08015173
v -0.01537738 0.20026796 0.10096187
v -0.01537738 0.23107831 -0.09136423
v -0.01537738 0.23107831 0.08725901
v -0.01537738 0.26188866 -0.09794946
v -0.01537738 0.25608007 0.07702719
v -0.01537738 0.26188866 0.07498376
v -0.01537738 0.29269900 -0.10448751
v -0.01537738 0.29269900 0.06722990
v -0.01537738 0.32350935 -0.10042016
v -0.01537738 0.32350935 0.07148093
v -0.01537738 0.35431970 -0.09464363
v -0.04339588 0.35431970 0.07702719
v -0.01537738 0.34298563 0.07702719
v -0.01537738 0.35431970 0.08034617
v -0.01537738 0.38513005 -0.09398125
v -0.03616380 0.38513005 0.07702719
v -0.01537738 0.38513005 0.08891589
v -0.01537738 0.41594040 -0.09791033
v -0.03404061 0.41594040 0.07702719
v -0.01537738 0.41594040 0.09753852
v -0.01537738 0.44675075 -0.09464803
v -0.04417373 0.44675075 0.04621667
v -0.01537738 0.43474308 0.07702719
v -0.01537738 0.44675075 0.06808627
v -0.01537738 0.47756109 -0.08302484
v -0.04368375 0.47756109 0.01540616
v -0.02843848 0.47756109 0.04621667
v -0.01537738 0.47756109 0.05821351
v -0.01537738 0.49304986 -0.07702538
v -0.01537738 0.50278722 -0.04621487
v -0.01537738 0.49198670 -0.01540435
v -0.01537738 0.49195978 0.01540616
v -0.02109744 0.50837144 0.04621667
v -0.01537738 0.50837144 0.03404539
v -0.01537738 0.50837144 0.06458651
v -0.01542533 0.53918179 0.04621667
v -0.01537738 0.53918179 0.04616091
v -0.01753393 0.53918179 0.07702719
v -0.01537738 0.53152367 0.07702719
v -0.02092601 0.53918179 0.10783770
v -0.01537738 0.53173741 0.10783770
v -0.02037029 0.53918179 0.13864822
v -0.01537738 0.53469396 0.13864822
v -0.01537738 0.53918179 0.15771523
v -0.01537738 0.53930659 0.04621667
v -0.04040529 0.56999214 0.07702719
v -0.01537738 0.56999214 0.06748387
v -0.01537738 0.54847706 0.13864822
v -0.01537738 0.56999214 0.12168297
v -0.01537738 0.59583221 -0.04621487
v -0.01537738 0.60080249 -0.04938429
v -0.01537738 0.60080249 -0.04170563
v -0.03252457 0.60080249 0.07702719
v -0.01537738 0.60080249 0.07075951
v -0.01537738 0.58719886 0.10783770
v -0.01537738 0.60080249 0.09239316
v -0.01808007 0.63161284 -0.04621487
v -0.01537738 0.62134839 -0.04621487
v -0.04560591 0.63161284 0.01540616
v -0.01537738 0.62912653 0.07702719
v -0.04605950 0.66242318 -0.07702538
v -0.04589157 0.69323353 -0.07702538
v -0.04443934 0.75485423 -0.07702538
v 0.01543225 -0.91936479 0.07702719
v 0.01543225 -0.90890458 0.06934043
v -0.01239087 -0.90890458 0.10783770
v 0.01543225 -0.90890458 0.09058870
v -0.01383271 -0.87809423 0.01540616
v 0.01543225 -0.88506831 0.04621667
v 0.01543225 -0.87809423 0.03428928
v 0.01366496 -0.87809423 0.07702719
v 0.01543225 -0.88111492 0.07702719
v 0.01543225 -0.87809423 0.07364042
v 0.01543225 -0.85764716 0.04621667
v 0.00000451 -0.81647354 0.04621667
v 0.01543225 -0.83597677 0.04621667
v 0.01543225 -0.81647354 0.03278905
v 0.01543225 -0.81647354 0.07659568
v 0.01224898 -0.78566319 -0.07702538
v 0.01543225 -0.79240073 -0.07702538
v 0.01543225 -0.78566319 -0.07851519
v 0.01543225 -0.79352883 -0.04621487
v 0.01543225 -0.78566319 -0.03347886
v -0.01486752 -0.78566319 0.04621667
v 0.01543225 -0.78566319 0.03527644
v 0.01543225 -0.81612898 0.07702719
v 0.01543225 -0.78566319 0.08334412
v 0.01543225 -0.78258724 -0.07702538
v 0.01543225 -0.76266563 -0.04621487
v 0.01543225 -0.76909055 0.04621667
v 0.01508289 -0.75485284 0.07702719
v 0.01543225 -0.75485284 0.07620212
v 0.01543225 -0.75485284 0.07714383
v -0.00598837 -0.72404249 -0.04621487
v 0.01543225 -0.75471863 0.07702719
v -0.00396323 -0.69323214 -0.04621487
v 0.00683029 -0.66242179 -0.07702538
v 0.01543225 -0.64775716 -0.07702538
v 0.01543225 -0.63161145 -0.08668417
v 0.01543225 -0.63161145 -0.07283317
v 0.01543225 -0.62432452 -0.07702538
v 0.01543225 -0.57140384 -0.04621487
v 0.01543225 -0.56999075 -0.04910640
v 0.01543225 -0.57718719 -0.01540435
v 0.01543225 -0.58693103 0.01540616
v 0.01543225 -0.56999075 0.03501207
v 0.00053844 -0.53918040 -0.04621487
v 0.01543225 -0.56565861 -0.04621487
v 0.01543225 -0.53918040 -0.03167717
v -0.00315665 -0.53918040 0.04621667
v 0.01543225 -0.56340245 0.04621667
v 0.01543225 -0.53918040 0.06208847
v 0.01522624 -0.50837005 -0.07702538
v 0.01543225 -0.50960333 -0.07702538
v 0.01543225 -0.50837005 -0.07716809
v 0.01543225 -0.50837005 -0.07680422
v 0.01543225 -0.53415204 -0.01540435
v 0.01331934 -0.50837005 0.01540616
v 0.01543225 -0.50837005 0.01421306
v -0.00901831 -0.50837005 0.07702719
v 0.01543225 -0.52448763 0.07702719
v 0.01543225 -0.50837005 0.09401187
v 0.01022063 -0.47755970 -0.07702538
v 0.01543225 -0.47755970 -0.08043927
v 0.01543225 -0.48717498 -0.04621487
v 0.01543225 -0.48756424 -0.01540435
v 0.01543225 -0.47755970 0.09386669
v 0.01540265 -0.44674936 -0.07702538
v 0.01543225 -0.44674936 -0.07705082
v 0.01543225 -0.44674936 0.09432792
v 0.00418368 -0.41593901 -0.07702538
v 0.01543225 -0.41593901 -0.08743995
v 0.01543225 -0.41593901 0.09490329
v 0.00717303 -0.38512866 -0.07702538
v 0.01543225 -0.38512866 -0.08373352
v 0.01543225 -0.39743264 0.10783770
v 0.01543225 -0.38512866 0.12508380
v 0.01510036 -0.35431831 -0.07702538
v 0.01543225 -0.35431831 -0.07720871
v 0.00755983 -0.35431831 0.13864822
v 0.01543225 -0.37324784 0.13864822
v 0.01543225 -0.35431831 0.15956802
v -0.00876395 -0.32350796 -0.07702538
v 0.01543225 -0.32350796 -0.08812473
v 0.01543225 -0.33470173 0.13864822
v 0.01543225 -0.32350796 0.13312563
v 0.01543225 -0.29269761 -0.09486586
v -0.01259811 -0.29269761 0.10783770
v 0.01543225 -0.29269761 0.12337054
v 0.01543225 -0.26188727 -0.08962234
v 0.01543225 -0.26188727 0.12596666
v -0.00818914 -0.23107692 -0.07702538
v 0.01543225 -0.23107692 -0.08430240
v 0.00747068 -0.23107692 0.13864822
v 0.01543225 -0.24251182 0.13864822
v 0.01222220 -0.23107692 0.16945873
v 0.01543225 -0.24561510 0.16945873
v 0.01543225 -0.23107692 0.17781138
v -0.00625100 -0.20026657 -0.07702538
v 0.01543225 -0.20026657 -0.08314182
v 0.00093464 -0.20026657 0.10783770
v 0.01543225 -0.21501716 0.10783770
v 0.01543225 -0.20026657 0.09486379
v 0.01543225 -0.21619032 0.13864822
v 0.01543225 -0.22622081 0.16945873
v 0.01543225 -0.16945622 -0.08905061
v -0.00455830 -0.16945622 0.10783770
v 0.01543225 -0.16945622 0.08381886
v -0.01320713 -0.16945622 0.13864822
v 0.01543225 -0.13864587 -0.08944752
v 0.01543225 -0.13864587 0.08661453
v -0.01234111 -0.13864587 0.13864822
v -0.00485590 -0.13864587 0.16945873
v 0.01450670 -0.13864587 0.35432181
v 0.01543225 -0.14683194 0.35432181
v 0.01543225 -0.13864587 0.35088591
v 0.01543225 -0.13864587 0.35480343
v -0.01057316 -0.10783552 -0.10783590
v 0.01543225 -0.10783552 -0.09999529
v 0.01543225 -0.11579048 0.10783770
v -0.01342529 -0.10783552 0.13864822
v 0.01543225 -0.10783552 0.11522216
v -0.01098945 -0.10783552 0.16945873
v 0.01543225 -0.13718569 0.35432181
v -0.00278296 -0.07702518 -0.10783590
v 0.01543225 -0.07702518 -0.10216393
v 0.01159249 -0.07702518 0.13864822
v 0.01543225 -0.07773611 0.13864822
v 0.01543225 -0.07702518 0.13909362
v 0.01543225 -0.04621483 -0.10277490
v 0.01543225 -0.07073168 0.10783770
v 0.01543225 -0.04621483 0.07850288
v 0.01543225 -0.07661722 0.13864822
v 0.01543225 -0.01540448 -0.10242170
v -0.01102726 -0.01540448 0.07702719
v 0.01543225 -0.04442319 0.07702719
v 0.01543225 -0.01540448 0.06362016
v 0.01543225 0.01540587 -0.09668873
v -0.00477492 0.01540587 0.07702719
v 0.01543225 0.01540587 0.06248909
v -0.00349635 0.04621622 -0.07702538
v 0.01543225 0.04621622 -0.08829921
v 0.01543225 0.04274838 0.07702719
v 0.01543225 0.04621622 0.07956335
v 0.00773256 0.07702657 -0.07702538
v 0.01543225 0.07702657 -0.08150651
v 0.01543225 0.07702657 0.09361403
v 0.01543225 0.09286475 -0.07702538
v 0.01543225 0.10783691 -0.07080898
v 0.01543225 0.10783691 0.09104891
v 0.01543225 0.13864726 -0.07251123
v 0.00242186 0.13864726 0.07702719
v 0.01543225 0.12821322 0.07702719
v 0.01543225 0.13864726 0.06928073
v -0.00303311 0.16945761 -0.07702538
v 0.01543225 0.14880361 -0.07702538
v 0.01543225 0.16945761 -0.08725541
v 0.01543225 0.16244577 0.07702719
v 0.01543225 0.16945761 0.08157853
v 0.01543225 0.20026796 -0.09770321
v 0.01543225 0.20026796 0.09508323
v 0.01543225 0.23107831 -0.09762720
v 0.01543225 0.23107831 0.08560117
v 0.01543225 0.26188866 -0.09800173
v 0.00933750 0.26188866 0.07702719
v 0.01543225 0.26188866 0.07755151
v 0.01543225 0.29269900 -0.09296780
v 0.01543225 0.26594209 0.07702719
v 0.01543225 0.29269900 0.07390645
v 0.01543225 0.32350935 -0.09806145
v 0.01543225 0.32350935 0.07571788
v 0.01543225 0.35431970 -0.09520274
v 0.01543225 0.32861499 0.07702719
v 0.01543225 0.35431970 0.08348413
v 0.01543225 0.38513005 -0.09628968
v 0.01543225 0.38513005 0.09196343
v 0.01543225 0.41594040 -0.10004455
v 0.01543225 0.41594040 0.10193464
v 0.01543225 0.44675075 -0.09167575
v 0.00116644 0.44675075 0.07702719
v 0.01543225 0.44675075 0.08884520
v 0.01543225 0.47756109 -0.07964922
v 0.00958673 0.47756109 0.01540616
v 0.01543225 0.47529645 0.01540616
v 0.01543225 0.47756109 0.00637712
v 0.01347564 0.47756109 0.04621667
v 0.01543225 0.47686999 0.04621667
v 0.01405792 0.47756109 0.07702719
v 0.01543225 0.47756109 0.06103129
v 0.01543225 0.47756109 0.08023041
v 0.01520886 0.47756109 0.16945873
v 0.01543225 0.47748085 0.16945873
v 0.01543225 0.47756109 0.16913282
v 0.01543225 0.47756109 0.16975836
v 0.01543225 0.48325614 -0.07702538
v 0.01543225 0.49512479 -0.04621487
v 0.01543225 0.48468991 -0.01540435
v -0.00508645 0.50837144 0.04621667
v 0.01543225 0.48008461 0.07702719
v 0.01535621 0.50837144 0.10783770
v 0.01543225 0.50817861 0.10783770
v 0.01543225 0.50837144 0.10768922
v 0.01258508 0.50837144 0.13864822
v 0.01543225 0.50023195 0.13864822
v 0.01543225 0.47807644 0.16945873
v 0.01543225 0.50837144 0.14985012
v -0.01531464 0.53918179 0.04621667
v -0.01009693 0.53918179 0.07702719
v 0.00846738 0.53918179 0.10783770
v 0.01543225 0.50916943 0.10783770
v -0.00032448 0.53918179 0.13864822
v 0.01543225 0.51956407 0.13864822
v 0.00632401 0.56999214 0.07702719
v -0.00077049 0.56999214 0.10783770
v 0.01543225 0.58044016 -0.04621487
v 0.01543225 0.60080249 -0.06741215
v 0.01543225 0.60080249 -0.02882580
v -0.00677319 0.60080249 0.07702719
v 0.01543225 0.61359603 -0.04621487
v 0.04317204 -0.90890458 0.07702719
v 0.03908843 -0.87809423 0.01540616
v 0.04624189 -0.88282929 0.01540616
v 0.04624189 -0.87809423 0.01201140
v 0.04620658 -0.87809423 0.04621667
v 0.04624189 -0.87809423 0.04614300
v 0.03361070 -0.84728389 0.01540616
v 0.04624189 -0.84728389 0.01094049
v 0.02089294 -0.84728389 0.04621667
v 0.04624189 -0.87807921 0.04621667
v 0.03846313 -0.84728389 0.07702719
v 0.04624189 -0.86614726 0.07702719
v 0.04624189 -0.84728389 0.08345218
v 0.03379979 -0.81647354 0.01540616
v 0.04624189 -0.81647354 0.00386675
v 0.01559504 -0.81647354 0.07702719
v 0.04624189 -0.81647354 0.08919525
v 0.01973079 -0.78566319 -0.07702538
v 0.03229417 -0.78566319 -0.04621487
v 0.03858404 -0.78566319 -0.01540435
v 0.04624189 -0.79224623 -0.01540435
v 0.04624189 -0.78566319 -0.02655893
v 0.04624189 -0.80149152 0.01540616
v 0.04624189 -0.78566319 -0.00614694
v 0.04624189 -0.78566319 0.02597055
v 0.04624189 -0.78566319 0.08954576
v 0.04624189 -0.78321120 -0.01540435
v 0.04624189 -0.76292717 0.04621667
v 0.04624189 -0.75485284 0.05685270
v 0.04624189 -0.75485284 0.08320091
v 0.04624189 -0.74413069 0.07702719
v 0.02538352 -0.63161145 -0.10783590
v 0.04624189 -0.64854398 -0.10783590
v 0.04624189 -0.63161145 -0.12683128
v 0.02549503 -0.63161145 -0.07702538
v 0.04624189 -0.63161145 -0.08657508
v 0.03936767 -0.60080110 -0.10783590
v 0.04624189 -0.60080110 -0.11801445
v 0.04624189 -0.60080110 -0.07891417
v 0.04624189 -0.57973754 -0.10783590
v 0.02488927 -0.56999075 -0.07702538
v 0.04624189 -0.59963818 -0.07702538
v 0.04624189 -0.56999075 -0.10113510
v 0.01689393 -0.56999075 -0.04621487
v 0.04624189 -0.56999075 -0.06098659
v 0.04624189 -0.57063274 -0.01540435
v 0.04624189 -0.56999075 -0.01796000
v 0.04624189 -0.57357798 0.01540616
v 0.04624189 -0.56999075 0.01968486
v 0.02286460 -0.53918040 -0.07702538
v 0.04624189 -0.53918040 -0.09734274
v 0.02346577 -0.53918040 -0.04621487
v 0.04624189 -0.55345311 -0.04621487
v 0.04624189 -0.55244817 0.04621667
v 0.04624189 -0.53918040 0.05784596
v 0.04624189 -0.50837005 -0.08520650
v 0.03891281 -0.50837005 -0.04621487
v 0.03707999 -0.50837005 -0.01540435
v 0.04624189 -0.51748896 0.07702719
v 0.04624189 -0.50837005 0.08479536
v 0.03500494 -0.47755970 -0.07702538
v 0.04624189 -0.48248082 -0.07702538
v 0.04624189 -0.47755970 -0.07457359
v 0.04624189 -0.47755970 0.09036138
v 0.01552299 -0.44674936 -0.07702538
v 0.04624189 -0.44674936 -0.07124336
v 0.04624189 -0.44674936 0.09603901
v 0.04624189 -0.43872465 -0.07702538
v 0.04624189 -0.41593901 -0.10133107
v 0.03949172 -0.41593901 0.07702719
v 0.04624189 -0.42085295 0.07702719
v 0.04624189 -0.41593901 0.07259449
v 0.04326381 -0.38512866 -0.10783590
v 0.04624189 -0.39740003 -0.10783590
v 0.04624189 -0.38512866 -0.11112136
v 0.03579367 -0.38512866 0.07702719
v 0.04624189 -0.38512866 0.05688512
v 0.04624189 -0.38700742 0.10783770
v 0.04624189 -0.38512866 0.10727979
v 0.04624189 -0.38512866 0.10828193
v 0.04624189 -0.37336842 -0.10783590
v 0.04624189 -0.35431831 -0.10272409
v 0.04624189 -0.36924278 0.07702719
v 0.04624189 -0.36905874 0.13864822
v 0.04624189 -0.35431831 0.15020592
v 0.04624189 -0.32350796 -0.10033110
v 0.03973236 -0.32350796 0.10783770
v 0.04624189 -0.33398646 0.10783770
v 0.04624189 -0.32350796 0.10125349
v 0.03484635 -0.32350796 0.13864822
v 0.04624189 -0.32350796 0.12867638
v 0.04624189 -0.32350796 0.14266663
v 0.04624189 -0.29269761 -0.09224378
v 0.04624189 -0.31074413 0.10783770
v 0.04620032 -0.29269761 0.13864822
v 0.04624189 -0.29269761 0.13869026
v 0.04624189 -0.26188727 -0.09445928
v 0.04338677 -0.26188727 0.13864822
v 0.03700816 -0.26188727 0.16945873
v 0.04624189 -0.26519698 0.16945873
v 0.04624189 -0.26188727 0.17333194
v 0.04624189 -0.23107692 -0.09844781
v 0.04266153 -0.23107692 0.10783770
v 0.04624189 -0.23561510 0.10783770
v 0.04624189 -0.23107692 0.10557777
v 0.03575767 -0.23107692 0.13864822
v 0.04624189 -0.25414716 0.13864822
v 0.02851460 -0.23107692 0.16945873
v 0.04624189 -0.25384042 0.16945873
v 0.04599497 -0.23107692 0.20026924
v 0.04624189 -0.23127652 0.20026924
v 0.04624189 -0.23107692 0.19978312
v 0.04624189 -0.23107692 0.20043915
v 0.04624189 -0.20026657 -0.08083630
v 0.02960106 -0.20026657 0.07702719
v 0.04624189 -0.21479906 0.07702719
v 0.04624189 -0.20026657 0.06409146
v 0.04624189 -0.23085008 0.20026924
v 0.03700318 -0.16945622 -0.07702538
v 0.04624189 -0.18932827 -0.07702538
v 0.04624189 -0.16945622 -0.06786856
v 0.02046242 -0.16945622 0.07702719
v 0.04624189 -0.16945622 0.05303132
v 0.04316430 -0.16945622 0.32351130
v 0.04624189 -0.16977110 0.32351130
v 0.04624189 -0.16945622 0.32165571
v 0.04624189 -0.16945622 0.32618818
v 0.03180711 -0.13864587 -0.07702538
v 0.04624189 -0.13864587 -0.05681864
v 0.02261996 -0.13864587 0.07702719
v 0.04624189 -0.13864587 0.06153918
v 0.04624189 -0.16695010 0.32351130
v 0.04624189 -0.16269924 0.35432181
v 0.04624189 -0.13864587 0.33065559
v 0.04624189 -0.13864587 0.36163792
v 0.04624189 -0.11942749 -0.07702538
v 0.04624189 -0.10783552 -0.09009508
v 0.04624189 -0.11645893 0.07702719
v 0.03736468 -0.10783552 0.10783770
v 0.04624189 -0.10783552 0.10179163
v 0.04624189 -0.12689768 0.35432181
v 0.04624189 -0.07702518 -0.09784979
v 0.04624189 -0.10339588 0.10783770
v 0.02050752 -0.07702518 0.13864822
v 0.04624189 -0.07702518 0.13444365
v 0.04624189 -0.04621483 -0.09880365
v 0.01832358 -0.04621483 0.07702719
v 0.04624189 -0.05707596 0.07702719
v 0.04624189 -0.04621483 0.06774178
v 0.04624189 -0.06503108 0.10783770
v 0.04624189 -0.01540448 -0.09195785
v 0.04624189 -0.01540448 0.04767220
v 0.04624189 0.01540587 -0.09395667
v 0.04343922 0.01540587 0.04621667
v 0.04624189 -0.00035210 0.04621667
v 0.04624189 0.01540587 0.04426465
v 0.04624189 0.04621622 -0.09306402
v 0.04624189 0.02175712 0.04621667
v 0.01799213 0.04621622 0.07702719
v 0.04624189 0.04621622 0.05347513
v 0.04624189 0.07702657 -0.08643396
v 0.04624189 0.07092779 0.07702719
v 0.04624189 0.07702657 0.08896718
v 0.04624189 0.10240572 -0.07702538
v 0.04624189 0.10783691 -0.07461630
v 0.04624189 0.10783691 0.10564911
v 0.04624189 0.13864726 -0.06106476
v 0.04624189 0.11692791 0.07702719
v 0.04624189 0.13864726 0.05732148
v 0.04624189 0.15291337 -0.07702538
v 0.04624189 0.16945761 -0.10645262
v 0.04624189 0.16454046 0.07702719
v 0.04624189 0.16945761 0.08609238
v 0.04624189 0.20026796 -0.09633230
v 0.04624189 0.20026796 0.09955173
v 0.04624189 0.23107831 -0.09350402
v 0.04624189 0.23107831 0.08672222
v 0.04280666 0.26188866 -0.07702538
v 0.04624189 0.25621822 -0.07702538
v 0.04624189 0.26188866 -0.07398161
v 0.04624189 0.26188866 0.07948581
v 0.03181806 0.29269900 -0.07702538
v 0.04624189 0.29269900 -0.06544365
v 0.04477079 0.29269900 0.07702719
v 0.04624189 0.29269900 0.07719180
v 0.03207504 0.32350935 -0.07702538
v 0.04624189 0.32350935 -0.06698736
v 0.02625771 0.32350935 0.07702719
v 0.04624189 0.32350935 0.07947243
v 0.04624189 0.34910208 -0.07702538
v 0.04624189 0.35431970 -0.08162072
v 0.04347368 0.35431970 0.07702719
v 0.04624189 0.34778421 0.07702719
v 0.04624189 0.35431970 0.07598413
v 0.04624189 0.38513005 -0.10098072
v 0.03354836 0.38513005 0.07702719
v 0.04624189 0.38513005 0.06367011
v 0.04624189 0.41594040 -0.10680054
v 0.03100902 0.41594040 0.07702719
v 0.04624189 0.41594040 0.06450591
v 0.04624189 0.44675075 -0.09382890
v 0.04624189 0.44587621 0.07702719
v 0.04624189 0.44675075 0.07901042
v 0.03496923 0.47756109 -0.07702538
v 0.04624189 0.47457306 -0.07702538
v 0.04624189 0.47756109 -0.07334156
v 0.04285904 0.47756109 -0.01540435
v 0.04624189 0.47683364 -0.01540435
v 0.04624189 0.47756109 -0.01684363
v 0.04624189 0.46449771 0.01540616
v 0.04624189 0.47041342 0.04621667
v 0.01857658 0.47756109 0.07702719
v 0.04624189 0.44843010 0.07702719
v 0.01560782 0.47756109 0.16945873
v 0.04624189 0.49072584 -0.04621487
v 0.01998710 0.50837144 0.10783770
v 0.04624189 0.48819048 0.13864822
v 0.04624189 0.50837144 0.10963066
v 0.04624189 0.50837144 0.14295176
v 0.02459789 0.53918179 0.10783770
v 0.04624189 0.51024921 0.10783770
v 0.04624189 0.53918179 0.10310173
v 0.04624189 0.51940495 0.13864822
v 0.04624189 0.53918179 0.11852566
v 0.04624189 0.54289576 0.10783770
v 0.04624189 0.58816577 -0.04621487
v 0.04624189 0.60080249 -0.06993941
v 0.04624189 0.60080249 -0.02623845
v 0.04624189 0.61477020 -0.04621487
v 0.01703529 0.81647493 -0.07702538
v 0.04624189 0.80797956 -0.07702538
v 0.04624189 0.81647493 -0.09202624
v 0.04624189 0.81647493 -0.06309366
v 0.04624189 0.83394408 -0.07702538
v 0.06009572 -0.93971493 0.07702719
v 0.07705153 -0.93982807 0.07702719
v 0.07705153 -0.93971493 0.05440154
v 0.07705153 -0.93971493 0.08996155
v 0.06107187 -0.90890458 0.04621667
v 0.07705153 -0.93027601 0.04621667
v 0.07705153 -0.90890458 0.03541174
v 0.04958839 -0.90890458 0.07702719
v 0.07705153 -0.90890458 0.09149097
v 0.05662495 -0.87809423 0.01540616
v 0.07705153 -0.87901687 0.04621667
v 0.06710291 -0.87809423 0.07702719
v 0.07705153 -0.87809423 0.04815257
v 0.07705153 -0.87809423 0.08096722
v 0.07705153 -0.85892469 0.01540616
v 0.07705153 -0.84728389 0.00880665
v 0.07705153 -0.87792804 0.04621667
v 0.07705153 -0.84728389 0.09729521
v 0.07705153 -0.81647354 -0.00657592
v 0.07705153 -0.81647354 0.08523119
v 0.07705153 -0.79693750 -0.01540435
v 0.07705153 -0.78566319 -0.02438838
v 0.05454428 -0.78566319 0.01540616
v 0.06680376 -0.78566319 0.07702719
v 0.07705153 -0.80169032 0.07702719
v 0.07705153 -0.78566319 0.06427314
v 0.07705153 -0.78080718 -0.01540435
v 0.07705153 -0.77122694 0.01540616
v 0.05984377 -0.75485284 0.04621667
v 0.07705153 -0.75485284 0.03947646
v 0.07385785 -0.75485284 0.07702719
v 0.07705153 -0.75485284 0.07247433
v 0.07705153 -0.73325402 0.04621667
v 0.07667370 -0.69323214 0.01540616
v 0.07705153 -0.69370359 0.01540616
v 0.07705153 -0.69323214 0.01443372
v 0.07705153 -0.69323214 0.01689100
v 0.07116679 -0.66242179 0.01540616
v 0.07705153 -0.66242179 0.00706704
v 0.07705153 -0.66242179 0.02367162
v 0.07705153 -0.63293761 -0.10783590
v 0.07705153 -0.63161145 -0.10837633
v 0.06305560 -0.63161145 -0.07702538
v 0.07705153 -0.64762566 -0.07702538
v 0.07705153 -0.63161145 -0.07275095
v 0.07705153 -0.66006217 0.01540616
v 0.07705153 -0.60080110 -0.11821619
v 0.05579858 -0.60080110 -0.07702538
v 0.07705153 -0.60080110 -0.07607207
v 0.05185850 -0.56999075 -0.10783590
v 0.07705153 -0.56999075 -0.12399022
v 0.07283242 -0.56999075 -0.04621487
v 0.07705153 -0.57155509 -0.04621487
v 0.04930901 -0.56999075 -0.01540435
v 0.07705153 -0.56999075 -0.04121006
v 0.05730473 -0.56999075 0.01540616
v 0.07185867 -0.53918040 -0.10783590
v 0.07705153 -0.53918040 -0.11384413
v 0.06500535 -0.53918040 -0.04621487
v 0.07705153 -0.56313182 -0.04621487
v 0.07705153 -0.53918040 -0.06927734
v 0.07705153 -0.55808728 -0.01540435
v 0.07705153 -0.53918040 -0.03700479
v 0.07705153 -0.56009061 0.01540616
v 0.07705153 -0.54591681 0.04621667
v 0.07705153 -0.53918040 0.05101161
v 0.07705153 -0.53519785 -0.10783590
v 0.07162542 -0.50837005 -0.07702538
v 0.07705153 -0.52325703 -0.07702538
v 0.07705153 -0.52133021 -0.04621487
v 0.07705153 -0.50837005 -0.06772152
v 0.07705153 -0.51074142 0.07702719
v 0.07705153 -0.50837005 0.07953541
v 0.07705153 -0.47755970 -0.05381599
v 0.07705153 -0.47755970 0.08494021
v 0.07705153 -0.44674936 -0.05445577
v 0.07340521 -0.44674936 0.07702719
v 0.07705153 -0.45422504 0.07702719
v 0.07705153 -0.44674936 0.07420564
v 0.07705153 -0.42435771 -0.07702538
v 0.07705153 -0.41593901 -0.09902242
v 0.07537762 -0.41593901 -0.04621487
v 0.07705153 -0.42219793 -0.04621487
v 0.07705153 -0.41593901 -0.05232914
v 0.07632992 -0.41593901 -0.01540435
v 0.07705153 -0.41977390 -0.01540435
v 0.07705153 -0.41593901 -0.01283636
v 0.07096084 -0.41593901 0.04621667
v 0.07705153 -0.42126399 0.04621667
v 0.07705153 -0.41593901 0.03583214
v 0.05585826 -0.38512866 -0.10783590
v 0.07705153 -0.38512866 -0.07918368
v 0.07404947 -0.38512866 -0.04621487
v 0.07705153 -0.38512866 -0.07361923
v 0.07311882 -0.38512866 -0.01540435
v 0.06982719 -0.38512866 0.01540616
v 0.07705153 -0.40159303 0.01540616
v 0.05891983 -0.38512866 0.04621667
v 0.04641436 -0.38512866 0.10783770
v 0.06887276 -0.35431831 -0.07702538
v 0.07705153 -0.38348352 -0.07702538
v 0.07705153 -0.36153027 -0.04621487
v 0.07705153 -0.35431831 -0.04996765
v 0.07004638 -0.35431831 -0.01540435
v 0.07705153 -0.35431831 -0.04293713
v 0.06829584 -0.35431831 0.01540616
v 0.07493238 -0.35431831 0.04621667
v 0.05967822 -0.35431831 0.07702719
v 0.05512683 -0.35431831 0.10783770
v 0.05382859 -0.35431831 0.13864822
v 0.07705153 -0.33328905 -0.07702538
v 0.07705153 -0.32350796 -0.08147121
v 0.07705153 -0.32742375 -0.01540435
v 0.07705153 -0.32737086 0.01540616
v 0.07705153 -0.35000552 0.04621667
v 0.07705153 -0.32728276 0.07702719
v 0.07705153 -0.32350796 0.08402414
v 0.05234617 -0.32350796 0.13864822
v 0.07705153 -0.29269761 -0.07910508
v 0.06452795 -0.29269761 0.10783770
v 0.07705153 -0.29269761 0.07978043
v 0.04629624 -0.29269761 0.13864822
v 0.07705153 -0.26188727 -0.08513758
v 0.06674427 -0.26188727 0.10783770
v 0.07705153 -0.26188727 0.08902417
v 0.04843856 -0.26188727 0.13864822
v 0.04789465 -0.26188727 0.16945873
v 0.07705153 -0.23107692 -0.08871021
v 0.07673820 -0.23107692 0.04621667
v 0.07705153 -0.23222387 0.04621667
v 0.07705153 -0.23107692 0.04531704
v 0.06060103 -0.23107692 0.07702719
v 0.07705153 -0.25838553 0.07702719
v 0.04640875 -0.23107692 0.20026924
v 0.05593004 -0.20026657 -0.07702538
v 0.07705153 -0.21163946 -0.07702538
v 0.07705153 -0.20026657 -0.06927742
v 0.07102902 -0.20026657 0.04621667
v 0.07705153 -0.20026657 0.03335090
v 0.07705153 -0.16945622 -0.06948205
v 0.06136986 -0.16945622 0.04621667
v 0.07705153 -0.16945622 0.02971645
v 0.04652511 -0.16945622 0.32351130
v 0.07705153 -0.13864587 -0.05394920
v 0.06539332 -0.13864587 0.04621667
v 0.07705153 -0.13864587 0.03066897
v 0.06166054 -0.13864587 0.35432181
v 0.07705153 -0.11467491 -0.07702538
v 0.07705153 -0.10783552 -0.08387633
v 0.07705153 -0.12218432 0.04621667
v 0.06927358 -0.10783552 0.07702719
v 0.07705153 -0.10783552 0.07086428
v 0.07705153 -0.07702518 -0.09259668
v 0.07705153 -0.10296174 0.07702719
v 0.07705153 -0.09505976 0.10783770
v 0.07705153 -0.07702518 0.13476969
v 0.07705153 -0.04621483 -0.08101384
v 0.07491702 -0.04621483 0.04621667
v 0.07705153 -0.04961504 0.04621667
v 0.07705153 -0.04621483 0.04162659
v 0.07705153 -0.06108930 0.07702719
v 0.07705153 -0.05957059 0.10783770
v 0.07705153 -0.01540448 -0.07906754
v 0.07517844 -0.01540448 -0.01540435
v 0.07705153 -0.02102480 -0.01540435
v 0.07705153 -0.01540448 -0.01961167
v 0.07705153 -0.01540448 -0.00926173
v 0.06892796 -0.01540448 0.04621667
v 0.07705153 -0.01540448 0.04391000
v 0.07705153 0.01540587 -0.07756327
v 0.07705153 -0.00916806 -0.01540435
v 0.07705153 0.01540587 0.03752789
v 0.06805181 0.04621622 -0.07702538
v 0.07705153 0.01775537 -0.07702538
v 0.07705153 0.04621622 -0.06364011
v 0.07347247 0.04621622 0.04621667
v 0.07705153 0.04621622 0.04296466
v 0.05665803 0.07702657 -0.07702538
v 0.07705153 0.07702657 -0.05784908
v 0.07705153 0.06986546 0.04621667
v 0.05503100 0.07702657 0.07702719
v 0.07705153 0.07702657 0.04681596
v 0.07705153 0.10783691 -0.05056613
v 0.06573320 0.10783691 0.01540616
v 0.07705153 0.08733413 0.01540616
v 0.07705153 0.10783691 0.00308475
v 0.06604041 0.10783691 0.04621667
v 0.07705153 0.07780765 0.04621667
v 0.07705153 0.10350090 0.07702719
v 0.07705153 0.10783691 0.07158009
v 0.07705153 0.10783691 0.08247915
v 0.07705153 0.13864726 -0.04880184
v 0.07705153 0.12794716 0.01540616
v 0.07705153 0.13059188 0.04621667
v 0.07705153 0.11447820 0.07702719
v 0.07705153 0.13864726 0.05582163
v 0.06535376 0.16945761 -0.07702538
v 0.07705153 0.16945761 -0.06567342
v 0.07705153 0.15640571 0.07702719
v 0.07705153 0.16945761 0.08410195
v 0.07705153 0.19750271 -0.07702538
v 0.07705153 0.20026796 -0.07823291
v 0.07705153 0.20026796 0.08236707
v 0.07182653 0.23107831 -0.07702538
v 0.07705153 0.20747571 -0.07702538
v 0.07705153 0.23107831 -0.07287111
v 0.07023483 0.23107831 0.07702719
v 0.07705153 0.21884141 0.07702719
v 0.07705153 0.23107831 0.07040564
v 0.07705153 0.26188866 -0.05853153
v 0.05354043 0.26188866 0.07702719
v 0.07705153 0.26188866 0.06528681
v 0.07705153 0.29269900 -0.04990616
v 0.05351889 0.29269900 0.07702719
v 0.07705153 0.29269900 0.07604592
v 0.07705153 0.32350935 -0.04814891
v 0.07705153 0.29654505 0.07702719
v 0.07705153 0.32350935 0.08199114
v 0.04969749 0.35431970 -0.07702538
v 0.07705153 0.35431970 -0.04829353
v 0.05131161 0.35431970 0.07702719
v 0.07705153 0.35431970 0.08183489
v 0.05961410 0.38513005 -0.07702538
v 0.07705153 0.38513005 -0.04658671
v 0.07705153 0.36286726 0.07702719
v 0.07705153 0.38513005 0.06058559
v 0.07592935 0.41594040 -0.07702538
v 0.07705153 0.41594040 -0.06989622
v 0.07705153 0.41594040 0.05823692
v 0.07705153 0.42190344 -0.07702538
v 0.07705153 0.44675075 -0.08572908
v 0.07705153 0.44262420 0.07702719
v 0.07705153 0.44675075 0.08009417
v 0.06715093 0.47756109 -0.07702538
v 0.07705153 0.47756109 -0.07818540
v 0.07705153 0.47695402 -0.01540435
v 0.07705153 0.47756109 -0.01595911
v 0.07705153 0.46216493 0.01540616
v 0.07705153 0.46826247 0.04621667
v 0.07705153 0.45533389 0.07702719
v 0.07705153 0.47942126 -0.07702538
v 0.07705153 0.49158418 -0.04621487
v 0.04848694 0.50837144 0.10783770
v 0.07705153 0.49942362 0.10783770
v 0.07705153 0.50837144 0.10121146
v 0.05879521 0.50837144 0.13864822
v 0.07705153 0.50837144 0.11864888
v 0.07705153 0.53918179 0.10150664
v 0.07705153 0.53918179 0.11392661
v 0.07705153 0.54413635 0.10783770
v 0.07705153 0.59778984 -0.04621487
v 0.07705153 0.60080249 -0.04827931
v 0.07705153 0.60080249 -0.04097110
v 0.07705153 0.60904604 -0.04621487
v 0.05149381 0.81647493 -0.07702538
v 0.07353610 0.84728527 0.01540616
v 0.07705153 0.82669085 0.01540616
v 0.07705153 0.84728527 0.00909631
v 0.07705153 0.84728527 0.01798460
v 0.07272925 0.87809562 0.01540616
v 0.07705153 0.87809562 0.00999058
v 0.07705153 0.87809562 0.02065412
v 0.06846936 0.90890597 0.01540616
v 0.07705153 0.90890597 0.00112431
v 0.07705153 0.90890597 0.02947748
v 0.07169192 0.93971632 -0.01540435
v 0.07705153 0.93425171 -0.01540435
v 0.07705153 0.93971632 -0.02784249
v 0.07012007 0.93971632 0.01540616
v 0.07705153 0.93971632 0.02432644
v 0.07705153 0.93978469 -0.01540435
v 0.07705153 0.93989222 0.01540616
v 0.08751141 -0.93971493 0.07702719
v 0.08205468 -0.90890458 0.04621667
v 0.08530762 -0.90890458 0.07702719
v 0.08169418 -0.87809423 0.07702719
v 0.08107434 -0.84728389 0.01540616
v 0.09988683 -0.84728389 0.04621667
v 0.10002762 -0.84728389 0.07702719
v 0.09731103 -0.81647354 0.01540616
v 0.10786117 -0.82069075 0.04621667
v 0.10786117 -0.81647354 0.04295769
v 0.09300208 -0.81647354 0.07702719
v 0.10786117 -0.81647354 0.05134542
v 0.08402214 -0.78566319 -0.01540435
v 0.10213489 -0.78566319 0.01540616
v 0.10786117 -0.78566319 0.02710461
v 0.10786117 -0.78566319 0.05494307
v 0.10541969 -0.75485284 0.01540616
v 0.10786117 -0.76408126 0.01540616
v 0.10786117 -0.75485284 0.01334722
v 0.10786117 -0.75485284 0.05484211
v 0.10786117 -0.74975277 0.01540616
v 0.09070399 -0.72404249 0.04621667
v 0.10786117 -0.72404249 0.03829792
v 0.08883380 -0.72404249 0.07702719
v 0.10786117 -0.73506883 0.07702719
v 0.10786117 -0.72404249 0.08363377
v 0.10146247 -0.69323214 0.01540616
v 0.10786117 -0.70835773 0.04621667
v 0.10786117 -0.71896986 0.07702719
v 0.08411719 -0.66242179 0.01540616
v 0.07755307 -0.63161145 -0.10783590
v 0.08385873 -0.63161145 -0.07702538
v 0.08889305 -0.60080110 -0.10783590
v 0.08225361 -0.60080110 -0.07702538
v 0.09249908 -0.56999075 -0.10783590
v 0.08298903 -0.56999075 -0.07702538
v 0.07973604 -0.56999075 -0.04621487
v 0.07866950 -0.53918040 -0.10783590
v 0.07889483 -0.53918040 -0.07702538
v 0.09070694 -0.53918040 -0.01540435
v 0.10362564 -0.53918040 0.01540616
v 0.10034420 -0.53918040 0.04621667
v 0.08046895 -0.50837005 -0.04621487
v 0.09088568 -0.50837005 -0.01540435
v 0.10786117 -0.52605817 0.01540616
v 0.10786117 -0.50837005 0.01218147
v 0.10786117 -0.53217476 0.04621667
v 0.10211225 -0.50837005 0.07702719
v 0.10786117 -0.50837005 0.07436330
v 0.08408213 -0.47755970 -0.04621487
v 0.09834671 -0.47755970 -0.01540435
v 0.10786117 -0.47755970 0.01107504
v 0.10786117 -0.50473136 0.07702719
v 0.10786117 -0.47755970 0.08337858
v 0.08681299 -0.44674936 -0.04621487
v 0.08668656 -0.44674936 -0.01540435
v 0.10618348 -0.44674936 0.01540616
v 0.10786117 -0.46232985 0.01540616
v 0.10786117 -0.44674936 0.03283624
v 0.10786117 -0.47097402 0.07702719
v 0.10786117 -0.44674936 0.04803726
v 0.08697178 -0.41593901 -0.07702538
v 0.08391735 -0.41593901 0.01540616
v 0.10786117 -0.44570197 0.04621667
v 0.07749570 -0.38512866 -0.07702538
v 0.07801429 -0.35431831 -0.04621487
v 0.08116632 -0.32350796 -0.07702538
v 0.08225209 -0.32350796 -0.04621487
v 0.07803426 -0.32350796 -0.01540435
v 0.07853087 -0.32350796 0.01540616
v 0.08644304 -0.32350796 0.04621667
v 0.08022598 -0.32350796 0.07702719
v 0.07992291 -0.29269761 -0.07702538
v 0.09637413 -0.29269761 -0.04621487
v 0.09017867 -0.29269761 -0.01540435
v 0.09158727 -0.29269761 0.01540616
v 0.09346691 -0.29269761 0.04621667
v 0.07827385 -0.29269761 0.07702719
v 0.08681002 -0.26188727 -0.07702538
v 0.09693315 -0.26188727 -0.04621487
v 0.10002586 -0.26188727 -0.01540435
v 0.09139325 -0.26188727 0.01540616
v 0.08600719 -0.26188727 0.04621667
v 0.08032518 -0.26188727 0.07702719
v 0.09130985 -0.23107692 -0.07702538
v 0.09248098 -0.23107692 -0.04621487
v 0.09465706 -0.23107692 -0.01540435
v 0.08663683 -0.23107692 0.01540616
v 0.09650431 -0.20026657 -0.04621487
v 0.09016458 -0.20026657 -0.01540435
v 0.08224523 -0.20026657 0.01540616
v 0.09641053 -0.16945622 -0.04621487
v 0.08669424 -0.16945622 -0.01540435
v 0.08253344 -0.16945622 0.01540616
v 0.08358976 -0.13864587 -0.04621487
v 0.09468343 -0.13864587 -0.01540435
v 0.08562224 -0.13864587 0.01540616
v 0.08430025 -0.10783552 -0.07702538
v 0.08723031 -0.10783552 -0.04621487
v 0.08779525 -0.10783552 -0.01540435
v 0.08507455 -0.10783552 0.01540616
v 0.08856263 -0.10783552 0.04621667
v 0.09878865 -0.07702518 -0.07702538
v 0.10250862 -0.07702518 -0.04621487
v 0.10138718 -0.07702518 -0.01540435
v 0.08074253 -0.07702518 0.01540616
v 0.09829237 -0.07702518 0.04621667
v 0.10632462 -0.07702518 0.07702719
v 0.10786117 -0.08875670 0.10783770
v 0.10786117 -0.07702518 0.07861059
v 0.09339047 -0.07702518 0.13864822
v 0.10786117 -0.08055813 0.13864822
v 0.10786117 -0.07702518 0.14277914
v 0.10639580 -0.07702518 0.32351130
v 0.10786117 -0.07989446 0.32351130
v 0.10786117 -0.07702518 0.32139552
v 0.10786117 -0.07702518 0.32606694
v 0.10786117 -0.06370080 -0.07702538
v 0.10786117 -0.04621483 -0.08567098
v 0.10611136 -0.04621483 -0.04621487
v 0.10786117 -0.04621483 -0.05147679
v 0.10101526 -0.04621483 -0.01540435
v 0.10346719 -0.04621483 0.01540616
v 0.09326192 -0.04621483 0.04621667
v 0.10786117 -0.05233734 0.04621667
v 0.10786117 -0.04621483 0.03122418
v 0.10786117 -0.04621483 0.05044868
v 0.10786117 -0.06331158 0.10783770
v 0.10786117 -0.06865485 0.13864822
v 0.10786117 -0.07560550 0.32351130
v 0.07954207 -0.01540448 -0.07702538
v 0.10786117 -0.03625979 -0.07702538
v 0.09273124 -0.01540448 -0.04621487
v 0.09087811 -0.01540448 0.01540616
v 0.09629958 -0.01540448 0.04621667
v 0.10786117 -0.01540448 0.04504379
v 0.10786117 -0.01540448 0.04665584
v 0.07753843 0.01540587 -0.07702538
v 0.09203913 0.01540587 -0.04621487
v 0.08337727 0.01540587 -0.01540435
v 0.08548091 0.01540587 0.01540616
v 0.10786117 -0.00959142 0.04621667
v 0.08480260 0.04621622 -0.04621487
v 0.09620393 0.04621622 -0.01540435
v 0.09240692 0.04621622 0.01540616
v 0.08421619 0.07702657 -0.04621487
v 0.10786117 0.07223092 -0.01540435
v 0.10786117 0.07702657 -0.01715663
v 0.10190121 0.07702657 0.01540616
v 0.10786117 0.07702657 -0.00103824
v 0.07764231 0.07702657 0.04621667
v 0.08004803 0.10783691 -0.04621487
v 0.10634359 0.10783691 -0.01540435
v 0.10786117 0.09475384 -0.01540435
v 0.07997621 0.10783691 0.07702719
v 0.08013501 0.13864726 -0.04621487
v 0.10170709 0.13864726 -0.01540435
v 0.10786117 0.13721030 0.01540616
v 0.10786117 0.13864726 0.01307158
v 0.09191871 0.13864726 0.04621667
v 0.10786117 0.13864726 0.01802320
v 0.08813434 0.16945761 -0.04621487
v 0.10140411 0.16945761 -0.01540435
v 0.10069417 0.16945761 0.01540616
v 0.10786117 0.13989193 0.01540616
v 0.10083560 0.16945761 0.04621667
v 0.08232151 0.16945761 0.07702719
v 0.07772170 0.20026796 -0.07702538
v 0.09256199 0.20026796 -0.04621487
v 0.10233901 0.20026796 -0.01540435
v 0.10204326 0.20026796 0.01540616
v 0.09912963 0.20026796 0.04621667
v 0.08209224 0.20026796 0.07702719
v 0.09084718 0.23107831 -0.04621487
v 0.09995952 0.23107831 -0.01540435
v 0.09813070 0.23107831 0.01540616
v 0.09107999 0.23107831 0.04621667
v 0.08860040 0.26188866 -0.04621487
v 0.09768697 0.26188866 -0.01540435
v 0.09597502 0.26188866 0.01540616
v 0.09263867 0.26188866 0.04621667
v 0.08171500 0.29269900 -0.04621487
v 0.09738808 0.29269900 -0.01540435
v 0.09728322 0.29269900 0.01540616
v 0.09546758 0.29269900 0.04621667
v 0.07997268 0.32350935 -0.04621487
v 0.09903854 0.32350935 -0.01540435
v 0.09994529 0.32350935 0.01540616
v 0.09493130 0.32350935 0.04621667
v 0.08295710 0.32350935 0.07702719
v 0.07826080 0.35431970 -0.04621487
v 0.09193467 0.35431970 -0.01540435
v 0.10004723 0.35431970 0.01540616
v 0.08574783 0.35431970 0.04621667
v 0.08387584 0.35431970 0.07702719
v 0.07720545 0.38513005 -0.04621487
v 0.08777547 0.38513005 -0.01540435
v 0.10099394 0.38513005 0.01540616
v 0.09740218 0.38513005 0.04621667
v 0.08037079 0.41594040 -0.04621487
v 0.09009719 0.41594040 -0.01540435
v 0.10084637 0.41594040 0.01540616
v 0.10786117 0.41351416 0.04621667
v 0.10786117 0.41594040 0.04465631
v 0.10786117 0.41594040 0.04725754
v 0.08200769 0.44675075 -0.07702538
v 0.08998562 0.44675075 -0.04621487
v 0.09186503 0.44675075 -0.01540435
v 0.09825285 0.44675075 0.01540616
v 0.08759517 0.44675075 0.04621667
v 0.10786117 0.41677260 0.04621667
v 0.07963857 0.44675075 0.07702719
v 0.07958622 0.47756109 -0.07702538
v 0.09199988 0.47756109 -0.04621487
v 0.07999618 0.50837144 0.10783770
v 0.08496691 0.53918179 0.10783770
v 0.07904175 0.60080249 -0.04621487
v 0.08015533 0.84728527 0.01540616
v 0.08127030 0.87809562 0.01540616
v 0.08776769 0.90890597 0.01540616
v 0.07968729 0.93971632 -0.01540435
v 0.08630081 0.93971632 0.01540616
v 0.10891112 -0.81647354 0.04621667
v 0.11325201 -0.78566319 0.04621667
v 0.10920908 -0.75485284 0.01540616
v 0.11414867 -0.75485284 0.04621667
v 0.12248890 -0.72404249 0.04621667
v 0.13661611 -0.72404249 0.07702719
v 0.13748166 -0.69323214 0.04621667
v 0.13867080 -0.69427394 0.04621667
v 0.13867080 -0.69323214 0.04608256
v 0.13867080 -0.69323214 0.04644810
v 0.13867080 -0.69311440 0.04621667
v 0.11096731 -0.50837005 0.01540616
v 0.13867080 -0.51782599 0.04621667
v 0.13867080 -0.50837005 0.04413832
v 0.13867080 -0.50837005 0.04988284
v 0.10997701 -0.47755970 0.01540616
v 0.13805149 -0.47755970 0.04621667
v 0.13867080 -0.48309612 0.04621667
v 0.11603335 -0.47755970 0.07702719
v 0.10959545 -0.44674936 0.04621667
v 0.11978673 -0.07702518 0.10783770
v 0.13867080 -0.08159979 0.13864822
v 0.13867080 -0.07702518 0.13493626
v 0.13867080 -0.07702518 0.14300269
v 0.11300896 -0.07702518 0.32351130
v 0.11688380 -0.04621483 -0.07702538
v 0.13867080 -0.04694477 0.04621667
v 0.13867080 -0.04621483 0.04404917
v 0.13867080 -0.04621483 0.04969869
v 0.13867080 -0.07222710 0.13864822
v 0.10891206 -0.01540448 0.04621667
v 0.13867080 -0.04432083 0.04621667
v 0.10940275 0.07702657 -0.01540435
v 0.10822016 0.13864726 0.01540616
v 0.10823284 0.41594040 0.04621667
v 0.13880225 -0.69323214 0.04621667
v 0.16948044 -0.51079254 0.04621667
v 0.16948044 -0.50837005 0.04399214
v 0.16948044 -0.50837005 0.04954915
v 0.15583816 -0.47755970 0.04621667
v 0.16948044 -0.47755970 0.04580583
v 0.16948044 -0.47755970 0.04667708
v 0.16948044 -0.47730752 0.04621667
v 0.14166485 -0.07702518 0.13864822
v 0.13935123 -0.04621483 0.04621667
v 0.17794579 -0.50837005 0.04621667
v 0.17036897 -0.47755970 0.04621667
v 0.44661452 -0.29269761 0.07702719
v 0.44676717 -0.29362798 0.07702719
v 0.44676717 -0.29269761 0.07585615
v 0.44676717 -0.29269761 0.07722450
v 0.44676717 -0.29228175 0.07702719
v 0.45398382 -0.29269761 0.07702719
v 0.46285074 0.93971632 -0.93971977
v 0.47757681 0.92179738 -0.93971977
v 0.47757681 0.93971632 -0.93995773
v 0.47757681 0.93971632 -0.92929410
v 0.47757681 0.93995427 -0.93971977
v 0.50838645 0.92341985 -0.93971977
v 0.50838645 0.93971632 -0.93986770
v 0.50838645 0.93971632 -0.93221431
v 0.50838645 0.93986425 -0.93971977
v 0.52028337 0.93971632 -0.93971977
v 0.93387360 -0.32350796 -0.32350949
v 0.93972136 -0.32563123 -0.32350949
v 0.93972136 -0.32350796 -0.32627584
v 0.93848657 -0.32350796 -0.29269898
v 0.93972136 -0.32513442 -0.29269898
v 0.93972136 -0.32350796 -0.29232133
v 0.93972136 -0.31800459 -0.32350949
v 0.93972136 -0.32286761 -0.29269898
v 0.93977132 -0.32350796 -0.32350949
v 0.93973025 -0.32350796 -0.29269898
f 2 1 3
f 4 1 2
f 1 5 3
f 4 5 1
f 3 6 2
f 6 4 2
f 3 5 6
f 5 4 6
f 8 7 9
f 10 7 8
f 7 11 9
f 10 11 7
f 9 12 8
f 12 10 8
f 9 11 12
f 11 10 12
f 14 13 15
f 17 16 14
f 14 16 13
f 18 16 17
f 13 19 15
f 19 13 21
f 13 20 21
f 13 16 20
f 22 20 18
f 18 20 16
f 20 23 21
f 22 23 20
f 15 24 14
f 14 24 17
f 17 24 25
f 25 18 17
f 15 19 24
f 25 24 26
f 24 21 26
f 21 27 26
f 24 19 21
f 26 28 25
f 28 18 25
f 28 22 18
f 21 23 27
f 27 23 29
f 23 22 29
f 29 22 28
f 27 30 26
f 30 28 26
f 27 29 30
f 29 28 30
f 32 31 33
f 34 31 32
f 31 35 33
f 34 35 31
f 37 36 38
f 39 36 37
f 36 40 38
f 39 40 36
f 42 41 43
f 44 41 42
f 41 45 43
f 44 45 41
f 47 46 48
f 49 46 47
f 46 50 48
f 49 50 46
f 52 51 53
f 54 51 52
f 51 55 53
f 54 55 51
f 57 56 58
f 60 59 57
f 57 59 56
f 61 59 60
f 63 62 33
f 33 62 32
f 62 64 32
f 32 64 34
f 58 56 66
f 66 56 65
f 59 65 56
f 67 65 59
f 69 68 61
f 68 59 61
f 68 67 59
f 70 68 69
f 33 35 63
f 63 35 71
f 35 34 71
f 71 34 64
f 65 72 66
f 72 65 74
f 65 73 74
f 65 67 73
f 76 73 75
f 73 68 75
f 73 67 68
f 70 75 68
f 73 77 74
f 76 77 73
f 38 78 37
f 78 39 37
f 38 40 78
f 40 39 78
f 80 79 81
f 82 79 80
f 84 83 85
f 81 79 84
f 79 83 84
f 79 86 83
f 87 86 82
f 82 86 79
f 85 83 89
f 89 83 88
f 86 88 83
f 90 88 86
f 91 90 87
f 87 90 86
f 93 92 94
f 89 88 93
f 88 92 93
f 88 95 92
f 90 95 88
f 96 95 90
f 97 96 91
f 91 96 90
f 92 98 94
f 98 92 100
f 92 99 100
f 92 95 99
f 102 99 101
f 99 96 101
f 99 95 96
f 97 101 96
f 100 99 104
f 104 99 103
f 106 105 102
f 105 99 102
f 105 103 99
f 107 105 106
f 109 108 110
f 104 103 109
f 103 108 109
f 103 111 108
f 105 111 103
f 112 111 105
f 113 112 107
f 107 112 105
f 110 108 115
f 115 108 114
f 111 114 108
f 116 114 111
f 112 116 111
f 117 116 112
f 119 118 113
f 118 112 113
f 118 117 112
f 120 118 119
f 122 121 123
f 115 114 122
f 114 121 122
f 114 124 121
f 126 124 125
f 124 116 125
f 124 114 116
f 117 127 116
f 116 127 125
f 43 128 127
f 118 43 127
f 117 118 127
f 43 118 42
f 118 120 42
f 120 44 42
f 120 129 44
f 123 121 131
f 131 121 130
f 133 130 132
f 130 124 132
f 130 121 124
f 126 132 124
f 43 45 128
f 128 45 134
f 45 44 134
f 134 44 129
f 130 135 131
f 133 135 130
f 137 136 48
f 48 136 47
f 136 138 47
f 47 138 49
f 140 139 141
f 142 139 140
f 48 142 140
f 137 48 140
f 50 142 48
f 50 49 142
f 49 143 142
f 49 138 143
f 145 144 146
f 148 147 145
f 145 147 144
f 141 139 148
f 139 147 148
f 139 149 147
f 151 149 150
f 149 142 150
f 149 139 142
f 143 150 142
f 153 152 154
f 152 153 53
f 153 52 53
f 153 155 52
f 155 156 52
f 52 156 54
f 158 157 159
f 146 144 158
f 144 157 158
f 144 160 157
f 147 160 144
f 161 160 147
f 163 161 162
f 161 149 162
f 161 147 149
f 151 162 149
f 152 164 154
f 53 55 152
f 55 164 152
f 55 165 164
f 55 54 165
f 165 54 156
f 157 166 159
f 166 157 168
f 157 167 168
f 157 160 167
f 161 167 160
f 169 167 161
f 171 170 163
f 170 161 163
f 170 169 161
f 172 170 171
f 168 167 174
f 174 167 173
f 169 173 167
f 175 173 169
f 170 175 169
f 176 175 170
f 177 176 172
f 172 176 170
f 173 178 174
f 175 179 173
f 173 179 178
f 176 180 175
f 175 180 179
f 177 180 176
f 182 181 183
f 184 181 182
f 181 185 183
f 184 185 181
f 187 186 188
f 189 186 187
f 186 190 188
f 189 190 186
f 192 191 193
f 195 194 192
f 192 194 191
f 196 194 195
f 198 197 199
f 193 191 198
f 191 197 198
f 191 200 197
f 194 200 191
f 201 200 194
f 202 201 196
f 196 201 194
f 199 197 204
f 204 197 203
f 200 203 197
f 205 203 200
f 201 205 200
f 206 205 201
f 207 206 202
f 202 206 201
f 203 208 204
f 205 209 203
f 203 209 208
f 209 205 211
f 205 210 211
f 205 206 210
f 212 210 207
f 207 210 206
f 210 213 211
f 212 213 210
f 215 214 216
f 218 217 215
f 215 217 214
f 219 217 218
f 221 220 222
f 220 221 58
f 221 57 58
f 221 223 57
f 224 60 225
f 60 223 225
f 60 57 223
f 224 61 60
f 216 214 227
f 227 214 226
f 217 226 214
f 228 226 217
f 229 228 219
f 219 228 217
f 231 230 63
f 63 230 62
f 230 232 62
f 62 232 64
f 220 233 222
f 234 233 220
f 58 234 220
f 66 234 58
f 235 224 225
f 69 61 224
f 235 69 224
f 236 69 235
f 226 237 227
f 237 69 227
f 69 236 227
f 69 237 70
f 239 237 238
f 237 228 238
f 237 226 228
f 229 238 228
f 63 71 231
f 231 71 240
f 71 64 240
f 64 232 240
f 241 243 242
f 245 244 242
f 242 244 241
f 246 244 245
f 66 246 245
f 234 66 245
f 72 246 66
f 74 246 72
f 247 76 75
f 248 249 247
f 248 247 75
f 237 248 75
f 70 237 75
f 239 248 237
f 241 250 243
f 244 251 241
f 241 251 250
f 246 252 244
f 244 252 251
f 74 77 246
f 77 252 246
f 77 253 252
f 247 254 76
f 254 77 76
f 254 253 77
f 249 254 247
f 256 255 257
f 258 255 256
f 260 259 261
f 80 81 255
f 255 81 257
f 81 259 257
f 259 260 257
f 262 82 80
f 262 80 255
f 263 262 255
f 258 263 255
f 264 262 263
f 84 85 259
f 85 261 259
f 85 265 261
f 81 84 259
f 82 262 266
f 82 266 87
f 267 266 264
f 264 266 262
f 269 268 270
f 89 268 269
f 265 89 269
f 85 89 265
f 87 266 271
f 87 271 91
f 272 271 267
f 267 271 266
f 93 94 268
f 94 270 268
f 94 273 270
f 89 93 268
f 91 271 274
f 275 91 274
f 97 91 275
f 272 274 271
f 276 277 98
f 277 94 98
f 277 273 94
f 100 276 98
f 278 102 101
f 97 275 280
f 278 97 280
f 279 278 280
f 97 278 101
f 281 279 280
f 277 276 283
f 283 276 282
f 104 282 276
f 104 276 100
f 106 102 278
f 284 107 106
f 278 284 106
f 279 284 278
f 285 284 281
f 281 284 279
f 109 110 282
f 110 283 282
f 110 286 283
f 104 109 282
f 107 284 287
f 107 287 113
f 288 287 285
f 285 287 284
f 290 289 291
f 115 289 290
f 286 115 290
f 110 115 286
f 119 113 287
f 292 120 119
f 292 119 287
f 293 292 287
f 288 293 287
f 294 292 293
f 122 123 289
f 123 291 289
f 123 295 291
f 115 122 289
f 296 126 125
f 296 125 127
f 296 127 297
f 128 297 127
f 120 292 298
f 120 298 129
f 299 298 294
f 294 298 292
f 123 300 295
f 123 131 300
f 301 302 133
f 301 133 132
f 296 303 126
f 303 132 126
f 303 301 132
f 297 304 296
f 296 304 303
f 128 134 297
f 134 304 297
f 134 305 304
f 298 306 129
f 306 134 129
f 306 305 134
f 299 306 298
f 307 308 135
f 308 131 135
f 308 300 131
f 135 133 307
f 133 309 307
f 133 302 309
f 311 310 312
f 310 311 314
f 136 137 313
f 313 138 136
f 308 307 316
f 316 307 315
f 318 317 309
f 317 307 309
f 317 315 307
f 320 319 318
f 318 319 317
f 322 321 320
f 320 321 319
f 140 141 310
f 310 141 312
f 141 321 312
f 321 322 312
f 323 313 137
f 140 323 137
f 323 310 314
f 323 140 310
f 323 324 313
f 324 138 313
f 324 143 138
f 326 325 327
f 328 325 326
f 315 329 316
f 329 315 331
f 315 330 331
f 315 317 330
f 319 145 146
f 330 319 146
f 317 319 330
f 145 319 321
f 145 321 148
f 141 148 321
f 332 333 151
f 332 151 150
f 150 143 332
f 332 143 324
f 154 334 153
f 153 334 155
f 334 335 155
f 327 325 336
f 325 328 336
f 156 155 335
f 158 159 330
f 159 331 330
f 159 337 331
f 146 158 330
f 338 163 162
f 162 151 338
f 151 339 338
f 151 333 339
f 154 164 334
f 334 164 335
f 335 164 165
f 165 156 335
f 340 341 166
f 341 159 166
f 341 337 159
f 168 340 166
f 171 163 338
f 342 172 171
f 342 171 338
f 343 342 338
f 339 343 338
f 344 342 343
f 340 345 341
f 346 345 340
f 168 346 340
f 174 346 168
f 172 342 347
f 172 347 177
f 348 347 344
f 344 347 342
f 349 350 178
f 350 174 178
f 350 346 174
f 349 178 179
f 349 179 351
f 351 179 180
f 351 180 352
f 353 354 352
f 353 352 180
f 347 353 180
f 177 347 180
f 348 353 347
f 350 349 356
f 356 349 355
f 358 355 357
f 355 351 357
f 355 349 351
f 352 359 351
f 351 359 357
f 354 359 352
f 361 360 362
f 356 355 361
f 355 360 361
f 355 363 360
f 364 363 358
f 358 363 355
f 362 360 366
f 366 360 365
f 363 365 360
f 367 365 363
f 368 367 364
f 364 367 363
f 182 183 365
f 183 366 365
f 183 369 366
f 370 184 182
f 365 370 182
f 367 370 365
f 371 370 368
f 368 370 367
f 373 372 374
f 375 372 373
f 183 375 373
f 369 183 373
f 185 375 183
f 375 185 184
f 370 375 184
f 376 375 370
f 377 376 371
f 371 376 370
f 374 372 379
f 379 372 378
f 375 378 372
f 380 378 375
f 382 380 381
f 380 376 381
f 380 375 376
f 377 381 376
f 379 378 384
f 384 378 383
f 380 383 378
f 385 383 380
f 387 386 382
f 386 380 382
f 386 385 380
f 388 386 387
f 390 389 391
f 389 390 188
f 390 187 188
f 390 392 187
f 392 393 187
f 187 393 189
f 384 383 395
f 395 383 394
f 385 394 383
f 396 394 385
f 386 396 385
f 397 396 386
f 399 398 388
f 398 386 388
f 398 397 386
f 401 398 399
f 389 400 391
f 188 190 389
f 190 400 389
f 190 402 400
f 190 189 402
f 402 189 393
f 394 403 395
f 403 394 405
f 394 404 405
f 394 396 404
f 397 404 396
f 406 404 397
f 398 406 397
f 407 406 398
f 408 407 401
f 401 407 398
f 405 404 410
f 410 404 409
f 406 409 404
f 411 409 406
f 413 411 412
f 411 407 412
f 411 406 407
f 408 412 407
f 409 414 410
f 411 415 409
f 409 415 414
f 413 415 411
f 417 416 418
f 419 416 417
f 418 416 421
f 421 416 420
f 423 422 419
f 422 416 419
f 422 420 416
f 424 422 423
f 420 425 421
f 425 420 427
f 420 426 427
f 420 422 426
f 428 426 424
f 424 426 422
f 427 426 430
f 430 426 429
f 432 431 428
f 431 426 428
f 431 429 426
f 433 431 432
f 429 434 430
f 431 435 429
f 429 435 434
f 433 435 431
f 437 436 438
f 440 439 437
f 437 439 436
f 441 439 440
f 436 442 438
f 442 436 444
f 436 443 444
f 436 439 443
f 445 443 441
f 441 443 439
f 444 443 447
f 447 443 446
f 448 446 445
f 445 446 443
f 450 449 451
f 447 446 450
f 446 449 450
f 446 452 449
f 453 452 448
f 448 452 446
f 451 449 455
f 455 449 454
f 452 454 449
f 456 454 452
f 457 456 453
f 453 456 452
f 454 458 455
f 456 459 454
f 454 459 458
f 457 459 456
f 193 460 192
f 192 460 195
f 195 460 461
f 461 196 195
f 463 462 199
f 199 462 198
f 198 462 193
f 462 464 193
f 464 460 193
f 462 465 464
f 464 461 460
f 464 466 461
f 466 202 461
f 461 202 196
f 468 463 467
f 463 204 467
f 463 199 204
f 467 470 469
f 464 467 469
f 467 465 468
f 467 464 465
f 471 466 464
f 471 464 469
f 207 202 466
f 473 207 466
f 471 473 466
f 472 207 473
f 474 472 473
f 204 208 467
f 467 208 470
f 208 475 470
f 208 209 475
f 476 475 209
f 476 209 211
f 207 472 477
f 207 477 212
f 478 477 474
f 474 477 472
f 479 480 213
f 480 211 213
f 480 476 211
f 479 213 212
f 477 479 212
f 481 479 477
f 482 481 478
f 478 481 477
f 484 480 479
f 216 483 215
f 483 485 215
f 485 218 215
f 479 486 484
f 479 481 486
f 481 482 486
f 219 218 485
f 222 487 221
f 489 488 487
f 488 221 487
f 488 223 221
f 488 490 223
f 223 490 225
f 483 216 491
f 216 492 491
f 216 227 492
f 483 491 494
f 493 483 494
f 485 483 493
f 493 229 485
f 485 229 219
f 496 495 497
f 499 498 496
f 496 498 495
f 498 499 501
f 230 231 500
f 500 232 230
f 502 504 503
f 222 233 487
f 489 487 233
f 234 489 233
f 489 502 503
f 489 234 502
f 235 225 490
f 235 490 505
f 506 235 505
f 506 236 235
f 507 236 506
f 509 507 506
f 507 227 236
f 492 507 508
f 507 492 227
f 239 238 493
f 239 493 494
f 507 239 494
f 508 507 494
f 238 229 493
f 495 510 497
f 498 511 495
f 495 511 510
f 501 511 498
f 240 500 231
f 232 500 240
f 512 242 243
f 513 504 512
f 504 245 512
f 245 242 512
f 504 502 245
f 234 245 502
f 249 248 507
f 509 249 507
f 514 249 509
f 248 239 507
f 243 250 512
f 250 251 512
f 251 516 512
f 516 513 512
f 516 251 515
f 515 251 252
f 515 252 517
f 517 252 253
f 517 253 518
f 519 520 518
f 253 519 518
f 254 519 253
f 254 249 519
f 519 249 514
f 515 521 516
f 521 515 523
f 515 522 523
f 515 517 522
f 525 522 524
f 522 518 524
f 522 517 518
f 520 524 518
f 522 526 523
f 526 522 525
f 527 529 528
f 530 527 528
f 527 531 529
f 530 531 527
f 533 532 534
f 535 532 533
f 532 536 534
f 535 536 532
f 538 537 539
f 541 540 538
f 538 540 537
f 543 542 541
f 541 542 540
f 544 542 543
f 537 545 539
f 545 537 547
f 537 546 547
f 537 540 546
f 542 546 540
f 548 546 542
f 550 549 544
f 549 542 544
f 549 548 542
f 552 551 550
f 550 551 549
f 553 551 552
f 547 546 555
f 555 546 554
f 548 256 257
f 554 548 257
f 546 548 554
f 556 258 256
f 548 556 256
f 549 556 548
f 551 556 549
f 557 556 551
f 558 557 553
f 553 557 551
f 560 559 561
f 260 261 554
f 554 261 555
f 261 559 555
f 559 560 555
f 257 260 554
f 263 258 556
f 562 264 263
f 556 562 263
f 557 562 556
f 563 562 558
f 558 562 557
f 561 559 565
f 565 559 564
f 265 564 559
f 265 559 261
f 264 562 566
f 264 566 267
f 567 566 563
f 563 566 562
f 269 270 564
f 270 565 564
f 270 568 565
f 265 269 564
f 267 566 569
f 570 267 569
f 272 267 570
f 567 569 566
f 270 571 568
f 270 273 571
f 572 275 274
f 274 272 572
f 272 573 572
f 272 570 573
f 273 574 571
f 273 277 574
f 280 275 572
f 572 573 280
f 573 281 280
f 573 575 281
f 277 576 574
f 277 283 576
f 575 578 577
f 285 575 577
f 281 575 285
f 579 577 578
f 283 580 576
f 283 286 580
f 285 577 581
f 285 581 288
f 582 581 579
f 579 581 577
f 584 583 291
f 291 583 290
f 286 290 583
f 286 583 580
f 293 288 581
f 585 294 293
f 585 293 581
f 586 585 581
f 582 586 581
f 587 585 586
f 589 584 588
f 584 295 588
f 584 291 295
f 588 590 589
f 294 585 591
f 592 294 591
f 299 294 592
f 587 591 585
f 588 295 593
f 295 594 593
f 295 300 594
f 593 590 588
f 301 595 302
f 595 301 303
f 595 303 596
f 596 303 304
f 596 304 597
f 597 304 305
f 597 305 598
f 598 305 306
f 598 306 599
f 306 299 599
f 299 600 599
f 299 592 600
f 602 601 603
f 308 601 602
f 594 308 602
f 300 308 594
f 302 595 604
f 302 604 309
f 596 604 595
f 605 604 596
f 597 605 596
f 606 605 597
f 598 311 312
f 606 598 312
f 597 598 606
f 607 314 311
f 598 607 311
f 599 607 598
f 608 607 600
f 600 607 599
f 601 609 603
f 610 609 601
f 308 610 601
f 316 610 308
f 318 309 604
f 318 604 605
f 318 605 320
f 320 605 606
f 320 606 322
f 312 322 606
f 323 314 607
f 607 608 323
f 608 324 323
f 608 611 324
f 327 612 326
f 612 328 326
f 316 329 610
f 610 329 613
f 614 613 329
f 614 329 331
f 615 333 332
f 332 324 615
f 324 616 615
f 324 611 616
f 327 336 612
f 336 328 612
f 331 617 614
f 331 337 617
f 333 615 618
f 333 618 339
f 619 618 616
f 616 618 615
f 337 620 617
f 337 341 620
f 343 339 618
f 618 619 343
f 619 344 343
f 619 621 344
f 622 623 345
f 623 341 345
f 623 620 341
f 346 622 345
f 624 344 621
f 348 344 624
f 623 622 626
f 626 622 625
f 350 625 622
f 350 622 346
f 627 354 353
f 353 348 627
f 348 628 627
f 348 624 628
f 626 625 630
f 630 625 629
f 356 629 625
f 356 625 350
f 631 358 357
f 631 357 359
f 631 359 632
f 632 359 354
f 627 632 354
f 633 632 627
f 634 633 628
f 628 633 627
f 361 362 629
f 362 630 629
f 362 635 630
f 356 361 629
f 358 631 636
f 358 636 364
f 632 636 631
f 637 636 632
f 633 637 632
f 638 637 633
f 639 638 634
f 634 638 633
f 362 640 635
f 362 366 640
f 364 636 641
f 364 641 368
f 637 641 636
f 642 641 637
f 638 642 637
f 643 642 638
f 644 643 639
f 639 643 638
f 646 645 647
f 369 645 646
f 640 369 646
f 366 369 640
f 368 641 648
f 368 648 371
f 642 648 641
f 649 648 642
f 643 649 642
f 650 649 643
f 651 650 644
f 644 650 643
f 373 374 645
f 374 647 645
f 374 652 647
f 369 373 645
f 371 648 653
f 371 653 377
f 649 653 648
f 654 653 649
f 656 654 655
f 654 650 655
f 654 649 650
f 651 655 650
f 374 657 652
f 374 379 657
f 658 382 381
f 658 381 377
f 653 658 377
f 659 658 653
f 654 659 653
f 660 659 654
f 661 660 656
f 656 660 654
f 379 662 657
f 379 384 662
f 387 382 658
f 663 388 387
f 658 663 387
f 659 663 658
f 660 390 391
f 663 660 391
f 659 660 663
f 392 390 660
f 665 392 660
f 661 665 660
f 392 665 664
f 664 393 392
f 384 666 662
f 384 395 666
f 399 388 663
f 663 391 400
f 667 663 400
f 663 401 399
f 663 667 401
f 665 668 667
f 402 665 667
f 400 402 667
f 664 665 402
f 402 393 664
f 669 670 403
f 670 395 403
f 670 666 395
f 405 669 403
f 401 667 671
f 401 671 408
f 672 671 668
f 668 671 667
f 670 669 674
f 674 669 673
f 410 673 669
f 410 669 405
f 675 413 412
f 675 412 408
f 671 675 408
f 676 675 671
f 677 676 672
f 672 676 671
f 674 673 679
f 679 673 678
f 673 410 414
f 680 673 414
f 678 673 680
f 680 414 415
f 680 415 681
f 681 415 413
f 675 681 413
f 682 681 675
f 684 682 683
f 682 676 683
f 682 675 676
f 677 683 676
f 679 678 686
f 686 678 685
f 680 685 678
f 687 685 680
f 681 687 680
f 688 687 681
f 690 688 689
f 688 682 689
f 688 681 682
f 684 689 682
f 685 691 686
f 687 692 685
f 685 692 691
f 688 693 687
f 687 693 692
f 690 693 688
f 695 694 696
f 697 694 695
f 699 698 700
f 701 698 699
f 694 702 696
f 697 702 694
f 417 418 698
f 418 700 698
f 418 703 700
f 698 701 417
f 701 419 417
f 701 704 419
f 706 705 707
f 708 705 706
f 710 709 711
f 714 709 710
f 421 713 703
f 418 421 703
f 712 713 421
f 712 715 713
f 715 419 713
f 419 704 713
f 715 423 419
f 705 716 707
f 424 423 715
f 708 716 705
f 711 709 718
f 718 709 717
f 719 717 714
f 717 709 714
f 425 712 421
f 427 720 425
f 720 712 425
f 720 715 712
f 720 428 715
f 715 428 424
f 717 721 718
f 719 721 717
f 720 427 722
f 722 427 430
f 428 720 432
f 720 723 432
f 720 722 723
f 723 433 432
f 725 724 726
f 727 724 725
f 430 434 722
f 722 434 723
f 723 434 435
f 435 433 723
f 724 728 726
f 727 728 724
f 438 729 437
f 437 729 440
f 440 729 730
f 730 441 440
f 438 442 729
f 444 731 442
f 731 729 442
f 731 730 729
f 731 445 730
f 730 445 441
f 731 444 732
f 732 444 447
f 732 448 731
f 731 448 445
f 451 733 450
f 450 733 447
f 733 732 447
f 733 734 732
f 734 453 732
f 732 453 448
f 733 451 735
f 735 451 455
f 735 734 733
f 735 736 734
f 736 457 734
f 734 457 453
f 455 458 735
f 735 458 736
f 736 458 459
f 459 457 736
f 463 737 462
f 737 465 462
f 739 738 740
f 742 741 739
f 739 741 738
f 743 741 742
f 463 468 737
f 745 744 470
f 744 469 470
f 737 468 465
f 746 469 744
f 746 471 469
f 746 740 738
f 473 746 738
f 471 746 473
f 738 741 747
f 474 738 747
f 748 474 747
f 473 738 474
f 743 747 741
f 470 475 745
f 745 475 749
f 475 476 750
f 751 475 750
f 749 475 751
f 752 753 751
f 752 751 750
f 752 478 753
f 478 748 753
f 478 474 748
f 750 476 754
f 754 476 480
f 754 752 750
f 754 755 752
f 755 482 752
f 752 482 478
f 757 756 758
f 759 756 757
f 480 484 754
f 754 484 755
f 484 486 755
f 762 761 760
f 486 482 755
f 763 760 761
f 765 758 756
f 489 764 488
f 756 759 765
f 490 488 764
f 492 766 491
f 760 767 762
f 494 491 766
f 763 767 760
f 497 768 496
f 496 768 499
f 499 768 769
f 769 501 499
f 504 770 503
f 772 771 770
f 770 771 503
f 771 764 503
f 764 489 503
f 773 505 774
f 774 505 771
f 505 490 771
f 490 764 771
f 505 773 506
f 506 773 775
f 508 766 492
f 775 509 506
f 508 494 766
f 497 510 768
f 768 510 769
f 769 510 511
f 511 501 769
f 770 504 776
f 776 504 513
f 776 777 772
f 776 772 770
f 773 774 779
f 773 779 778
f 778 775 773
f 778 780 775
f 780 514 775
f 775 514 509
f 776 513 781
f 513 782 781
f 513 516 782
f 776 781 785
f 783 776 785
f 776 784 777
f 776 783 784
f 778 779 784
f 783 778 784
f 786 778 783
f 519 780 520
f 780 786 520
f 780 778 786
f 519 514 780
f 787 788 521
f 788 516 521
f 788 782 516
f 521 785 790
f 787 521 790
f 521 783 785
f 789 521 523
f 521 789 783
f 524 786 525
f 786 789 525
f 786 783 789
f 524 520 786
f 787 791 788
f 790 791 787
f 526 789 523
f 525 789 526
f 792 528 529
f 792 530 528
f 794 793 795
f 793 794 796
f 794 797 796
f 529 531 792
f 799 798 797
f 798 796 797
f 530 792 531
f 800 798 799
f 795 793 802
f 802 793 801
f 796 801 793
f 803 801 796
f 798 803 796
f 804 803 798
f 805 804 800
f 800 804 798
f 534 806 533
f 806 535 533
f 801 807 802
f 803 808 801
f 801 808 807
f 804 809 803
f 803 809 808
f 809 804 805
f 810 812 811
f 813 810 811
f 534 536 806
f 536 535 806
f 815 814 539
f 539 814 538
f 816 538 814
f 816 541 538
f 817 541 816
f 817 543 541
f 810 818 812
f 818 543 812
f 543 817 812
f 543 818 544
f 820 819 813
f 819 810 813
f 819 818 810
f 821 819 820
f 822 823 545
f 823 539 545
f 823 815 539
f 547 822 545
f 550 544 818
f 550 818 819
f 550 819 552
f 819 821 552
f 821 553 552
f 821 824 553
f 823 822 826
f 826 822 825
f 555 825 822
f 555 822 547
f 827 553 824
f 558 553 827
f 560 561 825
f 561 826 825
f 561 828 826
f 555 560 825
f 827 830 829
f 563 827 829
f 558 827 563
f 831 829 830
f 561 832 828
f 561 565 832
f 563 829 833
f 563 833 567
f 834 833 831
f 831 833 829
f 565 835 832
f 565 568 835
f 836 570 569
f 836 569 567
f 833 836 567
f 837 836 833
f 838 837 834
f 834 837 833
f 840 839 841
f 571 839 840
f 835 571 840
f 568 571 835
f 570 836 842
f 570 842 573
f 844 842 843
f 842 837 843
f 842 836 837
f 838 843 837
f 841 839 846
f 846 839 845
f 574 845 839
f 574 839 571
f 573 842 847
f 573 847 575
f 849 848 844
f 848 842 844
f 848 847 842
f 850 848 849
f 845 851 846
f 852 851 845
f 574 852 845
f 576 852 574
f 578 575 847
f 853 579 578
f 847 853 578
f 848 853 847
f 854 853 850
f 850 853 848
f 576 855 852
f 576 580 855
f 579 853 856
f 579 856 582
f 857 856 854
f 854 856 853
f 859 858 584
f 584 858 583
f 580 583 858
f 580 858 855
f 586 582 856
f 860 587 586
f 860 586 856
f 861 860 856
f 857 861 856
f 862 860 861
f 863 864 589
f 864 584 589
f 864 859 584
f 590 863 589
f 865 866 592
f 865 592 591
f 865 591 587
f 867 865 587
f 860 867 587
f 868 865 867
f 870 869 862
f 869 860 862
f 869 867 860
f 871 869 870
f 873 872 874
f 593 594 863
f 863 594 864
f 594 872 864
f 872 873 864
f 590 593 863
f 866 876 875
f 600 866 875
f 592 866 600
f 868 867 876
f 867 875 876
f 867 877 875
f 869 877 867
f 878 877 869
f 879 878 871
f 871 878 869
f 602 603 872
f 603 874 872
f 603 880 874
f 594 602 872
f 600 875 881
f 600 881 608
f 883 881 882
f 881 877 882
f 881 875 877
f 878 884 877
f 877 884 882
f 879 884 878
f 603 609 880
f 880 609 885
f 886 885 609
f 886 609 610
f 608 881 887
f 888 608 887
f 611 608 888
f 883 887 881
f 889 890 613
f 890 610 613
f 890 886 610
f 614 889 613
f 891 611 888
f 616 611 891
f 890 889 893
f 893 889 892
f 617 892 889
f 617 889 614
f 894 616 891
f 619 616 894
f 892 895 893
f 896 895 892
f 617 896 892
f 620 896 617
f 897 619 894
f 621 619 897
f 620 898 896
f 620 623 898
f 899 621 897
f 624 621 899
f 623 900 898
f 623 626 900
f 901 624 899
f 628 624 901
f 626 902 900
f 626 630 902
f 903 628 901
f 634 628 903
f 630 904 902
f 630 635 904
f 905 634 903
f 639 634 905
f 907 906 908
f 640 906 907
f 904 640 907
f 635 640 904
f 909 639 905
f 644 639 909
f 646 647 906
f 647 908 906
f 647 910 908
f 640 646 906
f 911 644 909
f 651 644 911
f 647 912 910
f 647 652 912
f 913 914 656
f 913 656 655
f 655 651 913
f 913 651 911
f 652 915 912
f 652 657 915
f 916 656 914
f 661 656 916
f 657 917 915
f 657 662 917
f 918 661 916
f 665 661 918
f 662 919 917
f 662 666 919
f 918 921 920
f 668 918 920
f 665 918 668
f 922 920 921
f 666 923 919
f 666 670 923
f 668 920 924
f 668 924 672
f 925 924 922
f 922 924 920
f 670 926 923
f 670 674 926
f 672 924 927
f 672 927 677
f 928 927 925
f 925 927 924
f 674 929 926
f 674 679 929
f 930 684 683
f 931 932 930
f 931 930 683
f 927 931 683
f 677 927 683
f 928 931 927
f 679 933 929
f 679 686 933
f 934 690 689
f 934 689 684
f 930 934 684
f 935 934 930
f 936 935 932
f 932 935 930
f 686 691 933
f 933 691 937
f 691 938 937
f 692 938 691
f 692 939 938
f 693 939 692
f 934 940 690
f 940 693 690
f 940 939 693
f 940 934 942
f 934 941 942
f 934 935 941
f 943 941 936
f 936 941 935
f 942 941 945
f 945 941 944
f 947 946 943
f 946 941 943
f 946 944 941
f 949 948 947
f 947 948 946
f 951 950 949
f 949 950 948
f 952 950 951
f 944 953 945
f 953 944 955
f 944 954 955
f 944 946 954
f 948 695 696
f 954 948 696
f 946 948 954
f 948 950 956
f 697 948 956
f 957 697 956
f 695 948 697
f 952 956 950
f 959 958 700
f 700 958 699
f 958 960 699
f 699 960 701
f 955 954 962
f 962 954 961
f 961 954 696
f 963 961 696
f 702 963 696
f 961 963 964
f 702 697 963
f 963 697 957
f 966 959 965
f 959 703 965
f 959 700 703
f 965 704 966
f 704 960 966
f 704 701 960
f 707 967 706
f 967 708 706
f 961 968 962
f 964 968 961
f 711 969 710
f 713 965 703
f 969 714 710
f 713 704 965
f 707 716 967
f 716 708 967
f 969 711 970
f 970 711 718
f 970 719 969
f 969 719 714
f 718 721 970
f 721 719 970
f 726 971 725
f 971 727 725
f 726 728 971
f 728 727 971
f 973 972 740
f 740 972 739
f 974 742 975
f 742 972 975
f 742 739 972
f 974 743 742
f 745 976 744
f 978 977 976
f 977 744 976
f 977 746 744
f 979 746 977
f 981 979 977
f 979 740 746
f 973 979 980
f 979 973 740
f 748 747 974
f 748 974 975
f 979 748 975
f 980 979 975
f 747 743 974
f 745 749 976
f 976 749 978
f 749 982 978
f 749 751 982
f 981 982 979
f 982 753 979
f 982 751 753
f 753 748 979
f 984 983 985
f 986 983 984
f 988 987 989
f 987 988 758
f 988 757 758
f 988 990 757
f 990 991 757
f 757 991 759
f 985 983 993
f 993 983 992
f 994 761 986
f 761 992 986
f 992 983 986
f 761 762 992
f 994 995 761
f 761 995 763
f 987 996 989
f 758 765 987
f 765 996 987
f 765 997 996
f 765 759 997
f 997 759 991
f 992 998 993
f 767 999 1000
f 767 1000 998
f 762 767 998
f 992 762 998
f 767 763 999
f 763 1001 999
f 763 995 1001
f 772 1002 771
f 1002 774 771
f 999 1003 1000
f 1001 1003 999
f 1002 772 1004
f 1004 772 777
f 1004 779 1002
f 1002 779 774
f 782 1005 781
f 784 1004 777
f 1005 785 781
f 784 779 1004
f 1005 782 1006
f 782 1007 1006
f 782 788 1007
f 1006 1008 1005
f 1008 785 1005
f 1008 790 785
f 788 791 1007
f 1007 791 1009
f 791 790 1009
f 1009 790 1008
f 1011 1010 795
f 795 1010 794
f 1012 794 1010
f 1012 797 794
f 1013 797 1012
f 1013 799 797
f 1013 1014 799
f 799 1014 800
f 1016 1011 1015
f 1011 802 1015
f 1011 795 802
f 1015 1017 1016
f 1014 1019 1018
f 805 1014 1018
f 800 1014 805
f 1020 1018 1019
f 1022 1021 1023
f 1024 1021 1022
f 807 1015 802
f 1015 807 1017
f 807 1025 1017
f 807 808 1025
f 809 1026 1027
f 1025 809 1027
f 808 809 1025
f 1018 811 812
f 1026 1018 812
f 1018 809 805
f 1018 1026 809
f 1028 813 811
f 1028 811 1018
f 1029 1028 1018
f 1020 1029 1018
f 1030 1028 1029
f 1023 1021 1032
f 1032 1021 1031
f 1033 814 1024
f 814 1031 1024
f 1031 1021 1024
f 814 815 1031
f 1034 814 1033
f 1034 816 814
f 1034 1027 1026
f 817 1034 1026
f 816 1034 817
f 812 817 1026
f 820 813 1028
f 1028 1030 820
f 1030 821 820
f 1030 1035 821
f 1032 1031 1037
f 1037 1031 1036
f 823 1036 1031
f 823 1031 815
f 1038 821 1035
f 824 821 1038
f 1037 1036 1040
f 1040 1036 1039
f 826 1039 1036
f 826 1036 823
f 1041 824 1038
f 827 824 1041
f 1040 1039 1043
f 1043 1039 1042
f 828 1042 1039
f 828 1039 826
f 830 827 1041
f 830 1041 1044
f 1044 1045 830
f 830 1045 831
f 1043 1042 1047
f 1047 1042 1046
f 832 1046 1042
f 832 1042 828
f 1045 1049 1048
f 834 1045 1048
f 831 1045 834
f 1050 1048 1049
f 1047 1046 1052
f 1052 1046 1051
f 835 1051 1046
f 835 1046 832
f 834 1048 1053
f 1054 834 1053
f 838 834 1054
f 1050 1053 1048
f 840 841 1051
f 841 1052 1051
f 841 1055 1052
f 835 840 1051
f 1056 844 843
f 843 838 1056
f 838 1057 1056
f 838 1054 1057
f 841 1058 1055
f 841 846 1058
f 849 844 1056
f 1056 1057 849
f 1057 850 849
f 1057 1059 850
f 1060 1061 851
f 1061 846 851
f 1061 1058 846
f 852 1060 851
f 1059 1063 1062
f 854 1059 1062
f 850 1059 854
f 1065 1064 1063
f 1063 1064 1062
f 1066 1064 1065
f 1061 1060 1068
f 1068 1060 1067
f 855 1067 1060
f 855 1060 852
f 1069 1070 1071
f 1072 1070 1069
f 854 1072 1069
f 857 854 1069
f 1072 854 1062
f 1064 1073 1062
f 1062 1073 1072
f 1066 1073 1064
f 858 859 1067
f 859 1068 1067
f 859 1074 1068
f 855 858 1067
f 1069 1071 1076
f 1069 1076 1075
f 857 1069 861
f 1069 1077 861
f 1069 1075 1077
f 1077 862 861
f 859 1078 1074
f 859 864 1078
f 866 865 1075
f 1076 866 1075
f 1079 866 1076
f 868 1080 865
f 1080 1075 865
f 1080 1077 1075
f 862 1077 870
f 1077 1081 870
f 1077 1080 1081
f 1081 871 870
f 1083 1082 1084
f 1085 1082 1083
f 874 1086 873
f 864 873 1086
f 1087 864 1086
f 1078 864 1087
f 876 866 1079
f 876 1079 1088
f 876 1088 868
f 1088 1089 868
f 1089 1080 868
f 1088 1090 1089
f 1089 1081 1080
f 1089 1091 1081
f 1091 879 1081
f 1081 879 871
f 1082 1092 1084
f 1085 1092 1082
f 1086 874 1093
f 1093 874 880
f 1093 1094 1087
f 1093 1087 1086
f 1090 1096 1095
f 883 1090 1095
f 1090 882 1089
f 1090 883 882
f 884 1091 882
f 1091 1089 882
f 1097 1095 1096
f 884 879 1091
f 880 885 1093
f 1094 1093 885
f 886 1094 885
f 1098 1094 886
f 1099 1100 888
f 1099 888 887
f 1095 1101 883
f 1101 887 883
f 1101 1099 887
f 1097 1101 1095
f 886 1102 1098
f 886 890 1102
f 1103 1104 1105
f 1103 891 1104
f 891 1100 1104
f 891 888 1100
f 890 1106 1102
f 890 893 1106
f 1103 1105 1108
f 1103 1108 1107
f 1107 894 1103
f 1103 894 891
f 1109 1110 895
f 1110 893 895
f 1110 1106 893
f 896 1109 895
f 1111 1107 1108
f 1111 1112 1107
f 1112 894 1107
f 1112 897 894
f 1110 1109 1114
f 1114 1109 1113
f 898 1113 1109
f 898 1109 896
f 1115 897 1112
f 899 897 1115
f 1113 1116 1114
f 1117 1116 1113
f 898 1117 1113
f 900 1117 898
f 1118 899 1115
f 901 899 1118
f 900 1119 1117
f 900 902 1119
f 1120 1121 1122
f 1120 903 1121
f 903 1118 1121
f 903 901 1118
f 1124 1123 1125
f 904 1123 1124
f 1119 904 1124
f 902 904 1119
f 1126 1120 1122
f 1126 1127 1120
f 1127 903 1120
f 1127 905 903
f 907 908 1123
f 908 1125 1123
f 908 1128 1125
f 904 907 1123
f 1129 905 1127
f 909 905 1129
f 908 1130 1128
f 908 910 1130
f 1131 909 1129
f 911 909 1131
f 910 1132 1130
f 910 912 1132
f 1133 914 913
f 913 911 1133
f 911 1134 1133
f 911 1131 1134
f 912 1135 1132
f 912 915 1135
f 914 1133 1136
f 1137 914 1136
f 916 914 1137
f 1134 1136 1133
f 915 1138 1135
f 915 917 1138
f 1139 916 1137
f 918 916 1139
f 917 1140 1138
f 917 919 1140
f 921 918 1139
f 921 1139 1141
f 1141 1142 921
f 921 1142 922
f 919 1143 1140
f 919 923 1143
f 1144 922 1142
f 925 922 1144
f 923 1145 1143
f 923 926 1145
f 1146 925 1144
f 928 925 1146
f 926 1147 1145
f 926 929 1147
f 1148 932 931
f 931 928 1148
f 928 1149 1148
f 928 1146 1149
f 929 1150 1147
f 929 933 1150
f 1151 1152 1153
f 1154 1155 1152
f 1154 1152 1151
f 1155 1148 1156
f 1157 1155 1156
f 1155 932 1148
f 936 1155 1154
f 1155 936 932
f 1158 1156 1149
f 1149 1156 1148
f 1160 1159 1161
f 1162 1159 1160
f 933 937 1150
f 1150 937 1163
f 937 1164 1163
f 938 1164 937
f 938 1165 1164
f 939 1165 938
f 1153 1165 1151
f 1165 940 1151
f 1165 939 940
f 942 1166 940
f 1166 1151 940
f 1166 1154 1151
f 1166 943 1154
f 943 936 1154
f 1167 1157 1156
f 1167 1156 1158
f 1168 1170 1169
f 1172 1171 1169
f 1169 1171 1168
f 1174 1171 1172
f 1159 1173 1161
f 1162 1173 1159
f 1166 942 1175
f 1175 942 945
f 943 1166 947
f 1166 1176 947
f 1166 1175 1176
f 947 1176 949
f 1176 1177 949
f 1170 1168 1178
f 1177 1179 949
f 1179 951 949
f 1168 1180 1178
f 1168 1171 1180
f 1171 1174 1180
f 952 951 1179
f 945 953 1175
f 955 1181 953
f 1181 1175 953
f 1181 1176 1175
f 1181 1177 1176
f 1181 1182 1177
f 956 1179 957
f 1179 1182 957
f 1179 1177 1182
f 956 952 1179
f 1184 1183 959
f 959 1183 958
f 1183 1185 958
f 958 1185 960
f 1181 955 1186
f 1186 955 962
f 963 1182 964
f 1182 1186 964
f 1182 1181 1186
f 963 957 1182
f 959 966 1184
f 1184 966 1187
f 966 960 1187
f 1187 960 1185
f 962 968 1186
f 968 964 1186
f 973 1188 972
f 1188 975 972
f 1190 1189 1191
f 1189 1190 1193
f 977 978 1192
f 980 1188 973
f 1192 981 977
f 980 975 1188
f 1191 1189 1195
f 1195 1189 1194
f 982 1192 978
f 1197 1189 1193
f 1197 1196 1189
f 1196 1194 1189
f 1199 1198 1197
f 1198 1196 1197
f 981 1192 982
f 1200 1198 1199
f 1195 1194 1202
f 1202 1194 1201
f 1196 984 985
f 1201 1196 985
f 1194 1196 1201
f 1203 986 984
f 1196 1203 984
f 1198 1203 1196
f 1204 1203 1200
f 1200 1203 1198
f 989 1205 988
f 988 1205 990
f 990 1205 1206
f 991 990 1206
f 1208 1207 1209
f 1211 1207 1208
f 1201 1210 1202
f 1212 1210 1201
f 985 1212 1201
f 993 1212 985
f 994 986 1203
f 1203 1204 994
f 1204 995 994
f 1204 1213 995
f 989 996 1205
f 1205 996 1206
f 1206 996 997
f 1207 1214 1209
f 997 991 1206
f 1211 1214 1207
f 993 998 1212
f 1212 998 1215
f 1216 1215 998
f 1216 998 1000
f 1217 995 1213
f 1001 995 1217
f 1000 1003 1216
f 1216 1003 1218
f 1003 1001 1218
f 1218 1001 1217
f 1220 1219 1221
f 1219 1220 1223
f 1006 1007 1222
f 1222 1008 1006
f 1221 1219 1225
f 1225 1219 1224
f 1226 1224 1223
f 1224 1219 1223
f 1009 1222 1007
f 1009 1008 1222
f 1224 1227 1225
f 1227 1224 1226
f 1228 1230 1229
f 1228 1229 1232
f 1010 1011 1231
f 1234 1233 1231
f 1233 1010 1231
f 1233 1012 1010
f 1235 1012 1233
f 1235 1013 1012
f 1235 1236 1013
f 1013 1236 1014
f 1230 1228 1238
f 1238 1228 1237
f 1016 1231 1011
f 1240 1228 1232
f 1240 1239 1228
f 1239 1237 1228
f 1234 1231 1016
f 1017 1234 1016
f 1234 1239 1240
f 1234 1017 1239
f 1019 1014 1236
f 1019 1236 1241
f 1241 1242 1019
f 1019 1242 1020
f 1022 1023 1237
f 1023 1238 1237
f 1023 1243 1238
f 1244 1024 1022
f 1237 1244 1022
f 1239 1244 1237
f 1239 1017 1025
f 1245 1239 1025
f 1244 1239 1245
f 1027 1245 1025
f 1029 1020 1242
f 1029 1242 1246
f 1246 1247 1029
f 1029 1247 1030
f 1249 1243 1248
f 1243 1032 1248
f 1243 1023 1032
f 1248 1250 1249
f 1244 1033 1024
f 1033 1244 1245
f 1033 1245 1034
f 1027 1034 1245
f 1251 1030 1247
f 1035 1030 1251
f 1248 1032 1252
f 1252 1032 1037
f 1252 1253 1250
f 1252 1250 1248
f 1254 1035 1251
f 1038 1035 1254
f 1252 1037 1255
f 1037 1256 1255
f 1037 1040 1256
f 1255 1253 1252
f 1257 1258 1259
f 1257 1041 1258
f 1041 1254 1258
f 1041 1038 1254
f 1261 1260 1262
f 1043 1260 1261
f 1256 1043 1261
f 1040 1043 1256
f 1257 1259 1264
f 1257 1264 1263
f 1257 1263 1041
f 1263 1265 1041
f 1265 1044 1041
f 1265 1263 1266
f 1265 1267 1044
f 1044 1267 1045
f 1260 1268 1262
f 1269 1268 1260
f 1043 1269 1260
f 1047 1269 1043
f 1270 1263 1264
f 1270 1266 1263
f 1049 1045 1267
f 1049 1267 1271
f 1271 1272 1049
f 1049 1272 1050
f 1047 1273 1269
f 1047 1052 1273
f 1274 1275 1276
f 1275 1274 1054
f 1053 1275 1054
f 1275 1277 1278
f 1275 1053 1277
f 1053 1050 1277
f 1050 1279 1277
f 1050 1272 1279
f 1052 1280 1273
f 1052 1055 1280
f 1281 1274 1276
f 1281 1057 1054
f 1274 1281 1054
f 1281 1282 1057
f 1277 1281 1278
f 1281 1277 1282
f 1283 1282 1279
f 1279 1282 1277
f 1055 1284 1280
f 1055 1058 1284
f 1057 1282 1285
f 1057 1285 1059
f 1287 1286 1283
f 1286 1282 1283
f 1286 1285 1282
f 1288 1286 1287
f 1058 1289 1284
f 1058 1061 1289
f 1290 1291 1292
f 1059 1290 1293
f 1063 1059 1293
f 1059 1291 1290
f 1294 1059 1285
f 1059 1294 1291
f 1293 1295 1063
f 1295 1065 1063
f 1285 1296 1294
f 1285 1286 1296
f 1288 1296 1286
f 1066 1065 1295
f 1297 1299 1298
f 1300 1297 1298
f 1061 1301 1289
f 1061 1068 1301
f 1302 1303 1304
f 1071 1070 1290
f 1071 1290 1292
f 1302 1071 1292
f 1303 1302 1292
f 1290 1070 1293
f 1293 1070 1072
f 1293 1072 1295
f 1295 1072 1073
f 1297 1305 1299
f 1073 1066 1295
f 1300 1305 1297
f 1307 1301 1306
f 1301 1074 1306
f 1301 1068 1074
f 1306 1308 1307
f 1302 1304 1310
f 1302 1310 1309
f 1309 1076 1302
f 1302 1076 1071
f 1312 1311 1313
f 1314 1311 1312
f 1306 1074 1315
f 1315 1074 1078
f 1315 1316 1308
f 1315 1308 1306
f 1309 1310 1318
f 1309 1318 1317
f 1317 1079 1309
f 1309 1079 1076
f 1311 1319 1313
f 1083 1084 1320
f 1084 1321 1320
f 1311 1314 1319
f 1320 1322 1083
f 1083 1322 1085
f 1315 1078 1323
f 1078 1324 1323
f 1078 1087 1324
f 1323 1316 1315
f 1325 1317 1318
f 1326 1088 1327
f 1327 1088 1325
f 1088 1079 1325
f 1079 1317 1325
f 1326 1090 1088
f 1084 1092 1321
f 1321 1092 1328
f 1092 1085 1328
f 1328 1085 1322
f 1087 1329 1324
f 1087 1094 1329
f 1330 1326 1327
f 1331 1096 1332
f 1332 1096 1330
f 1096 1090 1330
f 1090 1326 1330
f 1331 1097 1096
f 1094 1333 1329
f 1094 1098 1333
f 1334 1335 1336
f 1335 1334 1100
f 1099 1335 1100
f 1337 1335 1099
f 1332 1337 1331
f 1337 1101 1331
f 1337 1099 1101
f 1101 1097 1331
f 1098 1338 1333
f 1098 1102 1338
f 1105 1104 1334
f 1336 1105 1334
f 1339 1105 1336
f 1104 1100 1334
f 1102 1340 1338
f 1102 1106 1340
f 1341 1342 1343
f 1341 1108 1342
f 1108 1339 1342
f 1108 1105 1339
f 1106 1344 1340
f 1106 1110 1344
f 1345 1341 1343
f 1346 1111 1347
f 1347 1111 1345
f 1111 1108 1345
f 1108 1341 1345
f 1346 1112 1111
f 1110 1348 1344
f 1110 1114 1348
f 1349 1346 1347
f 1349 1350 1346
f 1350 1112 1346
f 1350 1115 1112
f 1114 1116 1348
f 1348 1116 1351
f 1352 1351 1116
f 1352 1116 1117
f 1353 1115 1350
f 1118 1115 1353
f 1117 1354 1352
f 1117 1119 1354
f 1355 1356 1122
f 1355 1122 1121
f 1121 1118 1355
f 1355 1118 1353
f 1358 1357 1125
f 1125 1357 1124
f 1119 1124 1357
f 1119 1357 1354
f 1126 1122 1356
f 1126 1356 1359
f 1359 1360 1126
f 1126 1360 1127
f 1125 1361 1358
f 1125 1128 1361
f 1362 1127 1360
f 1129 1127 1362
f 1128 1363 1361
f 1128 1130 1363
f 1364 1129 1362
f 1131 1129 1364
f 1366 1363 1365
f 1363 1132 1365
f 1363 1130 1132
f 1365 1367 1366
f 1368 1131 1364
f 1134 1131 1368
f 1365 1132 1369
f 1369 1132 1135
f 1369 1370 1367
f 1369 1367 1365
f 1371 1137 1136
f 1136 1134 1371
f 1134 1372 1371
f 1134 1368 1372
f 1369 1135 1373
f 1373 1135 1138
f 1373 1374 1370
f 1373 1370 1369
f 1137 1371 1375
f 1137 1375 1139
f 1376 1375 1372
f 1372 1375 1371
f 1373 1138 1377
f 1138 1378 1377
f 1138 1140 1378
f 1377 1374 1373
f 1381 1379 1141
f 1139 1381 1141
f 1381 1375 1380
f 1381 1139 1375
f 1375 1376 1380
f 1142 1141 1379
f 1140 1382 1378
f 1140 1143 1382
f 1379 1381 1384
f 1379 1384 1383
f 1383 1144 1379
f 1379 1144 1142
f 1143 1385 1382
f 1143 1145 1385
f 1383 1384 1387
f 1383 1387 1386
f 1386 1146 1383
f 1383 1146 1144
f 1145 1388 1385
f 1145 1147 1388
f 1389 1386 1387
f 1389 1390 1386
f 1390 1146 1386
f 1390 1149 1146
f 1392 1388 1391
f 1388 1150 1391
f 1388 1147 1150
f 1391 1393 1392
f 1394 1395 1396
f 1395 1394 1153
f 1152 1395 1153
f 1397 1395 1152
f 1152 1398 1397
f 1155 1398 1152
f 1155 1157 1399
f 1400 1155 1399
f 1398 1155 1400
f 1399 1158 1400
f 1158 1390 1400
f 1158 1149 1390
f 1161 1401 1160
f 1401 1162 1160
f 1150 1163 1391
f 1391 1163 1393
f 1163 1402 1393
f 1163 1164 1402
f 1396 1402 1394
f 1402 1165 1394
f 1402 1164 1165
f 1165 1153 1394
f 1157 1167 1399
f 1158 1399 1167
f 1403 1169 1170
f 1405 1404 1403
f 1404 1169 1403
f 1404 1172 1169
f 1404 1406 1172
f 1406 1174 1172
f 1401 1161 1173
f 1173 1162 1401
f 1407 1409 1408
f 1170 1178 1403
f 1407 1408 1411
f 1403 1410 1405
f 1403 1178 1410
f 1178 1180 1410
f 1180 1174 1410
f 1410 1174 1406
f 1407 1412 1409
f 1411 1412 1407
f 1414 1413 1184
f 1184 1413 1183
f 1413 1415 1183
f 1183 1415 1185
f 1184 1187 1414
f 1414 1187 1416
f 1187 1185 1416
f 1416 1185 1415
f 1418 1417 1419
f 1420 1417 1418
f 1417 1421 1419
f 1420 1421 1417
f 1423 1422 1424
f 1425 1422 1423
f 1427 1426 1428
f 1424 1422 1427
f 1422 1426 1427
f 1422 1429 1426
f 1430 1429 1425
f 1425 1429 1422
f 1191 1431 1190
f 1426 1432 1428
f 1193 1190 1431
f 1432 1426 1434
f 1426 1433 1434
f 1426 1429 1433
f 1435 1433 1430
f 1430 1433 1429
f 1431 1191 1436
f 1191 1437 1436
f 1191 1195 1437
f 1197 1193 1431
f 1436 1197 1431
f 1438 1197 1436
f 1438 1434 1433
f 1199 1438 1433
f 1197 1438 1199
f 1433 1435 1199
f 1435 1200 1199
f 1435 1439 1200
f 1195 1440 1437
f 1195 1202 1440
f 1441 1200 1439
f 1204 1200 1441
f 1443 1442 1209
f 1209 1442 1208
f 1444 1440 1202
f 1210 1444 1202
f 1444 1442 1440
f 1208 1444 1211
f 1444 1208 1442
f 1212 1444 1210
f 1445 1446 1447
f 1445 1213 1446
f 1213 1441 1446
f 1213 1204 1441
f 1209 1214 1443
f 1443 1214 1448
f 1444 1449 1211
f 1449 1214 1211
f 1449 1448 1214
f 1215 1450 1451
f 1215 1451 1449
f 1212 1215 1449
f 1444 1212 1449
f 1215 1447 1453
f 1450 1215 1453
f 1215 1445 1447
f 1452 1215 1216
f 1215 1452 1445
f 1452 1217 1445
f 1445 1217 1213
f 1450 1454 1451
f 1453 1454 1450
f 1218 1452 1216
f 1218 1217 1452
f 1456 1455 1457
f 1458 1455 1456
f 1457 1455 1460
f 1460 1455 1459
f 1461 1459 1458
f 1458 1459 1455
f 1463 1462 1221
f 1221 1462 1220
f 1223 1220 1464
f 1220 1465 1464
f 1220 1462 1465
f 1466 1464 1465
f 1459 1467 1460
f 1461 1467 1459
f 1221 1468 1463
f 1221 1225 1468
f 1223 1464 1469
f 1223 1469 1226
f 1470 1469 1466
f 1466 1469 1464
f 1471 1472 1227
f 1472 1225 1227
f 1472 1468 1225
f 1469 1229 1230
f 1471 1469 1230
f 1469 1227 1226
f 1469 1471 1227
f 1473 1232 1229
f 1473 1229 1469
f 1474 1473 1469
f 1470 1474 1469
f 1473 1474 1476
f 1233 1234 1475
f 1233 1475 1235
f 1235 1475 1477
f 1477 1236 1235
f 1472 1471 1479
f 1479 1471 1478
f 1238 1478 1471
f 1238 1471 1230
f 1482 1480 1240
f 1232 1482 1240
f 1482 1473 1481
f 1482 1232 1473
f 1480 1484 1240
f 1484 1483 1240
f 1483 1234 1240
f 1234 1483 1475
f 1476 1481 1473
f 1485 1477 1475
f 1485 1475 1483
f 1241 1236 1477
f 1485 1241 1477
f 1486 1241 1485
f 1486 1487 1241
f 1241 1487 1242
f 1478 1488 1479
f 1238 1243 1478
f 1243 1490 1478
f 1490 1488 1478
f 1243 1489 1490
f 1489 1492 1491
f 1480 1489 1491
f 1489 1482 1490
f 1489 1480 1482
f 1491 1484 1480
f 1246 1242 1487
f 1246 1487 1493
f 1493 1494 1246
f 1246 1494 1247
f 1243 1249 1489
f 1492 1489 1249
f 1250 1492 1249
f 1495 1492 1250
f 1496 1247 1494
f 1251 1247 1496
f 1250 1497 1495
f 1250 1253 1497
f 1498 1499 1500
f 1498 1254 1499
f 1254 1496 1499
f 1254 1251 1496
f 1502 1501 1256
f 1256 1501 1255
f 1503 1255 1501
f 1505 1503 1501
f 1503 1253 1255
f 1497 1503 1504
f 1503 1497 1253
f 1506 1507 1504
f 1506 1504 1503
f 1506 1508 1507
f 1509 1510 1511
f 1259 1258 1498
f 1259 1498 1500
f 1509 1259 1500
f 1510 1509 1500
f 1258 1254 1498
f 1262 1512 1261
f 1256 1261 1512
f 1513 1256 1512
f 1502 1256 1513
f 1503 1505 1515
f 1503 1515 1514
f 1514 1506 1503
f 1514 1516 1506
f 1517 1518 1508
f 1506 1517 1508
f 1516 1517 1506
f 1509 1511 1518
f 1517 1509 1518
f 1519 1509 1517
f 1519 1264 1509
f 1509 1264 1259
f 1266 1520 1265
f 1520 1267 1265
f 1262 1268 1512
f 1269 1521 1268
f 1268 1521 1512
f 1521 1522 1512
f 1522 1513 1512
f 1521 1524 1523
f 1514 1521 1523
f 1521 1515 1522
f 1521 1514 1515
f 1514 1523 1526
f 1525 1514 1526
f 1516 1514 1525
f 1525 1517 1516
f 1525 1527 1517
f 1527 1519 1517
f 1527 1528 1519
f 1264 1519 1270
f 1519 1529 1270
f 1519 1528 1529
f 1270 1529 1266
f 1529 1520 1266
f 1529 1530 1520
f 1267 1520 1271
f 1520 1531 1271
f 1520 1530 1531
f 1531 1272 1271
f 1521 1269 1532
f 1269 1533 1532
f 1269 1273 1533
f 1532 1524 1521
f 1534 1525 1526
f 1535 1527 1525
f 1535 1525 1534
f 1536 1528 1527
f 1536 1527 1535
f 1537 1529 1528
f 1537 1528 1536
f 1538 1276 1537
f 1276 1530 1537
f 1530 1529 1537
f 1530 1276 1275
f 1278 1539 1275
f 1539 1530 1275
f 1539 1531 1530
f 1539 1279 1531
f 1531 1279 1272
f 1273 1540 1533
f 1273 1280 1540
f 1542 1541 1281
f 1276 1542 1281
f 1538 1542 1276
f 1281 1541 1278
f 1541 1539 1278
f 1541 1543 1539
f 1543 1283 1539
f 1539 1283 1279
f 1280 1544 1540
f 1280 1284 1544
f 1541 1542 1546
f 1541 1546 1545
f 1545 1543 1541
f 1545 1547 1543
f 1283 1543 1287
f 1543 1548 1287
f 1543 1547 1548
f 1548 1288 1287
f 1284 1549 1544
f 1284 1289 1549
f 1550 1551 1552
f 1553 1554 1551
f 1553 1551 1550
f 1292 1291 1545
f 1292 1545 1546
f 1553 1292 1546
f 1554 1553 1546
f 1545 1291 1547
f 1547 1291 1294
f 1547 1294 1548
f 1548 1294 1296
f 1288 1548 1296
f 1555 1298 1299
f 1555 1300 1298
f 1557 1549 1556
f 1549 1301 1556
f 1549 1289 1301
f 1556 1558 1557
f 1550 1552 1560
f 1550 1560 1559
f 1303 1553 1304
f 1553 1559 1304
f 1553 1550 1559
f 1303 1292 1553
f 1299 1305 1555
f 1305 1300 1555
f 1301 1307 1556
f 1558 1556 1307
f 1308 1558 1307
f 1561 1558 1308
f 1559 1560 1563
f 1559 1563 1562
f 1562 1310 1559
f 1559 1310 1304
f 1313 1564 1312
f 1564 1314 1312
f 1308 1565 1561
f 1308 1316 1565
f 1562 1563 1567
f 1562 1567 1566
f 1566 1318 1562
f 1562 1318 1310
f 1313 1319 1564
f 1314 1564 1319
f 1568 1320 1321
f 1568 1322 1320
f 1570 1569 1324
f 1324 1569 1323
f 1316 1323 1569
f 1316 1569 1565
f 1571 1566 1567
f 1572 1325 1573
f 1573 1325 1571
f 1325 1318 1571
f 1318 1566 1571
f 1572 1327 1325
f 1321 1328 1568
f 1328 1322 1568
f 1324 1574 1570
f 1324 1329 1574
f 1575 1572 1573
f 1330 1327 1572
f 1575 1330 1572
f 1576 1330 1575
f 1576 1577 1330
f 1330 1577 1332
f 1329 1578 1574
f 1329 1333 1578
f 1579 1580 1581
f 1580 1579 1336
f 1335 1580 1336
f 1582 1580 1335
f 1335 1583 1582
f 1337 1583 1335
f 1337 1332 1583
f 1583 1332 1577
f 1333 1584 1578
f 1333 1338 1584
f 1585 1586 1587
f 1585 1588 1586
f 1579 1581 1590
f 1579 1590 1589
f 1589 1339 1579
f 1579 1339 1336
f 1338 1591 1584
f 1338 1340 1591
f 1592 1585 1587
f 1592 1588 1585
f 1343 1342 1589
f 1590 1343 1589
f 1593 1343 1590
f 1342 1339 1589
f 1595 1591 1594
f 1591 1344 1594
f 1591 1340 1344
f 1594 1596 1595
f 1598 1597 1345
f 1343 1598 1345
f 1593 1598 1343
f 1597 1347 1345
f 1594 1344 1599
f 1599 1344 1348
f 1599 1600 1596
f 1599 1596 1594
f 1601 1597 1598
f 1602 1349 1603
f 1603 1349 1601
f 1349 1347 1601
f 1347 1597 1601
f 1602 1350 1349
f 1348 1351 1599
f 1600 1599 1351
f 1352 1600 1351
f 1604 1600 1352
f 1605 1606 1607
f 1608 1609 1606
f 1608 1606 1605
f 1608 1611 1610
f 1602 1608 1610
f 1608 1603 1609
f 1608 1602 1603
f 1610 1612 1602
f 1612 1350 1602
f 1612 1353 1350
f 1352 1613 1604
f 1352 1354 1613
f 1614 1605 1607
f 1615 1608 1605
f 1615 1605 1614
f 1608 1355 1616
f 1611 1608 1616
f 1608 1356 1355
f 1617 1608 1615
f 1608 1617 1356
f 1355 1353 1616
f 1616 1353 1612
f 1358 1618 1357
f 1354 1357 1618
f 1619 1354 1618
f 1613 1354 1619
f 1359 1356 1617
f 1359 1617 1620
f 1620 1621 1359
f 1359 1621 1360
f 1618 1358 1622
f 1358 1623 1622
f 1358 1361 1623
f 1622 1619 1618
f 1624 1360 1621
f 1362 1360 1624
f 1626 1623 1625
f 1623 1363 1625
f 1623 1361 1363
f 1625 1627 1626
f 1628 1629 1630
f 1628 1364 1629
f 1364 1624 1629
f 1364 1362 1624
f 1363 1366 1625
f 1627 1625 1366
f 1367 1627 1366
f 1631 1627 1367
f 1628 1630 1633
f 1628 1633 1632
f 1632 1368 1628
f 1628 1368 1364
f 1367 1634 1631
f 1367 1370 1634
f 1632 1633 1636
f 1632 1636 1635
f 1635 1372 1632
f 1632 1372 1368
f 1370 1637 1634
f 1370 1374 1637
f 1638 1635 1636
f 1638 1639 1635
f 1639 1372 1635
f 1639 1376 1372
f 1378 1640 1377
f 1374 1377 1640
f 1641 1374 1640
f 1637 1374 1641
f 1642 1381 1380
f 1380 1376 1642
f 1376 1643 1642
f 1376 1639 1643
f 1640 1378 1644
f 1644 1378 1382
f 1644 1645 1641
f 1644 1641 1640
f 1381 1642 1646
f 1647 1381 1646
f 1384 1381 1647
f 1643 1646 1642
f 1644 1382 1648
f 1648 1382 1385
f 1648 1649 1645
f 1648 1645 1644
f 1650 1384 1647
f 1387 1384 1650
f 1648 1385 1651
f 1385 1652 1651
f 1385 1388 1652
f 1651 1649 1648
f 1389 1387 1650
f 1389 1650 1653
f 1653 1654 1389
f 1389 1654 1390
f 1655 1656 1392
f 1656 1388 1392
f 1656 1652 1388
f 1393 1655 1392
f 1657 1658 1396
f 1657 1396 1395
f 1395 1659 1657
f 1397 1659 1395
f 1397 1660 1659
f 1398 1660 1397
f 1398 1661 1660
f 1400 1661 1398
f 1400 1390 1661
f 1661 1390 1654
f 1655 1662 1656
f 1393 1402 1655
f 1402 1662 1655
f 1402 1663 1662
f 1402 1396 1663
f 1663 1396 1658
f 1665 1664 1666
f 1664 1665 1668
f 1404 1405 1667
f 1667 1406 1404
f 1408 1409 1664
f 1409 1666 1664
f 1409 1669 1666
f 1405 1410 1667
f 1411 1664 1668
f 1670 1411 1668
f 1408 1664 1411
f 1410 1406 1667
f 1409 1412 1669
f 1669 1412 1671
f 1412 1411 1671
f 1671 1411 1670
f 1673 1672 1414
f 1414 1672 1413
f 1672 1674 1413
f 1413 1674 1415
f 1414 1416 1673
f 1673 1416 1675
f 1416 1415 1675
f 1675 1415 1674
f 1419 1676 1418
f 1676 1420 1418
f 1419 1421 1676
f 1421 1420 1676
f 1678 1677 1679
f 1680 1677 1678
f 1679 1677 1682
f 1682 1677 1681
f 1683 1681 1680
f 1680 1681 1677
f 1682 1681 1685
f 1685 1681 1684
f 1686 1684 1683
f 1683 1684 1681
f 1688 1687 1689
f 1685 1684 1688
f 1684 1687 1688
f 1684 1690 1687
f 1691 1690 1686
f 1686 1690 1684
f 1687 1692 1689
f 1690 1693 1687
f 1687 1693 1692
f 1691 1693 1690
f 1424 1694 1423
f 1694 1425 1423
f 1428 1695 1427
f 1427 1695 1424
f 1695 1694 1424
f 1695 1696 1694
f 1696 1430 1694
f 1694 1430 1425
f 1428 1432 1695
f 1434 1697 1432
f 1697 1695 1432
f 1697 1696 1695
f 1697 1435 1696
f 1696 1435 1430
f 1437 1698 1436
f 1436 1698 1438
f 1438 1698 1699
f 1438 1699 1434
f 1699 1697 1434
f 1699 1700 1697
f 1700 1439 1697
f 1697 1439 1435
f 1698 1437 1701
f 1701 1437 1440
f 1701 1703 1702
f 1699 1701 1702
f 1698 1701 1699
f 1699 1702 1705
f 1704 1699 1705
f 1700 1699 1704
f 1704 1441 1700
f 1700 1441 1439
f 1443 1706 1442
f 1442 1706 1440
f 1706 1701 1440
f 1706 1707 1701
f 1707 1708 1703
f 1707 1703 1701
f 1447 1446 1704
f 1705 1447 1704
f 1709 1447 1705
f 1446 1441 1704
f 1443 1448 1706
f 1706 1448 1707
f 1448 1449 1707
f 1712 1711 1710
f 1708 1707 1449
f 1451 1708 1449
f 1708 1710 1711
f 1708 1451 1710
f 1713 1447 1709
f 1453 1447 1713
f 1710 1714 1712
f 1454 1715 1716
f 1454 1716 1714
f 1451 1454 1714
f 1710 1451 1714
f 1453 1713 1718
f 1715 1453 1718
f 1717 1715 1718
f 1453 1715 1454
f 1719 1717 1718
f 1457 1720 1456
f 1715 1721 1716
f 1458 1456 1720
f 1717 1722 1715
f 1715 1722 1721
f 1719 1722 1717
f 1720 1457 1723
f 1723 1457 1460
f 1723 1461 1720
f 1720 1461 1458
f 1463 1724 1462
f 1462 1724 1465
f 1465 1724 1725
f 1725 1466 1465
f 1460 1467 1723
f 1467 1461 1723
f 1724 1463 1726
f 1726 1463 1468
f 1726 1725 1724
f 1726 1727 1725
f 1727 1470 1725
f 1725 1470 1466
f 1726 1468 1728
f 1728 1468 1472
f 1728 1727 1726
f 1728 1729 1727
f 1470 1727 1474
f 1727 1730 1474
f 1727 1729 1730
f 1730 1476 1474
f 1728 1472 1731
f 1731 1472 1479
f 1731 1729 1728
f 1731 1732 1729
f 1481 1730 1482
f 1730 1732 1482
f 1730 1729 1732
f 1476 1730 1481
f 1733 1483 1484
f 1483 1733 1485
f 1485 1733 1734
f 1485 1734 1486
f 1486 1734 1735
f 1735 1487 1486
f 1479 1488 1731
f 1731 1488 1732
f 1732 1488 1490
f 1482 1732 1490
f 1736 1491 1492
f 1491 1736 1484
f 1736 1733 1484
f 1736 1737 1733
f 1737 1739 1738
f 1734 1737 1738
f 1733 1737 1734
f 1740 1735 1734
f 1740 1734 1738
f 1741 1493 1742
f 1742 1493 1740
f 1493 1487 1740
f 1487 1735 1740
f 1741 1494 1493
f 1736 1492 1743
f 1743 1492 1495
f 1743 1737 1736
f 1743 1744 1737
f 1744 1745 1739
f 1744 1739 1737
f 1746 1741 1742
f 1746 1747 1741
f 1747 1494 1741
f 1747 1496 1494
f 1743 1495 1748
f 1748 1495 1497
f 1748 1744 1743
f 1748 1749 1744
f 1750 1751 1745
f 1744 1750 1745
f 1749 1750 1744
f 1750 1752 1751
f 1753 1754 1500
f 1753 1500 1499
f 1499 1496 1753
f 1753 1496 1747
f 1502 1755 1501
f 1504 1748 1497
f 1755 1505 1501
f 1748 1504 1749
f 1749 1504 1507
f 1508 1756 1507
f 1756 1749 1507
f 1756 1750 1749
f 1510 1757 1752
f 1756 1510 1752
f 1750 1756 1752
f 1511 1510 1756
f 1510 1500 1757
f 1757 1500 1754
f 1755 1502 1758
f 1758 1502 1513
f 1758 1515 1755
f 1755 1515 1505
f 1508 1518 1756
f 1518 1511 1756
f 1513 1522 1758
f 1515 1758 1522
f 1759 1523 1524
f 1759 1526 1523
f 1533 1760 1532
f 1532 1760 1524
f 1760 1759 1524
f 1760 1761 1759
f 1526 1759 1534
f 1759 1762 1534
f 1759 1761 1762
f 1534 1762 1535
f 1535 1762 1763
f 1535 1763 1536
f 1536 1763 1764
f 1536 1764 1537
f 1537 1764 1765
f 1765 1538 1537
f 1760 1533 1766
f 1766 1533 1540
f 1766 1761 1760
f 1766 1767 1761
f 1767 1762 1761
f 1767 1768 1762
f 1768 1763 1762
f 1768 1769 1763
f 1769 1764 1763
f 1769 1770 1764
f 1770 1765 1764
f 1770 1771 1765
f 1771 1542 1765
f 1765 1542 1538
f 1766 1540 1772
f 1772 1540 1544
f 1772 1767 1766
f 1772 1773 1767
f 1773 1768 1767
f 1773 1774 1768
f 1774 1769 1768
f 1774 1775 1769
f 1775 1770 1769
f 1775 1776 1770
f 1776 1771 1770
f 1776 1777 1771
f 1777 1546 1771
f 1771 1546 1542
f 1772 1544 1778
f 1778 1544 1549
f 1778 1773 1772
f 1778 1779 1773
f 1779 1774 1773
f 1779 1780 1774
f 1780 1775 1774
f 1780 1781 1775
f 1551 1776 1552
f 1776 1781 1552
f 1776 1775 1781
f 1776 1551 1777
f 1777 1551 1554
f 1554 1546 1777
f 1549 1557 1778
f 1558 1782 1557
f 1782 1778 1557
f 1782 1779 1778
f 1782 1780 1779
f 1782 1783 1780
f 1783 1781 1780
f 1783 1784 1781
f 1784 1560 1781
f 1781 1560 1552
f 1782 1558 1785
f 1785 1558 1561
f 1785 1783 1782
f 1785 1786 1783
f 1786 1784 1783
f 1786 1787 1784
f 1787 1563 1784
f 1784 1563 1560
f 1785 1561 1788
f 1788 1561 1565
f 1788 1786 1785
f 1788 1789 1786
f 1789 1787 1786
f 1789 1790 1787
f 1790 1567 1787
f 1787 1567 1563
f 1570 1791 1569
f 1569 1791 1565
f 1791 1788 1565
f 1791 1792 1788
f 1792 1789 1788
f 1792 1793 1789
f 1793 1790 1789
f 1793 1794 1790
f 1567 1790 1571
f 1790 1795 1571
f 1790 1794 1795
f 1795 1573 1571
f 1791 1570 1796
f 1796 1570 1574
f 1796 1792 1791
f 1796 1797 1792
f 1797 1793 1792
f 1797 1798 1793
f 1798 1794 1793
f 1798 1799 1794
f 1799 1795 1794
f 1799 1800 1795
f 1573 1795 1575
f 1795 1801 1575
f 1795 1800 1801
f 1803 1802 1801
f 1802 1575 1801
f 1802 1576 1575
f 1577 1576 1804
f 1576 1805 1804
f 1576 1802 1805
f 1806 1804 1805
f 1808 1807 1809
f 1810 1807 1808
f 1796 1574 1811
f 1574 1812 1811
f 1574 1578 1812
f 1796 1811 1814
f 1813 1796 1814
f 1797 1796 1813
f 1813 1798 1797
f 1813 1815 1798
f 1815 1799 1798
f 1815 1816 1799
f 1817 1819 1818
f 1816 1580 1800
f 1799 1816 1800
f 1581 1580 1816
f 1582 1801 1580
f 1801 1800 1580
f 1820 1817 1818
f 1801 1582 1803
f 1582 1821 1803
f 1582 1583 1821
f 1804 1822 1577
f 1822 1583 1577
f 1822 1821 1583
f 1806 1822 1804
f 1807 1823 1809
f 1810 1823 1807
f 1825 1812 1824
f 1812 1584 1824
f 1812 1578 1584
f 1813 1814 1825
f 1824 1813 1825
f 1826 1813 1824
f 1586 1815 1587
f 1815 1826 1587
f 1815 1813 1826
f 1588 1827 1586
f 1827 1815 1586
f 1827 1816 1815
f 1827 1581 1816
f 1590 1581 1827
f 1829 1819 1817
f 1828 1829 1817
f 1830 1828 1820
f 1820 1828 1817
f 1824 1584 1831
f 1831 1584 1591
f 1831 1826 1824
f 1831 1832 1826
f 1587 1826 1592
f 1826 1833 1592
f 1826 1832 1833
f 1592 1833 1588
f 1833 1827 1588
f 1833 1834 1827
f 1834 1593 1827
f 1593 1590 1827
f 1835 1829 1828
f 1830 1835 1828
f 1591 1595 1831
f 1596 1836 1595
f 1836 1831 1595
f 1836 1832 1831
f 1836 1833 1832
f 1836 1837 1833
f 1837 1834 1833
f 1837 1838 1834
f 1838 1598 1834
f 1834 1598 1593
f 1836 1596 1839
f 1839 1596 1600
f 1839 1841 1840
f 1837 1839 1840
f 1836 1839 1837
f 1837 1840 1843
f 1842 1837 1843
f 1838 1837 1842
f 1598 1838 1601
f 1838 1844 1601
f 1838 1842 1844
f 1844 1603 1601
f 1839 1600 1845
f 1845 1600 1604
f 1846 1847 1841
f 1839 1846 1841
f 1845 1846 1839
f 1607 1606 1842
f 1607 1842 1843
f 1846 1607 1843
f 1847 1846 1843
f 1842 1606 1844
f 1844 1606 1609
f 1603 1844 1609
f 1848 1610 1611
f 1848 1612 1610
f 1845 1604 1849
f 1849 1604 1613
f 1849 1846 1845
f 1849 1850 1846
f 1846 1850 1607
f 1850 1851 1607
f 1851 1614 1607
f 1851 1850 1852
f 1853 1615 1854
f 1615 1851 1854
f 1615 1614 1851
f 1616 1848 1611
f 1853 1617 1615
f 1616 1612 1848
f 1849 1613 1855
f 1855 1613 1619
f 1855 1850 1849
f 1855 1856 1850
f 1857 1858 1852
f 1850 1857 1852
f 1856 1857 1850
f 1853 1854 1858
f 1857 1853 1858
f 1859 1853 1857
f 1617 1853 1620
f 1853 1860 1620
f 1853 1859 1860
f 1860 1621 1620
f 1623 1861 1622
f 1622 1861 1619
f 1861 1855 1619
f 1861 1862 1855
f 1862 1856 1855
f 1862 1863 1856
f 1863 1857 1856
f 1863 1864 1857
f 1864 1859 1857
f 1864 1865 1859
f 1865 1860 1859
f 1865 1866 1860
f 1866 1624 1860
f 1860 1624 1621
f 1623 1626 1861
f 1627 1867 1626
f 1867 1861 1626
f 1867 1862 1861
f 1867 1863 1862
f 1867 1868 1863
f 1868 1864 1863
f 1868 1869 1864
f 1869 1865 1864
f 1869 1870 1865
f 1629 1866 1630
f 1866 1870 1630
f 1866 1865 1870
f 1629 1624 1866
f 1867 1627 1871
f 1871 1627 1631
f 1871 1868 1867
f 1871 1872 1868
f 1872 1869 1868
f 1872 1873 1869
f 1873 1870 1869
f 1873 1874 1870
f 1874 1633 1870
f 1870 1633 1630
f 1871 1631 1875
f 1875 1631 1634
f 1875 1872 1871
f 1875 1876 1872
f 1876 1873 1872
f 1876 1877 1873
f 1877 1874 1873
f 1877 1878 1874
f 1878 1636 1874
f 1874 1636 1633
f 1875 1634 1879
f 1879 1634 1637
f 1879 1876 1875
f 1879 1880 1876
f 1880 1877 1876
f 1880 1881 1877
f 1881 1878 1877
f 1881 1882 1878
f 1636 1878 1638
f 1878 1883 1638
f 1878 1882 1883
f 1883 1639 1638
f 1879 1637 1884
f 1884 1637 1641
f 1884 1880 1879
f 1884 1885 1880
f 1885 1881 1880
f 1885 1886 1881
f 1886 1882 1881
f 1886 1887 1882
f 1887 1883 1882
f 1887 1888 1883
f 1888 1643 1883
f 1883 1643 1639
f 1884 1641 1889
f 1889 1641 1645
f 1889 1885 1884
f 1889 1890 1885
f 1890 1886 1885
f 1890 1891 1886
f 1891 1887 1886
f 1891 1892 1887
f 1646 1888 1647
f 1888 1892 1647
f 1888 1887 1892
f 1646 1643 1888
f 1889 1645 1893
f 1893 1645 1649
f 1893 1890 1889
f 1893 1894 1890
f 1894 1891 1890
f 1894 1895 1891
f 1895 1897 1896
f 1892 1895 1896
f 1891 1895 1892
f 1896 1898 1892
f 1898 1647 1892
f 1898 1650 1647
f 1652 1899 1651
f 1651 1899 1649
f 1899 1893 1649
f 1899 1900 1893
f 1900 1894 1893
f 1900 1901 1894
f 1901 1895 1894
f 1901 1902 1895
f 1903 1904 1897
f 1895 1903 1897
f 1902 1903 1895
f 1903 1905 1904
f 1905 1650 1904
f 1650 1898 1904
f 1905 1653 1650
f 1905 1654 1653
f 1899 1652 1906
f 1906 1652 1656
f 1906 1900 1899
f 1906 1907 1900
f 1657 1901 1658
f 1901 1907 1658
f 1901 1900 1907
f 1901 1657 1902
f 1902 1657 1659
f 1902 1659 1903
f 1903 1659 1660
f 1903 1660 1905
f 1905 1660 1661
f 1661 1654 1905
f 1656 1662 1906
f 1906 1662 1907
f 1907 1662 1663
f 1663 1658 1907
f 1666 1908 1665
f 1908 1668 1665
f 1908 1666 1909
f 1909 1666 1669
f 1909 1670 1908
f 1908 1670 1668
f 1669 1671 1909
f 1671 1670 1909
f 1673 1910 1672
f 1910 1674 1672
f 1673 1675 1910
f 1675 1674 1910
f 1679 1911 1678
f 1911 1680 1678
f 1911 1679 1912
f 1912 1679 1682
f 1912 1683 1911
f 1911 1683 1680
f 1912 1682 1913
f 1913 1682 1685
f 1913 1686 1912
f 1912 1686 1683
f 1689 1914 1688
f 1688 1914 1685
f 1914 1913 1685
f 1914 1915 1913
f 1915 1691 1913
f 1913 1691 1686
f 1689 1692 1914
f 1914 1692 1915
f 1915 1692 1693
f 1693 1691 1915
f 1703 1916 1702
f 1916 1705 1702
f 1916 1703 1917
f 1917 1703 1708
f 1917 1709 1916
f 1916 1709 1705
f 1712 1918 1711
f 1711 1918 1708
f 1918 1917 1708
f 1918 1919 1917
f 1919 1713 1917
f 1917 1713 1709
f 1712 1714 1918
f 1716 1920 1714
f 1920 1918 1714
f 1920 1919 1918
f 1713 1919 1718
f 1919 1921 1718
f 1919 1920 1921
f 1921 1719 1718
f 1922 1924 1923
f 1716 1721 1920
f 1722 1921 1721
f 1921 1920 1721
f 1925 1922 1923
f 1722 1719 1921
f 1922 1926 1924
f 1925 1926 1922
f 1739 1927 1738
f 1929 1928 1927
f 1928 1738 1927
f 1928 1740 1738
f 1928 1930 1740
f 1740 1930 1742
f 1927 1739 1931
f 1931 1739 1745
f 1932 1933 1929
f 1927 1932 1929
f 1931 1932 1927
f 1932 1934 1933
f 1934 1742 1933
f 1742 1930 1933
f 1934 1746 1742
f 1934 1747 1746
f 1745 1751 1931
f 1752 1935 1751
f 1935 1931 1751
f 1935 1932 1931
f 1753 1934 1754
f 1934 1935 1754
f 1934 1932 1935
f 1753 1747 1934
f 1752 1757 1935
f 1757 1754 1935
f 1803 1936 1802
f 1938 1937 1936
f 1937 1802 1936
f 1937 1805 1802
f 1937 1939 1805
f 1805 1939 1806
f 1809 1940 1808
f 1940 1810 1808
f 1812 1941 1811
f 1941 1814 1811
f 1943 1942 1819
f 1819 1942 1818
f 1942 1944 1818
f 1818 1944 1820
f 1803 1821 1936
f 1936 1821 1938
f 1821 1945 1938
f 1821 1822 1945
f 1822 1806 1945
f 1945 1806 1939
f 1809 1823 1940
f 1823 1810 1940
f 1812 1825 1941
f 1825 1814 1941
f 1947 1943 1946
f 1943 1829 1946
f 1943 1819 1829
f 1946 1830 1947
f 1830 1944 1947
f 1830 1820 1944
f 1829 1835 1946
f 1835 1830 1946
f 1841 1948 1840
f 1948 1843 1840
f 1841 1847 1948
f 1847 1843 1948
f 1852 1949 1851
f 1949 1854 1851
f 1852 1858 1949
f 1858 1854 1949
f 1897 1950 1896
f 1950 1898 1896
f 1897 1904 1950
f 1904 1898 1950
f 1924 1951 1923
f 1951 1925 1923
f 1924 1926 1951
f 1926 1925 1951
f 1953 1952 1929
f 1929 1952 1928
f 1952 1954 1928
f 1928 1954 1930
f 1955 1956 1933
f 1956 1929 1933
f 1956 1953 1929
f 1933 1930 1955
f 1930 1957 1955
f 1930 1954 1957
f 1955 1958 1956
f 1957 1958 1955
f 1938 1959 1937
f 1959 1939 1937
f 1943 1960 1942
f 1960 1944 1942
f 1938 1945 1959
f 1945 1939 1959
f 1943 1947 1960
f 1947 1944 1960
f 1953 1961 1952
f 1961 1954 1952
f 1961 1953 1962
f 1962 1953 1956
f 1962 1957 1961
f 1961 1957 1954
f 1956 1958 1962
f 1958 1957 1962
f 1964 1963 1965
f 1966 1963 1964
f 1963 1967 1965
f 1966 1967 1963
f 1965 1968 1964
f 1968 1966 1964
f 1965 1967 1968
f 1967 1966 1968
f 1970 1969 1971
f 1972 1969 1970
f 1969 1973 1971
f 1972 1973 1969
f 1975 1974 1971
f 1971 1974 1970
f 1974 1976 1970
f 1970 1976 1972
f 1971 1973 1975
f 1975 1973 1977
f 1973 1972 1977
f 1977 1972 1976
f 1975 1978 1974
f 1978 1976 1974
f 1975 1977 1978
f 1977 1976 1978
f 1980 1979 1981
f 1983 1982 1980
f 1980 1982 1979
f 1984 1982 1983
f 1979 1985 1981
f 1982 1986 1979
f 1979 1986 1985
f 1984 1986 1982
f 1981 1987 1980
f 1980 1987 1983
f 1983 1987 1988
f 1988 1984 1983
f 1981 1985 1987
f 1987 1985 1988
f 1988 1985 1986
f 1986 1984 1988

