# https://github.com/mikedh/trimesh
v -0.86157296 0.32486705 0.40960296
v -0.86156710 0.32418088 0.40960296
v -0.86156710 0.32486705 0.40894634
v -0.86156710 0.32486705 0.40995094
v -0.86156710 0.32592602 0.40960296
v -0.86156871 0.40961201 0.38135430
v -0.86156710 0.40884330 0.38135430
v -0.86156710 0.40961201 0.38103198
v -0.86157082 0.40961201 0.40960296
v -0.86156710 0.40803051 0.40960296
v -0.86156710 0.40961201 0.40987951
v -0.86156710 0.41071412 0.38135430
v -0.86156710 0.41052428 0.40960296
v -0.86138034 0.32486705 0.40960296
v -0.86150190 0.40961201 0.38135430
v -0.86143045 0.40961201 0.40960296
v -0.47329448 -0.18360274 0.01412166
v -0.46608865 -0.19433011 0.01412166
v -0.46608865 -0.18360274 0.00036234
v -0.47161816 -0.18360274 0.04237033
v -0.46608865 -0.18744995 0.04237033
v -0.46608865 -0.18360274 0.05402660
v -0.46608865 -0.16807796 0.01412166
v -0.46608865 -0.16377381 0.04237033
v -0.47886213 -0.15535442 0.07061899
v -0.46608865 -0.17710876 0.07061899
v -0.46608865 -0.15535442 0.04468000
v -0.46880353 -0.15535442 0.09886766
v -0.46608865 -0.16168217 0.09886766
v -0.46608865 -0.15535442 0.10440138
v -0.46679433 -0.12710610 0.07061899
v -0.46608865 -0.12710610 0.06931805
v -0.46972895 -0.12710610 0.09886766
v -0.46608865 -0.12710610 0.10982312
v -0.46608865 -0.12467480 0.07061899
v -0.46864414 -0.09885778 0.09886766
v -0.46608865 -0.09885778 0.09161143
v -0.46923106 -0.09885778 0.12711632
v -0.46608865 -0.10557893 0.12711632
v -0.46608865 -0.09885778 0.12888646
v -0.46608865 -0.09120240 0.09886766
v -0.46608865 -0.09187815 0.12711632
v -0.47146544 -0.04236113 0.12711632
v -0.46608865 -0.05570172 0.12711632
v -0.46608865 -0.04236113 0.11247651
v -0.46608865 -0.04236113 0.13791552
v -0.47225640 -0.01411281 0.12711632
v -0.46608865 -0.01411281 0.11626178
v -0.46608865 -0.01411281 0.13359621
v -0.46782511 0.01413551 -0.09887300
v -0.46608865 0.00965380 -0.09887300
v -0.46608865 0.01413551 -0.10396393
v -0.46608865 0.01413551 -0.09108647
v -0.47832430 0.01413551 0.12711632
v -0.46608865 0.01413551 0.11792046
v -0.46608865 0.01413551 0.14515718
v -0.46927350 0.04238383 -0.12712166
v -0.46608865 0.03474368 -0.12712166
v -0.46608865 0.04238383 -0.13027657
v -0.46608865 0.02109750 -0.09887300
v -0.46608865 0.04238383 -0.11707961
v -0.48649843 0.04238383 0.12711632
v -0.46608865 0.04238383 0.11090342
v -0.49052255 0.04238383 0.15536498
v -0.46608865 0.01892117 0.15536498
v -0.46608865 0.04238383 0.17267818
v -0.46608865 0.05658299 -0.12712166
v -0.47165329 0.07063215 0.12711632
v -0.46608865 0.07063215 0.10664600
v -0.48230933 0.07063215 0.15536498
v -0.48394848 0.07063215 0.18361365
v -0.46608865 0.06418104 0.18361365
v -0.46608865 0.07063215 0.18870475
v -0.46608865 0.07918884 0.12711632
v -0.46608865 0.09240271 0.15536498
v -0.46608865 0.07654298 0.18361365
v -0.44667795 -0.18360274 0.01412166
v -0.46330408 -0.18360274 0.04237033
v -0.44041028 -0.15535442 -0.07062433
v -0.43784019 -0.15604026 -0.07062433
v -0.43784019 -0.15535442 -0.08200199
v -0.43784019 -0.15535442 -0.06465273
v -0.46001512 -0.15535442 0.04237033
v -0.43784019 -0.15944909 0.04237033
v -0.43784019 -0.15535442 0.01732851
v -0.44777346 -0.15535442 0.07061899
v -0.43784019 -0.15535442 0.05295727
v -0.45941928 -0.15535442 0.09886766
v -0.44836720 -0.12710610 -0.15537032
v -0.43784019 -0.14149541 -0.15537032
v -0.43784019 -0.12710610 -0.17390454
v -0.46518390 -0.12710610 -0.12712166
v -0.43784019 -0.15337571 -0.12712166
v -0.46222909 -0.12710610 -0.09887300
v -0.43784019 -0.15401915 -0.09887300
v -0.45877047 -0.12710610 -0.07062433
v -0.45843952 -0.12710610 -0.04237567
v -0.43784019 -0.15169872 -0.04237567
v -0.45587132 -0.12710610 -0.01412700
v -0.43784019 -0.15410260 -0.01412700
v -0.44985426 -0.12710610 0.01412166
v -0.43784019 -0.15409488 0.01412166
v -0.44438946 -0.12710610 0.04237033
v -0.43784019 -0.14672870 0.07061899
v -0.43784019 -0.14455921 0.09886766
v -0.45248220 -0.12710610 0.12711632
v -0.43784019 -0.14149448 0.12711632
v -0.43784019 -0.12710610 0.13383073
v -0.44720627 -0.09885778 -0.15537032
v -0.43784019 -0.09885778 -0.18288715
v -0.45471038 -0.09885778 -0.12712166
v -0.45983165 -0.09885778 -0.09887300
v -0.45555212 -0.09885778 -0.07062433
v -0.45296952 -0.09885778 -0.04237567
v -0.44950212 -0.09885778 -0.01412700
v -0.44655489 -0.09885778 0.01412166
v -0.45053803 -0.09885778 0.04237033
v -0.45885077 -0.09885778 0.07061899
v -0.43784019 -0.09885778 0.14126389
v -0.43784019 -0.08365383 -0.15537032
v -0.45081034 -0.07060946 -0.12712166
v -0.43784019 -0.07060946 -0.14556062
v -0.45870217 -0.07060946 -0.09887300
v -0.45411070 -0.07060946 -0.07062433
v -0.44821717 -0.07060946 -0.04237567
v -0.44495535 -0.07060946 -0.01412700
v -0.44339870 -0.07060946 0.01412166
v -0.44751419 -0.07060946 0.04237033
v -0.45421445 -0.07060946 0.07061899
v -0.46026104 -0.07060946 0.09886766
v -0.45984931 -0.07060946 0.12711632
v -0.43784019 -0.07060946 0.15008011
v -0.45167618 -0.04236113 -0.12712166
v -0.43784019 -0.04236113 -0.14685200
v -0.45623059 -0.04236113 -0.09887300
v -0.45320871 -0.04236113 -0.07062433
v -0.44589160 -0.04236113 -0.04237567
v -0.44295176 -0.04236113 -0.01412700
v -0.44233884 -0.04236113 0.01412166
v -0.44460184 -0.04236113 0.04237033
v -0.45168417 -0.04236113 0.07061899
v -0.45667662 -0.04236113 0.09886766
v -0.43784019 -0.04236113 0.14821964
v -0.45541679 -0.01411281 -0.12712166
v -0.43784019 -0.01411281 -0.14108440
v -0.45961519 -0.01411281 -0.09887300
v -0.45664781 -0.01411281 -0.07062433
v -0.44944084 -0.01411281 -0.04237567
v -0.44475557 -0.01411281 -0.01412700
v -0.44419567 -0.01411281 0.01412166
v -0.44717993 -0.01411281 0.04237033
v -0.45043222 -0.01411281 0.07061899
v -0.45805494 -0.01411281 0.09886766
v -0.44399942 -0.01411281 0.15536498
v -0.43784019 -0.02953973 0.15536498
v -0.43784019 -0.01411281 0.15932335
v -0.45615329 0.01413551 -0.12712166
v -0.43784019 0.01413551 -0.13971373
v -0.46203687 0.01413551 -0.07062433
v -0.45460746 0.01413551 -0.04237567
v -0.45139899 0.01413551 -0.01412700
v -0.45011692 0.01413551 0.01412166
v -0.44802397 0.01413551 0.04237033
v -0.44592015 0.01413551 0.07061899
v -0.45101931 0.01413551 0.09886766
v -0.45712358 0.01413551 0.15536498
v -0.43784019 0.01413551 0.16272489
v -0.43784019 0.04238383 -0.13122484
v -0.46042542 0.04238383 -0.09887300
v -0.45481021 0.04238383 -0.07062433
v -0.46167732 0.04238383 -0.04237567
v -0.45976002 0.04238383 -0.01412700
v -0.45616271 0.04238383 0.01412166
v -0.45542942 0.04238383 0.04237033
v -0.44799143 0.04238383 0.07061899
v -0.45218342 0.04238383 0.09886766
v -0.43784019 0.04238383 0.16931248
v -0.43784019 0.04825227 -0.12712166
v -0.45324077 0.07063215 -0.09887300
v -0.43784019 0.07063215 -0.10958667
v -0.44993456 0.07063215 -0.07062433
v -0.45905318 0.07063215 -0.04237567
v -0.46331433 0.07063215 -0.01412700
v -0.45970062 0.07063215 0.01412166
v -0.46326408 0.07063215 0.04237033
v -0.46328452 0.07063215 0.07061899
v -0.46236726 0.07063215 0.09886766
v -0.46062779 0.07063215 0.18361365
v -0.43784019 0.07063215 0.16628027
v -0.43784019 0.07793482 -0.09887300
v -0.43784019 0.09359785 -0.07062433
v -0.45092393 0.09888047 -0.04237567
v -0.43784019 0.09888047 -0.06628803
v -0.45011521 0.09888047 -0.01412700
v -0.44457753 0.09888047 0.01412166
v -0.44879095 0.09888047 0.04237033
v -0.44689175 0.09888047 0.07061899
v -0.45183015 0.09888047 0.09886766
v -0.45462758 0.09888047 0.12711632
v -0.45609375 0.09888047 0.15536498
v -0.43784019 0.09888047 0.16957902
v -0.44130344 0.12712879 -0.04237567
v -0.43784019 0.12712879 -0.05188935
v -0.43784019 0.11877501 -0.01412700
v -0.43784019 0.12712879 -0.03093796
v -0.43784019 0.11293297 0.01412166
v -0.43784019 0.11439095 0.04237033
v -0.43784019 0.11850363 0.07061899
v -0.44007945 0.12712879 0.09886766
v -0.43784019 0.12712879 0.08771502
v -0.44227411 0.12712879 0.12711632
v -0.43784019 0.11294751 0.15536498
v -0.43784019 0.12712879 0.13715184
v -0.43862418 0.15537712 -0.07062433
v -0.43784019 0.15249185 -0.07062433
v -0.43784019 0.15537712 -0.07137421
v -0.43784019 0.13696994 -0.04237567
v -0.43784019 0.15537712 -0.06760288
v -0.43784019 0.13336293 0.09886766
v -0.43784019 0.13907034 0.12711632
v -0.43784019 0.15651418 -0.07062433
v -0.43548052 -0.15535442 -0.07062433
v -0.43022774 -0.15535442 0.04237033
v -0.41644948 -0.12710610 -0.15537032
v -0.40959173 -0.14465940 -0.12712166
v -0.40959173 -0.12710610 -0.15062269
v -0.40959173 -0.14756803 -0.09887300
v -0.40959173 -0.14732395 -0.07062433
v -0.40959173 -0.15486669 -0.04237567
v -0.40959173 -0.15412246 -0.01412700
v -0.40959173 -0.15207450 0.01412166
v -0.40959173 -0.14526427 0.04237033
v -0.40959173 -0.13463902 0.07061899
v -0.40959173 -0.13110419 0.09886766
v -0.41686507 -0.12710610 0.12711632
v -0.40959173 -0.12710610 0.11748772
v -0.40959173 -0.11141363 -0.15537032
v -0.40959173 -0.09885778 -0.16007042
v -0.40959173 -0.12473749 0.12711632
v -0.41506285 -0.09885778 0.15536498
v -0.40959173 -0.11401625 0.15536498
v -0.40959173 -0.09885778 0.15876919
v -0.40959173 -0.08663185 -0.15537032
v -0.40959173 -0.07060946 -0.15327989
v -0.42948484 -0.07060946 0.15536498
v -0.40959173 -0.07060946 0.16710079
v -0.41731901 -0.04236113 -0.15537032
v -0.40959173 -0.05668207 -0.15537032
v -0.40959173 -0.04236113 -0.16068966
v -0.43233786 -0.04236113 0.15536498
v -0.40959173 -0.04236113 0.16945782
v -0.42158880 -0.01411281 -0.15537032
v -0.40959173 -0.01411281 -0.16687263
v -0.40959173 -0.01411281 0.15629839
v -0.40959173 0.00881757 -0.15537032
v -0.40959173 0.01413551 -0.15194390
v -0.40959173 0.01413551 0.15999150
v -0.43012328 0.04238383 -0.12712166
v -0.40959173 0.03412519 -0.12712166
v -0.40959173 0.04238383 -0.11711222
v -0.40959173 0.04238383 0.15589590
v -0.42519778 0.07063215 -0.09887300
v -0.40959173 0.06011356 -0.09887300
v -0.40959173 0.07063215 -0.08979388
v -0.41465974 0.07063215 0.15536498
v -0.40959173 0.04483379 0.15536498
v -0.40959173 0.07063215 0.15296827
v -0.41519978 0.09888047 -0.07062433
v -0.40959173 0.09888047 -0.07122332
v -0.42538384 0.09888047 0.15536498
v -0.40959173 0.09888047 0.14355614
v -0.40959173 0.10133098 -0.07062433
v -0.42552223 0.12712879 -0.04237567
v -0.40959173 0.12256375 -0.04237567
v -0.40959173 0.12511082 -0.01412700
v -0.42297644 0.12712879 0.01412166
v -0.40959173 0.12712879 -0.00657483
v -0.41824286 0.12712879 0.04237033
v -0.42124437 0.12712879 0.07061899
v -0.40959173 0.12712879 0.14907992
v -0.43624716 0.15537712 -0.07062433
v -0.40959173 0.13523321 0.01412166
v -0.40959173 0.13738186 0.04237033
v -0.41956148 0.15537712 0.07061899
v -0.40959173 0.15537712 0.05709360
v -0.42778906 0.15537712 0.09886766
v -0.42990406 0.15537712 0.12711632
v -0.40959173 0.15537712 0.15356667
v -0.40959173 0.16982426 0.07061899
v -0.40959173 0.17975973 0.09886766
v -0.40959173 0.17617362 0.12711632
v -0.38134327 -0.13493156 -0.12712166
v -0.38134327 -0.12710610 -0.14452769
v -0.38134327 -0.14202575 -0.09887300
v -0.38134327 -0.14414342 -0.07062433
v -0.38134327 -0.14990012 -0.04237567
v -0.38134327 -0.15288928 -0.01412700
v -0.38134327 -0.15377671 0.01412166
v -0.38134327 -0.14804965 0.04237033
v -0.38134327 -0.13396213 0.07061899
v -0.38134327 -0.13037570 0.09886766
v -0.40310450 -0.12710610 0.12711632
v -0.38134327 -0.13405538 0.12711632
v -0.40301033 -0.12710610 0.15536498
v -0.38134327 -0.14238597 0.15536498
v -0.38134327 -0.12710610 0.16672352
v -0.38521585 -0.09885778 -0.15537032
v -0.38134327 -0.09885778 -0.15494487
v -0.38134327 -0.09885778 0.17312666
v -0.39006427 -0.07060946 -0.15537032
v -0.38134327 -0.09282703 -0.15537032
v -0.38134327 -0.07060946 -0.15671882
v -0.38134327 -0.07060946 0.18115508
v -0.39517131 -0.04236113 -0.15537032
v -0.38134327 -0.06180338 -0.15537032
v -0.38134327 -0.04236113 -0.15356752
v -0.38134327 -0.04236113 0.18050942
v -0.38969866 -0.01411281 -0.15537032
v -0.38134327 -0.01411281 -0.15137160
v -0.40761881 -0.01411281 0.15536498
v -0.38134327 -0.02056180 0.15536498
v -0.38134327 -0.01411281 0.14116476
v -0.38134327 0.01413551 -0.14313637
v -0.38134327 0.00457746 0.15536498
v -0.38134327 0.01413551 0.18030043
v -0.38134327 0.02618946 -0.12712166
v -0.38134327 0.04238383 -0.11091735
v -0.40758248 0.04238383 0.15536498
v -0.38134327 0.02931700 0.15536498
v -0.38134327 0.04238383 0.15243334
v -0.38134327 0.05544090 -0.09887300
v -0.38134327 0.07063215 -0.08633164
v -0.39095761 0.07063215 0.04237033
v -0.38134327 0.06317257 0.04237033
v -0.38134327 0.07063215 0.03122235
v -0.38943450 0.07063215 0.07061899
v -0.38134327 0.06579842 0.07061899
v -0.38134327 0.07063215 0.08236818
v -0.38134327 0.07063215 0.14525572
v -0.39028851 0.09888047 -0.07062433
v -0.38134327 0.09849738 -0.07062433
v -0.38134327 0.09888047 -0.07031726
v -0.38368746 0.09888047 0.01412166
v -0.38134327 0.09529784 0.01412166
v -0.38134327 0.09888047 0.01129146
v -0.39965158 0.09888047 0.04237033
v -0.39598309 0.09888047 0.07061899
v -0.38134327 0.09888047 0.09510692
v -0.38134327 0.09888047 0.13508826
v -0.38134327 0.12381842 -0.04237567
v -0.38134327 0.11988618 -0.01412700
v -0.40478832 0.12712879 0.01412166
v -0.40265177 0.12712879 0.04237033
v -0.40362529 0.12712879 0.07061899
v -0.38134327 0.12712879 0.08906770
v -0.38134327 0.12712879 0.14630326
v -0.39489904 0.15537712 0.07061899
v -0.38134327 0.15537712 0.08559125
v -0.38643941 0.15537712 0.15536498
v -0.38134327 0.15452575 0.15536498
v -0.38134327 0.15537712 0.15566020
v -0.38134327 0.17214472 0.09886766
v -0.39978725 0.18362544 0.12711632
v -0.38134327 0.18362544 0.10698363
v -0.38244838 0.18362544 0.15536498
v -0.38134327 0.18362544 0.15712275
v -0.38134327 0.20492435 0.12711632
v -0.38134327 0.18486688 0.15536498
v -0.35309481 -0.13329048 -0.12712166
v -0.35309481 -0.12710610 -0.13706187
v -0.35309481 -0.14222479 -0.09887300
v -0.35309481 -0.14305174 -0.07062433
v -0.35309481 -0.14346358 -0.04237567
v -0.35309481 -0.15295528 -0.01412700
v -0.35309481 -0.15535333 0.01412166
v -0.35309481 -0.15137014 0.04237033
v -0.35309481 -0.13452582 0.07061899
v -0.35309481 -0.13303336 0.09886766
v -0.35309481 -0.13852343 0.12711632
v -0.35309481 -0.15185418 0.15536498
v -0.35309481 -0.12710610 0.16244646
v -0.37999955 -0.09885778 -0.15537032
v -0.35309481 -0.10578828 -0.15537032
v -0.35309481 -0.09885778 -0.16245000
v -0.35309481 -0.09885778 0.15950080
v -0.35309481 -0.07060946 -0.15792771
v -0.35309481 -0.07060946 0.16951731
v -0.35923805 -0.04236113 -0.15537032
v -0.35309481 -0.04236113 -0.15609594
v -0.35309481 -0.04236113 0.18072701
v -0.35309481 -0.03521521 -0.15537032
v -0.35309481 -0.01411281 -0.15363845
v -0.35309481 -0.02645850 0.15536498
v -0.35309481 -0.01411281 0.14747979
v -0.35309481 0.01413551 -0.13830112
v -0.35309481 0.00997224 0.15536498
v -0.35309481 0.01413551 0.16177433
v -0.35309481 0.02243004 -0.12712166
v -0.35309481 0.04238383 -0.10293351
v -0.37369501 0.04238383 0.15536498
v -0.35309481 0.04238383 0.16717035
v -0.35309481 0.04666488 -0.09887300
v -0.35309481 0.07063215 -0.08367986
v -0.36395073 0.07063215 0.01412166
v -0.35309481 0.06300990 0.01412166
v -0.35309481 0.07063215 0.00451128
v -0.35309481 0.05710713 0.04237033
v -0.35309481 0.05886881 0.07061899
v -0.35309481 0.07063215 0.09227654
v -0.35309481 0.05388221 0.15536498
v -0.35309481 0.07063215 0.14337321
v -0.36511800 0.09888047 -0.07062433
v -0.35309481 0.09888047 -0.07077309
v -0.35309481 0.09888047 -0.00588380
v -0.37146183 0.09888047 0.09886766
v -0.35309481 0.08677206 0.09886766
v -0.35309481 0.09888047 0.10750106
v -0.35309481 0.09888047 0.14460775
v -0.35309481 0.09932791 -0.07062433
v -0.35309481 0.12042263 -0.04237567
v -0.35309481 0.10888122 -0.01412700
v -0.35776775 0.12712879 0.09886766
v -0.35309481 0.12712879 0.10329431
v -0.35309481 0.12712879 0.14186165
v -0.35855484 0.15537712 0.09886766
v -0.35309481 0.15537712 0.10407067
v -0.35309481 0.14244627 0.15536498
v -0.35309481 0.15537712 0.16227906
v -0.36035044 0.18362544 0.12711632
v -0.35309481 0.17356479 0.12711632
v -0.35309481 0.18362544 0.13880837
v -0.36422112 0.18362544 0.18361365
v -0.35309481 0.17240380 0.18361365
v -0.35309481 0.18362544 0.19335624
v -0.35309481 0.19343661 0.15536498
v -0.35309481 0.19318232 0.18361365
v -0.32484635 -0.12958371 -0.12712166
v -0.32484635 -0.12710610 -0.12995098
v -0.32484635 -0.14308456 -0.09887300
v -0.32484635 -0.13901671 -0.07062433
v -0.32638083 -0.12710610 -0.04237567
v -0.32484635 -0.12710610 -0.04432981
v -0.32648298 -0.12710610 -0.01412700
v -0.32484635 -0.15162684 0.01412166
v -0.32484635 -0.12710610 -0.01285949
v -0.32484635 -0.14416377 0.04237033
v -0.33233635 -0.12710610 0.07061899
v -0.32484635 -0.12710610 0.06642185
v -0.32484635 -0.13004556 0.09886766
v -0.32484635 -0.12710610 0.08623487
v -0.32484635 -0.14403817 0.12711632
v -0.33207243 -0.12710610 0.15536498
v -0.32484635 -0.12710610 0.15141181
v -0.32484635 -0.10147406 -0.15537032
v -0.32484635 -0.09885778 -0.15800048
v -0.32484635 -0.12637257 -0.04237567
v -0.32484635 -0.12610114 -0.01412700
v -0.32484635 -0.12495254 0.07061899
v -0.33992880 -0.09885778 0.15536498
v -0.32484635 -0.09885778 0.15005855
v -0.32484635 -0.07060946 -0.17457100
v -0.32484635 -0.08604448 0.15536498
v -0.32484635 -0.07060946 0.16159696
v -0.32484635 -0.04236113 -0.17650167
v -0.32484635 -0.04236113 0.16227020
v -0.34338502 -0.01411281 -0.15537032
v -0.32484635 -0.01411281 -0.16033495
v -0.32484635 -0.02516350 0.15536498
v -0.32484635 -0.01411281 0.15234818
v -0.32484635 -0.00786802 -0.15537032
v -0.32484635 0.01413551 -0.13903841
v -0.33176182 0.01413551 0.15536498
v -0.32484635 0.01413551 0.15477872
v -0.32484635 0.02335549 -0.12712166
v -0.32484635 0.04238383 -0.10701227
v -0.32484635 0.01533709 0.15536498
v -0.32484635 0.04238383 0.18271708
v -0.32484635 0.05307806 -0.09887300
v -0.32484635 0.07063215 -0.08356099
v -0.33488356 0.07063215 -0.01412700
v -0.32484635 0.05523830 -0.01412700
v -0.32484635 0.07063215 -0.03080605
v -0.32484635 0.05306779 0.01412166
v -0.32484635 0.06095508 0.04237033
v -0.32484635 0.06734161 0.07061899
v -0.32484635 0.07063215 0.07521910
v -0.33906117 0.07063215 0.15536498
v -0.32484635 0.07063215 0.17544089
v -0.35164983 0.09888047 -0.07062433
v -0.32484635 0.09167202 -0.07062433
v -0.32553073 0.09888047 -0.04237567
v -0.32484635 0.09736617 -0.04237567
v -0.34813492 0.09888047 -0.01412700
v -0.34294725 0.09888047 0.09886766
v -0.32484635 0.09888047 0.09084331
v -0.34228226 0.09888047 0.15536498
v -0.32484635 0.09888047 0.16936268
v -0.33373365 0.12712879 0.09886766
v -0.32484635 0.12712879 0.09836328
v -0.34018811 0.12712879 0.15536498
v -0.32484635 0.12712879 0.17281671
v -0.32484635 0.13787161 0.09886766
v -0.32484635 0.15537712 0.10110540
v -0.32484635 0.15537712 0.17369907
v -0.32484635 0.16882816 0.12711632
v -0.33864351 0.18362544 0.15536498
v -0.32484635 0.16666923 0.15536498
v -0.33721401 0.18362544 0.18361365
v -0.29659789 -0.13989456 -0.12712166
v -0.29659789 -0.12710610 -0.13560173
v -0.29659789 -0.14743693 -0.09887300
v -0.29659789 -0.13992878 -0.07062433
v -0.29659789 -0.12710610 -0.05991427
v -0.29659789 -0.14272513 0.01412166
v -0.29659789 -0.12710610 -0.00238161
v -0.29659789 -0.14444191 0.04237033
v -0.29659789 -0.12710610 0.05110051
v -0.29659789 -0.13726119 0.09886766
v -0.29659789 -0.12710610 0.08708444
v -0.29659789 -0.13995658 0.12711632
v -0.29659789 -0.12710610 0.13807716
v -0.29659789 -0.10503745 -0.15537032
v -0.29659789 -0.09885778 -0.16151729
v -0.29659789 -0.11486049 -0.04237567
v -0.29659789 -0.12226559 -0.01412700
v -0.29659789 -0.11988466 0.07061899
v -0.29659789 -0.09885778 0.14383151
v -0.29659789 -0.07060946 -0.17556623
v -0.29659789 -0.07825320 0.15536498
v -0.29659789 -0.07060946 0.15892942
v -0.29659789 -0.04236113 -0.17822148
v -0.29659789 -0.04236113 0.16031961
v -0.29659789 -0.01411281 -0.16949712
v -0.30486857 -0.01411281 0.15536498
v -0.29659789 -0.01411281 0.15711001
v -0.29659789 0.00428815 -0.15537032
v -0.29659789 0.01413551 -0.14553097
v -0.29659789 -0.00803792 0.15536498
v -0.29659789 0.01413551 0.14985492
v -0.29659789 0.02923238 -0.12712166
v -0.29659789 0.04238383 -0.10815132
v -0.29659789 0.02685404 0.15536498
v -0.29659789 0.04238383 0.16447614
v -0.29659789 0.05613392 -0.09887300
v -0.29813693 0.07063215 -0.07062433
v -0.29659789 0.06921611 -0.07062433
v -0.30862829 0.07063215 -0.04237567
v -0.29659789 0.06025934 -0.04237567
v -0.29659789 0.04801972 -0.01412700
v -0.29659789 0.05802489 0.01412166
v -0.29739070 0.07063215 0.04237033
v -0.29659789 0.07063215 0.04161266
v -0.32036908 0.07063215 0.07061899
v -0.31393049 0.07063215 0.18361365
v -0.29659789 0.06187808 0.18361365
v -0.29659789 0.07063215 0.19026063
v -0.29659789 0.07115106 0.04237033
v -0.30311663 0.09888047 0.07061899
v -0.29659789 0.09888047 0.06397891
v -0.31370173 0.09888047 0.18361365
v -0.29659789 0.09888047 0.19235349
v -0.29749485 0.12712879 0.07061899
v -0.29659789 0.12712879 0.06866892
v -0.31554714 0.12712879 0.18361365
v -0.29659789 0.12712879 0.19011553
v -0.29659789 0.12834788 0.07061899
v -0.29659789 0.14493485 0.09886766
v -0.29659789 0.15537712 0.11084979
v -0.29659789 0.15456026 0.18361365
v -0.29659789 0.15537712 0.18279376
v -0.29659789 0.16443660 0.12711632
v -0.29659789 0.17045717 0.15536498
v -0.26855427 -0.29659603 -0.29661365
v -0.26834943 -0.29754210 -0.29661365
v -0.26834943 -0.29659603 -0.29695832
v -0.26834943 -0.29659603 -0.29632201
v -0.26834943 -0.29620888 -0.29661365
v -0.27016568 -0.15535442 -0.04237567
v -0.26834943 -0.15959749 -0.04237567
v -0.26834943 -0.15535442 -0.04904966
v -0.26834943 -0.15535442 -0.03215370
v -0.26834943 -0.14037151 -0.12712166
v -0.26834943 -0.12710610 -0.13544284
v -0.26834943 -0.15278595 -0.09887300
v -0.26834943 -0.14735131 -0.07062433
v -0.27002327 -0.12710610 -0.04237567
v -0.28409181 -0.12710610 -0.01412700
v -0.26834943 -0.14576702 -0.01412700
v -0.26834943 -0.14067234 0.01412166
v -0.28363196 -0.12710610 0.04237033
v -0.26834943 -0.12710610 0.03022500
v -0.26834943 -0.13616443 0.09886766
v -0.26834943 -0.12710610 0.07483758
v -0.26834943 -0.14817265 0.12711632
v -0.26834943 -0.12710610 0.14969684
v -0.26834943 -0.10691383 -0.15537032
v -0.26834943 -0.09885778 -0.16581993
v -0.26834943 -0.12235658 0.04237033
v -0.26834943 -0.12548819 0.07061899
v -0.26968141 -0.09885778 0.15536498
v -0.26834943 -0.10213453 0.15536498
v -0.26834943 -0.09885778 0.15579344
v -0.26834943 -0.07060946 -0.17501619
v -0.27506967 -0.07060946 0.15536498
v -0.26834943 -0.09040052 0.15536498
v -0.26834943 -0.07060946 0.15453277
v -0.26834943 -0.04236113 -0.17633969
v -0.28213271 -0.04236113 0.15536498
v -0.26834943 -0.04236113 0.15108857
v -0.26834943 -0.01411281 -0.17282253
v -0.29373104 -0.01411281 0.15536498
v -0.26834943 -0.01411281 0.14317044
v -0.27977307 0.01413551 -0.15537032
v -0.26834943 0.01413551 -0.16139560
v -0.26834943 0.01413551 0.14158407
v -0.26834943 0.01869447 -0.15537032
v -0.26834943 0.03423366 -0.12712166
v -0.27518527 0.04238383 -0.09887300
v -0.26834943 0.04042343 -0.09887300
v -0.27766921 0.04238383 -0.07062433
v -0.26834943 0.03645089 -0.07062433
v -0.28154258 0.04238383 -0.04237567
v -0.26834943 0.03465490 -0.04237567
v -0.26834943 0.04238383 -0.02376414
v -0.27802614 0.04238383 0.15536498
v -0.26834943 0.04238383 0.15187369
v -0.26834943 0.05237529 -0.01412700
v -0.26834943 0.04369388 0.01412166
v -0.29578058 0.07063215 0.04237033
v -0.26834943 0.05339372 0.04237033
v -0.26834943 0.07063215 0.05518308
v -0.26834943 0.04889830 0.15536498
v -0.28869778 0.07063215 0.18361365
v -0.26834943 0.07063215 0.16714711
v -0.26834943 0.09888047 0.05135781
v -0.26834943 0.09514804 0.18361365
v -0.26834943 0.09888047 0.18597130
v -0.26834943 0.12712879 0.05991913
v -0.26834943 0.12712879 0.18377131
v -0.26834943 0.13223349 0.07061899
v -0.26834943 0.14250883 0.09886766
v -0.26834943 0.15537712 0.11733438
v -0.26834943 0.12743586 0.18361365
v -0.26834943 0.15537712 0.16782972
v -0.26834943 0.16081736 0.12711632
v -0.26834943 0.17439027 0.15536498
v -0.24010097 -0.31181555 -0.29661365
v -0.24010097 -0.29659603 -0.30411431
v -0.24010097 -0.29659603 -0.27530115
v -0.24010097 -0.28640310 -0.29661365
v -0.25009615 -0.15535442 -0.07062433
v -0.24010097 -0.15945499 -0.07062433
v -0.24010097 -0.15535442 -0.08747887
v -0.26347059 -0.15535442 -0.04237567
v -0.24010097 -0.15535442 -0.06300190
v -0.24010097 -0.13459450 -0.12712166
v -0.24010097 -0.12710610 -0.13320760
v -0.24010097 -0.15297322 -0.09887300
v -0.24010097 -0.14784555 -0.04237567
v -0.24010097 -0.14665344 -0.01412700
v -0.24010097 -0.13884208 0.01412166
v -0.24010097 -0.12710610 0.03998533
v -0.24010097 -0.13120920 0.09886766
v -0.24010097 -0.12710610 0.08424874
v -0.24010097 -0.14146908 0.12711632
v -0.24010097 -0.12710610 0.15158765
v -0.24010097 -0.10256424 -0.15537032
v -0.24010097 -0.09885778 -0.15968467
v -0.24010097 -0.12622034 0.04237033
v -0.24010097 -0.12413339 0.07061899
v -0.24010097 -0.12292325 0.15536498
v -0.24010097 -0.09885778 0.17211485
v -0.24010097 -0.07060946 -0.16917939
v -0.26557762 -0.07060946 0.15536498
v -0.24010097 -0.07060946 0.16718316
v -0.24010097 -0.04236113 -0.17067863
v -0.24010097 -0.04560167 0.15536498
v -0.24010097 -0.04236113 0.15402143
v -0.24010097 -0.01411281 -0.17281323
v -0.24010097 -0.01411281 0.14111201
v -0.24010097 0.01413551 -0.16814822
v -0.24010097 0.01413551 0.13546364
v -0.24010097 0.03294355 -0.15537032
v -0.24010097 0.03190061 -0.12712166
v -0.24010097 0.02303598 -0.09887300
v -0.24010097 0.01985497 -0.07062433
v -0.24010097 0.02515299 -0.04237567
v -0.24010097 0.04238383 -0.01794634
v -0.24645693 0.04238383 0.04237033
v -0.24010097 0.04070944 0.04237033
v -0.24010097 0.04238383 0.03128588
v -0.24010097 0.04238383 0.05179536
v -0.24010097 0.04238383 0.14361103
v -0.24010097 0.04788096 -0.01412700
v -0.24010097 0.04562066 0.01412166
v -0.25089811 0.07063215 0.07061899
v -0.24010097 0.05176026 0.07061899
v -0.24010097 0.07063215 0.07786306
v -0.24668182 0.07063215 0.15536498
v -0.24010097 0.07063215 0.15141699
v -0.24010097 0.08955235 0.07061899
v -0.24010097 0.09888047 0.06343843
v -0.24010097 0.07886986 0.15536498
v -0.26130263 0.09888047 0.18361365
v -0.24010097 0.09888047 0.17048972
v -0.24010097 0.12712879 0.04588878
v -0.26714786 0.12712879 0.18361365
v -0.24010097 0.12712879 0.17443469
v -0.24010097 0.13253707 0.07061899
v -0.24010097 0.14332951 0.09886766
v -0.24010097 0.15537712 0.11884605
v -0.24010097 0.15537712 0.15621251
v -0.24010097 0.16010821 0.12711632
v -0.24901009 0.18362544 0.15536498
v -0.24010097 0.18362544 0.15220374
v -0.24010097 0.18362544 0.15862761
v -0.24010097 0.18687016 0.15536498
v -0.22996677 -0.29659603 -0.29661365
v -0.21412011 -0.15535442 -0.12712166
v -0.21185251 -0.15682983 -0.12712166
v -0.21185251 -0.15535442 -0.12888825
v -0.21185251 -0.15535442 -0.12517424
v -0.23622329 -0.15535442 -0.07062433
v -0.21185251 -0.12710610 -0.15240595
v -0.21185251 -0.13989811 -0.09887300
v -0.21185251 -0.13396036 -0.07062433
v -0.21185251 -0.13525935 -0.04237567
v -0.21185251 -0.13870163 -0.01412700
v -0.21185251 -0.13367976 0.01412166
v -0.21185251 -0.12710610 0.03119272
v -0.21185251 -0.12839333 0.09886766
v -0.21185251 -0.12710610 0.08863368
v -0.21185251 -0.14011448 0.12711632
v -0.21185251 -0.12710610 0.15163285
v -0.21185251 -0.12305651 -0.15537032
v -0.21185251 -0.09885778 -0.16586762
v -0.21185251 -0.12342651 0.04237033
v -0.21185251 -0.12530253 0.07061899
v -0.21185251 -0.12306945 0.15536498
v -0.21185251 -0.09885778 0.18154614
v -0.21498564 -0.09885778 0.21186231
v -0.21185251 -0.10241145 0.21186231
v -0.21185251 -0.09885778 0.19097844
v -0.21185251 -0.09885778 0.21612847
v -0.21185251 -0.07060946 -0.16713498
v -0.21185251 -0.07060946 0.17036553
v -0.21185251 -0.09578770 0.21186231
v -0.21185251 -0.04236113 -0.16786194
v -0.21185251 -0.05130695 0.15536498
v -0.21185251 -0.04236113 0.15086781
v -0.21185251 -0.01411281 -0.17061232
v -0.21185251 -0.01411281 0.14055332
v -0.21185251 0.01413551 -0.17369433
v -0.21254186 0.01413551 -0.07062433
v -0.21185251 0.01401375 -0.07062433
v -0.21185251 0.01413551 -0.07165836
v -0.21185251 0.01413551 -0.07018559
v -0.21185251 0.01413551 0.13879555
v -0.21185251 0.02983595 -0.15537032
v -0.21185251 0.02777448 -0.12712166
v -0.21185251 0.01807921 -0.09887300
v -0.21185251 0.02234664 -0.04237567
v -0.23353297 0.04238383 -0.01412700
v -0.21185251 0.03441457 -0.01412700
v -0.21185251 0.04238383 0.01332419
v -0.23534596 0.04238383 0.04237033
v -0.21185251 0.04238383 0.14778858
v -0.21185251 0.04276706 0.01412166
v -0.21185251 0.05478644 0.04237033
v -0.22086681 0.07063215 0.07061899
v -0.21185251 0.07063215 0.06412611
v -0.22639781 0.07063215 0.15536498
v -0.21185251 0.06128591 0.15536498
v -0.21185251 0.07063215 0.16104596
v -0.21663751 0.09888047 0.04237033
v -0.21185251 0.09441304 0.04237033
v -0.21185251 0.09888047 0.03935550
v -0.21185251 0.09888047 0.17582253
v -0.21185251 0.10336642 0.04237033
v -0.21185251 0.12712879 0.06734813
v -0.22653683 0.12712879 0.18361365
v -0.21185251 0.11481797 0.18361365
v -0.21185251 0.12712879 0.19170527
v -0.21732445 0.15537712 -0.86158693
v -0.21185251 0.13265373 -0.86158693
v -0.21185251 0.15537712 -0.86169235
v -0.21185251 0.15537712 -0.85607297
v -0.21185251 0.12889189 0.07061899
v -0.21185251 0.14630257 0.09886766
v -0.21992542 0.15537712 0.12711632
v -0.21185251 0.15285537 0.12711632
v -0.21185251 0.15537712 0.14685227
v -0.21456893 0.15537712 0.18361365
v -0.21185251 0.15537712 0.18643066
v -0.21185251 0.16589715 -0.86158693
v -0.22986314 0.18362544 0.15536498
v -0.21185251 0.15920243 0.15536498
v -0.21459359 0.18362544 0.18361365
v -0.21185251 0.18362544 0.17461049
v -0.21185251 0.18362544 0.18582745
v -0.21185251 0.18643401 0.18361365
v -0.20899210 -0.15535442 -0.12712166
v -0.20711935 -0.12710610 -0.15537032
v -0.18360405 -0.15246476 -0.15537032
v -0.18360405 -0.12710610 -0.16651989
v -0.18360405 -0.14215137 -0.12712166
v -0.18360405 -0.12740966 -0.09887300
v -0.20059470 -0.12710610 -0.07062433
v -0.18360405 -0.12710610 -0.09796526
v -0.19823620 -0.12710610 -0.04237567
v -0.19207957 -0.12710610 -0.01412700
v -0.19256375 -0.12710610 0.01412166
v -0.19179111 -0.12710610 0.04237033
v -0.18360405 -0.12895954 0.04237033
v -0.18360405 -0.12710610 0.03205434
v -0.19880454 -0.12710610 0.07061899
v -0.18360405 -0.12954563 0.07061899
v -0.18360405 -0.13492396 0.09886766
v -0.18360405 -0.13527584 0.12711632
v -0.18360405 -0.12710610 0.13958773
v -0.18360405 -0.09885778 -0.16724068
v -0.18360405 -0.11956962 -0.07062433
v -0.18360405 -0.11987634 -0.04237567
v -0.18360405 -0.12372295 -0.01412700
v -0.18360405 -0.12443213 0.01412166
v -0.18360405 -0.10352317 0.15536498
v -0.18360405 -0.09885778 0.16200364
v -0.20799253 -0.09885778 0.21186231
v -0.18360405 -0.07060946 -0.16833557
v -0.18360405 -0.07060946 0.17783227
v -0.18360405 -0.04236113 -0.16764559
v -0.19763802 -0.04236113 0.15536498
v -0.18360405 -0.04236113 0.16040444
v -0.18360405 -0.01411281 -0.17079722
v -0.18360405 -0.03457034 0.15536498
v -0.18360405 -0.01411281 0.14494263
v -0.18360405 0.01413551 -0.16031588
v -0.20848712 0.01413551 -0.07062433
v -0.18360405 0.01413551 0.14816510
v -0.18360405 0.01623385 -0.15537032
v -0.18360405 0.02993638 -0.12712166
v -0.18360405 0.02062333 -0.09887300
v -0.18360405 0.01518845 -0.07062433
v -0.18360405 0.02619044 -0.04237567
v -0.18360405 0.04023257 -0.01412700
v -0.18360405 0.04238383 -0.00495443
v -0.18695770 0.04238383 0.04237033
v -0.18360405 0.04109818 0.04237033
v -0.18360405 0.04238383 0.03619117
v -0.18360405 0.04238383 0.04750413
v -0.18940744 0.04238383 0.15536498
v -0.18360405 0.03668316 0.15536498
v -0.18360405 0.04238383 0.15751500
v -0.18360405 0.05859986 0.01412166
v -0.19170874 0.07063215 0.07061899
v -0.18360405 0.06492969 0.07061899
v -0.18360405 0.07063215 0.07294962
v -0.18360405 0.07063215 0.17060598
v -0.20231866 0.09888047 0.04237033
v -0.18360405 0.07935214 0.07061899
v -0.18360405 0.09888047 0.05870630
v -0.19214522 0.09888047 0.18361365
v -0.18360405 0.09439763 0.18361365
v -0.18360405 0.09888047 0.18714918
v -0.19927745 0.12712879 0.07061899
v -0.18360405 0.11649192 0.07061899
v -0.18360405 0.12712879 0.07236547
v -0.18360405 0.12712879 0.19420287
v -0.20449625 0.15537712 -0.86158693
v -0.18726552 0.15537712 0.09886766
v -0.18360405 0.15537712 0.09600781
v -0.20252832 0.15537712 0.12711632
v -0.18360405 0.15537712 0.19564056
v -0.18360405 0.15654188 0.09886766
v -0.18360405 0.16208644 0.12711632
v -0.19502867 0.18362544 0.15536498
v -0.18360405 0.18362544 0.14906530
v -0.18360405 0.18362544 0.19518586
v -0.18360405 0.18816988 0.15536498
v -0.18360405 0.19405851 0.18361365
v -0.15535558 -0.14315439 -0.15537032
v -0.15535558 -0.12710610 -0.17329084
v -0.15535558 -0.13370102 -0.12712166
v -0.18270928 -0.12710610 -0.09887300
v -0.15535558 -0.12710610 -0.11570209
v -0.17481341 -0.12710610 0.01412166
v -0.15535558 -0.13709763 0.01412166
v -0.15535558 -0.12710610 -0.00339702
v -0.15535558 -0.14518999 0.04237033
v -0.15535558 -0.14441827 0.07061899
v -0.15535558 -0.14410487 0.09886766
v -0.15535558 -0.13788452 0.12711632
v -0.15535558 -0.12710610 0.14726539
v -0.15535558 -0.09885778 -0.16819953
v -0.15535558 -0.11953501 -0.09887300
v -0.15535558 -0.11469449 -0.07062433
v -0.15535558 -0.11489999 -0.04237567
v -0.15535558 -0.12275436 -0.01412700
v -0.15535558 -0.11535961 0.15536498
v -0.15535558 -0.09885778 0.16705479
v -0.15535558 -0.07060946 -0.17325552
v -0.15535558 -0.07060946 0.15875641
v -0.15535558 -0.04236113 -0.17326678
v -0.16685798 -0.04236113 0.15536498
v -0.15535558 -0.06247974 0.15536498
v -0.15535558 -0.04236113 0.15036811
v -0.15535558 -0.01411281 -0.17632196
v -0.15535558 -0.01411281 0.14597099
v -0.17048663 0.01413551 -0.15537032
v -0.15535558 0.01116729 -0.15537032
v -0.15535558 0.01413551 -0.15221436
v -0.16526650 0.01413551 0.15536498
v -0.15535558 0.00411104 0.15536498
v -0.15535558 0.01413551 0.16270066
v -0.15978927 0.04238383 -0.15537032
v -0.15535558 0.02351604 -0.15537032
v -0.15535558 0.04238383 -0.17158692
v -0.16253341 0.04238383 -0.12712166
v -0.15535558 0.03060956 -0.09887300
v -0.15535558 0.04238383 -0.11970518
v -0.15535558 0.01676566 -0.07062433
v -0.15535558 0.03576460 -0.04237567
v -0.17992507 0.04238383 -0.01412700
v -0.15535558 0.04238383 -0.03635432
v -0.16401981 0.04238383 0.01412166
v -0.15535558 0.04038761 0.01412166
v -0.15535558 0.04238383 0.01070111
v -0.15535558 0.03033819 0.04237033
v -0.15999075 0.04238383 0.07061899
v -0.15535558 0.04099950 0.07061899
v -0.15535558 0.04238383 0.07302894
v -0.15535558 0.04238383 0.17597713
v -0.16407250 0.07063215 -0.15537032
v -0.15535558 0.07063215 -0.16946591
v -0.15535558 0.04844524 -0.12712166
v -0.15535558 0.07063215 -0.15090269
v -0.15535558 0.05284604 -0.01412700
v -0.15535558 0.07063215 0.08657071
v -0.15535558 0.07063215 0.17075499
v -0.15535558 0.07404674 -0.15537032
v -0.17003816 0.09888047 0.07061899
v -0.15535558 0.09888047 0.07649606
v -0.17992162 0.09888047 0.18361365
v -0.15535558 0.09888047 0.17068636
v -0.15535558 0.12712879 0.07065645
v -0.17131338 0.12712879 0.18361365
v -0.15535558 0.12712879 0.16958963
v -0.15589553 0.15537712 0.07061899
v -0.15535558 0.13027693 0.07061899
v -0.15535558 0.15537712 0.07021029
v -0.16997498 0.15537712 0.18361365
v -0.15535558 0.15537712 0.17153696
v -0.15535558 0.15562105 0.07061899
v -0.15535558 0.16464083 0.09886766
v -0.15535558 0.16949694 0.12711632
v -0.15535558 0.18362544 0.14759644
v -0.17337636 0.18362544 0.18361365
v -0.15535558 0.18362544 0.15999594
v -0.15535558 0.18621262 0.15536498
v -0.12716276 -0.15535442 0.04237033
v -0.12710712 -0.15537581 0.04237033
v -0.12710712 -0.15535442 0.04234278
v -0.12710712 -0.15535442 0.04267051
v -0.12710712 -0.13056671 -0.15537032
v -0.12710712 -0.12710610 -0.15984208
v -0.12710712 -0.12933945 -0.12712166
v -0.12710712 -0.12710610 -0.12134293
v -0.12710712 -0.13814633 0.01412166
v -0.12710712 -0.12710610 -0.00972100
v -0.12710712 -0.15339064 0.07061899
v -0.12710712 -0.14637074 0.09886766
v -0.12710712 -0.13868944 0.12711632
v -0.12710712 -0.12710610 0.14280679
v -0.12710712 -0.09885778 -0.16553506
v -0.12710712 -0.11996633 -0.09887300
v -0.12710712 -0.11534457 -0.07062433
v -0.12710712 -0.11669476 -0.04237567
v -0.12710712 -0.12518890 -0.01412700
v -0.12710712 -0.10772733 0.15536498
v -0.12710712 -0.09885778 0.16088750
v -0.12710712 -0.07060946 -0.17529672
v -0.13820662 -0.07060946 0.15536498
v -0.12710712 -0.07464351 0.15536498
v -0.12710712 -0.07060946 0.15416535
v -0.12710712 -0.04236113 -0.18089929
v -0.12710712 -0.04236113 0.14880235
v -0.12710712 -0.01411281 -0.18178932
v -0.12710712 -0.01411281 0.14804674
v -0.13877012 0.01413551 -0.15537032
v -0.12710712 0.01413551 -0.15784381
v -0.13784482 0.01413551 0.15536498
v -0.12710712 0.01413551 0.15031379
v -0.13227367 0.01413551 0.18361365
v -0.12710712 0.00897127 0.18361365
v -0.12710712 0.01413551 0.16920807
v -0.12710712 0.01413551 0.19700307
v -0.12710712 0.04238383 -0.17017000
v -0.13634558 0.04238383 -0.09887300
v -0.12710712 0.03030747 -0.07062433
v -0.12710712 0.04238383 -0.08484595
v -0.14583675 0.04238383 -0.04237567
v -0.12710712 0.04238383 -0.05769708
v -0.12710712 0.03730230 0.01412166
v -0.12710712 0.04238383 0.00755464
v -0.12710712 0.02618954 0.04237033
v -0.12710712 0.03493746 0.07061899
v -0.12710712 0.04238383 0.08218729
v -0.12710712 0.02545051 0.15536498
v -0.12710712 0.02437912 0.18361365
v -0.12710712 0.04238383 0.16807699
v -0.13576482 0.07063215 -0.18361899
v -0.12710712 0.06162068 -0.18361899
v -0.12710712 0.07063215 -0.19793164
v -0.13521731 0.07063215 -0.12712166
v -0.12710712 0.05295110 -0.09887300
v -0.12710712 0.07063215 -0.11604120
v -0.12710712 0.05259021 -0.04237567
v -0.12710712 0.05959258 -0.01412700
v -0.12710712 0.07063215 0.09286651
v -0.12710712 0.07063215 0.16342687
v -0.12710712 0.07394456 -0.18361899
v -0.12710712 0.08272021 -0.15537032
v -0.12710712 0.08432856 -0.12712166
v -0.12710712 0.09888047 0.09167282
v -0.12710712 0.09888047 0.15942327
v -0.15491053 0.12712879 0.07061899
v -0.12710712 0.12452400 0.07061899
v -0.12710712 0.12712879 0.06822689
v -0.13031203 0.12712879 0.15536498
v -0.12710712 0.11964323 0.15536498
v -0.12710712 0.12712879 0.15377600
v -0.15475423 0.15537712 0.07061899
v -0.12710712 0.13124211 0.07061899
v -0.12710712 0.15537712 0.08005194
v -0.12710712 0.14653075 0.15536498
v -0.12710712 0.15537712 0.15616740
v -0.13605957 0.18362544 0.09886766
v -0.12710712 0.18362544 0.09322443
v -0.13398099 0.18362544 0.12711632
v -0.14106236 0.18362544 0.15536498
v -0.12710712 0.16116304 0.15536498
v -0.12710712 0.18362544 0.14024531
v -0.12710712 0.19109082 0.09886766
v -0.12710712 0.18680157 0.12711632
v -0.12829244 0.24012208 0.32485697
v -0.12710712 0.23445189 0.32485697
v -0.12710712 0.24012208 0.32317202
v -0.12800026 0.24012208 0.35310564
v -0.12710712 0.23889450 0.35310564
v -0.12710712 0.24012208 0.35403991
v -0.12710712 0.24233533 0.32485697
v -0.13078311 0.26837040 0.35310564
v -0.12710712 0.26837040 0.35038968
v -0.12710712 0.26837040 0.35632178
v -0.12710712 0.26962272 0.35310564
v -0.10529816 -0.18360274 0.86158160
v -0.09885866 -0.18664007 0.86158160
v -0.09885866 -0.18360274 0.85590806
v -0.09885866 -0.18360274 0.86165162
v -0.12702981 -0.15535442 0.04237033
v -0.09885866 -0.17818260 0.86158160
v -0.12321164 -0.12710610 -0.15537032
v -0.09885866 -0.13472146 -0.12712166
v -0.09885866 -0.12710610 -0.13427099
v -0.10430323 -0.12710610 -0.09887300
v -0.09885866 -0.12895246 -0.09887300
v -0.09885866 -0.12710610 -0.09283711
v -0.12075877 -0.12710610 -0.01412700
v -0.09885866 -0.13441066 -0.01412700
v -0.09885866 -0.12710610 -0.03126556
v -0.09885866 -0.14844771 0.01412166
v -0.09885866 -0.14863316 0.04237033
v -0.09885866 -0.14511849 0.07061899
v -0.09885866 -0.14410293 0.09886766
v -0.09885866 -0.14167997 0.12711632
v -0.09885866 -0.12710610 0.15524814
v -0.10759189 -0.09885778 -0.15537032
v -0.09885866 -0.09885778 -0.15045123
v -0.09885866 -0.12125618 -0.07062433
v -0.09885866 -0.12285801 -0.04237567
v -0.09885866 -0.12695541 0.15536498
v -0.09885866 -0.09885778 0.16897899
v -0.09885866 -0.08211835 -0.15537032
v -0.09885866 -0.07060946 -0.16256773
v -0.12446025 -0.07060946 0.15536498
v -0.09885866 -0.07060946 0.17987510
v -0.09885866 -0.04236113 -0.17243359
v -0.11515191 -0.04236113 0.15536498
v -0.10216135 -0.04236113 0.18361365
v -0.09885866 -0.05888217 0.18361365
v -0.09885866 -0.04236113 0.19593608
v -0.11866717 -0.01411281 -0.18361899
v -0.09885866 -0.02391575 -0.18361899
v -0.09885866 -0.01411281 -0.18705024
v -0.11850736 -0.01411281 0.15536498
v -0.09885866 -0.03653784 0.18361365
v -0.09885866 -0.01411281 0.17463873
v -0.09885866 -0.00107261 -0.18361899
v -0.09885866 0.01413551 -0.17706986
v -0.12154282 0.01413551 0.15536498
v -0.12352668 0.01413551 0.18361365
v -0.09885866 0.01413551 0.16560495
v -0.10269773 0.04238383 -0.18361899
v -0.09885866 0.03910343 -0.18361899
v -0.09885866 0.04238383 -0.18715729
v -0.11890161 0.04238383 -0.15537032
v -0.09885866 0.03097321 -0.15537032
v -0.09885866 0.04238383 -0.18205745
v -0.10576085 0.04238383 -0.12712166
v -0.09885866 0.03855578 -0.12712166
v -0.09885866 0.04238383 -0.11983764
v -0.09895134 0.04238383 -0.07062433
v -0.10878692 0.04238383 0.01412166
v -0.09885866 0.03004538 0.04237033
v -0.09885866 0.04238383 0.01919603
v -0.09885866 0.03984063 0.07061899
v -0.09885866 0.04238383 0.07331851
v -0.09885866 0.04238383 0.15883389
v -0.09885866 0.07063215 -0.18391783
v -0.11490879 0.07063215 -0.15537032
v -0.09885866 0.07063215 -0.18343619
v -0.10806765 0.07063215 -0.12712166
v -0.09885866 0.06550033 -0.09887300
v -0.09885866 0.04243783 -0.07062433
v -0.09885866 0.06242335 -0.04237567
v -0.09885866 0.05011493 -0.01412700
v -0.09885866 0.04571468 0.01412166
v -0.09885866 0.07063215 0.07964332
v -0.11149185 0.07063215 0.15536498
v -0.09885866 0.05088179 0.15536498
v -0.09885866 0.07063215 0.14438904
v -0.09885866 0.07070956 -0.18361899
v -0.10277547 0.09888047 -0.12712166
v -0.09885866 0.09150113 -0.12712166
v -0.09885866 0.09888047 -0.13453821
v -0.10887640 0.09888047 -0.09887300
v -0.09885866 0.07601963 -0.09887300
v -0.09885866 0.09888047 -0.08966020
v -0.09885866 0.09888047 0.07739539
v -0.11531464 0.09888047 0.15536498
v -0.09885866 0.09888047 0.13779429
v -0.09885866 0.10025352 -0.12712166
v -0.09885866 0.10636257 -0.09887300
v -0.12098329 0.12712879 0.07061899
v -0.09885866 0.12712879 0.08000149
v -0.09885866 0.12712879 0.13725125
v -0.09885866 0.15537712 0.09047075
v -0.12488152 0.15537712 0.15536498
v -0.09885866 0.15537712 0.14243992
v -0.09885866 0.18362544 0.09768288
v -0.09885866 0.18362544 0.14683899
v -0.09885866 0.18770496 0.09886766
v -0.09885866 0.19444636 0.12711632
v -0.12429606 0.24012208 0.32485697
v -0.12627019 0.24012208 0.35310564
v -0.12530398 0.26837040 0.35310564
v -0.09332480 -0.18360274 0.86158160
v -0.07061020 -0.13021697 -0.12712166
v -0.07061020 -0.12710610 -0.12986092
v -0.07061020 -0.14248339 -0.09887300
v -0.08901145 -0.12710610 -0.07062433
v -0.07061020 -0.14106786 -0.07062433
v -0.09110182 -0.12710610 -0.04237567
v -0.07061020 -0.14128421 -0.04237567
v -0.07061020 -0.13817995 -0.01412700
v -0.07061020 -0.14152182 0.01412166
v -0.07061020 -0.13186020 0.04237033
v -0.07061020 -0.12944325 0.07061899
v -0.07061020 -0.13607906 0.09886766
v -0.07061020 -0.14339406 0.12711632
v -0.09864335 -0.12710610 0.15536498
v -0.07061020 -0.13692179 0.15536498
v -0.07061020 -0.12710610 0.16256141
v -0.07061020 -0.09885778 -0.14659066
v -0.07061020 -0.09885778 0.17131523
v -0.08108463 -0.07060946 -0.15537032
v -0.07061020 -0.07060946 -0.15368197
v -0.07061020 -0.07060946 0.17715741
v -0.07061020 -0.06425887 -0.15537032
v -0.07061020 -0.04236113 -0.16814750
v -0.09561002 -0.04236113 0.18361365
v -0.07061020 -0.04236113 0.17148493
v -0.07623143 -0.01411281 -0.18361899
v -0.07061020 -0.01411281 -0.18229479
v -0.07061020 -0.01411281 0.16635679
v -0.09106892 0.01413551 -0.18361899
v -0.07061020 -0.01199359 -0.18361899
v -0.07061020 0.01413551 -0.19679467
v -0.07061020 0.01413551 0.16352381
v -0.07743689 0.04238383 -0.21186765
v -0.07061020 0.03987852 -0.21186765
v -0.07061020 0.04238383 -0.21413340
v -0.07061020 0.02911774 -0.15537032
v -0.07061020 0.04238383 -0.17405411
v -0.08018385 0.04238383 -0.12712166
v -0.07061020 0.04238383 -0.13012177
v -0.09875144 0.04238383 -0.07062433
v -0.07061020 0.03448456 -0.07062433
v -0.07061020 0.04238383 -0.08608497
v -0.07862337 0.04238383 -0.04237567
v -0.07061020 0.03750458 -0.04237567
v -0.07219549 0.04238383 -0.01412700
v -0.07061020 0.04208047 -0.01412700
v -0.07061020 0.04238383 -0.01308040
v -0.07896661 0.04238383 0.04237033
v -0.08798818 0.04238383 0.07061899
v -0.07061020 0.04238383 0.16661424
v -0.07061020 0.04575053 -0.21186765
v -0.09862730 0.07063215 -0.18361899
v -0.07061020 0.05770035 -0.18361899
v -0.07061020 0.04820034 -0.12712166
v -0.07061020 0.04942287 -0.09887300
v -0.07061020 0.05281700 0.01412166
v -0.07061020 0.06203488 0.04237033
v -0.08500162 0.07063215 0.07061899
v -0.07061020 0.07063215 0.04893745
v -0.08397516 0.07063215 0.15536498
v -0.07061020 0.07063215 0.16107050
v -0.08043871 0.09888047 -0.12712166
v -0.08563336 0.09888047 -0.09887300
v -0.07061020 0.09616188 0.07061899
v -0.07061020 0.09888047 0.07158303
v -0.07061020 0.08274651 0.15536498
v -0.07061020 0.09888047 0.14044414
v -0.07061020 0.12712879 0.09599233
v -0.07061020 0.12712879 0.14247425
v -0.08723971 0.15537712 0.09886766
v -0.07061020 0.13146541 0.09886766
v -0.07061020 0.15537712 0.12141860
v -0.07061020 0.15537712 0.14024171
v -0.09541693 0.18362544 0.09886766
v -0.07512556 0.18362544 0.12711632
v -0.07061020 0.17263539 0.12711632
v -0.04236174 -0.12785915 -0.12712166
v -0.04236174 -0.12710610 -0.12899534
v -0.04236174 -0.14663591 -0.09887300
v -0.04236174 -0.15179180 -0.07062433
v -0.04236174 -0.15076884 -0.04237567
v -0.04236174 -0.14052989 -0.01412700
v -0.04236174 -0.13415318 0.01412166
v -0.04280653 -0.12710610 0.04237033
v -0.04236174 -0.12710610 0.04201137
v -0.05606291 -0.12710610 0.07061899
v -0.04236174 -0.13150485 0.09886766
v -0.04236174 -0.12710610 0.07859614
v -0.04236174 -0.13739249 0.12711632
v -0.05606595 -0.12710610 0.15536498
v -0.04236174 -0.12710610 0.14213049
v -0.04956824 -0.09885778 -0.15537032
v -0.04236174 -0.10587934 -0.15537032
v -0.04236174 -0.09885778 -0.16604999
v -0.04236174 -0.12703100 0.04237033
v -0.04236174 -0.12503118 0.07061899
v -0.04236174 -0.10884324 0.15536498
v -0.04236174 -0.09885778 0.15951666
v -0.06745464 -0.07060946 -0.15537032
v -0.04236174 -0.07060946 -0.17738319
v -0.04236174 -0.07060946 0.16186591
v -0.04236174 -0.04236113 -0.16574386
v -0.04236174 -0.04236113 0.16681256
v -0.04236174 -0.01411281 -0.16935567
v -0.04236174 -0.01411281 0.17053503
v -0.04457564 0.01413551 -0.18361899
v -0.04236174 0.01413551 -0.18221215
v -0.04236174 0.01413551 0.17023198
v -0.06658033 0.04238383 -0.21186765
v -0.04236174 0.02675554 -0.18361899
v -0.04236174 0.04238383 -0.18746041
v -0.04236174 0.03721710 -0.15537032
v -0.04236174 0.04238383 -0.17726925
v -0.04236174 0.04238383 -0.14790076
v -0.04236174 0.03123854 -0.07062433
v -0.04236174 0.04238383 -0.08617449
v -0.04236174 0.04153076 -0.04237567
v -0.06785432 0.04238383 -0.01412700
v -0.04236174 0.04238383 -0.03753655
v -0.06547005 0.04238383 0.07061899
v -0.04236174 0.03145575 0.07061899
v -0.04236174 0.04238383 0.05854712
v -0.04236174 0.04238383 0.08245468
v -0.04236174 0.04238383 0.16937013
v -0.04236174 0.04522243 -0.18361899
v -0.05778758 0.07063215 -0.12712166
v -0.04236174 0.07063215 -0.14439748
v -0.04236174 0.05798270 -0.09887300
v -0.04236174 0.07063215 -0.11152530
v -0.04236174 0.04730506 -0.01412700
v -0.04236174 0.05158442 0.01412166
v -0.04236174 0.06292316 0.04237033
v -0.05298662 0.07063215 0.07061899
v -0.04236174 0.07063215 0.08241393
v -0.04236174 0.07063215 0.16886611
v -0.04236174 0.08445142 -0.12712166
v -0.04236174 0.09888047 0.08322114
v -0.05143075 0.09888047 0.15536498
v -0.04236174 0.09888047 0.15852710
v -0.06101922 0.12712879 0.09886766
v -0.04236174 0.11846902 0.09886766
v -0.04236174 0.12712879 0.10459151
v -0.04377113 0.12712879 0.15536498
v -0.04236174 0.12712879 0.15582225
v -0.04236174 0.15537712 0.11743876
v -0.05863931 0.15537712 0.15536498
v -0.04236174 0.15537712 0.16036182
v -0.04236174 0.18082824 0.12711632
v -0.05289840 0.18362544 0.15536498
v -0.04236174 0.18362544 0.13113656
v -0.04236174 0.18362544 0.16212550
v -0.04236174 0.19144478 0.15536498
v -0.02957325 -0.15535442 -0.07062433
v -0.01411328 -0.16107690 -0.07062433
v -0.01411328 -0.15535442 -0.08173131
v -0.01411328 -0.15535442 -0.05592447
v -0.01411328 -0.13232402 -0.12712166
v -0.01411328 -0.12710610 -0.13586322
v -0.01411328 -0.14732240 -0.09887300
v -0.01411328 -0.14905873 -0.04237567
v -0.01411328 -0.13971342 -0.01412700
v -0.01411328 -0.13410983 0.01412166
v -0.01411328 -0.12710610 0.04227709
v -0.01411328 -0.13082005 0.09886766
v -0.01411328 -0.12710610 0.07805578
v -0.01411328 -0.13296256 0.12711632
v -0.01411328 -0.12710610 0.13708176
v -0.01411328 -0.10165176 -0.15537032
v -0.01411328 -0.09885778 -0.15742027
v -0.01411328 -0.12708770 0.04237033
v -0.01411328 -0.12591006 0.07061899
v -0.02956314 -0.09885778 0.15536498
v -0.01411328 -0.09885778 0.15099963
v -0.01411328 -0.07060946 -0.16240276
v -0.02453285 -0.07060946 0.15536498
v -0.01411328 -0.07060946 0.15209504
v -0.02424108 -0.04236113 -0.15537032
v -0.01411328 -0.05112217 -0.15537032
v -0.01411328 -0.04236113 -0.15258007
v -0.01411328 -0.05367202 0.15536498
v -0.01411328 -0.04236113 0.15778371
v -0.02318992 -0.01411281 -0.15537032
v -0.01411328 -0.01411281 -0.15131936
v -0.01411328 -0.01411281 0.17202379
v -0.01632439 0.01413551 -0.15537032
v -0.01411328 0.01413551 -0.15403349
v -0.01411328 0.01413551 0.17855811
v -0.03747200 0.04238383 -0.18361899
v -0.01411328 0.04238383 -0.15358971
v -0.01411328 0.04208529 -0.07062433
v -0.01411328 0.04238383 -0.07185875
v -0.04059764 0.04238383 -0.04237567
v -0.01411328 0.04238383 -0.07013662
v -0.02932422 0.04238383 0.07061899
v -0.01411328 0.04238383 0.17415272
v -0.01530387 0.04238383 0.32485697
v -0.01411328 0.04159206 0.32485697
v -0.01411328 0.04238383 0.32402685
v -0.01411328 0.04238383 0.32789722
v -0.02187852 0.07063215 -0.12712166
v -0.01411328 0.06378543 -0.12712166
v -0.01411328 0.06577970 -0.09887300
v -0.01411328 0.05304722 -0.04237567
v -0.01411328 0.05219944 -0.01412700
v -0.01411328 0.05616550 0.01412166
v -0.01411328 0.06086241 0.04237033
v -0.01411328 0.06010358 0.07061899
v -0.01411328 0.07063215 0.08547429
v -0.01411328 0.07063215 0.17216999
v -0.01411328 0.04285854 0.32485697
v -0.01411328 0.09888047 0.09013889
v -0.01411328 0.09888047 0.17362753
v -0.01411328 0.11367544 0.09886766
v -0.01411328 0.12712879 0.10442199
v -0.01411328 0.12712879 0.17270122
v -0.01411328 0.15537712 0.11973176
v -0.01411328 0.15537712 0.17555758
v -0.01411328 0.16852925 0.12711632
v -0.02850828 0.18362544 0.15536498
v -0.01411328 0.17556986 0.15536498
v 0.01413518 -0.15865215 -0.07062433
v 0.01413518 -0.15535442 -0.08094669
v 0.01413518 -0.15535442 -0.06200063
v 0.01413518 -0.13691921 -0.12712166
v 0.01413518 -0.12710610 -0.13974016
v 0.01413518 -0.15236491 -0.09887300
v 0.01413518 -0.14905758 -0.04237567
v 0.01413518 -0.13746799 -0.01412700
v 0.01195835 -0.12710610 0.01412166
v 0.01413518 -0.12710610 0.01231279
v -0.01402530 -0.12710610 0.04237033
v 0.01413518 -0.13445835 0.04237033
v 0.01413518 -0.12710610 0.01618441
v -0.01033048 -0.12710610 0.07061899
v 0.01413518 -0.13561903 0.07061899
v 0.01413518 -0.13834541 0.09886766
v 0.01413518 -0.14911864 0.12711632
v 0.01413518 -0.12710610 0.15306213
v 0.01413518 -0.11227806 -0.15537032
v 0.01413518 -0.09885778 -0.16872135
v 0.01413518 -0.12593341 0.01412166
v 0.01413518 -0.09885778 0.15014942
v 0.01413518 -0.07060946 -0.16415344
v 0.01413518 -0.07060946 0.15022976
v 0.01413518 -0.05724280 -0.15537032
v 0.01413518 -0.04236113 -0.14914025
v 0.00793010 -0.04236113 0.15536498
v 0.01413518 -0.04236113 0.15470158
v 0.01413518 -0.01411281 -0.14864581
v 0.01413518 -0.04027130 0.15536498
v 0.01413518 -0.01411281 0.16425443
v 0.01413518 0.01413551 -0.14228942
v 0.01413518 0.01413551 0.16476355
v 0.00127658 0.04238383 -0.12712166
v 0.01413518 0.03449558 -0.12712166
v 0.01413518 0.04238383 -0.11102524
v -0.01311753 0.04238383 -0.07062433
v 0.00355996 0.04238383 0.15536498
v 0.01413518 0.02487897 0.15536498
v 0.01413518 0.04238383 0.13951551
v -0.01300946 0.04238383 0.32485697
v 0.01413518 0.05215662 -0.09887300
v 0.01413518 0.06319876 -0.07062433
v 0.01413518 0.05669034 -0.04237567
v 0.01413518 0.05727928 -0.01412700
v 0.01413518 0.06421101 0.01412166
v 0.01413518 0.06671458 0.04237033
v 0.00357466 0.07063215 0.07061899
v 0.01413518 0.07063215 0.05488398
v 0.00605764 0.07063215 0.15536498
v 0.01413518 0.07063215 0.14211573
v 0.01413518 0.07757367 0.07061899
v 0.01413518 0.09888047 0.08964314
v 0.01413518 0.08201630 0.15536498
v 0.01413518 0.09888047 0.17534512
v 0.01413518 0.11033664 0.09886766
v 0.01413518 0.12712879 0.11046036
v 0.01408264 0.12712879 0.18361365
v 0.01413518 0.12699798 0.18361365
v 0.01413518 0.12712879 0.18364440
v 0.01413518 0.15537712 0.12345234
v 0.00426601 0.15537712 0.18361365
v 0.01413518 0.15537712 0.19067462
v 0.01413518 0.15829129 0.12711632
v 0.01413518 0.16850814 0.15536498
v 0.01413518 0.17075977 0.18361365
v 0.03191441 -0.15535442 -0.09887300
v 0.04238364 -0.15740417 -0.09887300
v 0.04238364 -0.15535442 -0.10198358
v 0.04238364 -0.16042970 -0.07062433
v 0.04238364 -0.15535442 -0.05162379
v 0.03139538 -0.12710610 -0.15537032
v 0.04238364 -0.13461109 -0.15537032
v 0.04238364 -0.12710610 -0.17713731
v 0.04238364 -0.14153315 -0.12712166
v 0.04238364 -0.15148624 -0.04237567
v 0.02767829 -0.12710610 -0.01412700
v 0.04238364 -0.12710610 -0.02823166
v 0.02796308 -0.12710610 0.04237033
v 0.04238364 -0.14241126 0.07061899
v 0.04238364 -0.12710610 0.05278239
v 0.04238364 -0.14413223 0.09886766
v 0.04238364 -0.14403261 0.12711632
v 0.02398326 -0.12710610 0.15536498
v 0.04238364 -0.13137381 0.15536498
v 0.04238364 -0.12710610 0.15758924
v 0.03139121 -0.09885778 -0.18361899
v 0.04238364 -0.12067669 -0.18361899
v 0.04238364 -0.09885778 -0.19596940
v 0.04238364 -0.11691606 -0.01412700
v 0.04238364 -0.10068140 0.01412166
v 0.04238364 -0.11611544 0.04237033
v 0.04238364 -0.11613120 0.15536498
v 0.04238364 -0.09885778 0.15148569
v 0.04238364 -0.08302103 -0.18361899
v 0.04238364 -0.07060946 -0.17240528
v 0.04238364 -0.07060946 0.14958923
v 0.04238364 -0.04663623 -0.15537032
v 0.04238364 -0.04236113 -0.15373448
v 0.01818252 -0.04236113 0.15536498
v 0.04238364 -0.05485757 0.15536498
v 0.04238364 -0.04236113 0.15945263
v 0.04238364 -0.01411281 -0.14731607
v 0.04238364 -0.01411281 0.15925566
v 0.01526781 0.01413551 -0.35311098
v 0.04238364 0.00388852 -0.35311098
v 0.04238364 0.01413551 -0.36319868
v 0.04238364 0.01413551 -0.34041368
v 0.04238364 0.01413551 -0.14398280
v 0.03009939 0.01413551 0.15536498
v 0.04238364 -0.00263529 0.15536498
v 0.04238364 0.01413551 0.14831219
v 0.03311043 0.04238383 -0.35311098
v 0.04238364 0.04238383 -0.35534872
v 0.03977977 0.04238383 -0.32486231
v 0.04238364 0.04150312 -0.32486231
v 0.04238364 0.04238383 -0.32429756
v 0.04238364 0.02832299 -0.12712166
v 0.02228943 0.04238383 -0.09887300
v 0.04238364 0.03312393 -0.09887300
v 0.03940850 0.04238383 -0.07062433
v 0.04238364 0.04168636 -0.07062433
v 0.04238364 0.04238383 -0.06586604
v 0.04238364 0.04238383 0.12991621
v 0.04238364 0.04579355 -0.35311098
v 0.04238364 0.04461599 -0.32486231
v 0.04238364 0.04772771 -0.04237567
v 0.04238364 0.05798709 -0.01412700
v 0.04238364 0.06100157 0.01412166
v 0.04238364 0.06787056 0.04237033
v 0.04157625 0.07063215 0.07061899
v 0.04238364 0.07048166 0.07061899
v 0.04238364 0.07063215 0.07084530
v 0.03390890 0.07063215 0.12711632
v 0.04238364 0.05482098 0.12711632
v 0.04238364 0.07063215 0.12295131
v 0.04238364 0.09888047 0.07654879
v 0.04238364 0.08100146 0.12711632
v 0.02713370 0.09888047 0.15536498
v 0.04238364 0.09888047 0.13629566
v 0.03075869 0.12712879 0.09886766
v 0.04238364 0.12712879 0.08853580
v 0.04238364 0.11383785 0.15536498
v 0.01523720 0.12712879 0.18361365
v 0.04238364 0.12712879 0.18238439
v 0.04238364 0.14478811 0.09886766
v 0.04238364 0.15537712 0.10991156
v 0.04238364 0.12844941 0.18361365
v 0.04238364 0.15537712 0.19613937
v 0.04238364 0.16245822 0.12711632
v 0.04238364 0.17037108 0.15536498
v 0.04238364 0.17991209 0.18361365
v 0.06715790 -0.21185106 -0.04237567
v 0.07063210 -0.21879313 -0.04237567
v 0.07063210 -0.21185106 -0.04638871
v 0.07063210 -0.21185106 -0.03634855
v 0.05883865 -0.18360274 -0.07062433
v 0.07063210 -0.19513236 -0.07062433
v 0.07063210 -0.18360274 -0.08344049
v 0.06906582 -0.18360274 -0.04237567
v 0.07063210 -0.18360274 -0.04134213
v 0.07063210 -0.16898224 -0.09887300
v 0.07063210 -0.15535442 -0.11606388
v 0.06565542 -0.15535442 -0.04237567
v 0.07063210 -0.15535442 -0.04216839
v 0.06998375 -0.12710610 -0.21186765
v 0.07063210 -0.12773810 -0.21186765
v 0.07063210 -0.12710610 -0.21359457
v 0.04875238 -0.12710610 -0.18361899
v 0.07063210 -0.13556124 -0.18361899
v 0.07063210 -0.13399253 -0.15537032
v 0.07063210 -0.14641915 -0.12712166
v 0.06985481 -0.12710610 -0.04237567
v 0.07063210 -0.13995123 -0.04237567
v 0.07063210 -0.12710610 -0.04301759
v 0.06519739 -0.12710610 0.07061899
v 0.07063210 -0.12777038 0.09886766
v 0.07063210 -0.12710610 0.09336417
v 0.05797601 -0.12710610 0.12711632
v 0.07063210 -0.12710610 0.10222897
v 0.04916830 -0.12710610 0.15536498
v 0.07063210 -0.12610226 -0.21186765
v 0.07063210 -0.09885778 -0.19407758
v 0.07063210 -0.12683891 -0.04237567
v 0.07063210 -0.11022707 -0.01412700
v 0.07063210 -0.10006138 0.01412166
v 0.07063210 -0.10620955 0.04237033
v 0.07063210 -0.12451527 0.07061899
v 0.07063210 -0.12198370 0.12711632
v 0.05342918 -0.09885778 0.15536498
v 0.07063210 -0.11119015 0.15536498
v 0.07063210 -0.09885778 0.16127026
v 0.07063210 -0.08296598 -0.18361899
v 0.07063210 -0.07060946 -0.17679177
v 0.05644688 -0.07060946 0.15536498
v 0.07063210 -0.07060946 0.16028562
v 0.04586837 -0.04236113 -0.15537032
v 0.07063210 -0.04236113 -0.17024490
v 0.07063210 -0.04236113 0.16023121
v 0.05626782 -0.01411281 -0.15537032
v 0.07063210 -0.01411281 -0.16361227
v 0.07063210 -0.01411281 0.15694623
v 0.05094057 0.01413551 -0.35311098
v 0.06698090 0.01413551 -0.15537032
v 0.07063210 0.01413551 -0.16110843
v 0.07063210 -0.00703419 0.15536498
v 0.07063210 0.01413551 0.15001277
v 0.04456091 0.04238383 -0.35311098
v 0.04275332 0.04238383 -0.32486231
v 0.07063210 0.02795232 -0.15537032
v 0.07063210 0.03639066 -0.12712166
v 0.07063210 0.03206516 -0.09887300
v 0.07063210 0.02995659 -0.07062433
v 0.05802296 0.04238383 -0.04237567
v 0.07063210 0.03877907 -0.04237567
v 0.07063210 0.04238383 -0.03486090
v 0.07063210 0.04238383 0.12867848
v 0.07063210 0.05689163 -0.01412700
v 0.07063210 0.06059153 0.01412166
v 0.07063210 0.05611647 0.04237033
v 0.07063210 0.06727407 0.07061899
v 0.07063210 0.07063215 0.07269056
v 0.06306766 0.07063215 0.12711632
v 0.07063210 0.07063215 0.12832094
v 0.05933080 0.07063215 0.24011098
v 0.07063210 0.06444901 0.24011098
v 0.07063210 0.07063215 0.23408833
v 0.07063210 0.07063215 0.24407470
v 0.07063210 0.09888047 0.07658964
v 0.07063210 0.09888047 0.13269452
v 0.07063210 0.07489178 0.24011098
v 0.07063210 0.12712879 0.07491907
v 0.07063210 0.11105332 0.15536498
v 0.07063210 0.12712879 0.18294530
v 0.04999925 0.15537712 0.09886766
v 0.07063210 0.15537712 0.07580966
v 0.06993619 0.15537712 0.18361365
v 0.07063210 0.15537712 0.18316326
v 0.07063210 0.16808263 0.09886766
v 0.07063210 0.17026431 0.12711632
v 0.07063210 0.16949632 0.15536498
v 0.07626559 -0.21185106 -0.04237567
v 0.08637077 -0.18360274 -0.07062433
v 0.07118649 -0.18360274 -0.04237567
v 0.09879129 -0.18360274 0.24011098
v 0.09888056 -0.18370785 0.24011098
v 0.09888056 -0.18360274 0.24000614
v 0.09888056 -0.18360274 0.24118331
v 0.09115302 -0.18360274 0.32485697
v 0.09888056 -0.19485998 0.32485697
v 0.09888056 -0.18360274 0.31178537
v 0.09888056 -0.18360274 0.32747297
v 0.09888056 -0.16849672 -0.09887300
v 0.09888056 -0.15535442 -0.11602265
v 0.09888056 -0.16373769 -0.07062433
v 0.07091752 -0.15535442 -0.04237567
v 0.09888056 -0.15535442 -0.06787914
v 0.09888056 -0.18355619 0.24011098
v 0.09888056 -0.17968889 0.32485697
v 0.07724294 -0.12710610 -0.21186765
v 0.08836556 -0.12710610 -0.18361899
v 0.08404176 -0.12710610 -0.15537032
v 0.09232160 -0.12710610 -0.12712166
v 0.09888056 -0.12710610 -0.12141475
v 0.09888056 -0.12710610 -0.04301512
v 0.07719256 -0.12710610 0.07061899
v 0.09888056 -0.14416010 0.07061899
v 0.09888056 -0.12710610 0.05458131
v 0.07374310 -0.12710610 0.09886766
v 0.09888056 -0.12710610 0.08836976
v 0.07894049 -0.09885778 -0.18361899
v 0.09888056 -0.11544550 -0.15537032
v 0.09888056 -0.09885778 -0.16478831
v 0.09888056 -0.12323802 -0.12712166
v 0.09888056 -0.12674466 -0.04237567
v 0.09888056 -0.12225212 -0.01412700
v 0.09888056 -0.10810627 0.01412166
v 0.09888056 -0.11975236 0.04237033
v 0.09888056 -0.11134278 0.09886766
v 0.09888056 -0.10562170 0.12711632
v 0.09888056 -0.09993082 0.15536498
v 0.09888056 -0.09885778 0.15623002
v 0.09888056 -0.07060946 -0.16982999
v 0.09336644 -0.07060946 0.15536498
v 0.09888056 -0.09079384 0.15536498
v 0.09888056 -0.07060946 0.15213677
v 0.09888056 -0.04236113 -0.17467172
v 0.09888056 -0.06127024 0.15536498
v 0.09888056 -0.04236113 0.15810864
v 0.09888056 -0.01411281 -0.17728402
v 0.09888056 -0.01411281 0.15942417
v 0.09888056 0.01413551 -0.16983724
v 0.09141428 0.01413551 0.15536498
v 0.09888056 0.01413551 0.15759429
v 0.08533743 0.04238383 -0.15537032
v 0.09888056 0.04238383 -0.15946978
v 0.08374828 0.04238383 -0.12712166
v 0.09888056 0.03761094 -0.09887300
v 0.09888056 0.04238383 -0.10993336
v 0.09888056 0.02415384 -0.07062433
v 0.09888056 0.03048848 -0.04237567
v 0.09888056 0.04238383 -0.01491174
v 0.09499414 0.04238383 0.01412166
v 0.09888056 0.03926898 0.01412166
v 0.09888056 0.04238383 -0.01132598
v 0.08593708 0.04238383 0.04237033
v 0.09888056 0.02815717 0.04237033
v 0.08727203 0.04238383 0.07061899
v 0.09888056 0.03162438 0.07061899
v 0.09888056 0.04238383 0.08181732
v 0.09888056 0.01833284 0.15536498
v 0.09888056 0.04238383 0.14513782
v 0.09752170 0.04238383 0.21186231
v 0.09888056 0.04080657 0.21186231
v 0.09888056 0.04238383 0.20499649
v 0.09888056 0.04238383 0.22892683
v 0.09888056 0.05004888 -0.15537032
v 0.09888056 0.05822491 -0.12712166
v 0.09888056 0.04390541 -0.01412700
v 0.09888056 0.07063215 0.09173712
v 0.09888056 0.07063215 0.14820860
v 0.09888056 0.04460890 0.21186231
v 0.08318660 0.07063215 0.24011098
v 0.09888056 0.09888047 0.08830292
v 0.08698699 0.09888047 0.15536498
v 0.09888056 0.08058415 0.15536498
v 0.09372727 0.09888047 0.18361365
v 0.09888056 0.09277524 0.18361365
v 0.09888056 0.09888047 0.18736855
v 0.09888056 0.12712879 0.07824999
v 0.07184450 0.12712879 0.18361365
v 0.09888056 0.12712879 0.19151147
v 0.07817036 0.15537712 0.07061899
v 0.09888056 0.13884482 0.07061899
v 0.09888056 0.15537712 0.05693654
v 0.09888056 0.14462709 0.18361365
v 0.09888056 0.15537712 0.17193530
v 0.09888056 0.17385348 0.07061899
v 0.09239074 0.18362544 0.09886766
v 0.09888056 0.18362544 0.08397236
v 0.09888056 0.16744870 0.12711632
v 0.09888056 0.18362544 0.10503173
v 0.09888056 0.16249684 0.15536498
v 0.09888056 0.18888925 0.09886766
v 0.11508170 -0.21185106 0.29660831
v 0.12712902 -0.21735916 0.29660831
v 0.12712902 -0.21185106 0.26866120
v 0.11387183 -0.21185106 0.32485697
v 0.12712902 -0.21625384 0.32485697
v 0.12712902 -0.21185106 0.32875941
v 0.12630695 -0.18360274 0.01412166
v 0.12712902 -0.18423780 0.01412166
v 0.12712902 -0.18360274 0.01403733
v 0.12712902 -0.18360274 0.02927708
v 0.12712902 -0.18589201 0.24011098
v 0.12712902 -0.18360274 0.23755480
v 0.12712902 -0.18360274 0.26017876
v 0.11649154 -0.18360274 0.29660831
v 0.12712902 -0.18360274 0.27460651
v 0.10398408 -0.18360274 0.32485697
v 0.12712902 -0.20542763 0.32485697
v 0.12712902 -0.18360274 0.30039167
v 0.12236906 -0.15535442 -0.12712166
v 0.12712902 -0.15653905 -0.12712166
v 0.12712902 -0.15535442 -0.12825357
v 0.11468247 -0.15535442 -0.09887300
v 0.12712902 -0.15535442 -0.12308940
v 0.10248375 -0.15535442 -0.07062433
v 0.12712902 -0.18301752 0.01412166
v 0.11852266 -0.15535442 0.04237033
v 0.12712902 -0.18327741 0.04237033
v 0.12712902 -0.15535442 0.02511905
v 0.12712902 -0.15535442 0.05610337
v 0.12712902 -0.18222498 0.24011098
v 0.12712902 -0.18121939 0.29660831
v 0.12712902 -0.14387421 -0.12712166
v 0.12712902 -0.14896073 -0.09887300
v 0.12712902 -0.12710610 -0.12524525
v 0.12712902 -0.13573614 -0.07062433
v 0.12712902 -0.12710610 -0.04975323
v 0.11852979 -0.12710610 0.01412166
v 0.12712902 -0.14494167 0.01412166
v 0.12712902 -0.12710610 -0.00300574
v 0.11032778 -0.12710610 0.04237033
v 0.12712902 -0.14440361 0.07061899
v 0.12712902 -0.12710610 0.08443324
v 0.12712902 -0.10013521 -0.15537032
v 0.12712902 -0.09885778 -0.15598190
v 0.12712902 -0.12603976 -0.12712166
v 0.12712902 -0.12426901 -0.04237567
v 0.12712902 -0.12281343 -0.01412700
v 0.12712902 -0.10859306 0.09886766
v 0.11290987 -0.09885778 0.12711632
v 0.12712902 -0.09885778 0.11092190
v 0.09977138 -0.09885778 0.15536498
v 0.12712902 -0.07060946 -0.16952719
v 0.12712902 -0.07110373 0.12711632
v 0.10596931 -0.07060946 0.15536498
v 0.12712902 -0.07613708 0.15536498
v 0.12712902 -0.07060946 0.15927256
v 0.12712902 -0.04236113 -0.17547711
v 0.12712902 -0.04236113 0.16412001
v 0.12712902 -0.01411281 -0.17668515
v 0.12712902 -0.01411281 0.17246101
v 0.12712902 0.01413551 -0.16053271
v 0.12712902 0.01413551 0.15980311
v 0.10190168 0.04238383 -0.15537032
v 0.12712902 0.01971822 -0.15537032
v 0.12712902 0.04238383 -0.13549441
v 0.12712902 0.03481433 -0.09887300
v 0.12712902 0.04238383 -0.11433368
v 0.12712902 0.02600565 -0.07062433
v 0.12712902 0.03381986 -0.04237567
v 0.12712902 0.04238383 -0.02274761
v 0.12712902 0.03844537 0.01412166
v 0.12712902 0.04238383 0.00028477
v 0.12712902 0.01932233 0.04237033
v 0.12712902 0.02428834 0.07061899
v 0.12712902 0.04238383 0.09612649
v 0.12292319 0.04238383 0.12711632
v 0.12712902 0.03674044 0.12711632
v 0.12712902 0.04238383 0.11089594
v 0.12712902 0.01671125 0.15536498
v 0.10116667 0.04238383 0.21186231
v 0.12712902 0.05049103 -0.12712166
v 0.12712902 0.05214201 -0.01412700
v 0.11278084 0.07063215 0.09886766
v 0.12712902 0.04943003 0.09886766
v 0.12712902 0.04837979 0.12711632
v 0.12712902 0.07063215 0.10947461
v 0.11366965 0.07063215 0.15536498
v 0.12712902 0.06057583 0.15536498
v 0.12712902 0.07063215 0.16307721
v 0.11761280 0.09888047 0.09886766
v 0.12712902 0.09888047 0.10219334
v 0.12712902 0.08290020 0.18361365
v 0.12712902 0.09888047 0.20398354
v 0.12712902 0.10409449 0.09886766
v 0.12712902 0.12712879 0.07420079
v 0.12712902 0.12712879 0.19279882
v 0.12712902 0.13841338 0.07061899
v 0.12712902 0.15537712 0.06620871
v 0.11809570 0.15537712 0.15536498
v 0.12712902 0.15139261 0.15536498
v 0.12712902 0.15537712 0.13403560
v 0.12712902 0.13576272 0.18361365
v 0.12712902 0.16199739 0.07061899
v 0.10689821 0.18362544 0.09886766
v 0.12712902 0.16905679 0.09886766
v 0.12712902 0.15650250 0.12711632
v 0.15520345 -0.21185106 0.29660831
v 0.15075555 -0.21185106 0.32485697
v 0.12722645 -0.18360274 0.01412166
v 0.12728692 -0.18360274 0.04237033
v 0.15537748 -0.19612361 0.04237033
v 0.15537748 -0.18360274 0.03256148
v 0.15537748 -0.18360274 0.06347027
v 0.13030989 -0.18360274 0.24011098
v 0.13192716 -0.18360274 0.29660831
v 0.14402259 -0.15535442 -0.12712166
v 0.13699499 -0.15535442 0.01412166
v 0.15537748 -0.16195344 0.01412166
v 0.15537748 -0.15535442 0.00925055
v 0.13586668 -0.15535442 0.07061899
v 0.15537748 -0.17712496 0.07061899
v 0.15537748 -0.15535442 0.08206413
v 0.14325595 -0.12710610 -0.15537032
v 0.15537748 -0.15381181 -0.15537032
v 0.15537748 -0.12710610 -0.16257389
v 0.13025846 -0.12710610 -0.12712166
v 0.15537748 -0.15382272 -0.12712166
v 0.15537748 -0.13702500 -0.09887300
v 0.14079993 -0.12710610 -0.07062433
v 0.15537748 -0.12710610 -0.08550694
v 0.14192365 -0.12710610 -0.01412700
v 0.15537748 -0.12997652 -0.01412700
v 0.15537748 -0.12710610 -0.02008797
v 0.14407353 -0.12710610 0.09886766
v 0.15537748 -0.13420817 0.09886766
v 0.15537748 -0.12710610 0.10909921
v 0.15537748 -0.09885778 -0.16272396
v 0.15537748 -0.11905109 -0.07062433
v 0.15537748 -0.11763122 -0.04237567
v 0.15413208 -0.09885778 0.12711632
v 0.15537748 -0.09962014 0.12711632
v 0.15537748 -0.09885778 0.12825691
v 0.15537748 -0.07060946 -0.17304486
v 0.15537748 -0.08260508 0.15536498
v 0.15537748 -0.07060946 0.15922133
v 0.15537748 -0.04236113 -0.17581793
v 0.15537748 -0.04236113 0.16369041
v 0.15537748 -0.01411281 -0.16936289
v 0.15537748 -0.01411281 0.17550375
v 0.13624258 0.01413551 -0.15537032
v 0.15537748 0.00241981 -0.15537032
v 0.15537748 0.01413551 -0.14599787
v 0.15537748 0.01413551 0.15783972
v 0.14204512 0.04238383 -0.12712166
v 0.15537748 0.03488336 -0.12712166
v 0.15537748 0.03786542 -0.09887300
v 0.15537748 0.03115840 -0.07062433
v 0.15537748 0.03534234 -0.04237567
v 0.15537748 0.04238383 -0.03037166
v 0.13482410 0.04238383 0.01412166
v 0.15537748 0.03668731 0.04237033
v 0.15537748 0.04238383 0.03341203
v 0.15537748 0.04207167 0.07061899
v 0.15537748 0.04238383 0.07162170
v 0.13009715 0.04238383 0.12711632
v 0.15537748 0.01847981 0.15536498
v 0.15537748 0.04238383 0.14646055
v 0.15537748 0.05561322 -0.01412700
v 0.15537748 0.06017243 0.01412166
v 0.14521298 0.07063215 0.09886766
v 0.15537748 0.07063215 0.09408351
v 0.15537748 0.06245539 0.15536498
v 0.15537748 0.07063215 0.16102833
v 0.13627939 0.09888047 0.09886766
v 0.15537748 0.09888047 0.09112711
v 0.15537748 0.08978756 0.18361365
v 0.15537748 0.09888047 0.19908343
v 0.15537748 0.12712879 0.08544297
v 0.15537748 0.12712879 0.19250063
v 0.13275766 0.15537712 0.07061899
v 0.15537748 0.15537712 0.08567548
v 0.15537748 0.14270942 0.15536498
v 0.15537748 0.15537712 0.12797219
v 0.15537748 0.13741487 0.18361365
v 0.15537748 0.16683897 0.09886766
v 0.15537748 0.15569260 0.12711632
v 0.18362594 -0.18829593 0.04237033
v 0.18362594 -0.18360274 0.03881414
v 0.16318454 -0.18360274 0.07061899
v 0.18362594 -0.19070365 0.07061899
v 0.18362594 -0.18360274 0.09476240
v 0.18362594 -0.15817341 0.01412166
v 0.18362594 -0.15535442 0.01161180
v 0.17244841 -0.15535442 0.09886766
v 0.18362594 -0.18018153 0.09886766
v 0.18362594 -0.15535442 0.11938134
v 0.18362594 -0.12917602 -0.15537032
v 0.18362594 -0.12710610 -0.15832979
v 0.18362594 -0.14479993 -0.12712166
v 0.18362594 -0.13562571 -0.09887300
v 0.18362594 -0.12710610 -0.08566667
v 0.18362594 -0.13255896 -0.01412700
v 0.18362594 -0.12710610 -0.03225644
v 0.17675538 -0.12710610 0.12711632
v 0.18362594 -0.13939375 0.12711632
v 0.18304711 -0.12710610 0.15536498
v 0.18362594 -0.12761257 0.15536498
v 0.18362594 -0.12710610 0.15582598
v 0.18362594 -0.09885778 -0.17777467
v 0.18362594 -0.11908049 -0.07062433
v 0.18362594 -0.12394366 -0.04237567
v 0.17595950 -0.09885778 0.15536498
v 0.18362594 -0.09885778 0.15722721
v 0.18362594 -0.07060946 -0.17960026
v 0.16701472 -0.07060946 0.15536498
v 0.18362594 -0.09147918 0.15536498
v 0.18362594 -0.07060946 0.14748980
v 0.18362594 -0.04236113 -0.17820111
v 0.18362594 -0.04687677 0.15536498
v 0.18362594 -0.04236113 0.15672843
v 0.17567605 -0.01411281 -0.15537032
v 0.18362594 -0.01909951 -0.15537032
v 0.18362594 -0.01411281 -0.13972376
v 0.18362594 -0.01411281 0.16741233
v 0.18362594 0.01413551 -0.12735716
v 0.18362594 0.01413551 0.17228315
v 0.17983839 0.04238383 -0.12712166
v 0.18362594 0.04238383 -0.12796299
v 0.16335847 0.04238383 -0.09887300
v 0.17624328 0.04238383 -0.07062433
v 0.17343173 0.04238383 -0.04237567
v 0.16346562 0.04238383 0.04237033
v 0.15612671 0.04238383 0.07061899
v 0.17007491 0.04238383 0.15536498
v 0.18362594 0.04238383 0.17112842
v 0.18362594 0.04360495 -0.12712166
v 0.18362594 0.05801826 -0.09887300
v 0.18362594 0.04818816 -0.07062433
v 0.18362594 0.04943203 -0.04237567
v 0.18362594 0.06695672 -0.01412700
v 0.18362594 0.06371167 0.01412166
v 0.18150727 0.07063215 0.04237033
v 0.18362594 0.07063215 0.03714283
v 0.18327394 0.07063215 0.07061899
v 0.18362594 0.07063215 0.15736763
v 0.18362594 0.07402880 0.04237033
v 0.18313889 0.09888047 0.07061899
v 0.18362594 0.09888047 0.06984207
v 0.16916999 0.09888047 0.18361365
v 0.18362594 0.09888047 0.17342032
v 0.18362594 0.09941882 0.07061899
v 0.18362594 0.12712879 0.08349380
v 0.17407387 0.12712879 0.18361365
v 0.18362594 0.12712879 0.17594819
v 0.18362594 0.15537712 0.09796172
v 0.18362594 0.15175328 0.15536498
v 0.18362594 0.15537712 0.14486821
v 0.18362594 0.15629201 0.09886766
v 0.18362594 0.15931881 0.12711632
v 0.19548901 -0.18360274 0.04237033
v 0.21187440 -0.18719748 0.07061899
v 0.21187440 -0.18360274 0.05607952
v 0.21187440 -0.18360274 0.08792910
v 0.21187440 -0.15988174 0.01412166
v 0.21187440 -0.15535442 0.00894811
v 0.21187440 -0.17964552 0.04237033
v 0.21187440 -0.18104257 0.09886766
v 0.18934040 -0.15535442 0.12711632
v 0.21187440 -0.17218560 0.12711632
v 0.20364185 -0.15535442 0.15536498
v 0.21187440 -0.16745565 0.15536498
v 0.21187440 -0.15535442 0.17238551
v 0.19011245 -0.12710610 -0.15537032
v 0.21187440 -0.14214478 -0.12712166
v 0.21187440 -0.12710610 -0.14738121
v 0.21187440 -0.14116207 -0.09887300
v 0.20259958 -0.12710610 -0.07062433
v 0.21187440 -0.13283892 -0.07062433
v 0.19014760 -0.12710610 -0.04237567
v 0.21187440 -0.13761608 -0.04237567
v 0.21187440 -0.13544447 -0.01412700
v 0.21187440 -0.12710610 0.16054162
v 0.21187440 -0.11773295 -0.15537032
v 0.21187440 -0.09885778 -0.17520753
v 0.19253429 -0.09885778 0.15536498
v 0.21187440 -0.11349654 0.15536498
v 0.21187440 -0.09885778 0.15071569
v 0.21187440 -0.07060946 -0.17492457
v 0.21187440 -0.07060946 0.14809396
v 0.21187440 -0.04236113 -0.16542209
v 0.18868913 -0.04236113 0.15536498
v 0.21187440 -0.04236113 0.15102338
v 0.21187440 -0.03126559 -0.15537032
v 0.18811196 -0.01411281 -0.12712166
v 0.21187440 -0.03375733 -0.12712166
v 0.21187440 -0.01411281 -0.10961908
v 0.21187440 -0.03395942 0.15536498
v 0.21187440 -0.01411281 0.17288230
v 0.21187440 0.01200410 -0.12712166
v 0.21187440 0.01413551 -0.12946316
v 0.20812104 0.01413551 0.18361365
v 0.21187440 0.00884817 0.18361365
v 0.20876099 0.01413551 0.21186231
v 0.21187440 0.01287508 0.21186231
v 0.21187440 0.01413551 0.21475250
v 0.21187440 0.04238383 -0.13216045
v 0.20715422 0.04238383 0.07061899
v 0.21187440 0.04058049 0.07061899
v 0.21187440 0.04238383 0.06728524
v 0.20896953 0.04238383 0.09886766
v 0.21187440 0.04077219 0.09886766
v 0.21187440 0.04238383 0.10082080
v 0.21187440 0.02006019 0.18361365
v 0.21187440 0.04238383 0.16980032
v 0.21187440 0.01698236 0.21186231
v 0.21187440 0.05066514 -0.12712166
v 0.21187440 0.05622323 -0.09887300
v 0.21187440 0.05752679 -0.07062433
v 0.21187440 0.05852521 -0.04237567
v 0.21187440 0.06651040 -0.01412700
v 0.21187440 0.06522336 0.01412166
v 0.21187440 0.07063215 0.02773298
v 0.18435423 0.07063215 0.07061899
v 0.21187440 0.07063215 0.05621950
v 0.20520039 0.07063215 0.09886766
v 0.21187440 0.07063215 0.11953103
v 0.19647009 0.07063215 0.15536498
v 0.21187440 0.06765124 0.15536498
v 0.21187440 0.07063215 0.14470100
v 0.21187440 0.07940909 0.04237033
v 0.21187440 0.09830391 0.07061899
v 0.21187440 0.09888047 0.07034581
v 0.21187440 0.07853831 0.09886766
v 0.21187440 0.07323527 0.15536498
v 0.21187440 0.09888047 0.16598603
v 0.21187440 0.09910059 0.07061899
v 0.21187440 0.12712879 0.09170176
v 0.21187440 0.12712879 0.18011211
v 0.18706662 0.15537712 0.09886766
v 0.21187440 0.14144064 0.09886766
v 0.21187440 0.15537712 0.10979190
v 0.19165207 0.15537712 0.15536498
v 0.21187440 0.15537712 0.17009443
v 0.21187440 0.16746146 0.12711632
v 0.21187440 0.16271372 0.15536498
v 0.22259835 -0.18360274 0.04237033
v 0.24012287 -0.19025757 0.04237033
v 0.24012287 -0.18360274 0.02755858
v 0.24012287 -0.18594524 0.07061899
v 0.24012287 -0.18360274 0.08108199
v 0.24012287 -0.17238229 0.01412166
v 0.24012287 -0.15535442 -0.00013551
v 0.24012287 -0.17943327 0.09886766
v 0.24012287 -0.17542949 0.12711632
v 0.24012287 -0.16258071 0.15536498
v 0.24012287 -0.15535442 0.17173475
v 0.24012287 -0.12735765 -0.12712166
v 0.24012287 -0.12710610 -0.12728261
v 0.24012287 -0.14771017 -0.09887300
v 0.24012287 -0.14297679 -0.07062433
v 0.24012287 -0.12818572 -0.04237567
v 0.23575447 -0.12710610 -0.01412700
v 0.24012287 -0.12710610 -0.03383229
v 0.24012287 -0.12710610 -0.01235586
v 0.24012287 -0.12710610 0.16526204
v 0.23397417 -0.09885778 -0.15537032
v 0.24012287 -0.09885778 -0.15035196
v 0.24012287 -0.12590445 -0.01412700
v 0.23927593 -0.09885778 0.15536498
v 0.24012287 -0.09885778 0.15554805
v 0.24012287 -0.08776539 -0.15537032
v 0.24012287 -0.07060946 -0.16481786
v 0.24012287 -0.09825577 0.15536498
v 0.24012287 -0.07060946 0.14015271
v 0.24012287 -0.04236113 -0.16215810
v 0.24012287 -0.04236113 0.14827526
v 0.22822232 -0.01411281 -0.15537032
v 0.24012287 -0.01411281 -0.16289020
v 0.23046597 -0.01411281 -0.12712166
v 0.24012287 -0.02880886 0.15536498
v 0.24012287 -0.01411281 0.17218701
v 0.24012287 -0.00559193 -0.15537032
v 0.24012287 0.01413551 -0.14446592
v 0.24012287 -0.00739425 0.18361365
v 0.22375910 0.01413551 0.21186231
v 0.24012287 0.01413551 0.20756582
v 0.24012287 0.04238383 -0.13549103
v 0.24012287 0.04211252 0.07061899
v 0.24012287 0.04238383 0.07008666
v 0.22080225 0.04238383 0.09886766
v 0.24012287 0.04238383 0.07209310
v 0.24012287 0.03504197 0.18361365
v 0.24012287 0.04238383 0.17744753
v 0.24012287 0.05718334 -0.12712166
v 0.24012287 0.06017422 -0.09887300
v 0.24012287 0.05866135 -0.07062433
v 0.24012287 0.06099909 -0.04237567
v 0.24012287 0.06442641 -0.01412700
v 0.22975961 0.07063215 0.01412166
v 0.24012287 0.07063215 0.00481400
v 0.24012287 0.07063215 0.04334324
v 0.24012287 0.05292984 0.09886766
v 0.24012287 0.07063215 0.10948087
v 0.24012287 0.06623925 0.15536498
v 0.24012287 0.07063215 0.15033327
v 0.24012287 0.07371320 0.01412166
v 0.24012287 0.07098352 0.04237033
v 0.21356493 0.09888047 0.07061899
v 0.24012287 0.08447016 0.09886766
v 0.24012287 0.09888047 0.07815268
v 0.24012287 0.07745216 0.15536498
v 0.24012287 0.09888047 0.16830836
v 0.24012287 0.12712879 0.08825898
v 0.23340996 0.12712879 0.18361365
v 0.24012287 0.12585406 0.18361365
v 0.24012287 0.12712879 0.18546588
v 0.24012287 0.13830082 0.09886766
v 0.24012287 0.15537712 0.12324141
v 0.24012287 0.13496788 0.18361365
v 0.24012287 0.15537712 0.17184254
v 0.24012287 0.15800122 0.12711632
v 0.24012287 0.16190846 0.15536498
v 0.26232196 -0.18360274 0.04237033
v 0.25407888 -0.18360274 0.07061899
v 0.26444511 -0.18360274 0.26835964
v 0.26837133 -0.18443146 0.26835964
v 0.26837133 -0.18360274 0.26575305
v 0.26837133 -0.18360274 0.27062150
v 0.25685658 -0.15535442 -0.09887300
v 0.26837133 -0.16799503 -0.09887300
v 0.26837133 -0.15535442 -0.10500858
v 0.26837133 -0.15535442 -0.08392524
v 0.25898759 -0.15535442 0.01412166
v 0.26837133 -0.17970895 0.04237033
v 0.26837133 -0.15535442 0.02221831
v 0.26837133 -0.17770237 0.07061899
v 0.26837133 -0.18026816 0.09886766
v 0.26837133 -0.17395892 0.12711632
v 0.26446092 -0.15535442 0.15536498
v 0.26837133 -0.15535442 0.15413776
v 0.26837133 -0.18200566 0.26835964
v 0.24122180 -0.12710610 -0.12712166
v 0.26837133 -0.12710610 -0.12275895
v 0.26837133 -0.14641398 -0.07062433
v 0.26837133 -0.12716321 -0.04237567
v 0.25092449 -0.12710610 -0.01412700
v 0.26837133 -0.12952161 -0.01412700
v 0.26837133 -0.14819925 0.01412166
v 0.26837133 -0.15245671 0.15536498
v 0.26837133 -0.12710610 0.16700855
v 0.26837133 -0.12318944 -0.12712166
v 0.26837133 -0.09885778 -0.14791528
v 0.24366078 -0.09885778 0.15536498
v 0.26837133 -0.10311142 0.15536498
v 0.26837133 -0.09885778 0.15379540
v 0.26837133 -0.07602477 -0.15537032
v 0.26837133 -0.07060946 -0.16551514
v 0.25514764 -0.07060946 0.12711632
v 0.26837133 -0.07698968 0.12711632
v 0.26837133 -0.07060946 0.12058034
v 0.25840117 -0.04236113 -0.18361899
v 0.26837133 -0.05656056 -0.18361899
v 0.26837133 -0.04236113 -0.19103193
v 0.25453568 -0.04236113 0.12711632
v 0.26837133 -0.04236113 0.11705280
v 0.26837133 -0.03177325 -0.18361899
v 0.26837133 -0.01411281 -0.17707024
v 0.26837133 -0.02593896 0.12711632
v 0.26837133 -0.01658991 0.15536498
v 0.26837133 -0.01411281 0.16279245
v 0.26408594 0.01413551 -0.15537032
v 0.26837133 0.01413551 -0.15751924
v 0.26548154 0.01413551 0.18361365
v 0.26837133 0.01413551 0.18160756
v 0.26837133 0.01807396 -0.15537032
v 0.26837133 0.04238383 -0.13544399
v 0.26837133 0.04011826 0.07061899
v 0.26837133 0.04238383 0.06364929
v 0.26837133 0.04238383 0.07379415
v 0.25138697 0.04238383 0.18361365
v 0.26837133 0.01913819 0.18361365
v 0.26837133 0.04238383 0.19251283
v 0.26837133 0.05554804 -0.12712166
v 0.26837133 0.05987563 -0.09887300
v 0.26837133 0.05676047 -0.07062433
v 0.26837133 0.05680116 -0.04237567
v 0.26837133 0.06455294 -0.01412700
v 0.26492403 0.07063215 0.01412166
v 0.26837133 0.07000506 0.01412166
v 0.24173448 0.07063215 0.04237033
v 0.26837133 0.05799893 0.04237033
v 0.25841044 0.07063215 0.07061899
v 0.26837133 0.05099066 0.07061899
v 0.26837133 0.07063215 0.05705333
v 0.25082785 0.07063215 0.09886766
v 0.26837133 0.06827942 0.15536498
v 0.26837133 0.07063215 0.15293690
v 0.26837133 0.05836076 0.18361365
v 0.24941036 0.09888047 0.07061899
v 0.26837133 0.09888047 0.05677822
v 0.26837133 0.08955099 0.15536498
v 0.26837133 0.09888047 0.15751854
v 0.26837133 0.10731953 0.07061899
v 0.26837133 0.12712879 0.09191914
v 0.25564738 0.12712879 0.15536498
v 0.26837133 0.10182771 0.15536498
v 0.26837133 0.12712879 0.13975332
v 0.24066133 0.12712879 0.18361365
v 0.26837133 0.13183100 0.09886766
v 0.24670694 0.15537712 0.12711632
v 0.26837133 0.14115328 0.12711632
v 0.24213073 0.15537712 0.15536498
v 0.27722063 -0.21185106 -0.04237567
v 0.29661979 -0.22854694 -0.04237567
v 0.29661979 -0.21185106 -0.05825039
v 0.29661979 -0.21185106 -0.03574734
v 0.28207183 -0.18360274 -0.07062433
v 0.29661979 -0.20002908 -0.07062433
v 0.29661979 -0.18360274 -0.07999817
v 0.29661979 -0.20518276 -0.04237567
v 0.29661979 -0.18360274 -0.06354096
v 0.27013789 -0.18360274 0.26835964
v 0.29661979 -0.16005700 -0.09887300
v 0.29661979 -0.15535442 -0.10154026
v 0.28097126 -0.15535442 -0.07062433
v 0.29661979 -0.15535442 -0.06294344
v 0.29033709 -0.15535442 0.04237033
v 0.29661979 -0.17489312 0.07061899
v 0.29661979 -0.15535442 0.04743771
v 0.29661979 -0.18195591 0.09886766
v 0.29661979 -0.18058737 0.12711632
v 0.29661979 -0.15535442 0.14672293
v 0.29208883 -0.15535442 0.26835964
v 0.29661979 -0.16030828 0.26835964
v 0.29661979 -0.15535442 0.25909474
v 0.29661979 -0.15535442 0.27259837
v 0.29661979 -0.12710610 -0.11850399
v 0.29661979 -0.13240238 -0.04237567
v 0.29661979 -0.12972512 -0.01412700
v 0.29661979 -0.13487639 0.01412166
v 0.29661979 -0.14903458 0.04237033
v 0.29661979 -0.14270342 0.15536498
v 0.29661979 -0.12710610 0.16479260
v 0.29661979 -0.15259144 0.26835964
v 0.29661979 -0.11745250 -0.12712166
v 0.29661979 -0.09885778 -0.14400381
v 0.27443150 -0.09885778 0.15536498
v 0.29661979 -0.09885778 0.16016150
v 0.29661979 -0.07644407 -0.15537032
v 0.29661979 -0.07060946 -0.15983279
v 0.28486829 -0.07060946 0.12711632
v 0.29661979 -0.09353013 0.15536498
v 0.29661979 -0.07060946 0.13229108
v 0.27548095 -0.04236113 -0.18361899
v 0.29661979 -0.04236113 -0.15653578
v 0.29661979 -0.05547526 0.12711632
v 0.29661979 -0.04236113 0.12386967
v 0.29661979 -0.01411281 -0.15893176
v 0.29661979 -0.03692863 0.12711632
v 0.29661979 -0.01687910 0.15536498
v 0.29661979 -0.01411281 0.15929686
v 0.29661979 0.01413551 -0.15882896
v 0.29661979 0.01413551 0.16012239
v 0.29661979 0.02601049 -0.15537032
v 0.29661979 0.04238383 -0.14727203
v 0.27372729 0.04238383 0.07061899
v 0.27625272 0.04238383 0.18361365
v 0.29661979 0.04238383 0.16758381
v 0.29661979 0.05296443 -0.12712166
v 0.29661979 0.04435780 -0.09887300
v 0.29661979 0.04261122 -0.07062433
v 0.29661979 0.04744708 -0.04237567
v 0.29661979 0.05896784 -0.01412700
v 0.29661979 0.05807793 0.01412166
v 0.29661979 0.04525632 0.04237033
v 0.29467915 0.07063215 0.07061899
v 0.29661979 0.06956174 0.07061899
v 0.29661979 0.07063215 0.07105731
v 0.29661979 0.07034381 0.15536498
v 0.29661979 0.07063215 0.15525488
v 0.28771762 0.09888047 0.07061899
v 0.29661979 0.09888047 0.07447852
v 0.27079867 0.09888047 0.15536498
v 0.29661979 0.09888047 0.14628385
v 0.28174241 0.12712879 0.09886766
v 0.29661979 0.12072741 0.09886766
v 0.28257289 0.12712879 0.12711632
v 0.29661979 0.12050812 0.12711632
v 0.32486825 -0.23314771 -0.04237567
v 0.32486825 -0.21185106 -0.06068798
v 0.32486825 -0.21185106 -0.03547112
v 0.32486825 -0.20566509 -0.07062433
v 0.32486825 -0.18360274 -0.08344777
v 0.32486825 -0.20293094 -0.04237567
v 0.32486825 -0.18360274 -0.05729746
v 0.30740308 -0.18360274 0.12711632
v 0.32486825 -0.18619156 0.12711632
v 0.32486825 -0.18360274 0.12020493
v 0.32486825 -0.18360274 0.13683794
v 0.32486825 -0.15754174 -0.09887300
v 0.32486825 -0.15535442 -0.10016073
v 0.32486825 -0.15535442 -0.05458753
v 0.32197178 -0.15535442 0.07061899
v 0.32486825 -0.17007576 0.09886766
v 0.32486825 -0.15535442 0.07458895
v 0.32486825 -0.15535442 0.13846269
v 0.29881342 -0.15535442 0.26835964
v 0.32486825 -0.12710610 -0.10577308
v 0.32486825 -0.14192797 -0.04237567
v 0.31036685 -0.12710610 -0.01412700
v 0.32486825 -0.12710610 -0.02455860
v 0.30775144 -0.12710610 0.01412166
v 0.31254370 -0.12710610 0.04237033
v 0.32486825 -0.15020814 0.07061899
v 0.32486825 -0.12710610 0.05744703
v 0.31726746 -0.12710610 0.15536498
v 0.32486825 -0.12710610 0.14939515
v 0.32486825 -0.11273051 -0.12712166
v 0.32486825 -0.09885778 -0.14031381
v 0.32486825 -0.12342886 -0.01412700
v 0.32486825 -0.11751056 0.01412166
v 0.32486825 -0.11978702 0.04237033
v 0.32486825 -0.12022400 0.15536498
v 0.32486825 -0.09885778 0.16443217
v 0.30909119 -0.07060946 -0.15537032
v 0.32486825 -0.07060946 -0.15145517
v 0.32486825 -0.07683552 0.15536498
v 0.32486825 -0.07060946 0.15123961
v 0.30069763 -0.04236113 -0.15537032
v 0.32486825 -0.04236113 -0.15337856
v 0.30154196 -0.04236113 0.12711632
v 0.32486825 -0.04236113 0.14577976
v 0.30757134 -0.01411281 -0.15537032
v 0.32486825 -0.01411281 -0.15190228
v 0.32011963 -0.01411281 0.15536498
v 0.32486825 -0.01411281 0.15469337
v 0.30762205 0.01413551 -0.15537032
v 0.32486825 0.01413551 -0.14899784
v 0.32486825 -0.00902433 0.15536498
v 0.32486825 0.01413551 0.15771871
v 0.31385529 0.04238383 -0.15537032
v 0.32486825 0.03221967 -0.15537032
v 0.32486825 0.04238383 -0.15865774
v 0.30039432 0.04238383 -0.09887300
v 0.32486825 0.03426541 -0.09887300
v 0.32486825 0.04238383 -0.11630064
v 0.29703666 0.04238383 -0.07062433
v 0.32486825 0.03072735 -0.07062433
v 0.30909768 0.04238383 -0.04237567
v 0.32486825 0.03673098 -0.04237567
v 0.32486825 0.04238383 -0.02228908
v 0.31999334 0.04238383 0.01412166
v 0.32486825 0.03930551 0.01412166
v 0.32486825 0.04238383 -0.00154550
v 0.30194826 0.04238383 0.04237033
v 0.32486825 0.03614516 0.04237033
v 0.32486825 0.04238383 0.06937580
v 0.32486825 0.04238383 0.15974816
v 0.32486825 0.05595670 -0.15537032
v 0.32486825 0.04933481 -0.12712166
v 0.32486825 0.04490030 -0.01412700
v 0.32486825 0.04292347 0.07061899
v 0.32486825 0.07063215 0.09210894
v 0.29752496 0.07063215 0.15536498
v 0.32486825 0.07063215 0.15988702
v 0.32463420 0.09888047 0.09886766
v 0.32486825 0.09829534 0.09886766
v 0.32486825 0.09888047 0.09906647
v 0.32332031 0.09888047 0.15536498
v 0.32486825 0.09888047 0.15650944
v 0.32486825 0.11988067 0.12711632
v 0.32486825 0.10019440 0.15536498
v 0.33558785 -0.21185106 -0.04237567
v 0.35311671 -0.18616612 -0.07062433
v 0.35311671 -0.18360274 -0.07309967
v 0.35311671 -0.18360274 -0.06793030
v 0.34704594 -0.18360274 0.12711632
v 0.32764240 -0.15535442 -0.09887300
v 0.33835151 -0.15535442 -0.07062433
v 0.35311671 -0.17910260 -0.07062433
v 0.34780520 -0.15535442 0.09886766
v 0.33547822 -0.15535442 0.12711632
v 0.33075004 -0.12710610 -0.09887300
v 0.34048025 -0.12710610 -0.07062433
v 0.35311671 -0.13381407 -0.04237567
v 0.35311671 -0.12710610 -0.04973180
v 0.35311671 -0.12710610 -0.03563374
v 0.34874889 -0.12710610 0.07061899
v 0.35311671 -0.14005997 0.09886766
v 0.35311671 -0.12710610 0.08209812
v 0.33780946 -0.12710610 0.12711632
v 0.35311671 -0.12710610 0.10243289
v 0.35311671 -0.10969987 -0.12712166
v 0.35311671 -0.09885778 -0.13654507
v 0.35311671 -0.11406947 -0.09887300
v 0.35311671 -0.11307038 -0.07062433
v 0.35311671 -0.11803305 -0.01412700
v 0.35311671 -0.10817996 0.01412166
v 0.35311671 -0.11306699 0.04237033
v 0.35311671 -0.12582320 0.07061899
v 0.35311671 -0.10067866 0.12711632
v 0.35311671 -0.10664415 0.15536498
v 0.35311671 -0.09885778 0.16569128
v 0.35311671 -0.07060946 -0.15186094
v 0.35311671 -0.07228851 0.15536498
v 0.35311671 -0.07060946 0.15487643
v 0.35107671 -0.04236113 -0.15537032
v 0.35311671 -0.04390477 -0.15537032
v 0.35311671 -0.04236113 -0.15554445
v 0.35311671 -0.04236113 0.15093085
v 0.35311671 -0.03026984 -0.15537032
v 0.35311671 -0.01411281 -0.15517044
v 0.35311671 -0.01411281 0.15022017
v 0.35311671 0.01413551 -0.15349228
v 0.33765297 0.01413551 0.15536498
v 0.35311671 0.01413551 0.15270310
v 0.33766922 0.04238383 -0.15537032
v 0.35311671 0.04238383 -0.12753008
v 0.35311671 0.03232227 -0.09887300
v 0.35311671 0.04238383 -0.12700196
v 0.35311671 0.02855611 -0.07062433
v 0.35311671 0.03698552 -0.04237567
v 0.35311671 0.04238383 -0.02292444
v 0.35311671 0.03823467 0.01412166
v 0.35311671 0.04238383 -0.00457254
v 0.35311671 0.03028182 0.04237033
v 0.32809499 0.04238383 0.07061899
v 0.35311671 0.03974347 0.07061899
v 0.35311671 0.04238383 0.07548862
v 0.35311671 0.02397494 0.15536498
v 0.35311671 0.04238383 0.16053704
v 0.35311671 0.04244056 -0.12712166
v 0.35311671 0.04505776 -0.01412700
v 0.35165432 0.07063215 0.09886766
v 0.35311671 0.06997866 0.09886766
v 0.35311671 0.07063215 0.09933110
v 0.35311671 0.07063215 0.16943488
v 0.35311671 0.09888047 0.10383243
v 0.35311671 0.09888047 0.17273163
v 0.33498123 0.12712879 0.12711632
v 0.35311671 0.12712879 0.10919050
v 0.34439768 0.12712879 0.15536498
v 0.35311671 0.12712879 0.16701116
v 0.35311671 0.14499651 0.12711632
v 0.35311671 0.13685240 0.15536498
v 0.35504195 -0.18360274 -0.07062433
v 0.38136517 -0.14585538 -0.04237567
v 0.38136517 -0.12710610 -0.04563576
v 0.38136517 -0.12710610 -0.02924885
v 0.36555581 -0.12710610 0.07061899
v 0.38136517 -0.12991620 0.07061899
v 0.38136517 -0.12710610 0.06696406
v 0.38136517 -0.13107366 0.09886766
v 0.38136517 -0.12710610 0.10171418
v 0.38136517 -0.11780884 -0.12712166
v 0.38136517 -0.09885778 -0.14482527
v 0.38136517 -0.11207687 -0.09887300
v 0.38136517 -0.09972911 -0.07062433
v 0.38136517 -0.12147263 -0.01412700
v 0.38136517 -0.11503718 0.01412166
v 0.38136517 -0.11591315 0.04237033
v 0.38136517 -0.10642884 0.12711632
v 0.37381534 -0.09885778 0.15536498
v 0.38136517 -0.09885778 0.14721494
v 0.38136517 -0.07060946 -0.15124797
v 0.35902231 -0.07060946 0.15536498
v 0.38136517 -0.08179434 0.15536498
v 0.38136517 -0.07060946 0.15703669
v 0.38136517 -0.05745065 -0.15537032
v 0.38136517 -0.04236113 -0.16620585
v 0.38136517 -0.06167222 0.15536498
v 0.38136517 -0.04236113 0.15235167
v 0.35359384 -0.01411281 -0.15537032
v 0.38136517 -0.01411281 -0.16946697
v 0.38136517 -0.01411281 0.14860985
v 0.35495277 0.01413551 -0.15537032
v 0.38136517 0.01413551 -0.17128383
v 0.38136517 0.01413551 0.15224441
v 0.37175563 0.04238383 -0.15537032
v 0.38136517 0.04238383 -0.16999793
v 0.37716202 0.04238383 -0.09887300
v 0.38136517 0.03725988 -0.07062433
v 0.38136517 0.04238383 -0.09252705
v 0.37992167 0.04238383 -0.04237567
v 0.38136517 0.04238383 -0.04363811
v 0.36507691 0.04238383 0.01412166
v 0.38136517 0.03991843 0.04237033
v 0.38136517 0.04238383 0.03438491
v 0.35977937 0.04238383 0.07061899
v 0.38136517 0.04238383 0.04904494
v 0.38136517 0.02501414 0.15536498
v 0.38136517 0.04238383 0.16117602
v 0.38136517 0.04662114 -0.15537032
v 0.38136517 0.05604985 -0.12712166
v 0.38136517 0.04433123 -0.09887300
v 0.38136517 0.04270729 -0.04237567
v 0.38136517 0.06422780 -0.01412700
v 0.38136517 0.05400775 0.01412166
v 0.38136517 0.05825142 0.07061899
v 0.35451578 0.07063215 0.09886766
v 0.38136517 0.07063215 0.08578086
v 0.38136517 0.07063215 0.17552152
v 0.36928204 0.09888047 0.09886766
v 0.38136517 0.09888047 0.09483564
v 0.37745956 0.09888047 0.18361365
v 0.38136517 0.09385445 0.18361365
v 0.38136517 0.09888047 0.18498000
v 0.36774457 0.12712879 0.09886766
v 0.38136517 0.12712879 0.08875889
v 0.38136517 0.10584279 0.18361365
v 0.38136517 0.12712879 0.17701267
v 0.38136517 0.14958097 0.09886766
v 0.36135773 0.15537712 0.12711632
v 0.38136517 0.15537712 0.10139226
v 0.37201239 0.15537712 0.15536498
v 0.38136517 0.15537712 0.16496983
v 0.38136517 0.16944869 0.12711632
v 0.38136517 0.17458415 0.15536498
v 0.40856326 -0.15535442 -0.01412700
v 0.40961363 -0.15659721 -0.01412700
v 0.40961363 -0.15535442 -0.01732445
v 0.40961363 -0.15535442 -0.01206244
v 0.40960380 -0.12710610 -0.09887300
v 0.40961363 -0.12711597 -0.09887300
v 0.40961363 -0.12710610 -0.09889477
v 0.40961363 -0.12710610 -0.09885686
v 0.40891719 -0.12710610 -0.04237567
v 0.38957193 -0.12710610 -0.01412700
v 0.40961363 -0.12710610 -0.04212411
v 0.39879064 -0.12710610 0.01412166
v 0.40961363 -0.13840031 0.01412166
v 0.40362121 -0.12710610 0.04237033
v 0.40961363 -0.13081561 0.04237033
v 0.40961363 -0.14856651 0.07061899
v 0.40961363 -0.14313423 0.09886766
v 0.40961363 -0.12710610 0.12446842
v 0.40903978 -0.12710610 0.15536498
v 0.40961363 -0.12866501 0.15536498
v 0.40961363 -0.12710610 0.14892783
v 0.40961363 -0.12710610 0.16044324
v 0.40961363 -0.11524777 -0.12712166
v 0.40961363 -0.09885778 -0.14456481
v 0.40961363 -0.11641115 -0.07062433
v 0.40961363 -0.12693922 -0.04237567
v 0.40961363 -0.11852990 0.12711632
v 0.40961363 -0.12022770 0.15536498
v 0.40961363 -0.09885778 0.14729782
v 0.40366811 -0.07060946 -0.15537032
v 0.40961363 -0.07441660 -0.15537032
v 0.40961363 -0.07060946 -0.15668893
v 0.38701250 -0.07060946 0.15536498
v 0.40961363 -0.07060946 0.13103485
v 0.40961363 -0.04236113 -0.18257530
v 0.39754863 -0.04236113 0.15536498
v 0.40961363 -0.05046814 0.15536498
v 0.40961363 -0.04236113 0.15769439
v 0.40961363 -0.01411281 -0.16504111
v 0.40961363 -0.02445754 0.15536498
v 0.40961363 -0.01411281 0.15247082
v 0.40961363 0.01413551 -0.16985602
v 0.39910849 0.01413551 0.15536498
v 0.40961363 -0.00263130 0.15536498
v 0.40961363 0.01413551 0.15739907
v 0.39136744 0.04238383 -0.18361899
v 0.40961363 0.03692182 -0.18361899
v 0.40961363 0.04238383 -0.18732399
v 0.39062941 0.04238383 -0.07062433
v 0.38457819 0.04238383 0.04237033
v 0.40961363 0.04238383 0.16760239
v 0.40961363 0.05040785 -0.18361899
v 0.40961363 0.05305165 -0.15537032
v 0.39662372 0.07063215 -0.12712166
v 0.40961363 0.07063215 -0.14226325
v 0.40961363 0.06163024 -0.09887300
v 0.40961363 0.07063215 -0.11218754
v 0.40961363 0.06111497 -0.07062433
v 0.40961363 0.06532947 -0.04237567
v 0.38947006 0.07063215 -0.01412700
v 0.40961363 0.07063215 -0.03467480
v 0.39298722 0.07063215 0.01412166
v 0.40001720 0.07063215 0.04237033
v 0.38977674 0.07063215 0.07061899
v 0.40961363 0.07063215 0.17704646
v 0.40961363 0.08179720 -0.12712166
v 0.40961363 0.09218116 -0.01412700
v 0.40674159 0.09888047 0.01412166
v 0.40961363 0.09888047 0.00402127
v 0.40771252 0.09888047 0.04237033
v 0.40733595 0.09888047 0.07061899
v 0.38397502 0.09888047 0.18361365
v 0.40961363 0.09888047 0.17019032
v 0.40961363 0.10827402 0.01412166
v 0.40860998 0.12712879 0.04237033
v 0.40961363 0.12712879 0.03900588
v 0.40961363 0.11764830 0.07061899
v 0.40961363 0.12712879 0.05392686
v 0.40961363 0.12712879 0.07974125
v 0.40961363 0.12712879 0.16074585
v 0.40961363 0.12787956 0.04237033
v 0.39332205 0.15537712 0.09886766
v 0.40961363 0.15537712 0.09513820
v 0.40873466 0.15537712 0.15536498
v 0.40961363 0.15437537 0.15536498
v 0.40961363 0.15537712 0.15494849
v 0.40961363 0.15840047 0.09886766
v 0.40961363 0.18302151 0.12711632
v 0.41082742 -0.15535442 -0.01412700
v 0.43786209 -0.13053422 -0.09887300
v 0.43786209 -0.12710610 -0.11337571
v 0.43378112 -0.12710610 -0.07062433
v 0.43786209 -0.12958157 -0.07062433
v 0.41021365 -0.12710610 -0.04237567
v 0.43786209 -0.13347590 -0.04237567
v 0.43786209 -0.12962123 -0.01412700
v 0.43786209 -0.12883946 0.01412166
v 0.43786209 -0.12912931 0.04237033
v 0.43786209 -0.12954139 0.07061899
v 0.43786209 -0.13074458 0.09886766
v 0.43786209 -0.12710610 0.10407871
v 0.41035370 -0.12710610 0.15536498
v 0.42457211 -0.09885778 -0.12712166
v 0.43786209 -0.09885778 -0.11154986
v 0.41541512 -0.09885778 0.12711632
v 0.43786209 -0.09885778 0.10328911
v 0.41118682 -0.07060946 -0.15537032
v 0.43482955 -0.07060946 -0.12712166
v 0.43786209 -0.07060946 -0.12337780
v 0.43705673 -0.07060946 0.09886766
v 0.43786209 -0.07791197 0.09886766
v 0.43786209 -0.07060946 0.09619937
v 0.41144034 -0.07060946 0.12711632
v 0.42269028 -0.04236113 -0.15537032
v 0.43309863 -0.04236113 -0.12712166
v 0.43786209 -0.04236113 -0.11705415
v 0.43786209 -0.06196644 0.09886766
v 0.42843965 -0.04236113 0.12711632
v 0.43786209 -0.04236113 0.10438066
v 0.41498432 -0.04236113 0.15536498
v 0.42191724 -0.01411281 -0.15537032
v 0.43261296 -0.01411281 -0.12712166
v 0.43786209 -0.01411281 -0.12013905
v 0.43786209 -0.01441550 0.12711632
v 0.43786209 -0.01411281 0.12742771
v 0.42453152 0.01413551 -0.15537032
v 0.43786209 0.00911780 -0.12712166
v 0.43786209 0.01413551 -0.12929121
v 0.43786209 -0.00174080 0.15536498
v 0.43786209 0.01413551 0.16580935
v 0.41245940 0.04238383 -0.18361899
v 0.42123205 0.04238383 -0.15537032
v 0.43786209 0.04238383 -0.13863873
v 0.43786209 0.04238383 0.17365310
v 0.43786209 0.07063215 -0.13857430
v 0.42314065 0.07063215 -0.09887300
v 0.42389534 0.07063215 -0.07062433
v 0.43786209 0.05530005 -0.04237567
v 0.43786209 0.07063215 -0.05905410
v 0.43315436 0.07063215 -0.01412700
v 0.43786209 0.06705240 -0.01412700
v 0.43786209 0.07063215 -0.00879119
v 0.43786209 0.07063215 0.16585556
v 0.43362368 0.09888047 -0.12712166
v 0.43786209 0.09888047 -0.13177453
v 0.43641638 0.09888047 -0.09887300
v 0.43786209 0.08401775 -0.07062433
v 0.43786209 0.09888047 -0.09399568
v 0.42097917 0.09888047 0.01412166
v 0.43786209 0.09237349 0.01412166
v 0.43786209 0.09888047 0.02674915
v 0.43786209 0.09888047 0.15664960
v 0.43786209 0.10102338 -0.12712166
v 0.43786209 0.10054847 -0.09887300
v 0.41124985 0.12712879 0.04237033
v 0.43786209 0.10718402 0.04237033
v 0.43786209 0.11954156 0.07061899
v 0.41905927 0.12712879 0.09886766
v 0.43786209 0.11788117 0.09886766
v 0.43786209 0.12712879 0.11123290
v 0.41664483 0.12712879 0.15536498
v 0.43786209 0.10121191 0.15536498
v 0.43786209 0.12712879 0.13354746
v 0.41777705 0.15537712 0.09886766
v 0.43786209 0.15537712 0.11246084
v 0.43786209 0.15537712 0.13381762
v 0.43786209 0.16617231 0.12711632
v 0.43576973 0.26837040 -0.57910029
v 0.43786209 0.26693806 -0.57910029
v 0.43786209 0.26837040 -0.58057708
v 0.43786209 0.26837040 -0.57716402
v 0.43786209 0.27045876 -0.57910029
v 0.44060579 -0.12710610 -0.09887300
v 0.44031429 -0.12710610 -0.07062433
v 0.44436856 -0.12710610 -0.04237567
v 0.44031225 -0.12710610 -0.01412700
v 0.43974008 -0.12710610 0.01412166
v 0.43999306 -0.12710610 0.04237033
v 0.43988476 -0.12710610 0.07061899
v 0.43993016 -0.12710610 0.09886766
v 0.44698922 -0.09885778 -0.09887300
v 0.46490787 -0.09885778 -0.07062433
v 0.46611055 -0.10492942 -0.04237567
v 0.46611055 -0.09885778 -0.06509471
v 0.46284631 -0.09885778 -0.01412700
v 0.46611055 -0.09885778 -0.02563047
v 0.45814676 -0.09885778 0.01412166
v 0.45124197 -0.09885778 0.04237033
v 0.44518969 -0.09885778 0.07061899
v 0.44034409 -0.09885778 0.09886766
v 0.45102197 -0.07060946 -0.09887300
v 0.46611055 -0.08716539 -0.07062433
v 0.46611055 -0.07060946 -0.07356511
v 0.46611055 -0.08923495 -0.01412700
v 0.45926802 -0.07060946 0.01412166
v 0.46611055 -0.07060946 -0.00128771
v 0.44968460 -0.07060946 0.04237033
v 0.44409724 -0.07060946 0.07061899
v 0.44715014 -0.04236113 -0.09887300
v 0.46309447 -0.04236113 -0.07062433
v 0.46611055 -0.06083959 -0.07062433
v 0.46611055 -0.04236113 -0.06373880
v 0.45956964 -0.04236113 0.01412166
v 0.46611055 -0.04236113 0.00014630
v 0.45001560 -0.04236113 0.04237033
v 0.44428177 -0.04236113 0.07061899
v 0.43948170 -0.04236113 0.09886766
v 0.44902557 -0.01411281 -0.09887300
v 0.46539743 -0.01411281 -0.07062433
v 0.46611055 -0.01411281 -0.06853760
v 0.46160149 -0.01411281 0.01412166
v 0.46611055 -0.01411281 0.00385410
v 0.45252393 -0.01411281 0.04237033
v 0.44657844 -0.01411281 0.07061899
v 0.44292334 -0.01411281 0.09886766
v 0.43795610 -0.01411281 0.12711632
v 0.43874117 0.01413551 -0.12712166
v 0.45326508 0.01413551 -0.09887300
v 0.46121331 0.01413551 -0.07062433
v 0.46611055 0.01413551 -0.05284859
v 0.46158754 0.01413551 0.01412166
v 0.46611055 0.01413551 -0.00399681
v 0.45519314 0.01413551 0.04237033
v 0.45204880 0.01413551 0.07061899
v 0.44972417 0.01413551 0.09886766
v 0.44258801 0.01413551 0.12711632
v 0.45133448 0.01413551 0.15536498
v 0.44290397 0.04238383 -0.12712166
v 0.45403728 0.04238383 -0.09887300
v 0.45518224 0.04238383 -0.07062433
v 0.44889322 0.04238383 -0.04237567
v 0.46611055 0.01967810 -0.04237567
v 0.45338834 0.04238383 -0.01412700
v 0.46611055 0.01858019 -0.01412700
v 0.45582101 0.04238383 0.01412166
v 0.46137091 0.04238383 0.04237033
v 0.46219311 0.04238383 0.07061899
v 0.46094315 0.04238383 0.09886766
v 0.45820365 0.04238383 0.12711632
v 0.46081553 0.04238383 0.15536498
v 0.44348460 0.07063215 -0.12712166
v 0.44672931 0.07063215 -0.09887300
v 0.44403273 0.07063215 -0.07062433
v 0.44679642 0.07063215 0.01412166
v 0.44793219 0.07063215 0.04237033
v 0.45530927 0.07063215 0.07061899
v 0.46611055 0.06434850 0.09886766
v 0.46611055 0.07063215 0.09473547
v 0.46611055 0.05744123 0.12711632
v 0.45938536 0.07063215 0.15536498
v 0.46611055 0.07063215 0.14375343
v 0.44103517 0.09888047 -0.12712166
v 0.43934960 0.09888047 -0.09887300
v 0.44149717 0.09888047 0.04237033
v 0.45109842 0.09888047 0.07061899
v 0.45291187 0.09888047 0.09886766
v 0.46611055 0.07691610 0.09886766
v 0.46611055 0.09888047 0.11119238
v 0.44160423 0.09888047 0.15536498
v 0.46611055 0.09888047 0.14055097
v 0.46611055 0.12712879 0.11673710
v 0.46611055 0.12712879 0.13560067
v 0.46611055 0.15537712 0.11921535
v 0.46611055 0.15537712 0.13294220
v 0.46611055 0.16675524 0.12711632
v 0.44103368 0.26837040 -0.57910029
v 0.47255357 -0.09885778 -0.04237567
v 0.46783599 -0.07060946 -0.07062433
v 0.47974438 -0.07060946 -0.04237567
v 0.47254227 -0.07060946 -0.01412700
v 0.47795666 -0.04236113 -0.04237567
v 0.47362387 -0.04236113 -0.01412700
v 0.47599101 -0.01411281 -0.04237567
v 0.47491046 -0.01411281 -0.01412700
v 0.46887697 0.01413551 -0.04237567
v 0.46849079 0.01413551 -0.01412700
v 0.46753777 0.07063215 0.09886766
v 0.47245251 0.07063215 0.12711632
v 0.47571170 0.09888047 0.12711632
v 0.47396634 0.12712879 0.12711632
v 0.47165119 0.15537712 0.12711632
v 0.82909364 0.86158516 -0.46610563
v 0.83334054 0.86009845 -0.46610563
v 0.83334054 0.86158516 -0.46826740
v 0.83078574 0.86158516 -0.43785697
v 0.83334054 0.85915811 -0.43785697
v 0.83334054 0.86158516 -0.43595203
v 0.83334054 0.86161499 -0.46610563
v 0.83334054 0.86160791 -0.43785697
v 0.86158900 0.85835574 -0.46610563
v 0.86158900 0.86158516 -0.47040018
v 0.84979211 0.86158516 -0.43785697
v 0.86158900 0.86158516 -0.44342324
v 0.86158900 0.86165155 -0.46610563
v 0.86165540 0.86158516 -0.46610563
f 2 1 3
f 4 1 2
f 1 5 3
f 4 5 1
f 7 6 8
f 10 9 7
f 7 9 6
f 11 9 10
f 6 12 8
f 9 13 6
f 6 13 12
f 11 13 9
f 3 14 2
f 14 4 2
f 3 5 14
f 5 4 14
f 8 15 7
f 7 15 10
f 10 15 16
f 16 11 10
f 8 12 15
f 15 12 16
f 16 12 13
f 13 11 16
f 18 17 19
f 21 20 18
f 18 20 17
f 22 20 21
f 17 23 19
f 20 24 17
f 17 24 23
f 24 20 22
f 25 27 26
f 29 28 26
f 26 28 25
f 30 28 29
f 27 25 32
f 32 25 31
f 28 31 25
f 33 31 28
f 34 33 30
f 30 33 28
f 31 35 32
f 35 31 37
f 31 36 37
f 31 33 36
f 39 38 34
f 38 33 34
f 38 36 33
f 40 38 39
f 36 41 37
f 38 42 36
f 36 42 41
f 40 42 38
f 44 43 45
f 46 43 44
f 45 43 48
f 48 43 47
f 49 47 46
f 46 47 43
f 51 50 52
f 53 50 51
f 48 47 55
f 55 47 54
f 56 54 49
f 49 54 47
f 58 57 59
f 61 57 58
f 50 60 52
f 53 60 50
f 55 54 63
f 63 54 62
f 65 64 56
f 64 54 56
f 64 62 54
f 66 64 65
f 57 67 59
f 61 67 57
f 63 62 69
f 69 62 68
f 64 68 62
f 70 68 64
f 72 71 66
f 71 64 66
f 71 70 64
f 73 71 72
f 68 74 69
f 70 75 68
f 68 75 74
f 71 76 70
f 70 76 75
f 73 76 71
f 19 77 18
f 18 77 21
f 21 77 78
f 78 22 21
f 80 79 81
f 82 79 80
f 19 23 77
f 77 23 78
f 23 24 78
f 85 84 83
f 87 83 84
f 22 78 24
f 26 27 86
f 26 86 29
f 29 86 88
f 88 30 29
f 90 89 91
f 93 92 90
f 90 92 89
f 95 94 93
f 93 94 92
f 81 79 95
f 79 94 95
f 79 96 94
f 98 97 82
f 97 79 82
f 97 96 79
f 100 99 98
f 98 99 97
f 102 101 100
f 100 101 99
f 85 83 102
f 83 101 102
f 83 103 101
f 104 103 83
f 87 104 83
f 104 32 103
f 27 104 86
f 104 27 32
f 105 88 86
f 105 86 104
f 34 30 88
f 107 34 88
f 105 107 88
f 106 34 107
f 108 106 107
f 91 89 110
f 110 89 109
f 92 109 89
f 111 109 92
f 94 111 92
f 112 111 94
f 96 112 94
f 113 112 96
f 97 113 96
f 114 113 97
f 99 114 97
f 115 114 99
f 101 115 99
f 116 115 101
f 103 116 101
f 117 116 103
f 103 32 35
f 118 103 35
f 117 103 118
f 37 118 35
f 39 34 106
f 106 108 39
f 108 40 39
f 108 119 40
f 109 120 110
f 120 109 122
f 109 121 122
f 109 111 121
f 112 121 111
f 123 121 112
f 113 123 112
f 124 123 113
f 114 124 113
f 125 124 114
f 115 125 114
f 126 125 115
f 116 126 115
f 127 126 116
f 117 127 116
f 128 127 117
f 118 128 117
f 129 128 118
f 118 37 41
f 130 118 41
f 129 118 130
f 130 41 42
f 130 42 131
f 42 40 131
f 40 132 131
f 40 119 132
f 122 121 134
f 134 121 133
f 123 133 121
f 135 133 123
f 124 135 123
f 136 135 124
f 125 136 124
f 137 136 125
f 126 137 125
f 138 137 126
f 127 138 126
f 139 138 127
f 128 139 127
f 140 139 128
f 129 140 128
f 141 140 129
f 130 141 129
f 142 141 130
f 131 44 45
f 142 131 45
f 130 131 142
f 131 132 44
f 132 46 44
f 132 143 46
f 134 133 145
f 145 133 144
f 135 144 133
f 146 144 135
f 136 146 135
f 147 146 136
f 137 147 136
f 148 147 137
f 138 148 137
f 149 148 138
f 139 149 138
f 150 149 139
f 140 150 139
f 151 150 140
f 141 151 140
f 152 151 141
f 142 152 141
f 153 152 142
f 48 153 142
f 48 142 45
f 143 155 154
f 49 143 154
f 46 143 49
f 156 154 155
f 145 144 158
f 158 144 157
f 146 51 52
f 157 146 52
f 144 146 157
f 159 53 51
f 146 159 51
f 147 159 146
f 148 159 147
f 160 159 148
f 149 160 148
f 161 160 149
f 150 161 149
f 162 161 150
f 151 162 150
f 163 162 151
f 152 163 151
f 164 163 152
f 153 164 152
f 165 164 153
f 55 165 153
f 55 153 48
f 49 154 166
f 49 166 56
f 167 166 156
f 156 166 154
f 58 59 157
f 59 158 157
f 59 168 158
f 157 52 60
f 169 157 60
f 157 61 58
f 157 169 61
f 169 60 53
f 159 169 53
f 170 169 159
f 160 170 159
f 171 170 160
f 161 171 160
f 172 171 161
f 162 172 161
f 173 172 162
f 163 173 162
f 174 173 163
f 164 174 163
f 175 174 164
f 165 175 164
f 176 175 165
f 63 176 165
f 63 165 55
f 65 56 166
f 166 167 65
f 167 66 65
f 167 177 66
f 59 67 168
f 168 67 178
f 178 67 61
f 179 178 61
f 169 179 61
f 180 178 179
f 170 179 169
f 181 179 170
f 171 181 170
f 182 181 171
f 172 182 171
f 183 182 172
f 173 183 172
f 184 183 173
f 174 184 173
f 185 184 174
f 175 185 174
f 186 185 175
f 176 186 175
f 187 186 176
f 69 187 176
f 69 176 63
f 189 188 72
f 66 189 72
f 177 189 66
f 188 73 72
f 179 190 180
f 181 191 179
f 179 191 190
f 191 181 193
f 181 192 193
f 181 182 192
f 183 192 182
f 194 192 183
f 184 194 183
f 195 194 184
f 185 195 184
f 196 195 185
f 186 196 185
f 197 196 186
f 187 197 186
f 198 197 187
f 187 69 74
f 199 187 74
f 198 187 199
f 199 74 75
f 199 75 200
f 189 201 200
f 76 189 200
f 75 76 200
f 188 189 76
f 76 73 188
f 193 192 203
f 203 192 202
f 205 202 204
f 202 194 204
f 202 192 194
f 195 206 194
f 194 206 204
f 196 207 195
f 195 207 206
f 197 208 196
f 196 208 207
f 208 197 210
f 197 209 210
f 197 198 209
f 199 209 198
f 211 209 199
f 213 211 212
f 211 200 212
f 211 199 200
f 201 212 200
f 215 214 216
f 218 214 215
f 202 217 203
f 205 217 202
f 209 219 210
f 211 220 209
f 209 220 219
f 213 220 211
f 214 221 216
f 218 221 214
f 81 222 80
f 222 82 80
f 85 223 84
f 223 87 84
f 91 224 90
f 226 225 224
f 225 90 224
f 225 93 90
f 227 93 225
f 227 95 93
f 228 222 81
f 95 228 81
f 227 228 95
f 98 82 222
f 228 98 222
f 229 98 228
f 230 98 229
f 230 100 98
f 231 100 230
f 231 102 100
f 232 223 85
f 102 232 85
f 231 232 102
f 104 87 223
f 232 104 223
f 233 104 232
f 234 104 233
f 234 105 104
f 235 107 236
f 107 234 236
f 107 105 234
f 235 108 107
f 224 91 237
f 91 238 237
f 91 110 238
f 237 226 224
f 239 235 236
f 119 108 235
f 241 119 235
f 239 241 235
f 240 119 241
f 242 240 241
f 110 120 238
f 238 120 243
f 244 243 120
f 244 120 122
f 119 240 245
f 119 245 132
f 246 245 242
f 242 245 240
f 248 247 249
f 134 247 248
f 244 134 248
f 122 134 244
f 132 245 250
f 132 250 143
f 251 250 246
f 246 250 245
f 249 247 253
f 253 247 252
f 145 252 247
f 145 247 134
f 155 143 250
f 250 251 155
f 251 156 155
f 251 254 156
f 252 255 253
f 256 255 252
f 145 256 252
f 158 256 145
f 257 156 254
f 167 156 257
f 259 256 258
f 256 168 258
f 256 158 168
f 258 260 259
f 261 167 257
f 177 167 261
f 168 178 258
f 180 262 178
f 178 262 258
f 262 263 258
f 263 260 258
f 262 264 263
f 265 266 267
f 265 189 266
f 189 261 266
f 189 177 261
f 180 190 262
f 190 191 262
f 191 269 262
f 269 264 262
f 269 191 268
f 193 268 191
f 265 267 271
f 265 271 270
f 270 201 265
f 265 201 189
f 268 272 269
f 193 203 268
f 203 274 268
f 274 272 268
f 203 273 274
f 274 273 205
f 204 274 205
f 275 274 204
f 206 276 277
f 275 206 277
f 204 206 275
f 276 206 207
f 276 207 278
f 278 207 208
f 278 208 279
f 210 279 208
f 213 212 270
f 271 213 270
f 280 213 271
f 212 201 270
f 216 281 215
f 217 273 203
f 281 218 215
f 217 205 273
f 276 282 277
f 278 283 276
f 276 283 282
f 283 278 285
f 278 284 285
f 278 279 284
f 279 210 219
f 286 279 219
f 284 279 286
f 286 219 220
f 286 220 287
f 220 213 287
f 213 288 287
f 213 280 288
f 216 221 281
f 221 218 281
f 284 289 285
f 286 290 284
f 284 290 289
f 287 291 286
f 286 291 290
f 288 291 287
f 293 292 226
f 226 292 225
f 294 225 292
f 294 227 225
f 295 227 294
f 295 228 227
f 296 228 295
f 296 229 228
f 297 229 296
f 297 230 229
f 298 230 297
f 298 231 230
f 299 231 298
f 299 232 231
f 300 232 299
f 300 233 232
f 301 233 300
f 301 234 233
f 236 234 302
f 234 303 302
f 234 301 303
f 305 304 303
f 303 304 302
f 306 304 305
f 238 307 237
f 226 237 307
f 308 226 307
f 293 226 308
f 239 236 302
f 239 302 304
f 239 304 241
f 304 306 241
f 306 242 241
f 306 309 242
f 310 312 311
f 238 243 307
f 308 307 243
f 244 308 243
f 308 310 311
f 308 244 310
f 313 242 309
f 246 242 313
f 315 312 310
f 249 314 248
f 244 248 314
f 316 244 314
f 244 315 310
f 244 316 315
f 317 246 313
f 251 246 317
f 314 249 318
f 318 249 253
f 318 319 316
f 318 316 314
f 320 321 322
f 320 254 321
f 254 317 321
f 254 251 317
f 253 255 318
f 319 318 255
f 256 319 255
f 323 319 256
f 324 320 322
f 324 325 320
f 325 254 320
f 325 257 254
f 256 259 323
f 323 259 326
f 327 326 259
f 327 259 260
f 328 329 330
f 328 261 329
f 261 325 329
f 261 257 325
f 260 263 327
f 327 263 331
f 332 331 263
f 332 263 264
f 333 334 335
f 336 337 334
f 336 334 333
f 336 338 337
f 267 266 328
f 330 267 328
f 339 267 330
f 266 261 328
f 341 332 340
f 332 269 340
f 332 264 269
f 340 342 341
f 343 344 345
f 333 335 344
f 343 333 344
f 346 333 343
f 346 336 333
f 346 347 336
f 347 348 338
f 347 338 336
f 349 267 339
f 271 267 349
f 269 272 340
f 340 272 342
f 272 350 342
f 272 274 350
f 274 351 350
f 275 351 274
f 352 343 345
f 275 352 345
f 351 275 345
f 352 275 277
f 352 346 343
f 352 353 346
f 353 347 346
f 353 354 347
f 354 355 348
f 354 348 347
f 356 271 349
f 280 271 356
f 277 282 352
f 352 282 353
f 353 282 283
f 285 357 283
f 357 353 283
f 357 354 353
f 357 358 355
f 357 355 354
f 356 360 359
f 288 356 359
f 280 356 288
f 361 359 360
f 285 289 357
f 357 289 358
f 289 362 358
f 289 290 362
f 291 363 364
f 362 291 364
f 290 291 362
f 363 291 288
f 359 363 288
f 365 363 359
f 366 365 361
f 361 365 359
f 363 367 364
f 365 368 363
f 363 368 367
f 366 368 365
f 370 369 293
f 293 369 292
f 371 292 369
f 371 294 292
f 372 294 371
f 372 295 294
f 373 295 372
f 373 296 295
f 374 296 373
f 374 297 296
f 375 297 374
f 375 298 297
f 376 298 375
f 376 299 298
f 377 299 376
f 377 300 299
f 378 300 377
f 378 301 300
f 379 301 378
f 379 303 301
f 380 303 379
f 380 305 303
f 380 381 305
f 305 381 306
f 383 382 384
f 308 382 383
f 370 308 383
f 293 308 370
f 385 306 381
f 309 306 385
f 311 312 382
f 312 384 382
f 312 386 384
f 308 311 382
f 387 309 385
f 313 309 387
f 388 389 315
f 389 312 315
f 389 386 312
f 316 388 315
f 390 313 387
f 317 313 390
f 388 391 389
f 392 391 388
f 316 392 388
f 319 392 316
f 393 394 322
f 393 322 321
f 321 317 393
f 393 317 390
f 319 395 392
f 319 323 395
f 324 322 394
f 324 394 396
f 396 397 324
f 324 397 325
f 323 326 395
f 395 326 398
f 399 398 326
f 399 326 327
f 400 330 329
f 329 325 400
f 325 401 400
f 325 397 401
f 327 331 399
f 399 331 402
f 403 402 331
f 403 331 332
f 404 405 406
f 405 404 335
f 334 405 335
f 407 405 334
f 334 408 407
f 337 408 334
f 409 408 337
f 409 337 338
f 330 400 410
f 411 330 410
f 339 330 411
f 401 410 400
f 412 413 341
f 413 332 341
f 413 403 332
f 342 412 341
f 345 344 404
f 406 345 404
f 414 345 406
f 344 335 404
f 416 409 415
f 409 348 415
f 409 338 348
f 415 417 416
f 418 339 411
f 349 339 418
f 412 419 413
f 342 350 412
f 350 419 412
f 350 420 419
f 350 421 420
f 351 421 350
f 351 345 421
f 421 345 414
f 415 348 422
f 422 348 355
f 422 423 417
f 422 417 415
f 424 349 418
f 356 349 424
f 422 355 425
f 425 355 358
f 425 426 423
f 425 423 422
f 360 356 424
f 360 424 427
f 427 428 360
f 360 428 361
f 358 362 425
f 364 429 362
f 362 429 425
f 429 430 425
f 430 426 425
f 429 431 430
f 428 433 432
f 366 428 432
f 361 428 366
f 434 432 433
f 364 367 429
f 429 367 431
f 367 435 431
f 367 368 435
f 432 436 366
f 436 368 366
f 436 435 368
f 434 436 432
f 438 437 370
f 370 437 369
f 439 369 437
f 439 371 369
f 440 371 439
f 440 372 371
f 441 373 442
f 373 440 442
f 373 372 440
f 373 441 374
f 374 441 443
f 445 444 443
f 444 374 443
f 444 375 374
f 446 375 444
f 446 376 375
f 447 377 448
f 377 446 448
f 377 376 446
f 450 449 447
f 449 377 447
f 449 378 377
f 451 378 449
f 451 379 378
f 452 380 453
f 380 451 453
f 380 379 451
f 452 381 380
f 455 454 384
f 384 454 383
f 370 383 454
f 370 454 438
f 456 441 442
f 457 443 441
f 457 441 456
f 457 445 443
f 458 447 448
f 458 450 447
f 452 453 460
f 452 460 459
f 459 385 452
f 452 385 381
f 384 461 455
f 384 386 461
f 462 459 460
f 462 463 459
f 463 385 459
f 463 387 385
f 386 464 461
f 386 389 464
f 465 387 463
f 390 387 465
f 466 467 391
f 467 389 391
f 467 464 389
f 392 466 391
f 468 469 394
f 468 394 393
f 393 390 468
f 468 390 465
f 466 470 467
f 471 470 466
f 392 471 466
f 395 471 392
f 473 472 396
f 394 473 396
f 469 473 394
f 472 397 396
f 395 398 471
f 471 398 474
f 475 474 398
f 475 398 399
f 476 472 473
f 476 477 472
f 477 397 472
f 477 401 397
f 399 402 475
f 475 402 478
f 479 478 402
f 479 402 403
f 480 481 482
f 481 480 406
f 405 481 406
f 483 481 405
f 405 484 483
f 407 484 405
f 407 485 484
f 408 485 407
f 486 485 408
f 486 408 409
f 487 411 410
f 410 401 487
f 401 488 487
f 401 477 488
f 490 479 489
f 479 413 489
f 479 403 413
f 491 492 490
f 491 490 489
f 480 482 492
f 491 480 492
f 493 480 491
f 493 414 480
f 480 414 406
f 494 495 416
f 495 409 416
f 495 486 409
f 417 494 416
f 411 487 496
f 411 496 418
f 497 496 488
f 488 496 487
f 413 419 489
f 489 419 491
f 491 419 420
f 491 420 493
f 493 420 421
f 421 414 493
f 495 494 499
f 499 494 498
f 423 498 494
f 423 494 417
f 418 496 500
f 418 500 424
f 501 500 497
f 497 500 496
f 498 502 499
f 503 502 498
f 423 503 498
f 426 503 423
f 427 424 500
f 500 501 427
f 501 428 427
f 501 504 428
f 426 430 503
f 503 430 505
f 430 431 506
f 507 430 506
f 505 430 507
f 506 508 507
f 508 428 507
f 428 504 507
f 508 433 428
f 508 434 433
f 431 435 506
f 506 435 508
f 508 435 436
f 436 434 508
f 510 509 438
f 438 509 437
f 511 437 509
f 511 439 437
f 512 439 511
f 512 440 439
f 512 513 440
f 440 513 442
f 515 514 445
f 445 514 444
f 516 444 514
f 516 446 444
f 516 517 446
f 446 517 448
f 519 518 450
f 450 518 449
f 520 449 518
f 520 451 449
f 520 521 451
f 451 521 453
f 523 522 455
f 455 522 454
f 438 454 522
f 438 522 510
f 456 442 513
f 456 513 524
f 525 456 524
f 525 457 456
f 445 457 525
f 445 525 515
f 458 448 517
f 458 517 526
f 450 458 526
f 450 526 519
f 527 453 521
f 460 453 527
f 455 528 523
f 455 461 528
f 462 460 527
f 462 527 529
f 529 530 462
f 462 530 463
f 461 531 528
f 461 464 531
f 532 463 530
f 465 463 532
f 464 533 531
f 464 467 533
f 534 469 468
f 468 465 534
f 465 535 534
f 465 532 535
f 467 470 533
f 533 470 536
f 537 536 470
f 537 470 471
f 469 534 538
f 539 469 538
f 473 469 539
f 535 538 534
f 471 474 537
f 537 474 540
f 541 540 474
f 541 474 475
f 476 473 539
f 476 539 542
f 542 543 476
f 476 543 477
f 475 478 541
f 541 478 544
f 478 479 545
f 546 478 545
f 544 478 546
f 547 548 546
f 547 546 545
f 548 547 482
f 481 548 482
f 549 548 481
f 481 550 549
f 483 550 481
f 484 551 552
f 550 484 552
f 483 484 550
f 551 484 485
f 551 485 553
f 486 553 485
f 543 555 554
f 488 543 554
f 477 543 488
f 556 554 555
f 479 490 545
f 545 490 547
f 547 490 492
f 492 482 547
f 551 557 552
f 557 551 559
f 551 558 559
f 551 553 558
f 495 558 553
f 495 553 486
f 488 554 560
f 488 560 497
f 561 560 556
f 556 560 554
f 559 558 563
f 563 558 562
f 499 562 558
f 499 558 495
f 497 560 564
f 497 564 501
f 565 564 561
f 561 564 560
f 562 566 563
f 499 502 562
f 502 566 562
f 502 567 566
f 568 567 502
f 568 502 503
f 501 564 569
f 570 501 569
f 504 501 570
f 565 569 564
f 503 505 568
f 568 505 571
f 505 572 571
f 507 572 505
f 507 504 572
f 572 504 570
f 574 573 575
f 576 573 574
f 573 577 575
f 576 577 573
f 579 578 580
f 581 578 579
f 583 582 510
f 510 582 509
f 584 509 582
f 584 511 509
f 585 511 584
f 585 512 511
f 578 586 580
f 586 512 580
f 512 585 580
f 512 586 513
f 588 587 581
f 587 578 581
f 587 586 578
f 587 588 515
f 588 514 515
f 588 589 514
f 590 516 591
f 516 589 591
f 516 514 589
f 590 517 516
f 593 592 519
f 519 592 518
f 594 518 592
f 594 520 518
f 594 595 520
f 520 595 521
f 597 596 523
f 523 596 522
f 510 522 596
f 510 596 583
f 524 513 586
f 524 586 587
f 524 587 525
f 515 525 587
f 598 590 591
f 526 517 590
f 598 526 590
f 599 526 598
f 519 526 599
f 519 599 593
f 595 601 600
f 527 595 600
f 521 595 527
f 602 600 601
f 523 603 597
f 523 528 603
f 606 604 529
f 527 606 529
f 606 600 605
f 606 527 600
f 600 602 605
f 530 529 604
f 528 607 603
f 528 531 607
f 604 606 609
f 604 609 608
f 608 532 604
f 604 532 530
f 531 610 607
f 531 533 610
f 608 609 612
f 608 612 611
f 611 535 608
f 608 535 532
f 613 614 536
f 614 533 536
f 614 610 533
f 537 613 536
f 539 538 611
f 612 539 611
f 615 539 612
f 538 535 611
f 613 616 614
f 537 540 613
f 540 616 613
f 540 617 616
f 540 541 618
f 619 540 618
f 617 540 619
f 620 621 619
f 620 619 618
f 622 623 621
f 622 621 620
f 622 624 623
f 626 625 542
f 539 626 542
f 615 626 539
f 625 543 542
f 541 544 618
f 618 544 620
f 620 544 546
f 620 546 622
f 622 546 548
f 622 548 624
f 548 627 624
f 548 549 627
f 549 628 627
f 550 628 549
f 550 552 629
f 630 550 629
f 628 550 630
f 629 631 630
f 632 625 626
f 633 555 634
f 634 555 632
f 555 543 632
f 543 625 632
f 633 556 555
f 552 557 629
f 631 629 557
f 559 631 557
f 635 631 559
f 636 633 634
f 636 637 633
f 637 556 633
f 637 561 556
f 559 638 635
f 559 563 638
f 639 561 637
f 565 561 639
f 563 566 638
f 638 566 640
f 566 641 640
f 567 641 566
f 642 641 567
f 642 567 568
f 643 644 570
f 643 570 569
f 569 565 643
f 643 565 639
f 568 571 642
f 642 571 645
f 571 646 645
f 572 646 571
f 572 570 646
f 646 570 644
f 648 647 575
f 575 647 574
f 647 649 574
f 574 649 576
f 575 577 648
f 648 577 650
f 577 576 650
f 650 576 649
f 652 651 653
f 651 652 655
f 579 580 654
f 654 581 579
f 657 656 583
f 583 656 582
f 658 582 656
f 658 584 582
f 658 653 651
f 585 658 651
f 584 658 585
f 659 654 580
f 585 659 580
f 659 651 655
f 659 585 651
f 588 581 654
f 659 588 654
f 660 588 659
f 661 588 660
f 661 589 588
f 661 662 589
f 589 662 591
f 664 663 593
f 593 663 592
f 665 592 663
f 665 594 592
f 665 666 594
f 594 666 595
f 668 667 597
f 597 667 596
f 583 596 667
f 583 667 657
f 598 591 662
f 598 662 669
f 670 598 669
f 670 599 598
f 593 599 670
f 593 670 664
f 601 595 666
f 601 666 671
f 671 672 601
f 601 672 602
f 597 673 668
f 597 603 673
f 674 606 605
f 605 602 674
f 602 675 674
f 602 672 675
f 603 676 673
f 603 607 676
f 606 674 677
f 678 606 677
f 609 606 678
f 675 677 674
f 607 679 676
f 607 610 679
f 680 609 678
f 612 609 680
f 610 681 679
f 610 614 681
f 682 612 680
f 615 612 682
f 614 616 681
f 681 616 683
f 616 684 683
f 617 684 616
f 617 685 684
f 619 685 617
f 619 686 685
f 621 686 619
f 621 687 686
f 623 687 621
f 688 687 623
f 688 623 624
f 689 690 691
f 689 692 690
f 693 615 682
f 626 615 693
f 624 627 688
f 688 627 694
f 627 695 694
f 628 695 627
f 691 695 689
f 695 630 689
f 695 628 630
f 631 696 630
f 630 696 689
f 696 697 689
f 697 692 689
f 696 698 697
f 700 699 632
f 626 700 632
f 693 700 626
f 699 634 632
f 696 631 701
f 631 702 701
f 631 635 702
f 701 698 696
f 703 699 700
f 704 636 705
f 705 636 703
f 636 634 703
f 634 699 703
f 704 637 636
f 635 706 702
f 635 638 706
f 704 705 708
f 704 708 707
f 707 639 704
f 704 639 637
f 638 640 706
f 706 640 709
f 640 710 709
f 641 710 640
f 711 710 641
f 711 641 642
f 644 643 707
f 708 644 707
f 712 644 708
f 643 639 707
f 642 645 711
f 711 645 713
f 646 714 715
f 713 646 715
f 645 646 713
f 646 644 714
f 644 716 714
f 644 712 716
f 714 717 715
f 716 717 714
f 648 718 647
f 718 649 647
f 648 650 718
f 650 649 718
f 720 719 721
f 722 719 720
f 653 723 652
f 723 655 652
f 656 657 719
f 657 721 719
f 657 724 721
f 656 719 722
f 725 656 722
f 658 656 725
f 726 723 653
f 658 726 653
f 725 726 658
f 659 655 723
f 726 659 723
f 727 659 726
f 728 659 727
f 728 660 659
f 729 660 728
f 729 661 660
f 729 730 661
f 661 730 662
f 732 731 664
f 664 731 663
f 733 663 731
f 733 665 663
f 733 734 665
f 665 734 666
f 736 735 668
f 668 735 667
f 657 667 735
f 657 735 724
f 669 662 730
f 669 730 737
f 738 669 737
f 738 670 669
f 664 670 738
f 664 738 732
f 671 666 734
f 671 734 739
f 739 740 671
f 671 740 672
f 742 741 743
f 744 741 742
f 668 745 736
f 668 673 745
f 746 672 740
f 675 672 746
f 741 747 743
f 744 747 741
f 673 748 745
f 673 676 748
f 749 750 678
f 749 678 677
f 677 675 749
f 749 675 746
f 676 751 748
f 676 679 751
f 752 678 750
f 680 678 752
f 679 753 751
f 679 681 753
f 754 755 756
f 754 757 755
f 758 680 752
f 682 680 758
f 681 683 753
f 753 683 759
f 683 760 759
f 684 760 683
f 684 761 760
f 685 761 684
f 756 761 754
f 761 686 754
f 761 685 686
f 754 686 757
f 686 762 757
f 686 687 762
f 687 688 763
f 764 687 763
f 762 687 764
f 763 765 764
f 766 691 690
f 692 766 690
f 767 682 758
f 693 682 767
f 688 694 763
f 763 694 765
f 694 768 765
f 694 695 768
f 766 769 691
f 769 695 691
f 769 768 695
f 697 770 771
f 697 771 769
f 692 697 769
f 766 692 769
f 698 770 697
f 767 773 772
f 700 767 772
f 693 767 700
f 774 772 773
f 776 775 777
f 701 702 770
f 770 702 771
f 702 775 771
f 775 776 771
f 698 701 770
f 703 700 772
f 772 774 703
f 774 705 703
f 774 778 705
f 775 779 777
f 780 779 775
f 702 780 775
f 706 780 702
f 778 782 781
f 708 778 781
f 705 778 708
f 783 781 782
f 785 784 786
f 787 784 785
f 706 709 780
f 780 709 788
f 709 789 788
f 710 789 709
f 710 711 790
f 791 710 790
f 789 710 791
f 790 792 791
f 708 781 793
f 708 793 712
f 794 793 783
f 783 793 781
f 784 795 786
f 787 795 784
f 711 713 790
f 715 796 713
f 713 796 790
f 796 797 790
f 797 792 790
f 797 793 798
f 799 797 798
f 797 712 793
f 716 797 796
f 797 716 712
f 800 798 794
f 794 798 793
f 715 717 796
f 798 801 799
f 717 716 796
f 800 801 798
f 721 802 720
f 802 722 720
f 804 803 805
f 804 806 803
f 806 721 803
f 721 724 803
f 721 806 802
f 725 722 802
f 806 725 802
f 807 725 806
f 808 726 809
f 726 807 809
f 726 725 807
f 726 808 727
f 727 808 810
f 727 810 728
f 728 810 811
f 728 811 729
f 729 811 812
f 730 729 812
f 814 813 815
f 817 816 814
f 814 816 813
f 816 817 732
f 817 731 732
f 817 818 731
f 819 731 818
f 819 733 731
f 819 820 733
f 733 820 734
f 735 736 803
f 736 805 803
f 736 821 805
f 724 735 803
f 822 808 809
f 823 810 808
f 823 808 822
f 824 811 810
f 824 810 823
f 825 812 811
f 825 811 824
f 825 815 813
f 737 825 813
f 825 730 812
f 825 737 730
f 737 813 816
f 737 816 738
f 732 738 816
f 739 734 820
f 739 820 826
f 826 827 739
f 739 827 740
f 743 828 742
f 828 744 742
f 736 829 821
f 736 745 829
f 830 740 827
f 746 740 830
f 743 747 828
f 747 744 828
f 745 831 829
f 745 748 831
f 832 750 749
f 749 746 832
f 746 833 832
f 746 830 833
f 748 834 831
f 748 751 834
f 750 832 835
f 836 750 835
f 752 750 836
f 833 835 832
f 751 837 834
f 751 753 837
f 838 756 755
f 757 838 755
f 839 752 836
f 758 752 839
f 753 759 837
f 837 759 840
f 759 841 840
f 760 841 759
f 760 842 841
f 761 842 760
f 838 843 756
f 843 761 756
f 843 842 761
f 757 762 838
f 762 843 838
f 762 844 843
f 762 845 844
f 764 845 762
f 846 845 764
f 846 764 765
f 847 848 849
f 847 850 848
f 839 852 851
f 767 839 851
f 758 839 767
f 853 851 852
f 765 768 846
f 846 768 854
f 849 854 847
f 854 769 847
f 854 768 769
f 771 855 769
f 769 855 847
f 855 856 847
f 856 850 847
f 855 857 856
f 773 767 851
f 851 853 773
f 853 774 773
f 853 858 774
f 777 859 776
f 861 860 859
f 859 860 776
f 860 855 776
f 855 771 776
f 860 857 855
f 858 863 862
f 778 858 862
f 774 858 778
f 864 862 863
f 777 779 859
f 780 865 779
f 779 865 859
f 865 866 859
f 866 861 859
f 865 867 866
f 782 778 862
f 862 864 782
f 864 783 782
f 864 868 783
f 786 869 785
f 869 787 785
f 780 788 865
f 788 789 865
f 789 871 865
f 871 867 865
f 871 789 870
f 870 789 791
f 870 791 872
f 792 872 791
f 873 783 868
f 794 783 873
f 786 795 869
f 795 787 869
f 870 874 871
f 872 875 870
f 870 875 874
f 797 876 877
f 797 877 875
f 792 797 875
f 872 792 875
f 799 876 797
f 878 794 873
f 800 794 878
f 876 879 877
f 799 801 876
f 801 879 876
f 801 880 879
f 801 800 880
f 880 800 878
f 882 881 805
f 805 881 804
f 883 804 881
f 883 806 804
f 884 807 885
f 807 883 885
f 807 806 883
f 884 809 807
f 887 886 888
f 886 887 815
f 887 814 815
f 887 889 814
f 890 814 889
f 890 817 814
f 891 817 890
f 891 818 817
f 892 818 891
f 892 819 818
f 892 893 819
f 819 893 820
f 805 894 882
f 805 821 894
f 895 884 885
f 822 809 884
f 895 822 884
f 896 822 895
f 897 822 896
f 897 823 822
f 898 823 897
f 898 824 823
f 898 888 886
f 825 898 886
f 824 898 825
f 815 825 886
f 826 820 893
f 826 893 899
f 899 900 826
f 826 900 827
f 821 901 894
f 821 829 901
f 902 827 900
f 830 827 902
f 829 903 901
f 829 831 903
f 904 905 906
f 904 833 905
f 833 902 905
f 833 830 902
f 831 907 903
f 831 834 907
f 836 835 904
f 906 836 904
f 908 836 906
f 835 833 904
f 910 907 909
f 907 837 909
f 907 834 837
f 909 911 910
f 908 913 912
f 839 908 912
f 836 908 839
f 914 912 913
f 915 917 916
f 837 840 909
f 911 918 915
f 916 911 915
f 911 841 918
f 840 911 909
f 911 840 841
f 919 920 918
f 841 919 918
f 842 919 841
f 842 921 919
f 843 921 842
f 843 922 921
f 844 922 843
f 845 923 924
f 922 845 924
f 844 845 922
f 845 846 925
f 926 845 925
f 845 927 923
f 845 926 927
f 926 925 849
f 848 926 849
f 928 926 848
f 848 850 929
f 930 848 929
f 928 848 930
f 929 931 930
f 852 839 912
f 912 914 852
f 914 853 852
f 914 932 853
f 917 915 934
f 934 915 933
f 936 933 935
f 933 918 935
f 933 915 918
f 920 935 918
f 923 937 924
f 927 937 923
f 854 925 846
f 854 849 925
f 850 856 929
f 931 929 856
f 857 931 856
f 938 931 857
f 939 853 932
f 858 853 939
f 933 940 934
f 936 940 933
f 861 941 860
f 857 860 941
f 942 857 941
f 938 857 942
f 944 943 863
f 858 944 863
f 939 944 858
f 943 864 863
f 861 866 941
f 942 941 866
f 867 942 866
f 945 942 867
f 943 944 947
f 943 947 946
f 946 868 943
f 943 868 864
f 949 948 950
f 871 948 949
f 945 871 949
f 867 871 945
f 946 947 952
f 946 952 951
f 951 873 946
f 946 873 868
f 948 953 950
f 871 874 948
f 874 953 948
f 874 954 953
f 874 955 954
f 875 955 874
f 956 955 875
f 956 875 877
f 951 952 958
f 951 958 957
f 957 878 951
f 951 878 873
f 877 879 956
f 956 879 959
f 958 959 957
f 959 880 957
f 959 879 880
f 880 878 957
f 961 960 962
f 963 960 961
f 965 964 882
f 882 964 881
f 966 881 964
f 966 883 881
f 966 967 883
f 883 967 885
f 969 968 888
f 888 968 887
f 968 962 960
f 889 968 960
f 887 968 889
f 889 960 963
f 970 889 963
f 890 889 970
f 971 890 970
f 971 891 890
f 972 891 971
f 972 892 891
f 972 973 892
f 892 973 893
f 882 974 965
f 882 894 974
f 895 885 967
f 895 967 975
f 976 895 975
f 976 896 895
f 977 896 976
f 977 897 896
f 978 897 977
f 978 898 897
f 888 898 978
f 888 978 969
f 899 893 973
f 899 973 979
f 979 980 899
f 899 980 900
f 894 981 974
f 894 901 981
f 982 983 984
f 982 902 983
f 902 980 983
f 902 900 980
f 901 985 981
f 901 903 985
f 906 905 982
f 984 906 982
f 986 906 984
f 905 902 982
f 903 987 985
f 903 907 987
f 988 906 986
f 908 906 988
f 989 990 910
f 990 907 910
f 990 987 907
f 911 989 910
f 992 991 913
f 908 992 913
f 988 992 908
f 914 913 991
f 994 993 995
f 996 993 994
f 916 917 989
f 917 990 989
f 917 997 990
f 911 916 989
f 998 920 919
f 999 1000 998
f 919 999 998
f 921 999 919
f 922 1001 1002
f 999 922 1002
f 921 922 999
f 924 1001 922
f 1003 1004 927
f 1003 927 926
f 926 1005 1003
f 928 1005 926
f 928 1006 1005
f 930 1006 928
f 1007 1006 930
f 1007 930 931
f 1008 991 992
f 1009 995 993
f 1008 914 991
f 1008 1010 914
f 1010 932 914
f 996 1009 993
f 1012 1011 1013
f 934 1011 1012
f 997 934 1012
f 917 934 997
f 1014 936 935
f 1015 1016 1014
f 1015 1014 935
f 998 1015 935
f 920 998 935
f 1000 1015 998
f 1001 1017 1002
f 924 937 1001
f 937 1017 1001
f 937 1018 1017
f 937 927 1018
f 1018 927 1004
f 931 1019 1007
f 931 938 1019
f 1020 932 1010
f 939 932 1020
f 1011 1021 1013
f 934 940 1011
f 940 1021 1011
f 940 1022 1021
f 1014 1023 936
f 1023 940 936
f 1023 1022 940
f 1016 1023 1014
f 938 1024 1019
f 938 942 1024
f 1025 939 1020
f 944 939 1025
f 1027 1026 1028
f 945 1026 1027
f 1024 945 1027
f 942 945 1024
f 1029 1030 1031
f 1029 947 1030
f 947 1025 1030
f 947 944 1025
f 1033 1028 1026
f 950 1032 949
f 945 949 1032
f 1034 945 1032
f 945 1033 1026
f 945 1034 1033
f 1035 1029 1031
f 1035 1036 1029
f 1036 947 1029
f 1036 952 947
f 950 953 1032
f 953 954 1032
f 954 1038 1032
f 1038 1034 1032
f 1038 954 1037
f 1037 954 955
f 1037 955 1039
f 955 956 1040
f 1041 955 1040
f 955 1042 1039
f 955 1041 1042
f 1040 958 1041
f 958 1036 1041
f 958 952 1036
f 1037 1043 1038
f 1039 1044 1037
f 1037 1044 1043
f 1042 1044 1039
f 959 1040 956
f 959 958 1040
f 1046 1045 1047
f 1049 1048 1046
f 1046 1048 1045
f 1050 1048 1049
f 1045 1051 1047
f 1051 1045 1053
f 1045 1052 1053
f 1045 1048 1052
f 1054 1052 1050
f 1050 1052 1048
f 1052 1055 1053
f 1054 1055 1052
f 1057 1056 1058
f 1059 1056 1057
f 962 1060 961
f 1060 963 961
f 1056 1061 1058
f 1059 1061 1056
f 965 1062 964
f 1064 1063 1062
f 1063 964 1062
f 1063 966 964
f 967 966 1065
f 966 1066 1065
f 966 1063 1066
f 1067 1065 1066
f 1069 1068 1070
f 1068 1069 969
f 1069 968 969
f 1069 1071 968
f 1072 1060 962
f 968 1072 962
f 1071 1072 968
f 970 963 1060
f 1072 970 1060
f 1073 970 1072
f 1074 970 1073
f 1074 971 970
f 1075 971 1074
f 1075 972 971
f 1075 1076 972
f 972 1076 973
f 1062 965 1077
f 1077 965 974
f 1077 1078 1064
f 1077 1064 1062
f 975 967 1065
f 975 1065 1067
f 1079 975 1067
f 976 975 1079
f 1080 976 1079
f 1080 977 976
f 1080 1070 1068
f 978 1080 1068
f 977 1080 978
f 969 978 1068
f 979 973 1076
f 979 1076 1081
f 1081 1082 979
f 979 1082 980
f 1077 974 1083
f 974 1084 1083
f 974 981 1084
f 1083 1078 1077
f 1085 984 983
f 983 980 1085
f 980 1086 1085
f 980 1082 1086
f 981 1087 1084
f 981 985 1087
f 984 1085 1088
f 984 1088 986
f 1090 1089 1086
f 1089 1085 1086
f 1089 1088 1085
f 1091 1089 1090
f 1093 1092 1094
f 987 1092 1093
f 1087 987 1093
f 985 987 1087
f 986 1088 1095
f 986 1095 988
f 1097 1095 1096
f 1095 1089 1096
f 1095 1088 1089
f 1091 1096 1089
f 1092 1098 1094
f 1099 1098 1092
f 987 1099 1092
f 990 1099 987
f 988 1095 1100
f 988 1100 992
f 1095 1097 1100
f 1097 1102 1100
f 994 995 1101
f 1101 996 994
f 1104 1103 1105
f 1108 1103 1104
f 997 1107 1099
f 990 997 1099
f 1106 1107 997
f 1109 1110 1107
f 1109 1107 1106
f 1109 1111 1110
f 1112 1000 999
f 1002 1112 999
f 1113 1004 1003
f 1114 1115 1113
f 1003 1114 1113
f 1005 1114 1003
f 1005 1116 1114
f 1006 1116 1005
f 1117 1116 1006
f 1117 1006 1007
f 1008 992 1100
f 995 1009 1101
f 1010 1100 1102
f 1118 1010 1102
f 1008 1100 1010
f 1009 996 1101
f 1012 1013 1103
f 1013 1105 1103
f 1013 1119 1105
f 1012 1120 1106
f 997 1012 1106
f 1012 1121 1120
f 1108 1012 1103
f 1012 1108 1121
f 1120 1109 1106
f 1120 1122 1109
f 1015 1123 1111
f 1122 1015 1111
f 1109 1122 1111
f 1016 1015 1122
f 1112 1124 1000
f 1124 1015 1000
f 1124 1123 1015
f 1002 1017 1112
f 1017 1124 1112
f 1017 1125 1124
f 1017 1126 1125
f 1018 1126 1017
f 1113 1127 1004
f 1127 1018 1004
f 1127 1126 1018
f 1115 1127 1113
f 1007 1128 1117
f 1007 1019 1128
f 1129 1130 1131
f 1129 1020 1130
f 1020 1118 1130
f 1020 1010 1118
f 1013 1021 1119
f 1119 1021 1132
f 1121 1132 1120
f 1132 1022 1120
f 1132 1021 1022
f 1120 1022 1122
f 1022 1023 1122
f 1135 1134 1133
f 1137 1136 1134
f 1136 1133 1134
f 1016 1122 1023
f 1138 1136 1137
f 1019 1139 1128
f 1019 1024 1139
f 1129 1131 1141
f 1129 1141 1140
f 1140 1025 1129
f 1129 1025 1020
f 1133 1142 1135
f 1136 1143 1133
f 1133 1143 1142
f 1138 1143 1136
f 1028 1144 1027
f 1024 1027 1144
f 1145 1024 1144
f 1139 1024 1145
f 1031 1030 1140
f 1141 1031 1140
f 1146 1031 1141
f 1030 1025 1140
f 1028 1033 1144
f 1145 1144 1033
f 1034 1145 1033
f 1147 1145 1034
f 1149 1148 1035
f 1031 1149 1035
f 1146 1149 1031
f 1148 1036 1035
f 1034 1150 1147
f 1034 1038 1150
f 1042 1041 1148
f 1149 1042 1148
f 1151 1042 1149
f 1041 1036 1148
f 1038 1043 1150
f 1150 1043 1152
f 1043 1153 1152
f 1044 1153 1043
f 1044 1042 1153
f 1153 1042 1151
f 1047 1154 1046
f 1046 1154 1049
f 1049 1154 1155
f 1155 1050 1049
f 1047 1051 1154
f 1053 1156 1051
f 1156 1154 1051
f 1156 1155 1154
f 1156 1054 1155
f 1155 1054 1050
f 1053 1055 1156
f 1055 1054 1156
f 1058 1157 1057
f 1157 1059 1057
f 1058 1061 1157
f 1061 1059 1157
f 1159 1158 1064
f 1064 1158 1063
f 1160 1063 1158
f 1160 1066 1063
f 1067 1066 1161
f 1066 1162 1161
f 1066 1160 1162
f 1164 1163 1162
f 1162 1163 1161
f 1163 1164 1070
f 1164 1069 1070
f 1164 1165 1069
f 1166 1069 1165
f 1166 1071 1069
f 1167 1071 1166
f 1167 1072 1071
f 1168 1072 1167
f 1168 1073 1072
f 1169 1073 1168
f 1169 1074 1073
f 1170 1074 1169
f 1170 1075 1074
f 1076 1075 1171
f 1075 1172 1171
f 1075 1170 1172
f 1173 1171 1172
f 1064 1174 1159
f 1064 1078 1174
f 1079 1067 1161
f 1079 1161 1163
f 1079 1163 1080
f 1070 1080 1163
f 1081 1076 1171
f 1171 1173 1081
f 1173 1082 1081
f 1173 1175 1082
f 1084 1176 1083
f 1078 1083 1176
f 1177 1078 1176
f 1174 1078 1177
f 1178 1082 1175
f 1086 1082 1178
f 1176 1084 1179
f 1084 1180 1179
f 1084 1087 1180
f 1179 1177 1176
f 1182 1181 1090
f 1086 1182 1090
f 1178 1182 1086
f 1181 1091 1090
f 1094 1183 1093
f 1087 1093 1183
f 1184 1087 1183
f 1180 1087 1184
f 1097 1096 1181
f 1182 1097 1181
f 1185 1097 1182
f 1096 1091 1181
f 1186 1188 1187
f 1094 1098 1183
f 1184 1183 1098
f 1099 1184 1098
f 1184 1186 1187
f 1184 1099 1186
f 1189 1097 1185
f 1102 1097 1189
f 1191 1190 1192
f 1104 1105 1186
f 1186 1105 1188
f 1105 1190 1188
f 1190 1191 1188
f 1186 1194 1108
f 1104 1186 1108
f 1186 1193 1194
f 1107 1186 1099
f 1186 1107 1193
f 1110 1195 1196
f 1193 1110 1196
f 1107 1110 1193
f 1111 1195 1110
f 1197 1198 1199
f 1200 1201 1198
f 1200 1198 1197
f 1202 1203 1201
f 1202 1201 1200
f 1202 1204 1203
f 1205 1115 1114
f 1205 1114 1116
f 1205 1116 1206
f 1117 1206 1116
f 1207 1102 1189
f 1118 1102 1207
f 1190 1208 1192
f 1105 1119 1190
f 1119 1210 1190
f 1210 1208 1190
f 1119 1209 1210
f 1209 1121 1210
f 1121 1194 1210
f 1121 1108 1194
f 1195 1211 1196
f 1111 1123 1195
f 1123 1211 1195
f 1123 1212 1211
f 1199 1212 1197
f 1212 1124 1197
f 1212 1123 1124
f 1197 1124 1200
f 1200 1124 1125
f 1200 1125 1202
f 1202 1125 1126
f 1202 1126 1204
f 1126 1213 1204
f 1126 1127 1213
f 1205 1214 1115
f 1214 1127 1115
f 1214 1213 1127
f 1214 1205 1216
f 1205 1215 1216
f 1205 1206 1215
f 1128 1215 1206
f 1128 1206 1117
f 1217 1131 1130
f 1130 1118 1217
f 1118 1218 1217
f 1118 1207 1218
f 1119 1132 1209
f 1132 1121 1209
f 1135 1219 1134
f 1134 1219 1137
f 1137 1219 1220
f 1220 1138 1137
f 1215 1221 1216
f 1222 1221 1215
f 1128 1222 1215
f 1139 1222 1128
f 1131 1217 1223
f 1224 1131 1223
f 1141 1131 1224
f 1218 1223 1217
f 1135 1142 1219
f 1219 1142 1220
f 1220 1142 1143
f 1143 1138 1220
f 1139 1225 1222
f 1139 1145 1225
f 1226 1141 1224
f 1146 1141 1226
f 1228 1225 1227
f 1225 1147 1227
f 1225 1145 1147
f 1227 1229 1228
f 1230 1146 1226
f 1149 1146 1230
f 1227 1147 1231
f 1231 1147 1150
f 1232 1233 1229
f 1227 1232 1229
f 1231 1232 1227
f 1232 1151 1233
f 1151 1230 1233
f 1151 1149 1230
f 1150 1152 1231
f 1231 1152 1232
f 1232 1152 1153
f 1153 1151 1232
f 1235 1234 1159
f 1159 1234 1158
f 1236 1158 1234
f 1236 1160 1158
f 1237 1160 1236
f 1237 1162 1160
f 1238 1162 1237
f 1238 1164 1162
f 1239 1164 1238
f 1239 1165 1164
f 1240 1165 1239
f 1240 1166 1165
f 1241 1167 1242
f 1167 1240 1242
f 1167 1166 1240
f 1167 1241 1168
f 1168 1241 1243
f 1245 1244 1243
f 1244 1168 1243
f 1244 1169 1168
f 1246 1169 1244
f 1246 1170 1169
f 1247 1172 1248
f 1172 1246 1248
f 1172 1170 1246
f 1247 1173 1172
f 1250 1249 1251
f 1174 1249 1250
f 1235 1174 1250
f 1159 1174 1235
f 1252 1241 1242
f 1253 1243 1241
f 1253 1241 1252
f 1253 1245 1243
f 1254 1247 1248
f 1254 1255 1247
f 1255 1173 1247
f 1255 1175 1173
f 1251 1249 1257
f 1257 1249 1256
f 1177 1256 1249
f 1177 1249 1174
f 1258 1175 1255
f 1178 1175 1258
f 1179 1180 1256
f 1180 1257 1256
f 1180 1259 1257
f 1177 1179 1256
f 1260 1178 1258
f 1182 1178 1260
f 1180 1261 1259
f 1180 1184 1261
f 1262 1182 1260
f 1185 1182 1262
f 1188 1263 1187
f 1184 1187 1263
f 1264 1184 1263
f 1261 1184 1264
f 1265 1185 1262
f 1189 1185 1265
f 1192 1266 1191
f 1268 1267 1266
f 1266 1267 1191
f 1267 1263 1191
f 1263 1188 1191
f 1263 1193 1269
f 1264 1263 1269
f 1263 1194 1193
f 1270 1263 1267
f 1263 1270 1194
f 1271 1269 1193
f 1271 1193 1196
f 1272 1273 1199
f 1272 1199 1198
f 1198 1274 1272
f 1201 1274 1198
f 1203 1275 1276
f 1274 1203 1276
f 1201 1203 1274
f 1204 1275 1203
f 1277 1278 1279
f 1277 1280 1278
f 1281 1189 1265
f 1207 1189 1281
f 1192 1208 1266
f 1266 1208 1268
f 1208 1282 1268
f 1208 1210 1282
f 1210 1194 1282
f 1282 1194 1270
f 1283 1284 1211
f 1284 1196 1211
f 1284 1271 1196
f 1285 1286 1283
f 1211 1285 1283
f 1212 1285 1211
f 1212 1199 1285
f 1285 1199 1273
f 1275 1287 1276
f 1204 1213 1275
f 1213 1287 1275
f 1213 1288 1287
f 1213 1289 1288
f 1214 1289 1213
f 1290 1277 1279
f 1214 1290 1279
f 1289 1214 1279
f 1290 1214 1216
f 1290 1291 1280
f 1290 1280 1277
f 1292 1207 1281
f 1218 1207 1292
f 1283 1293 1284
f 1286 1293 1283
f 1216 1221 1290
f 1291 1290 1221
f 1222 1291 1221
f 1294 1291 1222
f 1295 1224 1223
f 1223 1218 1295
f 1218 1296 1295
f 1218 1292 1296
f 1298 1294 1297
f 1294 1225 1297
f 1294 1222 1225
f 1297 1299 1298
f 1224 1295 1300
f 1224 1300 1226
f 1301 1300 1296
f 1296 1300 1295
f 1225 1228 1297
f 1299 1297 1228
f 1229 1299 1228
f 1302 1299 1229
f 1226 1300 1303
f 1226 1303 1230
f 1304 1303 1301
f 1301 1303 1300
f 1229 1233 1302
f 1302 1233 1305
f 1305 1233 1230
f 1306 1305 1230
f 1303 1306 1230
f 1307 1305 1306
f 1308 1306 1304
f 1304 1306 1303
f 1306 1309 1307
f 1308 1309 1306
f 1311 1310 1312
f 1313 1310 1311
f 1315 1314 1235
f 1235 1314 1234
f 1316 1234 1314
f 1316 1236 1234
f 1316 1312 1310
f 1237 1316 1310
f 1236 1316 1237
f 1237 1310 1313
f 1317 1237 1313
f 1238 1237 1317
f 1318 1238 1317
f 1318 1239 1238
f 1319 1239 1318
f 1319 1240 1239
f 1319 1320 1240
f 1240 1320 1242
f 1322 1321 1245
f 1245 1321 1244
f 1323 1244 1321
f 1323 1246 1244
f 1323 1324 1246
f 1246 1324 1248
f 1326 1325 1251
f 1251 1325 1250
f 1235 1250 1325
f 1235 1325 1315
f 1252 1242 1320
f 1252 1320 1327
f 1328 1252 1327
f 1328 1253 1252
f 1245 1253 1328
f 1245 1328 1322
f 1330 1329 1254
f 1248 1330 1254
f 1324 1330 1248
f 1329 1255 1254
f 1251 1331 1326
f 1251 1257 1331
f 1329 1330 1333
f 1329 1333 1332
f 1332 1258 1329
f 1329 1258 1255
f 1335 1331 1334
f 1331 1259 1334
f 1331 1257 1259
f 1334 1336 1335
f 1337 1332 1333
f 1337 1338 1332
f 1338 1258 1332
f 1338 1260 1258
f 1334 1259 1339
f 1339 1259 1261
f 1339 1340 1336
f 1339 1336 1334
f 1341 1260 1338
f 1262 1260 1341
f 1339 1261 1342
f 1342 1261 1264
f 1342 1343 1340
f 1342 1340 1339
f 1344 1262 1341
f 1265 1262 1344
f 1268 1345 1267
f 1269 1342 1264
f 1345 1270 1267
f 1343 1342 1269
f 1271 1343 1269
f 1346 1343 1271
f 1347 1348 1273
f 1347 1273 1272
f 1274 1349 1350
f 1347 1274 1350
f 1272 1274 1347
f 1276 1349 1274
f 1351 1279 1278
f 1280 1351 1278
f 1352 1265 1344
f 1281 1265 1352
f 1354 1353 1355
f 1356 1353 1354
f 1268 1282 1345
f 1282 1270 1345
f 1358 1346 1357
f 1346 1284 1357
f 1346 1271 1284
f 1358 1357 1286
f 1285 1358 1286
f 1359 1358 1285
f 1285 1273 1359
f 1359 1273 1348
f 1349 1360 1350
f 1276 1287 1349
f 1287 1360 1349
f 1287 1361 1360
f 1287 1362 1361
f 1288 1362 1287
f 1288 1363 1362
f 1289 1363 1288
f 1351 1364 1279
f 1364 1289 1279
f 1364 1363 1289
f 1365 1364 1351
f 1280 1365 1351
f 1291 1365 1280
f 1366 1281 1352
f 1292 1281 1366
f 1353 1367 1355
f 1356 1367 1353
f 1284 1293 1357
f 1293 1286 1357
f 1291 1368 1365
f 1291 1294 1368
f 1369 1292 1366
f 1296 1292 1369
f 1294 1298 1368
f 1368 1298 1370
f 1371 1370 1298
f 1371 1298 1299
f 1372 1296 1369
f 1301 1296 1372
f 1299 1373 1371
f 1299 1302 1373
f 1374 1301 1372
f 1304 1301 1374
f 1302 1305 1373
f 1373 1305 1375
f 1305 1307 1376
f 1377 1305 1376
f 1375 1305 1377
f 1376 1308 1377
f 1308 1374 1377
f 1308 1304 1374
f 1307 1309 1376
f 1309 1308 1376
f 1379 1378 1312
f 1312 1378 1311
f 1378 1380 1311
f 1311 1380 1313
f 1382 1381 1315
f 1315 1381 1314
f 1383 1314 1381
f 1383 1316 1314
f 1312 1316 1383
f 1312 1383 1379
f 1317 1313 1380
f 1317 1380 1384
f 1385 1317 1384
f 1385 1318 1317
f 1386 1319 1387
f 1319 1385 1387
f 1319 1318 1385
f 1320 1319 1386
f 1389 1388 1390
f 1392 1391 1389
f 1389 1391 1388
f 1391 1392 1322
f 1392 1321 1322
f 1392 1393 1321
f 1394 1321 1393
f 1394 1323 1321
f 1394 1395 1323
f 1323 1395 1324
f 1397 1396 1326
f 1326 1396 1325
f 1315 1325 1396
f 1315 1396 1382
f 1398 1386 1387
f 1398 1390 1388
f 1327 1398 1388
f 1398 1320 1386
f 1398 1327 1320
f 1327 1388 1391
f 1327 1391 1328
f 1322 1328 1391
f 1399 1324 1395
f 1330 1324 1399
f 1326 1400 1397
f 1326 1331 1400
f 1401 1330 1399
f 1333 1330 1401
f 1331 1335 1400
f 1400 1335 1402
f 1403 1402 1335
f 1403 1335 1336
f 1405 1404 1337
f 1333 1405 1337
f 1401 1405 1333
f 1404 1338 1337
f 1336 1406 1403
f 1336 1340 1406
f 1407 1404 1405
f 1407 1408 1404
f 1408 1338 1404
f 1408 1341 1338
f 1340 1409 1406
f 1340 1343 1409
f 1410 1341 1408
f 1344 1341 1410
f 1412 1409 1411
f 1409 1346 1411
f 1409 1343 1346
f 1411 1413 1412
f 1414 1348 1347
f 1350 1414 1347
f 1415 1416 1417
f 1415 1352 1416
f 1352 1410 1416
f 1352 1344 1410
f 1355 1418 1354
f 1418 1356 1354
f 1346 1358 1411
f 1411 1358 1413
f 1358 1419 1413
f 1358 1359 1419
f 1414 1420 1348
f 1420 1359 1348
f 1420 1419 1359
f 1350 1360 1414
f 1360 1420 1414
f 1360 1421 1420
f 1360 1422 1421
f 1361 1422 1360
f 1361 1423 1422
f 1362 1423 1361
f 1362 1424 1423
f 1363 1424 1362
f 1364 1425 1426
f 1424 1364 1426
f 1363 1364 1424
f 1365 1425 1364
f 1415 1417 1428
f 1415 1428 1427
f 1427 1366 1415
f 1415 1366 1352
f 1355 1367 1418
f 1367 1356 1418
f 1425 1429 1426
f 1430 1429 1425
f 1365 1430 1425
f 1368 1430 1365
f 1431 1427 1428
f 1431 1432 1427
f 1432 1366 1427
f 1432 1369 1366
f 1368 1370 1430
f 1430 1370 1433
f 1434 1433 1370
f 1434 1370 1371
f 1432 1436 1435
f 1372 1432 1435
f 1369 1432 1372
f 1437 1435 1436
f 1371 1438 1434
f 1371 1373 1438
f 1372 1435 1439
f 1372 1439 1374
f 1440 1439 1437
f 1437 1439 1435
f 1373 1375 1438
f 1438 1375 1441
f 1375 1442 1441
f 1377 1442 1375
f 1439 1443 1374
f 1443 1377 1374
f 1443 1442 1377
f 1440 1443 1439
f 1445 1444 1446
f 1444 1445 1379
f 1445 1378 1379
f 1445 1447 1378
f 1447 1448 1378
f 1378 1448 1380
f 1450 1449 1451
f 1449 1450 1382
f 1450 1381 1382
f 1450 1452 1381
f 1452 1446 1444
f 1383 1452 1444
f 1381 1452 1383
f 1379 1383 1444
f 1384 1380 1448
f 1384 1448 1453
f 1454 1385 1455
f 1385 1453 1455
f 1385 1384 1453
f 1454 1387 1385
f 1390 1456 1389
f 1458 1457 1456
f 1457 1389 1456
f 1457 1392 1389
f 1459 1392 1457
f 1459 1393 1392
f 1460 1393 1459
f 1460 1394 1393
f 1395 1394 1461
f 1394 1462 1461
f 1394 1460 1462
f 1463 1461 1462
f 1465 1464 1466
f 1396 1397 1449
f 1449 1397 1451
f 1397 1464 1451
f 1464 1465 1451
f 1382 1396 1449
f 1467 1454 1455
f 1398 1387 1454
f 1467 1398 1454
f 1468 1398 1467
f 1469 1456 1390
f 1398 1469 1390
f 1468 1469 1398
f 1469 1458 1456
f 1395 1461 1470
f 1471 1395 1470
f 1399 1395 1471
f 1463 1470 1461
f 1464 1472 1466
f 1473 1472 1464
f 1397 1473 1464
f 1400 1473 1397
f 1474 1399 1471
f 1401 1399 1474
f 1400 1402 1473
f 1473 1402 1475
f 1476 1475 1402
f 1476 1402 1403
f 1474 1478 1477
f 1405 1474 1477
f 1401 1474 1405
f 1479 1477 1478
f 1403 1480 1476
f 1403 1406 1480
f 1407 1405 1477
f 1477 1479 1407
f 1479 1408 1407
f 1479 1481 1408
f 1483 1482 1484
f 1485 1482 1483
f 1406 1486 1480
f 1406 1409 1486
f 1487 1488 1489
f 1487 1410 1488
f 1410 1481 1488
f 1410 1408 1481
f 1484 1482 1491
f 1491 1482 1490
f 1493 1492 1485
f 1492 1482 1485
f 1492 1490 1482
f 1494 1492 1493
f 1409 1412 1486
f 1486 1412 1495
f 1412 1413 1496
f 1497 1412 1496
f 1495 1412 1497
f 1498 1499 1497
f 1498 1497 1496
f 1498 1500 1499
f 1417 1416 1487
f 1489 1417 1487
f 1501 1417 1489
f 1416 1410 1487
f 1490 1502 1491
f 1492 1503 1490
f 1490 1503 1502
f 1494 1503 1492
f 1413 1419 1496
f 1496 1419 1498
f 1498 1419 1420
f 1498 1420 1500
f 1420 1504 1500
f 1420 1421 1504
f 1421 1505 1504
f 1422 1505 1421
f 1422 1506 1505
f 1423 1506 1422
f 1423 1507 1506
f 1424 1507 1423
f 1424 1426 1508
f 1509 1424 1508
f 1507 1424 1509
f 1508 1510 1509
f 1511 1512 1513
f 1511 1428 1512
f 1428 1501 1512
f 1428 1417 1501
f 1426 1429 1508
f 1510 1508 1429
f 1430 1510 1429
f 1514 1510 1430
f 1515 1511 1513
f 1516 1431 1517
f 1517 1431 1515
f 1431 1428 1515
f 1428 1511 1515
f 1516 1432 1431
f 1518 1519 1433
f 1519 1430 1433
f 1519 1514 1430
f 1434 1518 1433
f 1520 1516 1517
f 1521 1436 1522
f 1522 1436 1520
f 1436 1432 1520
f 1432 1516 1520
f 1521 1437 1436
f 1518 1523 1519
f 1524 1523 1518
f 1434 1524 1518
f 1438 1524 1434
f 1525 1521 1522
f 1525 1526 1521
f 1526 1437 1521
f 1526 1440 1437
f 1438 1441 1524
f 1524 1441 1527
f 1441 1528 1527
f 1442 1528 1441
f 1442 1529 1528
f 1443 1529 1442
f 1443 1440 1529
f 1529 1440 1526
f 1531 1530 1532
f 1533 1530 1531
f 1535 1534 1536
f 1532 1530 1535
f 1530 1534 1535
f 1530 1537 1534
f 1538 1537 1533
f 1533 1537 1530
f 1540 1539 1446
f 1446 1539 1445
f 1539 1536 1534
f 1447 1539 1534
f 1445 1539 1447
f 1541 1448 1447
f 1534 1541 1447
f 1537 1541 1534
f 1542 1541 1538
f 1538 1541 1537
f 1544 1543 1545
f 1547 1546 1544
f 1544 1546 1543
f 1546 1547 1451
f 1547 1450 1451
f 1547 1548 1450
f 1549 1450 1548
f 1549 1452 1450
f 1446 1452 1549
f 1446 1549 1540
f 1552 1550 1453
f 1448 1552 1453
f 1552 1541 1551
f 1552 1448 1541
f 1541 1542 1551
f 1455 1453 1550
f 1458 1553 1457
f 1555 1554 1553
f 1554 1457 1553
f 1554 1459 1457
f 1556 1460 1557
f 1460 1554 1557
f 1460 1459 1554
f 1460 1556 1462
f 1462 1556 1558
f 1558 1463 1462
f 1543 1559 1545
f 1466 1560 1559
f 1546 1466 1559
f 1543 1546 1559
f 1466 1546 1465
f 1451 1465 1546
f 1561 1550 1552
f 1467 1455 1550
f 1561 1467 1550
f 1562 1467 1561
f 1563 1467 1562
f 1563 1468 1467
f 1564 1468 1563
f 1564 1469 1468
f 1565 1553 1458
f 1469 1565 1458
f 1564 1565 1469
f 1565 1555 1553
f 1566 1556 1557
f 1471 1566 1568
f 1567 1471 1568
f 1471 1556 1566
f 1558 1471 1470
f 1471 1558 1556
f 1470 1463 1558
f 1569 1567 1568
f 1466 1472 1560
f 1560 1472 1570
f 1571 1570 1472
f 1571 1472 1473
f 1471 1567 1572
f 1471 1572 1474
f 1573 1572 1569
f 1569 1572 1567
f 1574 1575 1475
f 1575 1473 1475
f 1575 1571 1473
f 1476 1574 1475
f 1478 1474 1572
f 1572 1573 1478
f 1573 1479 1478
f 1573 1576 1479
f 1575 1574 1578
f 1578 1574 1577
f 1480 1577 1574
f 1480 1574 1476
f 1579 1479 1576
f 1481 1479 1579
f 1484 1580 1483
f 1580 1485 1483
f 1578 1577 1582
f 1582 1577 1581
f 1486 1581 1577
f 1486 1577 1480
f 1583 1584 1489
f 1583 1489 1488
f 1488 1481 1583
f 1583 1481 1579
f 1580 1484 1585
f 1585 1484 1491
f 1485 1580 1493
f 1580 1586 1493
f 1580 1585 1586
f 1586 1494 1493
f 1581 1587 1582
f 1486 1495 1581
f 1495 1587 1581
f 1495 1588 1587
f 1495 1589 1588
f 1497 1589 1495
f 1497 1590 1589
f 1499 1590 1497
f 1499 1500 1591
f 1592 1499 1591
f 1590 1499 1592
f 1591 1593 1592
f 1594 1489 1584
f 1501 1489 1594
f 1491 1502 1585
f 1585 1502 1586
f 1586 1502 1503
f 1503 1494 1586
f 1500 1504 1591
f 1591 1504 1593
f 1504 1595 1593
f 1504 1505 1595
f 1505 1596 1595
f 1506 1596 1505
f 1506 1597 1596
f 1507 1597 1506
f 1507 1598 1597
f 1509 1598 1507
f 1599 1598 1509
f 1599 1509 1510
f 1600 1513 1512
f 1512 1501 1600
f 1501 1601 1600
f 1501 1594 1601
f 1603 1602 1604
f 1605 1602 1603
f 1510 1606 1599
f 1510 1514 1606
f 1515 1513 1600
f 1600 1601 1515
f 1601 1517 1515
f 1601 1607 1517
f 1602 1608 1604
f 1605 1608 1602
f 1514 1609 1606
f 1514 1519 1609
f 1520 1517 1607
f 1520 1607 1610
f 1610 1611 1520
f 1520 1611 1522
f 1612 1613 1523
f 1613 1519 1523
f 1613 1609 1519
f 1524 1612 1523
f 1615 1614 1525
f 1522 1615 1525
f 1611 1615 1522
f 1614 1526 1525
f 1612 1616 1613
f 1524 1527 1612
f 1527 1616 1612
f 1527 1617 1616
f 1527 1618 1617
f 1528 1618 1527
f 1615 1618 1614
f 1618 1529 1614
f 1618 1528 1529
f 1529 1526 1614
f 1532 1619 1531
f 1619 1533 1531
f 1536 1620 1535
f 1535 1620 1532
f 1620 1619 1532
f 1620 1621 1619
f 1621 1538 1619
f 1619 1538 1533
f 1623 1622 1624
f 1625 1622 1623
f 1627 1626 1628
f 1629 1626 1627
f 1631 1630 1540
f 1540 1630 1539
f 1632 1620 1536
f 1539 1632 1536
f 1630 1632 1539
f 1620 1632 1634
f 1633 1620 1634
f 1621 1620 1633
f 1633 1542 1621
f 1621 1542 1538
f 1622 1635 1624
f 1625 1635 1622
f 1626 1636 1628
f 1629 1636 1626
f 1545 1637 1544
f 1544 1637 1547
f 1547 1637 1638
f 1547 1638 1548
f 1548 1638 1639
f 1548 1639 1549
f 1549 1639 1640
f 1540 1549 1640
f 1641 1540 1640
f 1631 1540 1641
f 1552 1551 1633
f 1634 1552 1633
f 1642 1552 1634
f 1551 1542 1633
f 1644 1643 1645
f 1643 1644 1647
f 1554 1555 1646
f 1646 1557 1554
f 1545 1559 1637
f 1560 1648 1559
f 1648 1637 1559
f 1648 1638 1637
f 1648 1650 1649
f 1639 1648 1649
f 1638 1648 1639
f 1651 1640 1639
f 1651 1639 1649
f 1651 1641 1640
f 1561 1552 1642
f 1561 1642 1652
f 1653 1561 1652
f 1653 1562 1561
f 1654 1562 1653
f 1654 1563 1562
f 1655 1563 1654
f 1655 1564 1563
f 1655 1645 1643
f 1565 1655 1643
f 1564 1655 1565
f 1656 1646 1555
f 1565 1656 1555
f 1656 1643 1647
f 1656 1565 1643
f 1566 1557 1646
f 1656 1566 1646
f 1657 1566 1656
f 1658 1566 1657
f 1658 1568 1566
f 1658 1659 1568
f 1568 1659 1569
f 1560 1570 1648
f 1650 1648 1570
f 1571 1650 1570
f 1660 1650 1571
f 1661 1662 1663
f 1661 1573 1662
f 1573 1659 1662
f 1573 1569 1659
f 1571 1664 1660
f 1571 1575 1664
f 1665 1661 1663
f 1665 1666 1661
f 1666 1573 1661
f 1666 1576 1573
f 1575 1667 1664
f 1575 1578 1667
f 1668 1576 1666
f 1579 1576 1668
f 1578 1669 1667
f 1578 1582 1669
f 1670 1584 1583
f 1583 1579 1670
f 1579 1671 1670
f 1579 1668 1671
f 1672 1673 1587
f 1673 1582 1587
f 1673 1669 1582
f 1672 1587 1588
f 1672 1588 1674
f 1675 1676 1674
f 1588 1675 1674
f 1589 1675 1588
f 1589 1677 1675
f 1590 1677 1589
f 1590 1678 1677
f 1592 1678 1590
f 1679 1678 1592
f 1679 1592 1593
f 1680 1681 1682
f 1683 1684 1681
f 1683 1681 1680
f 1685 1686 1684
f 1685 1684 1683
f 1685 1687 1686
f 1584 1670 1688
f 1689 1584 1688
f 1594 1584 1689
f 1671 1688 1670
f 1691 1690 1692
f 1693 1690 1691
f 1672 1694 1673
f 1674 1695 1672
f 1672 1695 1694
f 1676 1695 1674
f 1593 1595 1679
f 1679 1595 1696
f 1682 1696 1680
f 1696 1596 1680
f 1696 1595 1596
f 1680 1596 1683
f 1683 1596 1597
f 1683 1597 1685
f 1685 1597 1598
f 1687 1685 1598
f 1599 1687 1598
f 1697 1687 1599
f 1698 1594 1689
f 1601 1594 1698
f 1690 1699 1692
f 1693 1699 1690
f 1700 1603 1604
f 1700 1605 1603
f 1599 1701 1697
f 1599 1606 1701
f 1698 1703 1702
f 1607 1698 1702
f 1601 1698 1607
f 1705 1704 1703
f 1703 1704 1702
f 1706 1704 1705
f 1604 1608 1700
f 1608 1605 1700
f 1606 1707 1701
f 1606 1609 1707
f 1610 1607 1702
f 1708 1611 1610
f 1702 1708 1610
f 1704 1708 1702
f 1709 1708 1706
f 1706 1708 1704
f 1711 1710 1712
f 1613 1710 1711
f 1707 1613 1711
f 1609 1613 1707
f 1611 1708 1713
f 1714 1611 1713
f 1615 1611 1714
f 1709 1713 1708
f 1710 1715 1712
f 1616 1716 1717
f 1616 1717 1715
f 1613 1616 1715
f 1710 1613 1715
f 1718 1719 1716
f 1616 1718 1716
f 1617 1718 1616
f 1617 1720 1718
f 1618 1720 1617
f 1618 1615 1720
f 1720 1615 1714
f 1716 1721 1717
f 1719 1721 1716
f 1723 1722 1724
f 1726 1725 1723
f 1723 1725 1722
f 1727 1725 1726
f 1729 1728 1730
f 1731 1728 1729
f 1733 1732 1624
f 1624 1732 1623
f 1732 1734 1623
f 1623 1734 1625
f 1724 1722 1736
f 1736 1722 1735
f 1628 1737 1627
f 1739 1725 1738
f 1739 1735 1725
f 1735 1722 1725
f 1725 1727 1738
f 1629 1627 1737
f 1741 1740 1742
f 1740 1741 1744
f 1630 1631 1743
f 1630 1743 1632
f 1632 1743 1745
f 1745 1634 1632
f 1728 1746 1730
f 1746 1728 1731
f 1747 1749 1748
f 1750 1747 1748
f 1624 1635 1733
f 1733 1635 1751
f 1635 1625 1751
f 1751 1625 1734
f 1735 1752 1736
f 1739 1752 1735
f 1636 1737 1628
f 1636 1629 1737
f 1740 1753 1742
f 1744 1753 1740
f 1755 1743 1631
f 1641 1755 1631
f 1754 1743 1755
f 1756 1745 1743
f 1756 1743 1754
f 1756 1757 1745
f 1757 1634 1745
f 1757 1642 1634
f 1759 1758 1760
f 1749 1747 1759
f 1747 1758 1759
f 1747 1761 1758
f 1762 1644 1750
f 1644 1761 1750
f 1761 1747 1750
f 1644 1645 1761
f 1762 1763 1644
f 1644 1763 1647
f 1765 1764 1650
f 1650 1764 1649
f 1766 1649 1764
f 1766 1651 1649
f 1641 1651 1766
f 1641 1766 1755
f 1652 1642 1757
f 1652 1757 1767
f 1768 1652 1767
f 1768 1653 1652
f 1768 1760 1758
f 1654 1768 1758
f 1653 1768 1654
f 1654 1758 1761
f 1654 1761 1655
f 1645 1655 1761
f 1656 1647 1763
f 1656 1763 1769
f 1770 1657 1771
f 1657 1769 1771
f 1657 1656 1769
f 1657 1770 1658
f 1658 1770 1772
f 1772 1659 1658
f 1650 1773 1765
f 1650 1660 1773
f 1774 1770 1771
f 1663 1774 1776
f 1775 1663 1776
f 1663 1770 1774
f 1772 1663 1662
f 1663 1772 1770
f 1662 1659 1772
f 1777 1775 1776
f 1660 1778 1773
f 1660 1664 1778
f 1665 1663 1775
f 1775 1777 1665
f 1777 1666 1665
f 1777 1779 1666
f 1664 1780 1778
f 1664 1667 1780
f 1781 1666 1779
f 1668 1666 1781
f 1667 1782 1780
f 1667 1669 1782
f 1783 1668 1781
f 1671 1668 1783
f 1785 1782 1784
f 1782 1673 1784
f 1782 1669 1673
f 1784 1786 1785
f 1787 1788 1676
f 1787 1676 1675
f 1675 1789 1787
f 1677 1789 1675
f 1677 1790 1789
f 1678 1790 1677
f 1791 1790 1678
f 1791 1678 1679
f 1792 1793 1682
f 1792 1682 1681
f 1681 1794 1792
f 1684 1794 1681
f 1684 1795 1794
f 1686 1795 1684
f 1796 1795 1686
f 1796 1686 1687
f 1797 1798 1799
f 1798 1797 1689
f 1688 1798 1689
f 1800 1798 1688
f 1688 1671 1800
f 1800 1671 1783
f 1692 1801 1691
f 1801 1693 1691
f 1673 1694 1784
f 1784 1694 1786
f 1694 1802 1786
f 1694 1695 1802
f 1695 1676 1802
f 1802 1676 1788
f 1679 1696 1791
f 1791 1696 1803
f 1696 1682 1803
f 1803 1682 1793
f 1805 1796 1804
f 1796 1697 1804
f 1796 1687 1697
f 1804 1807 1806
f 1797 1804 1806
f 1804 1799 1805
f 1804 1797 1799
f 1698 1689 1797
f 1809 1698 1797
f 1806 1809 1797
f 1808 1698 1809
f 1810 1808 1809
f 1692 1699 1801
f 1699 1693 1801
f 1804 1697 1811
f 1811 1697 1701
f 1811 1812 1807
f 1811 1807 1804
f 1703 1698 1808
f 1703 1808 1810
f 1813 1703 1810
f 1705 1703 1813
f 1813 1814 1705
f 1705 1814 1706
f 1811 1701 1815
f 1701 1816 1815
f 1701 1707 1816
f 1815 1812 1811
f 1817 1706 1814
f 1709 1706 1817
f 1819 1818 1712
f 1712 1818 1711
f 1707 1711 1818
f 1707 1818 1816
f 1820 1821 1822
f 1821 1820 1714
f 1713 1821 1714
f 1823 1821 1713
f 1713 1709 1823
f 1823 1709 1817
f 1712 1715 1819
f 1819 1715 1824
f 1715 1717 1825
f 1826 1715 1825
f 1824 1715 1826
f 1826 1825 1719
f 1718 1826 1719
f 1827 1826 1718
f 1822 1827 1820
f 1827 1720 1820
f 1827 1718 1720
f 1720 1714 1820
f 1717 1721 1825
f 1721 1719 1825
f 1724 1828 1723
f 1723 1828 1726
f 1726 1828 1829
f 1829 1727 1726
f 1730 1830 1729
f 1731 1729 1830
f 1832 1831 1833
f 1834 1831 1832
f 1733 1835 1732
f 1835 1734 1732
f 1828 1724 1836
f 1836 1724 1736
f 1738 1829 1739
f 1829 1836 1739
f 1829 1828 1836
f 1738 1727 1829
f 1742 1837 1741
f 1837 1744 1741
f 1838 1840 1839
f 1730 1746 1830
f 1831 1748 1833
f 1748 1749 1833
f 1749 1839 1833
f 1839 1749 1838
f 1746 1731 1830
f 1841 1750 1748
f 1841 1748 1831
f 1842 1841 1831
f 1834 1842 1831
f 1843 1841 1842
f 1733 1751 1835
f 1751 1734 1835
f 1736 1752 1836
f 1752 1739 1836
f 1845 1844 1846
f 1844 1845 1847
f 1845 1848 1847
f 1742 1753 1837
f 1753 1744 1837
f 1754 1847 1848
f 1849 1754 1848
f 1755 1847 1754
f 1850 1756 1851
f 1756 1849 1851
f 1756 1754 1849
f 1850 1757 1756
f 1853 1852 1854
f 1759 1760 1838
f 1838 1760 1840
f 1760 1852 1840
f 1852 1853 1840
f 1749 1759 1838
f 1762 1750 1841
f 1855 1763 1762
f 1855 1762 1841
f 1856 1855 1841
f 1843 1856 1841
f 1857 1855 1856
f 1764 1765 1844
f 1765 1846 1844
f 1765 1858 1846
f 1764 1844 1847
f 1764 1847 1766
f 1755 1766 1847
f 1859 1850 1851
f 1767 1757 1850
f 1859 1767 1850
f 1860 1767 1859
f 1860 1854 1852
f 1768 1860 1852
f 1767 1860 1768
f 1760 1768 1852
f 1769 1763 1855
f 1861 1771 1769
f 1861 1769 1855
f 1862 1861 1855
f 1857 1862 1855
f 1863 1861 1862
f 1765 1864 1858
f 1765 1773 1864
f 1774 1771 1861
f 1774 1861 1863
f 1865 1774 1863
f 1776 1774 1865
f 1865 1866 1776
f 1776 1866 1777
f 1773 1867 1864
f 1773 1778 1867
f 1868 1777 1866
f 1779 1777 1868
f 1778 1869 1867
f 1778 1780 1869
f 1870 1779 1868
f 1781 1779 1870
f 1872 1869 1871
f 1869 1782 1871
f 1869 1780 1782
f 1871 1873 1872
f 1874 1781 1870
f 1783 1781 1874
f 1782 1785 1871
f 1786 1875 1785
f 1785 1875 1871
f 1875 1876 1871
f 1876 1873 1871
f 1876 1875 1788
f 1787 1876 1788
f 1877 1876 1787
f 1787 1878 1877
f 1789 1878 1787
f 1789 1879 1878
f 1790 1879 1789
f 1880 1879 1790
f 1880 1790 1791
f 1881 1793 1792
f 1882 1883 1881
f 1792 1882 1881
f 1794 1882 1792
f 1794 1884 1882
f 1795 1884 1794
f 1885 1884 1795
f 1885 1795 1796
f 1886 1799 1798
f 1887 1888 1886
f 1798 1887 1886
f 1800 1887 1798
f 1800 1783 1887
f 1887 1783 1874
f 1786 1802 1875
f 1802 1788 1875
f 1791 1803 1880
f 1880 1803 1889
f 1881 1890 1793
f 1890 1803 1793
f 1890 1889 1803
f 1883 1890 1881
f 1891 1892 1805
f 1892 1796 1805
f 1892 1885 1796
f 1886 1806 1807
f 1891 1886 1807
f 1886 1805 1799
f 1886 1891 1805
f 1806 1886 1888
f 1893 1806 1888
f 1809 1806 1893
f 1893 1894 1809
f 1809 1894 1810
f 1892 1891 1896
f 1896 1891 1895
f 1812 1895 1891
f 1812 1891 1807
f 1813 1810 1894
f 1813 1894 1897
f 1897 1898 1813
f 1813 1898 1814
f 1815 1816 1895
f 1816 1896 1895
f 1816 1899 1896
f 1812 1815 1895
f 1900 1814 1898
f 1817 1814 1900
f 1819 1901 1818
f 1816 1818 1901
f 1902 1816 1901
f 1899 1816 1902
f 1903 1904 1822
f 1903 1822 1821
f 1821 1905 1903
f 1823 1905 1821
f 1823 1817 1905
f 1905 1817 1900
f 1819 1824 1901
f 1901 1824 1902
f 1824 1906 1902
f 1824 1826 1906
f 1826 1907 1906
f 1827 1907 1826
f 1827 1822 1907
f 1907 1822 1904
f 1909 1908 1833
f 1833 1908 1832
f 1834 1832 1910
f 1832 1911 1910
f 1832 1908 1911
f 1912 1910 1911
f 1914 1913 1840
f 1840 1913 1839
f 1833 1839 1913
f 1833 1913 1909
f 1842 1834 1910
f 1915 1843 1842
f 1915 1842 1910
f 1916 1915 1910
f 1912 1916 1910
f 1917 1915 1916
f 1919 1918 1846
f 1846 1918 1845
f 1920 1845 1918
f 1920 1848 1845
f 1921 1848 1920
f 1921 1849 1848
f 1921 1922 1849
f 1849 1922 1851
f 1924 1923 1854
f 1854 1923 1853
f 1840 1853 1923
f 1840 1923 1914
f 1856 1843 1915
f 1925 1857 1856
f 1925 1856 1915
f 1926 1925 1915
f 1917 1926 1915
f 1928 1927 1926
f 1926 1927 1925
f 1929 1927 1928
f 1846 1930 1919
f 1846 1858 1930
f 1859 1851 1922
f 1859 1922 1931
f 1932 1859 1931
f 1932 1860 1859
f 1854 1860 1932
f 1854 1932 1924
f 1862 1857 1925
f 1933 1863 1862
f 1925 1933 1862
f 1927 1933 1925
f 1934 1933 1929
f 1929 1933 1927
f 1858 1935 1930
f 1858 1864 1935
f 1938 1936 1865
f 1863 1938 1865
f 1938 1933 1937
f 1938 1863 1933
f 1933 1934 1937
f 1866 1865 1936
f 1864 1939 1935
f 1864 1867 1939
f 1940 1936 1938
f 1940 1941 1936
f 1941 1866 1936
f 1941 1868 1866
f 1943 1939 1942
f 1939 1869 1942
f 1939 1867 1869
f 1942 1944 1943
f 1945 1868 1941
f 1870 1868 1945
f 1869 1872 1942
f 1944 1942 1872
f 1873 1944 1872
f 1946 1944 1873
f 1947 1870 1945
f 1874 1870 1947
f 1948 1949 1876
f 1949 1873 1876
f 1949 1946 1873
f 1948 1876 1877
f 1948 1877 1950
f 1950 1877 1878
f 1950 1878 1951
f 1951 1878 1879
f 1951 1879 1952
f 1880 1952 1879
f 1953 1883 1882
f 1953 1882 1884
f 1953 1884 1954
f 1885 1954 1884
f 1955 1888 1887
f 1887 1874 1955
f 1874 1956 1955
f 1874 1947 1956
f 1948 1957 1949
f 1950 1958 1948
f 1948 1958 1957
f 1951 1959 1950
f 1950 1959 1958
f 1952 1960 1951
f 1951 1960 1959
f 1880 1889 1952
f 1889 1960 1952
f 1889 1961 1960
f 1889 1962 1961
f 1890 1962 1889
f 1962 1890 1883
f 1963 1962 1883
f 1953 1963 1883
f 1964 1962 1963
f 1954 1963 1953
f 1965 1963 1954
f 1892 1965 1954
f 1892 1954 1885
f 1893 1888 1955
f 1955 1956 1893
f 1956 1894 1893
f 1956 1966 1894
f 1963 1967 1964
f 1967 1963 1969
f 1963 1968 1969
f 1963 1965 1968
f 1896 1968 1965
f 1896 1965 1892
f 1971 1970 1897
f 1894 1971 1897
f 1966 1971 1894
f 1970 1898 1897
f 1968 1972 1969
f 1973 1972 1968
f 1896 1973 1968
f 1899 1973 1896
f 1970 1971 1975
f 1970 1975 1974
f 1974 1900 1970
f 1970 1900 1898
f 1899 1976 1973
f 1899 1902 1976
f 1977 1978 1904
f 1977 1904 1903
f 1975 1977 1974
f 1977 1905 1974
f 1977 1903 1905
f 1905 1900 1974
f 1902 1906 1976
f 1976 1906 1979
f 1906 1980 1979
f 1907 1980 1906
f 1907 1904 1980
f 1980 1904 1978
f 1909 1981 1908
f 1983 1982 1981
f 1982 1908 1981
f 1982 1911 1908
f 1982 1984 1911
f 1911 1984 1912
f 1986 1985 1914
f 1914 1985 1913
f 1987 1981 1909
f 1913 1987 1909
f 1985 1987 1913
f 1987 1983 1981
f 1916 1912 1984
f 1916 1984 1988
f 1917 1916 1989
f 1916 1990 1989
f 1916 1988 1990
f 1992 1991 1990
f 1990 1991 1989
f 1993 1991 1992
f 1919 1994 1918
f 1996 1995 1994
f 1995 1918 1994
f 1995 1920 1918
f 1997 1920 1995
f 1997 1921 1920
f 1922 1921 1998
f 1921 1999 1998
f 1921 1997 1999
f 2001 2000 1999
f 1999 2000 1998
f 2000 2001 1924
f 2001 1923 1924
f 2001 2002 1923
f 1914 1923 2002
f 1914 2002 1986
f 1926 1917 1989
f 1926 1989 1991
f 1926 1991 1928
f 1991 1993 1928
f 1993 1929 1928
f 1993 2003 1929
f 1994 1919 2004
f 1919 2005 2004
f 1919 1930 2005
f 2004 1996 1994
f 1931 1922 1998
f 1931 1998 2000
f 1931 2000 1932
f 1924 1932 2000
f 2006 2007 2008
f 2006 1934 2007
f 1934 2003 2007
f 1934 1929 2003
f 1930 2009 2005
f 1930 1935 2009
f 1938 1937 2006
f 2008 1938 2006
f 2010 1938 2008
f 1937 1934 2006
f 1935 2011 2009
f 1935 1939 2011
f 2013 2012 1940
f 1938 2013 1940
f 2010 2013 1938
f 2012 1941 1940
f 1939 1943 2011
f 2011 1943 2014
f 1943 1944 2015
f 2016 1943 2015
f 2014 1943 2016
f 2015 2017 2016
f 2018 2012 2013
f 2018 2019 2012
f 2019 1941 2012
f 2019 1945 1941
f 2015 1944 2020
f 1944 2021 2020
f 1944 1946 2021
f 2020 2017 2015
f 2019 2023 2022
f 1947 2019 2022
f 1945 2019 1947
f 2025 2024 2023
f 2023 2024 2022
f 2026 2024 2025
f 1946 2027 2021
f 1946 1949 2027
f 2028 2029 2030
f 2031 2032 2029
f 2031 2029 2028
f 2031 2033 2032
f 1947 2022 2034
f 2035 1947 2034
f 1956 1947 2035
f 2024 2036 2022
f 2022 2036 2034
f 2026 2036 2024
f 1949 1957 2027
f 2027 1957 2037
f 1957 2038 2037
f 1958 2038 1957
f 1958 2039 2038
f 1959 2039 1958
f 1959 2040 2039
f 1960 2040 1959
f 1960 2041 2040
f 1961 2041 1960
f 1961 2042 2041
f 1962 2042 1961
f 2043 2042 1962
f 2043 1962 1964
f 2028 2030 2045
f 2028 2045 2044
f 2044 2031 2028
f 2044 2046 2031
f 2046 2047 2033
f 2046 2033 2031
f 2048 2049 2050
f 2048 1966 2049
f 1966 2035 2049
f 1966 1956 2035
f 1964 1967 2043
f 2043 1967 2051
f 2044 1969 2053
f 2052 2044 2053
f 2044 1967 1969
f 2051 2044 2045
f 2044 2051 1967
f 2054 2046 2044
f 2054 2044 2052
f 2054 2047 2046
f 2055 2048 2050
f 2055 2056 2048
f 2056 1966 2048
f 2056 1971 1966
f 1969 1972 2053
f 2053 1972 2057
f 2058 2057 1972
f 2058 1972 1973
f 2059 1971 2056
f 1975 1971 2059
f 2061 2058 2060
f 2058 1976 2060
f 2058 1973 1976
f 2060 2062 2061
f 2063 1978 1977
f 1977 1975 2063
f 1975 2064 2063
f 1975 2059 2064
f 1976 1979 2060
f 2060 1979 2062
f 1979 2065 2062
f 1979 1980 2065
f 2063 2066 1978
f 2066 1980 1978
f 2066 2065 1980
f 2064 2066 2063
f 2068 2067 2069
f 2067 2068 1983
f 2068 1982 1983
f 2068 2070 1982
f 2070 2071 1982
f 1982 2071 1984
f 2073 2072 1986
f 1986 2072 1985
f 2072 2069 2067
f 1987 2072 2067
f 1985 2072 1987
f 1983 1987 2067
f 1988 1984 2071
f 1988 2071 2074
f 2075 1988 2074
f 2075 1990 1988
f 2076 1990 2075
f 2076 1992 1990
f 2076 2077 1992
f 1992 2077 1993
f 2079 2078 1996
f 1996 2078 1995
f 2080 1995 2078
f 2080 1997 1995
f 2081 1997 2080
f 2081 1999 1997
f 2082 1999 2081
f 2082 2001 1999
f 2083 2002 2084
f 2002 2082 2084
f 2002 2001 2082
f 1986 2002 2083
f 2085 1986 2083
f 2073 1986 2085
f 2086 1993 2077
f 2003 1993 2086
f 2005 2087 2004
f 1996 2004 2087
f 2088 1996 2087
f 2079 1996 2088
f 2089 2083 2084
f 2089 2085 2083
f 2090 2008 2007
f 2007 2003 2090
f 2003 2091 2090
f 2003 2086 2091
f 2087 2005 2092
f 2005 2093 2092
f 2005 2009 2093
f 2092 2088 2087
f 2008 2090 2094
f 2095 2008 2094
f 2010 2008 2095
f 2091 2094 2090
f 2009 2096 2093
f 2009 2011 2096
f 2097 2010 2095
f 2013 2010 2097
f 2098 2099 2014
f 2099 2011 2014
f 2099 2096 2011
f 2098 2014 2016
f 2098 2016 2100
f 2017 2100 2016
f 2018 2013 2097
f 2018 2097 2101
f 2101 2102 2018
f 2018 2102 2019
f 2098 2103 2099
f 2021 2104 2103
f 2100 2021 2103
f 2098 2100 2103
f 2021 2100 2020
f 2017 2020 2100
f 2023 2019 2102
f 2023 2102 2105
f 2106 2025 2107
f 2025 2105 2107
f 2025 2023 2105
f 2106 2026 2025
f 2021 2108 2104
f 2021 2027 2108
f 2109 2110 2030
f 2109 2030 2029
f 2032 2111 2112
f 2109 2032 2112
f 2029 2032 2109
f 2033 2111 2032
f 2113 2114 2035
f 2113 2035 2034
f 2107 2113 2106
f 2113 2036 2106
f 2113 2034 2036
f 2036 2026 2106
f 2027 2037 2108
f 2108 2037 2115
f 2037 2116 2115
f 2038 2116 2037
f 2038 2117 2116
f 2039 2117 2038
f 2039 2118 2117
f 2040 2118 2039
f 2040 2119 2118
f 2041 2119 2040
f 2042 2120 2121
f 2119 2042 2121
f 2041 2042 2119
f 2043 2120 2042
f 2122 2030 2110
f 2045 2030 2122
f 2111 2123 2112
f 2124 2123 2111
f 2033 2124 2111
f 2047 2124 2033
f 2125 2126 2050
f 2125 2050 2049
f 2049 2035 2125
f 2125 2035 2114
f 2120 2127 2121
f 2043 2051 2120
f 2051 2127 2120
f 2051 2128 2127
f 2122 2128 2045
f 2128 2051 2045
f 2129 2052 2053
f 2131 2130 2129
f 2130 2052 2129
f 2130 2054 2052
f 2047 2054 2130
f 2047 2130 2124
f 2055 2050 2126
f 2055 2126 2132
f 2132 2133 2055
f 2055 2133 2056
f 2053 2057 2129
f 2131 2129 2057
f 2058 2131 2057
f 2134 2131 2058
f 2133 2136 2135
f 2059 2133 2135
f 2056 2133 2059
f 2137 2135 2136
f 2058 2061 2134
f 2134 2061 2138
f 2139 2138 2061
f 2139 2061 2062
f 2059 2135 2140
f 2141 2059 2140
f 2064 2059 2141
f 2137 2140 2135
f 2062 2065 2139
f 2139 2065 2142
f 2065 2143 2142
f 2066 2143 2065
f 2066 2064 2143
f 2143 2064 2141
f 2069 2144 2068
f 2068 2144 2070
f 2070 2144 2145
f 2145 2071 2070
f 2147 2146 2148
f 2149 2146 2147
f 2151 2150 2152
f 2153 2150 2151
f 2073 2154 2072
f 2156 2155 2154
f 2154 2155 2072
f 2155 2144 2072
f 2144 2069 2072
f 2157 2145 2144
f 2157 2144 2155
f 2074 2071 2145
f 2157 2074 2145
f 2158 2074 2157
f 2159 2074 2158
f 2159 2075 2074
f 2160 2076 2161
f 2076 2159 2161
f 2076 2075 2159
f 2160 2077 2076
f 2146 2162 2148
f 2149 2162 2146
f 2079 2163 2078
f 2164 2152 2163
f 2152 2080 2163
f 2080 2078 2163
f 2152 2150 2080
f 2080 2150 2153
f 2165 2080 2153
f 2081 2080 2165
f 2166 2081 2165
f 2166 2082 2081
f 2084 2082 2167
f 2082 2168 2167
f 2082 2166 2168
f 2168 2169 2167
f 2169 2073 2167
f 2073 2085 2167
f 2073 2169 2154
f 2169 2156 2154
f 2170 2160 2161
f 2170 2171 2160
f 2171 2077 2160
f 2171 2086 2077
f 2163 2079 2172
f 2079 2173 2172
f 2079 2088 2173
f 2172 2164 2163
f 2089 2084 2167
f 2085 2089 2167
f 2174 2175 2176
f 2174 2091 2175
f 2091 2171 2175
f 2091 2086 2171
f 2178 2177 2093
f 2093 2177 2092
f 2088 2092 2177
f 2088 2177 2173
f 2179 2180 2181
f 2095 2094 2174
f 2095 2174 2176
f 2179 2095 2176
f 2180 2179 2176
f 2094 2091 2174
f 2183 2182 2184
f 2096 2182 2183
f 2178 2096 2183
f 2093 2096 2178
f 2179 2181 2186
f 2179 2186 2185
f 2185 2097 2179
f 2179 2097 2095
f 2182 2187 2184
f 2188 2187 2182
f 2096 2188 2182
f 2099 2188 2096
f 2189 2185 2186
f 2101 2097 2185
f 2189 2101 2185
f 2190 2101 2189
f 2190 2191 2101
f 2101 2191 2102
f 2192 2193 2103
f 2193 2099 2103
f 2193 2188 2099
f 2104 2192 2103
f 2195 2194 2105
f 2102 2195 2105
f 2191 2195 2102
f 2194 2107 2105
f 2192 2196 2193
f 2197 2196 2192
f 2104 2197 2192
f 2108 2197 2104
f 2198 2199 2110
f 2198 2110 2109
f 2200 2198 2109
f 2200 2109 2112
f 2195 2202 2201
f 2114 2195 2201
f 2195 2113 2194
f 2195 2114 2113
f 2113 2107 2194
f 2203 2201 2202
f 2108 2115 2197
f 2197 2115 2204
f 2115 2205 2204
f 2116 2205 2115
f 2116 2206 2205
f 2117 2206 2116
f 2117 2207 2206
f 2118 2207 2117
f 2118 2208 2207
f 2119 2208 2118
f 2119 2121 2209
f 2210 2119 2209
f 2208 2119 2210
f 2211 2212 2210
f 2211 2210 2209
f 2213 2215 2214
f 2211 2199 2212
f 2211 2122 2199
f 2122 2110 2199
f 2216 2213 2214
f 2112 2216 2214
f 2200 2112 2214
f 2123 2216 2112
f 2124 2216 2123
f 2217 2218 2126
f 2217 2126 2125
f 2201 2219 2114
f 2219 2125 2114
f 2219 2217 2125
f 2203 2219 2201
f 2121 2127 2209
f 2209 2127 2211
f 2211 2127 2128
f 2220 2221 2213
f 2221 2215 2213
f 2128 2122 2211
f 2216 2130 2131
f 2220 2216 2131
f 2213 2216 2220
f 2124 2130 2216
f 2132 2126 2218
f 2132 2218 2222
f 2222 2223 2132
f 2132 2223 2133
f 2220 2224 2221
f 2225 2224 2220
f 2131 2225 2220
f 2134 2225 2131
f 2226 2227 2228
f 2226 2229 2227
f 2229 2133 2227
f 2133 2223 2227
f 2229 2136 2133
f 2229 2137 2136
f 2134 2138 2225
f 2225 2138 2230
f 2138 2139 2231
f 2232 2138 2231
f 2230 2138 2232
f 2226 2228 2232
f 2231 2226 2232
f 2233 2226 2231
f 2140 2229 2141
f 2229 2233 2141
f 2229 2226 2233
f 2140 2137 2229
f 2139 2142 2231
f 2231 2142 2233
f 2233 2142 2143
f 2143 2141 2233
f 2235 2234 2236
f 2237 2234 2235
f 2239 2238 2240
f 2242 2238 2239
f 2234 2241 2236
f 2237 2241 2234
f 2148 2243 2147
f 2243 2149 2147
f 2245 2244 2152
f 2152 2244 2151
f 2238 2246 2240
f 2246 2151 2240
f 2151 2244 2240
f 2151 2246 2153
f 2247 2246 2242
f 2242 2246 2238
f 2156 2248 2155
f 2250 2249 2248
f 2249 2155 2248
f 2249 2157 2155
f 2251 2157 2249
f 2251 2158 2157
f 2252 2158 2251
f 2252 2159 2158
f 2252 2253 2159
f 2159 2253 2161
f 2254 2256 2255
f 2148 2162 2243
f 2162 2149 2243
f 2257 2254 2255
f 2152 2258 2245
f 2152 2164 2258
f 2165 2153 2246
f 2165 2246 2247
f 2259 2165 2247
f 2166 2165 2259
f 2260 2166 2259
f 2260 2168 2166
f 2261 2168 2260
f 2261 2169 2168
f 2262 2248 2156
f 2169 2262 2156
f 2261 2262 2169
f 2262 2250 2248
f 2170 2161 2253
f 2170 2253 2263
f 2263 2264 2170
f 2170 2264 2171
f 2254 2265 2256
f 2257 2265 2254
f 2267 2266 2173
f 2173 2266 2172
f 2164 2172 2266
f 2164 2266 2258
f 2268 2176 2175
f 2175 2171 2268
f 2171 2269 2268
f 2171 2264 2269
f 2271 2270 2178
f 2178 2270 2177
f 2173 2177 2270
f 2173 2270 2267
f 2272 2181 2180
f 2273 2274 2272
f 2273 2272 2180
f 2268 2273 2180
f 2176 2268 2180
f 2269 2273 2268
f 2184 2275 2183
f 2178 2183 2275
f 2276 2178 2275
f 2271 2178 2276
f 2181 2272 2277
f 2278 2181 2277
f 2186 2181 2278
f 2274 2277 2272
f 2184 2187 2275
f 2276 2275 2187
f 2188 2276 2187
f 2279 2276 2188
f 2189 2186 2278
f 2189 2278 2280
f 2281 2189 2280
f 2281 2190 2189
f 2281 2282 2190
f 2190 2282 2191
f 2188 2283 2279
f 2188 2193 2283
f 2284 2191 2282
f 2195 2191 2284
f 2193 2196 2283
f 2283 2196 2285
f 2286 2285 2196
f 2286 2196 2197
f 2287 2199 2198
f 2200 2287 2198
f 2289 2288 2202
f 2195 2289 2202
f 2284 2289 2195
f 2288 2203 2202
f 2197 2204 2286
f 2286 2204 2290
f 2204 2291 2290
f 2205 2291 2204
f 2205 2292 2291
f 2206 2292 2205
f 2206 2293 2292
f 2207 2293 2206
f 2207 2294 2293
f 2208 2294 2207
f 2208 2295 2294
f 2210 2295 2208
f 2210 2296 2295
f 2212 2296 2210
f 2297 2214 2215
f 2287 2212 2199
f 2287 2298 2212
f 2298 2296 2212
f 2200 2214 2297
f 2299 2200 2297
f 2200 2298 2287
f 2200 2299 2298
f 2300 2301 2218
f 2300 2218 2217
f 2289 2300 2288
f 2300 2219 2288
f 2300 2217 2219
f 2219 2203 2288
f 2297 2215 2302
f 2302 2215 2221
f 2302 2303 2299
f 2302 2299 2297
f 2305 2304 2222
f 2218 2305 2222
f 2301 2305 2218
f 2304 2223 2222
f 2221 2224 2302
f 2225 2306 2224
f 2224 2306 2302
f 2306 2307 2302
f 2307 2303 2302
f 2308 2309 2307
f 2308 2307 2306
f 2228 2227 2304
f 2228 2304 2305
f 2308 2228 2305
f 2309 2308 2305
f 2227 2223 2304
f 2225 2230 2306
f 2306 2230 2308
f 2308 2230 2232
f 2232 2228 2308
f 2311 2310 2236
f 2236 2310 2235
f 2310 2312 2235
f 2235 2312 2237
f 2314 2313 2240
f 2240 2313 2239
f 2236 2315 2311
f 2241 2315 2236
f 2239 2313 2316
f 2242 2239 2316
f 2241 2237 2315
f 2315 2237 2312
f 2318 2317 2319
f 2320 2317 2318
f 2322 2321 2245
f 2245 2321 2244
f 2240 2244 2321
f 2240 2321 2314
f 2323 2242 2316
f 2247 2242 2323
f 2250 2324 2249
f 2326 2325 2324
f 2325 2249 2324
f 2325 2251 2249
f 2325 2319 2317
f 2252 2325 2317
f 2251 2325 2252
f 2317 2320 2252
f 2320 2253 2252
f 2320 2327 2253
f 2256 2328 2255
f 2328 2257 2255
f 2245 2329 2322
f 2245 2258 2329
f 2259 2247 2323
f 2259 2323 2330
f 2331 2260 2332
f 2260 2330 2332
f 2260 2259 2330
f 2260 2331 2261
f 2261 2331 2333
f 2261 2333 2262
f 2262 2333 2334
f 2336 2335 2334
f 2334 2335 2262
f 2335 2324 2262
f 2324 2250 2262
f 2335 2326 2324
f 2338 2337 2263
f 2253 2338 2263
f 2327 2338 2253
f 2337 2264 2263
f 2256 2265 2328
f 2265 2257 2328
f 2340 2339 2267
f 2267 2339 2266
f 2258 2266 2339
f 2258 2339 2329
f 2341 2331 2332
f 2342 2333 2331
f 2342 2331 2341
f 2343 2334 2333
f 2343 2333 2342
f 2343 2336 2334
f 2344 2337 2338
f 2344 2345 2337
f 2345 2264 2337
f 2345 2269 2264
f 2271 2346 2270
f 2267 2270 2346
f 2347 2267 2346
f 2340 2267 2347
f 2348 2349 2274
f 2348 2274 2273
f 2273 2269 2348
f 2348 2269 2345
f 2346 2271 2350
f 2350 2271 2276
f 2350 2351 2347
f 2350 2347 2346
f 2352 2278 2277
f 2277 2274 2352
f 2274 2353 2352
f 2274 2349 2353
f 2350 2276 2354
f 2354 2276 2279
f 2354 2355 2351
f 2354 2351 2350
f 2280 2278 2352
f 2281 2280 2352
f 2357 2281 2352
f 2353 2357 2352
f 2281 2357 2356
f 2356 2282 2281
f 2354 2279 2358
f 2358 2279 2283
f 2358 2359 2355
f 2358 2355 2354
f 2360 2356 2357
f 2360 2361 2356
f 2361 2282 2356
f 2361 2284 2282
f 2362 2364 2363
f 2283 2285 2358
f 2359 2358 2285
f 2286 2359 2285
f 2359 2362 2363
f 2359 2286 2362
f 2365 2366 2367
f 2368 2369 2366
f 2368 2366 2365
f 2370 2371 2369
f 2370 2369 2368
f 2370 2372 2371
f 2373 2374 2375
f 2376 2377 2374
f 2376 2374 2373
f 2376 2378 2377
f 2379 2284 2361
f 2289 2284 2379
f 2362 2380 2364
f 2286 2290 2362
f 2290 2380 2362
f 2290 2381 2380
f 2367 2381 2365
f 2381 2291 2365
f 2381 2290 2291
f 2365 2291 2368
f 2368 2291 2292
f 2368 2292 2370
f 2370 2292 2293
f 2370 2293 2372
f 2293 2382 2372
f 2293 2294 2382
f 2375 2382 2373
f 2382 2295 2373
f 2382 2294 2295
f 2373 2295 2376
f 2376 2295 2296
f 2376 2296 2378
f 2296 2383 2378
f 2296 2298 2383
f 2384 2383 2298
f 2384 2298 2299
f 2385 2301 2300
f 2300 2289 2385
f 2289 2386 2385
f 2289 2379 2386
f 2388 2384 2387
f 2384 2303 2387
f 2384 2299 2303
f 2387 2389 2388
f 2301 2385 2390
f 2301 2390 2305
f 2391 2390 2386
f 2386 2390 2385
f 2303 2307 2387
f 2387 2307 2389
f 2307 2392 2389
f 2307 2309 2392
f 2390 2393 2305
f 2393 2309 2305
f 2393 2392 2309
f 2391 2393 2390
f 2311 2394 2310
f 2394 2312 2310
f 2396 2395 2314
f 2314 2395 2313
f 2395 2397 2313
f 2397 2316 2313
f 2394 2311 2315
f 2315 2312 2394
f 2319 2398 2318
f 2398 2320 2318
f 2322 2399 2321
f 2396 2314 2401
f 2314 2399 2401
f 2399 2400 2401
f 2399 2314 2321
f 2400 2323 2401
f 2323 2397 2401
f 2323 2316 2397
f 2326 2402 2325
f 2325 2402 2319
f 2402 2398 2319
f 2402 2403 2398
f 2403 2327 2398
f 2398 2327 2320
f 2399 2322 2404
f 2404 2322 2329
f 2404 2400 2399
f 2404 2405 2400
f 2400 2405 2323
f 2405 2406 2323
f 2406 2330 2323
f 2406 2405 2407
f 2406 2408 2330
f 2330 2408 2332
f 2336 2409 2335
f 2411 2410 2409
f 2409 2410 2335
f 2410 2402 2335
f 2402 2326 2335
f 2402 2410 2413
f 2412 2402 2413
f 2403 2402 2412
f 2412 2338 2403
f 2403 2338 2327
f 2415 2414 2340
f 2340 2414 2339
f 2416 2404 2329
f 2339 2416 2329
f 2414 2416 2339
f 2417 2405 2404
f 2417 2404 2416
f 2417 2407 2405
f 2341 2332 2408
f 2341 2408 2418
f 2419 2341 2418
f 2419 2342 2341
f 2420 2342 2419
f 2420 2343 2342
f 2421 2409 2336
f 2343 2421 2336
f 2420 2421 2343
f 2421 2411 2409
f 2422 2412 2413
f 2344 2338 2412
f 2422 2344 2412
f 2423 2344 2422
f 2423 2424 2344
f 2344 2424 2345
f 2340 2425 2415
f 2340 2347 2425
f 2426 2427 2349
f 2426 2349 2348
f 2348 2345 2426
f 2426 2345 2424
f 2429 2428 2430
f 2351 2428 2429
f 2425 2351 2429
f 2347 2351 2425
f 2431 2349 2427
f 2353 2349 2431
f 2428 2432 2430
f 2433 2432 2428
f 2351 2433 2428
f 2355 2433 2351
f 2434 2353 2431
f 2357 2353 2434
f 2355 2435 2433
f 2355 2359 2435
f 2437 2436 2360
f 2357 2437 2360
f 2434 2437 2357
f 2436 2361 2360
f 2364 2438 2363
f 2359 2363 2438
f 2439 2359 2438
f 2435 2359 2439
f 2440 2441 2367
f 2440 2367 2366
f 2366 2442 2440
f 2369 2442 2366
f 2369 2443 2442
f 2371 2443 2369
f 2444 2443 2371
f 2444 2371 2372
f 2445 2446 2375
f 2445 2375 2374
f 2374 2447 2445
f 2377 2447 2374
f 2377 2378 2448
f 2449 2377 2448
f 2447 2377 2449
f 2448 2450 2449
f 2451 2436 2437
f 2451 2452 2436
f 2452 2361 2436
f 2452 2379 2361
f 2364 2380 2438
f 2438 2380 2439
f 2380 2453 2439
f 2380 2381 2453
f 2381 2367 2453
f 2453 2367 2441
f 2372 2382 2444
f 2444 2382 2454
f 2382 2375 2454
f 2454 2375 2446
f 2378 2383 2448
f 2384 2455 2383
f 2383 2455 2448
f 2455 2456 2448
f 2456 2450 2448
f 2455 2457 2456
f 2458 2379 2452
f 2386 2379 2458
f 2384 2388 2455
f 2457 2455 2388
f 2389 2457 2388
f 2459 2457 2389
f 2460 2386 2458
f 2391 2386 2460
f 2461 2462 2392
f 2462 2389 2392
f 2462 2459 2389
f 2461 2392 2393
f 2461 2393 2463
f 2393 2391 2463
f 2391 2464 2463
f 2391 2460 2464
f 2461 2465 2462
f 2463 2466 2461
f 2461 2466 2465
f 2464 2466 2463
f 2396 2467 2395
f 2467 2397 2395
f 2396 2401 2467
f 2401 2397 2467
f 2469 2468 2407
f 2407 2468 2406
f 2468 2470 2406
f 2406 2470 2408
f 2472 2471 2473
f 2471 2472 2411
f 2472 2410 2411
f 2472 2474 2410
f 2474 2475 2410
f 2410 2475 2413
f 2477 2476 2415
f 2415 2476 2414
f 2478 2414 2476
f 2478 2416 2414
f 2479 2416 2478
f 2479 2417 2416
f 2407 2417 2479
f 2407 2479 2469
f 2418 2408 2470
f 2418 2470 2480
f 2481 2418 2480
f 2481 2419 2418
f 2482 2419 2481
f 2482 2420 2419
f 2482 2473 2471
f 2421 2482 2471
f 2420 2482 2421
f 2411 2421 2471
f 2422 2413 2475
f 2422 2475 2483
f 2484 2423 2485
f 2423 2483 2485
f 2423 2422 2483
f 2484 2424 2423
f 2415 2486 2477
f 2415 2425 2486
f 2485 2488 2487
f 2427 2485 2487
f 2485 2426 2484
f 2485 2427 2426
f 2426 2424 2484
f 2489 2487 2488
f 2491 2490 2430
f 2430 2490 2429
f 2425 2429 2490
f 2425 2490 2486
f 2427 2487 2492
f 2493 2427 2492
f 2431 2427 2493
f 2489 2492 2487
f 2494 2495 2432
f 2495 2430 2432
f 2495 2491 2430
f 2433 2494 2432
f 2496 2431 2493
f 2434 2431 2496
f 2495 2494 2498
f 2498 2494 2497
f 2435 2497 2494
f 2435 2494 2433
f 2499 2434 2496
f 2437 2434 2499
f 2498 2497 2501
f 2501 2497 2500
f 2439 2500 2497
f 2439 2497 2435
f 2502 2441 2440
f 2503 2504 2502
f 2440 2503 2502
f 2442 2503 2440
f 2443 2505 2506
f 2503 2443 2506
f 2442 2443 2503
f 2444 2505 2443
f 2507 2446 2445
f 2508 2509 2507
f 2445 2508 2507
f 2447 2508 2445
f 2449 2510 2511
f 2508 2449 2511
f 2447 2449 2508
f 2450 2510 2449
f 2451 2437 2499
f 2451 2499 2512
f 2512 2513 2451
f 2451 2513 2452
f 2500 2514 2501
f 2439 2453 2500
f 2453 2514 2500
f 2453 2515 2514
f 2502 2516 2441
f 2516 2453 2441
f 2516 2515 2453
f 2504 2516 2502
f 2505 2517 2506
f 2444 2454 2505
f 2454 2517 2505
f 2454 2518 2517
f 2507 2519 2446
f 2519 2454 2446
f 2519 2518 2454
f 2509 2519 2507
f 2510 2520 2511
f 2456 2521 2522
f 2456 2522 2520
f 2450 2456 2520
f 2510 2450 2520
f 2457 2521 2456
f 2523 2452 2513
f 2458 2452 2523
f 2522 2521 2525
f 2525 2521 2524
f 2459 2524 2521
f 2459 2521 2457
f 2523 2527 2526
f 2460 2523 2526
f 2458 2523 2460
f 2528 2526 2527
f 2525 2524 2530
f 2530 2524 2529
f 2462 2529 2524
f 2462 2524 2459
f 2460 2526 2531
f 2532 2460 2531
f 2464 2460 2532
f 2528 2531 2526
f 2529 2533 2530
f 2465 2534 2535
f 2465 2535 2533
f 2462 2465 2533
f 2529 2462 2533
f 2534 2465 2466
f 2534 2466 2536
f 2466 2464 2536
f 2464 2537 2536
f 2464 2532 2537
f 2534 2538 2535
f 2536 2539 2534
f 2534 2539 2538
f 2537 2539 2536
f 2541 2540 2542
f 2543 2540 2541
f 2545 2544 2546
f 2547 2544 2545
f 2469 2548 2468
f 2542 2540 2550
f 2540 2549 2550
f 2468 2548 2470
f 2552 2551 2543
f 2551 2540 2543
f 2551 2549 2540
f 2554 2553 2552
f 2552 2553 2551
f 2553 2554 2473
f 2554 2472 2473
f 2554 2555 2472
f 2556 2472 2555
f 2556 2474 2472
f 2556 2557 2474
f 2474 2557 2475
f 2559 2558 2560
f 2561 2558 2559
f 2563 2562 2477
f 2477 2562 2476
f 2562 2546 2544
f 2478 2562 2544
f 2476 2562 2478
f 2478 2544 2547
f 2564 2478 2547
f 2479 2478 2564
f 2565 2548 2469
f 2479 2565 2469
f 2564 2565 2479
f 2565 2550 2549
f 2480 2565 2549
f 2565 2470 2548
f 2565 2480 2470
f 2480 2549 2551
f 2480 2551 2481
f 2481 2551 2553
f 2481 2553 2482
f 2473 2482 2553
f 2483 2475 2557
f 2483 2557 2566
f 2485 2483 2568
f 2483 2566 2568
f 2558 2567 2560
f 2561 2567 2558
f 2570 2569 2571
f 2486 2569 2570
f 2563 2486 2570
f 2477 2486 2563
f 2573 2572 2488
f 2485 2573 2488
f 2568 2573 2485
f 2572 2489 2488
f 2490 2491 2569
f 2491 2571 2569
f 2491 2574 2571
f 2486 2490 2569
f 2573 2576 2575
f 2493 2573 2575
f 2573 2492 2572
f 2573 2493 2492
f 2492 2489 2572
f 2577 2575 2576
f 2491 2578 2574
f 2491 2495 2578
f 2493 2575 2579
f 2580 2493 2579
f 2496 2493 2580
f 2577 2579 2575
f 2495 2581 2578
f 2495 2498 2581
f 2580 2583 2582
f 2499 2580 2582
f 2496 2580 2499
f 2584 2582 2583
f 2586 2585 2587
f 2501 2585 2586
f 2581 2501 2586
f 2498 2501 2581
f 2588 2504 2503
f 2506 2588 2503
f 2589 2509 2508
f 2511 2589 2508
f 2512 2499 2582
f 2582 2584 2512
f 2584 2513 2512
f 2584 2590 2513
f 2585 2591 2587
f 2501 2514 2585
f 2514 2591 2585
f 2514 2592 2591
f 2515 2593 2594
f 2592 2515 2594
f 2514 2515 2592
f 2595 2596 2593
f 2515 2595 2593
f 2516 2595 2515
f 2588 2597 2504
f 2597 2516 2504
f 2597 2595 2516
f 2506 2517 2588
f 2517 2597 2588
f 2517 2598 2597
f 2518 2599 2600
f 2598 2518 2600
f 2517 2518 2598
f 2599 2518 2519
f 2599 2519 2601
f 2601 2519 2509
f 2589 2601 2509
f 2602 2601 2589
f 2589 2511 2520
f 2603 2589 2520
f 2602 2589 2603
f 2522 2603 2520
f 2604 2513 2590
f 2523 2513 2604
f 2593 2605 2594
f 2596 2605 2593
f 2599 2606 2600
f 2606 2599 2608
f 2599 2607 2608
f 2599 2601 2607
f 2602 2607 2601
f 2609 2607 2602
f 2603 2609 2602
f 2610 2609 2603
f 2525 2610 2603
f 2525 2603 2522
f 2612 2611 2527
f 2523 2612 2527
f 2604 2612 2523
f 2611 2528 2527
f 2607 2613 2608
f 2613 2607 2615
f 2607 2614 2615
f 2607 2609 2614
f 2617 2614 2616
f 2614 2610 2616
f 2614 2609 2610
f 2618 2616 2610
f 2525 2618 2610
f 2530 2618 2525
f 2532 2531 2611
f 2612 2532 2611
f 2619 2532 2612
f 2531 2528 2611
f 2614 2620 2615
f 2617 2620 2614
f 2621 2622 2533
f 2622 2530 2533
f 2622 2618 2530
f 2535 2621 2533
f 2623 2624 2625
f 2623 2537 2624
f 2537 2619 2624
f 2537 2532 2619
f 2621 2626 2622
f 2535 2538 2621
f 2538 2626 2621
f 2538 2627 2626
f 2625 2627 2623
f 2627 2539 2623
f 2627 2538 2539
f 2539 2537 2623
f 2542 2628 2541
f 2628 2543 2541
f 2630 2629 2546
f 2546 2629 2545
f 2547 2545 2631
f 2545 2632 2631
f 2545 2629 2632
f 2634 2633 2632
f 2632 2633 2631
f 2634 2635 2633
f 2635 2542 2633
f 2542 2550 2633
f 2542 2635 2628
f 2552 2543 2628
f 2635 2552 2628
f 2636 2552 2635
f 2637 2552 2636
f 2637 2554 2552
f 2638 2554 2637
f 2638 2555 2554
f 2639 2555 2638
f 2639 2556 2555
f 2639 2640 2556
f 2556 2640 2557
f 2560 2641 2559
f 2641 2561 2559
f 2563 2642 2562
f 2546 2562 2642
f 2643 2546 2642
f 2630 2546 2643
f 2564 2547 2631
f 2564 2631 2633
f 2564 2633 2565
f 2550 2565 2633
f 2645 2644 2566
f 2557 2645 2566
f 2640 2645 2557
f 2567 2641 2560
f 2644 2568 2566
f 2567 2561 2641
f 2571 2646 2570
f 2570 2646 2563
f 2646 2642 2563
f 2646 2647 2642
f 2647 2648 2643
f 2647 2643 2642
f 2649 2650 2651
f 2644 2645 2650
f 2649 2644 2650
f 2652 2644 2649
f 2652 2573 2644
f 2644 2573 2568
f 2646 2571 2653
f 2653 2571 2574
f 2653 2647 2646
f 2653 2654 2647
f 2654 2655 2648
f 2654 2648 2647
f 2656 2649 2651
f 2649 2656 2658
f 2657 2649 2658
f 2652 2649 2657
f 2573 2652 2576
f 2652 2659 2576
f 2652 2657 2659
f 2659 2577 2576
f 2653 2574 2660
f 2660 2574 2578
f 2660 2654 2653
f 2660 2661 2654
f 2661 2662 2655
f 2661 2655 2654
f 2663 2657 2658
f 2664 2580 2663
f 2580 2659 2663
f 2659 2657 2663
f 2659 2580 2579
f 2579 2577 2659
f 2660 2578 2665
f 2665 2578 2581
f 2665 2667 2666
f 2661 2665 2666
f 2660 2665 2661
f 2666 2662 2661
f 2583 2580 2664
f 2583 2664 2668
f 2668 2669 2583
f 2583 2669 2584
f 2587 2670 2586
f 2586 2670 2581
f 2670 2665 2581
f 2670 2671 2665
f 2671 2672 2667
f 2671 2667 2665
f 2673 2584 2669
f 2590 2584 2673
f 2587 2591 2670
f 2670 2591 2671
f 2671 2591 2592
f 2672 2671 2592
f 2594 2672 2592
f 2674 2672 2594
f 2675 2596 2595
f 2675 2595 2597
f 2675 2597 2676
f 2677 2678 2676
f 2597 2677 2676
f 2598 2677 2597
f 2598 2600 2679
f 2680 2598 2679
f 2677 2598 2680
f 2679 2681 2680
f 2682 2590 2673
f 2604 2590 2682
f 2683 2684 2605
f 2684 2594 2605
f 2684 2674 2594
f 2683 2605 2596
f 2675 2683 2596
f 2685 2683 2675
f 2687 2685 2686
f 2685 2676 2686
f 2685 2675 2676
f 2678 2686 2676
f 2600 2606 2679
f 2608 2688 2606
f 2606 2688 2679
f 2688 2689 2679
f 2689 2681 2679
f 2688 2690 2689
f 2691 2604 2682
f 2612 2604 2691
f 2683 2692 2684
f 2685 2693 2683
f 2683 2693 2692
f 2687 2693 2685
f 2608 2613 2688
f 2615 2694 2613
f 2613 2694 2688
f 2694 2695 2688
f 2695 2690 2688
f 2695 2694 2617
f 2616 2695 2617
f 2696 2695 2616
f 2616 2618 2697
f 2698 2616 2697
f 2696 2616 2698
f 2697 2699 2698
f 2700 2701 2702
f 2700 2619 2701
f 2619 2691 2701
f 2619 2612 2691
f 2615 2620 2694
f 2620 2617 2694
f 2697 2618 2703
f 2703 2618 2622
f 2703 2704 2699
f 2703 2699 2697
f 2625 2624 2700
f 2702 2625 2700
f 2705 2625 2702
f 2624 2619 2700
f 2622 2626 2703
f 2703 2626 2704
f 2626 2706 2704
f 2626 2627 2706
f 2627 2625 2706
f 2706 2625 2705
f 2708 2707 2709
f 2710 2707 2708
f 2707 2711 2709
f 2710 2711 2707
f 2630 2712 2629
f 2629 2712 2632
f 2632 2712 2713
f 2632 2713 2634
f 2634 2713 2714
f 2634 2714 2635
f 2635 2714 2715
f 2635 2715 2636
f 2636 2715 2716
f 2636 2716 2637
f 2637 2716 2717
f 2637 2717 2638
f 2638 2717 2718
f 2638 2718 2639
f 2639 2718 2719
f 2719 2640 2639
f 2712 2630 2720
f 2720 2630 2643
f 2720 2713 2712
f 2720 2721 2713
f 2721 2723 2722
f 2714 2721 2722
f 2713 2721 2714
f 2714 2722 2725
f 2724 2714 2725
f 2715 2714 2724
f 2724 2716 2715
f 2724 2726 2716
f 2726 2717 2716
f 2726 2727 2717
f 2727 2718 2717
f 2727 2728 2718
f 2728 2719 2718
f 2728 2729 2719
f 2729 2645 2719
f 2719 2645 2640
f 2720 2643 2730
f 2730 2643 2648
f 2730 2732 2731
f 2721 2730 2731
f 2720 2730 2721
f 2731 2723 2721
f 2733 2724 2725
f 2724 2733 2735
f 2734 2724 2735
f 2726 2724 2734
f 2734 2727 2726
f 2734 2736 2727
f 2736 2728 2727
f 2736 2737 2728
f 2650 2729 2651
f 2729 2737 2651
f 2729 2728 2737
f 2650 2645 2729
f 2730 2648 2738
f 2738 2648 2655
f 2739 2740 2732
f 2730 2739 2732
f 2738 2739 2730
f 2739 2741 2740
f 2734 2735 2743
f 2734 2743 2742
f 2742 2736 2734
f 2742 2744 2736
f 2744 2737 2736
f 2744 2745 2737
f 2651 2737 2656
f 2737 2746 2656
f 2737 2745 2746
f 2746 2658 2656
f 2738 2655 2747
f 2747 2655 2662
f 2747 2739 2738
f 2747 2748 2739
f 2748 2749 2741
f 2748 2741 2739
f 2742 2743 2751
f 2742 2751 2750
f 2750 2744 2742
f 2750 2752 2744
f 2752 2745 2744
f 2752 2753 2745
f 2753 2746 2745
f 2753 2754 2746
f 2658 2746 2663
f 2746 2755 2663
f 2746 2754 2755
f 2755 2664 2663
f 2667 2756 2666
f 2666 2756 2662
f 2756 2747 2662
f 2756 2757 2747
f 2757 2748 2747
f 2757 2758 2748
f 2758 2759 2749
f 2758 2749 2748
f 2750 2751 2761
f 2750 2761 2760
f 2760 2752 2750
f 2760 2762 2752
f 2762 2753 2752
f 2762 2763 2753
f 2763 2754 2753
f 2763 2764 2754
f 2764 2755 2754
f 2764 2765 2755
f 2664 2755 2668
f 2755 2766 2668
f 2755 2765 2766
f 2766 2669 2668
f 2756 2667 2767
f 2767 2667 2672
f 2767 2757 2756
f 2767 2768 2757
f 2768 2758 2757
f 2768 2769 2758
f 2770 2771 2759
f 2758 2770 2759
f 2769 2770 2758
f 2772 2773 2771
f 2772 2771 2770
f 2760 2761 2773
f 2772 2760 2773
f 2774 2760 2772
f 2774 2762 2760
f 2774 2775 2762
f 2775 2763 2762
f 2775 2776 2763
f 2776 2764 2763
f 2776 2777 2764
f 2777 2765 2764
f 2777 2778 2765
f 2778 2766 2765
f 2778 2779 2766
f 2779 2673 2766
f 2766 2673 2669
f 2767 2672 2780
f 2780 2672 2674
f 2780 2768 2767
f 2780 2781 2768
f 2781 2769 2768
f 2781 2782 2769
f 2677 2770 2678
f 2770 2782 2678
f 2770 2769 2782
f 2770 2677 2772
f 2772 2677 2680
f 2681 2783 2680
f 2783 2772 2680
f 2783 2774 2772
f 2783 2775 2774
f 2783 2784 2775
f 2784 2776 2775
f 2784 2785 2776
f 2785 2787 2786
f 2777 2785 2786
f 2776 2785 2777
f 2788 2778 2777
f 2788 2777 2786
f 2778 2788 2790
f 2789 2778 2790
f 2779 2778 2789
f 2789 2682 2779
f 2779 2682 2673
f 2780 2674 2791
f 2791 2674 2684
f 2791 2781 2780
f 2791 2792 2781
f 2686 2782 2687
f 2782 2792 2687
f 2782 2781 2792
f 2686 2678 2782
f 2681 2689 2783
f 2690 2793 2689
f 2793 2783 2689
f 2793 2784 2783
f 2793 2785 2784
f 2793 2794 2785
f 2795 2796 2787
f 2785 2795 2787
f 2794 2795 2785
f 2795 2797 2796
f 2789 2790 2799
f 2789 2799 2798
f 2798 2691 2789
f 2789 2691 2682
f 2684 2692 2791
f 2791 2692 2792
f 2792 2692 2693
f 2693 2687 2792
f 2690 2695 2793
f 2793 2695 2794
f 2794 2695 2696
f 2794 2696 2795
f 2795 2696 2698
f 2797 2795 2698
f 2699 2797 2698
f 2800 2797 2699
f 2702 2701 2798
f 2799 2702 2798
f 2801 2702 2799
f 2701 2691 2798
f 2699 2802 2800
f 2699 2704 2802
f 2803 2702 2801
f 2705 2702 2803
f 2704 2706 2802
f 2802 2706 2804
f 2706 2705 2804
f 2804 2705 2803
f 2709 2805 2708
f 2805 2710 2708
f 2709 2711 2805
f 2711 2710 2805
f 2723 2806 2722
f 2806 2725 2722
f 2732 2807 2731
f 2731 2807 2723
f 2807 2806 2723
f 2807 2808 2806
f 2725 2806 2733
f 2806 2809 2733
f 2806 2808 2809
f 2809 2735 2733
f 2732 2740 2807
f 2741 2810 2740
f 2810 2807 2740
f 2810 2808 2807
f 2810 2809 2808
f 2810 2811 2809
f 2811 2743 2809
f 2809 2743 2735
f 2810 2741 2812
f 2812 2741 2749
f 2812 2811 2810
f 2812 2813 2811
f 2813 2751 2811
f 2811 2751 2743
f 2812 2749 2814
f 2814 2749 2759
f 2814 2813 2812
f 2814 2815 2813
f 2815 2761 2813
f 2813 2761 2751
f 2759 2771 2814
f 2814 2771 2815
f 2815 2771 2773
f 2773 2761 2815
f 2787 2816 2786
f 2786 2816 2788
f 2788 2816 2817
f 2817 2790 2788
f 2787 2796 2816
f 2797 2818 2796
f 2818 2816 2796
f 2818 2817 2816
f 2818 2799 2817
f 2817 2799 2790
f 2818 2797 2819
f 2819 2797 2800
f 2819 2801 2818
f 2818 2801 2799
f 2819 2800 2820
f 2820 2800 2802
f 2820 2803 2819
f 2819 2803 2801
f 2802 2804 2820
f 2804 2803 2820
f 2822 2821 2823
f 2825 2824 2822
f 2822 2824 2821
f 2826 2824 2825
f 2821 2827 2823
f 2824 2828 2821
f 2821 2828 2827
f 2826 2828 2824
f 2830 2829 2823
f 2823 2829 2822
f 2831 2825 2832
f 2825 2829 2832
f 2825 2822 2829
f 2831 2826 2825
f 2823 2827 2830
f 2830 2827 2833
f 2832 2833 2831
f 2833 2828 2831
f 2833 2827 2828
f 2828 2826 2831
f 2830 2834 2829
f 2834 2832 2829
f 2830 2833 2834
f 2833 2832 2834

